step,train_loss,train_acc,test_loss,test_acc,elapsed_sec,lr
0,4.144401,0.039583,4.191795,0.031185,0.2,0.000020
100,0.547443,0.931250,4.408406,0.367983,0.8,0.001000
200,0.008535,1.000000,3.673252,0.459459,1.3,0.001000
300,0.003848,1.000000,3.371203,0.459459,1.9,0.001000
400,0.001986,1.000000,3.275494,0.459459,2.5,0.001000
500,0.005991,1.000000,3.225875,0.459459,3.1,0.001000
600,0.004061,1.000000,3.037646,0.463617,3.7,0.001000
700,0.001978,1.000000,3.081725,0.461538,4.3,0.001000
800,0.017651,1.000000,3.025230,0.459459,4.8,0.001000
900,0.006109,1.000000,2.797330,0.461538,5.4,0.001000
1000,0.003841,1.000000,2.781961,0.465696,6.0,0.001000
1100,0.009477,1.000000,2.497787,0.465696,6.6,0.001000
1200,0.005465,1.000000,2.486400,0.471933,7.1,0.001000
1300,0.219516,0.997917,2.537669,0.455301,7.7,0.001000
1400,0.008795,1.000000,1.982533,0.501040,8.2,0.001000
1500,0.005354,1.000000,2.002516,0.532225,8.8,0.001000
1600,0.007420,1.000000,1.520812,0.584200,9.3,0.001000
1700,0.004553,1.000000,1.478857,0.611227,9.9,0.001000
1800,0.002103,1.000000,1.372777,0.659044,10.4,0.001000
1900,0.001317,1.000000,1.252387,0.681913,11.0,0.001000
2000,0.020352,1.000000,0.642422,0.825364,11.6,0.001000
2100,0.006649,1.000000,0.568590,0.848233,12.2,0.001000
2200,0.014522,1.000000,0.451538,0.889813,12.7,0.001000
2300,0.005443,1.000000,0.379836,0.912682,13.3,0.001000
2400,0.003027,1.000000,0.315822,0.920998,13.8,0.001000
2500,0.025042,1.000000,0.303901,0.943867,14.4,0.001000
2600,0.007869,1.000000,0.197219,0.966736,15.0,0.001000
2700,0.004728,1.000000,0.180664,0.958420,15.5,0.001000
2800,0.016184,1.000000,0.216725,0.962578,16.1,0.001000
2900,0.006936,1.000000,0.153195,0.975052,16.7,0.001000
3000,0.004299,1.000000,0.134596,0.975052,17.3,0.001000
3100,0.001759,1.000000,0.109843,0.970894,17.9,0.001000
3200,1.770321,0.545833,2.796250,0.243243,18.5,0.001000
3300,0.018845,1.000000,0.195934,0.958420,19.1,0.001000
3400,0.007992,1.000000,0.132151,0.966736,19.6,0.001000
3500,0.020838,1.000000,0.194699,0.952183,20.2,0.001000
3600,0.008268,1.000000,0.128319,0.966736,20.8,0.001000
3700,0.090173,1.000000,0.408861,0.904366,21.3,0.001000
3800,0.009635,1.000000,0.109051,0.979210,22.0,0.001000
3900,0.005480,1.000000,0.087464,0.981289,22.6,0.001000
4000,0.013717,1.000000,0.122541,0.981289,23.2,0.001000
4100,0.007420,1.000000,0.090796,0.981289,23.8,0.001000
4200,0.030587,1.000000,0.165491,0.975052,24.3,0.001000
4300,0.010246,1.000000,0.083518,0.985447,24.9,0.001000
4400,0.006113,1.000000,0.061288,0.985447,25.5,0.001000
4500,0.028440,1.000000,0.176337,0.977131,26.1,0.001000
4600,0.011483,1.000000,0.098119,0.983368,26.7,0.001000
4700,0.014102,1.000000,0.116192,0.972973,27.3,0.001000
4800,0.006658,1.000000,0.082461,0.979210,27.9,0.001000
4900,0.186402,0.991667,0.551745,0.889813,28.5,0.001000
5000,0.009275,1.000000,0.097189,0.981289,29.1,0.001000
5100,0.005585,1.000000,0.071330,0.985447,29.7,0.001000
5200,0.056258,1.000000,0.244914,0.960499,30.3,0.001000
5300,0.010501,1.000000,0.091428,0.983368,30.9,0.001000
5400,0.007100,1.000000,0.065061,0.985447,31.4,0.001000
5500,0.003411,1.000000,0.040529,0.991684,32.0,0.001000
5600,0.035753,1.000000,0.192521,0.975052,32.6,0.001000
5700,0.010817,1.000000,0.074113,0.989605,33.2,0.001000
5800,0.007517,1.000000,0.045211,0.989605,33.8,0.001000
5900,0.020839,1.000000,0.109513,0.979210,34.4,0.001000
6000,0.008105,1.000000,0.058669,0.989605,34.9,0.001000
6100,0.042968,1.000000,0.198891,0.968815,35.5,0.001000
6200,0.010385,1.000000,0.079748,0.985447,36.0,0.001000
6300,0.006503,1.000000,0.061881,0.985447,36.6,0.001000
6400,0.002950,1.000000,0.048582,0.989605,37.1,0.001000
6500,3.201253,0.179167,3.644392,0.081081,37.7,0.001000
6600,0.015411,1.000000,0.116486,0.977131,38.3,0.001000
6700,0.006978,1.000000,0.061680,0.989605,38.8,0.001000
6800,0.147868,0.997917,0.452611,0.925156,39.4,0.001000
6900,0.012574,1.000000,0.089067,0.987526,40.0,0.001000
7000,0.007153,1.000000,0.058047,0.989605,40.5,0.001000
7100,0.848704,0.816667,1.597249,0.590437,41.1,0.001000
7200,0.013051,1.000000,0.085696,0.983368,41.6,0.001000
7300,0.007529,1.000000,0.053494,0.989605,42.1,0.001000
7400,0.034551,1.000000,0.178974,0.977131,42.7,0.001000
7500,0.009845,1.000000,0.069999,0.989605,43.3,0.001000
7600,0.165634,0.997917,0.499743,0.906445,43.8,0.001000
7700,0.011172,1.000000,0.069101,0.987526,44.4,0.001000
7800,0.007107,1.000000,0.040254,0.991684,45.0,0.001000
7900,0.003977,1.000000,0.026918,0.993763,45.5,0.001000
8000,0.016684,1.000000,0.092077,0.991684,46.1,0.001000
8100,0.008545,1.000000,0.047817,0.989605,46.7,0.001000
8200,0.005340,1.000000,0.035615,0.989605,47.3,0.001000
8300,0.030268,1.000000,0.133972,0.979210,47.9,0.001000
8400,0.010370,1.000000,0.062121,0.989605,48.5,0.001000
8500,0.024250,1.000000,0.124461,0.979210,49.1,0.001000
8600,0.009057,1.000000,0.062091,0.985447,49.7,0.001000
8700,0.005353,1.000000,0.041570,0.991684,50.3,0.001000
8800,2.828712,0.312500,3.176971,0.239085,50.8,0.001000
8900,0.023865,1.000000,0.121839,0.981289,51.4,0.001000
9000,0.008983,1.000000,0.055674,0.989605,52.0,0.001000
9100,0.060256,1.000000,0.271235,0.941788,52.5,0.001000
9200,0.014522,1.000000,0.081785,0.987526,53.1,0.001000
9300,0.007778,1.000000,0.050718,0.989605,53.7,0.001000
9400,0.015497,1.000000,0.102740,0.983368,54.3,0.001000
9500,0.008720,1.000000,0.058441,0.987526,54.8,0.001000
9600,0.004826,1.000000,0.039452,0.995842,55.4,0.001000
9700,0.015541,1.000000,0.094431,0.987526,56.0,0.001000
9800,0.007786,1.000000,0.048285,0.989605,56.6,0.001000
9900,0.032103,1.000000,0.144612,0.972973,57.1,0.001000
10000,0.009912,1.000000,0.047282,0.989605,57.7,0.001000
10100,0.006414,1.000000,0.039076,0.989605,58.2,0.001000
10200,0.003372,1.000000,0.031430,0.989605,58.8,0.001000
10300,0.015330,1.000000,0.095811,0.981289,59.3,0.001000
10400,0.008313,1.000000,0.054091,0.989605,59.8,0.001000
10500,0.041730,1.000000,0.183064,0.970894,60.4,0.001000
10600,0.010336,1.000000,0.061361,0.989605,60.9,0.001000
10700,0.006762,1.000000,0.038295,0.991684,61.6,0.001000
10800,0.029778,1.000000,0.130665,0.983368,62.1,0.001000
10900,0.009620,1.000000,0.050191,0.989605,62.7,0.001000
11000,0.397160,0.941667,0.843502,0.802495,63.3,0.001000
11100,0.013850,1.000000,0.061406,0.989605,63.8,0.001000
11200,0.008713,1.000000,0.033326,0.997921,64.4,0.001000
11300,0.004385,1.000000,0.022539,0.995842,65.0,0.001000
11400,0.015419,1.000000,0.084540,0.983368,65.5,0.001000
11500,0.008393,1.000000,0.036604,1.000000,66.1,0.001000
11600,0.220271,0.987500,0.598153,0.871102,66.7,0.001000
11700,0.014633,1.000000,0.078162,0.983368,67.2,0.001000
11800,0.009411,1.000000,0.044460,0.989605,67.8,0.001000
11900,0.028399,1.000000,0.158189,0.975052,68.4,0.001000
12000,0.009703,1.000000,0.055397,0.993763,69.0,0.001000
12100,0.006525,1.000000,0.043951,0.991684,69.5,0.001000
12200,0.031625,1.000000,0.155836,0.975052,70.1,0.001000
12300,0.010464,1.000000,0.060281,0.989605,70.7,0.001000
12400,0.021503,1.000000,0.077862,0.991684,71.3,0.001000
12500,0.021988,1.000000,0.099222,0.985447,71.8,0.001000
12600,0.010319,1.000000,0.042120,0.993763,72.4,0.001000
12700,0.118288,0.997917,0.327748,0.939709,72.9,0.001000
12800,0.010498,1.000000,0.048803,0.991684,73.5,0.001000
12900,0.007100,1.000000,0.029927,0.991684,74.0,0.001000
13000,0.003316,1.000000,0.019705,0.991684,74.6,0.001000
13100,0.091399,1.000000,0.347851,0.943867,75.1,0.001000
13200,0.013835,1.000000,0.068309,0.993763,75.7,0.001000
13300,0.007641,1.000000,0.038110,0.991684,76.2,0.001000
13400,0.013711,1.000000,0.058595,0.995842,76.8,0.001000
13500,0.008029,1.000000,0.028083,1.000000,77.3,0.001000
13600,0.025800,1.000000,0.136282,0.975052,77.9,0.001000
13700,0.010456,1.000000,0.039703,0.995842,78.4,0.001000
13800,0.006572,1.000000,0.021862,1.000000,79.0,0.001000
13900,0.869667,0.795833,1.472260,0.561331,79.5,0.001000
14000,0.014900,1.000000,0.065598,0.995842,80.1,0.001000
14100,0.009227,1.000000,0.027245,1.000000,80.7,0.001000
14200,0.192436,0.995833,0.525149,0.896050,81.2,0.001000
14300,0.012229,1.000000,0.051298,0.995842,81.8,0.001000
14400,0.007878,1.000000,0.024423,0.995842,82.3,0.001000
14500,0.036453,1.000000,0.141773,0.981289,82.9,0.001000
14600,0.012687,1.000000,0.042465,0.995842,83.5,0.001000
14700,0.008151,1.000000,0.025586,0.995842,84.0,0.001000
14800,0.023119,1.000000,0.121625,0.985447,84.6,0.001000
14900,0.010784,1.000000,0.040199,0.997921,85.2,0.001000
15000,0.006878,1.000000,0.021490,1.000000,85.8,0.001000
15100,0.003193,1.000000,0.012939,0.997921,86.3,0.001000
15200,0.040036,1.000000,0.186526,0.966736,86.9,0.001000
15300,0.009165,1.000000,0.045718,0.991684,87.5,0.001000
15400,0.007064,1.000000,0.023845,1.000000,88.1,0.001000
15500,1.967418,0.458333,2.505552,0.293139,88.7,0.001000
15600,0.015895,1.000000,0.075392,0.993763,89.2,0.001000
15700,0.008554,1.000000,0.033818,0.995842,89.8,0.001000
15800,0.035686,1.000000,0.177547,0.968815,90.3,0.001000
15900,0.011212,1.000000,0.054449,0.989605,90.9,0.001000
16000,0.007455,1.000000,0.033689,0.993763,91.4,0.001000
16100,0.038652,1.000000,0.212954,0.962578,92.0,0.001000
16200,0.011627,1.000000,0.070498,0.989605,92.6,0.001000
16300,0.007732,1.000000,0.034747,0.991684,93.1,0.001000
16400,0.038254,1.000000,0.144800,0.977131,93.7,0.001000
16500,0.010465,1.000000,0.039716,0.991684,94.3,0.001000
16600,0.007240,1.000000,0.023043,0.995842,94.9,0.001000
16700,0.013034,1.000000,0.063029,0.987526,95.4,0.001000
16800,0.008547,1.000000,0.025772,1.000000,96.0,0.001000
16900,0.004895,1.000000,0.015536,1.000000,96.6,0.001000
17000,0.022517,1.000000,0.107916,0.979210,97.2,0.001000
17100,0.011267,1.000000,0.038613,0.993763,97.7,0.001000
17200,0.158256,0.997917,0.481823,0.914761,98.3,0.001000
17300,0.013952,1.000000,0.061597,0.993763,98.9,0.001000
17400,0.009041,1.000000,0.028154,1.000000,99.4,0.001000
17500,0.150935,1.000000,0.446241,0.906445,100.0,0.001000
17600,0.012810,1.000000,0.049647,0.995842,100.6,0.001000
17700,0.009220,1.000000,0.025557,1.000000,101.1,0.001000
17800,0.021971,1.000000,0.101546,0.989605,101.7,0.001000
17900,0.012260,1.000000,0.042220,0.997921,102.2,0.001000
18000,1.351054,0.614583,1.777734,0.509355,102.8,0.001000
18100,0.011293,1.000000,0.055094,0.995842,103.3,0.001000
18200,0.007707,1.000000,0.025331,1.000000,104.0,0.001000
18300,0.016172,1.000000,0.092449,0.989605,104.5,0.001000
18400,0.009483,1.000000,0.036418,0.995842,105.1,0.001000
18500,1.540083,0.535417,2.123919,0.378378,105.7,0.001000
18600,0.011929,1.000000,0.061129,0.989605,106.3,0.001000
18700,0.008317,1.000000,0.028101,0.997921,106.8,0.001000
18800,0.051652,1.000000,0.195116,0.970894,107.4,0.001000
18900,0.012850,1.000000,0.055613,0.991684,108.0,0.001000
19000,0.009122,1.000000,0.030727,0.997921,108.5,0.001000
19100,0.013216,1.000000,0.068688,0.993763,109.1,0.001000
19200,0.009393,1.000000,0.034586,0.997921,109.6,0.001000
19300,0.004953,1.000000,0.018925,0.997921,110.1,0.001000
19400,0.043455,1.000000,0.193476,0.972973,110.7,0.001000
19500,0.011986,1.000000,0.051829,0.995842,111.3,0.001000
19600,0.008080,1.000000,0.024261,1.000000,111.8,0.001000
19700,0.016999,1.000000,0.071375,0.993763,112.4,0.001000
19800,0.009558,1.000000,0.030779,1.000000,113.0,0.001000
19900,0.024750,1.000000,0.112313,0.985447,113.5,0.001000
20000,0.010239,1.000000,0.039965,1.000000,114.2,0.001000
20100,0.247685,0.962500,0.569552,0.860707,114.7,0.001000
20200,0.009931,1.000000,0.044638,0.997921,115.3,0.001000
20300,0.007222,1.000000,0.024903,0.997921,115.9,0.001000
20400,0.010247,1.000000,0.052697,0.997921,116.4,0.001000
20500,0.007590,1.000000,0.027414,0.997921,117.0,0.001000
20600,0.120945,0.997917,0.439529,0.896050,117.5,0.001000
20700,0.013071,1.000000,0.076571,0.991684,118.1,0.001000
20800,0.009565,1.000000,0.032845,0.997921,118.7,0.001000
20900,0.032233,1.000000,0.151309,0.981289,119.2,0.001000
21000,0.011800,1.000000,0.048197,0.995842,119.8,0.001000
21100,0.008251,1.000000,0.029175,0.997921,120.4,0.001000
21200,0.012839,1.000000,0.063260,0.993763,121.0,0.001000
21300,0.009638,1.000000,0.032179,0.997921,121.5,0.001000
21400,0.005323,1.000000,0.018558,1.000000,122.1,0.001000
21500,0.053563,1.000000,0.293666,0.941788,122.7,0.001000
21600,0.010827,1.000000,0.063624,0.991684,123.3,0.001000
21700,0.008318,1.000000,0.030267,0.997921,123.9,0.001000
21800,0.042645,1.000000,0.179490,0.970894,124.5,0.001000
21900,0.009577,1.000000,0.042560,0.997921,125.1,0.001000
22000,0.007115,1.000000,0.024977,0.997921,125.6,0.001000
22100,0.012950,1.000000,0.065746,0.989605,126.2,0.001000
22200,0.010006,1.000000,0.032197,0.997921,126.7,0.001000
22300,0.062958,1.000000,0.237975,0.960499,127.3,0.001000
22400,0.010961,1.000000,0.045484,0.995842,127.8,0.001000
22500,0.008028,1.000000,0.025572,0.997921,128.4,0.001000
22600,0.014572,1.000000,0.075424,0.989605,129.0,0.001000
22700,0.010039,1.000000,0.036161,1.000000,129.5,0.001000
22800,0.016456,1.000000,0.090752,0.983368,130.1,0.001000
22900,0.010688,1.000000,0.042178,0.995842,130.7,0.001000
23000,0.006299,1.000000,0.028579,1.000000,131.2,0.001000
23100,0.016780,1.000000,0.089590,0.991684,131.8,0.001000
23200,0.010650,1.000000,0.043445,0.995842,132.4,0.001000
23300,0.207875,0.997917,0.565777,0.896050,132.9,0.001000
23400,0.012799,1.000000,0.062647,0.991684,133.4,0.001000
23500,0.009275,1.000000,0.032457,1.000000,134.0,0.001000
23600,0.025688,1.000000,0.109434,0.989605,134.6,0.001000
23700,0.012540,1.000000,0.044836,1.000000,135.2,0.001000
23800,0.008261,1.000000,0.029006,1.000000,135.7,0.001000
23900,0.014640,1.000000,0.073678,0.993763,136.3,0.001000
24000,0.010581,1.000000,0.036224,1.000000,136.8,0.001000
24100,0.027449,1.000000,0.127085,0.979210,137.4,0.001000
24200,0.011196,1.000000,0.042408,1.000000,137.9,0.001000
24300,2.200417,0.375000,2.654627,0.261954,138.5,0.001000
24400,0.011765,1.000000,0.066630,0.991684,139.1,0.001000
24500,0.008352,1.000000,0.033308,1.000000,139.7,0.001000
24600,0.069247,1.000000,0.257390,0.962578,140.2,0.001000
24700,0.011378,1.000000,0.050401,0.997921,140.8,0.001000
24800,0.008449,1.000000,0.028473,1.000000,141.4,0.001000
24900,0.016606,1.000000,0.088817,0.983368,141.9,0.001000
25000,0.010754,1.000000,0.040215,1.000000,142.5,0.001000
25100,0.006500,1.000000,0.023660,1.000000,143.0,0.001000
25200,0.012003,1.000000,0.058897,0.991684,143.6,0.001000
25300,0.009387,1.000000,0.027785,1.000000,144.2,0.001000
25400,0.060516,1.000000,0.212712,0.975052,144.7,0.001000
25500,0.013472,1.000000,0.056859,0.995842,145.3,0.001000
25600,0.009760,1.000000,0.030221,1.000000,145.8,0.001000
25700,0.014843,1.000000,0.080284,0.985447,146.4,0.001000
25800,0.010362,1.000000,0.041852,0.997921,147.0,0.001000
25900,0.998827,0.766667,1.679617,0.553015,147.5,0.001000
26000,0.014398,1.000000,0.086013,0.991684,148.1,0.001000
26100,0.010642,1.000000,0.039356,1.000000,148.7,0.001000
26200,0.021088,1.000000,0.119648,0.977131,149.3,0.001000
26300,0.010696,1.000000,0.048215,0.995842,149.8,0.001000
26400,2.366343,0.425000,2.673707,0.345114,150.4,0.001000
26500,0.012193,1.000000,0.064763,0.989605,151.0,0.001000
26600,0.008780,1.000000,0.034015,1.000000,151.6,0.001000
26700,0.034142,1.000000,0.159803,0.964657,152.2,0.001000
26800,0.010923,1.000000,0.047144,0.997921,152.7,0.001000
26900,0.007902,1.000000,0.030012,1.000000,153.3,0.001000
27000,0.041151,1.000000,0.183145,0.964657,153.8,0.001000
27100,0.011606,1.000000,0.060780,0.991684,154.4,0.001000
27200,0.008632,1.000000,0.034684,1.000000,155.0,0.001000
27300,0.016522,1.000000,0.091415,0.987526,155.6,0.001000
27400,0.010825,1.000000,0.040821,0.997921,156.2,0.001000
27500,0.022825,1.000000,0.125297,0.972973,156.7,0.001000
27600,0.010625,1.000000,0.049651,1.000000,157.3,0.001000
27700,0.006638,1.000000,0.028363,1.000000,157.9,0.001000
27800,0.019830,1.000000,0.138433,0.975052,158.5,0.001000
27900,0.011132,1.000000,0.051408,1.000000,159.1,0.001000
28000,0.387982,0.956250,0.831042,0.821206,159.6,0.001000
28100,0.013300,1.000000,0.075400,0.983368,160.2,0.001000
28200,0.008777,1.000000,0.038911,0.995842,160.7,0.001000
28300,0.016496,1.000000,0.108986,0.975052,161.3,0.001000
28400,0.009874,1.000000,0.046034,1.000000,161.9,0.001000
28500,0.006116,1.000000,0.025050,1.000000,162.5,0.001000
28600,0.016415,1.000000,0.099630,0.983368,163.0,0.001000
28700,0.011102,1.000000,0.041251,0.995842,163.6,0.001000
28800,0.023297,1.000000,0.109924,0.983368,164.2,0.001000
28900,0.009414,1.000000,0.040056,0.997921,164.7,0.001000
29000,0.181628,0.993750,0.482278,0.910603,165.3,0.001000
29100,0.010939,1.000000,0.046389,0.995842,165.9,0.001000
29200,0.008533,1.000000,0.026409,1.000000,166.5,0.001000
29300,0.027139,1.000000,0.115638,0.987526,167.0,0.001000
29400,0.010176,1.000000,0.039207,0.997921,167.6,0.001000
29500,0.007615,1.000000,0.021336,1.000000,168.2,0.001000
29600,0.012456,1.000000,0.046160,0.997921,168.8,0.001000
29700,0.009357,1.000000,0.030667,1.000000,169.3,0.001000
29800,0.016475,1.000000,0.086883,0.987526,169.9,0.001000
29900,0.011345,1.000000,0.040635,1.000000,170.5,0.001000
30000,0.006795,1.000000,0.024609,1.000000,171.1,0.001000
30100,0.016382,1.000000,0.082326,0.991684,171.7,0.001000
30200,0.010488,1.000000,0.036221,1.000000,172.2,0.001000
30300,0.017833,1.000000,0.084434,0.991684,172.8,0.001000
30400,0.011043,1.000000,0.041722,1.000000,173.3,0.001000
30500,0.149950,1.000000,0.406645,0.935551,173.9,0.001000
30600,0.011276,1.000000,0.058243,0.991684,174.5,0.001000
30700,0.008815,1.000000,0.035853,0.995842,175.0,0.001000
30800,0.044956,1.000000,0.201466,0.964657,175.6,0.001000
30900,0.012180,1.000000,0.062960,0.987526,176.2,0.001000
31000,0.009091,1.000000,0.035927,0.995842,176.7,0.001000
31100,0.004462,1.000000,0.019143,0.995842,177.3,0.001000
31200,0.012607,1.000000,0.074186,0.987526,177.9,0.001000
31300,0.009199,1.000000,0.036148,0.995842,178.4,0.001000
31400,0.033047,1.000000,0.138979,0.983368,178.9,0.001000
31500,0.011214,1.000000,0.052369,0.993763,179.5,0.001000
31600,0.007655,1.000000,0.034978,0.995842,180.1,0.001000
31700,0.010873,1.000000,0.052515,0.995842,180.7,0.001000
31800,0.008312,1.000000,0.033510,0.995842,181.3,0.001000
31900,0.019339,1.000000,0.102350,0.981289,182.0,0.001000
32000,0.011774,1.000000,0.049864,0.995842,182.6,0.001000
32100,0.056497,1.000000,0.206785,0.958420,183.2,0.001000
32200,0.012152,1.000000,0.053275,0.995842,183.8,0.001000
32300,0.008052,1.000000,0.032291,1.000000,184.3,0.001000
32400,0.012201,1.000000,0.066929,0.991684,184.9,0.001000
32500,0.009165,1.000000,0.039677,0.997921,185.4,0.001000
32600,0.011835,1.000000,0.063814,0.995842,186.0,0.001000
32700,0.009423,1.000000,0.041744,0.995842,186.6,0.001000
32800,0.518027,0.922917,1.003425,0.754678,187.2,0.001000
32900,0.011461,1.000000,0.056525,0.993763,187.7,0.001000
33000,0.008767,1.000000,0.033654,0.995842,188.3,0.001000
33100,0.013854,1.000000,0.075733,0.989605,188.9,0.001000
33200,0.010675,1.000000,0.046008,0.995842,189.4,0.001000
33300,0.037213,1.000000,0.168122,0.981289,189.9,0.001000
33400,0.011514,1.000000,0.048291,0.995842,190.5,0.001000
33500,0.008227,1.000000,0.028611,0.995842,191.1,0.001000
33600,0.012691,1.000000,0.059055,0.993763,191.6,0.001000
33700,0.009842,1.000000,0.036910,0.995842,192.1,0.001000
33800,0.049953,1.000000,0.211306,0.960499,192.7,0.001000
33900,0.012099,1.000000,0.065574,0.991684,193.3,0.001000
34000,0.008658,1.000000,0.038901,0.995842,193.8,0.001000
34100,0.009886,1.000000,0.057815,0.993763,194.4,0.001000
34200,0.007393,1.000000,0.035047,0.995842,195.0,0.001000
34300,0.063946,1.000000,0.234090,0.968815,195.5,0.001000
34400,0.011237,1.000000,0.051108,0.993763,196.1,0.001000
34500,0.008686,1.000000,0.029756,1.000000,196.7,0.001000
34600,0.021958,1.000000,0.109536,0.983368,197.3,0.001000
34700,0.012386,1.000000,0.048631,0.993763,197.9,0.001000
34800,0.008114,1.000000,0.026729,1.000000,198.4,0.001000
34900,0.012711,1.000000,0.064291,0.993763,199.0,0.001000
35000,0.008997,1.000000,0.036466,0.993763,199.6,0.001000
35100,0.020967,1.000000,0.112359,0.981289,200.2,0.001000
35200,0.010662,1.000000,0.045231,0.995842,200.7,0.001000
35300,0.016699,1.000000,0.085658,0.985447,201.3,0.001000
35400,0.009685,1.000000,0.041076,0.995842,201.9,0.001000
35500,0.005552,1.000000,0.026888,0.997921,202.4,0.001000
35600,0.010312,1.000000,0.051284,0.995842,203.0,0.001000
35700,0.008745,1.000000,0.035135,0.997921,203.5,0.001000
35800,0.032103,1.000000,0.165911,0.968815,204.1,0.001000
35900,0.012163,1.000000,0.059081,0.995842,204.7,0.001000
36000,0.008903,1.000000,0.039952,0.995842,205.3,0.001000
36100,0.015329,1.000000,0.076687,0.991684,205.8,0.001000
36200,0.011399,1.000000,0.049717,0.995842,206.4,0.001000
36300,0.528463,0.895833,0.912812,0.773389,207.0,0.001000
36400,0.011844,1.000000,0.047273,0.995842,207.5,0.001000
36500,0.009307,1.000000,0.031781,0.995842,208.1,0.001000
36600,0.025813,1.000000,0.079836,0.991684,208.7,0.001000
36700,0.012899,1.000000,0.031817,1.000000,209.3,0.001000
36800,0.008761,1.000000,0.019509,1.000000,209.8,0.001000
36900,0.016698,1.000000,0.038122,1.000000,210.4,0.001000
37000,0.010769,1.000000,0.021742,1.000000,211.0,0.001000
37100,0.021139,1.000000,0.050702,1.000000,211.6,0.001000
37200,0.011060,1.000000,0.021231,1.000000,212.2,0.001000
37300,0.017419,1.000000,0.034728,1.000000,212.8,0.001000
37400,0.015521,1.000000,0.031742,1.000000,213.3,0.001000
37500,0.010557,1.000000,0.018515,1.000000,213.9,0.001000
37600,0.015519,1.000000,0.035995,0.997921,214.5,0.001000
37700,0.010910,1.000000,0.022248,1.000000,215.0,0.001000
37800,1.027937,0.760417,1.398887,0.644491,215.6,0.001000
37900,0.013338,1.000000,0.042272,0.995842,216.1,0.001000
38000,0.010256,1.000000,0.024142,0.995842,216.7,0.001000
38100,0.022306,1.000000,0.061169,0.997921,217.3,0.001000
38200,0.012402,1.000000,0.025933,0.997921,217.8,0.001000
38300,0.722918,0.866667,1.219617,0.673597,218.4,0.001000
38400,0.015619,1.000000,0.038114,1.000000,219.0,0.001000
38500,0.011548,1.000000,0.022764,1.000000,219.5,0.001000
38600,0.019795,1.000000,0.047215,1.000000,220.0,0.001000
38700,0.013290,1.000000,0.023769,1.000000,220.6,0.001000
38800,0.079369,1.000000,0.176689,0.977131,221.2,0.001000
38900,0.012569,1.000000,0.024557,1.000000,221.8,0.001000
39000,0.227287,0.993750,0.433989,0.937630,222.4,0.001000
39100,0.012648,1.000000,0.026338,1.000000,222.9,0.001000
39200,0.010504,1.000000,0.018586,1.000000,223.5,0.001000
39300,0.011416,1.000000,0.024414,1.000000,224.1,0.001000
39400,0.008646,1.000000,0.015239,1.000000,224.7,0.001000
39500,0.083164,1.000000,0.227134,0.977131,225.2,0.001000
39600,0.011982,1.000000,0.031395,0.997921,225.8,0.001000
39700,0.009616,1.000000,0.019583,1.000000,226.3,0.001000
39800,0.011747,1.000000,0.032606,1.000000,226.9,0.001000
39900,0.009424,1.000000,0.020036,1.000000,227.4,0.001000
40000,0.022952,1.000000,0.085724,0.993763,228.0,0.001000
40100,0.010987,1.000000,0.032016,0.995842,228.6,0.001000
40200,0.179150,0.989583,0.389322,0.916840,229.2,0.001000
40300,0.012933,1.000000,0.034369,0.995842,229.7,0.001000
40400,0.009355,1.000000,0.018928,1.000000,230.3,0.001000
40500,0.012925,1.000000,0.040504,0.995842,230.8,0.001000
40600,0.009758,1.000000,0.020352,1.000000,231.4,0.001000
40700,0.105240,1.000000,0.270530,0.970894,232.0,0.001000
40800,0.013758,1.000000,0.036854,1.000000,232.5,0.001000
40900,0.010054,1.000000,0.019988,1.000000,233.1,0.001000
41000,0.017051,1.000000,0.063346,0.993763,233.6,0.001000
41100,0.012378,1.000000,0.030225,0.995842,234.2,0.001000
41200,0.051289,1.000000,0.146662,0.989605,234.8,0.001000
41300,0.012803,1.000000,0.029428,1.000000,235.4,0.001000
41400,0.086786,1.000000,0.202473,0.970894,236.0,0.001000
41500,0.013976,1.000000,0.031741,1.000000,236.5,0.001000
41600,0.009575,1.000000,0.021458,1.000000,237.1,0.001000
41700,0.015885,1.000000,0.046840,1.000000,237.7,0.001000
41800,0.010816,1.000000,0.024967,1.000000,238.3,0.001000
41900,0.019907,1.000000,0.066441,0.995842,238.8,0.001000
42000,0.011306,1.000000,0.025937,1.000000,239.4,0.001000
42100,0.476994,0.920833,0.758861,0.821206,239.9,0.001000
42200,0.013095,1.000000,0.036189,0.997921,240.5,0.001000
42300,0.009666,1.000000,0.023310,0.995842,241.1,0.001000
42400,0.266797,0.989583,0.589439,0.873181,241.7,0.001000
42500,0.015361,1.000000,0.043812,0.995842,242.3,0.001000
42600,0.013904,1.000000,0.033248,0.995842,242.9,0.001000
42700,0.013937,1.000000,0.041372,0.995842,243.4,0.001000
42800,0.009412,1.000000,0.021524,0.995842,244.0,0.001000
42900,0.015516,1.000000,0.052145,0.991684,244.6,0.001000
43000,0.010976,1.000000,0.026373,0.995842,245.2,0.001000
43100,0.038810,1.000000,0.106929,0.989605,245.8,0.001000
43200,0.011989,1.000000,0.030539,0.995842,246.4,0.001000
43300,0.008759,1.000000,0.022839,0.995842,246.9,0.001000
43400,0.014870,1.000000,0.046223,0.995842,247.5,0.001000
43500,0.010645,1.000000,0.026923,0.995842,248.1,0.001000
43600,0.017231,1.000000,0.061709,0.993763,248.7,0.001000
43700,0.010674,1.000000,0.027999,0.995842,249.3,0.001000
43800,0.071179,1.000000,0.166122,0.991684,249.9,0.001000
43900,0.011272,1.000000,0.026406,1.000000,250.5,0.001000
44000,0.010388,1.000000,0.020963,1.000000,251.0,0.001000
44100,0.013410,1.000000,0.034533,0.995842,251.6,0.001000
44200,0.010577,1.000000,0.021487,1.000000,252.1,0.001000
44300,0.025873,1.000000,0.064815,0.993763,252.7,0.001000
44400,0.012522,1.000000,0.024796,1.000000,253.2,0.001000
44500,0.079020,1.000000,0.191289,0.983368,253.8,0.001000
44600,0.014018,1.000000,0.025889,1.000000,254.3,0.001000
44700,0.009696,1.000000,0.018902,1.000000,254.8,0.001000
44800,0.012299,1.000000,0.033105,0.997921,255.4,0.001000
44900,0.010061,1.000000,0.021289,1.000000,255.9,0.001000
45000,0.011247,1.000000,0.033808,0.995842,256.5,0.001000
45100,0.009193,1.000000,0.022330,0.995842,257.1,0.001000
45200,0.015356,1.000000,0.043592,1.000000,257.6,0.001000
45300,0.010930,1.000000,0.023862,1.000000,258.2,0.001000
45400,0.203210,0.987500,0.441856,0.927235,258.7,0.001000
45500,0.013477,1.000000,0.033559,1.000000,259.3,0.001000
45600,0.010277,1.000000,0.020704,1.000000,259.8,0.001000
45700,0.014975,1.000000,0.046297,0.995842,260.4,0.001000
45800,0.011160,1.000000,0.022697,1.000000,261.0,0.001000
45900,0.200135,0.995833,0.390865,0.931393,261.5,0.001000
46000,0.014234,1.000000,0.034360,1.000000,262.1,0.001000
46100,0.010887,1.000000,0.022439,1.000000,262.7,0.001000
46200,0.013643,1.000000,0.035392,0.995842,263.3,0.001000
46300,0.010429,1.000000,0.021580,1.000000,263.8,0.001000
46400,0.081150,1.000000,0.221109,0.972973,264.3,0.001000
46500,0.012834,1.000000,0.030678,1.000000,264.9,0.001000
46600,0.009688,1.000000,0.022127,0.995842,265.4,0.001000
46700,0.013595,1.000000,0.034782,1.000000,266.0,0.001000
46800,0.010204,1.000000,0.021268,1.000000,266.6,0.001000
46900,0.182284,0.989583,0.378545,0.931393,267.2,0.001000
47000,0.012538,1.000000,0.031962,1.000000,267.7,0.001000
47100,0.010161,1.000000,0.023395,1.000000,268.3,0.001000
47200,0.015050,1.000000,0.045399,0.995842,268.9,0.001000
47300,0.011915,1.000000,0.023008,1.000000,269.4,0.001000
47400,0.269455,0.985417,0.577410,0.891892,270.0,0.001000
47500,0.014568,1.000000,0.031328,1.000000,270.6,0.001000
47600,0.010635,1.000000,0.017841,1.000000,271.1,0.001000
47700,0.022494,1.000000,0.055849,1.000000,271.7,0.001000
47800,0.013578,1.000000,0.024695,1.000000,272.3,0.001000
47900,0.804932,0.720833,0.974977,0.663202,272.9,0.001000
48000,0.016194,1.000000,0.036627,1.000000,273.4,0.001000
48100,0.010960,1.000000,0.020135,1.000000,274.0,0.001000
48200,0.036383,1.000000,0.078890,1.000000,274.5,0.001000
48300,0.012186,1.000000,0.023340,1.000000,275.1,0.001000
48400,0.023172,1.000000,0.061940,0.995842,275.7,0.001000
48500,0.010784,1.000000,0.020796,1.000000,276.2,0.001000
48600,0.006455,1.000000,0.012250,1.000000,276.7,0.001000
48700,0.013780,1.000000,0.036411,0.997921,277.3,0.001000
48800,0.010591,1.000000,0.018752,1.000000,277.8,0.001000
48900,0.047172,1.000000,0.120770,0.993763,278.4,0.001000
49000,0.014028,1.000000,0.029305,1.000000,279.0,0.001000
49100,0.031985,1.000000,0.052775,1.000000,279.5,0.001000
49200,0.012628,1.000000,0.029355,1.000000,280.0,0.001000
49300,1.815287,0.541667,2.123630,0.438669,280.6,0.001000
49400,0.012702,1.000000,0.030511,1.000000,281.2,0.001000
49500,0.009020,1.000000,0.019382,1.000000,281.7,0.001000
49600,0.012664,1.000000,0.037687,1.000000,282.3,0.001000
49700,0.010441,1.000000,0.022491,1.000000,282.9,0.001000
49800,0.138087,0.997917,0.340750,0.935551,283.4,0.001000
49900,0.014170,1.000000,0.039587,1.000000,284.0,0.001000
50000,0.010707,1.000000,0.020763,1.000000,284.5,0.001000
50100,0.039837,1.000000,0.107056,0.991684,285.1,0.001000
50200,0.012596,1.000000,0.031241,1.000000,285.6,0.001000
50300,0.131858,0.995833,0.298405,0.970894,286.1,0.001000
50400,0.013870,1.000000,0.033390,1.000000,286.7,0.001000
50500,0.009882,1.000000,0.020294,1.000000,287.3,0.001000
50600,0.011694,1.000000,0.033634,0.995842,287.8,0.001000
50700,0.012729,1.000000,0.031161,0.995842,288.4,0.001000
50800,0.011178,1.000000,0.024830,1.000000,289.0,0.001000
50900,0.008310,1.000000,0.016882,1.000000,289.5,0.001000
51000,0.015584,1.000000,0.038647,1.000000,290.0,0.001000
51100,0.011086,1.000000,0.020872,1.000000,290.5,0.001000
51200,0.028163,1.000000,0.076624,0.993763,291.1,0.001000
51300,0.012234,1.000000,0.025009,1.000000,291.7,0.001000
51400,1.336280,0.612500,1.747830,0.501040,292.2,0.001000
51500,0.014899,1.000000,0.038738,1.000000,292.8,0.001000
51600,0.011428,1.000000,0.019850,1.000000,293.4,0.001000
51700,0.006145,1.000000,0.010839,1.000000,293.9,0.001000
51800,0.012201,1.000000,0.039416,0.995842,294.5,0.001000
51900,0.009805,1.000000,0.019043,1.000000,295.0,0.001000
52000,1.560266,0.564583,1.866366,0.484407,295.6,0.001000
52100,0.010722,1.000000,0.022687,1.000000,296.1,0.001000
52200,0.104441,1.000000,0.252302,0.966736,296.7,0.001000
52300,0.012703,1.000000,0.026469,1.000000,297.3,0.001000
52400,0.009109,1.000000,0.018235,1.000000,297.8,0.001000
52500,0.016576,1.000000,0.046566,0.997921,298.4,0.001000
52600,0.011252,1.000000,0.026471,1.000000,298.9,0.001000
52700,2.373328,0.312500,2.530473,0.293139,299.6,0.001000
52800,0.013557,1.000000,0.044666,0.993763,300.2,0.001000
52900,0.011285,1.000000,0.024159,1.000000,300.8,0.001000
53000,0.045737,1.000000,0.115966,0.989605,301.4,0.001000
53100,0.011887,1.000000,0.028941,1.000000,302.1,0.001000
53200,0.008828,1.000000,0.018664,1.000000,302.7,0.001000
53300,0.016809,1.000000,0.047377,0.997921,303.3,0.001000
53400,0.012259,1.000000,0.026255,1.000000,303.9,0.001000
53500,0.023432,1.000000,0.073846,0.987526,304.4,0.001000
53600,0.012867,1.000000,0.028705,1.000000,305.0,0.001000
53700,0.340538,0.979167,0.658055,0.869023,305.7,0.001000
53800,0.014686,1.000000,0.044410,1.000000,306.4,0.001000
53900,0.010275,1.000000,0.021351,1.000000,307.0,0.001000
54000,0.016587,1.000000,0.057524,0.993763,307.6,0.001000
54100,0.010927,1.000000,0.026324,1.000000,308.2,0.001000
54200,0.107050,1.000000,0.231897,0.975052,308.8,0.001000
54300,0.011385,1.000000,0.026828,1.000000,309.3,0.001000
54400,0.008492,1.000000,0.017245,1.000000,309.9,0.001000
54500,0.019789,1.000000,0.066214,0.991684,310.4,0.001000
54600,0.011726,1.000000,0.025844,1.000000,311.0,0.001000
54700,0.047087,1.000000,0.120077,0.987526,311.6,0.001000
54800,0.012334,1.000000,0.026949,1.000000,312.2,0.001000
54900,0.008773,1.000000,0.016264,1.000000,312.7,0.001000
55000,0.017714,1.000000,0.056557,0.995842,313.4,0.001000
55100,0.010713,1.000000,0.021805,1.000000,314.0,0.001000
55200,0.007898,1.000000,0.017910,1.000000,314.6,0.001000
55300,0.012480,1.000000,0.032435,0.997921,315.2,0.001000
55400,0.010273,1.000000,0.019960,1.000000,315.7,0.001000
55500,0.015075,1.000000,0.046383,0.995842,316.3,0.001000
55600,0.010537,1.000000,0.023312,1.000000,316.9,0.001000
55700,3.180053,0.258333,3.354108,0.222453,317.4,0.001000
55800,0.013520,1.000000,0.033802,1.000000,318.0,0.001000
55900,0.010702,1.000000,0.020394,1.000000,318.5,0.001000
56000,0.034784,1.000000,0.085774,1.000000,319.1,0.001000
56100,0.010764,1.000000,0.021077,1.000000,319.6,0.001000
56200,0.007637,1.000000,0.013586,1.000000,320.2,0.001000
56300,0.014421,1.000000,0.037272,1.000000,320.8,0.001000
56400,0.011629,1.000000,0.021160,1.000000,321.3,0.001000
56500,0.006889,1.000000,0.012993,1.000000,321.9,0.001000
56600,0.013390,1.000000,0.033988,0.995842,322.4,0.001000
56700,0.010894,1.000000,0.018297,1.000000,323.0,0.001000
56800,0.016957,1.000000,0.036805,0.997921,323.5,0.001000
56900,0.011648,1.000000,0.019233,1.000000,324.1,0.001000
57000,0.118997,1.000000,0.254871,0.970894,324.7,0.001000
57100,0.012212,1.000000,0.026576,1.000000,325.2,0.001000
57200,0.009325,1.000000,0.015883,1.000000,325.8,0.001000
57300,0.010944,1.000000,0.027010,1.000000,326.4,0.001000
57400,0.009340,1.000000,0.016788,1.000000,327.0,0.001000
57500,0.104182,1.000000,0.257599,0.956341,327.5,0.001000
57600,0.011322,1.000000,0.027509,1.000000,328.1,0.001000
57700,0.009032,1.000000,0.016401,1.000000,328.7,0.001000
57800,0.011364,1.000000,0.031081,1.000000,329.2,0.001000
57900,0.009538,1.000000,0.018731,1.000000,329.8,0.001000
58000,0.005513,1.000000,0.011319,1.000000,330.3,0.001000
58100,0.020100,1.000000,0.070299,0.995842,330.9,0.001000
58200,0.010851,1.000000,0.024528,1.000000,331.5,0.001000
58300,0.008444,1.000000,0.016361,1.000000,332.0,0.001000
58400,0.040977,1.000000,0.110609,0.989605,332.6,0.001000
58500,0.011133,1.000000,0.024828,1.000000,333.1,0.001000
58600,0.008431,1.000000,0.014357,1.000000,333.6,0.001000
58700,0.012188,1.000000,0.031315,1.000000,334.2,0.001000
58800,0.010041,1.000000,0.020534,1.000000,334.7,0.001000
58900,0.016084,1.000000,0.041887,0.997921,335.3,0.001000
59000,0.011935,1.000000,0.024792,1.000000,335.8,0.001000
59100,0.035549,1.000000,0.096574,0.995842,336.4,0.001000
59200,0.011371,1.000000,0.024809,1.000000,337.0,0.001000
59300,0.008088,1.000000,0.018711,1.000000,337.5,0.001000
59400,0.013624,1.000000,0.039507,0.997921,338.1,0.001000
59500,0.011245,1.000000,0.023737,1.000000,338.7,0.001000
59600,0.033884,1.000000,0.092510,0.989605,339.3,0.001000
59700,0.012638,1.000000,0.031471,0.997921,339.8,0.001000
59800,0.009254,1.000000,0.018612,1.000000,340.4,0.001000
59900,0.059790,1.000000,0.158892,0.983368,341.0,0.001000
60000,0.010791,1.000000,0.028205,0.997921,341.6,0.001000
60100,0.053413,1.000000,0.138561,0.985447,342.1,0.001000
60200,0.011423,1.000000,0.027264,0.997921,342.7,0.001000
60300,0.008128,1.000000,0.015555,1.000000,343.3,0.001000
60400,0.011704,1.000000,0.029247,1.000000,343.8,0.001000
60500,0.009827,1.000000,0.020543,1.000000,344.4,0.001000
60600,0.020276,1.000000,0.060795,0.991684,344.9,0.001000
60700,0.012444,1.000000,0.024953,1.000000,345.5,0.001000
60800,0.030493,1.000000,0.079843,0.995842,346.1,0.001000
60900,0.011411,1.000000,0.023869,1.000000,346.6,0.001000
61000,0.007246,1.000000,0.015309,1.000000,347.2,0.001000
61100,0.016125,1.000000,0.053817,0.993763,347.7,0.001000
61200,0.010949,1.000000,0.025715,1.000000,348.3,0.001000
61300,0.067885,1.000000,0.168236,0.979210,348.8,0.001000
61400,0.010357,1.000000,0.024734,1.000000,349.4,0.001000
61500,0.010540,1.000000,0.021085,1.000000,350.0,0.001000
61600,0.013875,1.000000,0.037459,0.997921,350.6,0.001000
61700,0.010119,1.000000,0.020625,1.000000,351.2,0.001000
61800,0.027149,1.000000,0.064444,0.997921,351.8,0.001000
61900,0.012644,1.000000,0.024643,1.000000,352.3,0.001000
62000,0.008838,1.000000,0.015095,1.000000,352.9,0.001000
62100,0.027345,1.000000,0.068004,0.995842,353.5,0.001000
62200,0.013800,1.000000,0.025973,1.000000,354.1,0.001000
62300,0.010124,1.000000,0.017316,1.000000,354.6,0.001000
62400,0.014645,1.000000,0.035413,0.997921,355.2,0.001000
62500,0.009986,1.000000,0.020060,1.000000,355.7,0.001000
62600,0.097221,1.000000,0.210587,0.981289,356.3,0.001000
62700,0.011406,1.000000,0.024146,1.000000,356.8,0.001000
62800,0.124757,0.993750,0.286124,0.958420,357.4,0.001000
62900,0.010952,1.000000,0.023412,1.000000,357.9,0.001000
63000,0.007963,1.000000,0.014221,1.000000,358.5,0.001000
63100,0.010282,1.000000,0.024397,0.997921,359.0,0.001000
63200,0.008782,1.000000,0.014923,1.000000,359.6,0.001000
63300,0.017101,1.000000,0.049828,0.997921,360.1,0.001000
63400,0.011466,1.000000,0.022041,1.000000,360.6,0.001000
63500,0.099939,1.000000,0.211900,0.979210,361.2,0.001000
63600,0.011427,1.000000,0.023040,1.000000,361.8,0.001000
63700,0.008481,1.000000,0.015584,1.000000,362.3,0.001000
63800,0.011773,1.000000,0.027272,0.997921,362.9,0.001000
63900,0.009907,1.000000,0.017607,1.000000,363.4,0.001000
64000,0.018981,1.000000,0.064115,0.989605,364.0,0.001000
64100,0.013386,1.000000,0.028745,1.000000,364.5,0.001000
64200,0.371857,0.981250,0.706531,0.862786,365.1,0.001000
64300,0.015469,1.000000,0.042219,0.995842,365.7,0.001000
64400,0.011497,1.000000,0.021942,1.000000,366.2,0.001000
64500,0.013181,1.000000,0.042161,0.991684,366.7,0.001000
64600,0.010347,1.000000,0.019835,1.000000,367.3,0.001000
64700,0.036188,1.000000,0.058470,1.000000,367.9,0.001000
64800,0.010136,1.000000,0.024759,0.997921,368.5,0.001000
64900,0.008857,1.000000,0.016110,1.000000,369.1,0.001000
65000,0.011907,1.000000,0.035777,0.997921,369.7,0.001000
65100,0.010065,1.000000,0.020444,1.000000,370.2,0.001000
65200,0.020687,1.000000,0.059606,0.995842,370.8,0.001000
65300,0.011420,1.000000,0.023818,1.000000,371.3,0.001000
65400,0.008000,1.000000,0.015698,1.000000,371.9,0.001000
65500,0.015295,1.000000,0.046081,0.997921,372.4,0.001000
65600,0.011154,1.000000,0.023589,1.000000,373.0,0.001000
65700,0.161541,0.995833,0.332838,0.948025,373.5,0.001000
65800,0.011988,1.000000,0.029279,0.997921,374.0,0.001000
65900,0.009310,1.000000,0.018090,1.000000,374.6,0.001000
66000,0.004486,1.000000,0.009035,1.000000,375.2,0.001000
66100,0.061328,1.000000,0.217908,0.968815,375.7,0.001000
66200,0.010806,1.000000,0.038846,1.000000,376.3,0.001000
66300,0.036110,1.000000,0.101656,0.991684,376.8,0.001000
66400,0.011596,1.000000,0.031610,0.997921,377.4,0.001000
66500,0.108212,1.000000,0.263311,0.962578,378.0,0.001000
66600,0.011590,1.000000,0.029895,0.997921,378.6,0.001000
66700,0.008028,1.000000,0.017118,1.000000,379.2,0.001000
66800,0.012548,1.000000,0.035156,0.997921,379.8,0.001000
66900,0.009619,1.000000,0.020497,1.000000,380.4,0.001000
67000,0.117014,1.000000,0.295586,0.956341,380.9,0.001000
67100,0.012557,1.000000,0.030432,1.000000,381.5,0.001000
67200,0.009349,1.000000,0.017611,1.000000,382.1,0.001000
67300,0.012145,1.000000,0.028915,0.997921,382.7,0.001000
67400,0.009721,1.000000,0.017431,1.000000,383.3,0.001000
67500,0.005473,1.000000,0.012724,1.000000,383.8,0.001000
67600,0.012787,1.000000,0.029499,1.000000,384.4,0.001000
67700,0.010387,1.000000,0.018511,1.000000,384.9,0.001000
67800,0.063960,1.000000,0.167613,0.975052,385.5,0.001000
67900,0.012381,1.000000,0.027184,0.997921,386.1,0.001000
68000,1.723083,0.489583,1.975266,0.399168,386.6,0.001000
68100,0.011755,1.000000,0.027170,0.997921,387.2,0.001000
68200,0.008644,1.000000,0.017134,1.000000,387.7,0.001000
68300,0.006318,1.000000,0.016436,0.997921,388.3,0.001000
68400,0.011773,1.000000,0.033953,0.997921,388.8,0.001000
68500,0.009903,1.000000,0.017423,1.000000,389.4,0.001000
68600,0.025118,1.000000,0.061947,0.997921,390.0,0.001000
68700,0.011936,1.000000,0.023660,1.000000,390.5,0.001000
68800,0.008326,1.000000,0.014864,1.000000,391.1,0.001000
68900,0.014093,1.000000,0.034417,0.997921,391.7,0.001000
69000,0.011339,1.000000,0.020013,0.997921,392.2,0.001000
69100,0.027400,1.000000,0.068171,0.997921,392.8,0.001000
69200,0.012305,1.000000,0.023495,0.997921,393.4,0.001000
69300,0.237062,0.993750,0.455430,0.906445,393.9,0.001000
69400,0.013059,1.000000,0.029948,0.997921,394.5,0.001000
69500,0.009835,1.000000,0.017665,1.000000,395.1,0.001000
69600,1.003630,0.727083,1.434892,0.582121,395.6,0.001000
69700,0.011274,1.000000,0.033168,0.997921,396.2,0.001000
69800,0.008636,1.000000,0.017025,1.000000,396.7,0.001000
69900,0.013202,1.000000,0.033389,0.997921,397.3,0.001000
70000,0.010015,1.000000,0.019267,0.997921,397.9,0.001000
70100,0.013234,1.000000,0.037955,0.997921,398.4,0.001000
70200,0.010378,1.000000,0.019813,1.000000,399.0,0.001000
70300,0.662126,0.902083,1.052533,0.723493,399.5,0.001000
70400,0.015873,1.000000,0.041600,1.000000,400.1,0.001000
70500,0.010277,1.000000,0.020674,1.000000,400.7,0.001000
70600,0.015192,1.000000,0.040862,0.997921,401.2,0.001000
70700,0.010958,1.000000,0.021365,1.000000,401.8,0.001000
70800,0.017146,1.000000,0.051170,0.997921,402.4,0.001000
70900,0.011800,1.000000,0.023247,0.997921,402.9,0.001000
71000,0.107370,1.000000,0.243441,0.962578,403.5,0.001000
71100,0.013389,1.000000,0.030189,0.997921,404.1,0.001000
71200,0.010188,1.000000,0.019359,1.000000,404.7,0.001000
71300,0.020414,1.000000,0.057262,0.995842,405.2,0.001000
71400,0.012409,1.000000,0.024727,1.000000,405.8,0.001000
71500,0.015704,1.000000,0.043854,0.997921,406.4,0.001000
71600,0.010693,1.000000,0.020921,1.000000,407.0,0.001000
71700,0.006409,1.000000,0.013312,1.000000,407.5,0.001000
71800,0.461472,0.964583,0.869533,0.812890,408.1,0.001000
71900,0.012284,1.000000,0.037175,0.997921,408.7,0.001000
72000,1.404215,0.656250,1.597529,0.617464,409.2,0.001000
72100,0.014456,1.000000,0.036633,0.997921,409.8,0.001000
72200,0.010315,1.000000,0.022547,0.997921,410.4,0.001000
72300,0.033372,1.000000,0.100498,0.989605,410.9,0.001000
72400,0.011527,1.000000,0.029778,0.997921,411.5,0.001000
72500,0.008922,1.000000,0.016919,1.000000,412.1,0.001000
72600,0.014966,1.000000,0.038937,0.997921,412.6,0.001000
72700,0.010404,1.000000,0.019358,0.997921,413.2,0.001000
72800,0.013316,1.000000,0.035519,0.997921,413.7,0.001000
72900,0.010116,1.000000,0.020005,0.997921,414.3,0.001000
73000,0.015017,1.000000,0.046121,0.997921,414.9,0.001000
73100,0.010541,1.000000,0.021398,0.997921,415.5,0.001000
73200,0.006710,1.000000,0.014113,1.000000,416.0,0.001000
73300,2.319893,0.366667,2.825455,0.153846,416.5,0.001000
73400,0.012993,1.000000,0.036448,0.997921,417.1,0.001000
73500,0.009627,1.000000,0.017875,1.000000,417.7,0.001000
73600,0.381554,0.968750,0.752255,0.841996,418.2,0.001000
73700,0.014114,1.000000,0.033464,0.997921,418.7,0.001000
73800,0.010515,1.000000,0.018097,1.000000,419.3,0.001000
73900,0.014168,1.000000,0.034858,0.997921,419.9,0.001000
74000,0.010507,1.000000,0.018569,1.000000,420.4,0.001000
74100,0.120242,1.000000,0.237857,0.981289,421.0,0.001000
74200,0.013696,1.000000,0.028078,0.997921,421.6,0.001000
74300,0.010084,1.000000,0.017274,1.000000,422.1,0.001000
74400,0.013079,1.000000,0.031359,0.997921,422.7,0.001000
74500,0.010505,1.000000,0.017316,1.000000,423.2,0.001000
74600,0.017533,1.000000,0.049193,0.995842,423.8,0.001000
74700,0.011587,1.000000,0.022182,0.997921,424.3,0.001000
74800,0.018691,1.000000,0.048476,0.995842,424.9,0.001000
74900,0.010576,1.000000,0.020486,0.997921,425.4,0.001000
75000,0.248969,0.966667,0.450647,0.896050,426.0,0.001000
75100,0.011929,1.000000,0.020209,1.000000,426.5,0.001000
75200,0.010604,1.000000,0.016503,1.000000,427.2,0.001000
75300,0.016597,1.000000,0.037631,0.997921,427.8,0.001000
75400,0.012333,1.000000,0.019304,1.000000,428.4,0.001000
75500,0.020077,1.000000,0.049734,0.997921,429.0,0.001000
75600,0.011116,1.000000,0.017930,1.000000,429.5,0.001000
75700,0.138000,0.997917,0.282058,0.968815,430.1,0.001000
75800,0.014642,1.000000,0.026031,1.000000,430.7,0.001000
75900,0.274225,0.987500,0.463665,0.923077,431.3,0.001000
76000,0.013716,1.000000,0.023561,1.000000,431.9,0.001000
76100,0.009714,1.000000,0.013208,1.000000,432.4,0.001000
76200,0.019588,1.000000,0.045073,0.997921,433.0,0.001000
76300,0.012365,1.000000,0.018007,1.000000,433.6,0.001000
76400,0.013644,1.000000,0.026360,0.997921,434.1,0.001000
76500,0.009897,1.000000,0.014670,1.000000,434.7,0.001000
76600,0.343455,0.975000,0.628715,0.898129,435.3,0.001000
76700,0.015577,1.000000,0.034276,0.997921,435.9,0.001000
76800,0.011375,1.000000,0.017135,1.000000,436.4,0.001000
76900,0.033764,1.000000,0.073878,0.997921,437.0,0.001000
77000,0.011198,1.000000,0.022694,0.997921,437.5,0.001000
77100,0.063171,1.000000,0.160787,0.989605,438.1,0.001000
77200,0.013327,1.000000,0.027989,0.997921,438.6,0.001000
77300,0.008645,1.000000,0.014067,1.000000,439.1,0.001000
77400,0.015742,1.000000,0.035758,0.997921,439.7,0.001000
77500,0.011306,1.000000,0.018824,1.000000,440.2,0.001000
77600,0.081742,1.000000,0.190505,0.975052,440.8,0.001000
77700,0.011688,1.000000,0.021005,1.000000,441.3,0.001000
77800,0.087717,1.000000,0.190559,0.972973,441.9,0.001000
77900,0.012012,1.000000,0.023120,0.997921,442.5,0.001000
78000,0.008156,1.000000,0.013153,1.000000,443.0,0.001000
78100,0.004058,1.000000,0.006650,1.000000,443.6,0.001000
78200,0.018364,1.000000,0.047109,0.997921,444.2,0.001000
78300,0.011567,1.000000,0.019537,1.000000,444.8,0.001000
78400,0.118959,1.000000,0.242992,0.979210,445.3,0.001000
78500,0.014115,1.000000,0.028564,0.997921,445.9,0.001000
78600,0.010193,1.000000,0.015668,1.000000,446.5,0.001000
78700,0.031554,1.000000,0.067674,0.997921,447.0,0.001000
78800,0.011318,1.000000,0.021469,1.000000,447.6,0.001000
78900,0.039703,1.000000,0.086956,0.993763,448.3,0.001000
79000,0.010356,1.000000,0.019400,1.000000,449.2,0.001000
79100,0.007345,1.000000,0.012209,1.000000,449.9,0.001000
79200,0.012401,1.000000,0.029251,0.997921,450.5,0.001000
79300,0.010314,1.000000,0.016889,1.000000,451.1,0.001000
79400,0.019174,1.000000,0.049599,0.997921,451.7,0.001000
79500,0.011289,1.000000,0.019839,0.997921,452.3,0.001000
79600,0.061207,1.000000,0.146462,0.983368,452.9,0.001000
79700,0.010653,1.000000,0.019280,1.000000,453.5,0.001000
79800,0.007854,1.000000,0.014567,1.000000,454.1,0.001000
79900,0.011836,1.000000,0.028359,0.997921,454.8,0.001000
80000,0.010069,1.000000,0.016918,1.000000,455.4,0.001000
80100,0.018501,1.000000,0.048119,0.997921,456.2,0.001000
80200,0.013058,1.000000,0.021975,1.000000,457.2,0.001000
80300,0.008153,1.000000,0.012842,1.000000,458.1,0.001000
80400,0.014053,1.000000,0.034964,0.997921,458.9,0.001000
80500,0.011518,1.000000,0.018813,1.000000,459.5,0.001000
80600,0.012595,1.000000,0.026489,0.997921,460.2,0.001000
80700,0.009506,1.000000,0.016098,1.000000,460.9,0.001000
80800,0.017147,1.000000,0.043155,0.995842,461.7,0.001000
80900,0.010801,1.000000,0.018872,1.000000,462.4,0.001000
81000,0.007134,1.000000,0.011200,1.000000,463.0,0.001000
81100,0.017683,1.000000,0.046725,0.997921,463.7,0.001000
81200,0.013165,1.000000,0.021477,1.000000,464.3,0.001000
81300,0.175124,1.000000,0.327204,0.966736,464.9,0.001000
81400,0.013757,1.000000,0.027401,0.997921,465.5,0.001000
81500,0.010777,1.000000,0.017225,1.000000,466.1,0.001000
81600,0.019699,1.000000,0.050227,0.997921,466.7,0.001000
81700,0.011198,1.000000,0.020495,1.000000,467.6,0.001000
81800,0.012852,1.000000,0.033923,0.997921,468.2,0.001000
81900,0.009467,1.000000,0.018210,1.000000,468.9,0.001000
82000,0.118377,1.000000,0.243961,0.972973,470.0,0.001000
82100,0.012515,1.000000,0.025423,1.000000,470.8,0.001000
82200,0.241003,0.989583,0.447647,0.914761,471.4,0.001000
82300,0.013614,1.000000,0.027476,0.997921,472.3,0.001000
82400,0.010040,1.000000,0.016905,1.000000,473.4,0.001000
82500,0.014437,1.000000,0.034564,0.997921,474.1,0.001000
82600,0.011552,1.000000,0.020228,1.000000,474.7,0.001000
82700,0.127402,0.995833,0.306343,0.937630,475.3,0.001000
82800,0.013907,1.000000,0.031614,0.997921,475.9,0.001000
82900,0.010751,1.000000,0.018180,1.000000,476.7,0.001000
83000,0.028948,1.000000,0.069436,0.997921,477.3,0.001000
83100,0.011659,1.000000,0.022255,1.000000,478.1,0.001000
83200,0.117468,1.000000,0.248947,0.979210,478.7,0.001000
83300,0.012533,1.000000,0.028233,0.997921,479.4,0.001000
83400,0.008981,1.000000,0.014479,1.000000,480.0,0.001000
83500,0.012325,1.000000,0.029964,0.997921,480.6,0.001000
83600,0.009864,1.000000,0.017178,1.000000,481.2,0.001000
83700,0.021883,1.000000,0.063052,0.997921,481.8,0.001000
83800,0.011774,1.000000,0.020603,1.000000,482.4,0.001000
83900,0.019262,1.000000,0.053301,0.993763,483.0,0.001000
84000,0.011879,1.000000,0.020718,1.000000,483.5,0.001000
84100,0.007310,1.000000,0.012502,1.000000,484.1,0.001000
84200,0.204506,0.991667,0.443176,0.916840,484.7,0.001000
84300,0.011479,1.000000,0.033287,0.997921,485.3,0.001000
84400,0.455284,0.937500,0.743554,0.858628,485.9,0.001000
84500,0.015844,1.000000,0.038372,0.997921,486.4,0.001000
84600,0.010741,1.000000,0.018584,1.000000,487.0,0.001000
84700,0.014761,1.000000,0.036779,0.997921,487.6,0.001000
84800,0.010715,1.000000,0.019902,1.000000,488.2,0.001000
84900,0.103774,1.000000,0.218749,0.975052,488.8,0.001000
85000,0.011775,1.000000,0.022710,1.000000,489.4,0.001000
85100,0.152900,0.983333,0.291048,0.952183,490.0,0.001000
85200,0.012224,1.000000,0.025765,0.997921,490.6,0.001000
85300,0.008559,1.000000,0.014774,1.000000,491.2,0.001000
85400,0.021550,1.000000,0.074794,0.989605,491.8,0.001000
85500,0.012751,1.000000,0.024556,1.000000,492.3,0.001000
85600,0.074804,1.000000,0.179033,0.985447,492.9,0.001000
85700,0.013300,1.000000,0.026753,0.997921,493.5,0.001000
85800,0.009502,1.000000,0.015319,1.000000,494.0,0.001000
85900,0.019326,1.000000,0.058213,0.993763,494.6,0.001000
86000,0.010884,1.000000,0.020910,1.000000,495.1,0.001000
86100,1.560983,0.639583,1.867276,0.519751,495.7,0.001000
86200,0.014080,1.000000,0.038655,0.997921,496.2,0.001000
86300,0.010953,1.000000,0.019297,1.000000,496.7,0.001000
86400,2.744874,0.245833,3.081657,0.128898,497.3,0.001000
86500,0.017441,1.000000,0.039069,1.000000,497.9,0.001000
86600,0.010648,1.000000,0.017642,1.000000,498.4,0.001000
86700,0.020934,1.000000,0.046373,0.997921,499.0,0.001000
86800,0.009990,1.000000,0.020198,1.000000,499.6,0.001000
86900,0.095904,1.000000,0.208561,0.977131,500.3,0.001000
87000,0.012693,1.000000,0.027730,0.997921,500.9,0.001000
87100,0.008618,1.000000,0.014494,1.000000,501.5,0.001000
87200,0.016732,1.000000,0.038910,0.997921,502.1,0.001000
87300,0.011288,1.000000,0.018830,1.000000,502.7,0.001000
87400,0.024084,1.000000,0.069558,0.995842,503.3,0.001000
87500,0.011792,1.000000,0.022942,0.997921,503.9,0.001000
87600,0.007846,1.000000,0.013312,1.000000,504.5,0.001000
87700,0.012133,1.000000,0.029424,0.997921,505.1,0.001000
87800,0.009658,1.000000,0.017732,1.000000,505.7,0.001000
87900,0.013700,1.000000,0.036613,0.997921,506.2,0.001000
88000,0.010562,1.000000,0.020098,0.997921,506.8,0.001000
88100,0.084870,1.000000,0.210674,0.972973,507.4,0.001000
88200,0.012251,1.000000,0.027776,0.997921,508.0,0.001000
88300,0.019333,1.000000,0.046417,0.995842,508.5,0.001000
88400,0.011411,1.000000,0.021267,1.000000,509.2,0.001000
88500,0.038884,1.000000,0.093982,0.995842,509.7,0.001000
88600,0.013767,1.000000,0.025844,1.000000,510.3,0.001000
88700,0.193549,0.987500,0.396986,0.920998,510.9,0.001000
88800,0.012518,1.000000,0.026025,1.000000,511.5,0.001000
88900,0.009501,1.000000,0.016398,1.000000,512.1,0.001000
89000,0.012860,1.000000,0.030026,0.997921,512.7,0.001000
89100,0.010551,1.000000,0.018444,1.000000,513.2,0.001000
89200,0.014993,1.000000,0.041108,0.997921,513.8,0.001000
89300,0.012077,1.000000,0.022275,1.000000,514.3,0.001000
89400,0.014457,1.000000,0.034325,1.000000,515.0,0.001000
89500,0.011026,1.000000,0.018248,1.000000,515.5,0.001000
89600,0.016391,1.000000,0.041233,0.997921,516.1,0.001000
89700,0.011635,1.000000,0.019820,1.000000,516.6,0.001000
89800,0.033052,1.000000,0.094546,0.983368,517.2,0.001000
89900,0.011017,1.000000,0.025238,0.997921,517.7,0.001000
90000,0.017498,1.000000,0.043473,0.997921,518.3,0.001000
90100,0.010588,1.000000,0.021438,1.000000,518.9,0.001000
90200,0.989961,0.766667,1.285875,0.654886,519.4,0.001000
90300,0.012321,1.000000,0.027448,0.997921,520.1,0.001000
90400,0.010380,1.000000,0.017887,1.000000,520.6,0.001000
90500,0.097000,1.000000,0.233271,0.983368,521.2,0.001000
90600,0.012903,1.000000,0.026975,1.000000,521.7,0.001000
90700,0.009832,1.000000,0.016225,1.000000,522.3,0.001000
90800,0.015272,1.000000,0.036698,0.997921,522.8,0.001000
90900,0.011313,1.000000,0.020286,1.000000,523.4,0.001000
91000,0.014725,1.000000,0.042908,0.997921,524.0,0.001000
91100,0.010718,1.000000,0.019358,1.000000,524.5,0.001000
91200,0.026523,1.000000,0.076638,0.997921,525.1,0.001000
91300,0.012533,1.000000,0.027001,0.997921,525.6,0.001000
91400,0.161254,0.997917,0.293509,0.956341,526.2,0.001000
91500,0.011695,1.000000,0.025434,1.000000,526.7,0.001000
91600,0.008866,1.000000,0.015811,1.000000,527.3,0.001000
91700,0.045550,1.000000,0.118635,0.991684,527.8,0.001000
91800,0.012417,1.000000,0.023949,1.000000,528.4,0.001000
91900,0.009990,1.000000,0.015330,1.000000,529.0,0.001000
92000,0.018470,1.000000,0.041466,0.997921,529.5,0.001000
92100,0.012755,1.000000,0.020675,1.000000,530.1,0.001000
92200,0.030636,1.000000,0.076146,0.995842,530.6,0.001000
92300,0.010962,1.000000,0.019794,1.000000,531.2,0.001000
92400,0.007399,1.000000,0.012714,1.000000,531.7,0.001000
92500,0.015006,1.000000,0.035131,1.000000,532.3,0.001000
92600,0.011186,1.000000,0.020341,1.000000,532.9,0.001000
92700,0.048682,1.000000,0.144390,0.985447,533.5,0.001000
92800,0.012156,1.000000,0.026431,0.997921,534.1,0.001000
92900,0.339861,0.966667,0.600097,0.871102,534.6,0.001000
93000,0.014205,1.000000,0.031699,0.997921,535.2,0.001000
93100,0.011173,1.000000,0.019313,1.000000,535.7,0.001000
93200,0.284635,0.993750,0.594724,0.891892,536.3,0.001000
93300,0.012824,1.000000,0.032743,0.997921,536.8,0.001000
93400,0.009745,1.000000,0.017014,1.000000,537.4,0.001000
93500,0.013853,1.000000,0.033512,0.997921,538.0,0.001000
93600,0.010537,1.000000,0.019224,1.000000,538.5,0.001000
93700,0.015877,1.000000,0.039692,0.997921,539.1,0.001000
93800,0.011818,1.000000,0.020357,1.000000,539.7,0.001000
93900,0.258276,0.962500,0.366187,0.939709,540.2,0.001000
94000,0.011929,1.000000,0.026584,1.000000,540.8,0.001000
94100,0.009629,1.000000,0.017158,1.000000,541.3,0.001000
94200,0.011313,1.000000,0.028862,0.997921,541.9,0.001000
94300,0.009185,1.000000,0.018979,0.997921,542.5,0.001000
94400,0.029644,1.000000,0.073061,0.997921,543.0,0.001000
94500,0.010950,1.000000,0.025775,0.997921,543.6,0.001000
94600,0.033078,1.000000,0.082107,0.993763,544.1,0.001000
94700,0.011297,1.000000,0.025268,0.997921,544.7,0.001000
94800,0.008174,1.000000,0.014233,1.000000,545.4,0.001000
94900,0.507956,0.893750,0.973601,0.742204,546.0,0.001000
95000,0.012974,1.000000,0.030782,0.997921,546.6,0.001000
95100,0.010816,1.000000,0.018533,1.000000,547.1,0.001000
95200,0.014779,1.000000,0.037857,0.995842,547.7,0.001000
95300,0.011708,1.000000,0.020521,1.000000,548.3,0.001000
95400,0.064682,1.000000,0.179073,0.966736,548.9,0.001000
95500,0.011826,1.000000,0.026081,0.997921,549.5,0.001000
95600,0.010355,1.000000,0.018757,1.000000,550.1,0.001000
95700,0.011559,1.000000,0.027928,0.995842,550.7,0.001000
95800,0.008980,1.000000,0.015665,1.000000,551.2,0.001000
95900,0.042211,1.000000,0.111067,0.995842,551.8,0.001000
96000,0.012086,1.000000,0.026269,0.997921,552.4,0.001000
96100,0.008659,1.000000,0.014997,1.000000,552.9,0.001000
96200,0.027385,1.000000,0.069453,0.995842,553.5,0.001000
96300,0.010577,1.000000,0.019074,1.000000,554.1,0.001000
96400,0.344338,0.968750,0.583931,0.866944,554.7,0.001000
96500,0.010721,1.000000,0.019818,0.997921,555.3,0.001000
96600,0.008376,1.000000,0.013292,1.000000,555.9,0.001000
96700,0.011405,1.000000,0.022458,1.000000,556.4,0.001000
96800,0.008929,1.000000,0.013908,1.000000,557.0,0.001000
96900,0.068151,1.000000,0.188183,0.975052,557.5,0.001000
97000,0.011363,1.000000,0.020693,1.000000,558.1,0.001000
97100,0.066887,1.000000,0.162491,0.985447,558.7,0.001000
97200,0.010684,1.000000,0.020081,1.000000,559.2,0.001000
97300,0.007449,1.000000,0.011698,1.000000,559.8,0.001000
97400,0.016378,1.000000,0.048287,0.995842,560.4,0.001000
97500,0.012213,1.000000,0.022537,0.997921,560.9,0.001000
97600,0.019683,1.000000,0.050248,0.997921,561.5,0.001000
97700,0.012725,1.000000,0.022756,1.000000,562.1,0.001000
97800,0.063266,1.000000,0.154603,0.989605,562.7,0.001000
97900,0.014217,1.000000,0.026149,1.000000,563.2,0.001000
98000,0.010173,1.000000,0.015515,1.000000,563.8,0.001000
98100,0.024106,1.000000,0.064941,0.997921,564.3,0.001000
98200,0.012846,1.000000,0.024349,0.997921,564.9,0.001000
98300,0.045153,1.000000,0.110084,0.989605,565.5,0.001000
98400,0.012862,1.000000,0.026204,0.997921,566.1,0.001000
98500,0.009394,1.000000,0.020326,0.997921,566.6,0.001000
98600,0.013470,1.000000,0.039299,0.995842,567.2,0.001000
98700,0.011237,1.000000,0.020576,0.997921,567.8,0.001000
98800,0.022829,1.000000,0.065460,0.995842,568.3,0.001000
98900,0.011348,1.000000,0.023534,0.997921,568.9,0.001000
99000,0.014438,1.000000,0.046984,0.995842,569.4,0.001000
99100,0.010325,1.000000,0.021621,0.997921,570.0,0.001000
99200,3.015404,0.245833,3.188157,0.143451,570.5,0.001000
99300,0.015246,1.000000,0.047804,0.997921,571.1,0.001000
99400,0.009058,1.000000,0.019670,1.000000,571.7,0.001000
99500,0.019208,1.000000,0.063159,0.993763,572.2,0.001000
99600,0.010218,1.000000,0.022180,0.997921,572.8,0.001000
99700,2.705647,0.347917,2.936964,0.214137,573.4,0.001000
99800,0.026651,1.000000,0.070018,0.997921,573.9,0.001000
99900,0.008545,1.000000,0.019860,1.000000,574.5,0.001000
100000,0.012656,1.000000,0.035188,0.997921,575.1,0.001000
100100,0.008839,1.000000,0.017912,0.997921,575.7,0.001000
100200,0.109896,1.000000,0.262078,0.962578,576.3,0.001000
100300,0.012778,1.000000,0.037706,0.997921,576.8,0.001000
100400,0.009424,1.000000,0.019993,0.997921,577.4,0.001000
100500,0.013577,1.000000,0.035587,0.997921,578.0,0.001000
100600,0.009611,1.000000,0.018468,1.000000,578.6,0.001000
100700,0.005628,1.000000,0.010383,1.000000,579.1,0.001000
100800,0.013797,1.000000,0.032147,0.997921,579.7,0.001000
100900,0.010496,1.000000,0.017025,1.000000,580.3,0.001000
101000,0.027534,1.000000,0.067588,0.997921,580.9,0.001000
101100,0.011331,1.000000,0.020864,0.997921,581.5,0.001000
101200,0.007783,1.000000,0.012266,1.000000,582.0,0.001000
101300,0.014435,1.000000,0.030509,0.997921,582.6,0.001000
101400,0.011278,1.000000,0.018034,1.000000,583.2,0.001000
101500,0.049733,1.000000,0.122850,0.985447,583.7,0.001000
101600,0.012607,1.000000,0.025652,0.997921,584.3,0.001000
101700,0.162660,0.991667,0.304235,0.950104,584.8,0.001000
101800,0.014283,1.000000,0.031866,0.997921,585.4,0.001000
101900,0.010071,1.000000,0.016693,1.000000,586.0,0.001000
102000,0.004881,1.000000,0.008659,1.000000,586.6,0.001000
102100,0.018835,1.000000,0.049894,0.997921,587.1,0.001000
102200,0.010424,1.000000,0.019534,1.000000,587.7,0.001000
102300,0.016825,1.000000,0.033412,1.000000,588.3,0.001000
102400,0.010600,1.000000,0.017230,1.000000,588.9,0.001000
102500,1.333926,0.639583,1.682837,0.521830,589.4,0.001000
102600,0.013390,1.000000,0.028612,0.997921,590.1,0.001000
102700,0.014142,1.000000,0.021074,1.000000,590.7,0.001000
102800,0.014060,1.000000,0.032039,0.997921,591.2,0.001000
102900,0.010508,1.000000,0.018447,1.000000,591.8,0.001000
103000,0.006881,1.000000,0.011311,1.000000,592.4,0.001000
103100,0.014535,1.000000,0.031027,1.000000,593.0,0.001000
103200,0.009979,1.000000,0.016286,1.000000,593.6,0.001000
103300,0.226941,0.997917,0.472173,0.950104,594.2,0.001000
103400,0.015135,1.000000,0.031086,1.000000,594.8,0.001000
103500,1.277951,0.652083,1.504494,0.584200,595.4,0.001000
103600,0.011586,1.000000,0.021525,1.000000,596.0,0.001000
103700,0.008595,1.000000,0.013515,1.000000,596.5,0.001000
103800,0.012267,1.000000,0.025443,0.997921,597.1,0.001000
103900,0.009534,1.000000,0.015855,1.000000,597.6,0.001000
104000,0.193508,0.995833,0.377804,0.945946,598.2,0.001000
104100,0.012191,1.000000,0.026882,0.997921,598.7,0.001000
104200,0.009567,1.000000,0.015329,1.000000,599.3,0.001000
104300,0.013673,1.000000,0.029061,0.997921,599.9,0.001000
104400,0.011205,1.000000,0.017898,1.000000,600.5,0.001000
104500,0.164664,0.989583,0.329212,0.941788,601.0,0.001000
104600,0.012684,1.000000,0.030354,0.997921,601.6,0.001000
104700,0.152470,0.997917,0.328646,0.968815,602.1,0.001000
104800,0.014563,1.000000,0.029565,0.997921,602.7,0.001000
104900,0.010574,1.000000,0.016676,1.000000,603.3,0.001000
105000,0.031589,1.000000,0.080154,1.000000,603.9,0.001000
105100,0.012485,1.000000,0.023232,1.000000,604.5,0.001000
105200,0.032359,1.000000,0.078974,0.991684,605.0,0.001000
105300,0.013403,1.000000,0.023668,1.000000,605.6,0.001000
105400,0.081094,1.000000,0.171038,0.985447,606.2,0.001000
105500,0.012967,1.000000,0.025423,0.997921,606.8,0.001000
105600,0.034566,1.000000,0.084460,0.993763,607.4,0.001000
105700,0.012327,1.000000,0.022270,1.000000,607.9,0.001000
105800,0.104074,1.000000,0.214954,0.975052,608.5,0.001000
105900,0.012185,1.000000,0.024838,1.000000,609.2,0.001000
106000,0.087404,0.995833,0.169040,0.983368,609.7,0.001000
106100,0.011930,1.000000,0.024515,1.000000,610.3,0.001000
106200,0.008371,1.000000,0.015505,1.000000,610.8,0.001000
106300,0.016811,1.000000,0.049576,0.997921,611.4,0.001000
106400,0.010933,1.000000,0.021627,0.997921,611.9,0.001000
106500,0.037346,1.000000,0.109739,0.981289,612.5,0.001000
106600,0.010416,1.000000,0.021281,0.997921,613.1,0.001000
106700,0.007281,1.000000,0.012996,1.000000,613.6,0.001000
106800,0.022156,1.000000,0.056683,0.997921,614.3,0.001000
106900,0.012021,1.000000,0.024334,0.997921,615.0,0.001000
107000,0.022639,1.000000,0.054193,0.995842,615.7,0.001000
107100,0.011749,1.000000,0.020209,0.997921,616.4,0.001000
107200,1.563507,0.597917,1.738984,0.565489,616.9,0.001000
107300,0.014243,1.000000,0.033112,0.997921,617.5,0.001000
107400,0.010486,1.000000,0.018037,0.997921,618.1,0.001000
107500,0.012838,1.000000,0.027902,0.997921,618.6,0.001000
107600,0.009727,1.000000,0.016105,1.000000,619.2,0.001000
107700,1.530806,0.572917,2.248772,0.322245,619.7,0.001000
107800,0.011492,1.000000,0.029022,0.997921,620.3,0.001000
107900,0.008934,1.000000,0.016639,0.997921,620.8,0.001000
108000,0.055093,1.000000,0.143649,0.987526,621.4,0.001000
108100,0.010072,1.000000,0.018106,1.000000,621.9,0.001000
108200,0.007849,1.000000,0.012003,1.000000,622.5,0.001000
108300,0.010276,1.000000,0.021389,1.000000,623.0,0.001000
108400,0.008735,1.000000,0.013844,1.000000,623.7,0.001000
108500,0.032264,1.000000,0.083745,0.995842,624.2,0.001000
108600,0.012586,1.000000,0.023402,1.000000,624.8,0.001000
108700,0.009553,1.000000,0.016606,0.997921,625.4,0.001000
108800,0.014720,1.000000,0.034188,0.997921,625.9,0.001000
108900,0.011364,1.000000,0.018156,1.000000,626.5,0.001000
109000,0.011940,1.000000,0.026850,0.997921,627.1,0.001000
109100,0.009193,1.000000,0.015105,1.000000,627.6,0.001000
109200,0.176626,1.000000,0.411505,0.950104,628.2,0.001000
109300,0.014751,1.000000,0.034855,0.997921,628.8,0.001000
109400,0.034013,1.000000,0.086374,0.995842,629.4,0.001000
109500,0.010225,1.000000,0.020516,0.997921,629.9,0.001000
109600,0.459215,0.937500,0.788900,0.810811,630.5,0.001000
109700,0.011662,1.000000,0.026936,0.997921,631.1,0.001000
109800,0.009227,1.000000,0.016979,0.997921,631.7,0.001000
109900,0.037989,1.000000,0.085597,0.993763,632.2,0.001000
110000,0.011700,1.000000,0.024525,0.997921,632.8,0.001000
110100,0.075672,1.000000,0.210234,0.977131,633.3,0.001000
110200,0.011552,1.000000,0.025654,0.997921,633.9,0.001000
110300,0.008376,1.000000,0.015507,0.997921,634.5,0.001000
110400,0.015739,1.000000,0.044892,0.997921,635.1,0.001000
110500,0.012200,1.000000,0.022845,1.000000,635.6,0.001000
110600,0.008009,1.000000,0.014554,1.000000,636.2,0.001000
110700,0.013469,1.000000,0.033416,1.000000,636.8,0.001000
110800,0.011061,1.000000,0.019458,1.000000,637.4,0.001000
110900,0.017516,1.000000,0.039699,0.997921,637.9,0.001000
111000,0.012517,1.000000,0.022180,1.000000,638.5,0.001000
111100,0.023119,1.000000,0.061994,0.993763,639.1,0.001000
111200,0.012145,1.000000,0.022256,0.997921,639.7,0.001000
111300,0.053711,1.000000,0.143305,0.989605,640.2,0.001000
111400,0.013238,1.000000,0.028112,0.997921,640.8,0.001000
111500,0.009514,1.000000,0.015693,1.000000,641.3,0.001000
111600,0.017565,1.000000,0.047365,0.991684,641.9,0.001000
111700,0.011915,1.000000,0.024976,0.997921,642.5,0.001000
111800,0.053904,1.000000,0.159078,0.987526,643.1,0.001000
111900,0.012636,1.000000,0.025914,0.997921,643.6,0.001000
112000,0.009576,1.000000,0.015686,1.000000,644.2,0.001000
112100,0.044802,1.000000,0.116844,0.987526,644.8,0.001000
112200,0.011865,1.000000,0.024540,1.000000,645.4,0.001000
112300,0.027268,1.000000,0.063102,0.997921,646.0,0.001000
112400,0.011725,1.000000,0.020647,0.997921,646.6,0.001000
112500,2.869979,0.335417,3.051971,0.247401,647.1,0.001000
112600,0.015737,1.000000,0.039932,0.997921,647.7,0.001000
112700,0.010077,1.000000,0.018619,1.000000,648.3,0.001000
112800,0.014733,1.000000,0.033114,0.997921,648.9,0.001000
112900,0.010795,1.000000,0.018721,1.000000,649.4,0.001000
113000,0.024793,1.000000,0.056638,0.997921,650.0,0.001000
113100,0.013132,1.000000,0.023720,0.997921,650.6,0.001000
113200,0.141877,0.997917,0.282860,0.968815,651.1,0.001000
113300,0.013491,1.000000,0.025610,0.997921,651.6,0.001000
113400,0.009960,1.000000,0.015410,1.000000,652.2,0.001000
113500,0.013701,1.000000,0.033352,0.997921,652.7,0.001000
113600,0.011154,1.000000,0.018654,1.000000,653.3,0.001000
113700,0.370433,0.956250,0.740017,0.833680,653.9,0.001000
113800,0.013305,1.000000,0.030628,0.997921,654.4,0.001000
113900,0.128545,0.995833,0.275211,0.956341,655.0,0.001000
114000,0.010598,1.000000,0.021596,0.997921,655.6,0.001000
114100,0.007343,1.000000,0.011813,1.000000,656.2,0.001000
114200,0.029714,1.000000,0.080903,0.993763,656.8,0.001000
114300,0.012238,1.000000,0.023805,1.000000,657.3,0.001000
114400,0.229448,0.981250,0.420487,0.931393,657.9,0.001000
114500,0.012879,1.000000,0.024834,1.000000,658.4,0.001000
114600,0.017370,1.000000,0.029616,1.000000,659.0,0.001000
114700,0.014567,1.000000,0.028133,1.000000,659.6,0.001000
114800,0.011184,1.000000,0.018303,1.000000,660.2,0.001000
114900,0.026755,1.000000,0.075424,0.995842,660.7,0.001000
115000,0.013200,1.000000,0.026270,0.997921,661.3,0.001000
115100,1.522422,0.564583,1.864037,0.486486,661.9,0.001000
115200,0.012647,1.000000,0.028242,0.997921,662.5,0.001000
115300,0.010397,1.000000,0.016669,1.000000,663.1,0.001000
115400,0.014202,1.000000,0.030734,0.997921,663.7,0.001000
115500,0.011206,1.000000,0.018874,1.000000,664.3,0.001000
115600,0.231696,0.989583,0.505652,0.896050,664.8,0.001000
115700,0.012865,1.000000,0.031324,0.997921,665.4,0.001000
115800,0.117583,1.000000,0.271966,0.952183,666.0,0.001000
115900,0.014800,1.000000,0.028269,0.997921,666.6,0.001000
116000,0.010675,1.000000,0.017882,1.000000,667.1,0.001000
116100,0.034689,1.000000,0.107368,0.989605,667.6,0.001000
116200,0.013760,1.000000,0.028719,1.000000,668.2,0.001000
116300,0.496374,0.912500,0.778924,0.821206,668.8,0.001000
116400,0.014528,1.000000,0.028868,0.997921,669.4,0.001000
116500,0.011454,1.000000,0.017714,1.000000,669.9,0.001000
116600,0.019362,1.000000,0.045825,0.997921,670.5,0.001000
116700,0.012862,1.000000,0.024305,0.997921,671.0,0.001000
116800,0.008614,1.000000,0.014385,1.000000,671.6,0.001000
116900,0.013136,1.000000,0.030609,0.997921,672.2,0.001000
117000,0.018962,1.000000,0.031844,1.000000,672.7,0.001000
117100,0.012390,1.000000,0.027796,0.997921,673.3,0.001000
117200,0.009458,1.000000,0.016895,1.000000,673.9,0.001000
117300,0.012176,1.000000,0.031556,0.997921,674.4,0.001000
117400,0.010608,1.000000,0.018658,1.000000,675.0,0.001000
117500,0.305468,0.966667,0.573216,0.866944,675.6,0.001000
117600,0.014599,1.000000,0.035468,1.000000,676.2,0.001000
117700,2.497987,0.368750,2.728589,0.320166,676.8,0.001000
117800,0.014201,1.000000,0.034246,0.997921,677.4,0.001000
117900,0.010387,1.000000,0.018911,1.000000,677.9,0.001000
118000,0.024417,1.000000,0.060183,0.995842,678.5,0.001000
118100,0.013566,1.000000,0.026716,1.000000,679.0,0.001000
118200,0.023434,1.000000,0.052131,0.995842,679.6,0.001000
118300,0.011522,1.000000,0.020797,1.000000,680.2,0.001000
118400,0.006989,1.000000,0.012121,1.000000,680.7,0.001000
118500,0.016132,1.000000,0.043115,0.997921,681.3,0.001000
118600,0.011494,1.000000,0.021579,0.997921,681.8,0.001000
118700,0.025192,1.000000,0.066443,0.997921,682.5,0.001000
118800,0.011518,1.000000,0.022180,0.997921,683.1,0.001000
118900,0.007556,1.000000,0.017009,0.997921,683.6,0.001000
119000,0.015948,1.000000,0.037037,0.997921,684.1,0.001000
119100,0.011110,1.000000,0.020233,0.997921,684.8,0.001000
119200,0.038908,1.000000,0.102722,0.991684,685.3,0.001000
119300,0.013201,1.000000,0.025525,0.997921,685.9,0.001000
119400,0.009372,1.000000,0.016651,0.997921,686.4,0.001000
119500,0.015824,1.000000,0.035384,0.997921,687.0,0.001000
119600,0.011362,1.000000,0.018987,1.000000,687.6,0.001000
119700,0.016899,1.000000,0.039065,0.997921,688.2,0.001000
119800,0.011859,1.000000,0.020857,0.997921,688.7,0.001000
119900,0.015696,1.000000,0.042389,0.997921,689.3,0.001000
120000,0.011499,1.000000,0.022547,0.997921,689.9,0.001000
120100,0.404321,0.985417,0.732342,0.879418,690.4,0.001000
120200,0.016554,1.000000,0.038393,1.000000,691.0,0.001000
120300,0.028821,1.000000,0.075739,0.997921,691.5,0.001000
120400,0.011789,1.000000,0.023848,0.997921,692.1,0.001000
120500,2.498616,0.408333,2.663916,0.374220,692.7,0.001000
120600,0.015775,1.000000,0.041881,0.997921,693.3,0.001000
120700,0.009500,1.000000,0.021272,0.997921,693.9,0.001000
120800,0.054206,1.000000,0.158060,0.985447,694.4,0.001000
120900,0.012967,1.000000,0.025046,1.000000,695.0,0.001000
121000,0.928506,0.829167,1.228444,0.725572,695.6,0.001000
121100,0.013674,1.000000,0.031767,0.997921,696.2,0.001000
121200,0.010187,1.000000,0.018556,1.000000,696.7,0.001000
121300,0.013747,1.000000,0.034673,0.997921,697.3,0.001000
121400,0.010762,1.000000,0.020827,0.997921,697.9,0.001000
121500,0.105155,1.000000,0.259086,0.960499,698.5,0.001000
121600,0.012424,1.000000,0.025448,0.997921,699.0,0.001000
121700,0.009487,1.000000,0.016598,1.000000,699.6,0.001000
121800,0.013622,1.000000,0.030641,0.997921,700.2,0.001000
121900,0.011085,1.000000,0.019561,1.000000,700.8,0.001000
122000,0.011735,1.000000,0.024868,1.000000,701.3,0.001000
122100,0.009172,1.000000,0.016203,1.000000,701.9,0.001000
122200,0.014449,1.000000,0.039802,0.997921,702.4,0.001000
122300,0.011541,1.000000,0.019375,1.000000,703.0,0.001000
122400,0.013262,1.000000,0.033432,0.997921,703.5,0.001000
122500,0.011343,1.000000,0.022227,1.000000,704.1,0.001000
122600,0.017164,1.000000,0.041517,0.997921,704.7,0.001000
122700,0.012175,1.000000,0.023249,1.000000,705.3,0.001000
122800,1.736209,0.552083,2.164944,0.399168,705.9,0.001000
122900,0.014348,1.000000,0.031636,0.997921,706.5,0.001000
123000,0.011665,1.000000,0.019172,1.000000,707.0,0.001000
123100,0.021307,1.000000,0.047069,1.000000,707.6,0.001000
123200,0.011566,1.000000,0.019553,1.000000,708.2,0.001000
123300,0.019031,1.000000,0.053135,0.989605,708.8,0.001000
123400,0.011285,1.000000,0.024039,0.997921,709.4,0.001000
123500,0.029143,1.000000,0.074379,0.989605,710.0,0.001000
123600,0.013010,1.000000,0.027129,0.997921,710.6,0.001000
123700,0.008677,1.000000,0.016194,0.997921,711.2,0.001000
123800,0.047727,1.000000,0.127991,0.987526,711.8,0.001000
123900,0.012224,1.000000,0.027702,0.997921,712.4,0.001000
124000,0.186875,0.993750,0.377307,0.941788,713.0,0.001000
124100,0.013148,1.000000,0.028465,0.997921,713.5,0.001000
124200,0.009447,1.000000,0.017425,1.000000,714.1,0.001000
124300,0.014212,1.000000,0.032171,0.997921,714.6,0.001000
124400,0.011621,1.000000,0.020439,0.997921,715.2,0.001000
124500,0.132919,0.995833,0.265989,0.977131,715.8,0.001000
124600,0.013711,1.000000,0.028713,0.997921,716.3,0.001000
124700,0.012757,1.000000,0.021783,1.000000,716.9,0.001000
124800,0.014894,1.000000,0.031570,0.997921,717.4,0.001000
124900,0.010703,1.000000,0.017911,1.000000,718.0,0.001000
125000,0.006242,1.000000,0.010917,1.000000,718.5,0.001000
125100,0.013667,1.000000,0.031293,0.997921,719.0,0.001000
125200,0.011249,1.000000,0.017790,1.000000,719.6,0.001000
125300,0.016760,1.000000,0.037884,0.997921,720.2,0.001000
125400,0.011904,1.000000,0.019450,1.000000,720.8,0.001000
125500,0.301077,0.979167,0.552974,0.866944,721.4,0.001000
125600,0.013512,1.000000,0.024448,1.000000,722.0,0.001000
125700,0.225262,0.985417,0.432417,0.902287,722.6,0.001000
125800,0.012750,1.000000,0.024536,0.997921,723.1,0.001000
125900,0.009534,1.000000,0.015005,1.000000,723.7,0.001000
126000,0.024459,1.000000,0.056466,0.997921,724.2,0.001000
126100,0.012874,1.000000,0.022325,1.000000,724.9,0.001000
126200,0.042792,1.000000,0.082675,0.997921,725.4,0.001000
126300,0.010941,1.000000,0.020501,0.997921,726.0,0.001000
126400,0.007604,1.000000,0.013053,1.000000,726.5,0.001000
126500,0.015891,1.000000,0.041235,0.995842,727.1,0.001000
126600,0.012042,1.000000,0.022336,1.000000,727.6,0.001000
126700,0.374565,0.979167,0.697355,0.866944,728.2,0.001000
126800,0.015942,1.000000,0.037834,0.997921,728.7,0.001000
126900,0.068263,1.000000,0.161589,0.987526,729.3,0.001000
127000,0.010941,1.000000,0.025247,0.997921,729.9,0.001000
127100,0.007545,1.000000,0.014180,1.000000,730.4,0.001000
127200,0.020755,1.000000,0.056734,0.997921,731.0,0.001000
127300,0.010469,1.000000,0.018046,1.000000,731.5,0.001000
127400,0.090909,1.000000,0.214636,0.964657,732.1,0.001000
127500,0.010912,1.000000,0.020806,0.997921,732.7,0.001000
127600,0.007688,1.000000,0.012001,1.000000,733.2,0.001000
127700,0.016331,1.000000,0.040105,0.997921,733.8,0.001000
127800,0.010272,1.000000,0.019396,0.997921,734.3,0.001000
127900,0.016473,1.000000,0.035819,0.997921,735.0,0.001000
128000,0.011182,1.000000,0.019076,0.997921,735.5,0.001000
128100,0.117952,1.000000,0.230065,0.981289,736.1,0.001000
128200,0.013652,1.000000,0.027102,1.000000,736.7,0.001000
128300,0.010341,1.000000,0.016232,1.000000,737.3,0.001000
128400,0.015445,1.000000,0.033606,0.997921,737.8,0.001000
128500,0.011491,1.000000,0.019799,1.000000,738.4,0.001000
128600,0.155674,1.000000,0.321709,0.964657,738.9,0.001000
128700,0.014132,1.000000,0.030680,1.000000,739.5,0.001000
128800,0.307291,0.964583,0.473645,0.891892,740.1,0.001000
128900,0.012640,1.000000,0.023811,1.000000,740.6,0.001000
129000,0.009423,1.000000,0.014537,1.000000,741.1,0.001000
129100,0.028089,1.000000,0.061147,0.997921,741.7,0.001000
129200,0.012520,1.000000,0.023099,1.000000,742.3,0.001000
129300,0.009021,1.000000,0.014632,1.000000,742.9,0.001000
129400,0.013624,1.000000,0.030921,0.997921,743.4,0.001000
129500,0.010816,1.000000,0.018288,1.000000,744.0,0.001000
129600,0.041149,1.000000,0.109832,0.989605,744.5,0.001000
129700,0.011807,1.000000,0.023058,1.000000,745.1,0.001000
129800,0.008834,1.000000,0.014058,1.000000,745.7,0.001000
129900,0.014800,1.000000,0.032783,0.997921,746.2,0.001000
130000,0.011586,1.000000,0.018424,1.000000,746.8,0.001000
130100,0.043830,1.000000,0.109430,0.989605,747.4,0.001000
130200,0.013349,1.000000,0.025884,1.000000,747.9,0.001000
130300,0.130163,0.997917,0.278304,0.970894,748.5,0.001000
130400,0.013430,1.000000,0.027058,0.997921,749.0,0.001000
130500,0.009718,1.000000,0.016783,1.000000,749.6,0.001000
130600,0.020765,1.000000,0.046101,0.997921,750.2,0.001000
130700,0.013628,1.000000,0.023743,1.000000,751.2,0.001000
130800,0.198995,1.000000,0.413616,0.950104,752.0,0.001000
130900,0.014412,1.000000,0.034601,1.000000,752.7,0.001000
131000,0.010403,1.000000,0.020121,1.000000,753.3,0.001000
131100,0.012426,1.000000,0.028234,0.997921,753.9,0.001000
131200,0.009592,1.000000,0.017426,1.000000,754.4,0.001000
131300,0.016008,1.000000,0.046991,0.997921,755.0,0.001000
131400,0.010096,1.000000,0.019082,1.000000,755.5,0.001000
131500,0.093610,1.000000,0.234771,0.972973,756.1,0.001000
131600,0.012000,1.000000,0.027370,0.997921,756.6,0.001000
131700,0.009413,1.000000,0.018308,1.000000,757.1,0.001000
131800,0.014308,1.000000,0.035702,0.997921,757.7,0.001000
131900,0.010666,1.000000,0.017497,1.000000,758.2,0.001000
132000,0.020774,1.000000,0.058058,0.997921,758.8,0.001000
132100,0.011002,1.000000,0.021064,1.000000,759.4,0.001000
132200,0.008482,1.000000,0.014362,1.000000,760.0,0.001000
132300,0.032559,1.000000,0.093381,0.995842,760.5,0.001000
132400,0.011137,1.000000,0.026066,0.997921,761.1,0.001000
132500,0.029524,1.000000,0.084915,0.995842,761.6,0.001000
132600,0.012000,1.000000,0.026001,0.997921,762.2,0.001000
132700,0.007763,1.000000,0.014101,0.997921,762.7,0.001000
132800,0.017207,1.000000,0.039136,1.000000,763.3,0.001000
132900,0.013328,1.000000,0.022913,1.000000,763.8,0.001000
133000,1.904879,0.481250,2.122186,0.405405,764.4,0.001000
133100,0.013590,1.000000,0.031390,0.995842,765.0,0.001000
133200,0.010424,1.000000,0.016546,1.000000,765.6,0.001000
133300,0.014798,1.000000,0.031678,0.997921,766.1,0.001000
133400,0.012659,1.000000,0.019813,1.000000,766.7,0.001000
133500,0.019025,1.000000,0.046153,0.997921,767.3,0.001000
133600,0.014371,1.000000,0.023928,1.000000,767.8,0.001000
133700,2.707799,0.302083,2.970272,0.209979,768.3,0.001000
133800,0.018738,1.000000,0.045898,0.997921,768.9,0.001000
133900,0.011998,1.000000,0.021791,1.000000,769.5,0.001000
134000,0.017645,1.000000,0.037030,1.000000,770.0,0.001000
134100,0.011393,1.000000,0.018140,1.000000,770.6,0.001000
134200,0.031752,1.000000,0.076314,0.993763,771.2,0.001000
134300,0.013064,1.000000,0.024632,0.997921,771.7,0.001000
134400,0.033634,1.000000,0.081361,0.995842,772.2,0.001000
134500,0.013770,1.000000,0.026383,0.997921,772.8,0.001000
134600,0.009074,1.000000,0.015219,1.000000,773.3,0.001000
134700,0.017466,1.000000,0.042870,0.997921,773.9,0.001000
134800,0.012053,1.000000,0.022010,1.000000,774.5,0.001000
134900,0.021921,1.000000,0.057480,0.997921,775.1,0.001000
135000,0.012503,1.000000,0.025005,0.997921,775.7,0.001000
135100,0.009071,1.000000,0.014220,1.000000,776.3,0.001000
135200,0.013748,1.000000,0.030414,0.997921,776.9,0.001000
135300,0.011454,1.000000,0.017812,1.000000,777.4,0.001000
135400,0.015857,1.000000,0.038156,0.997921,778.0,0.001000
135500,0.012028,1.000000,0.022656,1.000000,778.6,0.001000
135600,0.012640,1.000000,0.031285,0.997921,779.1,0.001000
135700,0.010201,1.000000,0.019247,0.997921,779.7,0.001000
135800,0.013986,1.000000,0.039604,0.997921,780.2,0.001000
135900,0.010865,1.000000,0.020053,0.997921,780.8,0.001000
136000,0.006843,1.000000,0.016735,1.000000,781.3,0.001000
136100,0.102877,1.000000,0.328478,0.935551,781.9,0.001000
136200,0.009683,1.000000,0.026410,0.997921,782.5,0.001000
136300,0.021723,1.000000,0.077772,0.987526,783.1,0.001000
136400,0.010873,1.000000,0.024432,1.000000,783.7,0.001000
136500,0.190359,1.000000,0.379362,0.964657,784.2,0.001000
136600,0.013872,1.000000,0.036151,1.000000,784.8,0.001000
136700,0.009586,1.000000,0.017971,1.000000,785.4,0.001000
136800,0.018619,1.000000,0.052277,0.997921,785.9,0.001000
136900,0.011577,1.000000,0.026395,0.997921,786.5,0.001000
137000,0.012211,1.000000,0.040834,0.989605,787.2,0.001000
137100,0.015292,1.000000,0.036028,0.997921,787.7,0.001000
137200,0.011926,1.000000,0.021919,1.000000,788.3,0.001000
137300,0.012550,1.000000,0.026784,0.997921,788.9,0.001000
137400,0.010061,1.000000,0.016172,1.000000,789.5,0.001000
137500,0.005847,1.000000,0.017118,0.993763,790.1,0.001000
137600,0.153803,0.995833,0.376862,0.923077,790.6,0.001000
137700,0.010994,1.000000,0.019496,1.000000,791.2,0.001000
137800,0.009223,1.000000,0.013306,1.000000,791.7,0.001000
137900,0.015869,1.000000,0.034052,1.000000,792.3,0.001000
138000,0.011057,1.000000,0.017755,1.000000,792.9,0.001000
138100,0.016680,1.000000,0.042241,0.997921,793.4,0.001000
138200,0.011120,1.000000,0.021529,1.000000,794.0,0.001000
138300,1.336596,0.629167,1.762181,0.567568,794.5,0.001000
138400,0.012560,1.000000,0.025986,1.000000,795.0,0.001000
138500,0.010636,1.000000,0.015860,1.000000,795.6,0.001000
138600,0.019869,1.000000,0.044077,1.000000,796.2,0.001000
138700,0.012193,1.000000,0.019639,1.000000,796.7,0.001000
138800,0.007292,1.000000,0.010237,1.000000,797.3,0.001000
138900,0.015310,1.000000,0.036533,0.997921,797.9,0.001000
139000,0.011463,1.000000,0.017224,1.000000,798.4,0.001000
139100,3.019585,0.252083,3.159995,0.130977,798.9,0.001000
139200,0.024512,1.000000,0.064433,1.000000,799.5,0.001000
139300,0.298934,0.987500,0.522465,0.927235,800.0,0.001000
139400,0.015773,1.000000,0.031220,1.000000,800.7,0.001000
139500,0.010225,1.000000,0.015040,1.000000,801.2,0.001000
139600,0.032140,1.000000,0.075782,0.997921,801.8,0.001000
139700,0.011879,1.000000,0.019425,1.000000,802.4,0.001000
139800,0.010120,1.000000,0.015276,1.000000,803.0,0.001000
139900,0.013388,1.000000,0.025310,1.000000,803.5,0.001000
140000,0.010480,1.000000,0.015277,1.000000,804.1,0.001000
140100,0.016063,1.000000,0.037472,0.997921,804.7,0.001000
140200,0.011388,1.000000,0.018705,1.000000,805.2,0.001000
140300,0.016558,1.000000,0.037896,0.997921,805.7,0.001000
140400,0.011283,1.000000,0.018989,1.000000,806.3,0.001000
140500,2.494463,0.333333,2.766206,0.278586,806.9,0.001000
140600,0.013076,1.000000,0.031877,0.997921,807.4,0.001000
140700,0.011349,1.000000,0.018925,1.000000,808.0,0.001000
140800,0.014738,1.000000,0.038275,0.995842,808.6,0.001000
140900,0.012288,1.000000,0.020014,1.000000,809.1,0.001000
141000,0.036487,1.000000,0.081151,0.997921,809.6,0.001000
141100,0.014357,1.000000,0.026089,1.000000,810.2,0.001000
141200,0.010296,1.000000,0.016904,1.000000,810.8,0.001000
141300,0.034331,1.000000,0.084521,0.997921,811.4,0.001000
141400,0.013455,1.000000,0.027194,1.000000,812.0,0.001000
141500,0.009634,1.000000,0.015296,1.000000,812.5,0.001000
141600,0.016799,1.000000,0.036909,1.000000,813.1,0.001000
141700,0.012618,1.000000,0.020134,1.000000,813.6,0.001000
141800,0.025590,1.000000,0.063573,0.993763,814.2,0.001000
141900,0.013009,1.000000,0.021846,1.000000,814.8,0.001000
142000,0.008545,1.000000,0.012830,1.000000,815.3,0.001000
142100,0.013648,1.000000,0.031426,1.000000,815.9,0.001000
142200,0.010902,1.000000,0.018539,1.000000,816.5,0.001000
142300,0.015161,1.000000,0.037063,0.997921,817.1,0.001000
142400,0.012160,1.000000,0.019376,1.000000,817.7,0.001000
142500,0.719378,0.837500,1.122063,0.706861,818.2,0.001000
142600,0.016469,1.000000,0.036471,1.000000,818.8,0.001000
142700,0.013224,1.000000,0.020434,1.000000,819.4,0.001000
142800,0.015749,1.000000,0.034365,0.997921,820.0,0.001000
142900,0.012524,1.000000,0.018599,1.000000,820.5,0.001000
143000,0.013932,1.000000,0.032444,0.997921,821.1,0.001000
143100,0.011347,1.000000,0.018860,1.000000,821.6,0.001000
143200,0.558753,0.895833,0.901034,0.771310,822.2,0.001000
143300,0.012543,1.000000,0.031614,0.997921,822.8,0.001000
143400,0.010213,1.000000,0.016057,1.000000,823.3,0.001000
143500,0.014232,1.000000,0.036216,0.997921,823.9,0.001000
143600,0.011235,1.000000,0.019217,1.000000,824.5,0.001000
143700,0.051641,1.000000,0.151032,0.975052,825.0,0.001000
143800,0.013097,1.000000,0.026518,1.000000,825.6,0.001000
143900,0.028897,1.000000,0.071881,0.995842,826.1,0.001000
144000,0.011154,1.000000,0.018607,1.000000,826.7,0.001000
144100,0.007112,1.000000,0.010337,1.000000,827.4,0.001000
144200,0.017750,1.000000,0.043648,0.995842,828.0,0.001000
144300,0.010903,1.000000,0.019534,1.000000,828.6,0.001000
144400,0.083049,1.000000,0.192098,0.991684,829.2,0.001000
144500,0.013439,1.000000,0.024764,1.000000,829.7,0.001000
144600,0.010453,1.000000,0.016046,1.000000,830.3,0.001000
144700,0.014790,1.000000,0.030353,1.000000,830.8,0.001000
144800,0.011493,1.000000,0.016530,1.000000,831.4,0.001000
144900,0.012840,1.000000,0.025534,1.000000,832.0,0.001000
145000,0.010812,1.000000,0.015673,1.000000,832.9,0.001000
145100,0.212501,0.993750,0.398399,0.933472,833.5,0.001000
145200,0.014627,1.000000,0.025739,1.000000,834.0,0.001000
145300,0.012029,1.000000,0.016892,1.000000,834.6,0.001000
145400,0.018921,1.000000,0.041842,1.000000,835.2,0.001000
145500,0.012310,1.000000,0.019383,1.000000,835.9,0.001000
145600,0.021485,1.000000,0.047598,1.000000,836.6,0.001000
145700,0.010824,1.000000,0.017759,1.000000,837.1,0.001000
145800,0.055327,1.000000,0.120899,0.985447,837.7,0.001000
145900,0.010895,1.000000,0.019817,1.000000,838.3,0.001000
146000,0.007863,1.000000,0.011891,1.000000,838.9,0.001000
146100,0.021700,1.000000,0.043760,1.000000,839.4,0.001000
146200,0.012260,1.000000,0.019517,1.000000,840.0,0.001000
146300,0.024317,1.000000,0.060205,0.997921,840.6,0.001000
146400,0.012315,1.000000,0.020693,1.000000,841.1,0.001000
146500,0.088392,1.000000,0.186040,0.979210,841.7,0.001000
146600,0.013982,1.000000,0.027096,1.000000,842.3,0.001000
146700,0.010135,1.000000,0.015366,1.000000,842.9,0.001000
146800,0.028014,1.000000,0.068967,0.997921,843.5,0.001000
146900,0.013071,1.000000,0.023138,1.000000,844.0,0.001000
147000,0.626100,0.906250,0.999048,0.756757,844.6,0.001000
147100,0.016341,1.000000,0.043942,0.997921,845.2,0.001000
147200,0.010722,1.000000,0.017995,1.000000,845.7,0.001000
147300,0.014242,1.000000,0.026279,1.000000,846.2,0.001000
147400,0.010021,1.000000,0.014803,1.000000,846.8,0.001000
147500,0.039405,1.000000,0.091649,1.000000,847.4,0.001000
147600,0.013047,1.000000,0.023100,1.000000,848.0,0.001000
147700,0.380738,0.943750,0.615353,0.873181,848.5,0.001000
147800,0.013281,1.000000,0.024651,1.000000,849.1,0.001000
147900,0.010193,1.000000,0.014993,1.000000,849.7,0.001000
148000,0.039891,1.000000,0.092965,1.000000,850.2,0.001000
148100,0.010884,1.000000,0.018160,1.000000,850.8,0.001000
148200,0.047223,1.000000,0.102684,0.997921,851.3,0.001000
148300,0.012160,1.000000,0.020686,1.000000,851.8,0.001000
148400,0.104494,1.000000,0.204509,0.997921,852.4,0.001000
148500,0.013637,1.000000,0.024030,1.000000,853.0,0.001000
148600,0.009938,1.000000,0.014124,1.000000,853.5,0.001000
148700,0.052551,1.000000,0.137799,0.991684,854.1,0.001000
148800,0.013400,1.000000,0.026943,1.000000,854.6,0.001000
148900,0.009264,1.000000,0.013860,1.000000,855.2,0.001000
149000,0.016584,1.000000,0.035901,1.000000,855.7,0.001000
149100,0.012734,1.000000,0.019172,1.000000,856.3,0.001000
149200,0.865529,0.802083,1.383938,0.644491,856.9,0.001000
149300,0.014957,1.000000,0.029013,1.000000,857.5,0.001000
149400,0.010592,1.000000,0.015080,1.000000,858.0,0.001000
149500,0.013118,1.000000,0.024373,1.000000,858.5,0.001000
149600,0.010025,1.000000,0.014238,1.000000,859.1,0.001000
149700,0.037275,1.000000,0.076206,0.997921,859.7,0.001000
149800,0.011846,1.000000,0.019315,1.000000,860.2,0.001000
149900,0.171849,0.991667,0.346032,0.950104,860.8,0.001000
150000,0.012633,1.000000,0.022332,1.000000,861.3,0.001000
150100,0.010929,1.000000,0.017487,1.000000,861.8,0.001000
150200,0.058237,1.000000,0.156079,0.991684,862.4,0.001000
150300,0.011584,1.000000,0.022411,1.000000,862.9,0.001000
150400,0.077103,1.000000,0.168521,0.987526,863.5,0.001000
150500,0.014329,1.000000,0.028607,1.000000,864.0,0.001000
150600,0.010502,1.000000,0.016616,1.000000,864.5,0.001000
150700,0.040363,1.000000,0.097090,0.995842,865.1,0.001000
150800,0.012407,1.000000,0.021684,1.000000,865.7,0.001000
150900,1.099872,0.679167,1.354518,0.577963,866.3,0.001000
151000,0.012841,1.000000,0.021333,1.000000,866.8,0.001000
151100,0.009897,1.000000,0.014044,1.000000,867.4,0.001000
151200,0.025827,1.000000,0.057619,0.997921,867.9,0.001000
151300,0.012566,1.000000,0.020549,1.000000,868.5,0.001000
151400,0.076749,1.000000,0.161192,0.989605,869.0,0.001000
151500,0.014203,1.000000,0.023990,1.000000,869.6,0.001000
151600,0.010015,1.000000,0.015073,1.000000,870.1,0.001000
151700,0.022912,1.000000,0.048673,0.997921,870.7,0.001000
151800,0.011467,1.000000,0.017000,1.000000,871.2,0.001000
151900,0.039414,1.000000,0.080110,0.997921,871.8,0.001000
152000,0.012485,1.000000,0.019793,1.000000,872.3,0.001000
152100,2.855617,0.258333,2.961043,0.249480,872.8,0.001000
152200,0.013087,1.000000,0.026226,1.000000,873.4,0.001000
152300,0.010524,1.000000,0.015196,1.000000,874.0,0.001000
152400,0.021905,1.000000,0.039592,1.000000,874.5,0.001000
152500,0.013425,1.000000,0.020401,1.000000,875.1,0.001000
152600,0.391357,0.952083,0.701232,0.833680,875.6,0.001000
152700,0.013099,1.000000,0.027987,1.000000,876.2,0.001000
152800,0.010558,1.000000,0.015011,1.000000,876.7,0.001000
152900,0.040835,1.000000,0.096328,1.000000,877.2,0.001000
153000,0.013277,1.000000,0.022161,1.000000,877.8,0.001000
153100,0.041227,1.000000,0.095055,0.997921,878.3,0.001000
153200,0.011363,1.000000,0.018581,1.000000,878.9,0.001000
153300,0.226737,0.985417,0.433139,0.927235,879.5,0.001000
153400,0.013161,1.000000,0.024634,1.000000,880.0,0.001000
153500,0.010192,1.000000,0.014400,1.000000,880.5,0.001000
153600,0.018871,1.000000,0.043059,0.997921,881.1,0.001000
153700,0.012915,1.000000,0.019543,1.000000,881.6,0.001000
153800,0.081873,1.000000,0.168749,0.989605,882.2,0.001000
153900,0.014287,1.000000,0.024929,1.000000,882.7,0.001000
154000,0.011353,1.000000,0.016108,1.000000,883.3,0.001000
154100,0.013537,1.000000,0.027216,1.000000,883.8,0.001000
154200,0.010493,1.000000,0.015063,1.000000,884.4,0.001000
154300,0.170615,0.991667,0.297968,0.966736,884.9,0.001000
154400,0.013543,1.000000,0.024993,1.000000,885.4,0.001000
154500,0.010954,1.000000,0.015298,1.000000,886.0,0.001000
154600,0.017636,1.000000,0.040148,0.997921,886.5,0.001000
154700,0.012860,1.000000,0.019476,1.000000,887.0,0.001000
154800,0.008216,1.000000,0.012142,1.000000,887.6,0.001000
154900,0.027769,1.000000,0.066481,0.995842,888.2,0.001000
155000,0.354625,0.939583,0.533404,0.875260,888.7,0.001000
155100,0.012767,1.000000,0.021169,1.000000,889.2,0.001000
155200,0.008928,1.000000,0.012538,1.000000,889.7,0.001000
155300,0.011515,1.000000,0.022933,1.000000,890.3,0.001000
155400,0.009945,1.000000,0.014436,1.000000,890.8,0.001000
155500,0.012667,1.000000,0.033572,0.995842,891.4,0.001000
155600,0.010190,1.000000,0.016201,1.000000,891.9,0.001000
155700,0.103300,1.000000,0.229295,0.979210,892.4,0.001000
155800,0.014195,1.000000,0.024299,1.000000,893.0,0.001000
155900,0.570419,0.845833,0.833315,0.756757,893.5,0.001000
156000,0.011525,1.000000,0.020676,1.000000,894.0,0.001000
156100,0.008554,1.000000,0.012356,1.000000,894.6,0.001000
156200,0.012517,1.000000,0.025237,1.000000,895.2,0.001000
156300,0.010217,1.000000,0.014908,1.000000,895.7,0.001000
156400,0.019031,1.000000,0.040237,1.000000,896.3,0.001000
156500,0.012829,1.000000,0.020036,1.000000,896.8,0.001000
156600,0.030370,1.000000,0.063607,0.997921,897.3,0.001000
156700,0.012668,1.000000,0.020192,1.000000,897.9,0.001000
156800,0.109368,1.000000,0.255226,0.956341,898.4,0.001000
156900,0.012867,1.000000,0.030248,1.000000,899.0,0.001000
157000,0.010267,1.000000,0.014999,1.000000,899.5,0.001000
157100,0.013822,1.000000,0.025679,1.000000,900.1,0.001000
157200,0.011230,1.000000,0.015177,1.000000,900.6,0.001000
157300,0.024625,1.000000,0.050920,0.997921,901.1,0.001000
157400,0.011770,1.000000,0.018482,1.000000,901.7,0.001000
157500,0.117884,1.000000,0.257474,0.970894,902.3,0.001000
157600,0.013885,1.000000,0.025707,1.000000,902.8,0.001000
157700,0.009789,1.000000,0.014337,1.000000,903.4,0.001000
157800,0.013295,1.000000,0.025564,1.000000,904.0,0.001000
157900,0.010715,1.000000,0.014921,1.000000,904.5,0.001000
158000,0.064731,1.000000,0.131817,0.991684,905.1,0.001000
158100,0.012948,1.000000,0.020393,1.000000,905.6,0.001000
158200,0.009457,1.000000,0.013224,1.000000,906.1,0.001000
158300,0.018270,1.000000,0.035949,1.000000,906.7,0.001000
158400,0.012920,1.000000,0.018659,1.000000,907.3,0.001000
158500,0.111402,1.000000,0.234726,0.979210,907.9,0.001000
158600,0.013792,1.000000,0.024515,1.000000,908.4,0.001000
158700,0.010537,1.000000,0.014504,1.000000,909.0,0.001000
158800,0.089645,1.000000,0.181978,0.993763,909.6,0.001000
158900,0.014382,1.000000,0.024877,1.000000,910.1,0.001000
159000,0.127544,1.000000,0.255261,0.972973,910.7,0.001000
159100,0.013804,1.000000,0.021744,1.000000,911.3,0.001000
159200,0.010020,1.000000,0.013840,1.000000,911.8,0.001000
159300,0.023754,1.000000,0.048283,1.000000,912.4,0.001000
159400,0.013660,1.000000,0.019614,1.000000,913.0,0.001000
159500,0.207932,0.995833,0.349152,0.960499,913.5,0.001000
159600,0.014225,1.000000,0.024307,1.000000,914.0,0.001000
159700,0.011020,1.000000,0.014709,1.000000,914.6,0.001000
159800,0.012707,1.000000,0.022237,1.000000,915.2,0.001000
159900,0.009058,1.000000,0.012442,1.000000,915.8,0.001000
160000,0.021259,1.000000,0.042402,0.997921,916.5,0.001000
160100,0.013402,1.000000,0.019851,1.000000,917.2,0.001000
160200,2.849191,0.289583,2.918166,0.237006,917.8,0.001000
160300,0.016118,1.000000,0.032337,1.000000,918.5,0.001000
160400,0.011154,1.000000,0.015444,1.000000,919.2,0.001000
160500,0.019265,1.000000,0.039102,1.000000,919.9,0.001000
160600,0.011811,1.000000,0.018034,1.000000,920.5,0.001000
160700,0.047763,1.000000,0.111732,0.989605,921.1,0.001000
160800,0.011988,1.000000,0.019893,1.000000,921.6,0.001000
160900,0.008679,1.000000,0.012246,1.000000,922.2,0.001000
161000,0.015489,1.000000,0.032716,1.000000,922.7,0.001000
161100,0.011580,1.000000,0.016793,1.000000,923.3,0.001000
161200,0.038574,1.000000,0.081892,0.997921,923.8,0.001000
161300,0.012210,1.000000,0.019159,1.000000,924.4,0.001000
161400,0.048171,1.000000,0.107674,0.993763,924.9,0.001000
161500,0.012549,1.000000,0.022759,1.000000,925.5,0.001000
161600,2.100730,0.518750,2.405463,0.451143,926.1,0.001000
161700,0.014811,1.000000,0.030370,1.000000,926.6,0.001000
161800,0.010706,1.000000,0.015218,1.000000,927.1,0.001000
161900,0.027305,1.000000,0.064301,0.997921,927.7,0.001000
162000,0.012332,1.000000,0.020115,1.000000,928.3,0.001000
162100,0.009526,1.000000,0.013002,1.000000,928.8,0.001000
162200,0.050888,1.000000,0.124099,0.989605,929.4,0.001000
162300,0.012378,1.000000,0.021282,1.000000,930.0,0.001000
162400,0.322931,0.977083,0.512039,0.912682,930.5,0.001000
162500,0.013629,1.000000,0.024770,1.000000,931.1,0.001000
162600,0.010106,1.000000,0.013882,1.000000,931.6,0.001000
162700,0.007440,1.000000,0.011515,1.000000,932.1,0.001000
162800,0.014109,1.000000,0.030434,1.000000,932.7,0.001000
162900,0.011227,1.000000,0.016054,1.000000,933.3,0.001000
163000,0.042293,1.000000,0.082911,0.997921,933.8,0.001000
163100,0.013553,1.000000,0.026000,1.000000,934.3,0.001000
163200,0.070704,1.000000,0.143774,0.987526,934.9,0.001000
163300,0.013970,1.000000,0.022711,1.000000,935.4,0.001000
163400,0.010056,1.000000,0.013805,1.000000,936.0,0.001000
163500,0.015029,1.000000,0.025826,1.000000,936.5,0.001000
163600,0.011880,1.000000,0.016412,1.000000,937.1,0.001000
163700,0.033125,1.000000,0.067940,1.000000,937.7,0.001000
163800,0.013499,1.000000,0.020290,1.000000,938.2,0.001000
163900,0.058045,1.000000,0.104967,1.000000,938.8,0.001000
164000,0.013046,1.000000,0.020867,1.000000,939.3,0.001000
164100,0.009256,1.000000,0.012822,1.000000,939.9,0.001000
164200,0.015571,1.000000,0.030513,1.000000,940.4,0.001000
164300,0.011790,1.000000,0.016795,1.000000,941.0,0.001000
164400,0.022360,1.000000,0.043660,1.000000,941.6,0.001000
164500,0.013102,1.000000,0.019348,1.000000,942.1,0.001000
164600,0.403550,0.954167,0.777999,0.817048,942.6,0.001000
164700,0.014482,1.000000,0.025875,1.000000,943.2,0.001000
164800,0.011161,1.000000,0.015666,1.000000,943.7,0.001000
164900,0.021067,1.000000,0.043784,0.997921,944.3,0.001000
165000,0.012937,1.000000,0.018947,1.000000,944.8,0.001000
165100,0.019967,1.000000,0.046113,0.995842,945.4,0.001000
165200,0.012209,1.000000,0.017906,1.000000,945.9,0.001000
165300,1.213494,0.710417,1.792477,0.515593,946.4,0.001000
165400,0.016185,1.000000,0.032367,1.000000,947.0,0.001000
165500,0.011528,1.000000,0.017327,1.000000,947.5,0.001000
165600,0.017889,1.000000,0.037724,1.000000,948.1,0.001000
165700,0.010656,1.000000,0.016441,1.000000,948.6,0.001000
165800,0.073206,1.000000,0.165409,0.985447,949.2,0.001000
165900,0.014335,1.000000,0.026605,1.000000,949.9,0.001000
166000,0.010221,1.000000,0.015056,1.000000,950.5,0.001000
166100,0.017935,1.000000,0.034245,1.000000,951.0,0.001000
166200,0.013063,1.000000,0.018907,1.000000,951.6,0.001000
166300,0.007808,1.000000,0.010591,1.000000,952.1,0.001000
166400,0.015248,1.000000,0.027823,1.000000,952.6,0.001000
166500,0.013154,1.000000,0.017857,1.000000,953.2,0.001000
166600,0.090697,1.000000,0.193298,0.983368,953.7,0.001000
166700,0.014433,1.000000,0.022806,1.000000,954.3,0.001000
166800,0.010897,1.000000,0.015026,1.000000,954.9,0.001000
166900,0.022097,1.000000,0.047072,1.000000,955.4,0.001000
167000,0.011984,1.000000,0.017901,1.000000,956.0,0.001000
167100,0.008707,1.000000,0.012116,1.000000,956.5,0.001000
167200,0.016418,1.000000,0.032151,1.000000,957.1,0.001000
167300,0.011265,1.000000,0.016666,1.000000,957.8,0.001000
167400,0.032319,1.000000,0.063909,1.000000,958.3,0.001000
167500,0.011580,1.000000,0.018112,1.000000,958.9,0.001000
167600,0.008469,1.000000,0.011971,1.000000,959.4,0.001000
167700,0.018917,1.000000,0.033108,1.000000,960.0,0.001000
167800,0.010242,1.000000,0.014870,1.000000,960.6,0.001000
167900,0.040307,1.000000,0.089015,0.995842,961.2,0.001000
168000,0.013655,1.000000,0.020690,1.000000,961.8,0.001000
168100,0.009592,1.000000,0.012947,1.000000,962.4,0.001000
168200,0.016293,1.000000,0.027379,1.000000,962.9,0.001000
168300,0.011258,1.000000,0.014782,1.000000,963.5,0.001000
168400,0.014971,1.000000,0.027428,1.000000,964.0,0.001000
168500,0.011057,1.000000,0.015068,1.000000,964.6,0.001000
168600,2.867501,0.233333,3.108630,0.153846,965.2,0.001000
168700,0.023183,1.000000,0.048993,0.995842,965.7,0.001000
168800,0.011081,1.000000,0.017523,1.000000,966.4,0.001000
168900,0.026277,1.000000,0.057671,0.995842,967.2,0.001000
169000,0.012125,1.000000,0.018304,1.000000,967.7,0.001000
169100,0.216161,0.991667,0.410036,0.929314,968.3,0.001000
169200,0.013797,1.000000,0.022371,1.000000,968.9,0.001000
169300,0.009445,1.000000,0.012921,1.000000,969.4,0.001000
169400,0.015411,1.000000,0.028100,1.000000,970.0,0.001000
169500,0.011023,1.000000,0.015189,1.000000,970.5,0.001000
169600,0.100484,1.000000,0.213653,0.979210,971.0,0.001000
169700,0.014560,1.000000,0.030285,0.997921,971.6,0.001000
169800,0.009946,1.000000,0.013997,1.000000,972.2,0.001000
169900,0.018433,1.000000,0.034512,0.997921,972.7,0.001000
170000,0.012305,1.000000,0.016652,1.000000,973.3,0.001000
170100,0.018094,1.000000,0.037270,1.000000,973.9,0.001000
170200,0.012249,1.000000,0.017082,1.000000,974.5,0.001000
170300,0.636917,0.864583,1.013111,0.719335,975.0,0.001000
170400,0.014676,1.000000,0.027573,1.000000,975.7,0.001000
170500,0.010861,1.000000,0.015364,1.000000,976.2,0.001000
170600,0.026494,1.000000,0.054793,1.000000,976.8,0.001000
170700,0.013166,1.000000,0.020843,1.000000,977.4,0.001000
170800,0.008816,1.000000,0.012156,1.000000,977.9,0.001000
170900,0.018369,1.000000,0.034772,1.000000,978.5,0.001000
171000,0.011481,1.000000,0.017067,1.000000,979.1,0.001000
171100,0.083699,1.000000,0.178548,0.985447,979.6,0.001000
171200,0.013248,1.000000,0.022411,1.000000,980.2,0.001000
171300,0.009900,1.000000,0.013427,1.000000,980.7,0.001000
171400,0.025712,1.000000,0.054038,1.000000,981.3,0.001000
171500,0.012504,1.000000,0.019905,1.000000,981.9,0.001000
171600,0.009610,1.000000,0.013710,1.000000,982.4,0.001000
171700,0.020318,1.000000,0.042121,1.000000,983.0,0.001000
171800,0.011297,1.000000,0.017303,1.000000,983.5,0.001000
171900,0.027276,1.000000,0.058984,0.997921,984.1,0.001000
172000,0.014648,1.000000,0.020835,1.000000,984.7,0.001000
172100,0.009557,1.000000,0.012545,1.000000,985.2,0.001000
172200,0.022212,1.000000,0.045947,1.000000,985.8,0.001000
172300,0.011724,1.000000,0.017356,1.000000,986.3,0.001000
172400,0.030077,1.000000,0.061641,0.997921,986.9,0.001000
172500,0.013550,1.000000,0.020538,1.000000,987.4,0.001000
172600,0.501860,0.914583,0.731725,0.854470,988.0,0.001000
172700,0.013362,1.000000,0.022141,1.000000,988.6,0.001000
172800,0.009588,1.000000,0.013187,1.000000,989.1,0.001000
172900,0.045419,1.000000,0.105459,0.995842,989.7,0.001000
173000,0.014374,1.000000,0.024458,1.000000,990.2,0.001000
173100,0.010336,1.000000,0.013726,1.000000,990.7,0.001000
173200,0.012057,1.000000,0.020694,1.000000,991.3,0.001000
173300,0.009450,1.000000,0.013153,1.000000,991.9,0.001000
173400,0.086569,1.000000,0.176820,0.987526,992.4,0.001000
173500,0.012312,1.000000,0.020384,1.000000,993.0,0.001000
173600,0.009931,1.000000,0.013707,1.000000,993.5,0.001000
173700,0.014866,1.000000,0.027897,1.000000,994.1,0.001000
173800,0.011546,1.000000,0.015718,1.000000,994.6,0.001000
173900,0.534043,0.925000,0.867830,0.817048,995.1,0.001000
174000,0.013903,1.000000,0.025019,1.000000,995.7,0.001000
174100,0.009933,1.000000,0.013646,1.000000,996.2,0.001000
174200,0.014788,1.000000,0.029481,1.000000,996.8,0.001000
174300,0.011690,1.000000,0.016541,1.000000,997.4,0.001000
174400,0.022158,1.000000,0.046403,0.997921,997.9,0.001000
174500,0.012787,1.000000,0.020208,1.000000,998.5,0.001000
174600,0.008286,1.000000,0.011999,1.000000,999.0,0.001000
174700,0.024191,1.000000,0.059416,0.997921,999.6,0.001000
174800,0.012074,1.000000,0.019685,1.000000,1000.1,0.001000
174900,0.028911,1.000000,0.063174,0.997921,1000.7,0.001000
175000,0.013522,1.000000,0.021777,1.000000,1001.2,0.001000
175100,3.289390,0.325000,3.440432,0.293139,1001.7,0.001000
175200,0.013002,1.000000,0.022719,1.000000,1002.2,0.001000
175300,0.010433,1.000000,0.014616,1.000000,1002.8,0.001000
175400,0.026541,1.000000,0.053673,0.997921,1003.4,0.001000
175500,0.012460,1.000000,0.018866,1.000000,1003.9,0.001000
175600,0.045422,1.000000,0.102596,0.997921,1004.5,0.001000
175700,0.011622,1.000000,0.019595,1.000000,1005.0,0.001000
175800,2.084818,0.450000,2.298719,0.397089,1005.6,0.001000
175900,0.015006,1.000000,0.027038,1.000000,1006.1,0.001000
176000,0.011607,1.000000,0.016446,1.000000,1006.7,0.001000
176100,0.021243,1.000000,0.047345,1.000000,1007.2,0.001000
176200,0.012680,1.000000,0.019066,1.000000,1007.8,0.001000
176300,3.893658,0.204167,4.016376,0.172557,1008.3,0.001000
176400,0.019384,1.000000,0.052473,1.000000,1008.9,0.001000
176500,0.011686,1.000000,0.018869,1.000000,1009.6,0.001000
176600,0.031701,1.000000,0.071423,0.993763,1010.2,0.001000
176700,0.012610,1.000000,0.020958,1.000000,1010.7,0.001000
176800,0.046736,1.000000,0.102872,1.000000,1011.3,0.001000
176900,0.012663,1.000000,0.020296,1.000000,1011.9,0.001000
177000,0.008344,1.000000,0.012169,1.000000,1012.4,0.001000
177100,0.017552,1.000000,0.038422,1.000000,1013.0,0.001000
177200,0.011285,1.000000,0.016748,1.000000,1013.5,0.001000
177300,0.018710,1.000000,0.038746,1.000000,1014.1,0.001000
177400,0.012128,1.000000,0.017842,1.000000,1014.7,0.001000
177500,0.007627,1.000000,0.011244,1.000000,1015.2,0.001000
177600,0.014049,1.000000,0.024250,1.000000,1015.8,0.001000
177700,0.011111,1.000000,0.016208,1.000000,1016.3,0.001000
177800,0.025296,1.000000,0.051659,0.997921,1016.9,0.001000
177900,0.012241,1.000000,0.018563,1.000000,1017.5,0.001000
178000,3.567554,0.110417,3.644507,0.085239,1018.0,0.001000
178100,0.019255,1.000000,0.048272,1.000000,1018.6,0.001000
178200,0.011457,1.000000,0.017952,1.000000,1019.1,0.001000
178300,0.030049,1.000000,0.062129,0.995842,1019.7,0.001000
178400,0.012746,1.000000,0.019534,1.000000,1020.2,0.001000
178500,0.008453,1.000000,0.011433,1.000000,1020.8,0.001000
178600,0.015954,1.000000,0.028553,1.000000,1021.4,0.001000
178700,0.010756,1.000000,0.014947,1.000000,1021.9,0.001000
178800,0.020965,1.000000,0.040234,1.000000,1022.5,0.001000
178900,0.012265,1.000000,0.018617,1.000000,1023.1,0.001000
179000,0.030251,1.000000,0.070843,1.000000,1023.7,0.001000
179100,0.013878,1.000000,0.025747,1.000000,1024.2,0.001000
179200,0.008780,1.000000,0.012867,1.000000,1024.8,0.001000
179300,0.014735,1.000000,0.027601,1.000000,1025.3,0.001000
179400,0.011360,1.000000,0.016747,1.000000,1025.8,0.001000
179500,0.034673,1.000000,0.080263,0.997921,1026.4,0.001000
179600,0.014491,1.000000,0.024405,1.000000,1027.0,0.001000
179700,0.408766,0.912500,0.624598,0.852391,1027.5,0.001000
179800,0.013016,1.000000,0.023394,1.000000,1028.1,0.001000
179900,0.009608,1.000000,0.013614,1.000000,1028.6,0.001000
180000,0.025048,1.000000,0.060930,0.997921,1029.2,0.001000
180100,0.012824,1.000000,0.020822,1.000000,1029.8,0.001000
180200,0.247090,0.968750,0.492130,0.883576,1030.3,0.001000
180300,0.016006,1.000000,0.027815,1.000000,1030.9,0.001000
180400,0.011018,1.000000,0.015693,1.000000,1031.4,0.001000
180500,0.025813,1.000000,0.056592,1.000000,1032.0,0.001000
180600,0.012781,1.000000,0.020163,1.000000,1032.6,0.001000
180700,0.046693,1.000000,0.107510,0.993763,1033.2,0.001000
180800,0.014717,1.000000,0.025214,1.000000,1033.8,0.001000
180900,0.009907,1.000000,0.013540,1.000000,1034.3,0.001000
181000,0.015182,1.000000,0.034828,0.997921,1035.0,0.001000
181100,0.011566,1.000000,0.017307,1.000000,1035.6,0.001000
181200,0.841153,0.839583,1.328472,0.683992,1036.2,0.001000
181300,0.017146,1.000000,0.033534,1.000000,1036.7,0.001000
181400,0.011255,1.000000,0.017195,1.000000,1037.3,0.001000
181500,0.016261,1.000000,0.035333,0.997921,1037.8,0.001000
181600,0.011053,1.000000,0.017300,1.000000,1038.4,0.001000
181700,0.412181,0.954167,0.617504,0.875260,1038.9,0.001000
181800,0.018178,1.000000,0.033600,1.000000,1039.6,0.001000
181900,0.010757,1.000000,0.015624,1.000000,1040.2,0.001000
182000,0.015318,1.000000,0.032501,1.000000,1040.8,0.001000
182100,0.011521,1.000000,0.017241,1.000000,1041.4,0.001000
182200,0.030784,1.000000,0.068411,0.997921,1042.1,0.001000
182300,0.012101,1.000000,0.018869,1.000000,1042.7,0.001000
182400,0.008486,1.000000,0.011687,1.000000,1043.3,0.001000
182500,0.016670,1.000000,0.032084,1.000000,1043.8,0.001000
182600,0.012190,1.000000,0.016881,1.000000,1044.4,0.001000
182700,1.772785,0.545833,2.208214,0.386694,1045.0,0.001000
182800,0.014643,1.000000,0.025884,1.000000,1045.5,0.001000
182900,0.010502,1.000000,0.014460,1.000000,1046.1,0.001000
183000,0.015930,1.000000,0.028366,1.000000,1046.7,0.001000
183100,0.011926,1.000000,0.016526,1.000000,1047.2,0.001000
183200,0.056579,1.000000,0.124713,0.995842,1047.8,0.001000
183300,0.013956,1.000000,0.022410,1.000000,1048.4,0.001000
183400,0.010034,1.000000,0.013435,1.000000,1048.9,0.001000
183500,0.019184,1.000000,0.036608,1.000000,1049.5,0.001000
183600,0.012709,1.000000,0.017975,1.000000,1050.0,0.001000
183700,0.018868,1.000000,0.036303,1.000000,1050.6,0.001000
183800,0.011945,1.000000,0.017834,1.000000,1051.1,0.001000
183900,0.233583,0.985417,0.400116,0.941788,1051.7,0.001000
184000,0.014633,1.000000,0.024523,1.000000,1052.3,0.001000
184100,0.011598,1.000000,0.016097,1.000000,1052.9,0.001000
184200,0.019494,1.000000,0.040536,1.000000,1053.5,0.001000
184300,0.012356,1.000000,0.018341,1.000000,1054.0,0.001000
184400,0.038296,1.000000,0.079018,0.995842,1054.6,0.001000
184500,0.012401,1.000000,0.019503,1.000000,1055.1,0.001000
184600,0.008601,1.000000,0.012109,1.000000,1055.7,0.001000
184700,0.022535,1.000000,0.066864,0.995842,1056.2,0.001000
184800,0.011858,1.000000,0.020790,1.000000,1056.8,0.001000
184900,0.035636,1.000000,0.077960,0.997921,1057.4,0.001000
185000,0.012539,1.000000,0.019198,1.000000,1057.9,0.001000
185100,2.342165,0.339583,2.585187,0.307692,1058.5,0.001000
185200,0.014368,1.000000,0.025601,1.000000,1059.0,0.001000
185300,0.011319,1.000000,0.015858,1.000000,1059.5,0.001000
185400,2.651798,0.260417,2.841898,0.199584,1060.2,0.001000
185500,0.014868,1.000000,0.029557,1.000000,1060.7,0.001000
185600,0.010267,1.000000,0.015047,1.000000,1061.3,0.001000
185700,0.035548,1.000000,0.073564,0.997921,1061.9,0.001000
185800,0.012447,1.000000,0.018040,1.000000,1062.4,0.001000
185900,3.199280,0.312500,3.376728,0.282744,1063.0,0.001000
186000,0.015093,1.000000,0.026254,1.000000,1063.6,0.001000
186100,0.011780,1.000000,0.016585,1.000000,1064.1,0.001000
186200,0.040630,1.000000,0.085256,0.997921,1064.7,0.001000
186300,0.013641,1.000000,0.020570,1.000000,1065.2,0.001000
186400,1.502639,0.604167,1.683649,0.561331,1065.7,0.001000
186500,0.013579,1.000000,0.022384,1.000000,1066.3,0.001000
186600,0.010416,1.000000,0.014283,1.000000,1066.9,0.001000
186700,0.031297,1.000000,0.074175,0.997921,1067.4,0.001000
186800,0.013299,1.000000,0.021322,1.000000,1068.0,0.001000
186900,0.405569,0.947917,0.669622,0.873181,1068.5,0.001000
187000,0.013752,1.000000,0.021755,1.000000,1069.0,0.001000
187100,0.010006,1.000000,0.014222,1.000000,1069.6,0.001000
187200,0.021459,1.000000,0.039521,1.000000,1070.2,0.001000
187300,0.013008,1.000000,0.018325,1.000000,1070.8,0.001000
187400,0.078731,1.000000,0.164846,0.987526,1071.3,0.001000
187500,0.013648,1.000000,0.020647,1.000000,1071.9,0.001000
187600,0.010327,1.000000,0.014002,1.000000,1072.4,0.001000
187700,0.017167,1.000000,0.035443,1.000000,1073.0,0.001000
187800,0.012601,1.000000,0.018258,1.000000,1073.5,0.001000
187900,0.083543,1.000000,0.181385,0.981289,1074.1,0.001000
188000,0.013194,1.000000,0.021163,1.000000,1074.7,0.001000
188100,0.009799,1.000000,0.013379,1.000000,1075.3,0.001000
188200,0.014491,1.000000,0.030126,1.000000,1075.9,0.001000
188300,0.011799,1.000000,0.016763,1.000000,1076.4,0.001000
188400,0.392046,0.954167,0.688786,0.850312,1076.9,0.001000
188500,0.014759,1.000000,0.032021,0.997921,1077.5,0.001000
188600,0.010392,1.000000,0.015942,1.000000,1078.1,0.001000
188700,0.040067,1.000000,0.098522,0.997921,1078.7,0.001000
188800,0.011278,1.000000,0.019393,1.000000,1079.2,0.001000
188900,0.074252,1.000000,0.153274,0.985447,1079.8,0.001000
189000,0.012505,1.000000,0.020437,1.000000,1080.4,0.001000
189100,0.008872,1.000000,0.012655,1.000000,1080.9,0.001000
189200,0.020224,1.000000,0.042422,1.000000,1081.5,0.001000
189300,0.012391,1.000000,0.018084,1.000000,1082.1,0.001000
189400,0.009019,1.000000,0.012502,1.000000,1082.7,0.001000
189500,0.033795,1.000000,0.069176,0.993763,1083.2,0.001000
189600,0.012879,1.000000,0.018944,1.000000,1083.7,0.001000
189700,0.054519,1.000000,0.102727,1.000000,1084.3,0.001000
189800,0.012869,1.000000,0.018702,1.000000,1084.9,0.001000
189900,0.008881,1.000000,0.011846,1.000000,1085.4,0.001000
190000,0.018683,1.000000,0.039096,1.000000,1086.0,0.001000
190100,0.012542,1.000000,0.017986,1.000000,1086.6,0.001000
190200,0.015940,1.000000,0.030571,1.000000,1087.1,0.001000
190300,0.011308,1.000000,0.015494,1.000000,1087.6,0.001000
190400,0.118298,1.000000,0.253066,0.964657,1088.2,0.001000
190500,0.015368,1.000000,0.025397,1.000000,1088.8,0.001000
190600,0.011078,1.000000,0.015615,1.000000,1089.3,0.001000
190700,0.014208,1.000000,0.025080,1.000000,1089.8,0.001000
190800,0.010844,1.000000,0.015584,1.000000,1090.4,0.001000
190900,0.022669,1.000000,0.042876,1.000000,1091.0,0.001000
191000,0.014565,1.000000,0.020898,1.000000,1091.5,0.001000
191100,0.270118,0.962500,0.428248,0.931393,1092.1,0.001000
191200,0.013598,1.000000,0.022667,1.000000,1092.7,0.001000
191300,0.010544,1.000000,0.014605,1.000000,1093.2,0.001000
191400,0.015790,1.000000,0.033951,0.997921,1093.8,0.001000
191500,0.012752,1.000000,0.018826,1.000000,1094.3,0.001000
191600,0.033128,1.000000,0.061532,1.000000,1094.9,0.001000
191700,0.013668,1.000000,0.020565,1.000000,1095.5,0.001000
191800,0.009521,1.000000,0.012908,1.000000,1096.1,0.001000
191900,0.016068,1.000000,0.036979,0.997921,1096.6,0.001000
192000,0.011951,1.000000,0.017214,1.000000,1097.2,0.001000
192100,0.016180,1.000000,0.033272,1.000000,1097.7,0.001000
192200,0.010949,1.000000,0.016879,1.000000,1098.3,0.001000
192300,0.128335,1.000000,0.259738,0.975052,1098.9,0.001000
192400,0.013153,1.000000,0.022123,1.000000,1099.5,0.001000
192500,0.010467,1.000000,0.014456,1.000000,1100.0,0.001000
192600,0.019323,1.000000,0.040669,0.997921,1100.6,0.001000
192700,0.013978,1.000000,0.020260,1.000000,1101.1,0.001000
192800,0.068305,1.000000,0.139156,0.989605,1101.7,0.001000
192900,0.014265,1.000000,0.022574,1.000000,1102.3,0.001000
193000,0.010313,1.000000,0.014108,1.000000,1102.8,0.001000
193100,0.013322,1.000000,0.022846,1.000000,1103.4,0.001000
193200,0.010189,1.000000,0.014246,1.000000,1104.0,0.001000
193300,0.012797,1.000000,0.024220,1.000000,1104.6,0.001000
193400,0.010947,1.000000,0.016195,1.000000,1105.1,0.001000
193500,0.269618,0.979167,0.512265,0.881497,1105.7,0.001000
193600,0.014162,1.000000,0.025448,1.000000,1106.2,0.001000
193700,0.012187,1.000000,0.017075,1.000000,1106.7,0.001000
193800,0.024645,1.000000,0.058842,0.995842,1107.3,0.001000
193900,0.012815,1.000000,0.019957,1.000000,1107.8,0.001000
194000,0.096308,1.000000,0.205234,0.989605,1108.4,0.001000
194100,0.016279,1.000000,0.028877,1.000000,1109.0,0.001000
194200,0.011701,1.000000,0.016407,1.000000,1109.5,0.001000
194300,0.014558,1.000000,0.024673,1.000000,1110.1,0.001000
194400,0.011453,1.000000,0.015927,1.000000,1110.6,0.001000
194500,0.040589,1.000000,0.082205,0.997921,1111.1,0.001000
194600,0.013366,1.000000,0.021871,1.000000,1111.7,0.001000
194700,0.095596,1.000000,0.179188,0.983368,1112.2,0.001000
194800,0.012301,1.000000,0.020303,1.000000,1112.8,0.001000
194900,0.008904,1.000000,0.012373,1.000000,1113.4,0.001000
195000,0.027198,1.000000,0.058820,1.000000,1113.9,0.001000
195100,0.011983,1.000000,0.018785,1.000000,1114.5,0.001000
195200,0.008673,1.000000,0.011871,1.000000,1115.0,0.001000
195300,0.015153,1.000000,0.028005,1.000000,1115.6,0.001000
195400,0.011848,1.000000,0.016199,1.000000,1116.1,0.001000
195500,0.018252,1.000000,0.042139,1.000000,1116.7,0.001000
195600,0.013704,1.000000,0.019220,1.000000,1117.3,0.001000
195700,0.513923,0.912500,0.794408,0.812890,1117.8,0.001000
195800,0.014087,1.000000,0.022845,1.000000,1118.3,0.001000
195900,0.011483,1.000000,0.015693,1.000000,1118.9,0.001000
196000,0.017029,1.000000,0.030509,1.000000,1119.5,0.001000
196100,0.012912,1.000000,0.018170,1.000000,1120.1,0.001000
196200,0.029378,1.000000,0.056726,0.995842,1120.6,0.001000
196300,0.012640,1.000000,0.018535,1.000000,1121.2,0.001000
196400,0.654516,0.850000,0.882670,0.769231,1121.7,0.001000
196500,0.015526,1.000000,0.024372,1.000000,1122.3,0.001000
196600,0.012428,1.000000,0.016088,1.000000,1122.9,0.001000
196700,0.022622,1.000000,0.049164,0.997921,1123.4,0.001000
196800,0.013213,1.000000,0.020572,1.000000,1124.0,0.001000
196900,0.027376,1.000000,0.054238,1.000000,1124.6,0.001000
197000,0.012448,1.000000,0.019291,1.000000,1125.1,0.001000
197100,0.084196,1.000000,0.191916,0.979210,1125.6,0.001000
197200,0.013345,1.000000,0.024682,1.000000,1126.2,0.001000
197300,0.009938,1.000000,0.013533,1.000000,1126.7,0.001000
197400,0.025455,1.000000,0.060687,0.997921,1127.1,0.001000
197500,0.015121,1.000000,0.023215,1.000000,1127.7,0.001000
197600,0.312628,0.987500,0.511329,0.920998,1128.2,0.001000
197700,0.015186,1.000000,0.024201,1.000000,1128.7,0.001000
197800,0.011613,1.000000,0.015386,1.000000,1129.3,0.001000
197900,0.020186,1.000000,0.042387,1.000000,1129.8,0.001000
198000,0.013137,1.000000,0.020383,1.000000,1130.3,0.001000
198100,0.023191,1.000000,0.042502,1.000000,1130.9,0.001000
198200,0.013799,1.000000,0.019914,1.000000,1131.4,0.001000
198300,0.011438,1.000000,0.015161,1.000000,1132.0,0.001000
198400,0.012989,1.000000,0.021939,1.000000,1132.5,0.001000
198500,0.011238,1.000000,0.015719,1.000000,1133.0,0.001000
198600,0.015211,1.000000,0.028009,1.000000,1133.6,0.001000
198700,0.011852,1.000000,0.016776,1.000000,1134.2,0.001000
198800,0.029504,1.000000,0.070187,1.000000,1134.7,0.001000
198900,0.012954,1.000000,0.020113,1.000000,1135.3,0.001000
199000,0.200960,0.995833,0.385908,0.945946,1135.9,0.001000
199100,0.017341,1.000000,0.028987,1.000000,1136.5,0.001000
199200,0.012035,1.000000,0.016679,1.000000,1137.1,0.001000
199300,0.015467,1.000000,0.025790,1.000000,1137.7,0.001000
199400,0.011493,1.000000,0.015774,1.000000,1138.2,0.001000
199500,0.017598,1.000000,0.037807,1.000000,1138.7,0.001000
199600,0.012290,1.000000,0.018770,1.000000,1139.2,0.001000
199700,0.167402,1.000000,0.320826,0.975052,1139.8,0.001000
199800,0.014184,1.000000,0.024205,1.000000,1140.3,0.001000
199900,0.011013,1.000000,0.015804,1.000000,1140.9,0.001000
