step,train_loss,train_acc,test_loss,test_acc,elapsed_sec,lr
0,4.908697,0.015597,4.938756,0.013363,0.0,0.000020
100,3.814002,0.126560,4.885221,0.007572,0.6,0.001000
200,0.782322,0.897950,3.940598,0.385746,1.1,0.001000
300,0.047249,1.000000,3.220705,0.502004,1.7,0.001000
400,0.017520,1.000000,3.074370,0.502004,2.2,0.001000
500,0.007042,1.000000,3.003593,0.502895,2.8,0.001000
600,0.041859,1.000000,3.165951,0.502004,3.3,0.001000
700,0.004899,1.000000,2.893201,0.502450,3.9,0.001000
800,0.003543,1.000000,2.849395,0.503341,4.4,0.001000
900,0.002107,1.000000,2.972147,0.505122,5.0,0.001000
1000,0.020177,1.000000,2.724842,0.504677,5.5,0.001000
1100,0.190633,0.995544,2.626907,0.506904,6.1,0.001000
1200,0.017219,1.000000,2.286672,0.512249,6.6,0.001000
1300,0.013494,1.000000,2.325466,0.511804,7.2,0.001000
1400,0.101911,0.999554,1.745360,0.560356,7.8,0.001000
1500,0.022214,1.000000,1.447899,0.587973,8.3,0.001000
1600,0.013679,1.000000,1.559839,0.575501,8.9,0.001000
1700,0.041344,1.000000,0.603032,0.862806,9.5,0.001000
1800,0.016940,1.000000,0.407402,0.934967,10.0,0.001000
1900,0.197835,0.996435,0.582321,0.902004,10.6,0.001000
2000,0.022935,1.000000,0.074898,0.999555,11.1,0.001000
2100,0.013218,1.000000,0.041269,0.999109,11.7,0.001000
2200,0.007522,1.000000,0.020778,0.999555,12.2,0.001000
2300,0.278173,0.968806,0.456602,0.922494,12.8,0.001000
2400,0.012617,1.000000,0.023411,1.000000,13.3,0.001000
2500,0.010188,1.000000,0.015893,1.000000,13.9,0.001000
2600,0.026461,1.000000,0.044167,0.999555,14.4,0.001000
2700,0.016604,1.000000,0.022723,1.000000,15.0,0.001000
2800,0.011007,1.000000,0.013909,1.000000,15.5,0.001000
2900,0.020823,1.000000,0.027468,1.000000,16.1,0.001000
3000,0.016546,1.000000,0.020224,1.000000,16.6,0.001000
3100,0.035021,1.000000,0.048775,1.000000,17.2,0.001000
3200,0.020315,1.000000,0.024767,1.000000,17.8,0.001000
3300,0.013191,1.000000,0.015686,1.000000,18.3,0.001000
3400,0.024468,1.000000,0.031682,1.000000,18.9,0.001000
3500,0.019158,1.000000,0.022424,1.000000,19.4,0.001000
3600,0.025461,1.000000,0.033527,1.000000,20.0,0.001000
3700,0.019889,1.000000,0.023612,1.000000,20.5,0.001000
3800,0.072950,1.000000,0.101711,0.995100,21.1,0.001000
3900,0.021294,1.000000,0.026202,1.000000,21.6,0.001000
4000,0.155836,0.993315,0.204580,0.979510,22.2,0.001000
4100,0.021208,1.000000,0.026565,1.000000,22.8,0.001000
4200,0.014191,1.000000,0.016850,1.000000,23.4,0.001000
4300,0.021978,1.000000,0.027947,1.000000,24.0,0.001000
4400,0.020259,1.000000,0.023653,1.000000,24.5,0.001000
4500,0.027483,1.000000,0.035818,1.000000,25.1,0.001000
4600,0.022221,1.000000,0.026152,1.000000,25.6,0.001000
4700,0.163865,0.999109,0.215080,0.993764,26.2,0.001000
4800,0.023917,1.000000,0.028888,1.000000,26.7,0.001000
4900,0.017897,1.000000,0.020535,1.000000,27.3,0.001000
5000,0.020736,1.000000,0.025157,1.000000,27.8,0.001000
5100,0.017069,1.000000,0.019552,1.000000,28.4,0.001000
5200,0.029032,1.000000,0.037431,1.000000,28.9,0.001000
5300,0.022284,1.000000,0.026002,1.000000,29.5,0.001000
5400,0.065524,1.000000,0.087276,0.998664,30.1,0.001000
5500,0.021417,1.000000,0.025610,1.000000,30.6,0.001000
5600,0.013650,1.000000,0.015976,1.000000,31.2,0.001000
5700,0.021255,1.000000,0.025498,1.000000,31.7,0.001000
5800,0.017715,1.000000,0.020211,1.000000,32.3,0.001000
5900,0.023385,1.000000,0.030037,1.000000,32.8,0.001000
6000,0.018718,1.000000,0.021969,1.000000,33.4,0.001000
6100,0.051849,1.000000,0.066094,1.000000,33.9,0.001000
6200,0.019050,1.000000,0.022585,1.000000,34.5,0.001000
6300,0.232928,0.988414,0.294780,0.975056,35.0,0.001000
6400,0.023623,1.000000,0.028467,1.000000,35.6,0.001000
6500,0.016701,1.000000,0.019236,1.000000,36.2,0.001000
6600,0.023095,1.000000,0.029054,1.000000,36.7,0.001000
6700,0.019763,1.000000,0.022673,1.000000,37.3,0.001000
6800,0.029857,1.000000,0.039264,1.000000,37.9,0.001000
6900,0.020665,1.000000,0.023945,1.000000,38.4,0.001000
7000,0.011976,1.000000,0.013666,1.000000,38.9,0.001000
7100,0.018443,1.000000,0.022446,1.000000,39.5,0.001000
7200,0.016353,1.000000,0.018748,1.000000,40.0,0.001000
7300,0.026796,1.000000,0.035869,1.000000,40.6,0.001000
7400,0.020822,1.000000,0.024413,1.000000,41.2,0.001000
7500,0.071884,1.000000,0.099735,0.998664,41.7,0.001000
7600,0.021344,1.000000,0.025643,1.000000,42.3,0.001000
7700,0.014047,1.000000,0.016300,1.000000,42.8,0.001000
7800,0.023139,1.000000,0.028659,1.000000,43.4,0.001000
7900,0.019880,1.000000,0.022930,1.000000,43.9,0.001000
8000,0.026210,1.000000,0.033150,1.000000,44.5,0.001000
8100,0.018468,1.000000,0.021431,1.000000,45.0,0.001000
8200,0.036402,1.000000,0.050165,1.000000,45.6,0.001000
8300,0.022324,1.000000,0.026908,1.000000,46.2,0.001000
8400,0.030226,1.000000,0.039550,1.000000,46.7,0.001000
8500,0.018886,1.000000,0.021955,1.000000,47.3,0.001000
8600,0.032742,1.000000,0.043452,1.000000,47.8,0.001000
8700,0.019941,1.000000,0.023523,1.000000,48.4,0.001000
8800,0.059519,1.000000,0.076675,1.000000,48.9,0.001000
8900,0.019317,1.000000,0.022986,1.000000,49.5,0.001000
9000,0.177443,0.988859,0.215042,0.983964,50.0,0.001000
9100,0.019955,1.000000,0.023563,1.000000,50.6,0.001000
9200,0.014870,1.000000,0.016832,1.000000,51.2,0.001000
9300,0.022230,1.000000,0.028274,1.000000,51.7,0.001000
9400,0.018838,1.000000,0.022079,1.000000,52.3,0.001000
9500,0.027969,1.000000,0.036238,1.000000,52.8,0.001000
9600,0.021322,1.000000,0.025429,1.000000,53.4,0.001000
9700,0.053017,1.000000,0.071631,1.000000,53.9,0.001000
9800,0.021673,1.000000,0.026202,1.000000,54.5,0.001000
9900,0.369342,0.936720,0.461425,0.912695,55.0,0.001000
10000,0.019637,1.000000,0.023784,1.000000,55.6,0.001000
10100,0.015556,1.000000,0.017974,1.000000,56.2,0.001000
10200,0.025133,1.000000,0.033073,1.000000,56.7,0.001000
10300,0.021561,1.000000,0.025171,1.000000,57.3,0.001000
10400,0.118944,1.000000,0.158296,0.996437,57.8,0.001000
10500,0.020776,1.000000,0.024911,1.000000,58.4,0.001000
10600,0.014822,1.000000,0.017291,1.000000,58.9,0.001000
10700,0.022788,1.000000,0.029076,1.000000,59.5,0.001000
10800,0.019623,1.000000,0.022644,1.000000,60.1,0.001000
10900,0.102055,0.999109,0.126069,0.999109,60.6,0.001000
11000,0.022172,1.000000,0.026204,1.000000,61.2,0.001000
11100,2.693292,0.411319,2.846065,0.407127,61.7,0.001000
11200,0.022037,1.000000,0.026543,1.000000,62.3,0.001000
11300,0.015963,1.000000,0.018312,1.000000,62.9,0.001000
11400,0.023974,1.000000,0.030560,1.000000,63.4,0.001000
11500,0.021277,1.000000,0.024776,1.000000,64.0,0.001000
11600,0.043197,1.000000,0.057951,0.999555,64.6,0.001000
11700,0.021765,1.000000,0.025565,1.000000,65.1,0.001000
11800,0.495934,0.907754,0.615016,0.877060,65.7,0.001000
11900,0.019062,1.000000,0.023058,1.000000,66.2,0.001000
12000,0.015356,1.000000,0.018025,1.000000,66.8,0.001000
12100,0.023112,1.000000,0.029352,1.000000,67.3,0.001000
12200,0.019940,1.000000,0.023539,1.000000,67.9,0.001000
12300,0.028956,1.000000,0.038108,1.000000,68.4,0.001000
12400,0.019586,1.000000,0.022846,1.000000,69.0,0.001000
12500,0.012356,1.000000,0.014211,1.000000,69.5,0.001000
12600,0.022693,1.000000,0.028631,1.000000,70.1,0.001000
12700,0.017927,1.000000,0.020929,1.000000,70.7,0.001000
12800,0.031732,1.000000,0.040847,1.000000,71.2,0.001000
12900,0.021066,1.000000,0.024516,1.000000,71.8,0.001000
13000,0.013284,1.000000,0.015193,1.000000,72.4,0.001000
13100,0.021173,1.000000,0.026180,1.000000,72.9,0.001000
13200,0.019442,1.000000,0.022354,1.000000,73.5,0.001000
13300,0.040325,1.000000,0.052840,0.999555,74.0,0.001000
13400,0.020764,1.000000,0.024523,1.000000,74.6,0.001000
13500,0.357981,0.965241,0.443068,0.941203,75.1,0.001000
13600,0.021651,1.000000,0.026279,1.000000,75.7,0.001000
13700,0.016347,1.000000,0.018993,1.000000,76.3,0.001000
13800,0.021891,1.000000,0.027636,1.000000,76.8,0.001000
13900,0.019114,1.000000,0.022455,1.000000,77.4,0.001000
14000,0.033340,1.000000,0.044209,0.999555,77.9,0.001000
14100,0.019720,1.000000,0.023392,1.000000,78.5,0.001000
14200,0.013207,1.000000,0.015329,1.000000,79.1,0.001000
14300,0.022658,1.000000,0.028344,1.000000,79.6,0.001000
14400,0.020039,1.000000,0.023329,1.000000,80.2,0.001000
14500,0.027271,1.000000,0.035210,1.000000,80.8,0.001000
14600,0.021667,1.000000,0.025048,1.000000,81.4,0.001000
14700,0.044048,1.000000,0.055982,1.000000,81.9,0.001000
14800,0.021454,1.000000,0.025368,1.000000,82.5,0.001000
14900,0.818301,0.831105,0.955757,0.798218,83.1,0.001000
15000,0.020148,1.000000,0.024159,1.000000,83.7,0.001000
15100,0.016006,1.000000,0.018494,1.000000,84.2,0.001000
15200,0.020060,1.000000,0.024990,1.000000,84.8,0.001000
15300,0.016005,1.000000,0.018872,1.000000,85.3,0.001000
15400,0.024324,1.000000,0.031697,1.000000,85.9,0.001000
15500,0.019373,1.000000,0.022585,1.000000,86.4,0.001000
15600,0.032002,1.000000,0.042550,1.000000,87.0,0.001000
15700,0.018990,1.000000,0.022377,1.000000,87.6,0.001000
15800,0.012530,1.000000,0.014391,1.000000,88.1,0.001000
15900,0.019471,1.000000,0.023704,1.000000,88.7,0.001000
16000,0.017163,1.000000,0.019430,1.000000,89.3,0.001000
16100,0.025416,1.000000,0.033225,0.999555,89.8,0.001000
16200,0.020399,1.000000,0.024186,1.000000,90.4,0.001000
16300,0.067933,1.000000,0.087262,0.999109,90.9,0.001000
16400,0.022203,1.000000,0.026319,1.000000,91.5,0.001000
16500,0.015312,1.000000,0.017817,1.000000,92.1,0.001000
16600,0.023299,1.000000,0.030779,1.000000,92.6,0.001000
16700,0.020281,1.000000,0.023500,1.000000,93.2,0.001000
16800,0.238771,0.991979,0.302585,0.981292,93.7,0.001000
16900,0.021366,1.000000,0.025586,1.000000,94.3,0.001000
17000,0.016836,1.000000,0.019486,1.000000,94.8,0.001000
17100,0.029643,1.000000,0.037518,1.000000,95.4,0.001000
17200,0.020863,1.000000,0.024251,1.000000,95.9,0.001000
17300,0.120700,0.999109,0.152199,0.995100,96.5,0.001000
17400,0.021857,1.000000,0.025512,1.000000,97.1,0.001000
17500,0.015761,1.000000,0.017851,1.000000,97.6,0.001000
17600,0.021897,1.000000,0.027666,1.000000,98.2,0.001000
17700,0.018255,1.000000,0.021356,1.000000,98.7,0.001000
17800,0.026394,1.000000,0.034761,1.000000,99.3,0.001000
17900,0.020383,1.000000,0.024271,1.000000,99.8,0.001000
18000,0.131687,0.999554,0.161205,0.996882,100.4,0.001000
18100,0.022176,1.000000,0.026906,1.000000,100.9,0.001000
18200,0.015275,1.000000,0.017842,1.000000,101.5,0.001000
18300,0.018813,1.000000,0.023198,1.000000,102.0,0.001000
18400,0.015272,1.000000,0.018122,1.000000,102.6,0.001000
18500,0.022810,1.000000,0.028954,1.000000,103.2,0.001000
18600,0.019725,1.000000,0.022836,1.000000,103.7,0.001000
18700,0.021299,1.000000,0.027304,1.000000,104.2,0.001000
18800,0.017395,1.000000,0.020219,1.000000,104.8,0.001000
18900,0.028901,1.000000,0.039055,1.000000,105.4,0.001000
19000,0.017918,1.000000,0.021144,1.000000,105.9,0.001000
19100,0.070230,0.999554,0.090204,0.997773,106.5,0.001000
19200,0.017697,1.000000,0.021866,1.000000,107.0,0.001000
19300,0.105218,1.000000,0.140385,0.995546,107.6,0.001000
19400,0.018587,1.000000,0.022752,1.000000,108.1,0.001000
19500,0.013255,1.000000,0.015516,1.000000,108.7,0.001000
19600,0.018521,1.000000,0.023119,1.000000,109.2,0.001000
19700,0.016149,1.000000,0.018843,1.000000,109.8,0.001000
19800,0.022476,1.000000,0.029573,1.000000,110.4,0.001000
19900,0.018390,1.000000,0.021484,1.000000,110.9,0.001000
20000,0.029587,1.000000,0.039101,0.999555,111.5,0.001000
20100,0.019989,1.000000,0.023915,1.000000,112.0,0.001000
20200,0.012658,1.000000,0.014822,1.000000,112.6,0.001000
20300,0.017484,1.000000,0.022045,1.000000,113.2,0.001000
20400,0.015830,1.000000,0.018622,1.000000,113.8,0.001000
20500,0.023761,1.000000,0.030710,0.999555,114.3,0.001000
20600,0.019335,1.000000,0.022451,1.000000,115.0,0.001000
20700,0.029131,1.000000,0.037460,0.999555,115.5,0.001000
20800,0.020418,1.000000,0.023852,1.000000,116.1,0.001000
20900,0.025818,1.000000,0.032943,0.999555,116.6,0.001000
21000,0.019250,1.000000,0.022757,1.000000,117.2,0.001000
21100,0.206890,0.983957,0.263408,0.966592,117.7,0.001000
21200,0.017217,1.000000,0.020727,1.000000,118.3,0.001000
21300,0.095663,0.999554,0.121128,0.997773,118.8,0.001000
21400,0.017006,1.000000,0.020094,1.000000,119.4,0.001000
21500,0.011684,1.000000,0.013473,1.000000,119.9,0.001000
21600,0.021142,1.000000,0.027618,1.000000,120.4,0.001000
21700,0.018505,1.000000,0.021800,1.000000,121.0,0.001000
21800,0.023483,1.000000,0.029479,1.000000,121.6,0.001000
21900,0.019022,1.000000,0.022442,1.000000,122.1,0.001000
22000,0.037195,1.000000,0.049471,1.000000,122.7,0.001000
22100,0.020575,1.000000,0.024467,1.000000,123.2,0.001000
22200,0.118787,0.998663,0.142946,0.998664,123.8,0.001000
22300,0.018809,1.000000,0.022332,1.000000,124.4,0.001000
22400,0.013497,1.000000,0.015734,1.000000,124.9,0.001000
22500,0.020951,1.000000,0.025774,1.000000,125.5,0.001000
22600,0.018364,1.000000,0.021250,1.000000,126.0,0.001000
22700,0.023998,1.000000,0.030035,1.000000,126.6,0.001000
22800,0.019296,1.000000,0.022283,1.000000,127.2,0.001000
22900,0.075902,0.999554,0.099602,0.995100,127.7,0.001000
23000,0.019992,1.000000,0.024085,1.000000,128.3,0.001000
23100,0.015155,1.000000,0.017462,1.000000,128.9,0.001000
23200,0.018982,1.000000,0.022765,1.000000,129.4,0.001000
23300,0.016584,1.000000,0.018847,1.000000,130.0,0.001000
23400,0.023338,1.000000,0.028980,1.000000,130.5,0.001000
23500,0.018804,1.000000,0.021897,1.000000,131.1,0.001000
23600,0.051111,1.000000,0.064836,0.999555,131.6,0.001000
23700,0.021102,1.000000,0.025109,1.000000,132.2,0.001000
23800,0.015121,1.000000,0.017514,1.000000,132.7,0.001000
23900,0.022119,1.000000,0.028196,1.000000,133.3,0.001000
24000,0.019132,1.000000,0.022355,1.000000,133.9,0.001000
24100,0.019629,1.000000,0.024467,1.000000,134.4,0.001000
24200,0.016790,1.000000,0.019659,1.000000,135.0,0.001000
24300,0.023982,1.000000,0.032108,0.999555,135.5,0.001000
24400,0.019096,1.000000,0.022892,1.000000,136.1,0.001000
24500,0.066019,0.999554,0.088849,0.999109,136.6,0.001000
24600,0.020959,1.000000,0.024954,1.000000,137.2,0.001000
24700,0.014757,1.000000,0.016976,1.000000,137.7,0.001000
24800,0.019776,1.000000,0.024865,1.000000,138.3,0.001000
24900,0.018758,1.000000,0.021967,1.000000,138.8,0.001000
25000,0.024354,1.000000,0.030940,1.000000,139.4,0.001000
25100,0.019259,1.000000,0.022452,1.000000,139.9,0.001000
25200,0.044452,1.000000,0.057683,1.000000,140.5,0.001000
25300,0.019128,1.000000,0.023064,1.000000,141.0,0.001000
25400,0.434598,0.930036,0.510127,0.913140,141.6,0.001000
25500,0.020373,1.000000,0.024235,1.000000,142.2,0.001000
25600,0.016050,1.000000,0.018307,1.000000,142.7,0.001000
25700,0.023276,1.000000,0.029955,1.000000,143.3,0.001000
25800,0.020791,1.000000,0.024418,1.000000,143.8,0.001000
25900,0.031861,1.000000,0.042258,1.000000,144.4,0.001000
26000,0.018916,1.000000,0.022389,1.000000,145.0,0.001000
26100,0.163741,0.991979,0.209436,0.984410,145.6,0.001000
26200,0.019949,1.000000,0.024115,1.000000,146.2,0.001000
26300,0.858358,0.808824,1.025766,0.745657,146.8,0.001000
26400,0.020260,1.000000,0.024586,1.000000,147.3,0.001000
26500,0.015965,1.000000,0.018503,1.000000,147.9,0.001000
26600,0.020561,1.000000,0.025960,1.000000,148.5,0.001000
26700,0.018074,1.000000,0.020929,1.000000,149.0,0.001000
26800,0.019552,1.000000,0.024025,1.000000,149.6,0.001000
26900,0.016818,1.000000,0.019512,1.000000,150.1,0.001000
27000,0.026266,1.000000,0.035290,0.999555,150.7,0.001000
27100,0.020686,1.000000,0.024527,1.000000,151.2,0.001000
27200,0.031082,1.000000,0.039450,1.000000,151.8,0.001000
27300,0.018096,1.000000,0.021459,1.000000,152.4,0.001000
27400,0.010880,1.000000,0.012714,1.000000,152.9,0.001000
27500,0.020263,1.000000,0.025363,1.000000,153.5,0.001000
27600,0.017820,1.000000,0.020794,1.000000,154.0,0.001000
27700,0.022213,1.000000,0.027285,1.000000,154.5,0.001000
27800,0.018933,1.000000,0.021863,1.000000,155.1,0.001000
27900,0.023496,1.000000,0.030424,1.000000,155.7,0.001000
28000,0.019068,1.000000,0.022472,1.000000,156.2,0.001000
28100,0.068043,1.000000,0.089271,0.998664,156.8,0.001000
28200,0.020526,1.000000,0.024416,1.000000,157.3,0.001000
28300,0.014995,1.000000,0.017387,1.000000,157.9,0.001000
28400,0.019345,1.000000,0.023969,1.000000,158.4,0.001000
28500,0.016512,1.000000,0.019257,1.000000,159.0,0.001000
28600,0.018638,1.000000,0.023234,1.000000,159.5,0.001000
28700,0.016566,1.000000,0.019424,1.000000,160.1,0.001000
28800,0.022278,1.000000,0.028958,1.000000,160.8,0.001000
28900,0.018884,1.000000,0.022259,1.000000,161.3,0.001000
29000,1.752706,0.537433,1.869941,0.517595,162.0,0.001000
29100,0.018756,1.000000,0.022794,1.000000,162.6,0.001000
29200,0.016482,1.000000,0.019174,1.000000,163.3,0.001000
29300,0.022477,1.000000,0.027807,1.000000,164.2,0.001000
29400,0.019514,1.000000,0.022493,1.000000,164.8,0.001000
29500,0.031623,1.000000,0.040901,1.000000,165.5,0.001000
29600,0.020783,1.000000,0.024276,1.000000,166.2,0.001000
29700,0.178559,0.991533,0.235184,0.979510,166.8,0.001000
29800,0.021142,1.000000,0.025442,1.000000,167.4,0.001000
29900,3.776251,0.331105,3.716040,0.356347,168.0,0.001000
30000,0.018922,1.000000,0.023071,1.000000,168.7,0.001000
30100,0.015018,1.000000,0.017387,1.000000,169.3,0.001000
30200,0.021882,1.000000,0.028894,1.000000,170.0,0.001000
30300,0.020334,1.000000,0.023967,1.000000,170.5,0.001000
30400,0.130628,0.999109,0.160606,0.992873,171.2,0.001000
30500,0.019194,1.000000,0.022677,1.000000,171.9,0.001000
30600,0.321567,0.967469,0.382992,0.959466,172.5,0.001000
30700,0.022656,1.000000,0.027227,1.000000,173.2,0.001000
30800,0.017332,1.000000,0.019980,1.000000,173.8,0.001000
30900,0.019627,1.000000,0.023669,1.000000,174.5,0.001000
31000,0.015888,1.000000,0.018399,1.000000,175.2,0.001000
31100,0.020590,1.000000,0.026854,1.000000,175.8,0.001000
31200,0.017212,1.000000,0.020205,1.000000,176.4,0.001000
31300,0.017663,1.000000,0.021932,1.000000,177.1,0.001000
31400,0.014188,1.000000,0.016570,1.000000,177.8,0.001000
31500,0.019023,1.000000,0.024679,1.000000,178.3,0.001000
31600,0.016622,1.000000,0.019293,1.000000,179.0,0.001000
31700,0.023822,1.000000,0.031941,1.000000,179.7,0.001000
31800,0.019566,1.000000,0.022913,1.000000,180.3,0.001000
31900,1.084078,0.746881,1.268027,0.691759,181.0,0.001000
32000,0.020492,1.000000,0.025979,1.000000,181.7,0.001000
32100,0.016936,1.000000,0.019792,1.000000,182.3,0.001000
32200,0.020576,1.000000,0.025776,1.000000,182.8,0.001000
32300,0.019097,1.000000,0.021861,1.000000,183.4,0.001000
32400,0.037609,1.000000,0.052571,0.999555,184.0,0.001000
32500,0.020570,1.000000,0.024259,1.000000,184.6,0.001000
32600,0.013754,1.000000,0.015899,1.000000,185.2,0.001000
32700,0.021541,1.000000,0.027032,1.000000,185.8,0.001000
32800,0.018756,1.000000,0.021420,1.000000,186.3,0.001000
32900,0.037645,1.000000,0.054894,1.000000,186.9,0.001000
33000,0.022151,1.000000,0.026335,1.000000,187.5,0.001000
33100,1.094982,0.724599,1.282164,0.664143,188.2,0.001000
33200,0.022171,1.000000,0.026670,1.000000,188.8,0.001000
33300,0.017502,1.000000,0.019726,1.000000,189.5,0.001000
33400,0.021810,1.000000,0.027138,1.000000,190.1,0.001000
33500,0.018914,1.000000,0.021547,1.000000,190.7,0.001000
33600,0.375514,0.942068,0.428196,0.936748,191.3,0.001000
33700,0.018791,1.000000,0.022680,1.000000,191.9,0.001000
33800,0.015700,1.000000,0.017639,1.000000,192.5,0.001000
33900,0.021710,1.000000,0.026597,1.000000,193.2,0.001000
34000,0.017320,1.000000,0.019510,1.000000,193.8,0.001000
34100,0.032135,1.000000,0.042797,1.000000,194.4,0.001000
34200,0.019856,1.000000,0.022491,1.000000,195.0,0.001000
34300,0.343129,0.966132,0.402639,0.944766,195.6,0.001000
34400,0.023824,1.000000,0.028240,1.000000,196.3,0.001000
34500,0.018388,1.000000,0.020590,1.000000,196.8,0.001000
34600,0.025854,1.000000,0.034479,1.000000,197.4,0.001000
34700,0.018808,1.000000,0.022019,1.000000,198.2,0.001000
34800,0.028653,1.000000,0.037790,1.000000,198.9,0.001000
34900,0.018833,1.000000,0.021663,1.000000,199.5,0.001000
35000,0.060136,1.000000,0.086008,0.998218,200.1,0.001000
35100,0.020027,1.000000,0.023261,1.000000,200.7,0.001000
35200,0.434201,0.926471,0.516943,0.899777,201.3,0.001000
35300,0.019727,1.000000,0.023351,1.000000,202.1,0.001000
35400,0.015465,1.000000,0.017557,1.000000,202.6,0.001000
35500,0.023094,1.000000,0.030760,1.000000,203.3,0.001000
35600,0.018887,1.000000,0.021824,1.000000,203.9,0.001000
35700,0.022069,1.000000,0.028339,1.000000,204.5,0.001000
35800,0.017138,1.000000,0.019905,1.000000,205.1,0.001000
35900,0.106445,0.998217,0.151586,0.989755,205.8,0.001000
36000,0.019773,1.000000,0.023115,1.000000,206.4,0.001000
36100,0.014933,1.000000,0.016827,1.000000,207.0,0.001000
36200,0.022809,1.000000,0.029137,1.000000,207.6,0.001000
36300,0.020446,1.000000,0.023531,1.000000,208.3,0.001000
36400,0.011064,1.000000,0.012607,1.000000,209.0,0.001000
36500,0.020574,1.000000,0.025194,1.000000,209.7,0.001000
36600,0.018667,1.000000,0.020917,1.000000,210.3,0.001000
36700,0.082693,1.000000,0.107989,0.999109,210.9,0.001000
36800,0.023329,1.000000,0.027314,1.000000,211.6,0.001000
36900,0.183418,0.993315,0.242786,0.977728,212.2,0.001000
37000,0.021153,1.000000,0.025046,1.000000,212.8,0.001000
37100,1.248822,0.676025,1.396076,0.631626,213.4,0.001000
37200,0.018522,1.000000,0.021823,1.000000,214.0,0.001000
37300,0.014378,1.000000,0.016366,1.000000,214.6,0.001000
37400,0.019223,1.000000,0.023191,1.000000,215.2,0.001000
37500,0.014792,1.000000,0.016833,1.000000,215.8,0.001000
37600,0.020481,1.000000,0.025560,1.000000,216.3,0.001000
37700,0.017956,1.000000,0.020444,1.000000,216.9,0.001000
37800,0.024662,1.000000,0.031392,1.000000,217.5,0.001000
37900,0.018882,1.000000,0.021917,1.000000,218.2,0.001000
38000,0.050573,1.000000,0.071661,0.999109,218.9,0.001000
38100,0.019607,1.000000,0.022983,1.000000,219.5,0.001000
38200,0.094720,0.999109,0.121984,0.993764,220.1,0.001000
38300,0.020545,1.000000,0.023846,1.000000,220.7,0.001000
38400,0.014293,1.000000,0.016050,1.000000,221.3,0.001000
38500,0.057832,1.000000,0.074302,0.998664,221.9,0.001000
38600,0.018246,1.000000,0.021613,1.000000,222.5,0.001000
38700,4.122736,0.210784,4.304487,0.195100,223.2,0.001000
38800,0.022556,1.000000,0.027138,1.000000,223.7,0.001000
38900,0.017411,1.000000,0.019661,1.000000,224.3,0.001000
39000,0.024865,1.000000,0.032244,1.000000,224.9,0.001000
39100,0.020531,1.000000,0.023504,1.000000,225.4,0.001000
39200,0.049123,1.000000,0.066122,0.999109,226.0,0.001000
39300,0.019177,1.000000,0.022635,1.000000,226.6,0.001000
39400,0.217844,0.984848,0.247431,0.980846,227.1,0.001000
39500,0.021720,1.000000,0.025501,1.000000,227.6,0.001000
39600,0.016800,1.000000,0.018862,1.000000,228.2,0.001000
39700,0.022938,1.000000,0.027942,1.000000,228.8,0.001000
39800,0.018265,1.000000,0.020963,1.000000,229.4,0.001000
39900,0.049970,1.000000,0.067715,0.999109,230.0,0.001000
40000,0.019669,1.000000,0.023217,1.000000,230.6,0.001000
40100,2.332308,0.471034,2.467741,0.429399,231.3,0.001000
40200,0.021593,1.000000,0.026292,1.000000,231.8,0.001000
40300,0.017345,1.000000,0.019996,1.000000,232.4,0.001000
40400,0.023696,1.000000,0.030755,0.999555,233.0,0.001000
40500,0.020460,1.000000,0.023342,1.000000,233.6,0.001000
40600,0.128291,0.995098,0.171332,0.992428,234.2,0.001000
40700,0.020788,1.000000,0.024925,1.000000,234.8,0.001000
40800,0.015229,1.000000,0.017467,1.000000,235.4,0.001000
40900,0.019937,1.000000,0.025654,1.000000,236.0,0.001000
41000,0.017866,1.000000,0.020873,1.000000,236.6,0.001000
41100,0.444321,0.925579,0.529199,0.894432,237.2,0.001000
41200,0.021138,1.000000,0.025891,1.000000,237.8,0.001000
41300,0.017129,1.000000,0.019402,1.000000,238.4,0.001000
41400,0.022081,1.000000,0.026573,1.000000,239.0,0.001000
41500,0.017181,1.000000,0.019262,1.000000,239.6,0.001000
41600,0.042653,1.000000,0.056682,0.999555,240.3,0.001000
41700,0.022340,1.000000,0.026202,1.000000,240.9,0.001000
41800,0.019141,1.000000,0.021961,1.000000,241.6,0.001000
41900,0.021224,1.000000,0.026260,1.000000,242.2,0.001000
42000,0.016436,1.000000,0.019016,1.000000,242.9,0.001000
42100,0.056525,1.000000,0.077414,1.000000,243.5,0.001000
42200,0.021056,1.000000,0.024561,1.000000,244.1,0.001000
42300,0.342739,0.948752,0.387482,0.943875,244.6,0.001000
42400,0.023341,1.000000,0.027923,1.000000,245.1,0.001000
42500,0.017052,1.000000,0.019482,1.000000,245.7,0.001000
42600,0.037353,1.000000,0.049210,0.999555,246.3,0.001000
42700,0.021110,1.000000,0.024679,1.000000,246.8,0.001000
42800,4.524853,0.119875,4.644965,0.111359,247.4,0.001000
42900,0.023678,1.000000,0.028437,1.000000,247.9,0.001000
43000,0.019148,1.000000,0.021642,1.000000,248.5,0.001000
43100,0.022636,1.000000,0.028362,1.000000,249.1,0.001000
43200,0.019613,1.000000,0.022543,1.000000,249.6,0.001000
43300,0.609567,0.886364,0.705284,0.860134,250.2,0.001000
43400,0.020970,1.000000,0.025219,1.000000,250.7,0.001000
43500,0.016807,1.000000,0.019021,1.000000,251.3,0.001000
43600,0.089478,0.999554,0.115405,0.999555,251.9,0.001000
43700,0.020378,1.000000,0.024284,1.000000,252.4,0.001000
43800,0.017211,1.000000,0.019608,1.000000,253.0,0.001000
43900,0.019784,1.000000,0.023590,1.000000,253.6,0.001000
44000,0.016205,1.000000,0.018305,1.000000,254.1,0.001000
44100,0.024156,1.000000,0.030851,1.000000,254.7,0.001000
44200,0.019984,1.000000,0.022789,1.000000,255.2,0.001000
44300,0.160881,0.991087,0.215947,0.979955,255.8,0.001000
44400,0.020643,1.000000,0.024301,1.000000,256.4,0.001000
44500,0.015778,1.000000,0.017547,1.000000,256.9,0.001000
44600,0.022448,1.000000,0.029121,0.999555,257.5,0.001000
44700,0.018859,1.000000,0.021710,1.000000,258.1,0.001000
44800,0.034002,1.000000,0.045605,0.999109,258.7,0.001000
44900,0.021316,1.000000,0.024902,1.000000,259.2,0.001000
45000,0.013782,1.000000,0.015704,1.000000,259.8,0.001000
45100,0.020995,1.000000,0.025584,1.000000,260.4,0.001000
45200,0.017763,1.000000,0.020299,1.000000,261.0,0.001000
45300,0.021389,1.000000,0.026767,1.000000,261.6,0.001000
45400,0.019093,1.000000,0.021925,1.000000,262.1,0.001000
45500,0.266855,0.970143,0.326764,0.961693,262.7,0.001000
45600,0.020060,1.000000,0.025135,1.000000,263.2,0.001000
45700,0.015847,1.000000,0.018787,1.000000,263.8,0.001000
45800,0.020893,1.000000,0.026642,1.000000,264.4,0.001000
45900,0.018277,1.000000,0.021223,1.000000,265.0,0.001000
46000,0.031385,1.000000,0.040411,1.000000,265.5,0.001000
46100,0.020024,1.000000,0.023422,1.000000,266.1,0.001000
46200,0.012700,1.000000,0.014410,1.000000,266.7,0.001000
46300,0.021274,1.000000,0.026849,1.000000,267.3,0.001000
46400,0.019364,1.000000,0.022575,1.000000,267.8,0.001000
46500,0.029652,1.000000,0.039209,1.000000,268.4,0.001000
46600,0.022183,1.000000,0.025874,1.000000,269.0,0.001000
46700,0.013654,1.000000,0.015531,1.000000,269.6,0.001000
46800,0.021360,1.000000,0.026964,1.000000,270.1,0.001000
46900,0.019067,1.000000,0.021677,1.000000,270.7,0.001000
47000,0.043986,1.000000,0.059511,0.999109,271.3,0.001000
47100,0.020787,1.000000,0.024143,1.000000,271.8,0.001000
47200,0.014616,1.000000,0.016398,1.000000,272.5,0.001000
47300,0.023335,1.000000,0.030036,1.000000,273.1,0.001000
47400,0.019289,1.000000,0.022651,1.000000,273.8,0.001000
47500,0.032765,1.000000,0.042502,0.999555,274.4,0.001000
47600,0.020297,1.000000,0.023825,1.000000,275.0,0.001000
47700,0.013207,1.000000,0.015072,1.000000,275.6,0.001000
47800,0.018902,1.000000,0.023384,1.000000,276.1,0.001000
47900,0.015945,1.000000,0.018298,1.000000,276.7,0.001000
48000,0.021142,1.000000,0.027504,0.999555,277.3,0.001000
48100,0.018963,1.000000,0.021928,1.000000,277.8,0.001000
48200,0.066665,1.000000,0.090190,0.999109,278.4,0.001000
48300,0.021858,1.000000,0.025609,1.000000,279.0,0.001000
48400,0.014761,1.000000,0.016526,1.000000,279.5,0.001000
48500,0.019777,1.000000,0.025098,1.000000,280.1,0.001000
48600,0.019204,1.000000,0.021912,1.000000,280.6,0.001000
48700,0.950499,0.754456,1.061643,0.715367,281.2,0.001000
48800,0.020378,1.000000,0.024007,1.000000,281.7,0.001000
48900,0.017242,1.000000,0.019042,1.000000,282.3,0.001000
49000,0.018377,1.000000,0.022299,1.000000,283.0,0.001000
49100,0.016613,1.000000,0.018808,1.000000,283.6,0.001000
49200,0.036645,1.000000,0.051048,1.000000,284.1,0.001000
49300,0.021657,1.000000,0.025708,1.000000,284.6,0.001000
49400,0.268837,0.974153,0.328523,0.962584,285.2,0.001000
49500,0.020140,1.000000,0.024330,1.000000,285.7,0.001000
49600,0.015476,1.000000,0.017659,1.000000,286.3,0.001000
49700,0.022924,1.000000,0.030184,0.999555,286.9,0.001000
49800,0.018446,1.000000,0.021876,1.000000,287.4,0.001000
49900,0.314645,0.965241,0.401228,0.935857,288.0,0.001000
50000,0.021596,1.000000,0.026338,1.000000,288.5,0.001000
50100,0.016590,1.000000,0.018648,1.000000,289.1,0.001000
50200,0.024249,1.000000,0.031998,1.000000,289.7,0.001000
50300,0.020192,1.000000,0.023380,1.000000,290.4,0.001000
50400,0.012182,1.000000,0.013656,1.000000,291.0,0.001000
50500,0.027014,1.000000,0.036660,1.000000,291.5,0.001000
50600,0.019724,1.000000,0.022764,1.000000,292.1,0.001000
50700,0.892418,0.812834,0.957961,0.780846,292.7,0.001000
50800,0.020047,1.000000,0.024459,1.000000,293.3,0.001000
50900,0.015765,1.000000,0.018091,1.000000,293.8,0.001000
51000,0.021844,1.000000,0.029097,0.999555,294.4,0.001000
51100,0.018831,1.000000,0.021649,1.000000,295.0,0.001000
51200,0.127393,1.000000,0.162094,0.993318,295.5,0.001000
51300,0.023304,1.000000,0.027790,1.000000,296.1,0.001000
51400,0.016918,1.000000,0.019075,1.000000,296.6,0.001000
51500,0.021730,1.000000,0.026814,1.000000,297.2,0.001000
51600,0.020160,1.000000,0.022502,1.000000,297.8,0.001000
51700,0.828896,0.796346,0.908269,0.767483,298.4,0.001000
51800,0.022468,1.000000,0.027351,1.000000,299.0,0.001000
51900,0.017743,1.000000,0.019868,1.000000,299.5,0.001000
52000,0.022610,1.000000,0.030163,1.000000,300.1,0.001000
52100,0.018405,1.000000,0.021391,1.000000,300.7,0.001000
52200,0.231060,0.987077,0.299843,0.971492,301.3,0.001000
52300,0.022169,1.000000,0.026314,1.000000,301.9,0.001000
52400,0.016684,1.000000,0.018752,1.000000,302.4,0.001000
52500,0.021288,1.000000,0.026382,1.000000,303.0,0.001000
52600,0.018886,1.000000,0.021457,1.000000,303.6,0.001000
52700,0.360903,0.942513,0.423409,0.927394,304.2,0.001000
52800,0.020245,1.000000,0.024323,1.000000,304.7,0.001000
52900,0.015811,1.000000,0.017837,1.000000,305.3,0.001000
53000,0.042752,1.000000,0.057649,0.999555,305.8,0.001000
53100,0.024261,1.000000,0.028293,1.000000,306.4,0.001000
53200,0.321262,0.971925,0.378337,0.957238,307.0,0.001000
53300,0.021774,1.000000,0.026275,0.999555,307.6,0.001000
53400,0.015228,1.000000,0.017247,1.000000,308.1,0.001000
53500,0.028818,1.000000,0.036563,0.999555,308.7,0.001000
53600,0.020464,1.000000,0.023843,1.000000,309.3,0.001000
53700,0.025044,1.000000,0.031587,0.999555,309.9,0.001000
53800,0.020333,1.000000,0.023328,1.000000,310.4,0.001000
53900,0.123933,0.998663,0.157471,0.990646,311.0,0.001000
54000,0.021213,1.000000,0.025278,1.000000,311.5,0.001000
54100,0.014285,1.000000,0.016102,1.000000,312.1,0.001000
54200,0.024623,1.000000,0.031482,1.000000,312.7,0.001000
54300,0.019118,1.000000,0.021690,1.000000,313.2,0.001000
54400,0.131162,0.997772,0.164709,0.995991,313.8,0.001000
54500,0.024395,1.000000,0.029438,0.999555,314.4,0.001000
54600,0.016684,1.000000,0.018786,1.000000,314.9,0.001000
54700,0.024664,1.000000,0.030699,0.999555,315.5,0.001000
54800,0.018154,1.000000,0.020910,1.000000,316.0,0.001000
54900,0.324825,0.961230,0.435203,0.926503,316.6,0.001000
55000,0.023706,1.000000,0.029518,0.999555,317.2,0.001000
55100,0.017944,1.000000,0.020423,1.000000,317.7,0.001000
55200,0.022372,1.000000,0.028034,0.999555,318.3,0.001000
55300,0.017897,1.000000,0.020432,1.000000,318.9,0.001000
55400,0.135367,0.998663,0.180652,0.991537,319.5,0.001000
55500,0.022747,1.000000,0.028476,1.000000,320.0,0.001000
55600,0.015984,1.000000,0.018322,1.000000,320.6,0.001000
55700,0.024348,1.000000,0.031075,0.999555,321.1,0.001000
55800,0.017423,1.000000,0.020334,1.000000,321.7,0.001000
55900,0.059321,1.000000,0.084203,0.999555,322.2,0.001000
56000,0.022253,1.000000,0.027074,0.999555,322.8,0.001000
56100,0.014186,1.000000,0.016270,1.000000,323.3,0.001000
56200,0.029064,1.000000,0.036437,0.999555,323.9,0.001000
56300,0.017261,1.000000,0.019752,1.000000,324.5,0.001000
56400,0.132991,0.996435,0.186909,0.984410,325.0,0.001000
56500,0.021738,1.000000,0.026084,1.000000,325.6,0.001000
56600,0.015316,1.000000,0.017325,1.000000,326.1,0.001000
56700,0.019741,1.000000,0.025172,0.999555,326.7,0.001000
56800,0.016859,1.000000,0.019376,1.000000,327.2,0.001000
56900,0.065103,1.000000,0.091395,0.998664,327.8,0.001000
57000,0.020157,1.000000,0.023735,1.000000,328.4,0.001000
57100,0.014610,1.000000,0.016479,1.000000,329.0,0.001000
57200,0.019871,1.000000,0.024368,1.000000,329.6,0.001000
57300,0.016037,1.000000,0.018107,1.000000,330.2,0.001000
57400,0.023509,1.000000,0.031026,0.999555,330.8,0.001000
57500,0.020818,1.000000,0.024115,1.000000,331.3,0.001000
57600,0.224358,0.983066,0.273117,0.969710,331.9,0.001000
57700,0.018636,1.000000,0.022719,0.999555,332.4,0.001000
57800,0.013444,1.000000,0.015355,1.000000,333.0,0.001000
57900,0.019889,1.000000,0.026175,0.999555,333.5,0.001000
58000,0.017515,1.000000,0.020408,1.000000,334.1,0.001000
58100,0.036621,1.000000,0.048989,0.998664,334.6,0.001000
58200,0.017557,1.000000,0.020380,1.000000,335.2,0.001000
58300,0.233953,0.986185,0.279253,0.974165,335.8,0.001000
58400,0.017958,1.000000,0.021587,0.999555,336.3,0.001000
58500,0.013465,1.000000,0.015205,1.000000,336.8,0.001000
58600,0.021257,1.000000,0.026645,0.999555,337.4,0.001000
58700,0.017640,1.000000,0.020031,1.000000,337.9,0.001000
58800,0.054648,1.000000,0.074323,0.999555,338.5,0.001000
58900,0.018397,1.000000,0.022029,1.000000,339.0,0.001000
59000,0.014993,1.000000,0.016818,1.000000,339.6,0.001000
59100,0.021428,1.000000,0.026694,1.000000,340.2,0.001000
59200,0.016196,1.000000,0.018234,1.000000,340.7,0.001000
59300,0.020323,1.000000,0.026655,0.999555,341.3,0.001000
59400,0.016918,1.000000,0.019443,1.000000,341.8,0.001000
59500,0.277609,0.972816,0.336304,0.961247,342.4,0.001000
59600,0.021262,1.000000,0.025545,1.000000,343.0,0.001000
59700,0.016829,1.000000,0.018909,1.000000,343.5,0.001000
59800,0.020803,1.000000,0.025817,1.000000,344.1,0.001000
59900,0.016849,1.000000,0.018860,1.000000,344.7,0.001000
60000,0.019376,1.000000,0.024190,1.000000,345.2,0.001000
60100,0.015522,1.000000,0.018033,1.000000,345.8,0.001000
60200,0.032067,1.000000,0.043309,0.999109,346.4,0.001000
60300,0.017850,1.000000,0.021348,1.000000,347.0,0.001000
60400,0.482941,0.913547,0.551118,0.889532,347.6,0.001000
60500,0.023491,1.000000,0.028408,1.000000,348.2,0.001000
60600,0.017784,1.000000,0.019838,1.000000,348.7,0.001000
60700,0.020930,1.000000,0.026281,1.000000,349.3,0.001000
60800,0.016878,1.000000,0.019253,1.000000,349.9,0.001000
60900,0.693944,0.879679,0.813927,0.836526,350.4,0.001000
61000,0.023921,1.000000,0.030289,0.999555,351.0,0.001000
61100,0.018091,1.000000,0.020408,1.000000,351.6,0.001000
61200,0.033991,1.000000,0.048438,0.998664,352.1,0.001000
61300,0.019319,1.000000,0.022699,1.000000,352.7,0.001000
61400,0.013305,1.000000,0.015104,1.000000,353.3,0.001000
61500,0.033696,1.000000,0.046005,0.999555,353.9,0.001000
61600,0.022445,1.000000,0.026553,1.000000,354.6,0.001000
61700,0.014849,1.000000,0.016622,1.000000,355.1,0.001000
61800,0.032037,1.000000,0.042534,0.999555,355.7,0.001000
61900,0.022755,1.000000,0.026784,1.000000,356.3,0.001000
62000,0.014516,1.000000,0.016285,1.000000,356.8,0.001000
62100,0.024254,1.000000,0.030066,0.999555,357.3,0.001000
62200,0.019934,1.000000,0.022570,1.000000,357.9,0.001000
62300,0.104194,0.999554,0.141186,0.993764,358.4,0.001000
62400,0.019155,1.000000,0.022729,1.000000,359.0,0.001000
62500,0.165529,0.994652,0.209329,0.987528,359.5,0.001000
62600,0.023202,1.000000,0.027330,1.000000,360.1,0.001000
62700,0.016287,1.000000,0.018446,1.000000,360.6,0.001000
62800,0.037120,1.000000,0.048642,0.999555,361.2,0.001000
62900,0.019817,1.000000,0.022986,1.000000,361.7,0.001000
63000,0.024679,1.000000,0.027432,1.000000,362.3,0.001000
63100,0.019654,1.000000,0.023921,0.999555,362.9,0.001000
63200,0.015925,1.000000,0.018036,1.000000,363.5,0.001000
63300,0.030818,1.000000,0.041032,1.000000,364.1,0.001000
63400,0.018288,1.000000,0.021527,1.000000,364.6,0.001000
63500,0.806529,0.794563,0.982812,0.760802,365.2,0.001000
63600,0.022228,1.000000,0.027081,0.999555,365.8,0.001000
63700,0.017854,1.000000,0.020375,1.000000,366.4,0.001000
63800,0.024463,1.000000,0.032614,0.999555,366.9,0.001000
63900,0.019158,1.000000,0.022264,1.000000,367.5,0.001000
64000,0.057831,1.000000,0.081570,0.997773,368.1,0.001000
64100,0.021660,1.000000,0.025102,1.000000,368.6,0.001000
64200,3.375592,0.327986,3.642320,0.273051,369.2,0.001000
64300,0.021648,1.000000,0.026563,1.000000,369.8,0.001000
64400,0.016412,1.000000,0.018780,1.000000,370.4,0.001000
64500,0.024080,1.000000,0.032163,1.000000,371.0,0.001000
64600,0.019106,1.000000,0.022111,1.000000,371.6,0.001000
64700,0.778057,0.831105,0.837805,0.807572,372.1,0.001000
64800,0.021097,1.000000,0.025387,1.000000,372.7,0.001000
64900,0.015572,1.000000,0.017640,1.000000,373.2,0.001000
65000,0.041293,1.000000,0.053676,0.999109,373.7,0.001000
65100,0.021687,1.000000,0.025884,1.000000,374.3,0.001000
65200,0.014743,1.000000,0.016719,1.000000,374.9,0.001000
65300,0.019795,1.000000,0.025027,1.000000,375.4,0.001000
65400,0.015533,1.000000,0.018104,1.000000,376.0,0.001000
65500,0.138870,0.995544,0.191084,0.984855,376.5,0.001000
65600,0.017687,1.000000,0.021567,1.000000,377.1,0.001000
65700,0.014320,1.000000,0.016288,1.000000,377.6,0.001000
65800,0.020170,1.000000,0.024780,1.000000,378.3,0.001000
65900,0.018336,1.000000,0.020767,1.000000,378.9,0.001000
66000,0.024118,1.000000,0.030779,0.999555,379.4,0.001000
66100,0.019274,1.000000,0.022519,1.000000,380.0,0.001000
66200,0.010734,1.000000,0.012398,1.000000,380.7,0.001000
66300,0.019129,1.000000,0.025207,0.999555,381.3,0.001000
66400,0.016961,1.000000,0.019618,1.000000,381.9,0.001000
66500,0.032679,1.000000,0.047062,0.999555,382.5,0.001000
66600,0.020539,1.000000,0.025148,0.999555,383.2,0.001000
66700,0.013254,1.000000,0.015375,1.000000,383.7,0.001000
66800,0.024874,1.000000,0.033938,1.000000,384.3,0.001000
66900,0.019956,1.000000,0.023517,1.000000,384.9,0.001000
67000,0.048537,1.000000,0.065296,0.999109,385.4,0.001000
67100,0.020291,1.000000,0.023929,1.000000,386.0,0.001000
67200,0.013053,1.000000,0.014673,1.000000,386.6,0.001000
67300,0.020881,1.000000,0.028299,0.999555,387.1,0.001000
67400,0.018317,1.000000,0.021778,0.999555,387.7,0.001000
67500,0.322128,0.952763,0.393549,0.930067,388.3,0.001000
67600,0.019796,1.000000,0.023748,1.000000,388.8,0.001000
67700,0.015394,1.000000,0.017540,1.000000,389.4,0.001000
67800,0.020500,1.000000,0.026716,1.000000,389.9,0.001000
67900,0.016746,1.000000,0.019413,1.000000,390.5,0.001000
68000,0.031741,1.000000,0.045666,1.000000,391.0,0.001000
68100,0.016381,1.000000,0.019845,1.000000,391.6,0.001000
68200,0.010367,1.000000,0.012076,1.000000,392.1,0.001000
68300,0.016938,1.000000,0.022398,0.999555,392.7,0.001000
68400,0.016159,1.000000,0.018800,1.000000,393.2,0.001000
68500,0.069569,1.000000,0.091859,0.997773,393.8,0.001000
68600,0.020103,1.000000,0.024232,1.000000,394.3,0.001000
68700,0.014534,1.000000,0.016572,1.000000,394.9,0.001000
68800,0.019820,1.000000,0.024726,1.000000,395.4,0.001000
68900,0.016383,1.000000,0.018838,1.000000,396.0,0.001000
69000,1.046805,0.735740,1.172614,0.693987,396.5,0.001000
69100,0.021330,1.000000,0.026765,1.000000,397.1,0.001000
69200,0.016616,1.000000,0.019167,1.000000,397.6,0.001000
69300,0.027425,1.000000,0.035294,0.999555,398.2,0.001000
69400,0.020585,1.000000,0.024078,1.000000,398.7,0.001000
69500,0.015535,1.000000,0.017580,1.000000,399.3,0.001000
69600,0.021185,1.000000,0.025995,1.000000,399.8,0.001000
69700,0.016648,1.000000,0.019411,1.000000,400.4,0.001000
69800,0.034514,1.000000,0.044921,1.000000,401.0,0.001000
69900,0.019956,1.000000,0.023423,1.000000,401.5,0.001000
70000,0.013139,1.000000,0.015008,1.000000,402.1,0.001000
70100,0.019712,1.000000,0.025092,1.000000,402.7,0.001000
70200,0.017519,1.000000,0.019919,1.000000,403.2,0.001000
70300,0.040672,1.000000,0.054342,0.999555,403.8,0.001000
70400,0.017742,1.000000,0.021118,1.000000,404.4,0.001000
70500,0.011984,1.000000,0.013845,1.000000,404.9,0.001000
70600,0.020566,1.000000,0.025885,1.000000,405.5,0.001000
70700,0.017131,1.000000,0.019117,1.000000,406.0,0.001000
70800,0.019252,1.000000,0.024003,1.000000,406.6,0.001000
70900,0.015807,1.000000,0.018337,1.000000,407.2,0.001000
71000,0.092855,0.999554,0.127535,0.994655,407.8,0.001000
71100,0.018229,1.000000,0.022718,1.000000,408.4,0.001000
71200,0.013890,1.000000,0.016024,1.000000,408.9,0.001000
71300,0.022545,1.000000,0.028522,1.000000,409.5,0.001000
71400,0.016429,1.000000,0.019048,1.000000,410.1,0.001000
71500,0.023113,1.000000,0.030488,1.000000,410.7,0.001000
71600,0.017928,1.000000,0.021404,1.000000,411.2,0.001000
71700,0.155507,0.995098,0.212144,0.982183,411.8,0.001000
71800,0.025007,1.000000,0.030652,1.000000,412.5,0.001000
71900,0.017264,1.000000,0.019698,1.000000,413.1,0.001000
72000,0.024676,1.000000,0.032822,0.999555,413.7,0.001000
72100,0.019087,1.000000,0.022982,1.000000,414.3,0.001000
72200,0.055220,1.000000,0.073624,0.998218,414.9,0.001000
72300,0.018718,1.000000,0.022614,1.000000,415.4,0.001000
72400,0.012511,1.000000,0.014530,1.000000,416.0,0.001000
72500,0.021663,1.000000,0.027235,1.000000,416.5,0.001000
72600,0.017857,1.000000,0.020327,1.000000,417.1,0.001000
72700,0.025053,1.000000,0.031826,1.000000,417.6,0.001000
72800,0.019040,1.000000,0.022115,1.000000,418.2,0.001000
72900,0.051309,1.000000,0.068167,1.000000,418.8,0.001000
73000,0.018974,1.000000,0.022150,1.000000,419.4,0.001000
73100,0.124584,0.997326,0.165985,0.989755,419.9,0.001000
73200,0.018579,1.000000,0.022450,1.000000,420.5,0.001000
73300,0.012832,1.000000,0.014834,1.000000,421.0,0.001000
73400,0.020278,1.000000,0.025562,1.000000,421.6,0.001000
73500,0.016295,1.000000,0.018927,1.000000,422.2,0.001000
73600,0.897591,0.804813,1.070785,0.751448,422.7,0.001000
73700,0.025449,1.000000,0.031839,1.000000,423.3,0.001000
73800,0.019512,1.000000,0.022188,1.000000,423.9,0.001000
73900,0.021253,1.000000,0.027488,1.000000,424.4,0.001000
74000,0.016092,1.000000,0.018924,1.000000,425.0,0.001000
74100,0.149369,0.990196,0.191867,0.987082,425.6,0.001000
74200,0.016605,1.000000,0.020014,1.000000,426.1,0.001000
74300,0.012222,1.000000,0.014269,1.000000,426.7,0.001000
74400,0.017597,1.000000,0.022835,1.000000,427.2,0.001000
74500,0.013225,1.000000,0.015501,1.000000,427.8,0.001000
74600,0.023564,1.000000,0.031865,0.999555,428.3,0.001000
74700,0.017171,1.000000,0.020393,1.000000,428.9,0.001000
74800,0.025348,1.000000,0.033809,0.999555,429.5,0.001000
74900,0.017607,1.000000,0.020854,1.000000,430.0,0.001000
75000,0.456781,0.912656,0.564427,0.879733,430.6,0.001000
75100,0.020789,1.000000,0.025422,1.000000,431.2,0.001000
75200,0.015885,1.000000,0.018209,1.000000,431.8,0.001000
75300,0.020065,1.000000,0.025116,1.000000,432.4,0.001000
75400,0.015976,1.000000,0.018494,1.000000,433.0,0.001000
75500,0.027289,1.000000,0.036767,0.999555,433.6,0.001000
75600,0.017888,1.000000,0.021580,1.000000,434.2,0.001000
75700,0.169899,0.990196,0.221943,0.985301,434.8,0.001000
75800,0.022129,1.000000,0.027115,1.000000,435.4,0.001000
75900,0.015654,1.000000,0.018176,1.000000,436.0,0.001000
76000,0.023340,1.000000,0.030766,0.999555,436.5,0.001000
76100,0.018509,1.000000,0.021516,1.000000,437.1,0.001000
76200,0.464088,0.909537,0.549617,0.885523,437.7,0.001000
76300,0.021495,1.000000,0.026170,1.000000,438.3,0.001000
76400,0.015646,1.000000,0.018022,1.000000,438.8,0.001000
76500,0.020328,1.000000,0.025647,1.000000,439.4,0.001000
76600,0.015957,1.000000,0.018392,1.000000,440.0,0.001000
76700,0.025358,1.000000,0.034216,0.999555,440.5,0.001000
76800,0.018239,1.000000,0.021978,1.000000,441.1,0.001000
76900,0.285161,0.968360,0.346765,0.949666,441.7,0.001000
77000,0.019996,1.000000,0.026147,1.000000,442.3,0.001000
77100,0.020364,1.000000,0.023748,1.000000,442.8,0.001000
77200,0.022081,1.000000,0.027356,1.000000,443.4,0.001000
77300,0.017320,1.000000,0.019731,1.000000,444.0,0.001000
77400,0.022430,1.000000,0.029526,0.999555,444.6,0.001000
77500,0.016518,1.000000,0.019564,1.000000,445.3,0.001000
77600,0.049108,1.000000,0.069287,0.999555,445.9,0.001000
77700,0.020300,1.000000,0.024660,1.000000,446.5,0.001000
77800,0.020186,1.000000,0.023674,1.000000,447.1,0.001000
77900,0.019774,1.000000,0.024522,1.000000,447.7,0.001000
78000,0.015210,1.000000,0.017493,1.000000,448.2,0.001000
78100,0.019342,1.000000,0.024552,1.000000,448.8,0.001000
78200,0.015960,1.000000,0.018410,1.000000,449.3,0.001000
78300,0.074994,1.000000,0.102515,0.997773,449.9,0.001000
78400,0.022296,1.000000,0.026959,1.000000,450.4,0.001000
78500,0.014575,1.000000,0.016219,1.000000,451.0,0.001000
78600,0.021399,1.000000,0.027027,1.000000,451.6,0.001000
78700,0.016969,1.000000,0.019638,1.000000,452.1,0.001000
78800,0.028893,1.000000,0.038778,0.999109,452.7,0.001000
78900,0.020043,1.000000,0.023618,1.000000,453.2,0.001000
79000,2.546553,0.434938,2.680975,0.406236,453.9,0.001000
79100,0.021514,1.000000,0.026234,1.000000,454.5,0.001000
79200,0.015867,1.000000,0.018354,1.000000,455.1,0.001000
79300,0.029576,1.000000,0.038960,0.999555,455.7,0.001000
79400,0.022750,1.000000,0.026775,1.000000,456.3,0.001000
79500,0.013785,1.000000,0.015479,1.000000,456.9,0.001000
79600,0.020091,1.000000,0.025094,1.000000,457.4,0.001000
79700,0.017061,1.000000,0.019496,1.000000,458.0,0.001000
79800,3.298040,0.228610,3.351122,0.214254,458.6,0.001000
79900,0.021926,1.000000,0.026753,1.000000,459.1,0.001000
80000,0.018681,1.000000,0.021034,1.000000,459.7,0.001000
80100,0.049359,1.000000,0.064923,0.999109,460.3,0.001000
80200,0.022508,1.000000,0.026802,1.000000,460.9,0.001000
80300,0.014891,1.000000,0.017003,1.000000,461.4,0.001000
80400,0.022993,1.000000,0.028533,1.000000,462.0,0.001000
80500,0.019507,1.000000,0.021737,1.000000,462.6,0.001000
80600,0.023778,1.000000,0.029497,1.000000,463.1,0.001000
80700,0.018260,1.000000,0.021296,1.000000,463.7,0.001000
80800,0.064433,1.000000,0.086663,1.000000,464.3,0.001000
80900,0.021590,1.000000,0.025990,1.000000,464.9,0.001000
81000,0.014374,1.000000,0.016110,1.000000,465.5,0.001000
81100,0.026128,1.000000,0.033252,1.000000,466.0,0.001000
81200,0.019973,1.000000,0.023270,1.000000,466.6,0.001000
81300,0.118204,0.997772,0.167131,0.990646,467.1,0.001000
81400,0.023791,1.000000,0.028098,1.000000,467.7,0.001000
81500,0.016685,1.000000,0.019114,1.000000,468.3,0.001000
81600,0.022633,1.000000,0.028513,1.000000,468.8,0.001000
81700,0.018626,1.000000,0.021476,1.000000,469.4,0.001000
81800,0.330134,0.965686,0.427150,0.930958,470.0,0.001000
81900,0.020064,1.000000,0.024296,1.000000,470.5,0.001000
82000,0.015239,1.000000,0.017280,1.000000,471.1,0.001000
82100,0.018662,1.000000,0.023641,1.000000,471.6,0.001000
82200,0.015698,1.000000,0.018142,1.000000,472.2,0.001000
82300,0.034983,1.000000,0.048433,0.999109,472.7,0.001000
82400,0.018120,1.000000,0.021071,1.000000,473.3,0.001000
82500,0.012763,1.000000,0.014303,1.000000,473.9,0.001000
82600,0.018792,1.000000,0.023082,1.000000,474.5,0.001000
82700,0.015001,1.000000,0.017081,1.000000,475.1,0.001000
82800,0.022637,1.000000,0.028610,1.000000,475.6,0.001000
82900,0.018982,1.000000,0.021947,1.000000,476.2,0.001000
83000,0.037148,1.000000,0.049222,0.999555,476.9,0.001000
83100,0.017926,1.000000,0.021048,1.000000,477.5,0.001000
83200,0.070823,0.998663,0.089595,0.998218,478.1,0.001000
83300,0.018570,1.000000,0.021703,1.000000,478.7,0.001000
83400,0.012792,1.000000,0.014490,1.000000,479.3,0.001000
83500,0.019829,1.000000,0.024187,1.000000,480.0,0.001000
83600,0.015974,1.000000,0.018540,1.000000,480.6,0.001000
83700,0.023560,1.000000,0.032049,1.000000,481.2,0.001000
83800,0.018535,1.000000,0.022193,1.000000,481.8,0.001000
83900,0.114744,0.997772,0.148848,0.994655,482.4,0.001000
84000,0.020393,1.000000,0.024923,1.000000,482.9,0.001000
84100,0.014209,1.000000,0.016036,1.000000,483.5,0.001000
84200,0.022639,1.000000,0.029565,1.000000,484.1,0.001000
84300,0.017719,1.000000,0.020939,1.000000,484.6,0.001000
84400,0.027714,1.000000,0.036448,1.000000,485.2,0.001000
84500,0.017589,1.000000,0.020841,1.000000,485.8,0.001000
84600,0.010802,1.000000,0.012209,1.000000,486.3,0.001000
84700,0.019810,1.000000,0.025183,1.000000,486.9,0.001000
84800,0.017087,1.000000,0.020030,1.000000,487.5,0.001000
84900,0.108626,0.997326,0.145023,0.994209,488.1,0.001000
85000,0.024051,1.000000,0.028493,1.000000,488.7,0.001000
85100,0.017937,1.000000,0.020385,1.000000,489.2,0.001000
85200,0.037162,1.000000,0.048064,0.999555,489.8,0.001000
85300,0.022601,1.000000,0.026389,1.000000,490.3,0.001000
85400,0.013821,1.000000,0.015300,1.000000,490.9,0.001000
85500,0.021883,1.000000,0.027068,1.000000,491.5,0.001000
85600,0.017433,1.000000,0.019894,1.000000,492.0,0.001000
85700,0.029286,1.000000,0.038128,0.999555,492.6,0.001000
85800,0.019225,1.000000,0.022574,1.000000,493.1,0.001000
85900,0.207042,0.993761,0.248442,0.979510,493.7,0.001000
86000,0.019723,1.000000,0.023886,1.000000,494.2,0.001000
86100,0.014697,1.000000,0.016677,1.000000,494.8,0.001000
86200,0.027376,1.000000,0.036637,0.999555,495.3,0.001000
86300,0.019099,1.000000,0.022600,1.000000,495.9,0.001000
86400,0.192016,0.992870,0.241001,0.983519,496.5,0.001000
86500,0.019239,1.000000,0.022893,1.000000,497.1,0.001000
86600,0.013904,1.000000,0.015748,1.000000,497.6,0.001000
86700,0.019666,1.000000,0.025952,0.999555,498.2,0.001000
86800,0.017184,1.000000,0.020014,1.000000,498.8,0.001000
86900,0.047801,1.000000,0.063905,0.999555,499.3,0.001000
87000,0.019903,1.000000,0.023660,1.000000,499.9,0.001000
87100,0.552848,0.897059,0.631568,0.868597,500.4,0.001000
87200,0.022367,1.000000,0.027302,1.000000,501.0,0.001000
87300,0.016354,1.000000,0.018769,1.000000,501.5,0.001000
87400,0.027072,1.000000,0.035791,0.999555,502.1,0.001000
87500,0.018819,1.000000,0.022024,1.000000,502.7,0.001000
87600,0.248614,0.975936,0.309962,0.962584,503.2,0.001000
87700,0.021850,1.000000,0.026260,1.000000,503.8,0.001000
87800,0.015446,1.000000,0.017443,1.000000,504.4,0.001000
87900,0.019822,1.000000,0.024621,1.000000,504.9,0.001000
88000,0.016268,1.000000,0.018880,1.000000,505.6,0.001000
88100,0.009049,1.000000,0.010438,1.000000,506.1,0.001000
88200,0.017170,1.000000,0.023692,0.999555,506.7,0.001000
88300,0.015889,1.000000,0.019035,1.000000,507.3,0.001000
88400,0.026220,1.000000,0.035470,1.000000,507.9,0.001000
88500,0.017287,1.000000,0.020657,1.000000,508.5,0.001000
88600,0.010910,1.000000,0.012357,1.000000,509.1,0.001000
88700,0.020166,1.000000,0.025999,0.999555,509.7,0.001000
88800,0.016589,1.000000,0.019029,1.000000,510.3,0.001000
88900,0.022582,1.000000,0.029221,1.000000,511.0,0.001000
89000,0.017982,1.000000,0.020995,1.000000,511.5,0.001000
89100,0.026871,1.000000,0.036588,0.999555,512.1,0.001000
89200,0.018347,1.000000,0.021513,1.000000,512.6,0.001000
89300,0.145723,0.993761,0.197383,0.985746,513.2,0.001000
89400,0.019117,1.000000,0.023110,1.000000,513.8,0.001000
89500,0.013739,1.000000,0.015613,1.000000,514.3,0.001000
89600,0.021416,1.000000,0.027399,1.000000,514.9,0.001000
89700,0.018117,1.000000,0.021267,1.000000,515.4,0.001000
89800,0.202388,0.988414,0.258904,0.968820,516.0,0.001000
89900,0.021845,1.000000,0.026184,1.000000,516.5,0.001000
90000,0.016391,1.000000,0.018518,1.000000,517.1,0.001000
90100,0.034604,1.000000,0.045271,1.000000,517.7,0.001000
90200,0.020423,1.000000,0.024022,1.000000,518.2,0.001000
90300,0.109780,0.998663,0.141500,0.993764,518.8,0.001000
90400,0.019030,1.000000,0.023043,1.000000,519.4,0.001000
90500,0.012785,1.000000,0.014409,1.000000,519.9,0.001000
90600,0.020339,1.000000,0.026205,1.000000,520.5,0.001000
90700,0.016550,1.000000,0.019249,1.000000,521.0,0.001000
90800,0.018804,1.000000,0.024008,1.000000,521.6,0.001000
90900,0.014864,1.000000,0.017269,1.000000,522.2,0.001000
91000,0.070865,0.999554,0.098488,0.998218,522.8,0.001000
91100,0.018030,1.000000,0.021510,1.000000,523.3,0.001000
91200,0.013177,1.000000,0.014841,1.000000,523.9,0.001000
91300,0.019468,1.000000,0.024718,1.000000,524.5,0.001000
91400,0.016107,1.000000,0.018587,1.000000,525.0,0.001000
91500,0.023626,1.000000,0.029751,1.000000,525.6,0.001000
91600,0.019797,1.000000,0.022920,1.000000,526.2,0.001000
91700,0.074905,0.999554,0.100117,0.997773,526.8,0.001000
91800,0.019014,1.000000,0.022783,1.000000,527.3,0.001000
91900,0.012321,1.000000,0.014078,1.000000,527.9,0.001000
92000,0.023479,1.000000,0.030063,1.000000,528.4,0.001000
92100,0.019882,1.000000,0.022749,1.000000,529.0,0.001000
92200,0.033412,1.000000,0.044104,0.999555,529.5,0.001000
92300,0.017690,1.000000,0.021297,1.000000,530.1,0.001000
92400,0.075682,1.000000,0.099851,0.997773,530.7,0.001000
92500,0.018773,1.000000,0.022667,1.000000,531.3,0.001000
92600,0.480805,0.904189,0.520468,0.896659,531.8,0.001000
92700,0.018663,1.000000,0.022898,1.000000,532.4,0.001000
92800,0.013804,1.000000,0.016024,1.000000,532.9,0.001000
92900,0.020988,1.000000,0.026563,1.000000,533.5,0.001000
93000,0.017353,1.000000,0.020097,1.000000,534.0,0.001000
93100,0.194152,0.986185,0.263042,0.967038,534.6,0.001000
93200,0.016465,1.000000,0.020011,1.000000,535.2,0.001000
93300,0.012810,1.000000,0.014463,1.000000,535.7,0.001000
93400,0.022136,1.000000,0.028007,1.000000,536.3,0.001000
93500,0.016776,1.000000,0.019069,1.000000,536.8,0.001000
93600,0.035338,1.000000,0.046818,1.000000,537.4,0.001000
93700,0.019780,1.000000,0.023019,1.000000,537.9,0.001000
93800,0.216336,0.982620,0.286967,0.967038,538.5,0.001000
93900,0.021296,1.000000,0.025902,1.000000,539.1,0.001000
94000,0.015507,1.000000,0.017474,1.000000,539.6,0.001000
94100,0.027819,1.000000,0.035814,1.000000,540.2,0.001000
94200,0.020153,1.000000,0.023418,1.000000,540.8,0.001000
94300,0.106151,0.997772,0.135688,0.993318,541.5,0.001000
94400,0.020998,1.000000,0.025097,1.000000,542.0,0.001000
94500,0.014398,1.000000,0.016728,1.000000,542.6,0.001000
94600,0.019086,1.000000,0.024682,0.999555,543.2,0.001000
94700,0.016582,1.000000,0.019266,1.000000,543.7,0.001000
94800,0.022185,1.000000,0.028012,1.000000,544.3,0.001000
94900,0.017157,1.000000,0.020092,1.000000,544.9,0.001000
95000,0.031336,1.000000,0.040787,1.000000,545.5,0.001000
95100,0.016702,1.000000,0.019821,1.000000,546.0,0.001000
95200,0.328451,0.951426,0.430136,0.923385,546.6,0.001000
95300,0.018751,1.000000,0.023329,1.000000,547.2,0.001000
95400,0.014549,1.000000,0.016684,1.000000,547.8,0.001000
95500,0.115140,0.999554,0.151001,0.993764,548.3,0.001000
95600,0.021816,1.000000,0.026157,1.000000,548.9,0.001000
95700,0.016317,1.000000,0.018163,1.000000,549.5,0.001000
95800,0.026752,1.000000,0.033834,1.000000,550.0,0.001000
95900,0.019724,1.000000,0.022874,1.000000,550.6,0.001000
96000,0.044640,1.000000,0.059114,1.000000,551.2,0.001000
96100,0.019305,1.000000,0.023232,1.000000,551.7,0.001000
96200,0.012334,1.000000,0.014059,1.000000,552.3,0.001000
96300,0.018207,1.000000,0.023630,0.999555,552.9,0.001000
96400,0.015243,1.000000,0.017697,1.000000,553.4,0.001000
96500,0.020005,1.000000,0.025304,1.000000,554.0,0.001000
96600,0.016336,1.000000,0.018858,1.000000,554.5,0.001000
96700,0.215864,0.981283,0.284592,0.963474,555.1,0.001000
96800,0.020791,1.000000,0.025608,1.000000,555.6,0.001000
96900,3.240951,0.250446,3.217845,0.280624,556.2,0.001000
97000,0.019789,1.000000,0.024547,1.000000,556.7,0.001000
97100,0.014445,1.000000,0.016987,1.000000,557.3,0.001000
97200,0.021556,1.000000,0.027531,1.000000,557.9,0.001000
97300,0.018941,1.000000,0.021873,1.000000,558.4,0.001000
97400,0.599550,0.867201,0.700895,0.842762,559.0,0.001000
97500,0.021458,1.000000,0.027291,1.000000,559.5,0.001000
97600,0.016197,1.000000,0.018635,1.000000,560.1,0.001000
97700,0.037746,1.000000,0.052667,0.999555,560.7,0.001000
97800,0.022441,1.000000,0.026680,1.000000,561.2,0.001000
97900,0.014317,1.000000,0.016389,1.000000,561.8,0.001000
98000,0.020997,1.000000,0.026445,1.000000,562.4,0.001000
98100,0.017268,1.000000,0.019808,1.000000,562.9,0.001000
98200,0.026110,1.000000,0.033821,1.000000,563.5,0.001000
98300,0.017817,1.000000,0.020823,1.000000,564.0,0.001000
98400,0.035057,1.000000,0.047266,0.999555,564.6,0.001000
98500,0.018236,1.000000,0.021502,1.000000,565.1,0.001000
98600,0.043526,1.000000,0.061859,0.999109,565.7,0.001000
98700,0.019314,1.000000,0.022999,1.000000,566.2,0.001000
98800,0.012398,1.000000,0.014040,1.000000,566.7,0.001000
98900,0.018608,1.000000,0.023205,1.000000,567.3,0.001000
99000,0.014712,1.000000,0.016829,1.000000,567.9,0.001000
99100,0.023353,1.000000,0.032276,0.999109,568.4,0.001000
99200,0.017805,1.000000,0.020985,1.000000,569.0,0.001000
99300,0.397400,0.932264,0.486245,0.906013,569.5,0.001000
99400,0.018868,1.000000,0.023054,1.000000,570.1,0.001000
99500,0.014494,1.000000,0.016653,1.000000,570.6,0.001000
99600,0.020680,1.000000,0.026679,1.000000,571.2,0.001000
99700,0.017514,1.000000,0.020477,1.000000,571.7,0.001000
99800,0.038315,1.000000,0.053374,0.999555,572.3,0.001000
99900,0.018167,1.000000,0.021920,1.000000,572.9,0.001000
100000,0.214997,0.977273,0.277069,0.958575,573.5,0.001000
100100,0.018645,1.000000,0.022873,1.000000,574.1,0.001000
100200,0.013285,1.000000,0.015248,1.000000,574.7,0.001000
100300,0.018196,1.000000,0.022934,1.000000,575.3,0.001000
100400,0.015326,1.000000,0.017557,1.000000,575.8,0.001000
100500,0.037124,1.000000,0.050909,0.999555,576.4,0.001000
100600,0.020807,1.000000,0.024540,1.000000,577.1,0.001000
100700,3.393885,0.253565,3.464447,0.245434,577.7,0.001000
100800,0.020815,1.000000,0.025482,1.000000,578.2,0.001000
100900,0.016033,1.000000,0.018801,1.000000,578.8,0.001000
101000,0.022908,1.000000,0.028661,1.000000,579.4,0.001000
101100,0.018870,1.000000,0.021911,1.000000,579.9,0.001000
101200,0.054285,1.000000,0.071278,0.999555,580.5,0.001000
101300,0.018367,1.000000,0.022185,1.000000,581.0,0.001000
101400,0.011998,1.000000,0.013832,1.000000,581.6,0.001000
101500,0.028602,1.000000,0.042749,0.998664,582.2,0.001000
101600,0.018710,1.000000,0.022703,1.000000,582.7,0.001000
101700,0.114295,0.999554,0.151261,0.995991,583.3,0.001000
101800,0.019433,1.000000,0.023634,1.000000,583.9,0.001000
101900,2.524922,0.405526,2.604990,0.401336,584.4,0.001000
102000,0.022432,1.000000,0.027595,1.000000,585.0,0.001000
102100,0.016346,1.000000,0.018862,1.000000,585.5,0.001000
102200,0.249844,0.975045,0.316491,0.951002,586.1,0.001000
102300,0.019433,1.000000,0.024585,1.000000,586.7,0.001000
102400,0.015239,1.000000,0.017483,1.000000,587.3,0.001000
102500,0.025516,1.000000,0.034999,0.999555,588.0,0.001000
102600,0.020316,1.000000,0.024273,1.000000,588.5,0.001000
102700,0.226038,0.983957,0.278712,0.973719,589.1,0.001000
102800,0.019788,1.000000,0.023688,1.000000,589.6,0.001000
102900,0.014685,1.000000,0.016617,1.000000,590.2,0.001000
103000,0.062494,1.000000,0.085433,0.997773,590.8,0.001000
103100,0.017982,1.000000,0.022579,1.000000,591.4,0.001000
103200,0.730511,0.829768,0.830483,0.803563,592.0,0.001000
103300,0.019702,1.000000,0.024140,1.000000,592.6,0.001000
103400,0.015249,1.000000,0.017389,1.000000,593.2,0.001000
103500,0.021958,1.000000,0.027809,1.000000,593.7,0.001000
103600,0.016369,1.000000,0.018800,1.000000,594.3,0.001000
103700,0.027745,1.000000,0.035768,1.000000,594.9,0.001000
103800,0.020224,1.000000,0.024180,1.000000,595.4,0.001000
103900,0.195628,0.990196,0.237172,0.977728,595.9,0.001000
104000,0.017870,1.000000,0.021561,1.000000,596.5,0.001000
104100,0.012996,1.000000,0.014953,1.000000,597.0,0.001000
104200,0.021138,1.000000,0.027163,1.000000,597.6,0.001000
104300,0.017250,1.000000,0.020325,1.000000,598.2,0.001000
104400,0.048166,1.000000,0.065578,0.999555,598.7,0.001000
104500,0.018625,1.000000,0.021713,1.000000,599.3,0.001000
104600,0.469474,0.911765,0.531441,0.901559,599.9,0.001000
104700,0.018472,1.000000,0.022166,1.000000,600.4,0.001000
104800,0.013820,1.000000,0.015959,1.000000,601.0,0.001000
104900,0.020039,1.000000,0.026539,0.999555,601.6,0.001000
105000,0.017633,1.000000,0.020596,1.000000,602.2,0.001000
105100,0.137188,0.991979,0.158115,0.983073,602.7,0.001000
105200,0.018950,1.000000,0.023619,1.000000,603.3,0.001000
105300,0.015173,1.000000,0.017748,1.000000,603.9,0.001000
105400,0.041364,0.999554,0.054079,0.999555,604.4,0.001000
105500,0.018727,1.000000,0.022522,1.000000,605.0,0.001000
105600,0.288326,0.975045,0.352310,0.960356,605.6,0.001000
105700,0.022656,1.000000,0.027696,1.000000,606.1,0.001000
105800,0.016430,1.000000,0.018863,1.000000,606.7,0.001000
105900,0.020128,1.000000,0.024761,1.000000,607.3,0.001000
106000,0.015218,1.000000,0.017290,1.000000,607.8,0.001000
106100,0.021437,1.000000,0.027756,1.000000,608.4,0.001000
106200,0.017048,1.000000,0.019806,1.000000,609.0,0.001000
106300,0.058345,1.000000,0.080610,0.999555,609.6,0.001000
106400,0.019351,1.000000,0.023557,1.000000,610.1,0.001000
106500,0.013355,1.000000,0.015448,1.000000,610.7,0.001000
106600,0.018766,1.000000,0.022824,1.000000,611.3,0.001000
106700,0.014236,1.000000,0.016189,1.000000,611.8,0.001000
106800,0.008026,1.000000,0.009141,1.000000,612.4,0.001000
106900,0.019990,1.000000,0.024247,1.000000,612.9,0.001000
107000,0.017059,1.000000,0.019542,1.000000,613.5,0.001000
107100,0.061062,1.000000,0.078845,0.998664,614.0,0.001000
107200,0.021642,1.000000,0.025277,1.000000,614.6,0.001000
107300,0.014807,1.000000,0.016425,1.000000,615.2,0.001000
107400,0.021976,1.000000,0.027098,1.000000,615.7,0.001000
107500,0.017126,1.000000,0.019574,1.000000,616.3,0.001000
107600,0.021806,1.000000,0.028139,1.000000,616.8,0.001000
107700,0.017967,1.000000,0.020984,1.000000,617.4,0.001000
107800,0.234728,0.976827,0.282231,0.968374,617.9,0.001000
107900,0.019728,1.000000,0.023729,1.000000,618.5,0.001000
108000,0.014559,1.000000,0.016371,1.000000,619.1,0.001000
108100,0.028096,1.000000,0.037845,0.999555,619.7,0.001000
108200,0.016063,1.000000,0.018973,1.000000,620.2,0.001000
108300,0.110965,0.998217,0.152637,0.993318,620.8,0.001000
108400,0.020803,1.000000,0.025354,1.000000,621.4,0.001000
108500,0.014679,1.000000,0.016913,1.000000,622.0,0.001000
108600,0.020687,1.000000,0.025265,1.000000,622.5,0.001000
108700,0.017488,1.000000,0.020168,1.000000,623.1,0.001000
108800,0.028232,1.000000,0.038266,0.999109,623.7,0.001000
108900,0.017812,1.000000,0.021221,1.000000,624.3,0.001000
109000,0.480930,0.917112,0.564914,0.899332,624.9,0.001000
109100,0.019348,1.000000,0.023831,1.000000,625.4,0.001000
109200,0.014808,1.000000,0.016829,1.000000,626.0,0.001000
109300,0.040144,1.000000,0.055205,0.999555,626.6,0.001000
109400,0.019588,1.000000,0.022951,1.000000,627.1,0.001000
109500,0.013327,1.000000,0.015213,1.000000,627.7,0.001000
109600,0.027058,1.000000,0.035244,1.000000,628.2,0.001000
109700,0.021015,1.000000,0.024178,1.000000,628.8,0.001000
109800,0.664114,0.851159,0.778876,0.821826,629.3,0.001000
109900,0.020945,1.000000,0.025869,1.000000,629.9,0.001000
110000,0.014982,1.000000,0.017172,1.000000,630.5,0.001000
110100,0.019457,1.000000,0.024792,1.000000,631.1,0.001000
110200,0.016662,1.000000,0.019541,1.000000,631.8,0.001000
110300,0.114943,0.998663,0.168872,0.986637,632.4,0.001000
110400,0.019191,1.000000,0.023227,1.000000,632.9,0.001000
110500,0.014209,1.000000,0.016666,1.000000,633.5,0.001000
110600,0.022867,1.000000,0.031213,1.000000,634.1,0.001000
110700,0.019520,1.000000,0.023321,1.000000,634.8,0.001000
110800,0.081007,0.999554,0.104884,0.998664,635.3,0.001000
110900,0.020237,1.000000,0.024133,1.000000,635.9,0.001000
111000,0.020598,1.000000,0.024538,1.000000,636.4,0.001000
111100,0.019068,1.000000,0.023404,1.000000,637.1,0.001000
111200,0.014343,1.000000,0.016511,1.000000,637.7,0.001000
111300,0.023244,1.000000,0.030542,0.999555,638.2,0.001000
111400,0.018351,1.000000,0.021682,1.000000,638.8,0.001000
111500,0.045829,1.000000,0.060300,0.998664,639.4,0.001000
111600,0.020705,1.000000,0.025037,1.000000,639.9,0.001000
111700,0.012890,1.000000,0.014562,1.000000,640.5,0.001000
111800,0.018259,1.000000,0.023145,1.000000,641.0,0.001000
111900,0.016769,1.000000,0.019373,1.000000,641.6,0.001000
112000,0.026947,1.000000,0.034976,1.000000,642.1,0.001000
112100,0.018529,1.000000,0.021676,1.000000,642.7,0.001000
112200,0.054877,1.000000,0.075098,0.999109,643.2,0.001000
112300,0.017171,1.000000,0.020267,1.000000,643.8,0.001000
112400,0.531060,0.892157,0.595997,0.866815,644.3,0.001000
112500,0.021569,1.000000,0.025977,1.000000,644.9,0.001000
112600,0.016965,1.000000,0.018939,1.000000,645.5,0.001000
112700,0.019249,1.000000,0.024012,1.000000,646.0,0.001000
112800,0.015584,1.000000,0.017956,1.000000,646.6,0.001000
112900,0.024767,1.000000,0.033400,0.999555,647.1,0.001000
113000,0.018487,1.000000,0.021822,1.000000,647.7,0.001000
113100,0.011268,1.000000,0.013090,1.000000,648.3,0.001000
113200,0.020343,1.000000,0.025561,1.000000,648.9,0.001000
113300,0.016053,1.000000,0.018451,1.000000,649.4,0.001000
113400,0.041480,1.000000,0.054714,1.000000,650.0,0.001000
113500,0.019639,1.000000,0.023462,1.000000,650.6,0.001000
113600,0.130308,0.997326,0.157314,0.992428,651.1,0.001000
113700,0.019784,1.000000,0.023852,1.000000,651.7,0.001000
113800,0.016028,1.000000,0.017933,1.000000,652.3,0.001000
113900,0.023537,1.000000,0.029417,1.000000,652.8,0.001000
114000,0.018293,1.000000,0.020678,1.000000,653.4,0.001000
114100,0.021579,1.000000,0.027791,1.000000,654.0,0.001000
114200,0.016379,1.000000,0.019195,1.000000,654.5,0.001000
114300,0.026916,1.000000,0.035270,0.999555,655.1,0.001000
114400,0.017305,1.000000,0.020550,1.000000,655.6,0.001000
114500,0.010757,1.000000,0.012364,1.000000,656.2,0.001000
114600,0.028575,1.000000,0.039242,1.000000,656.8,0.001000
114700,0.018657,1.000000,0.022332,1.000000,657.4,0.001000
114800,0.013216,1.000000,0.014978,1.000000,658.0,0.001000
114900,0.019692,1.000000,0.024526,1.000000,658.6,0.001000
115000,0.015751,1.000000,0.018230,1.000000,659.1,0.001000
115100,0.022542,1.000000,0.028820,0.999555,659.7,0.001000
115200,0.017692,1.000000,0.020644,1.000000,660.3,0.001000
115300,0.098003,0.998663,0.127926,0.993318,660.8,0.001000
115400,0.018633,1.000000,0.022421,1.000000,661.4,0.001000
115500,0.013758,1.000000,0.015552,1.000000,662.0,0.001000
115600,0.020177,1.000000,0.025884,1.000000,662.5,0.001000
115700,0.016287,1.000000,0.019162,1.000000,663.1,0.001000
115800,0.218012,0.987968,0.270880,0.971938,663.6,0.001000
115900,0.022442,1.000000,0.027433,1.000000,664.2,0.001000
116000,0.016910,1.000000,0.019092,1.000000,664.7,0.001000
116100,0.020390,1.000000,0.024744,1.000000,665.3,0.001000
116200,0.016069,1.000000,0.018720,1.000000,665.8,0.001000
116300,0.025063,1.000000,0.033759,1.000000,666.4,0.001000
116400,0.018659,1.000000,0.021811,1.000000,667.0,0.001000
116500,0.461225,0.916667,0.566908,0.881069,667.6,0.001000
116600,0.020959,1.000000,0.026076,1.000000,668.1,0.001000
116700,0.016537,1.000000,0.019156,1.000000,668.6,0.001000
116800,0.045080,1.000000,0.060111,0.999555,669.2,0.001000
116900,0.018010,1.000000,0.021463,1.000000,669.8,0.001000
117000,0.333296,0.963904,0.404266,0.940757,670.3,0.001000
117100,0.018712,1.000000,0.022435,1.000000,670.9,0.001000
117200,0.014054,1.000000,0.015747,1.000000,671.4,0.001000
117300,0.021814,1.000000,0.027236,1.000000,672.0,0.001000
117400,0.017393,1.000000,0.020002,1.000000,672.5,0.001000
117500,0.194257,0.988859,0.251731,0.976392,673.1,0.001000
117600,0.025525,1.000000,0.031521,1.000000,673.7,0.001000
117700,0.015868,1.000000,0.017739,1.000000,674.2,0.001000
117800,0.020742,1.000000,0.025803,1.000000,674.8,0.001000
117900,0.018310,1.000000,0.021149,1.000000,675.3,0.001000
118000,0.024428,1.000000,0.031361,1.000000,675.8,0.001000
118100,0.016179,1.000000,0.018873,1.000000,676.4,0.001000
118200,0.030379,1.000000,0.042126,0.999109,677.0,0.001000
118300,0.019175,1.000000,0.023211,1.000000,677.5,0.001000
118400,0.189868,0.986631,0.233476,0.979065,678.1,0.001000
118500,0.021109,1.000000,0.025342,1.000000,678.6,0.001000
118600,0.015776,1.000000,0.018139,1.000000,679.3,0.001000
118700,0.020368,1.000000,0.026954,1.000000,679.8,0.001000
118800,0.016912,1.000000,0.019960,1.000000,680.4,0.001000
118900,0.057524,0.999554,0.080318,0.997327,681.0,0.001000
119000,0.019586,1.000000,0.023938,1.000000,681.6,0.001000
119100,0.013523,1.000000,0.015511,1.000000,682.1,0.001000
119200,0.018061,1.000000,0.022158,1.000000,682.7,0.001000
119300,0.014057,1.000000,0.016259,1.000000,683.2,0.001000
119400,4.045686,0.143939,4.180749,0.113586,683.7,0.001000
119500,0.020251,1.000000,0.025543,1.000000,684.3,0.001000
119600,0.016862,1.000000,0.018971,1.000000,684.8,0.001000
119700,0.033994,1.000000,0.046012,0.999109,685.4,0.001000
119800,0.020407,1.000000,0.023733,1.000000,685.9,0.001000
119900,0.012842,1.000000,0.014564,1.000000,686.4,0.001000
120000,0.023320,1.000000,0.030180,1.000000,687.0,0.001000
120100,0.014454,1.000000,0.016666,1.000000,687.5,0.001000
120200,0.024309,1.000000,0.030962,1.000000,688.1,0.001000
120300,0.017640,1.000000,0.020489,1.000000,688.6,0.001000
120400,0.305536,0.955437,0.368552,0.932739,689.2,0.001000
120500,0.019205,1.000000,0.023253,1.000000,689.7,0.001000
120600,0.014879,1.000000,0.016874,1.000000,690.2,0.001000
120700,0.021373,1.000000,0.026373,1.000000,690.8,0.001000
120800,0.017532,1.000000,0.020122,1.000000,691.3,0.001000
120900,0.020044,1.000000,0.024544,1.000000,691.9,0.001000
121000,0.015900,1.000000,0.018420,1.000000,692.4,0.001000
121100,0.016239,1.000000,0.019451,1.000000,693.0,0.001000
121200,0.018184,1.000000,0.022353,1.000000,693.5,0.001000
121300,0.016045,1.000000,0.018295,1.000000,694.1,0.001000
121400,0.024366,1.000000,0.030705,1.000000,694.7,0.001000
121500,0.017360,1.000000,0.020074,1.000000,695.3,0.001000
121600,0.022224,1.000000,0.028012,1.000000,695.8,0.001000
121700,0.016605,1.000000,0.019280,1.000000,696.4,0.001000
121800,0.091119,1.000000,0.121211,0.996882,697.0,0.001000
121900,0.018594,1.000000,0.022175,1.000000,697.6,0.001000
122000,0.013136,1.000000,0.014754,1.000000,698.2,0.001000
122100,0.019255,1.000000,0.023997,1.000000,698.7,0.001000
122200,0.016126,1.000000,0.018686,1.000000,699.3,0.001000
122300,0.022477,1.000000,0.028789,1.000000,699.9,0.001000
122400,0.018123,1.000000,0.021091,1.000000,700.5,0.001000
122500,0.274102,0.971479,0.328271,0.955902,701.1,0.001000
122600,0.020064,1.000000,0.024973,1.000000,701.7,0.001000
122700,0.015018,1.000000,0.017511,1.000000,702.2,0.001000
122800,0.021035,1.000000,0.026752,1.000000,702.8,0.001000
122900,0.016987,1.000000,0.019972,1.000000,703.4,0.001000
123000,0.058374,1.000000,0.075653,0.999555,704.0,0.001000
123100,0.018481,1.000000,0.021927,1.000000,704.5,0.001000
123200,0.117404,0.996881,0.167003,0.992873,705.1,0.001000
123300,0.019076,1.000000,0.023489,1.000000,705.6,0.001000
123400,0.137501,0.997326,0.179053,0.987528,706.2,0.001000
123500,0.016255,1.000000,0.019861,1.000000,706.7,0.001000
123600,0.011372,1.000000,0.013266,1.000000,707.2,0.001000
123700,0.021860,1.000000,0.030462,0.999109,707.8,0.001000
123800,0.015689,1.000000,0.018540,1.000000,708.3,0.001000
123900,0.032503,1.000000,0.046542,0.998664,708.9,0.001000
124000,0.019707,1.000000,0.023099,1.000000,709.5,0.001000
124100,0.034454,1.000000,0.045268,0.999109,710.2,0.001000
124200,0.018000,1.000000,0.020932,1.000000,710.8,0.001000
124300,1.799938,0.546346,1.892100,0.514031,711.4,0.001000
124400,0.017810,1.000000,0.021438,1.000000,712.0,0.001000
124500,0.014403,1.000000,0.016219,1.000000,712.6,0.001000
124600,0.063522,0.999554,0.083343,0.999109,713.2,0.001000
124700,0.021087,1.000000,0.024801,1.000000,713.7,0.001000
124800,0.014754,1.000000,0.016398,1.000000,714.3,0.001000
124900,0.021300,1.000000,0.027932,1.000000,714.9,0.001000
125000,0.015864,1.000000,0.018829,1.000000,715.4,0.001000
125100,0.046417,1.000000,0.063618,0.999109,716.0,0.001000
125200,0.019608,1.000000,0.023516,1.000000,716.5,0.001000
125300,0.012922,1.000000,0.014564,1.000000,717.1,0.001000
125400,0.018215,1.000000,0.022933,1.000000,717.7,0.001000
125500,0.014576,1.000000,0.016907,1.000000,718.3,0.001000
125600,0.037244,1.000000,0.050989,0.999555,718.9,0.001000
125700,0.019067,1.000000,0.022714,1.000000,719.4,0.001000
125800,0.012664,1.000000,0.014311,1.000000,720.0,0.001000
125900,0.023260,1.000000,0.029515,1.000000,720.6,0.001000
126000,0.018968,1.000000,0.021549,1.000000,721.1,0.001000
126100,0.038208,1.000000,0.050170,1.000000,721.7,0.001000
126200,0.021171,1.000000,0.025202,1.000000,722.2,0.001000
126300,0.018658,1.000000,0.021917,1.000000,722.8,0.001000
126400,0.021791,1.000000,0.027132,1.000000,723.4,0.001000
126500,0.016587,1.000000,0.019324,1.000000,724.0,0.001000
126600,0.041013,1.000000,0.056304,0.999109,724.5,0.001000
126700,0.020352,1.000000,0.023820,1.000000,725.1,0.001000
126800,2.472280,0.317291,2.536368,0.310913,725.7,0.001000
126900,0.021910,1.000000,0.026569,1.000000,726.3,0.001000
127000,0.016600,1.000000,0.018828,1.000000,726.9,0.001000
127100,0.033577,1.000000,0.045939,0.999555,727.5,0.001000
127200,0.018590,1.000000,0.022249,1.000000,728.0,0.001000
127300,0.012159,1.000000,0.013930,1.000000,728.6,0.001000
127400,0.020217,1.000000,0.025334,1.000000,729.2,0.001000
127500,0.017652,1.000000,0.019963,1.000000,729.8,0.001000
127600,0.026481,1.000000,0.035273,1.000000,730.3,0.001000
127700,0.016261,1.000000,0.019002,1.000000,730.9,0.001000
127800,0.081834,0.999554,0.116835,0.992873,731.4,0.001000
127900,0.018910,1.000000,0.022747,1.000000,732.0,0.001000
128000,0.012982,1.000000,0.014798,1.000000,732.6,0.001000
128100,0.025213,1.000000,0.031658,1.000000,733.2,0.001000
128200,0.017245,1.000000,0.020040,1.000000,733.7,0.001000
128300,0.028769,1.000000,0.038531,1.000000,734.3,0.001000
128400,0.020434,1.000000,0.023530,1.000000,734.8,0.001000
128500,0.077028,0.999554,0.101021,0.995991,735.4,0.001000
128600,0.020503,1.000000,0.024307,1.000000,736.0,0.001000
128700,0.013255,1.000000,0.014901,1.000000,736.6,0.001000
128800,0.019357,1.000000,0.024566,1.000000,737.1,0.001000
128900,0.013995,1.000000,0.016017,1.000000,737.7,0.001000
129000,0.025267,1.000000,0.032827,0.999555,738.3,0.001000
129100,0.017327,1.000000,0.019996,1.000000,738.8,0.001000
129200,0.054046,1.000000,0.075653,0.996882,739.4,0.001000
129300,0.019688,1.000000,0.023803,1.000000,740.0,0.001000
129400,1.549332,0.594029,1.642222,0.579955,740.5,0.001000
129500,0.017193,1.000000,0.020907,1.000000,741.1,0.001000
129600,0.012807,1.000000,0.014907,1.000000,741.8,0.001000
129700,0.030190,1.000000,0.040174,1.000000,742.4,0.001000
129800,0.022151,1.000000,0.025371,1.000000,743.0,0.001000
129900,0.178808,0.993761,0.219085,0.985746,743.6,0.001000
130000,0.018159,1.000000,0.021099,1.000000,744.2,0.001000
130100,0.012673,1.000000,0.014198,1.000000,744.8,0.001000
130200,0.042007,1.000000,0.055162,0.999555,745.4,0.001000
130300,0.019332,1.000000,0.022782,1.000000,746.0,0.001000
130400,1.643419,0.572638,1.821430,0.527394,746.6,0.001000
130500,0.021187,1.000000,0.025645,1.000000,747.1,0.001000
130600,0.016478,1.000000,0.018591,1.000000,747.6,0.001000
130700,0.023009,1.000000,0.028871,1.000000,748.2,0.001000
130800,0.016062,1.000000,0.018674,1.000000,748.8,0.001000
130900,0.391279,0.949198,0.489527,0.911804,749.4,0.001000
131000,0.020821,1.000000,0.025759,1.000000,749.9,0.001000
131100,0.015995,1.000000,0.018217,1.000000,750.5,0.001000
131200,0.328279,0.954545,0.426575,0.915813,751.0,0.001000
131300,0.019100,1.000000,0.023829,1.000000,751.6,0.001000
131400,0.014889,1.000000,0.016817,1.000000,752.2,0.001000
131500,0.022778,1.000000,0.029582,1.000000,752.8,0.001000
131600,0.018624,1.000000,0.021645,1.000000,753.3,0.001000
131700,0.116807,0.999109,0.153426,0.995100,753.9,0.001000
131800,0.020887,1.000000,0.025336,1.000000,754.5,0.001000
131900,0.014910,1.000000,0.017305,1.000000,755.1,0.001000
132000,0.028024,1.000000,0.036626,1.000000,755.6,0.001000
132100,0.018910,1.000000,0.022190,1.000000,756.2,0.001000
132200,0.238821,0.973708,0.295877,0.957238,756.8,0.001000
132300,0.018689,1.000000,0.023039,1.000000,757.3,0.001000
132400,0.013398,1.000000,0.015206,1.000000,757.9,0.001000
132500,0.021439,1.000000,0.026748,1.000000,758.5,0.001000
132600,0.018001,1.000000,0.020745,1.000000,759.1,0.001000
132700,0.019941,1.000000,0.025682,1.000000,759.7,0.001000
132800,0.016181,1.000000,0.019070,1.000000,760.2,0.001000
132900,0.028310,1.000000,0.038728,1.000000,760.8,0.001000
133000,0.018405,1.000000,0.021765,1.000000,761.3,0.001000
133100,0.245566,0.973708,0.314597,0.951002,761.9,0.001000
133200,0.018609,1.000000,0.022577,1.000000,762.5,0.001000
133300,0.013696,1.000000,0.015764,1.000000,763.1,0.001000
133400,0.027151,1.000000,0.035216,0.999555,763.7,0.001000
133500,0.018462,1.000000,0.021572,1.000000,764.3,0.001000
133600,3.017617,0.317736,3.252492,0.278842,764.9,0.001000
133700,0.021804,1.000000,0.026742,1.000000,765.4,0.001000
133800,0.017400,1.000000,0.019600,1.000000,766.0,0.001000
133900,0.024623,1.000000,0.032469,0.999555,766.6,0.001000
134000,0.018710,1.000000,0.022393,1.000000,767.2,0.001000
134100,0.068546,0.999554,0.094419,0.995991,767.8,0.001000
134200,0.018346,1.000000,0.022416,1.000000,768.4,0.001000
134300,0.012455,1.000000,0.014277,1.000000,768.9,0.001000
134400,0.021037,1.000000,0.027847,0.999555,769.5,0.001000
134500,0.016821,1.000000,0.019702,1.000000,770.1,0.001000
134600,0.080798,0.999554,0.115011,0.997327,770.6,0.001000
134700,0.019479,1.000000,0.023379,1.000000,771.2,0.001000
134800,0.013618,1.000000,0.015871,1.000000,771.7,0.001000
134900,0.021290,1.000000,0.027454,1.000000,772.3,0.001000
135000,0.018786,1.000000,0.021811,1.000000,772.9,0.001000
135100,0.131148,0.995989,0.167007,0.992873,773.5,0.001000
135200,0.019237,1.000000,0.023211,1.000000,774.2,0.001000
135300,0.013150,1.000000,0.015061,1.000000,774.8,0.001000
135400,0.019750,1.000000,0.025037,1.000000,775.4,0.001000
135500,0.015900,1.000000,0.018329,1.000000,776.0,0.001000
135600,0.047706,1.000000,0.065339,1.000000,776.6,0.001000
135700,0.022399,1.000000,0.026439,1.000000,777.2,0.001000
135800,0.192332,0.988414,0.247151,0.979065,777.7,0.001000
135900,0.019823,1.000000,0.023845,1.000000,778.3,0.001000
136000,0.013335,1.000000,0.015151,1.000000,778.9,0.001000
136100,0.023646,1.000000,0.029599,1.000000,779.4,0.001000
136200,0.016208,1.000000,0.018637,1.000000,780.0,0.001000
136300,0.009037,1.000000,0.010247,1.000000,780.6,0.001000
136400,0.018994,1.000000,0.024072,1.000000,781.1,0.001000
136500,0.016207,1.000000,0.018362,1.000000,781.7,0.001000
136600,0.050530,1.000000,0.072785,0.999109,782.2,0.001000
136700,0.018490,1.000000,0.022513,1.000000,782.8,0.001000
136800,0.012414,1.000000,0.014554,1.000000,783.3,0.001000
136900,0.020051,1.000000,0.025723,1.000000,783.9,0.001000
137000,0.016691,1.000000,0.018930,1.000000,784.4,0.001000
137100,0.019824,1.000000,0.024153,1.000000,785.0,0.001000
137200,0.014735,1.000000,0.016717,1.000000,785.6,0.001000
137300,0.023756,1.000000,0.029930,1.000000,786.1,0.001000
137400,0.017503,1.000000,0.020372,1.000000,786.7,0.001000
137500,0.403057,0.933601,0.485091,0.903341,787.3,0.001000
137600,0.027062,1.000000,0.033220,0.999555,787.8,0.001000
137700,0.021020,1.000000,0.024134,1.000000,788.3,0.001000
137800,0.028955,1.000000,0.037749,1.000000,788.9,0.001000
137900,0.018894,1.000000,0.022179,1.000000,789.5,0.001000
138000,0.259996,0.975490,0.331401,0.953229,790.0,0.001000
138100,0.019754,1.000000,0.024203,1.000000,790.6,0.001000
138200,0.014250,1.000000,0.016401,1.000000,791.1,0.001000
138300,0.018631,1.000000,0.022740,1.000000,791.7,0.001000
138400,0.013844,1.000000,0.016036,1.000000,792.4,0.001000
138500,0.030462,1.000000,0.044552,1.000000,792.9,0.001000
138600,0.017410,1.000000,0.020783,1.000000,793.5,0.001000
138700,0.206153,0.984848,0.274483,0.964811,794.1,0.001000
138800,0.023068,1.000000,0.028814,1.000000,794.7,0.001000
138900,0.014977,1.000000,0.017258,1.000000,795.3,0.001000
139000,0.021567,1.000000,0.027674,1.000000,795.8,0.001000
139100,0.017086,1.000000,0.019535,1.000000,796.4,0.001000
139200,0.019349,1.000000,0.023910,1.000000,796.9,0.001000
139300,0.016339,1.000000,0.018777,1.000000,797.5,0.001000
139400,0.030326,1.000000,0.041533,0.999555,798.1,0.001000
139500,0.018326,1.000000,0.021603,1.000000,798.6,0.001000
139600,0.197602,0.994207,0.268857,0.977283,799.2,0.001000
139700,0.022707,1.000000,0.027046,1.000000,799.8,0.001000
139800,0.016272,1.000000,0.018343,1.000000,800.5,0.001000
139900,0.112729,0.998217,0.157974,0.990200,801.1,0.001000
140000,0.018631,1.000000,0.023289,1.000000,801.6,0.001000
140100,0.013345,1.000000,0.015236,1.000000,802.2,0.001000
140200,0.019981,1.000000,0.025416,1.000000,802.8,0.001000
140300,0.017484,1.000000,0.020007,1.000000,803.4,0.001000
140400,0.226456,0.979055,0.302353,0.959020,803.9,0.001000
140500,0.022579,1.000000,0.027864,1.000000,804.5,0.001000
140600,0.016444,1.000000,0.019170,1.000000,805.1,0.001000
140700,0.023443,1.000000,0.031241,1.000000,805.7,0.001000
140800,0.018061,1.000000,0.021230,1.000000,806.3,0.001000
140900,2.607628,0.293672,2.765487,0.273942,806.9,0.001000
141000,0.022322,1.000000,0.028121,1.000000,807.5,0.001000
141100,0.017344,1.000000,0.019962,1.000000,808.1,0.001000
141200,0.026655,1.000000,0.034386,1.000000,808.7,0.001000
141300,0.020542,1.000000,0.024299,1.000000,809.2,0.001000
141400,0.012260,1.000000,0.014082,1.000000,809.8,0.001000
141500,0.019984,1.000000,0.025625,1.000000,810.4,0.001000
141600,0.017583,1.000000,0.020113,1.000000,811.0,0.001000
141700,0.035297,1.000000,0.046647,1.000000,811.5,0.001000
141800,0.017924,1.000000,0.021088,1.000000,812.1,0.001000
141900,0.063983,1.000000,0.082943,0.995546,812.6,0.001000
142000,0.017530,1.000000,0.020698,1.000000,813.2,0.001000
142100,0.104089,0.999109,0.152308,0.992428,813.7,0.001000
142200,0.019581,1.000000,0.023846,1.000000,814.3,0.001000
142300,0.013927,1.000000,0.016399,1.000000,814.9,0.001000
142400,0.040461,1.000000,0.054739,0.999109,815.5,0.001000
142500,0.018803,1.000000,0.023291,1.000000,816.1,0.001000
142600,0.257184,0.962567,0.315273,0.952339,816.6,0.001000
142700,0.019436,1.000000,0.023522,1.000000,817.2,0.001000
142800,0.014320,1.000000,0.016445,1.000000,817.7,0.001000
142900,0.021789,1.000000,0.027251,1.000000,818.3,0.001000
143000,0.016807,1.000000,0.018954,1.000000,818.9,0.001000
143100,0.021121,1.000000,0.026648,1.000000,819.5,0.001000
143200,0.015878,1.000000,0.018352,1.000000,820.1,0.001000
143300,0.068082,1.000000,0.089120,0.997773,820.7,0.001000
143400,0.020754,1.000000,0.024653,1.000000,821.3,0.001000
143500,0.014103,1.000000,0.015791,1.000000,821.9,0.001000
143600,0.023787,1.000000,0.030931,1.000000,822.4,0.001000
143700,0.018808,1.000000,0.022207,1.000000,823.0,0.001000
143800,0.011271,1.000000,0.012971,1.000000,823.6,0.001000
143900,0.019507,1.000000,0.025336,1.000000,824.2,0.001000
144000,0.017312,1.000000,0.020164,1.000000,824.7,0.001000
144100,0.217580,0.981729,0.277383,0.969710,825.4,0.001000
144200,0.019569,1.000000,0.023704,1.000000,825.9,0.001000
144300,0.015215,1.000000,0.017569,1.000000,826.6,0.001000
144400,0.024452,1.000000,0.032495,1.000000,827.3,0.001000
144500,0.018954,1.000000,0.021919,1.000000,828.1,0.001000
144600,0.024774,1.000000,0.032823,1.000000,828.8,0.001000
144700,0.017281,1.000000,0.020363,1.000000,829.6,0.001000
144800,0.460867,0.903298,0.543074,0.877951,830.3,0.001000
144900,0.017926,1.000000,0.022864,1.000000,831.0,0.001000
145000,0.014367,1.000000,0.016513,1.000000,831.8,0.001000
145100,0.018913,1.000000,0.023708,1.000000,832.5,0.001000
145200,0.015832,1.000000,0.018477,1.000000,833.2,0.001000
145300,0.048464,1.000000,0.066808,0.998218,833.9,0.001000
145400,0.018838,1.000000,0.021838,1.000000,834.6,0.001000
145500,0.185655,0.987522,0.217524,0.984855,835.3,0.001000
145600,0.019467,1.000000,0.023304,1.000000,836.0,0.001000
145700,0.013632,1.000000,0.015257,1.000000,836.7,0.001000
145800,0.019666,1.000000,0.023416,1.000000,837.4,0.001000
145900,0.016048,1.000000,0.018288,1.000000,838.1,0.001000
146000,0.048907,1.000000,0.068303,0.998664,838.8,0.001000
146100,0.020555,1.000000,0.024376,1.000000,839.6,0.001000
146200,0.013971,1.000000,0.015833,1.000000,840.3,0.001000
146300,0.024079,1.000000,0.029870,1.000000,841.1,0.001000
146400,0.016720,1.000000,0.019312,1.000000,841.8,0.001000
146500,0.041019,1.000000,0.057480,0.999555,842.5,0.001000
146600,0.020251,1.000000,0.024567,1.000000,843.2,0.001000
146700,0.181762,0.989750,0.206249,0.985301,843.9,0.001000
146800,0.018773,1.000000,0.022850,1.000000,844.6,0.001000
146900,0.014805,1.000000,0.016613,1.000000,845.3,0.001000
147000,0.017666,1.000000,0.021044,1.000000,846.0,0.001000
147100,0.013751,1.000000,0.015489,1.000000,846.7,0.001000
147200,0.018984,1.000000,0.023670,1.000000,847.4,0.001000
147300,0.015575,1.000000,0.018117,1.000000,848.1,0.001000
147400,0.031091,1.000000,0.040569,1.000000,848.8,0.001000
147500,0.018898,1.000000,0.022167,1.000000,849.5,0.001000
147600,0.012337,1.000000,0.013862,1.000000,850.2,0.001000
147700,0.020209,1.000000,0.026246,0.999555,850.9,0.001000
147800,0.016905,1.000000,0.019220,1.000000,851.6,0.001000
147900,0.068124,0.999554,0.095182,0.995991,852.4,0.001000
148000,0.020184,1.000000,0.023977,1.000000,853.1,0.001000
148100,0.014358,1.000000,0.016554,1.000000,853.8,0.001000
148200,0.027446,1.000000,0.035909,1.000000,854.6,0.001000
148300,0.018485,1.000000,0.021109,1.000000,855.3,0.001000
148400,0.029158,1.000000,0.037888,1.000000,856.0,0.001000
148500,0.017293,1.000000,0.020242,1.000000,856.7,0.001000
148600,0.010531,1.000000,0.012120,1.000000,857.4,0.001000
148700,0.018586,1.000000,0.023817,1.000000,858.1,0.001000
148800,0.014042,1.000000,0.016070,1.000000,858.8,0.001000
148900,0.036545,1.000000,0.053520,1.000000,859.5,0.001000
149000,0.018959,1.000000,0.022730,1.000000,860.2,0.001000
149100,0.153644,0.989750,0.194632,0.986192,860.9,0.001000
149200,0.017729,1.000000,0.021156,1.000000,861.6,0.001000
149300,0.013100,1.000000,0.015141,1.000000,862.4,0.001000
149400,0.025055,1.000000,0.033891,1.000000,863.1,0.001000
149500,0.018512,1.000000,0.021800,1.000000,863.8,0.001000
149600,0.101628,0.996881,0.135774,0.991091,864.5,0.001000
149700,0.022178,1.000000,0.026481,1.000000,865.2,0.001000
149800,0.014810,1.000000,0.016806,1.000000,865.9,0.001000
149900,0.026343,1.000000,0.035277,0.999555,866.7,0.001000
150000,0.017656,1.000000,0.020222,1.000000,867.4,0.001000
150100,0.202877,0.987077,0.272602,0.966147,868.1,0.001000
150200,0.022289,1.000000,0.027012,1.000000,868.9,0.001000
150300,0.016308,1.000000,0.018725,1.000000,869.6,0.001000
150400,0.021348,1.000000,0.027579,1.000000,870.3,0.001000
150500,0.017317,1.000000,0.019780,1.000000,871.1,0.001000
150600,0.046181,1.000000,0.067681,0.998664,871.8,0.001000
150700,0.018429,1.000000,0.022376,1.000000,872.6,0.001000
150800,0.721332,0.823975,0.837564,0.792428,873.3,0.001000
150900,0.018923,1.000000,0.023149,1.000000,874.1,0.001000
151000,0.013622,1.000000,0.015539,1.000000,874.8,0.001000
151100,0.023490,1.000000,0.031791,0.999555,875.3,0.001000
151200,0.018916,1.000000,0.022120,1.000000,875.9,0.001000
151300,0.130617,0.998217,0.171925,0.991982,876.5,0.001000
151400,0.026608,1.000000,0.033130,1.000000,877.1,0.001000
151500,0.015456,1.000000,0.017794,1.000000,877.6,0.001000
151600,0.024733,1.000000,0.034594,0.998218,878.2,0.001000
151700,0.017885,1.000000,0.020860,1.000000,878.8,0.001000
151800,0.139141,0.998217,0.176067,0.995100,879.3,0.001000
151900,0.020241,1.000000,0.023898,1.000000,879.9,0.001000
152000,0.014051,1.000000,0.015867,1.000000,880.5,0.001000
152100,0.024980,1.000000,0.033617,0.999555,881.1,0.001000
152200,0.016936,1.000000,0.019187,1.000000,882.0,0.001000
152300,0.051954,1.000000,0.062964,0.996882,882.9,0.001000
152400,0.020111,1.000000,0.025965,0.999555,883.5,0.001000
152500,0.016000,1.000000,0.018511,1.000000,884.1,0.001000
152600,0.027721,1.000000,0.038520,1.000000,884.6,0.001000
152700,0.018410,1.000000,0.021289,1.000000,885.2,0.001000
152800,0.617861,0.862299,0.681237,0.844989,885.9,0.001000
152900,0.018202,1.000000,0.022204,1.000000,886.6,0.001000
153000,0.014083,1.000000,0.016310,1.000000,887.2,0.001000
153100,0.023525,1.000000,0.030365,1.000000,887.7,0.001000
153200,0.019881,1.000000,0.023041,1.000000,888.3,0.001000
153300,2.227088,0.478610,2.498117,0.424499,888.9,0.001000
153400,0.020333,1.000000,0.025974,1.000000,889.4,0.001000
153500,0.015447,1.000000,0.017822,1.000000,890.0,0.001000
153600,0.020248,1.000000,0.025087,1.000000,890.6,0.001000
153700,0.016912,1.000000,0.019246,1.000000,891.2,0.001000
153800,0.072745,1.000000,0.103914,0.996437,891.7,0.001000
153900,0.021643,1.000000,0.026547,1.000000,892.2,0.001000
154000,0.015003,1.000000,0.017194,1.000000,892.8,0.001000
154100,0.023325,1.000000,0.029343,1.000000,893.4,0.001000
154200,0.018309,1.000000,0.020888,1.000000,893.9,0.001000
154300,0.575081,0.854278,0.605076,0.848107,894.5,0.001000
154400,0.023125,1.000000,0.027738,1.000000,895.2,0.001000
154500,0.018646,1.000000,0.021281,1.000000,895.9,0.001000
154600,0.039582,1.000000,0.054928,0.999109,896.6,0.001000
154700,0.018680,1.000000,0.022541,1.000000,897.1,0.001000
154800,3.562277,0.294563,3.610736,0.269933,897.8,0.001000
154900,0.019817,1.000000,0.024434,1.000000,898.3,0.001000
155000,0.015660,1.000000,0.017957,1.000000,898.9,0.001000
155100,0.024622,1.000000,0.034815,1.000000,899.5,0.001000
155200,0.016476,1.000000,0.019625,1.000000,900.1,0.001000
155300,0.155787,0.990642,0.219989,0.975501,900.6,0.001000
155400,0.020347,1.000000,0.025190,1.000000,901.2,0.001000
155500,0.015164,1.000000,0.017289,1.000000,901.7,0.001000
155600,0.021023,1.000000,0.027408,0.999555,902.3,0.001000
155700,0.016914,1.000000,0.019676,1.000000,902.8,0.001000
155800,0.023423,1.000000,0.030304,1.000000,903.3,0.001000
155900,0.018181,1.000000,0.021712,1.000000,903.8,0.001000
156000,0.032134,1.000000,0.042481,0.999555,904.4,0.001000
156100,0.018085,1.000000,0.021422,1.000000,904.9,0.001000
156200,0.012325,1.000000,0.014068,1.000000,905.4,0.001000
156300,0.105056,0.995989,0.148263,0.992428,906.0,0.001000
156400,0.017051,1.000000,0.022457,1.000000,906.5,0.001000
156500,0.013892,1.000000,0.016581,1.000000,907.1,0.001000
156600,0.029887,1.000000,0.043870,0.999109,907.6,0.001000
156700,0.020505,1.000000,0.024327,1.000000,908.2,0.001000
156800,0.202836,0.991533,0.255227,0.976837,908.7,0.001000
156900,0.021298,1.000000,0.026585,1.000000,909.3,0.001000
157000,0.012919,1.000000,0.015057,1.000000,909.8,0.001000
157100,0.021130,1.000000,0.027968,1.000000,910.4,0.001000
157200,0.017989,1.000000,0.021194,1.000000,911.0,0.001000
157300,1.329615,0.624777,1.492205,0.604009,911.5,0.001000
157400,0.019081,1.000000,0.023744,1.000000,912.1,0.001000
157500,0.015424,1.000000,0.017603,1.000000,912.7,0.001000
157600,0.027298,1.000000,0.036430,1.000000,913.2,0.001000
157700,0.020393,1.000000,0.023810,1.000000,913.8,0.001000
157800,0.049086,1.000000,0.065810,0.999555,914.3,0.001000
157900,0.021143,1.000000,0.025081,1.000000,914.9,0.001000
158000,0.013480,1.000000,0.015384,1.000000,915.4,0.001000
158100,0.020442,1.000000,0.025669,1.000000,915.9,0.001000
158200,0.017222,1.000000,0.020054,1.000000,916.4,0.001000
158300,0.055943,1.000000,0.080506,0.997327,917.0,0.001000
158400,0.019893,1.000000,0.024307,1.000000,917.6,0.001000
158500,0.014023,1.000000,0.016036,1.000000,918.1,0.001000
158600,0.020393,1.000000,0.025956,1.000000,918.6,0.001000
158700,0.016337,1.000000,0.019337,1.000000,919.2,0.001000
158800,0.023430,1.000000,0.030130,1.000000,919.7,0.001000
158900,0.017285,1.000000,0.019970,1.000000,920.3,0.001000
159000,0.076269,0.999554,0.103246,0.996437,920.8,0.001000
159100,0.017337,1.000000,0.020568,1.000000,921.4,0.001000
159200,0.011843,1.000000,0.013804,1.000000,921.9,0.001000
159300,0.027050,1.000000,0.034028,1.000000,922.4,0.001000
159400,0.019388,1.000000,0.022506,1.000000,922.9,0.001000
159500,0.030739,1.000000,0.041336,0.999555,923.5,0.001000
159600,0.020703,1.000000,0.024185,1.000000,924.0,0.001000
159700,0.058751,1.000000,0.066393,1.000000,924.6,0.001000
159800,0.019250,1.000000,0.023768,1.000000,925.1,0.001000
159900,0.015381,1.000000,0.017517,1.000000,925.6,0.001000
160000,0.021012,1.000000,0.026916,1.000000,926.2,0.001000
160100,0.017046,1.000000,0.019684,1.000000,926.8,0.001000
160200,0.104882,0.998663,0.139418,0.992873,927.3,0.001000
160300,0.018480,1.000000,0.022577,1.000000,927.8,0.001000
160400,0.013401,1.000000,0.015070,1.000000,928.4,0.001000
160500,0.024949,1.000000,0.032660,0.999555,929.0,0.001000
160600,0.017523,1.000000,0.020486,1.000000,929.6,0.001000
160700,0.122883,0.995544,0.167515,0.987082,930.1,0.001000
160800,0.019402,1.000000,0.023530,1.000000,930.7,0.001000
160900,0.013637,1.000000,0.015615,1.000000,931.3,0.001000
161000,0.020516,1.000000,0.026558,1.000000,931.8,0.001000
161100,0.017861,1.000000,0.020819,1.000000,932.4,0.001000
161200,0.045395,1.000000,0.058199,0.999555,932.9,0.001000
161300,0.018239,1.000000,0.021299,1.000000,933.5,0.001000
161400,0.353805,0.953209,0.415000,0.937639,934.0,0.001000
161500,0.020358,1.000000,0.025495,1.000000,934.6,0.001000
161600,0.014047,1.000000,0.015879,1.000000,935.2,0.001000
161700,0.021281,1.000000,0.026471,1.000000,935.7,0.001000
161800,0.017687,1.000000,0.020063,1.000000,936.2,0.001000
161900,0.040173,1.000000,0.053296,0.999109,936.8,0.001000
162000,0.022478,1.000000,0.026921,1.000000,937.3,0.001000
162100,0.033170,1.000000,0.042532,1.000000,937.8,0.001000
162200,0.018606,1.000000,0.021775,1.000000,938.4,0.001000
162300,0.157187,0.991087,0.197935,0.982628,938.9,0.001000
162400,0.017474,1.000000,0.021262,1.000000,939.4,0.001000
162500,0.013355,1.000000,0.015234,1.000000,939.9,0.001000
162600,0.023527,1.000000,0.029344,1.000000,940.5,0.001000
162700,0.014053,1.000000,0.016141,1.000000,941.0,0.001000
162800,0.024588,1.000000,0.033563,1.000000,941.5,0.001000
162900,0.018245,1.000000,0.021756,1.000000,942.1,0.001000
163000,0.209777,0.983957,0.271674,0.967038,942.6,0.001000
163100,0.020157,1.000000,0.024356,1.000000,943.1,0.001000
163200,0.014915,1.000000,0.017054,1.000000,943.6,0.001000
163300,0.019404,1.000000,0.025885,1.000000,944.2,0.001000
163400,0.017279,1.000000,0.020036,1.000000,944.7,0.001000
163500,0.069668,0.999554,0.096821,0.996882,945.2,0.001000
163600,0.018962,1.000000,0.023709,1.000000,945.8,0.001000
163700,0.012659,1.000000,0.014987,1.000000,946.3,0.001000
163800,0.021049,1.000000,0.026969,1.000000,946.8,0.001000
163900,0.018968,1.000000,0.021967,1.000000,947.4,0.001000
164000,0.054778,1.000000,0.072870,0.998218,947.9,0.001000
164100,0.021767,1.000000,0.026716,0.999555,948.5,0.001000
164200,1.436965,0.592692,1.448039,0.600445,949.0,0.001000
164300,0.020282,1.000000,0.024462,1.000000,949.5,0.001000
164400,0.015481,1.000000,0.017424,1.000000,950.0,0.001000
164500,0.039723,1.000000,0.057000,0.997773,950.6,0.001000
164600,0.019416,1.000000,0.023311,1.000000,951.1,0.001000
164700,1.048232,0.747326,1.199095,0.685523,951.6,0.001000
164800,0.019654,1.000000,0.024057,1.000000,952.2,0.001000
164900,0.015196,1.000000,0.017461,1.000000,952.8,0.001000
165000,0.024654,1.000000,0.032183,1.000000,953.3,0.001000
165100,0.019360,1.000000,0.022730,1.000000,953.8,0.001000
165200,0.105353,0.995544,0.147345,0.988419,954.3,0.001000
165300,0.017992,1.000000,0.021872,1.000000,954.9,0.001000
165400,0.012354,1.000000,0.014120,1.000000,955.4,0.001000
165500,0.017306,1.000000,0.023338,1.000000,955.9,0.001000
165600,0.015844,1.000000,0.018360,1.000000,956.4,0.001000
165700,0.026135,1.000000,0.032836,1.000000,957.0,0.001000
165800,0.018458,1.000000,0.021548,1.000000,957.6,0.001000
165900,0.011382,1.000000,0.012930,1.000000,958.1,0.001000
166000,0.020824,1.000000,0.027765,1.000000,958.7,0.001000
166100,0.018607,1.000000,0.021655,1.000000,959.2,0.001000
166200,0.131744,0.995989,0.173855,0.989310,959.8,0.001000
166300,0.018459,1.000000,0.022067,1.000000,960.4,0.001000
166400,0.013086,1.000000,0.014801,1.000000,961.0,0.001000
166500,0.021017,1.000000,0.027082,1.000000,961.5,0.001000
166600,0.017653,1.000000,0.020387,1.000000,962.1,0.001000
166700,0.108576,1.000000,0.158267,0.991091,962.6,0.001000
166800,0.026129,1.000000,0.031973,1.000000,963.2,0.001000
166900,0.014812,1.000000,0.016721,1.000000,963.8,0.001000
167000,0.020555,1.000000,0.026683,1.000000,964.3,0.001000
167100,0.016340,1.000000,0.018830,1.000000,964.8,0.001000
167200,0.091948,0.999109,0.117356,0.995100,965.4,0.001000
167300,0.017769,1.000000,0.020936,1.000000,965.9,0.001000
167400,0.013192,1.000000,0.014788,1.000000,966.4,0.001000
167500,0.019811,1.000000,0.024446,1.000000,967.0,0.001000
167600,0.016035,1.000000,0.018397,1.000000,967.5,0.001000
167700,0.114451,0.996435,0.170436,0.988864,968.1,0.001000
167800,0.018384,1.000000,0.023100,1.000000,968.6,0.001000
167900,0.013932,1.000000,0.016180,1.000000,969.1,0.001000
168000,0.025189,1.000000,0.032651,1.000000,969.7,0.001000
168100,0.020664,1.000000,0.023984,1.000000,970.2,0.001000
168200,0.174181,0.992870,0.245460,0.974610,970.8,0.001000
168300,0.019334,1.000000,0.023637,1.000000,971.3,0.001000
168400,0.013758,1.000000,0.015898,1.000000,971.8,0.001000
168500,0.022791,1.000000,0.028727,1.000000,972.4,0.001000
168600,0.018996,1.000000,0.021907,1.000000,972.9,0.001000
168700,4.339499,0.147950,4.556437,0.142094,973.5,0.001000
168800,0.023259,1.000000,0.028856,1.000000,974.0,0.001000
168900,0.017906,1.000000,0.020351,1.000000,974.6,0.001000
169000,0.046138,1.000000,0.066436,0.996882,975.2,0.001000
169100,0.016871,1.000000,0.019981,1.000000,975.7,0.001000
169200,0.306755,0.953654,0.376848,0.935412,976.3,0.001000
169300,0.022362,1.000000,0.027810,1.000000,976.9,0.001000
169400,0.014559,1.000000,0.016918,1.000000,977.4,0.001000
169500,0.020907,1.000000,0.026493,1.000000,978.0,0.001000
169600,0.016753,1.000000,0.018965,1.000000,978.5,0.001000
169700,0.021055,1.000000,0.026202,1.000000,979.1,0.001000
169800,0.017672,1.000000,0.020267,1.000000,979.7,0.001000
169900,0.063860,0.999554,0.086713,0.997773,980.4,0.001000
170000,0.019041,1.000000,0.022646,1.000000,981.0,0.001000
170100,0.013223,1.000000,0.014878,1.000000,981.6,0.001000
170200,0.045844,1.000000,0.060381,0.999109,982.2,0.001000
170300,0.018828,1.000000,0.023009,1.000000,982.8,0.001000
170400,0.378523,0.936274,0.449943,0.910913,983.3,0.001000
170500,0.019902,1.000000,0.024498,1.000000,983.9,0.001000
170600,0.014458,1.000000,0.016672,1.000000,984.4,0.001000
170700,0.025475,1.000000,0.033359,1.000000,984.9,0.001000
170800,0.018513,1.000000,0.021635,1.000000,985.4,0.001000
170900,0.333811,0.964349,0.390996,0.945657,986.0,0.001000
171000,0.021080,1.000000,0.025977,1.000000,986.6,0.001000
171100,0.015629,1.000000,0.017895,1.000000,987.1,0.001000
171200,0.021333,1.000000,0.027809,1.000000,987.7,0.001000
171300,0.018325,1.000000,0.021207,1.000000,988.2,0.001000
171400,0.039520,1.000000,0.054472,1.000000,988.8,0.001000
171500,0.016869,1.000000,0.020167,1.000000,989.4,0.001000
171600,1.989592,0.536542,2.162100,0.508241,989.9,0.001000
171700,0.018369,1.000000,0.022780,1.000000,990.5,0.001000
171800,0.015878,1.000000,0.018258,1.000000,991.0,0.001000
171900,0.025190,1.000000,0.033378,1.000000,991.6,0.001000
172000,0.017783,1.000000,0.020876,1.000000,992.1,0.001000
172100,0.091655,0.999554,0.125913,0.997773,992.6,0.001000
172200,0.022558,1.000000,0.027215,1.000000,993.2,0.001000
172300,0.015063,1.000000,0.016892,1.000000,993.8,0.001000
172400,0.021377,1.000000,0.026966,1.000000,994.4,0.001000
172500,0.017114,1.000000,0.019908,1.000000,995.0,0.001000
172600,0.036707,1.000000,0.051154,0.999109,995.5,0.001000
172700,0.017721,1.000000,0.020791,1.000000,996.1,0.001000
172800,0.011765,1.000000,0.013340,1.000000,996.6,0.001000
172900,0.122004,0.998217,0.182213,0.986637,997.2,0.001000
173000,0.023536,1.000000,0.030571,0.999555,997.8,0.001000
173100,0.016775,1.000000,0.019511,1.000000,998.3,0.001000
173200,0.045209,1.000000,0.062522,0.999109,998.9,0.001000
173300,0.021107,1.000000,0.025124,1.000000,999.5,0.001000
173400,0.014249,1.000000,0.016088,1.000000,1000.1,0.001000
173500,0.022721,1.000000,0.030074,1.000000,1000.6,0.001000
173600,0.018031,1.000000,0.021477,1.000000,1001.2,0.001000
173700,0.021994,1.000000,0.029431,0.999555,1001.7,0.001000
173800,0.017568,1.000000,0.020679,1.000000,1002.2,0.001000
173900,0.035429,1.000000,0.047107,1.000000,1002.8,0.001000
174000,0.017686,1.000000,0.021126,1.000000,1003.3,0.001000
174100,0.229884,0.977718,0.285087,0.963029,1003.9,0.001000
174200,0.019662,1.000000,0.023962,1.000000,1004.5,0.001000
174300,0.014693,1.000000,0.016775,1.000000,1005.0,0.001000
174400,0.027376,1.000000,0.037181,1.000000,1005.6,0.001000
174500,0.017220,1.000000,0.020933,1.000000,1006.1,0.001000
174600,0.010637,1.000000,0.012492,1.000000,1006.6,0.001000
174700,0.023755,1.000000,0.030430,1.000000,1007.2,0.001000
174800,0.020224,1.000000,0.023513,1.000000,1007.7,0.001000
174900,0.056850,1.000000,0.074010,0.998664,1008.2,0.001000
175000,0.020335,1.000000,0.024505,1.000000,1008.8,0.001000
175100,0.013108,1.000000,0.014883,1.000000,1009.4,0.001000
175200,0.019335,1.000000,0.023985,1.000000,1009.9,0.001000
175300,0.015499,1.000000,0.017731,1.000000,1010.5,0.001000
175400,0.037386,1.000000,0.050701,1.000000,1011.1,0.001000
175500,0.023664,1.000000,0.027942,1.000000,1011.6,0.001000
175600,0.015552,1.000000,0.017664,1.000000,1012.2,0.001000
175700,0.022530,1.000000,0.028205,1.000000,1012.7,0.001000
175800,0.018205,1.000000,0.020866,1.000000,1013.2,0.001000
175900,0.755408,0.840463,0.907027,0.796437,1013.8,0.001000
176000,0.021561,1.000000,0.026549,1.000000,1014.3,0.001000
176100,0.016612,1.000000,0.018848,1.000000,1014.9,0.001000
176200,0.024593,1.000000,0.032936,0.999555,1015.4,0.001000
176300,0.020944,1.000000,0.024156,1.000000,1016.0,0.001000
176400,0.159505,0.994207,0.199921,0.986637,1016.6,0.001000
176500,0.018801,1.000000,0.022594,1.000000,1017.2,0.001000
176600,0.347385,0.939840,0.387798,0.937194,1017.7,0.001000
176700,0.020558,1.000000,0.026263,0.999555,1018.3,0.001000
176800,0.015710,1.000000,0.018625,1.000000,1018.8,0.001000
176900,0.166322,0.987968,0.219351,0.971938,1019.4,0.001000
177000,0.018279,1.000000,0.022853,1.000000,1019.9,0.001000
177100,0.014689,1.000000,0.016935,1.000000,1020.5,0.001000
177200,0.021970,1.000000,0.027745,1.000000,1021.0,0.001000
177300,0.016264,1.000000,0.018641,1.000000,1021.5,0.001000
177400,0.023849,1.000000,0.032114,0.999555,1022.0,0.001000
177500,0.016638,1.000000,0.019837,1.000000,1022.6,0.001000
177600,0.122492,0.997772,0.159546,0.994209,1023.1,0.001000
177700,0.023337,1.000000,0.029289,1.000000,1023.7,0.001000
177800,0.820546,0.819964,0.893414,0.783519,1024.2,0.001000
177900,0.021462,1.000000,0.026454,1.000000,1024.8,0.001000
178000,0.015393,1.000000,0.018215,1.000000,1025.4,0.001000
178100,0.021486,1.000000,0.029602,1.000000,1025.9,0.001000
178200,0.015765,1.000000,0.018690,1.000000,1026.6,0.001000
178300,0.066599,0.999554,0.096987,0.993318,1027.2,0.001000
178400,0.018030,1.000000,0.022158,1.000000,1027.9,0.001000
178500,0.011903,1.000000,0.013382,1.000000,1028.5,0.001000
178600,0.022635,1.000000,0.030544,1.000000,1029.1,0.001000
178700,0.016466,1.000000,0.018922,1.000000,1029.7,0.001000
178800,0.040015,1.000000,0.054453,0.999109,1030.2,0.001000
178900,0.017812,1.000000,0.021453,1.000000,1030.8,0.001000
179000,0.011359,1.000000,0.012861,1.000000,1031.3,0.001000
179100,0.019513,1.000000,0.024301,1.000000,1031.9,0.001000
179200,0.014828,1.000000,0.016850,1.000000,1032.4,0.001000
179300,0.048458,1.000000,0.067615,0.996437,1033.0,0.001000
179400,0.023471,1.000000,0.028418,1.000000,1033.5,0.001000
179500,0.015033,1.000000,0.016844,1.000000,1034.1,0.001000
179600,0.021743,1.000000,0.027702,1.000000,1034.6,0.001000
179700,0.017331,1.000000,0.020137,1.000000,1035.2,0.001000
179800,0.091868,0.999109,0.120904,0.996882,1035.8,0.001000
179900,0.018987,1.000000,0.023342,1.000000,1036.3,0.001000
180000,0.013168,1.000000,0.015163,1.000000,1036.8,0.001000
180100,0.017966,1.000000,0.022790,1.000000,1037.4,0.001000
180200,0.014759,1.000000,0.017162,1.000000,1037.9,0.001000
180300,0.024617,1.000000,0.033214,1.000000,1038.4,0.001000
180400,0.019374,1.000000,0.023017,1.000000,1039.0,0.001000
180500,0.195813,0.989305,0.234061,0.982183,1039.6,0.001000
180600,0.020352,1.000000,0.024524,1.000000,1040.1,0.001000
180700,0.015292,1.000000,0.017314,1.000000,1040.7,0.001000
180800,0.019478,1.000000,0.024631,1.000000,1041.2,0.001000
180900,0.016580,1.000000,0.019437,1.000000,1041.8,0.001000
181000,0.009761,1.000000,0.011275,1.000000,1042.3,0.001000
181100,0.017054,1.000000,0.022119,1.000000,1042.8,0.001000
181200,0.014666,1.000000,0.017222,1.000000,1043.4,0.001000
181300,0.028419,1.000000,0.040297,0.999555,1043.9,0.001000
181400,0.018504,1.000000,0.022367,1.000000,1044.5,0.001000
181500,0.011928,1.000000,0.013522,1.000000,1045.0,0.001000
181600,0.020905,1.000000,0.028056,1.000000,1045.5,0.001000
181700,0.017244,1.000000,0.020424,1.000000,1046.1,0.001000
181800,0.042179,1.000000,0.059207,1.000000,1046.7,0.001000
181900,0.020075,1.000000,0.023964,1.000000,1047.2,0.001000
182000,0.013213,1.000000,0.015088,1.000000,1047.8,0.001000
182100,0.025535,1.000000,0.033774,0.999555,1048.3,0.001000
182200,0.017005,1.000000,0.019619,1.000000,1048.9,0.001000
182300,0.024422,1.000000,0.031571,1.000000,1049.4,0.001000
182400,0.017296,1.000000,0.020235,1.000000,1050.0,0.001000
182500,0.873502,0.775847,1.014678,0.750111,1050.5,0.001000
182600,0.019326,1.000000,0.024272,1.000000,1051.1,0.001000
182700,0.015418,1.000000,0.017690,1.000000,1051.6,0.001000
182800,0.019516,1.000000,0.023938,1.000000,1052.2,0.001000
182900,0.015316,1.000000,0.017450,1.000000,1052.8,0.001000
183000,0.025743,1.000000,0.033755,1.000000,1053.3,0.001000
183100,0.019134,1.000000,0.022316,1.000000,1053.9,0.001000
183200,0.017455,1.000000,0.019631,1.000000,1054.5,0.001000
183300,0.020966,1.000000,0.027535,1.000000,1055.0,0.001000
183400,0.015117,1.000000,0.017399,1.000000,1055.6,0.001000
183500,0.024235,1.000000,0.029725,1.000000,1056.1,0.001000
183600,0.018532,1.000000,0.021373,1.000000,1056.7,0.001000
183700,0.178330,0.993761,0.227723,0.979510,1057.3,0.001000
183800,0.026625,1.000000,0.031953,1.000000,1057.8,0.001000
183900,0.018685,1.000000,0.021213,1.000000,1058.4,0.001000
184000,0.034090,1.000000,0.044559,1.000000,1059.1,0.001000
184100,0.019813,1.000000,0.023107,1.000000,1059.7,0.001000
184200,1.175861,0.670677,1.333834,0.604900,1060.3,0.001000
184300,0.020334,1.000000,0.025092,1.000000,1060.9,0.001000
184400,0.014615,1.000000,0.016610,1.000000,1061.5,0.001000
184500,0.022961,1.000000,0.028591,1.000000,1062.0,0.001000
184600,0.018484,1.000000,0.021178,1.000000,1062.5,0.001000
184700,0.028410,1.000000,0.038072,0.999555,1063.1,0.001000
184800,0.017031,1.000000,0.020162,1.000000,1063.6,0.001000
184900,0.121073,0.999109,0.150249,0.996882,1064.2,0.001000
185000,0.021048,1.000000,0.025421,1.000000,1064.7,0.001000
185100,0.015621,1.000000,0.017745,1.000000,1065.3,0.001000
185200,0.022987,1.000000,0.028879,1.000000,1065.8,0.001000
185300,0.018551,1.000000,0.021310,1.000000,1066.4,0.001000
185400,0.103767,0.998663,0.130121,0.995546,1066.9,0.001000
185500,0.018070,1.000000,0.021293,1.000000,1067.5,0.001000
185600,0.012758,1.000000,0.014505,1.000000,1068.0,0.001000
185700,0.018577,1.000000,0.024750,0.999555,1068.6,0.001000
185800,0.015244,1.000000,0.017802,1.000000,1069.2,0.001000
185900,0.025712,1.000000,0.033116,1.000000,1069.7,0.001000
186000,0.018419,1.000000,0.021720,1.000000,1070.2,0.001000
186100,0.032532,1.000000,0.042510,0.999555,1070.8,0.001000
186200,0.019190,1.000000,0.022421,1.000000,1071.4,0.001000
186300,0.209570,0.988859,0.255983,0.976392,1071.9,0.001000
186400,0.018928,1.000000,0.022371,1.000000,1072.4,0.001000
186500,0.013363,1.000000,0.015165,1.000000,1073.0,0.001000
186600,0.022234,1.000000,0.029709,1.000000,1073.6,0.001000
186700,0.017415,1.000000,0.020475,1.000000,1074.1,0.001000
186800,0.064877,1.000000,0.090737,0.997773,1074.7,0.001000
186900,0.018523,1.000000,0.022104,1.000000,1075.2,0.001000
187000,0.141150,0.996881,0.188937,0.988419,1075.8,0.001000
187100,0.018218,1.000000,0.022021,1.000000,1076.3,0.001000
187200,0.012281,1.000000,0.014114,1.000000,1076.9,0.001000
187300,0.021396,1.000000,0.027069,1.000000,1077.4,0.001000
187400,0.018400,1.000000,0.021241,1.000000,1078.0,0.001000
187500,0.350399,0.952763,0.468325,0.927840,1078.5,0.001000
187600,0.021546,1.000000,0.027054,1.000000,1079.0,0.001000
187700,0.016520,1.000000,0.018804,1.000000,1079.5,0.001000
187800,0.029949,1.000000,0.039761,1.000000,1080.1,0.001000
187900,0.019365,1.000000,0.023097,1.000000,1080.6,0.001000
188000,0.030992,1.000000,0.042464,0.999555,1081.2,0.001000
188100,0.018418,1.000000,0.022179,1.000000,1081.7,0.001000
188200,0.844278,0.788324,0.985207,0.755457,1082.2,0.001000
188300,0.023719,1.000000,0.030148,0.999555,1082.7,0.001000
188400,0.017551,1.000000,0.020164,1.000000,1083.3,0.001000
188500,0.053857,1.000000,0.070571,0.998218,1083.8,0.001000
188600,0.019179,1.000000,0.023095,1.000000,1084.3,0.001000
188700,0.013101,1.000000,0.014950,1.000000,1084.8,0.001000
188800,0.027378,1.000000,0.036491,1.000000,1085.4,0.001000
188900,0.016873,1.000000,0.019653,1.000000,1085.9,0.001000
189000,0.041640,1.000000,0.055248,0.999109,1086.4,0.001000
189100,0.018730,1.000000,0.022117,1.000000,1087.1,0.001000
189200,0.019523,1.000000,0.021937,1.000000,1087.6,0.001000
189300,0.018162,1.000000,0.022365,1.000000,1088.1,0.001000
189400,0.015387,1.000000,0.017189,1.000000,1088.7,0.001000
189500,0.019761,1.000000,0.023731,1.000000,1089.2,0.001000
189600,0.016512,1.000000,0.018874,1.000000,1089.8,0.001000
189700,0.028626,1.000000,0.038267,1.000000,1090.4,0.001000
189800,0.020124,1.000000,0.023590,1.000000,1091.0,0.001000
189900,1.440050,0.610963,1.637131,0.560356,1091.6,0.001000
190000,0.024527,1.000000,0.030098,1.000000,1092.1,0.001000
190100,0.016639,1.000000,0.019039,1.000000,1092.8,0.001000
190200,0.050593,1.000000,0.073836,0.996882,1093.4,0.001000
190300,0.020651,1.000000,0.025055,1.000000,1094.1,0.001000
190400,0.013525,1.000000,0.015524,1.000000,1094.7,0.001000
190500,0.019967,1.000000,0.026498,0.999555,1095.2,0.001000
190600,0.016394,1.000000,0.019146,1.000000,1095.8,0.001000
190700,0.075552,1.000000,0.105451,0.997327,1096.4,0.001000
190800,0.021685,1.000000,0.025731,1.000000,1097.0,0.001000
190900,0.015871,1.000000,0.017908,1.000000,1097.6,0.001000
191000,0.026698,1.000000,0.034832,0.999555,1098.1,0.001000
191100,0.016296,1.000000,0.019502,1.000000,1098.6,0.001000
191200,0.316424,0.956328,0.414493,0.930067,1099.2,0.001000
191300,0.022659,1.000000,0.028656,1.000000,1099.7,0.001000
191400,0.017047,1.000000,0.019550,1.000000,1100.3,0.001000
191500,0.030140,1.000000,0.039828,1.000000,1100.8,0.001000
191600,0.019656,1.000000,0.023235,1.000000,1101.4,0.001000
191700,0.270178,0.972371,0.332819,0.952784,1101.9,0.001000
191800,0.022498,1.000000,0.026894,1.000000,1102.4,0.001000
191900,0.016166,1.000000,0.018223,1.000000,1103.0,0.001000
192000,0.019932,1.000000,0.026058,1.000000,1103.5,0.001000
192100,0.015001,1.000000,0.017610,1.000000,1104.1,0.001000
192200,0.055127,1.000000,0.078297,0.998664,1104.6,0.001000
192300,0.020269,1.000000,0.024511,1.000000,1105.2,0.001000
192400,0.013815,1.000000,0.015697,1.000000,1105.7,0.001000
192500,0.031773,1.000000,0.042638,0.999555,1106.3,0.001000
192600,0.020896,1.000000,0.025243,1.000000,1106.8,0.001000
192700,0.064554,1.000000,0.085782,0.998664,1107.3,0.001000
192800,0.018630,1.000000,0.021950,1.000000,1107.8,0.001000
192900,0.011860,1.000000,0.013668,1.000000,1108.3,0.001000
193000,0.020094,1.000000,0.025844,1.000000,1108.8,0.001000
193100,0.016658,1.000000,0.019547,1.000000,1109.4,0.001000
193200,2.120311,0.462567,2.259344,0.408909,1109.9,0.001000
193300,0.018250,1.000000,0.023263,1.000000,1110.4,0.001000
193400,0.015989,1.000000,0.018291,1.000000,1111.0,0.001000
193500,0.022970,1.000000,0.029674,1.000000,1111.5,0.001000
193600,0.017504,1.000000,0.020766,1.000000,1112.1,0.001000
193700,0.009644,1.000000,0.011341,1.000000,1112.6,0.001000
193800,0.022059,1.000000,0.029915,0.999555,1113.1,0.001000
193900,0.016689,1.000000,0.019079,1.000000,1113.7,0.001000
194000,0.040373,1.000000,0.053862,0.999555,1114.2,0.001000
194100,0.017908,1.000000,0.021264,1.000000,1114.8,0.001000
194200,0.814570,0.803922,0.984354,0.765256,1115.3,0.001000
194300,0.024200,1.000000,0.031512,1.000000,1115.9,0.001000
194400,0.015860,1.000000,0.018137,1.000000,1116.4,0.001000
194500,0.028105,1.000000,0.037366,1.000000,1116.9,0.001000
194600,0.016873,1.000000,0.019762,1.000000,1117.4,0.001000
194700,0.010458,1.000000,0.011885,1.000000,1118.0,0.001000
194800,0.026167,1.000000,0.034608,1.000000,1118.5,0.001000
194900,0.018142,1.000000,0.020990,1.000000,1119.1,0.001000
195000,0.047600,1.000000,0.064299,1.000000,1119.6,0.001000
195100,0.020422,1.000000,0.024483,1.000000,1120.1,0.001000
195200,0.014244,1.000000,0.015999,1.000000,1120.6,0.001000
195300,0.051960,1.000000,0.074486,0.998664,1121.1,0.001000
195400,0.018994,1.000000,0.022706,1.000000,1121.7,0.001000
195500,0.014317,1.000000,0.016388,1.000000,1122.3,0.001000
195600,0.020638,1.000000,0.025992,1.000000,1122.9,0.001000
195700,0.016315,1.000000,0.018508,1.000000,1123.5,0.001000
195800,0.029474,1.000000,0.037649,1.000000,1124.1,0.001000
195900,0.022637,1.000000,0.026124,1.000000,1124.7,0.001000
196000,0.012569,1.000000,0.014436,1.000000,1125.3,0.001000
196100,0.021153,1.000000,0.026295,1.000000,1125.8,0.001000
196200,0.017175,1.000000,0.020046,1.000000,1126.4,0.001000
196300,0.011127,1.000000,0.012690,1.000000,1127.0,0.001000
196400,0.025379,1.000000,0.032922,1.000000,1127.5,0.001000
196500,0.020569,1.000000,0.023849,1.000000,1128.0,0.001000
196600,0.257804,0.979501,0.338798,0.959020,1128.5,0.001000
196700,0.021044,1.000000,0.026961,1.000000,1129.1,0.001000
196800,0.014503,1.000000,0.017156,1.000000,1129.6,0.001000
196900,0.007142,1.000000,0.008320,1.000000,1130.1,0.001000
197000,0.016843,1.000000,0.022684,1.000000,1130.7,0.001000
197100,0.015964,1.000000,0.018845,1.000000,1131.2,0.001000
197200,0.141918,0.994652,0.195830,0.981737,1131.7,0.001000
197300,0.022292,1.000000,0.027492,1.000000,1132.2,0.001000
197400,0.016546,1.000000,0.018885,1.000000,1132.8,0.001000
197500,0.022499,1.000000,0.028457,1.000000,1133.3,0.001000
197600,0.015224,1.000000,0.017567,1.000000,1133.9,0.001000
197700,0.022462,1.000000,0.029330,0.999555,1134.4,0.001000
197800,0.016795,1.000000,0.019477,1.000000,1135.0,0.001000
197900,0.017190,1.000000,0.020631,1.000000,1135.6,0.001000
198000,0.014721,1.000000,0.017107,1.000000,1136.1,0.001000
198100,0.020342,1.000000,0.027177,1.000000,1136.6,0.001000
198200,0.015891,1.000000,0.018684,1.000000,1137.2,0.001000
198300,0.042354,1.000000,0.058406,0.999555,1137.7,0.001000
198400,0.019829,1.000000,0.023650,1.000000,1138.2,0.001000
198500,0.324683,0.945187,0.410604,0.922494,1138.8,0.001000
198600,0.019125,1.000000,0.023537,1.000000,1139.3,0.001000
198700,0.013422,1.000000,0.015244,1.000000,1139.9,0.001000
198800,0.019557,1.000000,0.024455,1.000000,1140.4,0.001000
198900,0.014928,1.000000,0.017329,1.000000,1140.9,0.001000
199000,0.024949,1.000000,0.033669,1.000000,1141.4,0.001000
199100,0.018559,1.000000,0.021885,1.000000,1142.0,0.001000
199200,0.010970,1.000000,0.012739,1.000000,1142.5,0.001000
199300,0.023975,1.000000,0.032651,0.999555,1143.1,0.001000
199400,0.018010,1.000000,0.021227,1.000000,1143.6,0.001000
199500,0.111056,0.999109,0.148861,0.995991,1144.2,0.001000
199600,0.022524,1.000000,0.027291,1.000000,1144.7,0.001000
199700,0.015589,1.000000,0.017494,1.000000,1145.3,0.001000
199800,0.025481,1.000000,0.033367,1.000000,1145.9,0.001000
199900,0.018406,1.000000,0.021499,1.000000,1146.5,0.001000
