step,train_loss,train_acc,test_loss,test_acc,elapsed_sec,lr
0,5.057641,0.006803,5.097326,0.005739,0.0,0.000020
100,4.484043,0.026786,4.830425,0.005101,0.6,0.001000
200,3.005097,0.374150,4.950368,0.055473,1.2,0.001000
300,0.943083,0.873724,3.337943,0.359617,1.7,0.001000
400,0.190597,0.997236,2.504460,0.489054,2.3,0.001000
500,0.062515,0.999787,2.326684,0.502019,2.8,0.001000
600,0.031394,0.999575,2.167418,0.510733,3.4,0.001000
700,0.036687,0.997449,1.876633,0.542189,4.0,0.001000
800,0.005584,1.000000,1.595566,0.575558,4.6,0.001000
900,0.198921,0.983206,1.500983,0.586185,5.1,0.001000
1000,0.012035,1.000000,0.782743,0.773220,5.7,0.001000
1100,0.009610,1.000000,0.814326,0.768332,6.2,0.001000
1200,0.070125,1.000000,0.320708,0.968757,6.8,0.001000
1300,0.022948,1.000000,0.115246,0.997450,7.4,0.001000
1400,0.225757,0.993410,0.454812,0.954516,7.9,0.001000
1500,0.021010,1.000000,0.041956,0.999787,8.5,0.001000
1600,0.013411,1.000000,0.024955,1.000000,9.1,0.001000
1700,0.036702,1.000000,0.052237,0.999787,9.6,0.001000
1800,0.018263,1.000000,0.025195,1.000000,10.2,0.001000
1900,0.013149,1.000000,0.017594,1.000000,10.7,0.001000
2000,0.020545,1.000000,0.025105,1.000000,11.3,0.001000
2100,0.017147,1.000000,0.020630,1.000000,11.8,0.001000
2200,0.017705,1.000000,0.020471,1.000000,12.4,0.001000
2300,0.013942,1.000000,0.015809,1.000000,12.9,0.001000
2400,0.855865,0.795493,0.899650,0.781934,13.5,0.001000
2500,0.014267,1.000000,0.016213,1.000000,14.0,0.001000
2600,0.013912,1.000000,0.015358,1.000000,14.6,0.001000
2700,0.019366,1.000000,0.021832,1.000000,15.2,0.001000
2800,0.019644,1.000000,0.021563,1.000000,15.7,0.001000
2900,0.205850,0.991709,0.237589,0.985972,16.3,0.001000
3000,0.021794,1.000000,0.024036,1.000000,16.8,0.001000
3100,0.047164,0.999787,0.055667,0.999787,17.4,0.001000
3200,0.022939,1.000000,0.025170,1.000000,17.9,0.001000
3300,0.048973,0.999787,0.055406,1.000000,18.5,0.001000
3400,0.016979,1.000000,0.018648,1.000000,19.1,0.001000
3500,0.160709,0.992559,0.183902,0.989586,19.6,0.001000
3600,0.021095,1.000000,0.023287,1.000000,20.2,0.001000
3700,0.122039,0.997662,0.138138,0.996387,20.7,0.001000
3800,0.020897,1.000000,0.022786,1.000000,21.3,0.001000
3900,0.024749,1.000000,0.027772,1.000000,21.8,0.001000
4000,0.020997,1.000000,0.022839,1.000000,22.4,0.001000
4100,0.024000,1.000000,0.026706,1.000000,22.9,0.001000
4200,0.021524,1.000000,0.023078,1.000000,23.5,0.001000
4300,0.038522,1.000000,0.043112,1.000000,24.1,0.001000
4400,0.021173,1.000000,0.022543,1.000000,24.7,0.001000
4500,0.050166,0.999787,0.058550,0.999787,25.2,0.001000
4600,0.025750,1.000000,0.027818,1.000000,25.8,0.001000
4700,0.020321,1.000000,0.021592,1.000000,26.3,0.001000
4800,0.021824,1.000000,0.023924,1.000000,26.9,0.001000
4900,0.016936,1.000000,0.018218,1.000000,27.5,0.001000
5000,0.024085,1.000000,0.026318,1.000000,28.1,0.001000
5100,0.020047,1.000000,0.021370,1.000000,28.7,0.001000
5200,0.019549,1.000000,0.021319,1.000000,29.3,0.001000
5300,0.018220,1.000000,0.019396,1.000000,29.9,0.001000
5400,0.021891,1.000000,0.024518,1.000000,30.4,0.001000
5500,0.022350,1.000000,0.024007,1.000000,31.0,0.001000
5600,0.030818,1.000000,0.034857,1.000000,31.5,0.001000
5700,0.020257,1.000000,0.021590,1.000000,32.1,0.001000
5800,0.034481,1.000000,0.039567,1.000000,32.7,0.001000
5900,0.023204,1.000000,0.025149,1.000000,33.2,0.001000
6000,0.051518,0.999787,0.057717,0.999787,33.8,0.001000
6100,0.020274,1.000000,0.021641,1.000000,34.3,0.001000
6200,0.013286,1.000000,0.014006,1.000000,34.9,0.001000
6300,0.019993,1.000000,0.021727,1.000000,35.4,0.001000
6400,0.018666,1.000000,0.019827,1.000000,36.0,0.001000
6500,0.023122,1.000000,0.024962,1.000000,36.5,0.001000
6600,0.021174,1.000000,0.022287,1.000000,37.1,0.001000
6700,0.022694,1.000000,0.024820,1.000000,37.7,0.001000
6800,0.019964,1.000000,0.021225,1.000000,38.3,0.001000
6900,0.024952,1.000000,0.027823,1.000000,38.8,0.001000
7000,0.023099,1.000000,0.024666,1.000000,39.4,0.001000
7100,0.106150,0.999575,0.121030,1.000000,39.9,0.001000
7200,0.023274,1.000000,0.025087,1.000000,40.5,0.001000
7300,2.678300,0.372024,2.776896,0.357705,41.0,0.001000
7400,0.022046,1.000000,0.023617,1.000000,41.6,0.001000
7500,0.017282,1.000000,0.018163,1.000000,42.1,0.001000
7600,0.020031,1.000000,0.021794,1.000000,42.7,0.001000
7700,0.018657,1.000000,0.019840,1.000000,43.2,0.001000
7800,0.022202,1.000000,0.024114,1.000000,43.8,0.001000
7900,0.019202,1.000000,0.020318,1.000000,44.4,0.001000
8000,0.021235,1.000000,0.023473,1.000000,44.9,0.001000
8100,0.021510,1.000000,0.022790,1.000000,45.5,0.001000
8200,0.216431,0.991071,0.241085,0.983634,46.1,0.001000
8300,0.022491,1.000000,0.024158,1.000000,46.6,0.001000
8400,0.151556,0.998512,0.174469,0.996387,47.2,0.001000
8500,0.025521,1.000000,0.027450,1.000000,47.7,0.001000
8600,0.017877,1.000000,0.018898,1.000000,48.3,0.001000
8700,0.021220,1.000000,0.023184,1.000000,48.8,0.001000
8800,0.019644,1.000000,0.020713,1.000000,49.4,0.001000
8900,0.035063,1.000000,0.040264,0.999787,49.9,0.001000
9000,0.021505,1.000000,0.023061,1.000000,50.5,0.001000
9100,0.037615,1.000000,0.042600,1.000000,51.1,0.001000
9200,0.024291,1.000000,0.025929,1.000000,51.6,0.001000
9300,0.015085,1.000000,0.015954,1.000000,52.2,0.001000
9400,0.020669,1.000000,0.023072,1.000000,52.7,0.001000
9500,0.021297,1.000000,0.022686,1.000000,53.3,0.001000
9600,0.032342,1.000000,0.035519,1.000000,53.8,0.001000
9700,0.024248,1.000000,0.025685,1.000000,54.4,0.001000
9800,0.040536,1.000000,0.044857,1.000000,54.9,0.001000
9900,0.024210,1.000000,0.025655,1.000000,55.5,0.001000
10000,1.402526,0.672619,1.465655,0.658236,56.1,0.001000
10100,0.021262,1.000000,0.022835,1.000000,56.6,0.001000
10200,0.182045,0.994260,0.200142,0.989373,57.2,0.001000
10300,0.022919,1.000000,0.024417,1.000000,57.7,0.001000
10400,0.015769,1.000000,0.016657,1.000000,58.3,0.001000
10500,0.019802,1.000000,0.021519,1.000000,58.9,0.001000
10600,0.019030,1.000000,0.020063,1.000000,59.4,0.001000
10700,0.024134,1.000000,0.025890,1.000000,60.0,0.001000
10800,0.022565,1.000000,0.023749,1.000000,60.5,0.001000
10900,0.022288,1.000000,0.024236,1.000000,61.1,0.001000
11000,0.022016,1.000000,0.023273,1.000000,61.6,0.001000
11100,0.025622,1.000000,0.028152,0.999787,62.2,0.001000
11200,0.023547,1.000000,0.024846,1.000000,62.7,0.001000
11300,0.031450,1.000000,0.035155,1.000000,63.3,0.001000
11400,0.023910,1.000000,0.025270,1.000000,63.9,0.001000
11500,0.040821,1.000000,0.045557,1.000000,64.4,0.001000
11600,0.021872,1.000000,0.023255,1.000000,65.0,0.001000
11700,0.014311,1.000000,0.015195,1.000000,65.5,0.001000
11800,0.020991,1.000000,0.022511,1.000000,66.1,0.001000
11900,0.020504,1.000000,0.021523,1.000000,66.6,0.001000
12000,0.024225,1.000000,0.026285,1.000000,67.2,0.001000
12100,0.021903,1.000000,0.023129,1.000000,67.7,0.001000
12200,0.022113,1.000000,0.024525,1.000000,68.3,0.001000
12300,0.022353,1.000000,0.023725,1.000000,68.8,0.001000
12400,0.139736,0.998724,0.157669,0.997237,69.4,0.001000
12500,0.022933,1.000000,0.024607,1.000000,70.0,0.001000
12600,0.019862,1.000000,0.020982,1.000000,70.6,0.001000
12700,0.021227,1.000000,0.022724,1.000000,71.1,0.001000
12800,0.612005,0.886267,0.657092,0.867800,71.7,0.001000
12900,0.023506,1.000000,0.025278,1.000000,72.3,0.001000
13000,0.019390,1.000000,0.020551,1.000000,72.8,0.001000
13100,0.022827,1.000000,0.025627,1.000000,73.4,0.001000
13200,0.023900,1.000000,0.025440,1.000000,74.0,0.001000
13300,0.038155,1.000000,0.043102,1.000000,74.5,0.001000
13400,0.022987,1.000000,0.024534,1.000000,75.1,0.001000
13500,0.014729,1.000000,0.015551,1.000000,75.7,0.001000
13600,0.017871,1.000000,0.019739,0.999787,76.2,0.001000
13700,0.018517,1.000000,0.019851,1.000000,76.8,0.001000
13800,0.181439,0.993410,0.196620,0.990223,77.3,0.001000
13900,0.021337,1.000000,0.023306,1.000000,77.8,0.001000
14000,0.018024,1.000000,0.019053,1.000000,78.4,0.001000
14100,0.024996,1.000000,0.028071,1.000000,78.9,0.001000
14200,0.024515,1.000000,0.026095,1.000000,79.5,0.001000
14300,0.035595,1.000000,0.040180,1.000000,80.0,0.001000
14400,0.022907,1.000000,0.024582,1.000000,80.6,0.001000
14500,0.066262,0.999787,0.075753,0.999787,81.1,0.001000
14600,0.023581,1.000000,0.025426,1.000000,81.7,0.001000
14700,0.015851,1.000000,0.016862,1.000000,82.2,0.001000
14800,0.020587,1.000000,0.022852,1.000000,82.8,0.001000
14900,0.021097,1.000000,0.022421,1.000000,83.4,0.001000
15000,0.028490,1.000000,0.031968,1.000000,83.9,0.001000
15100,0.024618,1.000000,0.026343,1.000000,84.5,0.001000
15200,0.015510,1.000000,0.016371,1.000000,85.0,0.001000
15300,0.019254,1.000000,0.021168,1.000000,85.6,0.001000
15400,0.019094,1.000000,0.020307,1.000000,86.1,0.001000
15500,0.020796,1.000000,0.023158,1.000000,86.7,0.001000
15600,0.022782,1.000000,0.024179,1.000000,87.2,0.001000
15700,0.058149,1.000000,0.066373,1.000000,87.8,0.001000
15800,0.027628,1.000000,0.029694,1.000000,88.4,0.001000
15900,0.019307,1.000000,0.020409,1.000000,88.9,0.001000
16000,0.021699,1.000000,0.023958,1.000000,89.5,0.001000
16100,0.022261,1.000000,0.023681,1.000000,90.0,0.001000
16200,0.060907,0.999787,0.067860,0.999575,90.6,0.001000
16300,0.022564,1.000000,0.024090,1.000000,91.2,0.001000
16400,0.015960,1.000000,0.016874,1.000000,91.7,0.001000
16500,0.021751,1.000000,0.024215,1.000000,92.3,0.001000
16600,0.021540,1.000000,0.022770,1.000000,92.9,0.001000
16700,0.024059,1.000000,0.026894,0.999787,93.4,0.001000
16800,0.021486,1.000000,0.022903,1.000000,94.0,0.001000
16900,0.056864,1.000000,0.066949,0.999575,94.5,0.001000
17000,0.023533,1.000000,0.025420,1.000000,95.1,0.001000
17100,0.021393,1.000000,0.022959,1.000000,95.6,0.001000
17200,0.021520,1.000000,0.023169,1.000000,96.2,0.001000
17300,0.018265,1.000000,0.019157,1.000000,96.7,0.001000
17400,0.024084,1.000000,0.027637,1.000000,97.3,0.001000
17500,0.022347,1.000000,0.024008,1.000000,97.9,0.001000
17600,1.863331,0.549957,1.919086,0.538151,98.4,0.001000
17700,0.021136,1.000000,0.023088,1.000000,99.0,0.001000
17800,0.018283,1.000000,0.019435,1.000000,99.5,0.001000
17900,0.026730,1.000000,0.030579,1.000000,100.1,0.001000
18000,0.023031,1.000000,0.024745,1.000000,100.6,0.001000
18100,0.353319,0.974490,0.393247,0.966631,101.2,0.001000
18200,0.023178,1.000000,0.025310,1.000000,101.7,0.001000
18300,0.018700,1.000000,0.019854,1.000000,102.3,0.001000
18400,0.020082,1.000000,0.022666,1.000000,102.8,0.001000
18500,0.021745,1.000000,0.023017,1.000000,103.4,0.001000
18600,0.152273,0.997662,0.176844,0.992349,104.0,0.001000
18700,0.021722,1.000000,0.023502,1.000000,104.5,0.001000
18800,0.016815,1.000000,0.017976,1.000000,105.1,0.001000
18900,0.018185,1.000000,0.020112,1.000000,105.7,0.001000
19000,0.019572,1.000000,0.020859,1.000000,106.2,0.001000
19100,0.034381,1.000000,0.038868,1.000000,106.8,0.001000
19200,0.026189,1.000000,0.028089,1.000000,107.3,0.001000
19300,0.017841,1.000000,0.018859,1.000000,107.9,0.001000
19400,0.018855,1.000000,0.020931,1.000000,108.4,0.001000
19500,0.019572,1.000000,0.020808,1.000000,109.0,0.001000
19600,0.193829,0.995536,0.211365,0.992349,109.6,0.001000
19700,0.021132,1.000000,0.022968,1.000000,110.1,0.001000
19800,0.018610,1.000000,0.019585,1.000000,110.7,0.001000
19900,0.021540,1.000000,0.023329,1.000000,111.2,0.001000
20000,0.018697,1.000000,0.019840,1.000000,111.8,0.001000
20100,0.029492,1.000000,0.034248,1.000000,112.4,0.001000
20200,0.022807,1.000000,0.024620,1.000000,113.0,0.001000
20300,0.017521,1.000000,0.018629,1.000000,113.6,0.001000
20400,0.022165,1.000000,0.024417,1.000000,114.1,0.001000
20500,0.019485,1.000000,0.020689,1.000000,114.7,0.001000
20600,0.022492,1.000000,0.025379,1.000000,115.3,0.001000
20700,0.020795,1.000000,0.022339,1.000000,115.8,0.001000
20800,0.070022,0.999787,0.077909,1.000000,116.4,0.001000
20900,0.022840,1.000000,0.024679,1.000000,117.0,0.001000
21000,0.016943,1.000000,0.018204,1.000000,117.5,0.001000
21100,0.023401,1.000000,0.026442,1.000000,118.1,0.001000
21200,0.021928,1.000000,0.023361,1.000000,118.6,0.001000
21300,0.032725,1.000000,0.036808,1.000000,119.2,0.001000
21400,0.022725,1.000000,0.024398,1.000000,119.7,0.001000
21500,0.027384,1.000000,0.030379,1.000000,120.3,0.001000
21600,0.020708,1.000000,0.022031,1.000000,120.8,0.001000
21700,0.178307,0.997024,0.173809,0.997662,121.4,0.001000
21800,0.018528,1.000000,0.020200,1.000000,122.0,0.001000
21900,0.017968,1.000000,0.019098,1.000000,122.5,0.001000
22000,0.020438,1.000000,0.022668,1.000000,123.1,0.001000
22100,0.022866,1.000000,0.024460,1.000000,123.7,0.001000
22200,0.072934,1.000000,0.082057,0.999787,124.3,0.001000
22300,0.021831,1.000000,0.023167,1.000000,124.8,0.001000
22400,0.016355,1.000000,0.017140,1.000000,125.4,0.001000
22500,0.022223,1.000000,0.024907,1.000000,125.9,0.001000
22600,0.022237,1.000000,0.023830,1.000000,126.5,0.001000
22700,0.112615,0.999362,0.127287,0.998087,127.0,0.001000
22800,0.021256,1.000000,0.022878,1.000000,127.6,0.001000
22900,0.015964,1.000000,0.016811,1.000000,128.1,0.001000
23000,0.021794,1.000000,0.024054,1.000000,128.7,0.001000
23100,0.022069,1.000000,0.023351,1.000000,129.2,0.001000
23200,0.023131,1.000000,0.025693,1.000000,129.8,0.001000
23300,0.022186,1.000000,0.023563,1.000000,130.4,0.001000
23400,0.210711,0.994260,0.229030,0.992561,130.9,0.001000
23500,0.023644,1.000000,0.025668,1.000000,131.5,0.001000
23600,0.018479,1.000000,0.019647,1.000000,132.0,0.001000
23700,0.021309,1.000000,0.023678,1.000000,132.6,0.001000
23800,0.022461,1.000000,0.024030,1.000000,133.1,0.001000
23900,4.175000,0.239796,4.255688,0.227205,133.7,0.001000
24000,0.020999,1.000000,0.022815,1.000000,134.2,0.001000
24100,0.019273,1.000000,0.020367,1.000000,134.8,0.001000
24200,0.022989,1.000000,0.025601,1.000000,135.3,0.001000
24300,0.021876,1.000000,0.023434,1.000000,135.9,0.001000
24400,0.125703,0.999787,0.143928,0.998512,136.4,0.001000
24500,0.021711,1.000000,0.023372,1.000000,137.0,0.001000
24600,0.016008,1.000000,0.016978,1.000000,137.5,0.001000
24700,0.022648,1.000000,0.025562,0.999787,138.1,0.001000
24800,0.022287,1.000000,0.023578,1.000000,138.6,0.001000
24900,0.021405,1.000000,0.023442,1.000000,139.2,0.001000
25000,0.020547,1.000000,0.021820,1.000000,139.7,0.001000
25100,0.298619,0.968963,0.317067,0.964293,140.3,0.001000
25200,0.019293,1.000000,0.020661,1.000000,140.8,0.001000
25300,0.016251,1.000000,0.017089,1.000000,141.4,0.001000
25400,0.022095,1.000000,0.024060,1.000000,141.9,0.001000
25500,0.021177,1.000000,0.022523,1.000000,142.5,0.001000
25600,0.028048,1.000000,0.031351,1.000000,143.0,0.001000
25700,0.022983,1.000000,0.024385,1.000000,143.6,0.001000
25800,0.078588,1.000000,0.090433,0.999575,144.2,0.001000
25900,0.022991,1.000000,0.024609,1.000000,144.7,0.001000
26000,0.015185,1.000000,0.015954,1.000000,145.3,0.001000
26100,0.019054,1.000000,0.020910,1.000000,145.8,0.001000
26200,0.021654,1.000000,0.023037,1.000000,146.4,0.001000
26300,0.052895,1.000000,0.058442,1.000000,147.0,0.001000
26400,0.024951,1.000000,0.026467,1.000000,147.6,0.001000
26500,0.545536,0.921556,0.572636,0.916684,148.1,0.001000
26600,0.024341,1.000000,0.026046,1.000000,148.8,0.001000
26700,0.019160,1.000000,0.020188,1.000000,149.3,0.001000
26800,0.018316,1.000000,0.020657,1.000000,149.9,0.001000
26900,0.018580,1.000000,0.019863,1.000000,150.4,0.001000
27000,0.032812,1.000000,0.037050,1.000000,151.0,0.001000
27100,0.023290,1.000000,0.024929,1.000000,151.5,0.001000
27200,0.076143,1.000000,0.085687,0.999787,152.1,0.001000
27300,0.027970,1.000000,0.030524,1.000000,152.6,0.001000
27400,0.017259,1.000000,0.018247,1.000000,153.2,0.001000
27500,0.025543,1.000000,0.028106,1.000000,153.7,0.001000
27600,0.522376,0.929209,0.583052,0.914984,154.3,0.001000
27700,0.024144,1.000000,0.026122,1.000000,154.9,0.001000
27800,0.017244,1.000000,0.018316,1.000000,155.4,0.001000
27900,0.021423,1.000000,0.023929,1.000000,156.0,0.001000
28000,0.022841,1.000000,0.024386,1.000000,156.5,0.001000
28100,0.024572,1.000000,0.027299,1.000000,157.1,0.001000
28200,0.020012,1.000000,0.021338,1.000000,157.7,0.001000
28300,0.022441,1.000000,0.025165,1.000000,158.2,0.001000
28400,0.020881,1.000000,0.022392,1.000000,158.7,0.001000
28500,0.033912,1.000000,0.038122,1.000000,159.3,0.001000
28600,0.023195,1.000000,0.025058,1.000000,159.9,0.001000
28700,3.740631,0.188988,3.734090,0.190861,160.4,0.001000
28800,0.021466,1.000000,0.023381,1.000000,161.0,0.001000
28900,1.465326,0.573767,1.483772,0.573433,161.5,0.001000
29000,0.024103,1.000000,0.026343,1.000000,162.1,0.001000
29100,0.019907,1.000000,0.021111,1.000000,162.6,0.001000
29200,0.024227,1.000000,0.026925,0.999787,163.2,0.001000
29300,0.020760,1.000000,0.021973,1.000000,163.7,0.001000
29400,0.029153,1.000000,0.032434,0.999787,164.3,0.001000
29500,0.023832,1.000000,0.025686,1.000000,164.8,0.001000
29600,1.640531,0.596088,1.699200,0.584485,165.4,0.001000
29700,0.024355,1.000000,0.026672,1.000000,165.9,0.001000
29800,0.020721,1.000000,0.022131,1.000000,166.5,0.001000
29900,0.022506,1.000000,0.025010,1.000000,167.0,0.001000
30000,0.022362,1.000000,0.023767,1.000000,167.6,0.001000
30100,0.075500,1.000000,0.088960,0.999575,168.1,0.001000
30200,0.023319,1.000000,0.025330,1.000000,168.7,0.001000
30300,0.017409,1.000000,0.018456,1.000000,169.2,0.001000
30400,0.023902,1.000000,0.026205,1.000000,169.8,0.001000
30500,0.022644,1.000000,0.024125,1.000000,170.3,0.001000
30600,0.028538,1.000000,0.032157,1.000000,170.9,0.001000
30700,0.022653,1.000000,0.024289,1.000000,171.5,0.001000
30800,0.038760,1.000000,0.044651,0.999787,172.0,0.001000
30900,0.024084,1.000000,0.025899,1.000000,172.6,0.001000
31000,0.015454,1.000000,0.016298,1.000000,173.1,0.001000
31100,0.020806,1.000000,0.022730,1.000000,173.7,0.001000
31200,0.019249,1.000000,0.020332,1.000000,174.2,0.001000
31300,0.021194,1.000000,0.023094,1.000000,174.8,0.001000
31400,0.018645,1.000000,0.019770,1.000000,175.4,0.001000
31500,0.053987,0.999362,0.061526,1.000000,175.9,0.001000
31600,0.021623,1.000000,0.023137,1.000000,176.5,0.001000
31700,0.233680,0.989158,0.260478,0.983847,177.0,0.001000
31800,0.022833,1.000000,0.024954,1.000000,177.6,0.001000
31900,0.043681,1.000000,0.046622,1.000000,178.1,0.001000
32000,0.021839,1.000000,0.024049,1.000000,178.7,0.001000
32100,0.017935,1.000000,0.019133,1.000000,179.2,0.001000
32200,0.022171,1.000000,0.024701,1.000000,179.8,0.001000
32300,0.022955,1.000000,0.024371,1.000000,180.3,0.001000
32400,0.030133,1.000000,0.034474,1.000000,180.9,0.001000
32500,0.022555,1.000000,0.024225,1.000000,181.4,0.001000
32600,0.140450,0.997874,0.154166,0.997024,182.0,0.001000
32700,0.020787,1.000000,0.022520,1.000000,182.6,0.001000
32800,3.044635,0.274235,3.102343,0.261637,183.1,0.001000
32900,0.022184,1.000000,0.024315,1.000000,183.7,0.001000
33000,0.018574,1.000000,0.019702,1.000000,184.2,0.001000
33100,0.019778,1.000000,0.022208,1.000000,184.8,0.001000
33200,0.021159,1.000000,0.022553,1.000000,185.4,0.001000
33300,0.038354,1.000000,0.043562,1.000000,185.9,0.001000
33400,0.024734,1.000000,0.026463,1.000000,186.5,0.001000
33500,0.017743,1.000000,0.018732,1.000000,187.0,0.001000
33600,0.024912,1.000000,0.027334,1.000000,187.6,0.001000
33700,0.023041,1.000000,0.024535,1.000000,188.1,0.001000
33800,0.023757,1.000000,0.026052,1.000000,188.7,0.001000
33900,0.023514,1.000000,0.025067,1.000000,189.2,0.001000
34000,0.177147,0.997024,0.202774,0.993199,189.8,0.001000
34100,0.021656,1.000000,0.023553,1.000000,190.3,0.001000
34200,0.249833,0.992559,0.271437,0.990648,190.9,0.001000
34300,0.020927,1.000000,0.022636,1.000000,191.4,0.001000
34400,0.015453,1.000000,0.016405,1.000000,192.0,0.001000
34500,0.021689,1.000000,0.024718,1.000000,192.6,0.001000
34600,0.022752,1.000000,0.024364,1.000000,193.1,0.001000
34700,0.041366,1.000000,0.047421,0.999787,193.7,0.001000
34800,0.023026,1.000000,0.024907,1.000000,194.3,0.001000
34900,0.071906,1.000000,0.080806,1.000000,194.8,0.001000
35000,0.023066,1.000000,0.024719,1.000000,195.4,0.001000
35100,0.015697,1.000000,0.016590,1.000000,195.9,0.001000
35200,0.022661,1.000000,0.024865,1.000000,196.5,0.001000
35300,0.022645,1.000000,0.023883,1.000000,197.0,0.001000
35400,0.030729,1.000000,0.034408,0.999787,197.6,0.001000
35500,0.023905,1.000000,0.025677,1.000000,198.2,0.001000
35600,0.015791,1.000000,0.016764,1.000000,198.7,0.001000
35700,0.023592,1.000000,0.026062,1.000000,199.3,0.001000
35800,0.024056,1.000000,0.025471,1.000000,199.9,0.001000
35900,0.026502,1.000000,0.028783,1.000000,200.4,0.001000
36000,0.022537,1.000000,0.023775,1.000000,201.0,0.001000
36100,0.020243,1.000000,0.022317,0.999787,201.5,0.001000
36200,0.019777,1.000000,0.021124,1.000000,202.1,0.001000
36300,0.036441,1.000000,0.042154,0.999575,202.6,0.001000
36400,0.021773,1.000000,0.023504,1.000000,203.2,0.001000
36500,0.174271,0.994048,0.189560,0.994686,203.7,0.001000
36600,0.023751,1.000000,0.025669,1.000000,204.3,0.001000
36700,1.959118,0.505315,2.083391,0.478002,204.8,0.001000
36800,0.023654,1.000000,0.025559,1.000000,205.4,0.001000
36900,0.019934,1.000000,0.021020,1.000000,205.9,0.001000
37000,0.020303,1.000000,0.022884,1.000000,206.5,0.001000
37100,0.020932,1.000000,0.022308,1.000000,207.0,0.001000
37200,0.025556,1.000000,0.028486,1.000000,207.6,0.001000
37300,0.022421,1.000000,0.023960,1.000000,208.1,0.001000
37400,0.096640,0.998937,0.109809,0.997237,208.7,0.001000
37500,0.022003,1.000000,0.023773,1.000000,209.2,0.001000
37600,0.935125,0.773172,0.978697,0.758342,209.8,0.001000
37700,0.022952,1.000000,0.024785,1.000000,210.3,0.001000
37800,0.019060,1.000000,0.020092,1.000000,210.9,0.001000
37900,0.020610,1.000000,0.022563,1.000000,211.5,0.001000
38000,0.023270,1.000000,0.024595,1.000000,212.0,0.001000
38100,0.022266,1.000000,0.024357,1.000000,212.5,0.001000
38200,0.018562,1.000000,0.019702,1.000000,213.1,0.001000
38300,0.021244,1.000000,0.023798,1.000000,213.7,0.001000
38400,0.022038,1.000000,0.023488,1.000000,214.2,0.001000
38500,0.033184,1.000000,0.037456,0.999787,214.8,0.001000
38600,0.021316,1.000000,0.023043,1.000000,215.3,0.001000
38700,0.421001,0.953869,0.450954,0.950478,215.9,0.001000
38800,0.021198,1.000000,0.023019,1.000000,216.4,0.001000
38900,0.025189,1.000000,0.026318,1.000000,217.0,0.001000
39000,0.021758,1.000000,0.023963,1.000000,217.5,0.001000
39100,0.017986,1.000000,0.019229,1.000000,218.1,0.001000
39200,0.023925,1.000000,0.027237,1.000000,218.6,0.001000
39300,0.022803,1.000000,0.024609,1.000000,219.2,0.001000
39400,0.014791,1.000000,0.015691,1.000000,219.8,0.001000
39500,0.019193,1.000000,0.021301,1.000000,220.3,0.001000
39600,0.019521,1.000000,0.020905,1.000000,220.9,0.001000
39700,0.128404,0.998087,0.143496,0.998300,221.4,0.001000
39800,0.021974,1.000000,0.024198,1.000000,222.0,0.001000
39900,0.458275,0.944515,0.498953,0.935175,222.5,0.001000
40000,0.022769,1.000000,0.025528,1.000000,223.1,0.001000
40100,0.017449,1.000000,0.018847,1.000000,223.6,0.001000
40200,0.020213,1.000000,0.022712,1.000000,224.2,0.001000
40300,0.020605,1.000000,0.022113,1.000000,224.7,0.001000
40400,0.021664,1.000000,0.024475,1.000000,225.3,0.001000
40500,0.021374,1.000000,0.023064,1.000000,225.8,0.001000
40600,0.028214,1.000000,0.032086,1.000000,226.4,0.001000
40700,0.024783,1.000000,0.027040,1.000000,227.0,0.001000
40800,0.036630,1.000000,0.041679,0.999787,227.5,0.001000
40900,0.024204,1.000000,0.026221,1.000000,228.1,0.001000
41000,0.015462,1.000000,0.016476,1.000000,228.6,0.001000
41100,0.020728,1.000000,0.023188,1.000000,229.2,0.001000
41200,0.018538,1.000000,0.019809,1.000000,229.7,0.001000
41300,0.018660,1.000000,0.021050,0.999787,230.3,0.001000
41400,0.020093,1.000000,0.021623,1.000000,230.8,0.001000
41500,0.060270,1.000000,0.068590,0.999787,231.4,0.001000
41600,0.022817,1.000000,0.025088,1.000000,232.0,0.001000
41700,0.016691,1.000000,0.017878,1.000000,232.5,0.001000
41800,0.020211,1.000000,0.022708,1.000000,233.1,0.001000
41900,0.021034,1.000000,0.022672,1.000000,233.6,0.001000
42000,0.022754,1.000000,0.025094,1.000000,234.2,0.001000
42100,0.022009,1.000000,0.023553,1.000000,234.7,0.001000
42200,0.107617,0.999787,0.119743,0.998937,235.3,0.001000
42300,0.025543,1.000000,0.028083,1.000000,235.8,0.001000
42400,0.019178,1.000000,0.020696,1.000000,236.4,0.001000
42500,0.021688,1.000000,0.024121,1.000000,237.0,0.001000
42600,0.019045,1.000000,0.020399,1.000000,237.5,0.001000
42700,0.020152,1.000000,0.023188,1.000000,238.1,0.001000
42800,0.020848,1.000000,0.022528,1.000000,238.6,0.001000
42900,0.020779,1.000000,0.022912,1.000000,239.2,0.001000
43000,0.017094,1.000000,0.018281,1.000000,239.7,0.001000
43100,0.018142,1.000000,0.020038,1.000000,240.3,0.001000
43200,0.018634,1.000000,0.019846,1.000000,240.8,0.001000
43300,0.019200,1.000000,0.021589,0.999787,241.4,0.001000
43400,0.019624,1.000000,0.021113,1.000000,242.0,0.001000
43500,0.031657,1.000000,0.035525,1.000000,242.6,0.001000
43600,0.021346,1.000000,0.023195,1.000000,243.1,0.001000
43700,0.038127,1.000000,0.042427,1.000000,243.7,0.001000
43800,0.023353,1.000000,0.025169,1.000000,244.3,0.001000
43900,0.015224,1.000000,0.016116,1.000000,244.9,0.001000
44000,0.019362,1.000000,0.021617,1.000000,245.4,0.001000
44100,0.020172,1.000000,0.021637,1.000000,246.0,0.001000
44200,0.025202,1.000000,0.028703,1.000000,246.5,0.001000
44300,0.021851,1.000000,0.023605,1.000000,247.1,0.001000
44400,0.065072,0.999575,0.074851,1.000000,247.6,0.001000
44500,0.022448,1.000000,0.024473,1.000000,248.2,0.001000
44600,0.015681,1.000000,0.016712,1.000000,248.8,0.001000
44700,0.020095,1.000000,0.023068,1.000000,249.3,0.001000
44800,0.021355,1.000000,0.023089,1.000000,249.9,0.001000
44900,0.030701,1.000000,0.035479,0.999787,250.4,0.001000
45000,0.024034,1.000000,0.026342,1.000000,251.0,0.001000
45100,0.062500,1.000000,0.072736,0.999787,251.6,0.001000
45200,0.021870,1.000000,0.023979,1.000000,252.1,0.001000
45300,0.014256,1.000000,0.015267,1.000000,252.7,0.001000
45400,0.020757,1.000000,0.023039,1.000000,253.2,0.001000
45500,0.021021,1.000000,0.022535,1.000000,253.8,0.001000
45600,0.023270,1.000000,0.025938,1.000000,254.3,0.001000
45700,0.023720,1.000000,0.025594,1.000000,254.9,0.001000
45800,3.904591,0.365646,3.941721,0.365356,255.4,0.001000
45900,0.021440,1.000000,0.024193,1.000000,256.1,0.001000
46000,0.018635,1.000000,0.019964,1.000000,256.6,0.001000
46100,0.056411,1.000000,0.065983,0.999787,257.1,0.001000
46200,0.024228,1.000000,0.026407,1.000000,257.7,0.001000
46300,1.484425,0.661352,1.569783,0.641020,258.3,0.001000
46400,0.025082,1.000000,0.027755,1.000000,258.8,0.001000
46500,0.021310,1.000000,0.022802,1.000000,259.4,0.001000
46600,0.020846,1.000000,0.023397,1.000000,259.9,0.001000
46700,0.019853,1.000000,0.021408,1.000000,260.5,0.001000
46800,0.024132,1.000000,0.027278,1.000000,261.0,0.001000
46900,0.022029,1.000000,0.023632,1.000000,261.6,0.001000
47000,0.025398,1.000000,0.028693,0.999787,262.1,0.001000
47100,0.022947,1.000000,0.024402,1.000000,262.7,0.001000
47200,0.016169,1.000000,0.016959,1.000000,263.3,0.001000
47300,0.019787,1.000000,0.021986,1.000000,263.8,0.001000
47400,0.019102,1.000000,0.020534,1.000000,264.4,0.001000
47500,0.019217,1.000000,0.021430,1.000000,264.9,0.001000
47600,0.020231,1.000000,0.021750,1.000000,265.5,0.001000
47700,0.065161,1.000000,0.075061,1.000000,266.0,0.001000
47800,0.023998,1.000000,0.026481,1.000000,266.6,0.001000
47900,2.105963,0.486607,2.183386,0.474176,267.1,0.001000
48000,0.021599,1.000000,0.023671,1.000000,267.7,0.001000
48100,0.018323,1.000000,0.019560,1.000000,268.2,0.001000
48200,0.021568,1.000000,0.024178,1.000000,268.8,0.001000
48300,0.022599,1.000000,0.024186,1.000000,269.3,0.001000
48400,0.040705,1.000000,0.046500,1.000000,269.9,0.001000
48500,0.022562,1.000000,0.024290,1.000000,270.5,0.001000
48600,0.585142,0.906250,0.637143,0.889692,271.0,0.001000
48700,0.021925,1.000000,0.024271,1.000000,271.5,0.001000
48800,0.018202,1.000000,0.019576,1.000000,272.1,0.001000
48900,0.021909,1.000000,0.024485,1.000000,272.6,0.001000
49000,0.020769,1.000000,0.022286,1.000000,273.2,0.001000
49100,0.073946,0.999575,0.085219,0.998937,273.8,0.001000
49200,0.024792,1.000000,0.026882,1.000000,274.3,0.001000
49300,0.045004,1.000000,0.048416,1.000000,274.9,0.001000
49400,0.026266,1.000000,0.029059,1.000000,275.4,0.001000
49500,0.022461,1.000000,0.023814,1.000000,276.0,0.001000
49600,0.099853,0.999150,0.113202,0.997875,276.5,0.001000
49700,0.022400,1.000000,0.024627,1.000000,277.1,0.001000
49800,0.017885,1.000000,0.019167,1.000000,277.6,0.001000
49900,0.020941,1.000000,0.023343,1.000000,278.2,0.001000
50000,0.019186,1.000000,0.020663,1.000000,278.8,0.001000
50100,0.021249,1.000000,0.023874,1.000000,279.3,0.001000
50200,0.021104,1.000000,0.022623,1.000000,279.9,0.001000
50300,0.047474,1.000000,0.053273,0.999787,280.4,0.001000
50400,0.025615,1.000000,0.027753,1.000000,281.0,0.001000
50500,0.019141,1.000000,0.020516,1.000000,281.5,0.001000
50600,0.023309,1.000000,0.025680,1.000000,282.1,0.001000
50700,0.020008,1.000000,0.021404,1.000000,282.7,0.001000
50800,0.023201,1.000000,0.025569,1.000000,283.2,0.001000
50900,0.020763,1.000000,0.022071,1.000000,283.8,0.001000
51000,0.023085,1.000000,0.025770,1.000000,284.3,0.001000
51100,0.022090,1.000000,0.023541,1.000000,284.9,0.001000
51200,0.025475,1.000000,0.029184,1.000000,285.5,0.001000
51300,0.022541,1.000000,0.024099,1.000000,286.0,0.001000
51400,0.143143,0.999362,0.160061,0.998725,286.7,0.001000
51500,0.023686,1.000000,0.025795,1.000000,287.2,0.001000
51600,0.018721,1.000000,0.019960,1.000000,287.8,0.001000
51700,0.024234,1.000000,0.026935,1.000000,288.4,0.001000
51800,0.020865,1.000000,0.022217,1.000000,289.0,0.001000
51900,0.023113,1.000000,0.026231,1.000000,289.5,0.001000
52000,0.023300,1.000000,0.025241,1.000000,290.1,0.001000
52100,0.225864,0.991922,0.247148,0.989798,290.6,0.001000
52200,0.024092,1.000000,0.026315,1.000000,291.2,0.001000
52300,0.018260,1.000000,0.019469,1.000000,291.8,0.001000
52400,0.019505,1.000000,0.021823,1.000000,292.3,0.001000
52500,0.021430,1.000000,0.023214,1.000000,292.9,0.001000
52600,0.056282,1.000000,0.067464,0.999575,293.5,0.001000
52700,0.025067,1.000000,0.027464,1.000000,294.0,0.001000
52800,0.177248,0.996386,0.200825,0.995324,294.6,0.001000
52900,0.025648,1.000000,0.028223,1.000000,295.2,0.001000
53000,0.018379,1.000000,0.019657,1.000000,295.7,0.001000
53100,0.019941,1.000000,0.022210,1.000000,296.3,0.001000
53200,0.021049,1.000000,0.022498,1.000000,296.8,0.001000
53300,0.021693,1.000000,0.024350,1.000000,297.4,0.001000
53400,0.022046,1.000000,0.023635,1.000000,297.9,0.001000
53500,0.035822,1.000000,0.040807,1.000000,298.5,0.001000
53600,0.023466,1.000000,0.025336,1.000000,299.1,0.001000
53700,0.017736,1.000000,0.018895,1.000000,299.6,0.001000
53800,0.020682,1.000000,0.023570,0.999787,300.2,0.001000
53900,0.022973,1.000000,0.024594,1.000000,300.7,0.001000
54000,0.292786,0.980867,0.322144,0.978108,301.3,0.001000
54100,0.026857,1.000000,0.029590,1.000000,301.8,0.001000
54200,0.022579,1.000000,0.024242,1.000000,302.4,0.001000
54300,0.022901,1.000000,0.025349,1.000000,303.0,0.001000
54400,0.020995,1.000000,0.022558,1.000000,303.5,0.001000
54500,0.026443,1.000000,0.030432,1.000000,304.1,0.001000
54600,0.023403,1.000000,0.025361,1.000000,304.6,0.001000
54700,0.095955,0.999787,0.107015,0.998937,305.2,0.001000
54800,0.023881,1.000000,0.025917,1.000000,305.7,0.001000
54900,0.016804,1.000000,0.017933,1.000000,306.3,0.001000
55000,0.023858,1.000000,0.026653,0.999787,306.9,0.001000
55100,0.022405,1.000000,0.023980,1.000000,307.4,0.001000
55200,0.030717,1.000000,0.035082,1.000000,308.0,0.001000
55300,0.024255,1.000000,0.026224,1.000000,308.5,0.001000
55400,0.334726,0.978954,0.370480,0.968757,309.1,0.001000
55500,0.023474,1.000000,0.025724,1.000000,309.7,0.001000
55600,0.019355,1.000000,0.020502,1.000000,310.2,0.001000
55700,0.021687,1.000000,0.024187,1.000000,310.8,0.001000
55800,0.019616,1.000000,0.020939,1.000000,311.4,0.001000
55900,0.027906,1.000000,0.031440,0.999787,311.9,0.001000
56000,0.022811,1.000000,0.024712,1.000000,312.5,0.001000
56100,0.109805,0.998299,0.128126,0.997450,313.0,0.001000
56200,0.021469,1.000000,0.023451,1.000000,313.6,0.001000
56300,0.267866,0.984906,0.292930,0.984272,314.2,0.001000
56400,0.021925,1.000000,0.024044,1.000000,314.7,0.001000
56500,0.016586,1.000000,0.017641,1.000000,315.3,0.001000
56600,0.020761,1.000000,0.023060,1.000000,315.8,0.001000
56700,0.021350,1.000000,0.022885,1.000000,316.4,0.001000
56800,0.021672,1.000000,0.024526,0.999787,317.0,0.001000
56900,0.022153,1.000000,0.023939,1.000000,317.5,0.001000
57000,0.477175,0.942602,0.528643,0.926036,318.1,0.001000
57100,0.021976,1.000000,0.024332,1.000000,318.7,0.001000
57200,0.018505,1.000000,0.019870,1.000000,319.2,0.001000
57300,0.020933,1.000000,0.023428,1.000000,319.8,0.001000
57400,0.019595,1.000000,0.021011,1.000000,320.3,0.001000
57500,0.036685,1.000000,0.042563,0.999787,320.9,0.001000
57600,0.023726,1.000000,0.025857,1.000000,321.4,0.001000
57700,0.025331,1.000000,0.026781,1.000000,322.0,0.001000
57800,0.020842,1.000000,0.023401,1.000000,322.6,0.001000
57900,0.018190,1.000000,0.019640,1.000000,323.1,0.001000
58000,0.019703,1.000000,0.022398,1.000000,323.7,0.001000
58100,0.020548,1.000000,0.022065,1.000000,324.2,0.001000
58200,0.043618,1.000000,0.048902,1.000000,324.8,0.001000
58300,0.021204,1.000000,0.023142,1.000000,325.3,0.001000
58400,0.354249,0.974702,0.381911,0.973645,325.9,0.001000
58500,0.023721,1.000000,0.026068,1.000000,326.5,0.001000
58600,0.019268,1.000000,0.020573,1.000000,327.1,0.001000
58700,0.023851,1.000000,0.027618,1.000000,327.7,0.001000
58800,0.021601,1.000000,0.023689,1.000000,328.2,0.001000
58900,0.015248,1.000000,0.016484,1.000000,328.8,0.001000
59000,0.021557,1.000000,0.023823,1.000000,329.4,0.001000
59100,0.021255,1.000000,0.022863,1.000000,329.9,0.001000
59200,0.020690,1.000000,0.022826,1.000000,330.5,0.001000
59300,0.018769,1.000000,0.020083,1.000000,331.0,0.001000
59400,0.326576,0.964073,0.374246,0.950478,331.6,0.001000
59500,0.020301,1.000000,0.022444,1.000000,332.2,0.001000
59600,0.018394,1.000000,0.019522,1.000000,332.7,0.001000
59700,0.020329,1.000000,0.022421,1.000000,333.3,0.001000
59800,0.020842,1.000000,0.022092,1.000000,333.8,0.001000
59900,0.021764,1.000000,0.024196,1.000000,334.4,0.001000
60000,0.020812,1.000000,0.022179,1.000000,335.0,0.001000
60100,0.026628,1.000000,0.030372,1.000000,335.5,0.001000
60200,0.021386,1.000000,0.023105,1.000000,336.0,0.001000
60300,0.222741,0.994048,0.247737,0.989798,336.6,0.001000
60400,0.024728,1.000000,0.027396,1.000000,337.2,0.001000
60500,0.019863,1.000000,0.021268,1.000000,337.7,0.001000
60600,0.018821,1.000000,0.021388,0.999787,338.3,0.001000
60700,0.020882,1.000000,0.022472,1.000000,338.8,0.001000
60800,0.030878,1.000000,0.035129,1.000000,339.4,0.001000
60900,0.027689,1.000000,0.029845,1.000000,339.9,0.001000
61000,0.024151,1.000000,0.025796,1.000000,340.5,0.001000
61100,0.022012,1.000000,0.024427,1.000000,341.0,0.001000
61200,0.018500,1.000000,0.019801,1.000000,341.6,0.001000
61300,0.021209,1.000000,0.023370,1.000000,342.2,0.001000
61400,0.022876,1.000000,0.024484,1.000000,342.7,0.001000
61500,1.303700,0.685162,1.363362,0.668438,343.3,0.001000
61600,0.021078,1.000000,0.023484,0.999787,343.8,0.001000
61700,0.018475,1.000000,0.019707,1.000000,344.4,0.001000
61800,0.023668,1.000000,0.026662,1.000000,345.0,0.001000
61900,0.024578,1.000000,0.026382,1.000000,345.5,0.001000
62000,0.096047,0.999787,0.109714,0.999787,346.1,0.001000
62100,0.023315,1.000000,0.025185,1.000000,346.6,0.001000
62200,0.016920,1.000000,0.018063,1.000000,347.2,0.001000
62300,0.020367,1.000000,0.022487,1.000000,347.7,0.001000
62400,0.017642,1.000000,0.018729,1.000000,348.3,0.001000
62500,0.020253,1.000000,0.022086,1.000000,348.8,0.001000
62600,0.123458,0.999150,0.138653,0.998087,349.4,0.001000
62700,0.020220,1.000000,0.022044,1.000000,350.0,0.001000
62800,0.012902,1.000000,0.013723,1.000000,350.5,0.001000
62900,0.020200,1.000000,0.022553,1.000000,351.1,0.001000
63000,0.018474,1.000000,0.019775,1.000000,351.6,0.001000
63100,0.019344,1.000000,0.021618,1.000000,352.2,0.001000
63200,0.020533,1.000000,0.022225,1.000000,352.7,0.001000
63300,0.024235,1.000000,0.027466,1.000000,353.3,0.001000
63400,0.020506,1.000000,0.022173,1.000000,353.8,0.001000
63500,0.441996,0.935374,0.475799,0.926036,354.4,0.001000
63600,0.019880,1.000000,0.022073,1.000000,354.9,0.001000
63700,0.017051,1.000000,0.018193,1.000000,355.5,0.001000
63800,0.019517,1.000000,0.022311,1.000000,356.1,0.001000
63900,0.023710,1.000000,0.025777,1.000000,356.6,0.001000
64000,0.080576,0.999787,0.091363,0.999575,357.2,0.001000
64100,0.023067,1.000000,0.025116,1.000000,357.8,0.001000
64200,0.016060,1.000000,0.017172,1.000000,358.3,0.001000
64300,0.019360,1.000000,0.022083,1.000000,358.9,0.001000
64400,0.022200,1.000000,0.024047,1.000000,359.4,0.001000
64500,0.112751,0.999362,0.126157,0.999150,360.0,0.001000
64600,0.022931,1.000000,0.024866,1.000000,360.6,0.001000
64700,3.570337,0.345026,3.647230,0.337938,361.1,0.001000
64800,0.021885,1.000000,0.024099,1.000000,361.7,0.001000
64900,0.018069,1.000000,0.019494,1.000000,362.2,0.001000
65000,0.019640,1.000000,0.022511,1.000000,362.8,0.001000
65100,0.021264,1.000000,0.023069,1.000000,363.4,0.001000
65200,0.025185,1.000000,0.029041,0.999787,363.9,0.001000
65300,0.019005,1.000000,0.020699,1.000000,364.5,0.001000
65400,0.011175,1.000000,0.011941,1.000000,365.0,0.001000
65500,0.018039,1.000000,0.020101,1.000000,365.6,0.001000
65600,0.021193,1.000000,0.022857,1.000000,366.1,0.001000
65700,0.024128,1.000000,0.027303,1.000000,366.7,0.001000
65800,0.024601,1.000000,0.026608,1.000000,367.2,0.001000
65900,0.014252,1.000000,0.015191,1.000000,367.8,0.001000
66000,0.021190,1.000000,0.023571,1.000000,368.4,0.001000
66100,0.021489,1.000000,0.023133,1.000000,368.9,0.001000
66200,0.044639,1.000000,0.052410,0.999787,369.4,0.001000
66300,0.026023,1.000000,0.028662,1.000000,370.0,0.001000
66400,0.083782,0.999787,0.092548,0.999575,370.5,0.001000
66500,0.023068,1.000000,0.024841,1.000000,371.1,0.001000
66600,0.437153,0.968112,0.477202,0.958980,371.6,0.001000
66700,0.022752,1.000000,0.025212,1.000000,372.2,0.001000
66800,0.018041,1.000000,0.019389,1.000000,372.7,0.001000
66900,0.022393,1.000000,0.025667,0.999787,373.3,0.001000
67000,0.023111,1.000000,0.025078,1.000000,373.8,0.001000
67100,0.047874,1.000000,0.054007,1.000000,374.4,0.001000
67200,0.024650,1.000000,0.026755,1.000000,375.0,0.001000
67300,0.015936,1.000000,0.016895,1.000000,375.5,0.001000
67400,0.020103,1.000000,0.022292,1.000000,376.1,0.001000
67500,0.021192,1.000000,0.022582,1.000000,376.6,0.001000
67600,0.023676,1.000000,0.026826,1.000000,377.2,0.001000
67700,0.022877,1.000000,0.024761,1.000000,377.7,0.001000
67800,0.044519,1.000000,0.052256,1.000000,378.3,0.001000
67900,0.021921,1.000000,0.023770,1.000000,378.8,0.001000
68000,0.015736,1.000000,0.016803,1.000000,379.4,0.001000
68100,0.021807,1.000000,0.023850,1.000000,380.0,0.001000
68200,0.019526,1.000000,0.020721,1.000000,380.5,0.001000
68300,0.019584,1.000000,0.021788,1.000000,381.1,0.001000
68400,0.021590,1.000000,0.023026,1.000000,381.6,0.001000
68500,0.498597,0.922619,0.541522,0.912859,382.2,0.001000
68600,0.020748,1.000000,0.023213,1.000000,382.7,0.001000
68700,0.019076,1.000000,0.020549,1.000000,383.3,0.001000
68800,0.019548,1.000000,0.021873,1.000000,383.8,0.001000
68900,0.021023,1.000000,0.022531,1.000000,384.4,0.001000
69000,0.020192,1.000000,0.022204,1.000000,384.9,0.001000
69100,0.018137,1.000000,0.019346,1.000000,385.5,0.001000
69200,0.032104,1.000000,0.037279,1.000000,386.1,0.001000
69300,0.021411,1.000000,0.023235,1.000000,386.7,0.001000
69400,0.026539,1.000000,0.029565,1.000000,387.3,0.001000
69500,0.021637,1.000000,0.023192,1.000000,387.8,0.001000
69600,0.013740,1.000000,0.014538,1.000000,388.4,0.001000
69700,0.020448,1.000000,0.022585,1.000000,389.0,0.001000
69800,0.019827,1.000000,0.020955,1.000000,389.5,0.001000
69900,0.021732,1.000000,0.023800,1.000000,390.1,0.001000
70000,0.019163,1.000000,0.020364,1.000000,390.6,0.001000
70100,0.022368,1.000000,0.025197,1.000000,391.2,0.001000
70200,0.022547,1.000000,0.024222,1.000000,391.7,0.001000
70300,0.031438,1.000000,0.035884,0.999787,392.3,0.001000
70400,0.021348,1.000000,0.023238,1.000000,392.9,0.001000
70500,0.013163,1.000000,0.014067,1.000000,393.4,0.001000
70600,0.020295,1.000000,0.023074,0.999787,394.0,0.001000
70700,0.023600,1.000000,0.025267,1.000000,394.5,0.001000
70800,0.050780,0.999787,0.057390,1.000000,395.1,0.001000
70900,0.024028,1.000000,0.026323,1.000000,395.6,0.001000
71000,0.016101,1.000000,0.017227,1.000000,396.2,0.001000
71100,0.021496,1.000000,0.024217,1.000000,396.7,0.001000
71200,0.021412,1.000000,0.023058,1.000000,397.3,0.001000
71300,0.021404,1.000000,0.024582,0.999787,397.9,0.001000
71400,0.021519,1.000000,0.023279,1.000000,398.4,0.001000
71500,0.032130,1.000000,0.036986,0.999787,399.0,0.001000
71600,0.023194,1.000000,0.025366,1.000000,399.5,0.001000
71700,0.412330,0.969600,0.456057,0.960468,400.1,0.001000
71800,0.022926,1.000000,0.025496,1.000000,400.6,0.001000
71900,0.018383,1.000000,0.019733,1.000000,401.2,0.001000
72000,0.022299,1.000000,0.025260,1.000000,401.7,0.001000
72100,0.023002,1.000000,0.024847,1.000000,402.3,0.001000
72200,0.042127,1.000000,0.047629,0.999787,402.8,0.001000
72300,0.022635,1.000000,0.024678,1.000000,403.4,0.001000
72400,0.340311,0.979592,0.390519,0.969607,403.9,0.001000
72500,0.024076,1.000000,0.026744,1.000000,404.5,0.001000
72600,0.019066,1.000000,0.020271,1.000000,405.0,0.001000
72700,0.021422,1.000000,0.024075,1.000000,405.6,0.001000
72800,0.021524,1.000000,0.023091,1.000000,406.1,0.001000
72900,0.033593,1.000000,0.038046,1.000000,406.7,0.001000
73000,0.021936,1.000000,0.023759,1.000000,407.2,0.001000
73100,0.014701,1.000000,0.015680,1.000000,407.8,0.001000
73200,0.022456,1.000000,0.025331,1.000000,408.4,0.001000
73300,0.020749,1.000000,0.022236,1.000000,408.9,0.001000
73400,0.019074,1.000000,0.021153,1.000000,409.5,0.001000
73500,0.018304,1.000000,0.019630,1.000000,410.0,0.001000
73600,0.022503,1.000000,0.024960,1.000000,410.6,0.001000
73700,0.020638,1.000000,0.022279,1.000000,411.1,0.001000
73800,0.221421,0.992985,0.247238,0.987460,411.7,0.001000
73900,0.022809,1.000000,0.025019,1.000000,412.3,0.001000
74000,0.018199,1.000000,0.019420,1.000000,412.8,0.001000
74100,0.022683,1.000000,0.025477,1.000000,413.4,0.001000
74200,0.022535,1.000000,0.024087,1.000000,413.9,0.001000
74300,0.023797,1.000000,0.026671,1.000000,414.5,0.001000
74400,0.023397,1.000000,0.025164,1.000000,415.1,0.001000
74500,0.027016,1.000000,0.030735,0.999575,415.7,0.001000
74600,0.023263,1.000000,0.025014,1.000000,416.2,0.001000
74700,0.128584,0.998937,0.143678,0.997662,416.8,0.001000
74800,0.023081,1.000000,0.025037,1.000000,417.3,0.001000
74900,0.079905,1.000000,0.091873,0.999575,417.9,0.001000
75000,0.022012,1.000000,0.023689,1.000000,418.4,0.001000
75100,0.519282,0.927296,0.574892,0.907970,419.0,0.001000
75200,0.021366,1.000000,0.023469,1.000000,419.6,0.001000
75300,0.017558,1.000000,0.018718,1.000000,420.1,0.001000
75400,0.020808,1.000000,0.023560,1.000000,420.7,0.001000
75500,0.020710,1.000000,0.022112,1.000000,421.2,0.001000
75600,0.025194,1.000000,0.028565,0.999787,421.8,0.001000
75700,0.023278,1.000000,0.025164,1.000000,422.4,0.001000
75800,0.027964,1.000000,0.031124,1.000000,423.0,0.001000
75900,0.021926,1.000000,0.023404,1.000000,423.5,0.001000
76000,2.848471,0.321429,2.883283,0.316259,424.1,0.001000
76100,0.020903,1.000000,0.022979,1.000000,424.6,0.001000
76200,0.019141,1.000000,0.020386,1.000000,425.2,0.001000
76300,0.022044,1.000000,0.024510,0.999787,425.8,0.001000
76400,0.020211,1.000000,0.021558,1.000000,426.3,0.001000
76500,0.024906,1.000000,0.027830,1.000000,426.9,0.001000
76600,0.022410,1.000000,0.023990,1.000000,427.4,0.001000
76700,0.110369,0.999575,0.124776,0.997450,428.0,0.001000
76800,0.022939,1.000000,0.024560,1.000000,428.5,0.001000
76900,0.017570,1.000000,0.018434,1.000000,429.1,0.001000
77000,0.023635,1.000000,0.025859,1.000000,429.7,0.001000
77100,0.021400,1.000000,0.022781,1.000000,430.2,0.001000
77200,0.021506,1.000000,0.023682,1.000000,430.8,0.001000
77300,0.022121,1.000000,0.023653,1.000000,431.3,0.001000
77400,0.022181,1.000000,0.024719,1.000000,431.9,0.001000
77500,0.020319,1.000000,0.021704,1.000000,432.4,0.001000
77600,0.043168,1.000000,0.049084,0.999787,433.0,0.001000
77700,0.022028,1.000000,0.023993,1.000000,433.5,0.001000
77800,1.011130,0.780187,1.064901,0.767694,434.1,0.001000
77900,0.023918,1.000000,0.026966,1.000000,434.6,0.001000
78000,0.020568,1.000000,0.022180,1.000000,435.2,0.001000
78100,0.021202,1.000000,0.023432,1.000000,435.7,0.001000
78200,0.019721,1.000000,0.021171,1.000000,436.3,0.001000
78300,0.024357,1.000000,0.028419,1.000000,436.9,0.001000
78400,0.021061,1.000000,0.022894,1.000000,437.4,0.001000
78500,0.113562,0.999787,0.131142,0.999575,438.0,0.001000
78600,0.020798,1.000000,0.023046,1.000000,438.5,0.001000
78700,0.016887,1.000000,0.018175,1.000000,439.1,0.001000
78800,0.022595,1.000000,0.025050,1.000000,439.6,0.001000
78900,0.021400,1.000000,0.022958,1.000000,440.2,0.001000
79000,0.025931,1.000000,0.029236,1.000000,440.7,0.001000
79100,0.023658,1.000000,0.025494,1.000000,441.3,0.001000
79200,0.050680,0.999787,0.058903,1.000000,441.8,0.001000
79300,0.024765,1.000000,0.027241,1.000000,442.4,0.001000
79400,0.111612,0.999787,0.128229,0.999787,443.0,0.001000
79500,0.025666,1.000000,0.027931,1.000000,443.6,0.001000
79600,0.018058,1.000000,0.019043,1.000000,444.1,0.001000
79700,0.021040,1.000000,0.023219,1.000000,444.7,0.001000
79800,0.021514,1.000000,0.022981,1.000000,445.2,0.001000
79900,0.023853,1.000000,0.027070,0.999575,445.8,0.001000
80000,0.022924,1.000000,0.024570,1.000000,446.4,0.001000
80100,0.051952,1.000000,0.059861,0.999787,447.0,0.001000
80200,0.023151,1.000000,0.025070,1.000000,447.5,0.001000
80300,0.016111,1.000000,0.017134,1.000000,448.1,0.001000
80400,0.020446,1.000000,0.022459,1.000000,448.7,0.001000
80500,0.019565,1.000000,0.020958,1.000000,449.2,0.001000
80600,0.020674,1.000000,0.022890,1.000000,449.8,0.001000
80700,0.021743,1.000000,0.023259,1.000000,450.4,0.001000
80800,0.055026,0.999787,0.062450,1.000000,450.9,0.001000
80900,0.026008,1.000000,0.028407,1.000000,451.5,0.001000
81000,0.018885,1.000000,0.019868,1.000000,452.1,0.001000
81100,0.024526,1.000000,0.026913,1.000000,452.6,0.001000
81200,0.022156,1.000000,0.023696,1.000000,453.2,0.001000
81300,0.058502,1.000000,0.069227,0.999362,453.8,0.001000
81400,0.021139,1.000000,0.023036,1.000000,454.3,0.001000
81500,0.181068,0.994260,0.208245,0.988098,454.9,0.001000
81600,0.021960,1.000000,0.024073,1.000000,455.4,0.001000
81700,0.016020,1.000000,0.017202,1.000000,456.0,0.001000
81800,0.021822,1.000000,0.024274,1.000000,456.6,0.001000
81900,0.022791,1.000000,0.024153,1.000000,457.1,0.001000
82000,0.050615,1.000000,0.056649,1.000000,457.7,0.001000
82100,0.024978,1.000000,0.027329,1.000000,458.3,0.001000
82200,0.069104,1.000000,0.072083,0.999787,458.8,0.001000
82300,0.022714,1.000000,0.025286,1.000000,459.4,0.001000
82400,0.017965,1.000000,0.019152,1.000000,459.9,0.001000
82500,0.019916,1.000000,0.022543,1.000000,460.5,0.001000
82600,0.022040,1.000000,0.023891,1.000000,461.0,0.001000
82700,0.078702,1.000000,0.091177,1.000000,461.6,0.001000
82800,0.023055,1.000000,0.025249,1.000000,462.1,0.001000
82900,0.017522,1.000000,0.018739,1.000000,462.7,0.001000
83000,0.021924,1.000000,0.024302,1.000000,463.2,0.001000
83100,0.020137,1.000000,0.021455,1.000000,463.8,0.001000
83200,0.042702,1.000000,0.051293,0.999787,464.4,0.001000
83300,0.021201,1.000000,0.023278,1.000000,464.9,0.001000
83400,0.152544,1.000000,0.171475,0.999150,465.5,0.001000
83500,0.026939,1.000000,0.029874,1.000000,466.0,0.001000
83600,0.017488,1.000000,0.018478,1.000000,466.6,0.001000
83700,0.022292,1.000000,0.025055,0.999787,467.1,0.001000
83800,0.021383,1.000000,0.022795,1.000000,467.7,0.001000
83900,0.026874,1.000000,0.030167,1.000000,468.3,0.001000
84000,0.022031,1.000000,0.023696,1.000000,468.8,0.001000
84100,0.058304,1.000000,0.065961,0.999362,469.4,0.001000
84200,0.025585,1.000000,0.027329,1.000000,469.9,0.001000
84300,0.017641,1.000000,0.018597,1.000000,470.5,0.001000
84400,0.021950,1.000000,0.024015,1.000000,471.0,0.001000
84500,0.021012,1.000000,0.022274,1.000000,471.6,0.001000
84600,0.022484,1.000000,0.024558,1.000000,472.2,0.001000
84700,0.018241,1.000000,0.019368,1.000000,472.7,0.001000
84800,0.022801,1.000000,0.025562,1.000000,473.2,0.001000
84900,0.022466,1.000000,0.024018,1.000000,473.8,0.001000
85000,0.046068,1.000000,0.051945,0.999787,474.3,0.001000
85100,0.021532,1.000000,0.023391,1.000000,474.9,0.001000
85200,0.658400,0.873724,0.695930,0.871413,475.5,0.001000
85300,0.022660,1.000000,0.024721,1.000000,476.1,0.001000
85400,0.258169,0.990221,0.276594,0.986397,476.6,0.001000
85500,0.022715,1.000000,0.024619,1.000000,477.2,0.001000
85600,0.017048,1.000000,0.018148,1.000000,477.8,0.001000
85700,0.021913,1.000000,0.024371,1.000000,478.4,0.001000
85800,0.020090,1.000000,0.021578,1.000000,478.9,0.001000
85900,0.023064,1.000000,0.025986,1.000000,479.5,0.001000
86000,0.024083,1.000000,0.025911,1.000000,480.0,0.001000
86100,0.322204,0.975553,0.359506,0.969394,480.6,0.001000
86200,0.022049,1.000000,0.024435,1.000000,481.2,0.001000
86300,0.017405,1.000000,0.018596,1.000000,481.7,0.001000
86400,0.022073,1.000000,0.025035,1.000000,482.3,0.001000
86500,0.022020,1.000000,0.023775,1.000000,482.8,0.001000
86600,0.022678,1.000000,0.025298,1.000000,483.4,0.001000
86700,0.021694,1.000000,0.023412,1.000000,484.0,0.001000
86800,0.039268,1.000000,0.043793,1.000000,484.5,0.001000
86900,0.023397,1.000000,0.025461,1.000000,485.1,0.001000
87000,0.019745,1.000000,0.021163,1.000000,485.6,0.001000
87100,0.020721,1.000000,0.022855,1.000000,486.2,0.001000
87200,0.018304,1.000000,0.019559,1.000000,486.7,0.001000
87300,0.021453,1.000000,0.023921,0.999787,487.3,0.001000
87400,0.019753,1.000000,0.021002,1.000000,487.8,0.001000
87500,0.022613,1.000000,0.025017,1.000000,488.4,0.001000
87600,0.023335,1.000000,0.025228,1.000000,488.9,0.001000
87700,1.103292,0.754464,1.173251,0.731137,489.5,0.001000
87800,0.020227,1.000000,0.022688,1.000000,490.0,0.001000
87900,0.018375,1.000000,0.019789,1.000000,490.6,0.001000
88000,0.023135,1.000000,0.025909,1.000000,491.2,0.001000
88100,0.022155,1.000000,0.023569,1.000000,491.7,0.001000
88200,0.039478,1.000000,0.046398,0.999787,492.3,0.001000
88300,0.024880,1.000000,0.027527,1.000000,492.9,0.001000
88400,0.160198,0.996386,0.173949,0.995112,493.5,0.001000
88500,0.022454,1.000000,0.024714,1.000000,494.0,0.001000
88600,0.016666,1.000000,0.017871,1.000000,494.6,0.001000
88700,0.020503,1.000000,0.022560,1.000000,495.2,0.001000
88800,0.019305,1.000000,0.020672,1.000000,495.8,0.001000
88900,0.022046,1.000000,0.025058,0.999787,496.3,0.001000
89000,0.022035,1.000000,0.023806,1.000000,496.9,0.001000
89100,0.030012,1.000000,0.034008,1.000000,497.5,0.001000
89200,0.021030,1.000000,0.023062,1.000000,498.0,0.001000
89300,0.045482,1.000000,0.052573,0.999575,498.6,0.001000
89400,0.020334,1.000000,0.022302,1.000000,499.2,0.001000
89500,2.668768,0.372236,2.770982,0.353666,499.7,0.001000
89600,0.019644,1.000000,0.021870,1.000000,500.3,0.001000
89700,0.017946,1.000000,0.019304,1.000000,500.8,0.001000
89800,0.022327,1.000000,0.026084,0.999787,501.4,0.001000
89900,0.022606,1.000000,0.024791,1.000000,501.9,0.001000
90000,0.141038,0.998299,0.162373,0.996599,502.5,0.001000
90100,0.022577,1.000000,0.025201,1.000000,503.0,0.001000
90200,0.017325,1.000000,0.018790,1.000000,503.6,0.001000
90300,0.018855,1.000000,0.021835,0.999787,504.2,0.001000
90400,0.020797,1.000000,0.022819,1.000000,504.8,0.001000
90500,0.663725,0.865646,0.709776,0.854198,505.3,0.001000
90600,0.019687,1.000000,0.022203,1.000000,505.9,0.001000
90700,0.018633,1.000000,0.020121,1.000000,506.5,0.001000
90800,0.022915,1.000000,0.025918,1.000000,507.0,0.001000
90900,0.022495,1.000000,0.024330,1.000000,507.6,0.001000
91000,0.033212,1.000000,0.038500,0.999575,508.1,0.001000
91100,0.025275,1.000000,0.027605,0.999787,508.7,0.001000
91200,0.015684,1.000000,0.016720,1.000000,509.2,0.001000
91300,0.020285,1.000000,0.022853,1.000000,509.8,0.001000
91400,0.019014,1.000000,0.020523,1.000000,510.3,0.001000
91500,0.021877,1.000000,0.024539,1.000000,510.9,0.001000
91600,0.019468,1.000000,0.021188,1.000000,511.5,0.001000
91700,0.033767,1.000000,0.038554,0.999787,512.0,0.001000
91800,0.022522,1.000000,0.024591,1.000000,512.6,0.001000
91900,0.016335,1.000000,0.017396,1.000000,513.1,0.001000
92000,0.024973,1.000000,0.027752,1.000000,513.7,0.001000
92100,0.023458,1.000000,0.024862,1.000000,514.2,0.001000
92200,0.022278,1.000000,0.024908,1.000000,514.8,0.001000
92300,0.020632,1.000000,0.022156,1.000000,515.4,0.001000
92400,0.070601,1.000000,0.078313,0.999787,515.9,0.001000
92500,0.021755,1.000000,0.023708,1.000000,516.5,0.001000
92600,0.027479,1.000000,0.029315,1.000000,517.0,0.001000
92700,0.021719,1.000000,0.024141,1.000000,517.6,0.001000
92800,0.020340,1.000000,0.021670,1.000000,518.1,0.001000
92900,0.023217,1.000000,0.026711,0.999787,518.7,0.001000
93000,0.022247,1.000000,0.024365,1.000000,519.2,0.001000
93100,0.944045,0.764031,1.010390,0.744740,519.8,0.001000
93200,0.020310,1.000000,0.022712,1.000000,520.4,0.001000
93300,0.018554,1.000000,0.019883,1.000000,520.9,0.001000
93400,0.020958,1.000000,0.024148,0.999787,521.5,0.001000
93500,0.022785,1.000000,0.024719,1.000000,522.0,0.001000
93600,0.024979,1.000000,0.029247,0.999362,522.6,0.001000
93700,0.022727,1.000000,0.024893,1.000000,523.2,0.001000
93800,0.095918,0.999787,0.109059,1.000000,523.7,0.001000
93900,0.022794,1.000000,0.024881,1.000000,524.3,0.001000
94000,0.017191,1.000000,0.018445,1.000000,524.8,0.001000
94100,0.024221,1.000000,0.027436,1.000000,525.4,0.001000
94200,0.021578,1.000000,0.023355,1.000000,526.0,0.001000
94300,0.058623,0.999787,0.066960,0.998725,526.5,0.001000
94400,0.022933,1.000000,0.025048,1.000000,527.1,0.001000
94500,0.015891,1.000000,0.017069,1.000000,527.6,0.001000
94600,0.019284,1.000000,0.022221,0.999787,528.2,0.001000
94700,0.019410,1.000000,0.021071,1.000000,528.7,0.001000
94800,0.023205,1.000000,0.025822,1.000000,529.3,0.001000
94900,0.020104,1.000000,0.021736,1.000000,529.8,0.001000
95000,0.031508,1.000000,0.036557,0.999787,530.4,0.001000
95100,0.024727,1.000000,0.027328,1.000000,531.0,0.001000
95200,0.017018,1.000000,0.018167,1.000000,531.5,0.001000
95300,0.020941,1.000000,0.023445,1.000000,532.1,0.001000
95400,0.021749,1.000000,0.023520,1.000000,532.6,0.001000
95500,0.025656,1.000000,0.028960,1.000000,533.2,0.001000
95600,0.023856,1.000000,0.026022,1.000000,533.8,0.001000
95700,0.232950,0.987457,0.254473,0.980871,534.3,0.001000
95800,0.021809,1.000000,0.024026,1.000000,534.9,0.001000
95900,0.017351,1.000000,0.018587,1.000000,535.4,0.001000
96000,0.021134,1.000000,0.023602,1.000000,536.0,0.001000
96100,0.020526,1.000000,0.021907,1.000000,536.5,0.001000
96200,0.024394,1.000000,0.027901,1.000000,537.1,0.001000
96300,0.022630,1.000000,0.024611,1.000000,537.7,0.001000
96400,0.041160,1.000000,0.048648,0.999787,538.2,0.001000
96500,0.024634,1.000000,0.027306,1.000000,538.8,0.001000
96600,0.287584,0.970876,0.303387,0.969394,539.3,0.001000
96700,0.021525,1.000000,0.024165,0.999787,539.9,0.001000
96800,0.016191,1.000000,0.017454,1.000000,540.5,0.001000
96900,0.041964,1.000000,0.049177,0.999787,541.0,0.001000
97000,0.022942,1.000000,0.025317,1.000000,541.6,0.001000
97100,0.080142,0.999787,0.089643,0.999575,542.1,0.001000
97200,0.024027,1.000000,0.025980,1.000000,542.7,0.001000
97300,0.015909,1.000000,0.016913,1.000000,543.3,0.001000
97400,0.021352,1.000000,0.024875,1.000000,543.9,0.001000
97500,0.020523,1.000000,0.022418,1.000000,544.5,0.001000
97600,0.072955,0.999787,0.081214,0.999787,545.0,0.001000
97700,0.021843,1.000000,0.024091,1.000000,545.6,0.001000
97800,0.123459,0.999150,0.143630,0.997662,546.1,0.001000
97900,0.022347,1.000000,0.024701,1.000000,546.7,0.001000
98000,0.348356,0.976828,0.377447,0.969607,547.2,0.001000
98100,0.024830,1.000000,0.027623,0.999787,547.8,0.001000
98200,0.019650,1.000000,0.021261,1.000000,548.4,0.001000
98300,0.023895,1.000000,0.026889,1.000000,548.9,0.001000
98400,0.019025,1.000000,0.020770,1.000000,549.5,0.001000
98500,0.073738,0.999787,0.082707,0.999362,550.1,0.001000
98600,0.018796,1.000000,0.020677,1.000000,550.6,0.001000
98700,0.013732,1.000000,0.014713,1.000000,551.2,0.001000
98800,0.021359,1.000000,0.023817,1.000000,551.7,0.001000
98900,0.018805,1.000000,0.020382,1.000000,552.3,0.001000
99000,0.023879,1.000000,0.026788,1.000000,552.8,0.001000
99100,0.021751,1.000000,0.023610,1.000000,553.4,0.001000
99200,0.709758,0.852891,0.755172,0.843996,554.0,0.001000
99300,0.020588,1.000000,0.022961,1.000000,554.5,0.001000
99400,0.017203,1.000000,0.018511,1.000000,555.1,0.001000
99500,0.020371,1.000000,0.023301,1.000000,555.7,0.001000
99600,0.022462,1.000000,0.024504,1.000000,556.2,0.001000
99700,0.020909,1.000000,0.023895,1.000000,556.8,0.001000
99800,0.020324,1.000000,0.022045,1.000000,557.4,0.001000
99900,0.085428,0.999362,0.098945,0.999150,557.9,0.001000
100000,0.020564,1.000000,0.022636,1.000000,558.5,0.001000
100100,0.711975,0.841837,0.785329,0.817216,559.1,0.001000
100200,0.026043,1.000000,0.029691,1.000000,559.6,0.001000
100300,0.018262,1.000000,0.019576,1.000000,560.2,0.001000
100400,0.022753,1.000000,0.025540,1.000000,560.7,0.001000
100500,0.021190,1.000000,0.022944,1.000000,561.3,0.001000
100600,0.021482,1.000000,0.024057,1.000000,561.9,0.001000
100700,0.020172,1.000000,0.021890,1.000000,562.4,0.001000
100800,0.024281,1.000000,0.027200,1.000000,563.0,0.001000
100900,0.022057,1.000000,0.023867,1.000000,563.6,0.001000
101000,0.158634,0.995111,0.186667,0.990861,564.2,0.001000
101100,0.021249,1.000000,0.023525,1.000000,564.7,0.001000
101200,0.016290,1.000000,0.017700,1.000000,565.3,0.001000
101300,0.022594,1.000000,0.025266,0.999787,565.8,0.001000
101400,0.020666,1.000000,0.022317,1.000000,566.4,0.001000
101500,0.043706,1.000000,0.050077,0.999787,566.9,0.001000
101600,0.022201,1.000000,0.024293,1.000000,567.5,0.001000
101700,0.255590,0.990859,0.281418,0.989798,568.0,0.001000
101800,0.022418,1.000000,0.024670,1.000000,568.6,0.001000
101900,0.017607,1.000000,0.018862,1.000000,569.2,0.001000
102000,0.021454,1.000000,0.024198,1.000000,569.8,0.001000
102100,0.020397,1.000000,0.021826,1.000000,570.4,0.001000
102200,0.032951,1.000000,0.036889,1.000000,570.9,0.001000
102300,0.023078,1.000000,0.025058,1.000000,571.5,0.001000
102400,1.320279,0.686224,1.448272,0.654835,572.0,0.001000
102500,0.023498,1.000000,0.026507,1.000000,572.6,0.001000
102600,0.020256,1.000000,0.021903,1.000000,573.2,0.001000
102700,0.022575,1.000000,0.025127,1.000000,573.7,0.001000
102800,0.020348,1.000000,0.021877,1.000000,574.3,0.001000
102900,0.021563,1.000000,0.024044,1.000000,574.9,0.001000
103000,0.021144,1.000000,0.022619,1.000000,575.4,0.001000
103100,0.073992,1.000000,0.086177,0.999362,576.0,0.001000
103200,0.023087,1.000000,0.025127,1.000000,576.5,0.001000
103300,0.036128,1.000000,0.038599,1.000000,577.1,0.001000
103400,0.020938,1.000000,0.023145,1.000000,577.7,0.001000
103500,0.018720,1.000000,0.020032,1.000000,578.2,0.001000
103600,0.021809,1.000000,0.024517,1.000000,578.8,0.001000
103700,0.019551,1.000000,0.021134,1.000000,579.4,0.001000
103800,0.021348,1.000000,0.023862,1.000000,579.9,0.001000
103900,0.022169,1.000000,0.023828,1.000000,580.5,0.001000
104000,0.027408,1.000000,0.030381,1.000000,581.0,0.001000
104100,0.025247,1.000000,0.027150,1.000000,581.6,0.001000
104200,0.402855,0.962160,0.437967,0.950903,582.1,0.001000
104300,0.022040,1.000000,0.024960,0.999787,582.7,0.001000
104400,0.017096,1.000000,0.018476,1.000000,583.2,0.001000
104500,0.020320,1.000000,0.022867,1.000000,583.8,0.001000
104600,0.021894,1.000000,0.023414,1.000000,584.4,0.001000
104700,0.030768,1.000000,0.034613,0.999787,584.9,0.001000
104800,0.023244,1.000000,0.025214,1.000000,585.5,0.001000
104900,0.148894,0.997874,0.169210,0.994261,586.1,0.001000
105000,0.021214,1.000000,0.022897,1.000000,586.7,0.001000
105100,0.456298,0.944303,0.482746,0.945802,587.2,0.001000
105200,0.021190,1.000000,0.023060,1.000000,587.8,0.001000
105300,0.016313,1.000000,0.017480,1.000000,588.4,0.001000
105400,0.020550,1.000000,0.023572,0.999787,589.0,0.001000
105500,0.020732,1.000000,0.022421,1.000000,589.6,0.001000
105600,0.022751,1.000000,0.025749,0.999787,590.1,0.001000
105700,0.022341,1.000000,0.024193,1.000000,590.7,0.001000
105800,0.174461,0.998512,0.202544,0.997024,591.2,0.001000
105900,0.022411,1.000000,0.024445,1.000000,591.8,0.001000
106000,0.019725,1.000000,0.020949,1.000000,592.4,0.001000
106100,0.021574,1.000000,0.023940,1.000000,592.9,0.001000
106200,0.017135,1.000000,0.018402,1.000000,593.5,0.001000
106300,0.021164,1.000000,0.023910,0.999787,594.0,0.001000
106400,0.021451,1.000000,0.023504,1.000000,594.6,0.001000
106500,0.055785,1.000000,0.062918,0.999362,595.2,0.001000
106600,0.023117,1.000000,0.025445,1.000000,595.7,0.001000
106700,0.016794,1.000000,0.018006,1.000000,596.3,0.001000
106800,0.021684,1.000000,0.024519,0.999787,596.8,0.001000
106900,0.018930,1.000000,0.020557,1.000000,597.4,0.001000
107000,0.039400,1.000000,0.045856,1.000000,597.9,0.001000
107100,0.023693,1.000000,0.026023,1.000000,598.5,0.001000
107200,0.957282,0.772109,1.020142,0.759405,599.0,0.001000
107300,0.019012,1.000000,0.021191,0.999787,599.6,0.001000
107400,0.014963,1.000000,0.016166,1.000000,600.1,0.001000
107500,0.020436,1.000000,0.022783,0.999787,600.7,0.001000
107600,0.017712,1.000000,0.019058,1.000000,601.2,0.001000
107700,0.021836,1.000000,0.024733,1.000000,601.8,0.001000
107800,0.024022,1.000000,0.025911,1.000000,602.4,0.001000
107900,0.043637,1.000000,0.048997,0.999787,603.0,0.001000
108000,0.023717,1.000000,0.025711,1.000000,603.5,0.001000
108100,0.016058,1.000000,0.017071,1.000000,604.1,0.001000
108200,0.021473,1.000000,0.023780,1.000000,604.6,0.001000
108300,0.019683,1.000000,0.021158,1.000000,605.2,0.001000
108400,0.024711,1.000000,0.027788,1.000000,605.7,0.001000
108500,0.023393,1.000000,0.025440,1.000000,606.3,0.001000
108600,0.151458,0.999362,0.170293,0.997662,606.8,0.001000
108700,0.024858,1.000000,0.026946,1.000000,607.4,0.001000
108800,0.018522,1.000000,0.019671,1.000000,607.9,0.001000
108900,0.019176,1.000000,0.021354,1.000000,608.5,0.001000
109000,0.020238,1.000000,0.021600,1.000000,609.1,0.001000
109100,0.021995,1.000000,0.025115,0.999787,609.6,0.001000
109200,0.021654,1.000000,0.023660,1.000000,610.2,0.001000
109300,0.119888,0.999787,0.140181,0.997875,610.7,0.001000
109400,0.020970,1.000000,0.023205,1.000000,611.3,0.001000
109500,0.016294,1.000000,0.017600,1.000000,611.9,0.001000
109600,0.019470,1.000000,0.021714,1.000000,612.4,0.001000
109700,0.019245,1.000000,0.020978,1.000000,613.0,0.001000
109800,0.023346,1.000000,0.026458,0.999787,613.6,0.001000
109900,0.022359,1.000000,0.024121,1.000000,614.1,0.001000
110000,0.064168,0.999787,0.074579,0.999787,614.7,0.001000
110100,0.022600,1.000000,0.024882,1.000000,615.3,0.001000
110200,0.127591,0.999787,0.147145,0.998087,615.8,0.001000
110300,0.023553,1.000000,0.025900,1.000000,616.4,0.001000
110400,0.017037,1.000000,0.018325,1.000000,616.9,0.001000
110500,0.018872,1.000000,0.021137,1.000000,617.5,0.001000
110600,0.018980,1.000000,0.020529,1.000000,618.0,0.001000
110700,0.025332,1.000000,0.029317,1.000000,618.6,0.001000
110800,0.021891,1.000000,0.023549,1.000000,619.1,0.001000
110900,0.037220,1.000000,0.044394,0.999575,619.7,0.001000
111000,0.023429,1.000000,0.025477,1.000000,620.3,0.001000
111100,0.545988,0.944515,0.592216,0.935600,620.8,0.001000
111200,0.025150,1.000000,0.027878,1.000000,621.4,0.001000
111300,0.020472,1.000000,0.021734,1.000000,621.9,0.001000
111400,0.023486,1.000000,0.026134,1.000000,622.5,0.001000
111500,0.022312,1.000000,0.024071,1.000000,623.0,0.001000
111600,0.051852,1.000000,0.060391,1.000000,623.6,0.001000
111700,0.022677,1.000000,0.024750,1.000000,624.2,0.001000
111800,0.076507,1.000000,0.085879,0.999362,624.7,0.001000
111900,0.022929,1.000000,0.025290,1.000000,625.3,0.001000
112000,0.015674,1.000000,0.016793,1.000000,625.8,0.001000
112100,0.021531,1.000000,0.024056,1.000000,626.4,0.001000
112200,0.020632,1.000000,0.022360,1.000000,627.1,0.001000
112300,0.018419,1.000000,0.020426,1.000000,627.7,0.001000
112400,0.017987,1.000000,0.019358,1.000000,628.2,0.001000
112500,0.037060,1.000000,0.043103,0.999575,628.8,0.001000
112600,0.022290,1.000000,0.024578,1.000000,629.4,0.001000
112700,1.553075,0.623299,1.642187,0.607651,629.9,0.001000
112800,0.025830,1.000000,0.029253,0.999787,630.5,0.001000
112900,0.021246,1.000000,0.022866,1.000000,631.1,0.001000
113000,0.023948,1.000000,0.027066,1.000000,631.6,0.001000
113100,0.020952,1.000000,0.022871,1.000000,632.2,0.001000
113200,0.026486,1.000000,0.030204,1.000000,632.8,0.001000
113300,0.021779,1.000000,0.023838,1.000000,633.3,0.001000
113400,0.118992,0.996173,0.123250,0.998937,633.9,0.001000
113500,0.021257,1.000000,0.023495,1.000000,634.4,0.001000
113600,0.018731,1.000000,0.020136,1.000000,635.0,0.001000
113700,0.024316,1.000000,0.027787,1.000000,635.5,0.001000
113800,0.022886,1.000000,0.025031,1.000000,636.1,0.001000
113900,0.407200,0.953444,0.468919,0.935175,636.7,0.001000
114000,0.023204,1.000000,0.025404,1.000000,637.2,0.001000
114100,0.362285,0.979379,0.399239,0.966419,637.8,0.001000
114200,0.024310,1.000000,0.026521,1.000000,638.4,0.001000
114300,0.233976,0.960247,0.246940,0.953029,638.9,0.001000
114400,0.020979,1.000000,0.023500,0.999787,639.5,0.001000
114500,0.016506,1.000000,0.017788,1.000000,640.0,0.001000
114600,0.021863,1.000000,0.024975,1.000000,640.6,0.001000
114700,0.021889,1.000000,0.023868,1.000000,641.1,0.001000
114800,0.075048,0.999787,0.086531,0.999362,641.7,0.001000
114900,0.024128,1.000000,0.026376,1.000000,642.3,0.001000
115000,0.019340,1.000000,0.020635,1.000000,642.8,0.001000
115100,0.024793,1.000000,0.028099,1.000000,643.4,0.001000
115200,0.019576,1.000000,0.020850,1.000000,643.9,0.001000
115300,0.021303,1.000000,0.023723,1.000000,644.5,0.001000
115400,0.021470,1.000000,0.023177,1.000000,645.1,0.001000
115500,0.031234,1.000000,0.035612,1.000000,645.6,0.001000
115600,0.022216,1.000000,0.024052,1.000000,646.2,0.001000
115700,0.136485,0.999787,0.158061,0.997662,646.7,0.001000
115800,0.022519,1.000000,0.024443,1.000000,647.3,0.001000
115900,3.034845,0.307823,3.066586,0.303507,647.8,0.001000
116000,0.022044,1.000000,0.024374,1.000000,648.4,0.001000
116100,0.018854,1.000000,0.020206,1.000000,648.9,0.001000
116200,0.022560,1.000000,0.025011,1.000000,649.5,0.001000
116300,0.019884,1.000000,0.021347,1.000000,650.1,0.001000
116400,0.023106,1.000000,0.026221,0.999787,650.6,0.001000
116500,0.023614,1.000000,0.025682,1.000000,651.2,0.001000
116600,0.037427,1.000000,0.042679,1.000000,651.7,0.001000
116700,0.024416,1.000000,0.026713,1.000000,652.3,0.001000
116800,0.229248,0.992559,0.256037,0.988523,652.8,0.001000
116900,0.021256,1.000000,0.023486,1.000000,653.4,0.001000
117000,0.015528,1.000000,0.016635,1.000000,654.0,0.001000
117100,0.019739,1.000000,0.022208,1.000000,654.5,0.001000
117200,0.021595,1.000000,0.023177,1.000000,655.1,0.001000
117300,0.136911,0.998512,0.153676,0.996812,655.6,0.001000
117400,0.023979,1.000000,0.026368,1.000000,656.2,0.001000
117500,0.019556,1.000000,0.020972,1.000000,656.8,0.001000
117600,0.024792,1.000000,0.027621,1.000000,657.3,0.001000
117700,0.024002,1.000000,0.025876,1.000000,657.9,0.001000
117800,0.022708,1.000000,0.024910,1.000000,658.4,0.001000
117900,0.021170,1.000000,0.022717,1.000000,659.0,0.001000
118000,0.025164,1.000000,0.028941,0.999787,659.5,0.001000
118100,0.023780,1.000000,0.025732,1.000000,660.1,0.001000
118200,0.444419,0.954294,0.472703,0.949628,660.7,0.001000
118300,0.022054,1.000000,0.024339,1.000000,661.2,0.001000
118400,0.018107,1.000000,0.019386,1.000000,661.8,0.001000
118500,0.020399,1.000000,0.023512,1.000000,662.3,0.001000
118600,0.020234,1.000000,0.022184,1.000000,662.9,0.001000
118700,0.027294,1.000000,0.030891,1.000000,663.5,0.001000
118800,0.022588,1.000000,0.024992,1.000000,664.0,0.001000
118900,0.351089,0.971939,0.397797,0.963443,664.6,0.001000
119000,0.025110,1.000000,0.028133,1.000000,665.1,0.001000
119100,0.020150,1.000000,0.022086,1.000000,665.7,0.001000
119200,0.020648,1.000000,0.023108,1.000000,666.2,0.001000
119300,0.019883,1.000000,0.021556,1.000000,666.8,0.001000
119400,0.030012,1.000000,0.034779,0.999787,667.3,0.001000
119500,0.022464,1.000000,0.024402,1.000000,667.9,0.001000
119600,0.712395,0.869260,0.765444,0.847396,668.4,0.001000
119700,0.020745,1.000000,0.022852,1.000000,669.0,0.001000
119800,0.084328,1.000000,0.097772,0.999150,669.6,0.001000
119900,0.023895,1.000000,0.026302,1.000000,670.1,0.001000
120000,0.016409,1.000000,0.017695,1.000000,670.7,0.001000
120100,0.022947,1.000000,0.026158,1.000000,671.2,0.001000
120200,0.019377,1.000000,0.021052,1.000000,671.8,0.001000
120300,0.021807,1.000000,0.024505,1.000000,672.3,0.001000
120400,0.022615,1.000000,0.024610,1.000000,672.9,0.001000
120500,0.013601,1.000000,0.014611,1.000000,673.4,0.001000
120600,0.020355,1.000000,0.023051,1.000000,674.0,0.001000
120700,0.021120,1.000000,0.022900,1.000000,674.6,0.001000
120800,0.036476,1.000000,0.040789,1.000000,675.1,0.001000
120900,0.020398,1.000000,0.022392,1.000000,675.7,0.001000
121000,0.141025,0.999150,0.159721,0.997024,676.3,0.001000
121100,0.022061,1.000000,0.024309,1.000000,676.8,0.001000
121200,0.024989,1.000000,0.027055,1.000000,677.4,0.001000
121300,0.022110,1.000000,0.024772,1.000000,677.9,0.001000
121400,0.018457,1.000000,0.019904,1.000000,678.5,0.001000
121500,0.020976,1.000000,0.023621,0.999787,679.0,0.001000
121600,0.019485,1.000000,0.020905,1.000000,679.6,0.001000
121700,0.022502,1.000000,0.025077,1.000000,680.2,0.001000
121800,0.021790,1.000000,0.023583,1.000000,680.7,0.001000
121900,0.045827,1.000000,0.052732,0.999787,681.3,0.001000
122000,0.022542,1.000000,0.024707,1.000000,681.8,0.001000
122100,0.015980,1.000000,0.017193,1.000000,682.4,0.001000
122200,0.021633,1.000000,0.024356,1.000000,683.0,0.001000
122300,0.019117,1.000000,0.020778,1.000000,683.5,0.001000
122400,0.123916,0.998087,0.146202,0.996174,684.1,0.001000
122500,0.021275,1.000000,0.024018,1.000000,684.6,0.001000
122600,3.017880,0.406463,3.038949,0.401700,685.2,0.001000
122700,0.022125,1.000000,0.024938,1.000000,685.8,0.001000
122800,0.018593,1.000000,0.020173,1.000000,686.4,0.001000
122900,0.020475,1.000000,0.023492,1.000000,687.0,0.001000
123000,0.021982,1.000000,0.023828,1.000000,687.5,0.001000
123100,0.080487,0.999787,0.093540,0.999150,688.1,0.001000
123200,0.022066,1.000000,0.024265,1.000000,688.7,0.001000
123300,0.015824,1.000000,0.016904,1.000000,689.3,0.001000
123400,0.020516,1.000000,0.023389,1.000000,689.9,0.001000
123500,0.021138,1.000000,0.022893,1.000000,690.5,0.001000
123600,0.022585,1.000000,0.025510,1.000000,691.0,0.001000
123700,0.023893,1.000000,0.025722,1.000000,691.6,0.001000
123800,0.058657,1.000000,0.066513,0.999787,692.1,0.001000
123900,0.021245,1.000000,0.023489,1.000000,692.7,0.001000
124000,0.097845,0.999787,0.111852,0.998300,693.2,0.001000
124100,0.022150,1.000000,0.024284,1.000000,693.8,0.001000
124200,0.015310,1.000000,0.016385,1.000000,694.3,0.001000
124300,0.019759,1.000000,0.022039,0.999787,694.9,0.001000
124400,0.020956,1.000000,0.022378,1.000000,695.4,0.001000
124500,0.021546,1.000000,0.024865,0.999787,696.0,0.001000
124600,0.021719,1.000000,0.023657,1.000000,696.5,0.001000
124700,0.119412,0.998937,0.134202,0.997875,697.1,0.001000
124800,0.022336,1.000000,0.024768,1.000000,697.7,0.001000
124900,0.017100,1.000000,0.018548,1.000000,698.3,0.001000
125000,0.021273,1.000000,0.023835,1.000000,698.8,0.001000
125100,0.020918,1.000000,0.022483,1.000000,699.4,0.001000
125200,0.035940,1.000000,0.041807,1.000000,699.9,0.001000
125300,0.022231,1.000000,0.024404,1.000000,700.5,0.001000
125400,0.752989,0.866071,0.789892,0.858236,701.0,0.001000
125500,0.023126,1.000000,0.025791,1.000000,701.6,0.001000
125600,0.019941,1.000000,0.021465,1.000000,702.2,0.001000
125700,0.021787,1.000000,0.024391,0.999787,702.7,0.001000
125800,0.020517,1.000000,0.021965,1.000000,703.2,0.001000
125900,0.097973,0.999575,0.114171,0.998300,703.8,0.001000
126000,0.021677,1.000000,0.023584,1.000000,704.4,0.001000
126100,0.017847,1.000000,0.019025,1.000000,704.9,0.001000
126200,0.020501,1.000000,0.023437,0.999787,705.4,0.001000
126300,0.017035,1.000000,0.018512,1.000000,706.0,0.001000
126400,0.019470,1.000000,0.022038,0.999787,706.6,0.001000
126500,0.022025,1.000000,0.023632,1.000000,707.1,0.001000
126600,0.093459,1.000000,0.108344,0.999575,707.7,0.001000
126700,0.023552,1.000000,0.026079,1.000000,708.2,0.001000
126800,0.016526,1.000000,0.017746,1.000000,708.8,0.001000
126900,0.020975,1.000000,0.023224,1.000000,709.4,0.001000
127000,0.020389,1.000000,0.021887,1.000000,709.9,0.001000
127100,0.021770,1.000000,0.024756,0.999787,710.5,0.001000
127200,0.022477,1.000000,0.024249,1.000000,711.0,0.001000
127300,0.032020,1.000000,0.035762,1.000000,711.6,0.001000
127400,0.022584,1.000000,0.024624,1.000000,712.1,0.001000
127500,0.017152,1.000000,0.018491,1.000000,712.7,0.001000
127600,0.020057,1.000000,0.022435,0.999787,713.3,0.001000
127700,0.017682,1.000000,0.018952,1.000000,713.8,0.001000
127800,0.020602,1.000000,0.023366,1.000000,714.3,0.001000
127900,0.021675,1.000000,0.023522,1.000000,714.9,0.001000
128000,0.023317,1.000000,0.026340,0.999787,715.5,0.001000
128100,0.022763,1.000000,0.024830,1.000000,716.0,0.001000
128200,0.059029,1.000000,0.066614,1.000000,716.6,0.001000
128300,0.022122,1.000000,0.024345,1.000000,717.2,0.001000
128400,0.083740,1.000000,0.093303,0.999575,717.7,0.001000
128500,0.024022,1.000000,0.026547,1.000000,718.3,0.001000
128600,0.029026,1.000000,0.030932,1.000000,718.8,0.001000
128700,0.022599,1.000000,0.025339,1.000000,719.4,0.001000
128800,0.019143,1.000000,0.020662,1.000000,720.0,0.001000
128900,0.022644,1.000000,0.026232,0.999787,720.5,0.001000
129000,0.023019,1.000000,0.025033,1.000000,721.0,0.001000
129100,0.034362,1.000000,0.038211,0.999787,721.6,0.001000
129200,0.024766,1.000000,0.026855,1.000000,722.2,0.001000
129300,0.081206,0.999787,0.093460,0.999150,722.7,0.001000
129400,0.021301,1.000000,0.023346,1.000000,723.3,0.001000
129500,0.183202,0.993622,0.201101,0.995537,723.9,0.001000
129600,0.022191,1.000000,0.024247,1.000000,724.4,0.001000
129700,0.016660,1.000000,0.017900,1.000000,725.0,0.001000
129800,0.019830,1.000000,0.022775,1.000000,725.5,0.001000
129900,0.020492,1.000000,0.022384,1.000000,726.1,0.001000
130000,0.013076,1.000000,0.014045,1.000000,726.6,0.001000
130100,0.020421,1.000000,0.023178,0.999575,727.2,0.001000
130200,0.019649,1.000000,0.021210,1.000000,727.8,0.001000
130300,0.021492,1.000000,0.023953,0.999787,728.3,0.001000
130400,0.019895,1.000000,0.021354,1.000000,728.9,0.001000
130500,0.022925,1.000000,0.025970,1.000000,729.5,0.001000
130600,0.022033,1.000000,0.023971,1.000000,730.0,0.001000
130700,0.020698,1.000000,0.023075,1.000000,730.6,0.001000
130800,0.020556,1.000000,0.022172,1.000000,731.1,0.001000
130900,0.123504,0.998937,0.142901,0.997662,731.7,0.001000
131000,0.019333,1.000000,0.021475,1.000000,732.2,0.001000
131100,0.027475,1.000000,0.031167,0.999575,732.8,0.001000
131200,0.020083,1.000000,0.021694,1.000000,733.3,0.001000
131300,0.299971,0.981292,0.321013,0.981084,733.9,0.001000
131400,0.023374,1.000000,0.025995,1.000000,734.4,0.001000
131500,0.019341,1.000000,0.020826,1.000000,735.0,0.001000
131600,0.022017,1.000000,0.025378,0.999787,735.5,0.001000
131700,0.022983,1.000000,0.025015,1.000000,736.1,0.001000
131800,0.037868,1.000000,0.043029,1.000000,736.6,0.001000
131900,0.023540,1.000000,0.025701,1.000000,737.1,0.001000
132000,0.015931,1.000000,0.017103,1.000000,737.7,0.001000
132100,0.019514,1.000000,0.021902,1.000000,738.3,0.001000
132200,0.018259,1.000000,0.019573,1.000000,738.8,0.001000
132300,0.019984,1.000000,0.022967,0.999787,739.4,0.001000
132400,0.021912,1.000000,0.023757,1.000000,740.0,0.001000
132500,0.630374,0.886692,0.712296,0.865675,740.5,0.001000
132600,0.022770,1.000000,0.025302,1.000000,741.1,0.001000
132700,0.020185,1.000000,0.021717,1.000000,741.6,0.001000
132800,0.021140,1.000000,0.024026,1.000000,742.2,0.001000
132900,0.021440,1.000000,0.023259,1.000000,742.8,0.001000
133000,0.052819,1.000000,0.060816,0.999575,743.3,0.001000
133100,0.023708,1.000000,0.025832,1.000000,743.9,0.001000
133200,0.066992,1.000000,0.077356,0.999575,744.4,0.001000
133300,0.023432,1.000000,0.025780,1.000000,745.0,0.001000
133400,0.266406,0.983844,0.301107,0.979171,745.6,0.001000
133500,0.021699,1.000000,0.023932,1.000000,746.1,0.001000
133600,0.018109,1.000000,0.019349,1.000000,746.7,0.001000
133700,0.024194,1.000000,0.027340,1.000000,747.3,0.001000
133800,0.021307,1.000000,0.023087,1.000000,747.9,0.001000
133900,0.028616,1.000000,0.032888,1.000000,748.5,0.001000
134000,0.021981,1.000000,0.023987,1.000000,749.1,0.001000
134100,0.299783,0.980442,0.324786,0.975983,749.6,0.001000
134200,0.022492,1.000000,0.024898,1.000000,750.2,0.001000
134300,0.018501,1.000000,0.019944,1.000000,750.8,0.001000
134400,0.020958,1.000000,0.023345,1.000000,751.3,0.001000
134500,0.019579,1.000000,0.021081,1.000000,751.9,0.001000
134600,0.028666,1.000000,0.032972,1.000000,752.4,0.001000
134700,0.025180,1.000000,0.027584,1.000000,753.0,0.001000
134800,0.032882,0.999787,0.036971,1.000000,753.6,0.001000
134900,0.022258,1.000000,0.024097,1.000000,754.1,0.001000
135000,0.242085,0.984056,0.272233,0.980871,754.7,0.001000
135100,0.022028,1.000000,0.024755,0.999787,755.3,0.001000
135200,0.017087,1.000000,0.018617,1.000000,755.8,0.001000
135300,0.022582,1.000000,0.025314,1.000000,756.4,0.001000
135400,0.021648,1.000000,0.023269,1.000000,756.9,0.001000
135500,0.042958,1.000000,0.051051,0.999787,757.5,0.001000
135600,0.020713,1.000000,0.022855,1.000000,758.1,0.001000
135700,0.274125,0.990008,0.309658,0.982784,758.6,0.001000
135800,0.024257,1.000000,0.026905,1.000000,759.2,0.001000
135900,0.019049,1.000000,0.020537,1.000000,759.8,0.001000
136000,0.021893,1.000000,0.025018,1.000000,760.3,0.001000
136100,0.022257,1.000000,0.024402,1.000000,760.9,0.001000
136200,0.030020,1.000000,0.034735,0.999787,761.4,0.001000
136300,0.022848,1.000000,0.025160,1.000000,762.0,0.001000
136400,0.359454,0.968112,0.398123,0.963231,762.6,0.001000
136500,0.023688,1.000000,0.026518,1.000000,763.1,0.001000
136600,0.241039,0.987245,0.266028,0.982784,763.7,0.001000
136700,0.023690,1.000000,0.026206,1.000000,764.2,0.001000
136800,0.026080,1.000000,0.027982,1.000000,764.8,0.001000
136900,0.021847,1.000000,0.024549,0.999787,765.3,0.001000
137000,0.018029,1.000000,0.019372,1.000000,765.9,0.001000
137100,0.020258,1.000000,0.022970,1.000000,766.4,0.001000
137200,0.021637,1.000000,0.023623,1.000000,767.0,0.001000
137300,0.022785,1.000000,0.026136,0.999787,767.6,0.001000
137400,0.022283,1.000000,0.024383,1.000000,768.1,0.001000
137500,0.324340,0.983631,0.350000,0.973220,768.7,0.001000
137600,0.021995,1.000000,0.024133,1.000000,769.2,0.001000
137700,0.018080,1.000000,0.019427,1.000000,769.8,0.001000
137800,0.021966,1.000000,0.024558,1.000000,770.4,0.001000
137900,0.020212,1.000000,0.021928,1.000000,770.9,0.001000
138000,0.020675,1.000000,0.023302,1.000000,771.5,0.001000
138100,0.020825,1.000000,0.022589,1.000000,772.1,0.001000
138200,0.028144,1.000000,0.032364,1.000000,772.6,0.001000
138300,0.022763,1.000000,0.024827,1.000000,773.2,0.001000
138400,0.341620,0.972576,0.379231,0.963868,773.7,0.001000
138500,0.021570,1.000000,0.023896,1.000000,774.3,0.001000
138600,0.018584,1.000000,0.020084,1.000000,774.8,0.001000
138700,0.022734,1.000000,0.025191,1.000000,775.4,0.001000
138800,0.020051,1.000000,0.021438,1.000000,776.0,0.001000
138900,0.023392,1.000000,0.026326,0.999787,776.5,0.001000
139000,0.020645,1.000000,0.022491,1.000000,777.1,0.001000
139100,0.025158,1.000000,0.028346,1.000000,777.7,0.001000
139200,0.022614,1.000000,0.024477,1.000000,778.2,0.001000
139300,0.057748,1.000000,0.066065,1.000000,778.8,0.001000
139400,0.023147,1.000000,0.025475,1.000000,779.3,0.001000
139500,0.017570,1.000000,0.018779,1.000000,779.9,0.001000
139600,0.036481,1.000000,0.041873,1.000000,780.5,0.001000
139700,0.022037,1.000000,0.024715,1.000000,781.0,0.001000
139800,0.016315,1.000000,0.017644,1.000000,781.6,0.001000
139900,0.022979,1.000000,0.025969,1.000000,782.2,0.001000
140000,0.023400,1.000000,0.025253,1.000000,782.7,0.001000
140100,0.025480,1.000000,0.028988,1.000000,783.3,0.001000
140200,0.022561,1.000000,0.024648,1.000000,783.9,0.001000
140300,0.075121,1.000000,0.088594,0.999150,784.4,0.001000
140400,0.022395,1.000000,0.024871,1.000000,785.0,0.001000
140500,0.655176,0.894983,0.694395,0.886079,785.6,0.001000
140600,0.023549,1.000000,0.025998,1.000000,786.1,0.001000
140700,0.018726,1.000000,0.020048,1.000000,786.7,0.001000
140800,0.021693,1.000000,0.024532,1.000000,787.2,0.001000
140900,0.021732,1.000000,0.023591,1.000000,787.8,0.001000
141000,0.023640,1.000000,0.026781,0.999787,788.4,0.001000
141100,0.020779,1.000000,0.022481,1.000000,788.9,0.001000
141200,0.033124,1.000000,0.037270,0.999787,789.5,0.001000
141300,0.023142,1.000000,0.025355,1.000000,790.0,0.001000
141400,0.017227,1.000000,0.018455,1.000000,790.6,0.001000
141500,0.020093,1.000000,0.022492,1.000000,791.2,0.001000
141600,0.677814,0.859269,0.706823,0.852072,791.7,0.001000
141700,0.022667,1.000000,0.025110,1.000000,792.3,0.001000
141800,0.017135,1.000000,0.018522,1.000000,792.9,0.001000
141900,0.020595,1.000000,0.023932,1.000000,793.4,0.001000
142000,0.021179,1.000000,0.023374,1.000000,794.0,0.001000
142100,3.601085,0.258291,3.676104,0.245484,794.6,0.001000
142200,0.021252,1.000000,0.024237,0.999787,795.1,0.001000
142300,0.019604,1.000000,0.021078,1.000000,795.7,0.001000
142400,0.023536,1.000000,0.027272,1.000000,796.3,0.001000
142500,0.023288,1.000000,0.025606,1.000000,796.8,0.001000
142600,0.164646,0.996173,0.185537,0.995112,797.4,0.001000
142700,0.023637,1.000000,0.026054,1.000000,798.0,0.001000
142800,0.018026,1.000000,0.019364,1.000000,798.5,0.001000
142900,0.024331,1.000000,0.028272,0.999787,799.1,0.001000
143000,0.022682,1.000000,0.025259,1.000000,799.6,0.001000
143100,0.435634,0.958333,0.475888,0.938363,800.2,0.001000
143200,0.022093,1.000000,0.024523,1.000000,800.7,0.001000
143300,0.019458,1.000000,0.021121,1.000000,801.3,0.001000
143400,0.021744,1.000000,0.025343,1.000000,801.8,0.001000
143500,0.021610,1.000000,0.023658,1.000000,802.4,0.001000
143600,1.427422,0.625425,1.488572,0.610414,802.9,0.001000
143700,0.021135,1.000000,0.023949,1.000000,803.5,0.001000
143800,0.018897,1.000000,0.020542,1.000000,804.1,0.001000
143900,0.019043,1.000000,0.021746,0.999575,804.6,0.001000
144000,0.020451,1.000000,0.022255,1.000000,805.2,0.001000
144100,0.048886,1.000000,0.055611,0.999575,805.7,0.001000
144200,0.022466,1.000000,0.024585,1.000000,806.3,0.001000
144300,0.393490,0.953019,0.433504,0.940701,806.9,0.001000
144400,0.020574,1.000000,0.022608,1.000000,807.5,0.001000
144500,0.403305,0.963223,0.441044,0.951966,808.1,0.001000
144600,0.023364,1.000000,0.026294,1.000000,808.7,0.001000
144700,0.018770,1.000000,0.020456,1.000000,809.2,0.001000
144800,0.022674,1.000000,0.025620,1.000000,809.8,0.001000
144900,0.021386,1.000000,0.023238,1.000000,810.4,0.001000
145000,0.022055,1.000000,0.025376,0.999787,810.9,0.001000
145100,0.020114,1.000000,0.021953,1.000000,811.5,0.001000
145200,0.049869,1.000000,0.058317,0.999362,812.0,0.001000
145300,0.022729,1.000000,0.025271,1.000000,812.6,0.001000
145400,0.564276,0.903912,0.613703,0.886291,813.2,0.001000
145500,0.021280,1.000000,0.023396,1.000000,813.7,0.001000
145600,0.018064,1.000000,0.019433,1.000000,814.3,0.001000
145700,0.021025,1.000000,0.024065,1.000000,814.8,0.001000
145800,0.022376,1.000000,0.024311,1.000000,815.4,0.001000
145900,0.040745,1.000000,0.046735,0.999787,816.0,0.001000
146000,0.022255,1.000000,0.024347,1.000000,816.5,0.001000
146100,0.054718,1.000000,0.062516,0.999575,817.1,0.001000
146200,0.022413,1.000000,0.024549,1.000000,817.6,0.001000
146300,0.138852,0.998937,0.161000,0.997024,818.2,0.001000
146400,0.021603,1.000000,0.023742,1.000000,818.8,0.001000
146500,0.097409,0.999787,0.111079,0.999362,819.3,0.001000
146600,0.021445,1.000000,0.023547,1.000000,819.9,0.001000
146700,0.015516,1.000000,0.016726,1.000000,820.4,0.001000
146800,0.020654,1.000000,0.023266,1.000000,821.0,0.001000
146900,0.022002,1.000000,0.023627,1.000000,821.5,0.001000
147000,0.028172,1.000000,0.032481,1.000000,822.1,0.001000
147100,0.023521,1.000000,0.025759,1.000000,822.6,0.001000
147200,0.053794,1.000000,0.061977,1.000000,823.2,0.001000
147300,0.023025,1.000000,0.025175,1.000000,823.8,0.001000
147400,0.044306,1.000000,0.050410,0.999787,824.3,0.001000
147500,0.024792,1.000000,0.027235,1.000000,824.9,0.001000
147600,0.115215,0.998937,0.127929,0.999362,825.5,0.001000
147700,0.023395,1.000000,0.025953,1.000000,826.0,0.001000
147800,0.421794,0.957270,0.449845,0.955367,826.6,0.001000
147900,0.024439,1.000000,0.027168,0.999787,827.1,0.001000
148000,0.019713,1.000000,0.021140,1.000000,827.7,0.001000
148100,0.022109,1.000000,0.024655,1.000000,828.2,0.001000
148200,0.021396,1.000000,0.023030,1.000000,828.8,0.001000
148300,0.036831,1.000000,0.043029,0.999575,829.4,0.001000
148400,0.024253,1.000000,0.026548,1.000000,829.9,0.001000
148500,1.155150,0.717474,1.248760,0.691392,830.5,0.001000
148600,0.021580,1.000000,0.024415,1.000000,831.0,0.001000
148700,0.017790,1.000000,0.019167,1.000000,831.6,0.001000
148800,0.020450,1.000000,0.022943,1.000000,832.2,0.001000
148900,0.020471,1.000000,0.021985,1.000000,832.7,0.001000
149000,0.023694,1.000000,0.027759,0.999575,833.3,0.001000
149100,0.023010,1.000000,0.025387,1.000000,833.8,0.001000
149200,0.034470,1.000000,0.040076,0.999787,834.4,0.001000
149300,0.022848,1.000000,0.025331,1.000000,834.9,0.001000
149400,0.015047,1.000000,0.016320,1.000000,835.5,0.001000
149500,0.017769,1.000000,0.019878,1.000000,836.1,0.001000
149600,0.017680,1.000000,0.019227,1.000000,836.6,0.001000
149700,0.022491,1.000000,0.025221,1.000000,837.2,0.001000
149800,0.019616,1.000000,0.021194,1.000000,837.7,0.001000
149900,0.028542,1.000000,0.032732,1.000000,838.3,0.001000
150000,0.022857,1.000000,0.025408,1.000000,838.9,0.001000
150100,0.039779,1.000000,0.047623,0.998937,839.4,0.001000
150200,0.024307,1.000000,0.026766,1.000000,840.0,0.001000
150300,0.015509,1.000000,0.016699,1.000000,840.6,0.001000
150400,0.018731,1.000000,0.020995,1.000000,841.2,0.001000
150500,0.020199,1.000000,0.021780,1.000000,841.7,0.001000
150600,0.099538,0.998937,0.115669,0.999150,842.3,0.001000
150700,0.020612,1.000000,0.022722,1.000000,842.8,0.001000
150800,0.016257,1.000000,0.017509,1.000000,843.4,0.001000
150900,0.022677,1.000000,0.025674,1.000000,843.9,0.001000
151000,0.020717,1.000000,0.022563,1.000000,844.5,0.001000
151100,0.022324,1.000000,0.025024,1.000000,845.0,0.001000
151200,0.020773,1.000000,0.022482,1.000000,845.6,0.001000
151300,0.038329,1.000000,0.045732,1.000000,846.2,0.001000
151400,0.023710,1.000000,0.025956,1.000000,846.7,0.001000
151500,0.016369,1.000000,0.017589,1.000000,847.3,0.001000
151600,0.018962,1.000000,0.021605,1.000000,847.8,0.001000
151700,0.019126,1.000000,0.020814,1.000000,848.4,0.001000
151800,0.026184,1.000000,0.029457,1.000000,849.0,0.001000
151900,0.023205,1.000000,0.025153,1.000000,849.5,0.001000
152000,0.095814,0.999787,0.109975,0.999575,850.1,0.001000
152100,0.023841,1.000000,0.026056,1.000000,850.7,0.001000
152200,0.018888,1.000000,0.020299,1.000000,851.2,0.001000
152300,0.019139,1.000000,0.021853,1.000000,851.8,0.001000
152400,0.020592,1.000000,0.022187,1.000000,852.3,0.001000
152500,0.081883,1.000000,0.095727,0.999575,852.9,0.001000
152600,0.024372,1.000000,0.026834,1.000000,853.4,0.001000
152700,0.018395,1.000000,0.019853,1.000000,854.0,0.001000
152800,0.020467,1.000000,0.022858,1.000000,854.5,0.001000
152900,0.019206,1.000000,0.020844,1.000000,855.1,0.001000
153000,0.023121,1.000000,0.025841,1.000000,855.6,0.001000
153100,0.021745,1.000000,0.023404,1.000000,856.2,0.001000
153200,0.021990,1.000000,0.024605,1.000000,856.8,0.001000
153300,0.021794,1.000000,0.023494,1.000000,857.3,0.001000
153400,0.023033,1.000000,0.026379,1.000000,857.9,0.001000
153500,0.023071,1.000000,0.025354,1.000000,858.4,0.001000
153600,0.145750,0.998937,0.171311,0.996387,859.0,0.001000
153700,0.025265,1.000000,0.027509,1.000000,859.5,0.001000
153800,0.077581,0.999787,0.081974,1.000000,860.1,0.001000
153900,0.023379,1.000000,0.025555,1.000000,860.7,0.001000
154000,0.019113,1.000000,0.020380,1.000000,861.2,0.001000
154100,0.023347,1.000000,0.026577,1.000000,861.8,0.001000
154200,0.023110,1.000000,0.025026,1.000000,862.3,0.001000
154300,0.052671,1.000000,0.061418,1.000000,862.9,0.001000
154400,0.023058,1.000000,0.025243,1.000000,863.4,0.001000
154500,3.777462,0.173257,3.854883,0.166631,864.0,0.001000
154600,0.022270,1.000000,0.025323,0.999787,864.6,0.001000
154700,0.019094,1.000000,0.020680,1.000000,865.1,0.001000
154800,0.020524,1.000000,0.023585,0.999575,865.7,0.001000
154900,0.019467,1.000000,0.021179,1.000000,866.2,0.001000
155000,0.031747,1.000000,0.035915,1.000000,866.8,0.001000
155100,0.022733,1.000000,0.024823,1.000000,867.4,0.001000
155200,0.016183,1.000000,0.017335,1.000000,867.9,0.001000
155300,0.023949,1.000000,0.027142,0.999787,868.5,0.001000
155400,0.022304,1.000000,0.024164,1.000000,869.0,0.001000
155500,0.020663,1.000000,0.023226,1.000000,869.6,0.001000
155600,0.021593,1.000000,0.023497,1.000000,870.2,0.001000
155700,0.049761,1.000000,0.057576,0.999362,870.7,0.001000
155800,0.023630,1.000000,0.025875,1.000000,871.3,0.001000
155900,0.016378,1.000000,0.017535,1.000000,871.8,0.001000
156000,0.019682,1.000000,0.022510,1.000000,872.4,0.001000
156100,0.021547,1.000000,0.023372,1.000000,873.0,0.001000
156200,0.065989,1.000000,0.080005,0.999150,873.5,0.001000
156300,0.021743,1.000000,0.024086,1.000000,874.1,0.001000
156400,0.016679,1.000000,0.018097,1.000000,874.7,0.001000
156500,0.021413,1.000000,0.024213,1.000000,875.2,0.001000
156600,0.019964,1.000000,0.021571,1.000000,875.8,0.001000
156700,0.020023,1.000000,0.022966,1.000000,876.3,0.001000
156800,0.018493,1.000000,0.020299,1.000000,876.9,0.001000
156900,0.035071,1.000000,0.040205,1.000000,877.5,0.001000
157000,0.022217,1.000000,0.024966,1.000000,878.0,0.001000
157100,0.014913,1.000000,0.016203,1.000000,878.6,0.001000
157200,0.017930,1.000000,0.020257,1.000000,879.1,0.001000
157300,0.018334,1.000000,0.020015,1.000000,879.7,0.001000
157400,0.022222,1.000000,0.025196,0.999787,880.3,0.001000
157500,0.023100,1.000000,0.025203,1.000000,880.8,0.001000
157600,0.033107,1.000000,0.037855,0.999787,881.4,0.001000
157700,0.022939,1.000000,0.025104,1.000000,881.9,0.001000
157800,0.082043,1.000000,0.092586,0.999150,882.5,0.001000
157900,0.022896,1.000000,0.025309,1.000000,883.1,0.001000
158000,0.044678,1.000000,0.046833,1.000000,883.6,0.001000
158100,0.021564,1.000000,0.023973,1.000000,884.2,0.001000
158200,0.021828,1.000000,0.023502,1.000000,884.7,0.001000
158300,0.021984,1.000000,0.024141,1.000000,885.3,0.001000
158400,0.019063,1.000000,0.020544,1.000000,885.9,0.001000
158500,0.022998,1.000000,0.026118,0.999787,886.4,0.001000
158600,0.021826,1.000000,0.023711,1.000000,887.0,0.001000
158700,0.029769,1.000000,0.034072,0.999787,887.5,0.001000
158800,0.024070,1.000000,0.026042,1.000000,888.1,0.001000
158900,0.208288,0.995748,0.232153,0.991923,888.7,0.001000
159000,0.022606,1.000000,0.025164,1.000000,889.2,0.001000
159100,0.018650,1.000000,0.019997,1.000000,889.8,0.001000
159200,0.021776,1.000000,0.024191,1.000000,890.3,0.001000
159300,0.019522,1.000000,0.021008,1.000000,890.9,0.001000
159400,0.020230,1.000000,0.022582,1.000000,891.5,0.001000
159500,0.020967,1.000000,0.022671,1.000000,892.1,0.001000
159600,0.029102,1.000000,0.033784,0.999787,892.6,0.001000
159700,0.023557,1.000000,0.025724,1.000000,893.2,0.001000
159800,0.050326,1.000000,0.058253,0.998937,893.7,0.001000
159900,0.021602,1.000000,0.023839,1.000000,894.3,0.001000
160000,0.234734,0.994473,0.266032,0.988948,894.8,0.001000
160100,0.021655,1.000000,0.024080,0.999787,895.4,0.001000
160200,0.017051,1.000000,0.018335,1.000000,896.0,0.001000
160300,0.021981,1.000000,0.024902,1.000000,896.5,0.001000
160400,0.022684,1.000000,0.024344,1.000000,897.1,0.001000
160500,0.021772,1.000000,0.025154,0.999787,897.6,0.001000
160600,0.021899,1.000000,0.023945,1.000000,898.2,0.001000
160700,0.036217,1.000000,0.043066,0.999362,898.7,0.001000
160800,0.023263,1.000000,0.025598,1.000000,899.3,0.001000
160900,0.354508,0.973427,0.395779,0.956217,899.9,0.001000
161000,0.022648,1.000000,0.024910,1.000000,900.4,0.001000
161100,0.195875,0.992985,0.221248,0.992774,901.0,0.001000
161200,0.022877,1.000000,0.025437,0.999787,901.5,0.001000
161300,0.016137,1.000000,0.017508,1.000000,902.1,0.001000
161400,0.019429,1.000000,0.022099,1.000000,902.7,0.001000
161500,0.020880,1.000000,0.022756,1.000000,903.2,0.001000
161600,0.034841,1.000000,0.040849,0.999787,903.8,0.001000
161700,0.023232,1.000000,0.025465,1.000000,904.3,0.001000
161800,0.404061,0.960247,0.443885,0.953029,904.9,0.001000
161900,0.023736,1.000000,0.026470,1.000000,905.5,0.001000
162000,0.046816,1.000000,0.050963,0.999787,906.0,0.001000
162100,0.022023,1.000000,0.024902,0.999787,906.6,0.001000
162200,0.017302,1.000000,0.018708,1.000000,907.1,0.001000
162300,0.020203,1.000000,0.022971,1.000000,907.7,0.001000
162400,0.021246,1.000000,0.023298,1.000000,908.3,0.001000
162500,0.027501,1.000000,0.031601,1.000000,908.8,0.001000
162600,0.023689,1.000000,0.026165,1.000000,909.4,0.001000
162700,0.037640,1.000000,0.042278,0.999787,909.9,0.001000
162800,0.021364,1.000000,0.023517,1.000000,910.5,0.001000
162900,0.023420,1.000000,0.027191,1.000000,911.0,0.001000
163000,0.021222,1.000000,0.023125,1.000000,911.6,0.001000
163100,0.083822,0.999575,0.097778,0.998937,912.1,0.001000
163200,0.021990,1.000000,0.024539,1.000000,912.7,0.001000
163300,0.649800,0.872449,0.685729,0.859299,913.2,0.001000
163400,0.020169,1.000000,0.022916,0.999787,913.8,0.001000
163500,0.016255,1.000000,0.017597,1.000000,914.4,0.001000
163600,0.034844,1.000000,0.040424,1.000000,914.9,0.001000
163700,0.022693,1.000000,0.025107,1.000000,915.5,0.001000
163800,0.207226,0.994473,0.231785,0.994686,916.0,0.001000
163900,0.023907,1.000000,0.026618,1.000000,916.6,0.001000
164000,0.017851,1.000000,0.019392,1.000000,917.2,0.001000
164100,0.021667,1.000000,0.024415,1.000000,917.7,0.001000
164200,0.021083,1.000000,0.022832,1.000000,918.3,0.001000
164300,0.023734,1.000000,0.026708,1.000000,918.8,0.001000
164400,0.022922,1.000000,0.025001,1.000000,919.4,0.001000
164500,0.092418,0.999575,0.107953,0.998300,919.9,0.001000
164600,0.022802,1.000000,0.025258,1.000000,920.5,0.001000
164700,0.015962,1.000000,0.017277,1.000000,921.0,0.001000
164800,0.022829,1.000000,0.026445,1.000000,921.6,0.001000
164900,0.021131,1.000000,0.023121,1.000000,922.2,0.001000
165000,0.024153,1.000000,0.027898,1.000000,922.7,0.001000
165100,0.022928,1.000000,0.025109,1.000000,923.3,0.001000
165200,0.535116,0.920068,0.590374,0.913071,923.8,0.001000
165300,0.023312,1.000000,0.026277,1.000000,924.4,0.001000
165400,0.018697,1.000000,0.020181,1.000000,924.9,0.001000
165500,0.022139,1.000000,0.025060,0.999787,925.5,0.001000
165600,0.021062,1.000000,0.022840,1.000000,926.0,0.001000
165700,0.148181,0.999575,0.168860,0.997875,926.6,0.001000
165800,0.023121,1.000000,0.025814,1.000000,927.2,0.001000
165900,0.018762,1.000000,0.020157,1.000000,927.8,0.001000
166000,0.023029,1.000000,0.025969,1.000000,928.4,0.001000
166100,0.023607,1.000000,0.025533,1.000000,929.0,0.001000
166200,0.023137,1.000000,0.025869,1.000000,929.5,0.001000
166300,0.022272,1.000000,0.024019,1.000000,930.1,0.001000
166400,0.131378,0.999150,0.150358,0.999150,930.6,0.001000
166500,0.023640,1.000000,0.026326,0.999787,931.2,0.001000
166600,0.018628,1.000000,0.020010,1.000000,931.7,0.001000
166700,0.023419,1.000000,0.025741,1.000000,932.3,0.001000
166800,0.020426,1.000000,0.021808,1.000000,932.8,0.001000
166900,0.022011,1.000000,0.024816,0.999787,933.4,0.001000
167000,0.021397,1.000000,0.023104,1.000000,933.9,0.001000
167100,0.028118,1.000000,0.032191,0.999787,934.5,0.001000
167200,0.022260,1.000000,0.024040,1.000000,935.1,0.001000
167300,0.097602,1.000000,0.114573,0.999150,935.6,0.001000
167400,0.023940,1.000000,0.026552,1.000000,936.2,0.001000
167500,3.985612,0.201531,4.013698,0.203613,936.7,0.001000
167600,0.030750,1.000000,0.034761,1.000000,937.3,0.001000
167700,0.020476,1.000000,0.022017,1.000000,937.9,0.001000
167800,0.022561,1.000000,0.024907,1.000000,938.4,0.001000
167900,1.187616,0.637755,1.228153,0.636557,939.0,0.001000
168000,0.023272,1.000000,0.026628,0.999787,939.5,0.001000
168100,0.016349,1.000000,0.017791,1.000000,940.1,0.001000
168200,0.022166,1.000000,0.025040,0.999787,940.7,0.001000
168300,0.020157,1.000000,0.021674,1.000000,941.2,0.001000
168400,0.025096,1.000000,0.028354,1.000000,941.8,0.001000
168500,0.020901,1.000000,0.023024,1.000000,942.3,0.001000
168600,0.040294,1.000000,0.046409,0.999787,942.9,0.001000
168700,0.022293,1.000000,0.024633,1.000000,943.4,0.001000
168800,0.042348,1.000000,0.048722,0.999787,944.0,0.001000
168900,0.023440,1.000000,0.025707,1.000000,944.5,0.001000
169000,0.737431,0.854379,0.803994,0.843783,945.1,0.001000
169100,0.023074,1.000000,0.025580,1.000000,945.7,0.001000
169200,0.104251,0.999787,0.117757,0.998512,946.2,0.001000
169300,0.022317,1.000000,0.024578,1.000000,946.8,0.001000
169400,0.015120,1.000000,0.016284,1.000000,947.3,0.001000
169500,0.019407,1.000000,0.021971,1.000000,947.9,0.001000
169600,0.018334,1.000000,0.019868,1.000000,948.5,0.001000
169700,0.021661,1.000000,0.024391,1.000000,949.0,0.001000
169800,0.018211,1.000000,0.019848,1.000000,949.6,0.001000
169900,0.020620,1.000000,0.023580,1.000000,950.2,0.001000
170000,0.021648,1.000000,0.023553,1.000000,950.7,0.001000
170100,0.050651,1.000000,0.056881,1.000000,951.3,0.001000
170200,0.024368,1.000000,0.026790,1.000000,951.8,0.001000
170300,0.034321,1.000000,0.039697,0.999787,952.4,0.001000
170400,0.023843,1.000000,0.026269,1.000000,953.0,0.001000
170500,0.061890,0.999787,0.070303,0.999787,953.5,0.001000
170600,0.020629,1.000000,0.022619,1.000000,954.1,0.001000
170700,0.052896,1.000000,0.060408,0.999575,954.6,0.001000
170800,0.022911,1.000000,0.025523,0.999787,955.2,0.001000
170900,0.451429,0.931548,0.490858,0.914134,955.8,0.001000
171000,0.022074,1.000000,0.024561,1.000000,956.4,0.001000
171100,0.976104,0.778061,1.009427,0.768757,956.9,0.001000
171200,0.023868,1.000000,0.026416,1.000000,957.5,0.001000
171300,0.018459,1.000000,0.019784,1.000000,958.1,0.001000
171400,0.018887,1.000000,0.021381,1.000000,958.6,0.001000
171500,0.020282,1.000000,0.022005,1.000000,959.2,0.001000
171600,0.030811,1.000000,0.036454,0.999787,959.7,0.001000
171700,0.025980,1.000000,0.028751,1.000000,960.3,0.001000
171800,0.133460,0.998724,0.151848,0.999575,960.9,0.001000
171900,0.021694,1.000000,0.023928,1.000000,961.4,0.001000
172000,0.015214,1.000000,0.016513,1.000000,962.0,0.001000
172100,0.019513,1.000000,0.021976,0.999787,962.6,0.001000
172200,0.019553,1.000000,0.021036,1.000000,963.1,0.001000
172300,0.024045,1.000000,0.027858,0.999787,963.7,0.001000
172400,0.021614,1.000000,0.023811,1.000000,964.3,0.001000
172500,1.096344,0.738520,1.151178,0.716259,964.8,0.001000
172600,0.023818,1.000000,0.027135,0.999787,965.4,0.001000
172700,0.019665,1.000000,0.021178,1.000000,965.9,0.001000
172800,2.226405,0.431122,2.372988,0.404676,966.5,0.001000
172900,0.021955,1.000000,0.024708,1.000000,967.0,0.001000
173000,3.981114,0.319515,4.013350,0.298831,967.6,0.001000
173100,0.023348,1.000000,0.025821,1.000000,968.1,0.001000
173200,0.018928,1.000000,0.020286,1.000000,968.7,0.001000
173300,0.021167,1.000000,0.023931,1.000000,969.2,0.001000
173400,0.021165,1.000000,0.022920,1.000000,969.8,0.001000
173500,0.046457,1.000000,0.052623,1.000000,970.3,0.001000
173600,0.025466,1.000000,0.027808,1.000000,970.9,0.001000
173700,0.419463,0.966624,0.467857,0.956854,971.4,0.001000
173800,0.023847,1.000000,0.026223,1.000000,972.0,0.001000
173900,0.018809,1.000000,0.020116,1.000000,972.6,0.001000
174000,0.019665,1.000000,0.021955,1.000000,973.1,0.001000
174100,0.016163,1.000000,0.017372,1.000000,973.7,0.001000
174200,0.018811,1.000000,0.021266,1.000000,974.2,0.001000
174300,0.019744,1.000000,0.021404,1.000000,974.8,0.001000
174400,0.021142,1.000000,0.023661,1.000000,975.4,0.001000
174500,0.020092,1.000000,0.021545,1.000000,975.9,0.001000
174600,0.021329,1.000000,0.024443,1.000000,976.5,0.001000
174700,0.020892,1.000000,0.022783,1.000000,977.0,0.001000
174800,0.522631,0.939201,0.582304,0.919872,977.6,0.001000
174900,0.021936,1.000000,0.024407,1.000000,978.1,0.001000
175000,0.025066,1.000000,0.027165,1.000000,978.7,0.001000
175100,0.026947,1.000000,0.029770,1.000000,979.2,0.001000
175200,0.020660,1.000000,0.022325,1.000000,979.8,0.001000
175300,0.024597,1.000000,0.027222,1.000000,980.3,0.001000
175400,0.021301,1.000000,0.022941,1.000000,980.9,0.001000
175500,0.027777,1.000000,0.031726,0.999787,981.5,0.001000
175600,0.022530,1.000000,0.024843,1.000000,982.0,0.001000
175700,0.141433,0.999150,0.162490,0.997875,982.6,0.001000
175800,0.021677,1.000000,0.023887,1.000000,983.1,0.001000
175900,0.016628,1.000000,0.017813,1.000000,983.7,0.001000
176000,0.021135,1.000000,0.023633,1.000000,984.3,0.001000
176100,0.021043,1.000000,0.022813,1.000000,984.8,0.001000
176200,0.546820,0.927083,0.597452,0.914134,985.4,0.001000
176300,0.023814,1.000000,0.027071,1.000000,986.0,0.001000
176400,0.021334,1.000000,0.023217,1.000000,986.6,0.001000
176500,0.022734,1.000000,0.025370,1.000000,987.2,0.001000
176600,0.020104,1.000000,0.021614,1.000000,987.7,0.001000
176700,0.020996,1.000000,0.024283,1.000000,988.3,0.001000
176800,0.020274,1.000000,0.022316,1.000000,988.9,0.001000
176900,0.023983,1.000000,0.027790,1.000000,989.5,0.001000
177000,0.023142,1.000000,0.025073,1.000000,990.1,0.001000
177100,0.041633,1.000000,0.049119,0.999362,990.6,0.001000
177200,0.023791,1.000000,0.026193,1.000000,991.2,0.001000
177300,0.015310,1.000000,0.016374,1.000000,991.7,0.001000
177400,0.025899,1.000000,0.030693,1.000000,992.3,0.001000
177500,0.020370,1.000000,0.022669,1.000000,992.8,0.001000
177600,0.024942,1.000000,0.029068,1.000000,993.4,0.001000
177700,0.023455,1.000000,0.026125,1.000000,994.0,0.001000
177800,0.037290,1.000000,0.043504,0.999787,994.5,0.001000
177900,0.024274,1.000000,0.026726,1.000000,995.1,0.001000
178000,0.371402,0.968963,0.410686,0.960468,995.6,0.001000
178100,0.030357,1.000000,0.034067,0.999787,996.2,0.001000
178200,0.017283,1.000000,0.018563,1.000000,996.7,0.001000
178300,0.020082,1.000000,0.022923,1.000000,997.3,0.001000
178400,0.020729,1.000000,0.022487,1.000000,997.9,0.001000
178500,0.024567,1.000000,0.027484,1.000000,998.4,0.001000
178600,0.020805,1.000000,0.022767,1.000000,999.0,0.001000
178700,0.030367,1.000000,0.035686,0.999787,999.5,0.001000
178800,0.021399,1.000000,0.023625,1.000000,1000.1,0.001000
178900,0.014133,1.000000,0.015213,1.000000,1000.6,0.001000
179000,0.021658,1.000000,0.024737,1.000000,1001.2,0.001000
179100,0.021168,1.000000,0.022886,1.000000,1001.7,0.001000
179200,0.044455,1.000000,0.052734,0.999787,1002.3,0.001000
179300,0.022173,1.000000,0.024530,1.000000,1002.9,0.001000
179400,0.015380,1.000000,0.016614,1.000000,1003.4,0.001000
179500,0.025724,1.000000,0.029680,1.000000,1004.0,0.001000
179600,0.021592,1.000000,0.023311,1.000000,1004.5,0.001000
179700,0.054187,1.000000,0.063700,0.999787,1005.1,0.001000
179800,0.022951,1.000000,0.025194,1.000000,1005.7,0.001000
179900,0.016084,1.000000,0.017313,1.000000,1006.2,0.001000
180000,0.023445,1.000000,0.026835,1.000000,1006.8,0.001000
180100,0.021714,1.000000,0.023528,1.000000,1007.3,0.001000
180200,0.021874,1.000000,0.024600,1.000000,1007.9,0.001000
180300,0.019680,1.000000,0.021361,1.000000,1008.4,0.001000
180400,0.022277,1.000000,0.026092,0.999787,1009.0,0.001000
180500,0.021187,1.000000,0.023384,1.000000,1009.6,0.001000
180600,0.024843,1.000000,0.028354,0.999787,1010.1,0.001000
180700,0.022227,1.000000,0.024281,1.000000,1010.7,0.001000
180800,0.259687,0.985119,0.295521,0.977046,1011.2,0.001000
180900,0.022476,1.000000,0.024966,1.000000,1011.8,0.001000
181000,0.211424,0.992985,0.232680,0.990011,1012.4,0.001000
181100,0.022110,1.000000,0.024424,1.000000,1012.9,0.001000
181200,0.016336,1.000000,0.017683,1.000000,1013.5,0.001000
181300,0.018490,1.000000,0.021203,1.000000,1014.0,0.001000
181400,0.020850,1.000000,0.023030,1.000000,1014.6,0.001000
181500,0.022160,1.000000,0.025338,1.000000,1015.2,0.001000
181600,0.018451,1.000000,0.020112,1.000000,1015.8,0.001000
181700,0.022589,1.000000,0.025690,1.000000,1016.3,0.001000
181800,0.022853,1.000000,0.024808,1.000000,1016.9,0.001000
181900,0.034859,1.000000,0.040013,0.999787,1017.4,0.001000
182000,0.023257,1.000000,0.025186,1.000000,1018.0,0.001000
182100,0.014482,1.000000,0.015539,1.000000,1018.6,0.001000
182200,0.018472,1.000000,0.020359,1.000000,1019.1,0.001000
182300,0.020796,1.000000,0.022249,1.000000,1019.7,0.001000
182400,0.028240,1.000000,0.032636,0.999787,1020.2,0.001000
182500,0.022370,1.000000,0.024656,1.000000,1020.8,0.001000
182600,0.069483,1.000000,0.081150,0.999575,1021.3,0.001000
182700,0.023049,1.000000,0.025655,1.000000,1021.9,0.001000
182800,0.016700,1.000000,0.018062,1.000000,1022.5,0.001000
182900,0.019760,1.000000,0.022458,1.000000,1023.1,0.001000
183000,0.018866,1.000000,0.020461,1.000000,1023.6,0.001000
183100,0.022475,1.000000,0.025838,0.999787,1024.2,0.001000
183200,0.021558,1.000000,0.023514,1.000000,1024.7,0.001000
183300,0.025669,1.000000,0.029620,1.000000,1025.3,0.001000
183400,0.024010,1.000000,0.026121,1.000000,1025.9,0.001000
183500,0.049190,1.000000,0.056260,1.000000,1026.4,0.001000
183600,0.024693,1.000000,0.027091,1.000000,1027.0,0.001000
183700,0.205715,0.993835,0.223628,0.990861,1027.5,0.001000
183800,0.022981,1.000000,0.025438,1.000000,1028.1,0.001000
183900,0.017127,1.000000,0.018371,1.000000,1028.6,0.001000
184000,0.024023,1.000000,0.027458,1.000000,1029.2,0.001000
184100,0.025055,1.000000,0.027126,1.000000,1029.8,0.001000
184200,0.022409,1.000000,0.024840,1.000000,1030.3,0.001000
184300,0.021370,1.000000,0.023007,1.000000,1030.9,0.001000
184400,0.034893,1.000000,0.040950,1.000000,1031.4,0.001000
184500,0.021180,1.000000,0.023426,1.000000,1032.0,0.001000
184600,0.436067,0.947917,0.464958,0.941764,1032.5,0.001000
184700,0.022646,1.000000,0.025552,1.000000,1033.1,0.001000
184800,0.018618,1.000000,0.020080,1.000000,1033.6,0.001000
184900,0.022251,1.000000,0.025236,1.000000,1034.2,0.001000
185000,0.020188,1.000000,0.021887,1.000000,1034.8,0.001000
185100,0.031048,1.000000,0.035485,1.000000,1035.3,0.001000
185200,0.023736,1.000000,0.026405,1.000000,1035.9,0.001000
185300,0.446889,0.929422,0.480167,0.923911,1036.4,0.001000
185400,0.020138,1.000000,0.022624,1.000000,1037.0,0.001000
185500,0.016920,1.000000,0.018381,1.000000,1037.5,0.001000
185600,0.021391,1.000000,0.024188,1.000000,1038.1,0.001000
185700,0.019323,1.000000,0.020818,1.000000,1038.6,0.001000
185800,0.023895,1.000000,0.026796,1.000000,1039.2,0.001000
185900,0.025118,1.000000,0.027317,1.000000,1039.7,0.001000
186000,0.154250,0.998299,0.171743,0.997875,1040.3,0.001000
186100,0.022784,1.000000,0.025454,1.000000,1040.8,0.001000
186200,0.021231,1.000000,0.023152,1.000000,1041.4,0.001000
186300,0.020837,1.000000,0.023196,1.000000,1042.0,0.001000
186400,0.018164,1.000000,0.019693,1.000000,1042.5,0.001000
186500,0.019164,1.000000,0.021990,1.000000,1043.1,0.001000
186600,0.020836,1.000000,0.022784,1.000000,1043.7,0.001000
186700,0.022594,1.000000,0.025589,1.000000,1044.2,0.001000
186800,0.021756,1.000000,0.023851,1.000000,1044.8,0.001000
186900,0.030375,1.000000,0.033981,1.000000,1045.4,0.001000
187000,0.024414,1.000000,0.026581,1.000000,1045.9,0.001000
187100,0.043993,1.000000,0.050098,0.999575,1046.5,0.001000
187200,0.023899,1.000000,0.026188,1.000000,1047.1,0.001000
187300,0.147298,0.998724,0.166608,0.996174,1047.7,0.001000
187400,0.021145,1.000000,0.023349,0.999787,1048.2,0.001000
187500,0.227085,0.987883,0.254086,0.982147,1048.8,0.001000
187600,0.022317,1.000000,0.024680,1.000000,1049.4,0.001000
187700,0.121652,0.998724,0.136275,0.997024,1049.9,0.001000
187800,0.022032,1.000000,0.024648,0.999787,1050.5,0.001000
187900,0.014917,1.000000,0.016077,1.000000,1051.1,0.001000
188000,0.019227,1.000000,0.021476,1.000000,1051.6,0.001000
188100,0.019069,1.000000,0.020577,1.000000,1052.2,0.001000
188200,0.022641,1.000000,0.026269,0.999575,1052.8,0.001000
188300,0.022452,1.000000,0.024460,1.000000,1053.3,0.001000
188400,0.024430,1.000000,0.027798,1.000000,1053.9,0.001000
188500,0.023863,1.000000,0.025981,1.000000,1054.4,0.001000
188600,0.141432,0.998937,0.157101,0.997237,1055.0,0.001000
188700,0.022685,1.000000,0.025192,1.000000,1055.6,0.001000
188800,0.016535,1.000000,0.017816,1.000000,1056.1,0.001000
188900,0.019311,1.000000,0.022076,1.000000,1056.7,0.001000
189000,0.019668,1.000000,0.021343,1.000000,1057.2,0.001000
189100,0.026106,1.000000,0.030095,1.000000,1057.8,0.001000
189200,0.023256,1.000000,0.025325,1.000000,1058.4,0.001000
189300,0.163553,0.995111,0.182453,0.995537,1058.9,0.001000
189400,0.021388,1.000000,0.023528,1.000000,1059.5,0.001000
189500,1.462196,0.652636,1.502337,0.653773,1060.0,0.001000
189600,0.020308,1.000000,0.022401,1.000000,1060.6,0.001000
189700,0.017857,1.000000,0.019196,1.000000,1061.1,0.001000
189800,0.023143,1.000000,0.026182,1.000000,1061.7,0.001000
189900,0.022374,1.000000,0.024058,1.000000,1062.2,0.001000
190000,0.041319,1.000000,0.048084,0.999787,1062.8,0.001000
190100,0.021252,1.000000,0.023411,1.000000,1063.3,0.001000
190200,0.019887,1.000000,0.021383,1.000000,1063.9,0.001000
190300,0.018021,1.000000,0.020254,0.999787,1064.5,0.001000
190400,0.017075,1.000000,0.018525,1.000000,1065.0,0.001000
190500,0.019953,1.000000,0.022630,1.000000,1065.6,0.001000
190600,0.021239,1.000000,0.023046,1.000000,1066.1,0.001000
190700,0.063143,1.000000,0.072225,0.999150,1066.7,0.001000
190800,0.022800,1.000000,0.025255,1.000000,1067.2,0.001000
190900,0.017551,1.000000,0.018874,1.000000,1067.8,0.001000
191000,0.020988,1.000000,0.023957,1.000000,1068.3,0.001000
191100,0.022111,1.000000,0.024276,1.000000,1068.9,0.001000
191200,0.023284,1.000000,0.026337,0.999787,1069.5,0.001000
191300,0.022011,1.000000,0.024014,1.000000,1070.0,0.001000
191400,0.023687,1.000000,0.027289,1.000000,1070.6,0.001000
191500,0.020236,1.000000,0.022345,1.000000,1071.1,0.001000
191600,0.040807,1.000000,0.048446,0.999575,1071.7,0.001000
191700,0.022533,1.000000,0.024824,1.000000,1072.3,0.001000
191800,0.015084,1.000000,0.016214,1.000000,1072.8,0.001000
191900,0.021158,1.000000,0.024578,0.999787,1073.4,0.001000
192000,0.019726,1.000000,0.021640,1.000000,1073.9,0.001000
192100,0.025358,1.000000,0.029196,1.000000,1074.5,0.001000
192200,0.023890,1.000000,0.026357,1.000000,1075.1,0.001000
192300,2.223473,0.432823,2.265274,0.418066,1075.6,0.001000
192400,0.023534,1.000000,0.026553,1.000000,1076.2,0.001000
192500,0.020801,1.000000,0.022634,1.000000,1076.7,0.001000
192600,0.022129,1.000000,0.025409,1.000000,1077.3,0.001000
192700,0.022475,1.000000,0.024674,1.000000,1077.8,0.001000
192800,0.024371,1.000000,0.027910,0.999787,1078.4,0.001000
192900,0.022666,1.000000,0.024890,1.000000,1079.0,0.001000
193000,0.067571,1.000000,0.079542,0.999150,1079.5,0.001000
193100,0.023064,1.000000,0.025880,1.000000,1080.1,0.001000
193200,1.921573,0.478529,1.952932,0.471838,1080.7,0.001000
193300,0.020717,1.000000,0.022989,1.000000,1081.2,0.001000
193400,0.018019,1.000000,0.019488,1.000000,1081.8,0.001000
193500,0.020336,1.000000,0.022940,1.000000,1082.4,0.001000
193600,0.020496,1.000000,0.022235,1.000000,1082.9,0.001000
193700,0.023578,1.000000,0.027087,1.000000,1083.5,0.001000
193800,0.022326,1.000000,0.024258,1.000000,1084.0,0.001000
193900,0.033530,1.000000,0.038819,1.000000,1084.6,0.001000
194000,0.021849,1.000000,0.024424,1.000000,1085.1,0.001000
194100,0.070620,1.000000,0.083047,0.999150,1085.7,0.001000
194200,0.021293,1.000000,0.023855,1.000000,1086.2,0.001000
194300,0.014840,1.000000,0.016153,1.000000,1086.8,0.001000
194400,0.021540,1.000000,0.024821,1.000000,1087.4,0.001000
194500,0.020043,1.000000,0.021925,1.000000,1087.9,0.001000
194600,0.038238,1.000000,0.044005,0.999575,1088.5,0.001000
194700,0.023182,1.000000,0.025684,1.000000,1089.0,0.001000
194800,0.307779,0.976828,0.349664,0.966419,1089.6,0.001000
194900,0.021160,1.000000,0.023599,1.000000,1090.2,0.001000
195000,0.016966,1.000000,0.018289,1.000000,1090.7,0.001000
195100,0.019677,1.000000,0.022115,1.000000,1091.3,0.001000
195200,0.020718,1.000000,0.022375,1.000000,1091.9,0.001000
195300,0.023522,1.000000,0.026550,1.000000,1092.5,0.001000
195400,0.023777,1.000000,0.025753,1.000000,1093.0,0.001000
195500,0.445605,0.944303,0.485874,0.934538,1093.6,0.001000
195600,0.020563,1.000000,0.023349,1.000000,1094.1,0.001000
195700,0.095510,0.999787,0.101095,0.999575,1094.7,0.001000
195800,0.022237,1.000000,0.024919,1.000000,1095.3,0.001000
195900,0.018146,1.000000,0.019600,1.000000,1095.9,0.001000
196000,0.087941,0.999362,0.102193,0.998937,1096.5,0.001000
196100,0.023351,1.000000,0.026622,1.000000,1097.0,0.001000
196200,0.018279,1.000000,0.019721,1.000000,1097.6,0.001000
196300,0.025360,1.000000,0.028605,0.999787,1098.1,0.001000
196400,0.021885,1.000000,0.023674,1.000000,1098.7,0.001000
196500,0.025338,1.000000,0.029348,1.000000,1099.3,0.001000
196600,0.023532,1.000000,0.025930,1.000000,1099.8,0.001000
196700,0.041357,1.000000,0.048108,1.000000,1100.4,0.001000
196800,0.021584,1.000000,0.023714,1.000000,1101.0,0.001000
196900,0.013801,1.000000,0.015010,1.000000,1101.6,0.001000
197000,0.022087,1.000000,0.025015,0.999787,1102.1,0.001000
197100,0.022589,1.000000,0.024342,1.000000,1102.7,0.001000
197200,0.031327,1.000000,0.035424,1.000000,1103.3,0.001000
197300,0.021836,1.000000,0.023891,1.000000,1103.9,0.001000
197400,0.187782,0.998937,0.212809,0.997024,1104.5,0.001000
197500,0.023131,1.000000,0.025582,1.000000,1105.1,0.001000
197600,0.383165,0.951743,0.405050,0.947078,1105.6,0.001000
197700,0.020912,1.000000,0.023087,1.000000,1106.2,0.001000
197800,0.015232,1.000000,0.016349,1.000000,1106.8,0.001000
197900,0.020265,1.000000,0.022938,1.000000,1107.4,0.001000
198000,0.021591,1.000000,0.023529,1.000000,1108.0,0.001000
198100,0.024119,1.000000,0.027633,1.000000,1108.6,0.001000
198200,0.023217,1.000000,0.025156,1.000000,1109.2,0.001000
198300,0.090718,1.000000,0.104439,0.998725,1109.8,0.001000
198400,0.020659,1.000000,0.022759,1.000000,1110.4,0.001000
198500,0.026481,1.000000,0.030537,1.000000,1110.9,0.001000
198600,0.020957,1.000000,0.022893,1.000000,1111.5,0.001000
198700,0.029618,1.000000,0.034299,1.000000,1112.1,0.001000
198800,0.021973,1.000000,0.024074,1.000000,1112.6,0.001000
198900,0.075099,1.000000,0.088398,0.999575,1113.2,0.001000
199000,0.024699,1.000000,0.026992,1.000000,1113.8,0.001000
199100,0.100846,0.999575,0.104588,0.998300,1114.3,0.001000
199200,0.021684,1.000000,0.024205,1.000000,1114.9,0.001000
199300,0.015999,1.000000,0.017216,1.000000,1115.5,0.001000
199400,0.018731,1.000000,0.021563,0.999787,1116.0,0.001000
199500,0.021097,1.000000,0.022707,1.000000,1116.6,0.001000
199600,0.047330,1.000000,0.055949,0.999150,1117.3,0.001000
199700,0.022030,1.000000,0.024294,1.000000,1117.9,0.001000
199800,0.123148,0.999362,0.141868,0.997662,1118.4,0.001000
199900,0.024836,1.000000,0.027705,1.000000,1119.0,0.001000
