step,train_loss,train_acc,test_loss,test_acc,elapsed_sec,lr
0,5.200690,0.008615,5.199204,0.007831,0.0,0.000020
100,4.695403,0.018797,4.886433,0.003759,0.6,0.001000
200,3.686600,0.228697,5.436722,0.022553,1.1,0.001000
300,1.571190,0.710213,4.492129,0.220360,1.6,0.001000
400,0.279564,0.979010,3.516445,0.464683,2.1,0.001000
500,0.036336,1.000000,3.421663,0.493031,2.7,0.001000
600,0.008778,1.000000,3.517776,0.493344,3.2,0.001000
700,0.097134,0.983709,3.760341,0.478465,3.7,0.001000
800,0.012415,0.998590,3.543939,0.496163,4.2,0.001000
900,0.020500,0.997337,3.632072,0.497572,4.7,0.001000
1000,0.016334,0.997337,3.467350,0.504464,5.3,0.001000
1100,0.016042,0.997807,3.421525,0.505717,5.8,0.001000
1200,0.026827,0.995457,3.230911,0.506656,6.3,0.001000
1300,0.010957,0.999060,2.975185,0.521535,6.8,0.001000
1400,0.014863,0.997337,2.864125,0.526390,7.4,0.001000
1500,0.005900,0.999060,2.562219,0.542522,7.9,0.001000
1600,0.018017,0.997337,2.417906,0.553328,8.5,0.001000
1700,0.012716,0.998277,2.154129,0.576977,9.0,0.001000
1800,0.007241,0.998590,1.802236,0.606578,9.5,0.001000
1900,0.016653,0.996084,1.824070,0.607048,10.0,0.001000
2000,0.003050,0.999217,1.343098,0.672357,10.5,0.001000
2100,0.007042,0.998904,1.195924,0.684103,11.1,0.001000
2200,0.001851,1.000000,0.826363,0.764448,11.6,0.001000
2300,0.005277,0.999530,0.726315,0.786218,12.1,0.001000
2400,0.010212,0.997337,0.669127,0.800940,12.7,0.001000
2500,0.004604,0.998904,0.413501,0.865779,13.2,0.001000
2600,0.001219,1.000000,0.285450,0.900078,13.7,0.001000
2700,0.005627,0.998434,0.268799,0.909789,14.2,0.001000
2800,0.005376,0.998747,0.172337,0.948786,14.7,0.001000
2900,0.007705,0.998120,0.134819,0.957557,15.3,0.001000
3000,0.001860,0.999687,0.087016,0.971496,15.8,0.001000
3100,0.003395,0.999373,0.070790,0.978857,16.3,0.001000
3200,0.004478,0.999060,0.078495,0.975254,16.8,0.001000
3300,0.003642,0.999060,0.058444,0.982302,17.3,0.001000
3400,0.001189,0.999843,0.027109,0.993735,17.8,0.001000
3500,0.000059,1.000000,0.004761,0.999843,18.4,0.001000
3600,0.000030,1.000000,0.002294,1.000000,18.9,0.001000
3700,0.000017,1.000000,0.001171,1.000000,19.4,0.001000
3800,0.000009,1.000000,0.000535,1.000000,19.9,0.001000
3900,0.000005,1.000000,0.000232,1.000000,20.4,0.001000
4000,0.000002,1.000000,0.000092,1.000000,21.0,0.001000
4100,0.000001,1.000000,0.000037,1.000000,21.5,0.001000
4200,0.000000,1.000000,0.000014,1.000000,22.0,0.001000
4300,0.000000,1.000000,0.000007,1.000000,22.5,0.001000
4400,0.000000,1.000000,0.000004,1.000000,23.0,0.001000
4500,0.000000,1.000000,0.000004,1.000000,23.5,0.001000
4600,0.000000,1.000000,0.000004,1.000000,24.0,0.001000
4700,0.000000,1.000000,0.000004,1.000000,24.6,0.001000
4800,0.000000,1.000000,0.000004,1.000000,25.1,0.001000
4900,0.000000,1.000000,0.000004,1.000000,25.6,0.001000
5000,0.000000,1.000000,0.000004,1.000000,26.1,0.001000
5100,0.000000,1.000000,0.000004,1.000000,26.7,0.001000
5200,0.000000,1.000000,0.000004,1.000000,27.2,0.001000
5300,0.000000,1.000000,0.000005,1.000000,27.7,0.001000
5400,0.000000,1.000000,0.000005,1.000000,28.3,0.001000
5500,0.000000,1.000000,0.000006,1.000000,28.8,0.001000
5600,0.000000,1.000000,0.000005,1.000000,29.4,0.001000
5700,0.000000,1.000000,0.000007,1.000000,29.9,0.001000
5800,0.000000,1.000000,0.000006,1.000000,30.5,0.001000
5900,0.000000,1.000000,0.000006,1.000000,31.0,0.001000
6000,0.000000,1.000000,0.000004,1.000000,31.5,0.001000
6100,0.000000,1.000000,0.000004,1.000000,32.0,0.001000
6200,0.000000,1.000000,0.000004,1.000000,32.7,0.001000
6300,0.000000,1.000000,0.000003,1.000000,33.2,0.001000
6400,0.000000,1.000000,0.000003,1.000000,33.7,0.001000
6500,0.000000,1.000000,0.000003,1.000000,34.2,0.001000
6600,0.000000,1.000000,0.000003,1.000000,34.7,0.001000
6700,0.000000,1.000000,0.000003,1.000000,35.3,0.001000
6800,0.000000,1.000000,0.000002,1.000000,35.8,0.001000
6900,0.000000,1.000000,0.000002,1.000000,36.3,0.001000
7000,0.000000,1.000000,0.000002,1.000000,36.8,0.001000
7100,0.000000,1.000000,0.000002,1.000000,37.3,0.001000
7200,0.000000,1.000000,0.000002,1.000000,37.9,0.001000
7300,0.000000,1.000000,0.000001,1.000000,38.4,0.001000
7400,0.000000,1.000000,0.000001,1.000000,38.9,0.001000
7500,0.000000,1.000000,0.000001,1.000000,39.4,0.001000
7600,0.000000,1.000000,0.000002,1.000000,39.9,0.001000
7700,0.000000,1.000000,0.000001,1.000000,40.4,0.001000
7800,0.000000,1.000000,0.000001,1.000000,40.9,0.001000
7900,0.000000,1.000000,0.000001,1.000000,41.4,0.001000
8000,0.000000,1.000000,0.000001,1.000000,41.9,0.001000
8100,0.000000,1.000000,0.000001,1.000000,42.5,0.001000
8200,0.000000,1.000000,0.000001,1.000000,43.0,0.001000
8300,0.000000,1.000000,0.000001,1.000000,43.5,0.001000
8400,0.000000,1.000000,0.000001,1.000000,44.0,0.001000
8500,0.000000,1.000000,0.000001,1.000000,44.5,0.001000
8600,0.000000,1.000000,0.000001,1.000000,45.0,0.001000
8700,0.000000,1.000000,0.000001,1.000000,45.5,0.001000
8800,0.000000,1.000000,0.000001,1.000000,46.0,0.001000
8900,0.000000,1.000000,0.000000,1.000000,46.6,0.001000
9000,0.000000,1.000000,0.000000,1.000000,47.1,0.001000
9100,0.000000,1.000000,0.000000,1.000000,47.6,0.001000
9200,0.000000,1.000000,0.000000,1.000000,48.2,0.001000
9300,0.000000,1.000000,0.000000,1.000000,48.7,0.001000
9400,0.000000,1.000000,0.000000,1.000000,49.2,0.001000
9500,0.000000,1.000000,0.000000,1.000000,49.8,0.001000
9600,0.000000,1.000000,0.000000,1.000000,50.3,0.001000
9700,0.000000,1.000000,0.000000,1.000000,50.9,0.001000
9800,0.000000,1.000000,0.000000,1.000000,51.4,0.001000
9900,0.000000,1.000000,0.000000,1.000000,51.9,0.001000
10000,0.000000,1.000000,0.000000,1.000000,52.4,0.001000
10100,0.000000,1.000000,0.000000,1.000000,53.0,0.001000
10200,0.000000,1.000000,0.000000,1.000000,53.5,0.001000
10300,0.000000,1.000000,0.000000,1.000000,54.0,0.001000
10400,0.000000,1.000000,0.000000,1.000000,54.5,0.001000
10500,0.000000,1.000000,0.000000,1.000000,55.0,0.001000
10600,0.000000,1.000000,0.000000,1.000000,55.6,0.001000
10700,0.000000,1.000000,0.000000,1.000000,56.1,0.001000
10800,0.000000,1.000000,0.000000,1.000000,56.6,0.001000
10900,0.000000,1.000000,0.000000,1.000000,57.1,0.001000
11000,0.000000,1.000000,0.000000,1.000000,57.7,0.001000
11100,0.000000,1.000000,0.000000,1.000000,58.2,0.001000
11200,0.000000,1.000000,0.000000,1.000000,58.7,0.001000
11300,0.000000,1.000000,0.000000,1.000000,59.2,0.001000
11400,0.000000,1.000000,0.000000,1.000000,59.7,0.001000
11500,0.000000,1.000000,0.000000,1.000000,60.2,0.001000
11600,0.000000,1.000000,0.000000,1.000000,60.7,0.001000
11700,0.000000,1.000000,0.000000,1.000000,61.3,0.001000
11800,0.000000,1.000000,0.000000,1.000000,61.8,0.001000
11900,0.000000,1.000000,0.000000,1.000000,62.3,0.001000
12000,0.000000,1.000000,0.000000,1.000000,62.8,0.001000
12100,0.000000,1.000000,0.000000,1.000000,63.3,0.001000
12200,0.000000,1.000000,0.000000,1.000000,63.8,0.001000
12300,0.000000,1.000000,0.000000,1.000000,64.3,0.001000
12400,0.000000,1.000000,0.000000,1.000000,64.9,0.001000
12500,0.000000,1.000000,0.000000,1.000000,65.4,0.001000
12600,0.000000,1.000000,0.000000,1.000000,66.0,0.001000
12700,0.000000,1.000000,0.000000,1.000000,66.5,0.001000
12800,0.000000,1.000000,0.000000,1.000000,67.0,0.001000
12900,0.000000,1.000000,0.000000,1.000000,67.5,0.001000
13000,0.000000,1.000000,0.000000,1.000000,68.0,0.001000
13100,0.000000,1.000000,0.000000,1.000000,68.6,0.001000
13200,0.000000,1.000000,0.000000,1.000000,69.1,0.001000
13300,0.000000,1.000000,0.000000,1.000000,69.6,0.001000
13400,0.000000,1.000000,0.000000,1.000000,70.1,0.001000
13500,0.000000,1.000000,0.000000,1.000000,70.6,0.001000
13600,0.000000,1.000000,0.000000,1.000000,71.2,0.001000
13700,0.000000,1.000000,0.000000,1.000000,71.7,0.001000
13800,0.000000,1.000000,0.000000,1.000000,72.2,0.001000
13900,0.000000,1.000000,0.000000,1.000000,72.8,0.001000
14000,0.000000,1.000000,0.000000,1.000000,73.3,0.001000
14100,0.000000,1.000000,0.000000,1.000000,73.9,0.001000
14200,0.000000,1.000000,0.000000,1.000000,74.4,0.001000
14300,0.109633,0.967732,0.132082,0.963038,75.0,0.001000
14400,0.007572,0.996867,0.018560,0.994675,75.6,0.001000
14500,0.037234,0.992168,0.074497,0.982772,76.1,0.001000
14600,0.034410,0.989662,0.074491,0.983399,76.6,0.001000
14700,0.015101,0.996241,0.033897,0.992952,77.1,0.001000
14800,0.031578,0.992951,0.052702,0.989663,77.7,0.001000
14900,0.013543,0.997494,0.030146,0.993892,78.2,0.001000
15000,0.018550,0.997180,0.036635,0.991229,78.7,0.001000
15100,0.002505,0.999373,0.008459,0.997181,79.3,0.001000
15200,0.009273,0.997650,0.032242,0.993422,79.8,0.001000
15300,0.008141,0.997964,0.030711,0.991699,80.3,0.001000
15400,0.011634,0.996867,0.016010,0.996241,80.9,0.001000
15500,0.009802,0.997494,0.016837,0.994518,81.4,0.001000
15600,0.002067,0.999373,0.005331,0.998121,81.9,0.001000
15700,0.009012,0.998590,0.016303,0.996868,82.4,0.001000
15800,0.000034,1.000000,0.003906,0.998590,82.9,0.001000
15900,0.000003,1.000000,0.001601,0.999373,83.4,0.001000
16000,0.000001,1.000000,0.000965,0.999687,83.9,0.001000
16100,0.000001,1.000000,0.000587,0.999687,84.4,0.001000
16200,0.000000,1.000000,0.000312,0.999843,84.9,0.001000
16300,0.000000,1.000000,0.000138,0.999843,85.5,0.001000
16400,0.000000,1.000000,0.000062,1.000000,86.0,0.001000
16500,0.000000,1.000000,0.000026,1.000000,86.4,0.001000
16600,0.000000,1.000000,0.000009,1.000000,87.0,0.001000
16700,0.000000,1.000000,0.000001,1.000000,87.5,0.001000
16800,0.000000,1.000000,0.000001,1.000000,88.0,0.001000
16900,0.000000,1.000000,0.000000,1.000000,88.5,0.001000
17000,0.000000,1.000000,0.000000,1.000000,89.0,0.001000
17100,0.000000,1.000000,0.000000,1.000000,89.6,0.001000
17200,0.000000,1.000000,0.000000,1.000000,90.1,0.001000
17300,0.000000,1.000000,0.000000,1.000000,90.7,0.001000
17400,0.000000,1.000000,0.000000,1.000000,91.2,0.001000
17500,0.000000,1.000000,0.000000,1.000000,91.7,0.001000
17600,0.000000,1.000000,0.000000,1.000000,92.2,0.001000
17700,0.000000,1.000000,0.000000,1.000000,92.7,0.001000
17800,0.000000,1.000000,0.000000,1.000000,93.3,0.001000
17900,0.000000,1.000000,0.000000,1.000000,93.7,0.001000
18000,0.000000,1.000000,0.000000,1.000000,94.3,0.001000
18100,0.000000,1.000000,0.000000,1.000000,94.8,0.001000
18200,0.000000,1.000000,0.000000,1.000000,95.3,0.001000
18300,0.000000,1.000000,0.000000,1.000000,95.8,0.001000
18400,0.000000,1.000000,0.000000,1.000000,96.3,0.001000
18500,0.000000,1.000000,0.000000,1.000000,96.8,0.001000
18600,0.000000,1.000000,0.000000,1.000000,97.4,0.001000
18700,0.000000,1.000000,0.000000,1.000000,97.9,0.001000
18800,0.000000,1.000000,0.000000,1.000000,98.4,0.001000
18900,0.000000,1.000000,0.000000,1.000000,98.9,0.001000
19000,0.000000,1.000000,0.000000,1.000000,99.4,0.001000
19100,0.000000,1.000000,0.000000,1.000000,99.9,0.001000
19200,0.000000,1.000000,0.000000,1.000000,100.4,0.001000
19300,0.000000,1.000000,0.000000,1.000000,100.9,0.001000
19400,0.000000,1.000000,0.000000,1.000000,101.4,0.001000
19500,0.000000,1.000000,0.000000,1.000000,101.9,0.001000
19600,0.000000,1.000000,0.000000,1.000000,102.4,0.001000
19700,0.000000,1.000000,0.000000,1.000000,103.0,0.001000
19800,0.000000,1.000000,0.000000,1.000000,103.5,0.001000
19900,0.000000,1.000000,0.000000,1.000000,104.0,0.001000
20000,0.000000,1.000000,0.000000,1.000000,104.5,0.001000
20100,0.000000,1.000000,0.000000,1.000000,105.0,0.001000
20200,0.000000,1.000000,0.000000,1.000000,105.6,0.001000
20300,0.000000,1.000000,0.000000,1.000000,106.1,0.001000
20400,0.000000,1.000000,0.000000,1.000000,106.6,0.001000
20500,0.000000,1.000000,0.000000,1.000000,107.1,0.001000
20600,0.000000,1.000000,0.000000,1.000000,107.7,0.001000
20700,0.000000,1.000000,0.000000,1.000000,108.2,0.001000
20800,0.000000,1.000000,0.000000,1.000000,108.7,0.001000
20900,0.000000,1.000000,0.000000,1.000000,109.2,0.001000
21000,0.000000,1.000000,0.000000,1.000000,109.7,0.001000
21100,0.000000,1.000000,0.000000,1.000000,110.2,0.001000
21200,0.000000,1.000000,0.000000,1.000000,110.7,0.001000
21300,0.000000,1.000000,0.000000,1.000000,111.2,0.001000
21400,0.000000,1.000000,0.000000,1.000000,111.8,0.001000
21500,0.000000,1.000000,0.000000,1.000000,112.3,0.001000
21600,0.000000,1.000000,0.000000,1.000000,112.8,0.001000
21700,0.000000,1.000000,0.000000,1.000000,113.3,0.001000
21800,0.000000,1.000000,0.000000,1.000000,113.8,0.001000
21900,0.000000,1.000000,0.000000,1.000000,114.3,0.001000
22000,0.000000,1.000000,0.000000,1.000000,114.8,0.001000
22100,0.000000,1.000000,0.000000,1.000000,115.4,0.001000
22200,0.000000,1.000000,0.000000,1.000000,115.9,0.001000
22300,0.000000,1.000000,0.000000,1.000000,116.4,0.001000
22400,0.000000,1.000000,0.000000,1.000000,116.9,0.001000
22500,0.000000,1.000000,0.000000,1.000000,117.4,0.001000
22600,0.000000,1.000000,0.000000,1.000000,118.0,0.001000
22700,0.000000,1.000000,0.000000,1.000000,118.5,0.001000
22800,0.000000,1.000000,0.000000,1.000000,119.0,0.001000
22900,0.000000,1.000000,0.000000,1.000000,119.5,0.001000
23000,0.000000,1.000000,0.000000,1.000000,119.9,0.001000
23100,0.000000,1.000000,0.000000,1.000000,120.5,0.001000
23200,0.000000,1.000000,0.000000,1.000000,121.0,0.001000
23300,0.000000,1.000000,0.000000,1.000000,121.6,0.001000
23400,0.000000,1.000000,0.000000,1.000000,122.1,0.001000
23500,0.000000,1.000000,0.000000,1.000000,122.6,0.001000
23600,0.000000,1.000000,0.000000,1.000000,123.1,0.001000
23700,0.000000,1.000000,0.000000,1.000000,123.6,0.001000
23800,0.000000,1.000000,0.000000,1.000000,124.1,0.001000
23900,0.000000,1.000000,0.000000,1.000000,124.6,0.001000
24000,0.000000,1.000000,0.000000,1.000000,125.1,0.001000
24100,0.000000,1.000000,0.000000,1.000000,125.6,0.001000
24200,0.040558,0.990132,0.077134,0.985904,126.1,0.001000
24300,0.016549,0.994987,0.057011,0.988724,126.6,0.001000
24400,0.029225,0.994204,0.053174,0.988254,127.1,0.001000
24500,0.034238,0.993264,0.068048,0.987157,127.7,0.001000
24600,0.014793,0.997024,0.038125,0.992169,128.2,0.001000
24700,0.038229,0.993264,0.053805,0.989663,128.7,0.001000
24800,0.015505,0.995614,0.050133,0.989507,129.2,0.001000
24900,0.006872,0.998590,0.017781,0.995301,129.7,0.001000
25000,0.033937,0.993108,0.047011,0.989193,130.2,0.001000
25100,0.002435,0.999217,0.010778,0.997964,130.7,0.001000
25200,0.009708,0.997180,0.027291,0.993422,131.3,0.001000
25300,0.006381,0.998747,0.007201,0.997651,131.8,0.001000
25400,0.006870,0.998747,0.017629,0.996554,132.3,0.001000
25500,0.004569,0.998120,0.025437,0.995145,132.8,0.001000
25600,0.000230,1.000000,0.009475,0.998277,133.3,0.001000
25700,0.006960,0.997807,0.023770,0.994205,133.8,0.001000
25800,0.001295,0.999530,0.009233,0.996085,134.3,0.001000
25900,0.006608,0.998747,0.018654,0.996868,134.8,0.001000
26000,0.001973,0.999373,0.004597,0.998590,135.3,0.001000
26100,0.001083,0.999687,0.019994,0.997181,135.8,0.001000
26200,0.007350,0.997494,0.027051,0.993735,136.4,0.001000
26300,0.009870,0.997964,0.023274,0.994518,136.9,0.001000
26400,0.003414,0.999687,0.014554,0.996868,137.4,0.001000
26500,0.004201,0.999060,0.011648,0.996554,138.0,0.001000
26600,0.001003,0.999687,0.012863,0.996398,138.5,0.001000
26700,0.004445,0.998904,0.020088,0.995458,139.0,0.001000
26800,0.003611,0.999060,0.004668,0.998434,139.6,0.001000
26900,0.004069,0.999373,0.003948,0.999530,140.1,0.001000
27000,0.002744,0.999373,0.007342,0.997807,140.7,0.001000
27100,0.007729,0.998747,0.017548,0.997338,141.2,0.001000
27200,0.000177,1.000000,0.005101,0.997964,141.8,0.001000
27300,0.000002,1.000000,0.002840,0.999217,142.3,0.001000
27400,0.000001,1.000000,0.002097,0.999530,142.8,0.001000
27500,0.000000,1.000000,0.001337,0.999530,143.4,0.001000
27600,0.000000,1.000000,0.000654,0.999530,143.9,0.001000
27700,0.000000,1.000000,0.000175,1.000000,144.5,0.001000
27800,0.000000,1.000000,0.000041,1.000000,145.0,0.001000
27900,0.000000,1.000000,0.000014,1.000000,145.6,0.001000
28000,0.000000,1.000000,0.000002,1.000000,146.1,0.001000
28100,0.000000,1.000000,0.000001,1.000000,146.6,0.001000
28200,0.000000,1.000000,0.000000,1.000000,147.2,0.001000
28300,0.000000,1.000000,0.000000,1.000000,147.7,0.001000
28400,0.000000,1.000000,0.000000,1.000000,148.2,0.001000
28500,0.000000,1.000000,0.000000,1.000000,148.7,0.001000
28600,0.000000,1.000000,0.000000,1.000000,149.2,0.001000
28700,0.000000,1.000000,0.000000,1.000000,149.7,0.001000
28800,0.000000,1.000000,0.000000,1.000000,150.2,0.001000
28900,0.000000,1.000000,0.000000,1.000000,150.7,0.001000
29000,0.000000,1.000000,0.000000,1.000000,151.2,0.001000
29100,0.000000,1.000000,0.000000,1.000000,151.7,0.001000
29200,0.000000,1.000000,0.000000,1.000000,152.2,0.001000
29300,0.000000,1.000000,0.000000,1.000000,152.8,0.001000
29400,0.000000,1.000000,0.000000,1.000000,153.3,0.001000
29500,0.000000,1.000000,0.000000,1.000000,153.8,0.001000
29600,0.000000,1.000000,0.000000,1.000000,154.4,0.001000
29700,0.000000,1.000000,0.000000,1.000000,154.9,0.001000
29800,0.000000,1.000000,0.000000,1.000000,155.4,0.001000
29900,0.000000,1.000000,0.000000,1.000000,155.9,0.001000
30000,0.000000,1.000000,0.000000,1.000000,156.4,0.001000
30100,0.000000,1.000000,0.000000,1.000000,156.9,0.001000
30200,0.000000,1.000000,0.000000,1.000000,157.4,0.001000
30300,0.000000,1.000000,0.000000,1.000000,157.9,0.001000
30400,0.000000,1.000000,0.000000,1.000000,158.4,0.001000
30500,0.000000,1.000000,0.000000,1.000000,158.9,0.001000
30600,0.000000,1.000000,0.000000,1.000000,159.4,0.001000
30700,0.000000,1.000000,0.000000,1.000000,160.0,0.001000
30800,0.000000,1.000000,0.000000,1.000000,160.5,0.001000
30900,0.000000,1.000000,0.000000,1.000000,161.0,0.001000
31000,0.000000,1.000000,0.000000,1.000000,161.6,0.001000
31100,0.000000,1.000000,0.000000,1.000000,162.1,0.001000
31200,0.000000,1.000000,0.000000,1.000000,162.6,0.001000
31300,0.000000,1.000000,0.000000,1.000000,163.1,0.001000
31400,0.000000,1.000000,0.000000,1.000000,163.7,0.001000
31500,0.000000,1.000000,0.000000,1.000000,164.2,0.001000
31600,0.000000,1.000000,0.000000,1.000000,164.7,0.001000
31700,0.000000,1.000000,0.000000,1.000000,165.2,0.001000
31800,0.000000,1.000000,0.000000,1.000000,165.7,0.001000
31900,0.000000,1.000000,0.000000,1.000000,166.2,0.001000
32000,0.000000,1.000000,0.000000,1.000000,166.7,0.001000
32100,0.000000,1.000000,0.000000,1.000000,167.3,0.001000
32200,0.000000,1.000000,0.000000,1.000000,167.8,0.001000
32300,0.000000,1.000000,0.000000,1.000000,168.3,0.001000
32400,0.000000,1.000000,0.000000,1.000000,168.8,0.001000
32500,0.000000,1.000000,0.000000,1.000000,169.3,0.001000
32600,0.000000,1.000000,0.000000,1.000000,169.8,0.001000
32700,0.000000,1.000000,0.000000,1.000000,170.3,0.001000
32800,0.000000,1.000000,0.000000,1.000000,170.9,0.001000
32900,0.000000,1.000000,0.000000,1.000000,171.4,0.001000
33000,0.000000,1.000000,0.000000,1.000000,171.9,0.001000
33100,0.000000,1.000000,0.000000,1.000000,172.4,0.001000
33200,0.000000,1.000000,0.000000,1.000000,173.0,0.001000
33300,0.000000,1.000000,0.000000,1.000000,173.5,0.001000
33400,0.000000,1.000000,0.000000,1.000000,174.0,0.001000
33500,0.000000,1.000000,0.000000,1.000000,174.5,0.001000
33600,0.000000,1.000000,0.000000,1.000000,175.1,0.001000
33700,0.000000,1.000000,0.000000,1.000000,175.6,0.001000
33800,0.000000,1.000000,0.000000,1.000000,176.1,0.001000
33900,0.000000,1.000000,0.000000,1.000000,176.6,0.001000
34000,0.000000,1.000000,0.000000,1.000000,177.1,0.001000
34100,0.000000,1.000000,0.000000,1.000000,177.6,0.001000
34200,0.000000,1.000000,0.000000,1.000000,178.2,0.001000
34300,0.000000,1.000000,0.000000,1.000000,178.7,0.001000
34400,0.000000,1.000000,0.000000,1.000000,179.2,0.001000
34500,0.000000,1.000000,0.000000,1.000000,179.8,0.001000
34600,0.000000,1.000000,0.000000,1.000000,180.3,0.001000
34700,0.000000,1.000000,0.000000,1.000000,180.8,0.001000
34800,0.000000,1.000000,0.000000,1.000000,181.3,0.001000
34900,0.000000,1.000000,0.000000,1.000000,181.8,0.001000
35000,0.000000,1.000000,0.000000,1.000000,182.3,0.001000
35100,0.000000,1.000000,0.000000,1.000000,182.9,0.001000
35200,0.000000,1.000000,0.000000,1.000000,183.4,0.001000
35300,0.000000,1.000000,0.000000,1.000000,183.9,0.001000
35400,0.000000,1.000000,0.000000,1.000000,184.4,0.001000
35500,0.000000,1.000000,0.000000,1.000000,185.0,0.001000
35600,0.000000,1.000000,0.000000,1.000000,185.5,0.001000
35700,0.000000,1.000000,0.000000,1.000000,186.0,0.001000
35800,0.000000,1.000000,0.000000,1.000000,186.5,0.001000
35900,0.000000,1.000000,0.000000,1.000000,186.9,0.001000
36000,0.000000,1.000000,0.000000,1.000000,187.5,0.001000
36100,0.000000,1.000000,0.000000,1.000000,188.0,0.001000
36200,0.000000,1.000000,0.000000,1.000000,188.5,0.001000
36300,0.000000,1.000000,0.000000,1.000000,189.0,0.001000
36400,0.000000,1.000000,0.000000,1.000000,189.5,0.001000
36500,0.000000,1.000000,0.000000,1.000000,190.0,0.001000
36600,0.000000,1.000000,0.000000,1.000000,190.5,0.001000
36700,0.000000,1.000000,0.000000,1.000000,191.0,0.001000
36800,0.000000,1.000000,0.000000,1.000000,191.5,0.001000
36900,0.000000,1.000000,0.000000,1.000000,192.0,0.001000
37000,0.000000,1.000000,0.000000,1.000000,192.5,0.001000
37100,0.000000,1.000000,0.000000,1.000000,193.0,0.001000
37200,0.000000,1.000000,0.000000,1.000000,193.5,0.001000
37300,0.000000,1.000000,0.000000,1.000000,194.0,0.001000
37400,0.000000,1.000000,0.000000,1.000000,194.5,0.001000
37500,0.000000,1.000000,0.000000,1.000000,195.0,0.001000
37600,0.000000,1.000000,0.000000,1.000000,195.5,0.001000
37700,0.000000,1.000000,0.000000,1.000000,196.0,0.001000
37800,0.000000,1.000000,0.000000,1.000000,196.5,0.001000
37900,0.000000,1.000000,0.000000,1.000000,197.0,0.001000
38000,0.000000,1.000000,0.000000,1.000000,197.5,0.001000
38100,0.000000,1.000000,0.000000,1.000000,198.0,0.001000
38200,0.000000,1.000000,0.000000,1.000000,198.5,0.001000
38300,0.000000,1.000000,0.000000,1.000000,199.0,0.001000
38400,0.000000,1.000000,0.000000,1.000000,199.5,0.001000
38500,0.000000,1.000000,0.000000,1.000000,200.0,0.001000
38600,0.000000,1.000000,0.000000,1.000000,200.5,0.001000
38700,0.000000,1.000000,0.000000,1.000000,201.0,0.001000
38800,0.000000,1.000000,0.000000,1.000000,201.4,0.001000
38900,0.000000,1.000000,0.000000,1.000000,201.9,0.001000
39000,0.038597,0.992951,0.062841,0.989507,202.5,0.001000
39100,0.059545,0.988409,0.101120,0.983242,203.1,0.001000
39200,0.030011,0.994361,0.101371,0.984808,203.6,0.001000
39300,0.016960,0.995771,0.042810,0.992639,204.1,0.001000
39400,0.032154,0.994204,0.055056,0.990760,204.7,0.001000
39500,0.015015,0.996397,0.029832,0.993892,205.2,0.001000
39600,0.004959,0.998747,0.019060,0.996241,205.7,0.001000
39700,0.013316,0.996554,0.032558,0.992639,206.3,0.001000
39800,0.010719,0.997964,0.029499,0.992952,206.8,0.001000
39900,0.010094,0.997494,0.026216,0.992639,207.3,0.001000
40000,0.012567,0.996397,0.037664,0.989820,207.8,0.001000
40100,0.003197,0.998904,0.015981,0.996868,208.3,0.001000
40200,0.010666,0.998120,0.030572,0.993422,208.8,0.001000
40300,0.011785,0.996084,0.027173,0.992482,209.3,0.001000
40400,0.001376,0.999687,0.008924,0.998121,209.8,0.001000
40500,0.006074,0.997964,0.023300,0.994362,210.3,0.001000
40600,0.005444,0.999060,0.019549,0.996398,210.8,0.001000
40700,0.007064,0.998590,0.020933,0.995301,211.3,0.001000
40800,0.002628,0.998904,0.009021,0.997964,211.8,0.001000
40900,0.011689,0.997494,0.017988,0.996241,212.3,0.001000
41000,0.001926,0.999687,0.006429,0.998121,212.8,0.001000
41100,0.001856,0.999687,0.006394,0.997964,213.3,0.001000
41200,0.000479,0.999843,0.007931,0.997651,213.8,0.001000
41300,0.010062,0.997807,0.021188,0.994362,214.3,0.001000
41400,0.002003,0.999373,0.011066,0.997181,214.9,0.001000
41500,0.003895,0.999060,0.021222,0.995928,215.4,0.001000
41600,0.009262,0.998747,0.013256,0.996241,215.9,0.001000
41700,0.000044,1.000000,0.007669,0.998277,216.4,0.001000
41800,0.000001,1.000000,0.006367,0.998747,216.9,0.001000
41900,0.000000,1.000000,0.005585,0.998904,217.4,0.001000
42000,0.000000,1.000000,0.004984,0.999060,217.9,0.001000
42100,0.000000,1.000000,0.004273,0.998904,218.4,0.001000
42200,0.000000,1.000000,0.003830,0.999060,218.9,0.001000
42300,0.000000,1.000000,0.003297,0.999373,219.4,0.001000
42400,0.000000,1.000000,0.000551,0.999687,219.9,0.001000
42500,0.000000,1.000000,0.000002,1.000000,220.4,0.001000
42600,0.000000,1.000000,0.000001,1.000000,220.9,0.001000
42700,0.000000,1.000000,0.000000,1.000000,221.4,0.001000
42800,0.000000,1.000000,0.000000,1.000000,221.9,0.001000
42900,0.000000,1.000000,0.000000,1.000000,222.4,0.001000
43000,0.000000,1.000000,0.000000,1.000000,222.9,0.001000
43100,0.000000,1.000000,0.000000,1.000000,223.4,0.001000
43200,0.000000,1.000000,0.000000,1.000000,224.0,0.001000
43300,0.000000,1.000000,0.000000,1.000000,224.5,0.001000
43400,0.000000,1.000000,0.000000,1.000000,225.0,0.001000
43500,0.000000,1.000000,0.000000,1.000000,225.5,0.001000
43600,0.000000,1.000000,0.000000,1.000000,226.0,0.001000
43700,0.000000,1.000000,0.000000,1.000000,226.5,0.001000
43800,0.000000,1.000000,0.000000,1.000000,227.0,0.001000
43900,0.000000,1.000000,0.000000,1.000000,227.5,0.001000
44000,0.000000,1.000000,0.000000,1.000000,228.0,0.001000
44100,0.000000,1.000000,0.000000,1.000000,228.5,0.001000
44200,0.000000,1.000000,0.000000,1.000000,229.0,0.001000
44300,0.000000,1.000000,0.000000,1.000000,229.6,0.001000
44400,0.000000,1.000000,0.000000,1.000000,230.0,0.001000
44500,0.000000,1.000000,0.000000,1.000000,230.6,0.001000
44600,0.000000,1.000000,0.000000,1.000000,231.1,0.001000
44700,0.000000,1.000000,0.000000,1.000000,231.6,0.001000
44800,0.000000,1.000000,0.000000,1.000000,232.1,0.001000
44900,0.000000,1.000000,0.000000,1.000000,232.6,0.001000
45000,0.000000,1.000000,0.000000,1.000000,233.1,0.001000
45100,0.000000,1.000000,0.000000,1.000000,233.6,0.001000
45200,0.000000,1.000000,0.000000,1.000000,234.1,0.001000
45300,0.000000,1.000000,0.000000,1.000000,234.7,0.001000
45400,0.000000,1.000000,0.000000,1.000000,235.1,0.001000
45500,0.000000,1.000000,0.000000,1.000000,235.7,0.001000
45600,0.000000,1.000000,0.000000,1.000000,236.2,0.001000
45700,0.000000,1.000000,0.000000,1.000000,236.7,0.001000
45800,0.000000,1.000000,0.000000,1.000000,237.2,0.001000
45900,0.000000,1.000000,0.000000,1.000000,237.7,0.001000
46000,0.000000,1.000000,0.000000,1.000000,238.2,0.001000
46100,0.000000,1.000000,0.000000,1.000000,238.7,0.001000
46200,0.000000,1.000000,0.000000,1.000000,239.2,0.001000
46300,0.000000,1.000000,0.000000,1.000000,239.8,0.001000
46400,0.000000,1.000000,0.000000,1.000000,240.2,0.001000
46500,0.000000,1.000000,0.000000,1.000000,240.7,0.001000
46600,0.000000,1.000000,0.000000,1.000000,241.3,0.001000
46700,0.000000,1.000000,0.000000,1.000000,241.8,0.001000
46800,0.000000,1.000000,0.000000,1.000000,242.3,0.001000
46900,0.000000,1.000000,0.000000,1.000000,242.9,0.001000
47000,0.000000,1.000000,0.000000,1.000000,243.3,0.001000
47100,0.000000,1.000000,0.000000,1.000000,243.9,0.001000
47200,0.000000,1.000000,0.000000,1.000000,244.4,0.001000
47300,0.000000,1.000000,0.000000,1.000000,244.9,0.001000
47400,0.000000,1.000000,0.000000,1.000000,245.4,0.001000
47500,0.000000,1.000000,0.000000,1.000000,245.9,0.001000
47600,0.000000,1.000000,0.000000,1.000000,246.3,0.001000
47700,0.000000,1.000000,0.000000,1.000000,246.9,0.001000
47800,0.000000,1.000000,0.000000,1.000000,247.4,0.001000
47900,0.000000,1.000000,0.000000,1.000000,247.9,0.001000
48000,0.000000,1.000000,0.000000,1.000000,248.4,0.001000
48100,0.000000,1.000000,0.000000,1.000000,248.9,0.001000
48200,0.000000,1.000000,0.000000,1.000000,249.4,0.001000
48300,0.000000,1.000000,0.000000,1.000000,249.9,0.001000
48400,0.000000,1.000000,0.000000,1.000000,250.4,0.001000
48500,0.000000,1.000000,0.000000,1.000000,250.9,0.001000
48600,0.000000,1.000000,0.000000,1.000000,251.5,0.001000
48700,0.000000,1.000000,0.000000,1.000000,252.0,0.001000
48800,0.000000,1.000000,0.000000,1.000000,252.4,0.001000
48900,0.000000,1.000000,0.000000,1.000000,253.0,0.001000
49000,0.000000,1.000000,0.000000,1.000000,253.5,0.001000
49100,0.000000,1.000000,0.000000,1.000000,254.0,0.001000
49200,0.000000,1.000000,0.000000,1.000000,254.5,0.001000
49300,0.000000,1.000000,0.000000,1.000000,255.0,0.001000
49400,0.000000,1.000000,0.000000,1.000000,255.5,0.001000
49500,0.000000,1.000000,0.000000,1.000000,256.0,0.001000
49600,0.000000,1.000000,0.000000,1.000000,256.4,0.001000
49700,0.000000,1.000000,0.000000,1.000000,256.9,0.001000
49800,0.000000,1.000000,0.000000,1.000000,257.4,0.001000
49900,0.000000,1.000000,0.000000,1.000000,257.9,0.001000
50000,0.000000,1.000000,0.000000,1.000000,258.4,0.001000
50100,0.000000,1.000000,0.000000,1.000000,258.9,0.001000
50200,0.000000,1.000000,0.000000,1.000000,259.4,0.001000
50300,0.000000,1.000000,0.000000,1.000000,260.0,0.001000
50400,0.000000,1.000000,0.000000,1.000000,260.5,0.001000
50500,0.000000,1.000000,0.000000,1.000000,261.0,0.001000
50600,0.026496,0.994048,0.061466,0.990290,261.5,0.001000
50700,0.040687,0.993734,0.065964,0.990290,261.9,0.001000
50800,0.041000,0.993264,0.079179,0.987784,262.5,0.001000
50900,0.010535,0.997964,0.024238,0.994205,262.9,0.001000
51000,0.006918,0.997807,0.026460,0.993892,263.4,0.001000
51100,0.013215,0.998434,0.024064,0.995771,263.9,0.001000
51200,0.007759,0.997964,0.022486,0.994362,264.5,0.001000
51300,0.011844,0.996711,0.029240,0.992796,264.9,0.001000
51400,0.011935,0.997807,0.040170,0.992482,265.5,0.001000
51500,0.004266,0.998434,0.013070,0.996711,266.0,0.001000
51600,0.004498,0.998590,0.011472,0.996554,266.5,0.001000
51700,0.004831,0.998747,0.017222,0.994205,266.9,0.001000
51800,0.016107,0.997807,0.018681,0.995771,267.4,0.001000
51900,0.004197,0.998747,0.004608,0.998904,268.0,0.001000
52000,0.006624,0.998904,0.010187,0.998434,268.5,0.001000
52100,0.010514,0.997494,0.028638,0.995301,269.0,0.001000
52200,0.001528,0.999530,0.008538,0.997807,269.6,0.001000
52300,0.004296,0.998434,0.014406,0.995458,270.0,0.001000
52400,0.003331,0.999060,0.005781,0.998121,270.6,0.001000
52500,0.000489,0.999843,0.006388,0.997494,271.1,0.001000
52600,0.011635,0.997494,0.016221,0.995458,271.7,0.001000
52700,0.000258,0.999843,0.006996,0.998904,272.2,0.001000
52800,0.006056,0.998120,0.030859,0.993579,272.7,0.001000
52900,0.003523,0.998904,0.016766,0.995928,273.2,0.001000
53000,0.000214,1.000000,0.003705,0.998747,273.7,0.001000
53100,0.003565,0.998904,0.006150,0.998277,274.2,0.001000
53200,0.002704,0.999060,0.012846,0.997964,274.8,0.001000
53300,0.000611,1.000000,0.009746,0.997651,275.3,0.001000
53400,0.000002,1.000000,0.002251,0.999373,275.8,0.001000
53500,0.000001,1.000000,0.001863,0.999373,276.3,0.001000
53600,0.000000,1.000000,0.001727,0.999373,276.8,0.001000
53700,0.000000,1.000000,0.001726,0.999217,277.4,0.001000
53800,0.000000,1.000000,0.002224,0.999373,277.9,0.001000
53900,0.000000,1.000000,0.003016,0.999217,278.4,0.001000
54000,0.000000,1.000000,0.000668,0.999843,278.9,0.001000
54100,0.000000,1.000000,0.000003,1.000000,279.4,0.001000
54200,0.000000,1.000000,0.000001,1.000000,279.9,0.001000
54300,0.000000,1.000000,0.000000,1.000000,280.5,0.001000
54400,0.000000,1.000000,0.000000,1.000000,281.0,0.001000
54500,0.000000,1.000000,0.000000,1.000000,281.5,0.001000
54600,0.000000,1.000000,0.000000,1.000000,282.0,0.001000
54700,0.000000,1.000000,0.000000,1.000000,282.5,0.001000
54800,0.000000,1.000000,0.000000,1.000000,283.0,0.001000
54900,0.000000,1.000000,0.000000,1.000000,283.5,0.001000
55000,0.000000,1.000000,0.000000,1.000000,284.0,0.001000
55100,0.000000,1.000000,0.000000,1.000000,284.5,0.001000
55200,0.000000,1.000000,0.000000,1.000000,285.0,0.001000
55300,0.000000,1.000000,0.000000,1.000000,285.5,0.001000
55400,0.000000,1.000000,0.000000,1.000000,286.0,0.001000
55500,0.000000,1.000000,0.000000,1.000000,286.5,0.001000
55600,0.000000,1.000000,0.000000,1.000000,287.0,0.001000
55700,0.000000,1.000000,0.000000,1.000000,287.6,0.001000
55800,0.000000,1.000000,0.000000,1.000000,288.1,0.001000
55900,0.000000,1.000000,0.000000,1.000000,288.6,0.001000
56000,0.000000,1.000000,0.000000,1.000000,289.1,0.001000
56100,0.000000,1.000000,0.000000,1.000000,289.6,0.001000
56200,0.000000,1.000000,0.000000,1.000000,290.1,0.001000
56300,0.000000,1.000000,0.000000,1.000000,290.6,0.001000
56400,0.000000,1.000000,0.000000,1.000000,291.0,0.001000
56500,0.000000,1.000000,0.000000,1.000000,291.5,0.001000
56600,0.000000,1.000000,0.000000,1.000000,292.1,0.001000
56700,0.000000,1.000000,0.000000,1.000000,292.6,0.001000
56800,0.000000,1.000000,0.000000,1.000000,293.1,0.001000
56900,0.000000,1.000000,0.000000,1.000000,293.6,0.001000
57000,0.000000,1.000000,0.000000,1.000000,294.1,0.001000
57100,0.000000,1.000000,0.000000,1.000000,294.6,0.001000
57200,0.000000,1.000000,0.000000,1.000000,295.1,0.001000
57300,0.000000,1.000000,0.000000,1.000000,295.6,0.001000
57400,0.000000,1.000000,0.000000,1.000000,296.1,0.001000
57500,0.000000,1.000000,0.000000,1.000000,296.6,0.001000
57600,0.000000,1.000000,0.000000,1.000000,297.1,0.001000
57700,0.000000,1.000000,0.000000,1.000000,297.6,0.001000
57800,0.000000,1.000000,0.000000,1.000000,298.1,0.001000
57900,0.000000,1.000000,0.000000,1.000000,298.6,0.001000
58000,0.000000,1.000000,0.000000,1.000000,299.2,0.001000
58100,0.000000,1.000000,0.000000,1.000000,299.7,0.001000
58200,0.000000,1.000000,0.000000,1.000000,300.2,0.001000
58300,0.000000,1.000000,0.000000,1.000000,300.7,0.001000
58400,0.000000,1.000000,0.000000,1.000000,301.3,0.001000
58500,0.000000,1.000000,0.000000,1.000000,301.8,0.001000
58600,0.000000,1.000000,0.000000,1.000000,302.4,0.001000
58700,0.000000,1.000000,0.000000,1.000000,302.9,0.001000
58800,0.000000,1.000000,0.000000,1.000000,303.4,0.001000
58900,0.000000,1.000000,0.000000,1.000000,303.9,0.001000
59000,0.000000,1.000000,0.000000,1.000000,304.4,0.001000
59100,0.000000,1.000000,0.000000,1.000000,304.9,0.001000
59200,0.000000,1.000000,0.000000,1.000000,305.4,0.001000
59300,0.000000,1.000000,0.000000,1.000000,305.9,0.001000
59400,0.000000,1.000000,0.000000,1.000000,306.4,0.001000
59500,0.000000,1.000000,0.000000,1.000000,306.9,0.001000
59600,0.000000,1.000000,0.000000,1.000000,307.5,0.001000
59700,0.000000,1.000000,0.000000,1.000000,308.0,0.001000
59800,0.000000,1.000000,0.000000,1.000000,308.5,0.001000
59900,0.000000,1.000000,0.000000,1.000000,309.1,0.001000
60000,0.000000,1.000000,0.000000,1.000000,309.6,0.001000
60100,0.000000,1.000000,0.000000,1.000000,310.1,0.001000
60200,0.000000,1.000000,0.000000,1.000000,310.6,0.001000
60300,0.000000,1.000000,0.000000,1.000000,311.1,0.001000
60400,0.000000,1.000000,0.000000,1.000000,311.6,0.001000
60500,0.000000,1.000000,0.000000,1.000000,312.2,0.001000
60600,0.000000,1.000000,0.000000,1.000000,312.7,0.001000
60700,0.000000,1.000000,0.000000,1.000000,313.2,0.001000
60800,0.000000,1.000000,0.000000,1.000000,313.7,0.001000
60900,0.025246,0.995614,0.065649,0.992952,314.2,0.001000
61000,0.006773,0.998434,0.017814,0.995615,314.7,0.001000
61100,0.018583,0.997494,0.026358,0.994832,315.2,0.001000
61200,0.007725,0.998277,0.025509,0.994205,315.7,0.001000
61300,0.006267,0.997807,0.018032,0.995771,316.2,0.001000
61400,0.008220,0.997964,0.018281,0.996085,316.7,0.001000
61500,0.005960,0.997964,0.021629,0.995301,317.2,0.001000
61600,0.007253,0.999060,0.013904,0.997024,317.7,0.001000
61700,0.034554,0.994204,0.044654,0.991856,318.3,0.001000
61800,0.007769,0.998747,0.016577,0.997651,318.8,0.001000
61900,0.005673,0.998590,0.013175,0.996868,319.3,0.001000
62000,0.003474,0.999373,0.014329,0.995928,319.9,0.001000
62100,0.007117,0.997964,0.021437,0.996711,320.4,0.001000
62200,0.001471,0.999530,0.010370,0.996868,320.9,0.001000
62300,0.001358,0.999373,0.011416,0.997024,321.4,0.001000
62400,0.004357,0.999060,0.011637,0.997964,321.9,0.001000
62500,0.007883,0.997650,0.016292,0.995145,322.4,0.001000
62600,0.005638,0.999060,0.007126,0.998121,322.9,0.001000
62700,0.005525,0.998904,0.013548,0.996085,323.4,0.001000
62800,0.008086,0.997964,0.015490,0.997338,324.0,0.001000
62900,0.014440,0.998277,0.009223,0.996711,324.5,0.001000
63000,0.003032,0.999217,0.016433,0.995301,325.0,0.001000
63100,0.000009,1.000000,0.002863,0.999217,325.5,0.001000
63200,0.010093,0.997180,0.029886,0.993422,326.0,0.001000
63300,0.000008,1.000000,0.009275,0.997964,326.5,0.001000
63400,0.000002,1.000000,0.006817,0.998121,327.0,0.001000
63500,0.000001,1.000000,0.005322,0.998434,327.6,0.001000
63600,0.000000,1.000000,0.003890,0.998590,328.1,0.001000
63700,0.000000,1.000000,0.002961,0.998904,328.6,0.001000
63800,0.000000,1.000000,0.002338,0.999217,329.1,0.001000
63900,0.000000,1.000000,0.001896,0.999530,329.6,0.001000
64000,0.000000,1.000000,0.000115,1.000000,330.2,0.001000
64100,0.000000,1.000000,0.000001,1.000000,330.6,0.001000
64200,0.000000,1.000000,0.000000,1.000000,331.2,0.001000
64300,0.000000,1.000000,0.000000,1.000000,331.7,0.001000
64400,0.000000,1.000000,0.000000,1.000000,332.2,0.001000
64500,0.000000,1.000000,0.000000,1.000000,332.8,0.001000
64600,0.000000,1.000000,0.000000,1.000000,333.3,0.001000
64700,0.000000,1.000000,0.000000,1.000000,333.8,0.001000
64800,0.000000,1.000000,0.000000,1.000000,334.3,0.001000
64900,0.000000,1.000000,0.000000,1.000000,334.9,0.001000
65000,0.000000,1.000000,0.000000,1.000000,335.5,0.001000
65100,0.000000,1.000000,0.000000,1.000000,336.0,0.001000
65200,0.000000,1.000000,0.000000,1.000000,336.5,0.001000
65300,0.000000,1.000000,0.000000,1.000000,337.1,0.001000
65400,0.000000,1.000000,0.000000,1.000000,337.6,0.001000
65500,0.000000,1.000000,0.000000,1.000000,338.2,0.001000
65600,0.000000,1.000000,0.000000,1.000000,338.7,0.001000
65700,0.000000,1.000000,0.000000,1.000000,339.3,0.001000
65800,0.000000,1.000000,0.000000,1.000000,339.8,0.001000
65900,0.000000,1.000000,0.000000,1.000000,340.3,0.001000
66000,0.000000,1.000000,0.000000,1.000000,340.8,0.001000
66100,0.000000,1.000000,0.000000,1.000000,341.3,0.001000
66200,0.000000,1.000000,0.000000,1.000000,341.9,0.001000
66300,0.000000,1.000000,0.000000,1.000000,342.4,0.001000
66400,0.000000,1.000000,0.000000,1.000000,342.9,0.001000
66500,0.000000,1.000000,0.000000,1.000000,343.4,0.001000
66600,0.000000,1.000000,0.000000,1.000000,344.0,0.001000
66700,0.000000,1.000000,0.000000,1.000000,344.5,0.001000
66800,0.000000,1.000000,0.000000,1.000000,345.1,0.001000
66900,0.000000,1.000000,0.000000,1.000000,345.6,0.001000
67000,0.000000,1.000000,0.000000,1.000000,346.1,0.001000
67100,0.000000,1.000000,0.000000,1.000000,346.7,0.001000
67200,0.000000,1.000000,0.000000,1.000000,347.2,0.001000
67300,0.000000,1.000000,0.000000,1.000000,347.7,0.001000
67400,0.000000,1.000000,0.000000,1.000000,348.3,0.001000
67500,0.000000,1.000000,0.000000,1.000000,348.8,0.001000
67600,0.000000,1.000000,0.000000,1.000000,349.3,0.001000
67700,0.000000,1.000000,0.000000,1.000000,349.9,0.001000
67800,0.000000,1.000000,0.000000,1.000000,350.4,0.001000
67900,0.000000,1.000000,0.000000,1.000000,350.9,0.001000
68000,0.000000,1.000000,0.000000,1.000000,351.4,0.001000
68100,0.000000,1.000000,0.000000,1.000000,351.9,0.001000
68200,0.000000,1.000000,0.000000,1.000000,352.5,0.001000
68300,0.000000,1.000000,0.000000,1.000000,353.0,0.001000
68400,0.000000,1.000000,0.000000,1.000000,353.5,0.001000
68500,0.000000,1.000000,0.000000,1.000000,354.0,0.001000
68600,0.000000,1.000000,0.000000,1.000000,354.5,0.001000
68700,0.000000,1.000000,0.000000,1.000000,355.1,0.001000
68800,0.000000,1.000000,0.000000,1.000000,355.6,0.001000
68900,0.000000,1.000000,0.000000,1.000000,356.1,0.001000
69000,0.000000,1.000000,0.000000,1.000000,356.7,0.001000
69100,0.000000,1.000000,0.000000,1.000000,357.2,0.001000
69200,0.005551,0.998590,0.011316,0.996241,357.7,0.001000
69300,0.010788,0.996711,0.022403,0.992796,358.3,0.001000
69400,0.000226,1.000000,0.004905,0.998277,358.8,0.001000
69500,0.026898,0.993891,0.026980,0.993422,359.3,0.001000
69600,0.010915,0.996397,0.035698,0.993579,359.8,0.001000
69700,0.003577,0.998904,0.019985,0.994362,360.4,0.001000
69800,0.009344,0.997337,0.024104,0.994832,360.9,0.001000
69900,0.003075,0.998590,0.019123,0.994675,361.4,0.001000
70000,0.010379,0.998277,0.018998,0.996398,362.0,0.001000
70100,0.009222,0.997650,0.026591,0.994675,362.5,0.001000
70200,0.001903,0.999530,0.016510,0.996085,363.0,0.001000
70300,0.011694,0.997180,0.027336,0.994518,363.5,0.001000
70400,0.001987,0.999687,0.010133,0.998121,364.0,0.001000
70500,0.005048,0.998747,0.014899,0.997494,364.6,0.001000
70600,0.001460,0.999530,0.009335,0.997181,365.1,0.001000
70700,0.003455,0.998904,0.005675,0.998434,365.6,0.001000
70800,0.003988,0.998747,0.013313,0.996554,366.2,0.001000
70900,0.007788,0.997807,0.014176,0.995771,366.7,0.001000
71000,0.002262,0.999217,0.010803,0.997181,367.3,0.001000
71100,0.013990,0.997024,0.017083,0.996711,367.8,0.001000
71200,0.004145,0.999373,0.017476,0.996868,368.3,0.001000
71300,0.008553,0.998120,0.017416,0.996554,368.9,0.001000
71400,0.005723,0.999530,0.013620,0.997024,369.4,0.001000
71500,0.002310,0.999217,0.005327,0.998121,369.9,0.001000
71600,0.000033,1.000000,0.008693,0.998747,370.5,0.001000
71700,0.000001,1.000000,0.005261,0.998747,371.0,0.001000
71800,0.000000,1.000000,0.004736,0.998904,371.5,0.001000
71900,0.000000,1.000000,0.004503,0.999060,372.0,0.001000
72000,0.000000,1.000000,0.004801,0.998904,372.6,0.001000
72100,0.000000,1.000000,0.006155,0.998904,373.1,0.001000
72200,0.000000,1.000000,0.004313,0.999060,373.6,0.001000
72300,0.000000,1.000000,0.000627,0.999843,374.2,0.001000
72400,0.000000,1.000000,0.000031,1.000000,374.7,0.001000
72500,0.000000,1.000000,0.000000,1.000000,375.2,0.001000
72600,0.000000,1.000000,0.000000,1.000000,375.8,0.001000
72700,0.000000,1.000000,0.000000,1.000000,376.3,0.001000
72800,0.000000,1.000000,0.000000,1.000000,376.8,0.001000
72900,0.000000,1.000000,0.000000,1.000000,377.4,0.001000
73000,0.000000,1.000000,0.000000,1.000000,377.9,0.001000
73100,0.000000,1.000000,0.000000,1.000000,378.4,0.001000
73200,0.000000,1.000000,0.000000,1.000000,379.0,0.001000
73300,0.000000,1.000000,0.000000,1.000000,379.5,0.001000
73400,0.000000,1.000000,0.000000,1.000000,380.1,0.001000
73500,0.000000,1.000000,0.000000,1.000000,380.6,0.001000
73600,0.000000,1.000000,0.000000,1.000000,381.1,0.001000
73700,0.000000,1.000000,0.000000,1.000000,381.7,0.001000
73800,0.000000,1.000000,0.000000,1.000000,382.2,0.001000
73900,0.000000,1.000000,0.000000,1.000000,382.7,0.001000
74000,0.000000,1.000000,0.000000,1.000000,383.3,0.001000
74100,0.000000,1.000000,0.000000,1.000000,383.8,0.001000
74200,0.000000,1.000000,0.000000,1.000000,384.3,0.001000
74300,0.000000,1.000000,0.000000,1.000000,384.8,0.001000
74400,0.000000,1.000000,0.000000,1.000000,385.4,0.001000
74500,0.000000,1.000000,0.000000,1.000000,385.9,0.001000
74600,0.000000,1.000000,0.000000,1.000000,386.4,0.001000
74700,0.000000,1.000000,0.000000,1.000000,387.0,0.001000
74800,0.000000,1.000000,0.000000,1.000000,387.5,0.001000
74900,0.000000,1.000000,0.000000,1.000000,388.0,0.001000
75000,0.000000,1.000000,0.000000,1.000000,388.5,0.001000
75100,0.000000,1.000000,0.000000,1.000000,389.0,0.001000
75200,0.000000,1.000000,0.000000,1.000000,389.5,0.001000
75300,0.000000,1.000000,0.000000,1.000000,390.0,0.001000
75400,0.000000,1.000000,0.000000,1.000000,390.6,0.001000
75500,0.000000,1.000000,0.000000,1.000000,391.1,0.001000
75600,0.000000,1.000000,0.000000,1.000000,391.6,0.001000
75700,0.000000,1.000000,0.000000,1.000000,392.1,0.001000
75800,0.000000,1.000000,0.000000,1.000000,392.7,0.001000
75900,0.000000,1.000000,0.000000,1.000000,393.2,0.001000
76000,0.000000,1.000000,0.000000,1.000000,393.7,0.001000
76100,0.000000,1.000000,0.000000,1.000000,394.3,0.001000
76200,0.000000,1.000000,0.000000,1.000000,394.8,0.001000
76300,0.000000,1.000000,0.000000,1.000000,395.3,0.001000
76400,0.000000,1.000000,0.000000,1.000000,395.8,0.001000
76500,0.000000,1.000000,0.000000,1.000000,396.3,0.001000
76600,0.000000,1.000000,0.000000,1.000000,396.8,0.001000
76700,0.000000,1.000000,0.000000,1.000000,397.3,0.001000
76800,0.000000,1.000000,0.000000,1.000000,397.8,0.001000
76900,0.000000,1.000000,0.000000,1.000000,398.4,0.001000
77000,0.000000,1.000000,0.000000,1.000000,398.9,0.001000
77100,0.000000,1.000000,0.000000,1.000000,399.4,0.001000
77200,0.000000,1.000000,0.000000,1.000000,399.9,0.001000
77300,0.000000,1.000000,0.000000,1.000000,400.5,0.001000
77400,0.000000,1.000000,0.000000,1.000000,401.0,0.001000
77500,0.000000,1.000000,0.000000,1.000000,401.6,0.001000
77600,0.000000,1.000000,0.000000,1.000000,402.1,0.001000
77700,0.000000,1.000000,0.000000,1.000000,402.7,0.001000
77800,0.000000,1.000000,0.000000,1.000000,403.3,0.001000
77900,0.000000,1.000000,0.000000,1.000000,403.8,0.001000
78000,0.000000,1.000000,0.000000,1.000000,404.3,0.001000
78100,0.000000,1.000000,0.000000,1.000000,404.9,0.001000
78200,0.000000,1.000000,0.000000,1.000000,405.4,0.001000
78300,0.000000,1.000000,0.000000,1.000000,405.9,0.001000
78400,0.000000,1.000000,0.000000,1.000000,406.5,0.001000
78500,0.000000,1.000000,0.000000,1.000000,407.0,0.001000
78600,0.000000,1.000000,0.000000,1.000000,407.5,0.001000
78700,0.000000,1.000000,0.000000,1.000000,408.0,0.001000
78800,0.141888,0.979323,0.185607,0.977917,408.6,0.001000
78900,0.003478,0.999060,0.007786,0.997494,409.1,0.001000
79000,0.089114,0.986842,0.103464,0.983085,409.6,0.001000
79100,0.003643,0.999060,0.007829,0.998434,410.1,0.001000
79200,0.005796,0.998434,0.012499,0.996241,410.6,0.001000
79300,0.007696,0.998120,0.028078,0.993735,411.1,0.001000
79400,0.002417,0.999530,0.004739,0.998747,411.6,0.001000
79500,0.022040,0.993578,0.037855,0.989507,412.1,0.001000
79600,0.011710,0.998904,0.015596,0.997024,412.7,0.001000
79700,0.004535,0.998747,0.012017,0.996711,413.2,0.001000
79800,0.000416,1.000000,0.004450,0.998277,413.7,0.001000
79900,0.009836,0.998434,0.023554,0.995928,414.2,0.001000
80000,0.006146,0.998434,0.029264,0.994675,414.7,0.001000
80100,0.003467,0.999217,0.013406,0.996868,415.2,0.001000
80200,0.001177,0.999530,0.009556,0.997807,415.7,0.001000
80300,0.004577,0.998590,0.009987,0.997807,416.2,0.001000
80400,0.002487,0.999217,0.017162,0.996868,416.8,0.001000
80500,0.001134,0.999530,0.010410,0.998121,417.3,0.001000
80600,0.010692,0.997180,0.026141,0.993892,417.9,0.001000
80700,0.000015,1.000000,0.005423,0.998434,418.4,0.001000
80800,0.004126,0.998590,0.014782,0.996085,418.9,0.001000
80900,0.002282,0.999373,0.008187,0.997807,419.4,0.001000
81000,0.000005,1.000000,0.005566,0.998747,420.0,0.001000
81100,0.000001,1.000000,0.004501,0.998747,420.5,0.001000
81200,0.000001,1.000000,0.004170,0.998747,421.0,0.001000
81300,0.000000,1.000000,0.003621,0.999217,421.5,0.001000
81400,0.000000,1.000000,0.003054,0.999373,422.0,0.001000
81500,0.000000,1.000000,0.002587,0.999530,422.5,0.001000
81600,0.000000,1.000000,0.001432,0.999687,423.0,0.001000
81700,0.000000,1.000000,0.000098,1.000000,423.6,0.001000
81800,0.000000,1.000000,0.000002,1.000000,424.1,0.001000
81900,0.000000,1.000000,0.000001,1.000000,424.6,0.001000
82000,0.000000,1.000000,0.000000,1.000000,425.1,0.001000
82100,0.000000,1.000000,0.000000,1.000000,425.7,0.001000
82200,0.000000,1.000000,0.000000,1.000000,426.2,0.001000
82300,0.000000,1.000000,0.000000,1.000000,426.7,0.001000
82400,0.000000,1.000000,0.000000,1.000000,427.2,0.001000
82500,0.000000,1.000000,0.000000,1.000000,427.7,0.001000
82600,0.000000,1.000000,0.000000,1.000000,428.3,0.001000
82700,0.000000,1.000000,0.000000,1.000000,428.8,0.001000
82800,0.000000,1.000000,0.000000,1.000000,429.3,0.001000
82900,0.000000,1.000000,0.000000,1.000000,429.8,0.001000
83000,0.000000,1.000000,0.000000,1.000000,430.4,0.001000
83100,0.000000,1.000000,0.000000,1.000000,430.9,0.001000
83200,0.000000,1.000000,0.000000,1.000000,431.4,0.001000
83300,0.000000,1.000000,0.000000,1.000000,431.9,0.001000
83400,0.000000,1.000000,0.000000,1.000000,432.4,0.001000
83500,0.000000,1.000000,0.000000,1.000000,433.0,0.001000
83600,0.000000,1.000000,0.000000,1.000000,433.5,0.001000
83700,0.000000,1.000000,0.000000,1.000000,434.0,0.001000
83800,0.000000,1.000000,0.000000,1.000000,434.5,0.001000
83900,0.000000,1.000000,0.000000,1.000000,435.1,0.001000
84000,0.000000,1.000000,0.000000,1.000000,435.6,0.001000
84100,0.000000,1.000000,0.000000,1.000000,436.1,0.001000
84200,0.000000,1.000000,0.000000,1.000000,436.6,0.001000
84300,0.000000,1.000000,0.000000,1.000000,437.1,0.001000
84400,0.000000,1.000000,0.000000,1.000000,437.7,0.001000
84500,0.000000,1.000000,0.000000,1.000000,438.2,0.001000
84600,0.000000,1.000000,0.000000,1.000000,438.7,0.001000
84700,0.000000,1.000000,0.000000,1.000000,439.2,0.001000
84800,0.000000,1.000000,0.000000,1.000000,439.8,0.001000
84900,0.000000,1.000000,0.000000,1.000000,440.2,0.001000
85000,0.000000,1.000000,0.000000,1.000000,440.8,0.001000
85100,0.000000,1.000000,0.000000,1.000000,441.3,0.001000
85200,0.000000,1.000000,0.000000,1.000000,441.8,0.001000
85300,0.000000,1.000000,0.000000,1.000000,442.2,0.001000
85400,0.000000,1.000000,0.000000,1.000000,442.7,0.001000
85500,0.000000,1.000000,0.000000,1.000000,443.2,0.001000
85600,0.000000,1.000000,0.000000,1.000000,443.7,0.001000
85700,0.000000,1.000000,0.000000,1.000000,444.2,0.001000
85800,0.000000,1.000000,0.000000,1.000000,444.8,0.001000
85900,0.000000,1.000000,0.000000,1.000000,445.3,0.001000
86000,0.000000,1.000000,0.000000,1.000000,445.8,0.001000
86100,0.000000,1.000000,0.000000,1.000000,446.3,0.001000
86200,0.000000,1.000000,0.000000,1.000000,446.8,0.001000
86300,0.000000,1.000000,0.000000,1.000000,447.3,0.001000
86400,0.000000,1.000000,0.000000,1.000000,447.8,0.001000
86500,0.000000,1.000000,0.000000,1.000000,448.3,0.001000
86600,0.000000,1.000000,0.000000,1.000000,448.9,0.001000
86700,0.000000,1.000000,0.000000,1.000000,449.5,0.001000
86800,0.000000,1.000000,0.000000,1.000000,450.0,0.001000
86900,0.000000,1.000000,0.000000,1.000000,450.5,0.001000
87000,0.000000,1.000000,0.000000,1.000000,451.0,0.001000
87100,0.000000,1.000000,0.000000,1.000000,451.5,0.001000
87200,0.000000,1.000000,0.000000,1.000000,452.0,0.001000
87300,0.000000,1.000000,0.000000,1.000000,452.5,0.001000
87400,0.000000,1.000000,0.000000,1.000000,453.1,0.001000
87500,0.000000,1.000000,0.000000,1.000000,453.6,0.001000
87600,0.000000,1.000000,0.000000,1.000000,454.1,0.001000
87700,0.000000,1.000000,0.000000,1.000000,454.6,0.001000
87800,0.000000,1.000000,0.000000,1.000000,455.1,0.001000
87900,0.000000,1.000000,0.000000,1.000000,455.7,0.001000
88000,0.000000,1.000000,0.000000,1.000000,456.2,0.001000
88100,0.000000,1.000000,0.000000,1.000000,456.6,0.001000
88200,0.109624,0.984649,0.188258,0.978700,457.1,0.001000
88300,0.001122,0.999530,0.009603,0.998277,457.7,0.001000
88400,0.007801,0.997964,0.031572,0.994049,458.2,0.001000
88500,0.001384,0.999530,0.012255,0.998277,458.7,0.001000
88600,0.011620,0.996084,0.021592,0.994518,459.2,0.001000
88700,0.016415,0.995771,0.036998,0.991543,459.7,0.001000
88800,0.005209,0.997964,0.011508,0.997338,460.2,0.001000
88900,0.019926,0.994674,0.043452,0.991699,460.7,0.001000
89000,0.024398,0.996241,0.019333,0.995145,461.3,0.001000
89100,0.000822,0.999687,0.019761,0.996241,461.8,0.001000
89200,0.004928,0.998590,0.009557,0.996868,462.3,0.001000
89300,0.010400,0.996711,0.021428,0.994205,462.8,0.001000
89400,0.004116,0.999373,0.004501,0.998747,463.3,0.001000
89500,0.004248,0.998747,0.008896,0.997807,463.8,0.001000
89600,0.005542,0.998590,0.012988,0.996554,464.3,0.001000
89700,0.002827,0.999373,0.008313,0.997807,464.9,0.001000
89800,0.006102,0.998904,0.021306,0.995771,465.4,0.001000
89900,0.000942,0.999530,0.006373,0.997807,465.9,0.001000
90000,0.014303,0.997807,0.022360,0.994205,466.4,0.001000
90100,0.004067,0.998590,0.008506,0.997338,467.0,0.001000
90200,0.003267,0.999060,0.028201,0.995615,467.5,0.001000
90300,0.004671,0.998747,0.019790,0.996085,468.1,0.001000
90400,0.002442,0.999217,0.011083,0.997807,468.6,0.001000
90500,0.002401,0.999060,0.011309,0.997024,469.2,0.001000
90600,0.003394,0.999530,0.005450,0.998904,469.7,0.001000
90700,0.016164,0.997337,0.026899,0.994988,470.2,0.001000
90800,0.001299,0.999530,0.007837,0.998121,470.8,0.001000
90900,0.002812,0.999530,0.012800,0.995928,471.3,0.001000
91000,0.003696,0.998904,0.013269,0.996554,471.8,0.001000
91100,0.007130,0.998747,0.018821,0.995771,472.4,0.001000
91200,0.002538,0.998747,0.014880,0.997024,472.9,0.001000
91300,0.001475,0.999217,0.004983,0.998590,473.4,0.001000
91400,0.017569,0.995771,0.025932,0.994049,473.9,0.001000
91500,0.012006,0.997650,0.019334,0.996398,474.4,0.001000
91600,0.000053,1.000000,0.002851,0.999217,474.9,0.001000
91700,0.000001,1.000000,0.001106,0.999687,475.4,0.001000
91800,0.000001,1.000000,0.000825,0.999687,475.9,0.001000
91900,0.000000,1.000000,0.000631,0.999687,476.4,0.001000
92000,0.000000,1.000000,0.000464,0.999687,476.9,0.001000
92100,0.000000,1.000000,0.000324,0.999843,477.4,0.001000
92200,0.000000,1.000000,0.000016,1.000000,477.9,0.001000
92300,0.000000,1.000000,0.000003,1.000000,478.4,0.001000
92400,0.000000,1.000000,0.000002,1.000000,478.9,0.001000
92500,0.000000,1.000000,0.000001,1.000000,479.4,0.001000
92600,0.000000,1.000000,0.000001,1.000000,479.9,0.001000
92700,0.003010,0.999060,0.008401,0.997494,480.4,0.001000
92800,0.000487,0.999687,0.002614,0.999687,480.9,0.001000
92900,0.003641,0.999217,0.008444,0.997964,481.4,0.001000
93000,0.000839,0.999687,0.002118,0.999217,481.9,0.001000
93100,0.005340,0.998590,0.018485,0.996554,482.5,0.001000
93200,0.004586,0.998434,0.006836,0.998434,483.0,0.001000
93300,0.002284,0.999373,0.003499,0.998904,483.5,0.001000
93400,0.003856,0.998904,0.015553,0.996868,484.0,0.001000
93500,0.000004,1.000000,0.001027,0.999530,484.5,0.001000
93600,0.000001,1.000000,0.000834,0.999530,485.0,0.001000
93700,0.000000,1.000000,0.000642,0.999530,485.5,0.001000
93800,0.000000,1.000000,0.000449,0.999687,486.0,0.001000
93900,0.000000,1.000000,0.000330,0.999687,486.5,0.001000
94000,0.000000,1.000000,0.000246,0.999843,487.0,0.001000
94100,0.000000,1.000000,0.000244,0.999843,487.5,0.001000
94200,0.000000,1.000000,0.000005,1.000000,488.0,0.001000
94300,0.000000,1.000000,0.000001,1.000000,488.5,0.001000
94400,0.000000,1.000000,0.000001,1.000000,489.0,0.001000
94500,0.000000,1.000000,0.000000,1.000000,489.5,0.001000
94600,0.000000,1.000000,0.000000,1.000000,490.0,0.001000
94700,0.000406,0.999843,0.000510,0.999843,490.5,0.001000
94800,0.001676,0.999530,0.011779,0.997807,491.0,0.001000
94900,0.000001,1.000000,0.000551,0.999843,491.5,0.001000
95000,0.000001,1.000000,0.000521,0.999843,492.0,0.001000
95100,0.000000,1.000000,0.000454,0.999843,492.5,0.001000
95200,0.000000,1.000000,0.000440,0.999843,493.0,0.001000
95300,0.000000,1.000000,0.000497,0.999687,493.5,0.001000
95400,0.000000,1.000000,0.000693,0.999687,494.0,0.001000
95500,0.000000,1.000000,0.001724,0.999373,494.5,0.001000
95600,0.000000,1.000000,0.000083,1.000000,495.0,0.001000
95700,0.000000,1.000000,0.000001,1.000000,495.5,0.001000
95800,0.000000,1.000000,0.000000,1.000000,496.0,0.001000
95900,0.000000,1.000000,0.000000,1.000000,496.5,0.001000
96000,0.000000,1.000000,0.000000,1.000000,497.0,0.001000
96100,0.000000,1.000000,0.000000,1.000000,497.5,0.001000
96200,0.000000,1.000000,0.000000,1.000000,498.0,0.001000
96300,0.000000,1.000000,0.000000,1.000000,498.5,0.001000
96400,0.000000,1.000000,0.000000,1.000000,499.0,0.001000
96500,0.000000,1.000000,0.000000,1.000000,499.5,0.001000
96600,0.000000,1.000000,0.000000,1.000000,500.0,0.001000
96700,0.000000,1.000000,0.000000,1.000000,500.5,0.001000
96800,0.000000,1.000000,0.000000,1.000000,501.0,0.001000
96900,0.000000,1.000000,0.000000,1.000000,501.5,0.001000
97000,0.000000,1.000000,0.000000,1.000000,502.0,0.001000
97100,0.000000,1.000000,0.000000,1.000000,502.5,0.001000
97200,0.000000,1.000000,0.000000,1.000000,503.0,0.001000
97300,0.000000,1.000000,0.000000,1.000000,503.6,0.001000
97400,0.000000,1.000000,0.000000,1.000000,504.1,0.001000
97500,0.000000,1.000000,0.000000,1.000000,504.6,0.001000
97600,0.000000,1.000000,0.000000,1.000000,505.1,0.001000
97700,0.000000,1.000000,0.000000,1.000000,505.7,0.001000
97800,0.000000,1.000000,0.000000,1.000000,506.1,0.001000
97900,0.000000,1.000000,0.000000,1.000000,506.7,0.001000
98000,0.000000,1.000000,0.000000,1.000000,507.2,0.001000
98100,0.000000,1.000000,0.000000,1.000000,507.7,0.001000
98200,0.000000,1.000000,0.000000,1.000000,508.2,0.001000
98300,0.000000,1.000000,0.000000,1.000000,508.7,0.001000
98400,0.000000,1.000000,0.000000,1.000000,509.3,0.001000
98500,0.000000,1.000000,0.000000,1.000000,509.8,0.001000
98600,0.000000,1.000000,0.000000,1.000000,510.3,0.001000
98700,0.000000,1.000000,0.000000,1.000000,510.8,0.001000
98800,0.000000,1.000000,0.000000,1.000000,511.3,0.001000
98900,0.000000,1.000000,0.000000,1.000000,511.8,0.001000
99000,0.000000,1.000000,0.000000,1.000000,512.3,0.001000
99100,0.000000,1.000000,0.000000,1.000000,512.8,0.001000
99200,0.000000,1.000000,0.000000,1.000000,513.3,0.001000
99300,0.000000,1.000000,0.000000,1.000000,513.8,0.001000
99400,0.000000,1.000000,0.000000,1.000000,514.4,0.001000
99500,0.000000,1.000000,0.000000,1.000000,514.9,0.001000
99600,0.000000,1.000000,0.000000,1.000000,515.4,0.001000
99700,0.000000,1.000000,0.000000,1.000000,515.9,0.001000
99800,0.000000,1.000000,0.000000,1.000000,516.4,0.001000
99900,0.000000,1.000000,0.000000,1.000000,516.9,0.001000
100000,0.000000,1.000000,0.000000,1.000000,517.4,0.001000
100100,0.000000,1.000000,0.000000,1.000000,517.9,0.001000
100200,0.000000,1.000000,0.000000,1.000000,518.5,0.001000
100300,0.000000,1.000000,0.000000,1.000000,519.0,0.001000
100400,0.000000,1.000000,0.000000,1.000000,519.5,0.001000
100500,0.000000,1.000000,0.000000,1.000000,520.0,0.001000
100600,0.000000,1.000000,0.000000,1.000000,520.5,0.001000
100700,0.000000,1.000000,0.000000,1.000000,521.0,0.001000
100800,0.000000,1.000000,0.000000,1.000000,521.5,0.001000
100900,0.000000,1.000000,0.000000,1.000000,522.0,0.001000
101000,0.000000,1.000000,0.000000,1.000000,522.5,0.001000
101100,0.000000,1.000000,0.000000,1.000000,523.0,0.001000
101200,0.000000,1.000000,0.000000,1.000000,523.5,0.001000
101300,0.000000,1.000000,0.000000,1.000000,524.0,0.001000
101400,0.029742,0.994204,0.079417,0.989820,524.5,0.001000
101500,0.008475,0.998434,0.037308,0.995145,525.0,0.001000
101600,0.027308,0.996084,0.034697,0.993579,525.5,0.001000
101700,0.018721,0.994674,0.036625,0.991073,526.0,0.001000
101800,0.021556,0.992794,0.043796,0.989037,526.5,0.001000
101900,0.004790,0.998434,0.007159,0.997807,527.0,0.001000
102000,0.001184,0.999843,0.018048,0.995771,527.5,0.001000
102100,0.020718,0.997180,0.025969,0.995301,528.0,0.001000
102200,0.007218,0.997807,0.020075,0.994675,528.5,0.001000
102300,0.000996,0.999530,0.016220,0.996398,529.0,0.001000
102400,0.003999,0.998120,0.016166,0.996085,529.5,0.001000
102500,0.002025,0.999373,0.009765,0.997494,530.0,0.001000
102600,0.008113,0.997807,0.014245,0.996085,530.5,0.001000
102700,0.004698,0.998747,0.017355,0.996711,531.0,0.001000
102800,0.012448,0.998277,0.014482,0.997338,531.5,0.001000
102900,0.008913,0.998277,0.014143,0.997024,532.1,0.001000
103000,0.002702,0.998590,0.014025,0.997494,532.6,0.001000
103100,0.013620,0.996554,0.033296,0.993579,533.2,0.001000
103200,0.000284,0.999843,0.007191,0.997494,533.6,0.001000
103300,0.000279,1.000000,0.003399,0.998904,534.2,0.001000
103400,0.007298,0.998120,0.010356,0.997024,534.7,0.001000
103500,0.000552,0.999843,0.007420,0.998590,535.3,0.001000
103600,0.002964,0.998747,0.009445,0.997651,535.8,0.001000
103700,0.001150,0.999530,0.007130,0.997181,536.4,0.001000
103800,0.001737,0.999687,0.005987,0.998747,536.9,0.001000
103900,0.000788,0.999843,0.003297,0.998904,537.4,0.001000
104000,0.000033,1.000000,0.003373,0.999060,537.9,0.001000
104100,0.011856,0.996711,0.026874,0.992482,538.4,0.001000
104200,0.003566,0.999060,0.014441,0.996554,538.9,0.001000
104300,0.000967,0.999687,0.004179,0.998434,539.4,0.001000
104400,0.000518,0.999687,0.008485,0.997964,539.9,0.001000
104500,0.000007,1.000000,0.003536,0.999373,540.4,0.001000
104600,0.004977,0.998590,0.024106,0.993892,540.9,0.001000
104700,0.000072,1.000000,0.001409,0.999687,541.4,0.001000
104800,0.000001,1.000000,0.000939,0.999687,541.9,0.001000
104900,0.000001,1.000000,0.000922,0.999843,542.4,0.001000
105000,0.000000,1.000000,0.000898,0.999843,542.9,0.001000
105100,0.000000,1.000000,0.000770,0.999843,543.4,0.001000
105200,0.000000,1.000000,0.000648,0.999843,543.9,0.001000
105300,0.000000,1.000000,0.000330,0.999843,544.4,0.001000
105400,0.000000,1.000000,0.000005,1.000000,544.9,0.001000
105500,0.000000,1.000000,0.000001,1.000000,545.4,0.001000
105600,0.000000,1.000000,0.000000,1.000000,545.9,0.001000
105700,0.000000,1.000000,0.000000,1.000000,546.4,0.001000
105800,0.008866,0.997650,0.011009,0.997964,546.9,0.001000
105900,0.004991,0.999060,0.010363,0.997964,547.4,0.001000
106000,0.000001,1.000000,0.004957,0.999217,547.9,0.001000
106100,0.000000,1.000000,0.004753,0.999217,548.4,0.001000
106200,0.000000,1.000000,0.004409,0.999217,548.9,0.001000
106300,0.000000,1.000000,0.004292,0.999060,549.4,0.001000
106400,0.000000,1.000000,0.004446,0.999060,549.9,0.001000
106500,0.000000,1.000000,0.005416,0.999060,550.4,0.001000
106600,0.000000,1.000000,0.003789,0.998904,550.9,0.001000
106700,0.000000,1.000000,0.000002,1.000000,551.4,0.001000
106800,0.000000,1.000000,0.000001,1.000000,551.9,0.001000
106900,0.000000,1.000000,0.000000,1.000000,552.5,0.001000
107000,0.000000,1.000000,0.000000,1.000000,553.0,0.001000
107100,0.000000,1.000000,0.000000,1.000000,553.4,0.001000
107200,0.000000,1.000000,0.000000,1.000000,554.0,0.001000
107300,0.000000,1.000000,0.000000,1.000000,554.5,0.001000
107400,0.000000,1.000000,0.000000,1.000000,555.0,0.001000
107500,0.000000,1.000000,0.000000,1.000000,555.5,0.001000
107600,0.000000,1.000000,0.000000,1.000000,556.0,0.001000
107700,0.000000,1.000000,0.000000,1.000000,556.5,0.001000
107800,0.000000,1.000000,0.000000,1.000000,557.0,0.001000
107900,0.000000,1.000000,0.000000,1.000000,557.5,0.001000
108000,0.000000,1.000000,0.000000,1.000000,558.0,0.001000
108100,0.000000,1.000000,0.000000,1.000000,558.5,0.001000
108200,0.000000,1.000000,0.000000,1.000000,559.0,0.001000
108300,0.000000,1.000000,0.000000,1.000000,559.5,0.001000
108400,0.000000,1.000000,0.000000,1.000000,560.0,0.001000
108500,0.000000,1.000000,0.000000,1.000000,560.5,0.001000
108600,0.000000,1.000000,0.000000,1.000000,561.1,0.001000
108700,0.000000,1.000000,0.000000,1.000000,561.6,0.001000
108800,0.000000,1.000000,0.000000,1.000000,562.1,0.001000
108900,0.000000,1.000000,0.000000,1.000000,562.6,0.001000
109000,0.000000,1.000000,0.000000,1.000000,563.1,0.001000
109100,0.000000,1.000000,0.000000,1.000000,563.6,0.001000
109200,0.000000,1.000000,0.000000,1.000000,564.1,0.001000
109300,0.000000,1.000000,0.000000,1.000000,564.6,0.001000
109400,0.000000,1.000000,0.000000,1.000000,565.1,0.001000
109500,0.000000,1.000000,0.000000,1.000000,565.6,0.001000
109600,0.000000,1.000000,0.000000,1.000000,566.1,0.001000
109700,0.000000,1.000000,0.000000,1.000000,566.6,0.001000
109800,0.000000,1.000000,0.000000,1.000000,567.1,0.001000
109900,0.000000,1.000000,0.000000,1.000000,567.7,0.001000
110000,0.000000,1.000000,0.000000,1.000000,568.2,0.001000
110100,0.000000,1.000000,0.000000,1.000000,568.7,0.001000
110200,0.000000,1.000000,0.000000,1.000000,569.2,0.001000
110300,0.000000,1.000000,0.000000,1.000000,569.7,0.001000
110400,0.000000,1.000000,0.000000,1.000000,570.2,0.001000
110500,0.000000,1.000000,0.000000,1.000000,570.7,0.001000
110600,0.000000,1.000000,0.000000,1.000000,571.2,0.001000
110700,0.000000,1.000000,0.000000,1.000000,571.7,0.001000
110800,0.000000,1.000000,0.000000,1.000000,572.2,0.001000
110900,0.000000,1.000000,0.000000,1.000000,572.7,0.001000
111000,0.000000,1.000000,0.000000,1.000000,573.2,0.001000
111100,0.000000,1.000000,0.000000,1.000000,573.7,0.001000
111200,0.000000,1.000000,0.000000,1.000000,574.2,0.001000
111300,0.000000,1.000000,0.000000,1.000000,574.7,0.001000
111400,0.000000,1.000000,0.000000,1.000000,575.3,0.001000
111500,0.000000,1.000000,0.000000,1.000000,575.8,0.001000
111600,0.000000,1.000000,0.000000,1.000000,576.3,0.001000
111700,0.000000,1.000000,0.000000,1.000000,576.8,0.001000
111800,0.000000,1.000000,0.000000,1.000000,577.3,0.001000
111900,0.000000,1.000000,0.000000,1.000000,577.8,0.001000
112000,0.000000,1.000000,0.000000,1.000000,578.4,0.001000
112100,0.000000,1.000000,0.000000,1.000000,578.9,0.001000
112200,0.000000,1.000000,0.000000,1.000000,579.4,0.001000
112300,0.000000,1.000000,0.000000,1.000000,579.9,0.001000
112400,0.000000,1.000000,0.000000,1.000000,580.5,0.001000
112500,0.000000,1.000000,0.000000,1.000000,581.0,0.001000
112600,0.000000,1.000000,0.000000,1.000000,581.5,0.001000
112700,0.000000,1.000000,0.000000,1.000000,582.0,0.001000
112800,0.000000,1.000000,0.000000,1.000000,582.5,0.001000
112900,0.127055,0.980420,0.125964,0.982146,583.1,0.001000
113000,0.022664,0.995614,0.034395,0.992952,583.6,0.001000
113100,0.015198,0.995927,0.022824,0.994832,584.1,0.001000
113200,0.017323,0.995927,0.022362,0.995145,584.6,0.001000
113300,0.001826,0.999373,0.008181,0.997807,585.1,0.001000
113400,0.009752,0.997650,0.024601,0.994675,585.6,0.001000
113500,0.015370,0.995614,0.026712,0.992952,586.1,0.001000
113600,0.010279,0.998277,0.017965,0.995458,586.6,0.001000
113700,0.003654,0.999060,0.017820,0.995615,587.1,0.001000
113800,0.002785,0.999373,0.012486,0.997807,587.6,0.001000
113900,0.004069,0.998747,0.014705,0.996398,588.1,0.001000
114000,0.007151,0.997964,0.010183,0.995615,588.6,0.001000
114100,0.001202,0.999217,0.004530,0.998590,589.1,0.001000
114200,0.005368,0.999373,0.012179,0.997024,589.6,0.001000
114300,0.010124,0.996711,0.032388,0.993109,590.1,0.001000
114400,0.000619,0.999687,0.002495,0.998904,590.6,0.001000
114500,0.019090,0.996867,0.039079,0.995615,591.1,0.001000
114600,0.001955,0.999373,0.007049,0.997494,591.6,0.001000
114700,0.001766,0.999530,0.010487,0.997651,592.1,0.001000
114800,0.001170,0.999687,0.006855,0.998434,592.6,0.001000
114900,0.003558,0.998904,0.011418,0.997181,593.1,0.001000
115000,0.000083,1.000000,0.004622,0.999060,593.6,0.001000
115100,0.014014,0.996084,0.032676,0.993579,594.1,0.001000
115200,0.000185,1.000000,0.006819,0.998277,594.7,0.001000
115300,0.009348,0.998120,0.027755,0.994988,595.2,0.001000
115400,0.000314,0.999843,0.003999,0.997807,595.7,0.001000
115500,0.000001,1.000000,0.001435,0.999373,596.2,0.001000
115600,0.000001,1.000000,0.001202,0.999687,596.7,0.001000
115700,0.000000,1.000000,0.000860,0.999687,597.2,0.001000
115800,0.000000,1.000000,0.000589,0.999843,597.7,0.001000
115900,0.000000,1.000000,0.000412,0.999843,598.2,0.001000
116000,0.000000,1.000000,0.000156,1.000000,598.8,0.001000
116100,0.000000,1.000000,0.000016,1.000000,599.3,0.001000
116200,0.000000,1.000000,0.000001,1.000000,599.9,0.001000
116300,0.000000,1.000000,0.000001,1.000000,600.4,0.001000
116400,0.000000,1.000000,0.000000,1.000000,601.0,0.001000
116500,0.000000,1.000000,0.000000,1.000000,601.5,0.001000
116600,0.000000,1.000000,0.000000,1.000000,602.0,0.001000
116700,0.000000,1.000000,0.000000,1.000000,602.5,0.001000
116800,0.000000,1.000000,0.000000,1.000000,603.0,0.001000
116900,0.000000,1.000000,0.000000,1.000000,603.6,0.001000
117000,0.000000,1.000000,0.000000,1.000000,604.1,0.001000
117100,0.000000,1.000000,0.000000,1.000000,604.6,0.001000
117200,0.000000,1.000000,0.000000,1.000000,605.1,0.001000
117300,0.000000,1.000000,0.000000,1.000000,605.6,0.001000
117400,0.000000,1.000000,0.000000,1.000000,606.1,0.001000
117500,0.000000,1.000000,0.000000,1.000000,606.6,0.001000
117600,0.000000,1.000000,0.000000,1.000000,607.1,0.001000
117700,0.000000,1.000000,0.000000,1.000000,607.6,0.001000
117800,0.000000,1.000000,0.000000,1.000000,608.1,0.001000
117900,0.000000,1.000000,0.000000,1.000000,608.6,0.001000
118000,0.000000,1.000000,0.000000,1.000000,609.2,0.001000
118100,0.000000,1.000000,0.000000,1.000000,609.7,0.001000
118200,0.000000,1.000000,0.000000,1.000000,610.2,0.001000
118300,0.000000,1.000000,0.000000,1.000000,610.7,0.001000
118400,0.000000,1.000000,0.000000,1.000000,611.3,0.001000
118500,0.000000,1.000000,0.000000,1.000000,611.8,0.001000
118600,0.000000,1.000000,0.000000,1.000000,612.3,0.001000
118700,0.000000,1.000000,0.000000,1.000000,612.8,0.001000
118800,0.000000,1.000000,0.000000,1.000000,613.3,0.001000
118900,0.000000,1.000000,0.000000,1.000000,613.8,0.001000
119000,0.000000,1.000000,0.000000,1.000000,614.4,0.001000
119100,0.000000,1.000000,0.000000,1.000000,614.9,0.001000
119200,0.000000,1.000000,0.000000,1.000000,615.4,0.001000
119300,0.000000,1.000000,0.000000,1.000000,615.9,0.001000
119400,0.000000,1.000000,0.000000,1.000000,616.4,0.001000
119500,0.000000,1.000000,0.000000,1.000000,616.9,0.001000
119600,0.000000,1.000000,0.000000,1.000000,617.4,0.001000
119700,0.000000,1.000000,0.000000,1.000000,618.0,0.001000
119800,0.000000,1.000000,0.000000,1.000000,618.4,0.001000
119900,0.000000,1.000000,0.000000,1.000000,619.0,0.001000
120000,0.000000,1.000000,0.000000,1.000000,619.5,0.001000
120100,0.000000,1.000000,0.000000,1.000000,620.0,0.001000
120200,0.000000,1.000000,0.000000,1.000000,620.5,0.001000
120300,0.000000,1.000000,0.000000,1.000000,621.1,0.001000
120400,0.000000,1.000000,0.000000,1.000000,621.6,0.001000
120500,0.000000,1.000000,0.000000,1.000000,622.1,0.001000
120600,0.000000,1.000000,0.000000,1.000000,622.6,0.001000
120700,0.000000,1.000000,0.000000,1.000000,623.1,0.001000
120800,0.000000,1.000000,0.000000,1.000000,623.6,0.001000
120900,0.000000,1.000000,0.000000,1.000000,624.1,0.001000
121000,0.000000,1.000000,0.000000,1.000000,624.8,0.001000
121100,0.000000,1.000000,0.000000,1.000000,625.4,0.001000
121200,0.000000,1.000000,0.000000,1.000000,625.9,0.001000
121300,0.000000,1.000000,0.000000,1.000000,626.4,0.001000
121400,0.000000,1.000000,0.000000,1.000000,626.9,0.001000
121500,0.000000,1.000000,0.000000,1.000000,627.4,0.001000
121600,0.000000,1.000000,0.000000,1.000000,627.9,0.001000
121700,0.000000,1.000000,0.000000,1.000000,628.4,0.001000
121800,0.000000,1.000000,0.000000,1.000000,629.0,0.001000
121900,0.000000,1.000000,0.000000,1.000000,629.5,0.001000
122000,0.000000,1.000000,0.000000,1.000000,630.0,0.001000
122100,0.000000,1.000000,0.000000,1.000000,630.5,0.001000
122200,0.000000,1.000000,0.000000,1.000000,631.0,0.001000
122300,0.000000,1.000000,0.000000,1.000000,631.5,0.001000
122400,0.000000,1.000000,0.000000,1.000000,632.0,0.001000
122500,0.000000,1.000000,0.000000,1.000000,632.5,0.001000
122600,0.000000,1.000000,0.000000,1.000000,633.0,0.001000
122700,0.000000,1.000000,0.000000,1.000000,633.5,0.001000
122800,0.000000,1.000000,0.000000,1.000000,634.0,0.001000
122900,0.000000,1.000000,0.000000,1.000000,634.5,0.001000
123000,0.000000,1.000000,0.000000,1.000000,635.0,0.001000
123100,0.000000,1.000000,0.000000,1.000000,635.5,0.001000
123200,0.000000,1.000000,0.000000,1.000000,636.0,0.001000
123300,0.000000,1.000000,0.000000,1.000000,636.5,0.001000
123400,0.000000,1.000000,0.000000,1.000000,637.0,0.001000
123500,0.008839,0.998277,0.023819,0.995145,637.6,0.001000
123600,0.052230,0.993578,0.106337,0.987001,638.1,0.001000
123700,0.014949,0.998434,0.035631,0.997964,638.6,0.001000
123800,0.026634,0.995771,0.047774,0.991229,639.1,0.001000
123900,0.023778,0.996084,0.032296,0.995458,639.6,0.001000
124000,0.012829,0.996397,0.022948,0.993892,640.1,0.001000
124100,0.002302,0.999530,0.020390,0.997964,640.6,0.001000
124200,0.019333,0.996397,0.047827,0.991856,641.1,0.001000
124300,0.008457,0.997964,0.022548,0.994832,641.6,0.001000
124400,0.005382,0.998590,0.010507,0.997807,642.1,0.001000
124500,0.007232,0.997964,0.020897,0.995145,642.6,0.001000
124600,0.002818,0.999530,0.003486,0.998747,643.2,0.001000
124700,0.004666,0.999373,0.021143,0.995771,643.7,0.001000
124800,0.000771,0.999687,0.009344,0.997651,644.2,0.001000
124900,0.000809,0.999843,0.004521,0.998747,644.7,0.001000
125000,0.008641,0.997807,0.022587,0.994832,645.2,0.001000
125100,0.011866,0.997337,0.031260,0.994049,645.7,0.001000
125200,0.002123,0.999530,0.010600,0.997651,646.2,0.001000
125300,0.002404,0.999373,0.007783,0.998277,646.7,0.001000
125400,0.000352,0.999843,0.002121,0.999217,647.2,0.001000
125500,0.003641,0.998747,0.011739,0.997024,647.8,0.001000
125600,0.004833,0.998120,0.007821,0.997024,648.3,0.001000
125700,0.013553,0.999217,0.012947,0.996398,648.8,0.001000
125800,0.006127,0.997807,0.011199,0.996711,649.3,0.001000
125900,0.004110,0.998434,0.009941,0.998277,649.8,0.001000
126000,0.005874,0.998747,0.015043,0.997024,650.3,0.001000
126100,0.000362,0.999843,0.002318,0.999373,650.8,0.001000
126200,0.000224,0.999843,0.004406,0.998590,651.3,0.001000
126300,0.011772,0.997807,0.024401,0.994362,651.8,0.001000
126400,0.000003,1.000000,0.004824,0.999060,652.4,0.001000
126500,0.000001,1.000000,0.003901,0.999217,652.9,0.001000
126600,0.000000,1.000000,0.003455,0.999060,653.4,0.001000
126700,0.000000,1.000000,0.002971,0.999217,653.9,0.001000
126800,0.000000,1.000000,0.002391,0.999217,654.4,0.001000
126900,0.000000,1.000000,0.001869,0.999530,655.0,0.001000
127000,0.000000,1.000000,0.000901,0.999843,655.5,0.001000
127100,0.000000,1.000000,0.000002,1.000000,656.0,0.001000
127200,0.000000,1.000000,0.000001,1.000000,656.5,0.001000
127300,0.000000,1.000000,0.000000,1.000000,657.0,0.001000
127400,0.000000,1.000000,0.000001,1.000000,657.5,0.001000
127500,0.000000,1.000000,0.000000,1.000000,658.0,0.001000
127600,0.029415,0.994518,0.033926,0.994362,658.6,0.001000
127700,0.006255,0.997964,0.020443,0.996085,659.1,0.001000
127800,0.001894,0.999530,0.008822,0.998277,659.6,0.001000
127900,0.005746,0.997964,0.017328,0.995771,660.1,0.001000
128000,0.004327,0.998590,0.008532,0.996711,660.6,0.001000
128100,0.002359,0.998904,0.013961,0.997181,661.1,0.001000
128200,0.003150,0.999217,0.012535,0.997024,661.7,0.001000
128300,0.000258,1.000000,0.001312,0.999687,662.2,0.001000
128400,0.001127,0.999373,0.002643,0.998747,662.7,0.001000
128500,0.010679,0.995771,0.021830,0.994049,663.2,0.001000
128600,0.003679,0.999530,0.007908,0.998747,663.7,0.001000
128700,0.007261,0.998434,0.019524,0.995301,664.2,0.001000
128800,0.000027,1.000000,0.006466,0.998904,664.7,0.001000
128900,0.000858,0.999687,0.003393,0.998904,665.3,0.001000
129000,0.001169,0.999687,0.007374,0.998747,665.8,0.001000
129100,0.001351,0.999843,0.007619,0.998277,666.3,0.001000
129200,0.002638,0.999373,0.008025,0.997338,666.9,0.001000
129300,0.000184,1.000000,0.005964,0.997338,667.4,0.001000
129400,0.000110,1.000000,0.004710,0.998590,667.9,0.001000
129500,0.001498,0.999687,0.013887,0.997024,668.4,0.001000
129600,0.000270,0.999843,0.002743,0.999373,669.0,0.001000
129700,0.002747,0.999373,0.010006,0.997024,669.5,0.001000
129800,0.000427,0.999843,0.002165,0.998747,670.0,0.001000
129900,0.000001,1.000000,0.000204,1.000000,670.5,0.001000
130000,0.000001,1.000000,0.000233,0.999843,671.1,0.001000
130100,0.000000,1.000000,0.000271,0.999843,671.6,0.001000
130200,0.000000,1.000000,0.000315,0.999843,672.1,0.001000
130300,0.000000,1.000000,0.000241,0.999843,672.6,0.001000
130400,0.000000,1.000000,0.000009,1.000000,673.1,0.001000
130500,0.000000,1.000000,0.000002,1.000000,673.6,0.001000
130600,0.000000,1.000000,0.000001,1.000000,674.1,0.001000
130700,0.000000,1.000000,0.000000,1.000000,674.6,0.001000
130800,0.000000,1.000000,0.000000,1.000000,675.2,0.001000
130900,0.000000,1.000000,0.000001,1.000000,675.7,0.001000
131000,0.001025,0.999843,0.008602,0.997338,676.2,0.001000
131100,0.002077,0.999687,0.003977,0.998590,676.7,0.001000
131200,0.003918,0.998904,0.004329,0.998590,677.2,0.001000
131300,0.000510,0.999843,0.004434,0.999217,677.7,0.001000
131400,0.004857,0.998904,0.004846,0.998747,678.2,0.001000
131500,0.000008,1.000000,0.001021,0.999843,678.7,0.001000
131600,0.000001,1.000000,0.001220,0.999843,679.2,0.001000
131700,0.000000,1.000000,0.001195,0.999843,679.7,0.001000
131800,0.000000,1.000000,0.001148,0.999843,680.3,0.001000
131900,0.000000,1.000000,0.000872,0.999843,680.8,0.001000
132000,0.000000,1.000000,0.000464,0.999843,681.3,0.001000
132100,0.000000,1.000000,0.000016,1.000000,681.8,0.001000
132200,0.000000,1.000000,0.000001,1.000000,682.3,0.001000
132300,0.000000,1.000000,0.000000,1.000000,682.8,0.001000
132400,0.000000,1.000000,0.000000,1.000000,683.3,0.001000
132500,0.000000,1.000000,0.000000,1.000000,683.9,0.001000
132600,0.000000,1.000000,0.000000,1.000000,684.4,0.001000
132700,0.000000,1.000000,0.000000,1.000000,684.9,0.001000
132800,0.000000,1.000000,0.000000,1.000000,685.4,0.001000
132900,0.000000,1.000000,0.000000,1.000000,685.9,0.001000
133000,0.000000,1.000000,0.000000,1.000000,686.4,0.001000
133100,0.000000,1.000000,0.000000,1.000000,686.9,0.001000
133200,0.000000,1.000000,0.000000,1.000000,687.4,0.001000
133300,0.000000,1.000000,0.000000,1.000000,687.9,0.001000
133400,0.000000,1.000000,0.000000,1.000000,688.5,0.001000
133500,0.000000,1.000000,0.000000,1.000000,689.0,0.001000
133600,0.000000,1.000000,0.000000,1.000000,689.5,0.001000
133700,0.000000,1.000000,0.000000,1.000000,690.0,0.001000
133800,0.000000,1.000000,0.000000,1.000000,690.5,0.001000
133900,0.000000,1.000000,0.000000,1.000000,691.0,0.001000
134000,0.000000,1.000000,0.000000,1.000000,691.5,0.001000
134100,0.000000,1.000000,0.000000,1.000000,692.0,0.001000
134200,0.000000,1.000000,0.000000,1.000000,692.6,0.001000
134300,0.000000,1.000000,0.000000,1.000000,693.1,0.001000
134400,0.000000,1.000000,0.000000,1.000000,693.7,0.001000
134500,0.000000,1.000000,0.000000,1.000000,694.2,0.001000
134600,0.000000,1.000000,0.000000,1.000000,694.7,0.001000
134700,0.000000,1.000000,0.000000,1.000000,695.2,0.001000
134800,0.000000,1.000000,0.000000,1.000000,695.7,0.001000
134900,0.000000,1.000000,0.000000,1.000000,696.2,0.001000
135000,0.000000,1.000000,0.000000,1.000000,696.7,0.001000
135100,0.000000,1.000000,0.000000,1.000000,697.2,0.001000
135200,0.000000,1.000000,0.000000,1.000000,697.8,0.001000
135300,0.000000,1.000000,0.000000,1.000000,698.3,0.001000
135400,0.000000,1.000000,0.000000,1.000000,698.8,0.001000
135500,0.000000,1.000000,0.000000,1.000000,699.3,0.001000
135600,0.000000,1.000000,0.000000,1.000000,699.8,0.001000
135700,0.000000,1.000000,0.000000,1.000000,700.3,0.001000
135800,0.000000,1.000000,0.000000,1.000000,700.8,0.001000
135900,0.000000,1.000000,0.000000,1.000000,701.4,0.001000
136000,0.000000,1.000000,0.000000,1.000000,701.9,0.001000
136100,0.000000,1.000000,0.000000,1.000000,702.4,0.001000
136200,0.000000,1.000000,0.000000,1.000000,702.9,0.001000
136300,0.000000,1.000000,0.000000,1.000000,703.4,0.001000
136400,0.000000,1.000000,0.000000,1.000000,703.9,0.001000
136500,0.000000,1.000000,0.000000,1.000000,704.4,0.001000
136600,0.000000,1.000000,0.000000,1.000000,704.9,0.001000
136700,0.000000,1.000000,0.000000,1.000000,705.4,0.001000
136800,0.000000,1.000000,0.000000,1.000000,705.9,0.001000
136900,0.000000,1.000000,0.000000,1.000000,706.4,0.001000
137000,0.000000,1.000000,0.000000,1.000000,706.9,0.001000
137100,0.000000,1.000000,0.000000,1.000000,707.4,0.001000
137200,0.000000,1.000000,0.000000,1.000000,707.9,0.001000
137300,0.000000,1.000000,0.000000,1.000000,708.4,0.001000
137400,0.000000,1.000000,0.000000,1.000000,708.9,0.001000
137500,0.000000,1.000000,0.000000,1.000000,709.4,0.001000
137600,0.000000,1.000000,0.000000,1.000000,709.9,0.001000
137700,0.000000,1.000000,0.000000,1.000000,710.4,0.001000
137800,0.000000,1.000000,0.000000,1.000000,710.9,0.001000
137900,0.000000,1.000000,0.000000,1.000000,711.4,0.001000
138000,0.000000,1.000000,0.000000,1.000000,711.9,0.001000
138100,0.000000,1.000000,0.000000,1.000000,712.4,0.001000
138200,0.000000,1.000000,0.000000,1.000000,712.9,0.001000
138300,0.000000,1.000000,0.000000,1.000000,713.4,0.001000
138400,0.000000,1.000000,0.000000,1.000000,713.8,0.001000
138500,0.000000,1.000000,0.000000,1.000000,714.3,0.001000
138600,0.039375,0.995301,0.091629,0.989663,714.8,0.001000
138700,0.011714,0.997964,0.022258,0.997181,715.3,0.001000
138800,0.015588,0.997494,0.029599,0.996398,715.9,0.001000
138900,0.003602,0.998904,0.008372,0.998121,716.3,0.001000
139000,0.008669,0.997964,0.021430,0.995301,716.9,0.001000
139100,0.008370,0.997024,0.016577,0.995458,717.3,0.001000
139200,0.004882,0.998434,0.013414,0.997181,717.8,0.001000
139300,0.008861,0.998277,0.016341,0.996398,718.3,0.001000
139400,0.000353,1.000000,0.005383,0.998904,718.8,0.001000
139500,0.010120,0.997337,0.012039,0.996398,719.3,0.001000
139600,0.006422,0.998277,0.007618,0.997964,719.9,0.001000
139700,0.002417,0.999687,0.005013,0.998590,720.4,0.001000
139800,0.014422,0.995457,0.023740,0.994049,720.9,0.001000
139900,0.005632,0.998747,0.014763,0.996868,721.4,0.001000
140000,0.012462,0.997494,0.027014,0.996085,721.9,0.001000
140100,0.006884,0.997807,0.015934,0.995145,722.4,0.001000
140200,0.000041,1.000000,0.005698,0.997964,723.0,0.001000
140300,0.000001,1.000000,0.001932,0.999530,723.5,0.001000
140400,0.000001,1.000000,0.001807,0.999687,724.0,0.001000
140500,0.000000,1.000000,0.001575,0.999687,724.5,0.001000
140600,0.000000,1.000000,0.001258,0.999687,725.0,0.001000
140700,0.000000,1.000000,0.000914,0.999687,725.5,0.001000
140800,0.000000,1.000000,0.000535,0.999843,726.0,0.001000
140900,0.000000,1.000000,0.000229,0.999843,726.6,0.001000
141000,0.000000,1.000000,0.000003,1.000000,727.1,0.001000
141100,0.000000,1.000000,0.000001,1.000000,727.6,0.001000
141200,0.000000,1.000000,0.000000,1.000000,728.1,0.001000
141300,0.000000,1.000000,0.000000,1.000000,728.6,0.001000
141400,0.000000,1.000000,0.000000,1.000000,729.2,0.001000
141500,0.017185,0.996397,0.032976,0.993422,729.7,0.001000
141600,0.002415,0.998747,0.007910,0.997181,730.2,0.001000
141700,0.001042,0.999843,0.008512,0.997651,730.7,0.001000
141800,0.002997,0.998747,0.009196,0.997181,731.3,0.001000
141900,0.003758,0.999217,0.003751,0.998747,731.8,0.001000
142000,0.001619,0.999687,0.004941,0.999373,732.3,0.001000
142100,0.004799,0.999217,0.006680,0.998121,732.8,0.001000
142200,0.000020,1.000000,0.000677,0.999843,733.4,0.001000
142300,0.002098,0.999373,0.008311,0.998121,733.9,0.001000
142400,0.003600,0.998434,0.010289,0.996711,734.4,0.001000
142500,0.000120,1.000000,0.002010,0.999373,734.9,0.001000
142600,0.000224,0.999843,0.001731,0.999530,735.6,0.001000
142700,0.003956,0.998434,0.021333,0.995928,736.1,0.001000
142800,0.001289,0.999373,0.007398,0.997651,736.6,0.001000
142900,0.005328,0.998904,0.006167,0.998121,737.1,0.001000
143000,0.000479,0.999687,0.002596,0.999217,737.6,0.001000
143100,0.003301,0.999217,0.007533,0.998434,738.1,0.001000
143200,0.000192,1.000000,0.004393,0.998590,738.6,0.001000
143300,0.008343,0.997024,0.023749,0.993735,739.1,0.001000
143400,0.001051,0.999530,0.004774,0.998434,739.6,0.001000
143500,0.000934,0.999530,0.003835,0.999060,740.0,0.001000
143600,0.000044,1.000000,0.005033,0.998590,740.5,0.001000
143700,0.003614,0.999217,0.005489,0.998747,741.1,0.001000
143800,0.000073,1.000000,0.000359,1.000000,741.6,0.001000
143900,0.000005,1.000000,0.001763,0.999373,742.0,0.001000
144000,0.000001,1.000000,0.000961,0.999530,742.6,0.001000
144100,0.000000,1.000000,0.000746,0.999687,743.1,0.001000
144200,0.000000,1.000000,0.000559,0.999843,743.6,0.001000
144300,0.000000,1.000000,0.000292,0.999843,744.1,0.001000
144400,0.000000,1.000000,0.000030,1.000000,744.6,0.001000
144500,0.000000,1.000000,0.000004,1.000000,745.1,0.001000
144600,0.000000,1.000000,0.000001,1.000000,745.6,0.001000
144700,0.000000,1.000000,0.000001,1.000000,746.1,0.001000
144800,0.000000,1.000000,0.000000,1.000000,746.6,0.001000
144900,0.000000,1.000000,0.000000,1.000000,747.1,0.001000
145000,0.000000,1.000000,0.000000,1.000000,747.6,0.001000
145100,0.000000,1.000000,0.000000,1.000000,748.2,0.001000
145200,0.000000,1.000000,0.000000,1.000000,748.7,0.001000
145300,0.000000,1.000000,0.000000,1.000000,749.2,0.001000
145400,0.000000,1.000000,0.000000,1.000000,749.7,0.001000
145500,0.000000,1.000000,0.000000,1.000000,750.2,0.001000
145600,0.000000,1.000000,0.000000,1.000000,750.7,0.001000
145700,0.000000,1.000000,0.000000,1.000000,751.2,0.001000
145800,0.000000,1.000000,0.000000,1.000000,751.7,0.001000
145900,0.000000,1.000000,0.000000,1.000000,752.3,0.001000
146000,0.000000,1.000000,0.000000,1.000000,752.8,0.001000
146100,0.000000,1.000000,0.000000,1.000000,753.3,0.001000
146200,0.000000,1.000000,0.000000,1.000000,753.9,0.001000
146300,0.000000,1.000000,0.000000,1.000000,754.4,0.001000
146400,0.000000,1.000000,0.000000,1.000000,754.9,0.001000
146500,0.000000,1.000000,0.000000,1.000000,755.4,0.001000
146600,0.000000,1.000000,0.000000,1.000000,755.9,0.001000
146700,0.000000,1.000000,0.000000,1.000000,756.4,0.001000
146800,0.000000,1.000000,0.000000,1.000000,756.9,0.001000
146900,0.000000,1.000000,0.000000,1.000000,757.4,0.001000
147000,0.000000,1.000000,0.000000,1.000000,758.0,0.001000
147100,0.000000,1.000000,0.000000,1.000000,758.5,0.001000
147200,0.000000,1.000000,0.000000,1.000000,759.0,0.001000
147300,0.000000,1.000000,0.000000,1.000000,759.5,0.001000
147400,0.000000,1.000000,0.000000,1.000000,760.0,0.001000
147500,0.000000,1.000000,0.000000,1.000000,760.5,0.001000
147600,0.000000,1.000000,0.000000,1.000000,761.0,0.001000
147700,0.000000,1.000000,0.000000,1.000000,761.5,0.001000
147800,0.000000,1.000000,0.000000,1.000000,762.0,0.001000
147900,0.000000,1.000000,0.000000,1.000000,762.6,0.001000
148000,0.000000,1.000000,0.000000,1.000000,763.1,0.001000
148100,0.000000,1.000000,0.000000,1.000000,763.6,0.001000
148200,0.000000,1.000000,0.000000,1.000000,764.1,0.001000
148300,0.000000,1.000000,0.000000,1.000000,764.6,0.001000
148400,0.000000,1.000000,0.000000,1.000000,765.1,0.001000
148500,0.000000,1.000000,0.000000,1.000000,765.6,0.001000
148600,0.000000,1.000000,0.000000,1.000000,766.1,0.001000
148700,0.000000,1.000000,0.000000,1.000000,766.6,0.001000
148800,0.000000,1.000000,0.000000,1.000000,767.2,0.001000
148900,0.000000,1.000000,0.000000,1.000000,767.7,0.001000
149000,0.000000,1.000000,0.000000,1.000000,768.2,0.001000
149100,0.000000,1.000000,0.000000,1.000000,768.7,0.001000
149200,0.000000,1.000000,0.000000,1.000000,769.2,0.001000
149300,0.000000,1.000000,0.000000,1.000000,769.7,0.001000
149400,0.000000,1.000000,0.000000,1.000000,770.2,0.001000
149500,0.000000,1.000000,0.000000,1.000000,770.7,0.001000
149600,0.000000,1.000000,0.000000,1.000000,771.2,0.001000
149700,0.000000,1.000000,0.000000,1.000000,771.7,0.001000
149800,0.000000,1.000000,0.000000,1.000000,772.2,0.001000
149900,0.000000,1.000000,0.000000,1.000000,772.8,0.001000
150000,0.000000,1.000000,0.000000,1.000000,773.3,0.001000
150100,0.000000,1.000000,0.000000,1.000000,773.7,0.001000
150200,0.000000,1.000000,0.000000,1.000000,774.3,0.001000
150300,0.000000,1.000000,0.000000,1.000000,774.8,0.001000
150400,0.000000,1.000000,0.000000,1.000000,775.3,0.001000
150500,0.000000,1.000000,0.000000,1.000000,775.7,0.001000
150600,0.000000,1.000000,0.000000,1.000000,776.3,0.001000
150700,0.000000,1.000000,0.000000,1.000000,776.8,0.001000
150800,0.145912,0.971491,0.133411,0.971809,777.3,0.001000
150900,0.014105,0.997807,0.034338,0.994518,777.9,0.001000
151000,0.032920,0.993108,0.056508,0.991543,778.4,0.001000
151100,0.023954,0.994987,0.036011,0.990916,778.9,0.001000
151200,0.014196,0.997024,0.017738,0.995458,779.4,0.001000
151300,0.020797,0.995771,0.024489,0.994518,779.9,0.001000
151400,0.015711,0.995771,0.030867,0.993265,780.4,0.001000
151500,0.009471,0.997964,0.013333,0.996241,780.9,0.001000
151600,0.000121,1.000000,0.009119,0.997494,781.4,0.001000
151700,0.025331,0.994831,0.022622,0.994518,781.9,0.001000
151800,0.004600,0.998747,0.020084,0.995458,782.4,0.001000
151900,0.001710,0.999373,0.008963,0.997651,782.9,0.001000
152000,0.011031,0.997337,0.011109,0.996868,783.4,0.001000
152100,0.002682,0.998904,0.008800,0.997807,783.9,0.001000
152200,0.000948,0.999687,0.007449,0.997807,784.4,0.001000
152300,0.007417,0.998277,0.020821,0.996711,784.9,0.001000
152400,0.003487,0.999217,0.009064,0.997338,785.4,0.001000
152500,0.005401,0.998747,0.012749,0.996554,786.0,0.001000
152600,0.002544,0.999217,0.014334,0.996554,786.5,0.001000
152700,0.003549,0.998747,0.012297,0.996398,786.9,0.001000
152800,0.003141,0.999060,0.010417,0.997651,787.5,0.001000
152900,0.000277,0.999843,0.005611,0.998121,788.0,0.001000
153000,0.008433,0.997337,0.012400,0.996085,788.5,0.001000
153100,0.001220,0.999373,0.006208,0.998121,789.0,0.001000
153200,0.003989,0.998747,0.005709,0.998121,789.5,0.001000
153300,0.003338,0.999373,0.011664,0.997181,790.0,0.001000
153400,0.002486,0.999373,0.012357,0.997024,790.5,0.001000
153500,0.001613,0.999843,0.010879,0.997338,791.0,0.001000
153600,0.000001,1.000000,0.006986,0.998434,791.5,0.001000
153700,0.000000,1.000000,0.005991,0.998590,792.0,0.001000
153800,0.000000,1.000000,0.005108,0.998904,792.5,0.001000
153900,0.000000,1.000000,0.004072,0.998904,793.0,0.001000
154000,0.000000,1.000000,0.003210,0.998747,793.5,0.001000
154100,0.000000,1.000000,0.002493,0.999373,794.0,0.001000
154200,0.000000,1.000000,0.001060,0.999687,794.6,0.001000
154300,0.000000,1.000000,0.000002,1.000000,795.1,0.001000
154400,0.000000,1.000000,0.000001,1.000000,795.6,0.001000
154500,0.000000,1.000000,0.000000,1.000000,796.1,0.001000
154600,0.000000,1.000000,0.000000,1.000000,796.7,0.001000
154700,0.001149,0.999530,0.003444,0.998904,797.2,0.001000
154800,0.004007,0.999060,0.007334,0.998277,797.8,0.001000
154900,0.003087,0.999217,0.008589,0.997024,798.3,0.001000
155000,0.000211,1.000000,0.000930,0.999843,798.9,0.001000
155100,0.005164,0.998904,0.012263,0.997181,799.4,0.001000
155200,0.001060,0.999843,0.009824,0.997338,799.9,0.001000
155300,0.000060,1.000000,0.000471,0.999843,800.5,0.001000
155400,0.003956,0.998277,0.015518,0.996868,801.0,0.001000
155500,0.001268,0.999687,0.001870,0.999530,801.5,0.001000
155600,0.003070,0.998590,0.009852,0.997338,802.0,0.001000
155700,0.002606,0.999217,0.003601,0.998904,802.6,0.001000
155800,0.000137,1.000000,0.005148,0.998904,803.1,0.001000
155900,0.004911,0.998590,0.020233,0.994832,803.6,0.001000
156000,0.000455,1.000000,0.006613,0.997964,804.1,0.001000
156100,0.001933,0.999060,0.004970,0.997807,804.6,0.001000
156200,0.000125,1.000000,0.005320,0.998277,805.2,0.001000
156300,0.000001,1.000000,0.001268,0.999687,805.7,0.001000
156400,0.000001,1.000000,0.000858,0.999687,806.2,0.001000
156500,0.000000,1.000000,0.000447,0.999687,806.7,0.001000
156600,0.000000,1.000000,0.000181,1.000000,807.2,0.001000
156700,0.000000,1.000000,0.000048,1.000000,807.7,0.001000
156800,0.000000,1.000000,0.000008,1.000000,808.2,0.001000
156900,0.000000,1.000000,0.000002,1.000000,808.7,0.001000
157000,0.000000,1.000000,0.000001,1.000000,809.2,0.001000
157100,0.000000,1.000000,0.000001,1.000000,809.7,0.001000
157200,0.000000,1.000000,0.000000,1.000000,810.2,0.001000
157300,0.000000,1.000000,0.000000,1.000000,810.7,0.001000
157400,0.013377,0.997337,0.015643,0.996711,811.2,0.001000
157500,0.000306,0.999843,0.003007,0.998904,811.7,0.001000
157600,0.002852,0.999060,0.004874,0.998277,812.2,0.001000
157700,0.010162,0.998120,0.014301,0.996554,812.7,0.001000
157800,0.008936,0.997337,0.010731,0.997181,813.3,0.001000
157900,0.000089,1.000000,0.004216,0.999060,813.8,0.001000
158000,0.002609,0.999373,0.009298,0.997651,814.3,0.001000
158100,0.000524,1.000000,0.001527,0.999687,814.8,0.001000
158200,0.000417,0.999843,0.003048,0.999060,815.3,0.001000
158300,0.000499,0.999843,0.001394,0.999373,815.8,0.001000
158400,0.007041,0.998904,0.010639,0.997024,816.3,0.001000
158500,0.005459,0.998590,0.019795,0.994675,816.8,0.001000
158600,0.000850,0.999843,0.004087,0.999060,817.3,0.001000
158700,0.001031,0.999687,0.004194,0.998747,817.7,0.001000
158800,0.000008,1.000000,0.000631,0.999843,818.2,0.001000
158900,0.000002,1.000000,0.000513,0.999843,818.7,0.001000
159000,0.000001,1.000000,0.000495,0.999843,819.2,0.001000
159100,0.000000,1.000000,0.000467,0.999843,819.7,0.001000
159200,0.000000,1.000000,0.000401,0.999843,820.3,0.001000
159300,0.000000,1.000000,0.000196,0.999843,820.8,0.001000
159400,0.000000,1.000000,0.000015,1.000000,821.2,0.001000
159500,0.000000,1.000000,0.000001,1.000000,821.7,0.001000
159600,0.000000,1.000000,0.000000,1.000000,822.2,0.001000
159700,0.000000,1.000000,0.000000,1.000000,822.7,0.001000
159800,0.000000,1.000000,0.000000,1.000000,823.2,0.001000
159900,0.000000,1.000000,0.000000,1.000000,823.7,0.001000
160000,0.000000,1.000000,0.000000,1.000000,824.2,0.001000
160100,0.000000,1.000000,0.000000,1.000000,824.7,0.001000
160200,0.000000,1.000000,0.000000,1.000000,825.2,0.001000
160300,0.000000,1.000000,0.000000,1.000000,825.7,0.001000
160400,0.000000,1.000000,0.000000,1.000000,826.2,0.001000
160500,0.000000,1.000000,0.000000,1.000000,826.7,0.001000
160600,0.000000,1.000000,0.000000,1.000000,827.2,0.001000
160700,0.000000,1.000000,0.000000,1.000000,827.7,0.001000
160800,0.000000,1.000000,0.000000,1.000000,828.2,0.001000
160900,0.000000,1.000000,0.000000,1.000000,828.7,0.001000
161000,0.000000,1.000000,0.000000,1.000000,829.2,0.001000
161100,0.000000,1.000000,0.000000,1.000000,829.7,0.001000
161200,0.000000,1.000000,0.000000,1.000000,830.2,0.001000
161300,0.000000,1.000000,0.000000,1.000000,830.7,0.001000
161400,0.000000,1.000000,0.000000,1.000000,831.3,0.001000
161500,0.000000,1.000000,0.000000,1.000000,831.8,0.001000
161600,0.000000,1.000000,0.000000,1.000000,832.3,0.001000
161700,0.000000,1.000000,0.000000,1.000000,832.8,0.001000
161800,0.000000,1.000000,0.000000,1.000000,833.3,0.001000
161900,0.000000,1.000000,0.000000,1.000000,833.8,0.001000
162000,0.000000,1.000000,0.000000,1.000000,834.3,0.001000
162100,0.000000,1.000000,0.000000,1.000000,834.8,0.001000
162200,0.000000,1.000000,0.000000,1.000000,835.3,0.001000
162300,0.000000,1.000000,0.000000,1.000000,835.8,0.001000
162400,0.000000,1.000000,0.000000,1.000000,836.3,0.001000
162500,0.000000,1.000000,0.000000,1.000000,836.8,0.001000
162600,0.000000,1.000000,0.000000,1.000000,837.3,0.001000
162700,0.000000,1.000000,0.000000,1.000000,837.8,0.001000
162800,0.000000,1.000000,0.000000,1.000000,838.3,0.001000
162900,0.000000,1.000000,0.000000,1.000000,838.8,0.001000
163000,0.000000,1.000000,0.000000,1.000000,839.3,0.001000
163100,0.000000,1.000000,0.000000,1.000000,839.8,0.001000
163200,0.000000,1.000000,0.000000,1.000000,840.4,0.001000
163300,0.000000,1.000000,0.000000,1.000000,840.9,0.001000
163400,0.000000,1.000000,0.000000,1.000000,841.4,0.001000
163500,0.000000,1.000000,0.000000,1.000000,841.9,0.001000
163600,0.000000,1.000000,0.000000,1.000000,842.4,0.001000
163700,0.000000,1.000000,0.000000,1.000000,842.9,0.001000
163800,0.000000,1.000000,0.000000,1.000000,843.4,0.001000
163900,0.000000,1.000000,0.000000,1.000000,843.9,0.001000
164000,0.000000,1.000000,0.000000,1.000000,844.4,0.001000
164100,0.000000,1.000000,0.000000,1.000000,845.0,0.001000
164200,0.000000,1.000000,0.000000,1.000000,845.4,0.001000
164300,0.000000,1.000000,0.000000,1.000000,845.9,0.001000
164400,0.000000,1.000000,0.000000,1.000000,846.4,0.001000
164500,0.000000,1.000000,0.000000,1.000000,846.9,0.001000
164600,0.000000,1.000000,0.000000,1.000000,847.4,0.001000
164700,0.000000,1.000000,0.000000,1.000000,847.9,0.001000
164800,0.000000,1.000000,0.000000,1.000000,848.4,0.001000
164900,0.000000,1.000000,0.000000,1.000000,848.9,0.001000
165000,0.000000,1.000000,0.000000,1.000000,849.4,0.001000
165100,0.000000,1.000000,0.000000,1.000000,849.9,0.001000
165200,0.000000,1.000000,0.000000,1.000000,850.4,0.001000
165300,0.000000,1.000000,0.000000,1.000000,850.9,0.001000
165400,0.000000,1.000000,0.000000,1.000000,851.4,0.001000
165500,0.000000,1.000000,0.000000,1.000000,851.9,0.001000
165600,0.000000,1.000000,0.000000,1.000000,852.4,0.001000
165700,0.000000,1.000000,0.000000,1.000000,852.9,0.001000
165800,0.000000,1.000000,0.000000,1.000000,853.4,0.001000
165900,0.034519,0.991698,0.052508,0.988567,853.9,0.001000
166000,0.009019,0.998277,0.019398,0.995615,854.3,0.001000
166100,0.010257,0.997650,0.033489,0.994049,854.8,0.001000
166200,0.023356,0.996397,0.060092,0.994205,855.3,0.001000
166300,0.007546,0.998434,0.021770,0.995928,855.9,0.001000
166400,0.005253,0.998747,0.010617,0.997964,856.3,0.001000
166500,0.010316,0.997964,0.022702,0.996554,856.8,0.001000
166600,0.028297,0.995457,0.046369,0.992169,857.3,0.001000
166700,0.009034,0.998120,0.023611,0.996085,857.8,0.001000
166800,0.000516,0.999843,0.004185,0.998747,858.3,0.001000
166900,0.012285,0.996084,0.033136,0.993579,858.8,0.001000
167000,0.001898,0.999373,0.005238,0.997964,859.4,0.001000
167100,0.004418,0.998434,0.016474,0.995458,859.9,0.001000
167200,0.004797,0.998434,0.012981,0.997024,860.4,0.001000
167300,0.006752,0.998277,0.021182,0.995928,860.9,0.001000
167400,0.010941,0.998120,0.024807,0.994049,861.4,0.001000
167500,0.005016,0.998434,0.014267,0.996085,861.9,0.001000
167600,0.003394,0.999373,0.010546,0.997964,862.5,0.001000
167700,0.000710,0.999530,0.012204,0.997964,863.0,0.001000
167800,0.005699,0.998904,0.015282,0.996554,863.6,0.001000
167900,0.000434,0.999843,0.009585,0.998121,864.1,0.001000
168000,0.003557,0.999530,0.006297,0.998434,864.6,0.001000
168100,0.000468,0.999843,0.009711,0.997494,865.2,0.001000
168200,0.003933,0.999060,0.012808,0.997338,865.7,0.001000
168300,0.005909,0.998904,0.018644,0.995928,866.3,0.001000
168400,0.005919,0.998590,0.008509,0.997964,866.8,0.001000
168500,0.004213,0.999530,0.004419,0.999373,867.3,0.001000
168600,0.001314,0.999373,0.010374,0.998121,867.8,0.001000
168700,0.000954,0.999687,0.004739,0.998277,868.3,0.001000
168800,0.000470,0.999687,0.002489,0.999060,868.8,0.001000
168900,0.000001,1.000000,0.000950,0.999530,869.3,0.001000
169000,0.000000,1.000000,0.000621,0.999843,869.8,0.001000
169100,0.000000,1.000000,0.000453,0.999843,870.3,0.001000
169200,0.000000,1.000000,0.000330,0.999843,870.8,0.001000
169300,0.000000,1.000000,0.000260,0.999843,871.3,0.001000
169400,0.000000,1.000000,0.000179,0.999843,871.8,0.001000
169500,0.000000,1.000000,0.000004,1.000000,872.3,0.001000
169600,0.000000,1.000000,0.000001,1.000000,872.8,0.001000
169700,0.000000,1.000000,0.000001,1.000000,873.3,0.001000
169800,0.000000,1.000000,0.000000,1.000000,873.8,0.001000
169900,0.000000,1.000000,0.000000,1.000000,874.3,0.001000
170000,0.000000,1.000000,0.000000,1.000000,874.8,0.001000
170100,0.000000,1.000000,0.000000,1.000000,875.3,0.001000
170200,0.000000,1.000000,0.000000,1.000000,875.8,0.001000
170300,0.000000,1.000000,0.000000,1.000000,876.3,0.001000
170400,0.000000,1.000000,0.000000,1.000000,876.8,0.001000
170500,0.000000,1.000000,0.000000,1.000000,877.3,0.001000
170600,0.000000,1.000000,0.000000,1.000000,877.8,0.001000
170700,0.000000,1.000000,0.000000,1.000000,878.3,0.001000
170800,0.000000,1.000000,0.000000,1.000000,878.7,0.001000
170900,0.000000,1.000000,0.000000,1.000000,879.2,0.001000
171000,0.000000,1.000000,0.000000,1.000000,879.7,0.001000
171100,0.000000,1.000000,0.000000,1.000000,880.2,0.001000
171200,0.000000,1.000000,0.000000,1.000000,880.7,0.001000
171300,0.000000,1.000000,0.000000,1.000000,881.2,0.001000
171400,0.000000,1.000000,0.000000,1.000000,881.7,0.001000
171500,0.000000,1.000000,0.000000,1.000000,882.1,0.001000
171600,0.000000,1.000000,0.000000,1.000000,882.7,0.001000
171700,0.000000,1.000000,0.000000,1.000000,883.2,0.001000
171800,0.000000,1.000000,0.000000,1.000000,883.7,0.001000
171900,0.000000,1.000000,0.000000,1.000000,884.2,0.001000
172000,0.000000,1.000000,0.000000,1.000000,884.7,0.001000
172100,0.000000,1.000000,0.000000,1.000000,885.2,0.001000
172200,0.000000,1.000000,0.000000,1.000000,885.7,0.001000
172300,0.000000,1.000000,0.000000,1.000000,886.2,0.001000
172400,0.000000,1.000000,0.000000,1.000000,886.7,0.001000
172500,0.000000,1.000000,0.000000,1.000000,887.2,0.001000
172600,0.000000,1.000000,0.000000,1.000000,887.7,0.001000
172700,0.000000,1.000000,0.000000,1.000000,888.2,0.001000
172800,0.000000,1.000000,0.000000,1.000000,888.8,0.001000
172900,0.000000,1.000000,0.000000,1.000000,889.3,0.001000
173000,0.000000,1.000000,0.000000,1.000000,889.8,0.001000
173100,0.000000,1.000000,0.000000,1.000000,890.3,0.001000
173200,0.000000,1.000000,0.000000,1.000000,890.8,0.001000
173300,0.000000,1.000000,0.000000,1.000000,891.3,0.001000
173400,0.000000,1.000000,0.000000,1.000000,891.8,0.001000
173500,0.000000,1.000000,0.000000,1.000000,892.3,0.001000
173600,0.000000,1.000000,0.000000,1.000000,892.8,0.001000
173700,0.000000,1.000000,0.000000,1.000000,893.4,0.001000
173800,0.000000,1.000000,0.000000,1.000000,893.9,0.001000
173900,0.000000,1.000000,0.000000,1.000000,894.3,0.001000
174000,0.000000,1.000000,0.000000,1.000000,894.8,0.001000
174100,0.000000,1.000000,0.000000,1.000000,895.3,0.001000
174200,0.000000,1.000000,0.000000,1.000000,895.8,0.001000
174300,0.000000,1.000000,0.000000,1.000000,896.3,0.001000
174400,0.000000,1.000000,0.000000,1.000000,896.8,0.001000
174500,0.000000,1.000000,0.000000,1.000000,897.3,0.001000
174600,0.000000,1.000000,0.000000,1.000000,897.8,0.001000
174700,0.000000,1.000000,0.000000,1.000000,898.3,0.001000
174800,0.000000,1.000000,0.000000,1.000000,898.8,0.001000
174900,0.000000,1.000000,0.000000,1.000000,899.3,0.001000
175000,0.000000,1.000000,0.000000,1.000000,899.8,0.001000
175100,0.000000,1.000000,0.000000,1.000000,900.3,0.001000
175200,0.000000,1.000000,0.000000,1.000000,900.8,0.001000
175300,0.000000,1.000000,0.000000,1.000000,901.3,0.001000
175400,0.000000,1.000000,0.000000,1.000000,901.8,0.001000
175500,0.000000,1.000000,0.000000,1.000000,902.3,0.001000
175600,0.000000,1.000000,0.000000,1.000000,902.8,0.001000
175700,0.000000,1.000000,0.000000,1.000000,903.3,0.001000
175800,0.000000,1.000000,0.000000,1.000000,903.8,0.001000
175900,0.000000,1.000000,0.000000,1.000000,904.3,0.001000
176000,0.000000,1.000000,0.000000,1.000000,904.8,0.001000
176100,0.000000,1.000000,0.000000,1.000000,905.4,0.001000
176200,0.000000,1.000000,0.000000,1.000000,905.9,0.001000
176300,0.000000,1.000000,0.000000,1.000000,906.5,0.001000
176400,0.000000,1.000000,0.000000,1.000000,907.0,0.001000
176500,0.000000,1.000000,0.000000,1.000000,907.5,0.001000
176600,0.000000,1.000000,0.000000,1.000000,908.0,0.001000
176700,0.000000,1.000000,0.000000,1.000000,908.5,0.001000
176800,0.000000,1.000000,0.000000,1.000000,909.0,0.001000
176900,0.000000,1.000000,0.000000,1.000000,909.5,0.001000
177000,0.000001,1.000000,0.000001,1.000000,910.1,0.001000
177100,0.021389,0.996397,0.061970,0.991386,910.5,0.001000
177200,0.028090,0.994831,0.053569,0.991543,911.0,0.001000
177300,0.008905,0.997337,0.014135,0.997024,911.5,0.001000
177400,0.004160,0.998904,0.015870,0.998121,912.0,0.001000
177500,0.028870,0.995771,0.040975,0.993265,912.5,0.001000
177600,0.014557,0.997650,0.019407,0.996085,913.0,0.001000
177700,0.019596,0.996397,0.034504,0.994675,913.5,0.001000
177800,0.009935,0.997650,0.012538,0.996554,914.0,0.001000
177900,0.002526,0.999373,0.018670,0.996398,914.5,0.001000
178000,0.011707,0.997650,0.011455,0.997024,915.0,0.001000
178100,0.008894,0.996711,0.028215,0.993109,915.5,0.001000
178200,0.004049,0.999373,0.008561,0.998590,916.0,0.001000
178300,0.024060,0.994518,0.028901,0.992952,916.5,0.001000
178400,0.007549,0.998277,0.009850,0.997651,917.0,0.001000
178500,0.006810,0.998904,0.007486,0.998434,917.5,0.001000
178600,0.001778,0.999060,0.007453,0.997651,918.0,0.001000
178700,0.006456,0.998434,0.015727,0.995771,918.5,0.001000
178800,0.006968,0.998590,0.018917,0.995458,919.0,0.001000
178900,0.004567,0.998120,0.012174,0.997494,919.5,0.001000
179000,0.000549,0.999687,0.005827,0.998277,920.0,0.001000
179100,0.003808,0.999060,0.011407,0.997807,920.5,0.001000
179200,0.006458,0.998277,0.011890,0.997964,921.0,0.001000
179300,0.000980,0.999687,0.008084,0.997807,921.5,0.001000
179400,0.003552,0.999060,0.009265,0.997494,922.0,0.001000
179500,0.010914,0.996397,0.020344,0.996398,922.5,0.001000
179600,0.003678,0.999060,0.009778,0.997651,923.0,0.001000
179700,0.001689,0.999373,0.007367,0.997964,923.5,0.001000
179800,0.002181,0.999217,0.014060,0.997181,924.0,0.001000
179900,0.000335,1.000000,0.005436,0.997651,924.5,0.001000
180000,0.008349,0.997964,0.015202,0.996398,925.0,0.001000
180100,0.001877,0.999687,0.009452,0.997807,925.5,0.001000
180200,0.003122,0.998904,0.010994,0.996711,926.0,0.001000
180300,0.001292,0.999843,0.007618,0.998121,926.5,0.001000
180400,0.000343,0.999843,0.001382,0.999530,927.0,0.001000
180500,0.000001,1.000000,0.000922,0.999530,927.5,0.001000
180600,0.000001,1.000000,0.000742,0.999530,928.1,0.001000
180700,0.000000,1.000000,0.000554,0.999843,928.6,0.001000
180800,0.000000,1.000000,0.000417,0.999843,929.2,0.001000
180900,0.000000,1.000000,0.000362,0.999843,929.7,0.001000
181000,0.000000,1.000000,0.000321,0.999843,930.2,0.001000
181100,0.000000,1.000000,0.000058,1.000000,930.8,0.001000
181200,0.000000,1.000000,0.000003,1.000000,931.3,0.001000
181300,0.000000,1.000000,0.000001,1.000000,931.8,0.001000
181400,0.000000,1.000000,0.000000,1.000000,932.4,0.001000
181500,0.000000,1.000000,0.000000,1.000000,932.9,0.001000
181600,0.000000,1.000000,0.000000,1.000000,933.4,0.001000
181700,0.000000,1.000000,0.000000,1.000000,933.9,0.001000
181800,0.000000,1.000000,0.000000,1.000000,934.4,0.001000
181900,0.000000,1.000000,0.000000,1.000000,934.9,0.001000
182000,0.000000,1.000000,0.000000,1.000000,935.4,0.001000
182100,0.000000,1.000000,0.000000,1.000000,935.9,0.001000
182200,0.000000,1.000000,0.000000,1.000000,936.4,0.001000
182300,0.000000,1.000000,0.000000,1.000000,937.0,0.001000
182400,0.000000,1.000000,0.000000,1.000000,937.5,0.001000
182500,0.000000,1.000000,0.000000,1.000000,938.1,0.001000
182600,0.000000,1.000000,0.000000,1.000000,938.6,0.001000
182700,0.000000,1.000000,0.000000,1.000000,939.1,0.001000
182800,0.000000,1.000000,0.000000,1.000000,939.6,0.001000
182900,0.000000,1.000000,0.000000,1.000000,940.1,0.001000
183000,0.000000,1.000000,0.000000,1.000000,940.5,0.001000
183100,0.000000,1.000000,0.000000,1.000000,941.0,0.001000
183200,0.000000,1.000000,0.000000,1.000000,941.5,0.001000
183300,0.000000,1.000000,0.000000,1.000000,942.1,0.001000
183400,0.000000,1.000000,0.000000,1.000000,942.6,0.001000
183500,0.000000,1.000000,0.000000,1.000000,943.1,0.001000
183600,0.000000,1.000000,0.000000,1.000000,943.6,0.001000
183700,0.000000,1.000000,0.000000,1.000000,944.1,0.001000
183800,0.000000,1.000000,0.000000,1.000000,944.5,0.001000
183900,0.000000,1.000000,0.000000,1.000000,945.0,0.001000
184000,0.000000,1.000000,0.000000,1.000000,945.5,0.001000
184100,0.000000,1.000000,0.000000,1.000000,946.0,0.001000
184200,0.000000,1.000000,0.000000,1.000000,946.5,0.001000
184300,0.000000,1.000000,0.000000,1.000000,947.0,0.001000
184400,0.000000,1.000000,0.000000,1.000000,947.5,0.001000
184500,0.000000,1.000000,0.000000,1.000000,948.1,0.001000
184600,0.000000,1.000000,0.000000,1.000000,948.6,0.001000
184700,0.000000,1.000000,0.000000,1.000000,949.1,0.001000
184800,0.000000,1.000000,0.000000,1.000000,949.6,0.001000
184900,0.000000,1.000000,0.000000,1.000000,950.1,0.001000
185000,0.000000,1.000000,0.000000,1.000000,950.6,0.001000
185100,0.000000,1.000000,0.000000,1.000000,951.1,0.001000
185200,0.000000,1.000000,0.000000,1.000000,951.6,0.001000
185300,0.000000,1.000000,0.000000,1.000000,952.1,0.001000
185400,0.000000,1.000000,0.000000,1.000000,952.6,0.001000
185500,0.000000,1.000000,0.000000,1.000000,953.1,0.001000
185600,0.000000,1.000000,0.000000,1.000000,953.6,0.001000
185700,0.000000,1.000000,0.000000,1.000000,954.1,0.001000
185800,0.000000,1.000000,0.000000,1.000000,954.6,0.001000
185900,0.000000,1.000000,0.000000,1.000000,955.0,0.001000
186000,0.000000,1.000000,0.000000,1.000000,955.6,0.001000
186100,0.000000,1.000000,0.000000,1.000000,956.1,0.001000
186200,0.000000,1.000000,0.000000,1.000000,956.6,0.001000
186300,0.000000,1.000000,0.000000,1.000000,957.1,0.001000
186400,0.000000,1.000000,0.000000,1.000000,957.6,0.001000
186500,0.065907,0.988565,0.143394,0.981989,958.1,0.001000
186600,0.007312,0.998120,0.030529,0.995145,958.6,0.001000
186700,0.010717,0.996397,0.022705,0.993422,959.1,0.001000
186800,0.012577,0.997964,0.017325,0.995928,959.6,0.001000
186900,0.009074,0.997807,0.010866,0.996241,960.1,0.001000
187000,0.010360,0.997337,0.020137,0.994832,960.6,0.001000
187100,0.004141,0.998904,0.013948,0.996711,961.1,0.001000
187200,0.009466,0.998277,0.014347,0.997964,961.6,0.001000
187300,0.002948,0.999060,0.011902,0.997494,962.1,0.001000
187400,0.009066,0.997650,0.016123,0.995615,962.6,0.001000
187500,0.002343,0.999373,0.012959,0.998277,963.1,0.001000
187600,0.013961,0.997807,0.029435,0.995771,963.6,0.001000
187700,0.003871,0.998590,0.007930,0.997024,964.1,0.001000
187800,0.001420,0.999843,0.008549,0.997807,964.7,0.001000
187900,0.006025,0.998590,0.008670,0.997181,965.2,0.001000
188000,0.007425,0.997180,0.027642,0.994205,965.7,0.001000
188100,0.005014,0.998904,0.012462,0.996398,966.2,0.001000
188200,0.001385,0.999687,0.013882,0.997181,966.7,0.001000
188300,0.000622,0.999843,0.002556,0.998747,967.2,0.001000
188400,0.000634,0.999687,0.004793,0.998747,967.7,0.001000
188500,0.002679,0.999060,0.012471,0.997181,968.2,0.001000
188600,0.002174,0.999530,0.010702,0.997024,968.7,0.001000
188700,0.000204,0.999843,0.003999,0.998904,969.2,0.001000
188800,0.000001,1.000000,0.004108,0.999217,969.7,0.001000
188900,0.000000,1.000000,0.004111,0.999217,970.2,0.001000
189000,0.000000,1.000000,0.004082,0.999217,970.7,0.001000
189100,0.000000,1.000000,0.004046,0.999217,971.1,0.001000
189200,0.000000,1.000000,0.004102,0.999217,971.6,0.001000
189300,0.000000,1.000000,0.004786,0.999217,972.1,0.001000
189400,0.000000,1.000000,0.002816,0.999373,972.6,0.001000
189500,0.000000,1.000000,0.000002,1.000000,973.1,0.001000
189600,0.000000,1.000000,0.000001,1.000000,973.6,0.001000
189700,0.000000,1.000000,0.000000,1.000000,974.1,0.001000
189800,0.000000,1.000000,0.000000,1.000000,974.6,0.001000
189900,0.007250,0.997964,0.012617,0.996085,975.1,0.001000
190000,0.001626,0.999373,0.011999,0.997651,975.6,0.001000
190100,0.004805,0.998904,0.009370,0.997964,976.1,0.001000
190200,0.002235,0.999217,0.001772,0.999373,976.6,0.001000
190300,0.005791,0.998904,0.009447,0.997807,977.1,0.001000
190400,0.007250,0.998277,0.015817,0.996868,977.6,0.001000
190500,0.000266,1.000000,0.001041,0.999530,978.1,0.001000
190600,0.001705,0.999217,0.005354,0.998121,978.6,0.001000
190700,0.005048,0.999217,0.011526,0.996554,979.1,0.001000
190800,0.004865,0.999060,0.015475,0.997024,979.6,0.001000
190900,0.001391,0.999687,0.002633,0.999530,980.0,0.001000
191000,0.000151,1.000000,0.002098,0.999373,980.6,0.001000
191100,0.000265,0.999843,0.002891,0.999060,981.1,0.001000
191200,0.000001,1.000000,0.001465,0.999843,981.6,0.001000
191300,0.000000,1.000000,0.001376,0.999843,982.1,0.001000
191400,0.000000,1.000000,0.001300,0.999843,982.6,0.001000
191500,0.000000,1.000000,0.001200,0.999843,983.2,0.001000
191600,0.000000,1.000000,0.001054,0.999843,983.7,0.001000
191700,0.000000,1.000000,0.000802,0.999843,984.2,0.001000
191800,0.000000,1.000000,0.000013,1.000000,984.7,0.001000
191900,0.000000,1.000000,0.000002,1.000000,985.2,0.001000
192000,0.000000,1.000000,0.000000,1.000000,985.7,0.001000
192100,0.000000,1.000000,0.000001,1.000000,986.2,0.001000
192200,0.000000,1.000000,0.000000,1.000000,986.8,0.001000
192300,0.000000,1.000000,0.000000,1.000000,987.3,0.001000
192400,0.000000,1.000000,0.000000,1.000000,987.8,0.001000
192500,0.000000,1.000000,0.000000,1.000000,988.3,0.001000
192600,0.000000,1.000000,0.000000,1.000000,988.8,0.001000
192700,0.000000,1.000000,0.000000,1.000000,989.3,0.001000
192800,0.000000,1.000000,0.000000,1.000000,989.9,0.001000
192900,0.000000,1.000000,0.000000,1.000000,990.3,0.001000
193000,0.000000,1.000000,0.000000,1.000000,990.8,0.001000
193100,0.000000,1.000000,0.000000,1.000000,991.4,0.001000
193200,0.000000,1.000000,0.000000,1.000000,991.9,0.001000
193300,0.000000,1.000000,0.000000,1.000000,992.4,0.001000
193400,0.000000,1.000000,0.000000,1.000000,992.9,0.001000
193500,0.000000,1.000000,0.000000,1.000000,993.3,0.001000
193600,0.000000,1.000000,0.000000,1.000000,993.8,0.001000
193700,0.000000,1.000000,0.000000,1.000000,994.4,0.001000
193800,0.000000,1.000000,0.000000,1.000000,994.9,0.001000
193900,0.000000,1.000000,0.000000,1.000000,995.5,0.001000
194000,0.000000,1.000000,0.000000,1.000000,996.0,0.001000
194100,0.000000,1.000000,0.000000,1.000000,996.5,0.001000
194200,0.000000,1.000000,0.000000,1.000000,997.0,0.001000
194300,0.000000,1.000000,0.000000,1.000000,997.6,0.001000
194400,0.000000,1.000000,0.000000,1.000000,998.1,0.001000
194500,0.000000,1.000000,0.000000,1.000000,998.6,0.001000
194600,0.000000,1.000000,0.000000,1.000000,999.1,0.001000
194700,0.000000,1.000000,0.000000,1.000000,999.6,0.001000
194800,0.000000,1.000000,0.000000,1.000000,1000.2,0.001000
194900,0.000000,1.000000,0.000000,1.000000,1000.6,0.001000
195000,0.000000,1.000000,0.000000,1.000000,1001.1,0.001000
195100,0.000000,1.000000,0.000000,1.000000,1001.6,0.001000
195200,0.000000,1.000000,0.000000,1.000000,1002.1,0.001000
195300,0.000000,1.000000,0.000000,1.000000,1002.6,0.001000
195400,0.000000,1.000000,0.000000,1.000000,1003.2,0.001000
195500,0.000000,1.000000,0.000000,1.000000,1003.7,0.001000
195600,0.000000,1.000000,0.000000,1.000000,1004.2,0.001000
195700,0.000000,1.000000,0.000000,1.000000,1004.7,0.001000
195800,0.000000,1.000000,0.000000,1.000000,1005.2,0.001000
195900,0.000000,1.000000,0.000000,1.000000,1005.7,0.001000
196000,0.000000,1.000000,0.000000,1.000000,1006.2,0.001000
196100,0.000000,1.000000,0.000000,1.000000,1006.8,0.001000
196200,0.002696,0.999373,0.019957,0.996085,1007.2,0.001000
196300,0.003741,0.999373,0.009051,0.998747,1007.8,0.001000
196400,0.005594,0.999217,0.008404,0.998121,1008.3,0.001000
196500,0.011145,0.997337,0.012352,0.996398,1008.8,0.001000
196600,0.005120,0.999060,0.007679,0.997964,1009.2,0.001000
196700,0.030067,0.994674,0.058771,0.991699,1009.7,0.001000
196800,0.006798,0.997807,0.008225,0.998277,1010.3,0.001000
196900,0.002822,0.999373,0.005844,0.998590,1010.8,0.001000
197000,0.007619,0.997807,0.016486,0.996554,1011.3,0.001000
197100,0.002540,0.999373,0.006273,0.998277,1011.8,0.001000
197200,0.009943,0.998434,0.014916,0.996085,1012.3,0.001000
197300,0.001404,0.999843,0.003687,0.999060,1012.8,0.001000
197400,0.015755,0.997180,0.021388,0.995771,1013.3,0.001000
197500,0.013928,0.998120,0.024793,0.996554,1013.8,0.001000
197600,0.003405,0.999060,0.005183,0.998434,1014.3,0.001000
197700,0.002484,0.999217,0.008594,0.997651,1014.8,0.001000
197800,0.004230,0.998590,0.012066,0.996085,1015.3,0.001000
197900,0.001527,0.999843,0.003677,0.999060,1015.8,0.001000
198000,0.004979,0.998434,0.009320,0.997964,1016.4,0.001000
198100,0.005649,0.998590,0.007263,0.997651,1016.9,0.001000
198200,0.001303,0.999687,0.006466,0.998434,1017.4,0.001000
198300,0.002793,0.999373,0.006810,0.999217,1017.9,0.001000
198400,0.006529,0.998434,0.010555,0.997494,1018.4,0.001000
198500,0.000161,1.000000,0.001873,0.999060,1018.9,0.001000
198600,0.008572,0.997024,0.017321,0.994832,1019.4,0.001000
198700,0.003258,0.998904,0.007012,0.997494,1019.9,0.001000
198800,0.003989,0.999373,0.009301,0.997807,1020.4,0.001000
198900,0.000058,1.000000,0.000584,0.999843,1021.0,0.001000
199000,0.000261,1.000000,0.010589,0.997651,1021.5,0.001000
199100,0.001479,0.999530,0.010226,0.998434,1022.0,0.001000
199200,0.000460,0.999843,0.005368,0.999060,1022.5,0.001000
199300,0.002785,0.999530,0.007117,0.998121,1023.0,0.001000
199400,0.003289,0.998590,0.011456,0.996868,1023.5,0.001000
199500,0.000005,1.000000,0.002014,0.999843,1024.0,0.001000
199600,0.000001,1.000000,0.001784,0.999843,1024.5,0.001000
199700,0.000000,1.000000,0.001707,0.999843,1024.9,0.001000
199800,0.000000,1.000000,0.001561,0.999843,1025.4,0.001000
199900,0.000000,1.000000,0.001377,0.999843,1025.9,0.001000
