step,train_loss,train_acc,test_loss,test_acc,elapsed_sec,lr
0,5.520014,0.006667,5.505474,0.006126,0.0,0.000020
100,5.003822,0.007928,5.054229,0.004864,0.6,0.001000
200,4.822252,0.039910,5.250757,0.003693,1.1,0.001000
300,4.454530,0.113063,4.900883,0.017656,1.7,0.001000
400,2.859912,0.587928,2.945944,0.439150,2.2,0.001000
500,1.999613,0.902523,2.049332,0.860103,2.7,0.001000
600,1.639421,0.967207,1.668598,0.957211,3.3,0.001000
700,1.603749,0.885856,1.628423,0.861274,3.8,0.001000
800,1.526446,0.939189,1.543928,0.938834,4.4,0.001000
900,1.582401,0.857928,1.602940,0.834790,4.9,0.001000
1000,1.571537,0.876396,1.590432,0.866949,5.5,0.001000
1100,1.796813,0.555856,1.818112,0.535988,6.0,0.001000
1200,1.699321,0.747568,1.714520,0.741375,6.6,0.001000
1300,1.596495,0.900541,1.612573,0.894784,7.1,0.001000
1400,1.838340,0.609099,1.856894,0.596703,7.6,0.001000
1500,1.686993,0.778559,1.705901,0.765967,8.2,0.001000
1600,1.707782,0.723514,1.727167,0.710837,8.7,0.001000
1700,1.872131,0.521261,1.887192,0.508423,9.2,0.001000
1800,1.610451,0.875315,1.632873,0.862084,9.8,0.001000
1900,1.598276,0.885586,1.615889,0.876858,10.3,0.001000
2000,1.566823,0.932523,1.588786,0.918206,10.8,0.001000
2100,1.675705,0.784234,1.694087,0.776056,11.4,0.001000
2200,1.557247,0.915405,1.578548,0.900189,11.9,0.001000
2300,1.615087,0.872072,1.635391,0.859202,12.4,0.001000
2400,1.790865,0.663153,1.808265,0.647599,13.0,0.001000
2500,1.727868,0.688108,1.746816,0.678407,13.5,0.001000
2600,2.200723,0.350721,2.214840,0.340960,14.0,0.001000
2700,1.540977,0.960901,1.557809,0.952887,14.5,0.001000
2800,1.540554,0.929369,1.559432,0.919647,15.0,0.001000
2900,1.767348,0.691081,1.785668,0.674534,15.6,0.001000
3000,1.519132,0.964955,1.533307,0.963337,16.1,0.001000
3100,1.533736,0.930000,1.552907,0.919647,16.6,0.001000
3200,1.590328,0.874234,1.605407,0.864877,17.2,0.001000
3300,1.616365,0.847297,1.635493,0.839744,17.7,0.001000
3400,1.562995,0.908919,1.586160,0.895054,18.2,0.001000
3500,1.653963,0.782162,1.673095,0.761643,18.7,0.001000
3600,1.779034,0.681261,1.798403,0.664895,19.3,0.001000
3700,1.540982,0.930450,1.558450,0.920458,19.8,0.001000
3800,1.491205,0.973333,1.508974,0.968291,20.3,0.001000
3900,1.712214,0.695405,1.725788,0.684443,20.8,0.001000
4000,1.575876,0.850541,1.591869,0.845059,21.4,0.001000
4100,1.537317,0.914234,1.556641,0.901270,21.9,0.001000
4200,1.522753,0.932613,1.539702,0.920007,22.4,0.001000
4300,1.614621,0.826667,1.633242,0.811098,23.0,0.001000
4400,1.489879,0.951712,1.505948,0.949464,23.5,0.001000
4500,1.585437,0.855766,1.609680,0.831637,24.0,0.001000
4600,1.529111,0.923874,1.552002,0.912350,24.6,0.001000
4700,1.470223,0.975946,1.487992,0.973516,25.1,0.001000
4800,1.518216,0.915676,1.538193,0.904333,25.6,0.001000
4900,1.571324,0.877207,1.590560,0.862445,26.2,0.001000
5000,1.487807,0.961171,1.506258,0.951356,26.7,0.001000
5100,1.587151,0.819099,1.608253,0.806864,27.2,0.001000
5200,1.573096,0.870180,1.591176,0.850644,27.8,0.001000
5300,1.477400,0.958378,1.495239,0.951085,28.3,0.001000
5400,1.505639,0.945135,1.522526,0.933970,28.8,0.001000
5500,1.674251,0.707568,1.695392,0.682821,29.3,0.001000
5600,1.433121,0.978919,1.451533,0.978290,29.9,0.001000
5700,1.601670,0.793874,1.623345,0.766147,30.4,0.001000
5800,1.478306,0.948829,1.497159,0.940816,30.9,0.001000
5900,1.491151,0.912973,1.509410,0.906765,31.5,0.001000
6000,1.445668,0.982072,1.464219,0.975498,32.0,0.001000
6100,1.679409,0.752973,1.700103,0.734799,32.5,0.001000
6200,1.529047,0.904144,1.547924,0.896586,33.1,0.001000
6300,1.444409,0.988829,1.461757,0.985767,33.6,0.001000
6400,2.208842,0.379820,2.226469,0.360688,34.1,0.001000
6500,1.560329,0.865315,1.581660,0.847581,34.7,0.001000
6600,1.659196,0.753063,1.674320,0.744437,35.2,0.001000
6700,1.558704,0.863333,1.579022,0.841546,35.7,0.001000
6800,1.971249,0.356216,1.992016,0.342762,36.2,0.001000
6900,1.893254,0.470180,1.918209,0.455454,36.7,0.001000
7000,1.447891,0.971802,1.468193,0.964418,37.3,0.001000
7100,1.483611,0.919369,1.500775,0.914692,37.8,0.001000
7200,1.476602,0.960901,1.494056,0.953608,38.3,0.001000
7300,1.498370,0.971532,1.516707,0.962706,38.9,0.001000
7400,1.536337,0.923514,1.554334,0.909738,39.4,0.001000
7500,1.456994,0.976757,1.472888,0.974597,39.9,0.001000
7600,2.734199,0.164685,2.735210,0.151698,40.4,0.001000
7700,1.694561,0.709009,1.716102,0.686425,40.9,0.001000
7800,1.504705,0.972072,1.522690,0.967841,41.5,0.001000
7900,1.486556,0.963153,1.503001,0.957932,42.0,0.001000
8000,1.483624,0.945766,1.502103,0.937663,42.5,0.001000
8100,1.641008,0.755405,1.657022,0.747140,43.0,0.001000
8200,1.449537,0.981892,1.467262,0.979281,43.6,0.001000
8300,1.601450,0.847748,1.620098,0.836411,44.1,0.001000
8400,1.464329,0.973514,1.483556,0.968561,44.6,0.001000
8500,1.450124,0.990000,1.468660,0.985767,45.1,0.001000
8600,1.765703,0.645045,1.795020,0.616431,45.7,0.001000
8700,1.445576,0.981261,1.463346,0.978380,46.2,0.001000
8800,2.289061,0.341622,2.314650,0.323484,46.7,0.001000
8900,1.507265,0.949730,1.525669,0.941717,47.3,0.001000
9000,1.507721,0.949279,1.528165,0.939825,47.8,0.001000
9100,1.471777,0.964054,1.489936,0.961085,48.3,0.001000
9200,1.604614,0.849550,1.624008,0.835420,48.9,0.001000
9300,1.612875,0.802793,1.633931,0.776326,49.5,0.001000
9400,1.697601,0.819910,1.720258,0.794613,50.0,0.001000
9500,1.504743,0.964324,1.522347,0.958202,50.6,0.001000
9600,1.471383,0.980811,1.489329,0.977930,51.2,0.001000
9700,1.522446,0.938198,1.537715,0.934600,51.8,0.001000
9800,1.604566,0.792432,1.621204,0.782452,52.4,0.001000
9900,1.453562,0.980541,1.472107,0.977119,52.9,0.001000
10000,1.507874,0.962613,1.525232,0.958923,53.5,0.001000
10100,1.767301,0.612883,1.792515,0.585172,54.0,0.001000
10200,1.574372,0.943153,1.595020,0.930727,54.5,0.001000
10300,1.560800,0.886396,1.585102,0.861994,55.1,0.001000
10400,1.751598,0.653874,1.772691,0.637060,55.6,0.001000
10500,2.450723,0.330991,2.461148,0.323214,56.1,0.001000
10600,1.634974,0.813423,1.651938,0.806234,56.6,0.001000
10700,1.510269,0.928559,1.530516,0.920638,57.1,0.001000
10800,1.550923,0.863333,1.565482,0.857670,57.7,0.001000
10900,1.582131,0.859369,1.601709,0.840555,58.2,0.001000
11000,1.524240,0.939730,1.541502,0.931177,58.7,0.001000
11100,1.580072,0.838018,1.599146,0.823890,59.2,0.001000
11200,1.664969,0.844414,1.684869,0.826322,59.8,0.001000
11300,1.570227,0.881622,1.593746,0.869471,60.3,0.001000
11400,1.681002,0.783604,1.700502,0.771102,60.8,0.001000
11500,1.566845,0.861081,1.585381,0.843798,61.3,0.001000
11600,1.488367,0.946487,1.504653,0.938834,61.9,0.001000
11700,1.632190,0.788559,1.651569,0.780740,62.4,0.001000
11800,1.444459,0.989279,1.463255,0.985677,62.9,0.001000
11900,1.486646,0.953063,1.504943,0.948563,63.4,0.001000
12000,1.529570,0.908198,1.547032,0.902621,64.0,0.001000
12100,1.491332,0.953243,1.508052,0.948203,64.5,0.001000
12200,1.465240,0.974234,1.485553,0.967931,65.0,0.001000
12300,1.511398,0.918649,1.534522,0.900820,65.5,0.001000
12400,1.514226,0.972523,1.532612,0.967841,66.1,0.001000
12500,1.477653,0.972883,1.496682,0.968561,66.6,0.001000
12600,1.531018,0.911441,1.547473,0.902892,67.1,0.001000
12700,1.573968,0.797928,1.596240,0.777588,67.7,0.001000
12800,1.485319,0.944685,1.499857,0.943969,68.2,0.001000
12900,2.435016,0.285586,2.458963,0.270786,68.7,0.001000
13000,1.505170,0.956306,1.521920,0.950095,69.3,0.001000
13100,1.475504,0.947297,1.496612,0.937573,69.8,0.001000
13200,1.539543,0.943153,1.558125,0.932799,70.4,0.001000
13300,1.561864,0.864144,1.583303,0.851635,70.9,0.001000
13400,1.699174,0.767478,1.716138,0.748761,71.4,0.001000
13500,1.504018,0.935045,1.523937,0.928925,72.0,0.001000
13600,1.542634,0.936757,1.561088,0.935411,72.5,0.001000
13700,1.502972,0.944865,1.524897,0.935411,73.0,0.001000
13800,1.666729,0.723153,1.687594,0.705972,73.5,0.001000
13900,1.479607,0.980811,1.498968,0.977660,74.1,0.001000
14000,1.518709,0.918288,1.538221,0.904693,74.6,0.001000
14100,1.564078,0.873153,1.583276,0.858932,75.2,0.001000
14200,1.709740,0.661712,1.732356,0.641924,75.7,0.001000
14300,1.585084,0.858739,1.606541,0.844338,76.2,0.001000
14400,1.577119,0.913874,1.594130,0.910909,76.8,0.001000
14500,1.505237,0.955405,1.524406,0.950725,77.3,0.001000
14600,1.540714,0.935586,1.561125,0.929286,77.8,0.001000
14700,1.466528,0.976306,1.484130,0.972615,78.4,0.001000
14800,2.136995,0.334234,2.153855,0.328349,78.9,0.001000
14900,1.500064,0.945225,1.520907,0.935141,79.4,0.001000
15000,1.491842,0.968829,1.509796,0.961985,79.9,0.001000
15100,2.056445,0.384595,2.077277,0.364652,80.5,0.001000
15200,1.889189,0.514595,1.920552,0.491487,81.0,0.001000
15300,1.503217,0.955496,1.522779,0.946401,81.5,0.001000
15400,1.478846,0.948469,1.497737,0.944600,82.1,0.001000
15500,1.457074,0.990360,1.475371,0.985407,82.6,0.001000
15600,1.521877,0.963333,1.539820,0.964418,83.1,0.001000
15700,1.929981,0.505946,1.954749,0.490406,83.7,0.001000
15800,1.472088,0.986396,1.491605,0.982434,84.2,0.001000
15900,1.470706,0.975586,1.489221,0.968742,84.8,0.001000
16000,1.461933,0.988649,1.480582,0.984956,85.3,0.001000
16100,1.482274,0.988198,1.500772,0.987929,85.8,0.001000
16200,1.497772,0.947928,1.517863,0.939195,86.4,0.001000
16300,1.640690,0.789279,1.661079,0.767679,86.9,0.001000
16400,1.476790,0.971261,1.496599,0.964958,87.4,0.001000
16500,1.722523,0.643514,1.741178,0.630844,87.9,0.001000
16600,1.578787,0.898198,1.597328,0.887848,88.4,0.001000
16700,1.576596,0.850360,1.595659,0.833168,89.0,0.001000
16800,1.786909,0.560090,1.807760,0.541573,89.5,0.001000
16900,1.452517,0.986216,1.469385,0.981893,90.0,0.001000
17000,1.505736,0.941892,1.525732,0.940996,90.6,0.001000
17100,1.512680,0.931081,1.530487,0.921358,91.1,0.001000
17200,1.657998,0.773153,1.684630,0.753896,91.6,0.001000
17300,1.564919,0.861532,1.589942,0.848482,92.1,0.001000
17400,1.618722,0.794144,1.638696,0.779840,92.7,0.001000
17500,1.583616,0.901261,1.603397,0.893433,93.2,0.001000
17600,1.510244,0.951351,1.527847,0.944149,93.8,0.001000
17700,1.521588,0.918468,1.540379,0.907035,94.3,0.001000
17800,1.481527,0.945946,1.498323,0.936492,94.8,0.001000
17900,2.026218,0.512342,2.050666,0.492118,95.3,0.001000
18000,1.583469,0.831532,1.604597,0.817404,95.9,0.001000
18100,1.489579,0.952072,1.506726,0.949824,96.4,0.001000
18200,1.488949,0.949910,1.506132,0.942888,96.9,0.001000
18300,1.562677,0.922973,1.582242,0.913792,97.4,0.001000
18400,1.500743,0.956396,1.519581,0.950725,98.0,0.001000
18500,1.572485,0.902162,1.589889,0.889920,98.5,0.001000
18600,1.726695,0.661892,1.747655,0.643906,99.1,0.001000
18700,1.672969,0.718919,1.688352,0.711467,99.6,0.001000
18800,1.600474,0.814685,1.613385,0.810648,100.1,0.001000
18900,1.570183,0.885856,1.586536,0.875056,100.6,0.001000
19000,1.514031,0.936306,1.532294,0.932168,101.1,0.001000
19100,1.671356,0.873423,1.694017,0.851995,101.7,0.001000
19200,1.634495,0.794234,1.657841,0.769480,102.2,0.001000
19300,1.697623,0.713063,1.720714,0.687866,102.7,0.001000
19400,1.478846,0.963423,1.498939,0.954599,103.2,0.001000
19500,1.475646,0.980000,1.495950,0.975318,103.8,0.001000
19600,1.554760,0.939460,1.575267,0.927934,104.3,0.001000
19700,1.473022,0.976847,1.491863,0.969282,104.8,0.001000
19800,1.544545,0.924865,1.561532,0.915053,105.3,0.001000
19900,1.468662,0.975315,1.486019,0.971084,105.9,0.001000
20000,1.490282,0.982793,1.508227,0.980812,106.4,0.001000
20100,1.476833,0.969099,1.497451,0.961895,106.9,0.001000
20200,1.653487,0.739189,1.672036,0.721016,107.4,0.001000
20300,1.496770,0.939099,1.513791,0.930727,107.9,0.001000
20400,1.780374,0.691892,1.799414,0.679759,108.4,0.001000
20500,1.593990,0.840631,1.620564,0.815512,109.0,0.001000
20600,1.429640,0.992523,1.447634,0.991983,109.5,0.001000
20700,1.508112,0.955496,1.525906,0.944419,110.0,0.001000
20800,1.536166,0.966306,1.556131,0.961175,110.5,0.001000
20900,1.560040,0.893694,1.575815,0.882984,111.0,0.001000
21000,1.483213,0.956847,1.503846,0.950815,111.5,0.001000
21100,1.529658,0.895856,1.548882,0.881542,112.1,0.001000
21200,1.479262,0.976937,1.497810,0.972705,112.6,0.001000
21300,1.824742,0.599640,1.849075,0.579587,113.1,0.001000
21400,1.817606,0.631892,1.835592,0.620395,113.7,0.001000
21500,2.712875,0.210270,2.755743,0.207819,114.2,0.001000
21600,1.544978,0.927387,1.565261,0.912981,114.7,0.001000
21700,1.458812,0.989009,1.476445,0.988289,115.2,0.001000
21800,1.588208,0.925676,1.605932,0.915323,115.8,0.001000
21900,1.475020,0.987838,1.493483,0.987298,116.3,0.001000
22000,1.599382,0.836126,1.619158,0.818575,116.8,0.001000
22100,1.591264,0.838649,1.611117,0.826232,117.4,0.001000
22200,1.457532,0.987297,1.479210,0.981623,117.9,0.001000
22300,1.732839,0.777027,1.752603,0.757589,118.4,0.001000
22400,1.497101,0.952342,1.510876,0.951806,118.9,0.001000
22500,1.608604,0.817748,1.627965,0.804612,119.5,0.001000
22600,1.758700,0.702432,1.780079,0.682641,120.0,0.001000
22700,1.568201,0.852162,1.585045,0.839654,120.5,0.001000
22800,1.495479,0.948919,1.516990,0.935141,121.1,0.001000
22900,1.458387,0.990991,1.476393,0.989821,121.6,0.001000
23000,1.591931,0.857928,1.607401,0.851545,122.1,0.001000
23100,1.509562,0.957838,1.532184,0.944600,122.6,0.001000
23200,1.504007,0.956216,1.523966,0.947662,123.2,0.001000
23300,1.482934,0.979279,1.500972,0.975678,123.7,0.001000
23400,1.567156,0.855045,1.587414,0.840915,124.3,0.001000
23500,1.707463,0.732072,1.725126,0.719395,124.8,0.001000
23600,1.629047,0.773874,1.642942,0.764436,125.3,0.001000
23700,1.569339,0.882432,1.589930,0.872264,125.8,0.001000
23800,1.574586,0.871982,1.593083,0.860373,126.4,0.001000
23900,1.468909,0.955135,1.486196,0.953968,126.9,0.001000
24000,1.953311,0.470631,1.973457,0.458697,127.4,0.001000
24100,1.489422,0.967928,1.507925,0.966850,127.9,0.001000
24200,1.490987,0.964505,1.510889,0.960184,128.4,0.001000
24300,1.570097,0.843243,1.590752,0.825241,129.0,0.001000
24400,1.655186,0.806036,1.674322,0.796685,129.5,0.001000
24500,1.532239,0.896487,1.552643,0.881002,130.0,0.001000
24600,1.503353,0.950721,1.520960,0.941537,130.5,0.001000
24700,1.513021,0.938108,1.530641,0.931628,131.0,0.001000
24800,1.535966,0.893514,1.554573,0.878840,131.6,0.001000
24900,1.504637,0.943964,1.523051,0.936853,132.1,0.001000
25000,1.502975,0.924865,1.521893,0.915954,132.6,0.001000
25100,1.556393,0.868018,1.575161,0.858031,133.1,0.001000
25200,2.636028,0.217117,2.659366,0.203405,133.6,0.001000
25300,1.528741,0.923784,1.549340,0.914963,134.2,0.001000
25400,1.545361,0.869369,1.565910,0.857941,134.7,0.001000
25500,1.461716,0.971532,1.482677,0.966489,135.2,0.001000
25600,1.493625,0.945045,1.512102,0.935772,135.7,0.001000
25700,1.579979,0.911892,1.601492,0.902171,136.3,0.001000
25800,1.733419,0.652883,1.760334,0.620935,136.8,0.001000
25900,1.576245,0.858198,1.596425,0.844699,137.3,0.001000
26000,1.794120,0.633153,1.824710,0.607423,137.8,0.001000
26100,1.469139,0.978378,1.486454,0.974056,138.4,0.001000
26200,1.497109,0.939640,1.513742,0.930997,138.9,0.001000
26300,1.538045,0.906577,1.554471,0.899919,139.4,0.001000
26400,1.601383,0.914324,1.622477,0.905054,139.9,0.001000
26500,1.471559,0.985315,1.488957,0.984236,140.5,0.001000
26600,1.486337,0.957838,1.502928,0.953247,141.0,0.001000
26700,1.478665,0.975586,1.499108,0.970813,141.5,0.001000
26800,1.470015,0.988018,1.488706,0.984776,142.0,0.001000
26900,1.494468,0.975496,1.515154,0.967120,142.5,0.001000
27000,1.653980,0.773964,1.678118,0.749572,143.1,0.001000
27100,1.468472,0.976757,1.486947,0.969372,143.6,0.001000
27200,1.535305,0.952793,1.552944,0.944239,144.1,0.001000
27300,1.721951,0.670000,1.744043,0.662103,144.7,0.001000
27400,1.532491,0.923423,1.551973,0.914332,145.2,0.001000
27500,1.491222,0.965225,1.512136,0.957752,145.7,0.001000
27600,1.715978,0.698829,1.735553,0.682101,146.3,0.001000
27700,1.506091,0.940180,1.524900,0.932438,146.8,0.001000
27800,1.863531,0.622973,1.893693,0.596793,147.3,0.001000
27900,1.642950,0.777928,1.664086,0.764616,147.8,0.001000
28000,1.528478,0.916937,1.549317,0.905234,148.4,0.001000
28100,1.596178,0.891441,1.618329,0.877038,148.9,0.001000
28200,1.493143,0.967478,1.509156,0.964147,149.4,0.001000
28300,1.502782,0.938829,1.521681,0.934871,149.9,0.001000
28400,1.467848,0.987387,1.485503,0.984686,150.5,0.001000
28500,1.548247,0.896126,1.565837,0.889019,151.0,0.001000
28600,1.565083,0.955676,1.582300,0.948563,151.5,0.001000
28700,1.795159,0.617658,1.818381,0.593730,152.1,0.001000
28800,1.495073,0.948018,1.511408,0.943248,152.7,0.001000
28900,1.517164,0.972342,1.534105,0.964778,153.2,0.001000
29000,1.519221,0.927928,1.538121,0.919016,153.7,0.001000
29100,1.547478,0.909730,1.565373,0.905864,154.3,0.001000
29200,1.474581,0.986486,1.490708,0.984055,154.8,0.001000
29300,1.624082,0.831081,1.648001,0.811999,155.3,0.001000
29400,1.543742,0.898288,1.565549,0.887668,155.8,0.001000
29500,1.515658,0.920541,1.532618,0.916584,156.4,0.001000
29600,1.467449,0.975766,1.487442,0.970003,157.0,0.001000
29700,1.438029,0.992793,1.455409,0.993514,157.5,0.001000
29800,1.909227,0.476216,1.926632,0.466444,158.0,0.001000
29900,1.532966,0.983964,1.552055,0.979371,158.6,0.001000
30000,1.845714,0.608919,1.861521,0.597514,159.1,0.001000
30100,1.595138,0.882613,1.616503,0.863526,159.7,0.001000
30200,1.492518,0.955946,1.508668,0.952347,160.2,0.001000
30300,1.593454,0.968829,1.612292,0.962706,160.7,0.001000
30400,1.515906,0.979820,1.534934,0.976218,161.2,0.001000
30500,1.547674,0.903964,1.569071,0.885145,161.8,0.001000
30600,1.475892,0.972342,1.495295,0.967030,162.3,0.001000
30700,1.794960,0.580541,1.816082,0.557157,162.8,0.001000
30800,1.569939,0.840180,1.590242,0.827043,163.4,0.001000
30900,1.606558,0.842973,1.626444,0.836321,163.9,0.001000
31000,1.545431,0.896487,1.561923,0.889109,164.4,0.001000
31100,1.499331,0.940631,1.520225,0.930817,165.0,0.001000
31200,1.510321,0.974054,1.529071,0.971084,165.5,0.001000
31300,1.805839,0.581622,1.828071,0.561031,166.0,0.001000
31400,1.711668,0.684414,1.727828,0.667778,166.6,0.001000
31500,1.470803,0.998288,1.489271,0.998198,167.1,0.001000
31600,1.526395,0.930631,1.546038,0.922259,167.6,0.001000
31700,1.467621,0.967117,1.485721,0.965679,168.2,0.001000
31800,1.505367,0.929369,1.527736,0.914963,168.7,0.001000
31900,1.491594,0.952432,1.510475,0.948023,169.2,0.001000
32000,1.438279,0.995856,1.456148,0.995856,169.8,0.001000
32100,1.481675,0.965405,1.498512,0.965859,170.3,0.001000
32200,1.569211,0.958649,1.590904,0.951266,170.8,0.001000
32300,1.591583,0.856757,1.608183,0.845690,171.3,0.001000
32400,1.618666,0.820721,1.634822,0.811639,171.9,0.001000
32500,1.472049,0.969640,1.489829,0.967931,172.4,0.001000
32600,1.476376,0.970631,1.495023,0.966309,172.9,0.001000
32700,1.651775,0.780000,1.674472,0.765427,173.4,0.001000
32800,1.791035,0.615405,1.806663,0.607783,173.9,0.001000
32900,1.659170,0.814505,1.678682,0.800919,174.4,0.001000
33000,1.561226,0.855676,1.585465,0.831997,175.0,0.001000
33100,1.546568,0.929910,1.565963,0.924241,175.5,0.001000
33200,1.505391,0.952523,1.525516,0.943969,176.0,0.001000
33300,1.439100,0.988919,1.458287,0.987298,176.5,0.001000
33400,1.947884,0.496036,1.971658,0.469687,177.0,0.001000
33500,1.603719,0.877478,1.621394,0.869201,177.6,0.001000
33600,1.631868,0.799910,1.651630,0.789118,178.1,0.001000
33700,2.053476,0.378649,2.070946,0.364652,178.6,0.001000
33800,1.584206,0.889640,1.603656,0.877218,179.1,0.001000
33900,1.635700,0.759730,1.651600,0.749752,179.6,0.001000
34000,1.618173,0.779640,1.635718,0.764255,180.2,0.001000
34100,1.563187,0.955766,1.582396,0.949194,180.7,0.001000
34200,1.559135,0.913333,1.579652,0.897667,181.2,0.001000
34300,1.493711,0.980360,1.514057,0.975768,181.7,0.001000
34400,1.533268,0.959189,1.553001,0.951266,182.3,0.001000
34500,1.585997,0.850360,1.604082,0.833258,182.8,0.001000
34600,1.502034,0.988468,1.520935,0.983155,183.3,0.001000
34700,1.552676,0.895946,1.579900,0.877038,183.8,0.001000
34800,1.656576,0.812973,1.678003,0.796505,184.3,0.001000
34900,1.535953,0.932883,1.553380,0.925232,184.9,0.001000
35000,1.552878,0.926216,1.573535,0.919917,185.4,0.001000
35100,1.505836,0.957297,1.529013,0.949734,185.9,0.001000
35200,1.490167,0.969009,1.506090,0.967480,186.4,0.001000
35300,1.472749,0.962523,1.490570,0.957571,187.0,0.001000
35400,1.521186,0.912973,1.538915,0.906135,187.5,0.001000
35500,1.464342,0.986937,1.483548,0.986217,188.1,0.001000
35600,1.519889,0.943694,1.540038,0.935772,188.6,0.001000
35700,1.624290,0.833784,1.647314,0.812449,189.1,0.001000
35800,1.525669,0.907027,1.543736,0.897757,189.7,0.001000
35900,1.466140,0.984595,1.488434,0.977930,190.2,0.001000
36000,1.476991,0.989369,1.494593,0.989190,190.7,0.001000
36100,1.515466,0.919730,1.531868,0.917935,191.3,0.001000
36200,1.448927,0.988018,1.467466,0.982254,191.8,0.001000
36300,1.482245,0.980270,1.501634,0.972975,192.3,0.001000
36400,1.488858,0.950360,1.507175,0.944780,192.9,0.001000
36500,1.463915,0.994414,1.482100,0.994235,193.4,0.001000
36600,1.478184,0.967478,1.498325,0.959643,193.9,0.001000
36700,1.546276,0.902883,1.565279,0.885776,194.5,0.001000
36800,2.422304,0.366667,2.450881,0.344564,195.0,0.001000
36900,1.582580,0.864775,1.600434,0.861634,195.5,0.001000
37000,1.516426,0.958018,1.534591,0.951896,196.0,0.001000
37100,1.627038,0.782432,1.646189,0.770291,196.6,0.001000
37200,1.525640,0.965315,1.545557,0.959463,197.1,0.001000
37300,1.702849,0.683694,1.722576,0.668138,197.6,0.001000
37400,1.567018,0.921712,1.587692,0.913882,198.2,0.001000
37500,1.524919,0.927027,1.545722,0.917755,198.7,0.001000
37600,2.020354,0.468739,2.052835,0.432484,199.2,0.001000
37700,1.729486,0.699910,1.750634,0.683362,199.8,0.001000
37800,1.528213,0.945135,1.545651,0.942978,200.3,0.001000
37900,1.598048,0.843964,1.615055,0.832628,200.8,0.001000
38000,1.627954,0.800541,1.646658,0.785965,201.4,0.001000
38100,1.503269,0.936757,1.522969,0.923430,201.9,0.001000
38200,1.473644,0.987207,1.493153,0.984776,202.5,0.001000
38300,1.710356,0.694775,1.736026,0.675254,203.0,0.001000
38400,1.488435,0.987568,1.508123,0.985407,203.5,0.001000
38500,1.681809,0.753063,1.701448,0.736060,204.0,0.001000
38600,1.763541,0.765315,1.783462,0.751464,204.6,0.001000
38700,1.496632,0.973333,1.516253,0.967210,205.1,0.001000
38800,1.681084,0.772432,1.701785,0.757499,205.6,0.001000
38900,1.523473,0.931171,1.541793,0.921088,206.1,0.001000
39000,1.514841,0.950450,1.533764,0.943158,206.7,0.001000
39100,1.506562,0.953333,1.525111,0.946762,207.2,0.001000
39200,1.522961,0.939009,1.544112,0.927844,207.7,0.001000
39300,1.514784,0.944054,1.535014,0.938744,208.3,0.001000
39400,1.466767,0.995766,1.486213,0.994685,208.8,0.001000
39500,1.515464,0.969640,1.536768,0.967751,209.3,0.001000
39600,1.521370,0.930270,1.541456,0.920998,209.9,0.001000
39700,1.557224,0.883153,1.578311,0.869922,210.4,0.001000
39800,1.557948,0.846577,1.578784,0.827043,210.9,0.001000
39900,1.460836,0.990811,1.477333,0.989821,211.4,0.001000
40000,1.583156,0.847838,1.603704,0.834700,212.0,0.001000
40100,1.689745,0.751892,1.710086,0.731105,212.5,0.001000
40200,1.524381,0.929189,1.543982,0.918386,213.0,0.001000
40300,1.610330,0.818469,1.630974,0.803711,213.6,0.001000
40400,1.461864,0.993784,1.481385,0.991442,214.1,0.001000
40500,1.557673,0.948469,1.577156,0.939105,214.6,0.001000
40600,1.542615,0.924775,1.561049,0.916764,215.1,0.001000
40700,1.470539,0.973604,1.488718,0.971894,215.7,0.001000
40800,1.522069,0.929820,1.545350,0.916854,216.2,0.001000
40900,1.492760,0.979279,1.510798,0.976308,216.7,0.001000
41000,1.664103,0.761441,1.681321,0.750743,217.2,0.001000
41100,1.607600,0.888378,1.628151,0.876047,217.8,0.001000
41200,1.483275,0.968739,1.500631,0.965318,218.3,0.001000
41300,1.478195,0.989099,1.494221,0.987479,218.8,0.001000
41400,1.463443,0.984324,1.482085,0.980272,219.3,0.001000
41500,1.494273,0.945676,1.511765,0.939465,219.9,0.001000
41600,1.466498,0.984595,1.484732,0.981443,220.4,0.001000
41700,1.544553,0.940811,1.565389,0.931988,220.9,0.001000
41800,1.719852,0.667207,1.736903,0.653184,221.4,0.001000
41900,1.641960,0.763964,1.663061,0.740023,222.0,0.001000
42000,1.466083,0.981081,1.485032,0.975768,222.5,0.001000
42100,1.909223,0.485766,1.937168,0.459418,223.0,0.001000
42200,1.449824,0.980450,1.468685,0.977209,223.5,0.001000
42300,1.487384,0.962703,1.508467,0.958562,224.1,0.001000
42400,2.381335,0.306306,2.416066,0.296640,224.6,0.001000
42500,1.674657,0.722973,1.693214,0.709305,225.1,0.001000
42600,1.506576,0.935946,1.526578,0.923791,225.7,0.001000
42700,2.592457,0.223063,2.612455,0.217368,226.2,0.001000
42800,1.717337,0.696847,1.740549,0.677957,226.7,0.001000
42900,1.516329,0.931532,1.532811,0.929736,227.3,0.001000
43000,1.746549,0.613243,1.764414,0.604810,227.8,0.001000
43100,1.453389,0.989640,1.473977,0.984956,228.3,0.001000
43200,1.534120,0.945405,1.554294,0.940456,228.9,0.001000
43300,1.556516,0.861081,1.576953,0.850194,229.4,0.001000
43400,2.115395,0.361622,2.141026,0.336096,230.0,0.001000
43500,1.551977,0.872703,1.574038,0.853797,230.5,0.001000
43600,1.583070,0.857568,1.603727,0.840465,231.0,0.001000
43700,1.470773,0.985676,1.488411,0.980812,231.5,0.001000
43800,1.613669,0.806306,1.636870,0.787407,232.0,0.001000
43900,1.975102,0.432432,1.998125,0.411675,232.6,0.001000
44000,1.531915,0.969550,1.550367,0.963697,233.1,0.001000
44100,1.959820,0.408829,1.989912,0.378705,233.6,0.001000
44200,1.521588,0.936577,1.538722,0.926853,234.2,0.001000
44300,1.817478,0.630541,1.847459,0.601207,234.7,0.001000
44400,1.749866,0.624595,1.771245,0.608684,235.2,0.001000
44500,1.524285,0.929910,1.545478,0.919377,235.8,0.001000
44600,1.454384,0.984505,1.474450,0.978651,236.3,0.001000
44700,1.475489,0.980811,1.494189,0.978741,236.8,0.001000
44800,1.695943,0.672252,1.715915,0.657779,237.3,0.001000
44900,1.558634,0.875946,1.578697,0.866679,237.9,0.001000
45000,1.475200,0.981532,1.492510,0.976849,238.4,0.001000
45100,1.531752,0.930991,1.553319,0.918566,238.9,0.001000
45200,1.602193,0.885496,1.621416,0.879741,239.5,0.001000
45300,1.617160,0.809009,1.637780,0.790559,240.0,0.001000
45400,1.972498,0.491441,1.982933,0.489415,240.5,0.001000
45500,1.574779,0.864054,1.593229,0.852716,241.1,0.001000
45600,1.479236,0.964144,1.497706,0.959193,241.6,0.001000
45700,1.503612,0.983063,1.524100,0.978470,242.1,0.001000
45800,1.691252,0.743243,1.704629,0.730475,242.7,0.001000
45900,1.518526,0.918378,1.538598,0.912440,243.2,0.001000
46000,1.546157,0.953604,1.565518,0.946131,243.7,0.001000
46100,1.500080,0.973423,1.517335,0.969823,244.3,0.001000
46200,1.526388,0.925856,1.548390,0.910819,244.8,0.001000
46300,1.487640,0.958198,1.508353,0.953518,245.3,0.001000
46400,1.527704,0.937658,1.549536,0.923160,245.9,0.001000
46500,1.478682,0.969279,1.498776,0.959643,246.4,0.001000
46600,1.581621,0.870541,1.601315,0.852626,246.9,0.001000
46700,1.468871,0.974144,1.489647,0.969823,247.4,0.001000
46800,1.529744,0.942523,1.549980,0.930547,247.9,0.001000
46900,1.451998,0.989730,1.472839,0.985227,248.5,0.001000
47000,1.624120,0.895856,1.648349,0.877579,249.0,0.001000
47100,1.526251,0.937928,1.546230,0.926043,249.5,0.001000
47200,1.512846,0.961351,1.533989,0.951986,250.0,0.001000
47300,1.501220,0.964955,1.519666,0.959283,250.6,0.001000
47400,1.470170,0.965045,1.488052,0.959463,251.1,0.001000
47500,1.501835,0.964144,1.519678,0.958112,251.6,0.001000
47600,1.861983,0.551892,1.884628,0.534907,252.2,0.001000
47700,1.519980,0.938919,1.538764,0.931358,252.7,0.001000
47800,1.529501,0.961622,1.547041,0.952527,253.2,0.001000
47900,1.485716,0.971802,1.505596,0.964508,253.8,0.001000
48000,1.481549,0.981261,1.500804,0.977299,254.3,0.001000
48100,1.524638,0.900991,1.541004,0.887848,254.8,0.001000
48200,1.519096,0.959730,1.537474,0.954328,255.3,0.001000
48300,1.487075,0.942072,1.505439,0.934961,255.9,0.001000
48400,1.562449,0.832432,1.584832,0.819656,256.4,0.001000
48500,1.498901,0.982973,1.517350,0.981353,256.9,0.001000
48600,1.506588,0.957658,1.524701,0.953337,257.5,0.001000
48700,1.479105,0.977117,1.496245,0.972255,258.0,0.001000
48800,1.940182,0.488198,1.956831,0.474822,258.5,0.001000
48900,1.507583,0.951712,1.527434,0.945951,259.1,0.001000
49000,1.469833,0.970450,1.486915,0.970183,259.6,0.001000
49100,2.276791,0.362072,2.299268,0.343573,260.1,0.001000
49200,1.487335,0.965496,1.506840,0.962346,260.6,0.001000
49300,1.478214,0.953604,1.497276,0.942618,261.2,0.001000
49400,1.767758,0.619369,1.794923,0.588145,261.7,0.001000
49500,1.693931,0.655676,1.717693,0.632285,262.2,0.001000
49600,2.006321,0.623243,2.028616,0.592920,262.8,0.001000
49700,1.664594,0.757838,1.685535,0.738852,263.3,0.001000
49800,1.508196,0.969279,1.529545,0.960544,263.8,0.001000
49900,1.491035,0.973063,1.511592,0.967390,264.3,0.001000
50000,1.665467,0.803694,1.685230,0.793352,264.8,0.001000
50100,1.873116,0.674234,1.895460,0.667417,265.4,0.001000
50200,1.586462,0.911351,1.608776,0.894334,265.9,0.001000
50300,1.533248,0.926937,1.553817,0.912891,266.4,0.001000
50400,1.605948,0.896847,1.631511,0.879290,266.9,0.001000
50500,1.495508,0.975135,1.511563,0.972435,267.4,0.001000
50600,2.724130,0.196577,2.721627,0.197370,268.0,0.001000
50700,1.541269,0.905135,1.562212,0.890821,268.5,0.001000
50800,1.550185,0.881171,1.570388,0.869201,269.0,0.001000
50900,1.530989,0.967207,1.551409,0.962256,269.6,0.001000
51000,1.496730,0.968468,1.516748,0.958833,270.1,0.001000
51100,1.483897,0.961081,1.503188,0.952257,270.6,0.001000
51200,1.500108,0.942523,1.523704,0.928385,271.1,0.001000
51300,1.488912,0.977117,1.507266,0.973336,271.7,0.001000
51400,1.510576,0.930901,1.532955,0.914062,272.2,0.001000
51500,1.487082,0.963514,1.506108,0.952977,272.8,0.001000
51600,1.545968,0.886396,1.568481,0.874786,273.4,0.001000
51700,1.632282,0.807117,1.653389,0.789388,273.9,0.001000
51800,1.470939,0.979279,1.492823,0.970363,274.4,0.001000
51900,1.484531,0.969189,1.505403,0.964147,274.9,0.001000
52000,1.521769,0.968018,1.540724,0.963066,275.4,0.001000
52100,1.671979,0.752613,1.694575,0.729123,276.0,0.001000
52200,1.537825,0.925225,1.560990,0.914512,276.5,0.001000
52300,2.854254,0.233514,2.899808,0.216737,277.0,0.001000
52400,1.631737,0.809369,1.645978,0.802180,277.5,0.001000
52500,1.568640,0.885405,1.588307,0.872444,278.1,0.001000
52600,1.558238,0.882432,1.575278,0.874966,278.6,0.001000
52700,1.472956,0.989640,1.491055,0.988650,279.1,0.001000
52800,1.490165,0.955045,1.510236,0.946041,279.6,0.001000
52900,1.574885,0.922162,1.595627,0.910549,280.1,0.001000
53000,1.546192,0.879369,1.559037,0.879470,280.7,0.001000
53100,1.809248,0.653153,1.829751,0.637690,281.2,0.001000
53200,1.711467,0.712613,1.731033,0.690929,281.7,0.001000
53300,1.644193,0.756396,1.666722,0.742456,282.2,0.001000
53400,1.543323,0.878378,1.564214,0.866589,282.7,0.001000
53500,1.520794,0.951892,1.539815,0.945500,283.3,0.001000
53600,1.882530,0.516847,1.900897,0.502027,283.8,0.001000
53700,1.670956,0.753964,1.690603,0.741735,284.3,0.001000
53800,1.814500,0.592432,1.834288,0.573642,284.9,0.001000
53900,1.745751,0.715496,1.770248,0.696153,285.4,0.001000
54000,1.820436,0.630090,1.842098,0.612467,285.9,0.001000
54100,1.571506,0.848018,1.592807,0.832628,286.5,0.001000
54200,1.506620,0.981982,1.528437,0.976308,287.0,0.001000
54300,1.548496,0.899459,1.566573,0.889559,287.5,0.001000
54400,1.536364,0.893153,1.556008,0.882623,288.1,0.001000
54500,1.486322,0.963333,1.503399,0.959913,288.6,0.001000
54600,1.717910,0.720991,1.741037,0.699757,289.1,0.001000
54700,1.513236,0.942162,1.529255,0.935231,289.7,0.001000
54800,1.477192,0.982973,1.497410,0.973876,290.2,0.001000
54900,1.487436,0.964955,1.504780,0.961085,290.7,0.001000
55000,1.840346,0.563243,1.865870,0.542384,291.3,0.001000
55100,1.774499,0.623694,1.795240,0.606882,291.8,0.001000
55200,1.626579,0.791982,1.647845,0.772993,292.3,0.001000
55300,1.575666,0.832252,1.595846,0.820827,292.9,0.001000
55400,1.533196,0.974775,1.553713,0.962166,293.4,0.001000
55500,1.565554,0.895135,1.589253,0.883164,293.9,0.001000
55600,2.299339,0.361532,2.322102,0.343032,294.4,0.001000
55700,1.583450,0.845225,1.602461,0.830556,295.0,0.001000
55800,1.447686,0.989099,1.465155,0.989010,295.5,0.001000
55900,1.486802,0.987568,1.506581,0.984416,296.0,0.001000
56000,1.485515,0.978288,1.505843,0.974417,296.5,0.001000
56100,1.649496,0.742162,1.674051,0.716512,297.1,0.001000
56200,1.641591,0.815946,1.667653,0.794433,297.6,0.001000
56300,1.510267,0.938559,1.530449,0.933610,298.1,0.001000
56400,1.588537,0.825045,1.609019,0.805333,298.7,0.001000
56500,1.507238,0.961622,1.525370,0.956490,299.2,0.001000
56600,1.652266,0.749009,1.670821,0.744077,299.7,0.001000
56700,2.044555,0.417568,2.061304,0.413026,300.2,0.001000
56800,1.544075,0.937568,1.567006,0.929105,300.7,0.001000
56900,1.513560,0.928739,1.535442,0.917125,301.3,0.001000
57000,1.487798,0.977207,1.507751,0.969282,301.8,0.001000
57100,1.472725,0.976126,1.492726,0.967300,302.3,0.001000
57200,1.602887,0.865405,1.620197,0.848392,302.9,0.001000
57300,1.553323,0.877478,1.573526,0.867670,303.4,0.001000
57400,1.524981,0.904505,1.543129,0.899559,303.9,0.001000
57500,1.559070,0.918649,1.581829,0.910008,304.4,0.001000
57600,1.609526,0.803333,1.624622,0.790469,305.0,0.001000
57700,1.687179,0.739099,1.712801,0.724349,305.5,0.001000
57800,1.901008,0.480541,1.929664,0.453923,306.1,0.001000
57900,1.461907,0.984955,1.480639,0.982254,306.6,0.001000
58000,1.889422,0.482072,1.914814,0.460859,307.1,0.001000
58100,1.596679,0.824775,1.616282,0.806234,307.6,0.001000
58200,1.801177,0.578018,1.827177,0.555355,308.1,0.001000
58300,1.496846,0.946757,1.514817,0.942077,308.7,0.001000
58400,2.580201,0.258739,2.607533,0.246915,309.2,0.001000
58500,1.499738,0.978198,1.516796,0.975948,309.8,0.001000
58600,1.489967,0.954595,1.509043,0.946311,310.3,0.001000
58700,1.549256,0.881081,1.569893,0.863796,310.8,0.001000
58800,1.541230,0.898198,1.559169,0.891361,311.4,0.001000
58900,1.516464,0.968108,1.534801,0.961715,311.9,0.001000
59000,1.651438,0.747027,1.672214,0.736150,312.5,0.001000
59100,1.583049,0.945586,1.604143,0.936943,313.0,0.001000
59200,1.588077,0.846216,1.609974,0.828484,313.5,0.001000
59300,1.599176,0.825045,1.620383,0.808666,314.1,0.001000
59400,1.574694,0.890450,1.596541,0.874786,314.6,0.001000
59500,1.865730,0.587297,1.896890,0.564724,315.1,0.001000
59600,1.770526,0.594685,1.789134,0.581930,315.7,0.001000
59700,1.817207,0.666306,1.838901,0.649761,316.2,0.001000
59800,1.657246,0.751982,1.675894,0.737591,316.7,0.001000
59900,1.684719,0.698559,1.706044,0.675975,317.2,0.001000
60000,1.553956,0.892342,1.571391,0.882893,317.8,0.001000
60100,1.605051,0.796757,1.629124,0.768399,318.3,0.001000
60200,1.554973,0.878378,1.579681,0.861724,318.8,0.001000
60300,1.518226,0.908288,1.532636,0.906675,319.4,0.001000
60400,1.565616,0.862432,1.583935,0.852806,319.9,0.001000
60500,1.723083,0.664144,1.745741,0.641564,320.4,0.001000
60600,1.495359,0.965405,1.515860,0.956040,321.0,0.001000
60700,1.753091,0.655496,1.775511,0.637150,321.5,0.001000
60800,1.483165,0.958108,1.502234,0.952166,322.0,0.001000
60900,1.443174,0.991532,1.464037,0.988560,322.5,0.001000
61000,1.473193,0.969820,1.492927,0.963427,323.1,0.001000
61100,1.545275,0.926126,1.564882,0.917755,323.6,0.001000
61200,1.462393,0.980000,1.481011,0.975678,324.1,0.001000
61300,1.479901,0.960180,1.502422,0.947392,324.7,0.001000
61400,1.582026,0.916847,1.601826,0.905414,325.2,0.001000
61500,1.506142,0.926667,1.524266,0.921448,325.7,0.001000
61600,1.520276,0.937117,1.541784,0.929105,326.3,0.001000
61700,1.575533,0.871712,1.596494,0.859202,326.8,0.001000
61800,1.687496,0.846216,1.707233,0.843347,327.3,0.001000
61900,1.752466,0.750090,1.773755,0.731466,327.8,0.001000
62000,1.489148,0.971982,1.506587,0.966580,328.4,0.001000
62100,1.540578,0.905946,1.560861,0.889830,328.9,0.001000
62200,1.561599,0.930000,1.581879,0.920638,329.4,0.001000
62300,1.863581,0.536577,1.883831,0.520133,330.0,0.001000
62400,1.434527,0.995766,1.453278,0.994685,330.5,0.001000
62500,1.498155,0.937297,1.517435,0.934060,331.0,0.001000
62600,1.641394,0.820360,1.663724,0.804612,331.5,0.001000
62700,1.520955,0.913604,1.542046,0.910549,332.0,0.001000
62800,1.573100,0.878108,1.588563,0.871183,332.6,0.001000
62900,1.612123,0.861982,1.633987,0.853256,333.1,0.001000
63000,1.574729,0.876126,1.596261,0.856950,333.6,0.001000
63100,1.464877,0.980541,1.483614,0.974597,334.1,0.001000
63200,1.539888,0.962162,1.558432,0.953067,334.7,0.001000
63300,1.478668,0.968829,1.498586,0.960634,335.2,0.001000
63400,1.465268,0.971441,1.484325,0.965318,335.8,0.001000
63500,1.489138,0.948739,1.510739,0.936042,336.3,0.001000
63600,1.474178,0.970811,1.490127,0.969462,336.8,0.001000
63700,1.768053,0.692162,1.790998,0.672102,337.3,0.001000
63800,1.569579,0.833784,1.588132,0.819926,337.9,0.001000
63900,1.483927,0.952432,1.503958,0.945681,338.4,0.001000
64000,1.451582,0.982973,1.469524,0.976398,338.9,0.001000
64100,1.533423,0.945045,1.554220,0.937663,339.5,0.001000
64200,1.518914,0.938829,1.538587,0.929105,340.0,0.001000
64300,1.580515,0.866847,1.599325,0.850914,340.5,0.001000
64400,1.546591,0.866937,1.566823,0.856950,341.0,0.001000
64500,1.483063,0.949009,1.503507,0.939915,341.5,0.001000
64600,1.673348,0.757117,1.691277,0.742366,342.0,0.001000
64700,1.521617,0.962973,1.541796,0.952257,342.6,0.001000
64800,2.125983,0.461982,2.148396,0.444735,343.1,0.001000
64900,1.486306,0.970090,1.508693,0.963066,343.6,0.001000
65000,1.646945,0.810631,1.662287,0.805963,344.1,0.001000
65100,1.519392,0.936306,1.537782,0.926403,344.7,0.001000
65200,1.590351,0.856937,1.610582,0.847221,345.2,0.001000
65300,1.461412,0.976847,1.480202,0.971894,345.7,0.001000
65400,1.474586,0.991532,1.493240,0.988109,346.2,0.001000
65500,1.516368,0.921892,1.533490,0.915683,346.7,0.001000
65600,1.543665,0.878739,1.562273,0.871543,347.2,0.001000
65700,1.531804,0.933063,1.551273,0.923881,347.8,0.001000
65800,1.504031,0.955135,1.522847,0.946491,348.3,0.001000
65900,1.525838,0.939009,1.545054,0.928475,348.8,0.001000
66000,1.510764,0.952342,1.531416,0.943789,349.3,0.001000
66100,1.587288,0.846126,1.605227,0.835240,349.9,0.001000
66200,1.469434,0.987748,1.488060,0.984055,350.4,0.001000
66300,2.193548,0.447838,2.211757,0.434375,351.0,0.001000
66400,1.518945,0.914144,1.536952,0.903432,351.5,0.001000
66500,1.675683,0.729730,1.701623,0.715881,352.0,0.001000
66600,1.592534,0.816216,1.608390,0.803621,352.5,0.001000
66700,1.478782,0.978468,1.498441,0.979191,353.1,0.001000
66800,1.514573,0.909369,1.536386,0.892352,353.6,0.001000
66900,1.496198,0.936577,1.514571,0.930367,354.1,0.001000
67000,1.465036,0.989009,1.483555,0.985407,354.6,0.001000
67100,1.509447,0.924955,1.532276,0.915413,355.2,0.001000
67200,1.557225,0.941532,1.577560,0.935231,355.7,0.001000
67300,3.398408,0.085495,3.453059,0.080713,356.2,0.001000
67400,1.612231,0.811532,1.635478,0.797856,356.8,0.001000
67500,1.457377,0.989369,1.476180,0.985857,357.3,0.001000
67600,1.494079,0.981441,1.511756,0.974507,357.9,0.001000
67700,1.597924,0.801982,1.617814,0.788668,358.4,0.001000
67800,1.526084,0.888919,1.546682,0.880371,358.9,0.001000
67900,1.603024,0.815405,1.624421,0.803351,359.5,0.001000
68000,1.671108,0.807297,1.688981,0.794613,360.0,0.001000
68100,1.519524,0.924054,1.539439,0.914602,360.5,0.001000
68200,1.577892,0.865315,1.594157,0.855058,361.1,0.001000
68300,1.560598,0.871081,1.578785,0.860823,361.6,0.001000
68400,1.589283,0.839099,1.609811,0.822538,362.1,0.001000
68500,1.680302,0.695495,1.705024,0.666697,362.7,0.001000
68600,1.463483,0.964775,1.482345,0.958562,363.2,0.001000
68700,1.511718,0.936306,1.529503,0.932168,363.7,0.001000
68800,1.568141,0.935856,1.590175,0.923430,364.2,0.001000
68900,1.640647,0.821081,1.655419,0.815692,364.8,0.001000
69000,1.549780,0.910721,1.569109,0.901360,365.3,0.001000
69100,1.647646,0.815946,1.665494,0.806053,365.8,0.001000
69200,1.484544,0.963333,1.504698,0.961625,366.3,0.001000
69300,1.636907,0.753784,1.651187,0.746239,366.9,0.001000
69400,1.488207,0.970180,1.508055,0.963337,367.4,0.001000
69500,1.473803,0.958108,1.495036,0.949464,367.9,0.001000
69600,1.565796,0.928468,1.584734,0.922259,368.4,0.001000
69700,1.555604,0.895135,1.576533,0.890190,369.0,0.001000
69800,1.703243,0.649550,1.725955,0.628412,369.5,0.001000
69900,1.792607,0.623874,1.816691,0.593820,370.0,0.001000
70000,1.714692,0.689369,1.727080,0.685073,370.5,0.001000
70100,1.547191,0.948378,1.564941,0.944059,371.1,0.001000
70200,1.633105,0.808829,1.654876,0.785335,371.6,0.001000
70300,1.762773,0.655405,1.780503,0.637150,372.1,0.001000
70400,1.469401,0.986847,1.486324,0.984506,372.7,0.001000
70500,1.509184,0.976306,1.529305,0.971804,373.2,0.001000
70600,1.588648,0.837838,1.609300,0.821998,373.7,0.001000
70700,2.298280,0.313514,2.328114,0.303306,374.2,0.001000
70800,1.552525,0.912973,1.568993,0.903883,374.7,0.001000
70900,1.697916,0.686667,1.716580,0.673453,375.2,0.001000
71000,1.465737,0.992432,1.482713,0.990631,375.8,0.001000
71100,1.694018,0.710270,1.714491,0.695253,376.3,0.001000
71200,1.522048,0.920991,1.539398,0.911539,376.8,0.001000
71300,1.562781,0.894865,1.580955,0.890550,377.3,0.001000
71400,1.562710,0.876486,1.586609,0.858031,377.8,0.001000
71500,1.571974,0.844054,1.594896,0.825241,378.4,0.001000
71600,1.486721,0.976847,1.505332,0.974417,378.9,0.001000
71700,1.640724,0.848468,1.663125,0.829655,379.4,0.001000
71800,1.611643,0.841712,1.636880,0.816863,380.0,0.001000
71900,1.505657,0.931712,1.527292,0.917305,380.5,0.001000
72000,1.495377,0.971982,1.515755,0.964057,381.1,0.001000
72100,1.565059,0.865766,1.583201,0.856229,381.6,0.001000
72200,1.468754,0.989099,1.487829,0.983965,382.1,0.001000
72300,1.466618,0.964414,1.486025,0.961805,382.7,0.001000
72400,1.516969,0.987117,1.539125,0.984416,383.2,0.001000
72500,1.606731,0.839009,1.628063,0.825061,383.7,0.001000
72600,1.610358,0.898468,1.631209,0.886587,384.2,0.001000
72700,1.606600,0.810000,1.628163,0.792541,384.7,0.001000
72800,1.880749,0.486036,1.894405,0.473921,385.3,0.001000
72900,1.541777,0.888739,1.556497,0.887037,385.8,0.001000
73000,1.625307,0.948649,1.643950,0.940906,386.3,0.001000
73100,1.617592,0.872072,1.634657,0.858751,386.8,0.001000
73200,1.768857,0.668378,1.792581,0.643816,387.4,0.001000
73300,1.542521,0.931622,1.561885,0.920097,387.9,0.001000
73400,1.592243,0.866306,1.612605,0.853977,388.4,0.001000
73500,1.557469,0.873964,1.576745,0.865958,388.9,0.001000
73600,1.535959,0.907748,1.555918,0.894154,389.5,0.001000
73700,1.475128,0.985586,1.495701,0.983875,390.0,0.001000
73800,1.499998,0.942523,1.518274,0.935681,390.6,0.001000
73900,1.507376,0.958739,1.526143,0.951176,391.1,0.001000
74000,1.446804,0.994324,1.466306,0.991983,391.6,0.001000
74100,1.469436,0.986216,1.489661,0.983065,392.1,0.001000
74200,1.647410,0.799550,1.672306,0.774345,392.7,0.001000
74300,1.541579,0.911171,1.564198,0.897577,393.2,0.001000
74400,1.676896,0.773604,1.699723,0.754617,393.7,0.001000
74500,1.599594,0.803784,1.617813,0.799207,394.2,0.001000
74600,1.495727,0.934865,1.514508,0.923250,394.8,0.001000
74700,1.549410,0.860450,1.568725,0.853617,395.3,0.001000
74800,1.540818,0.893964,1.565417,0.875327,395.8,0.001000
74900,1.545815,0.949009,1.565660,0.938114,396.3,0.001000
75000,1.558617,0.898919,1.579439,0.886407,396.9,0.001000
75100,1.712781,0.659910,1.726148,0.649041,397.4,0.001000
75200,2.259658,0.320721,2.289435,0.306549,397.9,0.001000
75300,1.539808,0.915766,1.560287,0.899198,398.5,0.001000
75400,2.013087,0.472973,2.030823,0.456626,399.0,0.001000
75500,1.459573,0.988288,1.477983,0.983875,399.5,0.001000
75600,1.509394,0.946577,1.529770,0.939645,400.0,0.001000
75700,1.918217,0.538468,1.937489,0.517701,400.5,0.001000
75800,1.465957,0.981802,1.486103,0.975588,401.1,0.001000
75900,1.470293,0.970901,1.487733,0.963967,401.6,0.001000
76000,1.954386,0.470721,1.976955,0.456626,402.1,0.001000
76100,1.457692,0.997297,1.475124,0.997478,402.7,0.001000
76200,1.571330,0.861081,1.593167,0.847401,403.2,0.001000
76300,1.482014,0.982973,1.498703,0.982524,403.8,0.001000
76400,1.590560,0.826036,1.612237,0.802720,404.3,0.001000
76500,1.475063,0.989099,1.494554,0.989370,404.9,0.001000
76600,1.691940,0.755946,1.710143,0.734438,405.4,0.001000
76700,1.494367,0.984685,1.512303,0.983065,405.9,0.001000
76800,1.648581,0.741622,1.661948,0.737051,406.4,0.001000
76900,1.730235,0.750901,1.746128,0.733087,407.0,0.001000
77000,3.723453,0.075856,3.735215,0.081614,407.5,0.001000
77100,1.497615,0.974865,1.515139,0.967030,408.0,0.001000
77200,1.517268,0.910991,1.536019,0.901630,408.6,0.001000
77300,1.545287,0.878739,1.567868,0.867039,409.1,0.001000
77400,1.523163,0.948378,1.542443,0.943969,409.6,0.001000
77500,1.533433,0.907027,1.549158,0.896406,410.2,0.001000
77600,1.910545,0.483964,1.927580,0.482839,410.7,0.001000
77700,1.894290,0.580541,1.918729,0.561661,411.2,0.001000
77800,1.506692,0.963423,1.526572,0.954689,411.8,0.001000
77900,1.458008,0.995405,1.477628,0.992703,412.3,0.001000
78000,1.638260,0.870541,1.659543,0.847041,412.8,0.001000
78100,1.571185,0.868108,1.591560,0.854608,413.3,0.001000
78200,1.716505,0.746396,1.745236,0.721286,413.9,0.001000
78300,1.524377,0.943874,1.542632,0.933339,414.4,0.001000
78400,1.605026,0.833423,1.621519,0.823800,414.9,0.001000
78500,1.683505,0.678468,1.697793,0.667597,415.5,0.001000
78600,1.505567,0.965946,1.520687,0.958112,416.0,0.001000
78700,1.552000,0.907477,1.572535,0.890821,416.5,0.001000
78800,1.610012,0.895766,1.629629,0.886136,417.1,0.001000
78900,1.566587,0.872252,1.589436,0.851275,417.6,0.001000
79000,1.518805,0.939279,1.540281,0.928024,418.1,0.001000
79100,1.564232,0.924324,1.583007,0.920097,418.7,0.001000
79200,1.503253,0.948378,1.524231,0.941086,419.2,0.001000
79300,1.612203,0.822613,1.633267,0.809477,419.7,0.001000
79400,1.572578,0.879189,1.593766,0.862895,420.3,0.001000
79500,1.494083,0.954414,1.514703,0.944149,420.8,0.001000
79600,1.512251,0.970991,1.532768,0.967570,421.3,0.001000
79700,1.490091,0.968288,1.508725,0.962436,421.9,0.001000
79800,1.992060,0.525766,2.008258,0.510314,422.4,0.001000
79900,1.514384,0.959820,1.533612,0.951536,422.9,0.001000
80000,1.564773,0.856216,1.580068,0.846680,423.5,0.001000
80100,1.510438,0.925676,1.526584,0.918386,424.0,0.001000
80200,1.531127,0.926577,1.551759,0.917305,424.5,0.001000
80300,1.665449,0.736036,1.687791,0.715521,425.1,0.001000
80400,1.638258,0.769279,1.663323,0.753896,425.6,0.001000
80500,1.795127,0.621532,1.828196,0.580488,426.1,0.001000
80600,1.525287,0.914775,1.541671,0.908297,426.7,0.001000
80700,1.567852,0.934865,1.587120,0.921899,427.2,0.001000
80800,1.561449,0.899189,1.582167,0.889469,427.7,0.001000
80900,1.761367,0.640270,1.784598,0.619764,428.3,0.001000
81000,1.573567,0.861441,1.595816,0.842537,428.8,0.001000
81100,1.442079,0.989189,1.460028,0.989641,429.3,0.001000
81200,1.515156,0.947928,1.533684,0.945500,429.8,0.001000
81300,1.494429,0.954955,1.512797,0.946131,430.4,0.001000
81400,1.775469,0.579009,1.797700,0.558058,430.9,0.001000
81500,1.592351,0.809640,1.609180,0.800198,431.4,0.001000
81600,1.540030,0.962342,1.557358,0.953968,432.0,0.001000
81700,3.342342,0.076396,3.379629,0.070264,432.5,0.001000
81800,1.600567,0.861712,1.617785,0.853527,433.0,0.001000
81900,1.669817,0.722973,1.691893,0.702279,433.6,0.001000
82000,1.544036,0.901441,1.564519,0.889019,434.1,0.001000
82100,1.480447,0.964505,1.500116,0.959823,434.6,0.001000
82200,1.428420,0.997117,1.445756,0.997658,435.2,0.001000
82300,1.504120,0.950541,1.520494,0.946311,435.7,0.001000
82400,2.081118,0.339820,2.100803,0.325196,436.2,0.001000
82500,1.571078,0.891892,1.588212,0.888569,436.8,0.001000
82600,1.498826,0.935946,1.517416,0.933159,437.3,0.001000
82700,1.485622,0.968288,1.502933,0.969372,437.8,0.001000
82800,1.590916,0.906216,1.614505,0.889740,438.3,0.001000
82900,1.502614,0.954144,1.519620,0.947032,438.9,0.001000
83000,1.573980,0.888469,1.594882,0.870192,439.4,0.001000
83100,1.562389,0.929189,1.580392,0.922710,439.9,0.001000
83200,2.665571,0.232973,2.699994,0.221061,440.4,0.001000
83300,1.540632,0.914775,1.562480,0.895955,441.0,0.001000
83400,1.942060,0.541892,1.959439,0.527970,441.5,0.001000
83500,1.459606,0.995676,1.477222,0.994775,442.0,0.001000
83600,1.485454,0.978018,1.504233,0.977930,442.5,0.001000
83700,1.619310,0.779279,1.636033,0.765246,443.1,0.001000
83800,1.531359,0.891622,1.551167,0.881722,443.6,0.001000
83900,1.588207,0.839369,1.610762,0.815872,444.1,0.001000
84000,1.456987,0.966216,1.474509,0.968381,444.7,0.001000
84100,1.490112,0.944865,1.509972,0.935141,445.2,0.001000
84200,1.567260,0.849910,1.589275,0.834609,445.7,0.001000
84300,1.479927,0.944144,1.500405,0.930997,446.3,0.001000
84400,1.465380,0.973063,1.483807,0.971804,446.8,0.001000
84500,1.580297,0.873784,1.596580,0.866589,447.3,0.001000
84600,1.527918,0.927387,1.546122,0.915503,447.9,0.001000
84700,1.530248,0.900450,1.548298,0.886947,448.4,0.001000
84800,2.870381,0.157207,2.918718,0.148005,448.9,0.001000
84900,1.451047,0.995225,1.468225,0.994145,449.5,0.001000
85000,1.473586,0.992523,1.492446,0.990902,450.0,0.001000
85100,1.450077,0.989910,1.468094,0.988019,450.5,0.001000
85200,1.488223,0.959189,1.508210,0.948293,451.1,0.001000
85300,1.495889,0.952703,1.513412,0.948023,451.6,0.001000
85400,1.555127,0.874865,1.573952,0.867940,452.1,0.001000
85500,1.535642,0.965946,1.555353,0.964958,452.6,0.001000
85600,1.544647,0.910090,1.565966,0.899829,453.2,0.001000
85700,1.520576,0.919369,1.539094,0.909738,453.7,0.001000
85800,1.527520,0.942252,1.547389,0.932979,454.2,0.001000
85900,1.545397,0.910000,1.562745,0.905594,454.7,0.001000
86000,1.528236,0.911532,1.550568,0.903072,455.3,0.001000
86100,1.559691,0.853514,1.579256,0.837402,455.8,0.001000
86200,1.511029,0.965135,1.531898,0.958833,456.3,0.001000
86300,1.761503,0.645766,1.783752,0.626700,456.8,0.001000
86400,1.539197,0.868288,1.556376,0.860823,457.4,0.001000
86500,1.474490,0.993333,1.492232,0.990271,457.9,0.001000
86600,1.545981,0.890811,1.569696,0.870012,458.4,0.001000
86700,1.604338,0.865045,1.623242,0.851905,459.0,0.001000
86800,1.575837,0.858649,1.598912,0.838573,459.5,0.001000
86900,1.627977,0.788288,1.649110,0.768399,460.0,0.001000
87000,1.540867,0.918288,1.562172,0.902441,460.5,0.001000
87100,1.514731,0.923423,1.533667,0.909197,461.1,0.001000
87200,1.542866,0.875135,1.560600,0.857670,461.6,0.001000
87300,1.713994,0.688559,1.728740,0.675164,462.1,0.001000
87400,1.451833,0.992703,1.468639,0.991622,462.7,0.001000
87500,1.495670,0.924144,1.514077,0.919647,463.2,0.001000
87600,1.460655,0.985946,1.480933,0.982884,463.7,0.001000
87700,1.938686,0.627027,1.962047,0.596072,464.3,0.001000
87800,1.572236,0.886667,1.594765,0.870012,464.8,0.001000
87900,1.745444,0.652072,1.766654,0.630394,465.3,0.001000
88000,1.553103,0.865135,1.574518,0.852806,465.9,0.001000
88100,1.533502,0.941802,1.550920,0.934961,466.4,0.001000
88200,1.448910,0.988198,1.466601,0.987929,467.0,0.001000
88300,1.632150,0.820811,1.656763,0.798126,467.5,0.001000
88400,1.516615,0.928018,1.533996,0.922349,468.0,0.001000
88500,1.485212,0.972883,1.502737,0.971264,468.5,0.001000
88600,1.761857,0.655586,1.780147,0.643636,469.0,0.001000
88700,1.698444,0.698378,1.718593,0.681470,469.5,0.001000
88800,1.583469,0.866126,1.601994,0.853887,470.1,0.001000
88900,1.715725,0.706216,1.743275,0.676876,470.6,0.001000
89000,1.469578,0.962523,1.487710,0.956671,471.1,0.001000
89100,1.579151,0.925496,1.596491,0.913882,471.6,0.001000
89200,1.703461,0.686667,1.730334,0.651022,472.2,0.001000
89300,1.520433,0.969369,1.539257,0.963247,472.7,0.001000
89400,1.490712,0.966306,1.507606,0.965048,473.2,0.001000
89500,1.485362,0.986036,1.504141,0.981893,473.8,0.001000
89600,1.504686,0.944414,1.526127,0.929556,474.3,0.001000
89700,1.486349,0.938559,1.506875,0.930006,474.8,0.001000
89800,1.664286,0.744505,1.686792,0.724529,475.3,0.001000
89900,1.552455,0.859550,1.572396,0.850194,475.9,0.001000
90000,1.524169,0.928559,1.542654,0.920007,476.4,0.001000
90100,1.500455,0.976577,1.520169,0.972435,476.9,0.001000
90200,1.592003,0.840541,1.613893,0.827763,477.5,0.001000
90300,1.514009,0.931622,1.533680,0.925772,478.0,0.001000
90400,1.565149,0.866847,1.584744,0.858211,478.5,0.001000
90500,1.594077,0.948469,1.615625,0.938564,479.1,0.001000
90600,1.643057,0.777568,1.663044,0.764165,479.6,0.001000
90700,1.527197,0.936757,1.546782,0.928024,480.1,0.001000
90800,1.499646,0.976216,1.517718,0.971084,480.6,0.001000
90900,1.583244,0.963153,1.603728,0.960094,481.2,0.001000
91000,1.527957,0.948288,1.548417,0.940726,481.7,0.001000
91100,1.628991,0.786577,1.647592,0.771282,482.2,0.001000
91200,1.492288,0.976847,1.511962,0.971894,482.7,0.001000
91300,1.583037,0.855856,1.602596,0.832538,483.3,0.001000
91400,1.748719,0.686216,1.763463,0.674264,483.8,0.001000
91500,1.643742,0.778378,1.665213,0.757409,484.3,0.001000
91600,1.561593,0.873694,1.583933,0.861184,484.8,0.001000
91700,1.550094,0.977748,1.566991,0.973696,485.3,0.001000
91800,1.662246,0.767838,1.675614,0.757589,485.9,0.001000
91900,1.480468,0.971622,1.496379,0.971264,486.4,0.001000
92000,1.749114,0.677207,1.769038,0.664084,486.9,0.001000
92100,1.472866,0.967748,1.494190,0.958923,487.4,0.001000
92200,1.541429,0.941802,1.558471,0.938114,488.0,0.001000
92300,1.537745,0.917297,1.556434,0.906855,488.5,0.001000
92400,1.572596,0.869189,1.592692,0.854428,489.0,0.001000
92500,1.557252,0.877658,1.576366,0.867039,489.6,0.001000
92600,1.995770,0.463153,2.011150,0.449239,490.1,0.001000
92700,1.516515,0.943784,1.532954,0.940276,490.6,0.001000
92800,1.843763,0.537117,1.860305,0.522836,491.2,0.001000
92900,1.491217,0.944595,1.511106,0.934871,491.7,0.001000
93000,1.516944,0.923784,1.536947,0.913521,492.2,0.001000
93100,1.481643,0.970180,1.502158,0.964328,492.8,0.001000
93200,1.746129,0.674234,1.764763,0.661652,493.3,0.001000
93300,1.509120,0.913784,1.529425,0.905594,493.9,0.001000
93400,1.540227,0.911351,1.562656,0.896406,494.4,0.001000
93500,1.558159,0.858108,1.581918,0.836501,494.9,0.001000
93600,1.568863,0.893784,1.592425,0.878029,495.4,0.001000
93700,1.590616,0.813153,1.608729,0.801099,496.0,0.001000
93800,1.598873,0.818378,1.618015,0.807315,496.5,0.001000
93900,1.567245,0.884595,1.581983,0.881182,497.0,0.001000
94000,1.475080,0.975405,1.494346,0.966850,497.6,0.001000
94100,1.595849,0.882703,1.617780,0.866769,498.1,0.001000
94200,1.528403,0.918739,1.545859,0.916854,498.6,0.001000
94300,1.485348,0.980901,1.506345,0.978290,499.2,0.001000
94400,1.459757,0.989369,1.476946,0.986578,499.7,0.001000
94500,1.505066,0.966306,1.526114,0.959823,500.2,0.001000
94600,1.492654,0.965766,1.513302,0.958742,500.7,0.001000
94700,1.655478,0.755495,1.664658,0.752004,501.3,0.001000
94800,1.453730,0.975856,1.471715,0.972795,501.8,0.001000
94900,1.540987,0.935045,1.562958,0.923791,502.3,0.001000
95000,1.613377,0.904414,1.636119,0.887848,502.8,0.001000
95100,1.524425,0.935225,1.545030,0.927574,503.4,0.001000
95200,1.483865,0.972613,1.501780,0.971534,503.9,0.001000
95300,1.485211,0.978559,1.502724,0.975498,504.4,0.001000
95400,1.481527,0.973243,1.499747,0.961895,504.9,0.001000
95500,1.640115,0.846216,1.659704,0.831997,505.5,0.001000
95600,1.517748,0.935766,1.537315,0.922710,506.0,0.001000
95700,1.568180,0.931802,1.588263,0.917665,506.5,0.001000
95800,1.608041,0.866577,1.627192,0.850194,507.1,0.001000
95900,1.540150,0.897838,1.561198,0.887668,507.6,0.001000
96000,1.501824,0.985315,1.520088,0.982614,508.1,0.001000
96100,1.529866,0.945766,1.545917,0.941627,508.7,0.001000
96200,1.493716,0.969730,1.515237,0.961445,509.2,0.001000
96300,1.474301,0.991081,1.494324,0.988289,509.7,0.001000
96400,1.500241,0.942342,1.521893,0.930367,510.3,0.001000
96500,1.473916,0.967928,1.494432,0.961625,510.8,0.001000
96600,1.555592,0.935225,1.574928,0.927394,511.3,0.001000
96700,1.748334,0.644505,1.775558,0.615350,511.8,0.001000
96800,1.525243,0.902523,1.543020,0.895054,512.4,0.001000
96900,1.566898,0.891982,1.586912,0.878660,512.9,0.001000
97000,1.482123,0.958378,1.499973,0.951266,513.4,0.001000
97100,1.453549,0.980991,1.474512,0.975498,513.9,0.001000
97200,1.502488,0.975946,1.518988,0.972975,514.5,0.001000
97300,1.590454,0.889279,1.610063,0.880281,515.0,0.001000
97400,1.635054,0.846396,1.660659,0.826502,515.5,0.001000
97500,1.657128,0.792973,1.678443,0.772453,516.1,0.001000
97600,1.633831,0.783694,1.656520,0.766237,516.6,0.001000
97700,1.752075,0.658649,1.782748,0.636339,517.1,0.001000
97800,1.654639,0.766937,1.672887,0.752995,517.7,0.001000
97900,1.654136,0.771712,1.676545,0.750563,518.2,0.001000
98000,1.733104,0.685495,1.756217,0.667237,518.7,0.001000
98100,1.539658,0.883153,1.560339,0.873345,519.3,0.001000
98200,1.652965,0.781892,1.671353,0.769300,519.8,0.001000
98300,2.423475,0.299279,2.436971,0.302495,520.3,0.001000
98400,1.814125,0.595045,1.829446,0.585082,520.8,0.001000
98500,1.466826,0.973694,1.484194,0.970003,521.4,0.001000
98600,1.511862,0.943243,1.533853,0.930367,521.9,0.001000
98700,1.478144,0.966667,1.494889,0.961085,522.4,0.001000
98800,1.508748,0.952973,1.528279,0.944690,522.9,0.001000
98900,1.518105,0.921081,1.537610,0.907216,523.4,0.001000
99000,1.875945,0.522072,1.899468,0.498153,524.0,0.001000
99100,1.430634,0.994414,1.449694,0.991712,524.5,0.001000
99200,1.531337,0.907748,1.552567,0.894964,525.0,0.001000
99300,1.449306,0.985496,1.468180,0.981984,525.6,0.001000
99400,1.462672,0.997297,1.483337,0.996577,526.1,0.001000
99500,1.658886,0.758559,1.685761,0.726961,526.6,0.001000
99600,1.708760,0.786667,1.727838,0.771282,527.1,0.001000
99700,1.811074,0.618829,1.832423,0.604360,527.6,0.001000
99800,1.579188,0.829730,1.594446,0.824160,528.2,0.001000
99900,1.522321,0.929640,1.545617,0.914782,528.7,0.001000
100000,1.546875,0.937387,1.566679,0.928024,529.2,0.001000
100100,1.518532,0.964685,1.538128,0.957031,529.8,0.001000
100200,1.573124,0.862162,1.590439,0.852896,530.3,0.001000
100300,1.904813,0.491712,1.934728,0.471129,530.8,0.001000
100400,1.528743,0.922793,1.549704,0.909468,531.3,0.001000
100500,1.515318,0.952883,1.533935,0.946311,531.9,0.001000
100600,1.546563,0.882342,1.566930,0.872174,532.4,0.001000
100700,1.513076,0.931622,1.532484,0.922349,532.9,0.001000
100800,1.532685,0.954775,1.552891,0.945410,533.5,0.001000
100900,1.460973,0.982883,1.480873,0.977029,534.0,0.001000
101000,1.480980,0.991622,1.499434,0.990271,534.5,0.001000
101100,1.494162,0.980360,1.514551,0.973786,535.0,0.001000
101200,1.480102,0.967928,1.499834,0.964598,535.6,0.001000
101300,1.524336,0.897027,1.544705,0.888929,536.1,0.001000
101400,1.440163,0.990721,1.460340,0.988920,536.6,0.001000
101500,1.489904,0.976847,1.511328,0.967841,537.1,0.001000
101600,1.561198,0.909099,1.578731,0.900640,537.6,0.001000
101700,1.589355,0.853423,1.607608,0.835961,538.2,0.001000
101800,1.635585,0.808108,1.652397,0.800468,538.7,0.001000
101900,1.541676,0.950000,1.561919,0.940726,539.2,0.001000
102000,1.542372,0.905496,1.562013,0.893343,539.7,0.001000
102100,1.519408,0.927568,1.540674,0.911539,540.3,0.001000
102200,1.597049,0.822883,1.614907,0.815332,540.8,0.001000
102300,1.607835,0.905405,1.627187,0.894244,541.3,0.001000
102400,1.530875,0.948469,1.548062,0.943429,541.9,0.001000
102500,1.714585,0.752162,1.740998,0.727052,542.4,0.001000
102600,1.553726,0.919189,1.575398,0.910278,542.9,0.001000
102700,1.479548,0.974865,1.499344,0.970813,543.5,0.001000
102800,1.871365,0.498198,1.888578,0.485902,544.0,0.001000
102900,2.259777,0.365135,2.292060,0.339609,544.5,0.001000
103000,1.507580,0.972703,1.525818,0.970723,545.1,0.001000
103100,1.587646,0.827838,1.605605,0.816143,545.6,0.001000
103200,2.218573,0.355856,2.246806,0.341231,546.1,0.001000
103300,1.567040,0.880811,1.591559,0.863075,546.7,0.001000
103400,1.533286,0.906487,1.555601,0.889109,547.2,0.001000
103500,1.605689,0.859550,1.622023,0.850013,547.7,0.001000
103600,1.873506,0.588378,1.900061,0.573822,548.2,0.001000
103700,1.581140,0.834144,1.603335,0.817494,548.8,0.001000
103800,1.461347,0.977387,1.479087,0.974056,549.3,0.001000
103900,1.513498,0.979910,1.534460,0.975588,549.8,0.001000
104000,1.821229,0.581712,1.836415,0.563102,550.3,0.001000
104100,1.479807,0.977297,1.499571,0.965409,550.9,0.001000
104200,1.453612,0.975676,1.472747,0.973426,551.4,0.001000
104300,1.499896,0.969550,1.521261,0.958923,551.9,0.001000
104400,1.522340,0.929730,1.540683,0.918836,552.5,0.001000
104500,1.852962,0.574234,1.872109,0.555355,553.0,0.001000
104600,1.507989,0.961171,1.528635,0.956851,553.5,0.001000
104700,1.494965,0.942342,1.515695,0.933339,554.0,0.001000
104800,1.574680,0.899640,1.592785,0.886407,554.6,0.001000
104900,1.562600,0.898018,1.581199,0.888569,555.1,0.001000
105000,1.537130,0.919189,1.559243,0.911089,555.7,0.001000
105100,1.517411,0.911261,1.537523,0.899378,556.2,0.001000
105200,1.485179,0.960270,1.504662,0.954869,556.7,0.001000
105300,1.953354,0.501802,1.962513,0.485272,557.2,0.001000
105400,1.486547,0.959369,1.507623,0.951266,557.8,0.001000
105500,1.538928,0.887568,1.560426,0.874696,558.3,0.001000
105600,1.889454,0.480180,1.911739,0.456085,558.9,0.001000
105700,1.500149,0.963063,1.520769,0.953428,559.4,0.001000
105800,1.517798,0.966757,1.537475,0.959913,559.9,0.001000
105900,1.591572,0.846667,1.612058,0.835510,560.5,0.001000
106000,1.594384,0.842162,1.615284,0.832087,561.0,0.001000
106100,1.786410,0.651081,1.814239,0.631835,561.5,0.001000
106200,1.592625,0.843063,1.611422,0.827673,562.0,0.001000
106300,1.718977,0.674414,1.736246,0.659400,562.6,0.001000
106400,1.596814,0.916487,1.619637,0.905054,563.1,0.001000
106500,1.638900,0.815766,1.655519,0.807675,563.6,0.001000
106600,1.578321,0.842252,1.595353,0.831006,564.1,0.001000
106700,1.669198,0.723333,1.683592,0.716692,564.6,0.001000
106800,1.504572,0.956126,1.524038,0.946762,565.2,0.001000
106900,1.614204,0.811171,1.632715,0.795784,565.7,0.001000
107000,1.475376,0.957658,1.495673,0.949554,566.2,0.001000
107100,1.681003,0.705405,1.703094,0.688497,566.8,0.001000
107200,1.448191,0.997478,1.468514,0.996126,567.3,0.001000
107300,1.594512,0.867838,1.615555,0.855509,567.8,0.001000
107400,1.564378,0.874414,1.589204,0.856499,568.4,0.001000
107500,1.522855,0.932613,1.542990,0.920638,568.9,0.001000
107600,1.589161,0.878108,1.612519,0.861004,569.4,0.001000
107700,1.689500,0.691081,1.709920,0.676786,569.9,0.001000
107800,1.605583,0.876216,1.630612,0.849473,570.5,0.001000
107900,1.525352,0.929820,1.542926,0.922980,571.0,0.001000
108000,1.502994,0.916847,1.526734,0.907576,571.6,0.001000
108100,1.484944,0.974054,1.505080,0.973246,572.1,0.001000
108200,1.589819,0.842973,1.606254,0.830556,572.6,0.001000
108300,1.482008,0.971261,1.498100,0.970453,573.1,0.001000
108400,1.611208,0.833784,1.631240,0.817043,573.7,0.001000
108500,1.503537,0.951622,1.525266,0.941357,574.2,0.001000
108600,2.067118,0.503874,2.087053,0.485902,574.8,0.001000
108700,1.595428,0.837748,1.619020,0.816683,575.3,0.001000
108800,1.852159,0.687477,1.867137,0.677957,575.8,0.001000
108900,1.534416,0.918468,1.554994,0.908567,576.3,0.001000
109000,1.586963,0.939820,1.605781,0.929826,576.9,0.001000
109100,1.563209,0.912523,1.579786,0.908026,577.4,0.001000
109200,1.477045,0.961261,1.496009,0.956220,577.9,0.001000
109300,1.490288,0.981351,1.508427,0.979551,578.4,0.001000
109400,1.469309,0.987207,1.489030,0.983875,579.0,0.001000
109500,1.491531,0.964775,1.509922,0.958833,579.5,0.001000
109600,1.693598,0.794234,1.720691,0.768940,580.0,0.001000
109700,1.602034,0.858559,1.624052,0.842987,580.6,0.001000
109800,1.581095,0.852523,1.605784,0.833168,581.1,0.001000
109900,1.433104,0.990451,1.451433,0.987028,581.6,0.001000
110000,1.481195,0.964505,1.502214,0.958833,582.1,0.001000
110100,1.470015,0.971892,1.486487,0.972435,582.6,0.001000
110200,2.182947,0.381261,2.213554,0.366814,583.2,0.001000
110300,1.481572,0.974955,1.503802,0.967030,583.7,0.001000
110400,1.782825,0.581622,1.806850,0.561031,584.2,0.001000
110500,1.531129,0.911622,1.551238,0.902081,584.8,0.001000
110600,1.543095,0.910270,1.564416,0.893073,585.3,0.001000
110700,2.251320,0.376396,2.282178,0.358166,585.8,0.001000
110800,1.511280,0.933243,1.530188,0.929376,586.3,0.001000
110900,2.199122,0.285495,2.235448,0.263850,586.8,0.001000
111000,1.476699,0.952883,1.497640,0.947572,587.3,0.001000
111100,1.464624,0.967387,1.484559,0.961085,587.9,0.001000
111200,1.763699,0.648018,1.779109,0.629673,588.4,0.001000
111300,1.464561,0.976036,1.483710,0.973065,588.9,0.001000
111400,1.515405,0.911532,1.537784,0.901360,589.4,0.001000
111500,1.481094,0.984414,1.498347,0.982524,590.0,0.001000
111600,1.514828,0.940090,1.534496,0.930457,590.5,0.001000
111700,1.673565,0.749640,1.691489,0.743717,591.0,0.001000
111800,1.444229,0.991892,1.462190,0.990361,591.6,0.001000
111900,1.595926,0.948739,1.616558,0.938024,592.1,0.001000
112000,1.582318,0.884865,1.599157,0.873525,592.6,0.001000
112100,1.839849,0.569640,1.865025,0.550221,593.2,0.001000
112200,1.850103,0.659640,1.874367,0.634898,593.7,0.001000
112300,1.522065,0.953514,1.537588,0.949374,594.2,0.001000
112400,1.530037,0.888559,1.552294,0.878660,594.7,0.001000
112500,1.603266,0.886036,1.623185,0.878119,595.3,0.001000
112600,1.579555,0.848649,1.600081,0.841636,595.8,0.001000
112700,1.562663,0.849910,1.584223,0.834519,596.3,0.001000
112800,1.543999,0.945766,1.562370,0.939014,596.9,0.001000
112900,1.482271,0.964775,1.499765,0.958652,597.4,0.001000
113000,1.610642,0.863964,1.635526,0.847131,597.9,0.001000
113100,1.644311,0.776487,1.660738,0.765156,598.5,0.001000
113200,1.596019,0.831532,1.616694,0.812810,599.0,0.001000
113300,1.612541,0.859640,1.628901,0.850374,599.5,0.001000
113400,1.595597,0.794144,1.611246,0.788848,600.1,0.001000
113500,1.776582,0.589459,1.794848,0.576344,600.6,0.001000
113600,1.692243,0.743604,1.714727,0.713990,601.1,0.001000
113700,1.480313,0.953874,1.497860,0.947392,601.7,0.001000
113800,1.454764,0.988559,1.471672,0.984776,602.2,0.001000
113900,1.454958,0.972973,1.472591,0.964958,602.7,0.001000
114000,1.498227,0.968288,1.514751,0.962796,603.2,0.001000
114100,1.472694,0.971532,1.493316,0.964237,603.8,0.001000
114200,1.984234,0.417027,2.003525,0.403928,604.3,0.001000
114300,1.438718,0.993874,1.457413,0.992613,604.8,0.001000
114400,1.584608,0.896847,1.606961,0.883074,605.3,0.001000
114500,1.563910,0.873243,1.585093,0.859472,605.9,0.001000
114600,1.816049,0.592523,1.837594,0.567607,606.4,0.001000
114700,1.797058,0.571441,1.814825,0.557788,606.9,0.001000
114800,2.102595,0.349369,2.126531,0.331231,607.4,0.001000
114900,1.547364,0.902973,1.566409,0.891541,607.9,0.001000
115000,1.714730,0.659099,1.735408,0.639582,608.5,0.001000
115100,1.515415,0.926577,1.535617,0.914692,609.0,0.001000
115200,1.522029,0.908288,1.540813,0.895955,609.5,0.001000
115300,1.531069,0.971892,1.549738,0.971084,610.0,0.001000
115400,1.576992,0.868829,1.597302,0.853256,610.6,0.001000
115500,2.229286,0.500631,2.242157,0.485452,611.1,0.001000
115600,1.530262,0.974234,1.547812,0.964328,611.6,0.001000
115700,1.522233,0.946487,1.541373,0.940996,612.1,0.001000
115800,1.501967,0.950450,1.519401,0.943248,612.7,0.001000
115900,1.589407,0.858288,1.608607,0.851725,613.2,0.001000
116000,1.542027,0.897207,1.563193,0.889289,613.7,0.001000
116100,1.474816,0.974595,1.495790,0.970904,614.3,0.001000
116200,1.846992,0.494414,1.860029,0.485542,614.8,0.001000
116300,1.478049,0.984505,1.496049,0.981533,615.3,0.001000
116400,1.887161,0.598468,1.906052,0.581029,615.8,0.001000
116500,1.587637,0.825135,1.605103,0.815782,616.4,0.001000
116600,1.529095,0.913243,1.548482,0.895505,616.9,0.001000
116700,1.481063,0.986486,1.498852,0.981984,617.4,0.001000
116800,1.525057,0.932342,1.545288,0.922439,617.9,0.001000
116900,1.777754,0.634054,1.797162,0.611476,618.5,0.001000
117000,1.692126,0.787387,1.713940,0.771732,619.0,0.001000
117100,1.523297,0.927658,1.543154,0.918025,619.5,0.001000
117200,1.590396,0.814414,1.608453,0.805153,620.1,0.001000
117300,1.474913,0.957748,1.494683,0.951626,620.6,0.001000
117400,1.661199,0.803784,1.676559,0.787497,621.1,0.001000
117500,1.568358,0.877297,1.590294,0.860373,621.7,0.001000
117600,1.729756,0.706937,1.751731,0.686244,622.2,0.001000
117700,1.511854,0.939550,1.534266,0.932258,622.8,0.001000
117800,1.514398,0.950631,1.532557,0.945230,623.3,0.001000
117900,1.490043,0.940631,1.508265,0.933790,623.8,0.001000
118000,1.541703,0.935766,1.561239,0.927844,624.4,0.001000
118100,1.495657,0.947387,1.515324,0.940726,624.9,0.001000
118200,1.571720,0.893964,1.593915,0.880912,625.4,0.001000
118300,1.616565,0.820991,1.636712,0.812359,625.9,0.001000
118400,1.665673,0.756937,1.681722,0.748041,626.5,0.001000
118500,1.929198,0.463423,1.960708,0.443744,627.0,0.001000
118600,1.532804,0.919189,1.551158,0.909558,627.5,0.001000
118700,1.500823,0.973063,1.521616,0.969462,628.0,0.001000
118800,1.506302,0.972613,1.525719,0.967931,628.6,0.001000
118900,1.561957,0.943874,1.582490,0.938024,629.1,0.001000
119000,2.009497,0.457387,2.033674,0.437888,629.6,0.001000
119100,1.566719,0.880991,1.586897,0.871003,630.1,0.001000
119200,1.539996,0.885676,1.561256,0.877488,630.7,0.001000
119300,1.979764,0.459099,2.011142,0.438069,631.2,0.001000
119400,2.071374,0.302432,2.090253,0.294028,631.7,0.001000
119500,1.468268,0.949550,1.489934,0.940906,632.3,0.001000
119600,1.509478,0.908919,1.528076,0.904783,632.8,0.001000
119700,1.446097,0.994414,1.466400,0.991532,633.3,0.001000
119800,1.494634,0.964955,1.514361,0.956130,633.8,0.001000
119900,1.560586,0.889369,1.581864,0.873345,634.4,0.001000
120000,1.842813,0.495135,1.867986,0.474822,634.9,0.001000
120100,1.581610,0.845766,1.605835,0.830015,635.4,0.001000
120200,1.492429,0.983333,1.512179,0.980182,635.9,0.001000
120300,1.528178,0.921892,1.547873,0.915503,636.5,0.001000
120400,2.465298,0.317117,2.484092,0.309882,637.0,0.001000
120500,1.475212,0.975766,1.495600,0.971174,637.5,0.001000
120600,1.518045,0.910090,1.538842,0.899919,638.1,0.001000
120700,1.657094,0.740991,1.677253,0.737321,638.6,0.001000
120800,1.594327,0.850270,1.608691,0.835871,639.1,0.001000
120900,1.529928,0.884504,1.550668,0.867670,639.6,0.001000
121000,1.469917,0.974955,1.487767,0.970273,640.2,0.001000
121100,1.510977,0.976577,1.528811,0.973065,640.7,0.001000
121200,1.546672,0.900901,1.567601,0.882353,641.2,0.001000
121300,1.508307,0.946757,1.526248,0.938654,641.8,0.001000
121400,1.481723,0.975225,1.501037,0.970453,642.3,0.001000
121500,1.568493,0.833694,1.593057,0.815512,642.8,0.001000
121600,1.501776,0.949099,1.519124,0.943248,643.3,0.001000
121700,1.465848,0.978288,1.482980,0.971084,643.9,0.001000
121800,1.552003,0.900541,1.571948,0.890190,644.4,0.001000
121900,1.482229,0.969640,1.502489,0.962166,644.9,0.001000
122000,1.473213,0.973604,1.493553,0.963156,645.4,0.001000
122100,1.471275,0.946216,1.489468,0.940276,646.0,0.001000
122200,1.482499,0.980721,1.503555,0.976759,646.5,0.001000
122300,1.655805,0.714865,1.677808,0.697775,647.1,0.001000
122400,1.437187,0.990180,1.456973,0.986488,647.6,0.001000
122500,1.471763,0.967928,1.492386,0.960904,648.1,0.001000
122600,1.630801,0.760541,1.652910,0.746059,648.7,0.001000
122700,1.479680,0.977027,1.498163,0.972615,649.2,0.001000
122800,2.208672,0.350721,2.233726,0.334204,649.8,0.001000
122900,1.602592,0.831532,1.622947,0.813080,650.3,0.001000
123000,1.510395,0.969189,1.528820,0.961355,650.8,0.001000
123100,1.553505,0.918559,1.574706,0.899018,651.4,0.001000
123200,1.519213,0.956937,1.538025,0.944149,651.9,0.001000
123300,1.442548,0.989279,1.460304,0.987028,652.4,0.001000
123400,1.695918,0.710811,1.712688,0.699757,652.9,0.001000
123500,1.538004,0.933243,1.553617,0.925502,653.5,0.001000
123600,1.464553,0.974234,1.483005,0.969102,654.0,0.001000
123700,2.620972,0.150811,2.635217,0.145392,654.5,0.001000
123800,1.466157,0.975586,1.485514,0.970183,655.0,0.001000
123900,1.448390,0.975225,1.466306,0.967390,655.6,0.001000
124000,1.581719,0.869730,1.603076,0.853256,656.1,0.001000
124100,1.477586,0.966126,1.497058,0.957752,656.6,0.001000
124200,1.636272,0.779640,1.653496,0.770381,657.2,0.001000
124300,1.602123,0.851892,1.624070,0.839834,657.7,0.001000
124400,1.484249,0.966036,1.503819,0.961085,658.2,0.001000
124500,1.648644,0.822252,1.666858,0.802901,658.7,0.001000
124600,1.558753,0.884234,1.578396,0.875056,659.2,0.001000
124700,1.531670,0.907297,1.551800,0.899649,659.8,0.001000
124800,1.458141,0.973063,1.477150,0.965409,660.3,0.001000
124900,1.984020,0.498468,2.007949,0.485812,660.8,0.001000
125000,1.586493,0.848649,1.603474,0.837582,661.3,0.001000
125100,1.563806,0.887387,1.581360,0.877849,661.9,0.001000
125200,1.616123,0.812523,1.634507,0.804612,662.4,0.001000
125300,1.500297,0.972973,1.519345,0.967480,662.9,0.001000
125400,1.501247,0.940000,1.522716,0.930637,663.4,0.001000
125500,1.573408,0.862252,1.592711,0.846771,663.9,0.001000
125600,1.475829,0.972793,1.495856,0.967570,664.5,0.001000
125700,1.831570,0.597297,1.845470,0.589136,665.0,0.001000
125800,1.600726,0.966667,1.621216,0.957932,665.5,0.001000
125900,1.525486,0.952162,1.543323,0.947302,666.1,0.001000
126000,1.530577,0.926216,1.550571,0.917935,666.6,0.001000
126100,1.807685,0.584054,1.824390,0.568868,667.1,0.001000
126200,1.516572,0.968288,1.532362,0.967390,667.6,0.001000
126300,1.499393,0.945315,1.517405,0.941176,668.2,0.001000
126400,1.483470,0.965586,1.503255,0.954869,668.7,0.001000
126500,1.904884,0.598919,1.926900,0.578867,669.2,0.001000
126600,1.618514,0.812523,1.638361,0.801459,669.7,0.001000
126700,1.528363,0.897838,1.544798,0.887668,670.2,0.001000
126800,1.478303,0.973514,1.496181,0.969192,670.8,0.001000
126900,1.636455,0.769009,1.651741,0.759841,671.3,0.001000
127000,1.460930,0.983514,1.479662,0.980903,671.8,0.001000
127100,2.405993,0.196577,2.418330,0.198090,672.3,0.001000
127200,1.582515,0.877297,1.603920,0.861364,672.8,0.001000
127300,1.471062,0.987658,1.489711,0.986488,673.4,0.001000
127400,1.526308,0.911171,1.546869,0.900640,673.9,0.001000
127500,1.722581,0.656216,1.743900,0.639041,674.4,0.001000
127600,1.498358,0.967838,1.518119,0.957121,675.0,0.001000
127700,1.627325,0.849009,1.649052,0.831637,675.5,0.001000
127800,1.498152,0.947928,1.517212,0.942618,676.0,0.001000
127900,1.568486,0.869279,1.584978,0.854968,676.5,0.001000
128000,1.510509,0.930991,1.530149,0.917665,677.1,0.001000
128100,1.604214,0.911712,1.627405,0.903432,677.6,0.001000
128200,1.521621,0.953694,1.540080,0.951176,678.1,0.001000
128300,1.501128,0.944865,1.518911,0.937663,678.6,0.001000
128400,1.537265,0.906757,1.558571,0.894874,679.2,0.001000
128500,1.462709,0.980000,1.482339,0.976759,679.7,0.001000
128600,1.454261,0.990000,1.470902,0.989190,680.2,0.001000
128700,1.554880,0.926667,1.575808,0.914062,680.8,0.001000
128800,1.725623,0.645405,1.745819,0.632916,681.3,0.001000
128900,1.522939,0.914595,1.543861,0.897216,681.8,0.001000
129000,1.487882,0.987838,1.506888,0.982794,682.4,0.001000
129100,1.534749,0.924144,1.555164,0.914512,682.9,0.001000
129200,1.488815,0.982703,1.507018,0.981623,683.4,0.001000
129300,1.613063,0.823243,1.635110,0.798667,683.9,0.001000
129400,1.790608,0.627928,1.810106,0.614449,684.5,0.001000
129500,1.624049,0.785496,1.640506,0.773894,685.0,0.001000
129600,1.566473,0.923514,1.587226,0.904693,685.5,0.001000
129700,1.620630,0.808018,1.638435,0.802090,686.0,0.001000
129800,1.493963,0.982342,1.512633,0.979461,686.6,0.001000
129900,1.487547,0.976487,1.503892,0.976398,687.1,0.001000
130000,1.638882,0.815315,1.655105,0.806684,687.6,0.001000
130100,1.453683,0.988829,1.472370,0.985317,688.2,0.001000
130200,1.667694,0.759189,1.691792,0.733808,688.7,0.001000
130300,1.536333,0.897658,1.557031,0.882893,689.2,0.001000
130400,1.607528,0.836847,1.628099,0.822088,689.8,0.001000
130500,1.842634,0.568198,1.849892,0.567246,690.3,0.001000
130600,1.547102,0.926216,1.569322,0.909197,690.8,0.001000
130700,1.512227,0.933784,1.533982,0.926943,691.4,0.001000
130800,1.533078,0.930360,1.551089,0.921088,691.9,0.001000
130900,1.471425,0.982072,1.488887,0.980632,692.4,0.001000
131000,1.524752,0.913784,1.544989,0.904693,693.0,0.001000
131100,1.629058,0.807838,1.650688,0.783803,693.5,0.001000
131200,1.706198,0.715766,1.728418,0.693721,694.0,0.001000
131300,1.458031,0.984414,1.475721,0.982164,694.6,0.001000
131400,1.467821,0.974144,1.486897,0.968291,695.1,0.001000
131500,1.581906,0.839640,1.604789,0.826232,695.6,0.001000
131600,1.656837,0.760090,1.674894,0.744077,696.2,0.001000
131700,1.493129,0.974505,1.513137,0.968471,696.7,0.001000
131800,1.465803,0.973874,1.485746,0.969012,697.2,0.001000
131900,1.564114,0.856667,1.580654,0.851185,697.7,0.001000
132000,1.477474,0.979279,1.496118,0.978921,698.3,0.001000
132100,1.728824,0.772342,1.757550,0.737051,698.8,0.001000
132200,1.486462,0.990631,1.504800,0.986578,699.3,0.001000
132300,1.526794,0.915405,1.543358,0.911990,699.9,0.001000
132400,1.661531,0.818739,1.685635,0.798397,700.4,0.001000
132500,1.497103,0.990721,1.515830,0.988289,701.0,0.001000
132600,1.812637,0.535946,1.831977,0.518061,701.5,0.001000
132700,1.531872,0.931261,1.550524,0.921448,702.1,0.001000
132800,1.552352,0.862793,1.573390,0.844068,702.6,0.001000
132900,1.503081,0.927207,1.520042,0.920458,703.1,0.001000
133000,1.763505,0.628649,1.778644,0.614900,703.6,0.001000
133100,1.451257,0.975856,1.470648,0.969282,704.1,0.001000
133200,1.483526,0.967297,1.502707,0.959103,704.7,0.001000
133300,1.519847,0.921532,1.542181,0.904513,705.2,0.001000
133400,1.514700,0.954685,1.533133,0.947843,705.7,0.001000
133500,1.489575,0.949459,1.508588,0.944239,706.2,0.001000
133600,1.574078,0.879369,1.593937,0.874246,706.8,0.001000
133700,1.549393,0.880901,1.572151,0.872894,707.3,0.001000
133800,1.639228,0.762973,1.663156,0.739393,707.8,0.001000
133900,1.544095,0.929550,1.566711,0.920277,708.3,0.001000
134000,1.492110,0.971712,1.508993,0.970363,708.9,0.001000
134100,1.524994,0.965766,1.545763,0.958292,709.4,0.001000
134200,1.573685,0.874324,1.592214,0.860373,709.9,0.001000
134300,1.584434,0.850000,1.605890,0.830015,710.4,0.001000
134400,1.547922,0.878739,1.568154,0.860283,710.9,0.001000
134500,1.523368,0.985405,1.540950,0.984596,711.5,0.001000
134600,1.566299,0.911892,1.586152,0.892532,712.0,0.001000
134700,1.491031,0.961351,1.509817,0.953878,712.5,0.001000
134800,1.535653,0.959459,1.553753,0.952257,713.0,0.001000
134900,1.535369,0.905946,1.552721,0.894694,713.6,0.001000
135000,1.523043,0.969189,1.539886,0.965949,714.1,0.001000
135100,1.638532,0.802973,1.660534,0.773624,714.6,0.001000
135200,1.473193,0.988739,1.492915,0.987028,715.2,0.001000
135300,1.536048,0.899820,1.551748,0.896406,715.7,0.001000
135400,1.530484,0.905856,1.552787,0.884695,716.2,0.001000
135500,1.471126,0.981351,1.493479,0.977570,716.7,0.001000
135600,1.555924,0.948919,1.576112,0.941627,717.3,0.001000
135700,1.582062,0.863153,1.604869,0.846410,717.8,0.001000
135800,1.530151,0.903243,1.550264,0.880731,718.3,0.001000
135900,1.455514,0.967027,1.473593,0.959463,718.9,0.001000
136000,1.502248,0.973243,1.523349,0.968111,719.4,0.001000
136100,1.457841,0.981261,1.477097,0.978921,719.9,0.001000
136200,1.625719,0.770901,1.645795,0.757950,720.4,0.001000
136300,1.498095,0.946937,1.522572,0.934691,721.0,0.001000
136400,1.546352,0.975225,1.564563,0.969192,721.5,0.001000
136500,1.510672,0.970180,1.531333,0.963697,722.0,0.001000
136600,1.530683,0.917207,1.551366,0.907216,722.6,0.001000
136700,1.607773,0.867207,1.626480,0.851725,723.1,0.001000
136800,1.534310,0.919459,1.550212,0.914602,723.6,0.001000
136900,1.542992,0.954505,1.560742,0.947662,724.1,0.001000
137000,1.575562,0.849099,1.597824,0.833889,724.7,0.001000
137100,1.458592,0.990901,1.477312,0.987569,725.2,0.001000
137200,1.513037,0.933063,1.532782,0.916494,725.8,0.001000
137300,1.515146,0.949550,1.534512,0.940726,726.3,0.001000
137400,1.527785,0.975766,1.547154,0.966039,726.8,0.001000
137500,1.869851,0.513604,1.883910,0.511215,727.3,0.001000
137600,1.608795,0.865315,1.626499,0.860193,727.9,0.001000
137700,1.509683,0.947117,1.528979,0.939465,728.4,0.001000
137800,1.515252,0.926937,1.536316,0.911449,728.9,0.001000
137900,1.469790,0.984865,1.488662,0.981173,729.5,0.001000
138000,1.537538,0.910360,1.558339,0.899829,730.0,0.001000
138100,1.551769,0.943964,1.570910,0.937213,730.5,0.001000
138200,1.668189,0.812342,1.687032,0.791370,731.0,0.001000
138300,1.556798,0.879009,1.577009,0.867489,731.6,0.001000
138400,1.533291,0.931712,1.551863,0.922259,732.1,0.001000
138500,1.500307,0.961441,1.519892,0.952977,732.6,0.001000
138600,1.789148,0.683243,1.812253,0.654986,733.1,0.001000
138700,1.471163,0.980270,1.488391,0.977840,733.7,0.001000
138800,1.477522,0.983153,1.493353,0.982434,734.2,0.001000
138900,1.668462,0.800360,1.687462,0.787316,734.7,0.001000
139000,1.472972,0.980000,1.489945,0.978020,735.3,0.001000
139100,1.578240,0.866757,1.599616,0.852356,735.8,0.001000
139200,1.517987,0.928829,1.537555,0.917395,736.3,0.001000
139300,1.540564,0.940180,1.559970,0.931808,736.8,0.001000
139400,1.490026,0.960631,1.508752,0.948923,737.3,0.001000
139500,1.497661,0.930901,1.515138,0.929826,737.8,0.001000
139600,1.566314,0.908198,1.585846,0.901090,738.4,0.001000
139700,1.476933,0.980901,1.497691,0.974056,738.9,0.001000
139800,1.523725,0.920180,1.547051,0.908747,739.4,0.001000
139900,1.526029,0.946036,1.544891,0.936853,739.9,0.001000
140000,1.611473,0.900901,1.634682,0.888298,740.5,0.001000
140100,1.471442,0.983514,1.488497,0.980542,741.0,0.001000
140200,1.464793,0.974505,1.485602,0.969012,741.5,0.001000
140300,1.468204,0.982613,1.487771,0.978651,742.0,0.001000
140400,1.543167,0.869369,1.558694,0.866589,742.5,0.001000
140500,1.562118,0.875676,1.588071,0.852986,743.1,0.001000
140600,2.066079,0.474865,2.080611,0.461220,743.6,0.001000
140700,1.510525,0.935946,1.530286,0.926133,744.1,0.001000
140800,1.529121,0.959820,1.548100,0.955950,744.7,0.001000
140900,1.574964,0.884775,1.592651,0.871993,745.2,0.001000
141000,1.473930,0.970180,1.491920,0.964598,745.8,0.001000
141100,1.524881,0.953964,1.544278,0.947843,746.3,0.001000
141200,1.445258,0.992703,1.463534,0.990181,746.8,0.001000
141300,1.537922,0.972432,1.554828,0.970723,747.3,0.001000
141400,1.501259,0.951081,1.519402,0.945320,747.9,0.001000
141500,1.515386,0.910000,1.530470,0.906585,748.4,0.001000
141600,1.475626,0.964234,1.493953,0.957932,748.9,0.001000
141700,1.951917,0.639640,1.972614,0.620304,749.4,0.001000
141800,1.510475,0.980180,1.529704,0.974146,749.9,0.001000
141900,1.650081,0.795496,1.669653,0.771912,750.5,0.001000
142000,1.812865,0.596306,1.826928,0.582740,751.0,0.001000
142100,1.463728,0.987838,1.483406,0.986037,751.5,0.001000
142200,1.510247,0.962883,1.530284,0.954599,752.1,0.001000
142300,1.848563,0.521532,1.868370,0.502838,752.6,0.001000
142400,1.509135,0.934234,1.528310,0.925592,753.2,0.001000
142500,1.464567,0.984324,1.485529,0.983155,753.7,0.001000
142600,1.581710,0.899189,1.602169,0.887127,754.2,0.001000
142700,1.689130,0.694324,1.710712,0.684353,754.8,0.001000
142800,1.647670,0.872523,1.669217,0.857941,755.3,0.001000
142900,1.538771,0.940270,1.555772,0.934871,755.8,0.001000
143000,1.648352,0.780180,1.675695,0.757770,756.4,0.001000
143100,1.559404,0.880991,1.579374,0.863616,756.9,0.001000
143200,1.498628,0.953784,1.519838,0.944780,757.4,0.001000
143300,1.640922,0.797027,1.661542,0.780560,758.0,0.001000
143400,1.472827,0.997387,1.493030,0.995496,758.5,0.001000
143500,1.583503,0.835315,1.607375,0.819296,759.0,0.001000
143600,1.855565,0.514054,1.875040,0.497162,759.6,0.001000
143700,1.524384,0.932703,1.542590,0.925052,760.1,0.001000
143800,1.473015,0.973333,1.494303,0.966489,760.6,0.001000
143900,1.470763,0.993874,1.491657,0.991622,761.1,0.001000
144000,1.551026,0.857387,1.570540,0.841005,761.7,0.001000
144100,1.480316,0.966216,1.501715,0.958562,762.2,0.001000
144200,1.689575,0.743604,1.708953,0.731736,762.7,0.001000
144300,1.641510,0.763604,1.659898,0.747770,763.3,0.001000
144400,1.858736,0.497027,1.878068,0.478696,763.8,0.001000
144500,1.500816,0.937387,1.522482,0.928475,764.3,0.001000
144600,1.471694,0.991802,1.488795,0.989550,764.8,0.001000
144700,1.494188,0.944234,1.514879,0.938114,765.4,0.001000
144800,1.579351,0.917477,1.597401,0.915683,765.9,0.001000
144900,3.023371,0.161081,3.063276,0.155121,766.4,0.001000
145000,1.572867,0.908829,1.591250,0.894514,766.9,0.001000
145100,1.524279,0.924685,1.544454,0.915323,767.4,0.001000
145200,1.599455,0.884865,1.620461,0.874876,767.9,0.001000
145300,1.520187,0.935225,1.545352,0.922079,768.5,0.001000
145400,1.626628,0.853333,1.645761,0.835240,769.0,0.001000
145500,1.551345,0.905315,1.569376,0.901450,769.5,0.001000
145600,1.470453,0.973514,1.487671,0.969102,770.1,0.001000
145700,1.660517,0.736667,1.681946,0.718404,770.6,0.001000
145800,1.519540,0.921712,1.538376,0.923340,771.1,0.001000
145900,1.528200,0.924324,1.550466,0.917125,771.6,0.001000
146000,1.474839,0.966126,1.495668,0.960904,772.2,0.001000
146100,1.532765,0.904324,1.557074,0.888839,772.7,0.001000
146200,1.537432,0.891622,1.559924,0.873255,773.2,0.001000
146300,1.578548,0.857928,1.597928,0.845419,773.8,0.001000
146400,2.065665,0.392973,2.092590,0.374921,774.3,0.001000
146500,1.553711,0.875766,1.573042,0.864787,774.9,0.001000
146600,2.176187,0.385766,2.197510,0.376182,775.4,0.001000
146700,1.532128,0.925586,1.550796,0.919737,775.9,0.001000
146800,1.505237,0.937478,1.522702,0.932619,776.5,0.001000
146900,1.510721,0.925946,1.530878,0.910909,777.0,0.001000
147000,1.496822,0.962613,1.516308,0.957301,777.6,0.001000
147100,1.537064,0.955496,1.557023,0.952166,778.1,0.001000
147200,1.547174,0.902613,1.567813,0.887668,778.6,0.001000
147300,1.611386,0.822342,1.632601,0.806414,779.2,0.001000
147400,1.498493,0.961261,1.518064,0.955319,779.7,0.001000
147500,1.864820,0.494595,1.891716,0.463922,780.2,0.001000
147600,1.688034,0.682523,1.702945,0.668048,780.7,0.001000
147700,1.511481,0.965405,1.531783,0.964778,781.2,0.001000
147800,1.547017,0.899910,1.567986,0.883434,781.8,0.001000
147900,1.549442,0.897928,1.570191,0.887848,782.3,0.001000
148000,1.489631,0.961712,1.507354,0.959373,782.8,0.001000
148100,1.536265,0.877387,1.554946,0.869291,783.4,0.001000
148200,1.506486,0.915766,1.529247,0.901991,783.9,0.001000
148300,1.497239,0.949550,1.515899,0.942708,784.4,0.001000
148400,1.550285,0.944234,1.571890,0.932619,785.0,0.001000
148500,1.744870,0.645315,1.760436,0.633276,785.5,0.001000
148600,1.447850,0.994054,1.467322,0.992163,786.0,0.001000
148700,1.560491,0.970901,1.582225,0.961265,786.5,0.001000
148800,1.545880,0.932072,1.566614,0.920187,787.1,0.001000
148900,1.579664,0.862703,1.596917,0.851725,787.6,0.001000
149000,1.575078,0.874144,1.598896,0.861184,788.1,0.001000
149100,1.563844,0.855946,1.578216,0.850554,788.6,0.001000
149200,1.540303,0.883514,1.557042,0.873255,789.1,0.001000
149300,1.502013,0.937838,1.521105,0.928295,789.7,0.001000
149400,1.490664,0.932883,1.513444,0.922890,790.2,0.001000
149500,3.027622,0.259369,3.044103,0.244032,790.7,0.001000
149600,1.607574,0.918378,1.623445,0.905504,791.2,0.001000
149700,1.658185,0.790901,1.676779,0.777227,791.8,0.001000
149800,1.508308,0.969099,1.528465,0.964778,792.3,0.001000
149900,1.528941,0.916577,1.548313,0.902802,792.8,0.001000
150000,1.465047,0.977477,1.481552,0.973876,793.3,0.001000
150100,1.572797,0.865676,1.594637,0.857040,793.8,0.001000
150200,1.965318,0.398198,1.985376,0.384019,794.4,0.001000
150300,1.509469,0.940541,1.528415,0.934330,794.9,0.001000
150400,2.524532,0.199910,2.522138,0.205837,795.4,0.001000
150500,1.555929,0.884955,1.577249,0.870912,796.0,0.001000
150600,1.548827,0.872342,1.567866,0.861184,796.5,0.001000
150700,1.498374,0.930360,1.518114,0.924331,797.0,0.001000
150800,1.497099,0.941622,1.518195,0.931988,797.5,0.001000
150900,1.577346,0.892342,1.595760,0.881722,798.1,0.001000
151000,1.479533,0.970000,1.499899,0.966309,798.6,0.001000
151100,1.527335,0.929910,1.546357,0.919287,799.1,0.001000
151200,1.605546,0.810631,1.624915,0.803171,799.7,0.001000
151300,1.509916,0.950000,1.527322,0.947843,800.2,0.001000
151400,2.465714,0.243964,2.474563,0.241510,800.7,0.001000
151500,1.517457,0.953153,1.534270,0.945681,801.2,0.001000
151600,1.457411,0.971802,1.476764,0.967120,801.8,0.001000
151700,1.494425,0.956126,1.515467,0.951176,802.3,0.001000
151800,1.634077,0.767387,1.651502,0.753265,802.8,0.001000
151900,1.617460,0.809820,1.637460,0.786776,803.4,0.001000
152000,1.514982,0.944414,1.536417,0.937213,803.9,0.001000
152100,1.521819,0.926757,1.538918,0.918115,804.4,0.001000
152200,1.453771,0.981622,1.471957,0.976308,804.9,0.001000
152300,1.557006,0.896847,1.580189,0.881722,805.5,0.001000
152400,1.522405,0.921892,1.546194,0.902171,806.0,0.001000
152500,1.757108,0.680541,1.784989,0.653184,806.5,0.001000
152600,1.652399,0.769910,1.671422,0.753626,807.0,0.001000
152700,1.565761,0.856667,1.585960,0.842897,807.6,0.001000
152800,1.495213,0.970721,1.516052,0.966039,808.1,0.001000
152900,2.266380,0.378288,2.295427,0.367354,808.6,0.001000
153000,1.544473,0.936216,1.564473,0.926853,809.1,0.001000
153100,1.671945,0.799009,1.697030,0.783353,809.7,0.001000
153200,2.151917,0.387207,2.193064,0.362310,810.2,0.001000
153300,1.563660,0.897928,1.586223,0.878029,810.7,0.001000
153400,1.599888,0.833784,1.618159,0.823890,811.3,0.001000
153500,1.676445,0.702613,1.696485,0.685884,811.8,0.001000
153600,1.601225,0.799009,1.617078,0.791190,812.3,0.001000
153700,1.497821,0.978018,1.517692,0.972975,812.8,0.001000
153800,1.933626,0.487928,1.968190,0.455815,813.4,0.001000
153900,1.552192,0.896036,1.572685,0.886046,813.9,0.001000
154000,1.452856,0.990811,1.471351,0.990451,814.4,0.001000
154100,1.488217,0.955045,1.508982,0.945410,815.0,0.001000
154200,1.578902,0.908288,1.598716,0.900189,815.5,0.001000
154300,1.460105,0.978108,1.476802,0.974957,816.0,0.001000
154400,1.526320,0.971982,1.546998,0.963967,816.6,0.001000
154500,1.565781,0.851351,1.586118,0.836501,817.1,0.001000
154600,1.456995,0.992432,1.475332,0.990631,817.6,0.001000
154700,1.530558,0.980090,1.547619,0.979822,818.1,0.001000
154800,1.625919,0.802252,1.647945,0.776867,818.7,0.001000
154900,1.507504,0.923784,1.523031,0.925592,819.2,0.001000
155000,1.594047,0.837838,1.620062,0.815422,819.7,0.001000
155100,1.572281,0.875315,1.594998,0.861274,820.3,0.001000
155200,1.435579,0.992523,1.454084,0.989911,820.8,0.001000
155300,1.506320,0.945135,1.525308,0.938834,821.4,0.001000
155400,1.498711,0.955766,1.518393,0.944690,821.9,0.001000
155500,1.565821,0.855586,1.581208,0.848933,822.4,0.001000
155600,1.477848,0.962973,1.497361,0.952347,822.9,0.001000
155700,1.520470,0.930721,1.539381,0.918746,823.5,0.001000
155800,1.437131,0.995946,1.457082,0.995226,824.0,0.001000
155900,1.489936,0.940811,1.509943,0.926943,824.5,0.001000
156000,1.632016,0.814865,1.656117,0.799297,825.1,0.001000
156100,1.461085,0.975135,1.480726,0.970273,825.6,0.001000
156200,1.523030,0.929009,1.540575,0.926043,826.1,0.001000
156300,1.458490,0.982342,1.474989,0.978831,826.7,0.001000
156400,1.808960,0.531441,1.829422,0.512296,827.2,0.001000
156500,1.489744,0.965856,1.507177,0.961625,827.7,0.001000
156600,1.472770,0.947387,1.492079,0.937934,828.3,0.001000
156700,1.457537,0.967838,1.476113,0.961895,828.8,0.001000
156800,1.559377,0.923964,1.578464,0.918296,829.3,0.001000
156900,1.499322,0.928739,1.518810,0.921989,829.8,0.001000
157000,1.709673,0.766396,1.729198,0.754256,830.4,0.001000
157100,1.483574,0.970541,1.504339,0.961895,830.9,0.001000
157200,1.571659,0.927658,1.593459,0.916494,831.4,0.001000
157300,1.509083,0.953604,1.530371,0.944419,832.0,0.001000
157400,1.867662,0.579910,1.890104,0.569588,832.5,0.001000
157500,1.460375,0.984054,1.478061,0.983785,833.0,0.001000
157600,2.260728,0.277748,2.289007,0.263850,833.6,0.001000
157700,1.528549,0.924144,1.546861,0.914602,834.1,0.001000
157800,1.501982,0.921892,1.520578,0.912711,834.6,0.001000
157900,1.472277,0.985315,1.491579,0.983425,835.2,0.001000
158000,1.466015,0.962252,1.485752,0.960184,835.7,0.001000
158100,1.565320,0.852162,1.586140,0.842987,836.2,0.001000
158200,2.048496,0.435135,2.065612,0.431943,836.7,0.001000
158300,1.469918,0.980450,1.489864,0.976489,837.3,0.001000
158400,1.475977,0.970991,1.495081,0.966489,837.8,0.001000
158500,1.544981,0.922793,1.567020,0.911539,838.3,0.001000
158600,1.484960,0.962703,1.503612,0.956761,838.9,0.001000
158700,1.503286,0.930090,1.520629,0.925142,839.4,0.001000
158800,1.498124,0.916847,1.518476,0.909918,839.9,0.001000
158900,1.498700,0.976036,1.516335,0.976218,840.4,0.001000
159000,1.666394,0.724595,1.691491,0.692911,841.0,0.001000
159100,1.784643,0.628919,1.801060,0.615800,841.5,0.001000
159200,1.661024,0.739009,1.678933,0.724980,842.1,0.001000
159300,1.577082,0.855496,1.593164,0.846500,842.6,0.001000
159400,1.449227,0.994685,1.465945,0.994775,843.1,0.001000
159500,1.516274,0.918559,1.537804,0.904333,843.6,0.001000
159600,1.538008,0.872162,1.557027,0.860733,844.2,0.001000
159700,1.515891,0.960631,1.536809,0.949734,844.7,0.001000
159800,1.483328,0.951171,1.500344,0.945951,845.2,0.001000
159900,1.487419,0.977297,1.504557,0.975858,845.8,0.001000
160000,1.634627,0.802613,1.656687,0.784614,846.3,0.001000
160100,1.550558,0.882072,1.570653,0.868480,846.8,0.001000
160200,1.850009,0.539550,1.877631,0.517071,847.3,0.001000
160300,1.482029,0.950541,1.499579,0.943969,847.8,0.001000
160400,1.633333,0.785856,1.653331,0.768579,848.4,0.001000
160500,1.623360,0.801892,1.642046,0.785695,848.9,0.001000
160600,1.568060,0.874685,1.590803,0.858932,849.4,0.001000
160700,1.990236,0.511441,2.025234,0.483290,850.0,0.001000
160800,1.551165,0.912973,1.573138,0.901540,850.5,0.001000
160900,1.465238,0.976757,1.485890,0.971084,851.0,0.001000
161000,1.467209,0.985856,1.486553,0.982434,851.6,0.001000
161100,1.521287,0.915225,1.538337,0.900730,852.1,0.001000
161200,1.506311,0.928468,1.527968,0.922710,852.6,0.001000
161300,1.433624,0.982883,1.454415,0.979281,853.1,0.001000
161400,1.445768,0.984144,1.465171,0.981803,853.7,0.001000
161500,1.500215,0.966306,1.518917,0.962616,854.2,0.001000
161600,1.479250,0.956036,1.496541,0.946942,854.7,0.001000
161700,1.602173,0.845045,1.618406,0.836141,855.2,0.001000
161800,1.508814,0.992613,1.526923,0.988740,855.7,0.001000
161900,1.597908,0.837658,1.616994,0.822178,856.3,0.001000
162000,1.577389,0.862162,1.597586,0.845690,856.8,0.001000
162100,1.567032,0.879730,1.585250,0.875957,857.3,0.001000
162200,1.598630,0.798198,1.617924,0.785245,857.8,0.001000
162300,1.784488,0.667838,1.800111,0.651743,858.4,0.001000
162400,1.500439,0.928649,1.520342,0.916944,858.9,0.001000
162500,1.478669,0.951171,1.501422,0.944059,859.4,0.001000
162600,1.802374,0.746036,1.825527,0.725340,859.9,0.001000
162700,1.493588,0.960000,1.512996,0.952887,860.4,0.001000
162800,1.674452,0.724144,1.693203,0.708495,861.0,0.001000
162900,1.461888,0.986396,1.480808,0.984686,861.5,0.001000
163000,1.560807,0.854955,1.580767,0.845059,862.1,0.001000
163100,1.703383,0.672973,1.724075,0.651743,862.6,0.001000
163200,1.510515,0.939910,1.529781,0.937663,863.1,0.001000
163300,1.804711,0.658378,1.833068,0.634718,863.6,0.001000
163400,1.531103,0.912703,1.550819,0.903792,864.2,0.001000
163500,2.612234,0.176577,2.623191,0.175300,864.7,0.001000
163600,1.568051,0.887478,1.589201,0.874696,865.2,0.001000
163700,1.493429,0.992342,1.513842,0.991442,865.8,0.001000
163800,1.482472,0.981802,1.502599,0.978831,866.3,0.001000
163900,1.591902,0.818018,1.608953,0.808306,866.8,0.001000
164000,1.503106,0.939279,1.522016,0.928205,867.3,0.001000
164100,1.483383,0.985405,1.500577,0.979822,867.8,0.001000
164200,1.516443,0.919459,1.535560,0.911630,868.4,0.001000
164300,1.825618,0.665766,1.848666,0.641023,868.9,0.001000
164400,1.564147,0.911712,1.587934,0.891091,869.4,0.001000
164500,1.547041,0.894054,1.570199,0.878660,869.9,0.001000
164600,1.651538,0.741802,1.665557,0.731466,870.4,0.001000
164700,1.568984,0.891171,1.589270,0.876948,871.0,0.001000
164800,1.771219,0.704144,1.790920,0.684803,871.5,0.001000
164900,1.541712,0.900541,1.560468,0.890100,872.0,0.001000
165000,1.791298,0.582703,1.812374,0.565625,872.5,0.001000
165100,1.564387,0.916126,1.584394,0.903252,873.1,0.001000
165200,1.495398,0.950450,1.514649,0.942257,873.6,0.001000
165300,1.439602,0.989730,1.458223,0.988289,874.1,0.001000
165400,1.711895,0.685495,1.729004,0.677687,874.6,0.001000
165500,1.541616,0.905315,1.560150,0.893973,875.2,0.001000
165600,1.505718,0.956937,1.521839,0.951896,875.7,0.001000
165700,1.531016,0.946396,1.549275,0.943248,876.2,0.001000
165800,1.629609,0.811171,1.652193,0.795604,876.7,0.001000
165900,1.462978,0.968108,1.479863,0.963787,877.3,0.001000
166000,1.431443,0.983243,1.451399,0.980182,877.8,0.001000
166100,2.054113,0.430450,2.085673,0.406450,878.3,0.001000
166200,1.502911,0.955315,1.520832,0.951716,878.9,0.001000
166300,1.571785,0.840270,1.589923,0.831907,879.4,0.001000
166400,1.468702,0.967117,1.486010,0.960544,879.9,0.001000
166500,1.493400,0.963784,1.510877,0.961805,880.4,0.001000
166600,1.670948,0.881441,1.691179,0.864156,881.0,0.001000
166700,1.576157,0.877568,1.597043,0.864967,881.5,0.001000
166800,1.821457,0.581351,1.838904,0.569588,882.1,0.001000
166900,1.567868,0.867748,1.589557,0.841546,882.6,0.001000
167000,1.635137,0.816036,1.656743,0.795244,883.1,0.001000
167100,1.576616,0.844234,1.597204,0.832087,883.6,0.001000
167200,1.580378,0.826487,1.597486,0.818034,884.2,0.001000
167300,2.146839,0.390000,2.171477,0.376633,884.7,0.001000
167400,1.553544,0.878198,1.571520,0.873165,885.2,0.001000
167500,1.488817,0.945586,1.508455,0.938204,885.8,0.001000
167600,1.544005,0.871802,1.560225,0.864517,886.3,0.001000
167700,1.506737,0.941351,1.527897,0.926403,886.8,0.001000
167800,1.508313,0.922883,1.526927,0.911539,887.4,0.001000
167900,1.522204,0.925946,1.539713,0.918836,887.9,0.001000
168000,1.483028,0.950631,1.502189,0.942438,888.4,0.001000
168100,1.514641,0.941171,1.536060,0.929286,888.9,0.001000
168200,1.489867,0.937928,1.512425,0.929196,889.5,0.001000
168300,1.487699,0.969189,1.508356,0.961805,890.1,0.001000
168400,1.681301,0.709189,1.705327,0.689307,890.6,0.001000
168500,2.329531,0.233333,2.367164,0.217908,891.1,0.001000
168600,1.475521,0.977568,1.494374,0.972795,891.7,0.001000
168700,1.525345,0.898378,1.543632,0.891631,892.2,0.001000
168800,2.379246,0.319189,2.415367,0.294298,892.7,0.001000
168900,1.516139,0.937027,1.535002,0.925682,893.3,0.001000
169000,1.666691,0.709009,1.683910,0.698315,893.8,0.001000
169100,1.522028,0.912703,1.546801,0.892983,894.3,0.001000
169200,1.519162,0.923694,1.537540,0.914152,894.8,0.001000
169300,1.764311,0.683514,1.781793,0.671111,895.3,0.001000
169400,1.541366,0.920360,1.560893,0.914062,895.9,0.001000
169500,1.565033,0.867477,1.584811,0.858661,896.4,0.001000
169600,1.918444,0.508288,1.940942,0.484281,896.9,0.001000
169700,1.487871,0.985045,1.506693,0.982344,897.5,0.001000
169800,1.545391,0.879099,1.566912,0.863256,898.0,0.001000
169900,1.603641,0.905586,1.627912,0.891091,898.5,0.001000
170000,1.488696,0.966847,1.507604,0.957301,899.0,0.001000
170100,1.506758,0.934234,1.526981,0.922349,899.6,0.001000
170200,1.515278,0.914414,1.535816,0.903522,900.2,0.001000
170300,1.496232,0.979459,1.513941,0.976128,900.7,0.001000
170400,1.580054,0.831351,1.598088,0.821998,901.3,0.001000
170500,1.616816,0.783514,1.631282,0.770922,901.8,0.001000
170600,1.622732,0.892883,1.641571,0.874516,902.3,0.001000
170700,1.559679,0.893423,1.577161,0.881452,902.9,0.001000
170800,1.483931,0.959910,1.504508,0.951986,903.4,0.001000
170900,1.512487,0.954144,1.530195,0.950004,903.9,0.001000
171000,1.549580,0.879820,1.568719,0.870372,904.5,0.001000
171100,1.449310,0.978198,1.469964,0.975858,905.0,0.001000
171200,1.478971,0.961982,1.498032,0.954418,905.5,0.001000
171300,1.466153,0.972162,1.487585,0.964237,906.1,0.001000
171400,1.567234,0.889820,1.582733,0.879200,906.6,0.001000
171500,1.498173,0.933243,1.518575,0.927034,907.1,0.001000
171600,1.458427,0.985766,1.475023,0.982794,907.7,0.001000
171700,1.441263,0.984054,1.458502,0.983785,908.2,0.001000
171800,1.531662,0.932973,1.550323,0.926853,908.7,0.001000
171900,1.488597,0.936757,1.507987,0.928925,909.3,0.001000
172000,1.516419,0.912252,1.533885,0.903162,909.8,0.001000
172100,1.500155,0.925135,1.519419,0.907396,910.4,0.001000
172200,2.058176,0.482432,2.079963,0.460679,910.9,0.001000
172300,1.644175,0.784234,1.663156,0.767228,911.4,0.001000
172400,1.554632,0.847928,1.573421,0.839294,912.0,0.001000
172500,1.540302,0.872613,1.559937,0.862265,912.5,0.001000
172600,1.454008,0.988198,1.471145,0.984506,913.0,0.001000
172700,1.612129,0.806216,1.629755,0.789839,913.6,0.001000
172800,1.464648,0.971532,1.485402,0.964508,914.1,0.001000
172900,1.574580,0.971532,1.593504,0.964778,914.6,0.001000
173000,1.514570,0.977928,1.532798,0.971444,915.1,0.001000
173100,1.769330,0.635135,1.790904,0.624088,915.6,0.001000
173200,1.660887,0.836667,1.684589,0.815782,916.2,0.001000
173300,1.548255,0.903063,1.563537,0.892172,916.7,0.001000
173400,2.392802,0.291712,2.425207,0.268264,917.3,0.001000
173500,1.494453,0.972162,1.513385,0.968742,917.8,0.001000
173600,1.467273,0.974505,1.486013,0.970363,918.3,0.001000
173700,1.615863,0.844775,1.635729,0.832357,918.8,0.001000
173800,1.494091,0.946667,1.510530,0.939105,919.4,0.001000
173900,1.549057,0.911712,1.571358,0.901180,919.9,0.001000
174000,1.485882,0.976396,1.504141,0.971264,920.4,0.001000
174100,1.495101,0.944775,1.512532,0.937934,921.0,0.001000
174200,1.460141,0.967658,1.477572,0.966760,921.5,0.001000
174300,1.500203,0.965405,1.518101,0.956941,922.0,0.001000
174400,1.516302,0.947027,1.533990,0.939915,922.6,0.001000
174500,1.473241,0.969820,1.494339,0.965679,923.1,0.001000
174600,1.817773,0.529910,1.841248,0.506711,923.6,0.001000
174700,1.486009,0.977928,1.505831,0.974146,924.1,0.001000
174800,1.596637,0.809279,1.616644,0.799027,924.7,0.001000
174900,1.459764,0.977928,1.479178,0.975047,925.2,0.001000
175000,1.448883,0.977568,1.466118,0.970453,925.8,0.001000
175100,2.078343,0.405225,2.102998,0.376272,926.3,0.001000
175200,1.560686,0.861081,1.581901,0.847041,926.8,0.001000
175300,1.478019,0.981532,1.494568,0.977930,927.4,0.001000
175400,1.872510,0.568198,1.890499,0.560040,927.9,0.001000
175500,1.650471,0.775405,1.667924,0.768129,928.4,0.001000
175600,1.517413,0.941622,1.533275,0.933610,928.9,0.001000
175700,1.493829,0.939910,1.511483,0.931087,929.5,0.001000
175800,1.529465,0.946487,1.548010,0.939825,930.0,0.001000
175900,1.530477,0.900991,1.547219,0.894604,930.5,0.001000
176000,1.720643,0.717478,1.735839,0.703901,931.1,0.001000
176100,1.539670,0.944234,1.557966,0.933339,931.6,0.001000
176200,1.526859,0.915676,1.543314,0.911539,932.1,0.001000
176300,1.496335,0.988468,1.516626,0.982434,932.7,0.001000
176400,1.562251,0.890631,1.580621,0.877398,933.2,0.001000
176500,2.429835,0.272072,2.453611,0.264481,933.7,0.001000
176600,1.820788,0.524865,1.839813,0.500766,934.3,0.001000
176700,1.587421,0.833063,1.605778,0.821908,934.8,0.001000
176800,1.691296,0.787207,1.715829,0.766688,935.3,0.001000
176900,1.503664,0.943964,1.518824,0.943879,935.9,0.001000
177000,1.485037,0.946036,1.503062,0.940996,936.4,0.001000
177100,1.536925,0.900270,1.553300,0.893973,936.9,0.001000
177200,1.498043,0.957568,1.517589,0.952347,937.4,0.001000
177300,1.585257,0.809640,1.605810,0.793983,938.0,0.001000
177400,1.481101,0.994324,1.498441,0.993064,938.5,0.001000
177500,1.531232,0.897658,1.551913,0.891631,939.0,0.001000
177600,1.612247,0.811171,1.628709,0.806864,939.6,0.001000
177700,1.437505,0.990901,1.454374,0.990902,940.1,0.001000
177800,1.434528,0.983604,1.457513,0.976038,940.6,0.001000
177900,1.572480,0.912613,1.589973,0.901540,941.2,0.001000
178000,1.556500,0.886396,1.576018,0.868390,941.7,0.001000
178100,1.469110,0.996306,1.486603,0.996126,942.2,0.001000
178200,1.520510,0.946216,1.542878,0.932799,942.8,0.001000
178300,1.492530,0.969099,1.508988,0.969462,943.3,0.001000
178400,1.646792,0.752252,1.665031,0.737952,943.8,0.001000
178500,1.732262,0.723243,1.757912,0.696063,944.3,0.001000
178600,1.490192,0.962162,1.508736,0.953968,944.9,0.001000
178700,1.476806,0.993423,1.493696,0.993514,945.4,0.001000
178800,1.507965,0.938198,1.526345,0.929286,945.9,0.001000
178900,1.552295,0.893243,1.572538,0.887668,946.5,0.001000
179000,1.877457,0.505315,1.893928,0.494730,947.0,0.001000
179100,1.600713,0.802432,1.618764,0.790109,947.5,0.001000
179200,1.579095,0.885676,1.600326,0.866498,948.0,0.001000
179300,1.641214,0.761892,1.660495,0.746239,948.6,0.001000
179400,1.514171,0.923874,1.533476,0.911900,949.1,0.001000
179500,2.198378,0.276126,2.214185,0.272588,949.6,0.001000
179600,1.472080,0.972432,1.490984,0.969372,950.2,0.001000
179700,1.593153,0.837478,1.608842,0.824791,950.7,0.001000
179800,1.461950,0.967117,1.479861,0.964147,951.2,0.001000
179900,1.494466,0.960991,1.511799,0.950275,951.8,0.001000
180000,1.509153,0.917928,1.527143,0.910188,952.3,0.001000
180100,1.535009,0.923333,1.553765,0.914152,952.9,0.001000
180200,1.473768,0.955045,1.492139,0.954779,953.4,0.001000
180300,1.492784,0.931532,1.511251,0.921358,954.0,0.001000
180400,1.487166,0.971712,1.507932,0.962976,954.5,0.001000
180500,1.525322,0.928559,1.544722,0.920187,955.0,0.001000
180600,1.929415,0.524775,1.947799,0.504729,955.5,0.001000
180700,1.502030,0.960901,1.520982,0.948743,956.1,0.001000
180800,1.501047,0.929910,1.521736,0.921719,956.6,0.001000
180900,1.456418,0.983694,1.474162,0.977750,957.1,0.001000
181000,1.695333,0.640000,1.713567,0.625259,957.6,0.001000
181100,1.576441,0.927748,1.598385,0.914422,958.2,0.001000
181200,1.619027,0.799820,1.635544,0.788127,958.7,0.001000
181300,1.601671,0.802883,1.621937,0.789478,959.2,0.001000
181400,1.747418,0.628649,1.768340,0.615530,959.7,0.001000
181500,1.458048,0.979369,1.477134,0.973336,960.3,0.001000
181600,1.961400,0.620541,1.987248,0.593370,960.8,0.001000
181700,1.495303,0.975225,1.515138,0.968651,961.3,0.001000
181800,1.565858,0.891892,1.588350,0.880731,961.9,0.001000
181900,1.474847,0.984775,1.492383,0.981713,962.4,0.001000
182000,1.465435,0.966757,1.485164,0.959283,962.9,0.001000
182100,1.489815,0.984054,1.510108,0.979101,963.4,0.001000
182200,1.536647,0.909279,1.552549,0.907666,964.0,0.001000
182300,1.535961,0.870360,1.551424,0.865417,964.5,0.001000
182400,1.428849,0.995405,1.445777,0.993694,965.0,0.001000
182500,1.659320,0.740090,1.676574,0.729934,965.6,0.001000
182600,1.506857,0.923153,1.527524,0.909197,966.1,0.001000
182700,1.464002,0.974054,1.482674,0.970453,966.6,0.001000
182800,1.497703,0.979820,1.518957,0.971084,967.1,0.001000
182900,1.553533,0.879640,1.574983,0.871183,967.6,0.001000
183000,1.568908,0.928018,1.588237,0.916044,968.2,0.001000
183100,1.543294,0.920270,1.560981,0.917665,968.7,0.001000
183200,1.650092,0.777478,1.673633,0.753896,969.2,0.001000
183300,1.458902,0.988198,1.478061,0.988560,969.7,0.001000
183400,1.535191,0.900721,1.554251,0.894514,970.2,0.001000
183500,1.479495,0.985045,1.500820,0.980272,970.8,0.001000
183600,1.548442,0.882883,1.565140,0.874336,971.3,0.001000
183700,1.508389,0.923333,1.526855,0.912530,971.9,0.001000
183800,1.457683,0.987027,1.475832,0.984686,972.4,0.001000
183900,1.507966,0.962072,1.528858,0.950905,972.9,0.001000
184000,1.642940,0.755225,1.663864,0.734709,973.4,0.001000
184100,1.473331,0.978739,1.492414,0.977389,974.0,0.001000
184200,1.463620,0.976126,1.483130,0.970453,974.5,0.001000
184300,1.491444,0.965676,1.513154,0.957752,975.0,0.001000
184400,1.449570,0.973423,1.468864,0.967300,975.6,0.001000
184500,1.465329,0.968649,1.486669,0.960094,976.1,0.001000
184600,1.535788,0.874955,1.554119,0.863706,976.6,0.001000
184700,1.454575,0.988108,1.474988,0.985857,977.2,0.001000
184800,1.636338,0.749640,1.655634,0.731376,977.7,0.001000
184900,1.573856,0.881622,1.592056,0.866048,978.2,0.001000
185000,1.524342,0.924865,1.540897,0.919917,978.8,0.001000
185100,1.468448,0.989550,1.490024,0.986488,979.3,0.001000
185200,1.483979,0.978468,1.502691,0.972975,979.8,0.001000
185300,1.478061,0.967568,1.497105,0.959373,980.4,0.001000
185400,1.511780,0.953514,1.530638,0.946671,980.9,0.001000
185500,1.589545,0.815495,1.609921,0.802720,981.4,0.001000
185600,1.501495,0.927117,1.518723,0.923160,982.0,0.001000
185700,1.514642,0.926216,1.536751,0.911359,982.5,0.001000
185800,1.601787,0.808649,1.615667,0.798757,983.0,0.001000
185900,1.831976,0.576577,1.855760,0.549500,983.6,0.001000
186000,1.437784,0.990270,1.453722,0.989911,984.1,0.001000
186100,1.460862,0.990541,1.479879,0.988560,984.7,0.001000
186200,1.717488,0.741892,1.735410,0.732276,985.2,0.001000
186300,1.498277,0.949009,1.518167,0.942167,985.7,0.001000
186400,1.522455,0.917568,1.541118,0.912080,986.2,0.001000
186500,1.607170,0.819009,1.625216,0.810197,986.8,0.001000
186600,1.539788,0.915225,1.564494,0.897847,987.3,0.001000
186700,1.442797,0.989279,1.463090,0.988379,987.8,0.001000
186800,1.614905,0.912523,1.637078,0.899829,988.4,0.001000
186900,1.566766,0.908468,1.582260,0.898207,988.9,0.001000
187000,1.523633,0.896036,1.541514,0.888388,989.4,0.001000
187100,1.516958,0.951261,1.535443,0.942528,989.9,0.001000
187200,1.602655,0.846577,1.623338,0.833078,990.5,0.001000
187300,1.504145,0.927297,1.519838,0.923971,991.0,0.001000
187400,1.613888,0.843333,1.633061,0.824070,991.5,0.001000
187500,1.500381,0.958739,1.515821,0.954238,992.1,0.001000
187600,1.539537,0.911261,1.558127,0.895865,992.6,0.001000
187700,1.673617,0.711982,1.691659,0.700567,993.1,0.001000
187800,1.951430,0.477117,1.975233,0.453833,993.6,0.001000
187900,2.093877,0.444685,2.115104,0.424106,994.2,0.001000
188000,1.460812,0.987297,1.482673,0.982164,994.7,0.001000
188100,1.555687,0.852703,1.573620,0.840735,995.2,0.001000
188200,1.498201,0.980991,1.515021,0.976489,995.7,0.001000
188300,1.548447,0.876036,1.567598,0.870552,996.3,0.001000
188400,1.486575,0.971892,1.505660,0.966039,996.8,0.001000
188500,1.476924,0.983514,1.496521,0.981263,997.3,0.001000
188600,1.471713,0.962613,1.491274,0.956490,997.8,0.001000
188700,1.471041,0.955676,1.489879,0.945951,998.4,0.001000
188800,1.499518,0.952613,1.517867,0.948203,998.9,0.001000
188900,2.615729,0.215676,2.640796,0.210341,999.4,0.001000
189000,1.462945,0.990541,1.479779,0.987749,1000.0,0.001000
189100,1.523168,0.886396,1.538744,0.880101,1000.5,0.001000
189200,1.485856,0.982703,1.504479,0.973966,1001.0,0.001000
189300,1.519620,0.906396,1.539265,0.892352,1001.5,0.001000
189400,1.493970,0.956216,1.515741,0.947032,1002.1,0.001000
189500,1.451367,0.970541,1.471871,0.964688,1002.6,0.001000
189600,1.676780,0.729459,1.691773,0.720386,1003.2,0.001000
189700,1.489603,0.957207,1.509897,0.949374,1003.7,0.001000
189800,1.541829,0.911441,1.559932,0.898387,1004.2,0.001000
189900,1.507376,0.949279,1.523541,0.945410,1004.7,0.001000
190000,1.470452,0.966757,1.487867,0.959913,1005.3,0.001000
190100,1.535635,0.917027,1.555476,0.909017,1005.8,0.001000
190200,1.460714,0.987297,1.478422,0.984506,1006.3,0.001000
190300,1.555857,0.887748,1.573766,0.873975,1006.8,0.001000
190400,1.687083,0.704775,1.707104,0.679759,1007.4,0.001000
190500,1.648371,0.763333,1.671157,0.742456,1007.9,0.001000
190600,1.635065,0.783874,1.652943,0.771912,1008.4,0.001000
190700,1.525714,0.930270,1.547374,0.916134,1009.0,0.001000
190800,1.576316,0.852523,1.595557,0.836591,1009.5,0.001000
190900,1.649458,0.738468,1.668647,0.716692,1010.0,0.001000
191000,1.539335,0.881622,1.561180,0.871543,1010.6,0.001000
191100,1.478886,0.946306,1.496260,0.939645,1011.1,0.001000
191200,1.551055,0.887207,1.569354,0.874966,1011.7,0.001000
191300,1.819999,0.634865,1.844951,0.616071,1012.2,0.001000
191400,1.586267,0.836306,1.601925,0.827313,1012.7,0.001000
191500,1.483799,0.939730,1.502905,0.933700,1013.3,0.001000
191600,2.103834,0.377838,2.128529,0.357716,1013.8,0.001000
191700,1.476647,0.968649,1.495521,0.962616,1014.4,0.001000
191800,1.587648,0.876036,1.608837,0.861904,1014.9,0.001000
191900,1.840409,0.615856,1.856023,0.607963,1015.4,0.001000
192000,1.543844,0.912523,1.561345,0.904243,1015.9,0.001000
192100,1.553511,0.911892,1.571378,0.904783,1016.5,0.001000
192200,1.493622,0.957568,1.514749,0.947032,1017.0,0.001000
192300,1.472225,0.961261,1.493328,0.952617,1017.6,0.001000
192400,1.471165,0.955586,1.489751,0.948293,1018.1,0.001000
192500,1.562378,0.884685,1.580292,0.877128,1018.6,0.001000
192600,1.698693,0.684414,1.721547,0.660211,1019.1,0.001000
192700,1.608575,0.890721,1.630283,0.876137,1019.7,0.001000
192800,1.671168,0.733153,1.697274,0.703810,1020.2,0.001000
192900,1.498845,0.948469,1.516412,0.943158,1020.7,0.001000
193000,1.446856,0.988468,1.464982,0.985677,1021.3,0.001000
193100,1.506564,0.926306,1.525345,0.921539,1021.8,0.001000
193200,1.457264,0.987748,1.474598,0.985677,1022.3,0.001000
193300,1.489749,0.934505,1.507828,0.930096,1022.9,0.001000
193400,1.497984,0.944685,1.514204,0.939465,1023.4,0.001000
193500,1.473585,0.973063,1.491078,0.969462,1023.9,0.001000
193600,1.515829,0.940360,1.534711,0.937123,1024.5,0.001000
193700,1.989859,0.426847,2.014544,0.408702,1025.0,0.001000
193800,1.970358,0.488288,1.990270,0.474372,1025.6,0.001000
193900,1.501713,0.924144,1.521662,0.914062,1026.1,0.001000
194000,1.572316,0.881712,1.589080,0.866498,1026.6,0.001000
194100,1.619246,0.793964,1.640615,0.772273,1027.2,0.001000
194200,1.482112,0.972162,1.501250,0.964598,1027.7,0.001000
194300,1.590061,0.798739,1.606860,0.787136,1028.2,0.001000
194400,1.492234,0.952432,1.510437,0.946942,1028.8,0.001000
194500,1.804842,0.521622,1.822299,0.510765,1029.3,0.001000
194600,1.452905,0.979730,1.471410,0.975678,1029.8,0.001000
194700,1.479785,0.951081,1.498523,0.941447,1030.3,0.001000
194800,1.492032,0.981441,1.511654,0.977930,1030.9,0.001000
194900,1.557883,0.888018,1.574584,0.880011,1031.4,0.001000
195000,1.558926,0.843514,1.582685,0.830466,1031.9,0.001000
195100,1.582918,0.873874,1.598895,0.865598,1032.5,0.001000
195200,1.960842,0.632342,1.982907,0.611026,1033.0,0.001000
195300,1.493729,0.964595,1.511898,0.957752,1033.5,0.001000
195400,1.631541,0.801982,1.657020,0.774615,1034.1,0.001000
195500,2.073718,0.449099,2.103604,0.428970,1034.6,0.001000
195600,1.591859,0.837207,1.612448,0.818305,1035.1,0.001000
195700,1.535253,0.894144,1.552849,0.888388,1035.7,0.001000
195800,1.495658,0.931622,1.515117,0.925772,1036.2,0.001000
195900,2.052243,0.425315,2.077032,0.411945,1036.7,0.001000
196000,1.558949,0.877297,1.580118,0.862355,1037.3,0.001000
196100,1.480063,0.977117,1.497633,0.974146,1037.8,0.001000
196200,1.521481,0.892523,1.536933,0.888659,1038.3,0.001000
196300,1.514788,0.913784,1.533495,0.910639,1038.9,0.001000
196400,1.623727,0.794414,1.641595,0.786956,1039.4,0.001000
196500,1.464419,0.985766,1.481155,0.984055,1039.9,0.001000
196600,1.436461,0.984865,1.454630,0.981353,1040.5,0.001000
196700,1.613626,0.792252,1.636650,0.776507,1041.0,0.001000
196800,1.472333,0.974234,1.490149,0.969282,1041.5,0.001000
196900,1.485463,0.939550,1.504778,0.937573,1042.0,0.001000
197000,1.432847,0.997117,1.449847,0.996667,1042.5,0.001000
197100,1.475172,0.992613,1.493464,0.989731,1043.1,0.001000
197200,1.551156,0.878559,1.570529,0.858751,1043.6,0.001000
197300,1.619180,0.807117,1.635627,0.787587,1044.1,0.001000
197400,1.448157,0.980901,1.465573,0.976849,1044.7,0.001000
197500,1.461076,0.993333,1.478538,0.990271,1045.2,0.001000
197600,1.489411,0.948919,1.508177,0.941267,1045.7,0.001000
197700,1.468423,0.979009,1.484691,0.973426,1046.2,0.001000
197800,1.444520,0.986847,1.464435,0.985587,1046.8,0.001000
197900,1.525749,0.939189,1.544341,0.927034,1047.3,0.001000
198000,1.718429,0.751982,1.739402,0.734348,1047.8,0.001000
198100,1.490631,0.943514,1.508271,0.941357,1048.3,0.001000
198200,1.603630,0.801351,1.625695,0.779479,1048.9,0.001000
198300,1.673684,0.714865,1.688350,0.700117,1049.4,0.001000
198400,1.489092,0.970631,1.510203,0.966129,1049.9,0.001000
198500,1.453492,0.982793,1.472219,0.980272,1050.5,0.001000
198600,1.563012,0.857928,1.582035,0.847491,1051.0,0.001000
198700,1.557436,0.864234,1.575822,0.853977,1051.5,0.001000
198800,1.546770,0.858739,1.562421,0.859202,1052.1,0.001000
198900,1.456678,0.988108,1.474234,0.985317,1052.6,0.001000
199000,1.624301,0.844685,1.647363,0.830916,1053.1,0.001000
199100,1.516734,0.932162,1.536590,0.915593,1053.7,0.001000
199200,1.549958,0.909459,1.570674,0.900369,1054.2,0.001000
199300,1.532333,0.926667,1.550745,0.915053,1054.7,0.001000
199400,1.521475,0.954955,1.541264,0.950815,1055.3,0.001000
199500,1.467088,0.991532,1.488407,0.991082,1055.8,0.001000
199600,1.518189,0.910360,1.538418,0.901360,1056.3,0.001000
199700,1.654545,0.813874,1.676777,0.789478,1056.9,0.001000
199800,1.469300,0.959910,1.490743,0.950635,1057.4,0.001000
199900,1.513095,0.941982,1.529857,0.932889,1057.9,0.001000
