step,train_loss,train_acc,test_loss,test_acc,elapsed_sec,lr
0,5.435164,0.006847,5.439583,0.006486,0.1,0.000020
100,5.007188,0.007838,5.050773,0.005405,0.6,0.001000
200,4.841490,0.040991,5.261060,0.003063,1.1,0.001000
300,4.605265,0.098198,5.105403,0.010269,1.6,0.001000
400,3.400802,0.324685,3.587079,0.165481,2.2,0.001000
500,1.803684,0.971892,1.857042,0.959193,2.7,0.001000
600,1.119482,0.996486,1.143908,0.995766,3.2,0.001000
700,0.824248,1.000000,0.840507,1.000000,3.8,0.001000
800,0.719010,0.999460,0.732352,0.999550,4.3,0.001000
900,0.671884,0.997478,0.686192,0.996667,4.8,0.001000
1000,0.617030,0.999460,0.626963,0.999460,5.4,0.001000
1100,0.549196,1.000000,0.558501,1.000000,5.9,0.001000
1200,0.583687,0.995495,0.592723,0.994595,6.5,0.001000
1300,0.700799,0.990270,0.715791,0.987839,7.0,0.001000
1400,0.974467,0.858288,0.984402,0.851545,7.5,0.001000
1500,0.620168,0.992883,0.628856,0.992163,8.0,0.001000
1600,0.773234,0.990811,0.784872,0.988560,8.6,0.001000
1700,0.833648,0.866126,0.839991,0.863436,9.1,0.001000
1800,2.812116,0.258739,2.812209,0.262499,9.6,0.001000
1900,0.728838,0.999460,0.739085,0.999640,10.1,0.001000
2000,0.796247,0.993243,0.806743,0.993154,10.6,0.001000
2100,0.580990,0.999279,0.591020,0.998469,11.2,0.001000
2200,0.726471,0.990901,0.740179,0.991172,11.7,0.001000
2300,0.690059,0.999099,0.705611,0.998829,12.3,0.001000
2400,0.732664,0.999009,0.747571,0.999009,12.8,0.001000
2500,0.568108,0.999820,0.577599,1.000000,13.3,0.001000
2600,0.853729,0.963874,0.865784,0.962976,13.9,0.001000
2700,0.686170,0.962432,0.695597,0.960724,14.4,0.001000
2800,0.584930,0.999550,0.595181,0.999279,15.0,0.001000
2900,0.593182,0.999460,0.603006,0.999460,15.5,0.001000
3000,1.436802,0.594234,1.444594,0.592289,16.1,0.001000
3100,1.493021,0.827658,1.515737,0.815962,16.6,0.001000
3200,1.003490,0.967748,1.020976,0.966039,17.2,0.001000
3300,0.687480,0.996757,0.699817,0.996307,17.7,0.001000
3400,0.828734,0.892883,0.838951,0.891541,18.2,0.001000
3500,0.556752,0.999730,0.565468,0.999460,18.8,0.001000
3600,1.039909,0.854054,1.055247,0.847761,19.3,0.001000
3700,0.886451,0.867477,0.901383,0.864427,19.8,0.001000
3800,0.854529,0.948018,0.861609,0.947752,20.3,0.001000
3900,0.681135,0.999369,0.693797,0.999009,20.9,0.001000
4000,1.209979,0.832613,1.237548,0.825241,21.4,0.001000
4100,0.527886,1.000000,0.537095,1.000000,21.9,0.001000
4200,0.585963,0.999099,0.596733,0.999189,22.4,0.001000
4300,0.534123,1.000000,0.544125,1.000000,23.0,0.001000
4400,0.782573,0.939009,0.793633,0.934781,23.5,0.001000
4500,0.587803,0.992703,0.594372,0.991893,24.1,0.001000
4600,0.719583,0.951261,0.728541,0.952347,24.6,0.001000
4700,0.964292,0.789369,0.976751,0.780200,25.1,0.001000
4800,0.606931,0.999730,0.616888,0.999730,25.7,0.001000
4900,0.499207,1.000000,0.508547,1.000000,26.2,0.001000
5000,1.320457,0.755135,1.326272,0.758130,26.7,0.001000
5100,0.605948,0.999910,0.617421,0.999460,27.3,0.001000
5200,1.380375,0.694144,1.405291,0.680840,27.8,0.001000
5300,0.511028,1.000000,0.519531,1.000000,28.4,0.001000
5400,0.513593,1.000000,0.521667,1.000000,28.9,0.001000
5500,0.506162,1.000000,0.515366,1.000000,29.4,0.001000
5600,0.622529,0.969189,0.632691,0.965859,30.0,0.001000
5700,0.511835,0.999820,0.521730,0.999820,30.5,0.001000
5800,0.521019,0.999279,0.530227,0.999189,31.0,0.001000
5900,0.637283,0.995405,0.647880,0.994775,31.6,0.001000
6000,0.496348,1.000000,0.505988,1.000000,32.1,0.001000
6100,0.507116,1.000000,0.515715,1.000000,32.6,0.001000
6200,0.609846,0.980721,0.621091,0.979912,33.2,0.001000
6300,0.527852,0.999730,0.536629,0.999820,33.7,0.001000
6400,0.646816,0.995856,0.661935,0.996397,34.2,0.001000
6500,0.504838,1.000000,0.515077,1.000000,34.8,0.001000
6600,0.642574,0.998829,0.654532,0.999099,35.3,0.001000
6700,0.835174,0.965405,0.852890,0.963427,35.8,0.001000
6800,0.589990,0.999009,0.598849,0.998288,36.4,0.001000
6900,0.834502,0.990991,0.848832,0.987569,36.9,0.001000
7000,0.592934,0.996396,0.602173,0.997298,37.4,0.001000
7100,0.531578,0.999279,0.540963,0.999279,38.0,0.001000
7200,0.520048,1.000000,0.528263,0.999730,38.5,0.001000
7300,0.494470,0.999730,0.501297,0.999910,39.0,0.001000
7400,0.536857,0.999550,0.548719,0.999189,39.6,0.001000
7500,0.536398,0.996667,0.546025,0.994865,40.1,0.001000
7600,0.627635,0.992973,0.641773,0.992974,40.7,0.001000
7700,0.602752,0.994505,0.611362,0.994055,41.2,0.001000
7800,0.510546,1.000000,0.521193,1.000000,41.7,0.001000
7900,0.493741,1.000000,0.501293,0.999820,42.2,0.001000
8000,0.505477,1.000000,0.514661,1.000000,42.8,0.001000
8100,0.534568,0.998649,0.546023,0.997748,43.3,0.001000
8200,0.549888,0.999640,0.560585,0.999730,43.8,0.001000
8300,0.584121,0.992252,0.595088,0.992253,44.4,0.001000
8400,0.533785,0.999910,0.540930,0.999910,44.9,0.001000
8500,0.764711,0.992613,0.780475,0.992253,45.4,0.001000
8600,0.647115,0.971892,0.656038,0.971354,46.0,0.001000
8700,0.536389,0.999730,0.544930,0.999730,46.5,0.001000
8800,0.937169,0.970360,0.956768,0.967841,47.1,0.001000
8900,1.189830,0.771712,1.206470,0.761193,47.6,0.001000
9000,2.094965,0.401982,2.115695,0.397712,48.1,0.001000
9100,0.532107,1.000000,0.539688,1.000000,48.7,0.001000
9200,0.532021,1.000000,0.542211,1.000000,49.2,0.001000
9300,0.498703,1.000000,0.508967,0.999910,49.7,0.001000
9400,2.170806,0.412342,2.205477,0.402757,50.3,0.001000
9500,0.529066,0.999730,0.537858,0.999730,50.8,0.001000
9600,0.521072,1.000000,0.529042,1.000000,51.4,0.001000
9700,0.497965,1.000000,0.504949,1.000000,51.9,0.001000
9800,0.533346,0.994414,0.542636,0.993784,52.5,0.001000
9900,0.517672,0.999279,0.525379,0.999279,53.0,0.001000
10000,0.498228,1.000000,0.506773,0.999820,53.6,0.001000
10100,0.552187,0.999730,0.561302,0.999460,54.1,0.001000
10200,0.584466,0.994144,0.592792,0.994685,54.7,0.001000
10300,0.487735,1.000000,0.496068,1.000000,55.2,0.001000
10400,0.522340,0.999820,0.530050,0.999910,55.7,0.001000
10500,0.727237,0.986847,0.738446,0.985677,56.3,0.001000
10600,0.575018,0.997478,0.586176,0.997388,56.8,0.001000
10700,0.480139,1.000000,0.488797,1.000000,57.4,0.001000
10800,0.552374,0.988829,0.562470,0.988650,57.9,0.001000
10900,0.701474,0.917477,0.708580,0.923610,58.5,0.001000
11000,1.080024,0.827117,1.077404,0.830015,59.0,0.001000
11100,0.480159,0.999820,0.489627,0.999910,59.5,0.001000
11200,0.577393,0.996577,0.590125,0.997388,60.1,0.001000
11300,0.848264,0.968468,0.853177,0.969372,60.6,0.001000
11400,1.022532,0.943423,1.042709,0.940726,61.2,0.001000
11500,0.479271,1.000000,0.488526,1.000000,61.7,0.001000
11600,0.541160,0.998198,0.548838,0.999099,62.2,0.001000
11700,0.484996,1.000000,0.495195,1.000000,62.8,0.001000
11800,1.105164,0.917117,1.124270,0.908026,63.3,0.001000
11900,0.511506,0.999910,0.520620,0.999910,63.9,0.001000
12000,0.484273,0.999820,0.493692,0.999730,64.4,0.001000
12100,0.588601,0.992883,0.597005,0.992974,64.9,0.001000
12200,0.578886,0.998649,0.592619,0.998469,65.5,0.001000
12300,1.901016,0.503333,1.926471,0.501576,66.0,0.001000
12400,0.550949,0.999550,0.560875,0.999369,66.5,0.001000
12500,0.516946,0.999910,0.529526,0.999550,67.1,0.001000
12600,0.522631,0.998739,0.530509,0.999279,67.6,0.001000
12700,3.623271,0.152703,3.616968,0.156562,68.2,0.001000
12800,0.492421,1.000000,0.502457,1.000000,68.7,0.001000
12900,0.561162,0.999910,0.572448,0.999460,69.2,0.001000
13000,2.067358,0.440631,2.111251,0.422034,69.7,0.001000
13100,0.495929,0.999910,0.504640,0.999910,70.3,0.001000
13200,0.720371,0.981802,0.734369,0.978921,70.8,0.001000
13300,0.482823,1.000000,0.491437,1.000000,71.3,0.001000
13400,0.645734,0.997748,0.658177,0.998379,71.8,0.001000
13500,0.586830,0.978018,0.599959,0.975948,72.4,0.001000
13600,0.492195,0.999820,0.500734,0.999640,72.9,0.001000
13700,0.480374,1.000000,0.489646,1.000000,73.5,0.001000
13800,0.480146,0.999910,0.488188,1.000000,74.0,0.001000
13900,1.030341,0.884504,1.045950,0.876047,74.5,0.001000
14000,0.508450,0.999820,0.516282,0.999640,75.0,0.001000
14100,0.967302,0.893694,0.982668,0.890550,75.6,0.001000
14200,0.859613,0.812252,0.875704,0.811188,76.1,0.001000
14300,0.538780,0.999550,0.547802,0.999189,76.6,0.001000
14400,0.668041,0.961532,0.681708,0.958562,77.2,0.001000
14500,0.464837,1.000000,0.474080,0.999820,77.7,0.001000
14600,0.488801,0.999910,0.499443,0.999910,78.2,0.001000
14700,0.789996,0.867297,0.799103,0.863526,78.8,0.001000
14800,0.551019,0.999550,0.561855,0.999369,79.3,0.001000
14900,0.522083,0.995045,0.532671,0.993694,79.8,0.001000
15000,0.474129,0.999910,0.483146,0.999640,80.3,0.001000
15100,0.471790,1.000000,0.480751,1.000000,80.9,0.001000
15200,0.452551,1.000000,0.460998,1.000000,81.4,0.001000
15300,0.682514,0.997838,0.691943,0.997658,82.0,0.001000
15400,0.475936,1.000000,0.484625,1.000000,82.5,0.001000
15500,0.566611,0.996396,0.578134,0.994415,83.0,0.001000
15600,1.640393,0.546937,1.649043,0.548689,83.6,0.001000
15700,0.523850,0.999820,0.531701,1.000000,84.1,0.001000
15800,0.482713,0.999910,0.490475,0.999910,84.6,0.001000
15900,0.577332,0.996036,0.586860,0.994415,85.1,0.001000
16000,1.208753,0.797658,1.227165,0.790649,85.7,0.001000
16100,0.533488,1.000000,0.545531,1.000000,86.2,0.001000
16200,0.760110,0.990631,0.779308,0.987028,86.7,0.001000
16300,0.521910,0.999189,0.530424,0.999550,87.3,0.001000
16400,0.606219,0.998288,0.618870,0.997298,87.8,0.001000
16500,0.466993,0.999730,0.476883,0.999820,88.4,0.001000
16600,0.500001,1.000000,0.510405,0.999730,88.9,0.001000
16700,0.503581,0.999730,0.512907,0.999369,89.4,0.001000
16800,0.554226,0.998469,0.563607,0.998559,90.0,0.001000
16900,0.792880,0.893604,0.804793,0.891541,90.5,0.001000
17000,0.538195,0.997928,0.547336,0.997207,91.1,0.001000
17100,0.595155,0.992613,0.605591,0.992433,91.6,0.001000
17200,0.562285,0.999820,0.572117,0.999730,92.1,0.001000
17300,0.475631,0.999820,0.484720,1.000000,92.6,0.001000
17400,0.775009,0.890180,0.788380,0.881993,93.2,0.001000
17500,0.520366,0.999730,0.530892,0.999369,93.7,0.001000
17600,0.544214,0.997117,0.555602,0.995676,94.2,0.001000
17700,0.541448,0.998739,0.552011,0.999009,94.8,0.001000
17800,0.959142,0.928829,0.972486,0.923791,95.3,0.001000
17900,0.746045,0.986667,0.761896,0.982614,95.8,0.001000
18000,0.470129,1.000000,0.478949,1.000000,96.4,0.001000
18100,0.620125,0.999369,0.627967,0.999550,96.9,0.001000
18200,0.547709,0.999009,0.559018,0.998829,97.4,0.001000
18300,0.533408,0.992793,0.540705,0.995316,97.9,0.001000
18400,0.472350,1.000000,0.481199,1.000000,98.5,0.001000
18500,0.467735,1.000000,0.476301,1.000000,99.0,0.001000
18600,0.486458,0.999910,0.495159,1.000000,99.5,0.001000
18700,0.475806,0.999460,0.484262,0.999099,100.1,0.001000
18800,0.449552,1.000000,0.457343,1.000000,100.6,0.001000
18900,0.478238,1.000000,0.487080,1.000000,101.1,0.001000
19000,0.475005,1.000000,0.484876,1.000000,101.6,0.001000
19100,0.486002,0.999099,0.494116,0.998919,102.2,0.001000
19200,0.601126,0.995856,0.612082,0.995856,102.7,0.001000
19300,0.497774,1.000000,0.506631,1.000000,103.3,0.001000
19400,0.503256,1.000000,0.511428,1.000000,103.8,0.001000
19500,1.028129,0.885766,1.049550,0.872804,104.3,0.001000
19600,0.462587,1.000000,0.471427,1.000000,104.9,0.001000
19700,0.812409,0.966036,0.826411,0.963247,105.4,0.001000
19800,0.471402,1.000000,0.479201,1.000000,106.0,0.001000
19900,0.479801,1.000000,0.489026,1.000000,106.5,0.001000
20000,0.542603,0.998469,0.555315,0.998108,107.0,0.001000
20100,0.743425,0.989910,0.756108,0.989010,107.5,0.001000
20200,0.612116,0.991261,0.622389,0.989911,108.1,0.001000
20300,0.716655,0.895946,0.724466,0.897216,108.6,0.001000
20400,1.048962,0.944324,1.064664,0.941987,109.2,0.001000
20500,0.493101,1.000000,0.503550,1.000000,109.7,0.001000
20600,0.502204,0.999910,0.510649,0.999730,110.2,0.001000
20700,0.763934,0.859459,0.772576,0.860373,110.8,0.001000
20800,0.473129,0.999910,0.483206,0.999910,111.3,0.001000
20900,0.506755,1.000000,0.516144,1.000000,111.8,0.001000
21000,0.462200,1.000000,0.470406,1.000000,112.4,0.001000
21100,0.509024,0.997838,0.516954,0.996847,112.9,0.001000
21200,0.531271,0.998739,0.541084,0.999279,113.5,0.001000
21300,0.712497,0.945856,0.721731,0.945320,114.0,0.001000
21400,0.795456,0.854414,0.804569,0.853707,114.6,0.001000
21500,0.519032,1.000000,0.527648,0.999730,115.1,0.001000
21600,0.558930,0.991622,0.567304,0.992974,115.6,0.001000
21700,1.360200,0.657207,1.378348,0.646789,116.2,0.001000
21800,0.464474,1.000000,0.472629,1.000000,116.7,0.001000
21900,0.601157,0.999279,0.615323,0.998018,117.2,0.001000
22000,0.615958,0.970811,0.624099,0.972435,117.7,0.001000
22100,0.605985,0.990541,0.618861,0.988379,118.3,0.001000
22200,1.329639,0.731622,1.354770,0.719485,118.8,0.001000
22300,0.461270,1.000000,0.471287,1.000000,119.4,0.001000
22400,0.514813,0.999189,0.523610,0.999009,119.9,0.001000
22500,0.861787,0.970270,0.878849,0.967300,120.4,0.001000
22600,1.028377,0.847658,1.034495,0.840014,121.0,0.001000
22700,0.467450,0.999730,0.476112,0.999910,121.5,0.001000
22800,0.470832,0.999910,0.480768,0.999910,122.0,0.001000
22900,1.009890,0.911351,1.025666,0.908747,122.6,0.001000
23000,0.517213,0.999910,0.525711,0.999730,123.1,0.001000
23100,0.695438,0.976396,0.713244,0.974417,123.6,0.001000
23200,0.601487,0.977297,0.616667,0.974687,124.1,0.001000
23300,0.584178,0.996577,0.596120,0.997117,124.7,0.001000
23400,0.553830,0.982252,0.564612,0.979641,125.2,0.001000
23500,0.506846,1.000000,0.517012,0.999820,125.7,0.001000
23600,1.489452,0.648829,1.499000,0.642014,126.3,0.001000
23700,0.490426,1.000000,0.501256,1.000000,126.8,0.001000
23800,0.467881,1.000000,0.476825,1.000000,127.3,0.001000
23900,0.841966,0.937387,0.861055,0.930457,127.8,0.001000
24000,0.752382,0.982432,0.763368,0.979101,128.4,0.001000
24100,1.020612,0.741802,1.028699,0.740564,128.9,0.001000
24200,0.467732,1.000000,0.475805,1.000000,129.4,0.001000
24300,0.531247,0.998108,0.543656,0.996577,129.9,0.001000
24400,0.457320,1.000000,0.465730,1.000000,130.5,0.001000
24500,0.584785,0.996937,0.595896,0.997117,131.0,0.001000
24600,0.505659,0.999189,0.513275,0.999550,131.5,0.001000
24700,0.494241,0.999910,0.502274,0.999910,132.1,0.001000
24800,0.560203,0.995586,0.570684,0.995136,132.6,0.001000
24900,0.608772,0.997387,0.619164,0.996667,133.1,0.001000
25000,0.483414,1.000000,0.491919,1.000000,133.7,0.001000
25100,0.539174,0.999009,0.548943,0.999189,134.2,0.001000
25200,0.856244,0.981351,0.878118,0.973966,134.7,0.001000
25300,0.671314,0.980991,0.680612,0.981984,135.3,0.001000
25400,0.675368,0.957117,0.684250,0.959103,135.8,0.001000
25500,0.630984,0.991081,0.643717,0.990181,136.3,0.001000
25600,0.902191,0.894505,0.920970,0.889740,136.8,0.001000
25700,0.535763,0.995495,0.544355,0.995136,137.3,0.001000
25800,0.501217,0.999640,0.509826,0.999460,137.9,0.001000
25900,0.522222,1.000000,0.532992,1.000000,138.4,0.001000
26000,0.462431,1.000000,0.470481,1.000000,138.9,0.001000
26100,0.495449,0.999009,0.504277,0.999189,139.4,0.001000
26200,0.466049,0.999910,0.475958,0.999910,140.0,0.001000
26300,0.497548,0.998739,0.506511,0.998108,140.5,0.001000
26400,0.619301,0.998018,0.629786,0.997298,141.0,0.001000
26500,0.508134,0.999189,0.517771,0.999009,141.5,0.001000
26600,0.500135,0.999640,0.509553,0.999460,142.1,0.001000
26700,1.208875,0.780631,1.215365,0.775065,142.6,0.001000
26800,0.521193,0.999099,0.529259,0.999189,143.1,0.001000
26900,0.524039,0.999820,0.533863,0.999279,143.7,0.001000
27000,0.947968,0.904865,0.964525,0.901000,144.2,0.001000
27100,0.491799,1.000000,0.500045,1.000000,144.7,0.001000
27200,0.549836,0.999189,0.558701,0.999009,145.2,0.001000
27300,0.557168,0.996396,0.565772,0.995406,145.8,0.001000
27400,0.484872,1.000000,0.493560,1.000000,146.3,0.001000
27500,0.550286,0.998288,0.558317,0.998919,146.8,0.001000
27600,0.484290,1.000000,0.494272,1.000000,147.3,0.001000
27700,0.492365,0.999820,0.501691,1.000000,147.9,0.001000
27800,1.184227,0.808919,1.195787,0.801369,148.4,0.001000
27900,0.482699,1.000000,0.492516,1.000000,148.9,0.001000
28000,0.457317,1.000000,0.466055,1.000000,149.4,0.001000
28100,0.551690,0.998469,0.559456,0.999099,149.9,0.001000
28200,0.533087,0.999640,0.545578,0.999640,150.5,0.001000
28300,0.606423,0.988198,0.618576,0.987659,151.0,0.001000
28400,0.497141,1.000000,0.506171,1.000000,151.5,0.001000
28500,0.494560,0.999460,0.504331,0.999279,152.0,0.001000
28600,0.784810,0.961441,0.799803,0.955499,152.5,0.001000
28700,0.604654,0.935676,0.614773,0.935411,153.1,0.001000
28800,0.463556,0.999910,0.473573,1.000000,153.6,0.001000
28900,0.576425,0.996306,0.591347,0.994685,154.1,0.001000
29000,0.491361,1.000000,0.498883,1.000000,154.7,0.001000
29100,0.487069,1.000000,0.497185,1.000000,155.2,0.001000
29200,0.470110,1.000000,0.479227,1.000000,155.7,0.001000
29300,0.786838,0.968559,0.804004,0.961445,156.3,0.001000
29400,1.255612,0.812432,1.272787,0.803621,156.8,0.001000
29500,0.513788,0.999550,0.524487,0.999369,157.3,0.001000
29600,0.532574,0.999820,0.543286,0.999820,157.9,0.001000
29700,0.474009,1.000000,0.481961,1.000000,158.4,0.001000
29800,0.512706,0.999369,0.522637,0.999369,158.9,0.001000
29900,0.565225,0.997117,0.576511,0.996847,159.5,0.001000
30000,0.702766,0.976396,0.717101,0.973786,160.0,0.001000
30100,0.655315,0.991622,0.667619,0.990722,160.5,0.001000
30200,0.571355,0.998559,0.583058,0.998739,161.0,0.001000
30300,0.474367,1.000000,0.484176,1.000000,161.6,0.001000
30400,0.505489,0.999369,0.514746,0.999099,162.1,0.001000
30500,0.555347,0.999640,0.566166,0.999369,162.6,0.001000
30600,0.489054,0.998919,0.498516,0.998829,163.1,0.001000
30700,0.672106,0.909099,0.682918,0.908567,163.7,0.001000
30800,0.636708,0.985135,0.649940,0.985136,164.2,0.001000
30900,1.377039,0.702162,1.399145,0.687956,164.7,0.001000
31000,0.485298,0.999820,0.493953,0.999820,165.3,0.001000
31100,0.501186,0.999820,0.509809,0.999460,165.8,0.001000
31200,0.488553,0.999910,0.497241,1.000000,166.3,0.001000
31300,0.539535,0.998739,0.551899,0.997928,166.8,0.001000
31400,0.654505,0.997658,0.668328,0.996757,167.4,0.001000
31500,0.617939,0.999460,0.627364,0.998919,167.9,0.001000
31600,0.929109,0.940811,0.950981,0.936402,168.4,0.001000
31700,1.806133,0.610991,1.814350,0.617692,168.9,0.001000
31800,0.541485,0.999910,0.553342,0.999640,169.5,0.001000
31900,0.556955,0.996036,0.571276,0.993784,170.0,0.001000
32000,0.515545,0.999369,0.525445,0.999099,170.5,0.001000
32100,0.646819,0.950000,0.656338,0.946041,171.0,0.001000
32200,0.603083,0.987748,0.615431,0.987118,171.6,0.001000
32300,0.584838,0.998919,0.596003,0.998829,172.1,0.001000
32400,0.465733,1.000000,0.474854,1.000000,172.6,0.001000
32500,0.551306,0.999189,0.561470,0.998919,173.2,0.001000
32600,0.491111,1.000000,0.499707,1.000000,173.7,0.001000
32700,0.661161,0.999369,0.677847,0.999189,174.2,0.001000
32800,0.513587,0.999820,0.524786,0.999910,174.8,0.001000
32900,0.457671,0.999910,0.467196,0.999910,175.3,0.001000
33000,0.456371,1.000000,0.465154,1.000000,175.9,0.001000
33100,0.442812,1.000000,0.451546,1.000000,176.4,0.001000
33200,0.548222,0.999730,0.559242,0.999910,176.9,0.001000
33300,0.484395,1.000000,0.494027,1.000000,177.4,0.001000
33400,0.852403,0.893153,0.861374,0.890640,178.0,0.001000
33500,0.471771,1.000000,0.479264,1.000000,178.5,0.001000
33600,0.471042,1.000000,0.479744,1.000000,179.0,0.001000
33700,0.472919,1.000000,0.482706,1.000000,179.5,0.001000
33800,0.468891,1.000000,0.477943,1.000000,180.1,0.001000
33900,0.764680,0.993423,0.775559,0.993424,180.6,0.001000
34000,0.531482,0.998559,0.541279,0.998469,181.2,0.001000
34100,0.514916,0.998559,0.523426,0.999099,181.7,0.001000
34200,0.494558,0.999910,0.503395,0.999820,182.2,0.001000
34300,0.527739,0.999279,0.538871,0.999460,182.7,0.001000
34400,0.925609,0.922432,0.934049,0.919647,183.2,0.001000
34500,0.480371,1.000000,0.490043,1.000000,183.8,0.001000
34600,0.511884,0.999820,0.521959,0.999730,184.3,0.001000
34700,0.598836,0.999099,0.610440,0.999460,184.9,0.001000
34800,0.883029,0.842162,0.896456,0.831457,185.4,0.001000
34900,0.525552,0.995946,0.533526,0.995316,185.9,0.001000
35000,0.573084,0.970631,0.583630,0.967300,186.4,0.001000
35100,0.567779,0.994505,0.575817,0.993154,187.0,0.001000
35200,0.517552,0.995586,0.528381,0.996307,187.5,0.001000
35300,0.472721,0.999369,0.481868,0.999550,188.0,0.001000
35400,0.526122,0.999189,0.536508,0.999009,188.6,0.001000
35500,0.497381,0.998919,0.505984,0.999099,189.1,0.001000
35600,0.473478,1.000000,0.482287,1.000000,189.6,0.001000
35700,0.462539,1.000000,0.471501,1.000000,190.2,0.001000
35800,0.977507,0.794324,0.992189,0.784794,190.7,0.001000
35900,0.457524,1.000000,0.466396,0.999910,191.2,0.001000
36000,0.534265,0.997207,0.544367,0.996126,191.8,0.001000
36100,0.615985,0.982703,0.627531,0.980182,192.3,0.001000
36200,0.932260,0.922973,0.944290,0.923430,192.8,0.001000
36300,0.473370,1.000000,0.481831,1.000000,193.3,0.001000
36400,0.510472,1.000000,0.519754,1.000000,193.9,0.001000
36500,0.528870,1.000000,0.538707,1.000000,194.4,0.001000
36600,0.489036,1.000000,0.498972,1.000000,194.9,0.001000
36700,0.496670,0.999910,0.505480,0.999910,195.5,0.001000
36800,0.477066,0.999820,0.485967,0.999640,196.0,0.001000
36900,0.717292,0.976306,0.730576,0.973696,196.5,0.001000
37000,2.479748,0.292613,2.486755,0.294478,197.1,0.001000
37100,0.471619,1.000000,0.480908,1.000000,197.6,0.001000
37200,0.546315,0.998649,0.557752,0.998919,198.1,0.001000
37300,0.473519,1.000000,0.483679,1.000000,198.6,0.001000
37400,0.583157,0.965856,0.594626,0.961085,199.2,0.001000
37500,0.583594,0.986036,0.596620,0.983425,199.7,0.001000
37600,0.980077,0.883063,0.990152,0.879380,200.2,0.001000
37700,0.453664,1.000000,0.462806,1.000000,200.7,0.001000
37800,0.501707,0.998649,0.512521,0.997027,201.3,0.001000
37900,0.724473,0.963784,0.737736,0.959823,201.8,0.001000
38000,0.999214,0.701712,1.015350,0.690208,202.3,0.001000
38100,0.572302,0.998829,0.584127,0.996937,202.9,0.001000
38200,0.588549,0.996036,0.601730,0.995586,203.4,0.001000
38300,0.521028,0.997838,0.533196,0.995856,203.9,0.001000
38400,1.998623,0.478198,2.016231,0.468877,204.5,0.001000
38500,0.649659,0.995856,0.662487,0.994505,205.0,0.001000
38600,0.488310,1.000000,0.498366,1.000000,205.5,0.001000
38700,0.501927,0.999730,0.511474,0.999009,206.0,0.001000
38800,0.594976,0.994505,0.609393,0.992163,206.5,0.001000
38900,0.869069,0.928378,0.885367,0.927574,207.0,0.001000
39000,0.468085,1.000000,0.475944,1.000000,207.6,0.001000
39100,0.842374,0.866757,0.852413,0.863075,208.1,0.001000
39200,0.468488,1.000000,0.477325,1.000000,208.6,0.001000
39300,0.483989,0.999640,0.493780,0.999550,209.2,0.001000
39400,0.616800,0.998378,0.629098,0.998198,209.7,0.001000
39500,0.520175,1.000000,0.529818,1.000000,210.2,0.001000
39600,0.534681,1.000000,0.542932,0.999910,210.7,0.001000
39700,0.607838,0.998649,0.622276,0.997298,211.3,0.001000
39800,0.728310,0.984595,0.745344,0.981803,211.8,0.001000
39900,0.517235,0.999730,0.527924,0.999910,212.3,0.001000
40000,0.908429,0.952703,0.929391,0.946852,212.8,0.001000
40100,0.565511,0.999910,0.577124,0.999730,213.3,0.001000
40200,0.520932,0.999730,0.530685,0.998829,213.9,0.001000
40300,0.629525,0.980360,0.640312,0.974777,214.4,0.001000
40400,1.075180,0.840450,1.090319,0.836771,214.9,0.001000
40500,0.478509,1.000000,0.487990,1.000000,215.5,0.001000
40600,0.588991,0.996847,0.600690,0.996036,216.0,0.001000
40700,0.745911,0.907117,0.756063,0.902982,216.5,0.001000
40800,0.926370,0.773514,0.936341,0.766598,217.1,0.001000
40900,0.912527,0.932613,0.924816,0.930457,217.6,0.001000
41000,0.591791,0.999640,0.606605,0.999460,218.1,0.001000
41100,0.507801,1.000000,0.518280,0.999820,218.7,0.001000
41200,0.682144,0.930901,0.689453,0.929105,219.2,0.001000
41300,0.585903,0.994054,0.597322,0.993604,219.7,0.001000
41400,0.530392,0.999369,0.539720,0.999369,220.3,0.001000
41500,1.457356,0.764595,1.481570,0.764165,220.8,0.001000
41600,1.417626,0.676847,1.454166,0.663003,221.3,0.001000
41700,0.803427,0.974865,0.815978,0.973966,221.8,0.001000
41800,0.489571,0.999820,0.498192,0.999910,222.4,0.001000
41900,0.482542,1.000000,0.492211,1.000000,222.9,0.001000
42000,1.143754,0.877117,1.158178,0.876588,223.4,0.001000
42100,0.547628,0.999820,0.559248,0.999640,224.0,0.001000
42200,0.502119,0.999910,0.513660,1.000000,224.5,0.001000
42300,0.904853,0.809550,0.924823,0.796865,225.0,0.001000
42400,0.732916,0.949730,0.742990,0.948383,225.5,0.001000
42500,0.591227,0.997838,0.604570,0.997388,226.1,0.001000
42600,0.677267,0.997297,0.692130,0.995766,226.6,0.001000
42700,0.526740,1.000000,0.537392,0.999820,227.1,0.001000
42800,0.475141,1.000000,0.484505,1.000000,227.6,0.001000
42900,0.561328,0.986937,0.570035,0.986578,228.1,0.001000
43000,0.712876,0.991441,0.732229,0.988560,228.7,0.001000
43100,0.584150,0.984054,0.593883,0.982344,229.2,0.001000
43200,0.510897,0.999550,0.517539,0.999460,229.7,0.001000
43300,0.464921,1.000000,0.472810,1.000000,230.3,0.001000
43400,0.533711,0.999099,0.541965,0.998919,230.8,0.001000
43500,0.624106,0.990451,0.636242,0.989731,231.3,0.001000
43600,0.637448,0.980180,0.649510,0.979281,231.8,0.001000
43700,0.865789,0.963784,0.881696,0.962256,232.4,0.001000
43800,0.495738,0.999910,0.503089,1.000000,232.9,0.001000
43900,0.719909,0.894685,0.733976,0.887938,233.4,0.001000
44000,0.568659,0.999189,0.579536,0.998829,233.9,0.001000
44100,0.464526,1.000000,0.472940,1.000000,234.5,0.001000
44200,0.494054,0.999910,0.503978,0.999189,235.0,0.001000
44300,0.986915,0.963153,1.004516,0.961805,235.5,0.001000
44400,0.600048,0.998378,0.610801,0.997478,236.0,0.001000
44500,0.598375,0.992072,0.608246,0.992884,236.6,0.001000
44600,0.538896,1.000000,0.547262,1.000000,237.1,0.001000
44700,0.506468,1.000000,0.515441,1.000000,237.6,0.001000
44800,0.743792,0.982793,0.758151,0.976579,238.2,0.001000
44900,0.611387,0.986667,0.623361,0.983695,238.7,0.001000
45000,0.663435,0.978829,0.674073,0.978741,239.2,0.001000
45100,1.174000,0.766306,1.186202,0.761283,239.8,0.001000
45200,0.498809,0.999820,0.507889,1.000000,240.3,0.001000
45300,0.520427,0.999099,0.529616,0.998739,240.8,0.001000
45400,0.746021,0.974775,0.761968,0.972255,241.3,0.001000
45500,0.485050,1.000000,0.493900,1.000000,241.9,0.001000
45600,0.478255,1.000000,0.485424,1.000000,242.4,0.001000
45700,0.673335,0.998559,0.682977,0.999099,242.9,0.001000
45800,1.139179,0.866036,1.146130,0.862445,243.4,0.001000
45900,1.766109,0.545225,1.795496,0.524097,244.0,0.001000
46000,0.508969,1.000000,0.517251,1.000000,244.5,0.001000
46100,0.505985,1.000000,0.514921,1.000000,245.0,0.001000
46200,0.482824,1.000000,0.490995,1.000000,245.5,0.001000
46300,0.572769,0.998919,0.585904,0.998198,246.1,0.001000
46400,0.682722,0.968649,0.694344,0.966580,246.6,0.001000
46500,0.791550,0.881081,0.813776,0.873435,247.1,0.001000
46600,0.873030,0.886667,0.882924,0.881452,247.7,0.001000
46700,1.246502,0.732883,1.257021,0.732096,248.2,0.001000
46800,0.901049,0.814595,0.911939,0.809567,248.7,0.001000
46900,0.588104,0.997838,0.596531,0.996847,249.3,0.001000
47000,0.710945,0.994234,0.723377,0.990181,249.8,0.001000
47100,0.536481,0.994865,0.545885,0.992613,250.3,0.001000
47200,0.887753,0.884054,0.899367,0.886857,250.9,0.001000
47300,0.465770,1.000000,0.474115,1.000000,251.4,0.001000
47400,0.749456,0.875676,0.756454,0.874606,251.9,0.001000
47500,0.570260,0.998829,0.583187,0.999009,252.4,0.001000
47600,0.597883,0.980000,0.609986,0.981353,252.9,0.001000
47700,0.539240,0.999009,0.549845,0.999279,253.5,0.001000
47800,0.619134,0.997117,0.630485,0.998288,254.0,0.001000
47900,0.962309,0.955946,0.973665,0.957301,254.5,0.001000
48000,0.524666,0.999820,0.535164,0.999369,255.0,0.001000
48100,0.587076,0.998649,0.596840,0.999189,255.6,0.001000
48200,2.182150,0.455676,2.186645,0.459328,256.1,0.001000
48300,0.498503,1.000000,0.508689,1.000000,256.6,0.001000
48400,0.570301,0.999820,0.580023,0.999640,257.2,0.001000
48500,0.590101,0.998829,0.599910,0.998559,257.7,0.001000
48600,0.575281,0.998649,0.585600,0.998198,258.2,0.001000
48700,0.695219,0.998108,0.711732,0.997027,258.8,0.001000
48800,0.521221,1.000000,0.530345,0.999910,259.3,0.001000
48900,0.655617,0.978288,0.667221,0.975227,259.8,0.001000
49000,0.608066,0.995495,0.617698,0.994685,260.3,0.001000
49100,0.519130,0.999279,0.530465,0.998739,260.9,0.001000
49200,0.869117,0.948198,0.884974,0.943158,261.4,0.001000
49300,0.474213,1.000000,0.482812,1.000000,261.9,0.001000
49400,0.493354,1.000000,0.504655,1.000000,262.4,0.001000
49500,0.474754,1.000000,0.483691,1.000000,263.0,0.001000
49600,0.645242,0.993423,0.654830,0.992523,263.5,0.001000
49700,0.500244,1.000000,0.508913,1.000000,264.0,0.001000
49800,0.489837,1.000000,0.499562,1.000000,264.5,0.001000
49900,0.658592,0.997748,0.671198,0.997027,265.1,0.001000
50000,0.526224,0.999910,0.537195,1.000000,265.6,0.001000
50100,0.564669,0.999640,0.575249,0.999460,266.1,0.001000
50200,0.925139,0.952793,0.944919,0.950725,266.6,0.001000
50300,0.677702,0.986847,0.688593,0.985227,267.2,0.001000
50400,0.763267,0.988378,0.776361,0.987388,267.7,0.001000
50500,0.482394,1.000000,0.491628,0.999910,268.2,0.001000
50600,0.477462,1.000000,0.486385,1.000000,268.8,0.001000
50700,0.521387,1.000000,0.531419,1.000000,269.3,0.001000
50800,0.526528,1.000000,0.536228,0.999910,269.8,0.001000
50900,0.474942,1.000000,0.482783,1.000000,270.3,0.001000
51000,0.510671,1.000000,0.520201,1.000000,270.9,0.001000
51100,0.845406,0.892883,0.864339,0.885596,271.4,0.001000
51200,0.600490,0.993333,0.611026,0.991983,271.9,0.001000
51300,0.463737,1.000000,0.472469,1.000000,272.5,0.001000
51400,0.529828,0.999820,0.539681,0.999910,273.0,0.001000
51500,0.656552,0.998018,0.667559,0.997748,273.5,0.001000
51600,0.538578,1.000000,0.550077,1.000000,274.0,0.001000
51700,0.591326,0.999820,0.603733,0.999009,274.6,0.001000
51800,0.945523,0.904054,0.962768,0.898297,275.1,0.001000
51900,0.620480,0.997658,0.632394,0.997478,275.7,0.001000
52000,0.502137,1.000000,0.511814,0.999910,276.2,0.001000
52100,0.508488,1.000000,0.519183,0.999910,276.7,0.001000
52200,0.498334,0.999820,0.506811,0.999910,277.3,0.001000
52300,0.570702,0.995946,0.580484,0.994145,277.8,0.001000
52400,0.775685,0.938559,0.788627,0.938834,278.3,0.001000
52500,0.967325,0.918468,0.981142,0.917305,278.9,0.001000
52600,0.486851,0.999910,0.496822,0.999910,279.4,0.001000
52700,0.600130,0.999550,0.612232,0.999189,279.9,0.001000
52800,0.655973,0.994595,0.671667,0.991803,280.4,0.001000
52900,0.596023,0.998559,0.608268,0.998559,281.0,0.001000
53000,1.310004,0.768108,1.332250,0.759932,281.5,0.001000
53100,0.548042,0.999910,0.558853,0.999820,282.0,0.001000
53200,0.810007,0.965496,0.824310,0.964418,282.5,0.001000
53300,0.773322,0.976216,0.792908,0.969642,283.1,0.001000
53400,0.474945,1.000000,0.483548,1.000000,283.6,0.001000
53500,0.965188,0.933964,0.984705,0.931538,284.1,0.001000
53600,0.517466,0.999730,0.527457,0.999820,284.7,0.001000
53700,0.608135,0.997748,0.622005,0.997207,285.2,0.001000
53800,0.505691,0.999730,0.516249,0.999910,285.7,0.001000
53900,0.493619,0.999910,0.503633,0.999640,286.2,0.001000
54000,0.468253,1.000000,0.477208,1.000000,286.8,0.001000
54100,0.555259,0.999550,0.566092,0.999550,287.3,0.001000
54200,0.933667,0.879369,0.942083,0.878479,287.8,0.001000
54300,0.480608,1.000000,0.489233,1.000000,288.3,0.001000
54400,0.564051,0.999009,0.574350,0.999189,288.9,0.001000
54500,0.545287,0.998559,0.556350,0.997207,289.4,0.001000
54600,0.497592,0.999910,0.505704,0.999730,289.9,0.001000
54700,0.482535,0.999730,0.490912,0.999640,290.5,0.001000
54800,0.478376,1.000000,0.488803,1.000000,291.0,0.001000
54900,0.759958,0.914685,0.764658,0.916224,291.5,0.001000
55000,0.698803,0.970541,0.713963,0.965228,292.0,0.001000
55100,0.854852,0.949730,0.866435,0.944419,292.6,0.001000
55200,0.574288,0.999640,0.587312,0.999369,293.1,0.001000
55300,1.081143,0.885225,1.102060,0.880731,293.6,0.001000
55400,0.875946,0.966757,0.895754,0.961805,294.2,0.001000
55500,0.627310,0.999640,0.639957,0.999460,294.7,0.001000
55600,0.530665,0.998469,0.538408,0.997298,295.2,0.001000
55700,0.682387,0.990541,0.696836,0.986668,295.7,0.001000
55800,1.005027,0.883784,1.014739,0.881362,296.3,0.001000
55900,0.509214,1.000000,0.518062,1.000000,296.8,0.001000
56000,0.571950,0.999820,0.583924,0.999910,297.3,0.001000
56100,0.577796,0.984595,0.588599,0.981893,297.8,0.001000
56200,0.721217,0.963784,0.738118,0.956941,298.4,0.001000
56300,0.479787,1.000000,0.490095,1.000000,298.9,0.001000
56400,0.486477,1.000000,0.494941,1.000000,299.4,0.001000
56500,0.507199,1.000000,0.516183,1.000000,300.0,0.001000
56600,0.545855,0.998378,0.553162,0.998198,300.5,0.001000
56700,0.958801,0.918198,0.975481,0.915413,301.1,0.001000
56800,0.821423,0.948739,0.832461,0.945230,301.7,0.001000
56900,0.656048,0.996126,0.664064,0.996397,302.3,0.001000
57000,0.655409,0.985766,0.667789,0.981984,302.8,0.001000
57100,0.529253,0.998469,0.540982,0.998649,303.4,0.001000
57200,0.504266,1.000000,0.513959,1.000000,304.0,0.001000
57300,0.581508,0.993153,0.591596,0.993154,304.5,0.001000
57400,0.672428,0.993333,0.687034,0.992343,305.1,0.001000
57500,0.567532,0.986396,0.575381,0.984956,305.6,0.001000
57600,0.463183,1.000000,0.471265,1.000000,306.1,0.001000
57700,0.807234,0.853964,0.813623,0.854788,306.7,0.001000
57800,0.620559,0.986577,0.633338,0.986848,307.2,0.001000
57900,0.692274,0.995946,0.707474,0.994235,307.7,0.001000
58000,0.485852,1.000000,0.495182,1.000000,308.2,0.001000
58100,0.617947,0.999730,0.629184,0.999640,308.8,0.001000
58200,0.486030,1.000000,0.494713,1.000000,309.3,0.001000
58300,0.547510,0.999910,0.559364,0.999820,309.8,0.001000
58400,0.524319,1.000000,0.533023,1.000000,310.4,0.001000
58500,1.216063,0.826847,1.231313,0.821548,310.9,0.001000
58600,0.489592,0.999910,0.497328,0.999910,311.4,0.001000
58700,0.526848,1.000000,0.536133,1.000000,312.0,0.001000
58800,0.501245,1.000000,0.512265,1.000000,312.5,0.001000
58900,0.525457,0.999910,0.534910,0.999910,313.0,0.001000
59000,0.492965,1.000000,0.502514,1.000000,313.5,0.001000
59100,0.513321,1.000000,0.521549,1.000000,314.1,0.001000
59200,0.855290,0.963333,0.873672,0.958202,314.6,0.001000
59300,0.527427,0.999460,0.537963,0.999460,315.2,0.001000
59400,0.643845,0.997387,0.658300,0.997027,315.7,0.001000
59500,1.062630,0.782072,1.083124,0.778488,316.2,0.001000
59600,0.567755,0.997748,0.577080,0.998018,316.8,0.001000
59700,0.472144,1.000000,0.481569,1.000000,317.3,0.001000
59800,0.511481,0.998198,0.520590,0.998649,317.8,0.001000
59900,0.477071,1.000000,0.487261,1.000000,318.4,0.001000
60000,0.680620,0.940450,0.688898,0.940726,318.9,0.001000
60100,0.742858,0.973874,0.752462,0.976308,319.4,0.001000
60200,0.594138,0.999730,0.602801,0.999640,319.9,0.001000
60300,0.514370,0.999550,0.521319,0.999910,320.5,0.001000
60400,0.483619,1.000000,0.493956,1.000000,321.0,0.001000
60500,0.699898,0.972342,0.712131,0.968291,321.5,0.001000
60600,0.473141,1.000000,0.481101,1.000000,322.0,0.001000
60700,0.463352,1.000000,0.471380,1.000000,322.6,0.001000
60800,0.506702,0.999550,0.516909,0.999099,323.1,0.001000
60900,1.163365,0.852973,1.183354,0.843708,323.7,0.001000
61000,1.479518,0.704955,1.483640,0.704621,324.2,0.001000
61100,1.187834,0.776847,1.208751,0.770111,324.7,0.001000
61200,0.575027,0.992613,0.586299,0.989821,325.2,0.001000
61300,0.631593,0.999279,0.645448,0.999189,325.8,0.001000
61400,0.490822,0.999910,0.498633,1.000000,326.3,0.001000
61500,0.490003,1.000000,0.500008,1.000000,326.8,0.001000
61600,0.485257,1.000000,0.493303,1.000000,327.4,0.001000
61700,0.498319,1.000000,0.508097,1.000000,327.9,0.001000
61800,0.569782,0.999189,0.579327,0.999189,328.4,0.001000
61900,0.595396,0.999369,0.608478,0.999189,328.9,0.001000
62000,0.521033,1.000000,0.530959,1.000000,329.5,0.001000
62100,0.682329,0.980901,0.691913,0.974957,330.0,0.001000
62200,1.054420,0.698469,1.071276,0.691109,330.5,0.001000
62300,1.008680,0.839099,1.024960,0.832448,331.1,0.001000
62400,0.594918,0.990000,0.606346,0.988289,331.6,0.001000
62500,0.475737,1.000000,0.485533,1.000000,332.1,0.001000
62600,0.488397,1.000000,0.497889,1.000000,332.7,0.001000
62700,0.612725,0.996396,0.624429,0.995766,333.2,0.001000
62800,0.593418,0.996757,0.602680,0.997027,333.7,0.001000
62900,0.730979,0.993964,0.743199,0.995496,334.2,0.001000
63000,0.502992,1.000000,0.512651,1.000000,334.8,0.001000
63100,0.679098,0.976847,0.688346,0.976669,335.3,0.001000
63200,0.742038,0.988559,0.755250,0.987028,335.8,0.001000
63300,0.787300,0.931892,0.801678,0.924331,336.3,0.001000
63400,0.570261,0.999640,0.582093,0.999460,336.9,0.001000
63500,0.539007,0.999640,0.547738,0.999369,337.4,0.001000
63600,0.498691,0.999820,0.508717,0.999550,337.9,0.001000
63700,0.514215,0.999369,0.524547,0.999189,338.5,0.001000
63800,0.698294,0.974054,0.709447,0.972345,339.0,0.001000
63900,0.532261,0.999910,0.543680,0.999910,339.5,0.001000
64000,0.606546,0.978288,0.618424,0.977840,340.0,0.001000
64100,0.742024,0.981351,0.757968,0.976308,340.5,0.001000
64200,1.014572,0.887838,1.023061,0.885145,341.1,0.001000
64300,1.894628,0.463063,1.919880,0.458878,341.6,0.001000
64400,0.534316,0.993514,0.542221,0.993964,342.1,0.001000
64500,0.528394,0.999820,0.539277,1.000000,342.6,0.001000
64600,0.585271,0.995135,0.595396,0.995316,343.2,0.001000
64700,0.587135,0.998559,0.599331,0.998559,343.7,0.001000
64800,0.580573,0.999189,0.591865,0.998379,344.2,0.001000
64900,0.549999,0.999460,0.560067,0.999730,344.8,0.001000
65000,0.493276,1.000000,0.501688,1.000000,345.3,0.001000
65100,0.565135,0.999820,0.576992,0.999550,345.8,0.001000
65200,0.631767,0.990360,0.640076,0.991172,346.4,0.001000
65300,0.478922,1.000000,0.487852,1.000000,346.9,0.001000
65400,0.496952,0.999730,0.506666,0.999550,347.4,0.001000
65500,0.456562,1.000000,0.465525,1.000000,347.9,0.001000
65600,0.489420,1.000000,0.499777,1.000000,348.4,0.001000
65700,1.050848,0.742072,1.057035,0.745969,349.0,0.001000
65800,0.577422,0.999189,0.588542,0.998919,349.5,0.001000
65900,0.787987,0.975496,0.805613,0.972975,350.0,0.001000
66000,0.554661,0.998378,0.563431,0.999189,350.5,0.001000
66100,0.503896,1.000000,0.512511,1.000000,351.1,0.001000
66200,0.634711,0.999369,0.649445,0.998379,351.6,0.001000
66300,0.570518,0.997117,0.581915,0.996577,352.1,0.001000
66400,0.863171,0.972523,0.878778,0.970904,352.6,0.001000
66500,1.107979,0.822342,1.122566,0.814791,353.1,0.001000
66600,0.581160,0.995045,0.592594,0.994055,353.7,0.001000
66700,0.600339,0.986396,0.611285,0.986668,354.2,0.001000
66800,0.482046,0.999910,0.491926,0.999910,354.8,0.001000
66900,0.497943,0.999730,0.507416,0.999460,355.4,0.001000
67000,0.982510,0.944414,0.992686,0.940456,355.9,0.001000
67100,0.477710,1.000000,0.486199,1.000000,356.4,0.001000
67200,0.498272,0.999460,0.509387,0.999460,356.9,0.001000
67300,0.515591,0.999910,0.525340,0.999369,357.5,0.001000
67400,0.476783,1.000000,0.485534,1.000000,358.0,0.001000
67500,0.474463,1.000000,0.484569,1.000000,358.5,0.001000
67600,0.513363,0.999820,0.522894,0.999730,359.1,0.001000
67700,1.228543,0.922793,1.253545,0.912260,359.6,0.001000
67800,0.493958,1.000000,0.503845,1.000000,360.2,0.001000
67900,0.816911,0.966577,0.829969,0.961085,360.7,0.001000
68000,1.423419,0.642883,1.451877,0.629313,361.2,0.001000
68100,0.860241,0.960991,0.876618,0.956400,361.7,0.001000
68200,0.531827,0.999640,0.542751,0.999460,362.3,0.001000
68300,0.583284,0.994144,0.595045,0.994325,362.8,0.001000
68400,1.379368,0.750180,1.392743,0.744888,363.4,0.001000
68500,0.523727,1.000000,0.535204,0.999910,363.9,0.001000
68600,0.539829,0.999550,0.549729,0.999009,364.4,0.001000
68700,0.494156,1.000000,0.504512,1.000000,364.9,0.001000
68800,1.131980,0.856126,1.145700,0.855869,365.5,0.001000
68900,0.704813,0.941712,0.717153,0.936402,366.0,0.001000
69000,0.484942,1.000000,0.494577,1.000000,366.6,0.001000
69100,0.503283,1.000000,0.512555,1.000000,367.1,0.001000
69200,0.476104,1.000000,0.484858,1.000000,367.6,0.001000
69300,0.496302,0.999910,0.506107,0.999910,368.1,0.001000
69400,0.498221,0.999730,0.508795,0.999640,368.7,0.001000
69500,0.986570,0.901081,1.002820,0.895415,369.2,0.001000
69600,0.502441,1.000000,0.510970,1.000000,369.7,0.001000
69700,0.518530,1.000000,0.529105,0.999820,370.2,0.001000
69800,0.492824,1.000000,0.502934,1.000000,370.8,0.001000
69900,0.630031,0.999189,0.642012,0.999189,371.3,0.001000
70000,1.066496,0.768468,1.080991,0.763805,371.8,0.001000
70100,0.708005,0.985586,0.720723,0.982704,372.3,0.001000
70200,0.507875,0.999910,0.516950,1.000000,372.8,0.001000
70300,0.470320,1.000000,0.479455,1.000000,373.4,0.001000
70400,0.488030,1.000000,0.496633,1.000000,373.9,0.001000
70500,0.597280,0.997658,0.609175,0.998649,374.4,0.001000
70600,0.682258,0.981892,0.693928,0.982164,375.0,0.001000
70700,0.960974,0.751081,0.966001,0.752635,375.5,0.001000
70800,0.545199,0.999009,0.556297,0.999099,376.0,0.001000
70900,0.524440,0.998919,0.533573,0.998649,376.6,0.001000
71000,0.596430,0.982523,0.605268,0.980632,377.1,0.001000
71100,0.475643,1.000000,0.484392,1.000000,377.6,0.001000
71200,0.488726,1.000000,0.497944,1.000000,378.2,0.001000
71300,0.604791,0.997658,0.615932,0.997027,378.7,0.001000
71400,0.509229,0.999910,0.519419,0.999910,379.2,0.001000
71500,0.527369,0.999730,0.537458,0.999820,379.7,0.001000
71600,0.493044,1.000000,0.501463,1.000000,380.3,0.001000
71700,0.487467,1.000000,0.497674,0.999910,380.8,0.001000
71800,0.880269,0.827568,0.888767,0.827223,381.3,0.001000
71900,0.750613,0.994414,0.760568,0.992793,381.9,0.001000
72000,0.495697,1.000000,0.506385,1.000000,382.4,0.001000
72100,0.769374,0.973333,0.783267,0.973516,382.9,0.001000
72200,0.510196,1.000000,0.521475,1.000000,383.5,0.001000
72300,0.564833,0.999820,0.577223,0.999279,384.0,0.001000
72400,0.698527,0.998198,0.710832,0.998198,384.5,0.001000
72500,0.600894,0.999550,0.611764,0.999279,385.0,0.001000
72600,1.255490,0.796577,1.277335,0.785875,385.6,0.001000
72700,2.185654,0.407928,2.208752,0.405729,386.1,0.001000
72800,1.300629,0.781892,1.322392,0.772633,386.6,0.001000
72900,0.966000,0.739459,0.977661,0.732006,387.1,0.001000
73000,0.584857,0.990451,0.595630,0.989370,387.6,0.001000
73100,0.513880,1.000000,0.523284,0.999910,388.1,0.001000
73200,0.654911,0.998018,0.666727,0.996577,388.7,0.001000
73300,0.777168,0.926937,0.786139,0.930547,389.2,0.001000
73400,0.539875,0.999279,0.549968,0.998379,389.7,0.001000
73500,0.561640,0.997297,0.572728,0.996847,390.2,0.001000
73600,0.609942,0.982252,0.622738,0.983695,390.7,0.001000
73700,0.651225,0.955315,0.662980,0.954509,391.3,0.001000
73800,0.477575,1.000000,0.487347,1.000000,391.8,0.001000
73900,0.727868,0.987748,0.741545,0.987839,392.3,0.001000
74000,0.484477,1.000000,0.493948,1.000000,392.8,0.001000
74100,0.900932,0.889730,0.917545,0.882083,393.4,0.001000
74200,0.516502,0.999009,0.525540,0.998379,393.9,0.001000
74300,0.560264,0.999009,0.569819,0.998919,394.5,0.001000
74400,1.063793,0.949369,1.083277,0.939375,395.0,0.001000
74500,1.309783,0.781622,1.327425,0.774345,395.5,0.001000
74600,0.505738,1.000000,0.513785,1.000000,396.0,0.001000
74700,0.532861,0.999640,0.541494,0.999550,396.5,0.001000
74800,0.541857,0.999910,0.550458,0.999820,397.1,0.001000
74900,0.549890,0.999009,0.560405,0.997658,397.6,0.001000
75000,0.557129,0.999009,0.569078,0.999009,398.1,0.001000
75100,0.563943,1.000000,0.574258,1.000000,398.7,0.001000
75200,0.505636,1.000000,0.516229,1.000000,399.2,0.001000
75300,0.469641,1.000000,0.478379,1.000000,399.7,0.001000
75400,0.494396,1.000000,0.503013,1.000000,400.2,0.001000
75500,0.623272,0.991892,0.635080,0.988289,400.8,0.001000
75600,0.588883,0.996847,0.604662,0.996126,401.3,0.001000
75700,0.698929,0.980811,0.714300,0.977570,401.8,0.001000
75800,0.519202,1.000000,0.528065,1.000000,402.3,0.001000
75900,0.488708,1.000000,0.497637,1.000000,402.8,0.001000
76000,0.478573,1.000000,0.487189,1.000000,403.4,0.001000
76100,0.512225,1.000000,0.520733,1.000000,403.9,0.001000
76200,0.591738,0.999189,0.602161,0.999369,404.4,0.001000
76300,0.527325,0.999910,0.540203,0.999460,404.9,0.001000
76400,0.743221,0.954505,0.754383,0.955229,405.5,0.001000
76500,0.846528,0.957027,0.862642,0.957301,406.0,0.001000
76600,0.593631,0.989550,0.603228,0.989550,406.5,0.001000
76700,0.490650,1.000000,0.499211,1.000000,407.1,0.001000
76800,0.513412,0.999910,0.523104,0.999910,407.6,0.001000
76900,0.667859,0.993964,0.679071,0.994055,408.1,0.001000
77000,0.692391,0.931171,0.707916,0.926403,408.7,0.001000
77100,0.937021,0.885135,0.958708,0.872894,409.2,0.001000
77200,0.795439,0.917207,0.802832,0.918206,409.7,0.001000
77300,0.498862,1.000000,0.508539,1.000000,410.3,0.001000
77400,0.515697,1.000000,0.524772,1.000000,410.8,0.001000
77500,1.670390,0.611892,1.673161,0.613458,411.3,0.001000
77600,0.959954,0.898649,0.977192,0.891721,411.9,0.001000
77700,0.919397,0.908739,0.928436,0.905414,412.4,0.001000
77800,0.484297,1.000000,0.494323,0.999910,412.9,0.001000
77900,0.599003,1.000000,0.611811,1.000000,413.4,0.001000
78000,0.796422,0.954685,0.810287,0.951806,414.0,0.001000
78100,0.559959,0.997838,0.572727,0.998559,414.6,0.001000
78200,0.534401,0.999009,0.546033,0.998469,415.1,0.001000
78300,0.529989,0.999910,0.540857,0.999820,415.6,0.001000
78400,0.523892,1.000000,0.533907,0.999910,416.1,0.001000
78500,0.577944,0.996667,0.588413,0.996577,416.7,0.001000
78600,0.537256,0.999460,0.546281,0.999730,417.2,0.001000
78700,0.573929,0.999369,0.585450,0.999640,417.7,0.001000
78800,0.842838,0.920541,0.854832,0.921178,418.2,0.001000
78900,0.681709,0.949910,0.693490,0.948293,418.7,0.001000
79000,0.579426,0.998469,0.591996,0.997838,419.3,0.001000
79100,0.758788,0.983964,0.770076,0.982164,419.8,0.001000
79200,0.466789,1.000000,0.475341,1.000000,420.3,0.001000
79300,0.486989,1.000000,0.495848,1.000000,420.9,0.001000
79400,0.501959,1.000000,0.511305,1.000000,421.4,0.001000
79500,0.537061,0.999820,0.548719,0.999550,421.9,0.001000
79600,1.052644,0.870270,1.067442,0.864697,422.4,0.001000
79700,1.369509,0.724144,1.391049,0.710296,422.9,0.001000
79800,0.942450,0.897387,0.959880,0.889289,423.4,0.001000
79900,0.722364,0.988829,0.734022,0.989731,424.0,0.001000
80000,0.550269,0.996036,0.561249,0.995045,424.5,0.001000
80100,0.547026,0.995946,0.555175,0.996487,425.0,0.001000
80200,0.459123,1.000000,0.466889,1.000000,425.5,0.001000
80300,1.136660,0.882523,1.151106,0.872084,426.1,0.001000
80400,0.717175,0.991441,0.731277,0.989100,426.6,0.001000
80500,0.787134,0.975225,0.802656,0.967570,427.1,0.001000
80600,0.835159,0.881081,0.838923,0.881722,427.7,0.001000
80700,1.015685,0.887568,1.045217,0.878479,428.2,0.001000
80800,0.493126,1.000000,0.502188,1.000000,428.7,0.001000
80900,0.505222,0.999910,0.514389,0.999910,429.2,0.001000
81000,0.500938,0.999640,0.512574,0.999279,429.8,0.001000
81100,0.577467,0.999369,0.587166,0.998739,430.3,0.001000
81200,0.643692,0.990901,0.657971,0.990271,430.8,0.001000
81300,0.668097,0.941081,0.676779,0.940005,431.4,0.001000
81400,0.487871,1.000000,0.497040,1.000000,431.9,0.001000
81500,0.503391,1.000000,0.511711,0.999910,432.4,0.001000
81600,1.680217,0.547477,1.692357,0.536618,432.9,0.001000
81700,0.616020,0.954955,0.621998,0.955139,433.5,0.001000
81800,0.499279,0.999820,0.511732,0.999550,434.0,0.001000
81900,0.556758,1.000000,0.567185,0.999910,434.5,0.001000
82000,0.642854,0.991351,0.656158,0.991712,435.0,0.001000
82100,0.539204,0.999910,0.547343,1.000000,435.6,0.001000
82200,0.502213,1.000000,0.510593,1.000000,436.1,0.001000
82300,0.486995,1.000000,0.497591,1.000000,436.6,0.001000
82400,0.537367,0.998108,0.547005,0.997298,437.1,0.001000
82500,0.568690,0.999369,0.579130,0.998559,437.7,0.001000
82600,0.491468,1.000000,0.502240,1.000000,438.2,0.001000
82700,0.596552,0.992432,0.608871,0.990001,438.7,0.001000
82800,0.608129,0.996847,0.619755,0.995946,439.2,0.001000
82900,0.647892,0.984505,0.658902,0.984416,439.7,0.001000
83000,1.017616,0.947297,1.038948,0.940726,440.3,0.001000
83100,0.537389,0.999640,0.549463,0.999730,440.8,0.001000
83200,0.694393,0.928829,0.711852,0.922710,441.3,0.001000
83300,1.063463,0.737928,1.078350,0.733087,441.9,0.001000
83400,0.557162,1.000000,0.565573,1.000000,442.4,0.001000
83500,0.496285,1.000000,0.506082,1.000000,442.9,0.001000
83600,0.487848,1.000000,0.497377,1.000000,443.4,0.001000
83700,0.579162,0.999009,0.588417,0.999640,444.0,0.001000
83800,1.431678,0.742252,1.441873,0.740384,444.5,0.001000
83900,0.579969,0.998919,0.591933,0.998559,445.0,0.001000
84000,0.490526,1.000000,0.500739,0.999910,445.5,0.001000
84100,0.594639,0.999099,0.608810,0.998829,446.1,0.001000
84200,0.494241,1.000000,0.503288,1.000000,446.6,0.001000
84300,0.527400,0.997478,0.534875,0.996667,447.2,0.001000
84400,1.778430,0.558018,1.803741,0.550671,447.7,0.001000
84500,0.526886,0.999279,0.538858,0.999279,448.2,0.001000
84600,0.519943,0.999910,0.529530,0.999910,448.7,0.001000
84700,0.489652,1.000000,0.497812,1.000000,449.3,0.001000
84800,1.883914,0.494775,1.894923,0.492208,449.8,0.001000
84900,1.876649,0.542072,1.880442,0.545717,450.3,0.001000
85000,2.284030,0.352523,2.313886,0.345104,450.9,0.001000
85100,0.588707,0.988559,0.603076,0.987298,451.4,0.001000
85200,0.636837,0.994865,0.649423,0.995586,451.9,0.001000
85300,0.576507,0.999279,0.588346,0.999369,452.4,0.001000
85400,2.496710,0.308919,2.504098,0.301504,453.0,0.001000
85500,0.549572,0.997928,0.558471,0.997207,453.5,0.001000
85600,0.480015,1.000000,0.488696,1.000000,454.0,0.001000
85700,0.550790,1.000000,0.561123,0.999550,454.6,0.001000
85800,0.550658,0.999910,0.561676,1.000000,455.1,0.001000
85900,0.771314,0.871622,0.787536,0.865237,455.6,0.001000
86000,0.558798,0.998559,0.568175,0.998469,456.1,0.001000
86100,0.648393,0.984775,0.663694,0.983335,456.7,0.001000
86200,0.869972,0.896396,0.881206,0.893523,457.2,0.001000
86300,0.579761,0.999820,0.591513,0.999640,457.7,0.001000
86400,0.497542,0.999820,0.509539,1.000000,458.3,0.001000
86500,0.583163,0.999009,0.594438,0.998649,458.8,0.001000
86600,0.801504,0.968288,0.809250,0.971354,459.3,0.001000
86700,1.045380,0.889910,1.068993,0.884335,459.8,0.001000
86800,0.588068,0.997568,0.599173,0.996757,460.3,0.001000
86900,0.510649,0.999910,0.520620,0.999910,460.9,0.001000
87000,0.799544,0.967117,0.818066,0.962616,461.4,0.001000
87100,0.659955,0.960270,0.665853,0.960454,461.9,0.001000
87200,0.523157,0.998829,0.531617,0.999279,462.4,0.001000
87300,0.464022,1.000000,0.473231,1.000000,462.9,0.001000
87400,0.642857,0.960991,0.652763,0.960274,463.5,0.001000
87500,0.500025,1.000000,0.508966,1.000000,464.0,0.001000
87600,0.517030,0.999910,0.527876,0.999910,464.5,0.001000
87700,0.961520,0.928198,0.980769,0.920818,465.0,0.001000
87800,0.851651,0.777297,0.861957,0.771822,465.5,0.001000
87900,0.487040,1.000000,0.496150,1.000000,466.1,0.001000
88000,0.527025,1.000000,0.537133,1.000000,466.6,0.001000
88100,0.553387,0.999730,0.566081,0.999910,467.1,0.001000
88200,0.570188,0.999910,0.580652,0.999820,467.6,0.001000
88300,0.525034,1.000000,0.534632,1.000000,468.2,0.001000
88400,0.512194,1.000000,0.521255,0.999820,468.7,0.001000
88500,0.554186,0.999460,0.562883,0.999279,469.3,0.001000
88600,0.570057,0.999550,0.583135,0.999820,469.8,0.001000
88700,0.699832,0.992432,0.713760,0.991532,470.3,0.001000
88800,0.542520,0.999910,0.552411,0.999730,470.8,0.001000
88900,0.514510,1.000000,0.524771,1.000000,471.4,0.001000
89000,0.573355,0.999550,0.585960,0.999279,471.9,0.001000
89100,0.681931,0.997387,0.699267,0.995226,472.4,0.001000
89200,0.718831,0.989009,0.727050,0.990091,472.9,0.001000
89300,0.613077,0.998469,0.623144,0.998739,473.5,0.001000
89400,1.237536,0.736486,1.253446,0.728313,474.0,0.001000
89500,0.853756,0.789189,0.863018,0.787587,474.5,0.001000
89600,0.544217,0.999730,0.555470,0.999730,475.1,0.001000
89700,0.477696,1.000000,0.487977,1.000000,475.6,0.001000
89800,0.510008,1.000000,0.520025,1.000000,476.1,0.001000
89900,0.503145,1.000000,0.513160,1.000000,476.6,0.001000
90000,0.661368,0.989459,0.675337,0.988920,477.2,0.001000
90100,0.563194,0.994685,0.571425,0.995766,477.7,0.001000
90200,0.549466,0.999820,0.557828,0.999640,478.2,0.001000
90300,0.569891,0.994324,0.578757,0.994325,478.8,0.001000
90400,0.523659,0.999550,0.533430,1.000000,479.3,0.001000
90500,0.588530,0.991351,0.597958,0.990631,479.8,0.001000
90600,0.590554,0.999460,0.602340,0.999009,480.3,0.001000
90700,0.491816,1.000000,0.501659,1.000000,480.8,0.001000
90800,0.513226,1.000000,0.523166,1.000000,481.4,0.001000
90900,0.625887,0.995676,0.636612,0.996126,481.9,0.001000
91000,0.589016,0.991532,0.600228,0.988830,482.4,0.001000
91100,0.515893,0.999550,0.524469,0.999009,482.9,0.001000
91200,0.584338,0.986667,0.596690,0.984956,483.5,0.001000
91300,0.559384,0.994775,0.567356,0.994595,484.0,0.001000
91400,0.608416,0.994865,0.623175,0.994505,484.5,0.001000
91500,0.919843,0.962883,0.942251,0.955229,485.1,0.001000
91600,0.973317,0.943784,0.991183,0.935862,485.6,0.001000
91700,0.577840,0.994414,0.588950,0.993334,486.1,0.001000
91800,0.683916,0.997658,0.703023,0.996487,486.6,0.001000
91900,1.462664,0.795496,1.492151,0.786235,487.2,0.001000
92000,0.597995,0.999460,0.606707,0.999369,487.7,0.001000
92100,0.513299,1.000000,0.523449,1.000000,488.2,0.001000
92200,0.584011,0.994865,0.595821,0.992613,488.8,0.001000
92300,0.506133,0.999820,0.515166,0.999730,489.3,0.001000
92400,0.797295,0.973333,0.816065,0.970994,489.8,0.001000
92500,0.592934,0.999009,0.604719,0.999189,490.3,0.001000
92600,0.511498,0.999550,0.522450,0.999369,490.8,0.001000
92700,0.656390,0.950360,0.664524,0.950545,491.4,0.001000
92800,0.818059,0.966577,0.835357,0.962166,491.9,0.001000
92900,0.466330,1.000000,0.475340,1.000000,492.4,0.001000
93000,0.905755,0.961982,0.925816,0.958742,492.9,0.001000
93100,0.711742,0.994595,0.732085,0.990812,493.5,0.001000
93200,0.485389,1.000000,0.493594,1.000000,494.0,0.001000
93300,0.646905,0.970811,0.659715,0.970813,494.5,0.001000
93400,1.015070,0.948018,1.031233,0.945861,495.0,0.001000
93500,0.580852,0.997478,0.593208,0.996126,495.6,0.001000
93600,0.757922,0.991982,0.771670,0.990451,496.1,0.001000
93700,0.526369,0.999910,0.535141,0.999640,496.6,0.001000
93800,1.028542,0.913333,1.049251,0.907216,497.2,0.001000
93900,1.800535,0.516667,1.822777,0.504369,497.7,0.001000
94000,0.829699,0.965856,0.841551,0.964778,498.2,0.001000
94100,0.645189,0.974955,0.657543,0.971624,498.7,0.001000
94200,0.520753,1.000000,0.530547,1.000000,499.3,0.001000
94300,0.556408,0.999730,0.567644,0.999279,499.8,0.001000
94400,0.607267,0.968739,0.614102,0.971444,500.3,0.001000
94500,0.483119,1.000000,0.492704,1.000000,500.8,0.001000
94600,1.042397,0.728378,1.056992,0.722097,501.3,0.001000
94700,0.972703,0.888559,0.989763,0.886587,501.9,0.001000
94800,0.600029,0.986667,0.611259,0.984506,502.4,0.001000
94900,0.596290,0.985496,0.609174,0.983065,502.9,0.001000
95000,0.527529,0.999099,0.539223,0.999189,503.5,0.001000
95100,0.581795,0.998649,0.592481,0.998288,504.0,0.001000
95200,0.563822,0.998469,0.575144,0.998018,504.5,0.001000
95300,0.548138,0.999730,0.559426,0.999730,505.1,0.001000
95400,0.494537,1.000000,0.504883,1.000000,505.6,0.001000
95500,0.877952,0.892793,0.894375,0.885506,506.1,0.001000
95600,0.518506,0.999279,0.526841,0.999640,506.6,0.001000
95700,0.502789,0.999910,0.513881,0.999910,507.1,0.001000
95800,0.643512,0.939099,0.652770,0.937393,507.7,0.001000
95900,0.617622,0.989820,0.631238,0.985497,508.2,0.001000
96000,0.713963,0.952252,0.723272,0.949734,508.7,0.001000
96100,0.654157,0.996306,0.668960,0.993784,509.2,0.001000
96200,0.491834,1.000000,0.501402,0.999910,509.8,0.001000
96300,0.665630,0.999279,0.680660,0.998288,510.3,0.001000
96400,0.959428,0.907568,0.974075,0.905054,510.8,0.001000
96500,0.914071,0.928919,0.928092,0.924782,511.3,0.001000
96600,0.578876,0.999820,0.590300,0.999820,511.9,0.001000
96700,0.610344,0.995405,0.622519,0.996397,512.4,0.001000
96800,0.734820,0.992883,0.748191,0.990271,512.9,0.001000
96900,0.640227,0.995586,0.652155,0.993694,513.5,0.001000
97000,0.830255,0.970450,0.845929,0.968922,514.0,0.001000
97100,0.493198,0.999910,0.501053,0.999820,514.5,0.001000
97200,0.508264,0.999730,0.519460,0.999369,515.0,0.001000
97300,0.571663,0.999189,0.584517,0.999009,515.6,0.001000
97400,0.670614,0.955586,0.684858,0.950275,516.1,0.001000
97500,0.847367,0.892883,0.861957,0.890731,516.7,0.001000
97600,0.770622,0.949550,0.782591,0.947122,517.2,0.001000
97700,0.496643,1.000000,0.504992,1.000000,517.7,0.001000
97800,0.611014,0.993694,0.624783,0.994595,518.2,0.001000
97900,0.667572,0.960991,0.686560,0.955049,518.8,0.001000
98000,0.806735,0.954595,0.821808,0.952076,519.3,0.001000
98100,0.519486,0.999460,0.531884,0.999009,519.8,0.001000
98200,0.807347,0.989279,0.823603,0.989821,520.4,0.001000
98300,0.592680,0.999640,0.603792,0.999820,520.9,0.001000
98400,0.664799,0.991261,0.678063,0.989641,521.5,0.001000
98500,0.775656,0.985496,0.796820,0.980002,522.0,0.001000
98600,0.682719,0.993243,0.697451,0.993424,522.5,0.001000
98700,2.182285,0.515766,2.212100,0.510765,523.0,0.001000
98800,1.039140,0.695315,1.047353,0.700027,523.6,0.001000
98900,0.521271,0.999910,0.532439,0.999910,524.1,0.001000
99000,1.171115,0.781351,1.195284,0.774615,524.6,0.001000
99100,0.476047,1.000000,0.484177,1.000000,525.2,0.001000
99200,0.547819,0.998739,0.558341,0.999189,525.7,0.001000
99300,0.482395,1.000000,0.492562,1.000000,526.2,0.001000
99400,0.492456,0.999730,0.502808,0.999730,526.8,0.001000
99500,0.501529,0.999730,0.509517,0.999640,527.3,0.001000
99600,0.697324,0.969009,0.711423,0.965949,527.8,0.001000
99700,0.609058,0.987477,0.621349,0.983335,528.4,0.001000
99800,0.738700,0.986577,0.752264,0.983515,528.9,0.001000
99900,1.174298,0.900631,1.194307,0.893883,529.4,0.001000
100000,0.578885,0.989640,0.590058,0.987118,529.9,0.001000
100100,0.524028,1.000000,0.533821,1.000000,530.5,0.001000
100200,0.491811,1.000000,0.501340,1.000000,531.0,0.001000
100300,0.523659,0.999460,0.532709,0.998739,531.5,0.001000
100400,0.512961,0.999640,0.523038,0.999369,532.0,0.001000
100500,0.505438,0.999820,0.515110,0.999369,532.6,0.001000
100600,0.494288,0.999460,0.504342,0.999550,533.1,0.001000
100700,0.465752,1.000000,0.475221,1.000000,533.6,0.001000
100800,0.495510,0.999910,0.505827,0.999730,534.2,0.001000
100900,0.515317,0.996036,0.525430,0.996397,534.8,0.001000
101000,0.509814,0.999730,0.519009,0.998379,535.3,0.001000
101100,0.473055,1.000000,0.482635,1.000000,535.8,0.001000
101200,0.683980,0.990451,0.699941,0.989100,536.4,0.001000
101300,1.146507,0.830811,1.160120,0.829745,537.0,0.001000
101400,0.471453,1.000000,0.480787,1.000000,537.5,0.001000
101500,1.125606,0.813874,1.138483,0.802901,538.0,0.001000
101600,0.511191,0.999820,0.520265,1.000000,538.6,0.001000
101700,0.489815,1.000000,0.499663,1.000000,539.1,0.001000
101800,0.491336,1.000000,0.498928,1.000000,539.6,0.001000
101900,0.978834,0.841982,0.993083,0.836681,540.1,0.001000
102000,0.950718,0.952523,0.978919,0.943248,540.7,0.001000
102100,0.618134,0.999189,0.631200,0.997928,541.2,0.001000
102200,0.553807,1.000000,0.564906,1.000000,541.7,0.001000
102300,0.522593,1.000000,0.533908,1.000000,542.2,0.001000
102400,1.034336,0.897207,1.049837,0.889019,542.8,0.001000
102500,0.632313,0.961441,0.642278,0.958923,543.3,0.001000
102600,1.138294,0.801892,1.142833,0.801009,543.8,0.001000
102700,0.490925,1.000000,0.499670,1.000000,544.4,0.001000
102800,0.507246,0.999730,0.517045,0.999910,544.9,0.001000
102900,0.551153,1.000000,0.562096,1.000000,545.4,0.001000
103000,0.569396,0.997928,0.580885,0.998198,546.0,0.001000
103100,0.963151,0.836216,0.977455,0.828484,546.5,0.001000
103200,0.474932,1.000000,0.483842,1.000000,547.0,0.001000
103300,0.647235,0.996937,0.657957,0.996307,547.5,0.001000
103400,0.546965,0.999640,0.557259,0.999460,548.1,0.001000
103500,0.534865,0.998829,0.544491,0.999550,548.6,0.001000
103600,0.555609,0.999369,0.565285,0.999550,549.1,0.001000
103700,0.529807,0.999640,0.539587,0.999640,549.6,0.001000
103800,0.563495,1.000000,0.576770,1.000000,550.2,0.001000
103900,0.629741,0.992793,0.645132,0.990631,550.7,0.001000
104000,0.531038,0.998919,0.541840,0.998739,551.2,0.001000
104100,0.533967,0.998919,0.544722,0.998739,551.7,0.001000
104200,0.737111,0.988919,0.753465,0.985317,552.3,0.001000
104300,0.596440,0.988468,0.608598,0.987208,552.8,0.001000
104400,0.502275,1.000000,0.513238,1.000000,553.4,0.001000
104500,0.690508,0.995135,0.704280,0.995226,553.9,0.001000
104600,0.488457,1.000000,0.499362,1.000000,554.4,0.001000
104700,0.705083,0.992523,0.722363,0.989821,555.0,0.001000
104800,0.610147,0.998919,0.620082,0.998379,555.5,0.001000
104900,0.865017,0.883964,0.882593,0.878569,556.0,0.001000
105000,1.019148,0.922432,1.021782,0.923971,556.5,0.001000
105100,0.495901,1.000000,0.505335,1.000000,557.1,0.001000
105200,1.053424,0.893874,1.070011,0.884785,557.6,0.001000
105300,0.896843,0.934505,0.915274,0.931358,558.2,0.001000
105400,0.761342,0.986126,0.777930,0.982164,558.7,0.001000
105500,0.530049,1.000000,0.541881,0.999820,559.2,0.001000
105600,0.528056,0.999820,0.539251,0.999820,559.7,0.001000
105700,0.796437,0.930991,0.812840,0.929015,560.3,0.001000
105800,0.541885,0.997838,0.551313,0.997207,560.8,0.001000
105900,0.473945,1.000000,0.482418,1.000000,561.3,0.001000
106000,0.496006,0.999820,0.506493,0.999910,561.9,0.001000
106100,0.603945,0.982252,0.615943,0.981443,562.4,0.001000
106200,0.512188,1.000000,0.521701,0.999910,562.9,0.001000
106300,0.486749,1.000000,0.494674,1.000000,563.5,0.001000
106400,0.499664,0.999910,0.510153,1.000000,564.0,0.001000
106500,0.732948,0.995946,0.743726,0.995136,564.5,0.001000
106600,0.764660,0.982523,0.780089,0.981353,565.1,0.001000
106700,0.534986,0.999460,0.545082,0.999730,565.6,0.001000
106800,0.607841,0.998018,0.618844,0.998018,566.1,0.001000
106900,0.896411,0.904685,0.909765,0.901000,566.7,0.001000
107000,0.627814,0.963514,0.640403,0.962706,567.2,0.001000
107100,0.494746,0.999730,0.506198,0.999640,567.7,0.001000
107200,0.514396,0.999820,0.525554,0.999550,568.3,0.001000
107300,0.461509,1.000000,0.471920,1.000000,568.8,0.001000
107400,0.500984,1.000000,0.511450,1.000000,569.3,0.001000
107500,0.496338,1.000000,0.505884,1.000000,569.8,0.001000
107600,0.556771,0.995676,0.568645,0.994055,570.4,0.001000
107700,0.485840,1.000000,0.493752,1.000000,570.9,0.001000
107800,0.535478,1.000000,0.546441,1.000000,571.4,0.001000
107900,1.341630,0.803874,1.349483,0.799658,572.0,0.001000
108000,1.213612,0.850721,1.241215,0.837042,572.5,0.001000
108100,0.726091,0.961351,0.736853,0.960184,573.0,0.001000
108200,0.505503,0.999910,0.514501,0.999369,573.6,0.001000
108300,0.508104,1.000000,0.517737,0.999820,574.1,0.001000
108400,0.630441,0.996396,0.638662,0.996757,574.7,0.001000
108500,0.971799,0.883604,0.991302,0.880101,575.2,0.001000
108600,0.670772,0.990360,0.687704,0.985136,575.7,0.001000
108700,0.518461,0.999910,0.528342,1.000000,576.3,0.001000
108800,0.490613,1.000000,0.500389,1.000000,576.8,0.001000
108900,0.521722,0.999820,0.530268,1.000000,577.3,0.001000
109000,0.512708,1.000000,0.523055,1.000000,577.8,0.001000
109100,0.862764,0.912793,0.867654,0.912260,578.4,0.001000
109200,0.526412,1.000000,0.536413,1.000000,578.9,0.001000
109300,0.859290,0.958559,0.873500,0.956220,579.4,0.001000
109400,0.804026,0.904324,0.814633,0.898478,580.0,0.001000
109500,0.627933,0.975946,0.642244,0.973786,580.5,0.001000
109600,0.673864,0.997658,0.689281,0.996217,581.0,0.001000
109700,1.028650,0.937748,1.040451,0.933429,581.6,0.001000
109800,0.637289,0.999730,0.650819,0.999640,582.1,0.001000
109900,0.564387,0.995946,0.572556,0.997298,582.6,0.001000
110000,0.661212,0.945766,0.667243,0.944239,583.2,0.001000
110100,0.473701,1.000000,0.483238,1.000000,583.7,0.001000
110200,0.546597,0.996306,0.558723,0.995226,584.2,0.001000
110300,0.483404,1.000000,0.493728,1.000000,584.8,0.001000
110400,0.475548,1.000000,0.485945,1.000000,585.3,0.001000
110500,0.512214,0.999730,0.520825,0.999640,585.8,0.001000
110600,0.463625,1.000000,0.472170,1.000000,586.3,0.001000
110700,0.470885,1.000000,0.480541,1.000000,586.9,0.001000
110800,0.765273,0.965405,0.787361,0.956761,587.4,0.001000
110900,0.487141,1.000000,0.496433,1.000000,588.0,0.001000
111000,0.917887,0.853874,0.933678,0.850374,588.5,0.001000
111100,0.721493,0.993063,0.731937,0.992343,589.0,0.001000
111200,0.504138,1.000000,0.515003,1.000000,589.5,0.001000
111300,0.512647,1.000000,0.521381,1.000000,590.1,0.001000
111400,1.069108,0.810000,1.093841,0.799658,590.6,0.001000
111500,0.498526,1.000000,0.507306,1.000000,591.2,0.001000
111600,0.543028,1.000000,0.552476,1.000000,591.7,0.001000
111700,0.488706,1.000000,0.497071,1.000000,592.2,0.001000
111800,0.507535,1.000000,0.517335,1.000000,592.7,0.001000
111900,0.667525,0.992973,0.679213,0.991983,593.2,0.001000
112000,0.564420,0.999820,0.576803,0.999730,593.8,0.001000
112100,0.509275,1.000000,0.519220,1.000000,594.3,0.001000
112200,0.761195,0.992523,0.776336,0.991893,594.8,0.001000
112300,0.796992,0.858829,0.797459,0.862084,595.3,0.001000
112400,0.535225,0.999550,0.546373,0.999550,595.9,0.001000
112500,0.662124,0.973694,0.673756,0.968832,596.4,0.001000
112600,0.612982,0.996306,0.624772,0.996036,596.9,0.001000
112700,0.487473,1.000000,0.497594,1.000000,597.5,0.001000
112800,0.496585,1.000000,0.504566,1.000000,598.0,0.001000
112900,0.494868,1.000000,0.504034,1.000000,598.5,0.001000
113000,0.480698,1.000000,0.489637,1.000000,599.0,0.001000
113100,0.535142,0.999910,0.543326,0.999910,599.6,0.001000
113200,0.860864,0.882342,0.870803,0.878479,600.1,0.001000
113300,0.451359,1.000000,0.460166,1.000000,600.6,0.001000
113400,0.588277,0.999279,0.601553,0.999099,601.2,0.001000
113500,0.504548,0.996937,0.512787,0.996667,601.7,0.001000
113600,0.547481,0.998198,0.559603,0.997838,602.3,0.001000
113700,0.749045,0.986486,0.767955,0.981533,602.8,0.001000
113800,0.486554,1.000000,0.494679,1.000000,603.4,0.001000
113900,0.544036,1.000000,0.552468,1.000000,603.9,0.001000
114000,0.507874,0.999640,0.516943,0.999820,604.4,0.001000
114100,0.504925,0.999910,0.515063,1.000000,605.0,0.001000
114200,0.610977,0.988829,0.623551,0.990361,605.5,0.001000
114300,0.737453,0.909099,0.747437,0.907486,606.0,0.001000
114400,0.629366,0.994324,0.645200,0.992343,606.6,0.001000
114500,0.574076,0.990991,0.584112,0.990722,607.1,0.001000
114600,0.465820,1.000000,0.474628,1.000000,607.6,0.001000
114700,0.488366,0.999910,0.498683,1.000000,608.2,0.001000
114800,0.478637,0.999910,0.488553,0.999910,608.7,0.001000
114900,0.538232,0.999550,0.548963,0.999189,609.2,0.001000
115000,0.543989,0.999910,0.554363,0.999460,609.7,0.001000
115100,0.480108,1.000000,0.489540,1.000000,610.3,0.001000
115200,0.483768,0.999910,0.493271,0.999910,610.8,0.001000
115300,0.473371,1.000000,0.482115,1.000000,611.3,0.001000
115400,0.568296,0.997297,0.580869,0.996757,611.8,0.001000
115500,0.525380,1.000000,0.538125,1.000000,612.4,0.001000
115600,0.652106,0.994144,0.666227,0.993334,612.9,0.001000
115700,1.161223,0.890811,1.184724,0.876858,613.5,0.001000
115800,0.573538,0.997838,0.585771,0.996126,614.0,0.001000
115900,0.488614,1.000000,0.497154,1.000000,614.5,0.001000
116000,0.686282,0.988468,0.698826,0.985947,615.1,0.001000
116100,1.074222,0.902252,1.097782,0.892532,615.6,0.001000
116200,0.496659,1.000000,0.506503,1.000000,616.1,0.001000
116300,0.624672,0.996937,0.638572,0.996757,616.7,0.001000
116400,0.796719,0.951081,0.805702,0.948833,617.2,0.001000
116500,0.877268,0.873514,0.892512,0.864607,617.7,0.001000
116600,0.724382,0.951712,0.737744,0.952166,618.2,0.001000
116700,0.617721,0.998919,0.630499,0.999460,618.8,0.001000
116800,0.570671,0.997928,0.583777,0.998288,619.3,0.001000
116900,1.397136,0.807207,1.421120,0.796235,619.8,0.001000
117000,2.010905,0.360270,2.026063,0.360688,620.4,0.001000
117100,0.591764,0.990631,0.598753,0.989280,620.9,0.001000
117200,1.205000,0.654955,1.216520,0.646248,621.5,0.001000
117300,0.481206,1.000000,0.488774,1.000000,622.0,0.001000
117400,0.495129,1.000000,0.504397,1.000000,622.6,0.001000
117500,0.485076,0.999910,0.494816,1.000000,623.1,0.001000
117600,0.494557,1.000000,0.504333,0.999640,623.6,0.001000
117700,0.498127,0.999910,0.507780,0.999550,624.1,0.001000
117800,0.514698,1.000000,0.525428,1.000000,624.7,0.001000
117900,0.767992,0.972252,0.783119,0.972345,625.2,0.001000
118000,0.581667,0.994775,0.591970,0.995586,625.8,0.001000
118100,0.565367,0.996306,0.575651,0.992884,626.3,0.001000
118200,0.478390,1.000000,0.488618,1.000000,626.8,0.001000
118300,0.513952,0.999640,0.523338,0.999189,627.4,0.001000
118400,0.506123,0.999820,0.515415,0.999910,627.9,0.001000
118500,0.467363,1.000000,0.476413,1.000000,628.4,0.001000
118600,0.833619,0.967568,0.851658,0.964237,629.0,0.001000
118700,0.532468,0.999369,0.544281,0.998919,629.5,0.001000
118800,0.599723,0.996396,0.607867,0.995496,630.1,0.001000
118900,0.549002,0.999820,0.559132,0.999910,630.6,0.001000
119000,0.890240,0.960360,0.910060,0.952887,631.1,0.001000
119100,0.839619,0.939279,0.855444,0.930547,631.7,0.001000
119200,0.700654,0.950631,0.715002,0.948203,632.2,0.001000
119300,0.539597,0.999550,0.549686,0.999099,632.7,0.001000
119400,0.571971,0.997207,0.583202,0.996126,633.2,0.001000
119500,0.551821,0.999550,0.562464,0.998919,633.8,0.001000
119600,0.742108,0.991261,0.760640,0.989460,634.3,0.001000
119700,0.569033,0.999369,0.578950,0.998919,634.9,0.001000
119800,0.568076,0.995766,0.577902,0.995045,635.4,0.001000
119900,0.500498,0.999820,0.509069,0.999910,635.9,0.001000
120000,0.515077,1.000000,0.524861,1.000000,636.5,0.001000
120100,0.518622,0.999730,0.530949,0.999910,637.0,0.001000
120200,0.590309,0.999730,0.600277,0.999550,637.5,0.001000
120300,0.575754,0.999820,0.587231,0.999910,638.0,0.001000
120400,0.472190,1.000000,0.481607,1.000000,638.6,0.001000
120500,0.518649,1.000000,0.527905,1.000000,639.1,0.001000
120600,0.538917,0.998378,0.551105,0.998379,639.6,0.001000
120700,0.728527,0.951712,0.737411,0.952617,640.1,0.001000
120800,0.570592,0.998018,0.583241,0.997388,640.7,0.001000
120900,0.532614,1.000000,0.543752,1.000000,641.2,0.001000
121000,0.769950,0.980360,0.782885,0.980362,641.7,0.001000
121100,0.488838,1.000000,0.496853,0.999910,642.3,0.001000
121200,0.504458,0.999820,0.514455,0.999730,642.8,0.001000
121300,0.583743,0.996937,0.597907,0.996036,643.3,0.001000
121400,0.644331,0.995315,0.658420,0.994775,643.8,0.001000
121500,0.852166,0.981261,0.873210,0.976489,644.4,0.001000
121600,0.593950,0.999910,0.606260,1.000000,644.9,0.001000
121700,0.543748,1.000000,0.554122,0.999910,645.4,0.001000
121800,0.476056,1.000000,0.485091,1.000000,646.0,0.001000
121900,0.599808,0.990631,0.611848,0.989190,646.5,0.001000
122000,0.939965,0.947568,0.955005,0.940636,647.1,0.001000
122100,0.628260,0.999009,0.645298,0.998919,647.6,0.001000
122200,0.607221,0.990180,0.616374,0.989641,648.2,0.001000
122300,0.522984,0.999910,0.532369,1.000000,648.7,0.001000
122400,0.569206,0.999550,0.581702,0.999460,649.2,0.001000
122500,0.785028,0.982072,0.803580,0.978560,649.8,0.001000
122600,0.727842,0.968919,0.739244,0.964868,650.3,0.001000
122700,0.598528,0.989009,0.611960,0.985317,650.8,0.001000
122800,1.012790,0.813784,1.027404,0.805243,651.4,0.001000
122900,0.478743,1.000000,0.486628,1.000000,651.9,0.001000
123000,0.539018,0.999910,0.550145,1.000000,652.4,0.001000
123100,0.793660,0.938469,0.809206,0.933610,653.0,0.001000
123200,1.025358,0.869369,1.037812,0.864607,653.5,0.001000
123300,1.063585,0.854775,1.065450,0.863256,654.1,0.001000
123400,0.498045,1.000000,0.508506,1.000000,654.6,0.001000
123500,0.951229,0.790090,0.949513,0.795874,655.1,0.001000
123600,0.706341,0.956126,0.720612,0.952887,655.7,0.001000
123700,0.618998,0.984865,0.632217,0.980362,656.2,0.001000
123800,0.493932,1.000000,0.502086,1.000000,656.7,0.001000
123900,0.507839,1.000000,0.516614,1.000000,657.3,0.001000
124000,0.587338,0.994775,0.598296,0.994415,657.8,0.001000
124100,0.714642,0.881892,0.726561,0.877398,658.3,0.001000
124200,0.578263,0.995946,0.590056,0.994955,658.9,0.001000
124300,0.468665,1.000000,0.479156,1.000000,659.4,0.001000
124400,0.477130,0.999910,0.487886,0.999910,660.0,0.001000
124500,0.745155,0.942342,0.757149,0.939105,660.5,0.001000
124600,0.574639,0.981261,0.584528,0.981803,661.0,0.001000
124700,1.118907,0.764234,1.128843,0.757319,661.5,0.001000
124800,0.472348,1.000000,0.481957,1.000000,662.1,0.001000
124900,0.501850,1.000000,0.512296,1.000000,662.6,0.001000
125000,0.823005,0.895946,0.834388,0.888929,663.1,0.001000
125100,1.098406,0.664955,1.104875,0.662463,663.6,0.001000
125200,1.071505,0.813694,1.087092,0.808125,664.2,0.001000
125300,0.807557,0.841622,0.821294,0.838483,664.7,0.001000
125400,0.550763,0.997928,0.560206,0.997658,665.2,0.001000
125500,0.553239,1.000000,0.560642,1.000000,665.7,0.001000
125600,1.184914,0.838649,1.196705,0.831727,666.3,0.001000
125700,0.810098,0.982793,0.822924,0.981984,666.8,0.001000
125800,0.768874,0.945045,0.782747,0.941357,667.3,0.001000
125900,0.635813,0.976757,0.643362,0.975318,667.9,0.001000
126000,0.492953,0.999910,0.501608,0.999820,668.4,0.001000
126100,0.491559,1.000000,0.501686,1.000000,668.9,0.001000
126200,0.500505,1.000000,0.510930,1.000000,669.5,0.001000
126300,0.481679,1.000000,0.490693,1.000000,670.0,0.001000
126400,0.536192,0.993874,0.543929,0.993784,670.5,0.001000
126500,0.564740,0.999820,0.573568,0.999910,671.1,0.001000
126600,0.757767,0.974865,0.771841,0.968922,671.6,0.001000
126700,0.662333,0.958739,0.672615,0.955499,672.1,0.001000
126800,0.645655,0.995045,0.654862,0.994775,672.6,0.001000
126900,0.660360,0.995766,0.672874,0.994595,673.1,0.001000
127000,0.799143,0.975315,0.815696,0.971804,673.7,0.001000
127100,0.493590,1.000000,0.503471,1.000000,674.2,0.001000
127200,0.748106,0.984234,0.764393,0.980632,674.7,0.001000
127300,0.626530,0.985496,0.637135,0.983425,675.2,0.001000
127400,0.541728,0.999730,0.552795,0.999640,675.8,0.001000
127500,0.482541,1.000000,0.491707,0.999910,676.3,0.001000
127600,0.607236,0.966757,0.616973,0.963517,676.9,0.001000
127700,0.509105,0.999910,0.519735,0.999910,677.4,0.001000
127800,0.470762,1.000000,0.479269,1.000000,677.9,0.001000
127900,1.066344,0.877748,1.074726,0.873975,678.5,0.001000
128000,0.474748,1.000000,0.483764,1.000000,679.0,0.001000
128100,0.707805,0.981441,0.721409,0.980002,679.5,0.001000
128200,1.197839,0.804595,1.220265,0.796325,680.1,0.001000
128300,0.521659,0.999910,0.533418,0.999910,680.6,0.001000
128400,0.466322,1.000000,0.474811,1.000000,681.1,0.001000
128500,0.480122,1.000000,0.488255,1.000000,681.6,0.001000
128600,0.517802,1.000000,0.527985,1.000000,682.2,0.001000
128700,0.504113,0.999279,0.513384,0.999640,682.7,0.001000
128800,0.552568,0.999189,0.561898,0.999910,683.2,0.001000
128900,0.969013,0.868559,0.990748,0.859562,683.7,0.001000
129000,0.930090,0.888829,0.943974,0.881092,684.2,0.001000
129100,0.686508,0.943153,0.695727,0.942077,684.8,0.001000
129200,0.533350,0.999009,0.542930,0.998829,685.3,0.001000
129300,0.564730,0.999369,0.576802,0.998829,685.8,0.001000
129400,0.647812,0.998649,0.663455,0.998288,686.3,0.001000
129500,0.667687,0.967387,0.677404,0.964328,686.9,0.001000
129600,0.555057,0.998739,0.564744,0.998288,687.4,0.001000
129700,0.516774,0.999910,0.528160,1.000000,687.9,0.001000
129800,0.551622,0.999910,0.563911,0.999730,688.4,0.001000
129900,0.513647,0.999910,0.522972,0.999820,688.9,0.001000
130000,0.599138,0.992883,0.612242,0.993514,689.5,0.001000
130100,0.692468,0.969279,0.705240,0.968742,690.0,0.001000
130200,0.554257,0.999189,0.564802,0.999279,690.5,0.001000
130300,0.506922,1.000000,0.518328,1.000000,691.1,0.001000
130400,0.611512,0.996577,0.623809,0.996397,691.6,0.001000
130500,0.490920,1.000000,0.500824,1.000000,692.1,0.001000
130600,1.313721,0.748468,1.345035,0.738582,692.6,0.001000
130700,0.852320,0.903063,0.861305,0.898478,693.2,0.001000
130800,0.579045,0.997297,0.592124,0.996847,693.7,0.001000
130900,0.536447,0.998559,0.547729,0.998379,694.2,0.001000
131000,0.548867,0.999640,0.559310,0.999279,694.7,0.001000
131100,0.535657,0.998469,0.545135,0.998018,695.3,0.001000
131200,0.625791,0.993604,0.636745,0.991532,695.8,0.001000
131300,0.499037,1.000000,0.509278,1.000000,696.3,0.001000
131400,0.649587,0.940270,0.662926,0.937663,696.8,0.001000
131500,0.560304,0.999910,0.573160,0.999550,697.4,0.001000
131600,0.855287,0.936757,0.876176,0.931087,697.9,0.001000
131700,0.748240,0.883333,0.763192,0.874516,698.4,0.001000
131800,1.357231,0.858288,1.365069,0.859832,699.0,0.001000
131900,0.874014,0.965496,0.892549,0.960454,699.6,0.001000
132000,0.642592,0.999279,0.655675,0.999279,700.1,0.001000
132100,1.212028,0.798919,1.227328,0.784614,700.6,0.001000
132200,0.499033,1.000000,0.508420,1.000000,701.1,0.001000
132300,0.509937,1.000000,0.519184,0.999820,701.7,0.001000
132400,0.487215,1.000000,0.496528,1.000000,702.2,0.001000
132500,0.543093,1.000000,0.552616,1.000000,702.7,0.001000
132600,0.499173,0.999820,0.508195,1.000000,703.3,0.001000
132700,0.475120,1.000000,0.484447,1.000000,703.8,0.001000
132800,0.554531,0.998739,0.566241,0.998379,704.3,0.001000
132900,0.554714,0.996937,0.565187,0.995136,704.9,0.001000
133000,0.601955,0.994324,0.613440,0.993064,705.4,0.001000
133100,0.594511,0.997928,0.608796,0.998198,705.9,0.001000
133200,0.551383,0.999550,0.561311,0.999820,706.4,0.001000
133300,0.493404,1.000000,0.502674,0.999910,707.0,0.001000
133400,0.497745,1.000000,0.508731,1.000000,707.5,0.001000
133500,0.496942,0.999369,0.504672,0.999189,708.0,0.001000
133600,1.611942,0.616937,1.623112,0.613278,708.5,0.001000
133700,0.554246,1.000000,0.563413,1.000000,709.1,0.001000
133800,0.748541,0.991622,0.764817,0.990451,709.6,0.001000
133900,0.608949,0.998378,0.618458,0.999369,710.1,0.001000
134000,0.771130,0.928559,0.785920,0.924061,710.7,0.001000
134100,0.592063,0.988108,0.600982,0.989821,711.2,0.001000
134200,0.567285,0.998198,0.578019,0.997928,711.7,0.001000
134300,0.487228,1.000000,0.497400,1.000000,712.2,0.001000
134400,0.490621,1.000000,0.498931,1.000000,712.8,0.001000
134500,0.494719,0.999910,0.504341,0.999910,713.3,0.001000
134600,0.577502,0.999460,0.588765,0.999099,713.9,0.001000
134700,0.690922,0.968919,0.700481,0.968922,714.4,0.001000
134800,0.590035,0.991261,0.601210,0.991082,715.0,0.001000
134900,1.015462,0.967838,1.023108,0.962976,715.5,0.001000
135000,1.134934,0.745766,1.146853,0.743266,716.0,0.001000
135100,0.600722,0.993874,0.613771,0.992073,716.5,0.001000
135200,0.741337,0.982793,0.751506,0.982794,717.1,0.001000
135300,1.174791,0.856757,1.198152,0.850464,717.6,0.001000
135400,0.514298,1.000000,0.522901,0.999820,718.1,0.001000
135500,0.890823,0.947387,0.902163,0.943699,718.7,0.001000
135600,0.570835,0.997027,0.582562,0.995856,719.2,0.001000
135700,0.548919,0.998739,0.561551,0.997298,719.7,0.001000
135800,1.323014,0.830270,1.341931,0.821367,720.3,0.001000
135900,0.931016,0.932973,0.942803,0.933519,720.8,0.001000
136000,0.796812,0.979099,0.813262,0.976489,721.3,0.001000
136100,1.048599,0.885676,1.060430,0.881092,721.9,0.001000
136200,0.603997,0.996577,0.617901,0.996217,722.4,0.001000
136300,0.600615,0.989009,0.611983,0.989641,722.9,0.001000
136400,1.119720,0.740631,1.137755,0.726511,723.4,0.001000
136500,2.267235,0.345045,2.279724,0.336546,724.0,0.001000
136600,0.497623,1.000000,0.505600,1.000000,724.5,0.001000
136700,0.635138,0.956577,0.645795,0.952707,725.0,0.001000
136800,0.770692,0.875766,0.780609,0.874876,725.5,0.001000
136900,0.565748,0.994955,0.575748,0.994415,726.1,0.001000
137000,0.612258,0.999550,0.624018,0.999189,726.6,0.001000
137100,0.621643,0.997387,0.634920,0.997388,727.1,0.001000
137200,0.535105,0.999369,0.545631,0.999640,727.6,0.001000
137300,0.488623,1.000000,0.498921,0.999910,728.2,0.001000
137400,0.797445,0.963694,0.814678,0.959733,728.7,0.001000
137500,0.484825,1.000000,0.493356,1.000000,729.2,0.001000
137600,0.539118,0.999550,0.549910,0.999820,729.8,0.001000
137700,0.537321,0.998739,0.548685,0.997928,730.3,0.001000
137800,0.524896,0.999279,0.536612,0.997478,730.8,0.001000
137900,0.494156,0.999910,0.504270,1.000000,731.4,0.001000
138000,0.561386,0.999910,0.574601,0.999730,731.9,0.001000
138100,0.516685,1.000000,0.525810,1.000000,732.4,0.001000
138200,0.484942,0.999910,0.492759,0.999910,732.9,0.001000
138300,0.495338,1.000000,0.505878,1.000000,733.5,0.001000
138400,0.539807,0.999189,0.549282,0.999189,734.0,0.001000
138500,0.507474,1.000000,0.519268,1.000000,734.5,0.001000
138600,0.548466,0.999369,0.559967,0.997748,735.1,0.001000
138700,0.593715,0.999820,0.603550,0.999369,735.6,0.001000
138800,0.580995,0.995495,0.590211,0.994055,736.1,0.001000
138900,0.634903,0.998649,0.648131,0.998829,736.6,0.001000
139000,0.482779,1.000000,0.491727,1.000000,737.2,0.001000
139100,0.502603,0.999910,0.513079,0.999910,737.7,0.001000
139200,0.964712,0.751261,0.978195,0.743897,738.2,0.001000
139300,0.914616,0.848829,0.930879,0.841816,738.8,0.001000
139400,0.634261,0.983063,0.648434,0.979822,739.3,0.001000
139500,0.608925,0.993153,0.621334,0.992613,739.8,0.001000
139600,0.721575,0.952703,0.736752,0.949554,740.4,0.001000
139700,0.560720,0.997658,0.571680,0.997298,740.9,0.001000
139800,0.618775,0.998198,0.630487,0.997928,741.4,0.001000
139900,0.540222,1.000000,0.550998,1.000000,742.0,0.001000
140000,0.538111,1.000000,0.548752,1.000000,742.5,0.001000
140100,0.757113,0.990991,0.775062,0.989460,743.0,0.001000
140200,0.513854,1.000000,0.524876,1.000000,743.6,0.001000
140300,0.474866,1.000000,0.485196,1.000000,744.1,0.001000
140400,0.564052,0.998378,0.575864,0.998198,744.6,0.001000
140500,0.640362,0.988829,0.657172,0.986848,745.1,0.001000
140600,0.570194,0.999279,0.583176,0.999189,745.6,0.001000
140700,0.520504,1.000000,0.529567,0.999730,746.2,0.001000
140800,0.522748,0.999820,0.531782,0.999910,746.7,0.001000
140900,1.010558,0.840721,1.026214,0.839023,747.3,0.001000
141000,2.240305,0.359730,2.258678,0.353662,747.8,0.001000
141100,1.196837,0.779730,1.213848,0.775245,748.3,0.001000
141200,0.478771,1.000000,0.488653,1.000000,748.9,0.001000
141300,0.513051,1.000000,0.523159,1.000000,749.4,0.001000
141400,0.579605,0.998108,0.588833,0.996847,750.0,0.001000
141500,0.542463,1.000000,0.551080,0.999640,750.5,0.001000
141600,0.492531,0.999730,0.503314,0.999910,751.0,0.001000
141700,0.706348,0.933153,0.718901,0.929286,751.6,0.001000
141800,1.217603,0.774414,1.237396,0.766598,752.1,0.001000
141900,0.749724,0.994414,0.766727,0.992613,752.6,0.001000
142000,0.652191,0.999099,0.668272,0.997478,753.1,0.001000
142100,0.570151,0.999910,0.582667,0.999550,753.7,0.001000
142200,0.532947,0.999910,0.543347,0.999910,754.2,0.001000
142300,0.499558,0.999189,0.508363,0.999460,754.7,0.001000
142400,0.453725,1.000000,0.462814,1.000000,755.3,0.001000
142500,0.493397,1.000000,0.502293,1.000000,755.8,0.001000
142600,0.623686,0.998288,0.637356,0.997928,756.3,0.001000
142700,0.811254,0.975225,0.829551,0.970994,756.8,0.001000
142800,0.964991,0.946036,0.986442,0.940095,757.4,0.001000
142900,1.666703,0.636487,1.680603,0.637870,757.9,0.001000
143000,0.551162,0.999730,0.560985,1.000000,758.4,0.001000
143100,0.795297,0.858108,0.804357,0.855599,759.0,0.001000
143200,1.117379,0.884414,1.133541,0.878299,759.5,0.001000
143300,0.680370,0.997207,0.690855,0.997928,760.0,0.001000
143400,0.476601,1.000000,0.486852,1.000000,760.6,0.001000
143500,0.479546,1.000000,0.488953,1.000000,761.1,0.001000
143600,0.545715,0.999369,0.555258,0.999279,761.6,0.001000
143700,1.488550,0.753243,1.519570,0.734709,762.2,0.001000
143800,0.664783,0.994234,0.673655,0.993874,762.7,0.001000
143900,0.591928,0.971171,0.598035,0.971084,763.2,0.001000
144000,0.477516,1.000000,0.486663,1.000000,763.7,0.001000
144100,0.477760,1.000000,0.487744,1.000000,764.3,0.001000
144200,0.494266,0.999910,0.503862,0.999730,764.8,0.001000
144300,0.701069,0.976036,0.712066,0.974777,765.3,0.001000
144400,0.518000,0.998288,0.529494,0.998018,765.8,0.001000
144500,0.531792,0.999820,0.543377,0.999820,766.4,0.001000
144600,0.559110,0.999009,0.569417,0.998919,766.9,0.001000
144700,0.861540,0.958108,0.886591,0.950185,767.4,0.001000
144800,0.498913,1.000000,0.507938,1.000000,767.9,0.001000
144900,0.519987,1.000000,0.529143,0.999730,768.5,0.001000
145000,0.561899,0.998018,0.572669,0.998829,769.0,0.001000
145100,0.691933,0.941802,0.707093,0.932619,769.6,0.001000
145200,0.510608,1.000000,0.518664,1.000000,770.1,0.001000
145300,0.496515,1.000000,0.505074,0.999910,770.6,0.001000
145400,0.588872,0.997568,0.601070,0.998198,771.2,0.001000
145500,0.795214,0.986757,0.812321,0.984596,771.7,0.001000
145600,0.711349,0.985045,0.729515,0.983155,772.2,0.001000
145700,0.516377,1.000000,0.527450,0.999730,772.7,0.001000
145800,1.466856,0.693964,1.485097,0.678137,773.2,0.001000
145900,2.122703,0.370901,2.134902,0.371138,773.8,0.001000
146000,0.620588,0.998288,0.633269,0.997478,774.3,0.001000
146100,0.548744,0.999640,0.560129,0.999369,774.8,0.001000
146200,0.504134,1.000000,0.514901,1.000000,775.3,0.001000
146300,0.493974,1.000000,0.503366,1.000000,775.9,0.001000
146400,1.641594,0.545676,1.644832,0.535808,776.4,0.001000
146500,0.899211,0.926937,0.913102,0.920998,776.9,0.001000
146600,0.865570,0.950090,0.877880,0.949644,777.5,0.001000
146700,0.635309,0.975586,0.645243,0.975768,778.0,0.001000
146800,0.468278,1.000000,0.476967,1.000000,778.6,0.001000
146900,0.499915,1.000000,0.509820,1.000000,779.1,0.001000
147000,0.516739,0.999460,0.523557,0.999369,779.6,0.001000
147100,0.495270,0.999910,0.504545,0.999910,780.2,0.001000
147200,0.522943,0.995766,0.531434,0.994415,780.7,0.001000
147300,0.583757,0.992252,0.597112,0.990181,781.3,0.001000
147400,0.803534,0.929550,0.815330,0.923430,781.8,0.001000
147500,1.884067,0.515766,1.889223,0.516710,782.3,0.001000
147600,0.554783,0.998378,0.563689,0.999460,782.8,0.001000
147700,0.902284,0.957027,0.916509,0.957121,783.4,0.001000
147800,1.162697,0.833063,1.167174,0.827583,783.9,0.001000
147900,0.565267,0.998018,0.575853,0.997298,784.4,0.001000
148000,1.160883,0.840090,1.179999,0.828574,784.9,0.001000
148100,0.489677,0.999640,0.498623,0.999640,785.5,0.001000
148200,0.676821,0.970360,0.694702,0.967210,786.0,0.001000
148300,0.838681,0.930901,0.846612,0.927394,786.5,0.001000
148400,0.552326,0.999099,0.562264,0.998739,787.1,0.001000
148500,0.943290,0.941532,0.962442,0.932348,787.6,0.001000
148600,0.513307,1.000000,0.523235,1.000000,788.1,0.001000
148700,0.583348,0.999820,0.594757,0.999910,788.6,0.001000
148800,0.505748,0.999910,0.514271,0.999910,789.2,0.001000
148900,0.512410,0.999820,0.520659,0.999730,789.7,0.001000
149000,0.530713,0.999910,0.541487,0.999910,790.2,0.001000
149100,0.733181,0.904144,0.748579,0.897937,790.8,0.001000
149200,0.803565,0.990270,0.821385,0.989010,791.3,0.001000
149300,0.662777,0.997748,0.677662,0.997117,791.8,0.001000
149400,0.609488,0.999189,0.622239,0.999099,792.3,0.001000
149500,0.780873,0.904595,0.789524,0.901811,792.9,0.001000
149600,0.484847,1.000000,0.493652,1.000000,793.4,0.001000
149700,0.776624,0.981441,0.790583,0.979732,793.9,0.001000
149800,0.528601,0.999640,0.537647,0.999009,794.4,0.001000
149900,0.530347,0.999099,0.539572,0.998919,795.0,0.001000
150000,0.498869,1.000000,0.508995,1.000000,795.5,0.001000
150100,0.505498,1.000000,0.514975,1.000000,796.0,0.001000
150200,0.621107,0.997207,0.633761,0.996667,796.6,0.001000
150300,0.528791,0.999730,0.538174,0.999640,797.1,0.001000
150400,0.529779,0.998649,0.538907,0.998379,797.6,0.001000
150500,0.567165,0.999279,0.578570,0.999460,798.1,0.001000
150600,0.497430,1.000000,0.508079,1.000000,798.7,0.001000
150700,0.469921,1.000000,0.478532,1.000000,799.2,0.001000
150800,0.490942,1.000000,0.500418,1.000000,799.7,0.001000
150900,0.624313,0.996937,0.635027,0.997027,800.3,0.001000
151000,0.678932,0.994414,0.694151,0.994505,800.8,0.001000
151100,0.682219,0.978468,0.696470,0.972345,801.3,0.001000
151200,0.643015,0.988198,0.659747,0.986127,801.8,0.001000
151300,1.207506,0.679189,1.210927,0.680749,802.4,0.001000
151400,0.686785,0.967478,0.697149,0.964328,802.9,0.001000
151500,0.611389,0.992883,0.623877,0.991622,803.4,0.001000
151600,0.533982,1.000000,0.543795,1.000000,804.0,0.001000
151700,0.485952,1.000000,0.494152,1.000000,804.5,0.001000
151800,0.502640,1.000000,0.512627,1.000000,805.0,0.001000
151900,0.800319,0.965676,0.813310,0.963337,805.6,0.001000
152000,0.544412,0.999910,0.555377,0.999820,806.2,0.001000
152100,0.537288,0.997387,0.548830,0.997027,806.7,0.001000
152200,0.583393,0.998018,0.594359,0.996847,807.3,0.001000
152300,0.566648,1.000000,0.578487,1.000000,807.8,0.001000
152400,0.729141,0.967568,0.742888,0.966309,808.4,0.001000
152500,0.489793,1.000000,0.498464,0.999910,808.9,0.001000
152600,1.229281,0.772613,1.249166,0.760922,809.5,0.001000
152700,1.181124,0.876396,1.201427,0.868751,810.0,0.001000
152800,0.542438,0.997207,0.550297,0.997748,810.6,0.001000
152900,0.863310,0.948198,0.872051,0.947302,811.1,0.001000
153000,0.665605,0.999910,0.679367,0.999640,811.6,0.001000
153100,0.756323,0.985045,0.774595,0.981353,812.1,0.001000
153200,0.635175,0.997117,0.645199,0.997388,812.6,0.001000
153300,0.494734,1.000000,0.503464,1.000000,813.2,0.001000
153400,0.518003,0.999009,0.529086,0.998288,813.7,0.001000
153500,0.555660,0.999189,0.564706,0.999099,814.2,0.001000
153600,0.511139,0.999820,0.522406,0.999910,814.7,0.001000
153700,0.494598,0.999910,0.503284,0.999910,815.2,0.001000
153800,0.668095,0.975946,0.677533,0.974327,815.8,0.001000
153900,0.518475,1.000000,0.528047,0.999820,816.3,0.001000
154000,0.493920,1.000000,0.503016,1.000000,816.8,0.001000
154100,0.592055,0.984685,0.600266,0.985046,817.3,0.001000
154200,0.517476,1.000000,0.528031,1.000000,817.9,0.001000
154300,0.567271,0.999460,0.576871,0.999460,818.4,0.001000
154400,0.489582,1.000000,0.499680,1.000000,818.9,0.001000
154500,0.771779,0.979820,0.788480,0.974867,819.4,0.001000
154600,1.567531,0.479730,1.562415,0.483650,820.0,0.001000
154700,0.516318,1.000000,0.524987,1.000000,820.5,0.001000
154800,0.609854,0.999460,0.622121,0.999189,821.0,0.001000
154900,0.503291,1.000000,0.511264,1.000000,821.6,0.001000
155000,1.048496,0.813243,1.048620,0.813891,822.1,0.001000
155100,0.576941,0.999279,0.590431,0.998559,822.6,0.001000
155200,0.556549,0.997297,0.567263,0.997478,823.1,0.001000
155300,0.516766,0.999730,0.525751,0.999910,823.6,0.001000
155400,0.536223,0.999550,0.545949,0.999550,824.2,0.001000
155500,0.538961,0.999640,0.549555,0.999910,824.7,0.001000
155600,0.542394,0.999369,0.552170,0.999640,825.2,0.001000
155700,0.498963,1.000000,0.508043,1.000000,825.8,0.001000
155800,0.788594,0.876216,0.792152,0.873795,826.3,0.001000
155900,0.536507,0.998739,0.547813,0.998739,826.8,0.001000
156000,0.518369,1.000000,0.528177,1.000000,827.4,0.001000
156100,0.571973,0.999009,0.582439,0.999189,827.9,0.001000
156200,1.006673,0.912342,1.032365,0.899288,828.4,0.001000
156300,0.548862,0.998288,0.562137,0.996937,829.0,0.001000
156400,0.507938,1.000000,0.517883,1.000000,829.5,0.001000
156500,0.589581,0.998739,0.597449,0.998108,830.0,0.001000
156600,0.488396,1.000000,0.497168,1.000000,830.6,0.001000
156700,0.482854,1.000000,0.490621,1.000000,831.1,0.001000
156800,0.625545,0.999550,0.635148,0.999460,831.6,0.001000
156900,0.482110,0.999910,0.492923,1.000000,832.2,0.001000
157000,0.490311,1.000000,0.500281,1.000000,832.7,0.001000
157100,0.611562,0.994865,0.621683,0.994865,833.2,0.001000
157200,0.537091,0.999730,0.548933,0.999820,833.8,0.001000
157300,0.531383,0.999009,0.539586,0.999640,834.3,0.001000
157400,0.526819,0.999910,0.536271,1.000000,834.8,0.001000
157500,0.673111,0.978108,0.681129,0.973426,835.4,0.001000
157600,0.569090,0.997387,0.578963,0.997748,835.9,0.001000
157700,0.498207,0.999910,0.508134,1.000000,836.5,0.001000
157800,0.602115,0.981712,0.610733,0.982344,837.0,0.001000
157900,0.849914,0.866577,0.864352,0.865237,837.5,0.001000
158000,0.480836,1.000000,0.490893,1.000000,838.1,0.001000
158100,1.422026,0.767928,1.443440,0.765246,838.6,0.001000
158200,0.629986,0.997297,0.639078,0.996757,839.1,0.001000
158300,0.708978,0.990811,0.723670,0.987479,839.6,0.001000
158400,0.476150,1.000000,0.485081,1.000000,840.2,0.001000
158500,0.528123,0.999910,0.538953,0.999910,840.7,0.001000
158600,0.993662,0.897478,1.018704,0.888208,841.2,0.001000
158700,0.586473,0.990541,0.597919,0.988199,841.7,0.001000
158800,0.546872,0.993243,0.556793,0.992253,842.3,0.001000
158900,1.916214,0.443604,1.943675,0.430592,842.8,0.001000
159000,0.976817,0.914505,0.993759,0.907486,843.3,0.001000
159100,0.731430,0.994414,0.747777,0.992974,843.9,0.001000
159200,0.497743,1.000000,0.508596,1.000000,844.4,0.001000
159300,0.514796,1.000000,0.524261,1.000000,845.0,0.001000
159400,0.483364,1.000000,0.494272,1.000000,845.5,0.001000
159500,0.491740,1.000000,0.501203,1.000000,846.0,0.001000
159600,0.502560,0.999910,0.511779,0.999910,846.6,0.001000
159700,0.932149,0.962162,0.949464,0.960544,847.2,0.001000
159800,0.526359,1.000000,0.536921,0.999910,847.7,0.001000
159900,0.751820,0.923784,0.758595,0.926313,848.2,0.001000
160000,1.466519,0.665225,1.472855,0.662463,848.7,0.001000
160100,0.878672,0.977027,0.893585,0.976308,849.3,0.001000
160200,1.510703,0.748288,1.532836,0.734528,849.8,0.001000
160300,0.990931,0.861982,1.005743,0.857040,850.4,0.001000
160400,0.715472,0.941802,0.732246,0.936042,850.9,0.001000
160500,0.512152,0.999820,0.521111,0.999550,851.4,0.001000
160600,0.524759,1.000000,0.533600,1.000000,851.9,0.001000
160700,0.543064,0.998649,0.554978,0.998108,852.5,0.001000
160800,0.588450,1.000000,0.598958,1.000000,853.0,0.001000
160900,0.681288,0.976036,0.692366,0.973156,853.5,0.001000
161000,0.536435,0.998829,0.548156,0.998559,854.1,0.001000
161100,0.471981,1.000000,0.480989,1.000000,854.6,0.001000
161200,0.922492,0.958288,0.943387,0.951896,855.1,0.001000
161300,0.479318,1.000000,0.489233,1.000000,855.6,0.001000
161400,0.547255,0.993514,0.556863,0.993604,856.2,0.001000
161500,0.660428,0.957838,0.668674,0.957121,856.7,0.001000
161600,0.598196,0.998288,0.608530,0.998108,857.2,0.001000
161700,0.706969,0.999460,0.723022,0.999189,857.8,0.001000
161800,0.714365,0.969279,0.727960,0.966219,858.3,0.001000
161900,0.543005,0.999279,0.552566,0.999820,858.8,0.001000
162000,0.515169,1.000000,0.524963,1.000000,859.4,0.001000
162100,0.520429,1.000000,0.530040,1.000000,859.9,0.001000
162200,0.596135,0.998559,0.606441,0.998649,860.4,0.001000
162300,0.890529,0.922072,0.911601,0.911990,861.0,0.001000
162400,0.487186,1.000000,0.495389,1.000000,861.5,0.001000
162500,0.497419,1.000000,0.505653,1.000000,862.0,0.001000
162600,0.504274,1.000000,0.512818,1.000000,862.6,0.001000
162700,0.504985,0.999910,0.514775,1.000000,863.1,0.001000
162800,0.483279,0.999460,0.492746,0.999910,863.6,0.001000
162900,0.489080,1.000000,0.498816,1.000000,864.2,0.001000
163000,0.646057,0.996036,0.659779,0.997568,864.7,0.001000
163100,0.484639,1.000000,0.494176,1.000000,865.2,0.001000
163200,0.477173,1.000000,0.486475,1.000000,865.7,0.001000
163300,0.679115,0.958288,0.688792,0.959913,866.3,0.001000
163400,0.661369,0.987297,0.675331,0.987479,866.8,0.001000
163500,0.983101,0.850180,1.000227,0.842717,867.3,0.001000
163600,1.116060,0.766577,1.126163,0.768219,867.8,0.001000
163700,1.195358,0.655225,1.213285,0.648770,868.4,0.001000
163800,0.589975,0.989279,0.598456,0.991082,868.9,0.001000
163900,0.532167,0.997838,0.540344,0.998198,869.4,0.001000
164000,0.517029,1.000000,0.528188,0.999640,870.0,0.001000
164100,1.032041,0.913333,1.048951,0.905864,870.5,0.001000
164200,0.867499,0.812883,0.883263,0.807225,871.0,0.001000
164300,0.703955,0.923964,0.708207,0.926043,871.6,0.001000
164400,0.827939,0.887387,0.843065,0.881452,872.1,0.001000
164500,0.482981,1.000000,0.492435,1.000000,872.6,0.001000
164600,0.497943,1.000000,0.508089,1.000000,873.1,0.001000
164700,0.785165,0.963874,0.801084,0.959643,873.7,0.001000
164800,1.064451,0.935225,1.084570,0.927934,874.2,0.001000
164900,0.536109,0.999820,0.547044,0.999910,874.7,0.001000
165000,0.534744,0.998288,0.543723,0.998018,875.3,0.001000
165100,0.525882,0.999640,0.535937,0.999820,875.8,0.001000
165200,0.488239,1.000000,0.497000,1.000000,876.3,0.001000
165300,0.510748,1.000000,0.520254,1.000000,876.8,0.001000
165400,0.538738,1.000000,0.549467,1.000000,877.4,0.001000
165500,0.532345,1.000000,0.542634,1.000000,877.9,0.001000
165600,0.543814,0.997568,0.553055,0.997658,878.5,0.001000
165700,0.521380,0.999730,0.533159,0.999369,879.0,0.001000
165800,0.471813,1.000000,0.480164,1.000000,879.5,0.001000
165900,0.525406,0.999820,0.534629,0.999369,880.1,0.001000
166000,0.521274,0.999460,0.531770,0.999279,880.6,0.001000
166100,0.517889,1.000000,0.528892,1.000000,881.1,0.001000
166200,0.706667,0.981892,0.720420,0.982524,881.6,0.001000
166300,0.479161,0.999910,0.488477,0.999910,882.2,0.001000
166400,0.593936,0.998829,0.606507,0.995946,882.7,0.001000
166500,0.562880,0.999820,0.575938,0.999910,883.2,0.001000
166600,0.913383,0.974505,0.920338,0.976128,883.8,0.001000
166700,0.516049,0.999910,0.526928,0.999910,884.3,0.001000
166800,0.485114,1.000000,0.494397,1.000000,884.8,0.001000
166900,0.546454,0.999820,0.558700,0.999910,885.4,0.001000
167000,0.485675,1.000000,0.495575,1.000000,885.9,0.001000
167100,0.705801,0.974144,0.723326,0.972615,886.5,0.001000
167200,0.784099,0.991712,0.804055,0.988379,887.0,0.001000
167300,0.493019,1.000000,0.502579,1.000000,887.5,0.001000
167400,0.568880,0.999189,0.578222,0.998919,888.1,0.001000
167500,0.509688,1.000000,0.518628,1.000000,888.6,0.001000
167600,0.566424,0.997568,0.579997,0.997748,889.1,0.001000
167700,0.542466,0.999820,0.550118,0.999820,889.7,0.001000
167800,0.584822,0.996667,0.594234,0.996667,890.2,0.001000
167900,0.693009,0.998018,0.704060,0.998108,890.7,0.001000
168000,0.508936,1.000000,0.518376,0.999910,891.3,0.001000
168100,1.067873,0.851441,1.085897,0.840555,891.8,0.001000
168200,1.411940,0.748829,1.425662,0.744257,892.3,0.001000
168300,0.497545,1.000000,0.508226,1.000000,892.9,0.001000
168400,1.541947,0.521712,1.552315,0.503738,893.4,0.001000
168500,0.914849,0.818559,0.925235,0.819566,893.9,0.001000
168600,0.593075,0.990901,0.605063,0.988920,894.5,0.001000
168700,0.603733,0.997117,0.615618,0.995946,895.0,0.001000
168800,0.908291,0.956126,0.928223,0.951626,895.5,0.001000
168900,0.530165,1.000000,0.539456,1.000000,896.1,0.001000
169000,0.496889,1.000000,0.506087,1.000000,896.6,0.001000
169100,0.516536,0.999820,0.527124,1.000000,897.1,0.001000
169200,0.511523,1.000000,0.521089,1.000000,897.7,0.001000
169300,0.813806,0.980270,0.829747,0.975588,898.2,0.001000
169400,1.269779,0.721892,1.288341,0.709125,898.7,0.001000
169500,1.349330,0.704505,1.362723,0.693631,899.3,0.001000
169600,0.498777,1.000000,0.507651,1.000000,899.8,0.001000
169700,0.527445,1.000000,0.537091,1.000000,900.4,0.001000
169800,0.651478,0.996216,0.663999,0.995496,900.9,0.001000
169900,0.702654,0.990631,0.715419,0.990812,901.4,0.001000
170000,0.869637,0.947478,0.890190,0.944510,902.0,0.001000
170100,0.833188,0.977568,0.855164,0.974237,902.5,0.001000
170200,0.495525,0.999910,0.504874,0.999820,903.0,0.001000
170300,1.011281,0.882793,1.026518,0.875957,903.6,0.001000
170400,0.635330,0.999369,0.648277,0.999550,904.1,0.001000
170500,0.608788,0.999460,0.621262,0.999460,904.6,0.001000
170600,0.492445,1.000000,0.502432,1.000000,905.2,0.001000
170700,0.535213,0.999910,0.543905,0.999640,905.7,0.001000
170800,0.481876,1.000000,0.491321,1.000000,906.2,0.001000
170900,0.512821,0.999910,0.523467,0.999910,906.7,0.001000
171000,0.621174,0.991171,0.631693,0.991712,907.3,0.001000
171100,0.577598,0.991081,0.586271,0.991172,907.8,0.001000
171200,0.492561,1.000000,0.500746,1.000000,908.3,0.001000
171300,0.519064,0.999910,0.527034,0.999730,908.9,0.001000
171400,0.604317,0.992342,0.613735,0.992793,909.4,0.001000
171500,0.630029,0.994234,0.640447,0.992793,909.9,0.001000
171600,0.992635,0.859459,1.005601,0.860913,910.5,0.001000
171700,1.270231,0.766937,1.280865,0.762994,911.0,0.001000
171800,0.912086,0.928739,0.924223,0.925142,911.6,0.001000
171900,0.501316,1.000000,0.510832,1.000000,912.1,0.001000
172000,0.592812,0.999369,0.603579,0.999189,912.6,0.001000
172100,0.491348,0.999910,0.500756,0.999910,913.2,0.001000
172200,0.517565,0.999820,0.528065,0.999820,913.7,0.001000
172300,0.487689,0.999910,0.497721,0.999910,914.3,0.001000
172400,0.528960,0.999820,0.537554,0.999910,914.8,0.001000
172500,0.701709,0.993514,0.716787,0.994235,915.3,0.001000
172600,0.633585,0.999460,0.647147,0.999460,915.8,0.001000
172700,0.928000,0.811532,0.941095,0.805963,916.4,0.001000
172800,0.559350,0.998469,0.569630,0.998379,916.9,0.001000
172900,0.818853,0.986937,0.827305,0.987298,917.4,0.001000
173000,0.707261,0.990180,0.719319,0.991262,918.0,0.001000
173100,0.538318,0.999279,0.549593,0.999279,918.5,0.001000
173200,0.483225,1.000000,0.493425,1.000000,919.1,0.001000
173300,0.962582,0.954865,0.978547,0.949914,919.6,0.001000
173400,0.478838,1.000000,0.488609,1.000000,920.1,0.001000
173500,1.150385,0.853333,1.172370,0.843888,920.7,0.001000
173600,0.496248,0.999820,0.505722,0.999820,921.2,0.001000
173700,0.854060,0.945496,0.870460,0.943699,921.7,0.001000
173800,0.576585,0.991622,0.586238,0.991532,922.2,0.001000
173900,0.499716,1.000000,0.508834,1.000000,922.8,0.001000
174000,0.494712,1.000000,0.503217,1.000000,923.3,0.001000
174100,0.548411,0.999279,0.559129,0.998829,923.8,0.001000
174200,0.503905,0.999910,0.514181,0.999910,924.3,0.001000
174300,0.472536,1.000000,0.481595,1.000000,924.8,0.001000
174400,0.532072,0.999550,0.543849,0.999640,925.4,0.001000
174500,0.482524,0.999910,0.493269,0.999910,925.9,0.001000
174600,0.550493,0.996937,0.561322,0.996487,926.4,0.001000
174700,0.510097,1.000000,0.520774,1.000000,926.9,0.001000
174800,1.152373,0.851441,1.170944,0.842176,927.5,0.001000
174900,0.778642,0.931261,0.795803,0.922620,928.0,0.001000
175000,1.529434,0.500450,1.552552,0.490767,928.5,0.001000
175100,0.542115,1.000000,0.550690,0.999640,929.1,0.001000
175200,2.713320,0.272613,2.724646,0.272768,929.6,0.001000
175300,0.604815,0.997568,0.616797,0.996577,930.1,0.001000
175400,0.688773,0.994414,0.702356,0.992793,930.6,0.001000
175500,0.504220,0.999550,0.514018,0.999099,931.2,0.001000
175600,0.511592,0.999640,0.522275,0.999730,931.7,0.001000
175700,0.508317,1.000000,0.518026,1.000000,932.2,0.001000
175800,0.470793,0.999730,0.480103,1.000000,932.8,0.001000
175900,0.573970,0.994324,0.587209,0.992884,933.3,0.001000
176000,0.495223,0.999730,0.503027,0.999820,933.8,0.001000
176100,0.495516,0.999730,0.504942,0.999910,934.4,0.001000
176200,0.523975,1.000000,0.534304,1.000000,934.9,0.001000
176300,0.517906,0.999820,0.528762,0.999820,935.5,0.001000
176400,0.520141,1.000000,0.530865,1.000000,936.0,0.001000
176500,0.561008,0.999279,0.571938,0.999009,936.5,0.001000
176600,0.588594,0.997297,0.599420,0.996577,937.1,0.001000
176700,0.547038,0.999550,0.556664,0.999910,937.6,0.001000
176800,0.502807,0.999279,0.511971,0.999279,938.2,0.001000
176900,0.497634,1.000000,0.506501,1.000000,938.7,0.001000
177000,0.479497,1.000000,0.488101,1.000000,939.3,0.001000
177100,0.460310,1.000000,0.469718,0.999910,939.8,0.001000
177200,1.067129,0.634324,1.070651,0.637240,940.3,0.001000
177300,0.463355,1.000000,0.472705,1.000000,940.8,0.001000
177400,0.497591,1.000000,0.507737,1.000000,941.4,0.001000
177500,0.484870,1.000000,0.494525,1.000000,941.9,0.001000
177600,0.563383,0.989730,0.570887,0.989641,942.4,0.001000
177700,0.468607,1.000000,0.478565,1.000000,943.0,0.001000
177800,0.503023,0.999820,0.513964,0.999820,943.5,0.001000
177900,0.503885,1.000000,0.514474,1.000000,944.0,0.001000
178000,0.483297,1.000000,0.493207,1.000000,944.5,0.001000
178100,0.548727,1.000000,0.557372,0.999460,945.1,0.001000
178200,0.515780,0.999369,0.525294,0.999460,945.6,0.001000
178300,0.477899,0.999820,0.487134,1.000000,946.1,0.001000
178400,0.529068,0.999730,0.540776,0.999910,946.6,0.001000
178500,0.579072,0.999550,0.591974,0.999009,947.2,0.001000
178600,0.589861,0.999910,0.602871,0.999730,947.7,0.001000
178700,0.607420,0.998829,0.617176,0.998559,948.2,0.001000
178800,0.459994,1.000000,0.468561,1.000000,948.8,0.001000
178900,0.488628,0.999910,0.496962,0.999910,949.3,0.001000
179000,0.608870,0.993423,0.621748,0.991532,949.8,0.001000
179100,0.501948,1.000000,0.511007,1.000000,950.4,0.001000
179200,0.607181,0.997117,0.618164,0.997478,950.9,0.001000
179300,0.865796,0.815225,0.872462,0.808125,951.4,0.001000
179400,0.520732,0.999910,0.531673,0.999820,951.9,0.001000
179500,0.641670,0.989369,0.651622,0.990541,952.5,0.001000
179600,0.484040,0.999910,0.493673,0.999820,953.0,0.001000
179700,0.494525,0.999910,0.504667,0.999640,953.5,0.001000
179800,0.496113,1.000000,0.505769,1.000000,954.0,0.001000
179900,0.497936,1.000000,0.506899,1.000000,954.5,0.001000
180000,0.840772,0.977658,0.850836,0.975948,955.1,0.001000
180100,0.524713,0.999910,0.534332,1.000000,955.6,0.001000
180200,0.540508,1.000000,0.551394,1.000000,956.1,0.001000
180300,0.852920,0.880991,0.867778,0.882803,956.6,0.001000
180400,1.135434,0.854414,1.157232,0.844428,957.2,0.001000
180500,0.518490,0.999730,0.528864,1.000000,957.7,0.001000
180600,0.493059,0.999910,0.501900,0.999820,958.2,0.001000
180700,1.106519,0.906126,1.127463,0.894604,958.7,0.001000
180800,0.780827,0.990991,0.791945,0.990722,959.3,0.001000
180900,0.973972,0.841081,0.988503,0.833979,959.8,0.001000
181000,0.571424,0.993964,0.584258,0.992703,960.3,0.001000
181100,0.564974,0.997568,0.573642,0.996487,960.9,0.001000
181200,0.511322,0.999550,0.520225,0.999369,961.4,0.001000
181300,1.225831,0.726487,1.235252,0.714710,961.9,0.001000
181400,0.761616,0.921712,0.766087,0.917125,962.5,0.001000
181500,0.558196,0.996577,0.569617,0.996397,963.0,0.001000
181600,0.727000,0.983514,0.743546,0.979101,963.5,0.001000
181700,1.004170,0.799730,1.011146,0.793172,964.0,0.001000
181800,0.498498,1.000000,0.508333,1.000000,964.6,0.001000
181900,0.494516,1.000000,0.503269,1.000000,965.1,0.001000
182000,0.514236,1.000000,0.523858,1.000000,965.6,0.001000
182100,0.485901,0.999820,0.494463,1.000000,966.2,0.001000
182200,0.474925,0.999820,0.485328,0.999730,966.7,0.001000
182300,0.508932,0.999910,0.519865,0.999910,967.2,0.001000
182400,0.582459,0.998559,0.593684,0.998739,967.8,0.001000
182500,0.587635,0.994955,0.598575,0.993244,968.3,0.001000
182600,0.563726,0.998919,0.576010,0.998739,968.8,0.001000
182700,0.632689,0.994685,0.644127,0.994235,969.3,0.001000
182800,0.498927,1.000000,0.508295,1.000000,969.9,0.001000
182900,0.555115,0.999369,0.566116,0.998919,970.4,0.001000
183000,0.910357,0.956036,0.929065,0.955680,970.9,0.001000
183100,0.542716,0.999550,0.552641,0.999189,971.4,0.001000
183200,0.483440,1.000000,0.492169,1.000000,972.0,0.001000
183300,0.511255,0.998198,0.522194,0.997928,972.5,0.001000
183400,0.570611,0.999820,0.584077,0.999550,973.0,0.001000
183500,0.502666,1.000000,0.512940,1.000000,973.6,0.001000
183600,0.472387,1.000000,0.481279,1.000000,974.1,0.001000
183700,0.552050,0.998378,0.563351,0.997388,974.7,0.001000
183800,0.551552,0.998829,0.563649,0.998559,975.2,0.001000
183900,0.575544,0.999460,0.588088,0.999099,975.7,0.001000
184000,0.654803,0.991081,0.663100,0.991442,976.2,0.001000
184100,0.621134,0.972973,0.633322,0.967120,976.8,0.001000
184200,0.516281,1.000000,0.527311,1.000000,977.3,0.001000
184300,0.480529,1.000000,0.490357,1.000000,977.8,0.001000
184400,0.484184,0.999910,0.493274,1.000000,978.4,0.001000
184500,0.475659,1.000000,0.483837,1.000000,978.9,0.001000
184600,0.485038,1.000000,0.495549,1.000000,979.4,0.001000
184700,0.502105,0.999910,0.512311,0.999730,980.0,0.001000
184800,0.544292,0.999820,0.554758,1.000000,980.5,0.001000
184900,0.456585,1.000000,0.465950,1.000000,981.1,0.001000
185000,0.527668,0.999640,0.539495,0.999640,981.6,0.001000
185100,0.582085,0.997658,0.592892,0.996487,982.1,0.001000
185200,0.545590,0.996757,0.558214,0.995316,982.6,0.001000
185300,0.565703,0.998469,0.575669,0.999009,983.1,0.001000
185400,0.513794,1.000000,0.524297,1.000000,983.7,0.001000
185500,0.566356,0.996937,0.577460,0.997117,984.2,0.001000
185600,0.671324,0.979640,0.681519,0.979371,984.8,0.001000
185700,1.405804,0.605315,1.411860,0.603099,985.3,0.001000
185800,0.489163,1.000000,0.498433,1.000000,985.8,0.001000
185900,0.507760,1.000000,0.517134,1.000000,986.4,0.001000
186000,0.683638,0.979459,0.692760,0.978831,986.9,0.001000
186100,0.570218,0.992613,0.580413,0.990812,987.4,0.001000
186200,0.566892,0.996757,0.579215,0.996667,987.9,0.001000
186300,0.672448,0.954324,0.682653,0.952797,988.5,0.001000
186400,0.702245,0.948829,0.716004,0.939915,989.0,0.001000
186500,0.806046,0.975946,0.822851,0.967751,989.5,0.001000
186600,0.549441,0.999730,0.560401,1.000000,990.1,0.001000
186700,0.774609,0.852883,0.787952,0.842176,990.7,0.001000
186800,0.624078,0.969099,0.634502,0.972255,991.2,0.001000
186900,0.512115,0.999820,0.521771,1.000000,991.7,0.001000
187000,0.672091,0.930000,0.684721,0.934060,992.2,0.001000
187100,0.685844,0.991802,0.702496,0.988109,992.8,0.001000
187200,1.162967,0.882703,1.168016,0.882353,993.3,0.001000
187300,0.535406,0.999820,0.544137,0.999820,993.8,0.001000
187400,0.731423,0.928919,0.743546,0.921989,994.3,0.001000
187500,0.493356,1.000000,0.503168,1.000000,994.9,0.001000
187600,0.556915,0.999369,0.569471,0.998469,995.4,0.001000
187700,0.721217,0.993604,0.734775,0.992793,995.9,0.001000
187800,0.527797,0.999460,0.539041,0.999369,996.5,0.001000
187900,0.637161,0.993964,0.647771,0.993334,997.0,0.001000
188000,0.564337,0.999820,0.575598,0.999640,997.5,0.001000
188100,0.598019,0.996216,0.609300,0.997298,998.1,0.001000
188200,0.555648,0.993153,0.565267,0.993604,998.6,0.001000
188300,0.705651,0.986577,0.720782,0.985227,999.1,0.001000
188400,0.826719,0.960000,0.843202,0.957842,999.7,0.001000
188500,0.503735,1.000000,0.513160,1.000000,1000.2,0.001000
188600,0.488879,0.999910,0.498731,0.999730,1000.7,0.001000
188700,0.803022,0.968739,0.812701,0.968561,1001.3,0.001000
188800,0.482145,1.000000,0.491239,1.000000,1001.8,0.001000
188900,0.897046,0.933604,0.910560,0.924962,1002.3,0.001000
189000,0.547232,1.000000,0.558164,1.000000,1002.8,0.001000
189100,0.485671,0.999730,0.495780,0.999730,1003.4,0.001000
189200,0.461536,1.000000,0.470351,1.000000,1003.9,0.001000
189300,0.481937,0.999730,0.490772,0.999730,1004.4,0.001000
189400,0.620604,0.990811,0.636118,0.988109,1005.0,0.001000
189500,0.685404,0.909910,0.693046,0.912080,1005.5,0.001000
189600,1.012179,0.734234,1.018633,0.731285,1006.1,0.001000
189700,0.919876,0.769009,0.937846,0.763535,1006.6,0.001000
189800,0.572222,0.991982,0.582324,0.991352,1007.1,0.001000
189900,0.578429,0.992883,0.587986,0.993244,1007.7,0.001000
190000,0.561720,0.999009,0.570972,0.999279,1008.2,0.001000
190100,0.522691,0.999189,0.532182,0.999279,1008.7,0.001000
190200,0.524073,0.999730,0.532288,0.999460,1009.3,0.001000
190300,1.200375,0.638649,1.220561,0.621205,1009.8,0.001000
190400,0.554308,1.000000,0.565959,0.999730,1010.3,0.001000
190500,0.508922,0.999640,0.519975,0.999820,1010.9,0.001000
190600,0.542426,0.999910,0.555120,0.999910,1011.4,0.001000
190700,0.778909,0.964955,0.794844,0.964147,1011.9,0.001000
190800,0.616419,0.998649,0.629937,0.997568,1012.5,0.001000
190900,0.487936,1.000000,0.496321,1.000000,1013.0,0.001000
191000,0.614091,0.994324,0.629486,0.992253,1013.5,0.001000
191100,0.485019,1.000000,0.493494,1.000000,1014.1,0.001000
191200,0.581219,0.980360,0.591587,0.980092,1014.6,0.001000
191300,0.812718,0.960721,0.829068,0.957571,1015.1,0.001000
191400,1.274222,0.647297,1.271859,0.645527,1015.6,0.001000
191500,0.500665,1.000000,0.509897,1.000000,1016.2,0.001000
191600,0.494027,1.000000,0.503655,1.000000,1016.7,0.001000
191700,0.484403,1.000000,0.493660,1.000000,1017.2,0.001000
191800,1.184024,0.877838,1.204237,0.868390,1017.8,0.001000
191900,0.695980,0.957207,0.711147,0.954599,1018.3,0.001000
192000,0.693582,0.977928,0.704800,0.974957,1018.8,0.001000
192100,1.487580,0.600450,1.499462,0.589857,1019.3,0.001000
192200,0.603171,0.987568,0.612262,0.985317,1019.9,0.001000
192300,0.677372,0.990090,0.694922,0.988109,1020.4,0.001000
192400,2.511854,0.304414,2.542768,0.299342,1020.9,0.001000
192500,0.899899,0.983063,0.915585,0.983065,1021.4,0.001000
192600,0.649694,0.995856,0.664140,0.995766,1021.9,0.001000
192700,0.701196,0.965586,0.713241,0.959823,1022.5,0.001000
192800,0.625182,0.989730,0.636163,0.988650,1023.0,0.001000
192900,0.779526,0.965946,0.800050,0.958652,1023.5,0.001000
193000,0.502936,1.000000,0.511958,1.000000,1024.0,0.001000
193100,0.509900,0.999460,0.519112,0.999550,1024.6,0.001000
193200,0.467975,1.000000,0.476285,1.000000,1025.1,0.001000
193300,0.587104,0.998739,0.596162,0.999279,1025.6,0.001000
193400,0.521798,0.998739,0.531178,0.998649,1026.2,0.001000
193500,0.499568,1.000000,0.510240,1.000000,1026.7,0.001000
193600,0.453978,1.000000,0.462530,1.000000,1027.2,0.001000
193700,0.473268,1.000000,0.481864,1.000000,1027.7,0.001000
193800,0.504312,0.999820,0.513576,0.999730,1028.3,0.001000
193900,0.770683,0.919640,0.785367,0.913071,1028.8,0.001000
194000,1.112039,0.705315,1.120731,0.704801,1029.3,0.001000
194100,1.025129,0.871081,1.051270,0.863976,1029.9,0.001000
194200,0.576268,0.990901,0.588382,0.988199,1030.4,0.001000
194300,0.577055,0.995766,0.589486,0.994505,1030.9,0.001000
194400,0.575533,0.993514,0.585134,0.995406,1031.5,0.001000
194500,0.508589,0.999189,0.518877,0.999099,1032.0,0.001000
194600,0.540545,0.999910,0.549383,0.999730,1032.5,0.001000
194700,0.486343,0.999730,0.497345,0.999730,1033.1,0.001000
194800,0.515687,0.999910,0.524670,0.999820,1033.6,0.001000
194900,0.544584,0.998288,0.555178,0.998379,1034.1,0.001000
195000,0.474953,1.000000,0.484120,1.000000,1034.7,0.001000
195100,0.513320,0.999730,0.523225,0.999910,1035.2,0.001000
195200,0.450288,1.000000,0.458400,1.000000,1035.7,0.001000
195300,0.520393,0.996667,0.530088,0.995676,1036.2,0.001000
195400,0.482495,0.999910,0.492457,0.999910,1036.8,0.001000
195500,0.524742,0.999550,0.536492,0.999730,1037.3,0.001000
195600,0.589832,0.999910,0.600759,0.999460,1037.9,0.001000
195700,0.613129,0.989910,0.626761,0.988560,1038.4,0.001000
195800,0.575168,0.996667,0.586690,0.996577,1038.9,0.001000
195900,0.511753,1.000000,0.521168,0.999910,1039.4,0.001000
196000,0.551557,1.000000,0.560785,0.999820,1040.0,0.001000
196100,0.596503,0.977658,0.607267,0.973246,1040.5,0.001000
196200,0.501777,0.999730,0.511891,0.999820,1041.0,0.001000
196300,0.525519,0.999820,0.535694,0.999910,1041.6,0.001000
196400,0.506526,0.998919,0.515957,0.998829,1042.1,0.001000
196500,0.589415,0.998018,0.597792,0.998469,1042.6,0.001000
196600,0.467658,0.999640,0.474048,0.999460,1043.2,0.001000
196700,0.505149,0.999550,0.513324,0.999369,1043.7,0.001000
196800,0.574508,0.997478,0.585537,0.996757,1044.2,0.001000
196900,0.561835,0.999640,0.574443,0.999550,1044.8,0.001000
197000,0.515907,0.999910,0.525535,0.999910,1045.3,0.001000
197100,0.538861,0.999009,0.547898,0.999279,1045.8,0.001000
197200,0.802059,0.958198,0.816423,0.956310,1046.4,0.001000
197300,0.599056,0.996126,0.609504,0.995406,1046.9,0.001000
197400,0.630165,0.968108,0.638315,0.968111,1047.4,0.001000
197500,0.559197,0.996036,0.568967,0.996397,1047.9,0.001000
197600,0.466019,1.000000,0.475508,1.000000,1048.5,0.001000
197700,0.488285,1.000000,0.497165,1.000000,1049.0,0.001000
197800,0.785862,0.873694,0.799762,0.867940,1049.5,0.001000
197900,0.511349,1.000000,0.520721,1.000000,1050.1,0.001000
198000,0.586496,0.999730,0.599906,0.999910,1050.6,0.001000
198100,0.530369,1.000000,0.540960,1.000000,1051.1,0.001000
198200,0.501293,0.999910,0.509708,1.000000,1051.7,0.001000
198300,0.513281,0.998919,0.524779,0.996577,1052.2,0.001000
198400,0.497295,0.998829,0.507699,0.999009,1052.7,0.001000
198500,0.481990,1.000000,0.490573,1.000000,1053.2,0.001000
198600,0.482234,1.000000,0.491704,1.000000,1053.8,0.001000
198700,0.469103,1.000000,0.477969,1.000000,1054.3,0.001000
198800,0.486214,1.000000,0.496094,1.000000,1054.9,0.001000
198900,0.573984,0.998198,0.581170,0.997568,1055.4,0.001000
199000,0.535328,0.999640,0.545006,0.999460,1055.9,0.001000
199100,0.547172,0.999550,0.559172,0.999550,1056.4,0.001000
199200,0.499556,1.000000,0.509276,0.999910,1057.0,0.001000
199300,0.452424,1.000000,0.460908,1.000000,1057.5,0.001000
199400,0.485411,1.000000,0.495196,1.000000,1058.1,0.001000
199500,0.552632,0.998739,0.564448,0.998198,1058.6,0.001000
199600,0.775676,0.978468,0.790943,0.976939,1059.1,0.001000
199700,0.506392,0.999640,0.517599,0.999550,1059.6,0.001000
199800,0.489612,1.000000,0.500537,1.000000,1060.2,0.001000
199900,0.591893,0.999279,0.605624,0.998919,1060.7,0.001000
