step,train_loss,train_acc,test_loss,test_acc,elapsed_sec,lr
0,5.490590,0.006937,5.487159,0.005945,0.1,0.000020
100,5.004597,0.010360,5.065418,0.005225,0.6,0.001000
200,4.808980,0.042342,5.241486,0.005495,1.1,0.001000
300,4.235137,0.097568,4.509163,0.022701,1.6,0.001000
400,3.322638,0.260270,3.499339,0.092154,2.2,0.001000
500,2.418502,0.643874,2.489909,0.523737,2.7,0.001000
600,1.812666,0.905766,1.849031,0.884335,3.2,0.001000
700,1.248811,0.998378,1.271779,0.997388,3.8,0.001000
800,1.007286,0.998018,1.023564,0.997388,4.3,0.001000
900,1.027285,0.970721,1.038556,0.965318,4.9,0.001000
1000,0.835941,0.996937,0.846880,0.996577,5.4,0.001000
1100,0.785602,0.993964,0.796990,0.993334,5.9,0.001000
1200,0.664613,0.999640,0.674647,0.998919,6.4,0.001000
1300,0.579072,1.000000,0.587307,1.000000,7.0,0.001000
1400,0.604646,0.999279,0.613388,0.999099,7.5,0.001000
1500,0.614747,0.997117,0.623138,0.996937,8.0,0.001000
1600,0.563498,0.999009,0.571445,0.998649,8.5,0.001000
1700,0.668261,0.982703,0.672865,0.983875,9.0,0.001000
1800,0.551176,0.999820,0.558913,0.999460,9.5,0.001000
1900,0.560710,0.998018,0.570011,0.998649,10.1,0.001000
2000,0.570516,0.997297,0.579688,0.996036,10.6,0.001000
2100,0.781792,0.980450,0.793863,0.979011,11.1,0.001000
2200,0.778790,0.961892,0.795190,0.958022,11.6,0.001000
2300,0.588912,0.999369,0.597411,0.998829,12.2,0.001000
2400,0.506825,0.999640,0.515395,0.999820,12.7,0.001000
2500,0.506496,1.000000,0.515336,1.000000,13.2,0.001000
2600,0.576888,0.996847,0.585322,0.995856,13.8,0.001000
2700,0.988289,0.927387,1.008706,0.918836,14.3,0.001000
2800,0.510705,1.000000,0.518476,1.000000,14.8,0.001000
2900,0.693111,0.970450,0.704117,0.969102,15.3,0.001000
3000,0.617503,0.979640,0.627787,0.978110,15.9,0.001000
3100,0.478470,0.999910,0.486962,0.999910,16.4,0.001000
3200,0.600985,0.993333,0.609786,0.993514,16.9,0.001000
3300,0.795494,0.893243,0.808749,0.888388,17.4,0.001000
3400,0.893292,0.875586,0.900498,0.871093,17.9,0.001000
3500,0.583958,0.996306,0.592686,0.996667,18.5,0.001000
3600,0.505124,1.000000,0.511558,1.000000,19.1,0.001000
3700,0.465998,1.000000,0.473781,1.000000,19.6,0.001000
3800,0.508752,0.999910,0.516650,0.999730,20.1,0.001000
3900,0.475997,1.000000,0.484251,1.000000,20.7,0.001000
4000,0.438837,1.000000,0.446635,1.000000,21.2,0.001000
4100,0.506287,0.999910,0.516450,0.999730,21.7,0.001000
4200,0.597837,0.995856,0.607513,0.996397,22.2,0.001000
4300,0.639347,0.990901,0.646384,0.991712,22.7,0.001000
4400,1.262119,0.787297,1.270604,0.782812,23.3,0.001000
4500,0.466420,1.000000,0.473849,1.000000,23.8,0.001000
4600,0.502394,0.999730,0.510226,0.999820,24.3,0.001000
4700,0.494716,1.000000,0.503522,0.999460,24.9,0.001000
4800,0.594626,0.993964,0.606612,0.992343,25.4,0.001000
4900,1.004782,0.867568,1.018403,0.868210,25.9,0.001000
5000,0.612648,0.988108,0.618813,0.985046,26.5,0.001000
5100,1.141575,0.757478,1.142883,0.750293,27.0,0.001000
5200,1.132300,0.864865,1.152257,0.854247,27.5,0.001000
5300,0.526196,0.999640,0.535060,0.999640,28.0,0.001000
5400,0.475601,1.000000,0.483917,1.000000,28.6,0.001000
5500,1.135517,0.805315,1.151155,0.793892,29.1,0.001000
5600,0.475665,1.000000,0.482532,1.000000,29.6,0.001000
5700,0.499203,1.000000,0.507618,1.000000,30.1,0.001000
5800,0.894005,0.939460,0.905494,0.938204,30.6,0.001000
5900,0.559552,0.992973,0.568337,0.992884,31.1,0.001000
6000,0.823995,0.920090,0.834908,0.913431,31.6,0.001000
6100,0.558833,0.993784,0.570709,0.992073,32.2,0.001000
6200,0.934986,0.911982,0.956107,0.906765,32.7,0.001000
6300,0.668296,0.991982,0.682809,0.991172,33.3,0.001000
6400,0.478984,0.999730,0.487057,0.999730,33.8,0.001000
6500,0.469869,1.000000,0.477914,1.000000,34.3,0.001000
6600,0.492421,0.999820,0.499999,0.999820,34.8,0.001000
6700,0.477231,1.000000,0.486236,1.000000,35.4,0.001000
6800,0.466534,1.000000,0.473586,1.000000,35.9,0.001000
6900,0.448709,1.000000,0.457065,1.000000,36.4,0.001000
7000,0.453471,1.000000,0.460757,1.000000,36.9,0.001000
7100,0.462357,1.000000,0.469911,1.000000,37.4,0.001000
7200,0.479230,0.999910,0.489054,0.999820,38.0,0.001000
7300,0.757205,0.944955,0.773922,0.939465,38.5,0.001000
7400,0.719873,0.964144,0.732825,0.962256,39.0,0.001000
7500,0.452891,1.000000,0.461477,1.000000,39.6,0.001000
7600,0.608028,0.997297,0.619453,0.997388,40.1,0.001000
7700,0.503558,0.999910,0.511482,0.999820,40.6,0.001000
7800,0.513191,0.999009,0.522593,0.999099,41.2,0.001000
7900,0.449299,1.000000,0.457157,1.000000,41.7,0.001000
8000,0.494880,1.000000,0.505459,1.000000,42.2,0.001000
8100,0.856605,0.939279,0.872517,0.936402,42.7,0.001000
8200,0.501477,0.999550,0.511174,0.999099,43.2,0.001000
8300,0.478638,0.999820,0.486793,0.999910,43.8,0.001000
8400,0.419650,1.000000,0.427168,1.000000,44.3,0.001000
8500,0.450792,0.999910,0.458097,1.000000,44.9,0.001000
8600,0.490789,1.000000,0.498872,1.000000,45.4,0.001000
8700,0.446153,1.000000,0.453489,1.000000,45.9,0.001000
8800,0.479112,0.999820,0.487251,0.999730,46.5,0.001000
8900,0.465253,0.999910,0.473843,0.999820,47.0,0.001000
9000,0.477870,0.999910,0.485045,0.999910,47.5,0.001000
9100,0.588823,0.996486,0.598185,0.996307,48.1,0.001000
9200,1.103385,0.825766,1.118769,0.810287,48.6,0.001000
9300,0.490849,1.000000,0.499792,0.999910,49.1,0.001000
9400,0.496822,1.000000,0.505498,1.000000,49.7,0.001000
9500,0.504141,0.999910,0.512739,1.000000,50.2,0.001000
9600,0.658128,0.985856,0.672607,0.984506,50.7,0.001000
9700,0.752703,0.974955,0.761598,0.977029,51.2,0.001000
9800,0.514212,0.999279,0.522776,0.999640,51.8,0.001000
9900,0.496859,1.000000,0.506506,1.000000,52.3,0.001000
10000,0.552234,0.992793,0.560773,0.992163,52.8,0.001000
10100,0.839232,0.915496,0.856634,0.911810,53.4,0.001000
10200,0.515716,0.999460,0.526884,0.999279,53.9,0.001000
10300,0.466679,1.000000,0.472556,1.000000,54.4,0.001000
10400,0.614781,0.995405,0.627214,0.992974,54.9,0.001000
10500,0.618413,0.987838,0.629257,0.988379,55.5,0.001000
10600,0.741982,0.985586,0.756210,0.986668,56.0,0.001000
10700,0.665670,0.990721,0.681018,0.989550,56.5,0.001000
10800,0.602164,0.998919,0.610907,0.998559,57.1,0.001000
10900,0.740298,0.948469,0.754477,0.944329,57.6,0.001000
11000,0.681385,0.982973,0.698293,0.979371,58.1,0.001000
11100,0.835488,0.949189,0.852812,0.944870,58.6,0.001000
11200,0.511674,0.998919,0.522771,0.998559,59.2,0.001000
11300,0.457759,1.000000,0.466403,1.000000,59.7,0.001000
11400,0.485666,1.000000,0.492803,1.000000,60.2,0.001000
11500,0.767168,0.974414,0.776319,0.971985,60.7,0.001000
11600,0.450648,1.000000,0.458539,1.000000,61.3,0.001000
11700,0.521378,0.999730,0.535524,0.999189,61.8,0.001000
11800,0.517058,0.998829,0.526222,0.998739,62.3,0.001000
11900,0.489848,1.000000,0.499237,1.000000,62.8,0.001000
12000,0.526720,0.999910,0.535345,0.999820,63.3,0.001000
12100,0.473806,1.000000,0.481739,1.000000,63.8,0.001000
12200,0.551821,0.999550,0.560610,0.999910,64.4,0.001000
12300,0.642668,0.989009,0.651562,0.988019,64.9,0.001000
12400,0.541715,0.999460,0.552030,0.999279,65.4,0.001000
12500,0.568493,0.999730,0.579998,0.999640,66.0,0.001000
12600,0.497402,1.000000,0.506327,0.999910,66.6,0.001000
12700,0.533172,0.998919,0.542710,0.999099,67.1,0.001000
12800,0.459533,1.000000,0.467658,1.000000,67.6,0.001000
12900,0.482724,1.000000,0.490468,1.000000,68.2,0.001000
13000,0.481867,1.000000,0.490905,1.000000,68.7,0.001000
13100,0.478998,1.000000,0.487936,1.000000,69.2,0.001000
13200,0.524286,0.999730,0.532927,0.999910,69.7,0.001000
13300,0.511621,1.000000,0.523136,0.999730,70.3,0.001000
13400,0.474262,1.000000,0.483531,0.999820,70.8,0.001000
13500,0.482222,1.000000,0.489380,1.000000,71.3,0.001000
13600,0.638308,0.998018,0.650733,0.997478,71.8,0.001000
13700,0.624076,0.975676,0.636304,0.972075,72.4,0.001000
13800,0.603969,0.991261,0.618398,0.990001,72.9,0.001000
13900,0.568650,0.999910,0.578581,0.999820,73.4,0.001000
14000,1.071978,0.747027,1.084719,0.740924,74.0,0.001000
14100,0.637978,0.987658,0.650670,0.985317,74.5,0.001000
14200,0.562671,0.999550,0.574571,0.999550,75.0,0.001000
14300,0.943040,0.813694,0.964386,0.804252,75.5,0.001000
14400,0.774766,0.943423,0.793235,0.938114,76.1,0.001000
14500,0.453783,1.000000,0.462417,1.000000,76.6,0.001000
14600,0.470767,1.000000,0.479845,1.000000,77.1,0.001000
14700,0.487856,1.000000,0.497548,1.000000,77.7,0.001000
14800,0.472245,1.000000,0.482060,1.000000,78.2,0.001000
14900,0.701477,0.941802,0.715527,0.934510,78.7,0.001000
15000,0.726478,0.944054,0.740865,0.943699,79.3,0.001000
15100,0.544472,0.999279,0.554779,0.998559,79.8,0.001000
15200,0.518033,1.000000,0.526527,0.999910,80.3,0.001000
15300,0.506106,1.000000,0.514486,1.000000,80.8,0.001000
15400,0.559156,0.999369,0.569365,0.998919,81.4,0.001000
15500,1.181586,0.716126,1.194019,0.717593,81.9,0.001000
15600,0.562526,0.996216,0.572901,0.995496,82.4,0.001000
15700,0.467897,1.000000,0.476774,1.000000,82.9,0.001000
15800,0.836598,0.949189,0.845438,0.946942,83.4,0.001000
15900,1.031281,0.859189,1.043486,0.857580,84.0,0.001000
16000,0.642717,0.998469,0.657984,0.997568,84.5,0.001000
16100,0.517226,1.000000,0.527362,1.000000,85.0,0.001000
16200,0.483071,1.000000,0.490393,1.000000,85.6,0.001000
16300,0.472211,1.000000,0.481061,1.000000,86.1,0.001000
16400,0.594378,0.996216,0.603360,0.996487,86.6,0.001000
16500,0.586189,0.998378,0.598531,0.998288,87.1,0.001000
16600,0.492236,0.999550,0.504849,0.999550,87.7,0.001000
16700,0.487304,1.000000,0.497694,0.999820,88.2,0.001000
16800,0.504250,1.000000,0.513554,0.999910,88.7,0.001000
16900,0.457842,1.000000,0.465883,1.000000,89.3,0.001000
17000,0.528446,0.998829,0.539528,0.998379,89.8,0.001000
17100,0.534051,0.999820,0.545167,0.999550,90.4,0.001000
17200,0.518706,0.999910,0.530478,0.999640,90.9,0.001000
17300,0.532532,0.999640,0.542352,0.999640,91.4,0.001000
17400,0.689870,0.969730,0.705277,0.968471,91.9,0.001000
17500,0.971026,0.821892,0.982251,0.821908,92.5,0.001000
17600,0.613626,0.991532,0.630498,0.989460,93.0,0.001000
17700,0.954249,0.912883,0.976586,0.900640,93.5,0.001000
17800,0.866600,0.878649,0.885870,0.872624,94.0,0.001000
17900,0.685997,0.983784,0.701309,0.981263,94.6,0.001000
18000,0.646983,0.990360,0.658374,0.993154,95.1,0.001000
18100,0.540819,0.999369,0.549866,0.999550,95.6,0.001000
18200,0.504411,1.000000,0.515016,0.999910,96.1,0.001000
18300,0.450695,1.000000,0.459003,1.000000,96.6,0.001000
18400,0.481763,0.999820,0.488791,0.999730,97.2,0.001000
18500,0.462103,1.000000,0.471000,1.000000,97.7,0.001000
18600,0.488548,0.999910,0.495370,0.999910,98.2,0.001000
18700,0.507832,0.999820,0.517913,0.999189,98.7,0.001000
18800,0.483239,1.000000,0.491689,1.000000,99.3,0.001000
18900,0.475760,1.000000,0.485184,1.000000,99.8,0.001000
19000,0.491508,1.000000,0.500279,1.000000,100.3,0.001000
19100,0.495749,1.000000,0.505119,1.000000,100.8,0.001000
19200,0.508354,0.999730,0.518329,0.999640,101.4,0.001000
19300,0.640540,0.999099,0.652458,0.998829,101.9,0.001000
19400,0.503017,1.000000,0.511684,1.000000,102.5,0.001000
19500,0.471313,1.000000,0.479197,1.000000,103.0,0.001000
19600,0.554830,0.999009,0.562652,0.998198,103.5,0.001000
19700,0.467689,1.000000,0.476477,1.000000,104.1,0.001000
19800,0.865261,0.920541,0.880426,0.920097,104.6,0.001000
19900,0.583778,0.997297,0.594662,0.996217,105.1,0.001000
20000,0.470222,1.000000,0.478889,1.000000,105.6,0.001000
20100,0.459568,1.000000,0.469013,1.000000,106.1,0.001000
20200,0.490728,1.000000,0.500075,1.000000,106.7,0.001000
20300,0.496908,1.000000,0.504179,1.000000,107.2,0.001000
20400,0.498897,1.000000,0.507702,0.999910,107.7,0.001000
20500,0.475483,0.999820,0.484360,1.000000,108.3,0.001000
20600,0.472755,0.999910,0.480947,0.999820,108.8,0.001000
20700,0.514829,1.000000,0.524910,1.000000,109.3,0.001000
20800,0.491933,1.000000,0.501971,1.000000,109.8,0.001000
20900,0.588938,0.996486,0.596096,0.997928,110.4,0.001000
21000,0.583319,0.998829,0.596603,0.999009,110.9,0.001000
21100,0.544474,0.996847,0.558977,0.994325,111.5,0.001000
21200,0.516906,0.999640,0.527271,0.999820,112.0,0.001000
21300,0.519235,1.000000,0.526886,1.000000,112.5,0.001000
21400,0.497732,1.000000,0.506331,1.000000,113.0,0.001000
21500,0.511497,0.999910,0.519962,1.000000,113.6,0.001000
21600,0.746883,0.982973,0.761785,0.981083,114.1,0.001000
21700,0.497041,0.999460,0.506355,0.999369,114.7,0.001000
21800,0.815779,0.902162,0.830328,0.898748,115.2,0.001000
21900,0.703300,0.978108,0.716642,0.974687,115.7,0.001000
22000,0.533676,1.000000,0.545610,1.000000,116.3,0.001000
22100,0.518875,0.999640,0.530000,0.999550,116.8,0.001000
22200,0.514641,1.000000,0.525551,1.000000,117.3,0.001000
22300,0.609224,0.997478,0.624398,0.995946,117.8,0.001000
22400,0.679320,0.982613,0.690815,0.984055,118.3,0.001000
22500,0.522829,0.999910,0.532723,0.999820,118.9,0.001000
22600,0.542773,0.998919,0.553656,0.999009,119.4,0.001000
22700,0.776799,0.947748,0.797178,0.941717,119.9,0.001000
22800,0.676346,0.971532,0.689513,0.966399,120.5,0.001000
22900,0.702272,0.986396,0.713454,0.987929,121.0,0.001000
23000,0.639486,0.976937,0.650781,0.972885,121.5,0.001000
23100,0.665017,0.972883,0.673022,0.972165,122.1,0.001000
23200,0.521340,0.999820,0.530797,1.000000,122.6,0.001000
23300,0.565614,0.998919,0.577628,0.997838,123.1,0.001000
23400,0.511803,0.999910,0.520207,0.999910,123.7,0.001000
23500,0.563887,0.998198,0.577676,0.998108,124.2,0.001000
23600,0.487270,0.999460,0.496162,0.999460,124.7,0.001000
23700,0.443224,1.000000,0.451692,1.000000,125.2,0.001000
23800,0.841181,0.914234,0.862812,0.904693,125.7,0.001000
23900,1.062083,0.860450,1.087223,0.854337,126.3,0.001000
24000,0.586024,0.989730,0.595695,0.987929,126.8,0.001000
24100,0.449896,1.000000,0.458555,1.000000,127.3,0.001000
24200,0.455655,1.000000,0.464352,1.000000,127.9,0.001000
24300,0.829452,0.931532,0.842835,0.927664,128.4,0.001000
24400,0.465363,1.000000,0.475886,0.999820,128.9,0.001000
24500,0.447325,1.000000,0.456053,1.000000,129.4,0.001000
24600,0.674551,0.962613,0.682221,0.962346,130.0,0.001000
24700,0.548297,0.991712,0.562192,0.991622,130.5,0.001000
24800,0.468685,1.000000,0.479281,1.000000,131.0,0.001000
24900,0.481296,0.999910,0.489037,1.000000,131.5,0.001000
25000,0.450027,1.000000,0.458421,1.000000,132.3,0.001000
25100,0.450880,1.000000,0.459347,1.000000,132.9,0.001000
25200,0.558531,0.995225,0.568386,0.994325,133.4,0.001000
25300,0.507816,0.999910,0.518161,1.000000,133.9,0.001000
25400,0.583516,0.996667,0.594412,0.998018,134.5,0.001000
25500,1.072337,0.864054,1.095317,0.857580,135.0,0.001000
25600,0.479354,1.000000,0.488119,1.000000,135.6,0.001000
25700,0.487411,1.000000,0.495606,1.000000,136.1,0.001000
25800,0.529488,0.998469,0.538880,0.998559,136.6,0.001000
25900,0.522798,0.999099,0.533578,0.999369,137.2,0.001000
26000,0.570394,0.998018,0.582609,0.997748,137.7,0.001000
26100,0.643532,0.998829,0.660931,0.998739,138.2,0.001000
26200,0.555502,0.998469,0.565588,0.999009,138.8,0.001000
26300,0.565984,0.999009,0.576630,0.999189,139.3,0.001000
26400,0.511943,0.999730,0.521019,0.999460,139.8,0.001000
26500,0.543845,0.999099,0.556517,0.998559,140.4,0.001000
26600,0.478235,1.000000,0.485974,1.000000,140.9,0.001000
26700,0.467094,1.000000,0.476394,1.000000,141.4,0.001000
26800,0.804798,0.989550,0.817721,0.985497,141.9,0.001000
26900,0.869422,0.938108,0.894259,0.927034,142.5,0.001000
27000,0.683603,0.986396,0.694000,0.985587,143.0,0.001000
27100,0.494685,1.000000,0.506197,1.000000,143.5,0.001000
27200,0.750290,0.958739,0.766521,0.955049,144.1,0.001000
27300,0.559805,0.998559,0.572534,0.997117,144.6,0.001000
27400,0.550082,0.999369,0.561682,0.999099,145.1,0.001000
27500,0.469426,1.000000,0.477656,0.999910,145.7,0.001000
27600,0.443919,1.000000,0.451961,1.000000,146.2,0.001000
27700,0.462008,1.000000,0.471248,1.000000,146.7,0.001000
27800,0.490133,0.999640,0.499429,0.999820,147.2,0.001000
27900,0.641206,0.994865,0.653976,0.994865,147.7,0.001000
28000,0.579666,0.995225,0.595893,0.994865,148.3,0.001000
28100,0.455361,1.000000,0.465347,1.000000,148.8,0.001000
28200,0.448819,1.000000,0.457949,1.000000,149.3,0.001000
28300,0.502694,0.999369,0.512667,0.999460,149.8,0.001000
28400,0.551189,0.999099,0.560965,0.998649,150.3,0.001000
28500,0.520233,0.998649,0.531803,0.999369,150.9,0.001000
28600,0.616478,0.995135,0.631130,0.992253,151.4,0.001000
28700,1.026473,0.839730,1.041318,0.832988,151.9,0.001000
28800,0.764991,0.965045,0.789021,0.957752,152.5,0.001000
28900,0.620111,0.986847,0.631816,0.984686,153.0,0.001000
29000,0.556686,0.996757,0.566031,0.995856,153.5,0.001000
29100,0.580489,0.994685,0.592000,0.992433,154.1,0.001000
29200,0.466232,0.999910,0.474608,1.000000,154.6,0.001000
29300,0.795833,0.901441,0.807229,0.895955,155.1,0.001000
29400,0.577832,0.991982,0.589836,0.990091,155.7,0.001000
29500,0.528239,0.999279,0.537569,0.999640,156.2,0.001000
29600,0.779136,0.949009,0.803316,0.943068,156.7,0.001000
29700,1.008938,0.788108,1.018850,0.787136,157.2,0.001000
29800,0.452563,1.000000,0.459892,1.000000,157.7,0.001000
29900,0.908949,0.821171,0.922085,0.809386,158.3,0.001000
30000,0.928820,0.876216,0.943418,0.867219,158.8,0.001000
30100,0.488206,0.999910,0.498052,0.999820,159.3,0.001000
30200,0.550725,0.999640,0.561245,0.999550,159.9,0.001000
30300,0.487280,0.999640,0.496261,0.999460,160.4,0.001000
30400,0.546777,0.999369,0.557599,0.999009,160.9,0.001000
30500,0.536048,0.999640,0.547586,0.999640,161.5,0.001000
30600,0.606887,0.976216,0.620067,0.972975,162.0,0.001000
30700,0.500518,1.000000,0.511474,0.999460,162.5,0.001000
30800,1.011864,0.848919,1.028926,0.841726,163.1,0.001000
30900,0.577218,0.998829,0.588917,0.998018,163.6,0.001000
31000,0.775015,0.948649,0.799408,0.939825,164.1,0.001000
31100,0.574618,0.997387,0.585968,0.996126,164.6,0.001000
31200,0.531684,0.998829,0.544909,0.998649,165.2,0.001000
31300,0.519745,0.999279,0.530058,0.998649,165.7,0.001000
31400,0.519739,0.999279,0.531921,0.998739,166.2,0.001000
31500,0.470449,1.000000,0.479307,0.999730,166.7,0.001000
31600,0.429683,1.000000,0.437106,1.000000,167.3,0.001000
31700,0.449277,1.000000,0.456600,1.000000,167.8,0.001000
31800,0.427699,1.000000,0.436228,1.000000,168.3,0.001000
31900,0.467195,1.000000,0.477483,1.000000,168.8,0.001000
32000,0.631280,0.995405,0.640944,0.994865,169.4,0.001000
32100,1.221309,0.739820,1.246012,0.734258,169.9,0.001000
32200,0.437805,1.000000,0.447026,1.000000,170.5,0.001000
32300,0.503063,1.000000,0.515022,1.000000,171.0,0.001000
32400,0.465425,1.000000,0.474166,1.000000,171.5,0.001000
32500,0.603911,0.994054,0.614828,0.993694,172.0,0.001000
32600,0.763349,0.941892,0.773763,0.939915,172.6,0.001000
32700,0.594159,0.996667,0.611154,0.996937,173.1,0.001000
32800,1.117931,0.835766,1.131255,0.829745,173.6,0.001000
32900,0.429615,1.000000,0.438033,1.000000,174.1,0.001000
33000,0.503258,1.000000,0.513418,0.999640,174.7,0.001000
33100,0.456258,1.000000,0.465211,1.000000,175.2,0.001000
33200,0.476566,1.000000,0.485182,1.000000,175.7,0.001000
33300,0.549655,0.996937,0.560469,0.996757,176.2,0.001000
33400,0.566185,0.998649,0.579588,0.997568,176.8,0.001000
33500,0.848678,0.923604,0.873209,0.913431,177.3,0.001000
33600,0.894371,0.865225,0.910088,0.858121,177.9,0.001000
33700,0.543503,0.998559,0.552893,0.998829,178.4,0.001000
33800,0.478886,1.000000,0.487981,1.000000,178.9,0.001000
33900,0.468010,1.000000,0.476608,1.000000,179.5,0.001000
34000,0.469993,1.000000,0.477669,0.999820,180.0,0.001000
34100,0.630105,0.988288,0.648140,0.985587,180.6,0.001000
34200,1.711821,0.546757,1.716515,0.542023,181.1,0.001000
34300,0.468280,1.000000,0.476286,1.000000,181.6,0.001000
34400,0.436908,1.000000,0.445178,1.000000,182.2,0.001000
34500,0.439793,1.000000,0.447937,1.000000,182.7,0.001000
34600,0.441222,0.999820,0.447755,0.999820,183.2,0.001000
34700,0.429653,1.000000,0.437897,1.000000,183.7,0.001000
34800,0.523227,0.999460,0.537754,0.999820,184.3,0.001000
34900,0.531029,0.999640,0.543230,0.999730,184.8,0.001000
35000,0.528114,0.998739,0.539453,0.998108,185.3,0.001000
35100,0.670441,0.997207,0.683351,0.995226,185.9,0.001000
35200,1.313845,0.788919,1.325470,0.782542,186.4,0.001000
35300,1.234895,0.811351,1.248818,0.797676,186.9,0.001000
35400,0.495893,1.000000,0.504089,1.000000,187.4,0.001000
35500,2.055887,0.426036,2.084492,0.422665,188.0,0.001000
35600,0.455279,1.000000,0.464467,1.000000,188.5,0.001000
35700,0.431126,1.000000,0.439093,1.000000,189.0,0.001000
35800,0.435261,1.000000,0.443483,1.000000,189.5,0.001000
35900,0.469915,1.000000,0.478204,0.999820,190.1,0.001000
36000,0.452450,0.999730,0.461505,0.999730,190.6,0.001000
36100,0.444554,1.000000,0.452439,1.000000,191.1,0.001000
36200,0.416495,1.000000,0.424557,1.000000,191.6,0.001000
36300,0.469445,1.000000,0.478794,1.000000,192.2,0.001000
36400,0.442789,1.000000,0.452335,1.000000,192.7,0.001000
36500,0.429545,1.000000,0.437409,1.000000,193.2,0.001000
36600,0.456131,0.999910,0.464568,0.999910,193.8,0.001000
36700,0.441255,1.000000,0.449399,1.000000,194.3,0.001000
36800,0.408378,1.000000,0.416746,1.000000,194.8,0.001000
36900,0.508010,0.999910,0.517252,0.999550,195.3,0.001000
37000,0.442770,0.999820,0.450427,0.999730,195.9,0.001000
37100,0.468171,0.999910,0.476274,1.000000,196.4,0.001000
37200,0.501464,0.999730,0.511190,0.999910,196.9,0.001000
37300,0.493441,1.000000,0.503711,1.000000,197.4,0.001000
37400,0.456398,1.000000,0.466814,1.000000,198.0,0.001000
37500,0.425117,1.000000,0.433638,1.000000,198.5,0.001000
37600,0.413888,1.000000,0.422354,1.000000,199.0,0.001000
37700,0.421184,1.000000,0.428414,1.000000,199.6,0.001000
37800,0.524657,0.999279,0.536035,0.998379,200.1,0.001000
37900,1.937115,0.453243,1.956345,0.445996,200.6,0.001000
38000,1.285480,0.724775,1.309652,0.716062,201.1,0.001000
38100,0.987494,0.981351,0.998280,0.977479,201.6,0.001000
38200,0.427119,1.000000,0.434383,1.000000,202.2,0.001000
38300,1.180018,0.798378,1.200941,0.788307,202.7,0.001000
38400,0.779139,0.956306,0.801247,0.950275,203.2,0.001000
38500,0.756182,0.975045,0.776869,0.970273,203.7,0.001000
38600,0.416037,1.000000,0.424334,1.000000,204.3,0.001000
38700,0.431922,1.000000,0.441254,1.000000,204.8,0.001000
38800,0.447643,1.000000,0.455252,0.999910,205.3,0.001000
38900,0.529439,0.999820,0.538783,0.999730,205.9,0.001000
39000,1.287399,0.774505,1.323996,0.762003,206.4,0.001000
39100,0.437369,1.000000,0.445666,1.000000,206.9,0.001000
39200,0.447657,1.000000,0.457412,1.000000,207.5,0.001000
39300,0.607795,0.997928,0.618424,0.997928,208.0,0.001000
39400,0.955745,0.864955,0.976899,0.859022,208.5,0.001000
39500,0.425709,1.000000,0.433684,1.000000,209.1,0.001000
39600,0.460084,1.000000,0.469488,1.000000,209.6,0.001000
39700,0.458953,1.000000,0.469570,0.999910,210.1,0.001000
39800,0.453112,1.000000,0.461125,1.000000,210.7,0.001000
39900,0.506091,0.998739,0.516117,0.998559,211.2,0.001000
40000,0.419355,1.000000,0.426415,1.000000,211.7,0.001000
40100,0.445137,1.000000,0.454864,1.000000,212.3,0.001000
40200,0.646206,0.983604,0.663105,0.981173,212.9,0.001000
40300,2.052594,0.357568,2.069698,0.359067,213.4,0.001000
40400,0.430537,1.000000,0.438038,1.000000,213.9,0.001000
40500,0.482147,0.999910,0.491362,0.999640,214.4,0.001000
40600,0.948217,0.874414,0.970091,0.867129,215.0,0.001000
40700,0.671925,0.972883,0.685697,0.968742,215.5,0.001000
40800,0.445440,1.000000,0.453170,1.000000,216.0,0.001000
40900,0.418899,1.000000,0.425910,1.000000,216.5,0.001000
41000,0.435329,1.000000,0.445228,0.999910,217.1,0.001000
41100,0.419136,1.000000,0.426770,1.000000,217.6,0.001000
41200,0.441293,1.000000,0.449485,0.999820,218.1,0.001000
41300,0.425802,1.000000,0.434493,1.000000,218.6,0.001000
41400,0.422254,1.000000,0.430016,1.000000,219.1,0.001000
41500,0.435709,1.000000,0.442887,1.000000,219.7,0.001000
41600,0.411234,1.000000,0.419906,1.000000,220.2,0.001000
41700,2.016721,0.524144,2.046063,0.523827,220.7,0.001000
41800,0.414989,1.000000,0.423321,1.000000,221.3,0.001000
41900,0.443713,1.000000,0.451726,1.000000,221.8,0.001000
42000,0.493550,0.999910,0.502938,0.999730,222.3,0.001000
42100,0.501202,0.997928,0.512270,0.996307,222.8,0.001000
42200,0.519205,0.999279,0.527428,0.999279,223.3,0.001000
42300,0.616776,0.958829,0.628069,0.957481,223.9,0.001000
42400,0.402657,1.000000,0.410951,1.000000,224.4,0.001000
42500,0.408477,1.000000,0.416543,1.000000,224.9,0.001000
42600,0.447483,1.000000,0.455161,1.000000,225.4,0.001000
42700,0.458328,1.000000,0.469459,1.000000,226.0,0.001000
42800,0.436159,1.000000,0.443854,1.000000,226.5,0.001000
42900,0.432066,1.000000,0.439880,1.000000,227.0,0.001000
43000,0.569387,0.988829,0.577434,0.987208,227.6,0.001000
43100,0.891080,0.877658,0.909235,0.869381,228.1,0.001000
43200,0.729402,0.975315,0.744107,0.968922,228.6,0.001000
43300,1.002808,0.801532,1.020481,0.796325,229.2,0.001000
43400,1.268546,0.701802,1.292701,0.689037,229.7,0.001000
43500,0.449623,1.000000,0.457466,1.000000,230.2,0.001000
43600,0.476190,1.000000,0.485675,1.000000,230.8,0.001000
43700,0.567862,0.999820,0.579724,0.999910,231.3,0.001000
43800,0.826736,0.950180,0.849119,0.942077,231.8,0.001000
43900,0.502939,0.999640,0.512707,0.999820,232.4,0.001000
44000,0.498040,0.997207,0.507926,0.995496,232.9,0.001000
44100,0.657995,0.965496,0.675324,0.959733,233.4,0.001000
44200,0.435546,1.000000,0.445130,0.999730,233.9,0.001000
44300,0.429576,1.000000,0.438375,1.000000,234.5,0.001000
44400,0.555532,0.994955,0.571683,0.993964,235.0,0.001000
44500,0.536361,0.996757,0.545734,0.996217,235.6,0.001000
44600,0.445688,1.000000,0.455627,1.000000,236.1,0.001000
44700,0.490279,1.000000,0.500733,0.999730,236.6,0.001000
44800,0.481325,0.999730,0.490696,0.999730,237.1,0.001000
44900,0.408977,1.000000,0.417132,1.000000,237.7,0.001000
45000,0.433413,1.000000,0.441613,1.000000,238.2,0.001000
45100,0.422934,1.000000,0.431455,1.000000,238.7,0.001000
45200,0.526441,0.996216,0.535965,0.994235,239.2,0.001000
45300,0.683813,0.946487,0.699637,0.944510,239.8,0.001000
45400,0.783875,0.947117,0.800915,0.947933,240.3,0.001000
45500,0.572984,0.983514,0.586084,0.980812,240.8,0.001000
45600,1.920594,0.467658,1.939127,0.466444,241.4,0.001000
45700,0.498898,0.999369,0.508447,0.998649,241.9,0.001000
45800,0.434052,1.000000,0.440919,1.000000,242.4,0.001000
45900,0.452188,1.000000,0.461293,1.000000,243.0,0.001000
46000,0.443651,1.000000,0.451174,1.000000,243.5,0.001000
46100,0.534059,0.998739,0.547111,0.996937,244.0,0.001000
46200,0.648599,0.984685,0.664812,0.980722,244.6,0.001000
46300,0.523872,0.996216,0.532062,0.996667,245.1,0.001000
46400,0.661063,0.984685,0.679629,0.981713,245.7,0.001000
46500,0.619736,0.994955,0.630797,0.993244,246.2,0.001000
46600,0.600966,0.995495,0.611076,0.994055,246.7,0.001000
46700,0.430752,1.000000,0.438145,1.000000,247.3,0.001000
46800,0.442450,1.000000,0.450986,1.000000,247.8,0.001000
46900,1.296538,0.680090,1.326648,0.666607,248.3,0.001000
47000,0.961926,0.803604,0.978057,0.796325,248.9,0.001000
47100,0.625271,0.968198,0.637206,0.964418,249.4,0.001000
47200,1.154106,0.762162,1.179391,0.755067,249.9,0.001000
47300,0.423243,1.000000,0.430448,1.000000,250.4,0.001000
47400,0.438147,1.000000,0.445619,1.000000,251.0,0.001000
47500,0.510962,0.999460,0.518195,0.999550,251.5,0.001000
47600,1.483065,0.549550,1.510753,0.539321,252.1,0.001000
47700,0.433665,1.000000,0.441843,1.000000,252.6,0.001000
47800,0.435140,1.000000,0.444190,1.000000,253.2,0.001000
47900,0.404408,1.000000,0.412462,1.000000,253.7,0.001000
48000,0.423419,1.000000,0.431704,1.000000,254.3,0.001000
48100,0.438942,1.000000,0.448835,1.000000,254.8,0.001000
48200,0.445843,0.999820,0.455998,0.999550,255.3,0.001000
48300,0.471047,1.000000,0.480795,1.000000,255.8,0.001000
48400,0.502626,0.999009,0.512632,0.999009,256.3,0.001000
48500,0.649987,0.967568,0.667392,0.961805,256.9,0.001000
48600,0.650117,0.988288,0.666240,0.985857,257.4,0.001000
48700,0.509874,0.999820,0.519162,0.999550,257.9,0.001000
48800,0.500344,0.999730,0.511414,0.999910,258.5,0.001000
48900,0.659615,0.973784,0.674741,0.971084,259.0,0.001000
49000,1.133088,0.758288,1.158134,0.747050,259.6,0.001000
49100,0.627892,0.979640,0.643464,0.977119,260.1,0.001000
49200,0.434578,1.000000,0.444618,1.000000,260.6,0.001000
49300,0.657339,0.987477,0.667490,0.988289,261.1,0.001000
49400,0.636715,0.980450,0.654938,0.975768,261.7,0.001000
49500,0.481439,0.999369,0.492305,0.999640,262.2,0.001000
49600,0.449492,0.999910,0.459724,0.999820,262.7,0.001000
49700,0.590687,0.995495,0.605345,0.994505,263.3,0.001000
49800,0.461225,1.000000,0.473137,1.000000,263.8,0.001000
49900,0.634199,0.992162,0.650687,0.989280,264.3,0.001000
50000,0.437718,1.000000,0.446086,1.000000,264.8,0.001000
50100,0.433886,0.999910,0.442999,0.999910,265.4,0.001000
50200,0.440049,1.000000,0.447658,1.000000,265.9,0.001000
50300,0.568990,0.997207,0.579400,0.996667,266.4,0.001000
50400,0.937376,0.956036,0.967805,0.950095,266.9,0.001000
50500,0.926407,0.939730,0.945383,0.929015,267.5,0.001000
50600,1.485420,0.620000,1.493394,0.620395,268.0,0.001000
50700,0.438044,1.000000,0.445051,1.000000,268.5,0.001000
50800,0.430507,1.000000,0.438188,1.000000,269.0,0.001000
50900,0.451814,1.000000,0.460371,1.000000,269.5,0.001000
51000,0.418467,1.000000,0.426469,1.000000,270.1,0.001000
51100,0.429802,1.000000,0.438879,1.000000,270.6,0.001000
51200,0.448997,1.000000,0.457575,1.000000,271.1,0.001000
51300,0.423530,1.000000,0.431477,1.000000,271.7,0.001000
51400,0.448964,0.999730,0.458197,0.999369,272.2,0.001000
51500,0.571190,0.996396,0.582924,0.995766,272.7,0.001000
51600,0.598407,0.978559,0.611125,0.973156,273.2,0.001000
51700,0.397137,1.000000,0.404502,1.000000,273.8,0.001000
51800,0.419745,1.000000,0.428894,1.000000,274.3,0.001000
51900,0.470140,1.000000,0.480612,0.999910,274.8,0.001000
52000,0.774841,0.941261,0.788762,0.938834,275.3,0.001000
52100,0.406306,1.000000,0.413835,1.000000,275.9,0.001000
52200,0.459523,0.999910,0.470505,0.999820,276.4,0.001000
52300,0.517591,0.999640,0.526746,0.999730,276.9,0.001000
52400,0.635615,0.993423,0.651199,0.991712,277.5,0.001000
52500,0.437425,1.000000,0.445197,1.000000,278.0,0.001000
52600,0.432853,1.000000,0.442519,1.000000,278.5,0.001000
52700,0.413720,1.000000,0.421056,1.000000,279.1,0.001000
52800,1.046999,0.769910,1.072172,0.754527,279.6,0.001000
52900,0.993215,0.797027,1.013924,0.791640,280.2,0.001000
53000,0.402832,1.000000,0.409802,1.000000,280.7,0.001000
53100,0.438404,1.000000,0.445653,1.000000,281.3,0.001000
53200,0.413572,1.000000,0.421626,1.000000,281.8,0.001000
53300,0.455599,1.000000,0.463656,1.000000,282.3,0.001000
53400,0.420614,1.000000,0.427732,1.000000,282.8,0.001000
53500,0.431839,1.000000,0.440276,1.000000,283.4,0.001000
53600,0.447508,0.999910,0.457515,0.999910,283.9,0.001000
53700,0.523104,0.997838,0.531991,0.997298,284.4,0.001000
53800,0.539876,0.989730,0.552134,0.987839,285.0,0.001000
53900,1.284912,0.706577,1.310178,0.696063,285.5,0.001000
54000,0.404029,1.000000,0.411118,1.000000,286.0,0.001000
54100,0.401159,1.000000,0.408638,1.000000,286.6,0.001000
54200,0.449690,0.999099,0.458606,0.999279,287.1,0.001000
54300,0.510940,0.997297,0.520949,0.997117,287.6,0.001000
54400,0.482566,0.999550,0.492611,0.999730,288.2,0.001000
54500,0.617992,0.996937,0.628994,0.994595,288.7,0.001000
54600,0.461793,1.000000,0.471048,1.000000,289.2,0.001000
54700,0.702589,0.898018,0.716909,0.892082,289.8,0.001000
54800,0.416372,1.000000,0.423819,1.000000,290.3,0.001000
54900,0.417757,1.000000,0.427433,1.000000,290.9,0.001000
55000,0.420937,1.000000,0.428576,1.000000,291.4,0.001000
55100,0.422365,1.000000,0.431527,1.000000,291.9,0.001000
55200,0.415626,1.000000,0.423327,1.000000,292.5,0.001000
55300,0.422765,1.000000,0.430932,1.000000,293.0,0.001000
55400,0.430561,1.000000,0.439695,1.000000,293.5,0.001000
55500,0.501535,0.999009,0.510820,0.998198,294.1,0.001000
55600,0.614693,0.987027,0.627797,0.983785,294.6,0.001000
55700,0.612262,0.997027,0.624368,0.995316,295.1,0.001000
55800,0.484277,1.000000,0.493052,1.000000,295.7,0.001000
55900,0.438157,0.999730,0.446941,0.999910,296.2,0.001000
56000,0.402991,1.000000,0.409939,1.000000,296.7,0.001000
56100,0.423893,1.000000,0.433033,1.000000,297.2,0.001000
56200,0.556473,0.994865,0.569512,0.994505,297.7,0.001000
56300,0.586479,0.991081,0.599465,0.988560,298.3,0.001000
56400,0.863159,0.951532,0.884439,0.946221,298.8,0.001000
56500,0.489897,1.000000,0.502484,1.000000,299.4,0.001000
56600,0.838857,0.899189,0.847815,0.898117,299.9,0.001000
56700,0.490576,0.999820,0.499571,0.999640,300.5,0.001000
56800,0.583466,0.983874,0.592785,0.979551,301.0,0.001000
56900,0.534369,0.998288,0.546365,0.998559,301.5,0.001000
57000,0.699594,0.966757,0.717297,0.962166,302.0,0.001000
57100,0.599298,0.978378,0.609595,0.979912,302.6,0.001000
57200,0.564270,0.983874,0.576162,0.981443,303.1,0.001000
57300,0.474152,0.999550,0.484354,0.999460,303.7,0.001000
57400,0.424886,1.000000,0.433000,1.000000,304.2,0.001000
57500,0.468391,0.999910,0.477392,0.999910,304.7,0.001000
57600,0.603012,0.984144,0.615862,0.982974,305.3,0.001000
57700,0.404822,1.000000,0.411247,1.000000,305.8,0.001000
57800,0.400586,1.000000,0.407587,1.000000,306.3,0.001000
57900,0.398182,1.000000,0.404964,1.000000,306.8,0.001000
58000,0.407500,1.000000,0.415096,1.000000,307.4,0.001000
58100,0.515893,0.998288,0.526784,0.998018,307.9,0.001000
58200,1.349287,0.707838,1.379348,0.690118,308.4,0.001000
58300,0.493378,0.999730,0.501592,0.999730,308.9,0.001000
58400,0.430416,1.000000,0.438810,1.000000,309.5,0.001000
58500,0.462421,0.999820,0.470373,1.000000,310.0,0.001000
58600,0.507429,0.999009,0.517861,0.998108,310.5,0.001000
58700,0.523322,0.999279,0.532211,0.999189,311.1,0.001000
58800,1.099415,0.695586,1.137542,0.674264,311.6,0.001000
58900,0.551483,0.991081,0.562523,0.990361,312.1,0.001000
59000,0.425803,1.000000,0.433182,1.000000,312.7,0.001000
59100,0.483200,0.997928,0.493998,0.996667,313.2,0.001000
59200,0.652983,0.978739,0.667100,0.977029,313.7,0.001000
59300,0.544418,0.991441,0.557074,0.989821,314.3,0.001000
59400,0.613520,0.995676,0.623896,0.996036,314.8,0.001000
59500,1.037683,0.917387,1.047987,0.918746,315.3,0.001000
59600,0.623301,0.996306,0.636796,0.995045,315.9,0.001000
59700,0.625492,0.994685,0.641607,0.994865,316.4,0.001000
59800,1.704704,0.602973,1.723737,0.593910,316.9,0.001000
59900,0.716814,0.978198,0.733944,0.977119,317.4,0.001000
60000,0.498654,0.999279,0.508082,0.999009,318.0,0.001000
60100,0.655714,0.991712,0.665741,0.989370,318.5,0.001000
60200,0.413506,1.000000,0.419749,1.000000,319.0,0.001000
60300,0.417574,1.000000,0.425458,1.000000,319.6,0.001000
60400,0.423165,1.000000,0.429730,1.000000,320.1,0.001000
60500,0.536114,0.999640,0.545631,0.999730,320.6,0.001000
60600,0.476042,1.000000,0.484967,1.000000,321.1,0.001000
60700,0.453338,1.000000,0.463339,0.999820,321.7,0.001000
60800,0.449030,0.999910,0.459558,0.999910,322.2,0.001000
60900,0.440818,1.000000,0.450413,1.000000,322.7,0.001000
61000,0.994517,0.770811,1.006551,0.762724,323.3,0.001000
61100,0.475676,0.999189,0.484889,0.998559,323.8,0.001000
61200,0.469993,0.999460,0.479984,0.999640,324.3,0.001000
61300,0.591436,0.979369,0.601605,0.979551,324.9,0.001000
61400,2.023425,0.409189,2.041008,0.394649,325.4,0.001000
61500,0.444763,1.000000,0.454347,1.000000,325.9,0.001000
61600,0.472423,1.000000,0.481163,0.999910,326.4,0.001000
61700,0.586240,0.986667,0.601329,0.983425,327.0,0.001000
61800,0.470742,0.999640,0.480324,0.999369,327.5,0.001000
61900,0.409932,0.999910,0.418303,1.000000,328.0,0.001000
62000,0.384276,1.000000,0.391491,1.000000,328.6,0.001000
62100,0.456077,1.000000,0.465752,1.000000,329.1,0.001000
62200,0.505659,0.999730,0.515220,0.999730,329.6,0.001000
62300,0.466245,0.999640,0.475873,0.999820,330.2,0.001000
62400,0.506043,0.999910,0.514556,1.000000,330.7,0.001000
62500,0.408680,1.000000,0.416311,1.000000,331.2,0.001000
62600,0.408814,1.000000,0.416151,1.000000,331.8,0.001000
62700,0.448812,0.999910,0.456498,1.000000,332.3,0.001000
62800,0.440606,1.000000,0.448552,1.000000,332.8,0.001000
62900,0.411165,1.000000,0.420222,1.000000,333.3,0.001000
63000,0.399044,1.000000,0.407824,1.000000,333.8,0.001000
63100,0.436258,1.000000,0.445487,1.000000,334.4,0.001000
63200,0.509641,0.999640,0.522262,0.999279,334.9,0.001000
63300,0.738545,0.965045,0.756607,0.960724,335.4,0.001000
63400,0.754299,0.947568,0.768479,0.942348,336.0,0.001000
63500,1.383258,0.653964,1.398987,0.643456,336.5,0.001000
63600,0.408523,1.000000,0.415757,1.000000,337.0,0.001000
63700,0.434123,1.000000,0.442836,1.000000,337.6,0.001000
63800,0.411762,1.000000,0.419472,1.000000,338.1,0.001000
63900,0.433092,1.000000,0.440947,1.000000,338.6,0.001000
64000,0.572779,0.988649,0.585234,0.986217,339.1,0.001000
64100,0.578358,0.995225,0.592178,0.995045,339.7,0.001000
64200,0.552241,0.998108,0.565875,0.996757,340.2,0.001000
64300,1.474151,0.561982,1.480805,0.565625,340.7,0.001000
64400,0.433013,1.000000,0.440919,1.000000,341.3,0.001000
64500,0.461566,1.000000,0.470283,1.000000,341.8,0.001000
64600,0.431451,1.000000,0.438564,1.000000,342.3,0.001000
64700,0.474356,1.000000,0.481951,1.000000,342.9,0.001000
64800,0.444994,1.000000,0.454852,1.000000,343.4,0.001000
64900,0.438370,1.000000,0.445463,1.000000,343.9,0.001000
65000,1.150022,0.771622,1.166715,0.764796,344.5,0.001000
65100,0.823240,0.947838,0.841587,0.943879,345.0,0.001000
65200,0.505814,0.994414,0.514224,0.993964,345.5,0.001000
65300,0.457535,0.999099,0.466196,0.999009,346.1,0.001000
65400,0.398326,1.000000,0.405827,1.000000,346.6,0.001000
65500,0.408949,1.000000,0.415561,1.000000,347.1,0.001000
65600,0.511385,0.999910,0.522253,0.999910,347.7,0.001000
65700,0.582718,0.990270,0.594724,0.989550,348.2,0.001000
65800,0.580949,0.988649,0.592974,0.988560,348.7,0.001000
65900,1.282118,0.730811,1.297520,0.725881,349.2,0.001000
66000,0.419572,1.000000,0.427825,1.000000,349.8,0.001000
66100,0.446370,1.000000,0.452870,1.000000,350.3,0.001000
66200,0.410427,1.000000,0.419302,1.000000,350.8,0.001000
66300,0.403764,1.000000,0.411027,1.000000,351.4,0.001000
66400,0.430489,1.000000,0.439890,1.000000,351.9,0.001000
66500,0.409097,1.000000,0.416073,1.000000,352.4,0.001000
66600,0.418477,1.000000,0.425895,1.000000,353.0,0.001000
66700,0.437096,1.000000,0.444415,1.000000,353.5,0.001000
66800,0.475041,1.000000,0.485342,1.000000,354.0,0.001000
66900,0.673303,0.991892,0.689301,0.989731,354.6,0.001000
67000,0.702337,0.952162,0.718004,0.946041,355.1,0.001000
67100,0.794095,0.949910,0.816706,0.937573,355.6,0.001000
67200,0.417871,1.000000,0.425830,1.000000,356.2,0.001000
67300,0.441620,1.000000,0.450711,1.000000,356.7,0.001000
67400,0.549057,0.999550,0.561428,0.998829,357.2,0.001000
67500,0.460178,1.000000,0.470108,0.999910,357.8,0.001000
67600,0.424498,1.000000,0.433328,1.000000,358.3,0.001000
67700,0.412974,1.000000,0.422605,1.000000,358.8,0.001000
67800,0.450550,1.000000,0.458978,1.000000,359.3,0.001000
67900,0.457970,1.000000,0.467063,1.000000,359.9,0.001000
68000,0.460943,0.999640,0.469927,0.999730,360.4,0.001000
68100,0.533151,0.995856,0.545866,0.995766,360.9,0.001000
68200,0.419292,1.000000,0.427008,1.000000,361.4,0.001000
68300,0.491522,0.999189,0.500978,0.999279,362.0,0.001000
68400,0.821635,0.963063,0.842543,0.962346,362.5,0.001000
68500,0.424203,1.000000,0.431801,1.000000,363.0,0.001000
68600,1.789607,0.511802,1.819310,0.495091,363.6,0.001000
68700,0.442404,1.000000,0.451227,1.000000,364.1,0.001000
68800,2.004424,0.371802,2.008859,0.369066,364.7,0.001000
68900,0.437568,1.000000,0.446486,1.000000,365.2,0.001000
69000,0.537180,0.999009,0.546926,0.998919,365.7,0.001000
69100,1.280922,0.719550,1.311704,0.711377,366.2,0.001000
69200,0.421730,1.000000,0.429865,1.000000,366.8,0.001000
69300,0.479561,1.000000,0.488786,1.000000,367.3,0.001000
69400,0.495927,0.997297,0.505868,0.996667,367.8,0.001000
69500,0.563573,0.995586,0.577825,0.994865,368.4,0.001000
69600,0.428568,1.000000,0.438753,1.000000,368.9,0.001000
69700,0.713198,0.958919,0.728043,0.952166,369.4,0.001000
69800,0.424508,1.000000,0.431704,1.000000,370.0,0.001000
69900,0.410235,1.000000,0.417565,1.000000,370.5,0.001000
70000,0.441746,1.000000,0.449972,1.000000,371.1,0.001000
70100,0.523854,0.995405,0.535562,0.995586,371.6,0.001000
70200,0.654279,0.974955,0.668843,0.971714,372.1,0.001000
70300,0.479076,0.997297,0.492009,0.995766,372.7,0.001000
70400,0.398317,1.000000,0.406795,1.000000,373.2,0.001000
70500,0.505373,0.999099,0.515652,0.998559,373.7,0.001000
70600,0.469884,0.999099,0.479390,0.999189,374.3,0.001000
70700,0.439033,0.999820,0.446959,0.999820,374.8,0.001000
70800,0.546091,0.998739,0.556501,0.998559,375.3,0.001000
70900,0.484491,0.999730,0.493941,0.999820,375.9,0.001000
71000,0.447318,0.999910,0.455834,0.999820,376.4,0.001000
71100,0.570072,0.987297,0.584821,0.987118,376.9,0.001000
71200,0.833967,0.909820,0.846505,0.907666,377.5,0.001000
71300,0.386727,1.000000,0.394771,1.000000,378.0,0.001000
71400,0.435203,0.999910,0.445855,1.000000,378.5,0.001000
71500,0.520880,0.998288,0.533894,0.997478,379.1,0.001000
71600,0.722043,0.956667,0.735264,0.953698,379.6,0.001000
71700,0.646620,0.962342,0.663776,0.956941,380.1,0.001000
71800,1.242700,0.648559,1.264896,0.637780,380.7,0.001000
71900,0.410597,1.000000,0.416761,1.000000,381.2,0.001000
72000,0.410732,1.000000,0.419474,1.000000,381.7,0.001000
72100,0.412740,1.000000,0.420364,1.000000,382.3,0.001000
72200,0.417992,1.000000,0.426261,1.000000,382.8,0.001000
72300,0.455498,1.000000,0.463865,1.000000,383.3,0.001000
72400,0.443918,1.000000,0.450832,1.000000,383.9,0.001000
72500,0.407917,1.000000,0.414825,1.000000,384.4,0.001000
72600,0.427718,0.999820,0.437403,1.000000,384.9,0.001000
72700,0.460046,0.999550,0.469673,0.999099,385.5,0.001000
72800,0.474680,0.999910,0.485546,0.999820,386.0,0.001000
72900,0.796842,0.961712,0.809048,0.963607,386.5,0.001000
73000,0.426592,1.000000,0.435970,0.999910,387.1,0.001000
73100,0.428144,1.000000,0.437407,1.000000,387.6,0.001000
73200,0.608554,0.991622,0.621171,0.990541,388.1,0.001000
73300,0.895074,0.892072,0.928957,0.876227,388.7,0.001000
73400,0.886823,0.872072,0.908539,0.861454,389.2,0.001000
73500,0.581167,0.980901,0.592610,0.981533,389.7,0.001000
73600,1.119739,0.747658,1.150356,0.741375,390.3,0.001000
73700,1.082376,0.763243,1.101059,0.753896,390.8,0.001000
73800,0.415414,1.000000,0.423310,1.000000,391.3,0.001000
73900,0.634480,0.986216,0.644801,0.986127,391.9,0.001000
74000,0.568605,0.994775,0.578720,0.992523,392.4,0.001000
74100,1.224959,0.720000,1.240828,0.722908,392.9,0.001000
74200,0.396024,1.000000,0.404217,1.000000,393.5,0.001000
74300,0.434883,1.000000,0.445843,1.000000,394.0,0.001000
74400,0.701751,0.954054,0.721619,0.949104,394.5,0.001000
74500,0.434885,1.000000,0.443141,1.000000,395.1,0.001000
74600,0.411460,1.000000,0.419214,1.000000,395.6,0.001000
74700,0.429764,1.000000,0.438841,1.000000,396.1,0.001000
74800,0.579948,0.976126,0.592418,0.975318,396.7,0.001000
74900,0.444624,0.999550,0.455516,0.999189,397.2,0.001000
75000,0.572190,0.984685,0.589630,0.981263,397.7,0.001000
75100,0.418898,1.000000,0.426585,1.000000,398.2,0.001000
75200,0.422788,1.000000,0.431673,0.999730,398.8,0.001000
75300,0.502793,1.000000,0.512145,1.000000,399.3,0.001000
75400,0.645255,0.997658,0.659962,0.995856,399.8,0.001000
75500,1.309422,0.724054,1.330966,0.709396,400.4,0.001000
75600,0.419482,1.000000,0.427201,1.000000,400.9,0.001000
75700,0.457266,0.999910,0.466199,0.999820,401.4,0.001000
75800,0.434571,0.999910,0.443752,1.000000,402.0,0.001000
75900,0.467272,0.999730,0.475064,0.999369,402.5,0.001000
76000,0.481816,0.999550,0.493699,0.999099,403.0,0.001000
76100,0.452770,0.999640,0.463158,0.999910,403.6,0.001000
76200,0.535327,0.990090,0.549266,0.988469,404.1,0.001000
76300,0.620330,0.970541,0.633403,0.965228,404.6,0.001000
76400,1.924174,0.430450,1.944547,0.414737,405.2,0.001000
76500,0.512747,0.997297,0.521141,0.996307,405.7,0.001000
76600,0.842492,0.837027,0.858223,0.836231,406.2,0.001000
76700,0.499754,0.996667,0.509528,0.996126,406.7,0.001000
76800,0.497036,0.999730,0.507847,0.999189,407.3,0.001000
76900,0.420644,1.000000,0.427564,1.000000,407.8,0.001000
77000,0.414564,1.000000,0.421474,1.000000,408.3,0.001000
77100,0.412014,1.000000,0.419219,1.000000,408.8,0.001000
77200,0.398828,1.000000,0.406259,1.000000,409.4,0.001000
77300,0.428490,1.000000,0.435698,1.000000,410.0,0.001000
77400,0.453751,1.000000,0.461779,1.000000,410.5,0.001000
77500,0.572808,0.997117,0.583443,0.997478,411.0,0.001000
77600,1.051250,0.842252,1.068994,0.835240,411.6,0.001000
77700,0.497839,0.999730,0.509569,0.999820,412.1,0.001000
77800,0.909804,0.923694,0.938089,0.907756,412.6,0.001000
77900,0.529543,0.997748,0.540971,0.998379,413.1,0.001000
78000,0.658826,0.991712,0.674703,0.987659,413.6,0.001000
78100,0.549993,0.985045,0.564229,0.980362,414.2,0.001000
78200,0.631042,0.985315,0.653094,0.983605,414.7,0.001000
78300,0.598970,0.993063,0.611539,0.992163,415.2,0.001000
78400,0.413926,1.000000,0.421768,1.000000,415.8,0.001000
78500,0.552302,0.999460,0.563839,0.999460,416.3,0.001000
78600,0.464858,1.000000,0.472646,0.999820,416.8,0.001000
78700,0.433618,1.000000,0.441390,1.000000,417.3,0.001000
78800,0.463556,1.000000,0.473328,1.000000,417.9,0.001000
78900,0.430704,1.000000,0.438417,1.000000,418.4,0.001000
79000,0.458461,1.000000,0.470208,1.000000,418.9,0.001000
79100,0.481435,0.999910,0.492478,0.999460,419.4,0.001000
79200,0.468895,1.000000,0.479633,1.000000,420.0,0.001000
79300,0.486603,1.000000,0.496120,1.000000,420.5,0.001000
79400,0.574576,0.996486,0.584348,0.996307,421.0,0.001000
79500,0.477219,1.000000,0.486461,1.000000,421.6,0.001000
79600,0.720970,0.984685,0.738638,0.979912,422.1,0.001000
79700,0.454835,0.999550,0.462614,1.000000,422.7,0.001000
79800,0.400020,1.000000,0.407153,1.000000,423.2,0.001000
79900,0.416788,1.000000,0.424233,1.000000,423.7,0.001000
80000,0.532705,0.993874,0.547184,0.991172,424.2,0.001000
80100,0.454169,1.000000,0.462401,0.999820,424.8,0.001000
80200,0.422340,1.000000,0.430855,1.000000,425.3,0.001000
80300,0.637146,0.982523,0.652019,0.976669,425.9,0.001000
80400,0.429589,1.000000,0.436888,1.000000,426.4,0.001000
80500,0.430288,1.000000,0.438757,1.000000,426.9,0.001000
80600,0.464878,1.000000,0.473900,1.000000,427.4,0.001000
80700,0.488578,0.999730,0.497583,0.999730,428.0,0.001000
80800,0.430203,1.000000,0.438092,1.000000,428.5,0.001000
80900,0.908196,0.887297,0.917502,0.886407,429.1,0.001000
81000,0.408088,1.000000,0.414794,1.000000,429.6,0.001000
81100,0.433258,1.000000,0.441682,1.000000,430.1,0.001000
81200,0.537830,0.998919,0.552046,0.998829,430.7,0.001000
81300,0.646145,0.994234,0.659551,0.992073,431.2,0.001000
81400,0.616681,0.985405,0.631685,0.982974,431.7,0.001000
81500,0.499933,0.998649,0.509536,0.999550,432.3,0.001000
81600,0.446428,1.000000,0.456499,1.000000,432.8,0.001000
81700,0.445810,1.000000,0.456334,1.000000,433.3,0.001000
81800,0.549059,0.993243,0.563393,0.994235,433.8,0.001000
81900,0.716619,0.939279,0.733422,0.929466,434.4,0.001000
82000,1.071337,0.712703,1.096862,0.703630,434.9,0.001000
82100,0.563722,0.986757,0.577281,0.983515,435.5,0.001000
82200,0.600318,0.984505,0.618048,0.982704,436.0,0.001000
82300,0.491902,0.999369,0.501438,0.999009,436.5,0.001000
82400,0.515613,0.997748,0.526135,0.997388,437.0,0.001000
82500,0.679137,0.949910,0.695453,0.944059,437.6,0.001000
82600,0.425756,1.000000,0.432846,1.000000,438.1,0.001000
82700,0.423244,1.000000,0.431079,1.000000,438.6,0.001000
82800,0.455273,1.000000,0.464652,1.000000,439.2,0.001000
82900,0.435419,1.000000,0.442760,1.000000,439.7,0.001000
83000,0.401925,1.000000,0.409914,1.000000,440.2,0.001000
83100,0.422357,1.000000,0.430931,1.000000,440.8,0.001000
83200,0.520058,0.999910,0.529356,1.000000,441.3,0.001000
83300,1.188696,0.734054,1.198605,0.736240,441.8,0.001000
83400,0.411571,1.000000,0.419269,1.000000,442.3,0.001000
83500,0.413604,1.000000,0.420475,1.000000,442.9,0.001000
83600,0.413044,1.000000,0.420447,1.000000,443.4,0.001000
83700,0.474582,1.000000,0.483226,0.999820,444.0,0.001000
83800,0.551842,0.996577,0.566092,0.995136,444.5,0.001000
83900,0.419871,1.000000,0.427858,1.000000,445.0,0.001000
84000,0.454675,1.000000,0.462171,1.000000,445.5,0.001000
84100,0.462296,0.999820,0.472316,1.000000,446.0,0.001000
84200,0.607359,0.994685,0.621603,0.992613,446.6,0.001000
84300,0.943652,0.897838,0.966655,0.887668,447.1,0.001000
84400,1.325791,0.647207,1.342361,0.636159,447.7,0.001000
84500,0.462448,1.000000,0.469352,1.000000,448.2,0.001000
84600,0.422575,1.000000,0.430061,1.000000,448.7,0.001000
84700,0.439857,1.000000,0.447551,1.000000,449.2,0.001000
84800,0.499926,0.999640,0.507040,0.999820,449.8,0.001000
84900,0.909612,0.897748,0.935469,0.892352,450.3,0.001000
85000,1.337505,0.718018,1.366719,0.706243,450.9,0.001000
85100,0.455457,1.000000,0.465318,1.000000,451.4,0.001000
85200,0.688518,0.989099,0.702228,0.985767,451.9,0.001000
85300,0.536817,0.999730,0.549379,0.999730,452.4,0.001000
85400,0.467428,1.000000,0.477072,1.000000,452.9,0.001000
85500,0.470895,1.000000,0.479853,1.000000,453.5,0.001000
85600,0.508351,0.999279,0.518520,0.999189,454.0,0.001000
85700,0.409883,1.000000,0.416764,1.000000,454.5,0.001000
85800,0.665480,0.988378,0.682032,0.986037,455.0,0.001000
85900,0.417581,1.000000,0.425190,1.000000,455.6,0.001000
86000,0.420025,0.999910,0.428161,0.999910,456.1,0.001000
86100,0.429791,1.000000,0.436549,1.000000,456.6,0.001000
86200,0.470029,0.999189,0.478831,0.999369,457.1,0.001000
86300,0.506217,0.999730,0.516726,0.999730,457.7,0.001000
86400,0.555937,0.990811,0.570029,0.989460,458.2,0.001000
86500,0.478061,0.999820,0.488849,0.999820,458.8,0.001000
86600,0.436159,1.000000,0.445064,1.000000,459.3,0.001000
86700,0.629794,0.983423,0.646603,0.983155,459.8,0.001000
86800,0.428363,1.000000,0.436363,1.000000,460.4,0.001000
86900,0.416635,1.000000,0.425158,1.000000,460.9,0.001000
87000,0.478757,0.999910,0.489563,0.999910,461.4,0.001000
87100,0.445837,1.000000,0.455450,1.000000,461.9,0.001000
87200,0.443712,1.000000,0.450848,1.000000,462.5,0.001000
87300,0.435209,1.000000,0.442755,1.000000,463.0,0.001000
87400,0.469287,0.999730,0.480188,0.999189,463.5,0.001000
87500,0.422420,1.000000,0.430159,1.000000,464.1,0.001000
87600,0.746107,0.950541,0.760817,0.947482,464.6,0.001000
87700,0.719554,0.933694,0.731660,0.933610,465.1,0.001000
87800,0.590045,0.982973,0.605365,0.982794,465.6,0.001000
87900,0.662780,0.963964,0.679391,0.960004,466.1,0.001000
88000,0.714796,0.950360,0.733101,0.943338,466.7,0.001000
88100,0.466525,1.000000,0.473443,1.000000,467.2,0.001000
88200,0.642530,0.980811,0.657185,0.979641,467.7,0.001000
88300,0.967564,0.789820,0.985446,0.778488,468.2,0.001000
88400,0.415992,1.000000,0.422229,1.000000,468.7,0.001000
88500,0.465309,1.000000,0.474168,1.000000,469.3,0.001000
88600,0.439722,1.000000,0.448365,1.000000,469.8,0.001000
88700,0.419160,1.000000,0.426541,1.000000,470.3,0.001000
88800,0.526919,1.000000,0.534911,1.000000,470.8,0.001000
88900,0.418451,1.000000,0.426191,1.000000,471.4,0.001000
89000,0.437787,1.000000,0.445448,1.000000,471.9,0.001000
89100,0.392923,1.000000,0.399792,1.000000,472.4,0.001000
89200,0.405064,1.000000,0.414200,1.000000,473.0,0.001000
89300,0.468707,0.999910,0.478498,0.999910,473.5,0.001000
89400,0.598152,0.984775,0.610262,0.983785,474.0,0.001000
89500,0.466003,0.999910,0.473033,0.999460,474.6,0.001000
89600,0.662894,0.971081,0.678085,0.969823,475.1,0.001000
89700,0.427284,1.000000,0.433960,1.000000,475.6,0.001000
89800,0.552639,0.995225,0.565961,0.994055,476.2,0.001000
89900,0.558358,0.998018,0.566783,0.997207,476.7,0.001000
90000,0.449644,1.000000,0.457875,1.000000,477.2,0.001000
90100,0.540197,0.984775,0.551984,0.981443,477.8,0.001000
90200,0.693270,0.982973,0.709359,0.981893,478.3,0.001000
90300,0.423642,1.000000,0.430431,1.000000,478.9,0.001000
90400,0.463806,1.000000,0.473388,0.999910,479.4,0.001000
90500,0.416511,1.000000,0.424118,1.000000,479.9,0.001000
90600,0.442141,1.000000,0.450423,1.000000,480.5,0.001000
90700,0.482253,0.999820,0.490808,0.999730,481.0,0.001000
90800,0.644124,0.987658,0.657619,0.985587,481.5,0.001000
90900,0.453822,1.000000,0.461064,1.000000,482.1,0.001000
91000,0.409202,1.000000,0.416386,1.000000,482.6,0.001000
91100,0.455277,1.000000,0.466658,1.000000,483.1,0.001000
91200,0.647926,0.984414,0.663087,0.982974,483.6,0.001000
91300,0.469078,0.999189,0.479285,0.999369,484.2,0.001000
91400,1.002787,0.793423,1.028732,0.781281,484.7,0.001000
91500,0.681014,0.963243,0.695076,0.958833,485.2,0.001000
91600,0.537329,0.992072,0.548351,0.992253,485.7,0.001000
91700,0.588845,0.988559,0.601120,0.986758,486.3,0.001000
91800,0.588147,0.979640,0.601756,0.974957,486.8,0.001000
91900,0.466776,1.000000,0.475881,1.000000,487.3,0.001000
92000,0.418142,1.000000,0.426221,1.000000,487.8,0.001000
92100,0.416571,1.000000,0.425357,1.000000,488.4,0.001000
92200,0.436981,1.000000,0.445795,1.000000,488.9,0.001000
92300,0.462284,1.000000,0.469606,1.000000,489.4,0.001000
92400,0.410958,1.000000,0.418690,1.000000,490.0,0.001000
92500,0.481875,1.000000,0.490489,0.999730,490.5,0.001000
92600,0.432789,1.000000,0.440777,1.000000,491.0,0.001000
92700,0.446134,1.000000,0.454252,1.000000,491.5,0.001000
92800,0.405521,1.000000,0.412933,1.000000,492.1,0.001000
92900,0.425908,1.000000,0.433878,1.000000,492.6,0.001000
93000,0.476439,1.000000,0.486431,1.000000,493.2,0.001000
93100,0.761628,0.956577,0.777093,0.953968,493.7,0.001000
93200,0.684562,0.991712,0.700155,0.988650,494.2,0.001000
93300,0.647414,0.954234,0.659649,0.952797,494.8,0.001000
93400,0.693598,0.956757,0.709324,0.947032,495.3,0.001000
93500,1.173922,0.796847,1.205367,0.782812,495.8,0.001000
93600,0.439267,1.000000,0.446692,1.000000,496.4,0.001000
93700,0.550408,0.994054,0.563351,0.992163,496.9,0.001000
93800,0.416955,1.000000,0.424167,1.000000,497.4,0.001000
93900,0.423656,1.000000,0.431235,1.000000,497.9,0.001000
94000,0.447683,0.999910,0.456508,0.999730,498.5,0.001000
94100,0.473581,0.999730,0.484575,0.999910,499.0,0.001000
94200,0.397417,1.000000,0.405234,1.000000,499.6,0.001000
94300,0.417501,1.000000,0.426132,1.000000,500.1,0.001000
94400,0.463324,1.000000,0.472799,1.000000,500.6,0.001000
94500,0.487323,0.999730,0.500196,0.999910,501.1,0.001000
94600,0.513955,0.999460,0.526690,0.999279,501.7,0.001000
94700,0.865888,0.935045,0.893816,0.927304,502.2,0.001000
94800,0.511209,0.998739,0.522463,0.998559,502.7,0.001000
94900,0.441547,1.000000,0.449041,1.000000,503.2,0.001000
95000,0.441012,1.000000,0.449245,1.000000,503.8,0.001000
95100,0.555853,0.990180,0.568877,0.989010,504.3,0.001000
95200,0.390033,1.000000,0.396823,1.000000,504.8,0.001000
95300,0.620446,0.988739,0.636549,0.986578,505.4,0.001000
95400,0.918409,0.821982,0.935344,0.812539,505.9,0.001000
95500,0.457665,1.000000,0.467874,1.000000,506.4,0.001000
95600,0.417836,1.000000,0.424168,1.000000,507.0,0.001000
95700,0.593277,0.987658,0.603534,0.987298,507.5,0.001000
95800,0.877396,0.889099,0.895314,0.883164,508.0,0.001000
95900,0.530546,0.988559,0.541682,0.987388,508.6,0.001000
96000,0.391632,1.000000,0.398294,1.000000,509.1,0.001000
96100,0.773056,0.949459,0.792947,0.942257,509.6,0.001000
96200,0.643475,0.983243,0.651320,0.983875,510.2,0.001000
96300,1.041361,0.766396,1.063103,0.752995,510.7,0.001000
96400,0.434617,1.000000,0.441827,1.000000,511.3,0.001000
96500,0.403804,1.000000,0.411175,1.000000,511.8,0.001000
96600,0.429460,1.000000,0.438850,1.000000,512.3,0.001000
96700,0.509196,0.999550,0.519783,0.998829,512.8,0.001000
96800,0.591945,0.990000,0.607474,0.989460,513.4,0.001000
96900,0.702842,0.982613,0.717969,0.982524,513.9,0.001000
97000,0.671357,0.991441,0.681717,0.989911,514.4,0.001000
97100,1.720293,0.540991,1.735196,0.537970,515.0,0.001000
97200,0.439189,1.000000,0.447974,1.000000,515.5,0.001000
97300,0.420485,1.000000,0.428762,1.000000,516.1,0.001000
97400,0.543283,0.999820,0.548941,0.999910,516.6,0.001000
97500,0.451870,1.000000,0.459873,1.000000,517.1,0.001000
97600,0.416018,1.000000,0.423593,1.000000,517.6,0.001000
97700,0.484564,0.999099,0.493351,0.997568,518.1,0.001000
97800,0.464901,0.998829,0.475637,0.999099,518.7,0.001000
97900,0.426695,1.000000,0.435836,1.000000,519.2,0.001000
98000,0.423144,1.000000,0.433146,1.000000,519.7,0.001000
98100,0.467283,0.999279,0.477518,0.999369,520.3,0.001000
98200,0.481189,0.999550,0.491221,0.999730,520.8,0.001000
98300,0.682541,0.950721,0.695203,0.944780,521.3,0.001000
98400,1.023037,0.830631,1.044906,0.823169,521.9,0.001000
98500,0.516831,0.996577,0.529467,0.995406,522.5,0.001000
98600,0.424978,1.000000,0.434434,1.000000,523.0,0.001000
98700,0.536159,0.997658,0.544985,0.996307,523.5,0.001000
98800,0.576159,0.985946,0.587889,0.986037,524.1,0.001000
98900,0.477977,0.999099,0.487398,0.998919,524.6,0.001000
99000,0.570096,0.997838,0.586225,0.996577,525.1,0.001000
99100,0.604571,0.981982,0.621262,0.979101,525.7,0.001000
99200,0.536623,0.997748,0.549023,0.997478,526.2,0.001000
99300,0.496985,0.999730,0.507395,0.999099,526.7,0.001000
99400,0.486870,0.999820,0.497151,0.999820,527.2,0.001000
99500,0.469446,0.999730,0.478127,1.000000,527.8,0.001000
99600,0.408110,1.000000,0.416320,1.000000,528.3,0.001000
99700,0.436679,1.000000,0.445785,0.999550,528.9,0.001000
99800,0.543367,0.995856,0.555371,0.996217,529.4,0.001000
99900,0.521506,0.998649,0.528104,0.999279,529.9,0.001000
100000,0.437018,1.000000,0.445768,1.000000,530.5,0.001000
100100,0.482553,1.000000,0.491560,1.000000,531.0,0.001000
100200,0.649127,0.950901,0.659866,0.949374,531.5,0.001000
100300,0.441998,1.000000,0.452013,0.999730,532.0,0.001000
100400,0.471842,0.999730,0.480517,0.999640,532.6,0.001000
100500,0.538704,0.997928,0.550137,0.997838,533.1,0.001000
100600,0.500444,0.999640,0.514258,0.999189,533.6,0.001000
100700,0.638939,0.988018,0.649783,0.987659,534.2,0.001000
100800,0.804024,0.949820,0.815883,0.946942,534.7,0.001000
100900,0.642115,0.994595,0.657530,0.994685,535.2,0.001000
101000,0.609916,0.987117,0.625357,0.988199,535.8,0.001000
101100,0.506653,0.998919,0.519314,0.999099,536.3,0.001000
101200,0.684783,0.984324,0.696821,0.980182,536.9,0.001000
101300,0.649091,0.985856,0.662580,0.986308,537.4,0.001000
101400,0.415890,1.000000,0.424198,1.000000,537.9,0.001000
101500,0.418286,1.000000,0.426257,1.000000,538.4,0.001000
101600,0.527158,0.999550,0.535984,0.999279,539.0,0.001000
101700,0.674257,0.963784,0.690364,0.958923,539.5,0.001000
101800,0.682622,0.958829,0.692553,0.958202,540.0,0.001000
101900,0.687904,0.923423,0.697594,0.915503,540.5,0.001000
102000,0.558932,0.993423,0.572933,0.992253,541.1,0.001000
102100,0.427603,1.000000,0.433999,1.000000,541.6,0.001000
102200,0.451641,1.000000,0.459226,1.000000,542.1,0.001000
102300,0.485206,0.999910,0.493980,0.999910,542.6,0.001000
102400,0.491412,0.999640,0.499709,0.999369,543.2,0.001000
102500,0.540453,0.996757,0.549449,0.997027,543.7,0.001000
102600,0.491853,0.999369,0.502985,0.999640,544.2,0.001000
102700,0.519766,0.998018,0.532403,0.998288,544.7,0.001000
102800,0.458854,1.000000,0.468313,1.000000,545.3,0.001000
102900,0.522565,0.998649,0.533185,0.998469,545.8,0.001000
103000,0.497967,0.999730,0.507843,0.999910,546.3,0.001000
103100,0.453570,1.000000,0.461075,0.999910,546.8,0.001000
103200,0.555948,0.996126,0.568403,0.995946,547.4,0.001000
103300,0.449073,1.000000,0.456452,1.000000,547.9,0.001000
103400,0.434345,0.999910,0.444157,0.999910,548.4,0.001000
103500,0.488070,0.999820,0.498252,0.999550,549.0,0.001000
103600,0.438110,1.000000,0.446306,1.000000,549.5,0.001000
103700,0.473002,0.999640,0.482508,0.998829,550.0,0.001000
103800,0.615856,0.993333,0.630971,0.991983,550.6,0.001000
103900,0.795424,0.953153,0.808705,0.948563,551.1,0.001000
104000,0.952225,0.861802,0.966606,0.857761,551.6,0.001000
104100,0.447377,1.000000,0.455254,1.000000,552.2,0.001000
104200,0.428514,1.000000,0.436682,1.000000,552.7,0.001000
104300,0.484692,0.999369,0.495445,0.999189,553.2,0.001000
104400,0.506634,0.999640,0.517587,0.999369,553.8,0.001000
104500,0.561156,0.990901,0.572514,0.991442,554.3,0.001000
104600,1.227035,0.676486,1.249066,0.667327,554.8,0.001000
104700,0.437764,1.000000,0.446006,1.000000,555.4,0.001000
104800,0.435874,1.000000,0.444357,1.000000,555.9,0.001000
104900,0.427184,1.000000,0.435487,1.000000,556.4,0.001000
105000,0.490757,0.999820,0.501557,0.999550,556.9,0.001000
105100,0.450198,1.000000,0.460960,1.000000,557.5,0.001000
105200,0.549117,0.989820,0.560095,0.988560,558.0,0.001000
105300,0.463108,0.999730,0.474104,0.999820,558.6,0.001000
105400,1.176704,0.856216,1.204523,0.848572,559.1,0.001000
105500,0.444688,1.000000,0.453392,1.000000,559.6,0.001000
105600,0.442587,1.000000,0.450480,1.000000,560.2,0.001000
105700,0.516649,0.999730,0.525602,0.999189,560.7,0.001000
105800,0.412098,1.000000,0.420699,1.000000,561.2,0.001000
105900,0.442205,1.000000,0.449835,1.000000,561.7,0.001000
106000,0.543026,0.987838,0.557196,0.985677,562.2,0.001000
106100,0.663738,0.970450,0.680485,0.964508,562.8,0.001000
106200,0.905470,0.950000,0.928353,0.943789,563.3,0.001000
106300,0.524054,0.989279,0.538162,0.988830,563.8,0.001000
106400,0.662576,0.961081,0.678338,0.958742,564.3,0.001000
106500,1.567767,0.543153,1.583952,0.536618,564.9,0.001000
106600,0.442263,1.000000,0.451293,1.000000,565.4,0.001000
106700,0.417164,1.000000,0.425416,1.000000,565.9,0.001000
106800,0.437054,1.000000,0.445154,1.000000,566.4,0.001000
106900,0.483932,1.000000,0.495342,1.000000,566.9,0.001000
107000,0.476820,1.000000,0.488798,0.999820,567.4,0.001000
107100,0.881566,0.917928,0.896138,0.912350,568.0,0.001000
107200,0.490800,1.000000,0.498401,1.000000,568.5,0.001000
107300,0.536084,0.989279,0.545853,0.987929,569.0,0.001000
107400,0.476107,0.999279,0.486048,0.999099,569.5,0.001000
107500,0.480987,0.999279,0.491323,0.999369,570.1,0.001000
107600,0.688827,0.985856,0.702156,0.985497,570.6,0.001000
107700,0.472858,1.000000,0.481900,1.000000,571.1,0.001000
107800,0.451547,0.999640,0.462300,0.999550,571.7,0.001000
107900,0.770944,0.967297,0.786628,0.964328,572.2,0.001000
108000,0.651077,0.967838,0.668633,0.963967,572.7,0.001000
108100,0.397896,1.000000,0.406261,1.000000,573.3,0.001000
108200,0.679512,0.968018,0.691804,0.967390,573.8,0.001000
108300,0.407843,1.000000,0.415286,1.000000,574.3,0.001000
108400,0.452164,1.000000,0.460144,1.000000,574.9,0.001000
108500,0.602417,0.996036,0.615755,0.995045,575.4,0.001000
108600,0.514072,1.000000,0.524410,0.999640,575.9,0.001000
108700,0.495096,0.998108,0.508018,0.998288,576.5,0.001000
108800,0.437780,1.000000,0.446513,1.000000,577.0,0.001000
108900,0.484808,0.999820,0.494411,0.999730,577.5,0.001000
109000,0.490693,0.999460,0.503467,0.999460,578.1,0.001000
109100,0.454142,1.000000,0.461877,1.000000,578.6,0.001000
109200,0.505532,1.000000,0.514986,1.000000,579.1,0.001000
109300,0.621283,0.982973,0.637406,0.978470,579.6,0.001000
109400,0.634014,0.993423,0.647601,0.993604,580.2,0.001000
109500,1.187414,0.833243,1.207714,0.819476,580.7,0.001000
109600,0.592108,0.998469,0.604072,0.997838,581.2,0.001000
109700,1.959824,0.388018,1.971864,0.390776,581.8,0.001000
109800,0.514374,0.993333,0.526528,0.990812,582.3,0.001000
109900,0.465907,1.000000,0.477631,1.000000,582.8,0.001000
110000,0.442184,1.000000,0.451672,1.000000,583.4,0.001000
110100,0.458919,0.999730,0.468640,0.999460,583.9,0.001000
110200,0.456240,0.999910,0.465499,0.999730,584.4,0.001000
110300,0.522575,0.996847,0.534541,0.996487,584.9,0.001000
110400,0.573986,0.998288,0.586180,0.997658,585.5,0.001000
110500,0.497203,0.999730,0.509877,0.998919,586.0,0.001000
110600,0.422399,1.000000,0.429551,1.000000,586.5,0.001000
110700,0.437960,1.000000,0.445083,1.000000,587.1,0.001000
110800,0.448992,1.000000,0.457372,1.000000,587.6,0.001000
110900,0.605327,0.995045,0.616581,0.993964,588.1,0.001000
111000,0.652374,0.972613,0.669428,0.969642,588.7,0.001000
111100,0.608441,0.981351,0.619730,0.982704,589.2,0.001000
111200,1.231945,0.720721,1.249728,0.710206,589.7,0.001000
111300,0.473067,1.000000,0.483136,1.000000,590.3,0.001000
111400,0.593792,0.983243,0.606274,0.980092,590.8,0.001000
111500,1.554349,0.513063,1.590288,0.497252,591.3,0.001000
111600,0.440735,1.000000,0.448626,1.000000,591.8,0.001000
111700,0.933275,0.791081,0.950842,0.781011,592.3,0.001000
111800,0.479432,0.999730,0.489949,0.999369,592.9,0.001000
111900,0.407693,1.000000,0.418147,1.000000,593.4,0.001000
112000,0.461563,0.999910,0.471268,0.999910,593.9,0.001000
112100,0.903979,0.898739,0.924355,0.891812,594.5,0.001000
112200,0.608712,0.977928,0.624974,0.969192,595.0,0.001000
112300,0.608175,0.985586,0.623688,0.982164,595.6,0.001000
112400,0.554639,0.990541,0.566175,0.988920,596.1,0.001000
112500,0.490920,0.999640,0.502299,0.999550,596.6,0.001000
112600,0.771457,0.957928,0.800559,0.949914,597.2,0.001000
112700,0.425060,1.000000,0.433503,1.000000,597.7,0.001000
112800,0.487409,0.998198,0.496698,0.997928,598.3,0.001000
112900,0.451615,0.999910,0.459978,0.999730,598.8,0.001000
113000,0.601553,0.995315,0.617532,0.993694,599.4,0.001000
113100,0.462884,1.000000,0.473444,1.000000,599.9,0.001000
113200,0.646637,0.989820,0.658800,0.989010,600.4,0.001000
113300,0.482553,0.999640,0.491967,0.999910,601.0,0.001000
113400,0.557029,0.995766,0.568332,0.994595,601.5,0.001000
113500,0.692212,0.956306,0.712642,0.956580,602.0,0.001000
113600,0.580743,0.987117,0.592916,0.983695,602.6,0.001000
113700,1.239390,0.651622,1.251112,0.646248,603.1,0.001000
113800,0.426454,0.999820,0.432465,0.999820,603.6,0.001000
113900,0.445430,1.000000,0.454383,1.000000,604.2,0.001000
114000,0.510729,0.997568,0.520371,0.997748,604.7,0.001000
114100,0.821889,0.889820,0.840174,0.879200,605.2,0.001000
114200,0.425493,1.000000,0.434569,0.999820,605.7,0.001000
114300,0.469280,0.999730,0.478157,0.999189,606.3,0.001000
114400,0.565755,0.991441,0.577737,0.989731,606.8,0.001000
114500,0.768241,0.919640,0.777674,0.917845,607.3,0.001000
114600,0.391741,1.000000,0.398569,1.000000,607.9,0.001000
114700,0.409897,1.000000,0.417936,1.000000,608.4,0.001000
114800,0.904430,0.899730,0.929417,0.889740,608.9,0.001000
114900,2.070947,0.365586,2.079483,0.362310,609.4,0.001000
115000,0.430635,1.000000,0.438426,1.000000,609.9,0.001000
115100,0.433693,1.000000,0.443074,1.000000,610.5,0.001000
115200,0.538445,0.995946,0.547481,0.994415,611.0,0.001000
115300,0.462306,0.999910,0.473678,0.999550,611.5,0.001000
115400,0.572746,0.992793,0.582762,0.992253,612.0,0.001000
115500,0.719021,0.934955,0.732437,0.936853,612.6,0.001000
115600,1.498318,0.555766,1.526775,0.539771,613.1,0.001000
115700,0.414554,1.000000,0.422072,1.000000,613.6,0.001000
115800,1.018215,0.768649,1.031107,0.769210,614.1,0.001000
115900,0.420923,1.000000,0.428768,1.000000,614.7,0.001000
116000,0.471580,0.999820,0.482017,0.999730,615.2,0.001000
116100,0.472726,1.000000,0.482200,1.000000,615.7,0.001000
116200,0.512694,0.999730,0.525303,0.999910,616.2,0.001000
116300,0.716064,0.969099,0.739816,0.967751,616.8,0.001000
116400,0.675094,0.984685,0.689113,0.984055,617.3,0.001000
116500,0.478479,1.000000,0.488145,1.000000,617.8,0.001000
116600,0.427076,1.000000,0.435652,1.000000,618.4,0.001000
116700,0.472948,0.999640,0.483477,0.999730,618.9,0.001000
116800,0.664162,0.957027,0.678520,0.952347,619.4,0.001000
116900,0.442090,1.000000,0.450426,1.000000,619.9,0.001000
117000,0.417289,1.000000,0.425199,1.000000,620.4,0.001000
117100,0.453934,1.000000,0.463701,1.000000,621.0,0.001000
117200,0.512645,0.999640,0.524873,0.999369,621.5,0.001000
117300,0.661915,0.972793,0.680978,0.972165,622.0,0.001000
117400,0.429368,1.000000,0.436334,1.000000,622.6,0.001000
117500,0.449129,1.000000,0.457537,1.000000,623.1,0.001000
117600,0.485252,0.998919,0.495032,0.999460,623.6,0.001000
117700,0.449184,1.000000,0.458410,1.000000,624.1,0.001000
117800,0.454117,0.999820,0.463798,1.000000,624.7,0.001000
117900,0.505977,0.998469,0.518830,0.997388,625.2,0.001000
118000,0.879299,0.887658,0.907965,0.873525,625.7,0.001000
118100,0.421594,1.000000,0.429520,1.000000,626.2,0.001000
118200,0.434208,1.000000,0.442319,1.000000,626.8,0.001000
118300,0.466642,0.999730,0.475313,0.999550,627.3,0.001000
118400,0.424405,1.000000,0.433009,1.000000,627.8,0.001000
118500,0.399143,1.000000,0.405850,1.000000,628.4,0.001000
118600,0.490288,0.999189,0.504452,0.999009,628.9,0.001000
118700,0.550251,0.998378,0.560011,0.997928,629.4,0.001000
118800,0.618744,0.984775,0.631861,0.987388,630.0,0.001000
118900,0.427526,1.000000,0.434611,1.000000,630.5,0.001000
119000,0.418462,1.000000,0.426541,1.000000,631.0,0.001000
119100,0.444020,1.000000,0.453675,1.000000,631.6,0.001000
119200,0.423877,1.000000,0.431891,1.000000,632.1,0.001000
119300,0.423779,1.000000,0.432611,1.000000,632.7,0.001000
119400,0.431353,1.000000,0.437869,1.000000,633.2,0.001000
119500,0.421326,1.000000,0.429310,1.000000,633.7,0.001000
119600,0.433224,1.000000,0.440855,1.000000,634.2,0.001000
119700,0.535814,0.990811,0.550755,0.988379,634.7,0.001000
119800,0.415458,1.000000,0.425184,1.000000,635.3,0.001000
119900,0.618430,0.997748,0.629849,0.998919,635.8,0.001000
120000,0.412145,1.000000,0.420526,1.000000,636.4,0.001000
120100,0.418916,1.000000,0.425662,1.000000,636.9,0.001000
120200,0.436000,0.999910,0.444016,1.000000,637.4,0.001000
120300,0.524814,0.996216,0.537742,0.993964,638.0,0.001000
120400,0.409593,1.000000,0.418124,1.000000,638.5,0.001000
120500,0.469542,0.999910,0.479528,0.999820,639.1,0.001000
120600,0.481986,0.999730,0.491252,0.999460,639.6,0.001000
120700,0.508360,0.999820,0.520553,0.999550,640.1,0.001000
120800,1.209389,0.770450,1.224640,0.768129,640.7,0.001000
120900,0.418566,1.000000,0.425788,1.000000,641.2,0.001000
121000,0.441715,1.000000,0.450804,1.000000,641.8,0.001000
121100,0.450158,0.999910,0.458501,0.999910,642.3,0.001000
121200,0.441435,1.000000,0.448543,1.000000,642.8,0.001000
121300,0.465232,1.000000,0.475978,1.000000,643.4,0.001000
121400,0.596093,0.997748,0.609336,0.997027,643.9,0.001000
121500,0.987059,0.924234,1.013201,0.916224,644.4,0.001000
121600,0.562013,0.998919,0.571076,0.999009,645.0,0.001000
121700,0.479881,0.998739,0.492293,0.998649,645.5,0.001000
121800,0.436133,1.000000,0.445870,1.000000,646.0,0.001000
121900,0.461164,1.000000,0.471077,1.000000,646.6,0.001000
122000,0.443978,1.000000,0.452804,1.000000,647.2,0.001000
122100,0.994877,0.757658,1.011152,0.748311,647.7,0.001000
122200,0.741470,0.952613,0.762723,0.947482,648.2,0.001000
122300,0.632300,0.983243,0.646723,0.981713,648.8,0.001000
122400,0.675264,0.944324,0.683746,0.943879,649.3,0.001000
122500,0.417991,1.000000,0.426258,1.000000,649.8,0.001000
122600,0.486223,0.999910,0.497124,0.999369,650.4,0.001000
122700,0.540045,0.999460,0.549560,0.999279,650.9,0.001000
122800,0.518506,0.998919,0.528323,0.998559,651.4,0.001000
122900,0.583421,0.989910,0.593957,0.988650,651.9,0.001000
123000,0.683192,0.953694,0.701837,0.951716,652.5,0.001000
123100,0.417577,1.000000,0.425024,1.000000,653.0,0.001000
123200,0.435508,1.000000,0.443750,1.000000,653.5,0.001000
123300,0.470195,1.000000,0.480286,1.000000,654.1,0.001000
123400,0.422962,1.000000,0.432029,1.000000,654.6,0.001000
123500,0.499281,0.999279,0.512050,0.998829,655.1,0.001000
123600,0.424059,1.000000,0.431235,1.000000,655.6,0.001000
123700,0.447107,1.000000,0.456670,1.000000,656.2,0.001000
123800,0.507921,0.997838,0.518636,0.997388,656.7,0.001000
123900,0.643581,0.967838,0.655615,0.965859,657.2,0.001000
124000,0.686713,0.993874,0.697397,0.993064,657.7,0.001000
124100,0.443187,1.000000,0.452199,1.000000,658.3,0.001000
124200,0.853343,0.882523,0.876914,0.873165,658.8,0.001000
124300,0.522375,0.998559,0.531847,0.997928,659.3,0.001000
124400,0.613510,0.991802,0.627863,0.990631,659.8,0.001000
124500,0.760942,0.957928,0.781611,0.952347,660.4,0.001000
124600,0.525954,0.999820,0.534942,0.999820,660.9,0.001000
124700,0.532544,0.998288,0.540611,0.998288,661.4,0.001000
124800,0.452312,1.000000,0.460132,1.000000,662.0,0.001000
124900,0.442778,1.000000,0.450155,1.000000,662.5,0.001000
125000,0.462329,0.999910,0.471321,0.999820,663.0,0.001000
125100,0.415258,1.000000,0.423499,1.000000,663.5,0.001000
125200,0.411326,1.000000,0.419614,1.000000,664.1,0.001000
125300,0.456211,1.000000,0.465821,1.000000,664.6,0.001000
125400,0.568170,0.997838,0.580453,0.997207,665.2,0.001000
125500,0.443105,1.000000,0.451021,1.000000,665.7,0.001000
125600,0.424746,1.000000,0.432528,1.000000,666.2,0.001000
125700,0.518832,0.996937,0.528991,0.997298,666.7,0.001000
125800,0.548047,0.995135,0.561705,0.993424,667.3,0.001000
125900,0.404304,1.000000,0.411825,1.000000,667.8,0.001000
126000,0.445079,1.000000,0.453273,1.000000,668.3,0.001000
126100,0.556885,0.995045,0.570097,0.992523,668.8,0.001000
126200,0.537719,0.998649,0.545726,0.998018,669.3,0.001000
126300,0.523622,0.999460,0.534213,0.999189,669.9,0.001000
126400,0.796444,0.958108,0.819071,0.951626,670.4,0.001000
126500,0.431609,1.000000,0.439374,1.000000,670.9,0.001000
126600,0.585194,0.996306,0.597634,0.996036,671.5,0.001000
126700,0.722948,0.983423,0.735737,0.983695,672.0,0.001000
126800,0.619270,0.979730,0.638362,0.974237,672.5,0.001000
126900,0.435586,1.000000,0.443607,1.000000,673.0,0.001000
127000,0.503082,0.998378,0.513682,0.998559,673.6,0.001000
127100,0.759704,0.957117,0.768695,0.958742,674.1,0.001000
127200,0.438388,1.000000,0.446131,1.000000,674.6,0.001000
127300,0.423172,1.000000,0.430515,1.000000,675.1,0.001000
127400,0.423872,1.000000,0.432306,1.000000,675.7,0.001000
127500,0.446639,0.999369,0.454781,0.999009,676.2,0.001000
127600,0.576988,0.993604,0.585978,0.993874,676.7,0.001000
127700,0.429820,1.000000,0.437875,1.000000,677.2,0.001000
127800,0.489835,0.998739,0.500498,0.998018,677.8,0.001000
127900,0.635788,0.977748,0.651744,0.975318,678.3,0.001000
128000,0.491527,0.999550,0.498272,0.999460,678.8,0.001000
128100,0.426042,1.000000,0.434260,1.000000,679.4,0.001000
128200,0.428228,1.000000,0.436216,1.000000,679.9,0.001000
128300,0.482208,1.000000,0.492002,1.000000,680.5,0.001000
128400,0.541060,0.999820,0.552988,0.999009,681.0,0.001000
128500,0.590265,0.995856,0.603709,0.993604,681.5,0.001000
128600,0.608925,0.992523,0.623224,0.989821,682.1,0.001000
128700,1.014651,0.869369,1.043497,0.859562,682.6,0.001000
128800,0.690183,0.981171,0.703656,0.979191,683.1,0.001000
128900,1.506481,0.614144,1.527836,0.606252,683.6,0.001000
129000,0.739869,0.972883,0.751701,0.972165,684.2,0.001000
129100,0.519509,0.999099,0.532040,0.999099,684.7,0.001000
129200,0.564252,0.998649,0.574398,0.999189,685.2,0.001000
129300,1.075625,0.845946,1.098304,0.834159,685.7,0.001000
129400,0.642142,0.975946,0.655017,0.973156,686.3,0.001000
129500,0.432398,1.000000,0.441011,1.000000,686.8,0.001000
129600,0.442026,1.000000,0.450852,1.000000,687.3,0.001000
129700,0.452960,1.000000,0.464082,1.000000,687.9,0.001000
129800,1.096543,0.860541,1.104276,0.856860,688.4,0.001000
129900,0.483883,0.999820,0.494492,0.999820,688.9,0.001000
130000,0.439307,1.000000,0.449205,1.000000,689.4,0.001000
130100,0.476787,0.999730,0.485753,0.999910,690.0,0.001000
130200,0.600351,0.982973,0.613271,0.980182,690.5,0.001000
130300,0.630297,0.979189,0.646571,0.976669,691.0,0.001000
130400,1.396021,0.669369,1.431392,0.649761,691.6,0.001000
130500,0.440153,1.000000,0.448935,1.000000,692.1,0.001000
130600,0.501836,1.000000,0.510956,1.000000,692.6,0.001000
130700,0.485115,1.000000,0.495193,1.000000,693.2,0.001000
130800,0.541934,0.997027,0.552613,0.996307,693.7,0.001000
130900,0.568731,0.985946,0.583561,0.981443,694.2,0.001000
131000,0.543534,0.992793,0.553906,0.992253,694.8,0.001000
131100,0.554749,0.997568,0.567219,0.996667,695.3,0.001000
131200,0.520604,0.999820,0.530757,1.000000,695.8,0.001000
131300,0.506658,0.999910,0.518279,0.999910,696.4,0.001000
131400,0.425069,1.000000,0.433495,1.000000,696.9,0.001000
131500,0.426475,1.000000,0.433643,1.000000,697.4,0.001000
131600,0.412379,1.000000,0.421294,1.000000,698.0,0.001000
131700,0.461308,0.999910,0.471266,0.999820,698.5,0.001000
131800,0.423463,1.000000,0.430376,1.000000,699.0,0.001000
131900,1.094229,0.776306,1.108278,0.764886,699.6,0.001000
132000,0.408640,1.000000,0.416247,1.000000,700.1,0.001000
132100,0.448471,1.000000,0.457711,1.000000,700.6,0.001000
132200,0.476162,0.999820,0.484884,1.000000,701.2,0.001000
132300,0.493820,0.999820,0.505462,0.999730,701.7,0.001000
132400,0.521549,0.998018,0.531906,0.998108,702.2,0.001000
132500,0.616953,0.970090,0.631451,0.968651,702.7,0.001000
132600,0.596558,0.990090,0.608494,0.988740,703.3,0.001000
132700,0.746621,0.939189,0.765441,0.931538,703.8,0.001000
132800,0.884269,0.914234,0.899839,0.903702,704.4,0.001000
132900,1.423390,0.625856,1.438503,0.618233,704.9,0.001000
133000,0.514910,0.998108,0.525984,0.997117,705.4,0.001000
133100,1.004036,0.740180,1.017044,0.736961,705.9,0.001000
133200,0.412630,1.000000,0.420109,1.000000,706.5,0.001000
133300,0.465275,1.000000,0.476701,1.000000,707.0,0.001000
133400,0.460177,0.999820,0.469177,0.999550,707.6,0.001000
133500,0.472335,0.999099,0.481677,0.999009,708.1,0.001000
133600,0.490133,0.999640,0.500430,0.999550,708.6,0.001000
133700,0.734886,0.949189,0.746958,0.947392,709.2,0.001000
133800,0.427869,1.000000,0.435519,1.000000,709.7,0.001000
133900,1.933812,0.476577,1.967138,0.469237,710.2,0.001000
134000,0.441520,1.000000,0.448072,1.000000,710.7,0.001000
134100,0.428804,1.000000,0.436256,1.000000,711.3,0.001000
134200,0.482356,0.999910,0.493847,0.999730,711.8,0.001000
134300,0.432357,1.000000,0.439783,1.000000,712.4,0.001000
134400,0.450699,1.000000,0.460674,1.000000,712.9,0.001000
134500,0.529773,0.997658,0.543195,0.997478,713.5,0.001000
134600,0.686142,0.970360,0.699049,0.966760,714.0,0.001000
134700,0.903304,0.833514,0.923465,0.819746,714.5,0.001000
134800,0.430163,1.000000,0.438267,1.000000,715.0,0.001000
134900,0.432297,1.000000,0.441009,0.999820,715.6,0.001000
135000,0.527605,0.997117,0.541762,0.995946,716.1,0.001000
135100,0.734517,0.980360,0.754207,0.978020,716.6,0.001000
135200,0.427440,1.000000,0.436058,1.000000,717.1,0.001000
135300,0.431635,1.000000,0.439006,1.000000,717.7,0.001000
135400,0.440218,1.000000,0.448432,1.000000,718.2,0.001000
135500,0.534081,0.999009,0.544737,0.998379,718.7,0.001000
135600,1.226243,0.784775,1.249364,0.770651,719.3,0.001000
135700,0.418561,1.000000,0.425980,1.000000,719.8,0.001000
135800,0.455668,1.000000,0.465184,1.000000,720.3,0.001000
135900,0.486110,0.999820,0.496411,0.999820,720.8,0.001000
136000,0.454878,1.000000,0.463826,0.999910,721.4,0.001000
136100,0.530564,0.994685,0.541968,0.994055,721.9,0.001000
136200,0.917969,0.833153,0.946010,0.823349,722.4,0.001000
136300,1.510137,0.621802,1.534767,0.617782,723.0,0.001000
136400,0.628414,0.967207,0.638342,0.962616,723.5,0.001000
136500,1.544889,0.489279,1.563597,0.480227,724.0,0.001000
136600,0.431423,1.000000,0.439818,1.000000,724.6,0.001000
136700,0.448160,1.000000,0.457571,1.000000,725.1,0.001000
136800,0.554806,0.996757,0.564941,0.996847,725.6,0.001000
136900,0.597721,0.978919,0.611412,0.977479,726.1,0.001000
137000,0.470377,0.999910,0.479208,1.000000,726.7,0.001000
137100,0.441733,1.000000,0.449934,1.000000,727.2,0.001000
137200,0.777371,0.951712,0.797249,0.944960,727.7,0.001000
137300,0.571050,0.987207,0.588623,0.981893,728.2,0.001000
137400,0.434966,1.000000,0.443355,1.000000,728.8,0.001000
137500,0.469693,1.000000,0.479716,1.000000,729.3,0.001000
137600,0.485941,1.000000,0.495731,0.999820,729.8,0.001000
137700,0.545148,0.998919,0.559500,0.999460,730.4,0.001000
137800,0.456648,1.000000,0.465034,1.000000,730.9,0.001000
137900,0.600733,0.992162,0.614625,0.990181,731.4,0.001000
138000,0.827654,0.956216,0.853162,0.951356,732.0,0.001000
138100,0.449075,1.000000,0.457079,1.000000,732.5,0.001000
138200,0.490846,1.000000,0.500653,1.000000,733.0,0.001000
138300,0.410863,1.000000,0.418308,1.000000,733.6,0.001000
138400,0.787945,0.884234,0.806085,0.877849,734.1,0.001000
138500,0.394107,1.000000,0.402137,1.000000,734.6,0.001000
138600,0.449715,1.000000,0.459146,1.000000,735.2,0.001000
138700,0.516246,0.998198,0.527717,0.996487,735.7,0.001000
138800,0.605960,0.972793,0.619783,0.966580,736.2,0.001000
138900,0.424489,1.000000,0.432283,1.000000,736.7,0.001000
139000,0.401039,1.000000,0.409421,1.000000,737.3,0.001000
139100,0.480949,0.998018,0.494037,0.998649,737.8,0.001000
139200,0.559096,0.996667,0.573628,0.995316,738.4,0.001000
139300,0.934875,0.862613,0.945617,0.856950,738.9,0.001000
139400,0.417420,1.000000,0.425785,1.000000,739.4,0.001000
139500,0.440641,1.000000,0.449296,1.000000,740.0,0.001000
139600,0.424996,1.000000,0.433015,1.000000,740.5,0.001000
139700,0.454247,1.000000,0.461048,1.000000,741.0,0.001000
139800,0.434913,1.000000,0.443641,0.999820,741.6,0.001000
139900,0.625645,0.986847,0.639578,0.984416,742.1,0.001000
140000,0.597272,0.970631,0.613535,0.968111,742.6,0.001000
140100,0.485636,0.999910,0.493089,1.000000,743.1,0.001000
140200,0.430711,1.000000,0.439071,1.000000,743.6,0.001000
140300,0.430497,1.000000,0.438969,1.000000,744.2,0.001000
140400,0.430744,1.000000,0.439584,1.000000,744.7,0.001000
140500,0.418773,1.000000,0.426886,1.000000,745.3,0.001000
140600,0.485164,0.999550,0.497181,0.999910,745.8,0.001000
140700,0.586504,0.980000,0.600266,0.978020,746.3,0.001000
140800,0.727023,0.949009,0.738500,0.948833,746.9,0.001000
140900,0.729679,0.923784,0.743610,0.916584,747.4,0.001000
141000,0.656257,0.986036,0.675760,0.982074,747.9,0.001000
141100,0.578025,0.998559,0.591585,0.997658,748.4,0.001000
141200,0.420762,1.000000,0.427963,1.000000,749.0,0.001000
141300,0.426328,1.000000,0.433771,1.000000,749.5,0.001000
141400,0.505436,0.999369,0.513931,0.999550,750.0,0.001000
141500,0.414692,1.000000,0.422136,1.000000,750.5,0.001000
141600,0.428467,1.000000,0.437799,1.000000,751.1,0.001000
141700,0.431496,1.000000,0.440264,1.000000,751.6,0.001000
141800,0.448192,1.000000,0.456530,1.000000,752.1,0.001000
141900,0.429778,1.000000,0.437655,1.000000,752.7,0.001000
142000,0.443401,1.000000,0.452740,1.000000,753.2,0.001000
142100,0.445436,1.000000,0.454883,1.000000,753.7,0.001000
142200,0.445941,1.000000,0.456222,1.000000,754.2,0.001000
142300,0.498052,0.999550,0.510196,0.999640,754.8,0.001000
142400,0.644572,0.984505,0.662463,0.982344,755.3,0.001000
142500,0.758253,0.956577,0.775740,0.949014,755.8,0.001000
142600,0.753109,0.966396,0.768680,0.958923,756.4,0.001000
142700,0.653004,0.994414,0.663099,0.993424,756.9,0.001000
142800,1.103466,0.811532,1.130358,0.804612,757.4,0.001000
142900,1.196628,0.794234,1.228989,0.783713,757.9,0.001000
143000,1.409849,0.686757,1.413822,0.682281,758.4,0.001000
143100,0.441959,1.000000,0.449371,1.000000,759.0,0.001000
143200,0.456755,1.000000,0.464383,1.000000,759.5,0.001000
143300,0.410561,1.000000,0.416697,1.000000,760.0,0.001000
143400,0.433644,1.000000,0.441471,1.000000,760.5,0.001000
143500,0.972115,0.823514,0.983743,0.822448,761.1,0.001000
143600,0.445018,1.000000,0.454522,1.000000,761.6,0.001000
143700,0.541813,0.998288,0.554173,0.997658,762.1,0.001000
143800,0.527243,0.997928,0.540277,0.997298,762.6,0.001000
143900,0.785799,0.929009,0.802396,0.927664,763.2,0.001000
144000,0.404402,1.000000,0.412214,1.000000,763.7,0.001000
144100,0.414856,1.000000,0.422648,1.000000,764.2,0.001000
144200,0.425867,1.000000,0.434357,1.000000,764.7,0.001000
144300,0.416828,1.000000,0.425431,1.000000,765.2,0.001000
144400,0.393990,1.000000,0.401319,1.000000,765.8,0.001000
144500,0.495892,0.999189,0.508813,0.997658,766.3,0.001000
144600,0.645464,0.959189,0.661519,0.958202,766.8,0.001000
144700,0.862784,0.863874,0.869604,0.863976,767.4,0.001000
144800,0.670622,0.965586,0.682479,0.960184,767.9,0.001000
144900,0.426392,1.000000,0.433675,1.000000,768.4,0.001000
145000,0.491828,0.999369,0.500813,0.999820,768.9,0.001000
145100,0.453624,1.000000,0.461131,1.000000,769.4,0.001000
145200,0.569897,0.996036,0.582843,0.995136,770.0,0.001000
145300,0.457977,1.000000,0.467298,1.000000,770.5,0.001000
145400,0.578024,0.995766,0.590229,0.996397,771.0,0.001000
145500,0.607149,0.987207,0.620050,0.986127,771.6,0.001000
145600,0.429992,1.000000,0.437808,1.000000,772.1,0.001000
145700,0.428966,0.999910,0.437861,0.999910,772.6,0.001000
145800,1.143804,0.710811,1.163156,0.707053,773.2,0.001000
145900,0.496558,0.998919,0.507131,0.999009,773.7,0.001000
146000,0.632925,0.989910,0.647475,0.987298,774.3,0.001000
146100,0.887026,0.880811,0.907550,0.868210,774.8,0.001000
146200,0.655471,0.980000,0.668672,0.976128,775.3,0.001000
146300,0.492876,0.999730,0.503009,0.999189,775.8,0.001000
146400,0.448967,0.999820,0.457233,0.999820,776.4,0.001000
146500,0.433647,1.000000,0.442867,1.000000,776.9,0.001000
146600,0.439430,1.000000,0.447351,1.000000,777.4,0.001000
146700,0.468887,0.999820,0.478906,0.999910,778.0,0.001000
146800,0.439489,1.000000,0.448966,1.000000,778.5,0.001000
146900,0.436680,1.000000,0.446311,1.000000,779.0,0.001000
147000,0.494130,0.999820,0.504689,0.999910,779.5,0.001000
147100,0.600617,0.996396,0.612879,0.996217,780.1,0.001000
147200,0.466798,0.999820,0.475162,0.999910,780.6,0.001000
147300,0.418497,1.000000,0.426128,1.000000,781.2,0.001000
147400,0.473243,1.000000,0.481627,1.000000,781.7,0.001000
147500,0.452066,1.000000,0.462239,1.000000,782.2,0.001000
147600,0.431286,1.000000,0.439666,1.000000,782.8,0.001000
147700,0.460483,1.000000,0.467936,1.000000,783.3,0.001000
147800,0.785086,0.944504,0.795544,0.940636,783.8,0.001000
147900,0.809857,0.908378,0.825562,0.906405,784.4,0.001000
148000,0.488805,1.000000,0.500262,1.000000,784.9,0.001000
148100,0.579890,0.998198,0.595027,0.998379,785.5,0.001000
148200,0.685944,0.975045,0.695525,0.977119,786.0,0.001000
148300,0.527353,0.998018,0.537440,0.998108,786.6,0.001000
148400,0.409004,1.000000,0.416984,1.000000,787.1,0.001000
148500,0.445784,1.000000,0.455566,1.000000,787.6,0.001000
148600,0.458957,1.000000,0.467571,1.000000,788.2,0.001000
148700,0.541320,0.995766,0.550469,0.993154,788.7,0.001000
148800,0.479066,0.999730,0.490048,0.999820,789.2,0.001000
148900,0.471036,1.000000,0.479125,1.000000,789.8,0.001000
149000,0.421098,1.000000,0.429284,1.000000,790.3,0.001000
149100,0.571469,0.996126,0.581817,0.995226,790.9,0.001000
149200,0.614590,0.991892,0.624956,0.990451,791.4,0.001000
149300,1.108317,0.780360,1.128050,0.770111,792.4,0.001000
149400,1.285979,0.670270,1.303288,0.660031,793.1,0.001000
149500,0.697244,0.949189,0.713456,0.942798,793.7,0.001000
149600,0.441150,1.000000,0.447930,1.000000,794.3,0.001000
149700,0.425472,1.000000,0.434812,1.000000,794.8,0.001000
149800,0.420384,1.000000,0.428582,1.000000,795.5,0.001000
149900,0.462380,0.999730,0.472006,0.999910,796.1,0.001000
150000,0.505072,0.999009,0.515038,0.998829,796.6,0.001000
150100,0.620848,0.977658,0.633385,0.976849,797.2,0.001000
150200,0.842401,0.945135,0.855744,0.941987,797.8,0.001000
150300,0.428429,1.000000,0.436863,1.000000,798.4,0.001000
150400,0.487182,0.999730,0.497223,1.000000,799.0,0.001000
150500,0.433873,1.000000,0.440199,1.000000,799.6,0.001000
150600,0.412322,1.000000,0.420190,1.000000,800.2,0.001000
150700,0.411268,1.000000,0.419938,1.000000,800.8,0.001000
150800,0.642230,0.985946,0.656966,0.984146,801.4,0.001000
150900,0.456126,1.000000,0.464121,1.000000,802.0,0.001000
151000,0.412161,1.000000,0.419179,1.000000,802.6,0.001000
151100,0.463424,0.999910,0.470731,1.000000,803.2,0.001000
151200,0.416759,1.000000,0.425053,1.000000,803.8,0.001000
151300,0.451279,1.000000,0.459135,0.999910,804.4,0.001000
151400,0.395579,1.000000,0.401918,1.000000,805.0,0.001000
151500,0.440245,1.000000,0.449775,1.000000,805.6,0.001000
151600,0.455672,0.999730,0.463713,0.999820,806.2,0.001000
151700,0.426955,1.000000,0.434384,1.000000,806.7,0.001000
151800,0.760138,0.878108,0.776522,0.873975,807.3,0.001000
151900,0.435487,1.000000,0.444040,1.000000,808.0,0.001000
152000,0.530981,0.997117,0.538797,0.996937,808.6,0.001000
152100,1.081544,0.833604,1.099862,0.830466,809.2,0.001000
152200,0.421346,1.000000,0.428910,1.000000,809.9,0.001000
152300,0.428135,1.000000,0.435601,1.000000,810.5,0.001000
152400,0.436850,1.000000,0.445388,1.000000,811.1,0.001000
152500,0.441182,1.000000,0.449634,1.000000,811.7,0.001000
152600,0.461718,1.000000,0.472005,1.000000,812.3,0.001000
152700,0.438684,1.000000,0.448254,1.000000,812.9,0.001000
152800,0.518068,0.999099,0.526722,0.999099,813.5,0.001000
152900,1.233228,0.721802,1.252112,0.716602,814.1,0.001000
153000,0.626820,0.985766,0.640807,0.982794,814.7,0.001000
153100,0.630957,0.980270,0.641097,0.978560,815.3,0.001000
153200,0.504950,0.997207,0.514301,0.996307,815.9,0.001000
153300,0.437689,1.000000,0.448052,1.000000,816.5,0.001000
153400,0.468404,1.000000,0.477980,1.000000,817.1,0.001000
153500,0.632680,0.991081,0.644524,0.989731,817.8,0.001000
153600,0.586371,0.994595,0.599900,0.993334,818.3,0.001000
153700,0.689506,0.993423,0.707152,0.990992,818.9,0.001000
153800,0.674734,0.989730,0.687816,0.987749,819.5,0.001000
153900,0.450208,1.000000,0.457009,1.000000,820.2,0.001000
154000,0.418000,1.000000,0.425800,1.000000,820.8,0.001000
154100,0.435158,1.000000,0.443758,1.000000,821.4,0.001000
154200,0.642717,0.972883,0.659692,0.971264,822.0,0.001000
154300,0.521103,0.996486,0.534116,0.995586,822.6,0.001000
154400,0.552079,0.995315,0.562767,0.993964,823.2,0.001000
154500,0.651089,0.972252,0.668261,0.967751,823.9,0.001000
154600,1.531959,0.639640,1.545306,0.631475,824.5,0.001000
154700,0.432711,1.000000,0.440391,1.000000,825.2,0.001000
154800,0.434022,1.000000,0.442172,1.000000,825.8,0.001000
154900,0.433767,1.000000,0.442699,1.000000,826.5,0.001000
155000,1.236025,0.744414,1.248991,0.738132,827.1,0.001000
155100,0.419104,1.000000,0.426551,1.000000,827.7,0.001000
155200,0.452790,1.000000,0.461626,1.000000,828.4,0.001000
155300,0.460185,0.999910,0.468206,1.000000,829.0,0.001000
155400,0.555723,0.993243,0.566235,0.990631,829.6,0.001000
155500,0.423678,1.000000,0.430706,1.000000,830.2,0.001000
155600,0.471934,1.000000,0.481653,1.000000,830.8,0.001000
155700,0.424427,1.000000,0.431583,1.000000,831.4,0.001000
155800,0.474308,0.999730,0.484210,0.999820,832.1,0.001000
155900,0.501085,0.998649,0.512694,0.998739,832.7,0.001000
156000,0.452025,0.999910,0.460587,0.999730,833.4,0.001000
156100,0.410394,1.000000,0.419687,1.000000,834.0,0.001000
156200,0.481442,1.000000,0.492303,0.999730,834.7,0.001000
156300,0.581686,0.999279,0.593097,0.999099,835.3,0.001000
156400,0.420898,1.000000,0.428338,1.000000,835.9,0.001000
156500,0.449284,1.000000,0.457213,1.000000,836.6,0.001000
156600,0.447840,1.000000,0.456777,1.000000,837.2,0.001000
156700,0.623830,0.979640,0.630366,0.977840,837.8,0.001000
156800,0.900880,0.897838,0.918822,0.892622,838.4,0.001000
156900,0.440327,1.000000,0.448770,1.000000,839.1,0.001000
157000,0.502674,0.999820,0.511870,0.999910,839.7,0.001000
157100,0.498578,0.999910,0.509596,0.999369,840.3,0.001000
157200,0.427530,1.000000,0.435986,1.000000,840.9,0.001000
157300,0.400696,1.000000,0.408234,1.000000,841.5,0.001000
157400,0.483951,0.999550,0.493429,0.999820,842.1,0.001000
157500,0.451943,0.999820,0.460852,0.999730,842.7,0.001000
157600,0.423254,1.000000,0.431235,1.000000,843.2,0.001000
157700,0.456813,1.000000,0.466171,1.000000,843.7,0.001000
157800,0.502339,0.999910,0.514551,0.999910,844.3,0.001000
157900,1.697462,0.540270,1.715721,0.538960,844.8,0.001000
158000,1.056910,0.786126,1.084026,0.775426,845.3,0.001000
158100,1.054395,0.727297,1.067876,0.715791,845.9,0.001000
158200,0.474147,1.000000,0.484214,0.999640,846.4,0.001000
158300,0.452081,0.999640,0.461719,0.999550,847.0,0.001000
158400,0.569156,0.993604,0.579231,0.994505,847.5,0.001000
158500,0.482812,0.998018,0.490603,0.998469,848.1,0.001000
158600,0.658615,0.979730,0.673201,0.974417,848.7,0.001000
158700,0.566382,0.995135,0.583722,0.995316,849.3,0.001000
158800,0.879313,0.925496,0.897496,0.918025,849.8,0.001000
158900,0.465269,1.000000,0.475231,1.000000,850.4,0.001000
159000,0.579971,0.984595,0.592971,0.981984,850.9,0.001000
159100,0.434687,1.000000,0.443026,1.000000,851.5,0.001000
159200,0.429405,1.000000,0.437625,1.000000,852.1,0.001000
159300,0.462257,0.999910,0.470805,0.999910,852.7,0.001000
159400,0.487404,0.999369,0.496790,0.999189,853.3,0.001000
159500,0.853092,0.922523,0.872486,0.912801,853.8,0.001000
159600,0.609596,0.988559,0.619801,0.987208,854.4,0.001000
159700,0.448444,1.000000,0.456879,1.000000,854.9,0.001000
159800,0.426353,1.000000,0.434607,1.000000,855.5,0.001000
159900,1.097348,0.755225,1.117774,0.751374,856.1,0.001000
160000,0.406222,1.000000,0.413599,1.000000,856.6,0.001000
160100,0.452240,1.000000,0.462336,1.000000,857.2,0.001000
160200,0.514764,0.999460,0.526395,0.999189,857.7,0.001000
160300,0.568084,0.993333,0.581284,0.993334,858.3,0.001000
160400,0.612309,0.989459,0.629210,0.988740,858.8,0.001000
160500,0.670867,0.990090,0.680161,0.988289,859.4,0.001000
160600,0.445426,0.999910,0.451839,0.999910,859.9,0.001000
160700,0.418859,1.000000,0.427404,1.000000,860.5,0.001000
160800,0.416797,1.000000,0.424509,1.000000,861.0,0.001000
160900,0.455320,1.000000,0.462799,1.000000,861.6,0.001000
161000,0.403941,1.000000,0.411940,1.000000,862.1,0.001000
161100,0.439781,1.000000,0.448054,1.000000,862.6,0.001000
161200,0.435071,1.000000,0.443703,1.000000,863.2,0.001000
161300,0.435828,1.000000,0.443478,1.000000,863.7,0.001000
161400,0.427713,1.000000,0.436323,1.000000,864.3,0.001000
161500,0.694597,0.960631,0.701444,0.963697,864.8,0.001000
161600,0.426559,1.000000,0.434016,1.000000,865.3,0.001000
161700,0.459006,1.000000,0.468643,1.000000,866.0,0.001000
161800,0.457199,1.000000,0.467475,1.000000,866.6,0.001000
161900,0.461668,1.000000,0.471441,1.000000,867.1,0.001000
162000,0.517106,1.000000,0.524642,0.999730,867.7,0.001000
162100,0.443277,1.000000,0.452237,1.000000,868.2,0.001000
162200,0.522766,0.999550,0.533519,0.999279,868.8,0.001000
162300,0.451589,1.000000,0.460190,1.000000,869.3,0.001000
162400,0.517811,0.999460,0.529610,0.999189,869.9,0.001000
162500,0.610361,0.983063,0.621099,0.980182,870.4,0.001000
162600,0.699776,0.978378,0.713356,0.974597,871.0,0.001000
162700,0.488484,0.999820,0.495956,1.000000,871.5,0.001000
162800,0.448907,0.999460,0.456902,0.999550,872.0,0.001000
162900,0.417012,1.000000,0.424767,1.000000,872.6,0.001000
163000,0.441342,1.000000,0.450310,1.000000,873.1,0.001000
163100,0.524551,0.999730,0.532631,0.999910,873.7,0.001000
163200,0.419119,1.000000,0.425581,1.000000,874.2,0.001000
163300,0.433552,1.000000,0.440210,1.000000,874.8,0.001000
163400,1.075428,0.809189,1.093321,0.799748,875.3,0.001000
163500,0.855607,0.924955,0.882584,0.920638,875.9,0.001000
163600,0.440423,1.000000,0.446467,1.000000,876.4,0.001000
163700,0.441106,1.000000,0.449436,1.000000,877.0,0.001000
163800,1.295796,0.748018,1.310416,0.748581,877.5,0.001000
163900,0.978228,0.841261,0.992416,0.835961,878.1,0.001000
164000,0.438894,1.000000,0.447775,1.000000,878.6,0.001000
164100,0.512202,0.999550,0.524587,0.999189,879.2,0.001000
164200,0.550339,0.998649,0.561801,0.998288,879.8,0.001000
164300,0.532433,0.998649,0.548411,0.998018,880.4,0.001000
164400,0.864319,0.926667,0.891703,0.915863,880.9,0.001000
164500,0.726835,0.946577,0.740820,0.940996,881.5,0.001000
164600,0.865758,0.870901,0.884475,0.862895,882.0,0.001000
164700,0.954985,0.814505,0.970392,0.805243,882.6,0.001000
164800,0.411232,1.000000,0.419173,1.000000,883.1,0.001000
164900,0.434624,1.000000,0.443673,1.000000,883.7,0.001000
165000,0.448939,1.000000,0.456632,1.000000,884.2,0.001000
165100,0.518703,0.999550,0.528216,0.999640,884.8,0.001000
165200,0.522915,0.999189,0.535729,0.998919,885.3,0.001000
165300,0.525052,0.998469,0.537359,0.998108,885.9,0.001000
165400,0.478022,0.999550,0.486905,0.999550,886.4,0.001000
165500,0.733894,0.946216,0.748048,0.940906,887.0,0.001000
165600,0.425501,1.000000,0.433508,1.000000,887.5,0.001000
165700,0.436555,1.000000,0.444860,1.000000,888.1,0.001000
165800,0.438148,1.000000,0.446426,1.000000,888.6,0.001000
165900,0.697966,0.950450,0.717019,0.945590,889.2,0.001000
166000,1.858604,0.422613,1.882455,0.414557,889.7,0.001000
166100,0.433250,1.000000,0.441724,1.000000,890.3,0.001000
166200,0.433836,1.000000,0.441013,1.000000,890.8,0.001000
166300,0.485057,0.999820,0.495329,1.000000,891.4,0.001000
166400,0.441344,1.000000,0.448609,1.000000,891.9,0.001000
166500,0.426761,1.000000,0.433465,1.000000,892.5,0.001000
166600,0.441964,1.000000,0.449607,1.000000,893.1,0.001000
166700,0.418284,1.000000,0.426418,1.000000,893.6,0.001000
166800,0.452280,1.000000,0.460663,1.000000,894.2,0.001000
166900,0.613838,0.987928,0.629718,0.981984,894.7,0.001000
167000,0.531450,0.997387,0.544872,0.996757,895.3,0.001000
167100,0.920525,0.829910,0.935048,0.823890,895.8,0.001000
167200,0.554991,0.993243,0.561832,0.993154,896.4,0.001000
167300,0.477269,1.000000,0.486409,0.999820,896.9,0.001000
167400,0.423742,1.000000,0.431917,1.000000,897.5,0.001000
167500,0.414069,1.000000,0.421019,1.000000,898.0,0.001000
167600,0.445209,1.000000,0.453551,1.000000,898.6,0.001000
167700,0.428182,1.000000,0.436372,1.000000,899.1,0.001000
167800,0.429821,1.000000,0.439551,1.000000,899.7,0.001000
167900,0.417887,1.000000,0.426774,1.000000,900.3,0.001000
168000,0.421564,1.000000,0.430149,1.000000,900.8,0.001000
168100,0.418147,1.000000,0.425492,1.000000,901.4,0.001000
168200,0.532183,0.998559,0.545883,0.997928,901.9,0.001000
168300,0.645028,0.986757,0.662650,0.983695,902.5,0.001000
168400,0.550084,0.992072,0.560677,0.990271,903.0,0.001000
168500,0.508950,0.999189,0.518347,0.998649,903.6,0.001000
168600,0.415294,1.000000,0.423162,1.000000,904.2,0.001000
168700,0.396794,1.000000,0.404427,1.000000,904.7,0.001000
168800,0.476509,0.999910,0.486059,0.999730,905.3,0.001000
168900,0.820573,0.903243,0.835928,0.891271,905.8,0.001000
169000,1.148312,0.756577,1.166211,0.747050,906.4,0.001000
169100,0.453110,1.000000,0.461414,1.000000,907.0,0.001000
169200,0.435700,1.000000,0.444124,1.000000,907.5,0.001000
169300,0.440020,1.000000,0.448658,1.000000,908.1,0.001000
169400,0.466474,1.000000,0.475240,1.000000,908.7,0.001000
169500,0.464744,0.999550,0.474234,0.999910,909.3,0.001000
169600,0.421328,1.000000,0.429301,1.000000,909.8,0.001000
169700,0.428408,1.000000,0.436536,1.000000,910.4,0.001000
169800,0.479437,0.999820,0.489361,0.999820,910.9,0.001000
169900,0.427841,0.999910,0.435261,0.999910,911.4,0.001000
170000,0.426566,1.000000,0.435570,1.000000,912.0,0.001000
170100,0.435033,0.999820,0.445618,1.000000,912.5,0.001000
170200,0.669998,0.961892,0.680933,0.957031,913.1,0.001000
170300,0.775617,0.924685,0.796765,0.914242,913.6,0.001000
170400,0.444754,1.000000,0.452806,1.000000,914.1,0.001000
170500,0.426187,1.000000,0.435808,1.000000,914.7,0.001000
170600,0.463883,1.000000,0.472403,1.000000,915.2,0.001000
170700,0.501040,0.999550,0.510332,0.999369,915.7,0.001000
170800,0.478757,0.999820,0.488364,0.999910,916.3,0.001000
170900,0.453024,0.999910,0.462034,0.999910,916.8,0.001000
171000,0.480190,1.000000,0.489945,1.000000,917.4,0.001000
171100,0.525721,0.995315,0.538381,0.993514,918.0,0.001000
171200,0.537192,0.994414,0.549446,0.993424,918.6,0.001000
171300,0.539735,0.995225,0.554408,0.991893,919.2,0.001000
171400,0.467518,1.000000,0.477459,0.999820,919.8,0.001000
171500,0.507996,0.999369,0.517931,0.999279,920.3,0.001000
171600,0.573692,0.996486,0.590875,0.996577,920.9,0.001000
171700,0.694909,0.984505,0.716454,0.980182,921.4,0.001000
171800,0.559328,0.996937,0.573106,0.996577,921.9,0.001000
171900,0.460424,1.000000,0.468669,1.000000,922.5,0.001000
172000,0.431574,1.000000,0.439574,1.000000,923.0,0.001000
172100,0.429408,1.000000,0.438477,1.000000,923.5,0.001000
172200,0.488502,0.999730,0.499775,0.999730,924.1,0.001000
172300,0.601440,0.996306,0.614297,0.995316,924.6,0.001000
172400,0.551426,0.997387,0.564464,0.997388,925.1,0.001000
172500,0.509303,1.000000,0.519756,0.999820,925.6,0.001000
172600,0.457604,1.000000,0.466997,1.000000,926.2,0.001000
172700,0.415723,1.000000,0.422579,1.000000,926.7,0.001000
172800,0.475590,0.999820,0.486592,1.000000,927.2,0.001000
172900,0.528135,0.999910,0.538302,0.999730,927.8,0.001000
173000,0.550340,0.998469,0.561602,0.998198,928.3,0.001000
173100,1.073708,0.814865,1.099525,0.804612,928.8,0.001000
173200,1.050159,0.793333,1.061675,0.784794,929.4,0.001000
173300,0.445836,1.000000,0.453892,1.000000,929.9,0.001000
173400,0.450469,1.000000,0.460261,1.000000,930.4,0.001000
173500,0.466361,1.000000,0.475170,1.000000,931.0,0.001000
173600,0.438651,1.000000,0.447014,1.000000,931.5,0.001000
173700,0.435357,1.000000,0.443574,1.000000,932.0,0.001000
173800,0.418943,1.000000,0.426554,1.000000,932.6,0.001000
173900,0.420312,1.000000,0.428045,1.000000,933.1,0.001000
174000,0.484789,1.000000,0.495899,0.999730,933.7,0.001000
174100,0.582736,0.996486,0.595526,0.996126,934.2,0.001000
174200,0.608652,0.984865,0.623226,0.984506,934.7,0.001000
174300,0.533869,0.998288,0.545681,0.998108,935.3,0.001000
174400,0.584266,0.998919,0.596297,0.998198,935.8,0.001000
174500,0.422261,1.000000,0.430311,1.000000,936.3,0.001000
174600,0.426521,1.000000,0.434904,1.000000,936.9,0.001000
174700,0.420196,1.000000,0.428558,1.000000,937.4,0.001000
174800,0.416679,1.000000,0.424710,1.000000,937.9,0.001000
174900,0.421849,1.000000,0.429027,1.000000,938.4,0.001000
175000,0.453895,1.000000,0.462280,1.000000,938.9,0.001000
175100,0.406052,1.000000,0.413438,1.000000,939.5,0.001000
175200,0.491116,0.999910,0.499234,0.999910,940.0,0.001000
175300,0.483362,1.000000,0.492577,1.000000,940.5,0.001000
175400,0.444460,0.999910,0.454394,0.999910,941.0,0.001000
175500,0.482118,0.999369,0.493019,0.998919,941.6,0.001000
175600,0.479380,0.999369,0.489948,0.999369,942.1,0.001000
175700,0.443329,1.000000,0.451395,1.000000,942.6,0.001000
175800,0.404576,1.000000,0.413106,1.000000,943.2,0.001000
175900,0.511209,0.996126,0.521664,0.996487,943.7,0.001000
176000,0.395500,1.000000,0.402749,1.000000,944.2,0.001000
176100,0.426223,1.000000,0.433813,1.000000,944.7,0.001000
176200,0.457056,1.000000,0.467245,0.999820,945.3,0.001000
176300,0.402005,1.000000,0.409223,1.000000,945.8,0.001000
176400,0.645444,0.989820,0.654622,0.988830,946.3,0.001000
176500,0.679981,0.973333,0.698656,0.970723,946.9,0.001000
176600,0.504268,0.999099,0.516565,0.998198,947.4,0.001000
176700,0.440157,1.000000,0.449015,1.000000,947.9,0.001000
176800,0.490188,0.998559,0.499863,0.998559,948.5,0.001000
176900,1.046369,0.803694,1.067104,0.793892,949.2,0.001000
177000,0.419762,1.000000,0.427660,1.000000,949.7,0.001000
177100,1.221237,0.643243,1.233604,0.633547,950.3,0.001000
177200,0.454739,1.000000,0.464361,1.000000,950.9,0.001000
177300,0.424317,1.000000,0.432935,1.000000,951.5,0.001000
177400,0.422050,1.000000,0.430043,1.000000,952.2,0.001000
177500,0.523159,0.998469,0.533877,0.998649,952.8,0.001000
177600,1.106883,0.804234,1.118933,0.799928,953.4,0.001000
177700,0.448535,1.000000,0.457555,1.000000,954.0,0.001000
177800,0.473456,0.999820,0.485827,0.999099,954.6,0.001000
177900,0.485914,0.999640,0.496331,0.999369,955.2,0.001000
178000,0.759996,0.964505,0.772431,0.961445,955.7,0.001000
178100,0.997219,0.940721,1.009323,0.938384,956.3,0.001000
178200,0.500960,0.998018,0.509190,0.998559,956.9,0.001000
178300,0.607733,0.983874,0.619153,0.984326,957.5,0.001000
178400,0.450606,1.000000,0.459727,1.000000,958.1,0.001000
178500,0.435188,1.000000,0.443429,0.999820,958.7,0.001000
178600,0.474186,1.000000,0.486655,1.000000,959.3,0.001000
178700,0.481388,0.999820,0.493265,0.999460,959.9,0.001000
178800,0.825501,0.956937,0.841437,0.951896,960.4,0.001000
178900,0.589897,0.997117,0.602234,0.996487,961.1,0.001000
179000,0.624750,0.992793,0.638351,0.990181,961.6,0.001000
179100,0.777899,0.962703,0.797573,0.960544,962.2,0.001000
179200,0.421858,1.000000,0.429391,1.000000,962.8,0.001000
179300,0.438457,1.000000,0.446963,1.000000,963.4,0.001000
179400,0.474710,0.999910,0.483716,0.999910,964.0,0.001000
179500,0.477865,0.999369,0.487807,0.999279,964.5,0.001000
179600,0.432994,1.000000,0.443628,1.000000,965.1,0.001000
179700,0.492763,0.999640,0.503951,0.999460,965.7,0.001000
179800,0.533264,0.990180,0.543998,0.987479,966.3,0.001000
179900,0.520876,0.992252,0.533717,0.990271,966.9,0.001000
180000,0.717948,0.938378,0.731007,0.935411,967.4,0.001000
180100,0.407613,1.000000,0.415128,1.000000,968.0,0.001000
180200,0.431545,1.000000,0.440641,1.000000,968.5,0.001000
180300,0.483849,0.999550,0.494895,0.999189,969.0,0.001000
180400,0.709598,0.957928,0.722858,0.956040,969.6,0.001000
180500,0.441050,1.000000,0.450012,1.000000,970.1,0.001000
180600,0.405673,1.000000,0.415105,1.000000,970.6,0.001000
180700,0.413715,1.000000,0.422725,1.000000,971.2,0.001000
180800,0.417332,1.000000,0.426922,1.000000,971.7,0.001000
180900,0.466704,0.999369,0.478119,0.999189,972.3,0.001000
181000,0.514500,0.997207,0.526494,0.997568,972.8,0.001000
181100,1.224312,0.790360,1.254976,0.773444,973.4,0.001000
181200,0.828591,0.915045,0.850589,0.906855,973.9,0.001000
181300,0.525746,0.999550,0.536558,0.999730,974.4,0.001000
181400,0.419793,1.000000,0.428217,1.000000,974.9,0.001000
181500,0.515796,0.999369,0.527699,0.999460,975.5,0.001000
181600,0.643264,0.976126,0.654810,0.976579,976.0,0.001000
181700,0.546891,0.992883,0.556263,0.991352,976.5,0.001000
181800,0.447530,1.000000,0.456191,1.000000,977.1,0.001000
181900,0.471820,0.999730,0.481669,0.999460,977.6,0.001000
182000,0.529037,0.999099,0.542039,0.999009,978.2,0.001000
182100,0.750036,0.966487,0.763302,0.966760,978.8,0.001000
182200,0.409493,1.000000,0.416342,1.000000,979.3,0.001000
182300,0.393397,1.000000,0.400079,1.000000,979.9,0.001000
182400,0.574393,0.993514,0.587416,0.990902,980.4,0.001000
182500,0.426127,1.000000,0.433652,1.000000,980.9,0.001000
182600,0.440934,1.000000,0.449362,1.000000,981.4,0.001000
182700,0.467134,0.999910,0.477248,0.999910,982.0,0.001000
182800,0.551545,0.998649,0.565139,0.998559,982.5,0.001000
182900,1.244633,0.731532,1.278848,0.719214,983.0,0.001000
183000,0.434834,1.000000,0.443929,1.000000,983.5,0.001000
183100,0.437502,1.000000,0.445798,1.000000,984.1,0.001000
183200,0.433403,1.000000,0.442213,1.000000,984.6,0.001000
183300,0.452615,1.000000,0.462375,1.000000,985.1,0.001000
183400,0.587294,0.982793,0.600142,0.978921,985.7,0.001000
183500,1.084141,0.723874,1.103330,0.719575,986.2,0.001000
183600,0.814556,0.881441,0.828968,0.880371,986.7,0.001000
183700,0.624804,0.967568,0.640303,0.962616,987.3,0.001000
183800,0.409934,1.000000,0.418716,1.000000,987.9,0.001000
183900,0.600028,0.987387,0.611245,0.985947,988.4,0.001000
184000,0.781945,0.969279,0.795946,0.966039,988.9,0.001000
184100,0.573447,0.996757,0.584060,0.996757,989.4,0.001000
184200,0.521403,0.999460,0.534118,0.999550,990.0,0.001000
184300,0.707147,0.984505,0.727263,0.981623,990.5,0.001000
184400,0.606399,0.967658,0.623286,0.964147,991.1,0.001000
184500,0.554801,0.989369,0.564911,0.986037,991.6,0.001000
184600,1.344480,0.709189,1.364734,0.700567,992.2,0.001000
184700,0.434095,1.000000,0.442254,1.000000,992.7,0.001000
184800,0.427975,1.000000,0.435877,1.000000,993.2,0.001000
184900,0.410160,1.000000,0.418132,1.000000,993.7,0.001000
185000,0.419390,1.000000,0.426939,1.000000,994.2,0.001000
185100,0.562273,0.982973,0.573654,0.982794,994.8,0.001000
185200,0.433355,0.999910,0.442882,1.000000,995.3,0.001000
185300,0.517127,0.997297,0.530098,0.997027,995.8,0.001000
185400,1.027411,0.776757,1.039086,0.777407,996.3,0.001000
185500,0.414580,1.000000,0.422762,1.000000,996.9,0.001000
185600,0.528293,0.999640,0.541199,0.999820,997.4,0.001000
185700,0.552801,0.998739,0.565638,0.998198,997.9,0.001000
185800,0.492537,0.998649,0.504925,0.998198,998.5,0.001000
185900,0.445195,1.000000,0.452030,1.000000,999.0,0.001000
186000,0.454157,1.000000,0.464133,0.999910,999.5,0.001000
186100,0.597231,0.986126,0.614649,0.983695,1000.1,0.001000
186200,0.514231,0.999460,0.523426,0.998739,1000.6,0.001000
186300,0.778021,0.954144,0.788262,0.949104,1001.1,0.001000
186400,0.561471,0.991081,0.571481,0.991622,1001.7,0.001000
186500,0.630596,0.984685,0.642595,0.980362,1002.2,0.001000
186600,0.511754,0.999279,0.521172,0.999189,1002.8,0.001000
186700,0.657921,0.973243,0.673912,0.966850,1003.3,0.001000
186800,0.562947,0.986847,0.575667,0.984866,1003.9,0.001000
186900,0.728803,0.947748,0.745693,0.942077,1004.4,0.001000
187000,0.761003,0.967117,0.773884,0.965859,1004.9,0.001000
187100,1.266355,0.733514,1.288861,0.721827,1005.5,0.001000
187200,0.538452,0.999189,0.550750,0.998919,1006.0,0.001000
187300,0.477310,0.999910,0.488657,0.999820,1006.5,0.001000
187400,0.446040,1.000000,0.455058,1.000000,1007.1,0.001000
187500,0.556184,0.988378,0.566398,0.986308,1007.6,0.001000
187600,0.937294,0.894324,0.950247,0.891721,1008.1,0.001000
187700,0.805036,0.889640,0.823842,0.879741,1008.7,0.001000
187800,0.485110,0.995856,0.493531,0.996487,1009.2,0.001000
187900,0.503452,0.998198,0.514920,0.997838,1009.7,0.001000
188000,0.414049,1.000000,0.422966,1.000000,1010.3,0.001000
188100,0.406407,0.999910,0.414910,1.000000,1010.8,0.001000
188200,0.423850,1.000000,0.432266,1.000000,1011.3,0.001000
188300,0.530473,0.999189,0.544263,0.999189,1011.9,0.001000
188400,0.478408,0.999820,0.486074,1.000000,1012.4,0.001000
188500,0.536271,0.998919,0.549169,0.998469,1012.9,0.001000
188600,0.410410,1.000000,0.418481,1.000000,1013.5,0.001000
188700,0.394422,1.000000,0.400967,1.000000,1014.0,0.001000
188800,0.407760,1.000000,0.415878,1.000000,1014.5,0.001000
188900,0.450388,0.999910,0.460007,1.000000,1015.1,0.001000
189000,0.940694,0.881441,0.959771,0.875056,1015.6,0.001000
189100,0.417325,1.000000,0.426143,1.000000,1016.1,0.001000
189200,0.446715,1.000000,0.455714,1.000000,1016.7,0.001000
189300,0.522688,0.999460,0.531607,0.999369,1017.2,0.001000
189400,0.419279,1.000000,0.428201,1.000000,1017.7,0.001000
189500,0.421278,1.000000,0.429516,1.000000,1018.2,0.001000
189600,0.458090,1.000000,0.466186,1.000000,1018.8,0.001000
189700,0.549441,0.997658,0.561304,0.997388,1019.3,0.001000
189800,0.541002,0.995586,0.553905,0.994325,1019.8,0.001000
189900,0.480039,0.999910,0.491269,0.999640,1020.3,0.001000
190000,0.500122,0.999099,0.513610,0.998739,1020.9,0.001000
190100,0.750353,0.945315,0.766230,0.935231,1021.4,0.001000
190200,1.700353,0.485135,1.723063,0.475182,1021.9,0.001000
190300,0.449837,1.000000,0.457865,1.000000,1022.5,0.001000
190400,0.492776,0.997478,0.505796,0.996937,1023.0,0.001000
190500,0.669306,0.969640,0.686702,0.965859,1023.5,0.001000
190600,0.740395,0.916126,0.754177,0.913701,1024.1,0.001000
190700,0.695348,0.967027,0.705684,0.965589,1024.6,0.001000
190800,0.428222,1.000000,0.435767,1.000000,1025.1,0.001000
190900,0.898869,0.883964,0.919652,0.871003,1025.7,0.001000
191000,0.464585,1.000000,0.472482,1.000000,1026.2,0.001000
191100,0.430223,1.000000,0.439378,1.000000,1026.7,0.001000
191200,0.415175,1.000000,0.422951,1.000000,1027.3,0.001000
191300,0.449234,1.000000,0.458585,1.000000,1027.8,0.001000
191400,0.512447,0.997478,0.522504,0.997838,1028.3,0.001000
191500,0.469451,0.999460,0.478514,0.999550,1028.9,0.001000
191600,0.450155,0.999910,0.459680,0.999910,1029.4,0.001000
191700,0.571588,0.996216,0.586301,0.994685,1029.9,0.001000
191800,0.701247,0.944955,0.718907,0.938564,1030.4,0.001000
191900,0.428752,1.000000,0.435312,1.000000,1031.0,0.001000
192000,0.444125,1.000000,0.451657,1.000000,1031.5,0.001000
192100,0.430260,1.000000,0.438187,1.000000,1032.0,0.001000
192200,0.449663,1.000000,0.456651,1.000000,1032.6,0.001000
192300,0.427146,1.000000,0.433816,1.000000,1033.1,0.001000
192400,0.441985,0.999910,0.451190,0.999730,1033.6,0.001000
192500,0.956018,0.795315,0.980482,0.786055,1034.2,0.001000
192600,0.415454,1.000000,0.424353,1.000000,1034.7,0.001000
192700,0.456663,1.000000,0.466474,1.000000,1035.3,0.001000
192800,0.510312,0.998559,0.522240,0.997928,1035.8,0.001000
192900,0.764295,0.962072,0.776466,0.960094,1036.3,0.001000
193000,0.527429,1.000000,0.536566,0.999640,1036.9,0.001000
193100,0.690829,0.992523,0.703931,0.991532,1037.4,0.001000
193200,0.431489,1.000000,0.438418,1.000000,1037.9,0.001000
193300,0.433215,1.000000,0.441838,1.000000,1038.5,0.001000
193400,0.423744,1.000000,0.431645,1.000000,1039.0,0.001000
193500,0.418011,1.000000,0.425579,1.000000,1039.5,0.001000
193600,0.415564,1.000000,0.423514,1.000000,1040.1,0.001000
193700,0.430678,1.000000,0.439971,1.000000,1040.6,0.001000
193800,0.530469,0.997297,0.539539,0.996937,1041.2,0.001000
193900,0.662078,0.980450,0.673244,0.978200,1041.7,0.001000
194000,1.402748,0.728829,1.434251,0.715881,1042.2,0.001000
194100,0.424865,1.000000,0.433935,1.000000,1042.8,0.001000
194200,0.444744,1.000000,0.452822,1.000000,1043.3,0.001000
194300,0.906427,0.899820,0.938377,0.889379,1043.8,0.001000
194400,0.643876,0.985856,0.657373,0.983515,1044.4,0.001000
194500,0.544637,0.997207,0.559209,0.997298,1044.9,0.001000
194600,0.511081,0.999189,0.518407,0.999640,1045.4,0.001000
194700,0.476424,0.999640,0.486654,0.999279,1045.9,0.001000
194800,0.431944,1.000000,0.440446,1.000000,1046.4,0.001000
194900,0.442642,1.000000,0.451698,1.000000,1047.0,0.001000
195000,0.420692,1.000000,0.429642,1.000000,1047.5,0.001000
195100,0.521289,0.998198,0.535537,0.997568,1048.0,0.001000
195200,0.456743,0.999910,0.466409,1.000000,1048.5,0.001000
195300,0.449741,1.000000,0.460792,1.000000,1049.1,0.001000
195400,0.481391,0.999910,0.490992,0.999189,1049.6,0.001000
195500,0.431038,1.000000,0.438832,1.000000,1050.1,0.001000
195600,0.406480,1.000000,0.414560,1.000000,1050.6,0.001000
195700,0.460437,1.000000,0.470671,0.999910,1051.2,0.001000
195800,0.464085,1.000000,0.474429,1.000000,1051.7,0.001000
195900,0.544746,0.997297,0.554903,0.996757,1052.2,0.001000
196000,2.389054,0.325405,2.413625,0.308801,1052.7,0.001000
196100,0.463979,1.000000,0.472775,1.000000,1053.3,0.001000
196200,0.558398,0.997117,0.571476,0.997478,1053.8,0.001000
196300,0.617848,0.991622,0.629815,0.992433,1054.3,0.001000
196400,0.419939,1.000000,0.428599,1.000000,1054.9,0.001000
196500,0.630490,0.991712,0.641810,0.993064,1055.4,0.001000
196600,0.419342,1.000000,0.427039,1.000000,1055.9,0.001000
196700,0.449531,0.999910,0.457600,1.000000,1056.4,0.001000
196800,0.462196,1.000000,0.473049,1.000000,1056.9,0.001000
196900,0.434710,1.000000,0.444562,1.000000,1057.5,0.001000
197000,0.448348,1.000000,0.457578,1.000000,1058.0,0.001000
197100,0.478279,0.999820,0.487946,0.999910,1058.5,0.001000
197200,0.497363,0.998739,0.507414,0.998379,1059.0,0.001000
197300,0.444250,1.000000,0.453380,1.000000,1059.6,0.001000
197400,0.420493,1.000000,0.428315,1.000000,1060.1,0.001000
197500,0.450852,1.000000,0.461088,1.000000,1060.6,0.001000
197600,0.459437,0.999820,0.468616,0.999910,1061.1,0.001000
197700,0.757020,0.954414,0.772541,0.953157,1061.7,0.001000
197800,0.431817,1.000000,0.439882,1.000000,1062.2,0.001000
197900,0.432032,1.000000,0.439858,1.000000,1062.7,0.001000
198000,0.437377,1.000000,0.445001,1.000000,1063.3,0.001000
198100,0.454048,0.999820,0.464071,0.999820,1063.8,0.001000
198200,0.592519,0.992072,0.608756,0.989821,1064.3,0.001000
198300,1.162641,0.802432,1.189909,0.785064,1064.9,0.001000
198400,0.438313,1.000000,0.445798,1.000000,1065.4,0.001000
198500,0.492281,0.999910,0.501526,1.000000,1065.9,0.001000
198600,0.544896,0.997207,0.561472,0.995045,1066.5,0.001000
198700,0.646026,0.973423,0.655399,0.970633,1067.0,0.001000
198800,0.440933,1.000000,0.448320,1.000000,1067.5,0.001000
198900,0.428505,1.000000,0.437121,1.000000,1068.0,0.001000
199000,0.420458,1.000000,0.429267,1.000000,1068.6,0.001000
199100,0.455243,1.000000,0.463130,1.000000,1069.1,0.001000
199200,0.593004,0.995946,0.606613,0.994865,1069.6,0.001000
199300,0.667197,0.985315,0.686096,0.982884,1070.2,0.001000
199400,1.059802,0.834865,1.075153,0.830916,1070.7,0.001000
199500,0.991324,0.890541,1.006760,0.883794,1071.2,0.001000
199600,0.866918,0.901532,0.889675,0.896045,1071.7,0.001000
199700,0.435931,1.000000,0.443894,1.000000,1072.3,0.001000
199800,0.494906,0.998108,0.504420,0.996126,1072.8,0.001000
199900,1.192358,0.713694,1.217710,0.703720,1073.3,0.001000
