step,train_loss,train_acc,test_loss,test_acc,elapsed_sec,lr
0,4.639165,0.017094,4.689647,0.020641,0.0,0.000020
100,3.209457,0.227920,4.856602,0.013523,0.6,0.001000
200,0.508714,0.980057,3.126162,0.474733,1.1,0.001000
300,0.135332,1.000000,2.584308,0.507473,1.5,0.001000
400,0.088077,1.000000,2.448024,0.508185,2.0,0.001000
500,0.122700,1.000000,2.398288,0.506762,2.5,0.001000
600,0.480816,0.987179,2.590662,0.494662,3.0,0.001000
700,0.507392,0.985043,2.300977,0.509609,3.5,0.001000
800,0.258424,0.998576,1.895699,0.536655,4.0,0.001000
900,0.208720,0.999288,1.527081,0.597153,4.5,0.001000
1000,0.120632,0.999288,0.706453,0.847687,5.0,0.001000
1100,0.074973,1.000000,0.160152,0.995018,5.4,0.001000
1200,0.112498,1.000000,0.146456,1.000000,5.9,0.001000
1300,0.822445,0.946581,0.942352,0.904626,6.4,0.001000
1400,0.491129,0.999288,0.543031,0.997153,6.9,0.001000
1500,0.155995,1.000000,0.171651,1.000000,7.4,0.001000
1600,0.241642,1.000000,0.264158,1.000000,7.9,0.001000
1700,0.139076,1.000000,0.149597,1.000000,8.4,0.001000
1800,0.146179,1.000000,0.157132,1.000000,8.9,0.001000
1900,0.140308,1.000000,0.147153,1.000000,9.4,0.001000
2000,0.135145,1.000000,0.143572,1.000000,9.9,0.001000
2100,0.135575,1.000000,0.146630,1.000000,10.4,0.001000
2200,0.135418,1.000000,0.145366,1.000000,10.9,0.001000
2300,0.472572,0.982194,0.518843,0.970107,11.3,0.001000
2400,0.143775,1.000000,0.156583,1.000000,11.8,0.001000
2500,0.229713,1.000000,0.254259,1.000000,12.3,0.001000
2600,0.130518,1.000000,0.138275,1.000000,12.8,0.001000
2700,0.134731,1.000000,0.144711,1.000000,13.3,0.001000
2800,0.563694,0.994302,0.616044,0.995018,13.8,0.001000
2900,0.131328,1.000000,0.140357,1.000000,14.3,0.001000
3000,0.218643,1.000000,0.245464,1.000000,14.8,0.001000
3100,0.306883,0.997863,0.332683,1.000000,15.3,0.001000
3200,0.124148,1.000000,0.132805,1.000000,15.8,0.001000
3300,0.217097,1.000000,0.238938,0.999288,16.3,0.001000
3400,0.129634,1.000000,0.138472,1.000000,16.8,0.001000
3500,2.482222,0.370370,2.536679,0.340925,17.3,0.001000
3600,0.145234,1.000000,0.155499,1.000000,17.8,0.001000
3700,0.998125,0.901709,1.090552,0.866904,18.2,0.001000
3800,0.157326,1.000000,0.170277,1.000000,18.8,0.001000
3900,0.148946,1.000000,0.158308,1.000000,19.3,0.001000
4000,0.265693,1.000000,0.289257,1.000000,19.8,0.001000
4100,0.134837,1.000000,0.141573,1.000000,20.3,0.001000
4200,0.218288,1.000000,0.238853,1.000000,20.8,0.001000
4300,0.609564,0.953704,0.682719,0.923843,21.2,0.001000
4400,0.133942,1.000000,0.143240,1.000000,21.7,0.001000
4500,0.247701,1.000000,0.266317,1.000000,22.2,0.001000
4600,0.129804,1.000000,0.136529,1.000000,22.7,0.001000
4700,0.154869,1.000000,0.168860,1.000000,23.2,0.001000
4800,0.131721,1.000000,0.137053,1.000000,23.7,0.001000
4900,0.137960,1.000000,0.146107,1.000000,24.2,0.001000
5000,0.199871,1.000000,0.208453,1.000000,24.7,0.001000
5100,0.178155,1.000000,0.189095,1.000000,25.2,0.001000
5200,1.146762,0.832621,1.175496,0.810676,25.7,0.001000
5300,0.125482,1.000000,0.130356,1.000000,26.1,0.001000
5400,0.402276,1.000000,0.437772,1.000000,26.6,0.001000
5500,0.136614,1.000000,0.144422,1.000000,27.1,0.001000
5600,0.182209,1.000000,0.195957,1.000000,27.6,0.001000
5700,0.409000,0.996439,0.429486,0.995018,28.1,0.001000
5800,0.155169,1.000000,0.168112,1.000000,28.6,0.001000
5900,0.660853,0.964387,0.733873,0.938078,29.1,0.001000
6000,0.160767,1.000000,0.172959,1.000000,29.6,0.001000
6100,0.141876,1.000000,0.149925,1.000000,30.1,0.001000
6200,0.402570,1.000000,0.437725,1.000000,30.6,0.001000
6300,0.151632,1.000000,0.161132,1.000000,31.1,0.001000
6400,0.147645,1.000000,0.153919,1.000000,31.6,0.001000
6500,0.228127,1.000000,0.248919,1.000000,32.1,0.001000
6600,0.129188,1.000000,0.135645,1.000000,32.6,0.001000
6700,0.779954,0.982906,0.831494,0.980071,33.1,0.001000
6800,0.151840,1.000000,0.158654,1.000000,33.5,0.001000
6900,0.289018,1.000000,0.308110,1.000000,34.0,0.001000
7000,0.130828,1.000000,0.136715,1.000000,34.5,0.001000
7100,0.297854,1.000000,0.328174,1.000000,35.0,0.001000
7200,0.609610,0.992877,0.653583,0.988612,35.5,0.001000
7300,0.148192,1.000000,0.157311,1.000000,36.0,0.001000
7400,0.155825,1.000000,0.161236,1.000000,36.5,0.001000
7500,0.157966,1.000000,0.170933,1.000000,37.0,0.001000
7600,0.395852,0.996439,0.412222,0.997153,37.5,0.001000
7700,0.141017,1.000000,0.150458,1.000000,38.0,0.001000
7800,0.288982,1.000000,0.305286,1.000000,38.5,0.001000
7900,0.179964,1.000000,0.194746,1.000000,39.0,0.001000
8000,0.127556,1.000000,0.133623,1.000000,39.5,0.001000
8100,0.169109,1.000000,0.178521,1.000000,40.0,0.001000
8200,1.652134,0.536325,1.718385,0.493950,40.4,0.001000
8300,0.134294,1.000000,0.142116,1.000000,40.9,0.001000
8400,0.500480,0.991453,0.552147,0.985053,41.4,0.001000
8500,0.137505,1.000000,0.146030,1.000000,41.9,0.001000
8600,0.147060,1.000000,0.154367,1.000000,42.4,0.001000
8700,0.346313,1.000000,0.376982,1.000000,42.9,0.001000
8800,0.138901,1.000000,0.146549,1.000000,43.4,0.001000
8900,0.996447,0.849715,1.092226,0.826335,43.9,0.001000
9000,0.136519,1.000000,0.144889,1.000000,44.4,0.001000
9100,1.083180,0.775641,1.109897,0.775089,44.9,0.001000
9200,0.140185,1.000000,0.147370,1.000000,45.3,0.001000
9300,3.005373,0.382479,3.050379,0.377224,45.8,0.001000
9400,0.143841,1.000000,0.150745,1.000000,46.3,0.001000
9500,0.208679,1.000000,0.221793,1.000000,46.8,0.001000
9600,0.132854,1.000000,0.139522,1.000000,47.3,0.001000
9700,0.532750,0.983618,0.572430,0.977936,47.8,0.001000
9800,0.141604,1.000000,0.152170,1.000000,48.3,0.001000
9900,0.291392,0.999288,0.310644,1.000000,48.8,0.001000
10000,0.127708,1.000000,0.136510,1.000000,49.3,0.001000
10100,0.442008,0.996439,0.475937,0.987189,49.8,0.001000
10200,0.154018,1.000000,0.164999,1.000000,50.2,0.001000
10300,0.140741,1.000000,0.146809,1.000000,50.7,0.001000
10400,0.411855,0.997863,0.444942,0.997153,51.2,0.001000
10500,0.152246,1.000000,0.160471,1.000000,51.7,0.001000
10600,0.153819,1.000000,0.159829,1.000000,52.2,0.001000
10700,0.240516,1.000000,0.269861,1.000000,52.7,0.001000
10800,0.135277,1.000000,0.143033,1.000000,53.2,0.001000
10900,0.507510,0.970085,0.548481,0.957295,53.7,0.001000
11000,0.195140,1.000000,0.209438,1.000000,54.2,0.001000
11100,0.131464,1.000000,0.139275,1.000000,54.7,0.001000
11200,0.480507,0.983618,0.518118,0.970107,55.2,0.001000
11300,0.172124,1.000000,0.185290,1.000000,55.7,0.001000
11400,0.133493,1.000000,0.139291,1.000000,56.2,0.001000
11500,0.379857,1.000000,0.405292,0.999288,56.6,0.001000
11600,0.161400,1.000000,0.169899,1.000000,57.1,0.001000
11700,0.133792,1.000000,0.141025,1.000000,57.6,0.001000
11800,0.809594,0.927350,0.877245,0.909609,58.1,0.001000
11900,0.253529,1.000000,0.275198,1.000000,58.6,0.001000
12000,0.137469,1.000000,0.144141,1.000000,59.1,0.001000
12100,0.151242,1.000000,0.156154,1.000000,59.6,0.001000
12200,0.221290,1.000000,0.245507,1.000000,60.1,0.001000
12300,0.128964,1.000000,0.135652,1.000000,60.6,0.001000
12400,0.634982,0.941595,0.684951,0.938790,61.0,0.001000
12500,0.170432,1.000000,0.185646,1.000000,61.6,0.001000
12600,0.141591,1.000000,0.151039,1.000000,62.0,0.001000
12700,0.732231,0.933048,0.789956,0.914591,62.5,0.001000
12800,0.132484,1.000000,0.139501,1.000000,63.0,0.001000
12900,1.149551,0.774929,1.218139,0.747331,63.5,0.001000
13000,0.140604,1.000000,0.149139,1.000000,64.0,0.001000
13100,0.779302,0.932336,0.855800,0.882562,64.5,0.001000
13200,0.127846,1.000000,0.135391,1.000000,65.0,0.001000
13300,0.147504,1.000000,0.154800,1.000000,65.4,0.001000
13400,0.713935,0.966524,0.765449,0.947331,65.9,0.001000
13500,0.209590,1.000000,0.226650,1.000000,66.4,0.001000
13600,0.135267,1.000000,0.143627,1.000000,66.9,0.001000
13700,0.786953,0.892450,0.834219,0.871174,67.4,0.001000
13800,0.498147,0.995726,0.541621,0.990747,67.9,0.001000
13900,0.134556,1.000000,0.141169,1.000000,68.4,0.001000
14000,0.142481,1.000000,0.148554,1.000000,68.8,0.001000
14100,0.203441,1.000000,0.216606,1.000000,69.3,0.001000
14200,0.127805,1.000000,0.133796,1.000000,69.9,0.001000
14300,0.421775,0.998576,0.468733,0.995018,70.4,0.001000
14400,0.239589,1.000000,0.257497,1.000000,70.9,0.001000
14500,0.145598,1.000000,0.151987,1.000000,71.4,0.001000
14600,0.224151,1.000000,0.247192,1.000000,71.9,0.001000
14700,0.142440,1.000000,0.150719,1.000000,72.4,0.001000
14800,0.146981,1.000000,0.153197,1.000000,72.9,0.001000
14900,0.172278,1.000000,0.184002,1.000000,73.4,0.001000
15000,1.251585,0.774929,1.290390,0.750890,73.9,0.001000
15100,0.397090,0.998576,0.437093,0.997865,74.4,0.001000
15200,0.153939,1.000000,0.164936,1.000000,74.9,0.001000
15300,0.146779,1.000000,0.154723,1.000000,75.4,0.001000
15400,0.172251,1.000000,0.185677,1.000000,75.9,0.001000
15500,0.143506,1.000000,0.152596,1.000000,76.4,0.001000
15600,0.155746,1.000000,0.163706,1.000000,76.9,0.001000
15700,0.181953,1.000000,0.191766,1.000000,77.4,0.001000
15800,0.377384,1.000000,0.396333,1.000000,77.9,0.001000
15900,0.206335,1.000000,0.223750,1.000000,78.4,0.001000
16000,0.129161,1.000000,0.136572,1.000000,78.9,0.001000
16100,0.298518,1.000000,0.327030,0.998577,79.4,0.001000
16200,0.149695,1.000000,0.159138,1.000000,79.9,0.001000
16300,0.146106,1.000000,0.152576,1.000000,80.4,0.001000
16400,0.406935,0.995014,0.449504,0.991459,80.9,0.001000
16500,0.132477,1.000000,0.139886,1.000000,81.4,0.001000
16600,0.342114,1.000000,0.376478,1.000000,81.9,0.001000
16700,0.134565,1.000000,0.142298,1.000000,82.4,0.001000
16800,0.139703,1.000000,0.147216,1.000000,82.8,0.001000
16900,0.482467,0.995014,0.530440,0.990747,83.3,0.001000
17000,0.143336,1.000000,0.154831,1.000000,83.8,0.001000
17100,0.132708,1.000000,0.140164,1.000000,84.3,0.001000
17200,0.452190,0.997863,0.493517,0.992883,84.8,0.001000
17300,0.134736,1.000000,0.141629,1.000000,85.3,0.001000
17400,0.420422,0.995726,0.468504,0.990747,85.8,0.001000
17500,0.124357,1.000000,0.130959,1.000000,86.3,0.001000
17600,0.455031,0.999288,0.499310,0.997865,86.8,0.001000
17700,0.128986,1.000000,0.136130,1.000000,87.3,0.001000
17800,0.140714,1.000000,0.147339,1.000000,87.8,0.001000
17900,0.198313,1.000000,0.214206,1.000000,88.3,0.001000
18000,0.136321,1.000000,0.144482,1.000000,88.8,0.001000
18100,0.134378,1.000000,0.141928,1.000000,89.3,0.001000
18200,0.399964,0.999288,0.423890,0.999288,89.8,0.001000
18300,0.127240,1.000000,0.135236,1.000000,90.3,0.001000
18400,0.134776,1.000000,0.140946,1.000000,90.8,0.001000
18500,0.567322,0.992877,0.612110,0.987189,91.3,0.001000
18600,0.157273,1.000000,0.166461,1.000000,91.8,0.001000
18700,0.137642,1.000000,0.143309,1.000000,92.3,0.001000
18800,0.312177,0.998576,0.345657,0.997865,92.8,0.001000
18900,0.147560,1.000000,0.156621,1.000000,93.3,0.001000
19000,0.950804,0.897436,1.000415,0.883986,93.7,0.001000
19100,0.163643,1.000000,0.177679,1.000000,94.2,0.001000
19200,0.131354,1.000000,0.138817,1.000000,94.7,0.001000
19300,0.194116,1.000000,0.211572,1.000000,95.2,0.001000
19400,0.127705,1.000000,0.134863,1.000000,95.7,0.001000
19500,2.675643,0.434473,2.712158,0.429893,96.2,0.001000
19600,0.166700,1.000000,0.179334,1.000000,96.7,0.001000
19700,0.166556,1.000000,0.180978,1.000000,97.2,0.001000
19800,0.145719,1.000000,0.154023,1.000000,97.7,0.001000
19900,0.194851,1.000000,0.211860,1.000000,98.2,0.001000
20000,0.131013,1.000000,0.137860,1.000000,98.7,0.001000
20100,0.280254,1.000000,0.300841,1.000000,99.2,0.001000
20200,0.144895,1.000000,0.153523,1.000000,99.7,0.001000
20300,0.144947,1.000000,0.151711,1.000000,100.2,0.001000
20400,0.452907,0.992877,0.504781,0.988612,100.7,0.001000
20500,0.139570,1.000000,0.149850,1.000000,101.2,0.001000
20600,0.142585,1.000000,0.149665,1.000000,101.7,0.001000
20700,0.222556,1.000000,0.242308,1.000000,102.2,0.001000
20800,0.132483,1.000000,0.138938,1.000000,102.7,0.001000
20900,0.476408,0.997863,0.516865,0.995730,103.2,0.001000
21000,0.159154,1.000000,0.169799,1.000000,103.7,0.001000
21100,0.131997,1.000000,0.139205,1.000000,104.2,0.001000
21200,0.748811,0.971510,0.823624,0.954448,104.7,0.001000
21300,0.188291,1.000000,0.203515,1.000000,105.2,0.001000
21400,0.152188,1.000000,0.163031,1.000000,105.7,0.001000
21500,0.174482,1.000000,0.183942,1.000000,106.2,0.001000
21600,0.176697,1.000000,0.190155,1.000000,106.7,0.001000
21700,0.137629,1.000000,0.145735,1.000000,107.1,0.001000
21800,0.292965,1.000000,0.322013,1.000000,107.6,0.001000
21900,0.136965,1.000000,0.146043,1.000000,108.1,0.001000
22000,0.150540,1.000000,0.158682,1.000000,108.6,0.001000
22100,0.382468,1.000000,0.414594,0.999288,109.1,0.001000
22200,0.142565,1.000000,0.148921,1.000000,109.6,0.001000
22300,0.243944,0.999288,0.265852,1.000000,110.1,0.001000
22400,0.142750,1.000000,0.153493,1.000000,110.6,0.001000
22500,0.137540,1.000000,0.144021,1.000000,111.1,0.001000
22600,0.225092,1.000000,0.244905,1.000000,111.7,0.001000
22700,0.143154,1.000000,0.151424,1.000000,112.2,0.001000
22800,0.413796,0.992165,0.436422,0.991459,112.7,0.001000
22900,0.143206,1.000000,0.153514,1.000000,113.2,0.001000
23000,1.679516,0.634615,1.728731,0.603559,113.7,0.001000
23100,0.162034,1.000000,0.174092,1.000000,114.1,0.001000
23200,0.154703,1.000000,0.163587,1.000000,114.6,0.001000
23300,1.775596,0.621083,1.801923,0.612811,115.1,0.001000
23400,0.155507,1.000000,0.166168,1.000000,115.6,0.001000
23500,0.140151,1.000000,0.147656,1.000000,116.1,0.001000
23600,0.703555,0.955840,0.787618,0.935231,116.7,0.001000
23700,0.182603,1.000000,0.199519,1.000000,117.2,0.001000
23800,0.139091,1.000000,0.146401,1.000000,117.6,0.001000
23900,0.231032,1.000000,0.250164,0.999288,118.1,0.001000
24000,0.142716,1.000000,0.151280,1.000000,118.6,0.001000
24100,0.305006,0.999288,0.323937,0.997865,119.1,0.001000
24200,0.133724,1.000000,0.142537,1.000000,119.6,0.001000
24300,0.312277,1.000000,0.324821,1.000000,120.1,0.001000
24400,0.322088,1.000000,0.343696,1.000000,120.6,0.001000
24500,0.139522,1.000000,0.147224,1.000000,121.1,0.001000
24600,0.149282,1.000000,0.155580,1.000000,121.6,0.001000
24700,0.290064,1.000000,0.316027,1.000000,122.1,0.001000
24800,0.136904,1.000000,0.144158,1.000000,122.6,0.001000
24900,0.152586,1.000000,0.159281,1.000000,123.1,0.001000
25000,0.175624,1.000000,0.188428,1.000000,123.6,0.001000
25100,0.612737,0.970798,0.643974,0.960854,124.1,0.001000
25200,0.130826,1.000000,0.138749,1.000000,124.6,0.001000
25300,0.135415,1.000000,0.142125,1.000000,125.1,0.001000
25400,0.590106,0.992877,0.651197,0.978648,125.6,0.001000
25500,0.127580,1.000000,0.133874,1.000000,126.1,0.001000
25600,0.583622,0.984330,0.644844,0.972954,126.6,0.001000
25700,0.149304,1.000000,0.159473,1.000000,127.1,0.001000
25800,0.163976,1.000000,0.176354,1.000000,127.6,0.001000
25900,0.809426,0.935897,0.872939,0.918861,128.0,0.001000
26000,0.157967,1.000000,0.168401,1.000000,128.5,0.001000
26100,0.147213,1.000000,0.155625,1.000000,129.0,0.001000
26200,0.351463,0.999288,0.384175,0.999288,129.5,0.001000
26300,0.171597,1.000000,0.183847,1.000000,130.0,0.001000
26400,0.136857,1.000000,0.143612,1.000000,130.5,0.001000
26500,0.469764,0.997151,0.513664,0.993594,131.0,0.001000
26600,0.175621,1.000000,0.188137,1.000000,131.5,0.001000
26700,0.140246,1.000000,0.145671,1.000000,132.0,0.001000
26800,0.161888,1.000000,0.168035,1.000000,132.5,0.001000
26900,0.330340,0.999288,0.355543,1.000000,133.0,0.001000
27000,0.154613,1.000000,0.164445,1.000000,133.4,0.001000
27100,0.139258,1.000000,0.146077,1.000000,133.9,0.001000
27200,0.150049,1.000000,0.156862,1.000000,134.4,0.001000
27300,0.405887,0.995014,0.430903,0.993594,134.9,0.001000
27400,0.165160,1.000000,0.177249,1.000000,135.4,0.001000
27500,0.144757,1.000000,0.152729,1.000000,135.9,0.001000
27600,0.313874,0.998576,0.333544,1.000000,136.4,0.001000
27700,0.141827,1.000000,0.152273,1.000000,136.9,0.001000
27800,0.144174,1.000000,0.151011,1.000000,137.4,0.001000
27900,0.208025,1.000000,0.226356,1.000000,137.9,0.001000
28000,0.129526,1.000000,0.136798,1.000000,138.4,0.001000
28100,1.601630,0.610399,1.640450,0.590747,138.9,0.001000
28200,0.196266,1.000000,0.210709,1.000000,139.4,0.001000
28300,0.137457,1.000000,0.144095,1.000000,139.9,0.001000
28400,0.314766,0.999288,0.325803,1.000000,140.4,0.001000
28500,0.263102,1.000000,0.284302,1.000000,140.9,0.001000
28600,0.138871,1.000000,0.144932,1.000000,141.4,0.001000
28700,0.215142,1.000000,0.232839,1.000000,141.9,0.001000
28800,0.142631,1.000000,0.150066,1.000000,142.4,0.001000
28900,1.545307,0.640313,1.604864,0.615658,142.9,0.001000
29000,0.166123,1.000000,0.177366,1.000000,143.4,0.001000
29100,0.142741,1.000000,0.150487,1.000000,143.9,0.001000
29200,1.753141,0.589744,1.870973,0.536655,144.4,0.001000
29300,0.347665,1.000000,0.374389,1.000000,144.9,0.001000
29400,0.147590,1.000000,0.155580,1.000000,145.4,0.001000
29500,0.148271,1.000000,0.155399,1.000000,145.9,0.001000
29600,1.455767,0.696581,1.517706,0.669751,146.4,0.001000
29700,0.248003,1.000000,0.266224,1.000000,146.9,0.001000
29800,0.144821,1.000000,0.151963,1.000000,147.4,0.001000
29900,0.148550,1.000000,0.154941,1.000000,147.9,0.001000
30000,0.356661,1.000000,0.390332,1.000000,148.4,0.001000
30100,0.150958,1.000000,0.162475,1.000000,148.8,0.001000
30200,0.328151,1.000000,0.344773,0.997865,149.4,0.001000
30300,0.503134,0.998576,0.567290,0.993594,149.9,0.001000
30400,0.143668,1.000000,0.151623,1.000000,150.4,0.001000
30500,0.152899,1.000000,0.159739,1.000000,150.9,0.001000
30600,0.205810,1.000000,0.223854,1.000000,151.4,0.001000
30700,0.142693,1.000000,0.150313,1.000000,152.0,0.001000
30800,0.189765,1.000000,0.200098,1.000000,152.5,0.001000
30900,0.477048,0.998576,0.529622,0.994306,153.0,0.001000
31000,0.160045,1.000000,0.171915,1.000000,153.6,0.001000
31100,0.148253,1.000000,0.155292,1.000000,154.1,0.001000
31200,0.222820,1.000000,0.245440,1.000000,154.5,0.001000
31300,0.140719,1.000000,0.149592,1.000000,155.0,0.001000
31400,1.307272,0.720085,1.391028,0.692527,155.5,0.001000
31500,0.192675,1.000000,0.205857,1.000000,156.0,0.001000
31600,0.142336,1.000000,0.149442,1.000000,156.5,0.001000
31700,0.271958,1.000000,0.294034,1.000000,157.0,0.001000
31800,0.152017,1.000000,0.159465,1.000000,157.5,0.001000
31900,0.186658,1.000000,0.192843,1.000000,158.0,0.001000
32000,0.280256,1.000000,0.300093,1.000000,158.5,0.001000
32100,0.144355,1.000000,0.151676,1.000000,159.0,0.001000
32200,0.829507,0.902422,0.887705,0.881139,159.5,0.001000
32300,0.180651,1.000000,0.195969,1.000000,160.0,0.001000
32400,0.152680,1.000000,0.161971,1.000000,160.5,0.001000
32500,0.213150,1.000000,0.234911,1.000000,161.0,0.001000
32600,0.140280,1.000000,0.147992,1.000000,161.5,0.001000
32700,0.158897,1.000000,0.167241,1.000000,162.0,0.001000
32800,1.104665,0.824786,1.162745,0.804982,162.5,0.001000
32900,0.185682,1.000000,0.196714,1.000000,163.0,0.001000
33000,0.148185,1.000000,0.156830,1.000000,163.5,0.001000
33100,0.155907,1.000000,0.164028,1.000000,164.0,0.001000
33200,0.340334,1.000000,0.370465,0.998577,164.5,0.001000
33300,0.156921,1.000000,0.165194,1.000000,165.0,0.001000
33400,0.214672,1.000000,0.221572,1.000000,165.5,0.001000
33500,0.194103,1.000000,0.207192,1.000000,165.9,0.001000
33600,0.145244,1.000000,0.151470,1.000000,166.4,0.001000
33700,0.736996,0.932336,0.774354,0.923132,166.9,0.001000
33800,0.172456,1.000000,0.183382,1.000000,167.4,0.001000
33900,0.143434,1.000000,0.151378,1.000000,167.9,0.001000
34000,2.821546,0.314103,2.831470,0.318861,168.4,0.001000
34100,0.483896,0.997151,0.536538,0.990747,168.9,0.001000
34200,0.161358,1.000000,0.171583,1.000000,169.4,0.001000
34300,0.146697,1.000000,0.154702,1.000000,169.9,0.001000
34400,1.876159,0.514245,1.970418,0.494662,170.4,0.001000
34500,0.169430,1.000000,0.185317,1.000000,170.9,0.001000
34600,0.153073,1.000000,0.161349,1.000000,171.4,0.001000
34700,0.508726,0.996439,0.559363,0.986477,171.8,0.001000
34800,0.164983,1.000000,0.176112,1.000000,172.3,0.001000
34900,0.630336,0.982906,0.694675,0.970107,172.9,0.001000
35000,0.152503,1.000000,0.163194,1.000000,173.4,0.001000
35100,0.150650,1.000000,0.158270,1.000000,173.9,0.001000
35200,0.212635,1.000000,0.230768,1.000000,174.3,0.001000
35300,0.148420,1.000000,0.155583,1.000000,174.9,0.001000
35400,0.862973,0.867521,0.929506,0.842705,175.4,0.001000
35500,0.245431,1.000000,0.269279,0.999288,175.9,0.001000
35600,0.231086,1.000000,0.242065,1.000000,176.4,0.001000
35700,0.172344,1.000000,0.186839,1.000000,176.9,0.001000
35800,0.140896,1.000000,0.149288,1.000000,177.4,0.001000
35900,1.273243,0.784900,1.331311,0.774377,177.9,0.001000
36000,0.181727,1.000000,0.197356,1.000000,178.4,0.001000
36100,0.136252,1.000000,0.143952,1.000000,178.9,0.001000
36200,0.368866,1.000000,0.391910,1.000000,179.4,0.001000
36300,0.277269,1.000000,0.299885,1.000000,179.9,0.001000
36400,0.147642,1.000000,0.156443,1.000000,180.4,0.001000
36500,0.559437,0.978632,0.628452,0.970819,180.9,0.001000
36600,0.239298,1.000000,0.268469,0.999288,181.4,0.001000
36700,0.156586,1.000000,0.166352,1.000000,182.0,0.001000
36800,1.215561,0.753561,1.305624,0.708897,182.5,0.001000
36900,0.171492,1.000000,0.186457,1.000000,183.0,0.001000
37000,0.156778,1.000000,0.166159,1.000000,183.5,0.001000
37100,0.481263,0.998576,0.529261,0.995018,184.0,0.001000
37200,0.190022,1.000000,0.201268,1.000000,184.5,0.001000
37300,0.157806,1.000000,0.167658,1.000000,185.0,0.001000
37400,0.954921,0.868234,0.999588,0.856939,185.5,0.001000
37500,0.186232,1.000000,0.195975,1.000000,186.0,0.001000
37600,0.140823,1.000000,0.147633,1.000000,186.5,0.001000
37700,1.443911,0.600427,1.544468,0.580071,186.9,0.001000
37800,0.209069,1.000000,0.229091,1.000000,187.4,0.001000
37900,0.147586,1.000000,0.156594,1.000000,188.0,0.001000
38000,0.367401,0.999288,0.401541,0.997153,188.5,0.001000
38100,0.146829,1.000000,0.155542,1.000000,189.0,0.001000
38200,0.152829,1.000000,0.160594,1.000000,189.5,0.001000
38300,0.385871,0.999288,0.423473,0.998577,190.0,0.001000
38400,0.154822,1.000000,0.164318,1.000000,190.5,0.001000
38500,0.153263,1.000000,0.160027,1.000000,191.0,0.001000
38600,0.322811,0.999288,0.357109,0.995730,191.5,0.001000
38700,0.145884,1.000000,0.153108,1.000000,192.0,0.001000
38800,0.162343,1.000000,0.168408,1.000000,192.5,0.001000
38900,0.238986,1.000000,0.255752,1.000000,192.9,0.001000
39000,0.155077,1.000000,0.163200,1.000000,193.4,0.001000
39100,0.499746,0.989316,0.534959,0.985053,193.9,0.001000
39200,0.139692,1.000000,0.147222,1.000000,194.4,0.001000
39300,0.150401,1.000000,0.158433,1.000000,194.9,0.001000
39400,0.467463,0.997863,0.493853,0.996441,195.4,0.001000
39500,0.155705,1.000000,0.164758,1.000000,195.9,0.001000
39600,0.150981,1.000000,0.156357,1.000000,196.4,0.001000
39700,0.437502,1.000000,0.485528,0.999288,196.9,0.001000
39800,0.186311,1.000000,0.195468,1.000000,197.4,0.001000
39900,0.151943,1.000000,0.158962,1.000000,197.9,0.001000
40000,0.318936,0.999288,0.351309,0.998577,198.4,0.001000
40100,0.148617,1.000000,0.158083,1.000000,198.8,0.001000
40200,1.382597,0.769943,1.465279,0.743772,199.3,0.001000
40300,0.219824,1.000000,0.240104,1.000000,199.8,0.001000
40400,0.149489,1.000000,0.157938,1.000000,200.3,0.001000
40500,0.194197,1.000000,0.201544,1.000000,200.8,0.001000
40600,0.306561,1.000000,0.340809,0.997865,201.3,0.001000
40700,0.142603,1.000000,0.149463,1.000000,201.8,0.001000
40800,0.818283,0.910969,0.880784,0.900356,202.3,0.001000
40900,0.185085,1.000000,0.203364,1.000000,202.8,0.001000
41000,0.153208,1.000000,0.160977,1.000000,203.3,0.001000
41100,0.382115,0.999288,0.414971,1.000000,203.8,0.001000
41200,0.215036,1.000000,0.231705,1.000000,204.3,0.001000
41300,0.160336,1.000000,0.167898,1.000000,204.8,0.001000
41400,0.306450,1.000000,0.329494,1.000000,205.3,0.001000
41500,0.150715,1.000000,0.158274,1.000000,205.8,0.001000
41600,0.160988,1.000000,0.167870,1.000000,206.2,0.001000
41700,0.176552,1.000000,0.186200,1.000000,206.7,0.001000
41800,0.154695,1.000000,0.161057,1.000000,207.2,0.001000
41900,0.850283,0.888889,0.907701,0.865480,207.7,0.001000
42000,0.190667,1.000000,0.205842,1.000000,208.2,0.001000
42100,0.157996,1.000000,0.168956,1.000000,208.7,0.001000
42200,0.939703,0.927350,1.011553,0.905338,209.2,0.001000
42300,0.160310,1.000000,0.171354,1.000000,209.7,0.001000
42400,0.163474,1.000000,0.174824,1.000000,210.2,0.001000
42500,0.285733,0.999288,0.318509,1.000000,210.7,0.001000
42600,0.139931,1.000000,0.146976,1.000000,211.2,0.001000
42700,0.750299,0.933761,0.798454,0.921708,211.7,0.001000
42800,0.183080,1.000000,0.198086,1.000000,212.2,0.001000
42900,0.142623,1.000000,0.149751,1.000000,212.7,0.001000
43000,0.621352,0.960114,0.667733,0.950890,213.2,0.001000
43100,0.161509,1.000000,0.171672,1.000000,213.7,0.001000
43200,0.146882,1.000000,0.154231,1.000000,214.2,0.001000
43300,2.159722,0.425214,2.192467,0.397865,214.7,0.001000
43400,0.164412,1.000000,0.176535,1.000000,215.2,0.001000
43500,0.143772,1.000000,0.150084,1.000000,215.7,0.001000
43600,0.238798,1.000000,0.257307,1.000000,216.2,0.001000
43700,0.139460,1.000000,0.144984,1.000000,216.7,0.001000
43800,0.404603,0.997863,0.432921,0.996441,217.2,0.001000
43900,0.145694,1.000000,0.153956,1.000000,217.7,0.001000
44000,0.153754,1.000000,0.160043,1.000000,218.2,0.001000
44100,0.302785,1.000000,0.323802,0.998577,218.7,0.001000
44200,0.160722,1.000000,0.170978,1.000000,219.1,0.001000
44300,0.169352,1.000000,0.176691,1.000000,219.6,0.001000
44400,0.556045,0.995014,0.598434,0.991459,220.1,0.001000
44500,0.191011,1.000000,0.207280,1.000000,220.7,0.001000
44600,0.150150,1.000000,0.158267,1.000000,221.2,0.001000
44700,0.468475,1.000000,0.520295,0.992883,221.7,0.001000
44800,0.150649,1.000000,0.160528,1.000000,222.2,0.001000
44900,0.155935,1.000000,0.164471,1.000000,222.7,0.001000
45000,0.228271,1.000000,0.249046,1.000000,223.2,0.001000
45100,0.144692,1.000000,0.153131,1.000000,223.7,0.001000
45200,0.873687,0.960114,0.953286,0.935943,224.2,0.001000
45300,0.166606,1.000000,0.176806,1.000000,224.7,0.001000
45400,0.835203,0.913105,0.908138,0.883274,225.1,0.001000
45500,0.276236,0.999288,0.299565,1.000000,225.7,0.001000
45600,0.140519,1.000000,0.148045,1.000000,226.1,0.001000
45700,0.268933,1.000000,0.284732,1.000000,226.6,0.001000
45800,0.165329,1.000000,0.174995,1.000000,227.1,0.001000
45900,0.151533,1.000000,0.158974,1.000000,227.6,0.001000
46000,0.629874,0.969373,0.663092,0.963701,228.1,0.001000
46100,0.152954,1.000000,0.161317,1.000000,228.6,0.001000
46200,0.172533,1.000000,0.183933,1.000000,229.1,0.001000
46300,0.855891,0.892450,0.907645,0.876868,229.6,0.001000
46400,0.183263,1.000000,0.200494,1.000000,230.1,0.001000
46500,0.144994,1.000000,0.151414,1.000000,230.6,0.001000
46600,0.632248,0.957977,0.678064,0.958007,231.0,0.001000
46700,0.175329,1.000000,0.190953,1.000000,231.5,0.001000
46800,0.144366,1.000000,0.150478,1.000000,232.0,0.001000
46900,0.193697,1.000000,0.212011,1.000000,232.5,0.001000
47000,0.439814,0.992165,0.479068,0.982918,233.0,0.001000
47100,0.171957,1.000000,0.184296,1.000000,233.5,0.001000
47200,0.148273,1.000000,0.154543,1.000000,234.0,0.001000
47300,0.283275,1.000000,0.307107,0.999288,234.5,0.001000
47400,0.147032,1.000000,0.155959,1.000000,235.0,0.001000
47500,1.837106,0.620370,1.889574,0.597865,235.5,0.001000
47600,0.453901,0.999288,0.500674,0.997865,236.0,0.001000
47700,0.163601,1.000000,0.174797,1.000000,236.5,0.001000
47800,0.266660,1.000000,0.292083,0.999288,237.0,0.001000
47900,0.140592,1.000000,0.148299,1.000000,237.5,0.001000
48000,1.027007,0.794160,1.113708,0.744484,238.0,0.001000
48100,0.197180,1.000000,0.215966,1.000000,238.5,0.001000
48200,0.146978,1.000000,0.152996,1.000000,238.9,0.001000
48300,0.323436,1.000000,0.336208,1.000000,239.4,0.001000
48400,0.208609,1.000000,0.229338,1.000000,239.9,0.001000
48500,0.148240,1.000000,0.156955,1.000000,240.4,0.001000
48600,0.454984,0.995726,0.495833,0.994306,240.9,0.001000
48700,0.179135,1.000000,0.191891,1.000000,241.4,0.001000
48800,0.149474,1.000000,0.155672,1.000000,241.9,0.001000
48900,0.439336,0.999288,0.476734,0.997153,242.5,0.001000
49000,0.192719,1.000000,0.204975,1.000000,243.0,0.001000
49100,0.150961,1.000000,0.157579,1.000000,243.5,0.001000
49200,0.590331,0.995014,0.641665,0.988612,244.0,0.001000
49300,0.221824,1.000000,0.239423,1.000000,244.5,0.001000
49400,0.134335,1.000000,0.143254,1.000000,245.0,0.001000
49500,0.193280,1.000000,0.216624,0.999288,245.5,0.001000
49600,0.152705,1.000000,0.166096,1.000000,246.0,0.001000
49700,0.152577,1.000000,0.159758,1.000000,246.5,0.001000
49800,0.716014,0.981481,0.775718,0.970107,246.9,0.001000
49900,0.147219,1.000000,0.157125,1.000000,247.4,0.001000
50000,0.154987,1.000000,0.161855,1.000000,247.9,0.001000
50100,0.197292,1.000000,0.212719,1.000000,248.4,0.001000
50200,0.148304,1.000000,0.156873,1.000000,248.9,0.001000
50300,0.402293,0.998576,0.441866,0.997865,249.4,0.001000
50400,0.162004,1.000000,0.174818,1.000000,249.9,0.001000
50500,0.148387,1.000000,0.155315,1.000000,250.3,0.001000
50600,0.665073,0.975783,0.697601,0.965836,250.8,0.001000
50700,0.184250,1.000000,0.199501,1.000000,251.3,0.001000
50800,0.159818,1.000000,0.170207,1.000000,251.8,0.001000
50900,0.165234,1.000000,0.178578,1.000000,252.3,0.001000
51000,0.148067,1.000000,0.157373,1.000000,252.8,0.001000
51100,0.516091,0.993590,0.582243,0.992171,253.3,0.001000
51200,0.163501,1.000000,0.177050,1.000000,253.8,0.001000
51300,0.155014,1.000000,0.162574,1.000000,254.3,0.001000
51400,0.505380,0.996439,0.540894,0.996441,254.8,0.001000
51500,0.204354,1.000000,0.222520,1.000000,255.3,0.001000
51600,0.146473,1.000000,0.155539,1.000000,255.8,0.001000
51700,0.160880,1.000000,0.169686,1.000000,256.3,0.001000
51800,0.360567,0.998576,0.392288,0.997865,256.8,0.001000
51900,0.142250,1.000000,0.150138,1.000000,257.3,0.001000
52000,0.180853,1.000000,0.191327,1.000000,257.8,0.001000
52100,0.239015,1.000000,0.259299,1.000000,258.3,0.001000
52200,0.140830,1.000000,0.148727,1.000000,258.8,0.001000
52300,1.751186,0.559117,1.894102,0.523843,259.3,0.001000
52400,0.204464,1.000000,0.218927,1.000000,259.7,0.001000
52500,0.149551,1.000000,0.157454,1.000000,260.2,0.001000
52600,0.741949,0.871795,0.775064,0.859787,260.7,0.001000
52700,0.166529,1.000000,0.179548,1.000000,261.2,0.001000
52800,1.338020,0.752137,1.364791,0.769395,261.7,0.001000
52900,0.161502,1.000000,0.172387,1.000000,262.2,0.001000
53000,0.151344,1.000000,0.158904,1.000000,262.7,0.001000
53100,0.733066,0.977920,0.797176,0.958007,263.2,0.001000
53200,0.171768,1.000000,0.180985,1.000000,263.7,0.001000
53300,0.893128,0.908832,0.941473,0.904626,264.2,0.001000
53400,0.223637,1.000000,0.242744,1.000000,264.7,0.001000
53500,0.150907,1.000000,0.157574,1.000000,265.2,0.001000
53600,0.151450,1.000000,0.159841,1.000000,265.6,0.001000
53700,0.373323,1.000000,0.419985,0.999288,266.1,0.001000
53800,0.170977,1.000000,0.185130,1.000000,266.7,0.001000
53900,0.827866,0.955840,0.896124,0.940925,267.1,0.001000
54000,0.149182,1.000000,0.157854,1.000000,267.6,0.001000
54100,2.925564,0.339744,2.952376,0.345907,268.1,0.001000
54200,0.193265,1.000000,0.221078,1.000000,268.6,0.001000
54300,0.154450,1.000000,0.164184,1.000000,269.1,0.001000
54400,0.327335,1.000000,0.359510,1.000000,269.6,0.001000
54500,0.157600,1.000000,0.168958,1.000000,270.1,0.001000
54600,0.593294,0.972934,0.638704,0.964413,270.6,0.001000
54700,0.172465,1.000000,0.184240,1.000000,271.1,0.001000
54800,0.145727,1.000000,0.154889,1.000000,271.6,0.001000
54900,1.196076,0.787749,1.302397,0.738078,272.1,0.001000
55000,0.382035,0.999288,0.429123,0.995018,272.6,0.001000
55100,0.168774,1.000000,0.181621,1.000000,273.0,0.001000
55200,0.170676,1.000000,0.178569,1.000000,273.5,0.001000
55300,0.190419,1.000000,0.206375,1.000000,274.0,0.001000
55400,0.276381,1.000000,0.292835,1.000000,274.5,0.001000
55500,0.368825,1.000000,0.418582,1.000000,275.0,0.001000
55600,0.145674,1.000000,0.154125,1.000000,275.5,0.001000
55700,0.727287,0.951567,0.773664,0.945907,276.0,0.001000
55800,0.156777,1.000000,0.163002,1.000000,276.5,0.001000
55900,0.152481,1.000000,0.160682,1.000000,277.0,0.001000
56000,0.280982,1.000000,0.309968,1.000000,277.5,0.001000
56100,0.167781,1.000000,0.181323,1.000000,278.0,0.001000
56200,0.148702,1.000000,0.155903,1.000000,278.5,0.001000
56300,0.173377,1.000000,0.182483,1.000000,278.9,0.001000
56400,0.190575,1.000000,0.202672,1.000000,279.4,0.001000
56500,0.145781,1.000000,0.153856,1.000000,279.9,0.001000
56600,0.157586,1.000000,0.165560,1.000000,280.4,0.001000
56700,0.175986,1.000000,0.188050,1.000000,280.9,0.001000
56800,0.196806,1.000000,0.208415,1.000000,281.4,0.001000
56900,0.231797,1.000000,0.250597,1.000000,281.9,0.001000
57000,0.149307,1.000000,0.158417,1.000000,282.4,0.001000
57100,0.478174,0.990741,0.516635,0.982918,282.9,0.001000
57200,0.181314,1.000000,0.194235,1.000000,283.4,0.001000
57300,0.170939,1.000000,0.184717,1.000000,283.9,0.001000
57400,0.454297,1.000000,0.473063,0.996441,284.3,0.001000
57500,0.323544,1.000000,0.358219,1.000000,284.8,0.001000
57600,0.160468,1.000000,0.170285,1.000000,285.3,0.001000
57700,0.151467,1.000000,0.159991,1.000000,285.8,0.001000
57800,1.184083,0.772080,1.214304,0.773665,286.3,0.001000
57900,0.174343,1.000000,0.187132,1.000000,286.8,0.001000
58000,1.167305,0.757835,1.242136,0.725979,287.3,0.001000
58100,0.331109,0.999288,0.373338,0.997865,287.8,0.001000
58200,0.146457,1.000000,0.155759,1.000000,288.3,0.001000
58300,0.338212,1.000000,0.364253,1.000000,288.8,0.001000
58400,0.160802,1.000000,0.171961,1.000000,289.3,0.001000
58500,0.165829,1.000000,0.171429,1.000000,289.8,0.001000
58600,0.247976,1.000000,0.269297,1.000000,290.2,0.001000
58700,0.145364,1.000000,0.152019,1.000000,290.8,0.001000
58800,0.770192,0.967236,0.858516,0.940214,291.2,0.001000
58900,0.183544,1.000000,0.197635,1.000000,291.8,0.001000
59000,0.162323,1.000000,0.169209,1.000000,292.3,0.001000
59100,0.351245,1.000000,0.391704,0.999288,292.8,0.001000
59200,0.164816,1.000000,0.176905,1.000000,293.3,0.001000
59300,0.979796,0.903846,1.030837,0.893238,293.8,0.001000
59400,0.217374,1.000000,0.238464,1.000000,294.3,0.001000
59500,0.145816,1.000000,0.154074,1.000000,294.7,0.001000
59600,0.913337,0.849715,0.971655,0.830605,295.2,0.001000
59700,0.160602,1.000000,0.173787,1.000000,295.7,0.001000
59800,0.154425,1.000000,0.164076,1.000000,296.3,0.001000
59900,0.781081,0.930912,0.854575,0.906050,296.7,0.001000
60000,0.183469,1.000000,0.197782,1.000000,297.3,0.001000
60100,0.157592,1.000000,0.163525,1.000000,297.8,0.001000
60200,0.337633,0.999288,0.368401,0.999288,298.2,0.001000
60300,0.160231,1.000000,0.170845,1.000000,298.8,0.001000
60400,0.151824,1.000000,0.157913,1.000000,299.2,0.001000
60500,0.325827,1.000000,0.358632,1.000000,299.8,0.001000
60600,0.154984,1.000000,0.165567,1.000000,300.3,0.001000
60700,0.157819,1.000000,0.165068,1.000000,300.8,0.001000
60800,0.231817,1.000000,0.252390,0.998577,301.3,0.001000
60900,0.148946,1.000000,0.158090,1.000000,301.8,0.001000
61000,0.154908,1.000000,0.162418,1.000000,302.3,0.001000
61100,0.394566,1.000000,0.429291,0.998577,302.8,0.001000
61200,0.152875,1.000000,0.162406,1.000000,303.3,0.001000
61300,0.163512,1.000000,0.173602,1.000000,303.8,0.001000
61400,0.141028,1.000000,0.148310,1.000000,304.2,0.001000
61500,0.649565,0.978632,0.717552,0.956584,304.7,0.001000
61600,0.169561,1.000000,0.182335,1.000000,305.2,0.001000
61700,0.151889,1.000000,0.160699,1.000000,305.7,0.001000
61800,0.277289,1.000000,0.295641,0.999288,306.2,0.001000
61900,0.202819,1.000000,0.219439,1.000000,306.7,0.001000
62000,0.138947,1.000000,0.146008,1.000000,307.3,0.001000
62100,1.015300,0.830484,1.113228,0.802847,307.8,0.001000
62200,0.165854,1.000000,0.178408,1.000000,308.3,0.001000
62300,0.144105,1.000000,0.149970,1.000000,308.8,0.001000
62400,0.494149,0.987179,0.546269,0.983630,309.3,0.001000
62500,0.147963,1.000000,0.157698,1.000000,309.8,0.001000
62600,0.136446,1.000000,0.143221,1.000000,310.3,0.001000
62700,0.639014,0.975783,0.692403,0.965125,310.8,0.001000
62800,0.244121,1.000000,0.264036,1.000000,311.3,0.001000
62900,0.156638,1.000000,0.164952,1.000000,311.8,0.001000
63000,0.164326,1.000000,0.173233,1.000000,312.2,0.001000
63100,0.671412,0.972934,0.734415,0.955160,312.7,0.001000
63200,0.193113,1.000000,0.204635,1.000000,313.2,0.001000
63300,0.143705,1.000000,0.151131,1.000000,313.7,0.001000
63400,2.362346,0.534900,2.433766,0.519573,314.3,0.001000
63500,0.205799,1.000000,0.224144,1.000000,314.7,0.001000
63600,1.345946,0.688034,1.416510,0.673310,315.2,0.001000
63700,0.185457,1.000000,0.201048,1.000000,315.7,0.001000
63800,0.146188,1.000000,0.154343,1.000000,316.2,0.001000
63900,0.678178,0.944444,0.740332,0.940214,316.7,0.001000
64000,0.157660,1.000000,0.168080,1.000000,317.2,0.001000
64100,0.152484,1.000000,0.159845,1.000000,317.7,0.001000
64200,0.644248,0.977208,0.705915,0.965125,318.2,0.001000
64300,0.176709,1.000000,0.188481,1.000000,318.7,0.001000
64400,0.155708,1.000000,0.163397,1.000000,319.2,0.001000
64500,0.550636,0.984330,0.594713,0.976512,319.7,0.001000
64600,0.150498,1.000000,0.160109,1.000000,320.2,0.001000
64700,0.154666,1.000000,0.161792,1.000000,320.7,0.001000
64800,0.241891,1.000000,0.258814,1.000000,321.2,0.001000
64900,0.151845,1.000000,0.160393,1.000000,321.7,0.001000
65000,0.161475,1.000000,0.169305,1.000000,322.2,0.001000
65100,0.196189,1.000000,0.209573,1.000000,322.7,0.001000
65200,0.140862,1.000000,0.148125,1.000000,323.1,0.001000
65300,0.154794,1.000000,0.162099,1.000000,323.6,0.001000
65400,0.225629,1.000000,0.243853,0.998577,324.1,0.001000
65500,0.141035,1.000000,0.150223,1.000000,324.6,0.001000
65600,0.148077,1.000000,0.156208,1.000000,325.1,0.001000
65700,0.790423,0.882479,0.850963,0.861210,325.6,0.001000
65800,0.156442,1.000000,0.167335,1.000000,326.1,0.001000
65900,0.152972,1.000000,0.160036,1.000000,326.6,0.001000
66000,0.615938,0.984330,0.667077,0.977224,327.1,0.001000
66100,0.199557,1.000000,0.214788,1.000000,327.6,0.001000
66200,0.149728,1.000000,0.155883,1.000000,328.1,0.001000
66300,0.546955,0.999288,0.594979,0.996441,328.6,0.001000
66400,0.177299,1.000000,0.189674,1.000000,329.1,0.001000
66500,0.843315,0.836895,0.872322,0.829893,329.6,0.001000
66600,0.170026,1.000000,0.182099,1.000000,330.0,0.001000
66700,0.159897,1.000000,0.168354,1.000000,330.5,0.001000
66800,0.153427,1.000000,0.163565,1.000000,331.0,0.001000
66900,0.148368,1.000000,0.155230,1.000000,331.5,0.001000
67000,0.542167,0.994302,0.595604,0.977936,332.0,0.001000
67100,0.143295,1.000000,0.150345,1.000000,332.5,0.001000
67200,0.770693,0.945157,0.837096,0.915303,333.0,0.001000
67300,0.189519,1.000000,0.203944,1.000000,333.5,0.001000
67400,0.145531,1.000000,0.153136,1.000000,334.0,0.001000
67500,0.397127,0.999288,0.444406,0.995730,334.5,0.001000
67600,0.141424,1.000000,0.150532,1.000000,335.0,0.001000
67700,0.156763,1.000000,0.163580,1.000000,335.5,0.001000
67800,0.824500,0.938746,0.919299,0.920285,336.0,0.001000
67900,0.187324,1.000000,0.202303,1.000000,336.5,0.001000
68000,0.152650,1.000000,0.160740,1.000000,336.9,0.001000
68100,0.387527,0.999288,0.436903,0.997153,337.4,0.001000
68200,0.154287,1.000000,0.163710,1.000000,337.9,0.001000
68300,0.159671,1.000000,0.167782,1.000000,338.4,0.001000
68400,0.255857,1.000000,0.277123,1.000000,338.9,0.001000
68500,0.134489,1.000000,0.140479,1.000000,339.4,0.001000
68600,0.666938,0.957977,0.726258,0.932384,339.9,0.001000
68700,0.167259,1.000000,0.178871,1.000000,340.4,0.001000
68800,0.140701,1.000000,0.148281,1.000000,340.9,0.001000
68900,0.439250,0.998576,0.484972,0.993594,341.4,0.001000
69000,0.156754,1.000000,0.166437,1.000000,341.9,0.001000
69100,0.154002,1.000000,0.161732,1.000000,342.4,0.001000
69200,0.191530,1.000000,0.205806,1.000000,342.9,0.001000
69300,0.155848,1.000000,0.164184,1.000000,343.4,0.001000
69400,0.269947,1.000000,0.292742,0.999288,343.9,0.001000
69500,0.164267,1.000000,0.173170,1.000000,344.4,0.001000
69600,0.153058,1.000000,0.160650,1.000000,344.9,0.001000
69700,0.360577,1.000000,0.397041,0.998577,345.4,0.001000
69800,0.147129,1.000000,0.156512,1.000000,345.9,0.001000
69900,0.320482,1.000000,0.335815,1.000000,346.4,0.001000
70000,0.208247,1.000000,0.224631,1.000000,346.8,0.001000
70100,0.159720,1.000000,0.169239,1.000000,347.3,0.001000
70200,0.787321,0.917379,0.850058,0.893238,347.8,0.001000
70300,0.171075,1.000000,0.185919,1.000000,348.3,0.001000
70400,0.160567,1.000000,0.168773,1.000000,348.8,0.001000
70500,0.411265,0.999288,0.458409,0.999288,349.3,0.001000
70600,0.160426,1.000000,0.169154,1.000000,349.8,0.001000
70700,0.735954,0.924501,0.797086,0.887545,350.3,0.001000
70800,0.199383,1.000000,0.218023,1.000000,350.8,0.001000
70900,0.154609,1.000000,0.163158,1.000000,351.3,0.001000
71000,0.876321,0.892450,0.949200,0.878292,351.8,0.001000
71100,0.185576,1.000000,0.202069,0.999288,352.3,0.001000
71200,0.149764,1.000000,0.158113,1.000000,352.8,0.001000
71300,0.541889,0.976496,0.597857,0.974377,353.3,0.001000
71400,0.193337,1.000000,0.211557,1.000000,353.8,0.001000
71500,0.148569,1.000000,0.155600,1.000000,354.3,0.001000
71600,0.354500,1.000000,0.381489,1.000000,354.8,0.001000
71700,0.149949,1.000000,0.160449,1.000000,355.3,0.001000
71800,0.163126,1.000000,0.173111,1.000000,355.8,0.001000
71900,0.437046,0.997863,0.479382,0.997865,356.3,0.001000
72000,0.151185,1.000000,0.159541,1.000000,356.8,0.001000
72100,0.155621,1.000000,0.163147,1.000000,357.3,0.001000
72200,0.532234,0.991453,0.580065,0.981495,357.8,0.001000
72300,0.229752,1.000000,0.249460,1.000000,358.3,0.001000
72400,0.160842,1.000000,0.170805,1.000000,358.8,0.001000
72500,0.503590,0.993590,0.538383,0.992883,359.3,0.001000
72600,0.137941,1.000000,0.144163,1.000000,359.8,0.001000
72700,0.143392,1.000000,0.149403,1.000000,360.3,0.001000
72800,0.420039,0.999288,0.474228,0.996441,360.8,0.001000
72900,0.144809,1.000000,0.153363,1.000000,361.3,0.001000
73000,0.152085,1.000000,0.159409,1.000000,361.8,0.001000
73100,0.230061,1.000000,0.253893,1.000000,362.3,0.001000
73200,0.161921,1.000000,0.169598,1.000000,362.8,0.001000
73300,0.186230,1.000000,0.201097,1.000000,363.2,0.001000
73400,0.885957,0.915242,0.968265,0.877580,363.7,0.001000
73500,0.272519,1.000000,0.299254,0.999288,364.2,0.001000
73600,0.156911,1.000000,0.171212,1.000000,364.7,0.001000
73700,0.149773,1.000000,0.157458,1.000000,365.2,0.001000
73800,0.360151,1.000000,0.388445,1.000000,365.7,0.001000
73900,0.143496,1.000000,0.152529,1.000000,366.2,0.001000
74000,0.672996,0.972934,0.738856,0.950890,366.7,0.001000
74100,0.162197,1.000000,0.174097,1.000000,367.2,0.001000
74200,0.156811,1.000000,0.165231,1.000000,367.7,0.001000
74300,0.357331,1.000000,0.396839,0.998577,368.2,0.001000
74400,0.142546,1.000000,0.150956,1.000000,368.7,0.001000
74500,0.188249,1.000000,0.201336,1.000000,369.2,0.001000
74600,0.180910,1.000000,0.195729,1.000000,369.7,0.001000
74700,0.152719,1.000000,0.160079,1.000000,370.2,0.001000
74800,0.394352,0.996439,0.433259,0.992171,370.7,0.001000
74900,0.173210,1.000000,0.189568,1.000000,371.2,0.001000
75000,1.238219,0.769943,1.279541,0.772242,371.7,0.001000
75100,0.323498,1.000000,0.357456,0.998577,372.2,0.001000
75200,0.174539,1.000000,0.186070,1.000000,372.7,0.001000
75300,0.469451,0.996439,0.510400,0.993594,373.2,0.001000
75400,0.153961,1.000000,0.164095,1.000000,373.7,0.001000
75500,0.154163,1.000000,0.161948,1.000000,374.2,0.001000
75600,0.380440,1.000000,0.427626,0.998577,374.7,0.001000
75700,0.159330,1.000000,0.173018,1.000000,375.2,0.001000
75800,0.153316,1.000000,0.164293,1.000000,375.7,0.001000
75900,1.233147,0.735043,1.259156,0.704626,376.2,0.001000
76000,0.172014,1.000000,0.182848,1.000000,376.7,0.001000
76100,0.153264,1.000000,0.161116,1.000000,377.2,0.001000
76200,0.239712,1.000000,0.251457,1.000000,377.7,0.001000
76300,0.340866,1.000000,0.374925,0.998577,378.2,0.001000
76400,0.177127,1.000000,0.191420,1.000000,378.7,0.001000
76500,0.160561,1.000000,0.168417,1.000000,379.2,0.001000
76600,0.576546,0.987179,0.629504,0.976512,379.7,0.001000
76700,0.175362,1.000000,0.185628,1.000000,380.2,0.001000
76800,0.174945,1.000000,0.185465,1.000000,380.7,0.001000
76900,1.368164,0.688746,1.463926,0.646975,381.2,0.001000
77000,0.165281,1.000000,0.175867,1.000000,381.7,0.001000
77100,0.165520,1.000000,0.176671,1.000000,382.2,0.001000
77200,0.518217,0.999288,0.576398,0.992171,382.7,0.001000
77300,0.152212,1.000000,0.160448,1.000000,383.1,0.001000
77400,0.160115,1.000000,0.167260,1.000000,383.6,0.001000
77500,0.545346,0.993590,0.591380,0.985053,384.1,0.001000
77600,0.153273,1.000000,0.165419,1.000000,384.6,0.001000
77700,0.582229,0.977920,0.586422,0.980783,385.1,0.001000
77800,0.198557,1.000000,0.211620,1.000000,385.7,0.001000
77900,0.146688,1.000000,0.154652,1.000000,386.2,0.001000
78000,0.620852,0.978632,0.679689,0.962989,386.7,0.001000
78100,0.170684,1.000000,0.181855,1.000000,387.2,0.001000
78200,0.268373,1.000000,0.295371,1.000000,387.7,0.001000
78300,0.148286,1.000000,0.158862,0.999288,388.1,0.001000
78400,0.150804,1.000000,0.158019,1.000000,388.6,0.001000
78500,0.174731,1.000000,0.190116,1.000000,389.1,0.001000
78600,0.149716,1.000000,0.159255,1.000000,389.6,0.001000
78700,2.557322,0.413105,2.681957,0.382206,390.1,0.001000
78800,0.230897,1.000000,0.247949,1.000000,390.6,0.001000
78900,0.167076,1.000000,0.176034,1.000000,391.1,0.001000
79000,0.162646,1.000000,0.168030,1.000000,391.6,0.001000
79100,0.382968,1.000000,0.431466,0.999288,392.1,0.001000
79200,0.155567,1.000000,0.167256,1.000000,392.6,0.001000
79300,0.615723,0.971510,0.653086,0.962278,393.1,0.001000
79400,0.158811,1.000000,0.168630,1.000000,393.6,0.001000
79500,0.896788,0.923077,0.933110,0.900356,394.0,0.001000
79600,0.158368,1.000000,0.169264,1.000000,394.5,0.001000
79700,0.142041,1.000000,0.149353,1.000000,395.0,0.001000
79800,0.896318,0.853276,0.960398,0.837011,395.5,0.001000
79900,0.165982,1.000000,0.179983,1.000000,396.0,0.001000
80000,0.154245,1.000000,0.162535,1.000000,396.5,0.001000
80100,0.304841,1.000000,0.338146,0.998577,397.0,0.001000
80200,0.163402,1.000000,0.176161,1.000000,397.5,0.001000
80300,0.145687,1.000000,0.152852,1.000000,398.0,0.001000
80400,0.248281,1.000000,0.271831,0.999288,398.5,0.001000
80500,0.141990,1.000000,0.148308,1.000000,399.0,0.001000
80600,0.502518,0.991453,0.555275,0.978648,399.5,0.001000
80700,0.152027,1.000000,0.163409,1.000000,400.0,0.001000
80800,0.137587,1.000000,0.145538,1.000000,400.5,0.001000
80900,0.165997,1.000000,0.184136,0.999288,401.0,0.001000
81000,1.932907,0.566952,1.913485,0.591459,401.5,0.001000
81100,0.216587,1.000000,0.238638,1.000000,402.0,0.001000
81200,0.133132,1.000000,0.141060,1.000000,402.4,0.001000
81300,0.143386,1.000000,0.150097,1.000000,402.9,0.001000
81400,0.338623,0.998576,0.382361,0.997153,403.4,0.001000
81500,0.136099,1.000000,0.145151,1.000000,403.9,0.001000
81600,0.142585,1.000000,0.149250,1.000000,404.4,0.001000
81700,0.189937,1.000000,0.209792,1.000000,404.9,0.001000
81800,0.136383,1.000000,0.143255,1.000000,405.4,0.001000
81900,0.220357,1.000000,0.244049,0.999288,405.9,0.001000
82000,0.129340,1.000000,0.138348,1.000000,406.4,0.001000
82100,0.449867,0.995726,0.496603,0.986477,406.9,0.001000
82200,0.139549,1.000000,0.151364,1.000000,407.4,0.001000
82300,0.130273,1.000000,0.138654,1.000000,407.9,0.001000
82400,0.292597,0.998576,0.325197,0.997865,408.4,0.001000
82500,0.135929,1.000000,0.145655,1.000000,408.9,0.001000
82600,0.596528,0.993590,0.624960,0.987189,409.4,0.001000
82700,0.322012,1.000000,0.364507,0.997865,409.9,0.001000
82800,0.121373,1.000000,0.128519,1.000000,410.4,0.001000
82900,0.353126,0.995014,0.386405,0.990747,410.9,0.001000
83000,0.130161,1.000000,0.135945,1.000000,411.4,0.001000
83100,0.948044,0.830484,1.040712,0.802847,411.9,0.001000
83200,0.175576,1.000000,0.189825,1.000000,412.4,0.001000
83300,0.160287,1.000000,0.167514,1.000000,412.9,0.001000
83400,0.132647,1.000000,0.140383,1.000000,413.4,0.001000
83500,0.666642,0.966524,0.717594,0.945196,413.9,0.001000
83600,0.139011,1.000000,0.144690,1.000000,414.4,0.001000
83700,0.237422,1.000000,0.258770,1.000000,414.9,0.001000
83800,0.129513,1.000000,0.136920,1.000000,415.4,0.001000
83900,0.423381,0.988604,0.440384,0.984342,415.9,0.001000
84000,0.180363,1.000000,0.195955,1.000000,416.4,0.001000
84100,0.130258,1.000000,0.135977,1.000000,416.9,0.001000
84200,0.337530,1.000000,0.356094,1.000000,417.4,0.001000
84300,0.223557,1.000000,0.247749,1.000000,417.9,0.001000
84400,0.127703,1.000000,0.135563,1.000000,418.4,0.001000
84500,0.434517,0.996439,0.483228,0.988612,418.9,0.001000
84600,0.138117,1.000000,0.145974,1.000000,419.4,0.001000
84700,0.146035,1.000000,0.155061,1.000000,419.9,0.001000
84800,0.243493,1.000000,0.263366,1.000000,420.4,0.001000
84900,0.138932,1.000000,0.144999,1.000000,420.9,0.001000
85000,0.656031,0.979345,0.719078,0.944484,421.4,0.001000
85100,0.163227,1.000000,0.176670,1.000000,421.9,0.001000
85200,0.247460,0.999288,0.273868,1.000000,422.4,0.001000
85300,0.129879,1.000000,0.137043,1.000000,422.9,0.001000
85400,0.513253,0.975783,0.549908,0.972954,423.4,0.001000
85500,0.138229,1.000000,0.149159,1.000000,423.9,0.001000
85600,0.588088,0.965100,0.626374,0.953025,424.4,0.001000
85700,0.173137,1.000000,0.186818,1.000000,424.9,0.001000
85800,0.134557,1.000000,0.141454,1.000000,425.4,0.001000
85900,0.524561,0.989316,0.568327,0.979359,425.9,0.001000
86000,0.143751,1.000000,0.153808,1.000000,426.4,0.001000
86100,0.135225,1.000000,0.141914,1.000000,426.9,0.001000
86200,0.645215,0.970085,0.706740,0.954448,427.4,0.001000
86300,0.144578,1.000000,0.153525,1.000000,427.9,0.001000
86400,0.143406,1.000000,0.150104,1.000000,428.4,0.001000
86500,0.174495,1.000000,0.188543,1.000000,428.9,0.001000
86600,0.129454,1.000000,0.135388,1.000000,429.4,0.001000
86700,0.148163,1.000000,0.162161,1.000000,429.9,0.001000
86800,0.137501,1.000000,0.146636,1.000000,430.4,0.001000
86900,0.441293,0.996439,0.467030,0.997865,430.9,0.001000
87000,0.140313,1.000000,0.149541,1.000000,431.4,0.001000
87100,0.598956,0.974359,0.645652,0.966548,431.9,0.001000
87200,0.146919,1.000000,0.157627,1.000000,432.4,0.001000
87300,0.129143,1.000000,0.136472,1.000000,432.9,0.001000
87400,0.276831,0.999288,0.310908,0.999288,433.3,0.001000
87500,0.134943,1.000000,0.143298,1.000000,433.8,0.001000
87600,0.643337,0.962251,0.703940,0.945907,434.3,0.001000
87700,0.179366,1.000000,0.200447,1.000000,434.8,0.001000
87800,0.153265,1.000000,0.160563,1.000000,435.3,0.001000
87900,0.161758,1.000000,0.173894,1.000000,435.8,0.001000
88000,0.131854,1.000000,0.137542,1.000000,436.3,0.001000
88100,0.281762,1.000000,0.299520,1.000000,436.8,0.001000
88200,0.134291,1.000000,0.142812,1.000000,437.3,0.001000
88300,0.204640,1.000000,0.222623,1.000000,437.8,0.001000
88400,0.127340,1.000000,0.133842,1.000000,438.2,0.001000
88500,0.244089,1.000000,0.269842,1.000000,438.7,0.001000
88600,0.147310,1.000000,0.157134,1.000000,439.2,0.001000
88700,0.138990,1.000000,0.145020,1.000000,439.7,0.001000
88800,0.609959,0.966524,0.644763,0.955872,440.2,0.001000
88900,0.142017,1.000000,0.151619,1.000000,440.7,0.001000
89000,0.139647,1.000000,0.147961,1.000000,441.2,0.001000
89100,1.191290,0.790598,1.243569,0.769395,441.7,0.001000
89200,0.160637,1.000000,0.173859,1.000000,442.2,0.001000
89300,0.371444,1.000000,0.421405,0.994306,442.7,0.001000
89400,0.147135,1.000000,0.158689,1.000000,443.2,0.001000
89500,0.180555,1.000000,0.189570,1.000000,443.7,0.001000
89600,0.170666,1.000000,0.185297,1.000000,444.2,0.001000
89700,0.140395,1.000000,0.150019,1.000000,444.7,0.001000
89800,0.338742,0.997863,0.369868,0.996441,445.2,0.001000
89900,0.134044,1.000000,0.142459,1.000000,445.6,0.001000
90000,0.982731,0.833333,1.039658,0.820641,446.1,0.001000
90100,0.152005,1.000000,0.162474,1.000000,446.6,0.001000
90200,0.138703,1.000000,0.146992,1.000000,447.1,0.001000
90300,0.253140,1.000000,0.277383,1.000000,447.6,0.001000
90400,0.130409,1.000000,0.137497,1.000000,448.1,0.001000
90500,0.716351,0.955840,0.781417,0.942349,448.5,0.001000
90600,0.148165,1.000000,0.162055,0.999288,449.0,0.001000
90700,1.764882,0.563390,1.851983,0.551601,449.6,0.001000
90800,0.219988,0.999288,0.241956,0.999288,450.1,0.001000
90900,0.133066,1.000000,0.141260,1.000000,450.5,0.001000
91000,0.737832,0.937322,0.775771,0.928114,451.0,0.001000
91100,0.193117,1.000000,0.207748,1.000000,451.6,0.001000
91200,0.132718,1.000000,0.139462,1.000000,452.1,0.001000
91300,0.210918,1.000000,0.233311,1.000000,452.6,0.001000
91400,0.127246,1.000000,0.136096,1.000000,453.1,0.001000
91500,0.184278,1.000000,0.197212,1.000000,453.6,0.001000
91600,0.125071,1.000000,0.131581,1.000000,454.1,0.001000
91700,0.164412,1.000000,0.180144,1.000000,454.5,0.001000
91800,0.137757,1.000000,0.147967,1.000000,455.0,0.001000
91900,0.785987,0.907407,0.826210,0.882562,455.5,0.001000
92000,0.189189,1.000000,0.204542,1.000000,456.0,0.001000
92100,0.131153,1.000000,0.137851,1.000000,456.5,0.001000
92200,0.291967,0.999288,0.313809,0.999288,457.0,0.001000
92300,0.129902,1.000000,0.136368,1.000000,457.5,0.001000
92400,0.510966,0.988604,0.566530,0.987189,458.0,0.001000
92500,0.149425,1.000000,0.158345,1.000000,458.5,0.001000
92600,0.142371,1.000000,0.149498,1.000000,458.9,0.001000
92700,0.692030,0.975783,0.768746,0.959431,459.4,0.001000
92800,0.137145,1.000000,0.144498,1.000000,459.9,0.001000
92900,0.293059,1.000000,0.312330,0.999288,460.4,0.001000
93000,0.126887,1.000000,0.135720,1.000000,460.9,0.001000
93100,0.140355,1.000000,0.147516,1.000000,461.4,0.001000
93200,0.175114,1.000000,0.188181,1.000000,461.9,0.001000
93300,0.136624,1.000000,0.144659,1.000000,462.4,0.001000
93400,0.143897,1.000000,0.150389,1.000000,463.0,0.001000
93500,0.336581,1.000000,0.376696,0.996441,463.5,0.001000
93600,0.174701,1.000000,0.189443,1.000000,464.0,0.001000
93700,0.141164,1.000000,0.147498,1.000000,464.5,0.001000
93800,0.375048,0.997151,0.419575,0.997865,465.0,0.001000
93900,0.130380,1.000000,0.138738,1.000000,465.5,0.001000
94000,0.132806,1.000000,0.140113,1.000000,466.0,0.001000
94100,0.458469,0.998576,0.499881,0.995018,466.5,0.001000
94200,0.132283,1.000000,0.140264,1.000000,466.9,0.001000
94300,0.161185,1.000000,0.172357,1.000000,467.4,0.001000
94400,0.121392,1.000000,0.127725,1.000000,467.9,0.001000
94500,0.574801,0.967949,0.603239,0.954448,468.4,0.001000
94600,0.151087,1.000000,0.163684,1.000000,468.9,0.001000
94700,0.132744,1.000000,0.138878,1.000000,469.4,0.001000
94800,0.474601,0.996439,0.506548,0.987900,469.9,0.001000
94900,0.139257,1.000000,0.147469,1.000000,470.4,0.001000
95000,0.150273,1.000000,0.159269,1.000000,470.9,0.001000
95100,0.176073,1.000000,0.192481,1.000000,471.4,0.001000
95200,0.135181,1.000000,0.142043,1.000000,471.9,0.001000
95300,0.166482,1.000000,0.180182,1.000000,472.4,0.001000
95400,0.132194,1.000000,0.141272,1.000000,472.9,0.001000
95500,0.144573,1.000000,0.150905,1.000000,473.4,0.001000
95600,0.156004,1.000000,0.166913,1.000000,473.8,0.001000
95700,0.138976,1.000000,0.146008,1.000000,474.3,0.001000
95800,0.579531,0.984330,0.630899,0.970819,474.8,0.001000
95900,0.183507,1.000000,0.199706,1.000000,475.3,0.001000
96000,0.153825,1.000000,0.162367,1.000000,475.8,0.001000
96100,0.141922,1.000000,0.148770,1.000000,476.3,0.001000
96200,1.376776,0.693732,1.502784,0.645552,476.8,0.001000
96300,0.149969,1.000000,0.159186,1.000000,477.3,0.001000
96400,0.139153,1.000000,0.144410,1.000000,477.8,0.001000
96500,0.656850,0.965812,0.713664,0.955160,478.2,0.001000
96600,0.151953,1.000000,0.163212,1.000000,478.7,0.001000
96700,0.131289,1.000000,0.138529,1.000000,479.2,0.001000
96800,0.750160,0.945157,0.817327,0.923843,479.7,0.001000
96900,0.169003,1.000000,0.181895,1.000000,480.2,0.001000
97000,0.148839,1.000000,0.155295,1.000000,480.7,0.001000
97100,0.175715,1.000000,0.192186,1.000000,481.2,0.001000
97200,0.134947,1.000000,0.143165,1.000000,481.7,0.001000
97300,1.100717,0.779202,1.172570,0.753737,482.1,0.001000
97400,0.196974,1.000000,0.211381,1.000000,482.6,0.001000
97500,0.138119,1.000000,0.146637,1.000000,483.1,0.001000
97600,0.144045,1.000000,0.150146,1.000000,483.6,0.001000
97700,0.376067,0.999288,0.404843,0.997865,484.1,0.001000
97800,0.131732,1.000000,0.137100,1.000000,484.6,0.001000
97900,0.405727,0.995726,0.439262,0.994306,485.1,0.001000
98000,0.131410,1.000000,0.138776,1.000000,485.6,0.001000
98100,0.468699,0.993590,0.519758,0.990747,486.1,0.001000
98200,0.132479,1.000000,0.141382,1.000000,486.6,0.001000
98300,0.139364,1.000000,0.145879,1.000000,487.1,0.001000
98400,0.288780,0.998576,0.326627,0.996441,487.6,0.001000
98500,0.138244,1.000000,0.146054,1.000000,488.0,0.001000
98600,0.149101,1.000000,0.157777,1.000000,488.5,0.001000
98700,1.072830,0.799858,1.136488,0.776512,489.0,0.001000
98800,0.216553,1.000000,0.234549,0.999288,489.5,0.001000
98900,0.139512,1.000000,0.150320,1.000000,490.0,0.001000
99000,0.132350,1.000000,0.140008,1.000000,490.5,0.001000
99100,0.179255,1.000000,0.195613,1.000000,491.0,0.001000
99200,0.131749,1.000000,0.140524,1.000000,491.5,0.001000
99300,0.141788,1.000000,0.149496,1.000000,491.9,0.001000
99400,0.176202,1.000000,0.192821,1.000000,492.4,0.001000
99500,0.127913,1.000000,0.134421,1.000000,492.9,0.001000
99600,1.559436,0.639601,1.690716,0.580783,493.4,0.001000
99700,0.176636,1.000000,0.192898,1.000000,493.9,0.001000
99800,0.134883,1.000000,0.142055,1.000000,494.4,0.001000
99900,0.330902,0.997863,0.355209,0.992883,494.9,0.001000
100000,0.137316,1.000000,0.145622,1.000000,495.4,0.001000
100100,0.154423,1.000000,0.163188,1.000000,495.9,0.001000
100200,0.207937,1.000000,0.228000,0.999288,496.3,0.001000
100300,0.129642,1.000000,0.137284,1.000000,496.8,0.001000
100400,0.141363,1.000000,0.148812,1.000000,497.3,0.001000
100500,0.203659,1.000000,0.223444,1.000000,497.8,0.001000
100600,0.131648,1.000000,0.139206,1.000000,498.3,0.001000
100700,0.829649,0.880342,0.929322,0.849110,498.8,0.001000
100800,0.139281,1.000000,0.148956,1.000000,499.3,0.001000
100900,0.134805,1.000000,0.140894,1.000000,499.8,0.001000
101000,0.309193,0.999288,0.338824,0.997865,500.3,0.001000
101100,0.139845,1.000000,0.147170,1.000000,500.8,0.001000
101200,0.318397,1.000000,0.341626,0.999288,501.3,0.001000
101300,0.127931,1.000000,0.135510,1.000000,501.8,0.001000
101400,0.855883,0.906695,0.886982,0.881851,502.3,0.001000
101500,0.242862,1.000000,0.265710,1.000000,502.7,0.001000
101600,0.127975,1.000000,0.132822,1.000000,503.2,0.001000
101700,2.177138,0.534188,2.249896,0.516014,503.7,0.001000
101800,0.141629,1.000000,0.152069,1.000000,504.2,0.001000
101900,0.134073,1.000000,0.141011,1.000000,504.7,0.001000
102000,0.185843,1.000000,0.194336,1.000000,505.2,0.001000
102100,0.179509,1.000000,0.194305,1.000000,505.7,0.001000
102200,0.143789,1.000000,0.154554,1.000000,506.2,0.001000
102300,0.141915,1.000000,0.149405,1.000000,506.7,0.001000
102400,0.165977,1.000000,0.176917,1.000000,507.2,0.001000
102500,0.128210,1.000000,0.134062,1.000000,507.7,0.001000
102600,0.451099,0.991453,0.499857,0.980783,508.2,0.001000
102700,0.130120,1.000000,0.138581,1.000000,508.8,0.001000
102800,1.192687,0.789886,1.242219,0.764413,509.4,0.001000
102900,0.253369,1.000000,0.272393,1.000000,509.8,0.001000
103000,0.135909,1.000000,0.141876,1.000000,510.3,0.001000
103100,0.313989,0.998576,0.336844,0.993594,510.8,0.001000
103200,0.131727,1.000000,0.141786,1.000000,511.3,0.001000
103300,0.147221,1.000000,0.154960,1.000000,511.8,0.001000
103400,0.133360,1.000000,0.141602,1.000000,512.3,0.001000
103500,1.460439,0.692308,1.495216,0.690391,512.8,0.001000
103600,0.134547,1.000000,0.141990,1.000000,513.3,0.001000
103700,0.134286,1.000000,0.141908,1.000000,513.7,0.001000
103800,0.361417,0.999288,0.397820,0.998577,514.3,0.001000
103900,0.183571,1.000000,0.201966,1.000000,514.8,0.001000
104000,0.143859,1.000000,0.151717,1.000000,515.3,0.001000
104100,0.150391,1.000000,0.156622,1.000000,515.8,0.001000
104200,0.186747,1.000000,0.204441,0.998577,516.3,0.001000
104300,0.139073,1.000000,0.146147,1.000000,516.7,0.001000
104400,0.141007,1.000000,0.146192,1.000000,517.2,0.001000
104500,0.267183,1.000000,0.291608,1.000000,517.7,0.001000
104600,0.134336,1.000000,0.142470,1.000000,518.2,0.001000
104700,0.225805,1.000000,0.239429,1.000000,518.7,0.001000
104800,0.137816,1.000000,0.145915,1.000000,519.2,0.001000
104900,0.459856,0.982194,0.501320,0.976512,519.7,0.001000
105000,0.133774,1.000000,0.141495,1.000000,520.2,0.001000
105100,0.386197,0.995014,0.431269,0.987900,520.6,0.001000
105200,0.129291,1.000000,0.137161,1.000000,521.2,0.001000
105300,0.141721,1.000000,0.152185,1.000000,521.7,0.001000
105400,0.141322,1.000000,0.148318,1.000000,522.2,0.001000
105500,0.727373,0.935185,0.746820,0.935943,522.7,0.001000
105600,0.129833,1.000000,0.137110,1.000000,523.2,0.001000
105700,0.136242,1.000000,0.143000,1.000000,523.7,0.001000
105800,0.241524,1.000000,0.263554,1.000000,524.2,0.001000
105900,0.131584,1.000000,0.138808,1.000000,524.7,0.001000
106000,1.692051,0.687322,1.758508,0.669751,525.2,0.001000
106100,0.137943,1.000000,0.147274,1.000000,525.7,0.001000
106200,0.128301,1.000000,0.133993,1.000000,526.2,0.001000
106300,0.238483,1.000000,0.264447,1.000000,526.7,0.001000
106400,0.205124,1.000000,0.222440,1.000000,527.2,0.001000
106500,0.141811,1.000000,0.147922,1.000000,527.7,0.001000
106600,0.488245,0.984330,0.519566,0.980783,528.2,0.001000
106700,0.136462,1.000000,0.144290,1.000000,528.7,0.001000
106800,0.142197,1.000000,0.148150,1.000000,529.1,0.001000
106900,0.353410,1.000000,0.384549,0.998577,529.6,0.001000
107000,0.139265,1.000000,0.148294,1.000000,530.1,0.001000
107100,0.137055,1.000000,0.143981,1.000000,530.6,0.001000
107200,0.244336,1.000000,0.265867,0.999288,531.1,0.001000
107300,0.142462,1.000000,0.153063,1.000000,531.6,0.001000
107400,0.833711,0.868234,0.921294,0.840569,532.1,0.001000
107500,0.164271,1.000000,0.179117,1.000000,532.6,0.001000
107600,0.136621,1.000000,0.144610,1.000000,533.1,0.001000
107700,0.633774,0.966524,0.712783,0.936655,533.6,0.001000
107800,0.181129,1.000000,0.195232,1.000000,534.1,0.001000
107900,0.138018,1.000000,0.146258,1.000000,534.6,0.001000
108000,1.152120,0.755698,1.182688,0.755872,535.1,0.001000
108100,0.239539,1.000000,0.262342,0.999288,535.6,0.001000
108200,0.146796,1.000000,0.154741,1.000000,536.1,0.001000
108300,0.482081,0.994302,0.519204,0.989324,536.5,0.001000
108400,0.173699,1.000000,0.188491,1.000000,537.0,0.001000
108500,0.147457,1.000000,0.154513,1.000000,537.5,0.001000
108600,0.167058,1.000000,0.183282,0.999288,538.0,0.001000
108700,0.154812,1.000000,0.165104,1.000000,538.5,0.001000
108800,0.216359,1.000000,0.231934,1.000000,539.0,0.001000
108900,0.141427,1.000000,0.150188,1.000000,539.5,0.001000
109000,0.140565,1.000000,0.147582,1.000000,540.0,0.001000
109100,0.468512,0.995726,0.511057,0.990747,540.5,0.001000
109200,0.159224,1.000000,0.169174,1.000000,541.0,0.001000
109300,0.141654,1.000000,0.147787,1.000000,541.5,0.001000
109400,0.272499,1.000000,0.295985,0.999288,542.0,0.001000
109500,0.133058,1.000000,0.140462,1.000000,542.4,0.001000
109600,0.143679,1.000000,0.150763,1.000000,542.9,0.001000
109700,0.393352,0.999288,0.437350,0.995018,543.4,0.001000
109800,0.134657,1.000000,0.142812,1.000000,543.9,0.001000
109900,0.208739,1.000000,0.218916,1.000000,544.4,0.001000
110000,0.183601,1.000000,0.200988,1.000000,544.9,0.001000
110100,0.143083,1.000000,0.152946,1.000000,545.4,0.001000
110200,0.365159,0.997151,0.395227,0.997153,545.9,0.001000
110300,0.136881,1.000000,0.144964,1.000000,546.4,0.001000
110400,0.146321,1.000000,0.154898,1.000000,546.9,0.001000
110500,0.154808,1.000000,0.166275,1.000000,547.4,0.001000
110600,0.140267,1.000000,0.147405,1.000000,547.9,0.001000
110700,0.349764,0.998576,0.387317,0.997865,548.4,0.001000
110800,0.139712,1.000000,0.147235,1.000000,548.9,0.001000
110900,0.158695,1.000000,0.165673,1.000000,549.3,0.001000
111000,0.188068,1.000000,0.205448,1.000000,549.8,0.001000
111100,0.136546,1.000000,0.142395,1.000000,550.3,0.001000
111200,0.155249,1.000000,0.161665,1.000000,550.8,0.001000
111300,0.203594,1.000000,0.222177,1.000000,551.3,0.001000
111400,0.138976,1.000000,0.146528,1.000000,551.8,0.001000
111500,0.149759,1.000000,0.157033,1.000000,552.3,0.001000
111600,0.305053,1.000000,0.329769,0.997865,552.8,0.001000
111700,0.136384,1.000000,0.143147,1.000000,553.3,0.001000
111800,0.544236,0.990029,0.593584,0.984342,553.8,0.001000
111900,0.135990,1.000000,0.143465,1.000000,554.3,0.001000
112000,0.147660,1.000000,0.154943,1.000000,554.8,0.001000
112100,0.361544,0.997151,0.404944,0.997153,555.2,0.001000
112200,0.132885,1.000000,0.140158,1.000000,555.7,0.001000
112300,0.140278,1.000000,0.145863,1.000000,556.2,0.001000
112400,0.160193,1.000000,0.171617,1.000000,556.7,0.001000
112500,0.140590,1.000000,0.148282,1.000000,557.2,0.001000
112600,0.879771,0.869658,0.927713,0.876868,557.7,0.001000
112700,0.149122,1.000000,0.159219,1.000000,558.2,0.001000
112800,0.173413,1.000000,0.182208,1.000000,558.7,0.001000
112900,0.136900,1.000000,0.144795,1.000000,559.2,0.001000
113000,0.148662,1.000000,0.157738,1.000000,559.7,0.001000
113100,0.328097,1.000000,0.363303,0.995730,560.2,0.001000
113200,0.127513,1.000000,0.134135,1.000000,560.6,0.001000
113300,2.542050,0.470798,2.495222,0.484698,561.1,0.001000
113400,0.135699,1.000000,0.141425,1.000000,561.6,0.001000
113500,0.142495,1.000000,0.148509,1.000000,562.1,0.001000
113600,0.549131,0.987179,0.595704,0.983630,562.6,0.001000
113700,0.158154,1.000000,0.170810,1.000000,563.1,0.001000
113800,0.135625,1.000000,0.142869,1.000000,563.6,0.001000
113900,0.161034,1.000000,0.171470,1.000000,564.1,0.001000
114000,0.190789,1.000000,0.207064,1.000000,564.6,0.001000
114100,0.155443,1.000000,0.165903,1.000000,565.1,0.001000
114200,0.146759,1.000000,0.153077,1.000000,565.6,0.001000
114300,0.174567,1.000000,0.188283,1.000000,566.1,0.001000
114400,0.130395,1.000000,0.139534,1.000000,566.5,0.001000
114500,0.138028,1.000000,0.144697,1.000000,567.0,0.001000
114600,0.291454,1.000000,0.317114,0.996441,567.5,0.001000
114700,0.143067,1.000000,0.155072,1.000000,568.0,0.001000
114800,0.136836,1.000000,0.143832,1.000000,568.5,0.001000
114900,1.144430,0.794872,1.180861,0.772954,569.0,0.001000
115000,0.178254,1.000000,0.190391,1.000000,569.5,0.001000
115100,0.133322,1.000000,0.140398,1.000000,570.0,0.001000
115200,0.850764,0.879630,0.901646,0.861210,570.5,0.001000
115300,0.173469,1.000000,0.190561,1.000000,571.0,0.001000
115400,0.142383,1.000000,0.151734,1.000000,571.5,0.001000
115500,0.152282,1.000000,0.159240,1.000000,572.0,0.001000
115600,0.337224,1.000000,0.378488,0.997865,572.5,0.001000
115700,0.148946,1.000000,0.158538,1.000000,573.0,0.001000
115800,0.143780,1.000000,0.148968,1.000000,573.5,0.001000
115900,0.548352,0.988604,0.583086,0.977224,574.0,0.001000
116000,0.136702,1.000000,0.144242,1.000000,574.5,0.001000
116100,0.140943,1.000000,0.147610,1.000000,575.0,0.001000
116200,0.334225,0.999288,0.355811,0.999288,575.5,0.001000
116300,0.136822,1.000000,0.146533,1.000000,576.0,0.001000
116400,0.147740,1.000000,0.154103,1.000000,576.5,0.001000
116500,0.203685,1.000000,0.222254,0.999288,576.9,0.001000
116600,0.132229,1.000000,0.138621,1.000000,577.4,0.001000
116700,0.149883,1.000000,0.161873,1.000000,577.9,0.001000
116800,0.123652,1.000000,0.129936,1.000000,578.4,0.001000
116900,0.326892,0.999288,0.359739,0.997865,578.9,0.001000
117000,0.138306,1.000000,0.146606,1.000000,579.4,0.001000
117100,0.142712,1.000000,0.149718,1.000000,579.9,0.001000
117200,0.272122,1.000000,0.302066,1.000000,580.4,0.001000
117300,0.154741,1.000000,0.166516,1.000000,580.9,0.001000
117400,0.162018,1.000000,0.174750,1.000000,581.4,0.001000
117500,0.159943,1.000000,0.166953,1.000000,581.9,0.001000
117600,0.258046,1.000000,0.282559,0.999288,582.4,0.001000
117700,0.161035,1.000000,0.172216,1.000000,582.9,0.001000
117800,0.146436,1.000000,0.153784,1.000000,583.3,0.001000
117900,0.272773,1.000000,0.304046,1.000000,583.8,0.001000
118000,0.127139,1.000000,0.134460,1.000000,584.3,0.001000
118100,0.394359,0.994302,0.433663,0.994306,584.8,0.001000
118200,0.136680,1.000000,0.146197,1.000000,585.3,0.001000
118300,0.135895,1.000000,0.142917,1.000000,585.8,0.001000
118400,0.665401,0.946581,0.727872,0.924555,586.3,0.001000
118500,0.237531,1.000000,0.263935,1.000000,586.8,0.001000
118600,0.138740,1.000000,0.146556,1.000000,587.3,0.001000
118700,0.255476,1.000000,0.275022,1.000000,587.8,0.001000
118800,2.643948,0.269231,2.647914,0.255516,588.3,0.001000
118900,0.220123,1.000000,0.239075,1.000000,588.8,0.001000
119000,0.135889,1.000000,0.143828,1.000000,589.3,0.001000
119100,0.145992,1.000000,0.152520,1.000000,589.7,0.001000
119200,0.257138,1.000000,0.276420,1.000000,590.2,0.001000
119300,0.134932,1.000000,0.141366,1.000000,590.8,0.001000
119400,0.383744,0.997863,0.413637,0.994306,591.2,0.001000
119500,0.134640,1.000000,0.141609,1.000000,591.7,0.001000
119600,0.651374,0.937322,0.716379,0.911744,592.2,0.001000
119700,0.152510,1.000000,0.166469,1.000000,592.7,0.001000
119800,0.151383,1.000000,0.162017,1.000000,593.2,0.001000
119900,0.194364,1.000000,0.204392,1.000000,593.7,0.001000
120000,0.262779,1.000000,0.292289,1.000000,594.2,0.001000
120100,0.142920,1.000000,0.151693,1.000000,594.7,0.001000
120200,0.148221,1.000000,0.154555,1.000000,595.2,0.001000
120300,0.325776,0.997151,0.367894,0.995730,595.7,0.001000
120400,0.150475,1.000000,0.161394,1.000000,596.2,0.001000
120500,0.168751,1.000000,0.182845,1.000000,596.7,0.001000
120600,0.204280,1.000000,0.224891,1.000000,597.2,0.001000
120700,0.671171,0.951567,0.715023,0.934520,597.7,0.001000
120800,0.131980,1.000000,0.138671,1.000000,598.2,0.001000
120900,0.135372,1.000000,0.141206,1.000000,598.7,0.001000
121000,0.250147,0.999288,0.276443,1.000000,599.2,0.001000
121100,0.137359,1.000000,0.143979,1.000000,599.8,0.001000
121200,0.583824,0.993590,0.621730,0.987189,600.3,0.001000
121300,0.158053,1.000000,0.169239,1.000000,600.8,0.001000
121400,0.137300,1.000000,0.143205,1.000000,601.3,0.001000
121500,0.396217,0.997151,0.432722,0.993594,601.8,0.001000
121600,0.207547,1.000000,0.229450,1.000000,602.3,0.001000
121700,0.146287,1.000000,0.153973,1.000000,602.8,0.001000
121800,0.152945,1.000000,0.163383,1.000000,603.3,0.001000
121900,0.137893,1.000000,0.144961,1.000000,603.7,0.001000
122000,0.179428,1.000000,0.195959,1.000000,604.2,0.001000
122100,0.153986,1.000000,0.165338,1.000000,604.7,0.001000
122200,0.148646,1.000000,0.155831,1.000000,605.2,0.001000
122300,0.497982,0.990741,0.534786,0.985765,605.7,0.001000
122400,0.177714,1.000000,0.190106,1.000000,606.2,0.001000
122500,0.142750,1.000000,0.150760,1.000000,606.7,0.001000
122600,0.405419,0.998576,0.431432,0.999288,607.2,0.001000
122700,0.152867,1.000000,0.161866,1.000000,607.7,0.001000
122800,0.145004,1.000000,0.150921,1.000000,608.1,0.001000
122900,0.452403,0.991453,0.491304,0.982206,608.7,0.001000
123000,0.180525,1.000000,0.198789,1.000000,609.2,0.001000
123100,0.133102,1.000000,0.140679,1.000000,609.7,0.001000
123200,0.277349,1.000000,0.301671,0.999288,610.2,0.001000
123300,0.136730,1.000000,0.144098,1.000000,610.6,0.001000
123400,0.840909,0.878205,0.900738,0.858363,611.1,0.001000
123500,0.144569,1.000000,0.155019,1.000000,611.6,0.001000
123600,0.141805,1.000000,0.148367,1.000000,612.1,0.001000
123700,1.524960,0.665954,1.611664,0.646263,612.7,0.001000
123800,0.184845,1.000000,0.198300,1.000000,613.1,0.001000
123900,0.148824,1.000000,0.156488,1.000000,613.6,0.001000
124000,0.162122,1.000000,0.169711,1.000000,614.1,0.001000
124100,0.269931,1.000000,0.290690,1.000000,614.6,0.001000
124200,0.159168,1.000000,0.172165,1.000000,615.1,0.001000
124300,0.148172,1.000000,0.155468,1.000000,615.6,0.001000
124400,0.239377,1.000000,0.263172,1.000000,616.1,0.001000
124500,0.157745,1.000000,0.168933,1.000000,616.6,0.001000
124600,0.150051,1.000000,0.156672,1.000000,617.1,0.001000
124700,0.812443,0.965100,0.889350,0.943061,617.6,0.001000
124800,0.192151,1.000000,0.208588,1.000000,618.1,0.001000
124900,0.146558,1.000000,0.153491,1.000000,618.5,0.001000
125000,0.312802,0.998576,0.334178,0.997865,619.0,0.001000
125100,0.130259,1.000000,0.136715,1.000000,619.5,0.001000
125200,0.516359,0.990029,0.545726,0.983630,620.0,0.001000
125300,0.225809,1.000000,0.250126,1.000000,620.5,0.001000
125400,0.139729,1.000000,0.149801,1.000000,621.0,0.001000
125500,0.142048,1.000000,0.148371,1.000000,621.5,0.001000
125600,0.370503,0.998576,0.405452,0.995018,622.0,0.001000
125700,0.142401,1.000000,0.148718,1.000000,622.5,0.001000
125800,0.677595,0.957977,0.729681,0.951601,623.0,0.001000
125900,0.141447,1.000000,0.149500,1.000000,623.4,0.001000
126000,0.580554,0.960826,0.620310,0.944484,624.0,0.001000
126100,0.166421,1.000000,0.182705,1.000000,624.4,0.001000
126200,0.138890,1.000000,0.147909,1.000000,624.9,0.001000
126300,0.142909,1.000000,0.148441,1.000000,625.4,0.001000
126400,0.336375,1.000000,0.366455,0.998577,625.9,0.001000
126500,0.155540,1.000000,0.164476,1.000000,626.4,0.001000
126600,0.141388,1.000000,0.149340,1.000000,626.9,0.001000
126700,0.217032,1.000000,0.233291,1.000000,627.3,0.001000
126800,0.134195,1.000000,0.141195,1.000000,627.8,0.001000
126900,0.189962,1.000000,0.202186,1.000000,628.3,0.001000
127000,0.137511,1.000000,0.145351,1.000000,628.8,0.001000
127100,0.279647,1.000000,0.299463,1.000000,629.3,0.001000
127200,0.135625,1.000000,0.144614,1.000000,629.8,0.001000
127300,0.144751,1.000000,0.151104,1.000000,630.4,0.001000
127400,0.931343,0.884615,1.018760,0.859787,630.9,0.001000
127500,0.232438,1.000000,0.254389,0.999288,631.4,0.001000
127600,0.140713,1.000000,0.148053,1.000000,631.9,0.001000
127700,0.719111,0.911681,0.761319,0.898221,632.4,0.001000
127800,0.172988,1.000000,0.186687,1.000000,632.9,0.001000
127900,0.136382,1.000000,0.145529,1.000000,633.4,0.001000
128000,0.149665,1.000000,0.157763,1.000000,633.9,0.001000
128100,0.659947,0.982194,0.710942,0.969395,634.3,0.001000
128200,0.180044,1.000000,0.191283,1.000000,634.9,0.001000
128300,0.140845,1.000000,0.147479,1.000000,635.3,0.001000
128400,1.883545,0.523504,1.909110,0.506050,635.8,0.001000
128500,0.258247,1.000000,0.277028,1.000000,636.3,0.001000
128600,0.143043,1.000000,0.151357,1.000000,636.8,0.001000
128700,0.461202,0.992165,0.503938,0.988612,637.3,0.001000
128800,0.128573,1.000000,0.137387,1.000000,637.8,0.001000
128900,0.137631,1.000000,0.144266,1.000000,638.3,0.001000
129000,0.383982,1.000000,0.423132,0.998577,638.8,0.001000
129100,0.154088,1.000000,0.163723,1.000000,639.3,0.001000
129200,0.160367,1.000000,0.169783,1.000000,639.8,0.001000
129300,0.657802,0.987179,0.704000,0.985765,640.3,0.001000
129400,0.146631,1.000000,0.155218,1.000000,640.8,0.001000
129500,0.141165,1.000000,0.147624,1.000000,641.3,0.001000
129600,0.152638,1.000000,0.158875,1.000000,641.8,0.001000
129700,0.205423,1.000000,0.219946,1.000000,642.2,0.001000
129800,0.138037,1.000000,0.146621,1.000000,642.7,0.001000
129900,0.471067,0.992877,0.514844,0.985765,643.2,0.001000
130000,0.130911,1.000000,0.138426,1.000000,643.7,0.001000
130100,0.139299,1.000000,0.145124,1.000000,644.2,0.001000
130200,0.410767,0.999288,0.446703,0.998577,644.7,0.001000
130300,0.135980,1.000000,0.144118,1.000000,645.2,0.001000
130400,0.146274,1.000000,0.153024,1.000000,645.7,0.001000
130500,0.504641,0.991453,0.555619,0.975801,646.2,0.001000
130600,0.131835,1.000000,0.139475,1.000000,646.7,0.001000
130700,0.485019,0.965812,0.535382,0.948043,647.2,0.001000
130800,0.162813,1.000000,0.177298,1.000000,647.7,0.001000
130900,0.140014,1.000000,0.147529,1.000000,648.2,0.001000
131000,0.456444,0.998576,0.497639,0.990747,648.6,0.001000
131100,0.140800,1.000000,0.148707,1.000000,649.1,0.001000
131200,0.151000,1.000000,0.158095,1.000000,649.6,0.001000
131300,0.597068,0.992165,0.642955,0.981495,650.1,0.001000
131400,0.139326,1.000000,0.144875,1.000000,650.6,0.001000
131500,0.145081,1.000000,0.151528,1.000000,651.1,0.001000
131600,0.229246,1.000000,0.241010,1.000000,651.6,0.001000
131700,0.128265,1.000000,0.135555,1.000000,652.1,0.001000
131800,0.145429,1.000000,0.152898,1.000000,652.6,0.001000
131900,0.349055,1.000000,0.371437,1.000000,653.1,0.001000
132000,0.134892,1.000000,0.142590,1.000000,653.6,0.001000
132100,1.093892,0.851852,1.112004,0.828470,654.1,0.001000
132200,0.198952,1.000000,0.216181,1.000000,654.6,0.001000
132300,0.142325,1.000000,0.150652,1.000000,655.1,0.001000
132400,0.498511,0.992877,0.536815,0.990036,655.5,0.001000
132500,0.136253,1.000000,0.145105,1.000000,656.1,0.001000
132600,0.140000,1.000000,0.147180,1.000000,656.5,0.001000
132700,0.277766,1.000000,0.309398,0.999288,657.0,0.001000
132800,0.156998,1.000000,0.169565,1.000000,657.5,0.001000
132900,0.149447,1.000000,0.156417,1.000000,658.0,0.001000
133000,0.418885,1.000000,0.443371,0.998577,658.5,0.001000
133100,0.138071,1.000000,0.143789,1.000000,659.0,0.001000
133200,1.811483,0.607550,1.861764,0.575089,659.5,0.001000
133300,0.235929,1.000000,0.255007,1.000000,660.0,0.001000
133400,0.145438,1.000000,0.155347,1.000000,660.5,0.001000
133500,0.145399,1.000000,0.152242,1.000000,661.0,0.001000
133600,0.551028,0.990741,0.587987,0.981495,661.5,0.001000
133700,0.171520,1.000000,0.185106,1.000000,662.0,0.001000
133800,0.151154,1.000000,0.158624,1.000000,662.5,0.001000
133900,0.669449,0.948006,0.700463,0.938790,663.0,0.001000
134000,0.147226,1.000000,0.157537,1.000000,663.5,0.001000
134100,0.142623,1.000000,0.149594,1.000000,664.0,0.001000
134200,1.042369,0.787037,1.109668,0.764413,664.5,0.001000
134300,0.175940,1.000000,0.189530,1.000000,664.9,0.001000
134400,2.276511,0.483618,2.271568,0.496085,665.4,0.001000
134500,0.145159,1.000000,0.155899,1.000000,665.9,0.001000
134600,0.157317,1.000000,0.167078,1.000000,666.4,0.001000
134700,0.549699,0.987179,0.596347,0.984342,666.9,0.001000
134800,0.148862,1.000000,0.158534,1.000000,667.4,0.001000
134900,0.394370,0.998576,0.433414,0.997865,667.9,0.001000
135000,0.149397,1.000000,0.157156,1.000000,668.4,0.001000
135100,0.260508,1.000000,0.275875,0.999288,668.9,0.001000
135200,0.165321,1.000000,0.179866,1.000000,669.4,0.001000
135300,0.169506,1.000000,0.180576,1.000000,669.9,0.001000
135400,0.214711,1.000000,0.234076,1.000000,670.3,0.001000
135500,0.172259,1.000000,0.186923,1.000000,670.8,0.001000
135600,0.562757,0.974359,0.640914,0.945907,671.3,0.001000
135700,0.161870,1.000000,0.174371,1.000000,671.8,0.001000
135800,0.156260,1.000000,0.165642,1.000000,672.3,0.001000
135900,0.320806,1.000000,0.344746,0.999288,672.8,0.001000
136000,0.154184,1.000000,0.168008,1.000000,673.3,0.001000
136100,0.154614,1.000000,0.165337,1.000000,673.8,0.001000
136200,0.168127,1.000000,0.182312,1.000000,674.3,0.001000
136300,0.141974,1.000000,0.149232,1.000000,674.8,0.001000
136400,0.969096,0.867521,1.037074,0.839858,675.3,0.001000
136500,0.226030,1.000000,0.252829,1.000000,675.8,0.001000
136600,0.140268,1.000000,0.150610,1.000000,676.3,0.001000
136700,1.264750,0.746439,1.332551,0.719573,676.8,0.001000
136800,0.194748,1.000000,0.212322,1.000000,677.2,0.001000
136900,0.155520,1.000000,0.166503,1.000000,677.8,0.001000
137000,0.154015,1.000000,0.161962,1.000000,678.2,0.001000
137100,0.147377,1.000000,0.156717,1.000000,678.7,0.001000
137200,0.211282,1.000000,0.222853,1.000000,679.2,0.001000
137300,0.190720,1.000000,0.207977,1.000000,679.7,0.001000
137400,0.144212,1.000000,0.154200,1.000000,680.2,0.001000
137500,0.430023,0.991453,0.473918,0.977224,680.7,0.001000
137600,0.155037,1.000000,0.166494,1.000000,681.2,0.001000
137700,0.159616,1.000000,0.167116,1.000000,681.7,0.001000
137800,0.204893,1.000000,0.221730,1.000000,682.1,0.001000
137900,0.162932,1.000000,0.172859,1.000000,682.6,0.001000
138000,0.508578,0.990741,0.536362,0.990036,683.1,0.001000
138100,0.156318,1.000000,0.166571,1.000000,683.6,0.001000
138200,0.152748,1.000000,0.160237,1.000000,684.1,0.001000
138300,1.107594,0.814103,1.134385,0.785053,684.6,0.001000
138400,0.156490,1.000000,0.166643,1.000000,685.1,0.001000
138500,0.384590,0.996439,0.412095,0.992171,685.6,0.001000
138600,0.158210,1.000000,0.169754,1.000000,686.0,0.001000
138700,0.896145,0.881054,0.945435,0.854093,686.5,0.001000
138800,0.245632,1.000000,0.272249,0.999288,687.0,0.001000
138900,0.148955,1.000000,0.156363,1.000000,687.5,0.001000
139000,0.393981,0.997863,0.422861,0.997865,688.0,0.001000
139100,0.143648,1.000000,0.153762,1.000000,688.5,0.001000
139200,0.149117,1.000000,0.157638,1.000000,689.0,0.001000
139300,0.214745,1.000000,0.232006,1.000000,689.5,0.001000
139400,0.141556,1.000000,0.149611,1.000000,690.0,0.001000
139500,0.154763,1.000000,0.168348,1.000000,690.4,0.001000
139600,0.144627,1.000000,0.154793,1.000000,690.9,0.001000
139700,0.171039,1.000000,0.187196,1.000000,691.4,0.001000
139800,0.144996,1.000000,0.153735,1.000000,691.9,0.001000
139900,0.622326,0.972934,0.659422,0.956584,692.4,0.001000
140000,0.155242,1.000000,0.164927,1.000000,692.9,0.001000
140100,0.185633,1.000000,0.201515,1.000000,693.4,0.001000
140200,0.139395,1.000000,0.147970,1.000000,693.9,0.001000
140300,1.319037,0.689459,1.421599,0.640569,694.4,0.001000
140400,0.263772,1.000000,0.282731,1.000000,694.8,0.001000
140500,0.261357,1.000000,0.282342,1.000000,695.3,0.001000
140600,0.162223,1.000000,0.170225,1.000000,695.8,0.001000
140700,0.191513,1.000000,0.208505,1.000000,696.3,0.001000
140800,0.151852,1.000000,0.163306,1.000000,696.8,0.001000
140900,0.716560,0.910969,0.789055,0.891103,697.3,0.001000
141000,0.233915,1.000000,0.259301,0.999288,697.8,0.001000
141100,0.691255,0.910969,0.725888,0.908897,698.3,0.001000
141200,0.155899,1.000000,0.169020,1.000000,698.8,0.001000
141300,0.144202,1.000000,0.152524,1.000000,699.3,0.001000
141400,0.335176,0.999288,0.362025,0.997865,699.7,0.001000
141500,0.225542,1.000000,0.248967,1.000000,700.2,0.001000
141600,0.158964,1.000000,0.169047,1.000000,700.7,0.001000
141700,0.211151,1.000000,0.228942,1.000000,701.2,0.001000
141800,0.149284,1.000000,0.157817,1.000000,701.7,0.001000
141900,0.160251,1.000000,0.172713,1.000000,702.2,0.001000
142000,0.434458,0.995014,0.481813,0.990747,702.7,0.001000
142100,0.147502,1.000000,0.156383,1.000000,703.2,0.001000
142200,0.158374,1.000000,0.168394,1.000000,703.7,0.001000
142300,0.221301,1.000000,0.240228,1.000000,704.2,0.001000
142400,0.146230,1.000000,0.155167,1.000000,704.7,0.001000
142500,0.437806,0.997151,0.471601,0.997865,705.2,0.001000
142600,0.193688,1.000000,0.214427,1.000000,705.7,0.001000
142700,0.161307,1.000000,0.171367,1.000000,706.2,0.001000
142800,0.456905,0.997151,0.498620,0.992883,706.7,0.001000
142900,0.287685,1.000000,0.317844,1.000000,707.2,0.001000
143000,0.161049,1.000000,0.172957,1.000000,707.7,0.001000
143100,0.262501,0.999288,0.283174,1.000000,708.2,0.001000
143200,0.177235,1.000000,0.192997,1.000000,708.7,0.001000
143300,0.150035,1.000000,0.160139,1.000000,709.2,0.001000
143400,0.365390,0.999288,0.405270,0.994306,709.7,0.001000
143500,0.138460,1.000000,0.149021,1.000000,710.2,0.001000
143600,0.168160,1.000000,0.185545,1.000000,710.7,0.001000
143700,0.765043,0.915954,0.816299,0.915303,711.2,0.001000
143800,0.245822,1.000000,0.267952,1.000000,711.7,0.001000
143900,0.154660,1.000000,0.165354,1.000000,712.2,0.001000
144000,0.933796,0.856125,0.976594,0.853381,712.7,0.001000
144100,0.225139,1.000000,0.244865,1.000000,713.2,0.001000
144200,0.148596,1.000000,0.156520,1.000000,713.7,0.001000
144300,0.201180,1.000000,0.218911,1.000000,714.2,0.001000
144400,0.141354,1.000000,0.149541,1.000000,714.8,0.001000
144500,0.533233,0.995726,0.605928,0.984342,715.3,0.001000
144600,0.166128,1.000000,0.177527,1.000000,715.8,0.001000
144700,0.452719,0.991453,0.477843,0.983630,716.3,0.001000
144800,0.155028,1.000000,0.166723,1.000000,716.8,0.001000
144900,0.171965,1.000000,0.183757,1.000000,717.3,0.001000
145000,0.288067,1.000000,0.313335,0.999288,717.8,0.001000
145100,0.154542,1.000000,0.165397,1.000000,718.3,0.001000
145200,0.198158,1.000000,0.210438,1.000000,718.8,0.001000
145300,0.177348,1.000000,0.191165,1.000000,719.3,0.001000
145400,0.501481,0.973647,0.521438,0.971530,719.8,0.001000
145500,0.278692,1.000000,0.298639,0.999288,720.3,0.001000
145600,0.148194,1.000000,0.159791,1.000000,720.7,0.001000
145700,0.154581,1.000000,0.162560,1.000000,721.2,0.001000
145800,0.365063,0.999288,0.392340,1.000000,721.7,0.001000
145900,0.144296,1.000000,0.154385,1.000000,722.2,0.001000
146000,0.639490,0.957265,0.663694,0.960142,722.7,0.001000
146100,0.208585,1.000000,0.227012,1.000000,723.2,0.001000
146200,0.152472,1.000000,0.161665,1.000000,723.6,0.001000
146300,0.209226,1.000000,0.221001,1.000000,724.1,0.001000
146400,0.165806,1.000000,0.177078,1.000000,724.6,0.001000
146500,0.154144,1.000000,0.162189,1.000000,725.1,0.001000
146600,0.304059,0.999288,0.325441,0.999288,725.6,0.001000
146700,0.151779,1.000000,0.160863,1.000000,726.1,0.001000
146800,0.588163,0.952991,0.619002,0.935943,726.6,0.001000
146900,0.144701,1.000000,0.154119,1.000000,727.1,0.001000
147000,1.147264,0.806980,1.261754,0.750890,727.6,0.001000
147100,0.162925,1.000000,0.175960,1.000000,728.1,0.001000
147200,0.150225,1.000000,0.156951,1.000000,728.6,0.001000
147300,0.476735,0.998576,0.531986,0.989324,729.1,0.001000
147400,0.179354,1.000000,0.198270,1.000000,729.6,0.001000
147500,0.156796,1.000000,0.167186,1.000000,730.0,0.001000
147600,0.319344,1.000000,0.351665,0.999288,730.5,0.001000
147700,0.155722,1.000000,0.170947,1.000000,731.0,0.001000
147800,0.154980,1.000000,0.164925,1.000000,731.5,0.001000
147900,0.277695,1.000000,0.302504,1.000000,732.0,0.001000
148000,0.152422,1.000000,0.165265,1.000000,732.5,0.001000
148100,0.217406,1.000000,0.231051,1.000000,733.0,0.001000
148200,0.259902,0.999288,0.284373,1.000000,733.4,0.001000
148300,0.157499,1.000000,0.168197,1.000000,733.9,0.001000
148400,0.176068,1.000000,0.186903,1.000000,734.4,0.001000
148500,0.195218,1.000000,0.211992,1.000000,734.9,0.001000
148600,0.150880,1.000000,0.159973,1.000000,735.4,0.001000
148700,0.429805,1.000000,0.468372,0.997153,735.9,0.001000
148800,0.205311,1.000000,0.225680,1.000000,736.4,0.001000
148900,0.150865,1.000000,0.159864,1.000000,736.9,0.001000
149000,0.244408,1.000000,0.269037,1.000000,737.4,0.001000
149100,0.212390,1.000000,0.230614,1.000000,737.9,0.001000
149200,0.182738,1.000000,0.192916,1.000000,738.4,0.001000
149300,0.167295,1.000000,0.183926,0.999288,739.0,0.001000
149400,0.147811,1.000000,0.157646,1.000000,739.5,0.001000
149500,0.197705,1.000000,0.212877,0.999288,740.0,0.001000
149600,0.140743,1.000000,0.149242,1.000000,740.5,0.001000
149700,0.698024,0.948006,0.758293,0.934520,741.0,0.001000
149800,0.163195,1.000000,0.176617,1.000000,741.5,0.001000
149900,0.153419,1.000000,0.162660,1.000000,742.1,0.001000
150000,0.465660,0.995014,0.511510,0.991459,742.6,0.001000
150100,0.168445,1.000000,0.181976,1.000000,743.1,0.001000
150200,0.165206,1.000000,0.178154,1.000000,743.6,0.001000
150300,0.692708,0.979345,0.765110,0.979359,744.1,0.001000
150400,0.161487,1.000000,0.171916,1.000000,744.6,0.001000
150500,0.530574,0.991453,0.564867,0.985053,745.0,0.001000
150600,0.153851,1.000000,0.163848,1.000000,745.5,0.001000
150700,0.153224,1.000000,0.161802,1.000000,746.0,0.001000
150800,0.165961,1.000000,0.177249,1.000000,746.5,0.001000
150900,0.727645,0.953704,0.776425,0.934520,747.0,0.001000
151000,0.163988,1.000000,0.176319,1.000000,747.5,0.001000
151100,0.815601,0.915954,0.868511,0.885409,748.0,0.001000
151200,0.183051,1.000000,0.200187,1.000000,748.5,0.001000
151300,0.146385,1.000000,0.155794,1.000000,748.9,0.001000
151400,0.199431,1.000000,0.209457,1.000000,749.4,0.001000
151500,0.159156,1.000000,0.170637,1.000000,749.9,0.001000
151600,1.500223,0.679487,1.606892,0.664057,750.4,0.001000
151700,0.160341,1.000000,0.171147,1.000000,750.9,0.001000
151800,0.347182,1.000000,0.375821,1.000000,751.4,0.001000
151900,0.142174,1.000000,0.149445,1.000000,751.9,0.001000
152000,0.238993,1.000000,0.266004,1.000000,752.4,0.001000
152100,0.147868,1.000000,0.155442,1.000000,752.9,0.001000
152200,0.252803,1.000000,0.279783,1.000000,753.4,0.001000
152300,0.158708,1.000000,0.173232,1.000000,753.9,0.001000
152400,0.150614,1.000000,0.160242,1.000000,754.3,0.001000
152500,0.193882,1.000000,0.209958,1.000000,754.8,0.001000
152600,0.145812,1.000000,0.154672,1.000000,755.3,0.001000
152700,1.294476,0.703704,1.366592,0.671174,755.8,0.001000
152800,0.164842,1.000000,0.175607,1.000000,756.3,0.001000
152900,0.188924,1.000000,0.199366,1.000000,756.8,0.001000
153000,0.163883,1.000000,0.179016,1.000000,757.3,0.001000
153100,0.151937,1.000000,0.162665,1.000000,757.8,0.001000
153200,0.216095,1.000000,0.243395,0.999288,758.2,0.001000
153300,0.153263,1.000000,0.162650,1.000000,758.7,0.001000
153400,0.169779,1.000000,0.183878,1.000000,759.2,0.001000
153500,0.296539,1.000000,0.308246,1.000000,759.7,0.001000
153600,0.183252,1.000000,0.200739,1.000000,760.2,0.001000
153700,0.151499,1.000000,0.161262,1.000000,760.7,0.001000
153800,0.331115,0.998576,0.371433,0.992883,761.2,0.001000
153900,0.167426,1.000000,0.182035,1.000000,761.7,0.001000
154000,0.674761,0.940883,0.736770,0.932384,762.2,0.001000
154100,0.164554,1.000000,0.179456,1.000000,762.7,0.001000
154200,0.146307,1.000000,0.156473,1.000000,763.1,0.001000
154300,0.307341,1.000000,0.334680,0.999288,763.7,0.001000
154400,0.145928,1.000000,0.156400,1.000000,764.1,0.001000
154500,0.499317,0.965812,0.549978,0.946619,764.7,0.001000
154600,0.150041,1.000000,0.160741,1.000000,765.2,0.001000
154700,0.155922,1.000000,0.165030,1.000000,765.6,0.001000
154800,0.172661,1.000000,0.191711,1.000000,766.1,0.001000
154900,0.151008,1.000000,0.161868,1.000000,766.6,0.001000
155000,0.473197,0.975783,0.524937,0.959431,767.1,0.001000
155100,0.228488,1.000000,0.252505,1.000000,767.6,0.001000
155200,0.206194,1.000000,0.222513,1.000000,768.1,0.001000
155300,0.185596,1.000000,0.194540,1.000000,768.6,0.001000
155400,0.169767,1.000000,0.185006,1.000000,769.1,0.001000
155500,0.149120,1.000000,0.158122,1.000000,769.6,0.001000
155600,0.162715,1.000000,0.175932,1.000000,770.1,0.001000
155700,0.146379,1.000000,0.155537,1.000000,770.6,0.001000
155800,0.658861,0.960826,0.714515,0.948043,771.1,0.001000
155900,0.137898,1.000000,0.147365,1.000000,771.5,0.001000
156000,0.696572,0.976496,0.761954,0.968683,772.0,0.001000
156100,0.182240,1.000000,0.199397,1.000000,772.5,0.001000
156200,0.151966,1.000000,0.159873,1.000000,773.0,0.001000
156300,0.424469,0.990741,0.449982,0.990036,773.5,0.001000
156400,0.191758,1.000000,0.210008,1.000000,774.0,0.001000
156500,0.153014,1.000000,0.161352,1.000000,774.5,0.001000
156600,0.681795,0.968661,0.740636,0.953025,775.0,0.001000
156700,0.171294,1.000000,0.185619,1.000000,775.5,0.001000
156800,0.159188,1.000000,0.168655,1.000000,776.0,0.001000
156900,0.152989,1.000000,0.164588,1.000000,776.5,0.001000
157000,0.286433,1.000000,0.300447,1.000000,777.0,0.001000
157100,0.158566,1.000000,0.172978,1.000000,777.5,0.001000
157200,0.611713,0.982906,0.663161,0.972954,778.0,0.001000
157300,0.175402,1.000000,0.189364,1.000000,778.5,0.001000
157400,0.152159,1.000000,0.159390,1.000000,779.0,0.001000
157500,0.341423,1.000000,0.378119,0.997153,779.5,0.001000
157600,0.717960,0.919516,0.763842,0.917438,780.0,0.001000
157700,0.224043,1.000000,0.245999,1.000000,780.5,0.001000
157800,0.150601,1.000000,0.162864,1.000000,781.0,0.001000
157900,0.340525,0.998576,0.366490,0.997153,781.5,0.001000
158000,0.164805,1.000000,0.178064,1.000000,782.0,0.001000
158100,0.152721,1.000000,0.160536,1.000000,782.5,0.001000
158200,0.605701,0.963675,0.665678,0.945196,783.0,0.001000
158300,0.156702,1.000000,0.168812,1.000000,783.5,0.001000
158400,0.152162,1.000000,0.161703,1.000000,784.0,0.001000
158500,0.322226,0.998576,0.356005,0.999288,784.5,0.001000
158600,0.168489,1.000000,0.181817,1.000000,785.0,0.001000
158700,0.154084,1.000000,0.162991,1.000000,785.4,0.001000
158800,0.272637,0.999288,0.301392,0.999288,785.9,0.001000
158900,0.200821,1.000000,0.220726,1.000000,786.4,0.001000
159000,0.158942,1.000000,0.170575,1.000000,787.0,0.001000
159100,0.990938,0.843305,1.040651,0.828470,787.4,0.001000
159200,0.144800,1.000000,0.153535,1.000000,787.9,0.001000
159300,0.542845,0.962251,0.593410,0.940925,788.4,0.001000
159400,0.159239,1.000000,0.172889,1.000000,788.9,0.001000
159500,0.145404,1.000000,0.155697,1.000000,789.4,0.001000
159600,1.320745,0.801282,1.390781,0.768683,789.9,0.001000
159700,0.168128,1.000000,0.180974,1.000000,790.4,0.001000
159800,0.181007,1.000000,0.191085,1.000000,790.9,0.001000
159900,0.345742,0.999288,0.379513,1.000000,791.4,0.001000
160000,0.156375,1.000000,0.167174,1.000000,791.9,0.001000
160100,0.401892,0.995726,0.443417,0.995018,792.4,0.001000
160200,0.146888,1.000000,0.155834,1.000000,792.8,0.001000
160300,0.161226,1.000000,0.169334,1.000000,793.3,0.001000
160400,0.199372,1.000000,0.213664,1.000000,793.8,0.001000
160500,0.148919,1.000000,0.158543,1.000000,794.3,0.001000
160600,1.005424,0.867521,1.068920,0.849822,794.8,0.001000
160700,0.142327,1.000000,0.152194,1.000000,795.3,0.001000
160800,0.155268,1.000000,0.164343,1.000000,795.8,0.001000
160900,0.197318,1.000000,0.216401,1.000000,796.3,0.001000
161000,0.146487,1.000000,0.156920,1.000000,796.8,0.001000
161100,0.658627,0.930912,0.689996,0.917438,797.3,0.001000
161200,0.151331,1.000000,0.163363,1.000000,797.8,0.001000
161300,0.740565,0.911681,0.782577,0.901779,798.3,0.001000
161400,0.195556,1.000000,0.213417,1.000000,798.7,0.001000
161500,0.149600,1.000000,0.158742,1.000000,799.2,0.001000
161600,0.703346,0.972934,0.736318,0.973665,799.7,0.001000
161700,0.149822,1.000000,0.160431,1.000000,800.2,0.001000
161800,0.226157,1.000000,0.245520,1.000000,800.7,0.001000
161900,0.153434,1.000000,0.163423,1.000000,801.2,0.001000
162000,0.212063,1.000000,0.234678,1.000000,801.6,0.001000
162100,0.162710,1.000000,0.176286,1.000000,802.1,0.001000
162200,0.286570,0.999288,0.318540,0.997865,802.6,0.001000
162300,0.145608,1.000000,0.153580,1.000000,803.1,0.001000
162400,0.230698,1.000000,0.253456,1.000000,803.6,0.001000
162500,0.523998,0.955128,0.550999,0.950890,804.1,0.001000
162600,0.163122,1.000000,0.177521,1.000000,804.6,0.001000
162700,0.261984,1.000000,0.287256,1.000000,805.0,0.001000
162800,0.507402,0.992877,0.553628,0.987900,805.5,0.001000
162900,0.173236,1.000000,0.191623,1.000000,806.0,0.001000
163000,0.146580,1.000000,0.157471,1.000000,806.5,0.001000
163100,1.300109,0.734330,1.311776,0.738078,807.0,0.001000
163200,0.274526,1.000000,0.292930,1.000000,807.5,0.001000
163300,0.168185,1.000000,0.181500,1.000000,808.0,0.001000
163400,1.887165,0.489316,1.966949,0.457651,808.5,0.001000
163500,0.245353,1.000000,0.267512,1.000000,809.0,0.001000
163600,0.197846,1.000000,0.215166,1.000000,809.5,0.001000
163700,0.155052,1.000000,0.166210,1.000000,810.0,0.001000
163800,0.336266,0.999288,0.366702,1.000000,810.5,0.001000
163900,0.148270,1.000000,0.159164,1.000000,811.0,0.001000
164000,0.165103,1.000000,0.173883,1.000000,811.5,0.001000
164100,0.180518,1.000000,0.197020,1.000000,812.0,0.001000
164200,0.155589,1.000000,0.166388,1.000000,812.5,0.001000
164300,0.170184,1.000000,0.179979,1.000000,812.9,0.001000
164400,0.217588,1.000000,0.238979,0.999288,813.4,0.001000
164500,0.148721,1.000000,0.160464,1.000000,813.9,0.001000
164600,0.149979,1.000000,0.159816,1.000000,814.4,0.001000
164700,0.187275,1.000000,0.202266,1.000000,814.9,0.001000
164800,0.199065,1.000000,0.220882,1.000000,815.4,0.001000
164900,0.186824,1.000000,0.198098,1.000000,815.9,0.001000
165000,0.281663,1.000000,0.305613,1.000000,816.4,0.001000
165100,0.150750,1.000000,0.161217,1.000000,816.9,0.001000
165200,0.303784,0.999288,0.336133,0.997153,817.4,0.001000
165300,0.148139,1.000000,0.157183,1.000000,817.9,0.001000
165400,0.689688,0.969373,0.745417,0.959431,818.4,0.001000
165500,0.234582,1.000000,0.256855,0.999288,818.9,0.001000
165600,0.145264,1.000000,0.153167,1.000000,819.4,0.001000
165700,0.978680,0.848291,1.010000,0.842705,819.9,0.001000
165800,0.157146,1.000000,0.166868,1.000000,820.4,0.001000
165900,0.148436,1.000000,0.155760,1.000000,820.8,0.001000
166000,0.420676,1.000000,0.459374,0.992171,821.3,0.001000
166100,0.156108,1.000000,0.169531,1.000000,821.8,0.001000
166200,0.154860,1.000000,0.164457,1.000000,822.3,0.001000
166300,0.267885,0.999288,0.294473,0.998577,822.9,0.001000
166400,0.153539,1.000000,0.164975,1.000000,823.4,0.001000
166500,0.706922,0.938746,0.758640,0.925979,823.9,0.001000
166600,0.170467,1.000000,0.186343,1.000000,824.4,0.001000
166700,0.293226,0.999288,0.321012,0.997865,824.9,0.001000
166800,0.141728,1.000000,0.151729,1.000000,825.3,0.001000
166900,0.463733,0.998576,0.480876,0.995730,825.8,0.001000
167000,0.233372,1.000000,0.257429,1.000000,826.3,0.001000
167100,0.163798,1.000000,0.176878,1.000000,826.8,0.001000
167200,0.158733,1.000000,0.167751,1.000000,827.3,0.001000
167300,0.309324,1.000000,0.337955,0.997153,827.8,0.001000
167400,0.160709,1.000000,0.171860,1.000000,828.3,0.001000
167500,0.534140,0.967949,0.573257,0.954448,828.8,0.001000
167600,0.181565,1.000000,0.198481,1.000000,829.3,0.001000
167700,0.151807,1.000000,0.161837,1.000000,829.8,0.001000
167800,0.483603,0.991453,0.527858,0.992171,830.3,0.001000
167900,0.192884,1.000000,0.212353,1.000000,830.8,0.001000
168000,0.158166,1.000000,0.168299,1.000000,831.3,0.001000
168100,0.254716,1.000000,0.278661,1.000000,831.8,0.001000
168200,0.151849,1.000000,0.161973,1.000000,832.3,0.001000
168300,0.389168,0.995726,0.423381,0.989324,832.8,0.001000
168400,0.151626,1.000000,0.163183,1.000000,833.3,0.001000
168500,0.556143,0.984330,0.586355,0.982918,833.9,0.001000
168600,0.258947,1.000000,0.286444,1.000000,834.4,0.001000
168700,0.164299,1.000000,0.177452,1.000000,834.8,0.001000
168800,0.165383,1.000000,0.175446,1.000000,835.4,0.001000
168900,0.268378,1.000000,0.295180,1.000000,835.8,0.001000
169000,0.142375,1.000000,0.150627,1.000000,836.3,0.001000
169100,0.628905,0.934473,0.685548,0.925979,836.8,0.001000
169200,0.161675,1.000000,0.175092,1.000000,837.3,0.001000
169300,0.154731,1.000000,0.164644,1.000000,837.8,0.001000
169400,0.288132,1.000000,0.311085,0.999288,838.3,0.001000
169500,0.170976,1.000000,0.185452,1.000000,838.8,0.001000
169600,0.159270,1.000000,0.168063,1.000000,839.3,0.001000
169700,0.358571,1.000000,0.389193,0.997153,839.8,0.001000
169800,0.167697,1.000000,0.182904,1.000000,840.3,0.001000
169900,0.151417,1.000000,0.161086,1.000000,840.8,0.001000
170000,0.680130,0.915954,0.723034,0.908185,841.3,0.001000
170100,0.157404,1.000000,0.168054,1.000000,841.8,0.001000
170200,0.203027,1.000000,0.214420,1.000000,842.3,0.001000
170300,0.220192,1.000000,0.244010,1.000000,842.8,0.001000
170400,0.155324,1.000000,0.166036,1.000000,843.3,0.001000
170500,0.154847,1.000000,0.163082,1.000000,843.8,0.001000
170600,0.406297,1.000000,0.447631,0.998577,844.3,0.001000
170700,0.147947,1.000000,0.157532,1.000000,844.8,0.001000
170800,0.201992,1.000000,0.223136,1.000000,845.2,0.001000
170900,0.144354,1.000000,0.153176,1.000000,845.7,0.001000
171000,0.602261,0.960826,0.633206,0.946619,846.2,0.001000
171100,0.215641,1.000000,0.240527,1.000000,846.7,0.001000
171200,0.150170,1.000000,0.161289,1.000000,847.2,0.001000
171300,0.297422,0.999288,0.334724,0.997153,847.7,0.001000
171400,0.155526,1.000000,0.169413,1.000000,848.2,0.001000
171500,0.159044,1.000000,0.168818,1.000000,848.7,0.001000
171600,0.270141,1.000000,0.296511,0.999288,849.2,0.001000
171700,0.146299,1.000000,0.155977,1.000000,849.7,0.001000
171800,0.156650,1.000000,0.165583,1.000000,850.2,0.001000
171900,0.190446,1.000000,0.208094,1.000000,850.7,0.001000
172000,0.147134,1.000000,0.157383,1.000000,851.2,0.001000
172100,0.165028,1.000000,0.175355,1.000000,851.7,0.001000
172200,0.245166,1.000000,0.265220,1.000000,852.2,0.001000
172300,0.159447,1.000000,0.172175,1.000000,852.7,0.001000
172400,0.530996,0.998576,0.554162,0.997865,853.2,0.001000
172500,0.178140,1.000000,0.194043,1.000000,853.7,0.001000
172600,0.138390,1.000000,0.147397,1.000000,854.2,0.001000
172700,2.994985,0.280627,3.108888,0.242705,854.7,0.001000
172800,0.152634,1.000000,0.162862,1.000000,855.2,0.001000
172900,0.160480,1.000000,0.169069,1.000000,855.7,0.001000
173000,0.261449,1.000000,0.292902,1.000000,856.2,0.001000
173100,0.139941,1.000000,0.149406,1.000000,856.7,0.001000
173200,2.965733,0.256410,3.010789,0.249822,857.2,0.001000
173300,0.160980,1.000000,0.174342,1.000000,857.7,0.001000
173400,0.171279,1.000000,0.181455,1.000000,858.2,0.001000
173500,0.188168,1.000000,0.207896,1.000000,858.7,0.001000
173600,0.149772,1.000000,0.160352,1.000000,859.2,0.001000
173700,0.377690,0.998576,0.421727,0.994306,859.7,0.001000
173800,0.146183,1.000000,0.156993,1.000000,860.3,0.001000
173900,0.462333,0.995014,0.501103,0.993594,860.8,0.001000
174000,0.161962,1.000000,0.175331,1.000000,861.2,0.001000
174100,0.154584,1.000000,0.164714,1.000000,861.7,0.001000
174200,0.556211,0.991453,0.602651,0.985053,862.2,0.001000
174300,0.187446,1.000000,0.204287,1.000000,862.8,0.001000
174400,0.146416,1.000000,0.155405,1.000000,863.3,0.001000
174500,0.508682,0.995726,0.552255,0.993594,863.8,0.001000
174600,0.217135,1.000000,0.239158,1.000000,864.3,0.001000
174700,0.154960,1.000000,0.166540,1.000000,864.7,0.001000
174800,0.605698,0.991453,0.651459,0.982918,865.2,0.001000
174900,0.254132,1.000000,0.278650,0.999288,865.7,0.001000
175000,0.152925,1.000000,0.163277,1.000000,866.2,0.001000
175100,1.460962,0.597578,1.511017,0.586477,866.7,0.001000
175200,0.218814,1.000000,0.235595,1.000000,867.2,0.001000
175300,0.146876,1.000000,0.155080,1.000000,867.7,0.001000
175400,0.181180,1.000000,0.197092,1.000000,868.2,0.001000
175500,0.154809,1.000000,0.164190,1.000000,868.7,0.001000
175600,1.169628,0.777778,1.203804,0.765836,869.2,0.001000
175700,0.460631,1.000000,0.515705,0.995018,869.7,0.001000
175800,0.153136,1.000000,0.164612,1.000000,870.2,0.001000
175900,0.323066,0.998576,0.353202,0.997153,870.7,0.001000
176000,0.232078,1.000000,0.256239,1.000000,871.2,0.001000
176100,0.159563,1.000000,0.169234,1.000000,871.6,0.001000
176200,0.718596,0.921652,0.765769,0.904626,872.1,0.001000
176300,0.229990,1.000000,0.253705,1.000000,872.6,0.001000
176400,0.175825,1.000000,0.192601,1.000000,873.1,0.001000
176500,0.159931,1.000000,0.170034,1.000000,873.6,0.001000
176600,0.413705,0.999288,0.452927,0.997153,874.1,0.001000
176700,0.173344,1.000000,0.188793,1.000000,874.6,0.001000
176800,0.155135,1.000000,0.165045,1.000000,875.1,0.001000
176900,0.377154,1.000000,0.416135,0.999288,875.5,0.001000
177000,0.149469,1.000000,0.161203,1.000000,876.0,0.001000
177100,1.982903,0.467949,2.052824,0.441993,876.5,0.001000
177200,0.436934,1.000000,0.484634,0.998577,877.0,0.001000
177300,0.170582,1.000000,0.182336,1.000000,877.5,0.001000
177400,0.541759,0.997151,0.566098,0.992171,878.0,0.001000
177500,0.248173,1.000000,0.271589,1.000000,878.4,0.001000
177600,0.149611,1.000000,0.159610,1.000000,878.9,0.001000
177700,0.708733,0.986467,0.736487,0.982918,879.4,0.001000
177800,0.186319,1.000000,0.201544,1.000000,879.9,0.001000
177900,0.152319,1.000000,0.162987,1.000000,880.4,0.001000
178000,0.289374,1.000000,0.318265,1.000000,880.9,0.001000
178100,0.148610,1.000000,0.159404,1.000000,881.3,0.001000
178200,0.157236,1.000000,0.168121,1.000000,881.8,0.001000
178300,0.163171,1.000000,0.175157,1.000000,882.3,0.001000
178400,0.156501,1.000000,0.165314,1.000000,882.8,0.001000
178500,0.202655,1.000000,0.218307,1.000000,883.3,0.001000
178600,0.146389,1.000000,0.156389,1.000000,883.8,0.001000
178700,1.902979,0.593305,1.926075,0.599288,884.3,0.001000
178800,0.216068,1.000000,0.234371,1.000000,884.8,0.001000
178900,0.177880,1.000000,0.191709,1.000000,885.2,0.001000
179000,0.600510,0.984330,0.650184,0.975801,885.7,0.001000
179100,0.152069,1.000000,0.160937,1.000000,886.2,0.001000
179200,0.633271,0.972222,0.694138,0.967260,886.7,0.001000
179300,0.175035,1.000000,0.189118,1.000000,887.2,0.001000
179400,0.156027,1.000000,0.166265,1.000000,887.6,0.001000
179500,0.195898,1.000000,0.216399,1.000000,888.1,0.001000
179600,0.262825,1.000000,0.290626,1.000000,888.6,0.001000
179700,0.165970,1.000000,0.176728,1.000000,889.1,0.001000
179800,0.207423,1.000000,0.219200,1.000000,889.6,0.001000
179900,0.197157,1.000000,0.216147,1.000000,890.1,0.001000
180000,0.160278,1.000000,0.170966,1.000000,890.6,0.001000
180100,0.184155,1.000000,0.194128,1.000000,891.1,0.001000
180200,0.259940,1.000000,0.285506,0.998577,891.6,0.001000
180300,0.157474,1.000000,0.171922,1.000000,892.1,0.001000
180400,2.455226,0.330484,2.578840,0.294662,892.6,0.001000
180500,0.168549,1.000000,0.181772,1.000000,893.1,0.001000
180600,0.157352,1.000000,0.169546,1.000000,893.6,0.001000
180700,0.387103,0.999288,0.429182,0.995730,894.1,0.001000
180800,0.183712,1.000000,0.197869,1.000000,894.5,0.001000
180900,2.759960,0.428063,2.812657,0.408541,895.0,0.001000
181000,0.167649,1.000000,0.179475,1.000000,895.5,0.001000
181100,0.158430,1.000000,0.168399,1.000000,896.0,0.001000
181200,0.201376,1.000000,0.222623,1.000000,896.5,0.001000
181300,0.166527,1.000000,0.181356,1.000000,897.0,0.001000
181400,0.502736,0.993590,0.547546,0.991459,897.5,0.001000
181500,0.156798,1.000000,0.173704,1.000000,898.0,0.001000
181600,0.171807,1.000000,0.182346,1.000000,898.5,0.001000
181700,0.273914,1.000000,0.293870,1.000000,899.0,0.001000
181800,0.165078,1.000000,0.175711,1.000000,899.5,0.001000
181900,1.800096,0.618234,1.848339,0.603559,900.0,0.001000
182000,0.188218,1.000000,0.208874,1.000000,900.5,0.001000
182100,0.143906,1.000000,0.153525,1.000000,901.0,0.001000
182200,0.550467,0.990741,0.608565,0.978648,901.4,0.001000
182300,0.201940,1.000000,0.218767,1.000000,901.9,0.001000
182400,0.147789,1.000000,0.156137,1.000000,902.4,0.001000
182500,0.216349,1.000000,0.232974,1.000000,902.9,0.001000
182600,0.194634,1.000000,0.206678,1.000000,903.4,0.001000
182700,0.141512,1.000000,0.152646,1.000000,903.9,0.001000
182800,0.163507,1.000000,0.174062,1.000000,904.4,0.001000
182900,0.362759,0.999288,0.403821,0.997865,904.9,0.001000
183000,0.146375,1.000000,0.157236,1.000000,905.4,0.001000
183100,0.262049,1.000000,0.285712,1.000000,905.9,0.001000
183200,0.147494,1.000000,0.157393,1.000000,906.4,0.001000
183300,0.194104,1.000000,0.206246,1.000000,906.9,0.001000
183400,0.163279,1.000000,0.175426,1.000000,907.3,0.001000
183500,0.161392,1.000000,0.170766,1.000000,907.8,0.001000
183600,0.567951,0.990741,0.615661,0.980783,908.3,0.001000
183700,0.158077,1.000000,0.168345,1.000000,908.8,0.001000
183800,0.708725,0.903134,0.717742,0.906050,909.3,0.001000
183900,0.153106,1.000000,0.163097,1.000000,909.8,0.001000
184000,0.157400,1.000000,0.166730,1.000000,910.3,0.001000
184100,0.210187,1.000000,0.230220,1.000000,910.8,0.001000
184200,0.151468,1.000000,0.163121,1.000000,911.3,0.001000
184300,0.191151,1.000000,0.208364,1.000000,911.8,0.001000
184400,0.401599,1.000000,0.428022,0.999288,912.3,0.001000
184500,0.143968,1.000000,0.153590,1.000000,912.7,0.001000
184600,1.141944,0.784900,1.229254,0.754448,913.2,0.001000
184700,0.166847,1.000000,0.184700,1.000000,913.7,0.001000
184800,0.145980,1.000000,0.156128,1.000000,914.2,0.001000
184900,0.428436,1.000000,0.474422,0.996441,914.7,0.001000
185000,0.184399,1.000000,0.201192,1.000000,915.2,0.001000
185100,0.150260,1.000000,0.160448,1.000000,915.7,0.001000
185200,0.326828,0.999288,0.362449,0.999288,916.2,0.001000
185300,0.146877,1.000000,0.159135,1.000000,916.7,0.001000
185400,1.140087,0.803419,1.199924,0.776512,917.2,0.001000
185500,0.193443,1.000000,0.213193,1.000000,917.6,0.001000
185600,0.155613,1.000000,0.168141,1.000000,918.1,0.001000
185700,0.162089,1.000000,0.170835,1.000000,918.6,0.001000
185800,0.203030,1.000000,0.222165,1.000000,919.1,0.001000
185900,0.146224,1.000000,0.155772,1.000000,919.6,0.001000
186000,0.312406,1.000000,0.332001,1.000000,920.1,0.001000
186100,0.204742,1.000000,0.226736,1.000000,920.6,0.001000
186200,0.162359,1.000000,0.171662,1.000000,921.1,0.001000
186300,0.348644,0.999288,0.388585,0.998577,921.6,0.001000
186400,0.190064,1.000000,0.208623,1.000000,922.1,0.001000
186500,0.159377,1.000000,0.171273,1.000000,922.6,0.001000
186600,1.273793,0.808405,1.355242,0.771530,923.1,0.001000
186700,0.152979,1.000000,0.164256,1.000000,923.6,0.001000
186800,1.708738,0.635328,1.804218,0.617082,924.0,0.001000
186900,0.157130,1.000000,0.170249,1.000000,924.5,0.001000
187000,0.409457,0.997863,0.448530,0.991459,925.0,0.001000
187100,0.139299,1.000000,0.150746,1.000000,925.5,0.001000
187200,0.631222,0.974359,0.689721,0.958007,926.0,0.001000
187300,0.177180,1.000000,0.193471,1.000000,926.5,0.001000
187400,0.161178,1.000000,0.173902,1.000000,927.0,0.001000
187500,0.414345,0.994302,0.458838,0.990036,927.5,0.001000
187600,0.171175,1.000000,0.187127,1.000000,928.0,0.001000
187700,0.156193,1.000000,0.167095,1.000000,928.5,0.001000
187800,0.173331,1.000000,0.188558,1.000000,929.0,0.001000
187900,0.147093,1.000000,0.156852,1.000000,929.5,0.001000
188000,0.842330,0.908120,0.908696,0.891103,930.0,0.001000
188100,0.153871,1.000000,0.164528,1.000000,930.5,0.001000
188200,0.161351,1.000000,0.170002,1.000000,930.9,0.001000
188300,0.476590,0.991453,0.507687,0.990036,931.4,0.001000
188400,0.151023,1.000000,0.160669,1.000000,931.9,0.001000
188500,0.283345,0.999288,0.317403,0.999288,932.4,0.001000
188600,0.149112,1.000000,0.160692,1.000000,932.9,0.001000
188700,0.168943,1.000000,0.178711,1.000000,933.4,0.001000
188800,0.230249,1.000000,0.256049,0.999288,933.9,0.001000
188900,0.157995,1.000000,0.169703,1.000000,934.4,0.001000
189000,0.163708,1.000000,0.172784,1.000000,934.9,0.001000
189100,0.401025,0.997863,0.440240,0.996441,935.4,0.001000
189200,0.168979,1.000000,0.182989,1.000000,935.9,0.001000
189300,0.164327,1.000000,0.174936,1.000000,936.4,0.001000
189400,0.153556,1.000000,0.162829,1.000000,936.8,0.001000
189500,0.163470,1.000000,0.174374,1.000000,937.3,0.001000
189600,0.371443,0.997863,0.411513,0.994306,937.8,0.001000
189700,0.149911,1.000000,0.160185,1.000000,938.3,0.001000
189800,0.573055,0.976496,0.633024,0.968683,938.8,0.001000
189900,0.173153,1.000000,0.191064,0.999288,939.3,0.001000
190000,0.945213,0.870370,0.984452,0.866904,939.8,0.001000
190100,0.156606,1.000000,0.170437,1.000000,940.3,0.001000
190200,0.225332,1.000000,0.240287,1.000000,940.8,0.001000
190300,0.292920,1.000000,0.317834,1.000000,941.2,0.001000
190400,0.147282,1.000000,0.156894,1.000000,941.7,0.001000
190500,0.195174,1.000000,0.213378,1.000000,942.2,0.001000
190600,0.666992,0.970085,0.709971,0.957295,942.7,0.001000
190700,0.151340,1.000000,0.165137,1.000000,943.2,0.001000
190800,0.146040,1.000000,0.156626,1.000000,943.7,0.001000
190900,0.705638,0.956553,0.766436,0.944484,944.2,0.001000
191000,0.156585,1.000000,0.168912,1.000000,944.7,0.001000
191100,0.150433,1.000000,0.160559,1.000000,945.2,0.001000
191200,0.513128,0.995726,0.567557,0.990747,945.7,0.001000
191300,0.150579,1.000000,0.161582,1.000000,946.2,0.001000
191400,0.679495,0.972222,0.752769,0.953025,946.7,0.001000
191500,0.158921,1.000000,0.169959,1.000000,947.2,0.001000
191600,0.146053,1.000000,0.155103,1.000000,947.6,0.001000
191700,0.526062,0.988604,0.583681,0.978648,948.1,0.001000
191800,0.212615,1.000000,0.234233,1.000000,948.6,0.001000
191900,0.156044,1.000000,0.166151,1.000000,949.1,0.001000
192000,0.224460,1.000000,0.250319,1.000000,949.6,0.001000
192100,0.151911,1.000000,0.162288,1.000000,950.1,0.001000
192200,3.109195,0.265670,3.139544,0.263345,950.6,0.001000
192300,0.268116,1.000000,0.289829,0.999288,951.1,0.001000
192400,0.147961,1.000000,0.157925,1.000000,951.5,0.001000
192500,0.159094,1.000000,0.169386,1.000000,952.0,0.001000
192600,0.320777,1.000000,0.364598,0.999288,952.5,0.001000
192700,0.149586,1.000000,0.161769,1.000000,953.0,0.001000
192800,0.774068,0.952991,0.806566,0.945196,953.5,0.001000
192900,0.155067,1.000000,0.165323,1.000000,954.0,0.001000
193000,0.477500,0.968661,0.539164,0.958719,954.5,0.001000
193100,0.151373,1.000000,0.165330,1.000000,955.0,0.001000
193200,0.155354,1.000000,0.165676,1.000000,955.5,0.001000
193300,0.223135,1.000000,0.241691,1.000000,955.9,0.001000
193400,0.143431,1.000000,0.154236,1.000000,956.4,0.001000
193500,0.546624,0.980057,0.597356,0.973665,956.9,0.001000
193600,0.207297,1.000000,0.228018,1.000000,957.4,0.001000
193700,0.180298,1.000000,0.197985,1.000000,957.9,0.001000
193800,0.146908,1.000000,0.156701,1.000000,958.4,0.001000
193900,0.351906,1.000000,0.377986,0.997865,958.9,0.001000
194000,0.147543,1.000000,0.155807,1.000000,959.3,0.001000
194100,2.065157,0.508547,2.143823,0.489680,959.8,0.001000
194200,0.229519,1.000000,0.250498,1.000000,960.3,0.001000
194300,0.149271,1.000000,0.158024,1.000000,960.8,0.001000
194400,0.284019,0.999288,0.310088,0.999288,961.3,0.001000
194500,0.159863,1.000000,0.171990,1.000000,961.8,0.001000
194600,0.150055,1.000000,0.160694,1.000000,962.3,0.001000
194700,1.043270,0.914530,1.082345,0.883274,962.8,0.001000
194800,0.151893,1.000000,0.163831,1.000000,963.3,0.001000
194900,0.150010,1.000000,0.159410,1.000000,963.8,0.001000
195000,0.659936,0.992877,0.705296,0.981495,964.3,0.001000
195100,0.180155,1.000000,0.196167,1.000000,964.8,0.001000
195200,0.772469,0.902422,0.830647,0.869751,965.3,0.001000
195300,0.151220,1.000000,0.163881,1.000000,965.8,0.001000
195400,0.237998,1.000000,0.259254,1.000000,966.3,0.001000
195500,0.140258,1.000000,0.148779,1.000000,966.7,0.001000
195600,0.226661,1.000000,0.248759,1.000000,967.3,0.001000
195700,0.153610,1.000000,0.165613,1.000000,967.8,0.001000
195800,0.396829,1.000000,0.443760,0.995018,968.3,0.001000
195900,0.158438,1.000000,0.171157,1.000000,968.8,0.001000
196000,0.319460,1.000000,0.339970,0.999288,969.3,0.001000
196100,0.219389,1.000000,0.237112,1.000000,969.8,0.001000
196200,0.150961,1.000000,0.162855,1.000000,970.3,0.001000
196300,0.546901,0.989316,0.601820,0.979359,970.8,0.001000
196400,0.148184,1.000000,0.157381,1.000000,971.2,0.001000
196500,0.471357,0.997863,0.507463,0.998577,971.7,0.001000
196600,0.153847,1.000000,0.167201,1.000000,972.2,0.001000
196700,0.424102,0.997863,0.460527,0.997153,972.7,0.001000
196800,0.144079,1.000000,0.156244,1.000000,973.2,0.001000
196900,0.479379,0.986467,0.516434,0.972954,973.7,0.001000
197000,0.157074,1.000000,0.170218,1.000000,974.2,0.001000
197100,0.163015,1.000000,0.171452,1.000000,974.7,0.001000
197200,0.157728,1.000000,0.167557,1.000000,975.2,0.001000
197300,0.158693,1.000000,0.168897,1.000000,975.7,0.001000
197400,0.392120,1.000000,0.433911,0.998577,976.2,0.001000
197500,0.142553,1.000000,0.153595,1.000000,976.7,0.001000
197600,0.463946,0.980057,0.494739,0.981495,977.2,0.001000
197700,0.172117,1.000000,0.190331,1.000000,977.7,0.001000
197800,0.314474,1.000000,0.336812,1.000000,978.2,0.001000
197900,0.304991,1.000000,0.335613,0.998577,978.6,0.001000
198000,0.150603,1.000000,0.161577,1.000000,979.1,0.001000
198100,0.467488,0.992165,0.505044,0.990036,979.6,0.001000
198200,0.148130,1.000000,0.160491,1.000000,980.1,0.001000
198300,0.234754,1.000000,0.249610,1.000000,980.6,0.001000
198400,0.212170,1.000000,0.235675,1.000000,981.1,0.001000
198500,0.179392,1.000000,0.195497,1.000000,981.6,0.001000
198600,0.457927,0.984330,0.502307,0.971530,982.1,0.001000
198700,0.182871,1.000000,0.200936,1.000000,982.6,0.001000
198800,0.153819,1.000000,0.163407,1.000000,983.1,0.001000
198900,0.169532,1.000000,0.178320,1.000000,983.6,0.001000
199000,0.280526,1.000000,0.307467,0.997865,984.1,0.001000
199100,0.161514,1.000000,0.173559,1.000000,984.6,0.001000
199200,0.159195,1.000000,0.169118,1.000000,985.0,0.001000
199300,0.553893,0.985043,0.609813,0.972954,985.5,0.001000
199400,0.161111,1.000000,0.172750,1.000000,986.0,0.001000
199500,0.153231,1.000000,0.164296,1.000000,986.5,0.001000
199600,0.167601,1.000000,0.178436,1.000000,987.0,0.001000
199700,0.200220,1.000000,0.216842,1.000000,987.5,0.001000
199800,0.159605,1.000000,0.170353,1.000000,988.0,0.001000
199900,0.485570,1.000000,0.531080,0.997153,988.5,0.001000
