step,train_loss,train_acc,test_loss,test_acc,elapsed_sec,lr
0,4.654788,0.017094,4.586753,0.024199,0.0,0.000020
100,3.284902,0.208689,4.940684,0.009964,0.5,0.001000
200,0.563694,0.977208,3.300823,0.455516,1.0,0.001000
300,0.133123,1.000000,2.737390,0.481851,1.5,0.001000
400,0.170819,1.000000,2.714901,0.481851,2.0,0.001000
500,0.133674,1.000000,2.545291,0.483274,2.5,0.001000
600,0.200672,1.000000,2.371724,0.484698,3.0,0.001000
700,0.225669,1.000000,2.172970,0.489680,3.5,0.001000
800,0.196863,1.000000,1.863292,0.523843,4.0,0.001000
900,0.204987,1.000000,1.406248,0.639858,4.5,0.001000
1000,0.099345,1.000000,0.506859,0.909609,5.0,0.001000
1100,0.062558,1.000000,0.166409,0.995730,5.5,0.001000
1200,0.080476,1.000000,0.118382,1.000000,6.0,0.001000
1300,0.103368,1.000000,0.125374,1.000000,6.5,0.001000
1400,0.402559,1.000000,0.462617,0.998577,7.0,0.001000
1500,0.118181,1.000000,0.131177,1.000000,7.5,0.001000
1600,0.199287,1.000000,0.223919,1.000000,8.0,0.001000
1700,0.116593,1.000000,0.128051,1.000000,8.5,0.001000
1800,0.915903,0.877493,0.960124,0.880427,9.1,0.001000
1900,0.290213,1.000000,0.320769,1.000000,9.6,0.001000
2000,0.143675,1.000000,0.155653,1.000000,10.0,0.001000
2100,1.604695,0.653846,1.715829,0.622064,10.5,0.001000
2200,0.412365,0.994302,0.458726,0.990747,11.0,0.001000
2300,0.171596,1.000000,0.188165,1.000000,11.5,0.001000
2400,0.437510,0.992165,0.497389,0.977936,12.0,0.001000
2500,0.143241,1.000000,0.154146,1.000000,12.5,0.001000
2600,0.850866,0.886040,0.920905,0.858363,13.0,0.001000
2700,0.332448,0.996439,0.367639,0.996441,13.5,0.001000
2800,0.159608,1.000000,0.176601,1.000000,14.0,0.001000
2900,0.185996,1.000000,0.211454,1.000000,14.5,0.001000
3000,0.166342,1.000000,0.180733,1.000000,15.0,0.001000
3100,0.163488,1.000000,0.179255,1.000000,15.5,0.001000
3200,0.291678,1.000000,0.325172,0.999288,16.0,0.001000
3300,0.163908,1.000000,0.176941,1.000000,16.5,0.001000
3400,0.385108,1.000000,0.434646,0.991459,17.0,0.001000
3500,0.177385,1.000000,0.198815,1.000000,17.5,0.001000
3600,0.161417,1.000000,0.176612,1.000000,18.0,0.001000
3700,0.176977,1.000000,0.196254,1.000000,18.5,0.001000
3800,0.188249,1.000000,0.215663,1.000000,19.0,0.001000
3900,0.471015,0.978632,0.512132,0.963701,19.5,0.001000
4000,0.177803,1.000000,0.204519,1.000000,20.0,0.001000
4100,0.633242,0.935185,0.700741,0.889680,20.5,0.001000
4200,0.292479,0.999288,0.331089,0.999288,21.0,0.001000
4300,0.134041,1.000000,0.149616,1.000000,21.5,0.001000
4400,1.379365,0.700142,1.526099,0.642705,22.0,0.001000
4500,0.255571,0.999288,0.297388,0.997153,22.5,0.001000
4600,0.143684,1.000000,0.156989,1.000000,23.0,0.001000
4700,0.169729,1.000000,0.192145,1.000000,23.5,0.001000
4800,0.159040,1.000000,0.175568,1.000000,24.0,0.001000
4900,0.420550,0.977920,0.476131,0.967972,24.5,0.001000
5000,0.132585,1.000000,0.150985,1.000000,25.0,0.001000
5100,0.155584,1.000000,0.182380,0.997865,25.5,0.001000
5200,0.170044,1.000000,0.192407,1.000000,26.0,0.001000
5300,0.168970,1.000000,0.185609,1.000000,26.5,0.001000
5400,1.392454,0.688034,1.440431,0.688256,27.0,0.001000
5500,0.123790,1.000000,0.141333,1.000000,27.4,0.001000
5600,0.138741,1.000000,0.154638,1.000000,27.9,0.001000
5700,0.156553,1.000000,0.178207,1.000000,28.4,0.001000
5800,0.147308,1.000000,0.162077,1.000000,28.9,0.001000
5900,0.142714,1.000000,0.164502,1.000000,29.4,0.001000
6000,0.137379,1.000000,0.153805,1.000000,30.0,0.001000
6100,0.838725,0.920228,0.952673,0.876868,30.4,0.001000
6200,0.216833,1.000000,0.252138,0.997153,30.9,0.001000
6300,0.139124,1.000000,0.158563,1.000000,31.4,0.001000
6400,0.141685,1.000000,0.161757,1.000000,31.9,0.001000
6500,0.141711,1.000000,0.159150,1.000000,32.4,0.001000
6600,0.556942,0.976496,0.631504,0.948754,32.9,0.001000
6700,0.149879,1.000000,0.173716,0.999288,33.4,0.001000
6800,1.062746,0.777066,1.128953,0.743772,33.9,0.001000
6900,0.171654,0.999288,0.198153,0.998577,34.4,0.001000
7000,0.437216,0.997151,0.496139,0.991459,34.9,0.001000
7100,0.151060,1.000000,0.171473,1.000000,35.3,0.001000
7200,0.180214,1.000000,0.203812,1.000000,35.8,0.001000
7300,0.176305,1.000000,0.192703,1.000000,36.3,0.001000
7400,0.561715,0.990029,0.639156,0.975089,36.8,0.001000
7500,0.151726,1.000000,0.172701,1.000000,37.3,0.001000
7600,0.130157,1.000000,0.149248,1.000000,37.8,0.001000
7700,0.140267,1.000000,0.154779,1.000000,38.3,0.001000
7800,0.132593,1.000000,0.148066,1.000000,38.8,0.001000
7900,0.368443,0.987892,0.415614,0.972242,39.3,0.001000
8000,0.133628,1.000000,0.148037,1.000000,39.8,0.001000
8100,0.123693,1.000000,0.140124,1.000000,40.3,0.001000
8200,1.403947,0.712251,1.503220,0.659786,40.8,0.001000
8300,0.236077,1.000000,0.273863,0.997865,41.3,0.001000
8400,0.226576,0.999288,0.254106,0.993594,41.8,0.001000
8500,0.126826,1.000000,0.142670,1.000000,42.3,0.001000
8600,0.129332,1.000000,0.144738,1.000000,42.8,0.001000
8700,1.336269,0.755698,1.449197,0.716726,43.3,0.001000
8800,0.255743,0.997863,0.288281,0.997153,43.8,0.001000
8900,0.124901,1.000000,0.136271,1.000000,44.3,0.001000
9000,0.146588,1.000000,0.163345,1.000000,44.8,0.001000
9100,0.129558,1.000000,0.146019,1.000000,45.3,0.001000
9200,0.251500,1.000000,0.292759,0.992171,45.8,0.001000
9300,1.209481,0.832621,1.289163,0.808541,46.3,0.001000
9400,0.136908,1.000000,0.153117,1.000000,46.8,0.001000
9500,0.214120,1.000000,0.247770,0.998577,47.3,0.001000
9600,0.134968,1.000000,0.151608,1.000000,47.8,0.001000
9700,0.130559,1.000000,0.151078,1.000000,48.3,0.001000
9800,2.429324,0.358974,2.583061,0.316726,48.8,0.001000
9900,0.267506,1.000000,0.311579,0.999288,49.3,0.001000
10000,0.172004,1.000000,0.194831,1.000000,49.8,0.001000
10100,0.169326,1.000000,0.187282,1.000000,50.3,0.001000
10200,0.158608,1.000000,0.181828,1.000000,50.8,0.001000
10300,0.144643,1.000000,0.162237,1.000000,51.3,0.001000
10400,0.211704,0.999288,0.244787,0.994306,51.8,0.001000
10500,0.199136,1.000000,0.230373,1.000000,52.3,0.001000
10600,0.249834,1.000000,0.292569,0.997865,52.8,0.001000
10700,0.565023,0.989316,0.653108,0.970107,53.3,0.001000
10800,0.154923,1.000000,0.179499,1.000000,53.8,0.001000
10900,0.179788,1.000000,0.200430,1.000000,54.3,0.001000
11000,0.204416,1.000000,0.237610,1.000000,54.8,0.001000
11100,0.159033,1.000000,0.179948,1.000000,55.3,0.001000
11200,0.868462,0.948006,0.991465,0.908897,55.8,0.001000
11300,0.185295,1.000000,0.217988,1.000000,56.3,0.001000
11400,0.141884,1.000000,0.158669,1.000000,56.7,0.001000
11500,0.131884,1.000000,0.150962,1.000000,57.2,0.001000
11600,0.144773,1.000000,0.160571,1.000000,57.7,0.001000
11700,0.329954,0.999288,0.379380,0.989324,58.2,0.001000
11800,0.742282,0.952279,0.785076,0.947331,58.7,0.001000
11900,0.148947,1.000000,0.167413,1.000000,59.2,0.001000
12000,0.158584,1.000000,0.174343,1.000000,59.7,0.001000
12100,0.188296,1.000000,0.215581,1.000000,60.2,0.001000
12200,0.136741,1.000000,0.157182,1.000000,60.7,0.001000
12300,0.216423,1.000000,0.238094,1.000000,61.2,0.001000
12400,0.258526,1.000000,0.300915,0.998577,61.7,0.001000
12500,0.155050,1.000000,0.171219,1.000000,62.2,0.001000
12600,0.145303,1.000000,0.163349,1.000000,62.7,0.001000
12700,2.127977,0.446581,2.166533,0.418505,63.1,0.001000
12800,0.374949,0.987892,0.431227,0.971530,63.6,0.001000
12900,0.148277,1.000000,0.172936,1.000000,64.1,0.001000
13000,0.506302,0.975783,0.563664,0.962278,64.6,0.001000
13100,0.172744,1.000000,0.195030,1.000000,65.1,0.001000
13200,0.166820,1.000000,0.183609,1.000000,65.6,0.001000
13300,0.372704,0.998576,0.423606,0.995730,66.1,0.001000
13400,0.163328,1.000000,0.181332,1.000000,66.6,0.001000
13500,0.196789,0.999288,0.224769,0.998577,67.1,0.001000
13600,0.525368,0.963675,0.625176,0.928826,67.6,0.001000
13700,0.133084,1.000000,0.152679,1.000000,68.1,0.001000
13800,1.319955,0.648860,1.432226,0.617082,68.6,0.001000
13900,0.159099,1.000000,0.181021,1.000000,69.1,0.001000
14000,0.213597,1.000000,0.245827,0.998577,69.6,0.001000
14100,0.389584,0.997863,0.458850,0.991459,70.1,0.001000
14200,0.185103,1.000000,0.216152,0.997153,70.5,0.001000
14300,0.154646,1.000000,0.171248,1.000000,71.0,0.001000
14400,0.144635,1.000000,0.160497,1.000000,71.5,0.001000
14500,0.282669,1.000000,0.331303,0.997153,72.0,0.001000
14600,0.534434,0.965812,0.622858,0.937367,72.5,0.001000
14700,0.232854,1.000000,0.274393,0.999288,72.9,0.001000
14800,0.161826,1.000000,0.178468,1.000000,73.4,0.001000
14900,0.214492,1.000000,0.253335,0.997153,73.9,0.001000
15000,0.138970,1.000000,0.154278,1.000000,74.4,0.001000
15100,0.171323,1.000000,0.199636,0.999288,74.9,0.001000
15200,0.151527,1.000000,0.168667,1.000000,75.4,0.001000
15300,0.158969,1.000000,0.188086,0.998577,75.9,0.001000
15400,0.124202,1.000000,0.141773,1.000000,76.4,0.001000
15500,0.598881,0.950855,0.688868,0.911744,76.9,0.001000
15600,0.222505,1.000000,0.262581,1.000000,77.4,0.001000
15700,0.383417,0.990741,0.427669,0.976512,77.9,0.001000
15800,0.155240,1.000000,0.178360,1.000000,78.4,0.001000
15900,1.321882,0.754986,1.372298,0.738790,78.9,0.001000
16000,0.144090,1.000000,0.166653,1.000000,79.4,0.001000
16100,0.146317,1.000000,0.164728,1.000000,79.9,0.001000
16200,0.262366,0.997863,0.310996,0.986477,80.4,0.001000
16300,0.166380,1.000000,0.191339,1.000000,80.9,0.001000
16400,0.160615,1.000000,0.178009,1.000000,81.4,0.001000
16500,0.154163,1.000000,0.177220,0.999288,81.9,0.001000
16600,0.188208,1.000000,0.219949,1.000000,82.4,0.001000
16700,0.191648,1.000000,0.216286,1.000000,82.9,0.001000
16800,0.185288,1.000000,0.216074,1.000000,83.4,0.001000
16900,0.138350,1.000000,0.156495,1.000000,83.9,0.001000
17000,0.490821,0.982194,0.576799,0.962278,84.4,0.001000
17100,0.216045,1.000000,0.245699,0.998577,84.9,0.001000
17200,0.201580,1.000000,0.240100,0.999288,85.4,0.001000
17300,0.148023,1.000000,0.165194,1.000000,85.9,0.001000
17400,0.152387,1.000000,0.170075,1.000000,86.4,0.001000
17500,0.139405,1.000000,0.161009,1.000000,86.9,0.001000
17600,0.514610,0.966524,0.588432,0.938078,87.4,0.001000
17700,0.130543,1.000000,0.149309,1.000000,87.9,0.001000
17800,2.687536,0.281339,2.739635,0.268327,88.4,0.001000
17900,0.250495,0.999288,0.291792,1.000000,88.9,0.001000
18000,0.151632,1.000000,0.170949,1.000000,89.4,0.001000
18100,0.139183,1.000000,0.158450,1.000000,89.9,0.001000
18200,0.599424,0.961538,0.672067,0.938790,90.4,0.001000
18300,0.144080,1.000000,0.163162,1.000000,90.9,0.001000
18400,1.025820,0.712963,1.044960,0.711032,91.3,0.001000
18500,0.160099,1.000000,0.181022,1.000000,91.8,0.001000
18600,0.131263,1.000000,0.149129,1.000000,92.3,0.001000
18700,1.712429,0.641026,1.757140,0.626335,92.8,0.001000
18800,0.135292,1.000000,0.156324,1.000000,93.3,0.001000
18900,0.208016,1.000000,0.241598,1.000000,93.8,0.001000
19000,0.173796,1.000000,0.199505,1.000000,94.3,0.001000
19100,0.164135,1.000000,0.182768,1.000000,94.8,0.001000
19200,0.157030,1.000000,0.180914,1.000000,95.3,0.001000
19300,0.169439,1.000000,0.197343,1.000000,95.8,0.001000
19400,0.132694,1.000000,0.151613,1.000000,96.3,0.001000
19500,0.302838,0.999288,0.341763,0.995730,96.8,0.001000
19600,0.166816,1.000000,0.197575,0.997153,97.3,0.001000
19700,0.140517,1.000000,0.154987,1.000000,97.8,0.001000
19800,0.367084,0.997151,0.427703,0.980783,98.3,0.001000
19900,0.297091,0.999288,0.348674,0.995018,98.8,0.001000
20000,0.122973,1.000000,0.139823,1.000000,99.3,0.001000
20100,0.281271,0.998576,0.337641,0.995018,99.8,0.001000
20200,0.166928,1.000000,0.193048,1.000000,100.3,0.001000
20300,0.191949,1.000000,0.223160,0.999288,100.8,0.001000
20400,0.131179,1.000000,0.148212,1.000000,101.3,0.001000
20500,0.156989,1.000000,0.174355,1.000000,101.7,0.001000
20600,0.763512,0.917379,0.827617,0.896085,102.2,0.001000
20700,0.137530,1.000000,0.155784,1.000000,102.7,0.001000
20800,0.382291,0.991453,0.450103,0.983630,103.2,0.001000
20900,0.381235,0.992165,0.434357,0.985765,103.7,0.001000
21000,0.212932,1.000000,0.256774,1.000000,104.2,0.001000
21100,0.151585,1.000000,0.173300,1.000000,104.7,0.001000
21200,0.348618,0.997151,0.402672,0.990747,105.2,0.001000
21300,1.181151,0.678775,1.314911,0.632740,105.7,0.001000
21400,0.777479,0.941595,0.846592,0.918861,106.2,0.001000
21500,0.157710,1.000000,0.185925,1.000000,106.7,0.001000
21600,0.152567,1.000000,0.169424,1.000000,107.1,0.001000
21700,0.194539,1.000000,0.227800,1.000000,107.6,0.001000
21800,0.139551,1.000000,0.158041,1.000000,108.1,0.001000
21900,0.160074,1.000000,0.186490,1.000000,108.6,0.001000
22000,0.186643,1.000000,0.218861,1.000000,109.1,0.001000
22100,0.154275,1.000000,0.173067,1.000000,109.6,0.001000
22200,0.150801,1.000000,0.173152,1.000000,110.2,0.001000
22300,0.157816,1.000000,0.176682,1.000000,110.7,0.001000
22400,0.138171,1.000000,0.154505,1.000000,111.2,0.001000
22500,0.853887,0.900285,0.923187,0.874021,111.7,0.001000
22600,0.150357,1.000000,0.168115,1.000000,112.2,0.001000
22700,0.747001,0.906695,0.833580,0.854093,112.7,0.001000
22800,1.546738,0.554131,1.729613,0.496085,113.2,0.001000
22900,0.351272,0.995014,0.401172,0.985053,113.7,0.001000
23000,0.137607,1.000000,0.155377,1.000000,114.2,0.001000
23100,0.142329,1.000000,0.158283,1.000000,114.7,0.001000
23200,0.885788,0.891738,0.967846,0.854093,115.2,0.001000
23300,0.136700,1.000000,0.156064,1.000000,115.7,0.001000
23400,0.211824,0.999288,0.250112,0.996441,116.1,0.001000
23500,0.140396,1.000000,0.159875,1.000000,116.6,0.001000
23600,0.141189,1.000000,0.157485,1.000000,117.1,0.001000
23700,0.274175,0.996439,0.321828,0.995018,117.6,0.001000
23800,0.218774,1.000000,0.256535,0.995730,118.1,0.001000
23900,0.150987,1.000000,0.177340,1.000000,118.6,0.001000
24000,0.140663,1.000000,0.157321,1.000000,119.1,0.001000
24100,1.593409,0.514245,1.744832,0.448399,119.6,0.001000
24200,0.150458,1.000000,0.172913,1.000000,120.1,0.001000
24300,0.288331,0.998576,0.339453,0.993594,120.6,0.001000
24400,0.142959,1.000000,0.159940,1.000000,121.0,0.001000
24500,0.522659,0.992165,0.599025,0.972242,121.5,0.001000
24600,0.158076,1.000000,0.175666,1.000000,122.1,0.001000
24700,0.147295,1.000000,0.166042,1.000000,122.5,0.001000
24800,0.163499,1.000000,0.195141,1.000000,123.0,0.001000
24900,0.133393,1.000000,0.152328,1.000000,123.5,0.001000
25000,0.136932,1.000000,0.157365,1.000000,124.0,0.001000
25100,0.313297,0.991453,0.347930,0.985053,124.5,0.001000
25200,0.141461,1.000000,0.160180,1.000000,125.0,0.001000
25300,0.157890,1.000000,0.175191,1.000000,125.5,0.001000
25400,0.374627,0.997151,0.430078,0.995018,126.0,0.001000
25500,0.145775,1.000000,0.168101,1.000000,126.5,0.001000
25600,0.154297,1.000000,0.181182,1.000000,126.9,0.001000
25700,0.492607,0.952991,0.595373,0.920285,127.4,0.001000
25800,0.252855,1.000000,0.295434,1.000000,127.9,0.001000
25900,0.197430,1.000000,0.228951,1.000000,128.4,0.001000
26000,0.156619,1.000000,0.175102,1.000000,128.9,0.001000
26100,0.182965,1.000000,0.210652,1.000000,129.4,0.001000
26200,0.173982,1.000000,0.203251,0.999288,129.9,0.001000
26300,0.136978,1.000000,0.160501,1.000000,130.4,0.001000
26400,0.137159,1.000000,0.152093,1.000000,130.9,0.001000
26500,0.142868,1.000000,0.160984,1.000000,131.4,0.001000
26600,1.076158,0.809117,1.173290,0.765125,131.9,0.001000
26700,0.207656,1.000000,0.244267,0.995018,132.4,0.001000
26800,0.158280,1.000000,0.180916,1.000000,132.9,0.001000
26900,0.206134,1.000000,0.226110,1.000000,133.4,0.001000
27000,0.205415,1.000000,0.246439,0.996441,133.9,0.001000
27100,0.253422,1.000000,0.288019,0.995730,134.4,0.001000
27200,0.210741,1.000000,0.239766,0.999288,134.9,0.001000
27300,0.155936,1.000000,0.175430,1.000000,135.3,0.001000
27400,0.274076,1.000000,0.312815,0.999288,135.9,0.001000
27500,0.349390,0.995014,0.406496,0.986477,136.3,0.001000
27600,0.153739,1.000000,0.180785,1.000000,136.8,0.001000
27700,0.146186,1.000000,0.172593,0.999288,137.3,0.001000
27800,0.539870,0.981481,0.591646,0.967260,137.8,0.001000
27900,0.142050,1.000000,0.163072,1.000000,138.3,0.001000
28000,0.131745,1.000000,0.148722,1.000000,138.8,0.001000
28100,0.328251,1.000000,0.384016,0.993594,139.3,0.001000
28200,0.967325,0.901709,1.103142,0.832740,139.8,0.001000
28300,0.189219,1.000000,0.217179,0.999288,140.3,0.001000
28400,3.577614,0.182336,3.582512,0.160142,140.8,0.001000
28500,0.269113,1.000000,0.311025,0.998577,141.3,0.001000
28600,0.137905,1.000000,0.154850,1.000000,141.9,0.001000
28700,0.433698,0.997151,0.509147,0.977936,142.3,0.001000
28800,0.164383,1.000000,0.190898,1.000000,142.8,0.001000
28900,0.129919,1.000000,0.144801,1.000000,143.3,0.001000
29000,0.124802,1.000000,0.140588,1.000000,143.8,0.001000
29100,1.133518,0.703704,1.241682,0.653381,144.3,0.001000
29200,0.304257,0.999288,0.353891,0.998577,144.8,0.001000
29300,0.143757,1.000000,0.163421,1.000000,145.3,0.001000
29400,0.665605,0.907407,0.731375,0.893950,145.8,0.001000
29500,0.168000,1.000000,0.194933,1.000000,146.3,0.001000
29600,0.139692,1.000000,0.155430,1.000000,146.8,0.001000
29700,0.148182,1.000000,0.166140,1.000000,147.3,0.001000
29800,0.444634,0.985755,0.529017,0.960854,147.8,0.001000
29900,0.161035,1.000000,0.189118,1.000000,148.3,0.001000
30000,0.157065,1.000000,0.183689,1.000000,148.8,0.001000
30100,0.147807,1.000000,0.165392,1.000000,149.3,0.001000
30200,0.344907,0.996439,0.400353,0.989324,149.7,0.001000
30300,0.131771,1.000000,0.148526,1.000000,150.2,0.001000
30400,0.129291,1.000000,0.148164,1.000000,150.7,0.001000
30500,0.138686,1.000000,0.154640,1.000000,151.2,0.001000
30600,0.300719,1.000000,0.332516,1.000000,151.7,0.001000
30700,0.143568,1.000000,0.161381,1.000000,152.2,0.001000
30800,0.188024,1.000000,0.219370,0.997153,152.8,0.001000
30900,0.915826,0.841168,0.995526,0.807117,153.3,0.001000
31000,0.157338,1.000000,0.188070,0.999288,153.9,0.001000
31100,0.146870,1.000000,0.166457,1.000000,154.4,0.001000
31200,0.165213,1.000000,0.183347,1.000000,154.9,0.001000
31300,0.460026,0.965812,0.518999,0.951601,155.4,0.001000
31400,1.993620,0.419516,2.069921,0.409964,155.9,0.001000
31500,0.471190,0.986467,0.552312,0.965836,156.4,0.001000
31600,0.464113,0.984330,0.528885,0.965836,156.9,0.001000
31700,0.131413,1.000000,0.150187,1.000000,157.4,0.001000
31800,0.260869,0.999288,0.294644,0.997153,157.9,0.001000
31900,0.150253,1.000000,0.169139,1.000000,158.4,0.001000
32000,0.150756,1.000000,0.166198,1.000000,158.9,0.001000
32100,0.158923,1.000000,0.178516,1.000000,159.3,0.001000
32200,0.150667,1.000000,0.164822,1.000000,159.8,0.001000
32300,0.141194,1.000000,0.163385,1.000000,160.3,0.001000
32400,0.143542,1.000000,0.164206,1.000000,160.8,0.001000
32500,0.138324,1.000000,0.152282,1.000000,161.3,0.001000
32600,0.160766,1.000000,0.174592,1.000000,161.8,0.001000
32700,0.229308,1.000000,0.260645,0.996441,162.3,0.001000
32800,0.373707,0.985043,0.432453,0.969395,162.8,0.001000
32900,0.172820,1.000000,0.203077,1.000000,163.3,0.001000
33000,0.142974,1.000000,0.159436,1.000000,163.8,0.001000
33100,0.435575,0.980057,0.486949,0.965836,164.3,0.001000
33200,0.483240,0.954416,0.587754,0.908897,164.8,0.001000
33300,0.417883,0.989316,0.487026,0.969395,165.3,0.001000
33400,0.177159,1.000000,0.207597,0.998577,165.8,0.001000
33500,0.185946,1.000000,0.214710,1.000000,166.2,0.001000
33600,0.143042,1.000000,0.156782,1.000000,166.7,0.001000
33700,0.173695,1.000000,0.198589,1.000000,167.2,0.001000
33800,0.133532,1.000000,0.147971,1.000000,167.7,0.001000
33900,0.139416,1.000000,0.152491,1.000000,168.2,0.001000
34000,0.845008,0.831197,0.931053,0.791459,168.7,0.001000
34100,0.147790,1.000000,0.168336,1.000000,169.2,0.001000
34200,0.134541,1.000000,0.153173,1.000000,169.7,0.001000
34300,0.171972,1.000000,0.197786,0.999288,170.2,0.001000
34400,0.139284,1.000000,0.153480,1.000000,170.7,0.001000
34500,1.670403,0.573362,1.768798,0.530961,171.2,0.001000
34600,0.187989,1.000000,0.218438,0.999288,171.7,0.001000
34700,0.228864,1.000000,0.257491,0.999288,172.2,0.001000
34800,0.135954,1.000000,0.154058,1.000000,172.7,0.001000
34900,0.144729,1.000000,0.158429,1.000000,173.2,0.001000
35000,0.624404,0.977920,0.713680,0.956584,173.7,0.001000
35100,0.157995,1.000000,0.178189,1.000000,174.2,0.001000
35200,0.169480,1.000000,0.196107,1.000000,174.7,0.001000
35300,0.162806,1.000000,0.183190,1.000000,175.1,0.001000
35400,0.177792,1.000000,0.193364,1.000000,175.6,0.001000
35500,0.146086,1.000000,0.164124,1.000000,176.1,0.001000
35600,0.158263,1.000000,0.183725,1.000000,176.6,0.001000
35700,0.140455,1.000000,0.154614,1.000000,177.1,0.001000
35800,0.122626,1.000000,0.136464,1.000000,177.6,0.001000
35900,0.245083,1.000000,0.284667,1.000000,178.1,0.001000
36000,0.147388,1.000000,0.167887,1.000000,178.6,0.001000
36100,0.151874,1.000000,0.168571,1.000000,179.1,0.001000
36200,0.189239,1.000000,0.220639,0.996441,179.6,0.001000
36300,0.568708,0.977920,0.663026,0.943061,180.1,0.001000
36400,0.149981,1.000000,0.168070,1.000000,180.6,0.001000
36500,0.145940,1.000000,0.161042,1.000000,181.1,0.001000
36600,0.371294,0.998576,0.425308,0.989324,181.6,0.001000
36700,0.139976,1.000000,0.156546,1.000000,182.1,0.001000
36800,0.137077,1.000000,0.156204,1.000000,182.6,0.001000
36900,0.131896,1.000000,0.149103,1.000000,183.1,0.001000
37000,0.341467,0.998576,0.391282,0.994306,183.7,0.001000
37100,0.143027,1.000000,0.159139,1.000000,184.1,0.001000
37200,0.230019,0.998576,0.272178,0.991459,184.6,0.001000
37300,0.133191,1.000000,0.148128,1.000000,185.1,0.001000
37400,0.145006,1.000000,0.159785,1.000000,185.6,0.001000
37500,0.231718,1.000000,0.272279,0.997153,186.1,0.001000
37600,0.785802,0.861111,0.847442,0.836299,186.6,0.001000
37700,0.118409,1.000000,0.134568,1.000000,187.1,0.001000
37800,0.117867,1.000000,0.134399,1.000000,187.6,0.001000
37900,0.130063,1.000000,0.145302,1.000000,188.1,0.001000
38000,0.247128,1.000000,0.283008,0.997865,188.6,0.001000
38100,0.379162,0.997863,0.440720,0.987189,189.1,0.001000
38200,0.259805,1.000000,0.290554,1.000000,189.6,0.001000
38300,0.128898,1.000000,0.144040,1.000000,190.1,0.001000
38400,0.384802,0.992165,0.454035,0.987189,190.6,0.001000
38500,0.227860,1.000000,0.268937,0.999288,191.1,0.001000
38600,0.142362,1.000000,0.158028,1.000000,191.6,0.001000
38700,0.276050,1.000000,0.323753,0.997865,192.0,0.001000
38800,0.193998,1.000000,0.224720,1.000000,192.6,0.001000
38900,0.127218,1.000000,0.141319,1.000000,193.0,0.001000
39000,0.124350,1.000000,0.139309,1.000000,193.5,0.001000
39100,0.138431,1.000000,0.149327,1.000000,194.0,0.001000
39200,0.600523,0.978632,0.670512,0.947331,194.5,0.001000
39300,0.141052,1.000000,0.155927,1.000000,195.0,0.001000
39400,0.305402,1.000000,0.341990,1.000000,195.5,0.001000
39500,0.154863,1.000000,0.175884,1.000000,196.0,0.001000
39600,0.137503,1.000000,0.155363,1.000000,196.5,0.001000
39700,0.147907,1.000000,0.161268,1.000000,197.0,0.001000
39800,0.184821,1.000000,0.208037,1.000000,197.5,0.001000
39900,0.201770,0.999288,0.235388,0.995730,198.0,0.001000
40000,0.118812,1.000000,0.132734,1.000000,198.5,0.001000
40100,0.216670,0.998576,0.251118,0.997865,199.0,0.001000
40200,1.251343,0.829060,1.322175,0.818505,199.5,0.001000
40300,0.189063,1.000000,0.222887,1.000000,200.0,0.001000
40400,0.331200,0.997863,0.383341,0.987900,200.5,0.001000
40500,0.128510,1.000000,0.144708,1.000000,201.0,0.001000
40600,0.134868,1.000000,0.147007,1.000000,201.5,0.001000
40700,0.215740,0.999288,0.248525,0.995018,202.0,0.001000
40800,0.791219,0.908120,0.887672,0.872598,202.5,0.001000
40900,0.194645,1.000000,0.219015,1.000000,203.0,0.001000
41000,0.132656,1.000000,0.145625,1.000000,203.5,0.001000
41100,0.258094,1.000000,0.305166,0.990036,204.0,0.001000
41200,0.198879,1.000000,0.231658,1.000000,204.5,0.001000
41300,0.121223,1.000000,0.134739,1.000000,205.0,0.001000
41400,0.128295,1.000000,0.145797,1.000000,205.5,0.001000
41500,0.134292,1.000000,0.146349,1.000000,206.0,0.001000
41600,0.162224,1.000000,0.173962,1.000000,206.5,0.001000
41700,0.656140,0.967236,0.728098,0.943772,207.0,0.001000
41800,0.149991,1.000000,0.163161,1.000000,207.5,0.001000
41900,0.217236,1.000000,0.253321,1.000000,208.0,0.001000
42000,0.144462,1.000000,0.161517,1.000000,208.5,0.001000
42100,0.149311,1.000000,0.161933,1.000000,209.0,0.001000
42200,0.131538,1.000000,0.146027,1.000000,209.5,0.001000
42300,0.148703,1.000000,0.161116,1.000000,210.0,0.001000
42400,0.303429,0.998576,0.349890,0.993594,210.5,0.001000
42500,0.261581,0.997863,0.302820,0.992171,211.0,0.001000
42600,0.166140,1.000000,0.192737,1.000000,211.5,0.001000
42700,0.143089,1.000000,0.156473,1.000000,212.0,0.001000
42800,0.138009,1.000000,0.152129,1.000000,212.5,0.001000
42900,0.137836,1.000000,0.150337,1.000000,213.0,0.001000
43000,0.311385,1.000000,0.353473,0.996441,213.5,0.001000
43100,0.132772,1.000000,0.142633,1.000000,214.0,0.001000
43200,0.724374,0.933761,0.783506,0.916726,214.5,0.001000
43300,0.125753,1.000000,0.138063,1.000000,215.0,0.001000
43400,0.287590,1.000000,0.327493,0.998577,215.5,0.001000
43500,0.141381,1.000000,0.158307,1.000000,216.0,0.001000
43600,0.140344,1.000000,0.152032,1.000000,216.5,0.001000
43700,0.132348,1.000000,0.147223,1.000000,217.0,0.001000
43800,0.128429,1.000000,0.148038,1.000000,217.5,0.001000
43900,0.298849,0.992877,0.336866,0.985053,218.0,0.001000
44000,0.144852,1.000000,0.166616,1.000000,218.5,0.001000
44100,0.124778,1.000000,0.138387,1.000000,218.9,0.001000
44200,0.270570,0.999288,0.299813,0.996441,219.4,0.001000
44300,0.127070,1.000000,0.143186,1.000000,219.9,0.001000
44400,0.147215,1.000000,0.166847,1.000000,220.4,0.001000
44500,0.446537,0.988604,0.502875,0.980783,220.9,0.001000
44600,0.130542,1.000000,0.142688,1.000000,221.4,0.001000
44700,0.665383,0.925926,0.749548,0.888256,221.9,0.001000
44800,0.126750,1.000000,0.139957,1.000000,222.4,0.001000
44900,0.213601,1.000000,0.244176,0.997153,222.9,0.001000
45000,0.134982,1.000000,0.149819,1.000000,223.4,0.001000
45100,0.131002,1.000000,0.149492,1.000000,223.9,0.001000
45200,0.146215,1.000000,0.158784,1.000000,224.4,0.001000
45300,0.251492,0.998576,0.293935,0.992171,224.9,0.001000
45400,0.138352,1.000000,0.156480,1.000000,225.4,0.001000
45500,0.120208,1.000000,0.134427,1.000000,225.8,0.001000
45600,0.141086,1.000000,0.153806,1.000000,226.3,0.001000
45700,0.919417,0.845442,1.003381,0.812811,226.8,0.001000
45800,0.238602,1.000000,0.269967,1.000000,227.3,0.001000
45900,0.348536,0.989316,0.384093,0.980783,227.8,0.001000
46000,0.115025,1.000000,0.128046,1.000000,228.3,0.001000
46100,0.489097,0.988604,0.549443,0.985765,228.8,0.001000
46200,0.163007,1.000000,0.186541,0.999288,229.3,0.001000
46300,0.146257,1.000000,0.162334,1.000000,229.8,0.001000
46400,1.091221,0.786325,1.166436,0.736655,230.3,0.001000
46500,0.337227,0.998576,0.380982,0.990036,230.8,0.001000
46600,0.158815,1.000000,0.182436,0.999288,231.3,0.001000
46700,0.452380,0.970798,0.518964,0.947331,231.8,0.001000
46800,0.116820,1.000000,0.128187,1.000000,232.3,0.001000
46900,0.175271,1.000000,0.206900,1.000000,232.8,0.001000
47000,0.126058,1.000000,0.141557,1.000000,233.3,0.001000
47100,0.190076,1.000000,0.221332,1.000000,233.8,0.001000
47200,0.126738,1.000000,0.140174,1.000000,234.3,0.001000
47300,0.436138,0.987179,0.498279,0.973665,234.7,0.001000
47400,0.136645,1.000000,0.158818,1.000000,235.2,0.001000
47500,0.124935,1.000000,0.139538,1.000000,235.7,0.001000
47600,0.138670,1.000000,0.152548,1.000000,236.2,0.001000
47700,2.017040,0.539886,2.097603,0.507473,236.7,0.001000
47800,0.135533,1.000000,0.151595,1.000000,237.2,0.001000
47900,0.177280,1.000000,0.194822,1.000000,237.7,0.001000
48000,0.299058,0.995014,0.337924,0.994306,238.2,0.001000
48100,0.138407,1.000000,0.161532,0.999288,238.7,0.001000
48200,0.122704,1.000000,0.137930,1.000000,239.2,0.001000
48300,0.442523,0.984330,0.477328,0.968683,239.7,0.001000
48400,0.678361,0.953704,0.762242,0.926690,240.2,0.001000
48500,0.412503,0.990029,0.491632,0.972954,240.7,0.001000
48600,0.158014,1.000000,0.172743,1.000000,241.2,0.001000
48700,0.656231,0.977208,0.734852,0.951601,241.7,0.001000
48800,0.155898,1.000000,0.175449,1.000000,242.2,0.001000
48900,0.179189,1.000000,0.202234,1.000000,242.7,0.001000
49000,0.124749,1.000000,0.139625,1.000000,243.2,0.001000
49100,0.196399,1.000000,0.221184,1.000000,243.7,0.001000
49200,0.136181,1.000000,0.150774,1.000000,244.3,0.001000
49300,0.160983,1.000000,0.178961,1.000000,244.8,0.001000
49400,0.452565,0.987892,0.529035,0.967260,245.3,0.001000
49500,0.149740,1.000000,0.174347,1.000000,245.7,0.001000
49600,0.218910,1.000000,0.252018,0.998577,246.2,0.001000
49700,0.121892,1.000000,0.136582,1.000000,246.7,0.001000
49800,0.143749,1.000000,0.157917,1.000000,247.2,0.001000
49900,1.406562,0.710826,1.463310,0.697509,247.7,0.001000
50000,0.248422,1.000000,0.281970,0.998577,248.2,0.001000
50100,0.130161,1.000000,0.142974,1.000000,248.7,0.001000
50200,0.118854,1.000000,0.132251,1.000000,249.2,0.001000
50300,0.125805,1.000000,0.136934,1.000000,249.7,0.001000
50400,0.181421,1.000000,0.208221,0.999288,250.2,0.001000
50500,0.139595,1.000000,0.160247,1.000000,250.6,0.001000
50600,0.126580,1.000000,0.140504,1.000000,251.2,0.001000
50700,0.410631,0.995014,0.464589,0.987189,251.6,0.001000
50800,0.406307,0.973647,0.448635,0.960854,252.1,0.001000
50900,0.132262,1.000000,0.150665,1.000000,252.6,0.001000
51000,0.133018,1.000000,0.148703,1.000000,253.1,0.001000
51100,0.228461,1.000000,0.250090,1.000000,253.6,0.001000
51200,0.600412,0.966524,0.661384,0.940214,254.1,0.001000
51300,0.132510,1.000000,0.146748,1.000000,254.6,0.001000
51400,0.475353,0.988604,0.558280,0.959431,255.1,0.001000
51500,0.196767,1.000000,0.221312,1.000000,255.6,0.001000
51600,0.159540,1.000000,0.175413,1.000000,256.1,0.001000
51700,0.157102,1.000000,0.181019,1.000000,256.6,0.001000
51800,0.152221,1.000000,0.169468,1.000000,257.1,0.001000
51900,0.155110,1.000000,0.167799,1.000000,257.6,0.001000
52000,0.629857,0.983618,0.692638,0.972242,258.1,0.001000
52100,0.135307,1.000000,0.149773,1.000000,258.6,0.001000
52200,1.521932,0.750000,1.644031,0.678292,259.1,0.001000
52300,0.152249,1.000000,0.172817,1.000000,259.6,0.001000
52400,0.136203,1.000000,0.154549,1.000000,260.1,0.001000
52500,0.302015,0.994302,0.340024,0.992883,260.6,0.001000
52600,0.128862,1.000000,0.149834,1.000000,261.1,0.001000
52700,0.173821,1.000000,0.207637,0.995730,261.6,0.001000
52800,1.260734,0.767094,1.393921,0.693950,262.0,0.001000
52900,0.232439,1.000000,0.265502,1.000000,262.5,0.001000
53000,0.132793,1.000000,0.146400,1.000000,263.0,0.001000
53100,0.159932,1.000000,0.182748,0.998577,263.5,0.001000
53200,0.237668,0.998576,0.283031,0.996441,264.0,0.001000
53300,0.344348,0.989316,0.386223,0.988612,264.5,0.001000
53400,0.136461,1.000000,0.156051,1.000000,265.0,0.001000
53500,0.129002,1.000000,0.147207,1.000000,265.5,0.001000
53600,1.961113,0.517094,2.134326,0.441993,266.0,0.001000
53700,0.177681,1.000000,0.204579,1.000000,266.5,0.001000
53800,0.148813,1.000000,0.162365,1.000000,267.0,0.001000
53900,0.156200,1.000000,0.172499,1.000000,267.4,0.001000
54000,0.414238,0.999288,0.478717,0.989324,267.9,0.001000
54100,1.317563,0.711538,1.444269,0.664769,268.4,0.001000
54200,0.156047,1.000000,0.177195,1.000000,268.9,0.001000
54300,0.171848,1.000000,0.195775,1.000000,269.4,0.001000
54400,0.140757,1.000000,0.159028,1.000000,269.9,0.001000
54500,0.147974,1.000000,0.159755,1.000000,270.4,0.001000
54600,0.621830,0.891026,0.683528,0.866192,270.9,0.001000
54700,0.314698,0.998576,0.353661,0.999288,271.4,0.001000
54800,0.129859,1.000000,0.144355,1.000000,271.9,0.001000
54900,0.357550,0.996439,0.402270,0.992171,272.4,0.001000
55000,0.125911,1.000000,0.139644,1.000000,272.9,0.001000
55100,0.147130,1.000000,0.160040,1.000000,273.4,0.001000
55200,0.143644,1.000000,0.162750,1.000000,273.9,0.001000
55300,0.189887,1.000000,0.224444,0.997153,274.4,0.001000
55400,0.137985,1.000000,0.151178,1.000000,274.9,0.001000
55500,0.387281,0.993590,0.430752,0.977936,275.3,0.001000
55600,0.133504,1.000000,0.150696,1.000000,275.8,0.001000
55700,0.148939,1.000000,0.162060,1.000000,276.3,0.001000
55800,0.184555,1.000000,0.210563,1.000000,276.9,0.001000
55900,0.170184,1.000000,0.194024,1.000000,277.4,0.001000
56000,0.113818,1.000000,0.125780,1.000000,277.9,0.001000
56100,1.276127,0.794160,1.391521,0.737367,278.4,0.001000
56200,0.288833,0.992877,0.314942,0.995730,278.9,0.001000
56300,0.460806,0.997151,0.506498,0.992171,279.4,0.001000
56400,0.204541,1.000000,0.239912,0.999288,279.9,0.001000
56500,0.141925,1.000000,0.160184,1.000000,280.4,0.001000
56600,0.134464,1.000000,0.147405,1.000000,280.9,0.001000
56700,0.215791,1.000000,0.253523,0.997865,281.3,0.001000
56800,0.683557,0.919516,0.749661,0.896797,281.8,0.001000
56900,0.173332,1.000000,0.202897,0.999288,282.3,0.001000
57000,0.128684,1.000000,0.144717,1.000000,282.8,0.001000
57100,0.190835,1.000000,0.206124,1.000000,283.3,0.001000
57200,3.604991,0.136752,3.646516,0.120996,283.8,0.001000
57300,0.641562,0.967236,0.716653,0.952313,284.3,0.001000
57400,0.167284,1.000000,0.192858,1.000000,284.8,0.001000
57500,0.133797,1.000000,0.146852,1.000000,285.3,0.001000
57600,0.171016,1.000000,0.198851,1.000000,285.8,0.001000
57700,2.460918,0.361111,2.518726,0.360854,286.3,0.001000
57800,0.153958,1.000000,0.174727,1.000000,286.8,0.001000
57900,0.134033,1.000000,0.148379,1.000000,287.3,0.001000
58000,0.688531,0.947293,0.762377,0.910320,287.7,0.001000
58100,0.135975,1.000000,0.156794,1.000000,288.2,0.001000
58200,0.124947,1.000000,0.140273,1.000000,288.7,0.001000
58300,0.146916,1.000000,0.160291,1.000000,289.2,0.001000
58400,0.298906,0.998576,0.338081,0.998577,289.7,0.001000
58500,0.132385,1.000000,0.145676,1.000000,290.2,0.001000
58600,0.112239,1.000000,0.125265,1.000000,290.7,0.001000
58700,0.651808,0.987892,0.720962,0.975089,291.2,0.001000
58800,0.159402,1.000000,0.181218,1.000000,291.7,0.001000
58900,0.158668,1.000000,0.180507,1.000000,292.2,0.001000
59000,0.157515,1.000000,0.177971,0.997865,292.7,0.001000
59100,0.225753,1.000000,0.255563,0.990747,293.2,0.001000
59200,0.121166,1.000000,0.133071,1.000000,293.7,0.001000
59300,0.134498,1.000000,0.146870,1.000000,294.2,0.001000
59400,0.132413,1.000000,0.147187,1.000000,294.7,0.001000
59500,0.130192,1.000000,0.140371,1.000000,295.2,0.001000
59600,0.190444,1.000000,0.214398,0.999288,295.7,0.001000
59700,0.135492,1.000000,0.152853,1.000000,296.2,0.001000
59800,0.348448,0.990029,0.375539,0.984342,296.7,0.001000
59900,2.813561,0.217236,2.835594,0.216370,297.2,0.001000
60000,0.282820,0.997151,0.320385,0.992171,297.7,0.001000
60100,0.125027,1.000000,0.142164,1.000000,298.2,0.001000
60200,0.138027,1.000000,0.150924,1.000000,298.7,0.001000
60300,0.595279,0.928775,0.674642,0.902491,299.1,0.001000
60400,0.154579,1.000000,0.172627,1.000000,299.6,0.001000
60500,0.115160,1.000000,0.127712,1.000000,300.1,0.001000
60600,0.146850,1.000000,0.172176,0.998577,300.6,0.001000
60700,0.135484,1.000000,0.151856,1.000000,301.1,0.001000
60800,0.129455,1.000000,0.143214,1.000000,301.6,0.001000
60900,0.193256,1.000000,0.222059,1.000000,302.1,0.001000
61000,0.129193,1.000000,0.144814,1.000000,302.6,0.001000
61100,0.140322,1.000000,0.153763,1.000000,303.1,0.001000
61200,0.172795,1.000000,0.196297,1.000000,303.6,0.001000
61300,0.385960,0.997863,0.436204,0.995018,304.1,0.001000
61400,0.133050,1.000000,0.149150,1.000000,304.6,0.001000
61500,0.129037,1.000000,0.140347,1.000000,305.1,0.001000
61600,0.217428,1.000000,0.243057,1.000000,305.6,0.001000
61700,0.618375,0.933048,0.688137,0.903915,306.1,0.001000
61800,0.181342,1.000000,0.214524,0.998577,306.6,0.001000
61900,0.124486,1.000000,0.137719,1.000000,307.1,0.001000
62000,2.482304,0.414530,2.544552,0.382918,307.6,0.001000
62100,0.159239,1.000000,0.177478,1.000000,308.0,0.001000
62200,0.171308,1.000000,0.199403,0.997865,308.6,0.001000
62300,0.123498,1.000000,0.136427,1.000000,309.0,0.001000
62400,0.123997,1.000000,0.139608,1.000000,309.5,0.001000
62500,0.153526,1.000000,0.168306,1.000000,310.0,0.001000
62600,0.443348,0.987179,0.512760,0.967972,310.6,0.001000
62700,0.141123,1.000000,0.164056,1.000000,311.1,0.001000
62800,0.120758,1.000000,0.137459,1.000000,311.7,0.001000
62900,0.134777,1.000000,0.147859,1.000000,312.2,0.001000
63000,0.445223,1.000000,0.482161,0.997153,312.7,0.001000
63100,0.715285,0.954416,0.786036,0.935943,313.2,0.001000
63200,0.160070,1.000000,0.181235,1.000000,313.6,0.001000
63300,0.133993,1.000000,0.147307,1.000000,314.2,0.001000
63400,0.123159,1.000000,0.139792,1.000000,314.7,0.001000
63500,0.143353,1.000000,0.166070,1.000000,315.2,0.001000
63600,0.156524,1.000000,0.179739,1.000000,315.6,0.001000
63700,0.803584,0.831197,0.868991,0.795730,316.1,0.001000
63800,0.129196,1.000000,0.142667,1.000000,316.6,0.001000
63900,0.504414,0.995014,0.555473,0.989324,317.1,0.001000
64000,0.171566,1.000000,0.198003,1.000000,317.6,0.001000
64100,0.144715,1.000000,0.159197,1.000000,318.1,0.001000
64200,0.163680,1.000000,0.177251,1.000000,318.6,0.001000
64300,0.211473,1.000000,0.242788,0.999288,319.1,0.001000
64400,0.127488,1.000000,0.142565,1.000000,319.6,0.001000
64500,0.129809,1.000000,0.144583,1.000000,320.1,0.001000
64600,0.135155,1.000000,0.148389,1.000000,320.6,0.001000
64700,0.256029,0.997151,0.287404,0.996441,321.1,0.001000
64800,0.156908,1.000000,0.178990,1.000000,321.6,0.001000
64900,0.147003,1.000000,0.160175,1.000000,322.1,0.001000
65000,0.170217,1.000000,0.196271,1.000000,322.6,0.001000
65100,0.264727,1.000000,0.304930,0.997153,323.0,0.001000
65200,0.128537,1.000000,0.142955,1.000000,323.5,0.001000
65300,1.084790,0.766382,1.176418,0.733096,324.0,0.001000
65400,0.194494,1.000000,0.220045,1.000000,324.5,0.001000
65500,0.135744,1.000000,0.151138,1.000000,325.0,0.001000
65600,0.556594,0.927350,0.619195,0.921708,325.5,0.001000
65700,0.228974,1.000000,0.271247,0.997865,326.0,0.001000
65800,0.361386,0.995014,0.407178,0.988612,326.5,0.001000
65900,0.133076,1.000000,0.155013,0.999288,327.0,0.001000
66000,0.222111,0.999288,0.253009,0.999288,327.5,0.001000
66100,0.117465,1.000000,0.131858,1.000000,328.0,0.001000
66200,0.126373,1.000000,0.138894,1.000000,328.5,0.001000
66300,1.736042,0.580484,1.798331,0.567972,329.0,0.001000
66400,0.276457,1.000000,0.310597,0.993594,329.5,0.001000
66500,0.169100,1.000000,0.192032,1.000000,330.0,0.001000
66600,0.126874,1.000000,0.138334,1.000000,330.5,0.001000
66700,0.442442,0.999288,0.504323,0.992171,331.0,0.001000
66800,0.270430,0.999288,0.312803,0.993594,331.5,0.001000
66900,0.463356,0.977208,0.500985,0.967260,332.0,0.001000
67000,0.139720,1.000000,0.158268,1.000000,332.5,0.001000
67100,0.147994,1.000000,0.162205,1.000000,333.0,0.001000
67200,1.162511,0.788462,1.242225,0.762989,333.5,0.001000
67300,0.327260,0.976496,0.356557,0.979359,334.0,0.001000
67400,0.137541,1.000000,0.155082,1.000000,334.5,0.001000
67500,0.442823,0.989316,0.513572,0.972954,335.0,0.001000
67600,0.131779,1.000000,0.149489,1.000000,335.5,0.001000
67700,0.324308,0.995014,0.366748,0.988612,335.9,0.001000
67800,0.134030,0.999288,0.156009,1.000000,336.4,0.001000
67900,0.126531,1.000000,0.141227,1.000000,337.0,0.001000
68000,0.111814,1.000000,0.125265,1.000000,337.4,0.001000
68100,0.658425,0.901709,0.711020,0.890391,337.9,0.001000
68200,0.156152,1.000000,0.177171,1.000000,338.4,0.001000
68300,0.143688,1.000000,0.159123,1.000000,338.9,0.001000
68400,0.146308,1.000000,0.159536,1.000000,339.4,0.001000
68500,0.282698,1.000000,0.323162,0.995730,339.9,0.001000
68600,0.310085,0.995726,0.344837,0.988612,340.4,0.001000
68700,0.118757,1.000000,0.134033,1.000000,340.9,0.001000
68800,0.130437,1.000000,0.143576,1.000000,341.4,0.001000
68900,1.095576,0.821225,1.175847,0.795730,341.9,0.001000
69000,0.432958,0.991453,0.513213,0.967972,342.4,0.001000
69100,0.145200,1.000000,0.165238,1.000000,342.9,0.001000
69200,0.214438,1.000000,0.249566,0.997153,343.4,0.001000
69300,0.130387,1.000000,0.146999,1.000000,343.8,0.001000
69400,0.223539,0.999288,0.263053,0.992171,344.3,0.001000
69500,0.129248,1.000000,0.143810,1.000000,344.8,0.001000
69600,0.181447,1.000000,0.213548,0.998577,345.3,0.001000
69700,0.353902,0.987892,0.400083,0.968683,345.8,0.001000
69800,0.125070,1.000000,0.141374,1.000000,346.3,0.001000
69900,0.939915,0.902422,1.002295,0.879004,346.8,0.001000
70000,0.122667,1.000000,0.140194,0.999288,347.3,0.001000
70100,0.134906,1.000000,0.148988,1.000000,347.8,0.001000
70200,0.145532,1.000000,0.165870,1.000000,348.3,0.001000
70300,0.139978,1.000000,0.154366,1.000000,348.8,0.001000
70400,0.148526,1.000000,0.174235,1.000000,349.2,0.001000
70500,0.128221,1.000000,0.142914,1.000000,349.8,0.001000
70600,0.369019,0.992165,0.403573,0.987189,350.2,0.001000
70700,0.122134,1.000000,0.137011,1.000000,350.7,0.001000
70800,0.147542,1.000000,0.159800,1.000000,351.2,0.001000
70900,0.262525,1.000000,0.302321,1.000000,351.7,0.001000
71000,0.159261,1.000000,0.183308,1.000000,352.2,0.001000
71100,0.139043,1.000000,0.151667,1.000000,352.7,0.001000
71200,0.131028,1.000000,0.143444,1.000000,353.2,0.001000
71300,0.157799,1.000000,0.168541,1.000000,353.7,0.001000
71400,0.257524,0.999288,0.300538,0.992171,354.2,0.001000
71500,0.176271,1.000000,0.204269,1.000000,354.7,0.001000
71600,1.112394,0.774929,1.265433,0.718861,355.2,0.001000
71700,0.195179,1.000000,0.220953,1.000000,355.6,0.001000
71800,0.150364,1.000000,0.171374,1.000000,356.1,0.001000
71900,0.342048,0.996439,0.382381,0.995018,356.6,0.001000
72000,0.819806,0.853989,0.883865,0.830605,357.1,0.001000
72100,0.134553,1.000000,0.154298,1.000000,357.6,0.001000
72200,0.516325,0.947293,0.557755,0.928826,358.1,0.001000
72300,0.160962,1.000000,0.185159,0.999288,358.6,0.001000
72400,0.206282,1.000000,0.227291,1.000000,359.0,0.001000
72500,0.135137,1.000000,0.152570,1.000000,359.6,0.001000
72600,0.123899,1.000000,0.138208,1.000000,360.0,0.001000
72700,0.202695,1.000000,0.232548,0.999288,360.5,0.001000
72800,0.135798,1.000000,0.153885,1.000000,361.0,0.001000
72900,0.144657,1.000000,0.163159,1.000000,361.5,0.001000
73000,0.139599,1.000000,0.150272,1.000000,362.0,0.001000
73100,0.133633,1.000000,0.151583,1.000000,362.5,0.001000
73200,0.313029,0.999288,0.352723,0.998577,363.0,0.001000
73300,0.153643,0.998576,0.174019,1.000000,363.5,0.001000
73400,0.126385,1.000000,0.138909,1.000000,364.0,0.001000
73500,0.709273,0.968661,0.796753,0.949466,364.5,0.001000
73600,0.231527,1.000000,0.255519,1.000000,365.0,0.001000
73700,0.223273,1.000000,0.262437,0.998577,365.5,0.001000
73800,0.139692,1.000000,0.156177,1.000000,366.0,0.001000
73900,0.165715,1.000000,0.191732,0.996441,366.5,0.001000
74000,0.582928,0.929487,0.660276,0.903915,367.0,0.001000
74100,0.139438,1.000000,0.160103,1.000000,367.5,0.001000
74200,0.120500,1.000000,0.132442,1.000000,368.0,0.001000
74300,0.157930,1.000000,0.183525,1.000000,368.4,0.001000
74400,0.284162,1.000000,0.331112,0.997153,368.9,0.001000
74500,0.141069,1.000000,0.160070,1.000000,369.4,0.001000
74600,0.146941,1.000000,0.160113,1.000000,369.9,0.001000
74700,0.512960,0.977208,0.569086,0.960854,370.4,0.001000
74800,2.633831,0.339031,2.681556,0.310320,370.9,0.001000
74900,0.177040,1.000000,0.201214,0.998577,371.4,0.001000
75000,1.871294,0.487892,1.947937,0.464769,371.9,0.001000
75100,0.213636,0.998576,0.243483,0.998577,372.4,0.001000
75200,0.124422,1.000000,0.138781,1.000000,372.9,0.001000
75300,0.306577,0.992165,0.352226,0.986477,373.4,0.001000
75400,0.172261,1.000000,0.189912,0.999288,373.9,0.001000
75500,0.117107,1.000000,0.131315,1.000000,374.4,0.001000
75600,0.152258,1.000000,0.166040,1.000000,374.9,0.001000
75700,0.222957,1.000000,0.259511,1.000000,375.4,0.001000
75800,0.133674,1.000000,0.150347,1.000000,375.9,0.001000
75900,0.717732,0.881054,0.771552,0.872598,376.4,0.001000
76000,0.136814,1.000000,0.157261,1.000000,376.9,0.001000
76100,0.901363,0.811966,0.996132,0.792171,377.4,0.001000
76200,0.140026,1.000000,0.155651,1.000000,378.0,0.001000
76300,0.161920,1.000000,0.178034,1.000000,378.4,0.001000
76400,0.217377,0.997863,0.256269,0.995730,379.0,0.001000
76500,0.148803,1.000000,0.167924,1.000000,379.5,0.001000
76600,0.127580,1.000000,0.140316,1.000000,379.9,0.001000
76700,0.172949,1.000000,0.195839,1.000000,380.4,0.001000
76800,0.611957,0.967949,0.685344,0.945196,381.0,0.001000
76900,0.195024,1.000000,0.221840,1.000000,381.4,0.001000
77000,0.155821,1.000000,0.178145,1.000000,381.9,0.001000
77100,0.150426,1.000000,0.163115,1.000000,382.4,0.001000
77200,0.138502,1.000000,0.151943,1.000000,382.9,0.001000
77300,0.332496,1.000000,0.377125,1.000000,383.5,0.001000
77400,0.142570,1.000000,0.157733,1.000000,384.0,0.001000
77500,0.311669,0.999288,0.365632,0.987189,384.5,0.001000
77600,0.134799,1.000000,0.145852,1.000000,385.0,0.001000
77700,0.154564,1.000000,0.166016,1.000000,385.5,0.001000
77800,0.126311,1.000000,0.140131,1.000000,386.0,0.001000
77900,0.255945,1.000000,0.299979,0.995018,386.5,0.001000
78000,0.133243,1.000000,0.152547,1.000000,386.9,0.001000
78100,0.323419,0.996439,0.362370,0.992171,387.5,0.001000
78200,0.650922,0.944444,0.723463,0.933096,388.0,0.001000
78300,0.211632,0.999288,0.240797,1.000000,388.4,0.001000
78400,0.133995,1.000000,0.151475,1.000000,388.9,0.001000
78500,0.145887,1.000000,0.158484,1.000000,389.4,0.001000
78600,0.242819,1.000000,0.276061,0.999288,389.9,0.001000
78700,0.124168,1.000000,0.137958,1.000000,390.4,0.001000
78800,0.123640,1.000000,0.140371,1.000000,390.9,0.001000
78900,0.133080,1.000000,0.147263,1.000000,391.4,0.001000
79000,0.479759,0.995014,0.537116,0.985765,391.9,0.001000
79100,0.137099,1.000000,0.150042,1.000000,392.4,0.001000
79200,0.295779,0.997151,0.335105,0.993594,392.9,0.001000
79300,0.132815,1.000000,0.146809,1.000000,393.4,0.001000
79400,0.216779,1.000000,0.243274,0.998577,393.9,0.001000
79500,0.114315,1.000000,0.125646,1.000000,394.4,0.001000
79600,1.308700,0.688746,1.425933,0.642705,394.9,0.001000
79700,0.122227,1.000000,0.136402,1.000000,395.4,0.001000
79800,0.568478,0.967949,0.613109,0.946619,395.9,0.001000
79900,0.153176,1.000000,0.175414,1.000000,396.4,0.001000
80000,0.165355,1.000000,0.181335,1.000000,396.9,0.001000
80100,0.452559,0.969373,0.504409,0.965125,397.4,0.001000
80200,0.126964,1.000000,0.145459,1.000000,397.9,0.001000
80300,0.137914,1.000000,0.153288,1.000000,398.4,0.001000
80400,0.155132,1.000000,0.168949,1.000000,398.9,0.001000
80500,0.256879,1.000000,0.298900,0.995018,399.4,0.001000
80600,0.130737,1.000000,0.144705,1.000000,399.9,0.001000
80700,0.565346,0.980769,0.646843,0.952313,400.4,0.001000
80800,0.506139,0.957977,0.571568,0.938790,400.8,0.001000
80900,0.138756,1.000000,0.162120,1.000000,401.3,0.001000
81000,0.141366,1.000000,0.155015,1.000000,401.8,0.001000
81100,0.263117,0.997863,0.304635,0.992883,402.3,0.001000
81200,0.280478,0.997863,0.329655,0.995730,402.8,0.001000
81300,0.227586,1.000000,0.265176,0.998577,403.3,0.001000
81400,2.133407,0.592593,2.210110,0.560142,403.8,0.001000
81500,0.151856,1.000000,0.173936,1.000000,404.3,0.001000
81600,0.194254,0.999288,0.217881,0.997865,404.8,0.001000
81700,0.129846,1.000000,0.144948,1.000000,405.3,0.001000
81800,0.134852,1.000000,0.152910,1.000000,405.8,0.001000
81900,0.139070,1.000000,0.152236,1.000000,406.3,0.001000
82000,0.162129,1.000000,0.182835,1.000000,406.8,0.001000
82100,0.137735,1.000000,0.156177,1.000000,407.3,0.001000
82200,0.122432,1.000000,0.134587,1.000000,407.8,0.001000
82300,0.138140,1.000000,0.156990,1.000000,408.3,0.001000
82400,0.127322,1.000000,0.142282,1.000000,408.8,0.001000
82500,0.880576,0.864672,1.003038,0.790747,409.3,0.001000
82600,0.146138,1.000000,0.160157,1.000000,409.8,0.001000
82700,0.234641,0.999288,0.267226,0.998577,410.3,0.001000
82800,0.434240,0.992877,0.492139,0.985053,410.8,0.001000
82900,0.154147,1.000000,0.172328,1.000000,411.3,0.001000
83000,1.655680,0.514957,1.701459,0.516014,411.8,0.001000
83100,0.133348,1.000000,0.150066,1.000000,412.3,0.001000
83200,0.207553,1.000000,0.237404,1.000000,412.8,0.001000
83300,0.312780,0.998576,0.343819,1.000000,413.3,0.001000
83400,0.133194,1.000000,0.149779,1.000000,413.8,0.001000
83500,0.131142,1.000000,0.144365,1.000000,414.3,0.001000
83600,1.380642,0.676638,1.468894,0.631317,414.8,0.001000
83700,0.208948,0.998576,0.242282,0.997153,415.2,0.001000
83800,0.126645,1.000000,0.141043,1.000000,415.7,0.001000
83900,0.598530,0.977208,0.666319,0.960854,416.2,0.001000
84000,0.152734,1.000000,0.174720,1.000000,416.7,0.001000
84100,0.128824,1.000000,0.142081,1.000000,417.2,0.001000
84200,0.249075,0.996439,0.284661,0.992171,417.7,0.001000
84300,0.150250,1.000000,0.170141,1.000000,418.2,0.001000
84400,0.130914,1.000000,0.145461,1.000000,418.7,0.001000
84500,0.188952,1.000000,0.222412,0.998577,419.2,0.001000
84600,0.125714,1.000000,0.139647,1.000000,419.7,0.001000
84700,0.380904,0.996439,0.444284,0.982918,420.2,0.001000
84800,0.122012,1.000000,0.136159,1.000000,420.7,0.001000
84900,0.613620,0.967236,0.698143,0.941637,421.1,0.001000
85000,0.154414,1.000000,0.174352,1.000000,421.6,0.001000
85100,0.136714,1.000000,0.149512,1.000000,422.1,0.001000
85200,0.204162,1.000000,0.234101,1.000000,422.6,0.001000
85300,0.153555,1.000000,0.173671,1.000000,423.1,0.001000
85400,0.823611,0.915954,0.901181,0.881139,423.6,0.001000
85500,0.146562,1.000000,0.168478,1.000000,424.1,0.001000
85600,0.136933,1.000000,0.149724,1.000000,424.6,0.001000
85700,0.152429,1.000000,0.172964,1.000000,425.1,0.001000
85800,0.500464,0.971510,0.553432,0.948043,425.5,0.001000
85900,0.364079,1.000000,0.418972,0.992883,426.0,0.001000
86000,0.150526,1.000000,0.175278,0.999288,426.5,0.001000
86100,0.897086,0.839031,0.965231,0.823488,427.0,0.001000
86200,0.479389,0.985043,0.550479,0.962989,427.5,0.001000
86300,2.044247,0.511396,2.126988,0.495374,428.0,0.001000
86400,0.172682,1.000000,0.197580,0.999288,428.5,0.001000
86500,0.137904,1.000000,0.156699,1.000000,429.0,0.001000
86600,0.129585,1.000000,0.143586,1.000000,429.5,0.001000
86700,0.264322,0.999288,0.306447,0.998577,430.0,0.001000
86800,0.130176,1.000000,0.144482,1.000000,430.5,0.001000
86900,0.225089,1.000000,0.269384,0.995018,431.0,0.001000
87000,0.132830,1.000000,0.145756,1.000000,431.5,0.001000
87100,0.233408,1.000000,0.269214,0.999288,432.0,0.001000
87200,0.159281,1.000000,0.182048,0.999288,432.5,0.001000
87300,0.153448,1.000000,0.171822,1.000000,432.9,0.001000
87400,0.132310,1.000000,0.144351,1.000000,433.4,0.001000
87500,0.520455,0.985043,0.576835,0.977224,433.9,0.001000
87600,0.136734,1.000000,0.155528,1.000000,434.4,0.001000
87700,0.120020,1.000000,0.134580,1.000000,434.9,0.001000
87800,0.178419,1.000000,0.193167,1.000000,435.4,0.001000
87900,0.180912,1.000000,0.210843,0.999288,435.9,0.001000
88000,0.315381,0.990029,0.352749,0.989324,436.4,0.001000
88100,0.135069,1.000000,0.152123,1.000000,436.9,0.001000
88200,0.135299,1.000000,0.150640,1.000000,437.5,0.001000
88300,0.152032,1.000000,0.165573,1.000000,438.0,0.001000
88400,0.185073,1.000000,0.214602,1.000000,438.4,0.001000
88500,0.159989,1.000000,0.177282,1.000000,438.9,0.001000
88600,0.126323,1.000000,0.138650,1.000000,439.4,0.001000
88700,0.286996,1.000000,0.327224,0.995018,439.9,0.001000
88800,0.129328,1.000000,0.145333,1.000000,440.4,0.001000
88900,0.228516,1.000000,0.265271,0.997865,440.9,0.001000
89000,0.288714,0.999288,0.313903,0.997865,441.4,0.001000
89100,0.106046,1.000000,0.118292,1.000000,442.0,0.001000
89200,0.693540,0.948718,0.772721,0.922420,442.4,0.001000
89300,0.163643,0.999288,0.186460,1.000000,443.0,0.001000
89400,0.134571,1.000000,0.148905,1.000000,443.5,0.001000
89500,0.127666,1.000000,0.144410,1.000000,444.0,0.001000
89600,0.221706,1.000000,0.262313,0.998577,444.5,0.001000
89700,0.158686,1.000000,0.177888,1.000000,445.0,0.001000
89800,0.149478,1.000000,0.169524,1.000000,445.5,0.001000
89900,0.125934,1.000000,0.144223,1.000000,446.0,0.001000
90000,0.164776,1.000000,0.193979,0.998577,446.4,0.001000
90100,0.130929,1.000000,0.143839,1.000000,446.9,0.001000
90200,0.184267,1.000000,0.213503,1.000000,447.4,0.001000
90300,0.149602,1.000000,0.165381,1.000000,447.9,0.001000
90400,0.137783,1.000000,0.149430,1.000000,448.5,0.001000
90500,0.173232,1.000000,0.193528,1.000000,449.0,0.001000
90600,0.121662,1.000000,0.133625,1.000000,449.5,0.001000
90700,0.298241,0.997863,0.344556,0.992883,449.9,0.001000
90800,0.134655,1.000000,0.152181,1.000000,450.4,0.001000
90900,0.553018,0.985755,0.619637,0.976512,450.9,0.001000
91000,0.273913,1.000000,0.323674,0.987189,451.4,0.001000
91100,0.123369,1.000000,0.136759,1.000000,451.9,0.001000
91200,0.190207,1.000000,0.216869,1.000000,452.4,0.001000
91300,0.131722,1.000000,0.143177,1.000000,452.9,0.001000
91400,0.180432,1.000000,0.206251,1.000000,453.4,0.001000
91500,0.428279,0.994302,0.463148,0.992883,453.9,0.001000
91600,0.122231,1.000000,0.136366,1.000000,454.4,0.001000
91700,0.355216,0.995726,0.407984,0.987900,454.9,0.001000
91800,0.155646,1.000000,0.179366,0.997865,455.5,0.001000
91900,0.132367,1.000000,0.143598,1.000000,456.0,0.001000
92000,0.149928,1.000000,0.166058,1.000000,456.5,0.001000
92100,0.136920,1.000000,0.147988,1.000000,457.0,0.001000
92200,0.131117,1.000000,0.146732,1.000000,457.4,0.001000
92300,0.271778,0.996439,0.326172,0.989324,457.9,0.001000
92400,0.115476,1.000000,0.128710,1.000000,458.4,0.001000
92500,0.151422,1.000000,0.171988,0.998577,458.9,0.001000
92600,0.128479,1.000000,0.140028,1.000000,459.4,0.001000
92700,0.161267,1.000000,0.185092,1.000000,459.9,0.001000
92800,0.139665,1.000000,0.153539,1.000000,460.4,0.001000
92900,1.504417,0.601140,1.654268,0.533096,460.9,0.001000
93000,0.133600,1.000000,0.147338,1.000000,461.4,0.001000
93100,0.145958,1.000000,0.170854,1.000000,461.9,0.001000
93200,0.399124,0.973647,0.444546,0.955872,462.4,0.001000
93300,0.162908,1.000000,0.188899,1.000000,462.9,0.001000
93400,0.132396,1.000000,0.146414,1.000000,463.4,0.001000
93500,0.143205,1.000000,0.156290,1.000000,463.9,0.001000
93600,0.141389,1.000000,0.158594,1.000000,464.4,0.001000
93700,0.244472,0.996439,0.292201,0.989324,464.9,0.001000
93800,0.143445,1.000000,0.166240,1.000000,465.3,0.001000
93900,0.138802,1.000000,0.151424,1.000000,465.8,0.001000
94000,0.145815,1.000000,0.165694,0.999288,466.3,0.001000
94100,0.322867,0.996439,0.377016,0.989324,466.8,0.001000
94200,0.136447,1.000000,0.154006,1.000000,467.3,0.001000
94300,0.127150,1.000000,0.142005,1.000000,467.8,0.001000
94400,2.658326,0.297721,2.783235,0.273310,468.3,0.001000
94500,0.276899,0.999288,0.315268,0.995018,468.8,0.001000
94600,0.136788,1.000000,0.152545,1.000000,469.3,0.001000
94700,0.151374,1.000000,0.166314,1.000000,469.8,0.001000
94800,0.238077,1.000000,0.273739,0.999288,470.3,0.001000
94900,0.122871,1.000000,0.139483,1.000000,470.9,0.001000
95000,2.000911,0.559117,1.987575,0.568683,471.3,0.001000
95100,0.122679,1.000000,0.135936,1.000000,471.8,0.001000
95200,1.903820,0.470798,2.000929,0.409253,472.3,0.001000
95300,0.311614,0.999288,0.360820,0.994306,472.8,0.001000
95400,0.130073,1.000000,0.146779,1.000000,473.3,0.001000
95500,0.183016,0.998576,0.211886,0.998577,473.8,0.001000
95600,0.146458,1.000000,0.167554,1.000000,474.3,0.001000
95700,0.144674,1.000000,0.160704,1.000000,474.8,0.001000
95800,0.130397,1.000000,0.146002,1.000000,475.3,0.001000
95900,0.120206,1.000000,0.138045,1.000000,475.8,0.001000
96000,0.131139,1.000000,0.145709,1.000000,476.3,0.001000
96100,0.149560,1.000000,0.173559,1.000000,476.8,0.001000
96200,0.254933,1.000000,0.284323,0.998577,477.3,0.001000
96300,0.137922,1.000000,0.152090,1.000000,477.8,0.001000
96400,0.182009,1.000000,0.208788,1.000000,478.3,0.001000
96500,0.913514,0.812678,1.000306,0.760854,478.8,0.001000
96600,0.908391,0.886040,1.067776,0.811388,479.3,0.001000
96700,0.261938,1.000000,0.305577,0.995730,479.8,0.001000
96800,0.124703,1.000000,0.139436,1.000000,480.3,0.001000
96900,0.254512,1.000000,0.290061,1.000000,480.8,0.001000
97000,0.166542,1.000000,0.191539,1.000000,481.3,0.001000
97100,0.140386,1.000000,0.157429,1.000000,481.8,0.001000
97200,0.144923,1.000000,0.158331,1.000000,482.3,0.001000
97300,0.151775,1.000000,0.174951,1.000000,482.8,0.001000
97400,0.131361,1.000000,0.142627,1.000000,483.3,0.001000
97500,0.542793,0.982194,0.604764,0.966548,483.8,0.001000
97600,0.203338,1.000000,0.236551,0.999288,484.3,0.001000
97700,0.144223,1.000000,0.160975,1.000000,484.8,0.001000
97800,0.547456,0.933048,0.591980,0.913879,485.3,0.001000
97900,0.147546,1.000000,0.168848,1.000000,485.8,0.001000
98000,0.114397,1.000000,0.126493,1.000000,486.3,0.001000
98100,1.670182,0.495726,1.661485,0.511744,486.8,0.001000
98200,0.131218,1.000000,0.141949,1.000000,487.3,0.001000
98300,0.139235,1.000000,0.151336,1.000000,487.8,0.001000
98400,0.265114,0.996439,0.307398,0.992171,488.3,0.001000
98500,0.134791,1.000000,0.155667,1.000000,488.8,0.001000
98600,2.016345,0.613248,2.092995,0.572954,489.3,0.001000
98700,0.187053,1.000000,0.211105,1.000000,489.7,0.001000
98800,0.134996,1.000000,0.148219,1.000000,490.2,0.001000
98900,0.370304,0.994302,0.425017,0.992171,490.7,0.001000
99000,0.123212,1.000000,0.135345,1.000000,491.2,0.001000
99100,0.297776,1.000000,0.346190,0.994306,491.7,0.001000
99200,0.124839,1.000000,0.139086,1.000000,492.2,0.001000
99300,0.179801,1.000000,0.205361,1.000000,492.7,0.001000
99400,0.201635,1.000000,0.218414,1.000000,493.2,0.001000
99500,0.465437,0.992165,0.519593,0.986477,493.7,0.001000
99600,0.130935,1.000000,0.144455,1.000000,494.2,0.001000
99700,0.538047,0.958689,0.587002,0.927402,494.7,0.001000
99800,0.120351,1.000000,0.133862,1.000000,495.2,0.001000
99900,0.655623,0.955128,0.706573,0.948754,495.6,0.001000
100000,0.167729,1.000000,0.192834,0.999288,496.1,0.001000
100100,0.124908,1.000000,0.138212,1.000000,496.6,0.001000
100200,0.171586,1.000000,0.204608,0.997865,497.1,0.001000
100300,1.629155,0.456553,1.694820,0.432740,497.6,0.001000
100400,0.369415,0.994302,0.420126,0.986477,498.2,0.001000
100500,0.143641,1.000000,0.159628,1.000000,498.6,0.001000
100600,0.126074,1.000000,0.137717,1.000000,499.2,0.001000
100700,0.122022,1.000000,0.132913,1.000000,499.6,0.001000
100800,0.138402,1.000000,0.150511,1.000000,500.2,0.001000
100900,0.452810,0.999288,0.504390,0.995018,500.7,0.001000
101000,0.194611,1.000000,0.216922,0.999288,501.2,0.001000
101100,0.500598,0.977208,0.578293,0.962278,501.7,0.001000
101200,0.139731,1.000000,0.153959,1.000000,502.2,0.001000
101300,0.162314,1.000000,0.186115,0.999288,502.7,0.001000
101400,0.157693,1.000000,0.181592,1.000000,503.2,0.001000
101500,0.126835,1.000000,0.140831,1.000000,503.6,0.001000
101600,0.124733,1.000000,0.141545,1.000000,504.1,0.001000
101700,0.141487,1.000000,0.154866,1.000000,504.6,0.001000
101800,0.293973,1.000000,0.331067,0.998577,505.1,0.001000
101900,0.225862,1.000000,0.262793,0.998577,505.7,0.001000
102000,0.121736,1.000000,0.134850,1.000000,506.2,0.001000
102100,0.121179,1.000000,0.134590,1.000000,506.7,0.001000
102200,1.138873,0.737179,1.251267,0.696797,507.2,0.001000
102300,0.329913,0.991453,0.372481,0.986477,507.7,0.001000
102400,0.114216,1.000000,0.127483,1.000000,508.2,0.001000
102500,0.255894,1.000000,0.299236,0.997865,508.7,0.001000
102600,0.140617,1.000000,0.156649,1.000000,509.2,0.001000
102700,0.211780,1.000000,0.230193,1.000000,509.7,0.001000
102800,0.132341,1.000000,0.149423,1.000000,510.2,0.001000
102900,0.456600,0.992165,0.504361,0.984342,510.7,0.001000
103000,0.134241,1.000000,0.150949,1.000000,511.2,0.001000
103100,0.156469,1.000000,0.175223,1.000000,511.7,0.001000
103200,0.160993,1.000000,0.175873,1.000000,512.2,0.001000
103300,0.170658,1.000000,0.196214,1.000000,512.7,0.001000
103400,0.201396,0.999288,0.233170,0.995730,513.2,0.001000
103500,0.166004,1.000000,0.193438,0.999288,513.7,0.001000
103600,0.131223,1.000000,0.146668,1.000000,514.2,0.001000
103700,0.164564,1.000000,0.189695,0.999288,514.7,0.001000
103800,0.136623,1.000000,0.148790,1.000000,515.2,0.001000
103900,0.196948,1.000000,0.230991,0.998577,515.6,0.001000
104000,0.128665,1.000000,0.141126,1.000000,516.1,0.001000
104100,0.162536,1.000000,0.186464,1.000000,516.6,0.001000
104200,0.963094,0.804131,1.070249,0.765836,517.1,0.001000
104300,0.295709,0.994302,0.340482,0.990747,517.6,0.001000
104400,0.307054,0.997863,0.360296,0.987900,518.1,0.001000
104500,0.137388,1.000000,0.151229,1.000000,518.6,0.001000
104600,0.352182,0.997863,0.402997,0.989324,519.1,0.001000
104700,0.128099,1.000000,0.145278,1.000000,519.6,0.001000
104800,0.193882,1.000000,0.220041,1.000000,520.1,0.001000
104900,0.135431,1.000000,0.148781,1.000000,520.6,0.001000
105000,0.140854,1.000000,0.153008,1.000000,521.2,0.001000
105100,0.762776,0.931624,0.826804,0.913167,521.6,0.001000
105200,0.306144,1.000000,0.350605,0.994306,522.1,0.001000
105300,0.681174,0.950855,0.755815,0.929537,522.6,0.001000
105400,0.144897,1.000000,0.165561,1.000000,523.1,0.001000
105500,0.219433,1.000000,0.248994,1.000000,523.6,0.001000
105600,0.151620,1.000000,0.171508,1.000000,524.1,0.001000
105700,0.143967,1.000000,0.158661,1.000000,524.6,0.001000
105800,1.292697,0.722222,1.399455,0.676868,525.1,0.001000
105900,0.155891,1.000000,0.174577,1.000000,525.6,0.001000
106000,0.157215,1.000000,0.178423,1.000000,526.2,0.001000
106100,0.128397,1.000000,0.140514,1.000000,526.7,0.001000
106200,0.216587,1.000000,0.241318,0.999288,527.1,0.001000
106300,0.129043,1.000000,0.143770,1.000000,527.7,0.001000
106400,0.185538,1.000000,0.219316,0.999288,528.2,0.001000
106500,0.123213,1.000000,0.136348,1.000000,528.7,0.001000
106600,0.693628,0.925926,0.802733,0.889680,529.2,0.001000
106700,0.186644,0.999288,0.214850,0.998577,529.6,0.001000
106800,0.142902,1.000000,0.158040,1.000000,530.1,0.001000
106900,0.216829,1.000000,0.245290,1.000000,530.6,0.001000
107000,0.125694,1.000000,0.139257,1.000000,531.1,0.001000
107100,0.333187,0.996439,0.386437,0.990747,531.6,0.001000
107200,0.124009,1.000000,0.139577,1.000000,532.1,0.001000
107300,0.133583,1.000000,0.148023,1.000000,532.6,0.001000
107400,0.321472,0.998576,0.367167,0.993594,533.1,0.001000
107500,0.135370,1.000000,0.153883,1.000000,533.6,0.001000
107600,0.133645,1.000000,0.147125,1.000000,534.1,0.001000
107700,0.159346,1.000000,0.187094,0.998577,534.6,0.001000
107800,0.133213,1.000000,0.147278,1.000000,535.1,0.001000
107900,0.180994,1.000000,0.195463,1.000000,535.6,0.001000
108000,0.139682,1.000000,0.154425,1.000000,536.1,0.001000
108100,0.152466,1.000000,0.163876,1.000000,536.5,0.001000
108200,0.756786,0.951567,0.800066,0.938078,537.0,0.001000
108300,0.151485,1.000000,0.171927,1.000000,537.5,0.001000
108400,0.151814,1.000000,0.169865,1.000000,538.0,0.001000
108500,0.123138,1.000000,0.134269,1.000000,538.5,0.001000
108600,0.162676,1.000000,0.189319,1.000000,539.0,0.001000
108700,0.833581,0.920940,0.933323,0.889680,539.5,0.001000
108800,0.250705,1.000000,0.286182,1.000000,540.0,0.001000
108900,0.144670,1.000000,0.161773,1.000000,540.5,0.001000
109000,0.136995,1.000000,0.148631,1.000000,541.0,0.001000
109100,0.118309,1.000000,0.134899,1.000000,541.5,0.001000
109200,0.530939,0.980057,0.626633,0.934520,542.0,0.001000
109300,0.154231,1.000000,0.176053,1.000000,542.5,0.001000
109400,0.209734,1.000000,0.243899,0.997153,543.0,0.001000
109500,0.146356,1.000000,0.171556,1.000000,543.5,0.001000
109600,0.143800,1.000000,0.156186,1.000000,544.0,0.001000
109700,0.163399,1.000000,0.188595,1.000000,544.5,0.001000
109800,0.301389,1.000000,0.319452,1.000000,545.0,0.001000
109900,0.121689,1.000000,0.134951,1.000000,545.4,0.001000
110000,0.128696,1.000000,0.140561,1.000000,545.9,0.001000
110100,0.549244,0.980769,0.614827,0.975801,546.4,0.001000
110200,0.165626,1.000000,0.185911,1.000000,546.9,0.001000
110300,0.134677,1.000000,0.147600,1.000000,547.4,0.001000
110400,0.133466,1.000000,0.146614,1.000000,547.9,0.001000
110500,0.407321,0.979345,0.467214,0.967972,548.4,0.001000
110600,0.174792,1.000000,0.203917,0.999288,548.9,0.001000
110700,0.132426,1.000000,0.145155,1.000000,549.4,0.001000
110800,0.148137,1.000000,0.162292,1.000000,549.9,0.001000
110900,0.153225,1.000000,0.171322,1.000000,550.4,0.001000
111000,0.130840,1.000000,0.142158,1.000000,550.9,0.001000
111100,0.328713,1.000000,0.373219,0.995018,551.4,0.001000
111200,0.165980,1.000000,0.191438,1.000000,551.9,0.001000
111300,0.155667,1.000000,0.171898,1.000000,552.4,0.001000
111400,0.128996,1.000000,0.142529,1.000000,552.9,0.001000
111500,1.835937,0.504273,1.946341,0.479004,553.4,0.001000
111600,0.139984,1.000000,0.156416,1.000000,553.9,0.001000
111700,0.129218,1.000000,0.143109,1.000000,554.4,0.001000
111800,0.254295,1.000000,0.286729,1.000000,554.9,0.001000
111900,0.240246,1.000000,0.275033,1.000000,555.4,0.001000
112000,0.127611,1.000000,0.143786,1.000000,555.9,0.001000
112100,0.115541,1.000000,0.128708,1.000000,556.4,0.001000
112200,0.230182,1.000000,0.256932,0.998577,556.9,0.001000
112300,0.122736,1.000000,0.138859,1.000000,557.3,0.001000
112400,0.220570,1.000000,0.246062,1.000000,557.8,0.001000
112500,0.133871,1.000000,0.148651,1.000000,558.3,0.001000
112600,0.135758,1.000000,0.147916,1.000000,558.8,0.001000
112700,0.149784,1.000000,0.168459,1.000000,559.3,0.001000
112800,0.135415,1.000000,0.150250,1.000000,559.8,0.001000
112900,0.133356,1.000000,0.145076,1.000000,560.3,0.001000
113000,0.123995,1.000000,0.138091,1.000000,560.8,0.001000
113100,1.661137,0.519231,1.642087,0.531673,561.2,0.001000
113200,0.129610,1.000000,0.146952,1.000000,561.7,0.001000
113300,0.127413,1.000000,0.140746,1.000000,562.2,0.001000
113400,1.864198,0.495014,2.037903,0.448399,562.7,0.001000
113500,0.272679,0.999288,0.314076,0.995730,563.2,0.001000
113600,0.478784,0.958689,0.558818,0.938078,563.8,0.001000
113700,0.230455,1.000000,0.262430,0.998577,564.2,0.001000
113800,0.148246,1.000000,0.161651,1.000000,564.7,0.001000
113900,0.132758,1.000000,0.149617,1.000000,565.2,0.001000
114000,0.151836,1.000000,0.173600,1.000000,565.7,0.001000
114100,0.119818,1.000000,0.132668,1.000000,566.2,0.001000
114200,0.185532,1.000000,0.211302,0.997865,566.7,0.001000
114300,0.119648,1.000000,0.131866,1.000000,567.2,0.001000
114400,0.725422,0.938746,0.803032,0.905338,567.7,0.001000
114500,0.186730,1.000000,0.214839,1.000000,568.2,0.001000
114600,0.137181,1.000000,0.150352,1.000000,568.7,0.001000
114700,0.121275,1.000000,0.137822,1.000000,569.2,0.001000
114800,0.187556,1.000000,0.216785,1.000000,569.6,0.001000
114900,0.128108,1.000000,0.141666,1.000000,570.1,0.001000
115000,2.495854,0.249288,2.561777,0.246975,570.6,0.001000
115100,0.137695,1.000000,0.152085,1.000000,571.1,0.001000
115200,0.368896,0.985755,0.422424,0.970107,571.6,0.001000
115300,0.206471,1.000000,0.242843,0.997865,572.1,0.001000
115400,0.145035,1.000000,0.164148,1.000000,572.6,0.001000
115500,0.148975,1.000000,0.163661,1.000000,573.1,0.001000
115600,0.135594,1.000000,0.154267,1.000000,573.6,0.001000
115700,0.430319,0.987892,0.494551,0.967972,574.1,0.001000
115800,0.179790,1.000000,0.208669,0.998577,574.6,0.001000
115900,0.133095,1.000000,0.146300,1.000000,575.1,0.001000
116000,0.136243,1.000000,0.156268,1.000000,575.6,0.001000
116100,0.140455,1.000000,0.152277,1.000000,576.1,0.001000
116200,0.238273,0.998576,0.275050,0.998577,576.7,0.001000
116300,0.199715,1.000000,0.230199,0.999288,577.2,0.001000
116400,0.243709,1.000000,0.277224,1.000000,577.7,0.001000
116500,0.122480,1.000000,0.136344,1.000000,578.2,0.001000
116600,0.822644,0.886752,0.937782,0.844840,578.6,0.001000
116700,0.129717,1.000000,0.145084,1.000000,579.1,0.001000
116800,0.141381,1.000000,0.154742,1.000000,579.6,0.001000
116900,0.182838,1.000000,0.210091,0.998577,580.1,0.001000
117000,0.158101,1.000000,0.183947,1.000000,580.6,0.001000
117100,0.119197,1.000000,0.132495,1.000000,581.1,0.001000
117200,0.328858,0.997863,0.381483,0.997153,581.6,0.001000
117300,0.133595,1.000000,0.152423,1.000000,582.1,0.001000
117400,0.134270,1.000000,0.147842,1.000000,582.6,0.001000
117500,0.136811,1.000000,0.154947,1.000000,583.1,0.001000
117600,0.145681,1.000000,0.158444,1.000000,583.6,0.001000
117700,0.214388,1.000000,0.231847,1.000000,584.1,0.001000
117800,0.336068,1.000000,0.380489,0.993594,584.5,0.001000
117900,0.148772,1.000000,0.169284,1.000000,585.0,0.001000
118000,0.273597,0.998576,0.314854,0.995018,585.6,0.001000
118100,0.120872,1.000000,0.133369,1.000000,586.0,0.001000
118200,0.254142,0.998576,0.295114,0.995018,586.5,0.001000
118300,0.131125,1.000000,0.145114,1.000000,587.0,0.001000
118400,0.284221,0.998576,0.332328,0.992171,587.5,0.001000
118500,0.130515,1.000000,0.141392,1.000000,588.0,0.001000
118600,0.130574,1.000000,0.144409,1.000000,588.5,0.001000
118700,0.135098,1.000000,0.145832,1.000000,589.0,0.001000
118800,0.367907,0.991453,0.419872,0.978648,589.5,0.001000
118900,0.124999,1.000000,0.137679,1.000000,590.0,0.001000
119000,0.141643,1.000000,0.155005,1.000000,590.5,0.001000
119100,0.247791,0.998576,0.287482,0.997153,591.0,0.001000
119200,0.491019,0.977208,0.567356,0.954448,591.5,0.001000
119300,0.166764,1.000000,0.191412,1.000000,591.9,0.001000
119400,0.133786,1.000000,0.147906,1.000000,592.4,0.001000
119500,0.145204,1.000000,0.159195,1.000000,592.9,0.001000
119600,0.152432,1.000000,0.170282,1.000000,593.4,0.001000
119700,0.193038,1.000000,0.220992,0.999288,593.9,0.001000
119800,0.144403,1.000000,0.167230,0.999288,594.4,0.001000
119900,0.135503,1.000000,0.148737,1.000000,594.9,0.001000
120000,0.123257,1.000000,0.136372,1.000000,595.4,0.001000
120100,0.154896,1.000000,0.167899,1.000000,595.8,0.001000
120200,0.365540,0.995726,0.426354,0.985765,596.4,0.001000
120300,0.164982,1.000000,0.187601,1.000000,596.8,0.001000
120400,0.130630,1.000000,0.146559,1.000000,597.4,0.001000
120500,0.221605,0.998576,0.260369,0.995730,597.9,0.001000
120600,0.127685,1.000000,0.146260,1.000000,598.4,0.001000
120700,0.124804,1.000000,0.135812,1.000000,598.9,0.001000
120800,0.648598,0.980769,0.740842,0.953737,599.4,0.001000
120900,0.216591,1.000000,0.244668,1.000000,599.9,0.001000
121000,0.229126,0.998576,0.260536,0.995018,600.4,0.001000
121100,0.122390,1.000000,0.135047,1.000000,600.9,0.001000
121200,1.213145,0.825499,1.323591,0.785053,601.4,0.001000
121300,0.156180,1.000000,0.174818,1.000000,601.9,0.001000
121400,0.124301,1.000000,0.140145,1.000000,602.4,0.001000
121500,0.340620,0.994302,0.383679,0.992171,602.9,0.001000
121600,0.218257,1.000000,0.257819,0.994306,603.4,0.001000
121700,0.118583,1.000000,0.131159,1.000000,603.9,0.001000
121800,0.374261,0.986467,0.424714,0.987189,604.4,0.001000
121900,0.463189,0.945869,0.558444,0.904626,604.9,0.001000
122000,0.136938,1.000000,0.154570,1.000000,605.4,0.001000
122100,0.133965,1.000000,0.146453,1.000000,605.9,0.001000
122200,0.202694,1.000000,0.223788,1.000000,606.4,0.001000
122300,0.483521,0.986467,0.550242,0.967260,606.9,0.001000
122400,0.122776,1.000000,0.138503,1.000000,607.4,0.001000
122500,0.160196,0.999288,0.187862,1.000000,607.9,0.001000
122600,0.124099,1.000000,0.142683,1.000000,608.4,0.001000
122700,0.582986,0.967236,0.618733,0.955872,608.9,0.001000
122800,0.126223,1.000000,0.141743,1.000000,609.3,0.001000
122900,0.149890,1.000000,0.165234,1.000000,609.9,0.001000
123000,0.122078,1.000000,0.133492,1.000000,610.3,0.001000
123100,0.833694,0.860399,0.920721,0.814235,610.8,0.001000
123200,0.181430,1.000000,0.213607,1.000000,611.3,0.001000
123300,1.414028,0.638177,1.478896,0.628470,611.8,0.001000
123400,0.275054,1.000000,0.313006,0.995018,612.3,0.001000
123500,0.172383,1.000000,0.198199,1.000000,612.8,0.001000
123600,0.427355,0.996439,0.489063,0.990747,613.3,0.001000
123700,0.136056,1.000000,0.149791,1.000000,613.8,0.001000
123800,0.157829,1.000000,0.182450,1.000000,614.3,0.001000
123900,0.128283,1.000000,0.140651,1.000000,614.8,0.001000
124000,0.338770,0.991453,0.399154,0.970819,615.3,0.001000
124100,0.117397,1.000000,0.129518,1.000000,615.8,0.001000
124200,1.430171,0.609687,1.505144,0.599288,616.3,0.001000
124300,0.134135,1.000000,0.145304,1.000000,616.8,0.001000
124400,0.576463,0.971510,0.653088,0.948043,617.3,0.001000
124500,0.172686,1.000000,0.186541,1.000000,617.8,0.001000
124600,0.152221,1.000000,0.169773,1.000000,618.3,0.001000
124700,0.128485,1.000000,0.141799,1.000000,618.8,0.001000
124800,0.124972,1.000000,0.138413,1.000000,619.3,0.001000
124900,0.163128,1.000000,0.180059,1.000000,619.8,0.001000
125000,0.157242,1.000000,0.178234,1.000000,620.3,0.001000
125100,0.290135,0.997151,0.315776,0.997153,620.8,0.001000
125200,0.863367,0.918803,0.972862,0.869039,621.3,0.001000
125300,0.174005,1.000000,0.198322,1.000000,621.8,0.001000
125400,1.013814,0.879630,1.102739,0.841281,622.3,0.001000
125500,0.133770,1.000000,0.152798,1.000000,622.8,0.001000
125600,0.136853,1.000000,0.150349,1.000000,623.3,0.001000
125700,0.145560,1.000000,0.157734,1.000000,623.8,0.001000
125800,0.305750,1.000000,0.346541,0.997153,624.3,0.001000
125900,0.156018,1.000000,0.178735,1.000000,624.8,0.001000
126000,0.136208,1.000000,0.149931,1.000000,625.3,0.001000
126100,0.596030,0.989316,0.663085,0.970107,625.8,0.001000
126200,0.248347,0.997151,0.270796,0.998577,626.3,0.001000
126300,0.129574,1.000000,0.142254,1.000000,626.8,0.001000
126400,0.554679,0.980057,0.592631,0.970819,627.2,0.001000
126500,0.126517,1.000000,0.139509,1.000000,627.7,0.001000
126600,0.147717,1.000000,0.163124,1.000000,628.2,0.001000
126700,0.158485,1.000000,0.184172,0.999288,628.7,0.001000
126800,0.217557,0.999288,0.255547,0.996441,629.2,0.001000
126900,0.134421,1.000000,0.148085,1.000000,629.7,0.001000
127000,0.176244,1.000000,0.198312,1.000000,630.2,0.001000
127100,0.241489,1.000000,0.276533,1.000000,630.7,0.001000
127200,0.121268,1.000000,0.133794,1.000000,631.2,0.001000
127300,0.162560,1.000000,0.187665,1.000000,631.7,0.001000
127400,0.123588,1.000000,0.140620,1.000000,632.2,0.001000
127500,0.358078,0.985755,0.403153,0.980783,632.7,0.001000
127600,0.172321,1.000000,0.199516,1.000000,633.2,0.001000
127700,0.142784,1.000000,0.158896,1.000000,633.7,0.001000
127800,0.189803,1.000000,0.204467,1.000000,634.2,0.001000
127900,0.123488,1.000000,0.137658,1.000000,634.7,0.001000
128000,0.144357,1.000000,0.157264,1.000000,635.2,0.001000
128100,0.259979,0.999288,0.290387,0.995730,635.7,0.001000
128200,0.116563,1.000000,0.128664,1.000000,636.2,0.001000
128300,0.376336,0.985755,0.442990,0.969395,636.7,0.001000
128400,0.120390,1.000000,0.135998,1.000000,637.2,0.001000
128500,0.128608,1.000000,0.142577,1.000000,637.7,0.001000
128600,0.432394,0.990029,0.475379,0.976512,638.2,0.001000
128700,0.186054,1.000000,0.205291,0.998577,638.7,0.001000
128800,0.275556,0.998576,0.321059,0.991459,639.2,0.001000
128900,0.127184,1.000000,0.141746,1.000000,639.7,0.001000
129000,0.214702,1.000000,0.236022,1.000000,640.2,0.001000
129100,0.662088,0.954416,0.738255,0.934520,640.7,0.001000
129200,0.186486,1.000000,0.219611,0.997865,641.1,0.001000
129300,0.123403,1.000000,0.136770,1.000000,641.7,0.001000
129400,0.566868,0.982906,0.666063,0.953737,642.2,0.001000
129500,0.774311,0.910256,0.854039,0.898932,642.6,0.001000
129600,0.129010,1.000000,0.142809,1.000000,643.2,0.001000
129700,0.313745,0.999288,0.357058,0.995730,643.7,0.001000
129800,0.140007,1.000000,0.157582,1.000000,644.1,0.001000
129900,0.145896,1.000000,0.168599,1.000000,644.6,0.001000
130000,0.133118,1.000000,0.147263,1.000000,645.1,0.001000
130100,0.723706,0.910256,0.840226,0.868327,645.6,0.001000
130200,0.172740,1.000000,0.197734,1.000000,646.1,0.001000
130300,0.134042,1.000000,0.150221,1.000000,646.6,0.001000
130400,0.189911,1.000000,0.214892,0.998577,647.1,0.001000
130500,0.116609,1.000000,0.128818,1.000000,647.6,0.001000
130600,0.461927,0.978632,0.512556,0.971530,648.1,0.001000
130700,0.114646,1.000000,0.127608,1.000000,648.6,0.001000
130800,0.140849,1.000000,0.155595,1.000000,649.1,0.001000
130900,2.593439,0.387464,2.666752,0.355160,649.6,0.001000
131000,0.187365,1.000000,0.212007,1.000000,650.1,0.001000
131100,0.133264,1.000000,0.146559,1.000000,650.6,0.001000
131200,0.121756,1.000000,0.136155,1.000000,651.1,0.001000
131300,0.146927,1.000000,0.161661,1.000000,651.6,0.001000
131400,0.858478,0.826923,0.943557,0.790036,652.0,0.001000
131500,0.166484,1.000000,0.189489,1.000000,652.5,0.001000
131600,0.141303,1.000000,0.157147,1.000000,653.0,0.001000
131700,0.620367,0.985755,0.675813,0.976512,653.5,0.001000
131800,0.131703,1.000000,0.151429,1.000000,654.0,0.001000
131900,0.680209,0.953704,0.776141,0.914591,654.5,0.001000
132000,0.142174,1.000000,0.160366,1.000000,655.0,0.001000
132100,0.129163,1.000000,0.143686,1.000000,655.5,0.001000
132200,0.165853,1.000000,0.188368,1.000000,656.0,0.001000
132300,0.123680,1.000000,0.136741,1.000000,656.5,0.001000
132400,0.233634,1.000000,0.265227,0.999288,657.0,0.001000
132500,0.122734,1.000000,0.140560,1.000000,657.5,0.001000
132600,0.122851,1.000000,0.135599,1.000000,658.0,0.001000
132700,0.240570,1.000000,0.274745,0.994306,658.4,0.001000
132800,0.121875,1.000000,0.136537,1.000000,658.9,0.001000
132900,0.222158,1.000000,0.259017,0.991459,659.4,0.001000
133000,0.128853,1.000000,0.142159,1.000000,659.9,0.001000
133100,0.143363,1.000000,0.157195,1.000000,660.4,0.001000
133200,0.303335,0.999288,0.338065,0.995018,660.9,0.001000
133300,0.123223,1.000000,0.135418,1.000000,661.4,0.001000
133400,0.165448,1.000000,0.192253,1.000000,661.9,0.001000
133500,0.154373,1.000000,0.172028,1.000000,662.4,0.001000
133600,0.317409,1.000000,0.352739,0.998577,662.9,0.001000
133700,0.130736,1.000000,0.145451,1.000000,663.4,0.001000
133800,0.183576,1.000000,0.210120,1.000000,663.9,0.001000
133900,0.136196,1.000000,0.152620,1.000000,664.4,0.001000
134000,0.384080,0.986467,0.436343,0.980783,664.9,0.001000
134100,2.394561,0.307692,2.425125,0.288256,665.4,0.001000
134200,0.135555,1.000000,0.151899,1.000000,665.9,0.001000
134300,0.157065,1.000000,0.171322,1.000000,666.4,0.001000
134400,0.149003,1.000000,0.172392,0.999288,666.9,0.001000
134500,0.123327,1.000000,0.137828,1.000000,667.3,0.001000
134600,0.566694,0.957265,0.631533,0.943772,667.8,0.001000
134700,0.127514,1.000000,0.145184,1.000000,668.3,0.001000
134800,0.118748,1.000000,0.129673,1.000000,668.8,0.001000
134900,0.127185,1.000000,0.141378,1.000000,669.3,0.001000
135000,0.446419,0.965812,0.493691,0.951601,669.8,0.001000
135100,0.116500,1.000000,0.128381,1.000000,670.3,0.001000
135200,0.488766,0.960114,0.544538,0.948043,670.8,0.001000
135300,0.114473,1.000000,0.126852,1.000000,671.3,0.001000
135400,0.147051,1.000000,0.159177,1.000000,671.8,0.001000
135500,0.194018,1.000000,0.220230,1.000000,672.3,0.001000
135600,0.199466,0.997151,0.223695,0.999288,672.8,0.001000
135700,0.139930,1.000000,0.158195,1.000000,673.2,0.001000
135800,0.137528,1.000000,0.150259,1.000000,673.8,0.001000
135900,0.135436,1.000000,0.153089,1.000000,674.2,0.001000
136000,0.127027,1.000000,0.139210,1.000000,674.7,0.001000
136100,0.169594,1.000000,0.192878,1.000000,675.2,0.001000
136200,0.144037,1.000000,0.162293,1.000000,675.7,0.001000
136300,1.704786,0.505698,1.790264,0.481851,676.2,0.001000
136400,0.590625,0.983618,0.670507,0.961566,676.7,0.001000
136500,0.170533,1.000000,0.183670,1.000000,677.2,0.001000
136600,0.421579,0.982194,0.436195,0.982918,677.7,0.001000
136700,0.132976,1.000000,0.148210,1.000000,678.2,0.001000
136800,0.134676,1.000000,0.147532,1.000000,678.7,0.001000
136900,0.211095,0.999288,0.238642,1.000000,679.1,0.001000
137000,0.130769,1.000000,0.146580,1.000000,679.7,0.001000
137100,0.129658,1.000000,0.145977,1.000000,680.1,0.001000
137200,0.144715,1.000000,0.159643,1.000000,680.6,0.001000
137300,0.187810,1.000000,0.214606,0.999288,681.1,0.001000
137400,0.130729,1.000000,0.143893,1.000000,681.6,0.001000
137500,0.445931,0.987892,0.522516,0.970819,682.1,0.001000
137600,0.438072,0.992877,0.501104,0.985053,682.6,0.001000
137700,0.153916,1.000000,0.175249,1.000000,683.1,0.001000
137800,0.157193,1.000000,0.180508,1.000000,683.6,0.001000
137900,0.128505,1.000000,0.145063,1.000000,684.1,0.001000
138000,0.137342,1.000000,0.151318,1.000000,684.6,0.001000
138100,0.450063,0.991453,0.513083,0.971530,685.1,0.001000
138200,0.187268,1.000000,0.214847,1.000000,685.6,0.001000
138300,0.144359,1.000000,0.165762,1.000000,686.1,0.001000
138400,0.126043,1.000000,0.141278,1.000000,686.6,0.001000
138500,0.140910,1.000000,0.152615,1.000000,687.1,0.001000
138600,0.132673,1.000000,0.145552,1.000000,687.6,0.001000
138700,0.122799,1.000000,0.138031,1.000000,688.1,0.001000
138800,0.146470,1.000000,0.160183,1.000000,688.5,0.001000
138900,0.145645,1.000000,0.163510,1.000000,689.0,0.001000
139000,0.184430,1.000000,0.213001,1.000000,689.5,0.001000
139100,0.128928,1.000000,0.148039,1.000000,690.0,0.001000
139200,1.516635,0.723647,1.602725,0.670463,690.5,0.001000
139300,0.182433,1.000000,0.215707,0.997865,691.0,0.001000
139400,0.126605,1.000000,0.140038,1.000000,691.5,0.001000
139500,0.191267,0.998576,0.219144,0.995018,692.0,0.001000
139600,0.143781,1.000000,0.160242,1.000000,692.5,0.001000
139700,0.149668,1.000000,0.164447,1.000000,692.9,0.001000
139800,0.282389,0.992877,0.315107,0.987189,693.4,0.001000
139900,0.132753,1.000000,0.151307,1.000000,694.0,0.001000
140000,0.122810,1.000000,0.135379,1.000000,694.5,0.001000
140100,0.124293,1.000000,0.142427,1.000000,695.0,0.001000
140200,0.137458,1.000000,0.151812,1.000000,695.5,0.001000
140300,0.834282,0.830484,0.914677,0.790747,695.9,0.001000
140400,0.130901,1.000000,0.147582,1.000000,696.4,0.001000
140500,0.188595,1.000000,0.213566,1.000000,696.9,0.001000
140600,0.141579,1.000000,0.157621,1.000000,697.4,0.001000
140700,0.128372,1.000000,0.140969,1.000000,697.9,0.001000
140800,0.542375,0.968661,0.597519,0.957295,698.4,0.001000
140900,0.120570,1.000000,0.133653,1.000000,698.9,0.001000
141000,0.113660,1.000000,0.129411,1.000000,699.4,0.001000
141100,0.122023,1.000000,0.138575,1.000000,699.9,0.001000
141200,0.137827,1.000000,0.149519,1.000000,700.4,0.001000
141300,0.274170,1.000000,0.315836,0.995730,700.9,0.001000
141400,0.127908,1.000000,0.142893,1.000000,701.3,0.001000
141500,0.130357,1.000000,0.143936,1.000000,701.9,0.001000
141600,0.830696,0.947293,0.917564,0.917438,702.4,0.001000
141700,0.225357,1.000000,0.258932,1.000000,702.9,0.001000
141800,0.136269,1.000000,0.151089,1.000000,703.4,0.001000
141900,0.225693,0.998576,0.257798,0.997153,703.9,0.001000
142000,0.121383,1.000000,0.134739,1.000000,704.4,0.001000
142100,1.021802,0.752137,1.062950,0.729537,704.9,0.001000
142200,0.235429,0.999288,0.271214,0.999288,705.4,0.001000
142300,0.245811,0.997863,0.271591,0.995730,705.9,0.001000
142400,0.107943,1.000000,0.122975,1.000000,706.4,0.001000
142500,0.124185,1.000000,0.137481,1.000000,706.9,0.001000
142600,0.578426,0.989316,0.657621,0.971530,707.4,0.001000
142700,0.135703,1.000000,0.152413,0.999288,707.9,0.001000
142800,0.116387,1.000000,0.130310,1.000000,708.4,0.001000
142900,1.346836,0.762108,1.379782,0.755160,708.9,0.001000
143000,0.112739,1.000000,0.128844,1.000000,709.4,0.001000
143100,0.113190,1.000000,0.124493,1.000000,709.9,0.001000
143200,0.139656,1.000000,0.158783,1.000000,710.4,0.001000
143300,0.123517,1.000000,0.141354,1.000000,710.9,0.001000
143400,0.136521,1.000000,0.150017,1.000000,711.4,0.001000
143500,1.390915,0.648860,1.574369,0.593594,711.9,0.001000
143600,0.167669,1.000000,0.192178,0.999288,712.4,0.001000
143700,0.437571,0.991453,0.491097,0.987189,712.9,0.001000
143800,0.153394,1.000000,0.175417,1.000000,713.3,0.001000
143900,0.139462,1.000000,0.154474,1.000000,713.8,0.001000
144000,0.289223,0.998576,0.330218,0.996441,714.3,0.001000
144100,0.196778,1.000000,0.229274,0.999288,714.8,0.001000
144200,0.338141,0.998576,0.377943,0.995730,715.3,0.001000
144300,0.119303,1.000000,0.130872,1.000000,715.8,0.001000
144400,0.139838,1.000000,0.151449,1.000000,716.3,0.001000
144500,0.131041,1.000000,0.144835,1.000000,716.8,0.001000
144600,0.370947,0.996439,0.408564,0.990747,717.3,0.001000
144700,0.177272,1.000000,0.192556,1.000000,717.8,0.001000
144800,0.157421,1.000000,0.179209,1.000000,718.3,0.001000
144900,0.125089,1.000000,0.141550,1.000000,718.8,0.001000
145000,0.127368,1.000000,0.139063,1.000000,719.3,0.001000
145100,0.308733,1.000000,0.342111,0.998577,719.8,0.001000
145200,0.148440,1.000000,0.172243,1.000000,720.3,0.001000
145300,0.149676,1.000000,0.165575,1.000000,720.8,0.001000
145400,0.114345,1.000000,0.125690,1.000000,721.2,0.001000
145500,0.156363,1.000000,0.173294,1.000000,721.7,0.001000
145600,1.886159,0.560541,2.009897,0.515302,722.2,0.001000
145700,0.140084,1.000000,0.158710,1.000000,722.7,0.001000
145800,0.514851,0.960114,0.598161,0.935231,723.2,0.001000
145900,0.130477,1.000000,0.151047,1.000000,723.7,0.001000
146000,0.128899,1.000000,0.143427,1.000000,724.2,0.001000
146100,1.826862,0.559117,1.881322,0.544484,724.7,0.001000
146200,0.137906,1.000000,0.156118,1.000000,725.2,0.001000
146300,0.119130,1.000000,0.136342,1.000000,725.7,0.001000
146400,0.124700,1.000000,0.137773,1.000000,726.2,0.001000
146500,0.255446,0.997863,0.292518,0.990747,726.7,0.001000
146600,0.120370,1.000000,0.132369,1.000000,727.2,0.001000
146700,0.578306,0.974359,0.624181,0.963701,727.7,0.001000
146800,0.255162,1.000000,0.295498,0.995018,728.2,0.001000
146900,1.274032,0.762108,1.368783,0.711744,728.7,0.001000
147000,0.179576,1.000000,0.203762,1.000000,729.2,0.001000
147100,0.203900,1.000000,0.232674,1.000000,729.7,0.001000
147200,0.129674,1.000000,0.148427,1.000000,730.1,0.001000
147300,0.143786,1.000000,0.156642,1.000000,730.6,0.001000
147400,0.128582,1.000000,0.142906,1.000000,731.1,0.001000
147500,0.460147,0.996439,0.531464,0.985053,731.6,0.001000
147600,0.126446,1.000000,0.143065,1.000000,732.1,0.001000
147700,0.186019,1.000000,0.212215,0.998577,732.6,0.001000
147800,0.130203,1.000000,0.146655,1.000000,733.1,0.001000
147900,1.172842,0.759259,1.278494,0.707473,733.6,0.001000
148000,0.568851,0.975071,0.621870,0.955872,734.1,0.001000
148100,0.136911,1.000000,0.154046,1.000000,734.6,0.001000
148200,0.573553,0.969373,0.630964,0.960854,735.1,0.001000
148300,0.129376,1.000000,0.146133,1.000000,735.6,0.001000
148400,0.990769,0.881766,1.102049,0.839146,736.1,0.001000
148500,0.277830,0.999288,0.315680,0.997153,736.6,0.001000
148600,0.135922,1.000000,0.155869,1.000000,737.1,0.001000
148700,0.189201,0.999288,0.219946,0.999288,737.6,0.001000
148800,0.148330,1.000000,0.171549,0.999288,738.1,0.001000
148900,0.132106,1.000000,0.144714,1.000000,738.5,0.001000
149000,0.134958,1.000000,0.151245,1.000000,739.1,0.001000
149100,0.534084,0.990741,0.579366,0.986477,739.5,0.001000
149200,0.237511,0.996439,0.264096,1.000000,740.0,0.001000
149300,0.147044,1.000000,0.165012,1.000000,740.5,0.001000
149400,0.137128,1.000000,0.157943,0.998577,741.0,0.001000
149500,0.247573,0.997151,0.304725,0.988612,741.5,0.001000
149600,0.122107,1.000000,0.136072,1.000000,742.0,0.001000
149700,0.136661,1.000000,0.154610,1.000000,742.5,0.001000
149800,0.137627,1.000000,0.150350,1.000000,743.0,0.001000
149900,0.149252,1.000000,0.172658,1.000000,743.5,0.001000
150000,0.138672,1.000000,0.153909,1.000000,744.0,0.001000
150100,0.304938,0.999288,0.345893,0.995730,744.4,0.001000
150200,0.245580,0.999288,0.277258,0.999288,744.9,0.001000
150300,0.140786,1.000000,0.159501,1.000000,745.4,0.001000
150400,0.124786,1.000000,0.140288,1.000000,745.9,0.001000
150500,0.131983,1.000000,0.146158,1.000000,746.4,0.001000
150600,1.208729,0.734330,1.256410,0.708185,746.9,0.001000
150700,0.128763,1.000000,0.145710,1.000000,747.4,0.001000
150800,0.128916,1.000000,0.148359,1.000000,747.9,0.001000
150900,0.127538,1.000000,0.138193,1.000000,748.4,0.001000
151000,0.122480,1.000000,0.135967,1.000000,748.8,0.001000
151100,0.249505,1.000000,0.286850,0.997865,749.3,0.001000
151200,0.125837,1.000000,0.144939,1.000000,749.8,0.001000
151300,0.154576,1.000000,0.168046,1.000000,750.3,0.001000
151400,0.539565,0.987179,0.601901,0.972954,750.8,0.001000
151500,0.162127,1.000000,0.178756,1.000000,751.3,0.001000
151600,0.135730,1.000000,0.149616,1.000000,751.8,0.001000
151700,0.238653,1.000000,0.269429,0.998577,752.3,0.001000
151800,0.261999,1.000000,0.296047,0.999288,752.8,0.001000
151900,0.566138,0.990741,0.620461,0.982918,753.3,0.001000
152000,0.148254,1.000000,0.169696,1.000000,753.8,0.001000
152100,0.137125,1.000000,0.150051,1.000000,754.2,0.001000
152200,0.129307,1.000000,0.147483,1.000000,754.7,0.001000
152300,0.133662,1.000000,0.147792,1.000000,755.2,0.001000
152400,0.393398,0.995726,0.444722,0.985765,755.7,0.001000
152500,0.136405,1.000000,0.155003,1.000000,756.2,0.001000
152600,0.147031,1.000000,0.160892,1.000000,756.7,0.001000
152700,0.282926,0.998576,0.321724,0.992171,757.2,0.001000
152800,0.792857,0.883191,0.893570,0.857651,757.7,0.001000
152900,0.460236,0.992165,0.515367,0.980071,758.2,0.001000
153000,0.136696,1.000000,0.157481,1.000000,758.7,0.001000
153100,0.146174,1.000000,0.169755,1.000000,759.1,0.001000
153200,0.246205,1.000000,0.269520,1.000000,759.6,0.001000
153300,0.299866,0.999288,0.342609,0.995018,760.1,0.001000
153400,0.530814,0.968661,0.545174,0.960142,760.6,0.001000
153500,0.191170,1.000000,0.222858,1.000000,761.1,0.001000
153600,0.639518,0.975783,0.675472,0.958719,761.6,0.001000
153700,0.128336,1.000000,0.141560,1.000000,762.1,0.001000
153800,0.157758,1.000000,0.182280,1.000000,762.6,0.001000
153900,0.444588,0.999288,0.475633,0.999288,763.1,0.001000
154000,0.374227,0.985043,0.430800,0.968683,763.6,0.001000
154100,0.164976,1.000000,0.191822,1.000000,764.1,0.001000
154200,0.124889,1.000000,0.139791,1.000000,764.5,0.001000
154300,0.595414,0.961538,0.687137,0.930961,765.1,0.001000
154400,0.695452,0.894587,0.800579,0.852669,765.6,0.001000
154500,0.255277,1.000000,0.291055,0.999288,766.1,0.001000
154600,0.156125,1.000000,0.176098,1.000000,766.5,0.001000
154700,0.135946,1.000000,0.147406,1.000000,767.0,0.001000
154800,0.202457,1.000000,0.234232,0.999288,767.5,0.001000
154900,0.128913,1.000000,0.142842,1.000000,768.0,0.001000
155000,0.199637,1.000000,0.228176,1.000000,768.5,0.001000
155100,0.771660,0.917379,0.853475,0.883274,769.0,0.001000
155200,0.138618,1.000000,0.151037,1.000000,769.5,0.001000
155300,0.126549,1.000000,0.138233,1.000000,770.0,0.001000
155400,0.158615,1.000000,0.179348,0.999288,770.5,0.001000
155500,0.123775,1.000000,0.135734,1.000000,771.0,0.001000
155600,0.135906,1.000000,0.148050,1.000000,771.5,0.001000
155700,0.124652,1.000000,0.140459,1.000000,772.1,0.001000
155800,1.191640,0.672365,1.285535,0.635587,772.5,0.001000
155900,0.269933,1.000000,0.297314,1.000000,773.0,0.001000
156000,0.137241,1.000000,0.155717,1.000000,773.5,0.001000
156100,0.160741,1.000000,0.189772,1.000000,774.1,0.001000
156200,0.185808,1.000000,0.212947,1.000000,774.5,0.001000
156300,0.149076,1.000000,0.172136,1.000000,775.0,0.001000
156400,0.112696,1.000000,0.124740,1.000000,775.5,0.001000
156500,0.117335,1.000000,0.128846,1.000000,776.0,0.001000
156600,0.144000,1.000000,0.157915,1.000000,776.5,0.001000
156700,0.227773,1.000000,0.264151,0.995018,777.0,0.001000
156800,0.153272,1.000000,0.167742,1.000000,777.5,0.001000
156900,0.121265,1.000000,0.133204,1.000000,778.0,0.001000
157000,1.865352,0.504273,2.010414,0.459075,778.5,0.001000
157100,0.128877,1.000000,0.144729,1.000000,779.0,0.001000
157200,0.120724,1.000000,0.132442,1.000000,779.4,0.001000
157300,0.141423,1.000000,0.161882,1.000000,779.9,0.001000
157400,0.135844,1.000000,0.149992,1.000000,780.4,0.001000
157500,0.448886,0.990029,0.511145,0.963701,780.9,0.001000
157600,0.125700,1.000000,0.137461,1.000000,781.4,0.001000
157700,0.890837,0.847578,0.976928,0.814235,781.9,0.001000
157800,0.135378,1.000000,0.147553,1.000000,782.4,0.001000
157900,0.157848,1.000000,0.177453,1.000000,782.9,0.001000
158000,0.199735,1.000000,0.228926,0.998577,783.4,0.001000
158100,0.139414,1.000000,0.157639,1.000000,783.8,0.001000
158200,0.131727,1.000000,0.147709,1.000000,784.3,0.001000
158300,0.176621,1.000000,0.202805,0.998577,784.8,0.001000
158400,0.572138,0.979345,0.655791,0.954448,785.3,0.001000
158500,0.341120,0.999288,0.395015,0.994306,785.8,0.001000
158600,0.133262,1.000000,0.148017,1.000000,786.3,0.001000
158700,0.180770,1.000000,0.208893,0.996441,786.8,0.001000
158800,0.115832,1.000000,0.129168,1.000000,787.3,0.001000
158900,0.610539,0.954416,0.678449,0.929537,787.8,0.001000
159000,0.154908,1.000000,0.181066,1.000000,788.2,0.001000
159100,0.123346,1.000000,0.138416,1.000000,788.7,0.001000
159200,0.963025,0.840456,1.068636,0.793594,789.2,0.001000
159300,0.547922,0.975071,0.619222,0.953737,789.7,0.001000
159400,0.175238,1.000000,0.201659,1.000000,790.2,0.001000
159500,0.138307,1.000000,0.150923,1.000000,790.7,0.001000
159600,2.172369,0.469373,2.338274,0.421352,791.2,0.001000
159700,0.153834,1.000000,0.172558,1.000000,791.6,0.001000
159800,0.140653,1.000000,0.154977,1.000000,792.1,0.001000
159900,0.299850,0.999288,0.334028,0.997153,792.7,0.001000
160000,0.139756,1.000000,0.156433,1.000000,793.1,0.001000
160100,0.205212,1.000000,0.235019,0.998577,793.6,0.001000
160200,0.124031,1.000000,0.137314,1.000000,794.1,0.001000
160300,1.736958,0.678063,1.831972,0.632740,794.6,0.001000
160400,0.145046,1.000000,0.165653,1.000000,795.1,0.001000
160500,0.137850,1.000000,0.150447,1.000000,795.6,0.001000
160600,0.300822,0.999288,0.337585,0.997865,796.1,0.001000
160700,0.128601,1.000000,0.141011,1.000000,796.5,0.001000
160800,0.126181,1.000000,0.140919,1.000000,797.1,0.001000
160900,0.166323,1.000000,0.190057,0.998577,797.6,0.001000
161000,0.129534,1.000000,0.143781,1.000000,798.0,0.001000
161100,0.144898,1.000000,0.159034,1.000000,798.5,0.001000
161200,0.311173,0.996439,0.369209,0.977936,799.0,0.001000
161300,0.162061,1.000000,0.181089,1.000000,799.5,0.001000
161400,0.210405,0.999288,0.246216,0.998577,800.0,0.001000
161500,0.125644,1.000000,0.139244,1.000000,800.5,0.001000
161600,0.497138,0.953704,0.548776,0.930961,801.0,0.001000
161700,0.207759,0.999288,0.242671,0.996441,801.5,0.001000
161800,0.120127,1.000000,0.132761,1.000000,802.0,0.001000
161900,0.172646,1.000000,0.206387,0.997865,802.5,0.001000
162000,0.132195,1.000000,0.145549,1.000000,803.0,0.001000
162100,0.554596,0.953704,0.648226,0.930249,803.5,0.001000
162200,2.145227,0.393162,2.210595,0.377936,804.0,0.001000
162300,0.151322,1.000000,0.170785,1.000000,804.5,0.001000
162400,0.121138,1.000000,0.137715,1.000000,805.0,0.001000
162500,0.135806,1.000000,0.154309,1.000000,805.5,0.001000
162600,0.135939,1.000000,0.148642,1.000000,806.0,0.001000
162700,0.187469,1.000000,0.215647,0.999288,806.5,0.001000
162800,0.122176,1.000000,0.138559,1.000000,807.0,0.001000
162900,0.759255,0.910256,0.856066,0.873310,807.5,0.001000
163000,0.178994,1.000000,0.202584,1.000000,808.0,0.001000
163100,0.143813,1.000000,0.160104,1.000000,808.5,0.001000
163200,0.202641,1.000000,0.234707,1.000000,809.0,0.001000
163300,0.121240,1.000000,0.134502,1.000000,809.5,0.001000
163400,0.140112,1.000000,0.154787,1.000000,810.0,0.001000
163500,0.236885,0.999288,0.269701,1.000000,810.5,0.001000
163600,0.138970,1.000000,0.156388,1.000000,811.0,0.001000
163700,0.122369,1.000000,0.135094,1.000000,811.5,0.001000
163800,0.118860,1.000000,0.131676,1.000000,812.0,0.001000
163900,1.255097,0.655271,1.318964,0.638434,812.5,0.001000
164000,0.122646,1.000000,0.138124,1.000000,813.0,0.001000
164100,0.744436,0.903846,0.842749,0.859787,813.5,0.001000
164200,0.125756,1.000000,0.141148,1.000000,814.0,0.001000
164300,0.144626,1.000000,0.165338,0.998577,814.5,0.001000
164400,0.132940,1.000000,0.146519,1.000000,815.0,0.001000
164500,0.149936,1.000000,0.171261,1.000000,815.5,0.001000
164600,0.168795,1.000000,0.192001,1.000000,816.0,0.001000
164700,0.231161,1.000000,0.251249,1.000000,816.5,0.001000
164800,0.130334,1.000000,0.144891,1.000000,817.0,0.001000
164900,0.822703,0.914530,0.914748,0.884697,817.5,0.001000
165000,0.172062,1.000000,0.199754,1.000000,818.0,0.001000
165100,1.089821,0.700855,1.161439,0.676157,818.4,0.001000
165200,0.160219,1.000000,0.178969,1.000000,819.0,0.001000
165300,0.699652,0.932336,0.791774,0.904626,819.4,0.001000
165400,0.159702,1.000000,0.180771,1.000000,819.9,0.001000
165500,0.745435,0.917379,0.816072,0.887545,820.4,0.001000
165600,0.394049,0.996439,0.439939,0.992171,820.9,0.001000
165700,0.128935,1.000000,0.140991,1.000000,821.4,0.001000
165800,0.201126,1.000000,0.228650,0.998577,821.9,0.001000
165900,0.133227,1.000000,0.146577,1.000000,822.4,0.001000
166000,0.221242,1.000000,0.262027,0.994306,822.9,0.001000
166100,0.126253,1.000000,0.138539,1.000000,823.4,0.001000
166200,0.678434,0.949430,0.773819,0.930961,823.9,0.001000
166300,0.133640,1.000000,0.148576,1.000000,824.4,0.001000
166400,0.821234,0.858262,0.879160,0.832028,824.9,0.001000
166500,0.347894,0.987179,0.386346,0.980783,825.3,0.001000
166600,0.127840,1.000000,0.146768,1.000000,825.8,0.001000
166700,0.134505,1.000000,0.147266,1.000000,826.3,0.001000
166800,0.177238,1.000000,0.207102,0.997153,826.8,0.001000
166900,0.163087,1.000000,0.186432,1.000000,827.3,0.001000
167000,0.194797,0.997863,0.224703,0.996441,827.8,0.001000
167100,0.304707,0.996439,0.352098,0.989324,828.3,0.001000
167200,0.137241,1.000000,0.152616,1.000000,828.8,0.001000
167300,0.193080,1.000000,0.225864,0.999288,829.3,0.001000
167400,0.265694,1.000000,0.292751,0.999288,829.8,0.001000
167500,0.128123,1.000000,0.147049,1.000000,830.3,0.001000
167600,0.134805,1.000000,0.151006,1.000000,830.8,0.001000
167700,0.423081,0.988604,0.477942,0.977224,831.3,0.001000
167800,0.142580,1.000000,0.156018,1.000000,831.8,0.001000
167900,0.890130,0.925926,0.978752,0.884697,832.2,0.001000
168000,0.179905,1.000000,0.201653,1.000000,832.7,0.001000
168100,0.305052,0.995726,0.352948,0.982206,833.2,0.001000
168200,0.127886,1.000000,0.139019,1.000000,833.7,0.001000
168300,1.511017,0.586182,1.588773,0.560142,834.2,0.001000
168400,0.185641,0.999288,0.212820,0.999288,834.7,0.001000
168500,0.126688,1.000000,0.138873,1.000000,835.2,0.001000
168600,0.127287,1.000000,0.143222,1.000000,835.7,0.001000
168700,0.133815,1.000000,0.146770,1.000000,836.2,0.001000
168800,0.135939,1.000000,0.147766,1.000000,836.7,0.001000
168900,0.380174,0.992165,0.420822,0.991459,837.2,0.001000
169000,1.323151,0.635328,1.420654,0.622064,837.7,0.001000
169100,0.228993,1.000000,0.264701,0.999288,838.2,0.001000
169200,0.129651,1.000000,0.143235,1.000000,838.7,0.001000
169300,0.169697,0.999288,0.190675,1.000000,839.2,0.001000
169400,0.156561,1.000000,0.181221,0.998577,839.7,0.001000
169500,0.286265,1.000000,0.312609,0.998577,840.2,0.001000
169600,0.135190,1.000000,0.153338,1.000000,840.7,0.001000
169700,1.402644,0.670228,1.462384,0.660498,841.2,0.001000
169800,0.122209,1.000000,0.134523,1.000000,841.7,0.001000
169900,0.787587,0.878205,0.878257,0.844840,842.1,0.001000
170000,0.121628,1.000000,0.139011,1.000000,842.6,0.001000
170100,0.218842,0.997863,0.272025,0.989324,843.1,0.001000
170200,0.184343,1.000000,0.211616,1.000000,843.6,0.001000
170300,0.137336,1.000000,0.151816,1.000000,844.1,0.001000
170400,0.131994,1.000000,0.145848,1.000000,844.7,0.001000
170500,0.243008,1.000000,0.280525,0.997153,845.2,0.001000
170600,0.129608,1.000000,0.148407,1.000000,845.7,0.001000
170700,0.230277,1.000000,0.254092,1.000000,846.1,0.001000
170800,0.199395,1.000000,0.229095,0.999288,846.6,0.001000
170900,0.134744,1.000000,0.152749,1.000000,847.1,0.001000
171000,0.263863,1.000000,0.294537,0.999288,847.6,0.001000
171100,0.134956,1.000000,0.146963,1.000000,848.1,0.001000
171200,0.144588,1.000000,0.164437,1.000000,848.6,0.001000
171300,0.137446,1.000000,0.153160,1.000000,849.1,0.001000
171400,0.145834,1.000000,0.158305,1.000000,849.5,0.001000
171500,0.164432,1.000000,0.192184,1.000000,850.0,0.001000
171600,0.523454,0.965100,0.569894,0.958719,850.5,0.001000
171700,0.236543,1.000000,0.273276,1.000000,851.0,0.001000
171800,0.161499,1.000000,0.182227,1.000000,851.5,0.001000
171900,0.138856,1.000000,0.153769,1.000000,852.0,0.001000
172000,1.262437,0.740029,1.383133,0.682562,852.5,0.001000
172100,0.135327,1.000000,0.151726,1.000000,853.0,0.001000
172200,0.128749,1.000000,0.144160,1.000000,853.5,0.001000
172300,0.113538,1.000000,0.125412,1.000000,854.0,0.001000
172400,0.140248,1.000000,0.152084,1.000000,854.5,0.001000
172500,0.164639,1.000000,0.184772,1.000000,855.0,0.001000
172600,0.152260,1.000000,0.175447,1.000000,855.5,0.001000
172700,0.198297,1.000000,0.218432,1.000000,856.0,0.001000
172800,0.118319,1.000000,0.131266,1.000000,856.5,0.001000
172900,0.146567,1.000000,0.160525,1.000000,857.0,0.001000
173000,0.114456,1.000000,0.127958,1.000000,857.5,0.001000
173100,0.123692,1.000000,0.137720,1.000000,858.0,0.001000
173200,0.981559,0.784188,1.073111,0.747331,858.4,0.001000
173300,0.228232,1.000000,0.255065,1.000000,858.9,0.001000
173400,0.130384,1.000000,0.147460,1.000000,859.4,0.001000
173500,0.126418,1.000000,0.139636,1.000000,859.9,0.001000
173600,0.764119,0.864672,0.854141,0.851957,860.4,0.001000
173700,0.147750,1.000000,0.161948,1.000000,860.9,0.001000
173800,0.614566,0.940171,0.661562,0.940214,861.4,0.001000
173900,2.444858,0.336182,2.597468,0.279004,861.9,0.001000
174000,0.236601,0.999288,0.270393,0.999288,862.4,0.001000
174100,2.065260,0.510684,2.139638,0.451957,862.9,0.001000
174200,0.673101,0.980057,0.758997,0.953737,863.4,0.001000
174300,0.133685,1.000000,0.146247,1.000000,863.9,0.001000
174400,0.149944,1.000000,0.166964,1.000000,864.4,0.001000
174500,0.138305,1.000000,0.151328,1.000000,864.9,0.001000
174600,0.890602,0.942308,0.992223,0.896085,865.4,0.001000
174700,0.153389,1.000000,0.171402,1.000000,865.9,0.001000
174800,0.146649,1.000000,0.167469,1.000000,866.4,0.001000
174900,0.135005,1.000000,0.148335,1.000000,866.8,0.001000
175000,0.550483,0.969373,0.589147,0.968683,867.3,0.001000
175100,0.355945,0.998576,0.401303,0.996441,867.8,0.001000
175200,0.141049,1.000000,0.159130,1.000000,868.3,0.001000
175300,0.426753,0.985755,0.482736,0.968683,868.8,0.001000
175400,0.128434,1.000000,0.145676,1.000000,869.3,0.001000
175500,0.144940,1.000000,0.159685,1.000000,869.8,0.001000
175600,0.209505,1.000000,0.237219,1.000000,870.3,0.001000
175700,0.125122,1.000000,0.140323,1.000000,870.8,0.001000
175800,0.173103,1.000000,0.204675,1.000000,871.3,0.001000
175900,0.162509,1.000000,0.184192,1.000000,871.8,0.001000
176000,0.127456,1.000000,0.140735,1.000000,872.3,0.001000
176100,0.123462,1.000000,0.138593,1.000000,872.9,0.001000
176200,0.521766,1.000000,0.570863,0.996441,873.4,0.001000
176300,0.137745,1.000000,0.158989,1.000000,873.8,0.001000
176400,0.122474,1.000000,0.136372,1.000000,874.3,0.001000
176500,0.141979,1.000000,0.155052,1.000000,874.8,0.001000
176600,0.245896,1.000000,0.276589,1.000000,875.3,0.001000
176700,0.838605,0.856838,0.898136,0.840569,875.8,0.001000
176800,0.514640,0.971510,0.586292,0.951601,876.3,0.001000
176900,0.142654,1.000000,0.158777,1.000000,876.8,0.001000
177000,0.391585,0.997151,0.455322,0.987189,877.3,0.001000
177100,0.154671,1.000000,0.175926,1.000000,877.8,0.001000
177200,0.140128,1.000000,0.154868,1.000000,878.2,0.001000
177300,0.360421,0.992165,0.415002,0.984342,878.7,0.001000
177400,0.120288,1.000000,0.132907,1.000000,879.2,0.001000
177500,1.250622,0.727208,1.306274,0.691815,879.7,0.001000
177600,0.129003,1.000000,0.144144,1.000000,880.2,0.001000
177700,0.117820,1.000000,0.130711,1.000000,880.7,0.001000
177800,0.299928,0.994302,0.338762,0.985053,881.2,0.001000
177900,0.278605,0.990741,0.329166,0.981495,881.7,0.001000
178000,0.236220,0.999288,0.276419,0.997865,882.2,0.001000
178100,0.271016,1.000000,0.310564,0.998577,882.7,0.001000
178200,0.135275,1.000000,0.152837,1.000000,883.2,0.001000
178300,0.171467,1.000000,0.184375,1.000000,883.7,0.001000
178400,0.122359,1.000000,0.134375,1.000000,884.2,0.001000
178500,0.215045,1.000000,0.239584,1.000000,884.6,0.001000
178600,0.135979,1.000000,0.152311,1.000000,885.1,0.001000
178700,0.447508,0.977920,0.470805,0.979359,885.6,0.001000
178800,1.425440,0.708689,1.580185,0.622776,886.1,0.001000
178900,0.130568,1.000000,0.142616,1.000000,886.6,0.001000
179000,1.277318,0.697293,1.315468,0.685409,887.2,0.001000
179100,0.180140,1.000000,0.208803,1.000000,887.7,0.001000
179200,2.030925,0.486467,2.130382,0.452669,888.2,0.001000
179300,0.185909,1.000000,0.212415,1.000000,888.6,0.001000
179400,1.008766,0.814815,1.111264,0.780783,889.1,0.001000
179500,0.289036,0.999288,0.324064,0.997153,889.7,0.001000
179600,0.136863,1.000000,0.154059,1.000000,890.1,0.001000
179700,1.028619,0.878917,1.134432,0.836299,890.7,0.001000
179800,0.157130,1.000000,0.173621,1.000000,891.2,0.001000
179900,0.135880,1.000000,0.147168,1.000000,891.7,0.001000
180000,0.203100,1.000000,0.231446,1.000000,892.2,0.001000
180100,0.122232,1.000000,0.135109,1.000000,892.7,0.001000
180200,0.632914,0.970798,0.705539,0.948043,893.2,0.001000
180300,0.165232,1.000000,0.187936,1.000000,893.7,0.001000
180400,0.119191,1.000000,0.131260,1.000000,894.2,0.001000
180500,0.147417,1.000000,0.158829,1.000000,894.7,0.001000
180600,0.288256,0.997151,0.317723,0.993594,895.2,0.001000
180700,0.190590,1.000000,0.221899,1.000000,895.7,0.001000
180800,0.121901,1.000000,0.134373,1.000000,896.2,0.001000
180900,0.149809,1.000000,0.169297,1.000000,896.7,0.001000
181000,0.129189,1.000000,0.144062,1.000000,897.1,0.001000
181100,0.336401,1.000000,0.366811,0.998577,897.6,0.001000
181200,0.127612,1.000000,0.139690,1.000000,898.1,0.001000
181300,0.171127,1.000000,0.196895,0.999288,898.6,0.001000
181400,0.118446,1.000000,0.129704,1.000000,899.1,0.001000
181500,1.430601,0.624644,1.573019,0.541637,899.6,0.001000
181600,0.330723,0.997863,0.381598,0.987189,900.1,0.001000
181700,0.199630,1.000000,0.224558,0.999288,900.6,0.001000
181800,0.136478,1.000000,0.152328,1.000000,901.1,0.001000
181900,0.326362,0.997151,0.359878,0.995018,901.6,0.001000
182000,0.530205,0.977208,0.607437,0.964413,902.1,0.001000
182100,0.121094,1.000000,0.133608,1.000000,902.6,0.001000
182200,0.433083,0.993590,0.490688,0.986477,903.1,0.001000
182300,0.123205,1.000000,0.138395,1.000000,903.6,0.001000
182400,0.120677,1.000000,0.132408,1.000000,904.1,0.001000
182500,0.158523,1.000000,0.182156,1.000000,904.6,0.001000
182600,0.125693,1.000000,0.140471,1.000000,905.1,0.001000
182700,0.308894,0.997151,0.349194,0.992171,905.6,0.001000
182800,0.116584,1.000000,0.128740,1.000000,906.1,0.001000
182900,0.134023,1.000000,0.145960,1.000000,906.6,0.001000
183000,0.144454,1.000000,0.162269,1.000000,907.1,0.001000
183100,0.139227,1.000000,0.150409,1.000000,907.6,0.001000
183200,0.470993,0.991453,0.528842,0.985765,908.1,0.001000
183300,0.530847,0.946581,0.599791,0.938078,908.6,0.001000
183400,0.128951,1.000000,0.146316,1.000000,909.1,0.001000
183500,0.117705,1.000000,0.130418,1.000000,909.6,0.001000
183600,0.388560,0.980769,0.440970,0.968683,910.1,0.001000
183700,0.130781,1.000000,0.145759,1.000000,910.6,0.001000
183800,0.204701,1.000000,0.228918,0.999288,911.1,0.001000
183900,0.147796,1.000000,0.168501,1.000000,911.6,0.001000
184000,0.115919,1.000000,0.125955,1.000000,912.1,0.001000
184100,0.124249,1.000000,0.139162,1.000000,912.6,0.001000
184200,0.138243,1.000000,0.151033,1.000000,913.0,0.001000
184300,0.127033,1.000000,0.139024,1.000000,913.5,0.001000
184400,0.340465,0.995726,0.382557,0.993594,914.0,0.001000
184500,0.161184,1.000000,0.183504,1.000000,914.5,0.001000
184600,0.136893,1.000000,0.148932,1.000000,915.0,0.001000
184700,0.196357,1.000000,0.222196,0.999288,915.5,0.001000
184800,0.123783,1.000000,0.136188,1.000000,916.0,0.001000
184900,1.033089,0.804131,1.092957,0.797153,916.5,0.001000
185000,0.156265,1.000000,0.180888,1.000000,916.9,0.001000
185100,0.132020,1.000000,0.144544,1.000000,917.4,0.001000
185200,0.169595,1.000000,0.191696,1.000000,918.0,0.001000
185300,0.125355,1.000000,0.137511,1.000000,918.5,0.001000
185400,0.570444,0.990029,0.633553,0.978648,919.0,0.001000
185500,0.131867,1.000000,0.143265,1.000000,919.5,0.001000
185600,0.207054,1.000000,0.225388,1.000000,920.0,0.001000
185700,0.130202,1.000000,0.147473,1.000000,920.5,0.001000
185800,0.136187,1.000000,0.147440,1.000000,921.0,0.001000
185900,0.142050,1.000000,0.158651,1.000000,921.5,0.001000
186000,0.145573,1.000000,0.158030,1.000000,922.0,0.001000
186100,0.133615,1.000000,0.144889,1.000000,922.5,0.001000
186200,0.350618,0.986467,0.381300,0.981495,923.0,0.001000
186300,0.119497,1.000000,0.131969,1.000000,923.5,0.001000
186400,0.593909,0.997151,0.657221,0.987900,924.0,0.001000
186500,0.135422,1.000000,0.146698,1.000000,924.5,0.001000
186600,0.158224,1.000000,0.175230,1.000000,924.9,0.001000
186700,0.134449,1.000000,0.147855,1.000000,925.4,0.001000
186800,0.150568,1.000000,0.161928,1.000000,926.0,0.001000
186900,0.145873,1.000000,0.164427,1.000000,926.4,0.001000
187000,0.860017,0.855413,0.965604,0.812100,926.9,0.001000
187100,0.128316,1.000000,0.142519,1.000000,927.4,0.001000
187200,0.137717,1.000000,0.149122,1.000000,927.9,0.001000
187300,1.026381,0.853276,1.168523,0.791459,928.4,0.001000
187400,0.950088,0.779202,1.023104,0.748043,928.9,0.001000
187500,0.187194,1.000000,0.211045,1.000000,929.4,0.001000
187600,0.250829,1.000000,0.280635,1.000000,929.9,0.001000
187700,0.149684,1.000000,0.167014,1.000000,930.3,0.001000
187800,2.022264,0.641026,2.035886,0.641281,930.8,0.001000
187900,0.129765,1.000000,0.143563,1.000000,931.3,0.001000
188000,0.134243,1.000000,0.146836,1.000000,931.8,0.001000
188100,1.283802,0.782764,1.381822,0.735943,932.3,0.001000
188200,0.147029,1.000000,0.162651,1.000000,932.8,0.001000
188300,0.576881,0.952991,0.650271,0.921708,933.3,0.001000
188400,0.179159,1.000000,0.202230,1.000000,933.8,0.001000
188500,0.225146,0.999288,0.258631,0.994306,934.3,0.001000
188600,0.140433,1.000000,0.155893,1.000000,934.8,0.001000
188700,0.162694,1.000000,0.183513,1.000000,935.2,0.001000
188800,0.136170,1.000000,0.146804,1.000000,935.7,0.001000
188900,0.182187,1.000000,0.204502,1.000000,936.2,0.001000
189000,0.126022,1.000000,0.139683,1.000000,936.7,0.001000
189100,0.456065,0.964387,0.486632,0.962989,937.2,0.001000
189200,0.268911,0.993590,0.292941,0.988612,937.7,0.001000
189300,0.138629,1.000000,0.155780,1.000000,938.2,0.001000
189400,0.131927,1.000000,0.142763,1.000000,938.7,0.001000
189500,0.126013,1.000000,0.140121,1.000000,939.2,0.001000
189600,0.131448,1.000000,0.142118,1.000000,939.7,0.001000
189700,0.130620,1.000000,0.144200,1.000000,940.1,0.001000
189800,1.154455,0.719373,1.263610,0.686121,940.7,0.001000
189900,0.262015,1.000000,0.292624,0.999288,941.1,0.001000
190000,1.188773,0.843305,1.267241,0.813523,941.6,0.001000
190100,0.398835,0.994302,0.449828,0.984342,942.1,0.001000
190200,0.144468,1.000000,0.164946,1.000000,942.6,0.001000
190300,0.136830,1.000000,0.148363,1.000000,943.1,0.001000
190400,0.126509,1.000000,0.140925,1.000000,943.6,0.001000
190500,0.675633,0.969373,0.749707,0.948754,944.1,0.001000
190600,0.134632,1.000000,0.147001,1.000000,944.6,0.001000
190700,0.225426,1.000000,0.248249,1.000000,945.1,0.001000
190800,0.149499,1.000000,0.168588,1.000000,945.5,0.001000
190900,0.150787,1.000000,0.162843,1.000000,946.0,0.001000
191000,0.490855,0.989316,0.554061,0.977936,946.5,0.001000
191100,0.122358,1.000000,0.134998,1.000000,947.0,0.001000
191200,0.130008,1.000000,0.145132,1.000000,947.5,0.001000
191300,0.133210,1.000000,0.146029,1.000000,948.0,0.001000
191400,0.194023,1.000000,0.221149,1.000000,948.5,0.001000
191500,0.125646,1.000000,0.137756,1.000000,949.0,0.001000
191600,0.213885,1.000000,0.244726,0.997865,949.5,0.001000
191700,0.127301,1.000000,0.139132,1.000000,950.0,0.001000
191800,0.752900,0.893875,0.848276,0.850534,950.5,0.001000
191900,0.565367,0.956553,0.626366,0.935943,951.0,0.001000
192000,0.180125,1.000000,0.210022,1.000000,951.5,0.001000
192100,0.134545,1.000000,0.147814,1.000000,952.0,0.001000
192200,0.132534,1.000000,0.149190,1.000000,952.5,0.001000
192300,0.127037,1.000000,0.137142,1.000000,953.0,0.001000
192400,0.235356,0.998576,0.267813,1.000000,953.4,0.001000
192500,0.120883,1.000000,0.134269,1.000000,953.9,0.001000
192600,0.368370,1.000000,0.414627,0.997153,954.4,0.001000
192700,0.345072,1.000000,0.373319,0.998577,954.9,0.001000
192800,0.182070,1.000000,0.201431,1.000000,955.4,0.001000
192900,0.128684,1.000000,0.138596,1.000000,955.9,0.001000
193000,0.149276,1.000000,0.159505,1.000000,956.4,0.001000
193100,0.154324,1.000000,0.174385,1.000000,956.9,0.001000
193200,0.128131,1.000000,0.138804,1.000000,957.4,0.001000
193300,1.058996,0.816239,1.085268,0.809964,957.9,0.001000
193400,0.168705,1.000000,0.195323,1.000000,958.4,0.001000
193500,0.125988,1.000000,0.139838,1.000000,958.9,0.001000
193600,0.198343,1.000000,0.220326,1.000000,959.3,0.001000
193700,0.131276,1.000000,0.144495,1.000000,959.8,0.001000
193800,0.139263,1.000000,0.157833,1.000000,960.4,0.001000
193900,0.136076,1.000000,0.147895,1.000000,960.9,0.001000
194000,1.345151,0.711538,1.445103,0.669039,961.4,0.001000
194100,0.131741,1.000000,0.147410,1.000000,961.9,0.001000
194200,0.131209,1.000000,0.143230,1.000000,962.3,0.001000
194300,0.518834,0.979345,0.584053,0.954448,962.8,0.001000
194400,0.131085,1.000000,0.150027,1.000000,963.3,0.001000
194500,0.135578,1.000000,0.148577,1.000000,963.8,0.001000
194600,0.896801,0.878205,0.985406,0.837722,964.3,0.001000
194700,0.203820,1.000000,0.234530,0.998577,964.8,0.001000
194800,0.123254,1.000000,0.135341,1.000000,965.3,0.001000
194900,0.114344,1.000000,0.127092,1.000000,965.8,0.001000
195000,0.158896,1.000000,0.172893,1.000000,966.3,0.001000
195100,0.165859,1.000000,0.184815,1.000000,966.8,0.001000
195200,0.125061,1.000000,0.136720,1.000000,967.3,0.001000
195300,0.121050,1.000000,0.134269,1.000000,967.8,0.001000
195400,0.131866,1.000000,0.142348,1.000000,968.3,0.001000
195500,0.152470,1.000000,0.163877,1.000000,968.8,0.001000
195600,0.189201,1.000000,0.215359,1.000000,969.3,0.001000
195700,1.279625,0.759971,1.386615,0.693950,969.8,0.001000
195800,0.144901,1.000000,0.162667,1.000000,970.3,0.001000
195900,0.133665,1.000000,0.144498,1.000000,970.8,0.001000
196000,0.448431,0.991453,0.511711,0.986477,971.3,0.001000
196100,0.168383,1.000000,0.190125,1.000000,971.7,0.001000
196200,0.130035,1.000000,0.142129,1.000000,972.2,0.001000
196300,0.202247,1.000000,0.226344,0.999288,972.7,0.001000
196400,0.127219,1.000000,0.138612,1.000000,973.2,0.001000
196500,0.984983,0.865385,1.038352,0.837722,973.7,0.001000
196600,0.494187,0.968661,0.551267,0.950890,974.2,0.001000
196700,0.139903,1.000000,0.155471,1.000000,974.7,0.001000
196800,0.129709,1.000000,0.142400,1.000000,975.2,0.001000
196900,0.199565,1.000000,0.233573,0.998577,975.7,0.001000
197000,0.123939,1.000000,0.137742,1.000000,976.2,0.001000
197100,0.148610,1.000000,0.166415,1.000000,976.7,0.001000
197200,0.217419,1.000000,0.246452,1.000000,977.2,0.001000
197300,0.153062,1.000000,0.165944,1.000000,977.7,0.001000
197400,0.195525,1.000000,0.219227,1.000000,978.2,0.001000
197500,0.137010,1.000000,0.148972,1.000000,978.6,0.001000
197600,0.333571,0.999288,0.373327,1.000000,979.1,0.001000
197700,0.135436,1.000000,0.150830,1.000000,979.6,0.001000
197800,0.144825,1.000000,0.155395,1.000000,980.1,0.001000
197900,0.289643,0.998576,0.331991,0.996441,980.6,0.001000
198000,2.006674,0.467949,2.035748,0.452669,981.1,0.001000
198100,0.276206,1.000000,0.309604,0.999288,981.6,0.001000
198200,0.123799,1.000000,0.135039,1.000000,982.1,0.001000
198300,0.147687,1.000000,0.167208,1.000000,982.5,0.001000
198400,0.124792,1.000000,0.134962,1.000000,983.0,0.001000
198500,0.192562,1.000000,0.217984,1.000000,983.5,0.001000
198600,0.124011,1.000000,0.135503,1.000000,984.0,0.001000
198700,0.140659,1.000000,0.151899,1.000000,984.5,0.001000
198800,0.121449,1.000000,0.132122,1.000000,985.0,0.001000
198900,0.212098,0.999288,0.239558,0.999288,985.5,0.001000
199000,0.132955,1.000000,0.148664,1.000000,986.0,0.001000
199100,0.135707,1.000000,0.147459,1.000000,986.5,0.001000
199200,0.149385,1.000000,0.165729,1.000000,987.0,0.001000
199300,0.123802,1.000000,0.134991,1.000000,987.4,0.001000
199400,0.148315,1.000000,0.161236,1.000000,988.0,0.001000
199500,1.494929,0.665242,1.686451,0.592883,988.4,0.001000
199600,0.636959,0.951567,0.706694,0.935231,988.9,0.001000
199700,0.546222,0.957977,0.587080,0.942349,989.4,0.001000
199800,0.243213,0.998576,0.266252,0.996441,989.9,0.001000
199900,0.245263,1.000000,0.272875,1.000000,990.4,0.001000
