step,train_loss,train_acc,test_loss,test_acc,elapsed_sec,lr
0,4.639248,0.016382,4.575994,0.018505,0.0,0.000020
100,3.001560,0.276353,5.229593,0.022776,0.5,0.001000
200,0.035142,1.000000,4.229311,0.479715,1.0,0.001000
300,0.004485,1.000000,4.363749,0.479715,1.5,0.001000
400,0.001316,1.000000,4.480148,0.479715,2.0,0.001000
500,0.000421,1.000000,4.597167,0.479715,2.5,0.001000
600,0.000139,1.000000,4.718469,0.479715,3.0,0.001000
700,0.000048,1.000000,4.855746,0.479715,3.5,0.001000
800,0.000017,1.000000,5.004138,0.479715,4.0,0.001000
900,0.000006,1.000000,5.163254,0.479715,4.4,0.001000
1000,0.000002,1.000000,5.327317,0.479715,4.9,0.001000
1100,0.000001,1.000000,5.498351,0.479715,5.4,0.001000
1200,0.000000,1.000000,5.663455,0.479715,5.9,0.001000
1300,0.000000,1.000000,5.762207,0.479715,6.4,0.001000
1400,0.000000,1.000000,5.720855,0.479715,6.9,0.001000
1500,0.000000,1.000000,5.642588,0.479715,7.4,0.001000
1600,0.000000,1.000000,5.570306,0.479715,7.9,0.001000
1700,0.000000,1.000000,5.512009,0.481139,8.4,0.001000
1800,0.000000,1.000000,5.423543,0.479715,8.9,0.001000
1900,0.000255,1.000000,6.490803,0.479715,9.4,0.001000
2000,0.000079,1.000000,6.562476,0.479715,9.9,0.001000
2100,0.000034,1.000000,6.619554,0.479715,10.4,0.001000
2200,0.000015,1.000000,6.672755,0.479715,10.9,0.001000
2300,0.000006,1.000000,6.724094,0.479715,11.4,0.001000
2400,0.000002,1.000000,6.768377,0.479715,11.9,0.001000
2500,0.000001,1.000000,6.809361,0.479715,12.4,0.001000
2600,0.000000,1.000000,6.838049,0.479715,12.9,0.001000
2700,0.000000,1.000000,6.831509,0.479715,13.4,0.001000
2800,0.000000,1.000000,6.684021,0.479715,13.9,0.001000
2900,0.000000,1.000000,6.347856,0.479715,14.4,0.001000
3000,0.000000,1.000000,5.971691,0.479715,14.8,0.001000
3100,0.000000,1.000000,5.678594,0.479715,15.3,0.001000
3200,0.000000,1.000000,5.486755,0.479715,15.8,0.001000
3300,0.000000,1.000000,5.396828,0.479715,16.3,0.001000
3400,0.000000,1.000000,5.268126,0.479715,16.8,0.001000
3500,0.000000,1.000000,5.242804,0.479715,17.3,0.001000
3600,0.000000,1.000000,5.184676,0.479715,17.8,0.001000
3700,0.000000,1.000000,5.172614,0.479715,18.3,0.001000
3800,0.000000,1.000000,5.096473,0.479715,18.8,0.001000
3900,0.000000,1.000000,5.088750,0.479715,19.3,0.001000
4000,0.000000,1.000000,5.043104,0.479715,19.8,0.001000
4100,0.000000,1.000000,5.031990,0.479715,20.3,0.001000
4200,0.000000,1.000000,5.004878,0.479715,20.8,0.001000
4300,0.000000,1.000000,5.000644,0.479715,21.3,0.001000
4400,0.000000,1.000000,4.984138,0.479715,21.8,0.001000
4500,0.000000,1.000000,4.983313,0.479715,22.3,0.001000
4600,0.000000,1.000000,4.941425,0.479715,22.8,0.001000
4700,0.000000,1.000000,4.936437,0.479715,23.3,0.001000
4800,0.000000,1.000000,4.937827,0.480427,23.7,0.001000
4900,0.000000,1.000000,4.926030,0.480427,24.2,0.001000
5000,0.000000,1.000000,4.882647,0.479715,24.7,0.001000
5100,0.000000,1.000000,4.903449,0.481851,25.2,0.001000
5200,0.000000,1.000000,4.960656,0.480427,25.7,0.001000
5300,0.000000,1.000000,4.900235,0.480427,26.2,0.001000
5400,0.000000,1.000000,4.904070,0.481139,26.7,0.001000
5500,0.000000,1.000000,4.924766,0.479715,27.2,0.001000
5600,0.000000,1.000000,4.860730,0.480427,27.7,0.001000
5700,0.000000,1.000000,4.869699,0.481139,28.2,0.001000
5800,0.000000,1.000000,4.872007,0.482562,28.7,0.001000
5900,0.000000,1.000000,4.870812,0.481139,29.1,0.001000
6000,0.000000,1.000000,4.855199,0.481139,29.6,0.001000
6100,0.000000,1.000000,4.861112,0.481139,30.1,0.001000
6200,0.000000,1.000000,4.863450,0.479715,30.6,0.001000
6300,0.000000,1.000000,4.860437,0.479715,31.1,0.001000
6400,0.000000,1.000000,4.853430,0.481139,31.6,0.001000
6500,0.000000,1.000000,4.820098,0.481139,32.1,0.001000
6600,0.000000,1.000000,4.860773,0.481139,32.6,0.001000
6700,0.000000,1.000000,4.885058,0.481139,33.1,0.001000
6800,0.000000,1.000000,4.842775,0.482562,33.6,0.001000
6900,0.000000,1.000000,4.843833,0.482562,34.1,0.001000
7000,0.000000,1.000000,4.842929,0.481139,34.6,0.001000
7100,0.000000,1.000000,4.815001,0.481139,35.1,0.001000
7200,0.000000,1.000000,4.827525,0.481139,35.6,0.001000
7300,0.000000,1.000000,4.835039,0.480427,36.1,0.001000
7400,0.000000,1.000000,4.799015,0.481139,36.6,0.001000
7500,0.000000,1.000000,4.814221,0.481139,37.1,0.001000
7600,0.000000,1.000000,4.805106,0.480427,37.6,0.001000
7700,0.000000,1.000000,4.826212,0.481851,38.1,0.001000
7800,0.000000,1.000000,4.804492,0.479715,38.6,0.001000
7900,0.000000,1.000000,4.815213,0.482562,39.1,0.001000
8000,0.000000,1.000000,4.832689,0.481139,39.6,0.001000
8100,0.000000,1.000000,4.832702,0.481851,40.1,0.001000
8200,0.000000,1.000000,4.827963,0.480427,40.6,0.001000
8300,0.000000,1.000000,4.794626,0.481139,41.1,0.001000
8400,0.000000,1.000000,4.807680,0.482562,41.5,0.001000
8500,0.000000,1.000000,4.810934,0.481139,42.0,0.001000
8600,0.000000,1.000000,4.797396,0.480427,42.5,0.001000
8700,0.000000,1.000000,4.835703,0.481139,43.0,0.001000
8800,0.000000,1.000000,4.803559,0.481851,43.5,0.001000
8900,0.000000,1.000000,4.839250,0.481851,44.0,0.001000
9000,0.000000,1.000000,4.803167,0.479715,44.5,0.001000
9100,0.000000,1.000000,4.796672,0.482562,45.0,0.001000
9200,0.000000,1.000000,4.781001,0.481851,45.5,0.001000
9300,0.000000,1.000000,4.808968,0.482562,46.0,0.001000
9400,0.000000,1.000000,4.793543,0.482562,46.5,0.001000
9500,0.000000,1.000000,4.803707,0.481139,47.0,0.001000
9600,0.000000,1.000000,4.821212,0.482562,47.5,0.001000
9700,0.000000,1.000000,4.751870,0.481851,48.0,0.001000
9800,0.000000,1.000000,4.804458,0.481851,48.4,0.001000
9900,0.000000,1.000000,4.795847,0.482562,48.9,0.001000
10000,0.000000,1.000000,4.811201,0.481851,49.4,0.001000
10100,0.000000,1.000000,4.819061,0.483986,49.9,0.001000
10200,0.000000,1.000000,4.808302,0.481139,50.4,0.001000
10300,0.000000,1.000000,4.783757,0.479715,50.9,0.001000
10400,0.000000,1.000000,4.828532,0.481139,51.4,0.001000
10500,0.000000,1.000000,4.792561,0.482562,51.9,0.001000
10600,0.000000,1.000000,4.818108,0.480427,52.4,0.001000
10700,0.000000,1.000000,4.814157,0.479715,52.8,0.001000
10800,0.000000,1.000000,4.775925,0.480427,53.3,0.001000
10900,0.000000,1.000000,4.754891,0.482562,53.8,0.001000
11000,0.000000,1.000000,4.810332,0.481851,54.3,0.001000
11100,0.000000,1.000000,4.806490,0.483274,54.8,0.001000
11200,0.000000,1.000000,4.764374,0.483274,55.3,0.001000
11300,0.000000,1.000000,4.844836,0.481851,55.8,0.001000
11400,0.000000,1.000000,4.809284,0.481851,56.3,0.001000
11500,0.000000,1.000000,4.864637,0.481139,56.8,0.001000
11600,0.000000,1.000000,4.855142,0.481851,57.2,0.001000
11700,0.000000,1.000000,4.829017,0.481851,57.7,0.001000
11800,0.000000,1.000000,4.798530,0.481851,58.2,0.001000
11900,0.000000,1.000000,4.797976,0.481851,58.7,0.001000
12000,0.000000,1.000000,4.768436,0.479715,59.2,0.001000
12100,0.000000,1.000000,4.801539,0.481851,59.7,0.001000
12200,0.000000,1.000000,4.819378,0.483274,60.2,0.001000
12300,0.000000,1.000000,4.834835,0.484698,60.7,0.001000
12400,0.000000,1.000000,4.782250,0.484698,61.2,0.001000
12500,0.000000,1.000000,4.785703,0.481139,61.7,0.001000
12600,0.000000,1.000000,4.774133,0.481139,62.2,0.001000
12700,0.000000,1.000000,4.790899,0.481851,62.7,0.001000
12800,0.000000,1.000000,4.769696,0.482562,63.2,0.001000
12900,0.000000,1.000000,4.820466,0.481139,63.7,0.001000
13000,0.000000,1.000000,4.843998,0.479715,64.2,0.001000
13100,0.000000,1.000000,4.791827,0.482562,64.7,0.001000
13200,0.000000,1.000000,4.870368,0.481851,65.2,0.001000
13300,0.000000,1.000000,4.803931,0.482562,65.7,0.001000
13400,0.000000,1.000000,4.859033,0.481851,66.2,0.001000
13500,0.000000,1.000000,4.820054,0.480427,66.7,0.001000
13600,0.000000,1.000000,4.839152,0.481851,67.2,0.001000
13700,0.000000,1.000000,4.825994,0.482562,67.7,0.001000
13800,0.000000,1.000000,4.852446,0.482562,68.2,0.001000
13900,0.000000,1.000000,4.806871,0.481139,68.7,0.001000
14000,0.000000,1.000000,4.845494,0.482562,69.2,0.001000
14100,0.000000,1.000000,4.789022,0.482562,69.7,0.001000
14200,0.000000,1.000000,4.843444,0.481851,70.2,0.001000
14300,0.000000,1.000000,4.861552,0.480427,70.7,0.001000
14400,0.000000,1.000000,4.806456,0.483986,71.2,0.001000
14500,0.000000,1.000000,4.789443,0.479715,71.7,0.001000
14600,0.000000,1.000000,4.822433,0.481139,72.2,0.001000
14700,0.000000,1.000000,4.872340,0.481139,72.7,0.001000
14800,0.000000,1.000000,4.821261,0.482562,73.2,0.001000
14900,0.000000,1.000000,4.844135,0.481139,73.7,0.001000
15000,0.000000,1.000000,4.798835,0.481851,74.2,0.001000
15100,0.000000,1.000000,4.881641,0.481139,74.7,0.001000
15200,0.000000,1.000000,4.827699,0.479715,75.1,0.001000
15300,0.000000,1.000000,4.843783,0.482562,75.7,0.001000
15400,0.000000,1.000000,4.801337,0.481139,76.1,0.001000
15500,0.000000,1.000000,4.840946,0.482562,76.7,0.001000
15600,0.000000,1.000000,4.847277,0.484698,77.2,0.001000
15700,0.000000,1.000000,4.814306,0.481139,77.7,0.001000
15800,0.000000,1.000000,4.893391,0.481139,78.1,0.001000
15900,0.000000,1.000000,4.809850,0.480427,78.6,0.001000
16000,0.000000,1.000000,4.870437,0.483274,79.1,0.001000
16100,0.000000,1.000000,4.831588,0.483986,79.6,0.001000
16200,0.000000,1.000000,4.863766,0.480427,80.1,0.001000
16300,0.000000,1.000000,4.881245,0.481851,80.6,0.001000
16400,0.000000,1.000000,4.825121,0.479715,81.1,0.001000
16500,0.000000,1.000000,4.887313,0.482562,81.6,0.001000
16600,0.000000,1.000000,4.860695,0.483986,82.1,0.001000
16700,0.000000,1.000000,4.924884,0.483986,82.7,0.001000
16800,0.000000,1.000000,4.869805,0.480427,83.1,0.001000
16900,0.000000,1.000000,4.961941,0.481139,83.6,0.001000
17000,0.000000,1.000000,4.897607,0.481139,84.1,0.001000
17100,0.000000,1.000000,4.804109,0.483986,84.6,0.001000
17200,0.131398,0.977920,19.929098,0.462633,85.1,0.001000
17300,0.082645,0.987179,23.963879,0.467616,85.6,0.001000
17400,0.073803,0.986467,30.199900,0.469039,86.1,0.001000
17500,0.099683,0.985755,28.257154,0.473310,86.7,0.001000
17600,0.028139,0.993590,34.306347,0.474733,87.2,0.001000
17700,0.186040,0.984330,35.731812,0.469039,87.7,0.001000
17800,0.009299,0.997863,39.188828,0.474021,88.1,0.001000
17900,0.011384,0.996439,42.963711,0.476157,88.7,0.001000
18000,0.019269,0.997151,46.166779,0.477580,89.2,0.001000
18100,0.004473,0.997863,47.137676,0.477580,89.7,0.001000
18200,0.065046,0.993590,51.128487,0.472598,90.1,0.001000
18300,0.011760,0.997863,48.891254,0.477580,90.6,0.001000
18400,0.040131,0.992165,50.002907,0.473310,91.1,0.001000
18500,0.020494,0.995726,56.881145,0.475445,91.6,0.001000
18600,0.050565,0.992877,57.261555,0.476157,92.1,0.001000
18700,0.006835,0.998576,56.064156,0.477580,92.6,0.001000
18800,0.013519,0.997863,57.028580,0.478292,93.1,0.001000
18900,0.008781,0.998576,58.654236,0.477580,93.6,0.001000
19000,0.025134,0.996439,59.392876,0.474733,94.1,0.001000
19100,0.037785,0.996439,58.133831,0.475445,94.6,0.001000
19200,0.022632,0.997151,57.313068,0.474021,95.1,0.001000
19300,0.019815,0.995014,58.251652,0.474021,95.6,0.001000
19400,0.002753,0.999288,63.035675,0.475445,96.1,0.001000
19500,0.000001,1.000000,64.314682,0.478292,96.6,0.001000
19600,0.000000,1.000000,64.336945,0.478292,97.1,0.001000
19700,0.000000,1.000000,64.352394,0.479004,97.5,0.001000
19800,0.000000,1.000000,64.400764,0.479004,98.0,0.001000
19900,0.000000,1.000000,64.562180,0.479004,98.5,0.001000
20000,0.000000,1.000000,64.263100,0.479715,99.0,0.001000
20100,0.000000,1.000000,63.191353,0.479715,99.5,0.001000
20200,0.000000,1.000000,59.299763,0.479715,100.0,0.001000
20300,0.000000,1.000000,51.534431,0.479715,100.5,0.001000
20400,0.000000,1.000000,37.422050,0.479715,101.0,0.001000
20500,0.093420,0.990029,29.877028,0.471174,101.4,0.001000
20600,0.001748,0.999288,55.824715,0.478292,101.9,0.001000
20700,0.000001,1.000000,56.267799,0.479715,102.4,0.001000
20800,0.000000,1.000000,56.317078,0.479715,102.9,0.001000
20900,0.000000,1.000000,56.355473,0.479715,103.4,0.001000
21000,0.000000,1.000000,56.394402,0.479715,103.9,0.001000
21100,0.000000,1.000000,56.391876,0.479715,104.4,0.001000
21200,0.000000,1.000000,56.118828,0.479715,104.9,0.001000
21300,0.000000,1.000000,55.425961,0.479715,105.4,0.001000
21400,0.000000,1.000000,52.744411,0.479715,105.9,0.001000
21500,0.000000,1.000000,46.633663,0.479715,106.4,0.001000
21600,0.000000,1.000000,34.836636,0.479715,106.9,0.001000
21700,0.000000,1.000000,20.163158,0.479715,107.4,0.001000
21800,0.000000,1.000000,10.934554,0.481139,107.9,0.001000
21900,0.000000,1.000000,7.624030,0.481139,108.4,0.001000
22000,0.000000,1.000000,6.134061,0.479715,108.9,0.001000
22100,0.000000,1.000000,5.443073,0.479715,109.3,0.001000
22200,0.000000,1.000000,5.098987,0.479715,109.9,0.001000
22300,0.000000,1.000000,4.906707,0.479715,110.4,0.001000
22400,0.000000,1.000000,4.733395,0.479715,110.8,0.001000
22500,0.000000,1.000000,4.657264,0.481139,111.3,0.001000
22600,0.000000,1.000000,4.554248,0.481139,111.8,0.001000
22700,0.000000,1.000000,4.522660,0.479715,112.3,0.001000
22800,0.000000,1.000000,4.497067,0.481139,112.8,0.001000
22900,0.000000,1.000000,4.398357,0.481139,113.3,0.001000
23000,0.000000,1.000000,4.440282,0.479715,113.8,0.001000
23100,0.000000,1.000000,4.407645,0.481139,114.3,0.001000
23200,0.000000,1.000000,4.373012,0.479715,114.8,0.001000
23300,0.000000,1.000000,4.367366,0.481139,115.3,0.001000
23400,0.000000,1.000000,4.338974,0.481139,115.8,0.001000
23500,0.000000,1.000000,4.326900,0.481139,116.3,0.001000
23600,0.000000,1.000000,4.296254,0.481139,116.8,0.001000
23700,0.000000,1.000000,4.347025,0.481139,117.3,0.001000
23800,0.000000,1.000000,4.279577,0.481139,117.8,0.001000
23900,0.000000,1.000000,4.282098,0.481139,118.3,0.001000
24000,0.000000,1.000000,4.320648,0.479715,118.8,0.001000
24100,0.000000,1.000000,4.240955,0.481139,119.3,0.001000
24200,0.000000,1.000000,4.296058,0.481139,119.8,0.001000
24300,0.000000,1.000000,4.234745,0.481139,120.3,0.001000
24400,0.000000,1.000000,4.247808,0.479715,120.9,0.001000
24500,0.000000,1.000000,4.269051,0.479715,121.4,0.001000
24600,0.000000,1.000000,4.260283,0.481139,121.9,0.001000
24700,0.000000,1.000000,4.216027,0.480427,122.4,0.001000
24800,0.000000,1.000000,4.204488,0.479715,122.9,0.001000
24900,0.000000,1.000000,4.215720,0.479715,123.4,0.001000
25000,0.000000,1.000000,4.255443,0.481139,123.9,0.001000
25100,0.000000,1.000000,4.190557,0.481139,124.3,0.001000
25200,0.000000,1.000000,4.173646,0.479715,124.8,0.001000
25300,0.000000,1.000000,4.251559,0.479715,125.3,0.001000
25400,0.000000,1.000000,4.237688,0.479715,125.8,0.001000
25500,0.000000,1.000000,4.208256,0.479715,126.3,0.001000
25600,0.000000,1.000000,4.209871,0.479715,126.8,0.001000
25700,0.000000,1.000000,4.194602,0.479715,127.3,0.001000
25800,0.000000,1.000000,4.230215,0.479715,127.8,0.001000
25900,0.000000,1.000000,4.223491,0.479715,128.3,0.001000
26000,0.000000,1.000000,4.212701,0.479715,128.8,0.001000
26100,0.000000,1.000000,4.167033,0.479715,129.3,0.001000
26200,0.000000,1.000000,4.252546,0.479715,129.8,0.001000
26300,0.000000,1.000000,4.185800,0.480427,130.3,0.001000
26400,0.000000,1.000000,4.194794,0.479715,130.8,0.001000
26500,0.000000,1.000000,4.238437,0.479715,131.3,0.001000
26600,0.000000,1.000000,4.219640,0.479715,131.8,0.001000
26700,0.000000,1.000000,4.186655,0.479715,132.3,0.001000
26800,0.000000,1.000000,4.194873,0.479715,132.8,0.001000
26900,0.000000,1.000000,4.182219,0.479715,133.3,0.001000
27000,0.000000,1.000000,4.155332,0.479715,133.8,0.001000
27100,0.000000,1.000000,4.217915,0.479715,134.3,0.001000
27200,0.000000,1.000000,4.159221,0.479715,134.8,0.001000
27300,0.000000,1.000000,4.190785,0.480427,135.3,0.001000
27400,0.000000,1.000000,4.132447,0.479715,135.8,0.001000
27500,0.000000,1.000000,4.166935,0.479715,136.3,0.001000
27600,0.000000,1.000000,4.223070,0.479715,136.8,0.001000
27700,0.000000,1.000000,4.158224,0.479715,137.3,0.001000
27800,0.000000,1.000000,4.242719,0.480427,137.8,0.001000
27900,0.000000,1.000000,4.150127,0.479715,138.3,0.001000
28000,0.000000,1.000000,4.176164,0.479715,138.8,0.001000
28100,0.000000,1.000000,4.278861,0.479715,139.3,0.001000
28200,0.000000,1.000000,4.185178,0.479715,139.8,0.001000
28300,0.000000,1.000000,4.232026,0.479715,140.3,0.001000
28400,0.000000,1.000000,4.216847,0.479715,140.8,0.001000
28500,0.000000,1.000000,4.246188,0.479715,141.3,0.001000
28600,0.000000,1.000000,4.199974,0.479715,141.8,0.001000
28700,0.000000,1.000000,4.206441,0.479715,142.3,0.001000
28800,0.000000,1.000000,4.157985,0.479715,142.8,0.001000
28900,0.000000,1.000000,4.249332,0.479715,143.3,0.001000
29000,0.000000,1.000000,4.200208,0.479715,143.8,0.001000
29100,0.000000,1.000000,4.189817,0.479715,144.3,0.001000
29200,0.000000,1.000000,4.202376,0.479715,144.8,0.001000
29300,0.000000,1.000000,4.175260,0.479715,145.3,0.001000
29400,0.000000,1.000000,4.221412,0.479715,145.8,0.001000
29500,0.000000,1.000000,4.211227,0.479715,146.3,0.001000
29600,0.000000,1.000000,4.157391,0.481139,146.9,0.001000
29700,0.000000,1.000000,4.190576,0.479715,147.3,0.001000
29800,0.000000,1.000000,4.174999,0.479715,147.8,0.001000
29900,0.000000,1.000000,4.384419,0.481139,148.3,0.001000
30000,0.000000,1.000000,4.278344,0.479715,148.8,0.001000
30100,0.000000,1.000000,4.176474,0.479715,149.3,0.001000
30200,0.000000,1.000000,4.197272,0.479715,149.8,0.001000
30300,0.000000,1.000000,4.212424,0.479715,150.3,0.001000
30400,0.000000,1.000000,4.222216,0.479715,150.8,0.001000
30500,0.000000,1.000000,4.277899,0.479715,151.3,0.001000
30600,0.000000,1.000000,4.182918,0.479715,151.8,0.001000
30700,0.000000,1.000000,4.185558,0.479715,152.3,0.001000
30800,0.000000,1.000000,4.206126,0.479715,152.8,0.001000
30900,0.000000,1.000000,4.222579,0.479715,153.3,0.001000
31000,0.000000,1.000000,4.208776,0.479715,153.8,0.001000
31100,0.000000,1.000000,4.263376,0.479715,154.2,0.001000
31200,0.000000,1.000000,4.180839,0.479715,154.7,0.001000
31300,0.000000,1.000000,4.216084,0.479715,155.2,0.001000
31400,0.000000,1.000000,4.143670,0.479715,155.7,0.001000
31500,0.000000,1.000000,4.203808,0.479715,156.2,0.001000
31600,0.000000,1.000000,4.249918,0.479715,156.7,0.001000
31700,0.000000,1.000000,4.205924,0.479715,157.2,0.001000
31800,0.000000,1.000000,4.200144,0.479715,157.7,0.001000
31900,0.000000,1.000000,4.196932,0.479715,158.2,0.001000
32000,0.022553,0.995726,27.864763,0.479004,158.7,0.001000
32100,0.040820,0.993590,48.999687,0.476868,159.2,0.001000
32200,0.038143,0.995726,53.739220,0.474733,159.7,0.001000
32300,0.060301,0.991453,58.588169,0.473310,160.2,0.001000
32400,0.148579,0.990029,63.342232,0.474733,160.7,0.001000
32500,0.016441,0.995014,64.723907,0.481139,161.2,0.001000
32600,0.051295,0.994302,73.316017,0.474733,161.7,0.001000
32700,0.054837,0.995014,87.125389,0.474733,162.1,0.001000
32800,0.034847,0.995726,67.482910,0.475445,162.6,0.001000
32900,0.018186,0.997151,68.924835,0.479004,163.1,0.001000
33000,0.040370,0.997151,85.202362,0.476157,163.6,0.001000
33100,0.013182,0.998576,88.101799,0.481851,164.1,0.001000
33200,0.000013,1.000000,83.296227,0.479004,164.6,0.001000
33300,0.000000,1.000000,85.945427,0.479004,165.1,0.001000
33400,0.000000,1.000000,86.170570,0.479004,165.6,0.001000
33500,0.000000,1.000000,86.386322,0.479715,166.1,0.001000
33600,0.000000,1.000000,86.540962,0.479715,166.5,0.001000
33700,0.000000,1.000000,86.620346,0.479715,167.0,0.001000
33800,0.000000,1.000000,85.664299,0.479715,167.5,0.001000
33900,0.000000,1.000000,84.041679,0.479715,168.0,0.001000
34000,0.000000,1.000000,79.609169,0.479715,168.5,0.001000
34100,0.000000,1.000000,67.630569,0.479715,169.0,0.001000
34200,0.000000,1.000000,49.704292,0.479715,169.5,0.001000
34300,0.014917,0.997151,42.481438,0.476157,170.0,0.001000
34400,0.067230,0.998576,83.448395,0.478292,170.5,0.001000
34500,0.129717,0.990029,74.951279,0.473310,171.0,0.001000
34600,0.055185,0.995726,83.882553,0.477580,171.5,0.001000
34700,0.014523,0.998576,85.663414,0.479004,172.0,0.001000
34800,0.051858,0.996439,76.558998,0.475445,172.5,0.001000
34900,0.071133,0.997863,84.272537,0.479004,172.9,0.001000
35000,0.004424,0.997863,78.917160,0.479004,173.4,0.001000
35100,0.000000,1.000000,84.375809,0.479715,173.9,0.001000
35200,0.000000,1.000000,84.556015,0.479715,174.4,0.001000
35300,0.000000,1.000000,84.706635,0.479715,174.9,0.001000
35400,0.000000,1.000000,84.814972,0.479715,175.4,0.001000
35500,0.000000,1.000000,84.873924,0.479715,175.9,0.001000
35600,0.000000,1.000000,84.401230,0.479715,176.4,0.001000
35700,0.000000,1.000000,83.376404,0.479715,176.9,0.001000
35800,0.000000,1.000000,81.706932,0.479715,177.4,0.001000
35900,0.000000,1.000000,74.771523,0.479715,177.9,0.001000
36000,0.000000,1.000000,60.355671,0.479715,178.4,0.001000
36100,0.000000,1.000000,41.283543,0.479715,178.8,0.001000
36200,0.023349,0.998576,85.197540,0.478292,179.3,0.001000
36300,0.050049,0.997151,93.511925,0.475445,179.8,0.001000
36400,0.036366,0.995726,87.863869,0.478292,180.3,0.001000
36500,0.000207,1.000000,88.749512,0.480427,180.8,0.001000
36600,0.014022,0.996439,91.379677,0.478292,181.3,0.001000
36700,0.021528,0.997863,90.062607,0.479715,181.8,0.001000
36800,0.000004,1.000000,95.123108,0.479004,182.3,0.001000
36900,0.016202,0.999288,97.086433,0.477580,182.7,0.001000
37000,0.027696,0.997863,96.084076,0.478292,183.2,0.001000
37100,0.013532,0.996439,92.822388,0.477580,183.7,0.001000
37200,0.025857,0.997863,90.620926,0.478292,184.2,0.001000
37300,0.004155,0.998576,94.398117,0.480427,184.7,0.001000
37400,0.005907,0.998576,93.807007,0.479715,185.2,0.001000
37500,0.008356,0.997863,94.920326,0.475445,185.7,0.001000
37600,0.056646,0.996439,95.873863,0.476868,186.2,0.001000
37700,0.000001,1.000000,94.846672,0.479004,186.7,0.001000
37800,0.000000,1.000000,95.064423,0.481139,187.1,0.001000
37900,0.000000,1.000000,95.122116,0.481139,187.6,0.001000
38000,0.000000,1.000000,95.184608,0.481139,188.2,0.001000
38100,0.000000,1.000000,95.260063,0.481139,188.7,0.001000
38200,0.000000,1.000000,95.335800,0.481139,189.2,0.001000
38300,0.000000,1.000000,95.352112,0.481139,189.7,0.001000
38400,0.000000,1.000000,94.829903,0.481139,190.2,0.001000
38500,0.000000,1.000000,91.983521,0.481139,190.7,0.001000
38600,0.000000,1.000000,85.915649,0.481139,191.1,0.001000
38700,0.072994,0.995014,87.761864,0.476868,191.6,0.001000
38800,0.000103,1.000000,89.380585,0.479715,192.1,0.001000
38900,0.004972,0.999288,91.108910,0.478292,192.6,0.001000
39000,0.030928,0.997151,96.559052,0.479004,193.1,0.001000
39100,0.001853,0.999288,94.172951,0.480427,193.6,0.001000
39200,0.000181,1.000000,98.148308,0.481139,194.1,0.001000
39300,0.000333,1.000000,96.032051,0.480427,194.6,0.001000
39400,0.026430,0.997863,93.497772,0.479715,195.1,0.001000
39500,0.037644,0.998576,93.013969,0.481139,195.6,0.001000
39600,0.017097,0.996439,96.673241,0.477580,196.1,0.001000
39700,0.004768,0.997863,93.688446,0.480427,196.6,0.001000
39800,0.000017,1.000000,93.342918,0.483986,197.1,0.001000
39900,0.003806,0.998576,98.874489,0.481139,197.7,0.001000
40000,0.007665,0.999288,97.797043,0.479004,198.2,0.001000
40100,0.089573,0.993590,96.912575,0.480427,198.7,0.001000
40200,0.000001,1.000000,93.294792,0.479004,199.3,0.001000
40300,0.000000,1.000000,93.339905,0.480427,199.8,0.001000
40400,0.000000,1.000000,93.297050,0.480427,200.3,0.001000
40500,0.000000,1.000000,93.256737,0.480427,200.8,0.001000
40600,0.000000,1.000000,93.212891,0.480427,201.2,0.001000
40700,0.000000,1.000000,93.102356,0.480427,201.8,0.001000
40800,0.000000,1.000000,92.854805,0.480427,202.3,0.001000
40900,0.000000,1.000000,92.415413,0.479715,202.8,0.001000
41000,0.000000,1.000000,90.848549,0.479715,203.3,0.001000
41100,0.000000,1.000000,87.226677,0.479715,203.8,0.001000
41200,0.024624,0.997151,92.203865,0.476868,204.3,0.001000
41300,0.007096,0.998576,87.893471,0.481139,204.8,0.001000
41400,0.000078,1.000000,90.312630,0.481139,205.3,0.001000
41500,0.000000,1.000000,89.965820,0.480427,205.8,0.001000
41600,0.000000,1.000000,89.928581,0.480427,206.3,0.001000
41700,0.000000,1.000000,89.901596,0.480427,206.8,0.001000
41800,0.000000,1.000000,89.901611,0.480427,207.3,0.001000
41900,0.000000,1.000000,90.043221,0.480427,207.8,0.001000
42000,0.000000,1.000000,90.199280,0.480427,208.3,0.001000
42100,0.000000,1.000000,89.658981,0.481139,208.8,0.001000
42200,0.000000,1.000000,87.426048,0.481139,209.3,0.001000
42300,0.000000,1.000000,81.515862,0.481851,209.8,0.001000
42400,0.000000,1.000000,74.842308,0.482562,210.3,0.001000
42500,0.016689,0.997863,86.208878,0.481139,210.8,0.001000
42600,0.000543,1.000000,88.296684,0.481851,211.3,0.001000
42700,0.000000,1.000000,84.974258,0.480427,211.9,0.001000
42800,0.000000,1.000000,84.954933,0.480427,212.4,0.001000
42900,0.000000,1.000000,84.938103,0.480427,212.9,0.001000
43000,0.000000,1.000000,84.913719,0.481139,213.4,0.001000
43100,0.000000,1.000000,84.898079,0.481139,214.0,0.001000
43200,0.000000,1.000000,84.789360,0.481139,214.5,0.001000
43300,0.000000,1.000000,84.361511,0.481139,215.0,0.001000
43400,0.000000,1.000000,82.373039,0.481139,215.5,0.001000
43500,0.000000,1.000000,75.554596,0.482562,216.1,0.001000
43600,0.061107,0.997863,74.627876,0.476868,216.6,0.001000
43700,0.000000,1.000000,83.757698,0.481139,217.1,0.001000
43800,0.000000,1.000000,83.754868,0.481139,217.6,0.001000
43900,0.000000,1.000000,83.731323,0.480427,218.1,0.001000
44000,0.000000,1.000000,83.688438,0.481139,218.6,0.001000
44100,0.000000,1.000000,83.634911,0.481139,219.0,0.001000
44200,0.000000,1.000000,83.453499,0.481139,219.5,0.001000
44300,0.000000,1.000000,82.778046,0.481139,220.1,0.001000
44400,0.000000,1.000000,81.086296,0.481139,220.6,0.001000
44500,0.000000,1.000000,77.726219,0.481139,221.1,0.001000
44600,0.000080,1.000000,82.298363,0.480427,221.6,0.001000
44700,0.034490,0.997863,83.524300,0.481851,222.1,0.001000
44800,0.000003,1.000000,82.706848,0.480427,222.6,0.001000
44900,0.000000,1.000000,82.691467,0.482562,223.1,0.001000
45000,0.000000,1.000000,82.665329,0.482562,223.6,0.001000
45100,0.000000,1.000000,82.648140,0.482562,224.1,0.001000
45200,0.000000,1.000000,82.629402,0.482562,224.6,0.001000
45300,0.000000,1.000000,82.519737,0.482562,225.1,0.001000
45400,0.000000,1.000000,82.332420,0.482562,225.6,0.001000
45500,0.000000,1.000000,81.953857,0.482562,226.1,0.001000
45600,0.000000,1.000000,79.818787,0.482562,226.6,0.001000
45700,0.000000,1.000000,73.591080,0.482562,227.1,0.001000
45800,0.039389,0.997863,71.674202,0.479004,227.6,0.001000
45900,0.007555,0.998576,78.460159,0.483986,228.1,0.001000
46000,0.000002,1.000000,79.397606,0.481139,228.6,0.001000
46100,0.000000,1.000000,79.462608,0.481851,229.1,0.001000
46200,0.000000,1.000000,79.410614,0.481851,229.6,0.001000
46300,0.000000,1.000000,79.360374,0.481851,230.1,0.001000
46400,0.000000,1.000000,79.348808,0.481851,230.6,0.001000
46500,0.000000,1.000000,79.311211,0.481851,231.1,0.001000
46600,0.000000,1.000000,79.208008,0.481851,231.6,0.001000
46700,0.000000,1.000000,78.415283,0.481851,232.1,0.001000
46800,0.000000,1.000000,76.789383,0.481851,232.6,0.001000
46900,0.000000,1.000000,71.040733,0.483986,233.1,0.001000
47000,0.003885,0.999288,72.618317,0.481851,233.6,0.001000
47100,0.000066,1.000000,76.211685,0.485409,234.1,0.001000
47200,0.000000,1.000000,76.102615,0.485409,234.6,0.001000
47300,0.000000,1.000000,76.046227,0.485409,235.1,0.001000
47400,0.000000,1.000000,75.990105,0.485409,235.6,0.001000
47500,0.000000,1.000000,75.928871,0.485409,236.1,0.001000
47600,0.000000,1.000000,75.815460,0.485409,236.6,0.001000
47700,0.000000,1.000000,75.560791,0.484698,237.1,0.001000
47800,0.000000,1.000000,74.896049,0.483986,237.6,0.001000
47900,0.000000,1.000000,72.991615,0.483274,238.1,0.001000
48000,0.000000,1.000000,65.988495,0.486833,238.6,0.001000
48100,0.028499,0.997151,68.674141,0.479004,239.1,0.001000
48200,0.000001,1.000000,68.527817,0.482562,239.6,0.001000
48300,0.000000,1.000000,68.522476,0.482562,240.1,0.001000
48400,0.000000,1.000000,68.505501,0.482562,240.6,0.001000
48500,0.000000,1.000000,68.479240,0.482562,241.1,0.001000
48600,0.000000,1.000000,68.443893,0.482562,241.6,0.001000
48700,0.000000,1.000000,68.378441,0.482562,242.1,0.001000
48800,0.000000,1.000000,68.144569,0.483274,242.6,0.001000
48900,0.000000,1.000000,67.214020,0.482562,243.1,0.001000
49000,0.000000,1.000000,65.306854,0.482562,243.6,0.001000
49100,0.001075,0.999288,70.832031,0.484698,244.1,0.001000
49200,0.000000,1.000000,71.147484,0.486833,244.6,0.001000
49300,0.000000,1.000000,71.132721,0.486833,245.1,0.001000
49400,0.000000,1.000000,71.126007,0.486833,245.6,0.001000
49500,0.000000,1.000000,71.111870,0.486833,246.1,0.001000
49600,0.000000,1.000000,71.077194,0.486833,246.6,0.001000
49700,0.000000,1.000000,70.929657,0.486833,247.1,0.001000
49800,0.000000,1.000000,70.806396,0.486833,247.6,0.001000
49900,0.000000,1.000000,70.132286,0.486833,248.1,0.001000
50000,0.000000,1.000000,67.392578,0.486833,248.6,0.001000
50100,0.003461,0.999288,71.902390,0.481139,249.1,0.001000
50200,0.000003,1.000000,71.607643,0.483986,249.6,0.001000
50300,0.000000,1.000000,71.671822,0.483986,250.1,0.001000
50400,0.000000,1.000000,71.563339,0.483986,250.6,0.001000
50500,0.000000,1.000000,71.366234,0.483986,251.1,0.001000
50600,0.000000,1.000000,71.106308,0.483986,251.6,0.001000
50700,0.000000,1.000000,70.830841,0.483274,252.1,0.001000
50800,0.000000,1.000000,70.402489,0.483274,252.6,0.001000
50900,0.000003,1.000000,69.086838,0.483274,253.2,0.001000
51000,0.025080,0.997151,71.133743,0.485409,253.7,0.001000
51100,0.013776,0.998576,72.394981,0.480427,254.2,0.001000
51200,0.011066,0.999288,72.470375,0.481139,254.7,0.001000
51300,0.000000,1.000000,72.632919,0.483986,255.2,0.001000
51400,0.000000,1.000000,72.559738,0.484698,255.7,0.001000
51500,0.000000,1.000000,72.487610,0.485409,256.2,0.001000
51600,0.000000,1.000000,72.417023,0.485409,256.7,0.001000
51700,0.000000,1.000000,72.339088,0.485409,257.2,0.001000
51800,0.000000,1.000000,72.204124,0.485409,257.7,0.001000
51900,0.000000,1.000000,72.224724,0.485409,258.2,0.001000
52000,0.000000,1.000000,71.854141,0.483986,258.7,0.001000
52100,0.000000,1.000000,70.537727,0.484698,259.2,0.001000
52200,0.035201,0.995014,68.606903,0.479004,259.7,0.001000
52300,0.025790,0.997863,68.731789,0.483274,260.2,0.001000
52400,0.012709,0.998576,70.470360,0.480427,260.7,0.001000
52500,0.011716,0.998576,72.487251,0.481851,261.2,0.001000
52600,0.000024,1.000000,67.037498,0.481851,261.8,0.001000
52700,0.000005,1.000000,67.256348,0.486121,262.2,0.001000
52800,0.008173,0.997863,67.616409,0.480427,262.8,0.001000
52900,0.000311,1.000000,66.910576,0.481851,263.3,0.001000
53000,0.000000,1.000000,66.857376,0.483274,263.8,0.001000
53100,0.000000,1.000000,66.777260,0.483274,264.3,0.001000
53200,0.000000,1.000000,66.704842,0.483274,264.8,0.001000
53300,0.000000,1.000000,66.648796,0.483274,265.3,0.001000
53400,0.000000,1.000000,66.554863,0.483274,265.9,0.001000
53500,0.000000,1.000000,66.263290,0.483274,266.4,0.001000
53600,0.000000,1.000000,65.407600,0.484698,266.9,0.001000
53700,0.000000,1.000000,63.435261,0.485409,267.4,0.001000
53800,0.000000,1.000000,56.698772,0.483986,267.9,0.001000
53900,0.000663,0.999288,65.311012,0.482562,268.4,0.001000
54000,0.008922,0.999288,64.648407,0.482562,268.9,0.001000
54100,0.000000,1.000000,64.992523,0.490391,269.4,0.001000
54200,0.000000,1.000000,64.946320,0.490391,269.9,0.001000
54300,0.000000,1.000000,64.896103,0.490391,270.4,0.001000
54400,0.000000,1.000000,64.854286,0.490391,270.9,0.001000
54500,0.000000,1.000000,64.774635,0.490391,271.4,0.001000
54600,0.000000,1.000000,64.573540,0.490391,271.9,0.001000
54700,0.000000,1.000000,64.144859,0.490391,272.4,0.001000
54800,0.000000,1.000000,62.836937,0.489680,272.9,0.001000
54900,0.000000,1.000000,54.878746,0.488968,273.3,0.001000
55000,0.002592,0.999288,62.139965,0.481851,273.8,0.001000
55100,0.020047,0.998576,64.882988,0.481139,274.3,0.001000
55200,0.000006,1.000000,64.097771,0.487544,274.8,0.001000
55300,0.000000,1.000000,64.231148,0.489680,275.3,0.001000
55400,0.000000,1.000000,64.138329,0.489680,275.8,0.001000
55500,0.000000,1.000000,64.053101,0.489680,276.3,0.001000
55600,0.000000,1.000000,63.966591,0.489680,276.8,0.001000
55700,0.000000,1.000000,63.871559,0.489680,277.3,0.001000
55800,0.000000,1.000000,63.776779,0.489680,277.9,0.001000
55900,0.000000,1.000000,63.517700,0.490391,278.3,0.001000
56000,0.000000,1.000000,62.461754,0.492527,278.8,0.001000
56100,0.076261,0.993590,61.150318,0.485409,279.3,0.001000
56200,0.000000,1.000000,59.215668,0.485409,279.8,0.001000
56300,0.000000,1.000000,59.189617,0.485409,280.3,0.001000
56400,0.000000,1.000000,59.145924,0.485409,280.8,0.001000
56500,0.000000,1.000000,59.102474,0.485409,281.3,0.001000
56600,0.000000,1.000000,59.043221,0.485409,281.8,0.001000
56700,0.000000,1.000000,58.912254,0.485409,282.3,0.001000
56800,0.000000,1.000000,58.525879,0.485409,282.8,0.001000
56900,0.000000,1.000000,57.358902,0.486121,283.3,0.001000
57000,0.000000,1.000000,54.264687,0.490391,283.8,0.001000
57100,0.104312,0.998576,57.281494,0.486121,284.3,0.001000
57200,0.017068,0.998576,57.327324,0.484698,284.8,0.001000
57300,0.000000,1.000000,58.425613,0.485409,285.3,0.001000
57400,0.000000,1.000000,58.370552,0.485409,285.8,0.001000
57500,0.000000,1.000000,58.317509,0.485409,286.3,0.001000
57600,0.000000,1.000000,58.301334,0.484698,286.8,0.001000
57700,0.000000,1.000000,58.321178,0.484698,287.3,0.001000
57800,0.000000,1.000000,58.342472,0.484698,287.8,0.001000
57900,0.000000,1.000000,57.726212,0.484698,288.2,0.001000
58000,0.000000,1.000000,55.903507,0.484698,288.8,0.001000
58100,0.000585,1.000000,56.236671,0.487544,289.2,0.001000
58200,0.000000,1.000000,55.441593,0.491103,289.7,0.001000
58300,0.000000,1.000000,55.354706,0.491103,290.2,0.001000
58400,0.000000,1.000000,55.258503,0.491103,290.7,0.001000
58500,0.000000,1.000000,55.147007,0.491103,291.3,0.001000
58600,0.000000,1.000000,54.988071,0.491103,291.7,0.001000
58700,0.000000,1.000000,54.720387,0.490391,292.3,0.001000
58800,0.000000,1.000000,54.309204,0.491103,292.8,0.001000
58900,0.000000,1.000000,53.043762,0.492527,293.3,0.001000
59000,0.000000,1.000000,49.380531,0.493238,293.7,0.001000
59100,0.000146,1.000000,52.317711,0.484698,294.2,0.001000
59200,0.000000,1.000000,51.837040,0.486833,294.7,0.001000
59300,0.000000,1.000000,51.751892,0.486833,295.2,0.001000
59400,0.000000,1.000000,51.684715,0.487544,295.7,0.001000
59500,0.000000,1.000000,51.518082,0.487544,296.2,0.001000
59600,0.000000,1.000000,51.362656,0.487544,296.7,0.001000
59700,0.000000,1.000000,50.975857,0.487544,297.2,0.001000
59800,0.000000,1.000000,50.409187,0.487544,297.7,0.001000
59900,0.033199,0.995726,51.474148,0.482562,298.2,0.001000
60000,0.002021,0.999288,53.600811,0.489680,298.7,0.001000
60100,0.000004,1.000000,55.911087,0.488256,299.2,0.001000
60200,0.000000,1.000000,55.821167,0.488256,299.7,0.001000
60300,0.000000,1.000000,55.748951,0.487544,300.2,0.001000
60400,0.000000,1.000000,55.675129,0.487544,300.7,0.001000
60500,0.000000,1.000000,55.599739,0.487544,301.2,0.001000
60600,0.000000,1.000000,55.488697,0.487544,301.7,0.001000
60700,0.000000,1.000000,55.243317,0.487544,302.2,0.001000
60800,0.000000,1.000000,54.430370,0.487544,302.7,0.001000
60900,0.000000,1.000000,51.643787,0.486833,303.2,0.001000
61000,0.006126,0.997863,50.678413,0.497509,303.7,0.001000
61100,0.000000,1.000000,53.924011,0.498932,304.2,0.001000
61200,0.000000,1.000000,53.808685,0.498221,304.7,0.001000
61300,0.000000,1.000000,53.672466,0.498221,305.2,0.001000
61400,0.000000,1.000000,53.596237,0.498221,305.7,0.001000
61500,0.000000,1.000000,53.480255,0.497509,306.2,0.001000
61600,0.000000,1.000000,53.301090,0.498221,306.7,0.001000
61700,0.000000,1.000000,53.017784,0.498221,307.2,0.001000
61800,0.000000,1.000000,51.888500,0.497509,307.7,0.001000
61900,0.010586,0.999288,52.661304,0.489680,308.2,0.001000
62000,0.000000,1.000000,51.992821,0.498932,308.7,0.001000
62100,0.000000,1.000000,51.883862,0.498221,309.2,0.001000
62200,0.000000,1.000000,51.797398,0.498221,309.7,0.001000
62300,0.000000,1.000000,51.707962,0.498221,310.2,0.001000
62400,0.000000,1.000000,51.601078,0.499644,310.8,0.001000
62500,0.000000,1.000000,51.351086,0.498932,311.3,0.001000
62600,0.000000,1.000000,50.874271,0.498932,311.8,0.001000
62700,0.000000,1.000000,49.355862,0.500356,312.3,0.001000
62800,0.040599,0.997863,45.336231,0.492527,312.8,0.001000
62900,0.004715,0.998576,49.078403,0.490391,313.3,0.001000
63000,0.000000,1.000000,48.613247,0.491815,313.8,0.001000
63100,0.000000,1.000000,48.559242,0.491815,314.3,0.001000
63200,0.000000,1.000000,48.518162,0.491815,314.8,0.001000
63300,0.000000,1.000000,48.462708,0.492527,315.3,0.001000
63400,0.000000,1.000000,48.341583,0.492527,315.8,0.001000
63500,0.000000,1.000000,47.978474,0.492527,316.3,0.001000
63600,0.000000,1.000000,47.123859,0.492527,316.8,0.001000
63700,0.000000,1.000000,45.565987,0.491815,317.3,0.001000
63800,0.031088,0.995726,47.024784,0.495374,317.8,0.001000
63900,0.000001,1.000000,47.957722,0.496797,318.3,0.001000
64000,0.000000,1.000000,48.048210,0.493238,318.8,0.001000
64100,0.000000,1.000000,47.992443,0.493238,319.3,0.001000
64200,0.000000,1.000000,47.933434,0.493238,319.9,0.001000
64300,0.000000,1.000000,47.883228,0.493238,320.4,0.001000
64400,0.000000,1.000000,47.760265,0.493238,320.9,0.001000
64500,0.000000,1.000000,47.568092,0.493238,321.4,0.001000
64600,0.000000,1.000000,46.862267,0.493238,321.9,0.001000
64700,0.000000,1.000000,44.616516,0.493238,322.4,0.001000
64800,0.000000,1.000000,35.751965,0.493238,322.9,0.001000
64900,0.000055,1.000000,43.256882,0.489680,323.4,0.001000
65000,0.000000,1.000000,43.002350,0.492527,323.9,0.001000
65100,0.000000,1.000000,42.971088,0.492527,324.4,0.001000
65200,0.000000,1.000000,42.938583,0.492527,324.9,0.001000
65300,0.000000,1.000000,42.937702,0.492527,325.4,0.001000
65400,0.000000,1.000000,42.860558,0.490391,325.9,0.001000
65500,0.000000,1.000000,42.426140,0.490391,326.4,0.001000
65600,0.000000,1.000000,40.989220,0.491103,326.9,0.001000
65700,0.002834,0.998576,41.170017,0.501779,327.4,0.001000
65800,0.017196,0.998576,42.461006,0.492527,327.9,0.001000
65900,0.000000,1.000000,43.167027,0.491103,328.4,0.001000
66000,0.000000,1.000000,43.087795,0.491103,328.9,0.001000
66100,0.000000,1.000000,43.203911,0.491103,329.4,0.001000
66200,0.000000,1.000000,43.040142,0.491103,329.9,0.001000
66300,0.000000,1.000000,42.632046,0.491103,330.4,0.001000
66400,0.000000,1.000000,42.297413,0.490391,330.9,0.001000
66500,0.000000,1.000000,41.391357,0.491103,331.4,0.001000
66600,0.000000,1.000000,39.128422,0.491103,331.9,0.001000
66700,0.005010,0.997863,42.028038,0.491815,332.4,0.001000
66800,0.000001,1.000000,42.438950,0.493238,332.9,0.001000
66900,0.000000,1.000000,42.192589,0.493238,333.4,0.001000
67000,0.000000,1.000000,42.158600,0.493238,333.9,0.001000
67100,0.000000,1.000000,42.135933,0.493238,334.5,0.001000
67200,0.000000,1.000000,42.035084,0.493238,335.0,0.001000
67300,0.000000,1.000000,41.834290,0.493238,335.6,0.001000
67400,0.000000,1.000000,41.424637,0.493238,336.1,0.001000
67500,0.000000,1.000000,40.867859,0.492527,336.6,0.001000
67600,0.000000,1.000000,38.315971,0.490391,337.1,0.001000
67700,0.003745,0.999288,41.859940,0.494662,337.6,0.001000
67800,0.000000,1.000000,41.451092,0.501068,338.0,0.001000
67900,0.000000,1.000000,41.401531,0.501068,338.5,0.001000
68000,0.000000,1.000000,41.372543,0.500356,339.1,0.001000
68100,0.000000,1.000000,41.057549,0.498932,339.6,0.001000
68200,0.000000,1.000000,40.764927,0.501068,340.1,0.001000
68300,0.000000,1.000000,40.431915,0.501068,340.6,0.001000
68400,0.000000,1.000000,39.673775,0.500356,341.1,0.001000
68500,0.000000,1.000000,37.574974,0.496797,341.6,0.001000
68600,0.013149,0.997863,35.426289,0.506762,342.1,0.001000
68700,0.000002,1.000000,38.682026,0.517438,342.6,0.001000
68800,0.000000,1.000000,39.179386,0.516014,343.1,0.001000
68900,0.000000,1.000000,39.223438,0.515302,343.6,0.001000
69000,0.000000,1.000000,39.219425,0.515302,344.1,0.001000
69100,0.000000,1.000000,39.260761,0.515302,344.6,0.001000
69200,0.000000,1.000000,38.984863,0.513879,345.1,0.001000
69300,0.000000,1.000000,38.329514,0.512456,345.6,0.001000
69400,0.000000,1.000000,37.032593,0.514591,346.1,0.001000
69500,0.000000,1.000000,33.783604,0.515302,346.6,0.001000
69600,0.000000,1.000000,26.743755,0.515302,347.1,0.001000
69700,0.007737,0.998576,33.035789,0.506050,347.6,0.001000
69800,0.012028,0.999288,35.531570,0.501779,348.1,0.001000
69900,0.000021,1.000000,34.771412,0.508185,348.6,0.001000
70000,0.000019,1.000000,35.115746,0.505338,349.1,0.001000
70100,0.022705,0.999288,33.461250,0.512456,349.6,0.001000
70200,0.059264,0.997151,35.720352,0.501779,350.1,0.001000
70300,0.030945,0.995726,35.740921,0.503915,350.6,0.001000
70400,0.000001,1.000000,36.091328,0.508185,351.1,0.001000
70500,0.000000,1.000000,36.030678,0.507473,351.6,0.001000
70600,0.000000,1.000000,35.983871,0.507473,352.1,0.001000
70700,0.000000,1.000000,35.925117,0.507473,352.6,0.001000
70800,0.000000,1.000000,35.862057,0.507473,353.1,0.001000
70900,0.000000,1.000000,35.735210,0.507473,353.6,0.001000
71000,0.000000,1.000000,35.412933,0.506762,354.1,0.001000
71100,0.000000,1.000000,34.606586,0.506762,354.6,0.001000
71200,0.000000,1.000000,32.390316,0.511744,355.0,0.001000
71300,0.000000,1.000000,25.497690,0.511032,355.5,0.001000
71400,0.000022,1.000000,31.309067,0.517438,356.0,0.001000
71500,0.000001,1.000000,32.691986,0.513167,356.5,0.001000
71600,0.000000,1.000000,32.656681,0.513167,357.0,0.001000
71700,0.000000,1.000000,32.620350,0.513879,357.5,0.001000
71800,0.000000,1.000000,32.589981,0.513879,358.0,0.001000
71900,0.000000,1.000000,32.578384,0.513167,358.5,0.001000
72000,0.000000,1.000000,32.487865,0.514591,359.0,0.001000
72100,0.000000,1.000000,32.313675,0.516014,359.5,0.001000
72200,0.000000,1.000000,31.690592,0.516726,360.0,0.001000
72300,0.000216,1.000000,31.789171,0.511032,360.5,0.001000
72400,0.000000,1.000000,31.989407,0.511032,361.0,0.001000
72500,0.000000,1.000000,31.915903,0.511032,361.5,0.001000
72600,0.000000,1.000000,31.842882,0.511032,362.0,0.001000
72700,0.000000,1.000000,31.837633,0.510320,362.5,0.001000
72800,0.000000,1.000000,31.714399,0.510320,363.0,0.001000
72900,0.000000,1.000000,31.401499,0.511744,363.5,0.001000
73000,0.009226,0.998576,31.929268,0.506762,364.0,0.001000
73100,0.000000,1.000000,32.062325,0.515302,364.5,0.001000
73200,0.000000,1.000000,31.982445,0.515302,365.0,0.001000
73300,0.000000,1.000000,31.924219,0.515302,365.5,0.001000
73400,0.000000,1.000000,31.823647,0.516726,366.0,0.001000
73500,0.000000,1.000000,31.879101,0.516014,366.5,0.001000
73600,0.000000,1.000000,31.806570,0.517438,367.0,0.001000
73700,0.000000,1.000000,31.079874,0.518149,367.5,0.001000
73800,0.000000,1.000000,29.394999,0.517438,368.0,0.001000
73900,0.050084,0.995726,27.107569,0.509609,368.5,0.001000
74000,0.000034,1.000000,30.751476,0.513879,369.1,0.001000
74100,0.000000,1.000000,30.003098,0.519573,369.6,0.001000
74200,0.000000,1.000000,29.948442,0.518861,370.1,0.001000
74300,0.000000,1.000000,29.923954,0.518861,370.6,0.001000
74400,0.000000,1.000000,29.932154,0.518149,371.1,0.001000
74500,0.000000,1.000000,29.897743,0.517438,371.6,0.001000
74600,0.000000,1.000000,29.579037,0.516726,372.2,0.001000
74700,0.000000,1.000000,28.713556,0.518149,372.7,0.001000
74800,0.000000,1.000000,26.980043,0.513879,373.2,0.001000
74900,0.000000,1.000000,22.972153,0.512456,373.7,0.001000
75000,0.011475,0.997151,23.603046,0.524555,374.2,0.001000
75100,0.021079,0.997151,28.401012,0.514591,374.7,0.001000
75200,0.000001,1.000000,27.969091,0.509609,375.2,0.001000
75300,0.000000,1.000000,27.945869,0.509609,375.8,0.001000
75400,0.000000,1.000000,27.930218,0.509609,376.3,0.001000
75500,0.000000,1.000000,27.848082,0.508185,376.8,0.001000
75600,0.000000,1.000000,27.738289,0.507473,377.3,0.001000
75700,0.000000,1.000000,27.399614,0.507473,377.8,0.001000
75800,0.000000,1.000000,26.359480,0.507473,378.3,0.001000
75900,0.080277,0.995726,25.782627,0.513879,378.8,0.001000
76000,0.000000,1.000000,28.294250,0.522420,379.3,0.001000
76100,0.000000,1.000000,28.238476,0.522420,379.8,0.001000
76200,0.000000,1.000000,28.189142,0.522420,380.3,0.001000
76300,0.000000,1.000000,28.108866,0.523132,380.8,0.001000
76400,0.000000,1.000000,27.951426,0.524555,381.3,0.001000
76500,0.000000,1.000000,27.731350,0.521708,381.8,0.001000
76600,0.000000,1.000000,26.869648,0.520285,382.3,0.001000
76700,0.000047,1.000000,26.173449,0.518149,382.8,0.001000
76800,0.000000,1.000000,26.681017,0.534520,383.3,0.001000
76900,0.000000,1.000000,26.654264,0.533096,383.8,0.001000
77000,0.000000,1.000000,26.623827,0.532384,384.3,0.001000
77100,0.000000,1.000000,26.605358,0.532384,384.8,0.001000
77200,0.000000,1.000000,26.628294,0.533096,385.3,0.001000
77300,0.000000,1.000000,26.656826,0.530961,385.8,0.001000
77400,0.000000,1.000000,26.035782,0.535231,386.4,0.001000
77500,0.000000,1.000000,24.698071,0.533096,386.9,0.001000
77600,0.000000,1.000000,21.183201,0.543772,387.4,0.001000
77700,0.000001,1.000000,24.387897,0.539502,387.9,0.001000
77800,0.000000,1.000000,24.349806,0.539502,388.4,0.001000
77900,0.000000,1.000000,24.376642,0.540214,388.9,0.001000
78000,0.000000,1.000000,24.303751,0.542349,389.4,0.001000
78100,0.000000,1.000000,24.185974,0.543060,389.9,0.001000
78200,0.000000,1.000000,23.958939,0.541637,390.4,0.001000
78300,0.000000,1.000000,23.502800,0.540214,390.9,0.001000
78400,0.000000,1.000000,22.159229,0.537367,391.3,0.001000
78500,0.000000,1.000000,19.147394,0.542349,391.9,0.001000
78600,0.000796,0.999288,24.260393,0.532384,392.4,0.001000
78700,0.000000,1.000000,25.258768,0.532384,392.9,0.001000
78800,0.000000,1.000000,25.259783,0.533096,393.4,0.001000
78900,0.000000,1.000000,25.266048,0.530961,393.9,0.001000
79000,0.000000,1.000000,25.243931,0.530961,394.3,0.001000
79100,0.000000,1.000000,25.192982,0.530961,394.8,0.001000
79200,0.000000,1.000000,24.918663,0.530249,395.3,0.001000
79300,0.000000,1.000000,24.199650,0.530249,395.8,0.001000
79400,0.000000,1.000000,22.196291,0.531673,396.3,0.001000
79500,0.000000,1.000000,17.462364,0.531673,396.8,0.001000
79600,0.002713,0.999288,21.534332,0.526690,397.3,0.001000
79700,0.000000,1.000000,22.413763,0.523843,397.8,0.001000
79800,0.000000,1.000000,22.389250,0.523132,398.3,0.001000
79900,0.000000,1.000000,22.376507,0.523132,398.8,0.001000
80000,0.000000,1.000000,22.338837,0.523843,399.3,0.001000
80100,0.000000,1.000000,22.244944,0.528114,399.8,0.001000
80200,0.000000,1.000000,21.968794,0.528114,400.3,0.001000
80300,0.000000,1.000000,21.292864,0.528826,400.8,0.001000
80400,0.000000,1.000000,18.710798,0.532384,401.3,0.001000
80500,0.000000,1.000000,14.491152,0.540214,401.8,0.001000
80600,0.000006,1.000000,19.038258,0.532384,402.3,0.001000
80700,0.000365,1.000000,21.192820,0.525267,402.8,0.001000
80800,0.000001,1.000000,20.455845,0.530249,403.3,0.001000
80900,0.000000,1.000000,20.449684,0.530249,403.8,0.001000
81000,0.000000,1.000000,20.428833,0.530961,404.3,0.001000
81100,0.000000,1.000000,20.412716,0.530249,404.8,0.001000
81200,0.000000,1.000000,20.387751,0.530249,405.3,0.001000
81300,0.000000,1.000000,20.315287,0.530249,405.8,0.001000
81400,0.000000,1.000000,19.976627,0.529537,406.3,0.001000
81500,0.000000,1.000000,18.886030,0.527402,406.8,0.001000
81600,0.000003,1.000000,16.062574,0.530961,407.3,0.001000
81700,0.000221,1.000000,18.826620,0.538078,407.9,0.001000
81800,0.000000,1.000000,18.957592,0.538078,408.4,0.001000
81900,0.000000,1.000000,18.923584,0.537367,408.9,0.001000
82000,0.000000,1.000000,18.887709,0.537367,409.4,0.001000
82100,0.000000,1.000000,18.899448,0.537367,409.9,0.001000
82200,0.000000,1.000000,18.889162,0.538078,410.4,0.001000
82300,0.000000,1.000000,18.819828,0.538078,410.9,0.001000
82400,0.000000,1.000000,18.332972,0.540925,411.4,0.001000
82500,0.011732,0.997151,19.122644,0.543060,411.9,0.001000
82600,0.000001,1.000000,19.494112,0.557295,412.4,0.001000
82700,0.000000,1.000000,19.465794,0.553025,412.9,0.001000
82800,0.000000,1.000000,19.462902,0.553025,413.4,0.001000
82900,0.000000,1.000000,19.368639,0.553737,413.9,0.001000
83000,0.000000,1.000000,19.276665,0.552313,414.4,0.001000
83100,0.000000,1.000000,19.201750,0.551601,414.9,0.001000
83200,0.000000,1.000000,18.794197,0.551601,415.5,0.001000
83300,0.000000,1.000000,17.478767,0.557295,416.0,0.001000
83400,0.000000,1.000000,14.460698,0.558007,416.5,0.001000
83500,0.000329,1.000000,14.869311,0.567260,417.0,0.001000
83600,0.000974,0.999288,17.887762,0.562989,417.5,0.001000
83700,0.000000,1.000000,18.124374,0.562989,418.0,0.001000
83800,0.000000,1.000000,18.101482,0.562278,418.5,0.001000
83900,0.000000,1.000000,18.073492,0.561566,419.0,0.001000
84000,0.000000,1.000000,18.029203,0.561566,419.5,0.001000
84100,0.000000,1.000000,17.864655,0.560142,420.0,0.001000
84200,0.000000,1.000000,17.559042,0.562278,420.5,0.001000
84300,0.000000,1.000000,16.606997,0.555872,421.0,0.001000
84400,0.000000,1.000000,13.853619,0.553025,421.5,0.001000
84500,0.000090,1.000000,16.702314,0.558007,422.0,0.001000
84600,0.000001,1.000000,16.223694,0.553737,422.5,0.001000
84700,0.000000,1.000000,16.207649,0.553737,423.0,0.001000
84800,0.000000,1.000000,16.194040,0.554448,423.5,0.001000
84900,0.000000,1.000000,16.190886,0.555160,424.0,0.001000
85000,0.000000,1.000000,16.152273,0.555160,424.5,0.001000
85100,0.000000,1.000000,16.001160,0.556584,425.0,0.001000
85200,0.000000,1.000000,15.676024,0.558007,425.5,0.001000
85300,0.000000,1.000000,14.587979,0.565836,426.0,0.001000
85400,0.000000,1.000000,11.816957,0.577936,426.5,0.001000
85500,0.000000,1.000000,7.164110,0.588612,427.0,0.001000
85600,0.007276,0.997863,12.482359,0.568683,427.5,0.001000
85700,0.000001,1.000000,13.857953,0.557295,428.0,0.001000
85800,0.000000,1.000000,13.838428,0.556584,428.5,0.001000
85900,0.000000,1.000000,13.821972,0.556584,429.1,0.001000
86000,0.000000,1.000000,13.799481,0.557295,429.6,0.001000
86100,0.000000,1.000000,13.747612,0.557295,430.1,0.001000
86200,0.000000,1.000000,13.513212,0.558007,430.6,0.001000
86300,0.000000,1.000000,12.875201,0.557295,431.1,0.001000
86400,0.000000,1.000000,11.685845,0.556584,431.6,0.001000
86500,0.000000,1.000000,8.350266,0.572954,432.1,0.001000
86600,0.000000,1.000000,4.554421,0.605694,432.5,0.001000
86700,0.000000,1.000000,2.345762,0.634875,433.0,0.001000
86800,0.000000,1.000000,1.473320,0.692527,433.5,0.001000
86900,0.000000,1.000000,1.009138,0.751601,434.0,0.001000
87000,0.000000,1.000000,0.760040,0.785053,434.5,0.001000
87100,0.000000,1.000000,0.659562,0.807829,435.0,0.001000
87200,0.000000,1.000000,0.575393,0.822064,435.5,0.001000
87300,0.000000,1.000000,0.541120,0.846975,436.0,0.001000
87400,0.000000,1.000000,0.529468,0.838434,436.5,0.001000
87500,0.000000,1.000000,0.503518,0.844840,437.0,0.001000
87600,0.000000,1.000000,0.498710,0.849822,437.5,0.001000
87700,0.000000,1.000000,0.490084,0.855516,438.0,0.001000
87800,0.000000,1.000000,0.480505,0.862633,438.5,0.001000
87900,0.000000,1.000000,0.486166,0.856939,439.0,0.001000
88000,0.000000,1.000000,0.471682,0.863345,439.5,0.001000
88100,0.000000,1.000000,0.472419,0.864769,440.0,0.001000
88200,0.000000,1.000000,0.469754,0.858363,440.5,0.001000
88300,0.000000,1.000000,0.469305,0.872598,441.0,0.001000
88400,0.000000,1.000000,0.463393,0.869039,441.5,0.001000
88500,0.000000,1.000000,0.480958,0.859787,442.0,0.001000
88600,0.000000,1.000000,0.488885,0.855516,442.5,0.001000
88700,0.000000,1.000000,0.466213,0.861922,443.0,0.001000
88800,0.000000,1.000000,0.454549,0.866192,443.5,0.001000
88900,0.000000,1.000000,0.485694,0.860498,444.0,0.001000
89000,0.000000,1.000000,0.476328,0.861210,444.5,0.001000
89100,0.000000,1.000000,0.462392,0.864769,445.0,0.001000
89200,0.000000,1.000000,0.453853,0.861922,445.5,0.001000
89300,0.000000,1.000000,0.473035,0.864057,446.0,0.001000
89400,0.000000,1.000000,0.490238,0.863345,446.5,0.001000
89500,0.000000,1.000000,0.471684,0.858363,447.0,0.001000
89600,0.000000,1.000000,0.476149,0.851246,447.5,0.001000
89700,0.000000,1.000000,0.475417,0.859787,448.0,0.001000
89800,0.000000,1.000000,0.473846,0.856228,448.5,0.001000
89900,0.000000,1.000000,0.475950,0.857651,449.0,0.001000
90000,0.000000,1.000000,0.467850,0.862633,449.5,0.001000
90100,0.000000,1.000000,0.462019,0.863345,450.0,0.001000
90200,0.000000,1.000000,0.485578,0.856228,450.5,0.001000
90300,0.000000,1.000000,0.460440,0.856228,451.0,0.001000
90400,0.000000,1.000000,0.490808,0.855516,451.5,0.001000
90500,0.000000,1.000000,0.486584,0.850534,452.0,0.001000
90600,0.000000,1.000000,0.477634,0.853381,452.5,0.001000
90700,0.000000,1.000000,0.495449,0.859075,453.0,0.001000
90800,0.000000,1.000000,0.478400,0.851957,453.5,0.001000
90900,0.000000,1.000000,0.478784,0.856228,454.0,0.001000
91000,0.000000,1.000000,0.498533,0.858363,454.5,0.001000
91100,0.000000,1.000000,0.497148,0.856939,455.0,0.001000
91200,0.000000,1.000000,0.505265,0.845552,455.5,0.001000
91300,0.000000,1.000000,0.512498,0.846975,456.0,0.001000
91400,0.000000,1.000000,0.483414,0.854093,456.5,0.001000
91500,0.000000,1.000000,0.474209,0.865480,457.0,0.001000
91600,0.000000,1.000000,0.500472,0.855516,457.5,0.001000
91700,0.000000,1.000000,0.495010,0.856228,457.9,0.001000
91800,0.000000,1.000000,0.509993,0.856228,458.4,0.001000
91900,0.000000,1.000000,0.513068,0.857651,458.9,0.001000
92000,0.000000,1.000000,0.503581,0.844128,459.4,0.001000
92100,0.000000,1.000000,0.517845,0.851246,459.9,0.001000
92200,0.000000,1.000000,0.508391,0.846975,460.4,0.001000
92300,0.000000,1.000000,0.501158,0.854093,460.9,0.001000
92400,0.000000,1.000000,0.494192,0.851246,461.4,0.001000
92500,0.000000,1.000000,0.496870,0.848399,461.8,0.001000
92600,0.000000,1.000000,0.498410,0.850534,462.3,0.001000
92700,0.000000,1.000000,0.513638,0.851957,462.8,0.001000
92800,0.000000,1.000000,0.511868,0.853381,463.3,0.001000
92900,0.000000,1.000000,0.503411,0.849822,463.9,0.001000
93000,0.000000,1.000000,0.509173,0.839146,464.4,0.001000
93100,0.000000,1.000000,0.505980,0.856939,464.8,0.001000
93200,0.000000,1.000000,0.503911,0.848399,465.3,0.001000
93300,0.000000,1.000000,0.489284,0.847687,465.8,0.001000
93400,0.000000,1.000000,0.519605,0.843416,466.3,0.001000
93500,0.000000,1.000000,0.514919,0.848399,466.8,0.001000
93600,0.000000,1.000000,0.510419,0.845552,467.3,0.001000
93700,0.000000,1.000000,0.511922,0.846263,467.8,0.001000
93800,0.000000,1.000000,0.496915,0.847687,468.3,0.001000
93900,0.000000,1.000000,0.510228,0.847687,468.8,0.001000
94000,0.000000,1.000000,0.505994,0.853381,469.3,0.001000
94100,0.000000,1.000000,0.537596,0.838434,469.8,0.001000
94200,0.000000,1.000000,0.514202,0.845552,470.3,0.001000
94300,0.000000,1.000000,0.500593,0.848399,470.8,0.001000
94400,0.000000,1.000000,0.501736,0.851246,471.3,0.001000
94500,0.000000,1.000000,0.501869,0.853381,471.8,0.001000
94600,0.000000,1.000000,0.503143,0.849822,472.3,0.001000
94700,0.000000,1.000000,0.526898,0.842705,472.8,0.001000
94800,0.000000,1.000000,0.514777,0.848399,473.3,0.001000
94900,0.000000,1.000000,0.513767,0.846263,473.8,0.001000
95000,0.000000,1.000000,0.531357,0.839858,474.3,0.001000
95100,0.000000,1.000000,0.481697,0.859075,474.9,0.001000
95200,0.000000,1.000000,0.499694,0.860498,475.4,0.001000
95300,0.000000,1.000000,0.517293,0.853381,475.9,0.001000
95400,0.000000,1.000000,0.506110,0.849110,476.4,0.001000
95500,0.000000,1.000000,0.488143,0.848399,476.8,0.001000
95600,0.000000,1.000000,0.492054,0.851957,477.3,0.001000
95700,0.000000,1.000000,0.508812,0.837011,477.8,0.001000
95800,0.000000,1.000000,0.524364,0.846975,478.3,0.001000
95900,0.000000,1.000000,0.511521,0.842705,478.9,0.001000
96000,0.000000,1.000000,0.508500,0.844128,479.3,0.001000
96100,0.000000,1.000000,0.505118,0.853381,479.8,0.001000
96200,0.000000,1.000000,0.520883,0.849822,480.3,0.001000
96300,0.000000,1.000000,0.526007,0.843416,480.9,0.001000
96400,0.000000,1.000000,0.508944,0.854093,481.3,0.001000
96500,0.000000,1.000000,0.521517,0.849822,481.8,0.001000
96600,0.000000,1.000000,0.514668,0.850534,482.3,0.001000
96700,0.000000,1.000000,0.510441,0.851246,482.9,0.001000
96800,0.000000,1.000000,0.489932,0.860498,483.3,0.001000
96900,0.000000,1.000000,0.529614,0.841993,483.9,0.001000
97000,0.000000,1.000000,0.518811,0.845552,484.4,0.001000
97100,0.000000,1.000000,0.514470,0.851957,484.9,0.001000
97200,0.000000,1.000000,0.519960,0.846263,485.4,0.001000
97300,0.000000,1.000000,0.491900,0.864057,485.9,0.001000
97400,0.000000,1.000000,0.499055,0.855516,486.4,0.001000
97500,0.000000,1.000000,0.506312,0.847687,486.9,0.001000
97600,0.000000,1.000000,0.504092,0.856939,487.4,0.001000
97700,0.000000,1.000000,0.495024,0.854804,487.9,0.001000
97800,0.000000,1.000000,0.518651,0.844840,488.4,0.001000
97900,0.000000,1.000000,0.513848,0.855516,488.9,0.001000
98000,0.000000,1.000000,0.530451,0.845552,489.4,0.001000
98100,0.000000,1.000000,0.512353,0.851957,489.9,0.001000
98200,0.000000,1.000000,0.523002,0.847687,490.4,0.001000
98300,0.000000,1.000000,0.531387,0.847687,490.9,0.001000
98400,0.000000,1.000000,0.508114,0.848399,491.4,0.001000
98500,0.000000,1.000000,0.503959,0.854804,491.9,0.001000
98600,0.000000,1.000000,0.502322,0.849822,492.4,0.001000
98700,0.000000,1.000000,0.508973,0.852669,492.9,0.001000
98800,0.000000,1.000000,0.510886,0.844840,493.4,0.001000
98900,0.000000,1.000000,0.505838,0.855516,493.9,0.001000
99000,0.000000,1.000000,0.502378,0.858363,494.4,0.001000
99100,0.000000,1.000000,0.549153,0.839858,494.9,0.001000
99200,0.000000,1.000000,0.506985,0.864057,495.4,0.001000
99300,0.000000,1.000000,0.489397,0.852669,495.9,0.001000
99400,0.000000,1.000000,0.513582,0.846263,496.4,0.001000
99500,0.000000,1.000000,0.511147,0.849822,496.9,0.001000
99600,0.000000,1.000000,0.501565,0.852669,497.4,0.001000
99700,0.000000,1.000000,0.502299,0.850534,497.9,0.001000
99800,0.000000,1.000000,0.511136,0.855516,498.4,0.001000
99900,0.000000,1.000000,0.493226,0.855516,498.9,0.001000
100000,0.000000,1.000000,0.525567,0.848399,499.4,0.001000
100100,0.000000,1.000000,0.495503,0.859075,499.9,0.001000
100200,0.000000,1.000000,0.512801,0.841281,500.4,0.001000
100300,0.000000,1.000000,0.488398,0.856939,500.9,0.001000
100400,0.000000,1.000000,0.507272,0.851246,501.4,0.001000
100500,0.000000,1.000000,0.503226,0.860498,501.9,0.001000
100600,0.000000,1.000000,0.533837,0.847687,502.4,0.001000
100700,0.000000,1.000000,0.506982,0.850534,502.9,0.001000
100800,0.000000,1.000000,0.490127,0.863345,503.4,0.001000
100900,0.000000,1.000000,0.480090,0.866192,503.9,0.001000
101000,0.000000,1.000000,0.489808,0.859787,504.4,0.001000
101100,0.000000,1.000000,0.501585,0.850534,504.9,0.001000
101200,0.000000,1.000000,0.509809,0.857651,505.4,0.001000
101300,0.034186,0.995014,9.220973,0.631317,505.9,0.001000
101400,0.015407,0.998576,17.633608,0.632028,506.4,0.001000
101500,0.000002,1.000000,20.678173,0.619929,506.9,0.001000
101600,0.000000,1.000000,21.385071,0.617794,507.4,0.001000
101700,0.000000,1.000000,21.482769,0.616370,507.9,0.001000
101800,0.000000,1.000000,21.580114,0.616370,508.4,0.001000
101900,0.000000,1.000000,21.663219,0.617794,508.9,0.001000
102000,0.000000,1.000000,21.657347,0.617082,509.4,0.001000
102100,0.000000,1.000000,21.409853,0.616370,509.8,0.001000
102200,0.000000,1.000000,20.659691,0.614235,510.3,0.001000
102300,0.000000,1.000000,18.862776,0.618505,510.8,0.001000
102400,0.000000,1.000000,15.143733,0.622776,511.3,0.001000
102500,0.000000,1.000000,10.824259,0.634875,511.8,0.001000
102600,0.001225,0.999288,23.732481,0.627046,512.3,0.001000
102700,0.002475,0.999288,23.671110,0.622064,512.8,0.001000
102800,0.000004,1.000000,31.235357,0.613523,513.3,0.001000
102900,0.000000,1.000000,32.475739,0.619929,513.8,0.001000
103000,0.000000,1.000000,32.650646,0.620641,514.3,0.001000
103100,0.000000,1.000000,32.815147,0.619929,514.8,0.001000
103200,0.000000,1.000000,32.985519,0.618505,515.3,0.001000
103300,0.000000,1.000000,33.067116,0.617794,515.8,0.001000
103400,0.000000,1.000000,33.094685,0.616370,516.3,0.001000
103500,0.000000,1.000000,32.897591,0.619929,516.8,0.001000
103600,0.000000,1.000000,32.086452,0.623488,517.3,0.001000
103700,0.000000,1.000000,28.528528,0.632028,517.8,0.001000
103800,0.000000,1.000000,25.505344,0.636299,518.3,0.001000
103900,0.000000,1.000000,22.628201,0.641993,518.8,0.001000
104000,0.032653,0.997151,25.107351,0.638434,519.3,0.001000
104100,0.000001,1.000000,28.494579,0.639146,519.8,0.001000
104200,0.000000,1.000000,28.900278,0.637722,520.3,0.001000
104300,0.000000,1.000000,29.005922,0.638434,520.8,0.001000
104400,0.000000,1.000000,29.104223,0.639146,521.3,0.001000
104500,0.000000,1.000000,29.167118,0.639146,521.8,0.001000
104600,0.000000,1.000000,29.081310,0.637011,522.3,0.001000
104700,0.000000,1.000000,28.569689,0.635587,522.8,0.001000
104800,0.000000,1.000000,27.796251,0.635587,523.3,0.001000
104900,0.000000,1.000000,25.744358,0.637722,523.8,0.001000
105000,0.006344,0.998576,27.037155,0.616370,524.3,0.001000
105100,0.001676,0.999288,30.413157,0.622064,524.8,0.001000
105200,0.000000,1.000000,27.290680,0.633452,525.3,0.001000
105300,0.000000,1.000000,27.380753,0.632740,525.8,0.001000
105400,0.000000,1.000000,27.485815,0.631317,526.3,0.001000
105500,0.000000,1.000000,27.589247,0.631317,526.8,0.001000
105600,0.000000,1.000000,27.630650,0.631317,527.3,0.001000
105700,0.000000,1.000000,27.647120,0.631317,527.8,0.001000
105800,0.000000,1.000000,27.542709,0.631317,528.3,0.001000
105900,0.000000,1.000000,27.380108,0.630605,528.8,0.001000
106000,0.000000,1.000000,25.989326,0.628470,529.3,0.001000
106100,0.000000,1.000000,23.521097,0.635587,529.8,0.001000
106200,0.000000,1.000000,18.986765,0.641993,530.3,0.001000
106300,0.012503,0.997151,26.273840,0.646263,530.8,0.001000
106400,0.000002,1.000000,23.406475,0.648399,531.3,0.001000
106500,0.000000,1.000000,23.652933,0.647687,531.8,0.001000
106600,0.000000,1.000000,23.550495,0.646975,532.3,0.001000
106700,0.000000,1.000000,23.557943,0.646975,532.9,0.001000
106800,0.000000,1.000000,23.594442,0.649822,533.4,0.001000
106900,0.000000,1.000000,23.760382,0.646263,533.9,0.001000
107000,0.000000,1.000000,23.814886,0.646975,534.4,0.001000
107100,0.000000,1.000000,23.830761,0.647687,534.9,0.001000
107200,0.000000,1.000000,24.003181,0.645552,535.4,0.001000
107300,0.000000,1.000000,23.071995,0.642705,535.9,0.001000
107400,0.076363,0.997863,27.158329,0.651246,536.5,0.001000
107500,0.000000,1.000000,22.034122,0.684698,537.0,0.001000
107600,0.000000,1.000000,22.122963,0.681851,537.5,0.001000
107700,0.000000,1.000000,22.289896,0.681851,538.0,0.001000
107800,0.000000,1.000000,22.252842,0.681139,538.5,0.001000
107900,0.000000,1.000000,22.329294,0.680427,539.0,0.001000
108000,0.000000,1.000000,22.261833,0.679004,539.6,0.001000
108100,0.000000,1.000000,22.247011,0.678292,540.1,0.001000
108200,0.000000,1.000000,22.239990,0.676157,540.6,0.001000
108300,0.000000,1.000000,22.460556,0.677580,541.1,0.001000
108400,0.000000,1.000000,21.414562,0.679715,541.6,0.001000
108500,0.000000,1.000000,20.296740,0.679004,542.1,0.001000
108600,0.006102,0.997151,21.946823,0.662633,542.6,0.001000
108700,0.000000,1.000000,23.054485,0.656228,543.1,0.001000
108800,0.000000,1.000000,23.329067,0.652669,543.6,0.001000
108900,0.000000,1.000000,23.375172,0.654093,544.2,0.001000
109000,0.000000,1.000000,23.424044,0.654804,544.7,0.001000
109100,0.000000,1.000000,23.471539,0.654804,545.1,0.001000
109200,0.000000,1.000000,23.500099,0.654093,545.6,0.001000
109300,0.000000,1.000000,23.521240,0.654093,546.1,0.001000
109400,0.000000,1.000000,23.208065,0.650534,546.6,0.001000
109500,0.000000,1.000000,21.839970,0.653381,547.1,0.001000
109600,0.000000,1.000000,22.823029,0.679004,547.6,0.001000
109700,0.000000,1.000000,22.854410,0.681851,548.1,0.001000
109800,0.000000,1.000000,22.808950,0.681851,548.6,0.001000
109900,0.000000,1.000000,22.849434,0.681851,549.1,0.001000
110000,0.000000,1.000000,22.804592,0.681139,549.6,0.001000
110100,0.000000,1.000000,22.747868,0.680427,550.2,0.001000
110200,0.000000,1.000000,22.730446,0.681851,550.7,0.001000
110300,0.000000,1.000000,22.378546,0.688256,551.2,0.001000
110400,0.000000,1.000000,21.872929,0.686833,551.7,0.001000
110500,0.024730,0.997863,24.263014,0.670463,552.2,0.001000
110600,0.000000,1.000000,24.506174,0.674021,552.7,0.001000
110700,0.000000,1.000000,24.681177,0.672598,553.2,0.001000
110800,0.000000,1.000000,24.613544,0.672598,553.7,0.001000
110900,0.000000,1.000000,24.626549,0.672598,554.2,0.001000
111000,0.000000,1.000000,24.573606,0.672598,554.6,0.001000
111100,0.000000,1.000000,24.524864,0.671174,555.1,0.001000
111200,0.000000,1.000000,24.318331,0.672598,555.6,0.001000
111300,0.000000,1.000000,24.162163,0.674733,556.1,0.001000
111400,0.000000,1.000000,23.415230,0.669751,556.6,0.001000
111500,0.000000,1.000000,22.436232,0.670463,557.1,0.001000
111600,0.133545,0.995014,24.429415,0.649822,557.6,0.001000
111700,0.000000,1.000000,22.008856,0.671174,558.1,0.001000
111800,0.000000,1.000000,21.999752,0.671886,558.6,0.001000
111900,0.000000,1.000000,22.024611,0.671886,559.1,0.001000
112000,0.000000,1.000000,22.053516,0.670463,559.6,0.001000
112100,0.000000,1.000000,22.072977,0.670463,560.1,0.001000
112200,0.000000,1.000000,22.080244,0.669751,560.6,0.001000
112300,0.000000,1.000000,22.095314,0.668327,561.1,0.001000
112400,0.000000,1.000000,21.938108,0.671174,561.6,0.001000
112500,0.000000,1.000000,21.443460,0.671174,562.1,0.001000
112600,0.000000,1.000000,20.884682,0.669751,562.5,0.001000
112700,0.000000,1.000000,20.526491,0.678292,563.0,0.001000
112800,0.000000,1.000000,20.252817,0.680427,563.5,0.001000
112900,0.014489,0.998576,20.746481,0.695374,564.0,0.001000
113000,0.000000,1.000000,22.820063,0.684698,564.5,0.001000
113100,0.000000,1.000000,22.672743,0.685409,565.0,0.001000
113200,0.000000,1.000000,22.680305,0.683274,565.5,0.001000
113300,0.000000,1.000000,22.683020,0.682562,566.0,0.001000
113400,0.000000,1.000000,22.666723,0.683986,566.5,0.001000
113500,0.000000,1.000000,22.606730,0.683986,567.0,0.001000
113600,0.000000,1.000000,22.516775,0.683274,567.5,0.001000
113700,0.000000,1.000000,22.249659,0.681851,568.0,0.001000
113800,0.048342,0.998576,20.432634,0.669751,568.5,0.001000
113900,0.000699,0.999288,18.432863,0.709609,569.0,0.001000
114000,0.000000,1.000000,20.375751,0.698932,569.5,0.001000
114100,0.007546,0.997863,19.999224,0.708185,570.0,0.001000
114200,0.000001,1.000000,19.855444,0.713879,570.5,0.001000
114300,0.007710,0.999288,18.504927,0.716726,571.0,0.001000
114400,0.002419,0.998576,15.141203,0.729537,571.5,0.001000
114500,0.000000,1.000000,15.174624,0.744484,572.0,0.001000
114600,0.000000,1.000000,15.141606,0.743772,572.5,0.001000
114700,0.000000,1.000000,15.119170,0.743772,573.0,0.001000
114800,0.000000,1.000000,15.097787,0.742349,573.6,0.001000
114900,0.000000,1.000000,15.078465,0.741637,574.1,0.001000
115000,0.000000,1.000000,15.035485,0.741637,574.6,0.001000
115100,0.000000,1.000000,14.954802,0.740214,575.1,0.001000
115200,0.000000,1.000000,14.806400,0.740214,575.6,0.001000
115300,0.000000,1.000000,14.643939,0.738078,576.1,0.001000
115400,0.000000,1.000000,14.296291,0.740925,576.6,0.001000
115500,0.000000,1.000000,13.636302,0.743061,577.0,0.001000
115600,0.001781,0.999288,15.804343,0.724555,577.6,0.001000
115700,0.000000,1.000000,14.116428,0.744484,578.1,0.001000
115800,0.000000,1.000000,14.087087,0.744484,578.6,0.001000
115900,0.000000,1.000000,14.074207,0.745196,579.1,0.001000
116000,0.000000,1.000000,14.037893,0.743772,579.6,0.001000
116100,0.000000,1.000000,14.029847,0.742349,580.1,0.001000
116200,0.000000,1.000000,13.996751,0.743061,580.6,0.001000
116300,0.000000,1.000000,14.129923,0.740214,581.1,0.001000
116400,0.000000,1.000000,13.908355,0.740925,581.6,0.001000
116500,0.000000,1.000000,13.408234,0.739502,582.1,0.001000
116600,0.024687,0.998576,14.690143,0.730961,582.6,0.001000
116700,0.000000,1.000000,14.105508,0.756584,583.1,0.001000
116800,0.000000,1.000000,14.093568,0.758719,583.6,0.001000
116900,0.000000,1.000000,14.077337,0.758719,584.1,0.001000
117000,0.000000,1.000000,14.058828,0.758007,584.6,0.001000
117100,0.000000,1.000000,14.053856,0.757295,585.0,0.001000
117200,0.000000,1.000000,14.053096,0.757295,585.6,0.001000
117300,0.000000,1.000000,14.043489,0.757295,586.0,0.001000
117400,0.000000,1.000000,13.965804,0.754448,586.5,0.001000
117500,0.000000,1.000000,13.649163,0.759431,587.1,0.001000
117600,0.000000,1.000000,13.225921,0.764413,587.6,0.001000
117700,0.000000,1.000000,12.604450,0.769395,588.0,0.001000
117800,0.000000,1.000000,12.165551,0.770107,588.5,0.001000
117900,0.008780,0.998576,13.768841,0.742349,589.0,0.001000
118000,0.000000,1.000000,11.990718,0.760854,589.5,0.001000
118100,0.000000,1.000000,11.982110,0.760854,590.0,0.001000
118200,0.000000,1.000000,11.962041,0.760854,590.5,0.001000
118300,0.000000,1.000000,11.934960,0.762278,591.0,0.001000
118400,0.000000,1.000000,11.892612,0.762278,591.5,0.001000
118500,0.000000,1.000000,11.789828,0.762989,592.0,0.001000
118600,0.000000,1.000000,11.776119,0.761566,592.5,0.001000
118700,0.000000,1.000000,11.913735,0.758719,593.0,0.001000
118800,0.000000,1.000000,11.818230,0.764413,593.4,0.001000
118900,0.000000,1.000000,11.581271,0.765125,593.9,0.001000
119000,0.000000,1.000000,11.130140,0.767260,594.4,0.001000
119100,0.000000,1.000000,10.935384,0.768683,594.9,0.001000
119200,0.002541,0.999288,12.086423,0.773665,595.4,0.001000
119300,0.000000,1.000000,11.769482,0.774377,595.9,0.001000
119400,0.000000,1.000000,11.777489,0.772954,596.4,0.001000
119500,0.000000,1.000000,11.765820,0.769395,596.9,0.001000
119600,0.000000,1.000000,11.751452,0.769395,597.4,0.001000
119700,0.000000,1.000000,11.696413,0.768683,597.9,0.001000
119800,0.000000,1.000000,11.695361,0.765125,598.3,0.001000
119900,0.000000,1.000000,11.693317,0.766548,598.8,0.001000
120000,0.000000,1.000000,11.626756,0.769395,599.3,0.001000
120100,0.004932,0.999288,10.872986,0.785053,599.8,0.001000
120200,0.000000,1.000000,10.860838,0.775089,600.3,0.001000
120300,0.000000,1.000000,10.900224,0.776512,600.8,0.001000
120400,0.000000,1.000000,11.384257,0.772242,601.3,0.001000
120500,0.000000,1.000000,11.690557,0.768683,601.8,0.001000
120600,0.000000,1.000000,11.608923,0.767260,602.2,0.001000
120700,0.000000,1.000000,11.564157,0.767972,602.7,0.001000
120800,0.000000,1.000000,11.354692,0.770107,603.2,0.001000
120900,0.007245,0.999288,11.724319,0.772242,603.7,0.001000
121000,0.000000,1.000000,11.452868,0.793594,604.2,0.001000
121100,0.000000,1.000000,11.451639,0.795018,604.7,0.001000
121200,0.000000,1.000000,11.514163,0.792883,605.2,0.001000
121300,0.000000,1.000000,11.606283,0.792883,605.7,0.001000
121400,0.000000,1.000000,11.394792,0.793594,606.2,0.001000
121500,0.000000,1.000000,11.170439,0.792171,606.7,0.001000
121600,0.000000,1.000000,11.042726,0.793594,607.2,0.001000
121700,0.000000,1.000000,10.815671,0.790036,607.7,0.001000
121800,0.016643,0.998576,9.590965,0.798577,608.2,0.001000
121900,0.000000,1.000000,9.518167,0.795730,608.7,0.001000
122000,0.000000,1.000000,9.512154,0.795018,609.2,0.001000
122100,0.000000,1.000000,9.522978,0.796441,609.7,0.001000
122200,0.000000,1.000000,9.565026,0.797153,610.1,0.001000
122300,0.000000,1.000000,9.574782,0.795730,610.7,0.001000
122400,0.000000,1.000000,9.683521,0.795730,611.2,0.001000
122500,0.000000,1.000000,9.667406,0.795018,611.6,0.001000
122600,0.000000,1.000000,9.602638,0.799288,612.1,0.001000
122700,0.013343,0.997151,9.048616,0.801423,612.6,0.001000
122800,0.000000,1.000000,8.066298,0.802847,613.1,0.001000
122900,0.000000,1.000000,8.153218,0.803559,613.6,0.001000
123000,0.000000,1.000000,8.222527,0.802135,614.1,0.001000
123100,0.000000,1.000000,8.220807,0.802135,614.6,0.001000
123200,0.000000,1.000000,8.237450,0.804982,615.1,0.001000
123300,0.000000,1.000000,8.250275,0.803559,615.6,0.001000
123400,0.000000,1.000000,8.224118,0.802847,616.1,0.001000
123500,0.000000,1.000000,8.067043,0.809253,616.6,0.001000
123600,0.000000,1.000000,7.989168,0.807117,617.1,0.001000
123700,0.021400,0.997863,9.014002,0.798577,617.6,0.001000
123800,0.005668,0.999288,9.144843,0.799288,618.1,0.001000
123900,0.001310,0.999288,7.448399,0.826335,618.5,0.001000
124000,0.000062,1.000000,7.579893,0.829181,619.0,0.001000
124100,0.000000,1.000000,7.958584,0.827758,619.5,0.001000
124200,0.000000,1.000000,7.953596,0.826335,620.0,0.001000
124300,0.000000,1.000000,7.949192,0.824911,620.5,0.001000
124400,0.000000,1.000000,7.942386,0.824911,621.0,0.001000
124500,0.000000,1.000000,7.936450,0.824911,621.5,0.001000
124600,0.000000,1.000000,7.926767,0.827758,622.0,0.001000
124700,0.000000,1.000000,7.975063,0.827758,622.5,0.001000
124800,0.000178,1.000000,5.282072,0.847687,623.0,0.001000
124900,0.000001,1.000000,6.997427,0.815658,623.5,0.001000
125000,0.000008,1.000000,4.946095,0.855516,624.0,0.001000
125100,0.000000,1.000000,5.082110,0.854093,624.5,0.001000
125200,0.000000,1.000000,5.086004,0.854093,625.0,0.001000
125300,0.000000,1.000000,5.086507,0.854093,625.5,0.001000
125400,0.000000,1.000000,5.073488,0.854804,626.0,0.001000
125500,0.000000,1.000000,5.100444,0.856939,626.4,0.001000
125600,0.000000,1.000000,5.228024,0.840569,626.9,0.001000
125700,0.000000,1.000000,4.959583,0.847687,627.4,0.001000
125800,0.000000,1.000000,4.775819,0.850534,627.9,0.001000
125900,0.000000,1.000000,4.609974,0.854093,628.4,0.001000
126000,0.000000,1.000000,4.259747,0.857651,628.9,0.001000
126100,0.021898,0.999288,4.970770,0.838434,629.4,0.001000
126200,0.000109,1.000000,6.441686,0.817082,629.8,0.001000
126300,0.000007,1.000000,5.231626,0.845552,630.3,0.001000
126400,0.000002,1.000000,6.608967,0.839858,630.8,0.001000
126500,0.000000,1.000000,6.851224,0.843416,631.3,0.001000
126600,0.000000,1.000000,6.836420,0.841993,631.8,0.001000
126700,0.000000,1.000000,6.821685,0.841993,632.3,0.001000
126800,0.000000,1.000000,6.806993,0.841993,632.8,0.001000
126900,0.000000,1.000000,6.790249,0.841281,633.3,0.001000
127000,0.000000,1.000000,6.730718,0.841281,633.7,0.001000
127100,0.000000,1.000000,6.654881,0.839858,634.2,0.001000
127200,0.000000,1.000000,6.503171,0.841281,634.7,0.001000
127300,0.011322,0.997863,5.830346,0.828470,635.2,0.001000
127400,0.000000,1.000000,5.015897,0.852669,635.7,0.001000
127500,0.000000,1.000000,5.002998,0.854093,636.2,0.001000
127600,0.000000,1.000000,4.984265,0.853381,636.7,0.001000
127700,0.000000,1.000000,4.917312,0.854804,637.2,0.001000
127800,0.000000,1.000000,4.899897,0.854804,637.7,0.001000
127900,0.000000,1.000000,4.940056,0.854093,638.2,0.001000
128000,0.000000,1.000000,4.903359,0.853381,638.7,0.001000
128100,0.000000,1.000000,4.805860,0.853381,639.2,0.001000
128200,0.000000,1.000000,4.595253,0.853381,639.7,0.001000
128300,0.000007,1.000000,4.248717,0.851246,640.2,0.001000
128400,0.000000,1.000000,4.708702,0.862633,640.6,0.001000
128500,0.000000,1.000000,4.805253,0.860498,641.1,0.001000
128600,0.000000,1.000000,4.968731,0.856228,641.6,0.001000
128700,0.000000,1.000000,4.895621,0.854804,642.1,0.001000
128800,0.000000,1.000000,4.901799,0.854804,642.6,0.001000
128900,0.000000,1.000000,5.025978,0.849822,643.1,0.001000
129000,0.000000,1.000000,5.088907,0.849822,643.6,0.001000
129100,0.000000,1.000000,5.077949,0.852669,644.1,0.001000
129200,0.000000,1.000000,4.029233,0.862633,644.6,0.001000
129300,0.000000,1.000000,4.135037,0.856228,645.1,0.001000
129400,0.000000,1.000000,4.292497,0.848399,645.6,0.001000
129500,0.000000,1.000000,4.278519,0.852669,646.1,0.001000
129600,0.000000,1.000000,4.264635,0.856228,646.6,0.001000
129700,0.000000,1.000000,4.412124,0.851957,647.1,0.001000
129800,0.007538,0.999288,5.253306,0.869039,647.6,0.001000
129900,0.000000,1.000000,4.863894,0.868327,648.1,0.001000
130000,0.000000,1.000000,4.856835,0.869039,648.5,0.001000
130100,0.000000,1.000000,4.863323,0.867616,649.1,0.001000
130200,0.000000,1.000000,4.837712,0.870463,649.5,0.001000
130300,0.000000,1.000000,4.885335,0.866904,650.0,0.001000
130400,0.000000,1.000000,4.970869,0.864057,650.5,0.001000
130500,0.000000,1.000000,4.908658,0.866192,651.0,0.001000
130600,0.000000,1.000000,4.966260,0.859787,651.5,0.001000
130700,0.000000,1.000000,4.822999,0.862633,652.0,0.001000
130800,0.000000,1.000000,3.279351,0.891815,652.5,0.001000
130900,0.000000,1.000000,3.262808,0.891815,653.0,0.001000
131000,0.000000,1.000000,3.263581,0.892527,653.5,0.001000
131100,0.000000,1.000000,3.270231,0.889680,654.0,0.001000
131200,0.000000,1.000000,3.405835,0.888968,654.5,0.001000
131300,0.000000,1.000000,3.296643,0.889680,655.0,0.001000
131400,0.000000,1.000000,3.336945,0.888968,655.5,0.001000
131500,0.000000,1.000000,3.390587,0.886121,656.0,0.001000
131600,0.000000,1.000000,3.113717,0.891815,656.5,0.001000
131700,0.000000,1.000000,2.980363,0.890391,656.9,0.001000
131800,0.007639,0.998576,3.695980,0.871174,657.4,0.001000
131900,0.000000,1.000000,3.123300,0.881851,657.9,0.001000
132000,0.000000,1.000000,3.120166,0.882562,658.4,0.001000
132100,0.000000,1.000000,3.135520,0.881851,658.9,0.001000
132200,0.000000,1.000000,3.121405,0.881851,659.4,0.001000
132300,0.000000,1.000000,3.183040,0.881139,659.9,0.001000
132400,0.000000,1.000000,3.291115,0.880427,660.4,0.001000
132500,0.000000,1.000000,3.397375,0.879715,660.9,0.001000
132600,0.000000,1.000000,3.310480,0.876868,661.3,0.001000
132700,0.024820,0.997863,4.164659,0.869751,661.8,0.001000
132800,0.000000,1.000000,4.175712,0.874021,662.3,0.001000
132900,0.000000,1.000000,4.182396,0.869751,662.8,0.001000
133000,0.000000,1.000000,4.273802,0.866904,663.3,0.001000
133100,0.000000,1.000000,4.318958,0.864057,663.8,0.001000
133200,0.000000,1.000000,4.188603,0.865480,664.3,0.001000
133300,0.000000,1.000000,3.333924,0.893950,664.7,0.001000
133400,0.000000,1.000000,3.463467,0.891815,665.2,0.001000
133500,0.000000,1.000000,3.457792,0.890391,665.7,0.001000
133600,0.000000,1.000000,3.455687,0.891815,666.2,0.001000
133700,0.000000,1.000000,3.459388,0.891815,666.7,0.001000
133800,0.000000,1.000000,3.467530,0.891103,667.2,0.001000
133900,0.000000,1.000000,3.456960,0.891103,667.7,0.001000
134000,0.000000,1.000000,3.329043,0.891815,668.1,0.001000
134100,0.000000,1.000000,3.002404,0.903203,668.6,0.001000
134200,0.000000,1.000000,3.031535,0.896797,669.1,0.001000
134300,0.034847,0.998576,2.920660,0.898932,669.6,0.001000
134400,0.000010,1.000000,3.430891,0.886121,670.1,0.001000
134500,0.000000,1.000000,3.535251,0.881851,670.6,0.001000
134600,0.000000,1.000000,3.530425,0.880427,671.1,0.001000
134700,0.000000,1.000000,3.532728,0.881139,671.6,0.001000
134800,0.000000,1.000000,3.531672,0.883986,672.1,0.001000
134900,0.000000,1.000000,3.510194,0.885409,672.6,0.001000
135000,0.000000,1.000000,3.486163,0.886833,673.1,0.001000
135100,0.000000,1.000000,3.510027,0.887545,673.6,0.001000
135200,0.000000,1.000000,3.487177,0.888256,674.1,0.001000
135300,0.000000,1.000000,3.126888,0.888968,674.6,0.001000
135400,0.000123,1.000000,2.697670,0.879715,675.1,0.001000
135500,0.000000,1.000000,2.874898,0.887545,675.6,0.001000
135600,0.000000,1.000000,2.840521,0.890391,676.1,0.001000
135700,0.000000,1.000000,2.837629,0.889680,676.6,0.001000
135800,0.000000,1.000000,2.836201,0.888968,677.1,0.001000
135900,0.000000,1.000000,2.835334,0.888256,677.6,0.001000
136000,0.000000,1.000000,2.845714,0.884697,678.1,0.001000
136100,0.000000,1.000000,2.870862,0.883274,678.6,0.001000
136200,0.000000,1.000000,2.877524,0.886121,679.0,0.001000
136300,0.000000,1.000000,2.536371,0.897509,679.5,0.001000
136400,0.000017,1.000000,2.944924,0.893238,680.0,0.001000
136500,0.000000,1.000000,2.736024,0.891103,680.5,0.001000
136600,0.000000,1.000000,2.715551,0.891103,681.0,0.001000
136700,0.000000,1.000000,2.708632,0.891103,681.5,0.001000
136800,0.000000,1.000000,2.719662,0.888968,681.9,0.001000
136900,0.000000,1.000000,2.819038,0.886121,682.4,0.001000
137000,0.000000,1.000000,2.904124,0.883986,682.9,0.001000
137100,0.000000,1.000000,3.006598,0.888968,683.4,0.001000
137200,0.000006,1.000000,2.758591,0.900356,683.9,0.001000
137300,0.000001,1.000000,3.028063,0.905338,684.4,0.001000
137400,0.000000,1.000000,3.064598,0.901779,684.9,0.001000
137500,0.000000,1.000000,3.086517,0.897509,685.4,0.001000
137600,0.000000,1.000000,3.065884,0.898221,685.9,0.001000
137700,0.000000,1.000000,3.054353,0.898932,686.4,0.001000
137800,0.000000,1.000000,3.068688,0.898221,686.9,0.001000
137900,0.000000,1.000000,3.153087,0.896085,687.4,0.001000
138000,0.000000,1.000000,3.198595,0.893238,687.9,0.001000
138100,0.000000,1.000000,3.197554,0.899644,688.4,0.001000
138200,0.000000,1.000000,2.933807,0.907473,688.9,0.001000
138300,0.000052,1.000000,2.375753,0.911032,689.4,0.001000
138400,0.000000,1.000000,2.365219,0.911744,689.8,0.001000
138500,0.000000,1.000000,2.360508,0.914591,690.3,0.001000
138600,0.000000,1.000000,2.335064,0.911744,690.8,0.001000
138700,0.000000,1.000000,2.410115,0.906050,691.3,0.001000
138800,0.000000,1.000000,2.463537,0.905338,691.8,0.001000
138900,0.000000,1.000000,2.464121,0.908897,692.3,0.001000
139000,0.000000,1.000000,2.070100,0.918149,692.8,0.001000
139100,0.000000,1.000000,1.971179,0.921708,693.3,0.001000
139200,0.000000,1.000000,1.893437,0.913167,693.8,0.001000
139300,0.000227,1.000000,2.168969,0.929537,694.3,0.001000
139400,0.000000,1.000000,2.215766,0.915303,694.8,0.001000
139500,0.000000,1.000000,2.222657,0.915303,695.3,0.001000
139600,0.000000,1.000000,2.238342,0.912455,695.8,0.001000
139700,0.000000,1.000000,2.309983,0.910320,696.3,0.001000
139800,0.000000,1.000000,2.238523,0.909609,696.7,0.001000
139900,0.000000,1.000000,2.072405,0.912455,697.2,0.001000
140000,0.000000,1.000000,2.007683,0.913879,697.7,0.001000
140100,0.001157,0.998576,2.475909,0.898932,698.2,0.001000
140200,0.000000,1.000000,2.484404,0.905338,698.7,0.001000
140300,0.000000,1.000000,2.456751,0.905338,699.2,0.001000
140400,0.000000,1.000000,2.441508,0.904626,699.7,0.001000
140500,0.000000,1.000000,2.441260,0.903203,700.2,0.001000
140600,0.000000,1.000000,2.436446,0.903915,700.7,0.001000
140700,0.000000,1.000000,2.458169,0.902491,701.1,0.001000
140800,0.000000,1.000000,2.527617,0.898221,701.6,0.001000
140900,0.037448,0.998576,2.327460,0.906050,702.1,0.001000
141000,0.000001,1.000000,1.742004,0.930249,702.6,0.001000
141100,0.000003,1.000000,1.283378,0.935231,703.1,0.001000
141200,0.000000,1.000000,1.297571,0.935943,703.6,0.001000
141300,0.000000,1.000000,1.282434,0.936655,704.1,0.001000
141400,0.000000,1.000000,1.306982,0.932384,704.5,0.001000
141500,0.000000,1.000000,1.333847,0.930961,705.0,0.001000
141600,0.000000,1.000000,1.433133,0.929537,705.5,0.001000
141700,0.000000,1.000000,1.407448,0.929537,706.0,0.001000
141800,0.000000,1.000000,1.400796,0.926690,706.5,0.001000
141900,0.000000,1.000000,1.400835,0.930249,707.0,0.001000
142000,0.000000,1.000000,1.132962,0.946619,707.5,0.001000
142100,0.000000,1.000000,1.781308,0.928826,708.0,0.001000
142200,0.000000,1.000000,1.787746,0.925979,708.5,0.001000
142300,0.000000,1.000000,1.873881,0.923132,709.0,0.001000
142400,0.000000,1.000000,1.967543,0.920996,709.5,0.001000
142500,0.000000,1.000000,2.066440,0.918861,709.9,0.001000
142600,0.000000,1.000000,2.120265,0.915303,710.4,0.001000
142700,0.000000,1.000000,1.910641,0.923843,710.9,0.001000
142800,0.016746,0.998576,1.927980,0.914591,711.4,0.001000
142900,0.000000,1.000000,1.982833,0.919573,711.9,0.001000
143000,0.000000,1.000000,1.993906,0.919573,712.4,0.001000
143100,0.000000,1.000000,2.010819,0.918861,712.9,0.001000
143200,0.000000,1.000000,2.042939,0.916726,713.4,0.001000
143300,0.000000,1.000000,2.162192,0.907473,713.9,0.001000
143400,0.000000,1.000000,2.130952,0.913167,714.4,0.001000
143500,0.000000,1.000000,2.158541,0.913879,714.8,0.001000
143600,0.000000,1.000000,2.096443,0.916726,715.3,0.001000
143700,0.038479,0.996439,1.630759,0.920285,715.8,0.001000
143800,0.000000,1.000000,1.815113,0.920996,716.3,0.001000
143900,0.000000,1.000000,1.816903,0.920285,716.8,0.001000
144000,0.000000,1.000000,1.855701,0.921708,717.3,0.001000
144100,0.000000,1.000000,1.948214,0.920996,717.7,0.001000
144200,0.000000,1.000000,1.975415,0.917438,718.3,0.001000
144300,0.000000,1.000000,2.101740,0.910320,718.8,0.001000
144400,0.000000,1.000000,2.180719,0.905338,719.3,0.001000
144500,0.000000,1.000000,1.890359,0.908185,719.8,0.001000
144600,0.006723,0.999288,1.778175,0.927402,720.2,0.001000
144700,0.009877,0.998576,1.837533,0.914591,720.7,0.001000
144800,0.000110,1.000000,1.695792,0.937367,721.2,0.001000
144900,0.000000,1.000000,1.509268,0.925979,721.7,0.001000
145000,0.000000,1.000000,1.508614,0.925979,722.2,0.001000
145100,0.000000,1.000000,1.507335,0.925267,722.7,0.001000
145200,0.000000,1.000000,1.505831,0.925267,723.2,0.001000
145300,0.000000,1.000000,1.509769,0.925267,723.7,0.001000
145400,0.000000,1.000000,1.512455,0.925267,724.2,0.001000
145500,0.000000,1.000000,1.541960,0.925979,724.6,0.001000
145600,0.000000,1.000000,1.472707,0.930249,725.1,0.001000
145700,0.000000,1.000000,1.300152,0.939502,725.6,0.001000
145800,0.018317,0.997863,1.841759,0.923132,726.1,0.001000
145900,0.000000,1.000000,1.429567,0.936655,726.6,0.001000
146000,0.000000,1.000000,1.441496,0.936655,727.1,0.001000
146100,0.000000,1.000000,1.471062,0.936655,727.6,0.001000
146200,0.000000,1.000000,1.512257,0.934520,728.1,0.001000
146300,0.000000,1.000000,1.551011,0.933096,728.5,0.001000
146400,0.000000,1.000000,1.679835,0.929537,729.0,0.001000
146500,0.000000,1.000000,1.837023,0.930249,729.5,0.001000
146600,0.000055,1.000000,1.318331,0.942349,730.0,0.001000
146700,0.000000,1.000000,0.875259,0.952313,730.5,0.001000
146800,0.000000,1.000000,0.878403,0.952313,731.0,0.001000
146900,0.000000,1.000000,0.887741,0.951601,731.4,0.001000
147000,0.000000,1.000000,0.898669,0.950890,731.9,0.001000
147100,0.000000,1.000000,0.949676,0.948754,732.4,0.001000
147200,0.000000,1.000000,0.975760,0.948754,732.9,0.001000
147300,0.000000,1.000000,0.994762,0.951601,733.4,0.001000
147400,0.000000,1.000000,0.968607,0.951601,733.9,0.001000
147500,0.020856,0.997863,1.047996,0.950178,734.4,0.001000
147600,0.000000,1.000000,0.958899,0.952313,734.9,0.001000
147700,0.000000,1.000000,0.942680,0.952313,735.4,0.001000
147800,0.000000,1.000000,0.951829,0.950178,735.9,0.001000
147900,0.000000,1.000000,1.022472,0.946619,736.4,0.001000
148000,0.000000,1.000000,0.966294,0.945196,736.9,0.001000
148100,0.000000,1.000000,1.195424,0.935943,737.4,0.001000
148200,0.000000,1.000000,1.332853,0.928826,737.9,0.001000
148300,0.000039,1.000000,0.984197,0.953737,738.4,0.001000
148400,0.000000,1.000000,1.008888,0.962989,738.9,0.001000
148500,0.000000,1.000000,1.018273,0.962278,739.4,0.001000
148600,0.000000,1.000000,1.025488,0.961566,739.9,0.001000
148700,0.000000,1.000000,1.046748,0.960142,740.4,0.001000
148800,0.000000,1.000000,1.090745,0.959431,740.9,0.001000
148900,0.000000,1.000000,1.077203,0.960854,741.4,0.001000
149000,0.000000,1.000000,1.140680,0.958719,741.9,0.001000
149100,0.000000,1.000000,1.221724,0.952313,742.4,0.001000
149200,0.007514,0.999288,1.013213,0.955872,742.9,0.001000
149300,0.000000,1.000000,1.220618,0.946619,743.3,0.001000
149400,0.000000,1.000000,1.269712,0.945907,743.8,0.001000
149500,0.000000,1.000000,1.254267,0.946619,744.3,0.001000
149600,0.000000,1.000000,1.162452,0.946619,744.8,0.001000
149700,0.000000,1.000000,1.203761,0.944484,745.3,0.001000
149800,0.000000,1.000000,1.235048,0.940925,745.8,0.001000
149900,0.000001,1.000000,1.053479,0.940214,746.3,0.001000
150000,0.000049,1.000000,1.032230,0.947331,746.8,0.001000
150100,0.000000,1.000000,1.095386,0.953737,747.3,0.001000
150200,0.000000,1.000000,1.084857,0.953737,747.7,0.001000
150300,0.000000,1.000000,1.064321,0.953737,748.2,0.001000
150400,0.000000,1.000000,1.067390,0.953025,748.7,0.001000
150500,0.000000,1.000000,1.105736,0.950890,749.2,0.001000
150600,0.000000,1.000000,1.134452,0.951601,749.7,0.001000
150700,0.000000,1.000000,0.811310,0.958719,750.2,0.001000
150800,0.000000,1.000000,0.806759,0.954448,750.6,0.001000
150900,0.000000,1.000000,0.578799,0.954448,751.1,0.001000
151000,0.000085,1.000000,0.911720,0.948754,751.6,0.001000
151100,0.000000,1.000000,0.767935,0.948754,752.1,0.001000
151200,0.000000,1.000000,0.759177,0.947331,752.6,0.001000
151300,0.000000,1.000000,0.750263,0.947331,753.0,0.001000
151400,0.000000,1.000000,0.739581,0.948754,753.5,0.001000
151500,0.000000,1.000000,0.722438,0.950178,754.0,0.001000
151600,0.000000,1.000000,0.710636,0.950178,754.5,0.001000
151700,0.000000,1.000000,0.711765,0.949466,755.0,0.001000
151800,0.000000,1.000000,0.832240,0.956584,755.5,0.001000
151900,0.000000,1.000000,0.999485,0.951601,756.0,0.001000
152000,0.000000,1.000000,0.986050,0.952313,756.4,0.001000
152100,0.000000,1.000000,0.993980,0.950178,756.9,0.001000
152200,0.000000,1.000000,0.974568,0.950890,757.4,0.001000
152300,0.000000,1.000000,0.985603,0.953025,757.9,0.001000
152400,0.000000,1.000000,0.979005,0.955872,758.4,0.001000
152500,0.023665,0.998576,1.098400,0.935231,758.9,0.001000
152600,0.000000,1.000000,1.031431,0.949466,759.5,0.001000
152700,0.000000,1.000000,1.030205,0.950178,760.0,0.001000
152800,0.000000,1.000000,1.001026,0.949466,760.4,0.001000
152900,0.000000,1.000000,0.997300,0.949466,760.9,0.001000
153000,0.000000,1.000000,1.038033,0.947331,761.4,0.001000
153100,0.000000,1.000000,1.056848,0.945196,761.9,0.001000
153200,0.000000,1.000000,1.106892,0.943772,762.3,0.001000
153300,0.000000,1.000000,1.132686,0.941637,762.8,0.001000
153400,0.000000,1.000000,0.918530,0.944484,763.3,0.001000
153500,0.003691,0.999288,0.893906,0.954448,763.8,0.001000
153600,0.000000,1.000000,0.847970,0.957295,764.3,0.001000
153700,0.000000,1.000000,0.840330,0.955872,764.8,0.001000
153800,0.000000,1.000000,0.851771,0.954448,765.3,0.001000
153900,0.000000,1.000000,0.851336,0.956584,765.8,0.001000
154000,0.000000,1.000000,0.852694,0.954448,766.3,0.001000
154100,0.000000,1.000000,0.881457,0.950890,766.8,0.001000
154200,0.000000,1.000000,0.911083,0.950178,767.3,0.001000
154300,0.000000,1.000000,0.939252,0.950178,767.8,0.001000
154400,0.000000,1.000000,0.932583,0.943061,768.2,0.001000
154500,0.000000,1.000000,0.420130,0.961566,768.7,0.001000
154600,0.000000,1.000000,0.385880,0.961566,769.2,0.001000
154700,0.000000,1.000000,0.401440,0.960854,769.7,0.001000
154800,0.000000,1.000000,0.401841,0.963701,770.2,0.001000
154900,0.000000,1.000000,0.504296,0.955872,770.7,0.001000
155000,0.000000,1.000000,0.515851,0.956584,771.2,0.001000
155100,0.000000,1.000000,0.518032,0.953737,771.7,0.001000
155200,0.000000,1.000000,0.454524,0.953025,772.2,0.001000
155300,0.000037,1.000000,0.879176,0.940925,772.7,0.001000
155400,0.000000,1.000000,0.850625,0.945196,773.2,0.001000
155500,0.000000,1.000000,0.842849,0.945907,773.6,0.001000
155600,0.000000,1.000000,0.804548,0.948754,774.1,0.001000
155700,0.000000,1.000000,0.797236,0.950890,774.6,0.001000
155800,0.000000,1.000000,0.841436,0.945196,775.1,0.001000
155900,0.000000,1.000000,0.926660,0.945907,775.6,0.001000
156000,0.000000,1.000000,0.933956,0.943772,776.1,0.001000
156100,0.000000,1.000000,0.846890,0.946619,776.6,0.001000
156200,0.003907,0.998576,0.672198,0.958007,777.1,0.001000
156300,0.000001,1.000000,0.577391,0.964413,777.6,0.001000
156400,0.000000,1.000000,0.532708,0.962989,778.1,0.001000
156500,0.000000,1.000000,0.523229,0.962989,778.6,0.001000
156600,0.000000,1.000000,0.523168,0.964413,779.1,0.001000
156700,0.000000,1.000000,0.530614,0.963701,779.6,0.001000
156800,0.000000,1.000000,0.536577,0.963701,780.1,0.001000
156900,0.000000,1.000000,0.528886,0.961566,780.6,0.001000
157000,0.000000,1.000000,0.543429,0.962278,781.1,0.001000
157100,0.000000,1.000000,0.585818,0.961566,781.6,0.001000
157200,0.000000,1.000000,0.539702,0.955872,782.0,0.001000
157300,0.000001,1.000000,0.327636,0.968683,782.5,0.001000
157400,0.000000,1.000000,0.347739,0.970107,783.0,0.001000
157500,0.000000,1.000000,0.353349,0.972242,783.5,0.001000
157600,0.000000,1.000000,0.356261,0.971530,784.0,0.001000
157700,0.000000,1.000000,0.393688,0.966548,784.5,0.001000
157800,0.000000,1.000000,0.434176,0.965836,784.9,0.001000
157900,0.009869,0.998576,0.348825,0.968683,785.4,0.001000
158000,0.000000,1.000000,0.409308,0.967972,785.9,0.001000
158100,0.000000,1.000000,0.411596,0.967972,786.4,0.001000
158200,0.000000,1.000000,0.419860,0.969395,786.9,0.001000
158300,0.000000,1.000000,0.423001,0.967972,787.4,0.001000
158400,0.000000,1.000000,0.439214,0.965836,787.9,0.001000
158500,0.000000,1.000000,0.379633,0.968683,788.4,0.001000
158600,0.000000,1.000000,0.393277,0.966548,788.9,0.001000
158700,0.000000,1.000000,0.402685,0.967972,789.4,0.001000
158800,0.022794,0.997151,0.565688,0.953737,789.9,0.001000
158900,0.000008,1.000000,0.526135,0.968683,790.4,0.001000
159000,0.000000,1.000000,0.474973,0.970819,790.9,0.001000
159100,0.000000,1.000000,0.474022,0.970107,791.3,0.001000
159200,0.000000,1.000000,0.527142,0.967260,791.9,0.001000
159300,0.000000,1.000000,0.558435,0.969395,792.4,0.001000
159400,0.000000,1.000000,0.557090,0.968683,792.9,0.001000
159500,0.000000,1.000000,0.570517,0.962989,793.3,0.001000
159600,0.000000,1.000000,0.466625,0.967972,793.8,0.001000
159700,0.000000,1.000000,0.402162,0.965836,794.3,0.001000
159800,0.000000,1.000000,0.610471,0.961566,794.8,0.001000
159900,0.000000,1.000000,0.668870,0.962278,795.3,0.001000
160000,0.000000,1.000000,0.665561,0.962278,795.8,0.001000
160100,0.000000,1.000000,0.665010,0.961566,796.3,0.001000
160200,0.000000,1.000000,0.665039,0.958719,796.8,0.001000
160300,0.000000,1.000000,0.699437,0.958007,797.3,0.001000
160400,0.000000,1.000000,0.673421,0.959431,797.9,0.001000
160500,0.000005,1.000000,0.394889,0.967972,798.4,0.001000
160600,0.000000,1.000000,0.643876,0.958719,798.9,0.001000
160700,0.000000,1.000000,0.616795,0.959431,799.5,0.001000
160800,0.000000,1.000000,0.592898,0.960142,800.0,0.001000
160900,0.000000,1.000000,0.578477,0.960142,800.5,0.001000
161000,0.000000,1.000000,0.631021,0.956584,801.0,0.001000
161100,0.000000,1.000000,0.682794,0.958007,801.5,0.001000
161200,0.000000,1.000000,0.699699,0.958007,802.0,0.001000
161300,0.015884,0.997151,0.555168,0.965836,802.5,0.001000
161400,0.000000,1.000000,0.545562,0.962278,803.0,0.001000
161500,0.000000,1.000000,0.537996,0.964413,803.5,0.001000
161600,0.000000,1.000000,0.528998,0.965125,804.1,0.001000
161700,0.000000,1.000000,0.519937,0.964413,804.6,0.001000
161800,0.000000,1.000000,0.532548,0.965836,805.1,0.001000
161900,0.000000,1.000000,0.580802,0.960142,805.6,0.001000
162000,0.000000,1.000000,0.670861,0.958007,806.1,0.001000
162100,0.000000,1.000000,0.449275,0.966548,806.6,0.001000
162200,0.000000,1.000000,0.438358,0.967972,807.0,0.001000
162300,0.000000,1.000000,0.350505,0.974377,807.5,0.001000
162400,0.000000,1.000000,0.337232,0.974377,808.0,0.001000
162500,0.000000,1.000000,0.324935,0.975089,808.5,0.001000
162600,0.000000,1.000000,0.336738,0.969395,809.0,0.001000
162700,0.000000,1.000000,0.349674,0.967972,809.5,0.001000
162800,0.000000,1.000000,0.381873,0.962989,810.0,0.001000
162900,0.043564,0.996439,0.455400,0.962278,810.6,0.001000
163000,0.000000,1.000000,1.115398,0.955872,811.0,0.001000
163100,0.000000,1.000000,1.104229,0.956584,811.6,0.001000
163200,0.000000,1.000000,1.117913,0.957295,812.1,0.001000
163300,0.000000,1.000000,1.155764,0.955872,812.6,0.001000
163400,0.000000,1.000000,1.152615,0.953737,813.0,0.001000
163500,0.000000,1.000000,1.217317,0.948043,813.5,0.001000
163600,0.000000,1.000000,1.204135,0.940925,814.0,0.001000
163700,0.006060,0.999288,0.759830,0.953737,814.5,0.001000
163800,0.000000,1.000000,0.688111,0.966548,815.0,0.001000
163900,0.000000,1.000000,0.720281,0.963701,815.5,0.001000
164000,0.000000,1.000000,0.706070,0.965836,816.0,0.001000
164100,0.000000,1.000000,0.696229,0.966548,816.5,0.001000
164200,0.000000,1.000000,0.733501,0.964413,817.0,0.001000
164300,0.000000,1.000000,0.729259,0.962989,817.5,0.001000
164400,0.000000,1.000000,0.743626,0.963701,818.0,0.001000
164500,0.000000,1.000000,0.645162,0.960854,818.5,0.001000
164600,0.011011,0.998576,0.289620,0.977936,819.0,0.001000
164700,0.000032,1.000000,0.496590,0.970107,819.5,0.001000
164800,0.000000,1.000000,0.587312,0.967972,820.0,0.001000
164900,0.000000,1.000000,0.579040,0.968683,820.5,0.001000
165000,0.000000,1.000000,0.574284,0.969395,820.9,0.001000
165100,0.000000,1.000000,0.580516,0.968683,821.4,0.001000
165200,0.000000,1.000000,0.606062,0.967972,821.9,0.001000
165300,0.000000,1.000000,0.658287,0.965125,822.4,0.001000
165400,0.000000,1.000000,0.670963,0.963701,822.9,0.001000
165500,0.000000,1.000000,0.492373,0.967972,823.4,0.001000
165600,0.000003,1.000000,0.410631,0.968683,823.9,0.001000
165700,0.000000,1.000000,0.398101,0.968683,824.4,0.001000
165800,0.000000,1.000000,0.394830,0.968683,824.9,0.001000
165900,0.000000,1.000000,0.392211,0.967972,825.4,0.001000
166000,0.000000,1.000000,0.405708,0.965836,825.8,0.001000
166100,0.000000,1.000000,0.416279,0.967972,826.3,0.001000
166200,0.000000,1.000000,0.422700,0.965836,826.8,0.001000
166300,0.000000,1.000000,0.451308,0.960854,827.3,0.001000
166400,0.000000,1.000000,0.353883,0.965125,827.8,0.001000
166500,0.008252,0.999288,0.377753,0.966548,828.3,0.001000
166600,0.000000,1.000000,0.331180,0.968683,828.9,0.001000
166700,0.000000,1.000000,0.319689,0.968683,829.3,0.001000
166800,0.000000,1.000000,0.307611,0.969395,829.8,0.001000
166900,0.000000,1.000000,0.302199,0.970107,830.3,0.001000
167000,0.000000,1.000000,0.318428,0.968683,830.8,0.001000
167100,0.000000,1.000000,0.305313,0.970107,831.3,0.001000
167200,0.000000,1.000000,0.272572,0.968683,831.8,0.001000
167300,0.000000,1.000000,0.200908,0.972954,832.3,0.001000
167400,0.000005,1.000000,0.183439,0.976512,832.8,0.001000
167500,0.000000,1.000000,0.173237,0.981495,833.2,0.001000
167600,0.000000,1.000000,0.169846,0.981495,833.7,0.001000
167700,0.000000,1.000000,0.160891,0.983630,834.2,0.001000
167800,0.000000,1.000000,0.174408,0.981495,834.7,0.001000
167900,0.000000,1.000000,0.191727,0.977936,835.2,0.001000
168000,0.000000,1.000000,0.240653,0.978648,835.7,0.001000
168100,0.000000,1.000000,0.285374,0.977224,836.2,0.001000
168200,0.000000,1.000000,0.265887,0.975089,836.7,0.001000
168300,0.004862,0.999288,0.158667,0.984342,837.2,0.001000
168400,0.000000,1.000000,0.122699,0.984342,837.7,0.001000
168500,0.000000,1.000000,0.172534,0.980783,838.2,0.001000
168600,0.000000,1.000000,0.167936,0.982206,838.7,0.001000
168700,0.000000,1.000000,0.167557,0.981495,839.2,0.001000
168800,0.000000,1.000000,0.177908,0.981495,839.7,0.001000
168900,0.000000,1.000000,0.187411,0.981495,840.2,0.001000
169000,0.000000,1.000000,0.216597,0.978648,840.7,0.001000
169100,0.000000,1.000000,0.287123,0.977224,841.2,0.001000
169200,0.000495,1.000000,0.481056,0.969395,841.7,0.001000
169300,0.000000,1.000000,0.362562,0.972242,842.2,0.001000
169400,0.000000,1.000000,0.361617,0.972954,842.7,0.001000
169500,0.000000,1.000000,0.358926,0.973665,843.2,0.001000
169600,0.000000,1.000000,0.359574,0.973665,843.7,0.001000
169700,0.000000,1.000000,0.369318,0.974377,844.2,0.001000
169800,0.000000,1.000000,0.367757,0.970107,844.7,0.001000
169900,0.000000,1.000000,0.331180,0.968683,845.2,0.001000
170000,0.000000,1.000000,0.239647,0.971530,845.7,0.001000
170100,0.000000,1.000000,0.190920,0.976512,846.1,0.001000
170200,0.000000,1.000000,0.209286,0.965125,846.7,0.001000
170300,0.000000,1.000000,0.196860,0.965836,847.1,0.001000
170400,0.000000,1.000000,0.185225,0.966548,847.7,0.001000
170500,0.000000,1.000000,0.186295,0.965125,848.2,0.001000
170600,0.000000,1.000000,0.209709,0.962278,848.7,0.001000
170700,0.000000,1.000000,0.211753,0.962989,849.2,0.001000
170800,0.000000,1.000000,0.228140,0.970107,849.6,0.001000
170900,0.006937,0.997863,0.257018,0.970107,850.1,0.001000
171000,0.000000,1.000000,0.430337,0.967260,850.6,0.001000
171100,0.000000,1.000000,0.412076,0.967260,851.1,0.001000
171200,0.000000,1.000000,0.400669,0.967972,851.6,0.001000
171300,0.000000,1.000000,0.384233,0.969395,852.1,0.001000
171400,0.000000,1.000000,0.375181,0.970819,852.6,0.001000
171500,0.000000,1.000000,0.374142,0.967260,853.1,0.001000
171600,0.000000,1.000000,0.340183,0.970107,853.5,0.001000
171700,0.000000,1.000000,0.276112,0.970819,854.0,0.001000
171800,0.000000,1.000000,0.087101,0.987189,854.5,0.001000
171900,0.000004,1.000000,0.400894,0.976512,855.0,0.001000
172000,0.000000,1.000000,0.360667,0.977224,855.5,0.001000
172100,0.000000,1.000000,0.392886,0.974377,856.0,0.001000
172200,0.000000,1.000000,0.382016,0.972954,856.5,0.001000
172300,0.000000,1.000000,0.356076,0.975801,857.0,0.001000
172400,0.000000,1.000000,0.345505,0.974377,857.5,0.001000
172500,0.000000,1.000000,0.320347,0.973665,857.9,0.001000
172600,0.000000,1.000000,0.222320,0.980071,858.4,0.001000
172700,0.000000,1.000000,0.099504,0.987900,858.9,0.001000
172800,0.000001,1.000000,0.158221,0.982206,859.4,0.001000
172900,0.000000,1.000000,0.182876,0.983630,859.9,0.001000
173000,0.000000,1.000000,0.179513,0.982918,860.4,0.001000
173100,0.000000,1.000000,0.170169,0.982918,860.9,0.001000
173200,0.000000,1.000000,0.161211,0.982918,861.4,0.001000
173300,0.000000,1.000000,0.156662,0.984342,861.8,0.001000
173400,0.000000,1.000000,0.136800,0.984342,862.3,0.001000
173500,0.000000,1.000000,0.147995,0.978648,862.8,0.001000
173600,0.000000,1.000000,0.137544,0.977936,863.3,0.001000
173700,0.000000,1.000000,0.092257,0.980071,863.8,0.001000
173800,0.000000,1.000000,0.214011,0.977224,864.3,0.001000
173900,0.000000,1.000000,0.284443,0.972242,864.8,0.001000
174000,0.000000,1.000000,0.301582,0.973665,865.3,0.001000
174100,0.000000,1.000000,0.325155,0.973665,865.8,0.001000
174200,0.000000,1.000000,0.359654,0.976512,866.3,0.001000
174300,0.000000,1.000000,0.316881,0.977224,866.8,0.001000
174400,0.000000,1.000000,0.292831,0.977224,867.3,0.001000
174500,0.000000,1.000000,0.245242,0.975089,867.8,0.001000
174600,0.000000,1.000000,0.157919,0.982206,868.3,0.001000
174700,0.008082,0.999288,0.179380,0.982206,868.8,0.001000
174800,0.000000,1.000000,0.319129,0.976512,869.3,0.001000
174900,0.000000,1.000000,0.313249,0.976512,869.8,0.001000
175000,0.000000,1.000000,0.313646,0.975089,870.3,0.001000
175100,0.000000,1.000000,0.327751,0.973665,870.7,0.001000
175200,0.000000,1.000000,0.359109,0.974377,871.2,0.001000
175300,0.000000,1.000000,0.329615,0.975089,871.7,0.001000
175400,0.000000,1.000000,0.294839,0.976512,872.2,0.001000
175500,0.000000,1.000000,0.279244,0.979359,872.7,0.001000
175600,0.000109,1.000000,0.232116,0.976512,873.2,0.001000
175700,0.001198,0.999288,0.211897,0.976512,873.7,0.001000
175800,0.000000,1.000000,0.138204,0.985053,874.1,0.001000
175900,0.000000,1.000000,0.125997,0.984342,874.6,0.001000
176000,0.000000,1.000000,0.118397,0.985053,875.1,0.001000
176100,0.000000,1.000000,0.117965,0.984342,875.6,0.001000
176200,0.000000,1.000000,0.133003,0.979359,876.1,0.001000
176300,0.000000,1.000000,0.135319,0.981495,876.6,0.001000
176400,0.000000,1.000000,0.170385,0.977936,877.1,0.001000
176500,0.000000,1.000000,0.126517,0.977936,877.6,0.001000
176600,0.000000,1.000000,0.047732,0.991459,878.1,0.001000
176700,0.000127,1.000000,0.217847,0.976512,878.5,0.001000
176800,0.000000,1.000000,0.131534,0.982918,879.0,0.001000
176900,0.000000,1.000000,0.135364,0.982206,879.5,0.001000
177000,0.000000,1.000000,0.144367,0.984342,880.0,0.001000
177100,0.000000,1.000000,0.169506,0.982206,880.5,0.001000
177200,0.000000,1.000000,0.163294,0.978648,881.0,0.001000
177300,0.000000,1.000000,0.175369,0.978648,881.4,0.001000
177400,0.000001,1.000000,0.129274,0.978648,881.9,0.001000
177500,0.000000,1.000000,0.080418,0.984342,882.4,0.001000
177600,0.000000,1.000000,0.035930,0.995018,882.9,0.001000
177700,0.000014,1.000000,0.145008,0.980783,883.4,0.001000
177800,0.000000,1.000000,0.124095,0.980783,883.8,0.001000
177900,0.000000,1.000000,0.109531,0.981495,884.3,0.001000
178000,0.000000,1.000000,0.095684,0.981495,884.8,0.001000
178100,0.000000,1.000000,0.086367,0.982918,885.3,0.001000
178200,0.000000,1.000000,0.075603,0.986477,885.8,0.001000
178300,0.000000,1.000000,0.067902,0.988612,886.3,0.001000
178400,0.009566,0.998576,0.116378,0.987189,886.8,0.001000
178500,0.000002,1.000000,0.379822,0.972954,887.3,0.001000
178600,0.000000,1.000000,0.383401,0.972242,887.8,0.001000
178700,0.000000,1.000000,0.393112,0.970819,888.2,0.001000
178800,0.000000,1.000000,0.404594,0.970819,888.7,0.001000
178900,0.000000,1.000000,0.412301,0.971530,889.2,0.001000
179000,0.000000,1.000000,0.432774,0.967972,889.7,0.001000
179100,0.000000,1.000000,0.433566,0.964413,890.1,0.001000
179200,0.000014,1.000000,0.156913,0.981495,890.6,0.001000
179300,0.000000,1.000000,0.231171,0.978648,891.2,0.001000
179400,0.000000,1.000000,0.229961,0.978648,891.7,0.001000
179500,0.000000,1.000000,0.223735,0.978648,892.2,0.001000
179600,0.000000,1.000000,0.213512,0.978648,892.7,0.001000
179700,0.000000,1.000000,0.221062,0.977936,893.1,0.001000
179800,0.000000,1.000000,0.181898,0.977224,893.6,0.001000
179900,0.000000,1.000000,0.187289,0.975801,894.1,0.001000
180000,0.000000,1.000000,0.137767,0.983630,894.6,0.001000
180100,0.000001,1.000000,0.317996,0.975089,895.1,0.001000
180200,0.000000,1.000000,0.312496,0.975089,895.6,0.001000
180300,0.000000,1.000000,0.308924,0.973665,896.0,0.001000
180400,0.000000,1.000000,0.305390,0.972954,896.5,0.001000
180500,0.000000,1.000000,0.312664,0.971530,897.0,0.001000
180600,0.000000,1.000000,0.361258,0.968683,897.5,0.001000
180700,0.000000,1.000000,0.320788,0.972242,898.0,0.001000
180800,0.000000,1.000000,0.245102,0.967972,898.5,0.001000
180900,0.000000,1.000000,0.082878,0.985053,899.0,0.001000
181000,0.000071,1.000000,0.223647,0.985053,899.5,0.001000
181100,0.000000,1.000000,0.285148,0.968683,900.0,0.001000
181200,0.000000,1.000000,0.262201,0.969395,900.5,0.001000
181300,0.000000,1.000000,0.265039,0.967972,901.0,0.001000
181400,0.000000,1.000000,0.268362,0.967260,901.5,0.001000
181500,0.000000,1.000000,0.263724,0.970819,902.0,0.001000
181600,0.000000,1.000000,0.269022,0.966548,902.5,0.001000
181700,0.000000,1.000000,0.221966,0.970107,903.0,0.001000
181800,0.000009,1.000000,0.163925,0.980071,903.5,0.001000
181900,0.000000,1.000000,0.143531,0.982918,904.0,0.001000
182000,0.000000,1.000000,0.148410,0.982206,904.5,0.001000
182100,0.000000,1.000000,0.143971,0.983630,905.0,0.001000
182200,0.000000,1.000000,0.146480,0.982206,905.5,0.001000
182300,0.000000,1.000000,0.147366,0.980071,906.0,0.001000
182400,0.000000,1.000000,0.117992,0.985053,906.4,0.001000
182500,0.000000,1.000000,0.106208,0.985765,906.9,0.001000
182600,0.000000,1.000000,0.040803,0.992171,907.4,0.001000
182700,0.001244,0.999288,0.227030,0.974377,907.9,0.001000
182800,0.000000,1.000000,0.248488,0.977224,908.4,0.001000
182900,0.000000,1.000000,0.242566,0.977936,908.9,0.001000
183000,0.000000,1.000000,0.243744,0.977224,909.3,0.001000
183100,0.000000,1.000000,0.245749,0.976512,909.8,0.001000
183200,0.000000,1.000000,0.222075,0.975089,910.3,0.001000
183300,0.000000,1.000000,0.196445,0.974377,910.8,0.001000
183400,0.000000,1.000000,0.199250,0.972954,911.3,0.001000
183500,0.000004,1.000000,0.370280,0.961566,911.8,0.001000
183600,0.000000,1.000000,0.352941,0.961566,912.2,0.001000
183700,0.000000,1.000000,0.317908,0.960854,912.7,0.001000
183800,0.000000,1.000000,0.282089,0.964413,913.2,0.001000
183900,0.000000,1.000000,0.292225,0.963701,913.7,0.001000
184000,0.000000,1.000000,0.283647,0.965836,914.2,0.001000
184100,0.000000,1.000000,0.283723,0.965125,914.7,0.001000
184200,0.000000,1.000000,0.202775,0.966548,915.2,0.001000
184300,0.000000,1.000000,0.069759,0.982206,915.7,0.001000
184400,0.000000,1.000000,0.008660,0.997153,916.2,0.001000
184500,0.000000,1.000000,0.000257,1.000000,916.7,0.001000
184600,0.000000,1.000000,0.000029,1.000000,917.2,0.001000
184700,0.000000,1.000000,0.000012,1.000000,917.7,0.001000
184800,0.000000,1.000000,0.000005,1.000000,918.2,0.001000
184900,0.000000,1.000000,0.000003,1.000000,918.7,0.001000
185000,0.000000,1.000000,0.000002,1.000000,919.2,0.001000
185100,0.000000,1.000000,0.000002,1.000000,919.7,0.001000
185200,0.000000,1.000000,0.000001,1.000000,920.2,0.001000
185300,0.000000,1.000000,0.000001,1.000000,920.7,0.001000
185400,0.000000,1.000000,0.000001,1.000000,921.1,0.001000
185500,0.000000,1.000000,0.000001,1.000000,921.6,0.001000
185600,0.000000,1.000000,0.000001,1.000000,922.1,0.001000
185700,0.000000,1.000000,0.000001,1.000000,922.6,0.001000
185800,0.000000,1.000000,0.000000,1.000000,923.1,0.001000
185900,0.000000,1.000000,0.000001,1.000000,923.6,0.001000
186000,0.000000,1.000000,0.000000,1.000000,924.1,0.001000
186100,0.000000,1.000000,0.000000,1.000000,924.6,0.001000
186200,0.000000,1.000000,0.000000,1.000000,925.1,0.001000
186300,0.000000,1.000000,0.000000,1.000000,925.6,0.001000
186400,0.000000,1.000000,0.000000,1.000000,926.1,0.001000
186500,0.000000,1.000000,0.000000,1.000000,926.6,0.001000
186600,0.000000,1.000000,0.000000,1.000000,927.1,0.001000
186700,0.000000,1.000000,0.000000,1.000000,927.5,0.001000
186800,0.000000,1.000000,0.000000,1.000000,928.0,0.001000
186900,0.000000,1.000000,0.000000,1.000000,928.5,0.001000
187000,0.000000,1.000000,0.000000,1.000000,929.0,0.001000
187100,0.000000,1.000000,0.000000,1.000000,929.5,0.001000
187200,0.000000,1.000000,0.000000,1.000000,930.0,0.001000
187300,0.000000,1.000000,0.000000,1.000000,930.5,0.001000
187400,0.000000,1.000000,0.000000,1.000000,931.0,0.001000
187500,0.000000,1.000000,0.000000,1.000000,931.5,0.001000
187600,0.000000,1.000000,0.000000,1.000000,931.9,0.001000
187700,0.000000,1.000000,0.000000,1.000000,932.4,0.001000
187800,0.000000,1.000000,0.000000,1.000000,933.0,0.001000
187900,0.000000,1.000000,0.000000,1.000000,933.5,0.001000
188000,0.000000,1.000000,0.000000,1.000000,933.9,0.001000
188100,0.000000,1.000000,0.000000,1.000000,934.5,0.001000
188200,0.000000,1.000000,0.000000,1.000000,934.9,0.001000
188300,0.000000,1.000000,0.000000,1.000000,935.5,0.001000
188400,0.000000,1.000000,0.000000,1.000000,935.9,0.001000
188500,0.000000,1.000000,0.000000,1.000000,936.5,0.001000
188600,0.000000,1.000000,0.000000,1.000000,936.9,0.001000
188700,0.000000,1.000000,0.000000,1.000000,937.5,0.001000
188800,0.000000,1.000000,0.000000,1.000000,938.0,0.001000
188900,0.000000,1.000000,0.000000,1.000000,938.5,0.001000
189000,0.000000,1.000000,0.000000,1.000000,938.9,0.001000
189100,0.000000,1.000000,0.000000,1.000000,939.4,0.001000
189200,0.000000,1.000000,0.000000,1.000000,939.9,0.001000
189300,0.000000,1.000000,0.000000,1.000000,940.4,0.001000
189400,0.000000,1.000000,0.000000,1.000000,940.9,0.001000
189500,0.000000,1.000000,0.000000,1.000000,941.4,0.001000
189600,0.000000,1.000000,0.000000,1.000000,941.9,0.001000
189700,0.000000,1.000000,0.000000,1.000000,942.4,0.001000
189800,0.000000,1.000000,0.000000,1.000000,942.9,0.001000
189900,0.000000,1.000000,0.000000,1.000000,943.4,0.001000
190000,0.000000,1.000000,0.000000,1.000000,943.9,0.001000
190100,0.000000,1.000000,0.000000,1.000000,944.4,0.001000
190200,0.000000,1.000000,0.000000,1.000000,944.8,0.001000
190300,0.000000,1.000000,0.000000,1.000000,945.3,0.001000
190400,0.000000,1.000000,0.000000,1.000000,945.8,0.001000
190500,0.000000,1.000000,0.000000,1.000000,946.3,0.001000
190600,0.000000,1.000000,0.000000,1.000000,946.8,0.001000
190700,0.000000,1.000000,0.000000,1.000000,947.3,0.001000
190800,0.000000,1.000000,0.000000,1.000000,947.8,0.001000
190900,0.000000,1.000000,0.000000,1.000000,948.3,0.001000
191000,0.000000,1.000000,0.000000,1.000000,948.8,0.001000
191100,0.000000,1.000000,0.000000,1.000000,949.3,0.001000
191200,0.000000,1.000000,0.000000,1.000000,949.8,0.001000
191300,0.000000,1.000000,0.000000,1.000000,950.3,0.001000
191400,0.000000,1.000000,0.000000,1.000000,950.8,0.001000
191500,0.000000,1.000000,0.000000,1.000000,951.2,0.001000
191600,0.000000,1.000000,0.000000,1.000000,951.7,0.001000
191700,0.000000,1.000000,0.000000,1.000000,952.2,0.001000
191800,0.000000,1.000000,0.000000,1.000000,952.7,0.001000
191900,0.000000,1.000000,0.000000,1.000000,953.2,0.001000
192000,0.000000,1.000000,0.000000,1.000000,953.7,0.001000
192100,0.000000,1.000000,0.000000,1.000000,954.2,0.001000
192200,0.000000,1.000000,0.000000,1.000000,954.7,0.001000
192300,0.000000,1.000000,0.000000,1.000000,955.2,0.001000
192400,0.000000,1.000000,0.000000,1.000000,955.8,0.001000
192500,0.000000,1.000000,0.000000,1.000000,956.2,0.001000
192600,0.000000,1.000000,0.000000,1.000000,956.7,0.001000
192700,0.000000,1.000000,0.000000,1.000000,957.2,0.001000
192800,0.000000,1.000000,0.000000,1.000000,957.7,0.001000
192900,0.000000,1.000000,0.000000,1.000000,958.2,0.001000
193000,0.000000,1.000000,0.000000,1.000000,958.7,0.001000
193100,0.000000,1.000000,0.000000,1.000000,959.2,0.001000
193200,0.000000,1.000000,0.000000,1.000000,959.7,0.001000
193300,0.000000,1.000000,0.000000,1.000000,960.2,0.001000
193400,0.000000,1.000000,0.000000,1.000000,960.7,0.001000
193500,0.000000,1.000000,0.000000,1.000000,961.2,0.001000
193600,0.000000,1.000000,0.000000,1.000000,961.7,0.001000
193700,0.000000,1.000000,0.000000,1.000000,962.2,0.001000
193800,0.000000,1.000000,0.000000,1.000000,962.7,0.001000
193900,0.000000,1.000000,0.000000,1.000000,963.2,0.001000
194000,0.000000,1.000000,0.000000,1.000000,963.7,0.001000
194100,0.000000,1.000000,0.000000,1.000000,964.2,0.001000
194200,0.000000,1.000000,0.000000,1.000000,964.6,0.001000
194300,0.000000,1.000000,0.000000,1.000000,965.1,0.001000
194400,0.000000,1.000000,0.000000,1.000000,965.6,0.001000
194500,0.000000,1.000000,0.000000,1.000000,966.1,0.001000
194600,0.000000,1.000000,0.000000,1.000000,966.6,0.001000
194700,0.000000,1.000000,0.000000,1.000000,967.1,0.001000
194800,0.000000,1.000000,0.000000,1.000000,967.6,0.001000
194900,0.000000,1.000000,0.000000,1.000000,968.1,0.001000
195000,0.000000,1.000000,0.000000,1.000000,968.6,0.001000
195100,0.000000,1.000000,0.000000,1.000000,969.1,0.001000
195200,0.000000,1.000000,0.000000,1.000000,969.5,0.001000
195300,0.000000,1.000000,0.000000,1.000000,970.0,0.001000
195400,0.000000,1.000000,0.000000,1.000000,970.6,0.001000
195500,0.000000,1.000000,0.000000,1.000000,971.0,0.001000
195600,0.000000,1.000000,0.000000,1.000000,971.5,0.001000
195700,0.000000,1.000000,0.000000,1.000000,972.0,0.001000
195800,0.000000,1.000000,0.000000,1.000000,972.5,0.001000
195900,0.000000,1.000000,0.000000,1.000000,973.1,0.001000
196000,0.000000,1.000000,0.000000,1.000000,973.5,0.001000
196100,0.000000,1.000000,0.000000,1.000000,974.0,0.001000
196200,0.000000,1.000000,0.000000,1.000000,974.5,0.001000
196300,0.000000,1.000000,0.000000,1.000000,975.0,0.001000
196400,0.000000,1.000000,0.000000,1.000000,975.5,0.001000
196500,0.000000,1.000000,0.000000,1.000000,976.0,0.001000
196600,0.000000,1.000000,0.000000,1.000000,976.6,0.001000
196700,0.000000,1.000000,0.000000,1.000000,977.1,0.001000
196800,0.000000,1.000000,0.000000,1.000000,977.6,0.001000
196900,0.000000,1.000000,0.000000,1.000000,978.1,0.001000
197000,0.000000,1.000000,0.000000,1.000000,978.6,0.001000
197100,0.000000,1.000000,0.000000,1.000000,979.1,0.001000
197200,0.000000,1.000000,0.000000,1.000000,979.6,0.001000
197300,0.000000,1.000000,0.000000,1.000000,980.1,0.001000
197400,0.000000,1.000000,0.000000,1.000000,980.6,0.001000
197500,0.000000,1.000000,0.000000,1.000000,981.0,0.001000
197600,0.000437,1.000000,0.031891,0.992171,981.5,0.001000
197700,0.000000,1.000000,0.117392,0.996441,982.0,0.001000
197800,0.000000,1.000000,0.118329,0.996441,982.5,0.001000
197900,0.000000,1.000000,0.117234,0.996441,983.0,0.001000
198000,0.000000,1.000000,0.116193,0.996441,983.5,0.001000
198100,0.000000,1.000000,0.115051,0.996441,984.0,0.001000
198200,0.000000,1.000000,0.114060,0.996441,984.5,0.001000
198300,0.000000,1.000000,0.112860,0.996441,985.0,0.001000
198400,0.000000,1.000000,0.111069,0.996441,985.5,0.001000
198500,0.000000,1.000000,0.107462,0.996441,985.9,0.001000
198600,0.000000,1.000000,0.101015,0.996441,986.4,0.001000
198700,0.000000,1.000000,0.091134,0.996441,986.9,0.001000
198800,0.000000,1.000000,0.086246,0.996441,987.4,0.001000
198900,0.000000,1.000000,0.063471,0.996441,987.9,0.001000
199000,0.000000,1.000000,0.005461,0.997865,988.4,0.001000
199100,0.000000,1.000000,0.073401,0.997153,988.9,0.001000
199200,0.000000,1.000000,0.073290,0.997153,989.4,0.001000
199300,0.000000,1.000000,0.072578,0.996441,989.9,0.001000
199400,0.000000,1.000000,0.071852,0.996441,990.4,0.001000
199500,0.000000,1.000000,0.070981,0.996441,990.9,0.001000
199600,0.000000,1.000000,0.059023,0.997865,991.4,0.001000
199700,0.000000,1.000000,0.055728,0.997865,991.9,0.001000
199800,0.000000,1.000000,0.048578,0.997865,992.4,0.001000
199900,0.000000,1.000000,0.041775,0.998577,992.8,0.001000
