step,train_loss,train_acc,test_loss,test_acc,elapsed_sec,lr
0,4.793253,0.017825,4.783243,0.014254,0.0,0.000020
100,3.851942,0.105169,4.805622,0.004454,0.5,0.001000
200,1.644294,0.737077,3.668596,0.242762,1.0,0.001000
300,0.441190,0.994207,2.398358,0.484187,1.5,0.001000
400,0.255155,0.999554,1.951449,0.517595,2.0,0.001000
500,0.226153,1.000000,1.405076,0.619154,2.5,0.001000
600,0.205925,1.000000,0.759272,0.877060,2.9,0.001000
700,0.425700,0.999109,0.554267,0.995100,3.4,0.001000
800,0.181266,1.000000,0.213878,1.000000,3.9,0.001000
900,0.156542,1.000000,0.170213,1.000000,4.4,0.001000
1000,0.144687,1.000000,0.157924,1.000000,4.9,0.001000
1100,0.518235,0.999109,0.560310,0.996882,5.3,0.001000
1200,0.134638,1.000000,0.141976,1.000000,5.8,0.001000
1300,0.149210,1.000000,0.161461,1.000000,6.3,0.001000
1400,0.144560,1.000000,0.153060,1.000000,6.7,0.001000
1500,0.816696,0.987522,0.901448,0.980401,7.2,0.001000
1600,0.178264,1.000000,0.190221,1.000000,7.7,0.001000
1700,0.184151,1.000000,0.194568,1.000000,8.2,0.001000
1800,0.204819,1.000000,0.215081,1.000000,8.7,0.001000
1900,0.449766,1.000000,0.478250,1.000000,9.2,0.001000
2000,0.211260,1.000000,0.225297,1.000000,9.7,0.001000
2100,0.193413,1.000000,0.203790,1.000000,10.1,0.001000
2200,1.229793,0.907754,1.310966,0.865033,10.6,0.001000
2300,0.240184,1.000000,0.256096,1.000000,11.1,0.001000
2400,0.227237,1.000000,0.237236,1.000000,11.5,0.001000
2500,0.677588,0.993761,0.725844,0.991091,12.0,0.001000
2600,0.231001,1.000000,0.241307,1.000000,12.5,0.001000
2700,0.214888,1.000000,0.224008,1.000000,13.0,0.001000
2800,0.395355,0.999554,0.420116,0.999555,13.5,0.001000
2900,0.232260,1.000000,0.246159,1.000000,14.0,0.001000
3000,2.057619,0.430927,2.141404,0.413363,14.4,0.001000
3100,0.362900,1.000000,0.385893,0.999109,14.9,0.001000
3200,0.224551,1.000000,0.233738,1.000000,15.4,0.001000
3300,0.496932,1.000000,0.527234,0.999555,15.9,0.001000
3400,0.227526,1.000000,0.240283,1.000000,16.4,0.001000
3500,0.221373,1.000000,0.229622,1.000000,16.9,0.001000
3600,0.332335,1.000000,0.347500,1.000000,17.4,0.001000
3700,0.231877,1.000000,0.244586,1.000000,17.9,0.001000
3800,0.223147,1.000000,0.232531,1.000000,18.4,0.001000
3900,0.306624,1.000000,0.322880,1.000000,18.9,0.001000
4000,0.199393,1.000000,0.208401,1.000000,19.4,0.001000
4100,0.478943,0.997326,0.507897,0.997327,19.9,0.001000
4200,0.258573,1.000000,0.274322,1.000000,20.4,0.001000
4300,0.240406,1.000000,0.255911,1.000000,20.9,0.001000
4400,0.221789,1.000000,0.231983,1.000000,21.3,0.001000
4500,0.695185,0.993315,0.746846,0.991537,21.8,0.001000
4600,0.204328,1.000000,0.216021,1.000000,22.3,0.001000
4700,0.275776,1.000000,0.286947,1.000000,22.8,0.001000
4800,0.456695,1.000000,0.484303,0.999109,23.3,0.001000
4900,0.216946,1.000000,0.230503,1.000000,23.8,0.001000
5000,0.931757,0.930036,0.945442,0.929176,24.3,0.001000
5100,0.181729,1.000000,0.189506,1.000000,24.8,0.001000
5200,1.123416,0.812389,1.139338,0.814699,25.3,0.001000
5300,0.216620,1.000000,0.227778,1.000000,25.8,0.001000
5400,0.189806,1.000000,0.198054,1.000000,26.3,0.001000
5500,1.185354,0.889929,1.255319,0.865033,26.7,0.001000
5600,0.243635,1.000000,0.256083,1.000000,27.2,0.001000
5700,0.203455,1.000000,0.212042,1.000000,27.7,0.001000
5800,0.223880,1.000000,0.234722,1.000000,28.2,0.001000
5900,0.376286,1.000000,0.398990,1.000000,28.7,0.001000
6000,0.230254,1.000000,0.244128,1.000000,29.1,0.001000
6100,0.224536,1.000000,0.235357,1.000000,29.6,0.001000
6200,0.358052,0.999554,0.382341,0.999109,30.1,0.001000
6300,0.224544,1.000000,0.237710,1.000000,30.6,0.001000
6400,0.989847,0.887700,1.054295,0.864143,31.1,0.001000
6500,0.182693,1.000000,0.191571,1.000000,31.5,0.001000
6600,0.198787,1.000000,0.209180,1.000000,32.0,0.001000
6700,0.478717,0.999109,0.519145,0.999555,32.5,0.001000
6800,0.194852,1.000000,0.205059,1.000000,33.0,0.001000
6900,0.317930,0.999554,0.343375,0.999555,33.4,0.001000
7000,0.179547,1.000000,0.188384,1.000000,33.9,0.001000
7100,1.669054,0.605615,1.798370,0.554566,34.4,0.001000
7200,0.329521,1.000000,0.353185,1.000000,34.8,0.001000
7300,0.401682,0.993761,0.424883,0.992428,35.3,0.001000
7400,0.187454,1.000000,0.196060,1.000000,35.8,0.001000
7500,0.217584,1.000000,0.226703,1.000000,36.3,0.001000
7600,0.792550,0.975936,0.847114,0.959911,36.8,0.001000
7700,0.216113,1.000000,0.229721,1.000000,37.3,0.001000
7800,0.197807,1.000000,0.207695,1.000000,37.8,0.001000
7900,0.216313,1.000000,0.225484,1.000000,38.3,0.001000
8000,0.361879,1.000000,0.381522,0.999109,38.8,0.001000
8100,0.193111,1.000000,0.203704,1.000000,39.3,0.001000
8200,0.202124,1.000000,0.210281,1.000000,39.7,0.001000
8300,0.315233,1.000000,0.330248,1.000000,40.2,0.001000
8400,0.407615,0.998663,0.437936,0.997327,40.6,0.001000
8500,0.198465,1.000000,0.209965,1.000000,41.1,0.001000
8600,0.836116,0.928253,0.888758,0.913586,41.6,0.001000
8700,0.183901,1.000000,0.193447,1.000000,42.1,0.001000
8800,0.207953,1.000000,0.217485,1.000000,42.6,0.001000
8900,0.936553,0.941176,1.002560,0.930067,43.1,0.001000
9000,0.298173,1.000000,0.319868,1.000000,43.5,0.001000
9100,1.455819,0.646168,1.535205,0.614254,44.0,0.001000
9200,0.407891,1.000000,0.433365,1.000000,44.5,0.001000
9300,0.226217,1.000000,0.244565,1.000000,44.9,0.001000
9400,0.200423,1.000000,0.211471,1.000000,45.5,0.001000
9500,0.938908,0.949198,1.013928,0.922049,45.9,0.001000
9600,0.247708,1.000000,0.264150,1.000000,46.4,0.001000
9700,0.204933,1.000000,0.215401,1.000000,46.9,0.001000
9800,1.083447,0.891266,1.165221,0.857016,47.4,0.001000
9900,0.234436,1.000000,0.248025,0.999555,47.8,0.001000
10000,0.233807,1.000000,0.243642,1.000000,48.4,0.001000
10100,0.359834,1.000000,0.383778,0.999555,48.9,0.001000
10200,0.187278,1.000000,0.197650,1.000000,49.4,0.001000
10300,0.212896,1.000000,0.222359,1.000000,49.9,0.001000
10400,0.826418,0.923351,0.897288,0.901114,50.4,0.001000
10500,0.200814,1.000000,0.210507,1.000000,50.8,0.001000
10600,0.170804,1.000000,0.180541,1.000000,51.3,0.001000
10700,0.299158,1.000000,0.318715,1.000000,51.8,0.001000
10800,0.182551,1.000000,0.190789,1.000000,52.3,0.001000
10900,0.213375,1.000000,0.224753,1.000000,52.8,0.001000
11000,0.189214,1.000000,0.198207,1.000000,53.3,0.001000
11100,0.576782,0.975936,0.628003,0.966147,53.7,0.001000
11200,0.250268,1.000000,0.263797,1.000000,54.2,0.001000
11300,0.208415,1.000000,0.217707,1.000000,54.7,0.001000
11400,2.464429,0.310606,2.485620,0.288641,55.2,0.001000
11500,0.329511,1.000000,0.344585,1.000000,55.7,0.001000
11600,0.202199,1.000000,0.214178,1.000000,56.2,0.001000
11700,0.207593,1.000000,0.218139,1.000000,56.7,0.001000
11800,0.732792,0.967023,0.773951,0.964365,57.2,0.001000
11900,0.266595,1.000000,0.280687,1.000000,57.7,0.001000
12000,0.200187,1.000000,0.210273,1.000000,58.2,0.001000
12100,1.937493,0.482620,2.046949,0.441871,58.7,0.001000
12200,0.189409,1.000000,0.198717,1.000000,59.1,0.001000
12300,1.178897,0.779857,1.258523,0.747439,59.6,0.001000
12400,0.211310,1.000000,0.222702,1.000000,60.2,0.001000
12500,0.194146,1.000000,0.203889,1.000000,60.7,0.001000
12600,1.090120,0.833779,1.184939,0.799109,61.2,0.001000
12700,0.192149,1.000000,0.202596,1.000000,61.8,0.001000
12800,0.202818,1.000000,0.213765,1.000000,62.3,0.001000
12900,0.894042,0.952317,0.982589,0.926058,62.8,0.001000
13000,0.272576,1.000000,0.292266,1.000000,63.3,0.001000
13100,0.222043,1.000000,0.235566,1.000000,63.8,0.001000
13200,0.219567,1.000000,0.230395,1.000000,64.3,0.001000
13300,1.020535,0.907308,1.108263,0.877951,64.8,0.001000
13400,0.224423,1.000000,0.238931,1.000000,65.4,0.001000
13500,0.209373,1.000000,0.219419,1.000000,65.9,0.001000
13600,0.262554,1.000000,0.281534,1.000000,66.3,0.001000
13700,0.198173,1.000000,0.207591,1.000000,66.9,0.001000
13800,0.537434,0.994207,0.578988,0.992873,67.3,0.001000
13900,0.202898,1.000000,0.215175,1.000000,67.8,0.001000
14000,0.384013,0.999554,0.418755,0.998664,68.3,0.001000
14100,0.217582,1.000000,0.232686,1.000000,68.8,0.001000
14200,0.201233,1.000000,0.211513,1.000000,69.3,0.001000
14300,1.081241,0.889929,1.151608,0.862806,69.8,0.001000
14400,0.264827,1.000000,0.283397,0.999555,70.3,0.001000
14500,0.218880,1.000000,0.231019,1.000000,70.7,0.001000
14600,0.225661,1.000000,0.236092,1.000000,71.2,0.001000
14700,0.307792,1.000000,0.332469,0.999555,71.7,0.001000
14800,0.215455,1.000000,0.229142,1.000000,72.2,0.001000
14900,0.459243,0.995544,0.494522,0.983964,72.7,0.001000
15000,0.200159,1.000000,0.211973,1.000000,73.1,0.001000
15100,0.385720,1.000000,0.416094,0.999555,73.6,0.001000
15200,0.215482,1.000000,0.227988,1.000000,74.1,0.001000
15300,0.251175,1.000000,0.262857,1.000000,74.5,0.001000
15400,0.235369,1.000000,0.253363,1.000000,75.0,0.001000
15500,0.192277,1.000000,0.202615,1.000000,75.5,0.001000
15600,0.261950,1.000000,0.273503,1.000000,76.0,0.001000
15700,0.182580,1.000000,0.192594,1.000000,76.5,0.001000
15800,0.198869,1.000000,0.208001,1.000000,76.9,0.001000
15900,0.313091,1.000000,0.335657,1.000000,77.4,0.001000
16000,0.205280,1.000000,0.216689,1.000000,77.9,0.001000
16100,0.199456,1.000000,0.208837,1.000000,78.4,0.001000
16200,0.241053,1.000000,0.255544,1.000000,79.0,0.001000
16300,0.216983,1.000000,0.229773,1.000000,79.4,0.001000
16400,0.211316,1.000000,0.222010,1.000000,79.9,0.001000
16500,0.592972,0.992424,0.634521,0.988419,80.4,0.001000
16600,0.216171,1.000000,0.229908,1.000000,80.9,0.001000
16700,0.212325,1.000000,0.222488,1.000000,81.4,0.001000
16800,0.790034,0.965686,0.867351,0.951002,81.9,0.001000
16900,0.261968,1.000000,0.279317,1.000000,82.4,0.001000
17000,0.205926,1.000000,0.217458,1.000000,83.0,0.001000
17100,0.212737,1.000000,0.223109,1.000000,83.5,0.001000
17200,0.694903,0.986631,0.743052,0.976837,84.0,0.001000
17300,0.224203,1.000000,0.236781,1.000000,84.5,0.001000
17400,0.207015,1.000000,0.217624,1.000000,85.0,0.001000
17500,1.243708,0.678699,1.236959,0.694432,85.5,0.001000
17600,0.266686,1.000000,0.285801,1.000000,86.0,0.001000
17700,0.247088,1.000000,0.261176,1.000000,86.4,0.001000
17800,0.212305,1.000000,0.223469,1.000000,86.9,0.001000
17900,0.217292,1.000000,0.228455,1.000000,87.4,0.001000
18000,0.271906,1.000000,0.291240,1.000000,87.9,0.001000
18100,0.210746,1.000000,0.224978,1.000000,88.4,0.001000
18200,0.201777,1.000000,0.211547,1.000000,88.9,0.001000
18300,0.852409,0.971479,0.909616,0.960356,89.4,0.001000
18400,0.251621,1.000000,0.269482,1.000000,89.9,0.001000
18500,0.209451,1.000000,0.222117,1.000000,90.4,0.001000
18600,0.659751,0.980838,0.715849,0.973274,90.9,0.001000
18700,0.195579,1.000000,0.207572,1.000000,91.4,0.001000
18800,0.207652,1.000000,0.219486,1.000000,91.9,0.001000
18900,2.291099,0.312834,2.300505,0.319376,92.4,0.001000
19000,0.256775,1.000000,0.276856,1.000000,92.8,0.001000
19100,0.195799,1.000000,0.207925,1.000000,93.3,0.001000
19200,0.207749,1.000000,0.218748,1.000000,93.8,0.001000
19300,0.179455,1.000000,0.189268,1.000000,94.3,0.001000
19400,0.924345,0.907754,0.985808,0.897105,94.8,0.001000
19500,0.265762,1.000000,0.289307,1.000000,95.3,0.001000
19600,0.219403,1.000000,0.232973,1.000000,95.8,0.001000
19700,0.207648,1.000000,0.218589,1.000000,96.3,0.001000
19800,1.389173,0.723262,1.464922,0.695323,96.8,0.001000
19900,0.427678,0.986631,0.470840,0.973274,97.3,0.001000
20000,0.205016,1.000000,0.218198,1.000000,97.8,0.001000
20100,0.211955,1.000000,0.221900,1.000000,98.3,0.001000
20200,0.604995,0.994207,0.642918,0.986637,98.8,0.001000
20300,0.200025,1.000000,0.212889,1.000000,99.3,0.001000
20400,0.201556,1.000000,0.211100,1.000000,99.8,0.001000
20500,0.796923,0.953654,0.865471,0.929176,100.2,0.001000
20600,0.254752,1.000000,0.272283,1.000000,100.7,0.001000
20700,0.204695,1.000000,0.218803,1.000000,101.1,0.001000
20800,0.214118,1.000000,0.224191,1.000000,101.6,0.001000
20900,0.203900,1.000000,0.215305,1.000000,102.1,0.001000
21000,0.237072,1.000000,0.254257,1.000000,102.6,0.001000
21100,0.189589,1.000000,0.199307,1.000000,103.0,0.001000
21200,1.952473,0.467023,2.129025,0.411136,103.5,0.001000
21300,0.635027,0.985740,0.691034,0.974610,104.0,0.001000
21400,0.219476,1.000000,0.230586,1.000000,104.5,0.001000
21500,0.736378,0.982175,0.793919,0.968374,105.0,0.001000
21600,0.232779,1.000000,0.248105,1.000000,105.5,0.001000
21700,0.196743,1.000000,0.206518,1.000000,106.0,0.001000
21800,0.487153,0.998217,0.521565,0.998664,106.4,0.001000
21900,0.192679,1.000000,0.203509,1.000000,107.0,0.001000
22000,1.248983,0.774510,1.341899,0.741203,107.4,0.001000
22100,0.261861,1.000000,0.276680,1.000000,107.9,0.001000
22200,0.201640,1.000000,0.211247,1.000000,108.4,0.001000
22300,1.340975,0.778966,1.403726,0.739866,108.9,0.001000
22400,0.261458,1.000000,0.277444,1.000000,109.4,0.001000
22500,0.209769,1.000000,0.221396,1.000000,109.9,0.001000
22600,1.592253,0.680036,1.672390,0.629844,110.4,0.001000
22700,0.524373,0.988859,0.567049,0.982183,110.9,0.001000
22800,0.239248,1.000000,0.255300,1.000000,111.4,0.001000
22900,0.213696,1.000000,0.225073,1.000000,111.9,0.001000
23000,0.362553,0.999109,0.392118,0.999555,112.4,0.001000
23100,0.200670,1.000000,0.211156,1.000000,112.9,0.001000
23200,0.221734,1.000000,0.233050,1.000000,113.3,0.001000
23300,0.501257,0.994207,0.546502,0.994209,113.8,0.001000
23400,0.193557,1.000000,0.205320,1.000000,114.3,0.001000
23500,0.224739,1.000000,0.237546,1.000000,114.9,0.001000
23600,0.376527,0.999554,0.400225,1.000000,115.4,0.001000
23700,0.216531,1.000000,0.229017,1.000000,115.9,0.001000
23800,1.039854,0.797237,1.058762,0.786637,116.3,0.001000
23900,0.243805,1.000000,0.258013,1.000000,116.8,0.001000
24000,0.208693,1.000000,0.218697,1.000000,117.3,0.001000
24100,0.730280,0.970588,0.798812,0.959466,117.8,0.001000
24200,0.270071,1.000000,0.291646,1.000000,118.3,0.001000
24300,0.210217,1.000000,0.221240,1.000000,118.8,0.001000
24400,0.497615,0.999554,0.513322,0.997773,119.3,0.001000
24500,0.339322,1.000000,0.367747,1.000000,119.9,0.001000
24600,0.217739,1.000000,0.230645,1.000000,120.4,0.001000
24700,1.324747,0.716578,1.423847,0.680178,120.9,0.001000
24800,0.286085,1.000000,0.305632,1.000000,121.4,0.001000
24900,0.253089,1.000000,0.266701,1.000000,121.9,0.001000
25000,0.427831,0.999109,0.466192,0.994209,122.3,0.001000
25100,0.213294,1.000000,0.226048,1.000000,122.8,0.001000
25200,0.215525,1.000000,0.227612,1.000000,123.3,0.001000
25300,0.407929,0.999554,0.438558,0.999555,123.8,0.001000
25400,0.232708,1.000000,0.249683,1.000000,124.3,0.001000
25500,0.215331,1.000000,0.228125,1.000000,124.7,0.001000
25600,0.730810,0.994652,0.793149,0.985746,125.2,0.001000
25700,0.221425,1.000000,0.234703,1.000000,125.7,0.001000
25800,2.413719,0.311497,2.386137,0.300668,126.2,0.001000
25900,0.375479,0.999109,0.410191,0.997327,126.7,0.001000
26000,0.222399,1.000000,0.236041,1.000000,127.2,0.001000
26100,0.741239,0.967914,0.791357,0.961693,127.7,0.001000
26200,0.218756,1.000000,0.231136,1.000000,128.2,0.001000
26300,0.213177,1.000000,0.226371,1.000000,128.7,0.001000
26400,0.728437,0.975045,0.798512,0.945657,129.2,0.001000
26500,0.213804,1.000000,0.229342,1.000000,129.7,0.001000
26600,0.556825,0.988859,0.596550,0.983964,130.3,0.001000
26700,0.218754,1.000000,0.233317,1.000000,130.8,0.001000
26800,0.222183,1.000000,0.234780,1.000000,131.2,0.001000
26900,3.514196,0.168004,3.616351,0.171938,131.8,0.001000
27000,0.345287,1.000000,0.368231,0.999555,132.3,0.001000
27100,0.222952,1.000000,0.235348,1.000000,132.7,0.001000
27200,0.378852,1.000000,0.413020,0.999555,133.2,0.001000
27300,0.244145,1.000000,0.259591,1.000000,133.7,0.001000
27400,2.487577,0.295455,2.589274,0.271270,134.2,0.001000
27500,0.337028,1.000000,0.361289,1.000000,134.7,0.001000
27600,0.235303,1.000000,0.249185,1.000000,135.2,0.001000
27700,0.846912,0.956774,0.909909,0.942539,135.7,0.001000
27800,0.280287,1.000000,0.303011,1.000000,136.2,0.001000
27900,0.218796,1.000000,0.230470,1.000000,136.6,0.001000
28000,0.514389,0.996881,0.556514,0.995991,137.1,0.001000
28100,0.215081,1.000000,0.227703,1.000000,137.6,0.001000
28200,0.760205,0.964349,0.816817,0.950111,138.1,0.001000
28300,0.224782,1.000000,0.239910,1.000000,138.5,0.001000
28400,0.647950,0.972371,0.692637,0.967038,139.1,0.001000
28500,0.224752,1.000000,0.241098,1.000000,139.6,0.001000
28600,2.614100,0.426025,2.611567,0.445434,140.1,0.001000
28700,0.322311,1.000000,0.346054,0.999555,140.6,0.001000
28800,0.224608,1.000000,0.238661,1.000000,141.0,0.001000
28900,1.170527,0.838681,1.206714,0.828062,141.5,0.001000
29000,0.221054,1.000000,0.234591,1.000000,142.0,0.001000
29100,0.691512,0.971034,0.744913,0.960802,142.5,0.001000
29200,0.222702,1.000000,0.237588,1.000000,143.0,0.001000
29300,0.226248,1.000000,0.239842,1.000000,143.4,0.001000
29400,0.397415,0.998217,0.438179,0.997327,143.9,0.001000
29500,3.174059,0.251783,3.308543,0.236080,144.4,0.001000
29600,0.385261,1.000000,0.417772,0.998218,144.9,0.001000
29700,0.216073,1.000000,0.229039,1.000000,145.4,0.001000
29800,0.379743,1.000000,0.408571,0.999109,145.8,0.001000
29900,0.211481,1.000000,0.225865,1.000000,146.3,0.001000
30000,0.500150,0.998217,0.549055,0.995991,146.8,0.001000
30100,0.209237,1.000000,0.222660,1.000000,147.3,0.001000
30200,0.199924,1.000000,0.211952,1.000000,147.8,0.001000
30300,0.392976,0.999554,0.428033,0.996882,148.3,0.001000
30400,0.216029,1.000000,0.228855,1.000000,148.8,0.001000
30500,0.792798,0.951872,0.834069,0.938530,149.2,0.001000
30600,0.229256,1.000000,0.244702,1.000000,149.7,0.001000
30700,0.221651,1.000000,0.235674,1.000000,150.2,0.001000
30800,0.357124,0.998663,0.390386,0.997773,150.7,0.001000
30900,0.204381,1.000000,0.217893,1.000000,151.2,0.001000
31000,1.123775,0.750000,1.162459,0.728730,151.7,0.001000
31100,0.341211,0.999554,0.372534,0.999555,152.2,0.001000
31200,0.216992,1.000000,0.233292,1.000000,152.7,0.001000
31300,0.684498,0.987522,0.744145,0.973274,153.2,0.001000
31400,0.219484,1.000000,0.233096,1.000000,153.7,0.001000
31500,0.258939,1.000000,0.275691,1.000000,154.1,0.001000
31600,0.471451,0.994652,0.522393,0.994655,154.6,0.001000
31700,0.244657,1.000000,0.264586,1.000000,155.1,0.001000
31800,0.227163,1.000000,0.242580,1.000000,155.5,0.001000
31900,0.241032,1.000000,0.260942,1.000000,156.0,0.001000
32000,0.207357,1.000000,0.220965,1.000000,156.5,0.001000
32100,2.238902,0.311497,2.336385,0.276615,157.0,0.001000
32200,0.278322,1.000000,0.310879,0.999555,157.4,0.001000
32300,0.217407,1.000000,0.234436,1.000000,157.9,0.001000
32400,0.418704,0.999109,0.458013,0.995991,158.4,0.001000
32500,0.207315,1.000000,0.221273,1.000000,158.9,0.001000
32600,0.620884,0.989750,0.680231,0.982628,159.4,0.001000
32700,0.204684,1.000000,0.218410,1.000000,159.8,0.001000
32800,0.208219,1.000000,0.220904,1.000000,160.3,0.001000
32900,0.760694,0.954100,0.817968,0.953675,160.8,0.001000
33000,0.224906,1.000000,0.244457,1.000000,161.3,0.001000
33100,0.214403,1.000000,0.230124,1.000000,161.8,0.001000
33200,0.222286,1.000000,0.236188,1.000000,162.3,0.001000
33300,0.434335,0.997326,0.480651,0.996437,162.8,0.001000
33400,0.221452,1.000000,0.237058,1.000000,163.3,0.001000
33500,0.278081,0.999554,0.295037,1.000000,163.8,0.001000
33600,0.282433,0.999554,0.302836,1.000000,164.3,0.001000
33700,0.207369,1.000000,0.221771,1.000000,164.7,0.001000
33800,2.229351,0.415330,2.279543,0.389755,165.2,0.001000
33900,0.326063,1.000000,0.357523,0.999109,165.7,0.001000
34000,0.200283,1.000000,0.213635,1.000000,166.2,0.001000
34100,0.959624,0.904635,1.019323,0.878396,166.6,0.001000
34200,0.215162,1.000000,0.233756,1.000000,167.1,0.001000
34300,0.202899,1.000000,0.217781,1.000000,167.6,0.001000
34400,0.318626,0.999109,0.354858,0.997773,168.1,0.001000
34500,0.202011,1.000000,0.218437,1.000000,168.6,0.001000
34600,0.214228,1.000000,0.227127,1.000000,169.1,0.001000
34700,0.776885,0.980838,0.843226,0.969710,169.6,0.001000
34800,0.233714,1.000000,0.252303,1.000000,170.0,0.001000
34900,0.239045,1.000000,0.251260,1.000000,170.6,0.001000
35000,0.391948,0.999554,0.427823,0.997327,171.1,0.001000
35100,0.219058,1.000000,0.234672,0.999555,171.5,0.001000
35200,0.215836,1.000000,0.228043,1.000000,172.0,0.001000
35300,0.272715,1.000000,0.301263,0.999109,172.5,0.001000
35400,0.202716,1.000000,0.216027,1.000000,173.0,0.001000
35500,0.831199,0.913993,0.916874,0.879287,173.5,0.001000
35600,0.268247,0.999554,0.291310,1.000000,174.0,0.001000
35700,0.207019,1.000000,0.221795,1.000000,174.6,0.001000
35800,1.105472,0.755348,1.150658,0.754566,175.1,0.001000
35900,0.237795,1.000000,0.257010,1.000000,175.6,0.001000
36000,0.195626,1.000000,0.207754,1.000000,176.1,0.001000
36100,1.256154,0.711230,1.329157,0.697996,176.5,0.001000
36200,0.273103,1.000000,0.299327,0.999109,177.0,0.001000
36300,0.212758,1.000000,0.231663,1.000000,177.6,0.001000
36400,0.242117,1.000000,0.257719,0.999555,178.1,0.001000
36500,0.277018,1.000000,0.306198,0.999555,178.7,0.001000
36600,0.201763,1.000000,0.217043,1.000000,179.2,0.001000
36700,0.925694,0.891711,1.016948,0.861915,179.7,0.001000
36800,0.270813,1.000000,0.292552,1.000000,180.3,0.001000
36900,0.208801,1.000000,0.221487,1.000000,180.8,0.001000
37000,0.774246,0.944741,0.824904,0.926949,181.4,0.001000
37100,0.256299,1.000000,0.279382,0.999555,181.9,0.001000
37200,0.256826,1.000000,0.276943,0.999555,182.4,0.001000
37300,0.433581,0.998663,0.481218,0.991091,182.9,0.001000
37400,0.235971,1.000000,0.256383,1.000000,183.4,0.001000
37500,0.208430,1.000000,0.221285,1.000000,183.9,0.001000
37600,0.856067,0.932709,0.905087,0.904677,184.4,0.001000
37700,0.242847,1.000000,0.265755,0.999555,184.9,0.001000
37800,0.200414,1.000000,0.212177,1.000000,185.4,0.001000
37900,0.565409,0.986631,0.629862,0.966147,185.9,0.001000
38000,0.220973,1.000000,0.241435,1.000000,186.4,0.001000
38100,0.212515,1.000000,0.226944,1.000000,186.9,0.001000
38200,0.212990,1.000000,0.231622,0.999555,187.4,0.001000
38300,0.212169,1.000000,0.226185,1.000000,187.9,0.001000
38400,0.442399,0.994652,0.482585,0.990646,188.4,0.001000
38500,0.200674,1.000000,0.216219,1.000000,188.8,0.001000
38600,0.205156,1.000000,0.219635,1.000000,189.3,0.001000
38700,0.570116,0.988414,0.616995,0.982628,189.8,0.001000
38800,0.219694,1.000000,0.232934,1.000000,190.3,0.001000
38900,0.302765,1.000000,0.319778,1.000000,190.7,0.001000
39000,0.224079,1.000000,0.245461,0.999555,191.2,0.001000
39100,0.212740,1.000000,0.226293,1.000000,191.7,0.001000
39200,0.616242,0.992870,0.675551,0.987082,192.2,0.001000
39300,0.208710,1.000000,0.222638,1.000000,192.7,0.001000
39400,0.562486,0.988859,0.605464,0.981292,193.3,0.001000
39500,0.197838,1.000000,0.211975,1.000000,193.8,0.001000
39600,0.211695,1.000000,0.225594,1.000000,194.3,0.001000
39700,1.098583,0.884135,1.189393,0.857016,194.8,0.001000
39800,0.247375,1.000000,0.267720,0.999555,195.3,0.001000
39900,0.212452,1.000000,0.224470,1.000000,195.8,0.001000
40000,0.930677,0.938057,1.023035,0.901114,196.3,0.001000
40100,0.264363,1.000000,0.288079,0.998664,196.8,0.001000
40200,0.207166,1.000000,0.219507,1.000000,197.3,0.001000
40300,1.027313,0.877005,1.115619,0.831626,197.8,0.001000
40400,0.271636,1.000000,0.297691,1.000000,198.4,0.001000
40500,0.247598,1.000000,0.263408,0.999555,198.8,0.001000
40600,0.366301,1.000000,0.404416,0.997327,199.3,0.001000
40700,0.215629,1.000000,0.232706,1.000000,199.8,0.001000
40800,0.205987,1.000000,0.217869,1.000000,200.3,0.001000
40900,0.493426,0.986631,0.562539,0.978174,200.8,0.001000
41000,0.231489,1.000000,0.250736,0.999555,201.3,0.001000
41100,0.333037,0.999109,0.355997,0.998218,201.8,0.001000
41200,0.222936,1.000000,0.239378,1.000000,202.2,0.001000
41300,0.205715,1.000000,0.220380,1.000000,202.7,0.001000
41400,0.218293,1.000000,0.230822,1.000000,203.2,0.001000
41500,0.302085,0.999554,0.330765,0.999555,203.7,0.001000
41600,0.200857,1.000000,0.214222,1.000000,204.2,0.001000
41700,0.902288,0.923797,0.978159,0.895768,204.7,0.001000
41800,0.300066,0.999554,0.329728,0.999109,205.3,0.001000
41900,0.228344,1.000000,0.246871,1.000000,205.8,0.001000
42000,1.212545,0.821301,1.275273,0.805791,206.3,0.001000
42100,0.233767,1.000000,0.252790,1.000000,206.7,0.001000
42200,0.212290,1.000000,0.227229,1.000000,207.2,0.001000
42300,0.586362,0.991533,0.629776,0.986192,207.7,0.001000
42400,0.214249,1.000000,0.228228,1.000000,208.2,0.001000
42500,1.067026,0.871212,1.157201,0.820490,208.7,0.001000
42600,0.315634,0.998663,0.351963,0.995546,209.2,0.001000
42700,0.202979,1.000000,0.218352,1.000000,209.7,0.001000
42800,0.245432,1.000000,0.258504,1.000000,210.2,0.001000
42900,0.727888,0.972371,0.807343,0.959911,210.7,0.001000
43000,0.226092,1.000000,0.244214,1.000000,211.1,0.001000
43100,0.206629,1.000000,0.221558,1.000000,211.6,0.001000
43200,0.355965,1.000000,0.396790,0.997327,212.1,0.001000
43300,0.234181,1.000000,0.253058,1.000000,212.6,0.001000
43400,0.225030,1.000000,0.238197,1.000000,213.1,0.001000
43500,0.326140,0.999554,0.356606,1.000000,213.5,0.001000
43600,0.216102,1.000000,0.232671,1.000000,214.0,0.001000
43700,0.214048,1.000000,0.226488,1.000000,214.5,0.001000
43800,0.414356,0.998217,0.455259,0.994655,215.0,0.001000
43900,0.235555,1.000000,0.257325,1.000000,215.4,0.001000
44000,0.195352,1.000000,0.209039,1.000000,215.9,0.001000
44100,0.672541,0.975045,0.746125,0.957684,216.4,0.001000
44200,0.202120,1.000000,0.217104,1.000000,216.9,0.001000
44300,1.080196,0.811052,1.122906,0.790200,217.4,0.001000
44400,0.392570,0.996881,0.433319,0.995100,217.9,0.001000
44500,0.224733,1.000000,0.242789,1.000000,218.4,0.001000
44600,0.206875,1.000000,0.220102,1.000000,218.8,0.001000
44700,1.137092,0.786096,1.205100,0.776837,219.3,0.001000
44800,0.297768,1.000000,0.327835,0.999555,219.8,0.001000
44900,0.209184,1.000000,0.221676,1.000000,220.3,0.001000
45000,0.345464,1.000000,0.376439,0.999555,220.8,0.001000
45100,0.210176,1.000000,0.226100,1.000000,221.3,0.001000
45200,2.547162,0.359180,2.625762,0.339866,221.8,0.001000
45300,0.470065,0.995544,0.512010,0.992873,222.3,0.001000
45400,0.212354,1.000000,0.226098,1.000000,222.8,0.001000
45500,0.208876,1.000000,0.222846,1.000000,223.2,0.001000
45600,0.485021,0.996435,0.524772,0.990646,223.8,0.001000
45700,0.219792,1.000000,0.241951,0.999555,224.3,0.001000
45800,0.208274,1.000000,0.222439,1.000000,224.8,0.001000
45900,2.636910,0.308378,2.677398,0.290869,225.3,0.001000
46000,0.302299,1.000000,0.333647,0.999109,225.8,0.001000
46100,0.209092,1.000000,0.222384,1.000000,226.3,0.001000
46200,0.514210,0.988414,0.572558,0.982183,226.7,0.001000
46300,0.209876,1.000000,0.224488,1.000000,227.2,0.001000
46400,0.207117,1.000000,0.219624,1.000000,227.7,0.001000
46500,0.613517,0.991979,0.681002,0.984410,228.2,0.001000
46600,0.228389,1.000000,0.247727,1.000000,228.7,0.001000
46700,0.216149,1.000000,0.229286,1.000000,229.2,0.001000
46800,0.373045,0.997326,0.413806,0.992873,229.7,0.001000
46900,0.223964,1.000000,0.243825,0.999555,230.1,0.001000
47000,0.220401,1.000000,0.234543,1.000000,230.7,0.001000
47100,0.384125,0.998217,0.417390,0.996437,231.1,0.001000
47200,0.215418,1.000000,0.231255,1.000000,231.6,0.001000
47300,0.216752,1.000000,0.230470,1.000000,232.1,0.001000
47400,0.384688,0.997326,0.424584,0.995546,232.6,0.001000
47500,0.225830,1.000000,0.242205,1.000000,233.1,0.001000
47600,0.262331,1.000000,0.280431,1.000000,233.6,0.001000
47700,0.192614,1.000000,0.204145,1.000000,234.1,0.001000
47800,1.227312,0.836007,1.283134,0.820935,234.6,0.001000
47900,0.412363,0.997772,0.456597,0.992428,235.1,0.001000
48000,0.231723,1.000000,0.246909,1.000000,235.6,0.001000
48100,0.680523,0.975045,0.737823,0.958129,236.1,0.001000
48200,0.242654,1.000000,0.261223,1.000000,236.6,0.001000
48300,0.211752,1.000000,0.225370,1.000000,237.0,0.001000
48400,0.483858,0.995544,0.533769,0.993318,237.5,0.001000
48500,0.214677,1.000000,0.233074,1.000000,238.0,0.001000
48600,0.203906,1.000000,0.217724,1.000000,238.5,0.001000
48700,0.492026,0.996435,0.549463,0.989310,239.0,0.001000
48800,0.204902,1.000000,0.220911,1.000000,239.5,0.001000
48900,0.210162,1.000000,0.222704,1.000000,240.0,0.001000
49000,0.656863,0.981729,0.722163,0.972829,240.4,0.001000
49100,0.223673,1.000000,0.242464,1.000000,240.9,0.001000
49200,0.202295,1.000000,0.214866,1.000000,241.4,0.001000
49300,1.027163,0.901961,1.092491,0.873497,241.9,0.001000
49400,0.233080,1.000000,0.253315,1.000000,242.4,0.001000
49500,0.213949,1.000000,0.228977,1.000000,242.9,0.001000
49600,0.938097,0.945633,1.009717,0.930067,243.4,0.001000
49700,0.225896,1.000000,0.243744,1.000000,243.9,0.001000
49800,0.251047,1.000000,0.267128,1.000000,244.3,0.001000
49900,0.302310,1.000000,0.334929,0.998218,244.8,0.001000
50000,0.235952,1.000000,0.253615,0.999555,245.3,0.001000
50100,1.042229,0.843583,1.131699,0.818263,245.8,0.001000
50200,0.215069,1.000000,0.231194,1.000000,246.3,0.001000
50300,0.674976,0.938503,0.730533,0.920713,246.8,0.001000
50400,0.243283,1.000000,0.267091,1.000000,247.3,0.001000
50500,0.217191,1.000000,0.230782,1.000000,247.8,0.001000
50600,0.489688,0.997326,0.551210,0.987082,248.3,0.001000
50700,0.218846,1.000000,0.236301,0.999555,248.8,0.001000
50800,0.229249,1.000000,0.239743,1.000000,249.3,0.001000
50900,0.386664,0.999109,0.430654,0.999109,249.8,0.001000
51000,0.225144,1.000000,0.243183,1.000000,250.3,0.001000
51100,0.226603,1.000000,0.238662,1.000000,250.8,0.001000
51200,0.323958,0.999554,0.358831,0.997327,251.3,0.001000
51300,0.200950,1.000000,0.213628,1.000000,251.8,0.001000
51400,1.650958,0.590018,1.750456,0.548330,252.3,0.001000
51500,0.363853,0.998217,0.402107,0.997773,252.8,0.001000
51600,0.226290,1.000000,0.242356,1.000000,253.3,0.001000
51700,0.912110,0.876114,0.992752,0.847216,253.8,0.001000
51800,0.337023,0.999554,0.368978,0.995546,254.2,0.001000
51900,0.200997,1.000000,0.212013,1.000000,254.8,0.001000
52000,1.105745,0.888146,1.211824,0.838307,255.3,0.001000
52100,0.288577,0.999554,0.314883,1.000000,255.7,0.001000
52200,0.206619,1.000000,0.219851,1.000000,256.2,0.001000
52300,0.889084,0.921569,0.953543,0.909577,256.7,0.001000
52400,0.273200,1.000000,0.299084,0.999555,257.2,0.001000
52500,0.210267,1.000000,0.223722,1.000000,257.7,0.001000
52600,1.431887,0.701426,1.552302,0.649889,258.3,0.001000
52700,0.254847,0.999554,0.282490,0.999555,258.8,0.001000
52800,0.207224,1.000000,0.220622,1.000000,259.4,0.001000
52900,0.421272,0.997772,0.461222,0.990646,259.9,0.001000
53000,0.226493,1.000000,0.248635,0.999109,260.4,0.001000
53100,2.762563,0.237077,2.807368,0.218708,261.0,0.001000
53200,0.318586,1.000000,0.353495,0.997773,261.5,0.001000
53300,0.194051,1.000000,0.207593,1.000000,262.0,0.001000
53400,0.213504,1.000000,0.224841,1.000000,262.5,0.001000
53500,0.463950,0.996435,0.517345,0.994209,263.0,0.001000
53600,0.228223,1.000000,0.246188,1.000000,263.5,0.001000
53700,3.236481,0.166667,3.239507,0.170156,264.0,0.001000
53800,0.378043,0.997326,0.419379,0.995546,264.4,0.001000
53900,0.212180,1.000000,0.226412,1.000000,264.9,0.001000
54000,0.626274,0.994207,0.694125,0.983519,265.4,0.001000
54100,0.224086,1.000000,0.242636,1.000000,265.8,0.001000
54200,0.212404,1.000000,0.227758,1.000000,266.3,0.001000
54300,0.430155,0.997772,0.474361,0.993318,266.8,0.001000
54400,0.235493,1.000000,0.260271,1.000000,267.3,0.001000
54500,0.203687,1.000000,0.217082,1.000000,267.8,0.001000
54600,0.661285,0.974153,0.739349,0.958129,268.2,0.001000
54700,0.281607,1.000000,0.310653,0.999555,268.7,0.001000
54800,0.220788,1.000000,0.236905,1.000000,269.2,0.001000
54900,0.692128,0.980838,0.753504,0.967929,269.7,0.001000
55000,0.307582,0.999554,0.340052,0.998218,270.2,0.001000
55100,0.207787,1.000000,0.219425,1.000000,270.7,0.001000
55200,0.548890,0.993761,0.599900,0.988864,271.2,0.001000
55300,0.224768,1.000000,0.239953,1.000000,271.6,0.001000
55400,0.218481,1.000000,0.232859,1.000000,272.1,0.001000
55500,0.354255,1.000000,0.399035,1.000000,272.6,0.001000
55600,0.204893,1.000000,0.218652,1.000000,273.0,0.001000
55700,3.118281,0.332442,3.264598,0.310022,273.5,0.001000
55800,0.308511,1.000000,0.333036,0.999555,274.0,0.001000
55900,0.204860,1.000000,0.216798,1.000000,274.4,0.001000
56000,0.578512,0.991533,0.638731,0.979065,274.9,0.001000
56100,0.217669,1.000000,0.232635,1.000000,275.4,0.001000
56200,1.042154,0.826649,1.100132,0.811581,275.9,0.001000
56300,0.272380,1.000000,0.298407,1.000000,276.4,0.001000
56400,0.217306,1.000000,0.231193,1.000000,276.9,0.001000
56500,1.283945,0.733957,1.352454,0.704232,277.3,0.001000
56600,0.272748,1.000000,0.296544,0.999109,277.8,0.001000
56700,0.217776,1.000000,0.230241,1.000000,278.3,0.001000
56800,0.296363,0.999109,0.327289,0.998218,278.8,0.001000
56900,0.219419,1.000000,0.234819,1.000000,279.3,0.001000
57000,1.072945,0.873886,1.131071,0.843207,279.7,0.001000
57100,0.256955,1.000000,0.280586,1.000000,280.2,0.001000
57200,0.212589,1.000000,0.226332,1.000000,280.7,0.001000
57300,0.249889,1.000000,0.265777,1.000000,281.2,0.001000
57400,0.416117,0.999554,0.460069,0.998218,281.6,0.001000
57500,0.216287,1.000000,0.232705,1.000000,282.1,0.001000
57600,0.217782,1.000000,0.232262,1.000000,282.6,0.001000
57700,0.436215,0.999554,0.476147,0.995991,283.0,0.001000
57800,0.210525,1.000000,0.226267,1.000000,283.5,0.001000
57900,0.223928,1.000000,0.237892,1.000000,284.0,0.001000
58000,0.576086,0.997326,0.626253,0.993318,284.5,0.001000
58100,0.219275,1.000000,0.237369,1.000000,285.0,0.001000
58200,0.213603,1.000000,0.226674,1.000000,285.5,0.001000
58300,0.351123,0.999109,0.386567,0.996882,286.0,0.001000
58400,0.220658,1.000000,0.239684,0.999555,286.4,0.001000
58500,0.210905,1.000000,0.225297,0.999555,286.9,0.001000
58600,0.391653,1.000000,0.429142,1.000000,287.4,0.001000
58700,0.224803,1.000000,0.240709,1.000000,287.9,0.001000
58800,0.229553,1.000000,0.243014,1.000000,288.3,0.001000
58900,0.349024,0.999109,0.385620,0.998218,288.9,0.001000
59000,0.225337,1.000000,0.242775,0.999555,289.3,0.001000
59100,1.015946,0.834670,1.071032,0.818263,289.8,0.001000
59200,0.209302,1.000000,0.226145,1.000000,290.3,0.001000
59300,0.204490,1.000000,0.217965,1.000000,290.8,0.001000
59400,0.831421,0.919340,0.908785,0.902004,291.2,0.001000
59500,0.243886,1.000000,0.268466,0.999555,291.7,0.001000
59600,0.230905,1.000000,0.251520,1.000000,292.2,0.001000
59700,2.207924,0.367647,2.236937,0.367038,292.7,0.001000
59800,0.289817,1.000000,0.319646,0.999109,293.2,0.001000
59900,0.192565,1.000000,0.205710,1.000000,293.6,0.001000
60000,0.756096,0.974153,0.820654,0.963029,294.1,0.001000
60100,0.243110,1.000000,0.268387,0.999109,294.6,0.001000
60200,0.210746,1.000000,0.226724,1.000000,295.1,0.001000
60300,0.535100,0.997326,0.584774,0.990646,295.5,0.001000
60400,0.213544,1.000000,0.232493,1.000000,296.0,0.001000
60500,0.871469,0.864528,0.875087,0.869488,296.5,0.001000
60600,0.240416,1.000000,0.259186,1.000000,296.9,0.001000
60700,0.215019,1.000000,0.228781,1.000000,297.4,0.001000
60800,2.264042,0.462121,2.413501,0.416481,297.9,0.001000
60900,0.238837,1.000000,0.255820,1.000000,298.3,0.001000
61000,0.209543,1.000000,0.224579,1.000000,298.8,0.001000
61100,0.559321,0.993761,0.602384,0.992873,299.3,0.001000
61200,0.216156,1.000000,0.236399,1.000000,299.8,0.001000
61300,0.208267,1.000000,0.222160,1.000000,300.2,0.001000
61400,1.109143,0.838235,1.171436,0.813363,300.7,0.001000
61500,0.269422,1.000000,0.291984,1.000000,301.3,0.001000
61600,0.224175,1.000000,0.236905,1.000000,301.8,0.001000
61700,0.458538,0.998217,0.493683,0.991982,302.3,0.001000
61800,0.226850,1.000000,0.248105,1.000000,302.7,0.001000
61900,0.204530,1.000000,0.216549,1.000000,303.2,0.001000
62000,1.374907,0.682709,1.501834,0.628508,303.7,0.001000
62100,0.313399,1.000000,0.342375,0.998218,304.2,0.001000
62200,0.220048,1.000000,0.233717,1.000000,304.7,0.001000
62300,0.306991,1.000000,0.333522,0.999555,305.2,0.001000
62400,0.202118,1.000000,0.215855,1.000000,305.7,0.001000
62500,1.520578,0.569519,1.611153,0.541203,306.2,0.001000
62600,0.262528,1.000000,0.287392,1.000000,306.7,0.001000
62700,0.206230,1.000000,0.221762,1.000000,307.2,0.001000
62800,0.473323,0.968806,0.493911,0.967929,307.6,0.001000
62900,0.357412,0.999109,0.389871,0.998664,308.1,0.001000
63000,0.202926,1.000000,0.216554,1.000000,308.6,0.001000
63100,1.304173,0.710339,1.390517,0.666815,309.1,0.001000
63200,0.498213,0.997772,0.552300,0.994209,309.6,0.001000
63300,0.208560,1.000000,0.225956,1.000000,310.0,0.001000
63400,1.954234,0.409091,2.025864,0.373274,310.5,0.001000
63500,0.389731,0.999554,0.425146,0.999109,311.1,0.001000
63600,0.221591,1.000000,0.235729,1.000000,311.6,0.001000
63700,1.992653,0.532531,2.083345,0.504232,312.0,0.001000
63800,0.220781,1.000000,0.236483,1.000000,312.5,0.001000
63900,0.731931,0.977718,0.796870,0.967038,313.0,0.001000
64000,0.315636,1.000000,0.346010,0.999555,313.5,0.001000
64100,0.210464,1.000000,0.225400,1.000000,313.9,0.001000
64200,1.026614,0.922906,1.091551,0.891759,314.4,0.001000
64300,0.266252,1.000000,0.293790,1.000000,314.9,0.001000
64400,0.219026,1.000000,0.235477,1.000000,315.4,0.001000
64500,0.220051,1.000000,0.232390,1.000000,315.9,0.001000
64600,0.757955,0.982175,0.831362,0.970601,316.4,0.001000
64700,0.233242,1.000000,0.248174,1.000000,316.8,0.001000
64800,0.520836,0.994652,0.582542,0.983964,317.3,0.001000
64900,0.219587,1.000000,0.235825,1.000000,317.8,0.001000
65000,0.206514,1.000000,0.219628,1.000000,318.3,0.001000
65100,0.367144,1.000000,0.398366,0.998664,318.8,0.001000
65200,0.202535,1.000000,0.217152,1.000000,319.3,0.001000
65300,0.216433,1.000000,0.229758,1.000000,319.8,0.001000
65400,0.295420,1.000000,0.317041,0.999555,320.3,0.001000
65500,0.479606,0.994652,0.527705,0.992428,320.8,0.001000
65600,0.369347,1.000000,0.402658,0.999109,321.3,0.001000
65700,0.204401,1.000000,0.216117,1.000000,321.8,0.001000
65800,0.567983,0.992424,0.609120,0.985301,322.2,0.001000
65900,0.256319,0.999109,0.281237,0.999555,322.8,0.001000
66000,0.198614,1.000000,0.210806,1.000000,323.2,0.001000
66100,1.568665,0.590463,1.648938,0.567483,323.7,0.001000
66200,0.291054,1.000000,0.323495,0.999109,324.3,0.001000
66300,0.199830,1.000000,0.213247,1.000000,324.8,0.001000
66400,1.187246,0.828877,1.305267,0.775947,325.3,0.001000
66500,0.248285,1.000000,0.271969,1.000000,325.8,0.001000
66600,0.202894,1.000000,0.216453,1.000000,326.3,0.001000
66700,0.318123,0.999554,0.349483,0.998664,326.8,0.001000
66800,0.232350,1.000000,0.251838,0.999555,327.4,0.001000
66900,0.207758,1.000000,0.220113,1.000000,327.8,0.001000
67000,0.662013,0.983066,0.731506,0.970156,328.3,0.001000
67100,0.240687,1.000000,0.263113,0.999555,328.8,0.001000
67200,0.214531,1.000000,0.229358,1.000000,329.3,0.001000
67300,0.217540,1.000000,0.231173,1.000000,329.8,0.001000
67400,0.261853,1.000000,0.282421,1.000000,330.4,0.001000
67500,0.212128,1.000000,0.228098,1.000000,330.8,0.001000
67600,0.606738,0.988859,0.652235,0.985301,331.3,0.001000
67700,0.224579,1.000000,0.244945,1.000000,331.8,0.001000
67800,0.229330,1.000000,0.244348,1.000000,332.3,0.001000
67900,0.461966,1.000000,0.506699,0.997773,332.8,0.001000
68000,0.220472,1.000000,0.241837,0.999555,333.3,0.001000
68100,0.220564,1.000000,0.235125,1.000000,333.7,0.001000
68200,0.342357,1.000000,0.380262,1.000000,334.2,0.001000
68300,0.199660,1.000000,0.216144,1.000000,334.7,0.001000
68400,1.777598,0.451872,1.875498,0.403118,335.1,0.001000
68500,0.540638,0.998217,0.574046,0.994655,335.6,0.001000
68600,0.217493,1.000000,0.239265,1.000000,336.1,0.001000
68700,0.213624,1.000000,0.227589,1.000000,336.6,0.001000
68800,0.437008,0.999554,0.483615,0.997773,337.1,0.001000
68900,0.208835,1.000000,0.226585,0.999555,337.6,0.001000
69000,0.211146,1.000000,0.225042,1.000000,338.1,0.001000
69100,0.333570,0.999554,0.365956,0.998218,338.6,0.001000
69200,0.196112,1.000000,0.210317,0.999555,339.1,0.001000
69300,0.893435,0.914884,0.978774,0.887751,339.6,0.001000
69400,0.224389,1.000000,0.242629,1.000000,340.1,0.001000
69500,0.205653,1.000000,0.218790,1.000000,340.5,0.001000
69600,1.127431,0.852050,1.188915,0.824053,341.0,0.001000
69700,0.235763,1.000000,0.259920,0.999555,341.5,0.001000
69800,0.199974,1.000000,0.214213,1.000000,342.0,0.001000
69900,0.794932,0.968360,0.852613,0.957238,342.5,0.001000
70000,0.224038,1.000000,0.242310,0.999555,343.0,0.001000
70100,1.569954,0.556595,1.652622,0.534967,343.4,0.001000
70200,0.309638,1.000000,0.343112,0.999109,343.9,0.001000
70300,0.209145,1.000000,0.221952,1.000000,344.4,0.001000
70400,1.657052,0.602941,1.715647,0.561247,344.9,0.001000
70500,0.675957,0.978610,0.730003,0.960356,345.4,0.001000
70600,0.271632,1.000000,0.296606,0.999555,345.9,0.001000
70700,0.226124,1.000000,0.238537,1.000000,346.4,0.001000
70800,0.329809,1.000000,0.364954,0.998664,346.8,0.001000
70900,0.227435,1.000000,0.243109,1.000000,347.3,0.001000
71000,0.269475,1.000000,0.283669,1.000000,347.8,0.001000
71100,0.289773,1.000000,0.319388,0.999109,348.3,0.001000
71200,0.205801,1.000000,0.219437,1.000000,348.8,0.001000
71300,0.442000,0.998663,0.494315,0.995991,349.2,0.001000
71400,0.188912,1.000000,0.202745,1.000000,349.8,0.001000
71500,1.944863,0.490642,1.975469,0.473051,350.2,0.001000
71600,0.317579,1.000000,0.348259,0.998218,350.7,0.001000
71700,0.218971,1.000000,0.233803,1.000000,351.3,0.001000
71800,0.776896,0.971925,0.847865,0.955011,351.8,0.001000
71900,0.212650,1.000000,0.233541,0.999555,352.2,0.001000
72000,0.218341,1.000000,0.234350,1.000000,352.7,0.001000
72100,0.259897,1.000000,0.288280,1.000000,353.2,0.001000
72200,0.224294,1.000000,0.238628,1.000000,353.7,0.001000
72300,1.138196,0.768271,1.196608,0.746993,354.1,0.001000
72400,0.210787,1.000000,0.226986,1.000000,354.6,0.001000
72500,0.202703,1.000000,0.214952,0.999555,355.1,0.001000
72600,0.327063,0.998663,0.361703,0.996437,355.6,0.001000
72700,0.228296,1.000000,0.248132,0.999555,356.1,0.001000
72800,0.226051,1.000000,0.240918,1.000000,356.6,0.001000
72900,0.339421,1.000000,0.372542,1.000000,357.0,0.001000
73000,0.235417,1.000000,0.255414,1.000000,357.5,0.001000
73100,1.452302,0.735740,1.562179,0.693987,358.0,0.001000
73200,0.331970,0.999109,0.368196,0.996882,358.5,0.001000
73300,0.227600,1.000000,0.247479,0.999555,359.0,0.001000
73400,0.255692,1.000000,0.270776,1.000000,359.5,0.001000
73500,0.295578,0.999554,0.323584,0.999555,359.9,0.001000
73600,0.204938,1.000000,0.217830,1.000000,360.4,0.001000
73700,0.213478,1.000000,0.227638,1.000000,360.9,0.001000
73800,0.700525,0.982175,0.780632,0.960802,361.4,0.001000
73900,0.288802,1.000000,0.316595,1.000000,361.9,0.001000
74000,0.212252,1.000000,0.228028,1.000000,362.3,0.001000
74100,1.353294,0.661319,1.453401,0.624944,362.8,0.001000
74200,0.214959,1.000000,0.232200,1.000000,363.3,0.001000
74300,0.204055,1.000000,0.217280,1.000000,363.8,0.001000
74400,1.720920,0.573529,1.804907,0.545212,364.3,0.001000
74500,0.368180,1.000000,0.407928,0.998664,364.7,0.001000
74600,0.211322,1.000000,0.225879,1.000000,365.2,0.001000
74700,1.208361,0.720143,1.318466,0.667261,365.7,0.001000
74800,0.348828,0.998663,0.380294,0.998664,366.2,0.001000
74900,0.214132,1.000000,0.230368,1.000000,366.7,0.001000
75000,0.233845,1.000000,0.248781,1.000000,367.2,0.001000
75100,0.280231,1.000000,0.303216,0.999555,367.7,0.001000
75200,0.226078,1.000000,0.241509,1.000000,368.1,0.001000
75300,0.596987,0.987968,0.657777,0.972829,368.6,0.001000
75400,0.232358,1.000000,0.251812,1.000000,369.1,0.001000
75500,0.215128,1.000000,0.232712,1.000000,369.5,0.001000
75600,0.221647,1.000000,0.237117,0.999555,370.0,0.001000
75700,0.649673,0.983512,0.711918,0.967929,370.5,0.001000
75800,0.221462,1.000000,0.238742,1.000000,371.0,0.001000
75900,0.210252,1.000000,0.223406,1.000000,371.5,0.001000
76000,0.666213,0.983957,0.722304,0.975501,372.0,0.001000
76100,0.221001,1.000000,0.241317,1.000000,372.5,0.001000
76200,0.207521,1.000000,0.219931,1.000000,372.9,0.001000
76300,0.439474,0.996881,0.494501,0.992873,373.4,0.001000
76400,0.203598,1.000000,0.218827,1.000000,373.9,0.001000
76500,0.214750,1.000000,0.228440,1.000000,374.3,0.001000
76600,0.967408,0.937611,1.041975,0.910468,374.8,0.001000
76700,0.229300,1.000000,0.252200,1.000000,375.3,0.001000
76800,0.225702,1.000000,0.241440,1.000000,375.8,0.001000
76900,0.480046,0.998663,0.529974,0.996437,376.2,0.001000
77000,0.204886,1.000000,0.219552,1.000000,376.7,0.001000
77100,0.222152,1.000000,0.236265,1.000000,377.2,0.001000
77200,0.336699,0.999554,0.378054,0.998218,377.7,0.001000
77300,0.245100,1.000000,0.268467,1.000000,378.2,0.001000
77400,1.817256,0.503119,1.841203,0.487305,378.6,0.001000
77500,0.236716,1.000000,0.257850,1.000000,379.1,0.001000
77600,0.208286,1.000000,0.222811,1.000000,379.6,0.001000
77700,0.435751,0.998217,0.492733,0.994655,380.1,0.001000
77800,0.196857,1.000000,0.209637,1.000000,380.6,0.001000
77900,0.418354,0.998217,0.450543,0.993318,381.1,0.001000
78000,0.195134,0.999554,0.209095,1.000000,381.5,0.001000
78100,0.608191,0.990642,0.666330,0.981737,382.1,0.001000
78200,0.210320,1.000000,0.228656,1.000000,382.5,0.001000
78300,0.205126,1.000000,0.218910,1.000000,383.1,0.001000
78400,0.387640,0.999554,0.422946,0.998218,383.6,0.001000
78500,0.214050,1.000000,0.232986,1.000000,384.1,0.001000
78600,0.997547,0.834225,1.074275,0.788864,384.7,0.001000
78700,0.325188,0.999109,0.364909,0.996437,385.2,0.001000
78800,0.200415,1.000000,0.215989,1.000000,385.7,0.001000
78900,0.218497,1.000000,0.232471,1.000000,386.2,0.001000
79000,0.429916,0.999554,0.466981,0.999109,386.6,0.001000
79100,0.212077,1.000000,0.229446,0.999555,387.1,0.001000
79200,0.217648,1.000000,0.230050,1.000000,387.6,0.001000
79300,0.446238,0.997326,0.506000,0.992428,388.0,0.001000
79400,0.222050,1.000000,0.240205,0.999555,388.5,0.001000
79500,0.213650,1.000000,0.229101,0.999555,389.1,0.001000
79600,0.485239,0.990196,0.537341,0.986192,389.6,0.001000
79700,0.213531,1.000000,0.228865,1.000000,390.1,0.001000
79800,0.229182,1.000000,0.244579,1.000000,390.6,0.001000
79900,0.384065,1.000000,0.424053,0.998218,391.1,0.001000
80000,0.212621,1.000000,0.228466,1.000000,391.6,0.001000
80100,1.574396,0.585116,1.696969,0.541203,392.2,0.001000
80200,0.364443,0.999554,0.395766,0.995991,392.7,0.001000
80300,0.202310,1.000000,0.215379,1.000000,393.2,0.001000
80400,0.917199,0.935829,0.999066,0.902004,393.7,0.001000
80500,0.241365,1.000000,0.262370,0.999555,394.2,0.001000
80600,2.899307,0.401961,3.007428,0.383964,394.7,0.001000
80700,0.301181,1.000000,0.338912,0.999555,395.2,0.001000
80800,0.206797,1.000000,0.220676,1.000000,395.7,0.001000
80900,0.212290,1.000000,0.225977,1.000000,396.2,0.001000
81000,0.468168,0.995098,0.524797,0.983964,396.6,0.001000
81100,0.219628,1.000000,0.236523,1.000000,397.1,0.001000
81200,1.305901,0.718806,1.327118,0.709577,397.6,0.001000
81300,0.311948,0.999554,0.339336,0.999555,398.1,0.001000
81400,0.197537,1.000000,0.210933,1.000000,398.6,0.001000
81500,1.515403,0.711676,1.638463,0.665479,399.2,0.001000
81600,0.298784,0.999554,0.333405,0.999109,399.7,0.001000
81700,0.210441,1.000000,0.223358,1.000000,400.1,0.001000
81800,0.241274,1.000000,0.256581,0.999555,400.6,0.001000
81900,0.286593,1.000000,0.311796,0.999109,401.1,0.001000
82000,0.212054,1.000000,0.226444,1.000000,401.5,0.001000
82100,0.796235,0.954100,0.859306,0.933185,402.0,0.001000
82200,0.245650,1.000000,0.265484,1.000000,402.5,0.001000
82300,0.206179,1.000000,0.221227,1.000000,403.0,0.001000
82400,1.078504,0.823084,1.169938,0.805791,403.5,0.001000
82500,0.287922,1.000000,0.312411,0.999109,404.0,0.001000
82600,0.206343,1.000000,0.218636,1.000000,404.5,0.001000
82700,0.472367,0.996881,0.527218,0.991091,404.9,0.001000
82800,0.193998,1.000000,0.208988,1.000000,405.4,0.001000
82900,0.204493,1.000000,0.217465,1.000000,405.9,0.001000
83000,1.071866,0.852941,1.134472,0.841871,406.3,0.001000
83100,0.210828,1.000000,0.230497,1.000000,406.8,0.001000
83200,0.201396,1.000000,0.215418,1.000000,407.3,0.001000
83300,1.270805,0.790107,1.311113,0.759020,407.8,0.001000
83400,0.248945,1.000000,0.270737,1.000000,408.3,0.001000
83500,0.201924,1.000000,0.216557,1.000000,408.7,0.001000
83600,1.057337,0.872549,1.127934,0.861915,409.2,0.001000
83700,0.323226,0.999554,0.357321,0.999555,409.7,0.001000
83800,0.221174,1.000000,0.235501,1.000000,410.2,0.001000
83900,1.009986,0.893048,1.086471,0.872606,410.7,0.001000
84000,0.276539,1.000000,0.303560,1.000000,411.1,0.001000
84100,0.219268,1.000000,0.233490,1.000000,411.6,0.001000
84200,0.494136,0.997326,0.543070,0.989310,412.1,0.001000
84300,0.231234,1.000000,0.250242,1.000000,412.6,0.001000
84400,1.277463,0.709447,1.359275,0.666370,413.1,0.001000
84500,0.326481,0.999109,0.369629,0.996882,413.6,0.001000
84600,0.198996,1.000000,0.211484,1.000000,414.1,0.001000
84700,0.207942,1.000000,0.221296,1.000000,414.6,0.001000
84800,0.655807,0.982175,0.722318,0.962584,415.0,0.001000
84900,0.231718,1.000000,0.252226,1.000000,415.5,0.001000
85000,0.765286,0.941622,0.826971,0.908686,416.0,0.001000
85100,0.195710,1.000000,0.210408,1.000000,416.5,0.001000
85200,0.228152,1.000000,0.241475,1.000000,417.0,0.001000
85300,0.299343,1.000000,0.329619,1.000000,417.5,0.001000
85400,0.227821,1.000000,0.246699,0.999555,418.0,0.001000
85500,0.218208,1.000000,0.233870,0.999555,418.5,0.001000
85600,0.697306,0.974153,0.749705,0.966147,419.0,0.001000
85700,0.220244,1.000000,0.239778,1.000000,419.5,0.001000
85800,0.203836,1.000000,0.218281,1.000000,420.0,0.001000
85900,0.368537,1.000000,0.409183,1.000000,420.5,0.001000
86000,0.251254,1.000000,0.272066,1.000000,420.9,0.001000
86100,0.220144,1.000000,0.232290,1.000000,421.4,0.001000
86200,0.339812,0.999554,0.373673,0.998218,421.9,0.001000
86300,0.192846,1.000000,0.205334,1.000000,422.4,0.001000
86400,1.114481,0.796346,1.198561,0.759911,422.9,0.001000
86500,0.273038,1.000000,0.301950,0.999555,423.4,0.001000
86600,0.198507,1.000000,0.214094,1.000000,423.9,0.001000
86700,0.227811,1.000000,0.242628,1.000000,424.4,0.001000
86800,0.592426,0.988859,0.664657,0.963029,424.9,0.001000
86900,0.216764,1.000000,0.233776,1.000000,425.4,0.001000
87000,0.214877,1.000000,0.228795,1.000000,425.9,0.001000
87100,0.298999,0.999554,0.323795,0.999555,426.4,0.001000
87200,0.215821,1.000000,0.230771,1.000000,426.8,0.001000
87300,1.503016,0.695187,1.608330,0.647661,427.3,0.001000
87400,0.238019,1.000000,0.257497,1.000000,427.8,0.001000
87500,0.200076,1.000000,0.212902,1.000000,428.3,0.001000
87600,1.222287,0.727718,1.316864,0.689978,428.8,0.001000
87700,0.293380,0.999554,0.326303,0.999109,429.3,0.001000
87800,0.201725,1.000000,0.216071,1.000000,429.8,0.001000
87900,1.595057,0.632353,1.677595,0.599109,430.3,0.001000
88000,0.266796,1.000000,0.289915,0.999109,430.8,0.001000
88100,0.229324,1.000000,0.248035,1.000000,431.2,0.001000
88200,0.470591,0.997772,0.510011,0.991982,431.7,0.001000
88300,0.196381,1.000000,0.208934,1.000000,432.2,0.001000
88400,0.920511,0.780749,0.959399,0.768820,432.7,0.001000
88500,0.304742,0.999554,0.343573,1.000000,433.1,0.001000
88600,0.211014,1.000000,0.224042,1.000000,433.6,0.001000
88700,0.361593,0.999554,0.395067,0.997773,434.1,0.001000
88800,0.209002,1.000000,0.225363,1.000000,434.6,0.001000
88900,0.450242,0.997772,0.496145,0.995991,435.1,0.001000
89000,0.212160,1.000000,0.228326,1.000000,435.6,0.001000
89100,0.222760,1.000000,0.238687,1.000000,436.1,0.001000
89200,0.394889,0.997772,0.430645,0.999109,436.6,0.001000
89300,0.200528,1.000000,0.214904,1.000000,437.1,0.001000
89400,2.771758,0.279857,2.818678,0.273051,437.5,0.001000
89500,0.367474,0.996435,0.402734,0.997327,438.0,0.001000
89600,0.212985,1.000000,0.228681,1.000000,438.5,0.001000
89700,1.370828,0.809715,1.477336,0.751893,439.0,0.001000
89800,0.305508,1.000000,0.336271,0.999109,439.5,0.001000
89900,0.219548,1.000000,0.236134,1.000000,440.0,0.001000
90000,1.159981,0.788770,1.262676,0.744321,440.5,0.001000
90100,0.238972,1.000000,0.255715,1.000000,441.0,0.001000
90200,0.208693,1.000000,0.221162,1.000000,441.5,0.001000
90300,0.685913,0.978164,0.739465,0.970601,442.0,0.001000
90400,0.198220,1.000000,0.211630,1.000000,442.5,0.001000
90500,1.086700,0.890820,1.179302,0.855679,443.0,0.001000
90600,0.276515,1.000000,0.304765,1.000000,443.5,0.001000
90700,0.219356,1.000000,0.235503,1.000000,444.0,0.001000
90800,1.198886,0.801693,1.291698,0.760802,444.5,0.001000
90900,0.227139,1.000000,0.247501,0.999555,445.0,0.001000
91000,0.208135,1.000000,0.222192,1.000000,445.5,0.001000
91100,0.789232,0.952317,0.869536,0.933185,445.9,0.001000
91200,0.205653,1.000000,0.221532,1.000000,446.4,0.001000
91300,1.302446,0.634135,1.329992,0.612918,446.9,0.001000
91400,0.272066,0.999554,0.304380,0.998218,447.3,0.001000
91500,0.199913,1.000000,0.212861,1.000000,447.8,0.001000
91600,1.311329,0.731283,1.371292,0.710022,448.3,0.001000
91700,0.371540,1.000000,0.417562,0.995991,448.9,0.001000
91800,0.202620,1.000000,0.218004,1.000000,449.3,0.001000
91900,1.294742,0.791889,1.389103,0.745657,449.8,0.001000
92000,0.213211,1.000000,0.227288,1.000000,450.3,0.001000
92100,0.196017,1.000000,0.208092,1.000000,450.8,0.001000
92200,0.698681,0.974153,0.747981,0.958129,451.2,0.001000
92300,0.255401,1.000000,0.278744,1.000000,451.7,0.001000
92400,0.209633,1.000000,0.226023,1.000000,452.2,0.001000
92500,0.302797,0.999109,0.327213,0.998664,452.7,0.001000
92600,0.192760,1.000000,0.205745,1.000000,453.1,0.001000
92700,1.365950,0.664884,1.436830,0.636971,453.6,0.001000
92800,0.493232,0.996435,0.539867,0.991091,454.1,0.001000
92900,0.204505,1.000000,0.220061,1.000000,454.6,0.001000
93000,0.389886,0.997326,0.415090,0.991091,455.1,0.001000
93100,0.413212,0.998663,0.460689,0.995991,455.6,0.001000
93200,0.217072,1.000000,0.235759,1.000000,456.1,0.001000
93300,0.207369,1.000000,0.222355,1.000000,456.6,0.001000
93400,0.720782,0.974153,0.785168,0.962138,457.1,0.001000
93500,0.242781,1.000000,0.262061,0.999109,457.6,0.001000
93600,0.210615,1.000000,0.223842,1.000000,458.1,0.001000
93700,0.293620,1.000000,0.321327,0.999555,458.6,0.001000
93800,0.204764,1.000000,0.218817,1.000000,459.1,0.001000
93900,0.597885,0.990642,0.655478,0.978619,459.6,0.001000
94000,0.222446,1.000000,0.234621,1.000000,460.1,0.001000
94100,0.564309,0.980838,0.577865,0.974610,460.6,0.001000
94200,0.504337,0.993761,0.571356,0.984855,461.2,0.001000
94300,0.210670,1.000000,0.226462,1.000000,461.6,0.001000
94400,1.373538,0.783868,1.430076,0.762138,462.1,0.001000
94500,0.245447,1.000000,0.273786,0.999109,462.6,0.001000
94600,0.215519,1.000000,0.233169,1.000000,463.1,0.001000
94700,0.508327,0.995989,0.551234,0.992873,463.6,0.001000
94800,0.209627,1.000000,0.228102,0.999555,464.0,0.001000
94900,0.207442,1.000000,0.220864,1.000000,464.5,0.001000
95000,0.490066,0.993761,0.547808,0.983964,465.0,0.001000
95100,0.198080,1.000000,0.211452,1.000000,465.5,0.001000
95200,0.208760,1.000000,0.221445,1.000000,466.0,0.001000
95300,0.386743,0.998217,0.428043,0.995991,466.5,0.001000
95400,0.196203,1.000000,0.209796,1.000000,466.9,0.001000
95500,0.564050,0.987968,0.620721,0.978174,467.4,0.001000
95600,0.207188,1.000000,0.223848,1.000000,467.9,0.001000
95700,0.217078,1.000000,0.230040,1.000000,468.4,0.001000
95800,0.249660,1.000000,0.282409,0.999109,468.9,0.001000
95900,0.196991,1.000000,0.211360,1.000000,469.4,0.001000
96000,0.311302,0.999109,0.347338,0.996882,469.8,0.001000
96100,0.212234,1.000000,0.231192,1.000000,470.3,0.001000
96200,0.895030,0.946524,0.942962,0.935857,470.8,0.001000
96300,0.323969,0.999554,0.354359,0.999109,471.3,0.001000
96400,0.215140,1.000000,0.230660,1.000000,471.8,0.001000
96500,0.303883,1.000000,0.331363,0.999555,472.3,0.001000
96600,0.215443,1.000000,0.235498,0.999555,472.8,0.001000
96700,0.214733,1.000000,0.230037,1.000000,473.3,0.001000
96800,0.472715,0.995098,0.532406,0.986192,473.7,0.001000
96900,0.207825,1.000000,0.222829,1.000000,474.2,0.001000
97000,0.203710,1.000000,0.217058,0.999555,474.7,0.001000
97100,0.252138,1.000000,0.264575,1.000000,475.2,0.001000
97200,0.263718,1.000000,0.285102,1.000000,475.6,0.001000
97300,0.200237,1.000000,0.212323,1.000000,476.1,0.001000
97400,0.901007,0.946078,0.975300,0.912695,476.6,0.001000
97500,0.251297,1.000000,0.274036,0.999109,477.1,0.001000
97600,0.228762,1.000000,0.246548,1.000000,477.5,0.001000
97700,1.039342,0.787433,1.055380,0.792428,478.0,0.001000
97800,0.380247,0.996881,0.415455,0.995991,478.5,0.001000
97900,0.215918,1.000000,0.231094,0.999555,479.1,0.001000
98000,0.753415,0.983066,0.822301,0.972829,479.5,0.001000
98100,0.226156,1.000000,0.243762,0.999555,480.1,0.001000
98200,0.208546,1.000000,0.223225,1.000000,480.5,0.001000
98300,0.633674,0.975936,0.701275,0.958129,481.0,0.001000
98400,0.220720,1.000000,0.238890,1.000000,481.5,0.001000
98500,0.199541,1.000000,0.213867,1.000000,482.0,0.001000
98600,1.079688,0.866310,1.179097,0.828062,482.4,0.001000
98700,0.240826,1.000000,0.266523,0.999109,482.9,0.001000
98800,0.215800,1.000000,0.231797,1.000000,483.4,0.001000
98900,0.593797,0.993315,0.658266,0.983964,483.9,0.001000
99000,0.219378,1.000000,0.235539,1.000000,484.4,0.001000
99100,1.821042,0.574421,1.890240,0.571047,484.9,0.001000
99200,0.348025,1.000000,0.388822,0.997327,485.4,0.001000
99300,0.214039,1.000000,0.232178,1.000000,485.9,0.001000
99400,0.797655,0.963904,0.890735,0.941648,486.4,0.001000
99500,0.251270,1.000000,0.271252,1.000000,486.8,0.001000
99600,0.207657,1.000000,0.219556,1.000000,487.3,0.001000
99700,0.876561,0.924688,0.940621,0.914477,487.8,0.001000
99800,0.248103,1.000000,0.271814,0.999555,488.3,0.001000
99900,0.203240,1.000000,0.218512,1.000000,488.8,0.001000
100000,0.705975,0.966132,0.760712,0.953675,489.3,0.001000
100100,0.270782,1.000000,0.295236,0.999109,489.7,0.001000
100200,0.216091,1.000000,0.231924,1.000000,490.2,0.001000
100300,0.738768,0.938503,0.765613,0.934521,490.7,0.001000
100400,0.505856,0.995544,0.558644,0.986637,491.2,0.001000
100500,0.214547,1.000000,0.230283,1.000000,491.6,0.001000
100600,0.203687,1.000000,0.215215,1.000000,492.1,0.001000
100700,0.505703,0.990196,0.559704,0.983073,492.6,0.001000
100800,0.197627,1.000000,0.214044,1.000000,493.1,0.001000
100900,0.212764,1.000000,0.228144,1.000000,493.5,0.001000
101000,0.509194,0.994207,0.563861,0.985746,494.0,0.001000
101100,0.210461,1.000000,0.228491,1.000000,494.5,0.001000
101200,1.918618,0.558378,2.013891,0.514031,495.0,0.001000
101300,0.274408,1.000000,0.298559,0.999555,495.5,0.001000
101400,0.209821,1.000000,0.224383,1.000000,496.0,0.001000
101500,0.712735,0.980392,0.780684,0.962584,496.5,0.001000
101600,0.244057,1.000000,0.265497,1.000000,496.9,0.001000
101700,0.223794,1.000000,0.241513,1.000000,497.4,0.001000
101800,0.418614,0.996881,0.461675,0.991537,497.9,0.001000
101900,0.209984,1.000000,0.226774,1.000000,498.4,0.001000
102000,0.229914,1.000000,0.246136,1.000000,498.9,0.001000
102100,0.258882,1.000000,0.283548,1.000000,499.4,0.001000
102200,0.199093,1.000000,0.211197,1.000000,499.9,0.001000
102300,0.342045,0.999554,0.368141,0.997327,500.4,0.001000
102400,0.196542,1.000000,0.209517,1.000000,500.9,0.001000
102500,1.851883,0.470143,1.911436,0.457016,501.3,0.001000
102600,0.354339,1.000000,0.394988,0.995991,501.8,0.001000
102700,0.210361,1.000000,0.225225,1.000000,502.3,0.001000
102800,0.937655,0.863636,0.988554,0.854343,502.8,0.001000
102900,0.225647,1.000000,0.244189,1.000000,503.3,0.001000
103000,0.216808,1.000000,0.232906,1.000000,503.7,0.001000
103100,0.551972,0.988859,0.597246,0.982628,504.2,0.001000
103200,0.219646,1.000000,0.237429,1.000000,504.7,0.001000
103300,0.206539,1.000000,0.219679,1.000000,505.2,0.001000
103400,0.294506,1.000000,0.320140,1.000000,505.7,0.001000
103500,0.222619,1.000000,0.236731,1.000000,506.2,0.001000
103600,0.487346,0.984403,0.504774,0.976392,506.7,0.001000
103700,0.296284,1.000000,0.324775,1.000000,507.2,0.001000
103800,0.203293,1.000000,0.220474,1.000000,507.7,0.001000
103900,0.224275,1.000000,0.238901,1.000000,508.2,0.001000
104000,0.383047,1.000000,0.426446,0.998218,508.6,0.001000
104100,0.224775,1.000000,0.242825,0.999555,509.1,0.001000
104200,2.427717,0.396613,2.483789,0.383964,509.6,0.001000
104300,0.294822,1.000000,0.324970,1.000000,510.1,0.001000
104400,0.215830,1.000000,0.233554,1.000000,510.5,0.001000
104500,1.924828,0.460784,1.978964,0.452561,511.0,0.001000
104600,0.320952,0.999554,0.346822,1.000000,511.5,0.001000
104700,0.204595,1.000000,0.219620,1.000000,512.0,0.001000
104800,0.250416,1.000000,0.265612,1.000000,512.5,0.001000
104900,0.372043,1.000000,0.416995,0.993764,513.0,0.001000
105000,0.206577,1.000000,0.221303,1.000000,513.4,0.001000
105100,0.212668,1.000000,0.226433,0.999555,513.9,0.001000
105200,0.603039,0.987968,0.665118,0.981292,514.4,0.001000
105300,0.227538,1.000000,0.244215,0.999555,514.9,0.001000
105400,0.207353,1.000000,0.220833,1.000000,515.4,0.001000
105500,0.682038,0.984848,0.740220,0.971938,515.8,0.001000
105600,0.208653,1.000000,0.226310,1.000000,516.3,0.001000
105700,0.745607,0.934046,0.792442,0.921604,516.8,0.001000
105800,0.247590,1.000000,0.269709,1.000000,517.3,0.001000
105900,0.205644,1.000000,0.220575,1.000000,517.8,0.001000
106000,0.312207,0.999554,0.337395,0.999555,518.3,0.001000
106100,0.209935,1.000000,0.225742,1.000000,518.8,0.001000
106200,0.349376,1.000000,0.380534,0.998664,519.2,0.001000
106300,0.216154,1.000000,0.232004,1.000000,519.7,0.001000
106400,0.222400,1.000000,0.236567,1.000000,520.2,0.001000
106500,0.645316,0.983957,0.686422,0.978174,520.7,0.001000
106600,0.230441,1.000000,0.248847,1.000000,521.2,0.001000
106700,0.208237,1.000000,0.221786,1.000000,521.7,0.001000
106800,0.457435,0.999109,0.489675,0.998664,522.2,0.001000
106900,0.215976,1.000000,0.232981,1.000000,522.8,0.001000
107000,0.200172,1.000000,0.213122,1.000000,523.2,0.001000
107100,1.866882,0.587344,1.984630,0.559911,523.7,0.001000
107200,0.215204,1.000000,0.230448,1.000000,524.3,0.001000
107300,0.213722,1.000000,0.227702,1.000000,524.8,0.001000
107400,1.301219,0.783422,1.373386,0.763474,525.2,0.001000
107500,0.267947,1.000000,0.296482,0.999109,525.8,0.001000
107600,0.222376,1.000000,0.239015,0.999555,526.3,0.001000
107700,0.361559,0.999554,0.397251,0.995100,526.8,0.001000
107800,0.225053,1.000000,0.243255,1.000000,527.3,0.001000
107900,0.201599,1.000000,0.214356,1.000000,527.8,0.001000
108000,0.669817,0.981283,0.730536,0.973719,528.3,0.001000
108100,0.207673,1.000000,0.221254,1.000000,528.7,0.001000
108200,1.277205,0.751783,1.382573,0.706904,529.2,0.001000
108300,0.237257,1.000000,0.260111,0.999109,529.7,0.001000
108400,0.207418,1.000000,0.222431,1.000000,530.2,0.001000
108500,2.017264,0.311497,2.148520,0.271270,530.7,0.001000
108600,0.294249,0.999554,0.329752,0.997773,531.2,0.001000
108700,0.228538,1.000000,0.248242,1.000000,531.7,0.001000
108800,0.534561,0.993315,0.562152,0.985301,532.2,0.001000
108900,0.302275,1.000000,0.332772,0.999109,532.7,0.001000
109000,0.202106,1.000000,0.215824,1.000000,533.2,0.001000
109100,2.092618,0.414884,2.149417,0.386637,533.7,0.001000
109200,0.270119,1.000000,0.288671,1.000000,534.2,0.001000
109300,0.204217,1.000000,0.217755,1.000000,534.7,0.001000
109400,0.463892,0.999109,0.511202,0.995100,535.2,0.001000
109500,0.221639,1.000000,0.236420,1.000000,535.7,0.001000
109600,1.225374,0.803030,1.307746,0.774610,536.2,0.001000
109700,0.253123,1.000000,0.281126,0.998664,536.7,0.001000
109800,0.468308,0.959002,0.500381,0.948330,537.2,0.001000
109900,0.530658,0.994652,0.577677,0.988864,537.6,0.001000
110000,0.317869,1.000000,0.351609,0.999109,538.2,0.001000
110100,0.217095,1.000000,0.230681,1.000000,538.6,0.001000
110200,0.309134,0.999554,0.341710,0.997773,539.1,0.001000
110300,0.217341,1.000000,0.232247,1.000000,539.6,0.001000
110400,0.349453,0.998663,0.388227,0.999109,540.0,0.001000
110500,0.203852,1.000000,0.221241,1.000000,540.5,0.001000
110600,0.216544,1.000000,0.229009,0.999555,541.0,0.001000
110700,0.398426,0.997772,0.444386,0.995991,541.4,0.001000
110800,0.236305,1.000000,0.259136,0.999555,541.9,0.001000
110900,1.627956,0.597148,1.714879,0.579510,542.4,0.001000
111000,0.378254,0.999554,0.421761,0.997773,542.9,0.001000
111100,0.267329,1.000000,0.292951,0.998218,543.4,0.001000
111200,0.210778,1.000000,0.224138,1.000000,543.9,0.001000
111300,0.776376,0.974153,0.861416,0.949666,544.4,0.001000
111400,0.227206,1.000000,0.243526,1.000000,544.9,0.001000
111500,0.212156,1.000000,0.226271,1.000000,545.4,0.001000
111600,0.445810,0.995098,0.488573,0.994209,545.8,0.001000
111700,0.199964,1.000000,0.215723,1.000000,546.3,0.001000
111800,0.455839,0.995098,0.500294,0.987082,546.8,0.001000
111900,0.219726,1.000000,0.239997,0.999555,547.2,0.001000
112000,0.217870,1.000000,0.230687,1.000000,547.7,0.001000
112100,0.481290,0.995989,0.537360,0.989310,548.2,0.001000
112200,0.222081,1.000000,0.236682,1.000000,548.7,0.001000
112300,1.098257,0.821301,1.151111,0.799555,549.2,0.001000
112400,0.309539,1.000000,0.340573,1.000000,549.7,0.001000
112500,0.201494,1.000000,0.215870,1.000000,550.1,0.001000
112600,0.921815,0.942959,1.007481,0.906904,550.6,0.001000
112700,0.230153,1.000000,0.249978,1.000000,551.1,0.001000
112800,0.198825,1.000000,0.211013,1.000000,551.6,0.001000
112900,0.408447,0.996435,0.458003,0.991537,552.1,0.001000
113000,0.217965,1.000000,0.235124,1.000000,552.5,0.001000
113100,0.219950,1.000000,0.233570,1.000000,553.0,0.001000
113200,0.366959,0.999554,0.406659,0.997327,553.5,0.001000
113300,0.217123,1.000000,0.233464,1.000000,554.0,0.001000
113400,1.054990,0.879679,1.122780,0.845434,554.4,0.001000
113500,0.216225,1.000000,0.231631,1.000000,554.9,0.001000
113600,0.205372,1.000000,0.217496,1.000000,555.4,0.001000
113700,0.860619,0.944741,0.921001,0.935412,555.9,0.001000
113800,0.313250,1.000000,0.349780,0.998218,556.3,0.001000
113900,0.212788,1.000000,0.227913,0.999555,556.8,0.001000
114000,0.758018,0.940731,0.820257,0.923831,557.2,0.001000
114100,0.230747,1.000000,0.253738,1.000000,557.7,0.001000
114200,0.220248,1.000000,0.238374,1.000000,558.2,0.001000
114300,1.497444,0.618538,1.538673,0.589310,558.7,0.001000
114400,0.295898,1.000000,0.323260,1.000000,559.2,0.001000
114500,0.200145,1.000000,0.214408,1.000000,559.7,0.001000
114600,1.180535,0.768271,1.250134,0.748775,560.2,0.001000
114700,0.237750,1.000000,0.259426,0.999109,560.7,0.001000
114800,0.208509,1.000000,0.222540,1.000000,561.2,0.001000
114900,0.570865,0.991087,0.627806,0.977728,561.6,0.001000
115000,0.224400,1.000000,0.243722,0.999555,562.1,0.001000
115100,0.208614,1.000000,0.222522,1.000000,562.6,0.001000
115200,0.975789,0.884581,1.052863,0.847661,563.1,0.001000
115300,0.304963,0.999554,0.329975,1.000000,563.6,0.001000
115400,0.205189,1.000000,0.219542,1.000000,564.1,0.001000
115500,0.311440,1.000000,0.341485,0.999109,564.6,0.001000
115600,0.249029,1.000000,0.273938,1.000000,565.1,0.001000
115700,0.218092,1.000000,0.230863,1.000000,565.6,0.001000
115800,0.229627,1.000000,0.252833,0.999555,566.0,0.001000
115900,0.201106,1.000000,0.215257,1.000000,566.5,0.001000
116000,0.768799,0.981283,0.830098,0.974610,567.0,0.001000
116100,0.252463,1.000000,0.271475,1.000000,567.5,0.001000
116200,0.886413,0.891266,0.948287,0.875724,568.0,0.001000
116300,0.191861,1.000000,0.205888,1.000000,568.5,0.001000
116400,0.196097,1.000000,0.208939,1.000000,568.9,0.001000
116500,0.351941,0.998217,0.385093,0.998218,569.4,0.001000
116600,0.197849,1.000000,0.210888,1.000000,569.9,0.001000
116700,0.314217,1.000000,0.333110,1.000000,570.4,0.001000
116800,0.251332,1.000000,0.273862,0.999109,570.9,0.001000
116900,0.202259,1.000000,0.218902,1.000000,571.4,0.001000
117000,3.189005,0.169786,3.243199,0.145657,571.8,0.001000
117100,0.335556,1.000000,0.375110,0.997773,572.4,0.001000
117200,0.207069,1.000000,0.221303,1.000000,572.9,0.001000
117300,1.680502,0.583779,1.757389,0.545212,573.4,0.001000
117400,0.264831,1.000000,0.288606,1.000000,573.8,0.001000
117500,0.194698,1.000000,0.208143,1.000000,574.3,0.001000
117600,0.326846,1.000000,0.357109,0.998664,574.8,0.001000
117700,0.196756,1.000000,0.211864,1.000000,575.3,0.001000
117800,0.197781,1.000000,0.210877,1.000000,575.8,0.001000
117900,0.468275,0.996881,0.514396,0.989755,576.2,0.001000
118000,0.242698,1.000000,0.264497,1.000000,576.7,0.001000
118100,0.210656,1.000000,0.225001,1.000000,577.2,0.001000
118200,0.214825,1.000000,0.228579,1.000000,577.6,0.001000
118300,0.618992,0.991533,0.691325,0.978174,578.2,0.001000
118400,0.221902,1.000000,0.237908,1.000000,578.7,0.001000
118500,0.277208,1.000000,0.294322,1.000000,579.2,0.001000
118600,0.509354,0.995098,0.576948,0.992428,579.7,0.001000
118700,0.202933,1.000000,0.217944,1.000000,580.1,0.001000
118800,2.684116,0.398396,2.723084,0.387082,580.6,0.001000
118900,0.338917,1.000000,0.374648,0.999109,581.1,0.001000
119000,0.221027,1.000000,0.235926,1.000000,581.6,0.001000
119100,1.118876,0.828431,1.213031,0.793319,582.1,0.001000
119200,0.303873,0.999554,0.343746,0.998218,582.6,0.001000
119300,0.209604,1.000000,0.224787,1.000000,583.0,0.001000
119400,0.208381,1.000000,0.222246,0.999555,583.5,0.001000
119500,0.456919,0.994207,0.497892,0.990200,583.9,0.001000
119600,0.243824,0.999109,0.268357,1.000000,584.4,0.001000
119700,0.208334,1.000000,0.223281,0.999555,584.9,0.001000
119800,0.864447,0.969697,0.935293,0.952339,585.4,0.001000
119900,0.230315,1.000000,0.250660,0.999555,585.8,0.001000
120000,0.265742,1.000000,0.281602,1.000000,586.3,0.001000
120100,0.313213,0.999109,0.340881,0.998218,586.8,0.001000
120200,0.228040,1.000000,0.246982,1.000000,587.3,0.001000
120300,0.757863,0.946524,0.815244,0.925167,587.8,0.001000
120400,0.228809,0.999554,0.247287,1.000000,588.3,0.001000
120500,0.208034,1.000000,0.223195,1.000000,588.8,0.001000
120600,0.753434,0.989750,0.834340,0.971047,589.3,0.001000
120700,0.238740,1.000000,0.255428,0.999555,589.8,0.001000
120800,0.229741,1.000000,0.243499,1.000000,590.4,0.001000
120900,0.568832,0.995544,0.616422,0.988419,590.9,0.001000
121000,0.211882,1.000000,0.229477,1.000000,591.4,0.001000
121100,1.770592,0.539216,1.800008,0.524722,591.9,0.001000
121200,0.308723,1.000000,0.338077,0.999555,592.4,0.001000
121300,0.203439,1.000000,0.216462,1.000000,592.9,0.001000
121400,0.868695,0.935829,0.946108,0.917595,593.4,0.001000
121500,0.228238,1.000000,0.245670,1.000000,593.9,0.001000
121600,0.743138,0.879679,0.755675,0.897105,594.4,0.001000
121700,0.255116,1.000000,0.279164,1.000000,594.9,0.001000
121800,0.204822,1.000000,0.218244,1.000000,595.4,0.001000
121900,1.190590,0.758021,1.287005,0.718040,595.9,0.001000
122000,0.212997,1.000000,0.229704,1.000000,596.4,0.001000
122100,0.196310,1.000000,0.209836,1.000000,596.9,0.001000
122200,0.558564,0.983066,0.603278,0.981292,597.3,0.001000
122300,0.206115,1.000000,0.223030,1.000000,597.8,0.001000
122400,0.199422,1.000000,0.213093,1.000000,598.3,0.001000
122500,0.888550,0.938503,0.964620,0.918486,598.8,0.001000
122600,0.316789,0.999109,0.345566,0.998218,599.2,0.001000
122700,0.201724,1.000000,0.215586,1.000000,599.7,0.001000
122800,1.603901,0.670232,1.702485,0.634298,600.2,0.001000
122900,0.239518,1.000000,0.259390,1.000000,600.7,0.001000
123000,0.208430,1.000000,0.224931,1.000000,601.2,0.001000
123100,0.255653,1.000000,0.269708,1.000000,601.7,0.001000
123200,0.263188,1.000000,0.290207,0.999555,602.1,0.001000
123300,0.195275,1.000000,0.211000,1.000000,602.6,0.001000
123400,1.415028,0.684492,1.517030,0.644098,603.1,0.001000
123500,0.328156,0.999554,0.367551,0.997327,603.5,0.001000
123600,0.200416,1.000000,0.214205,1.000000,604.0,0.001000
123700,0.792297,0.975936,0.845850,0.971938,604.5,0.001000
123800,0.296358,1.000000,0.323172,0.999555,605.1,0.001000
123900,0.203673,1.000000,0.217978,1.000000,605.6,0.001000
124000,1.423045,0.649287,1.466733,0.635635,606.1,0.001000
124100,0.580290,0.990196,0.641798,0.981292,606.6,0.001000
124200,0.268675,1.000000,0.294598,0.999109,607.0,0.001000
124300,0.211729,1.000000,0.227164,1.000000,607.6,0.001000
124400,0.943238,0.925134,1.017987,0.898886,608.1,0.001000
124500,0.241235,1.000000,0.265939,1.000000,608.6,0.001000
124600,0.212704,1.000000,0.230291,1.000000,609.1,0.001000
124700,0.656014,0.979501,0.695935,0.971492,609.6,0.001000
124800,0.212368,1.000000,0.228651,0.999555,610.1,0.001000
124900,0.218219,1.000000,0.233380,1.000000,610.6,0.001000
125000,0.725170,0.982175,0.773125,0.968820,611.1,0.001000
125100,0.230331,1.000000,0.244954,1.000000,611.6,0.001000
125200,0.224419,1.000000,0.236336,1.000000,612.1,0.001000
125300,0.597115,0.973262,0.663534,0.963474,612.6,0.001000
125400,0.209582,1.000000,0.225427,1.000000,613.0,0.001000
125500,0.212941,1.000000,0.227575,1.000000,613.5,0.001000
125600,0.867308,0.946524,0.954962,0.922494,614.0,0.001000
125700,0.223816,1.000000,0.240847,1.000000,614.5,0.001000
125800,0.291372,1.000000,0.311573,0.998664,615.0,0.001000
125900,0.322873,1.000000,0.356128,0.997773,615.4,0.001000
126000,0.202441,1.000000,0.216470,1.000000,615.9,0.001000
126100,0.805859,0.930481,0.882128,0.907350,616.4,0.001000
126200,0.226025,0.999554,0.246680,1.000000,616.8,0.001000
126300,0.209381,1.000000,0.222779,1.000000,617.3,0.001000
126400,0.307174,1.000000,0.321292,0.999555,617.8,0.001000
126500,0.406077,0.997326,0.443925,0.995546,618.3,0.001000
126600,0.220093,1.000000,0.239381,0.999555,618.7,0.001000
126700,0.213728,1.000000,0.227765,1.000000,619.2,0.001000
126800,0.621074,0.987077,0.687568,0.976392,619.7,0.001000
126900,0.219321,1.000000,0.239669,1.000000,620.2,0.001000
127000,0.200213,1.000000,0.214861,1.000000,620.7,0.001000
127100,0.548349,0.991087,0.602617,0.983519,621.2,0.001000
127200,0.230812,1.000000,0.252082,0.999555,621.6,0.001000
127300,0.216694,1.000000,0.231792,1.000000,622.1,0.001000
127400,0.830870,0.909091,0.878496,0.897550,622.6,0.001000
127500,0.263921,0.999554,0.288810,0.998664,623.1,0.001000
127600,0.209424,1.000000,0.221538,1.000000,623.6,0.001000
127700,0.284574,0.999109,0.304254,0.999555,624.0,0.001000
127800,0.229372,1.000000,0.244821,1.000000,624.5,0.001000
127900,1.555440,0.571747,1.657824,0.524722,625.0,0.001000
128000,0.264321,1.000000,0.289781,0.998218,625.5,0.001000
128100,0.222727,1.000000,0.238302,1.000000,625.9,0.001000
128200,1.765522,0.597148,1.844579,0.569710,626.4,0.001000
128300,0.323906,1.000000,0.356391,0.998218,626.9,0.001000
128400,0.204970,1.000000,0.218789,1.000000,627.4,0.001000
128500,0.735739,0.971034,0.775913,0.969710,627.9,0.001000
128600,0.280204,1.000000,0.306052,0.999555,628.4,0.001000
128700,0.212408,1.000000,0.227902,1.000000,628.8,0.001000
128800,0.711104,0.966132,0.776107,0.951893,629.3,0.001000
128900,0.214331,1.000000,0.232599,1.000000,629.8,0.001000
129000,0.206870,1.000000,0.220081,1.000000,630.3,0.001000
129100,0.298611,1.000000,0.329606,0.997773,630.8,0.001000
129200,0.213748,1.000000,0.228713,1.000000,631.3,0.001000
129300,0.236417,1.000000,0.249784,1.000000,631.8,0.001000
129400,0.587248,0.991533,0.651685,0.984410,632.3,0.001000
129500,0.256167,1.000000,0.282703,1.000000,632.7,0.001000
129600,0.219091,1.000000,0.232535,1.000000,633.3,0.001000
129700,0.567051,1.000000,0.621235,0.998664,633.8,0.001000
129800,0.227075,1.000000,0.245529,1.000000,634.3,0.001000
129900,2.171478,0.446970,2.185896,0.447216,634.8,0.001000
130000,0.248638,0.999554,0.276747,0.998218,635.2,0.001000
130100,0.197044,1.000000,0.212021,1.000000,635.7,0.001000
130200,0.340303,0.999554,0.373222,0.997773,636.2,0.001000
130300,0.212046,1.000000,0.229035,1.000000,636.7,0.001000
130400,2.739548,0.392157,2.776545,0.377283,637.2,0.001000
130500,0.236092,1.000000,0.257268,1.000000,637.7,0.001000
130600,0.216738,1.000000,0.233496,1.000000,638.2,0.001000
130700,1.121774,0.777629,1.204040,0.744321,638.6,0.001000
130800,0.272034,1.000000,0.299007,1.000000,639.1,0.001000
130900,0.200087,1.000000,0.216290,0.999555,639.6,0.001000
131000,0.746987,0.897504,0.753442,0.899332,640.1,0.001000
131100,0.247652,1.000000,0.271421,1.000000,640.6,0.001000
131200,0.212453,1.000000,0.228880,1.000000,641.1,0.001000
131300,0.560388,0.976827,0.613965,0.967038,641.6,0.001000
131400,0.209950,1.000000,0.227649,1.000000,642.1,0.001000
131500,0.202412,1.000000,0.215839,1.000000,642.6,0.001000
131600,0.466077,0.997326,0.515808,0.997773,643.0,0.001000
131700,0.211500,1.000000,0.227583,1.000000,643.6,0.001000
131800,0.205284,1.000000,0.217852,1.000000,644.0,0.001000
131900,1.132747,0.846702,1.196076,0.818708,644.5,0.001000
132000,0.303286,1.000000,0.331756,0.999109,645.0,0.001000
132100,0.205693,1.000000,0.220309,1.000000,645.5,0.001000
132200,2.660409,0.328877,2.640675,0.326949,646.0,0.001000
132300,0.251529,1.000000,0.272560,1.000000,646.5,0.001000
132400,0.209109,1.000000,0.224524,1.000000,646.9,0.001000
132500,0.578047,0.937166,0.608458,0.935412,647.4,0.001000
132600,0.287529,1.000000,0.313394,0.999109,647.9,0.001000
132700,0.195445,1.000000,0.211058,1.000000,648.4,0.001000
132800,1.207030,0.694741,1.298131,0.653452,648.9,0.001000
132900,0.230029,1.000000,0.254433,0.999555,649.3,0.001000
133000,0.194037,1.000000,0.209105,1.000000,649.8,0.001000
133100,0.305682,1.000000,0.324465,1.000000,650.3,0.001000
133200,0.599554,0.995989,0.657586,0.984855,650.8,0.001000
133300,0.218176,1.000000,0.239929,1.000000,651.3,0.001000
133400,0.211775,1.000000,0.227347,1.000000,651.8,0.001000
133500,0.777997,0.952317,0.850268,0.935857,652.3,0.001000
133600,0.254635,1.000000,0.275451,1.000000,652.7,0.001000
133700,0.211744,1.000000,0.227339,1.000000,653.3,0.001000
133800,0.647551,0.982620,0.722164,0.964365,653.8,0.001000
133900,0.204574,1.000000,0.218183,1.000000,654.3,0.001000
134000,0.238523,1.000000,0.252425,1.000000,654.8,0.001000
134100,0.363870,1.000000,0.410740,0.998218,655.3,0.001000
134200,0.211282,1.000000,0.225796,1.000000,655.8,0.001000
134300,1.152740,0.823084,1.205155,0.810690,656.3,0.001000
134400,0.323743,1.000000,0.358767,0.997773,656.9,0.001000
134500,0.223559,1.000000,0.245486,0.999109,657.4,0.001000
134600,1.098833,0.793226,1.120107,0.783964,657.9,0.001000
134700,0.363334,0.999109,0.410310,0.995100,658.4,0.001000
134800,0.198972,1.000000,0.211194,1.000000,658.9,0.001000
134900,1.361490,0.739750,1.413880,0.734076,659.4,0.001000
135000,0.253194,1.000000,0.271857,1.000000,659.9,0.001000
135100,0.205354,1.000000,0.220171,1.000000,660.4,0.001000
135200,0.528526,0.992870,0.581330,0.992428,660.9,0.001000
135300,0.218300,1.000000,0.236679,0.999555,661.4,0.001000
135400,0.212596,1.000000,0.226133,1.000000,661.9,0.001000
135500,0.871951,0.886809,0.934859,0.852561,662.4,0.001000
135600,0.206380,1.000000,0.223198,1.000000,662.9,0.001000
135700,0.453035,0.993315,0.483294,0.988864,663.4,0.001000
135800,0.282694,1.000000,0.316834,0.998218,663.8,0.001000
135900,0.207221,1.000000,0.222402,1.000000,664.3,0.001000
136000,0.344087,1.000000,0.366069,0.998664,664.9,0.001000
136100,0.369303,0.999109,0.410910,0.999109,665.3,0.001000
136200,0.207975,1.000000,0.226174,0.999555,665.8,0.001000
136300,1.207973,0.768271,1.311885,0.722494,666.3,0.001000
136400,0.265774,1.000000,0.290733,0.999555,666.9,0.001000
136500,0.203539,1.000000,0.216186,1.000000,667.4,0.001000
136600,1.043261,0.866756,1.128916,0.827617,667.9,0.001000
136700,0.216621,1.000000,0.235890,1.000000,668.4,0.001000
136800,0.202797,1.000000,0.217668,1.000000,668.9,0.001000
136900,1.996386,0.380125,1.958528,0.408909,669.3,0.001000
137000,0.221511,1.000000,0.240641,1.000000,669.8,0.001000
137100,0.204927,1.000000,0.220522,1.000000,670.3,0.001000
137200,1.098767,0.833779,1.164567,0.820490,670.8,0.001000
137300,0.279954,1.000000,0.300425,0.999109,671.2,0.001000
137400,0.209508,1.000000,0.223053,1.000000,671.7,0.001000
137500,0.433497,0.998217,0.485391,0.995100,672.2,0.001000
137600,0.227299,1.000000,0.245074,1.000000,672.7,0.001000
137700,1.224871,0.799911,1.317328,0.762583,673.2,0.001000
137800,0.225707,1.000000,0.245622,0.999555,673.7,0.001000
137900,0.223398,1.000000,0.241386,1.000000,674.2,0.001000
138000,0.479598,0.994207,0.526718,0.991091,674.7,0.001000
138100,0.222449,1.000000,0.241249,1.000000,675.2,0.001000
138200,0.203308,1.000000,0.217048,1.000000,675.6,0.001000
138300,0.672442,0.987077,0.734034,0.971492,676.1,0.001000
138400,0.212908,1.000000,0.228644,1.000000,676.6,0.001000
138500,0.221975,1.000000,0.235257,1.000000,677.1,0.001000
138600,0.342599,0.999554,0.375809,0.999109,677.5,0.001000
138700,0.218887,1.000000,0.240012,0.999555,678.1,0.001000
138800,0.208262,1.000000,0.223335,1.000000,678.6,0.001000
138900,0.737691,0.965686,0.825506,0.946993,679.0,0.001000
139000,0.243718,1.000000,0.266251,1.000000,679.5,0.001000
139100,0.213397,1.000000,0.228082,1.000000,680.0,0.001000
139200,0.369465,1.000000,0.402182,1.000000,680.5,0.001000
139300,0.208606,1.000000,0.224153,1.000000,681.0,0.001000
139400,0.213561,1.000000,0.226186,1.000000,681.5,0.001000
139500,0.446185,0.995989,0.494693,0.989310,682.0,0.001000
139600,0.215473,1.000000,0.232072,1.000000,682.4,0.001000
139700,0.799731,0.943405,0.851824,0.932294,682.9,0.001000
139800,0.217569,1.000000,0.238653,1.000000,683.4,0.001000
139900,0.199608,1.000000,0.214406,1.000000,683.9,0.001000
140000,1.289881,0.803476,1.372843,0.767929,684.4,0.001000
140100,0.342275,1.000000,0.380292,0.999555,684.9,0.001000
140200,0.250951,1.000000,0.269337,0.999555,685.4,0.001000
140300,0.220142,1.000000,0.234700,1.000000,685.9,0.001000
140400,0.478661,0.996435,0.538129,0.987973,686.4,0.001000
140500,0.210754,1.000000,0.224514,1.000000,686.9,0.001000
140600,1.463449,0.637255,1.588392,0.582628,687.4,0.001000
140700,0.365589,0.998217,0.401625,0.997773,687.9,0.001000
140800,0.216864,0.999554,0.237959,1.000000,688.4,0.001000
140900,0.220232,1.000000,0.233934,1.000000,688.9,0.001000
141000,0.271811,0.999554,0.295672,0.999555,689.4,0.001000
141100,0.196630,1.000000,0.210109,1.000000,689.8,0.001000
141200,0.995706,0.909537,1.077784,0.885523,690.3,0.001000
141300,0.280627,1.000000,0.310838,0.999555,690.8,0.001000
141400,0.196547,1.000000,0.210178,1.000000,691.2,0.001000
141500,0.982189,0.908645,1.026093,0.893096,691.7,0.001000
141600,0.291619,1.000000,0.321873,0.999555,692.2,0.001000
141700,0.207587,1.000000,0.222456,1.000000,692.7,0.001000
141800,0.394906,0.999554,0.420065,0.997327,693.1,0.001000
141900,0.327137,0.999109,0.365774,0.997773,693.6,0.001000
142000,0.201846,1.000000,0.215513,1.000000,694.1,0.001000
142100,2.909339,0.135472,3.048086,0.126949,694.6,0.001000
142200,0.293031,1.000000,0.315692,1.000000,695.1,0.001000
142300,0.213813,1.000000,0.230956,1.000000,695.6,0.001000
142400,0.210786,1.000000,0.222708,1.000000,696.0,0.001000
142500,0.275916,1.000000,0.298967,0.999555,696.5,0.001000
142600,0.195150,1.000000,0.209267,1.000000,697.0,0.001000
142700,0.988499,0.905080,1.043014,0.883742,697.5,0.001000
142800,0.229246,1.000000,0.246102,1.000000,698.0,0.001000
142900,0.211279,1.000000,0.225121,1.000000,698.5,0.001000
143000,0.397315,0.994652,0.424316,0.991537,698.9,0.001000
143100,0.233783,1.000000,0.255668,0.999555,699.4,0.001000
143200,0.211809,1.000000,0.224314,1.000000,699.9,0.001000
143300,0.370112,0.997326,0.401849,0.995100,700.4,0.001000
143400,0.197506,1.000000,0.211738,1.000000,700.9,0.001000
143500,0.217246,1.000000,0.230910,1.000000,701.3,0.001000
143600,0.327301,0.999554,0.364306,0.997773,701.8,0.001000
143700,0.202581,1.000000,0.220344,1.000000,702.3,0.001000
143800,0.213914,1.000000,0.226764,1.000000,702.8,0.001000
143900,0.810111,0.974153,0.891248,0.950557,703.3,0.001000
144000,0.236449,1.000000,0.252495,0.999109,703.8,0.001000
144100,0.211988,1.000000,0.225933,1.000000,704.3,0.001000
144200,0.268186,0.999554,0.296742,0.999555,704.8,0.001000
144300,0.206691,1.000000,0.221938,1.000000,705.2,0.001000
144400,0.791925,0.961230,0.837854,0.946548,705.7,0.001000
144500,0.222433,1.000000,0.240561,1.000000,706.2,0.001000
144600,0.216239,1.000000,0.231902,1.000000,706.7,0.001000
144700,0.801833,0.951872,0.874532,0.946102,707.2,0.001000
144800,0.237754,1.000000,0.255664,0.999555,707.6,0.001000
144900,0.623834,0.981729,0.676691,0.975947,708.1,0.001000
145000,0.220368,1.000000,0.239980,0.999555,708.6,0.001000
145100,0.214158,1.000000,0.229042,1.000000,709.1,0.001000
145200,0.617230,0.989750,0.641311,0.989755,709.6,0.001000
145300,0.220792,1.000000,0.240009,0.999109,710.1,0.001000
145400,0.208718,1.000000,0.222643,1.000000,710.6,0.001000
145500,0.856439,0.949643,0.935278,0.930512,711.1,0.001000
145600,0.217732,1.000000,0.234284,1.000000,711.6,0.001000
145700,0.209529,1.000000,0.221342,1.000000,712.1,0.001000
145800,0.473213,0.996435,0.520214,0.993318,712.6,0.001000
145900,0.207792,1.000000,0.221233,1.000000,713.1,0.001000
146000,0.240105,0.999554,0.254317,0.999555,713.6,0.001000
146100,0.647717,0.991533,0.701354,0.992873,714.1,0.001000
146200,0.201647,1.000000,0.214086,1.000000,714.6,0.001000
146300,1.177855,0.821747,1.288200,0.768374,715.1,0.001000
146400,0.267139,1.000000,0.290350,1.000000,715.6,0.001000
146500,0.203353,1.000000,0.219164,1.000000,716.1,0.001000
146600,0.226128,1.000000,0.242817,1.000000,716.6,0.001000
146700,1.144382,0.904189,1.245211,0.868151,717.1,0.001000
146800,0.238562,1.000000,0.254234,1.000000,717.6,0.001000
146900,0.299212,1.000000,0.320245,0.999555,718.1,0.001000
147000,0.312562,1.000000,0.347350,0.999109,718.6,0.001000
147100,0.211034,1.000000,0.227586,0.999555,719.1,0.001000
147200,1.204350,0.845365,1.290658,0.798218,719.5,0.001000
147300,0.244861,1.000000,0.269140,1.000000,720.1,0.001000
147400,0.208106,1.000000,0.221903,1.000000,720.6,0.001000
147500,0.476609,0.995544,0.536389,0.979510,721.1,0.001000
147600,0.240004,1.000000,0.258296,0.999555,721.6,0.001000
147700,0.200238,1.000000,0.214216,1.000000,722.1,0.001000
147800,1.370280,0.714349,1.498808,0.670824,722.7,0.001000
147900,0.378861,0.999554,0.420707,0.993764,723.2,0.001000
148000,0.203483,1.000000,0.219210,1.000000,723.7,0.001000
148100,1.777222,0.438503,1.868897,0.394655,724.3,0.001000
148200,0.299480,1.000000,0.330189,0.999555,724.8,0.001000
148300,0.213943,1.000000,0.228425,1.000000,725.3,0.001000
148400,1.255260,0.779412,1.305137,0.747884,725.7,0.001000
148500,0.261138,1.000000,0.286514,1.000000,726.2,0.001000
148600,0.201233,1.000000,0.215473,1.000000,726.7,0.001000
148700,1.047777,0.870321,1.092327,0.860579,727.1,0.001000
148800,0.212636,1.000000,0.229608,1.000000,727.6,0.001000
148900,0.194892,1.000000,0.208643,1.000000,728.1,0.001000
149000,1.209087,0.767380,1.246379,0.758129,728.6,0.001000
149100,0.236814,1.000000,0.258549,1.000000,729.1,0.001000
149200,0.204010,1.000000,0.219398,0.999555,729.6,0.001000
149300,1.035972,0.871658,1.074947,0.870379,730.0,0.001000
149400,0.275325,1.000000,0.302915,0.998664,730.6,0.001000
149500,0.212886,1.000000,0.227383,0.999555,731.0,0.001000
149600,0.580398,0.989305,0.623693,0.986192,731.5,0.001000
149700,0.218025,1.000000,0.234959,1.000000,732.0,0.001000
149800,0.199649,1.000000,0.213893,1.000000,732.4,0.001000
149900,0.621530,0.983066,0.704497,0.969265,732.9,0.001000
150000,0.218470,1.000000,0.236154,1.000000,733.4,0.001000
150100,0.204700,1.000000,0.220256,1.000000,733.8,0.001000
150200,0.731930,0.950535,0.800310,0.926949,734.3,0.001000
150300,0.231067,0.999554,0.252858,0.999555,734.8,0.001000
150400,0.201250,1.000000,0.214171,1.000000,735.3,0.001000
150500,0.693422,0.984848,0.758670,0.960356,735.8,0.001000
150600,0.309803,1.000000,0.343809,0.999109,736.3,0.001000
150700,0.211005,1.000000,0.224879,1.000000,736.8,0.001000
150800,0.463187,0.997772,0.508587,0.993318,737.2,0.001000
150900,0.238320,1.000000,0.260566,0.999555,737.7,0.001000
151000,0.209464,1.000000,0.223248,1.000000,738.2,0.001000
151100,0.363830,0.999554,0.404072,0.998664,738.7,0.001000
151200,0.211847,1.000000,0.223762,1.000000,739.1,0.001000
151300,0.429800,0.997326,0.469983,0.996437,739.6,0.001000
151400,0.204324,1.000000,0.219239,1.000000,740.1,0.001000
151500,0.203416,1.000000,0.216262,1.000000,740.6,0.001000
151600,0.389770,0.997772,0.429567,0.998218,741.1,0.001000
151700,0.235412,1.000000,0.257582,0.999555,741.5,0.001000
151800,0.214043,1.000000,0.228018,1.000000,742.0,0.001000
151900,0.601293,0.967914,0.676430,0.951893,742.5,0.001000
152000,0.248458,1.000000,0.269612,1.000000,743.0,0.001000
152100,0.203982,1.000000,0.216951,1.000000,743.5,0.001000
152200,1.055220,0.901070,1.174510,0.855234,744.0,0.001000
152300,0.238591,1.000000,0.258596,1.000000,744.4,0.001000
152400,0.226854,1.000000,0.242598,0.999109,744.9,0.001000
152500,0.413343,0.996881,0.479055,0.991537,745.4,0.001000
152600,0.215868,1.000000,0.232322,1.000000,745.9,0.001000
152700,0.299105,0.999554,0.318970,0.998218,746.4,0.001000
152800,0.525922,0.995098,0.578130,0.988864,746.9,0.001000
152900,0.256491,1.000000,0.279680,1.000000,747.3,0.001000
153000,0.227683,1.000000,0.242603,1.000000,747.8,0.001000
153100,0.593211,0.988859,0.640277,0.993764,748.3,0.001000
153200,0.255792,1.000000,0.277868,0.998664,748.7,0.001000
153300,0.204583,1.000000,0.218061,1.000000,749.3,0.001000
153400,1.090301,0.865865,1.128262,0.858352,749.8,0.001000
153500,0.234875,1.000000,0.251879,1.000000,750.3,0.001000
153600,0.212018,1.000000,0.225103,1.000000,750.7,0.001000
153700,0.862769,0.937611,0.933676,0.922049,751.2,0.001000
153800,0.250289,1.000000,0.273843,0.999555,751.7,0.001000
153900,0.204582,1.000000,0.218519,1.000000,752.2,0.001000
154000,2.078430,0.394831,2.177877,0.359020,752.7,0.001000
154100,0.321054,0.999554,0.356401,0.999555,753.2,0.001000
154200,0.220418,1.000000,0.237914,1.000000,753.7,0.001000
154300,1.948297,0.532086,1.951905,0.534076,754.2,0.001000
154400,0.249939,1.000000,0.270125,1.000000,754.7,0.001000
154500,0.204618,1.000000,0.218852,1.000000,755.2,0.001000
154600,0.580460,0.987968,0.635641,0.982183,755.7,0.001000
154700,0.251248,1.000000,0.275796,1.000000,756.2,0.001000
154800,0.205368,1.000000,0.218586,1.000000,756.7,0.001000
154900,2.236753,0.357843,2.305553,0.326503,757.2,0.001000
155000,0.288592,0.999109,0.315014,0.999109,757.7,0.001000
155100,0.200428,1.000000,0.215226,1.000000,758.1,0.001000
155200,1.565229,0.609626,1.618237,0.584855,758.6,0.001000
155300,0.210962,1.000000,0.229875,1.000000,759.1,0.001000
155400,0.198258,1.000000,0.212168,1.000000,759.6,0.001000
155500,1.076828,0.858289,1.139244,0.835189,760.1,0.001000
155600,0.356032,0.997772,0.394920,0.995546,760.5,0.001000
155700,0.206904,1.000000,0.223421,1.000000,761.1,0.001000
155800,0.210207,1.000000,0.224879,1.000000,761.5,0.001000
155900,0.334431,0.999554,0.369318,1.000000,762.0,0.001000
156000,0.211225,1.000000,0.226807,1.000000,762.5,0.001000
156100,0.392877,0.996881,0.433069,0.995991,763.0,0.001000
156200,0.217808,1.000000,0.233757,1.000000,763.4,0.001000
156300,0.217511,1.000000,0.232135,1.000000,763.9,0.001000
156400,0.875012,0.931818,0.937123,0.910022,764.4,0.001000
156500,0.234422,1.000000,0.254911,1.000000,764.9,0.001000
156600,0.204314,1.000000,0.218258,1.000000,765.4,0.001000
156700,0.618608,0.993315,0.684721,0.984855,765.9,0.001000
156800,0.225797,1.000000,0.242467,0.999555,766.3,0.001000
156900,1.101341,0.820410,1.171338,0.804009,766.8,0.001000
157000,0.231293,1.000000,0.251014,1.000000,767.3,0.001000
157100,0.204505,1.000000,0.218777,1.000000,767.8,0.001000
157200,0.845799,0.858734,0.878695,0.857016,768.3,0.001000
157300,0.308156,0.999554,0.341769,0.999109,768.7,0.001000
157400,0.213372,1.000000,0.229392,1.000000,769.2,0.001000
157500,0.230589,1.000000,0.243230,1.000000,769.7,0.001000
157600,0.316906,1.000000,0.343867,1.000000,770.2,0.001000
157700,0.219095,1.000000,0.234993,1.000000,770.7,0.001000
157800,1.444665,0.761141,1.541978,0.726949,771.1,0.001000
157900,0.305764,1.000000,0.344638,0.999109,771.6,0.001000
158000,0.222861,1.000000,0.240088,1.000000,772.1,0.001000
158100,0.860221,0.860517,0.850214,0.862806,772.6,0.001000
158200,0.257719,1.000000,0.283311,1.000000,773.1,0.001000
158300,0.186681,1.000000,0.200935,1.000000,773.6,0.001000
158400,1.766769,0.591800,1.786393,0.585746,774.1,0.001000
158500,0.276704,1.000000,0.299930,1.000000,774.6,0.001000
158600,0.200508,1.000000,0.214400,1.000000,775.1,0.001000
158700,0.587777,0.985740,0.642237,0.977283,775.6,0.001000
158800,0.218790,1.000000,0.237049,1.000000,776.1,0.001000
158900,0.214013,1.000000,0.228421,1.000000,776.6,0.001000
159000,0.351409,0.997772,0.385226,0.993764,777.1,0.001000
159100,0.194915,1.000000,0.210317,1.000000,777.6,0.001000
159200,0.646391,0.982620,0.699804,0.976837,778.1,0.001000
159300,0.204489,1.000000,0.218917,1.000000,778.5,0.001000
159400,0.218569,1.000000,0.233576,1.000000,779.0,0.001000
159500,0.608082,0.985294,0.674448,0.978619,779.5,0.001000
159600,0.247727,1.000000,0.270926,1.000000,780.0,0.001000
159700,0.221699,1.000000,0.235631,1.000000,780.5,0.001000
159800,0.789536,0.967469,0.874227,0.949220,781.0,0.001000
159900,0.258114,1.000000,0.282767,0.999109,781.5,0.001000
160000,0.209654,1.000000,0.222694,1.000000,782.0,0.001000
160100,0.389771,0.998663,0.435729,0.994209,782.5,0.001000
160200,0.204249,1.000000,0.220222,0.999555,782.9,0.001000
160300,0.205741,1.000000,0.218640,1.000000,783.4,0.001000
160400,0.286498,1.000000,0.314109,1.000000,783.9,0.001000
160500,0.219639,1.000000,0.237748,1.000000,784.4,0.001000
160600,1.001063,0.884135,1.049994,0.868597,784.9,0.001000
160700,0.241758,1.000000,0.260643,0.999555,785.4,0.001000
160800,0.219035,1.000000,0.231885,1.000000,785.9,0.001000
160900,0.283333,1.000000,0.304133,1.000000,786.4,0.001000
161000,0.203696,1.000000,0.217378,1.000000,787.0,0.001000
161100,1.132102,0.838681,1.179723,0.840089,787.5,0.001000
161200,0.233476,1.000000,0.249020,1.000000,788.0,0.001000
161300,0.210797,1.000000,0.225688,0.999555,788.5,0.001000
161400,1.344223,0.688503,1.394135,0.652561,789.0,0.001000
161500,0.301556,1.000000,0.331999,0.999555,789.6,0.001000
161600,0.207928,1.000000,0.224320,0.999555,790.0,0.001000
161700,0.215849,1.000000,0.229240,0.999555,790.5,0.001000
161800,0.423981,0.996881,0.474188,0.990200,791.0,0.001000
161900,0.204729,1.000000,0.218724,1.000000,791.5,0.001000
162000,1.128816,0.828431,1.166794,0.820935,792.0,0.001000
162100,0.394791,0.999109,0.443856,0.994655,792.5,0.001000
162200,0.233699,1.000000,0.251831,0.999109,793.0,0.001000
162300,1.400915,0.663547,1.478616,0.627617,793.4,0.001000
162400,0.226906,1.000000,0.246053,1.000000,794.0,0.001000
162500,0.208865,1.000000,0.223887,1.000000,794.5,0.001000
162600,0.295672,1.000000,0.329439,0.997773,795.0,0.001000
162700,0.202904,1.000000,0.220091,1.000000,795.5,0.001000
162800,1.068493,0.837790,1.154927,0.813808,796.0,0.001000
162900,0.251182,1.000000,0.273034,1.000000,796.5,0.001000
163000,0.209515,1.000000,0.226876,1.000000,797.0,0.001000
163100,0.385708,1.000000,0.425173,0.999109,797.5,0.001000
163200,0.211107,1.000000,0.227159,1.000000,798.0,0.001000
163300,0.664711,0.964795,0.704870,0.953229,798.5,0.001000
163400,0.281226,1.000000,0.306876,0.999555,799.0,0.001000
163500,0.222391,1.000000,0.237953,1.000000,799.5,0.001000
163600,0.663409,0.989750,0.730001,0.982183,799.9,0.001000
163700,0.251946,1.000000,0.279423,1.000000,800.4,0.001000
163800,0.202214,1.000000,0.216204,0.999555,800.9,0.001000
163900,0.750950,0.952763,0.812686,0.944766,801.3,0.001000
164000,0.279371,1.000000,0.308698,0.998664,801.8,0.001000
164100,0.224637,1.000000,0.242975,1.000000,802.3,0.001000
164200,0.302886,1.000000,0.319659,1.000000,802.8,0.001000
164300,0.298491,0.999554,0.324959,1.000000,803.3,0.001000
164400,0.209487,1.000000,0.224897,1.000000,803.8,0.001000
164500,0.236902,1.000000,0.252820,1.000000,804.3,0.001000
164600,0.372729,0.999109,0.409008,0.998664,804.8,0.001000
164700,0.210146,1.000000,0.226204,1.000000,805.3,0.001000
164800,1.675954,0.659982,1.787107,0.604454,805.8,0.001000
164900,0.247981,1.000000,0.266247,1.000000,806.3,0.001000
165000,0.233808,1.000000,0.251793,1.000000,806.8,0.001000
165100,0.864898,0.920232,0.939426,0.893987,807.2,0.001000
165200,0.225616,1.000000,0.240394,1.000000,807.7,0.001000
165300,0.719156,0.942068,0.775176,0.923385,808.2,0.001000
165400,0.223821,1.000000,0.241890,1.000000,808.7,0.001000
165500,0.200539,1.000000,0.215579,1.000000,809.2,0.001000
165600,0.806981,0.940285,0.854870,0.927394,809.7,0.001000
165700,0.242093,1.000000,0.262388,1.000000,810.2,0.001000
165800,0.215853,1.000000,0.232157,1.000000,810.7,0.001000
165900,0.424512,0.997326,0.454556,0.994655,811.2,0.001000
166000,0.198812,1.000000,0.212304,1.000000,811.7,0.001000
166100,1.114216,0.815954,1.215038,0.771938,812.1,0.001000
166200,0.372510,0.999554,0.412941,0.996882,812.6,0.001000
166300,0.214768,1.000000,0.229479,1.000000,813.1,0.001000
166400,0.223504,1.000000,0.236792,1.000000,813.5,0.001000
166500,0.327311,0.999554,0.361221,0.999109,814.0,0.001000
166600,0.211584,1.000000,0.227876,1.000000,814.5,0.001000
166700,0.229166,1.000000,0.240075,1.000000,815.0,0.001000
166800,0.457046,0.993761,0.508788,0.990646,815.5,0.001000
166900,0.214811,1.000000,0.232838,1.000000,816.0,0.001000
167000,0.203215,1.000000,0.218552,1.000000,816.5,0.001000
167100,0.584056,0.995544,0.634501,0.990200,816.9,0.001000
167200,0.210583,1.000000,0.226927,1.000000,817.4,0.001000
167300,0.745283,0.858734,0.741139,0.876169,817.9,0.001000
167400,0.327342,1.000000,0.361278,1.000000,818.4,0.001000
167500,0.210320,1.000000,0.224050,1.000000,818.8,0.001000
167600,0.493421,0.988859,0.544764,0.983964,819.3,0.001000
167700,0.217032,1.000000,0.236909,1.000000,819.8,0.001000
167800,0.224236,1.000000,0.240053,1.000000,820.3,0.001000
167900,0.316700,1.000000,0.348546,0.999555,820.7,0.001000
168000,0.208342,1.000000,0.225728,1.000000,821.2,0.001000
168100,1.014225,0.862299,1.053553,0.848552,821.7,0.001000
168200,0.406377,0.999554,0.447568,0.996882,822.2,0.001000
168300,0.213591,1.000000,0.228521,1.000000,822.7,0.001000
168400,0.207004,1.000000,0.221684,1.000000,823.2,0.001000
168500,1.093024,0.802139,1.118502,0.797327,823.7,0.001000
168600,0.212591,1.000000,0.231180,1.000000,824.2,0.001000
168700,0.199270,1.000000,0.212685,1.000000,824.7,0.001000
168800,0.510649,0.994207,0.557221,0.991982,825.2,0.001000
168900,0.232748,1.000000,0.252269,0.999109,825.7,0.001000
169000,0.207295,1.000000,0.220677,1.000000,826.2,0.001000
169100,1.375271,0.687611,1.474226,0.650334,826.6,0.001000
169200,0.286073,1.000000,0.311199,0.999109,827.1,0.001000
169300,0.215197,1.000000,0.231244,1.000000,827.6,0.001000
169400,0.574094,0.976381,0.620566,0.971492,828.1,0.001000
169500,0.216687,1.000000,0.234996,0.999555,828.6,0.001000
169600,0.197890,1.000000,0.211476,1.000000,829.1,0.001000
169700,0.416790,0.998217,0.471642,0.993318,829.6,0.001000
169800,0.193966,1.000000,0.206966,1.000000,830.1,0.001000
169900,0.211623,1.000000,0.223643,1.000000,830.5,0.001000
170000,0.394619,0.999109,0.425384,0.998218,831.0,0.001000
170100,0.206379,1.000000,0.221821,1.000000,831.5,0.001000
170200,0.237666,1.000000,0.253660,1.000000,832.0,0.001000
170300,0.280735,1.000000,0.305236,0.999555,832.5,0.001000
170400,0.212364,1.000000,0.227845,1.000000,833.0,0.001000
170500,0.316090,1.000000,0.342862,0.999555,833.5,0.001000
170600,0.188727,1.000000,0.203929,1.000000,834.0,0.001000
170700,0.212530,1.000000,0.226731,1.000000,834.4,0.001000
170800,0.392385,0.999109,0.426482,0.999555,834.9,0.001000
170900,0.203966,1.000000,0.220202,1.000000,835.4,0.001000
171000,1.744251,0.595811,1.879370,0.544766,835.9,0.001000
171100,0.320628,0.999109,0.346048,0.998664,836.3,0.001000
171200,0.218127,1.000000,0.234457,1.000000,836.8,0.001000
171300,0.879423,0.836453,0.957483,0.807572,837.3,0.001000
171400,0.208748,1.000000,0.228038,0.999555,837.8,0.001000
171500,0.206850,1.000000,0.221359,0.999555,838.3,0.001000
171600,0.726074,0.968806,0.801139,0.952339,838.8,0.001000
171700,0.217941,1.000000,0.234555,1.000000,839.3,0.001000
171800,0.202007,1.000000,0.214193,1.000000,839.8,0.001000
171900,0.708569,0.961230,0.768534,0.951002,840.3,0.001000
172000,0.228195,1.000000,0.248936,0.999555,840.8,0.001000
172100,0.197521,1.000000,0.211407,1.000000,841.3,0.001000
172200,1.124979,0.860517,1.214562,0.835635,841.8,0.001000
172300,0.339876,0.998663,0.384094,0.997327,842.3,0.001000
172400,0.216642,1.000000,0.234227,1.000000,842.8,0.001000
172500,0.234683,1.000000,0.249031,1.000000,843.3,0.001000
172600,0.280514,1.000000,0.307244,0.999555,843.7,0.001000
172700,0.201729,1.000000,0.216032,1.000000,844.2,0.001000
172800,3.170128,0.131462,3.245173,0.126949,844.7,0.001000
172900,0.349229,0.998217,0.385686,0.998218,845.1,0.001000
173000,0.217883,1.000000,0.233185,1.000000,845.6,0.001000
173100,0.644336,0.980838,0.696990,0.972383,846.1,0.001000
173200,0.208191,1.000000,0.224569,0.999555,846.6,0.001000
173300,0.206865,1.000000,0.220838,1.000000,847.1,0.001000
173400,0.720967,0.981729,0.802820,0.967929,847.6,0.001000
173500,0.230630,1.000000,0.248350,0.999555,848.1,0.001000
173600,0.205274,1.000000,0.219077,1.000000,848.5,0.001000
173700,1.133611,0.870321,1.212937,0.844098,849.0,0.001000
173800,0.293103,1.000000,0.320213,0.999555,849.5,0.001000
173900,0.209802,1.000000,0.222078,1.000000,850.0,0.001000
174000,0.312878,1.000000,0.341818,0.998218,850.4,0.001000
174100,0.211153,1.000000,0.226021,1.000000,850.9,0.001000
174200,0.216328,1.000000,0.229472,1.000000,851.4,0.001000
174300,0.577146,0.988859,0.641433,0.978619,851.9,0.001000
174400,0.224494,1.000000,0.244551,1.000000,852.3,0.001000
174500,0.208618,1.000000,0.221851,1.000000,852.9,0.001000
174600,1.190212,0.832442,1.287260,0.783073,853.4,0.001000
174700,0.247849,1.000000,0.274247,0.999555,853.9,0.001000
174800,0.203720,1.000000,0.219030,1.000000,854.4,0.001000
174900,0.531517,0.992870,0.574456,0.984410,854.9,0.001000
175000,0.335767,0.999554,0.366156,0.999555,855.5,0.001000
175100,0.205503,1.000000,0.219936,1.000000,856.0,0.001000
175200,0.618500,0.980838,0.677737,0.972383,856.5,0.001000
175300,0.205756,1.000000,0.222832,1.000000,857.0,0.001000
175400,0.208603,1.000000,0.221399,1.000000,857.6,0.001000
175500,0.492721,0.992424,0.543335,0.987528,858.1,0.001000
175600,0.211803,1.000000,0.230990,0.999555,858.5,0.001000
175700,0.198709,1.000000,0.213917,0.999555,859.0,0.001000
175800,0.479289,0.996435,0.525813,0.992873,859.5,0.001000
175900,0.265796,1.000000,0.289328,1.000000,860.0,0.001000
176000,0.209509,1.000000,0.222280,1.000000,860.4,0.001000
176100,0.330107,1.000000,0.362731,1.000000,861.0,0.001000
176200,0.222900,1.000000,0.244927,0.999555,861.4,0.001000
176300,0.223384,1.000000,0.237677,1.000000,861.9,0.001000
176400,1.615749,0.648396,1.650390,0.641425,862.4,0.001000
176500,0.525371,0.997326,0.583070,0.988419,862.9,0.001000
176600,0.222853,1.000000,0.241885,1.000000,863.3,0.001000
176700,0.220031,1.000000,0.234311,1.000000,863.8,0.001000
176800,0.233176,1.000000,0.252946,1.000000,864.3,0.001000
176900,0.206073,1.000000,0.220802,1.000000,864.8,0.001000
177000,0.705286,0.964795,0.772505,0.954566,865.3,0.001000
177100,0.250552,1.000000,0.269962,0.998218,865.7,0.001000
177200,0.222013,1.000000,0.240448,0.999555,866.2,0.001000
177300,0.463268,0.997326,0.519140,0.994655,866.7,0.001000
177400,0.205276,1.000000,0.218945,1.000000,867.2,0.001000
177500,1.243426,0.836453,1.315254,0.798218,867.7,0.001000
177600,0.252312,1.000000,0.275610,0.999555,868.2,0.001000
177700,2.421594,0.386364,2.407188,0.377283,868.7,0.001000
177800,0.267075,1.000000,0.292300,0.999555,869.1,0.001000
177900,0.199701,1.000000,0.213962,0.999555,869.6,0.001000
178000,0.477334,0.997326,0.524841,0.993764,870.1,0.001000
178100,0.258461,1.000000,0.278281,1.000000,870.6,0.001000
178200,0.222570,1.000000,0.235909,1.000000,871.1,0.001000
178300,0.254490,1.000000,0.277324,1.000000,871.5,0.001000
178400,0.215406,1.000000,0.232616,1.000000,872.0,0.001000
178500,0.228140,1.000000,0.242734,1.000000,872.5,0.001000
178600,0.246850,0.999554,0.271263,0.999555,873.0,0.001000
178700,0.203038,1.000000,0.215766,1.000000,873.4,0.001000
178800,0.614827,0.991979,0.675977,0.981737,873.9,0.001000
178900,0.245694,1.000000,0.267868,0.999555,874.4,0.001000
179000,0.210950,1.000000,0.226642,1.000000,874.9,0.001000
179100,1.060086,0.864973,1.101152,0.862806,875.4,0.001000
179200,0.217708,1.000000,0.234928,0.999109,875.8,0.001000
179300,0.205789,1.000000,0.219284,0.999555,876.3,0.001000
179400,0.487161,0.992870,0.539626,0.988419,876.8,0.001000
179500,0.201264,1.000000,0.215870,1.000000,877.3,0.001000
179600,0.202336,1.000000,0.216029,1.000000,877.8,0.001000
179700,0.385866,1.000000,0.425457,0.999109,878.3,0.001000
179800,0.205771,1.000000,0.221137,1.000000,878.8,0.001000
179900,1.093107,0.821747,1.208044,0.768374,879.3,0.001000
180000,0.284070,0.999554,0.313532,0.998664,879.7,0.001000
180100,0.205483,1.000000,0.221847,1.000000,880.2,0.001000
180200,0.671284,0.976827,0.716387,0.970601,880.7,0.001000
180300,0.269653,1.000000,0.292339,1.000000,881.1,0.001000
180400,0.213214,1.000000,0.227808,1.000000,881.6,0.001000
180500,0.757061,0.977273,0.832577,0.957238,882.1,0.001000
180600,0.234343,1.000000,0.255503,0.999555,882.6,0.001000
180700,0.200062,1.000000,0.213319,1.000000,883.1,0.001000
180800,0.563881,0.993315,0.617713,0.989755,883.6,0.001000
180900,0.224168,1.000000,0.241851,0.999555,884.1,0.001000
181000,1.840918,0.473708,1.886463,0.462806,884.5,0.001000
181100,0.309899,1.000000,0.337129,0.999555,885.0,0.001000
181200,0.206031,1.000000,0.222590,1.000000,885.5,0.001000
181300,0.205011,1.000000,0.217493,1.000000,886.0,0.001000
181400,0.808581,0.929590,0.909954,0.900223,886.5,0.001000
181500,0.323678,1.000000,0.358961,0.998218,887.0,0.001000
181600,0.197767,1.000000,0.211972,1.000000,887.4,0.001000
181700,0.759005,0.964795,0.843192,0.945657,887.9,0.001000
181800,0.233217,1.000000,0.251803,0.999555,888.3,0.001000
181900,0.209524,1.000000,0.224407,1.000000,888.8,0.001000
182000,0.866910,0.913102,0.943035,0.888196,889.3,0.001000
182100,0.275286,1.000000,0.301942,1.000000,889.8,0.001000
182200,0.219289,1.000000,0.235017,0.999555,890.3,0.001000
182300,1.653462,0.613636,1.801245,0.552339,890.8,0.001000
182400,0.334254,1.000000,0.368981,0.999555,891.3,0.001000
182500,0.209385,1.000000,0.224872,0.999555,891.8,0.001000
182600,0.254360,1.000000,0.272092,0.999555,892.3,0.001000
182700,0.344485,0.999554,0.387774,0.999109,892.7,0.001000
182800,0.205052,1.000000,0.219666,1.000000,893.2,0.001000
182900,1.018772,0.900178,1.095888,0.881960,893.7,0.001000
183000,0.238203,1.000000,0.261384,1.000000,894.2,0.001000
183100,0.208400,1.000000,0.222751,1.000000,894.6,0.001000
183200,0.422063,0.995544,0.467342,0.992873,895.1,0.001000
183300,0.215577,1.000000,0.234190,1.000000,895.6,0.001000
183400,0.210274,1.000000,0.224893,1.000000,896.1,0.001000
183500,0.531258,0.987522,0.573367,0.987528,896.6,0.001000
183600,0.196067,1.000000,0.208907,1.000000,897.0,0.001000
183700,1.566113,0.574866,1.644860,0.535412,897.5,0.001000
183800,0.280687,1.000000,0.303186,0.999555,898.0,0.001000
183900,0.212734,1.000000,0.227905,1.000000,898.5,0.001000
184000,0.212398,1.000000,0.228108,0.999555,899.0,0.001000
184100,0.993949,0.936720,1.092207,0.903341,899.5,0.001000
184200,0.234150,1.000000,0.250629,1.000000,900.0,0.001000
184300,0.217215,1.000000,0.229828,1.000000,900.6,0.001000
184400,0.608279,0.992424,0.654218,0.984410,901.1,0.001000
184500,0.233457,1.000000,0.253188,1.000000,901.5,0.001000
184600,3.116000,0.237522,3.049513,0.240980,902.1,0.001000
184700,0.444658,0.998663,0.497219,0.993764,902.6,0.001000
184800,0.216905,1.000000,0.233589,1.000000,903.1,0.001000
184900,0.209318,1.000000,0.222946,1.000000,903.6,0.001000
185000,0.301986,1.000000,0.331464,1.000000,904.1,0.001000
185100,0.220530,1.000000,0.241064,1.000000,904.6,0.001000
185200,0.217273,1.000000,0.232186,1.000000,905.1,0.001000
185300,0.303915,1.000000,0.334771,0.999109,905.6,0.001000
185400,0.209066,1.000000,0.224728,1.000000,906.1,0.001000
185500,0.205038,1.000000,0.218016,1.000000,906.6,0.001000
185600,0.487090,0.994652,0.543144,0.986637,907.0,0.001000
185700,0.206847,1.000000,0.225027,1.000000,907.5,0.001000
185800,0.924398,0.900178,0.998368,0.875278,908.0,0.001000
185900,0.284736,1.000000,0.308497,1.000000,908.5,0.001000
186000,0.210899,1.000000,0.227396,1.000000,909.0,0.001000
186100,2.711263,0.289216,2.705831,0.300668,909.4,0.001000
186200,0.273598,0.999554,0.304470,0.998664,910.0,0.001000
186300,0.194440,1.000000,0.207974,1.000000,910.4,0.001000
186400,1.094788,0.825758,1.204383,0.779065,910.9,0.001000
186500,0.323291,0.999109,0.362043,0.995100,911.4,0.001000
186600,0.228501,1.000000,0.247500,1.000000,911.9,0.001000
186700,2.929411,0.258467,2.989556,0.245880,912.4,0.001000
186800,0.402844,0.999109,0.449772,0.997773,912.9,0.001000
186900,0.205340,1.000000,0.219933,1.000000,913.4,0.001000
187000,0.825257,0.959002,0.895166,0.946993,913.9,0.001000
187100,0.223076,1.000000,0.243668,0.999555,914.4,0.001000
187200,0.211589,1.000000,0.229209,1.000000,914.9,0.001000
187300,0.759797,0.975490,0.838920,0.958129,915.3,0.001000
187400,0.215738,1.000000,0.232414,1.000000,915.8,0.001000
187500,0.209676,1.000000,0.222841,1.000000,916.3,0.001000
187600,0.333204,0.997326,0.372214,0.991982,916.8,0.001000
187700,0.196342,1.000000,0.213189,1.000000,917.3,0.001000
187800,0.280354,1.000000,0.297908,0.999555,917.8,0.001000
187900,0.655280,0.989305,0.724280,0.973719,918.3,0.001000
188000,0.204650,1.000000,0.217511,1.000000,918.8,0.001000
188100,1.156664,0.744652,1.217896,0.726503,919.3,0.001000
188200,0.205350,1.000000,0.221029,1.000000,919.8,0.001000
188300,0.197333,1.000000,0.208422,1.000000,920.3,0.001000
188400,0.607339,0.975490,0.671060,0.963474,920.8,0.001000
188500,0.232053,1.000000,0.253170,1.000000,921.3,0.001000
188600,0.222191,1.000000,0.235735,0.999555,921.8,0.001000
188700,0.271684,1.000000,0.307170,0.999109,922.3,0.001000
188800,0.208090,1.000000,0.222840,1.000000,922.8,0.001000
188900,0.638818,0.981283,0.683724,0.977283,923.3,0.001000
189000,0.287664,0.999554,0.321793,0.998218,923.8,0.001000
189100,0.199412,1.000000,0.210674,1.000000,924.3,0.001000
189200,0.364322,1.000000,0.403965,0.998664,924.8,0.001000
189300,0.204740,1.000000,0.220588,1.000000,925.3,0.001000
189400,3.128271,0.153743,3.206834,0.153675,925.8,0.001000
189500,0.332084,1.000000,0.367217,0.999555,926.3,0.001000
189600,0.198928,1.000000,0.213603,1.000000,926.8,0.001000
189700,1.841759,0.547237,1.878010,0.526949,927.2,0.001000
189800,0.431057,0.999109,0.470047,0.997773,927.7,0.001000
189900,0.243755,1.000000,0.263514,0.999109,928.2,0.001000
190000,0.243888,1.000000,0.258087,0.999555,928.7,0.001000
190100,0.363545,0.998663,0.399396,0.996437,929.2,0.001000
190200,0.234024,1.000000,0.254750,1.000000,929.6,0.001000
190300,0.432747,0.996881,0.456589,0.993318,930.1,0.001000
190400,0.414832,0.997326,0.458441,0.995100,930.6,0.001000
190500,0.226749,1.000000,0.242874,1.000000,931.0,0.001000
190600,1.120332,0.803922,1.207919,0.766147,931.5,0.001000
190700,0.205548,1.000000,0.220818,1.000000,932.0,0.001000
190800,0.208910,1.000000,0.225187,1.000000,932.5,0.001000
190900,0.806601,0.959002,0.862605,0.935857,933.0,0.001000
191000,0.225852,1.000000,0.243264,0.999555,933.5,0.001000
191100,0.608589,0.975936,0.663744,0.967038,934.0,0.001000
191200,0.207877,1.000000,0.224847,0.999555,934.5,0.001000
191300,0.195407,1.000000,0.207729,1.000000,935.0,0.001000
191400,1.241111,0.836898,1.321919,0.804009,935.4,0.001000
191500,0.288080,0.999554,0.323268,0.999109,935.9,0.001000
191600,0.218917,1.000000,0.234104,1.000000,936.4,0.001000
191700,0.228720,1.000000,0.242734,1.000000,936.9,0.001000
191800,0.485827,0.998663,0.534802,0.997773,937.4,0.001000
191900,0.212095,1.000000,0.226928,1.000000,937.9,0.001000
192000,0.898525,0.950089,0.975500,0.918040,938.4,0.001000
192100,0.391231,0.999554,0.443356,0.991537,938.9,0.001000
192200,0.215285,1.000000,0.229394,1.000000,939.4,0.001000
192300,1.154006,0.850267,1.220144,0.809354,939.9,0.001000
192400,0.239730,1.000000,0.259251,1.000000,940.4,0.001000
192500,0.208020,1.000000,0.223395,1.000000,940.9,0.001000
192600,0.621082,0.946524,0.674481,0.930958,941.4,0.001000
192700,0.236136,0.999554,0.259303,0.999555,941.9,0.001000
192800,0.195994,1.000000,0.209675,1.000000,942.3,0.001000
192900,0.799485,0.933155,0.861447,0.919376,942.8,0.001000
193000,0.301700,0.999554,0.342059,0.998218,943.3,0.001000
193100,0.213268,1.000000,0.230630,1.000000,943.8,0.001000
193200,2.394796,0.297683,2.372569,0.322940,944.3,0.001000
193300,0.414682,0.997326,0.460750,0.990200,944.8,0.001000
193400,0.202580,1.000000,0.215832,0.999555,945.2,0.001000
193500,1.883907,0.467023,1.967618,0.445434,945.7,0.001000
193600,0.367236,0.999109,0.416553,0.995991,946.2,0.001000
193700,0.214097,1.000000,0.231686,1.000000,946.7,0.001000
193800,0.218049,1.000000,0.232080,1.000000,947.3,0.001000
193900,1.014993,0.904189,1.085783,0.883742,947.7,0.001000
194000,0.242205,1.000000,0.263988,1.000000,948.2,0.001000
194100,0.207543,1.000000,0.224175,1.000000,948.7,0.001000
194200,0.460423,0.996435,0.497011,0.995546,949.2,0.001000
194300,0.204737,1.000000,0.220344,1.000000,949.7,0.001000
194400,0.211011,1.000000,0.223521,1.000000,950.2,0.001000
194500,0.252894,1.000000,0.271599,0.999555,950.7,0.001000
194600,0.203404,1.000000,0.216964,1.000000,951.2,0.001000
194700,0.724280,0.976381,0.767261,0.971492,951.7,0.001000
194800,0.238005,1.000000,0.253770,1.000000,952.2,0.001000
194900,2.344152,0.442513,2.391336,0.428953,952.6,0.001000
195000,0.572723,0.991533,0.626809,0.983073,953.1,0.001000
195100,0.220567,1.000000,0.237976,0.999555,953.6,0.001000
195200,0.226790,1.000000,0.245187,1.000000,954.1,0.001000
195300,0.601726,0.991979,0.658786,0.985301,954.6,0.001000
195400,0.212395,1.000000,0.230915,1.000000,955.1,0.001000
195500,0.213771,1.000000,0.230091,1.000000,955.6,0.001000
195600,0.850630,0.947415,0.926469,0.922940,956.0,0.001000
195700,0.333723,0.999554,0.371393,0.998218,956.6,0.001000
195800,0.219950,1.000000,0.233270,1.000000,957.0,0.001000
195900,0.288372,1.000000,0.310032,1.000000,957.6,0.001000
196000,0.192663,1.000000,0.206325,1.000000,958.0,0.001000
196100,0.871202,0.952317,0.963413,0.924722,958.5,0.001000
196200,0.240512,1.000000,0.265687,0.999555,959.1,0.001000
196300,0.206242,1.000000,0.223713,1.000000,959.5,0.001000
196400,0.214394,1.000000,0.228625,1.000000,960.0,0.001000
196500,0.368053,0.999554,0.423843,0.990646,960.5,0.001000
196600,0.216389,1.000000,0.233316,0.999555,960.9,0.001000
196700,0.545370,0.989305,0.608388,0.979065,961.4,0.001000
196800,0.226500,1.000000,0.247897,0.999555,961.9,0.001000
196900,0.205895,1.000000,0.220126,1.000000,962.4,0.001000
197000,0.684304,0.972816,0.735571,0.968820,962.8,0.001000
197100,0.248983,1.000000,0.277431,0.999555,963.3,0.001000
197200,0.211420,1.000000,0.226929,1.000000,963.8,0.001000
197300,1.069715,0.898396,1.143685,0.857906,964.3,0.001000
197400,0.260832,0.999554,0.286012,1.000000,964.8,0.001000
197500,0.204923,1.000000,0.220103,1.000000,965.3,0.001000
197600,0.425754,0.999109,0.464870,0.997773,965.8,0.001000
197700,0.203759,1.000000,0.219086,1.000000,966.2,0.001000
197800,0.255117,1.000000,0.267915,1.000000,966.7,0.001000
197900,0.337642,0.999109,0.375002,0.995991,967.2,0.001000
198000,0.222496,1.000000,0.242085,1.000000,967.7,0.001000
198100,0.220913,1.000000,0.234918,1.000000,968.2,0.001000
198200,0.291151,1.000000,0.317116,1.000000,968.6,0.001000
198300,0.209394,1.000000,0.222781,1.000000,969.1,0.001000
198400,0.215402,1.000000,0.227595,1.000000,969.6,0.001000
198500,0.281107,0.999554,0.311347,1.000000,970.1,0.001000
198600,0.205509,1.000000,0.219991,1.000000,970.5,0.001000
198700,0.729265,0.968360,0.794108,0.943875,971.0,0.001000
198800,0.223683,1.000000,0.243109,1.000000,971.5,0.001000
198900,0.215173,1.000000,0.230727,1.000000,972.0,0.001000
199000,0.292711,0.999554,0.321849,0.999109,972.5,0.001000
199100,0.216749,1.000000,0.232647,1.000000,972.9,0.001000
199200,1.699473,0.564617,1.706008,0.574165,973.4,0.001000
199300,0.232423,1.000000,0.252861,0.999555,973.9,0.001000
199400,0.200236,1.000000,0.213239,1.000000,974.4,0.001000
199500,0.727076,0.972816,0.794715,0.964365,974.9,0.001000
199600,0.213196,1.000000,0.231165,1.000000,975.4,0.001000
199700,0.212697,1.000000,0.227180,1.000000,975.9,0.001000
199800,0.511463,0.994207,0.556166,0.989755,976.4,0.001000
199900,0.224504,1.000000,0.244770,1.000000,976.9,0.001000
