step,train_loss,train_acc,test_loss,test_acc,elapsed_sec,lr
0,4.908651,0.015597,4.938712,0.013363,0.0,0.000020
100,3.893687,0.103387,4.749085,0.006682,0.5,0.001000
200,1.788249,0.700980,3.882555,0.215590,1.0,0.001000
300,0.511644,0.987522,2.572284,0.490869,1.5,0.001000
400,0.268546,1.000000,2.095888,0.519822,2.0,0.001000
500,0.274427,1.000000,1.516448,0.612027,2.4,0.001000
600,0.225908,1.000000,1.098300,0.756347,2.9,0.001000
700,1.073389,0.878342,1.437014,0.761247,3.4,0.001000
800,0.518627,0.998663,0.669292,0.985746,3.9,0.001000
900,0.235851,1.000000,0.282886,1.000000,4.4,0.001000
1000,0.352461,0.999554,0.400749,0.999109,4.9,0.001000
1100,0.198999,1.000000,0.220361,1.000000,5.3,0.001000
1200,0.234882,1.000000,0.260726,0.999555,5.8,0.001000
1300,0.332925,0.999554,0.382033,0.998218,6.3,0.001000
1400,0.208196,1.000000,0.224258,1.000000,6.7,0.001000
1500,0.210618,1.000000,0.225047,1.000000,7.2,0.001000
1600,0.295610,1.000000,0.322767,1.000000,7.7,0.001000
1700,0.354911,0.999109,0.382153,1.000000,8.1,0.001000
1800,0.435514,0.984403,0.462437,0.985746,8.7,0.001000
1900,0.502977,0.981729,0.547049,0.983964,9.1,0.001000
2000,0.227704,1.000000,0.246242,1.000000,9.6,0.001000
2100,0.291776,1.000000,0.322688,1.000000,10.1,0.001000
2200,0.321699,1.000000,0.356658,1.000000,10.6,0.001000
2300,0.221719,1.000000,0.235583,1.000000,11.1,0.001000
2400,0.233880,1.000000,0.251836,1.000000,11.6,0.001000
2500,0.363216,1.000000,0.397228,1.000000,12.0,0.001000
2600,1.387674,0.718360,1.446961,0.712695,12.5,0.001000
2700,0.300308,1.000000,0.325091,1.000000,13.0,0.001000
2800,0.308037,1.000000,0.333822,0.999109,13.5,0.001000
2900,0.423819,0.995989,0.470481,0.991537,13.9,0.001000
3000,0.332193,1.000000,0.367020,1.000000,14.4,0.001000
3100,0.419261,0.995544,0.456676,0.995546,14.9,0.001000
3200,0.890450,0.896613,0.964627,0.873497,15.4,0.001000
3300,0.221837,1.000000,0.239467,1.000000,15.9,0.001000
3400,0.210012,1.000000,0.225832,1.000000,16.4,0.001000
3500,0.279226,1.000000,0.307417,1.000000,16.9,0.001000
3600,0.920916,0.889929,0.941558,0.887751,17.4,0.001000
3700,0.266736,1.000000,0.295440,1.000000,17.9,0.001000
3800,0.687579,0.972371,0.710892,0.969710,18.5,0.001000
3900,0.252362,1.000000,0.271354,1.000000,18.9,0.001000
4000,0.981422,0.891266,1.054219,0.873497,19.4,0.001000
4100,0.233427,1.000000,0.253670,1.000000,19.9,0.001000
4200,0.320248,1.000000,0.347079,1.000000,20.4,0.001000
4300,1.934910,0.520499,1.996200,0.502450,20.9,0.001000
4400,0.233768,1.000000,0.252989,1.000000,21.4,0.001000
4500,0.247829,1.000000,0.269566,1.000000,21.8,0.001000
4600,0.648527,0.975490,0.694601,0.975947,22.3,0.001000
4700,0.229118,1.000000,0.247930,1.000000,22.8,0.001000
4800,0.220510,1.000000,0.236102,1.000000,23.2,0.001000
4900,0.458454,0.998663,0.507229,0.995991,23.7,0.001000
5000,0.215251,1.000000,0.230827,1.000000,24.2,0.001000
5100,0.257546,1.000000,0.282025,1.000000,24.7,0.001000
5200,0.225230,1.000000,0.241706,1.000000,25.1,0.001000
5300,0.289273,0.999554,0.319833,0.999109,25.6,0.001000
5400,0.614183,0.987968,0.682393,0.972383,26.1,0.001000
5500,0.864790,0.930481,0.908121,0.926949,26.6,0.001000
5600,0.216674,1.000000,0.233195,1.000000,27.1,0.001000
5700,0.350579,0.999554,0.379661,0.999555,27.6,0.001000
5800,0.364824,0.998663,0.395304,0.997327,28.1,0.001000
5900,0.200190,1.000000,0.213323,1.000000,28.5,0.001000
6000,0.244051,1.000000,0.266432,1.000000,29.1,0.001000
6100,0.548568,0.995544,0.585792,0.992873,29.6,0.001000
6200,0.215414,1.000000,0.230100,1.000000,30.1,0.001000
6300,0.210530,1.000000,0.226097,1.000000,30.6,0.001000
6400,0.439033,0.995989,0.481256,0.992873,31.1,0.001000
6500,0.579371,0.979055,0.640435,0.969265,31.6,0.001000
6600,0.643842,0.948752,0.696452,0.943430,32.1,0.001000
6700,0.229892,1.000000,0.252598,1.000000,32.6,0.001000
6800,0.533812,0.997772,0.579222,0.992873,33.1,0.001000
6900,0.205561,1.000000,0.220076,1.000000,33.5,0.001000
7000,0.237481,1.000000,0.261791,1.000000,34.0,0.001000
7100,0.249288,1.000000,0.274366,1.000000,34.5,0.001000
7200,0.449299,0.999554,0.488480,0.998218,35.0,0.001000
7300,0.219423,1.000000,0.235780,1.000000,35.6,0.001000
7400,0.677763,0.981283,0.732723,0.974610,36.0,0.001000
7500,0.236460,1.000000,0.254798,1.000000,36.6,0.001000
7600,0.310870,1.000000,0.339495,1.000000,37.1,0.001000
7700,0.422122,0.999109,0.462907,0.996882,37.6,0.001000
7800,0.211284,1.000000,0.224862,1.000000,38.0,0.001000
7900,0.301435,1.000000,0.328893,1.000000,38.5,0.001000
8000,0.221143,1.000000,0.237144,1.000000,39.0,0.001000
8100,0.388279,1.000000,0.416113,1.000000,39.5,0.001000
8200,0.224420,1.000000,0.238592,1.000000,40.0,0.001000
8300,0.349378,1.000000,0.386199,1.000000,40.5,0.001000
8400,1.080856,0.861408,1.138561,0.845434,40.9,0.001000
8500,0.219007,1.000000,0.233434,1.000000,41.4,0.001000
8600,0.341638,1.000000,0.371967,1.000000,41.9,0.001000
8700,0.494348,0.995544,0.530945,0.992428,42.4,0.001000
8800,0.328962,1.000000,0.357671,1.000000,42.8,0.001000
8900,0.646227,0.978164,0.706089,0.971047,43.3,0.001000
9000,0.233903,1.000000,0.252485,1.000000,43.8,0.001000
9100,0.384717,1.000000,0.415327,1.000000,44.3,0.001000
9200,0.193782,1.000000,0.209727,1.000000,44.8,0.001000
9300,0.219182,1.000000,0.234620,1.000000,45.3,0.001000
9400,0.373889,1.000000,0.410038,1.000000,45.8,0.001000
9500,0.209765,1.000000,0.225603,1.000000,46.2,0.001000
9600,0.291655,1.000000,0.326360,1.000000,46.7,0.001000
9700,0.225368,1.000000,0.241771,1.000000,47.2,0.001000
9800,0.231286,1.000000,0.250975,1.000000,47.7,0.001000
9900,0.457276,0.989750,0.504149,0.979955,48.2,0.001000
10000,0.247154,1.000000,0.269947,1.000000,48.7,0.001000
10100,0.330370,0.999554,0.358873,0.998664,49.3,0.001000
10200,0.212089,1.000000,0.227003,1.000000,49.8,0.001000
10300,0.232738,1.000000,0.252709,1.000000,50.3,0.001000
10400,0.373839,1.000000,0.413392,0.998664,50.8,0.001000
10500,0.223311,1.000000,0.241392,1.000000,51.4,0.001000
10600,0.312285,1.000000,0.348096,1.000000,51.9,0.001000
10700,0.807647,0.929590,0.874859,0.905568,52.4,0.001000
10800,0.231601,1.000000,0.254131,1.000000,52.9,0.001000
10900,0.242274,1.000000,0.262690,1.000000,53.3,0.001000
11000,0.300403,1.000000,0.331157,1.000000,53.9,0.001000
11100,0.226645,1.000000,0.247815,1.000000,54.4,0.001000
11200,0.291662,1.000000,0.323181,1.000000,54.8,0.001000
11300,0.353683,1.000000,0.390499,1.000000,55.3,0.001000
11400,0.320947,1.000000,0.343745,1.000000,55.9,0.001000
11500,0.195163,1.000000,0.209904,1.000000,56.3,0.001000
11600,0.516209,0.994207,0.565144,0.989310,56.8,0.001000
11700,0.224228,1.000000,0.242335,1.000000,57.4,0.001000
11800,0.226035,1.000000,0.245077,1.000000,57.8,0.001000
11900,0.793165,0.972371,0.849211,0.961693,58.3,0.001000
12000,0.207507,1.000000,0.223168,1.000000,58.8,0.001000
12100,0.221362,1.000000,0.241781,1.000000,59.3,0.001000
12200,0.382440,1.000000,0.422938,1.000000,59.8,0.001000
12300,0.306300,1.000000,0.327799,1.000000,60.3,0.001000
12400,0.233568,1.000000,0.256491,1.000000,60.8,0.001000
12500,0.552193,0.975490,0.579436,0.979065,61.3,0.001000
12600,0.226188,1.000000,0.246059,1.000000,61.8,0.001000
12700,0.221352,1.000000,0.239410,1.000000,62.3,0.001000
12800,0.223670,1.000000,0.240264,1.000000,62.8,0.001000
12900,0.476386,0.997326,0.524839,0.997327,63.3,0.001000
13000,0.219045,1.000000,0.235746,1.000000,63.8,0.001000
13100,0.277208,1.000000,0.301547,1.000000,64.3,0.001000
13200,0.968331,0.917558,1.021304,0.890869,64.8,0.001000
13300,0.211309,1.000000,0.229354,1.000000,65.2,0.001000
13400,0.310459,1.000000,0.333352,1.000000,65.7,0.001000
13500,0.198739,1.000000,0.211926,1.000000,66.2,0.001000
13600,0.270711,1.000000,0.292499,1.000000,66.7,0.001000
13700,0.244814,1.000000,0.265175,1.000000,67.2,0.001000
13800,0.235435,1.000000,0.257265,1.000000,67.7,0.001000
13900,0.278542,1.000000,0.302522,1.000000,68.2,0.001000
14000,0.349333,1.000000,0.382235,1.000000,68.7,0.001000
14100,0.304784,1.000000,0.333581,1.000000,69.2,0.001000
14200,1.213952,0.820410,1.264814,0.811581,69.7,0.001000
14300,0.209262,1.000000,0.224266,1.000000,70.2,0.001000
14400,0.277543,1.000000,0.302911,1.000000,70.7,0.001000
14500,0.600920,0.984403,0.664473,0.973719,71.2,0.001000
14600,0.254512,1.000000,0.279062,1.000000,71.7,0.001000
14700,0.400864,0.999109,0.438050,0.999555,72.2,0.001000
14800,0.314311,1.000000,0.335726,1.000000,72.7,0.001000
14900,0.228561,1.000000,0.249307,1.000000,73.2,0.001000
15000,0.408342,0.998663,0.442759,0.996882,73.7,0.001000
15100,0.205926,1.000000,0.220786,1.000000,74.2,0.001000
15200,0.340318,1.000000,0.377521,1.000000,74.7,0.001000
15300,0.348829,0.998663,0.380887,0.995100,75.2,0.001000
15400,1.196562,0.780749,1.242974,0.774610,75.7,0.001000
15500,0.225284,1.000000,0.244195,1.000000,76.1,0.001000
15600,0.458419,0.999554,0.499376,0.997773,76.6,0.001000
15700,0.209156,1.000000,0.223549,1.000000,77.1,0.001000
15800,0.271077,1.000000,0.298652,1.000000,77.6,0.001000
15900,0.555435,0.988414,0.590465,0.987973,78.1,0.001000
16000,0.243034,1.000000,0.263668,1.000000,78.6,0.001000
16100,1.491927,0.739750,1.513561,0.739866,79.1,0.001000
16200,0.231059,1.000000,0.252031,1.000000,79.6,0.001000
16300,0.501032,0.995989,0.553709,0.992428,80.1,0.001000
16400,0.204518,1.000000,0.219780,1.000000,80.6,0.001000
16500,0.284366,1.000000,0.315229,1.000000,81.1,0.001000
16600,0.359449,1.000000,0.389413,0.998664,81.6,0.001000
16700,0.344452,1.000000,0.382820,0.997327,82.1,0.001000
16800,0.215162,1.000000,0.230425,1.000000,82.6,0.001000
16900,1.618405,0.563280,1.703046,0.511359,83.1,0.001000
17000,0.216830,1.000000,0.235131,1.000000,83.6,0.001000
17100,0.319425,1.000000,0.354941,1.000000,84.1,0.001000
17200,0.208058,1.000000,0.224424,1.000000,84.6,0.001000
17300,0.251103,1.000000,0.280170,1.000000,85.1,0.001000
17400,0.453729,0.998217,0.493052,0.996437,85.6,0.001000
17500,0.210414,1.000000,0.225851,1.000000,86.1,0.001000
17600,0.287895,1.000000,0.318668,1.000000,86.6,0.001000
17700,0.780738,0.918895,0.836305,0.906013,87.0,0.001000
17800,0.225233,1.000000,0.244770,1.000000,87.5,0.001000
17900,0.321492,1.000000,0.356074,1.000000,88.0,0.001000
18000,0.201547,1.000000,0.215678,1.000000,88.5,0.001000
18100,0.230808,1.000000,0.251024,1.000000,89.0,0.001000
18200,0.188325,1.000000,0.202736,1.000000,89.5,0.001000
18300,0.447334,0.999109,0.484004,0.997327,90.0,0.001000
18400,0.219650,1.000000,0.236853,1.000000,90.4,0.001000
18500,0.357037,0.999109,0.390396,0.998664,90.9,0.001000
18600,0.210478,1.000000,0.224734,1.000000,91.4,0.001000
18700,0.234236,1.000000,0.257831,1.000000,91.9,0.001000
18800,0.314938,1.000000,0.342745,1.000000,92.3,0.001000
18900,0.548320,0.989305,0.577593,0.991537,92.8,0.001000
19000,0.207175,1.000000,0.223750,1.000000,93.3,0.001000
19100,0.637256,0.967469,0.702766,0.962584,93.8,0.001000
19200,0.221128,1.000000,0.238734,1.000000,94.3,0.001000
19300,0.277564,1.000000,0.301785,1.000000,94.8,0.001000
19400,0.210738,1.000000,0.227746,1.000000,95.2,0.001000
19500,0.372906,0.999554,0.407963,0.999109,95.7,0.001000
19600,0.774031,0.944741,0.826060,0.930067,96.2,0.001000
19700,0.239465,1.000000,0.260813,1.000000,96.7,0.001000
19800,0.534977,0.985740,0.571942,0.980401,97.2,0.001000
19900,0.214305,1.000000,0.231449,1.000000,97.7,0.001000
20000,0.207752,1.000000,0.224453,1.000000,98.2,0.001000
20100,0.722433,0.975490,0.774343,0.967483,98.7,0.001000
20200,0.248457,1.000000,0.269779,1.000000,99.2,0.001000
20300,0.807168,0.938948,0.851782,0.938530,99.7,0.001000
20400,0.220030,1.000000,0.236154,1.000000,100.1,0.001000
20500,0.209361,1.000000,0.227959,1.000000,100.6,0.001000
20600,0.455797,0.995989,0.489571,0.995546,101.1,0.001000
20700,0.225041,1.000000,0.245539,1.000000,101.6,0.001000
20800,0.289818,1.000000,0.316368,1.000000,102.1,0.001000
20900,0.454706,0.997326,0.480204,0.995100,102.6,0.001000
21000,0.205008,1.000000,0.220279,1.000000,103.0,0.001000
21100,0.220107,1.000000,0.239428,1.000000,103.6,0.001000
21200,0.376046,1.000000,0.415799,0.999109,104.1,0.001000
21300,0.205557,1.000000,0.220432,1.000000,104.6,0.001000
21400,0.281367,1.000000,0.307799,1.000000,105.1,0.001000
21500,0.637465,0.970588,0.679568,0.965702,105.6,0.001000
21600,0.214900,1.000000,0.231631,1.000000,106.1,0.001000
21700,0.288561,1.000000,0.324299,0.999109,106.6,0.001000
21800,0.195744,1.000000,0.208404,1.000000,107.1,0.001000
21900,0.325030,1.000000,0.365992,1.000000,107.6,0.001000
22000,0.215035,1.000000,0.229951,1.000000,108.1,0.001000
22100,0.258835,1.000000,0.285232,1.000000,108.5,0.001000
22200,1.187180,0.832888,1.246239,0.811581,109.0,0.001000
22300,0.226228,1.000000,0.246282,1.000000,109.4,0.001000
22400,0.631400,0.971925,0.685588,0.963920,109.9,0.001000
22500,0.390389,0.998663,0.414559,0.999109,110.4,0.001000
22600,0.190593,1.000000,0.203680,1.000000,110.9,0.001000
22700,0.369876,0.999554,0.408401,0.998218,111.3,0.001000
22800,0.219578,1.000000,0.236398,1.000000,111.8,0.001000
22900,0.294668,1.000000,0.323866,1.000000,112.3,0.001000
23000,0.215689,1.000000,0.229340,1.000000,112.8,0.001000
23100,0.213220,1.000000,0.230302,1.000000,113.2,0.001000
23200,0.275452,0.999554,0.302674,0.999555,113.7,0.001000
23300,0.456678,0.991087,0.493674,0.991537,114.2,0.001000
23400,0.210912,1.000000,0.227874,1.000000,114.7,0.001000
23500,0.503098,0.995989,0.545216,0.987528,115.3,0.001000
23600,0.214802,1.000000,0.233047,1.000000,115.8,0.001000
23700,0.269571,1.000000,0.297027,1.000000,116.3,0.001000
23800,0.215219,1.000000,0.231209,1.000000,116.9,0.001000
23900,0.241624,1.000000,0.263100,1.000000,117.3,0.001000
24000,0.452108,0.990196,0.492168,0.990200,117.8,0.001000
24100,0.491070,0.989305,0.551973,0.979065,118.3,0.001000
24200,0.213953,1.000000,0.231662,1.000000,118.8,0.001000
24300,0.255701,1.000000,0.280057,1.000000,119.4,0.001000
24400,0.222981,1.000000,0.239854,1.000000,119.8,0.001000
24500,0.216948,1.000000,0.238163,1.000000,120.3,0.001000
24600,1.372003,0.716578,1.453094,0.694878,120.8,0.001000
24700,0.215278,1.000000,0.232907,1.000000,121.3,0.001000
24800,0.281068,1.000000,0.312461,1.000000,121.8,0.001000
24900,0.220078,1.000000,0.235601,1.000000,122.3,0.001000
25000,0.408211,0.999554,0.453216,0.998664,122.8,0.001000
25100,0.225676,1.000000,0.241631,1.000000,123.3,0.001000
25200,0.269584,1.000000,0.293721,1.000000,123.8,0.001000
25300,0.326460,1.000000,0.346884,1.000000,124.3,0.001000
25400,0.222646,1.000000,0.242516,1.000000,124.8,0.001000
25500,0.257550,1.000000,0.282446,0.999555,125.3,0.001000
25600,0.243950,1.000000,0.258459,1.000000,125.8,0.001000
25700,0.218331,1.000000,0.236143,1.000000,126.3,0.001000
25800,0.452227,0.988859,0.496649,0.981292,126.7,0.001000
25900,0.223354,1.000000,0.242128,1.000000,127.2,0.001000
26000,0.198112,1.000000,0.213660,1.000000,127.7,0.001000
26100,0.552800,0.995544,0.599665,0.987973,128.2,0.001000
26200,0.220645,1.000000,0.241879,1.000000,128.7,0.001000
26300,0.504038,0.982620,0.538619,0.979955,129.2,0.001000
26400,0.222801,1.000000,0.240693,1.000000,129.7,0.001000
26500,0.485831,0.999109,0.534831,0.998218,130.1,0.001000
26600,0.218235,1.000000,0.234855,1.000000,130.7,0.001000
26700,0.491931,0.991087,0.541907,0.992428,131.1,0.001000
26800,0.235480,1.000000,0.253688,1.000000,131.6,0.001000
26900,0.228689,1.000000,0.248994,1.000000,132.2,0.001000
27000,0.375321,0.999554,0.413412,1.000000,132.6,0.001000
27100,0.199042,1.000000,0.215965,1.000000,133.2,0.001000
27200,0.211261,1.000000,0.228918,1.000000,133.6,0.001000
27300,0.564959,0.984403,0.605745,0.977283,134.1,0.001000
27400,0.220408,1.000000,0.240195,1.000000,134.6,0.001000
27500,0.418329,0.998217,0.461662,0.995991,135.1,0.001000
27600,0.207625,1.000000,0.223266,1.000000,135.6,0.001000
27700,0.212083,1.000000,0.233068,1.000000,136.1,0.001000
27800,0.373141,1.000000,0.403189,1.000000,136.6,0.001000
27900,0.207624,1.000000,0.220763,1.000000,137.1,0.001000
28000,0.261142,1.000000,0.280651,1.000000,137.6,0.001000
28100,0.301174,1.000000,0.326207,1.000000,138.0,0.001000
28200,0.334867,1.000000,0.354786,1.000000,138.5,0.001000
28300,0.197390,1.000000,0.211004,1.000000,139.0,0.001000
28400,0.237054,1.000000,0.262746,1.000000,139.5,0.001000
28500,0.207387,1.000000,0.223347,1.000000,139.9,0.001000
28600,0.350287,0.999554,0.384519,0.998218,140.4,0.001000
28700,0.204139,1.000000,0.218599,1.000000,140.9,0.001000
28800,0.210157,1.000000,0.225435,1.000000,141.4,0.001000
28900,0.357036,1.000000,0.388070,0.999555,141.9,0.001000
29000,0.215235,1.000000,0.229019,1.000000,142.4,0.001000
29100,0.350325,1.000000,0.386520,0.996882,142.9,0.001000
29200,0.202615,1.000000,0.216357,1.000000,143.3,0.001000
29300,0.246291,1.000000,0.264637,1.000000,143.8,0.001000
29400,0.412183,1.000000,0.445772,1.000000,144.3,0.001000
29500,0.313230,1.000000,0.331164,1.000000,144.8,0.001000
29600,0.243302,1.000000,0.264557,1.000000,145.3,0.001000
29700,0.361710,1.000000,0.402145,0.998664,145.8,0.001000
29800,0.215783,1.000000,0.229694,1.000000,146.3,0.001000
29900,0.231001,1.000000,0.250760,1.000000,146.7,0.001000
30000,0.294442,1.000000,0.323102,1.000000,147.2,0.001000
30100,0.203354,1.000000,0.217628,1.000000,147.7,0.001000
30200,0.253868,1.000000,0.274631,1.000000,148.2,0.001000
30300,0.405431,1.000000,0.425885,0.999555,148.6,0.001000
30400,0.208085,1.000000,0.227718,1.000000,149.1,0.001000
30500,0.363820,1.000000,0.404975,1.000000,149.6,0.001000
30600,0.203366,1.000000,0.217520,1.000000,150.1,0.001000
30700,0.339156,1.000000,0.375470,1.000000,150.6,0.001000
30800,0.234644,1.000000,0.250541,1.000000,151.1,0.001000
30900,0.211854,1.000000,0.230618,1.000000,151.6,0.001000
31000,0.223022,1.000000,0.242068,1.000000,152.1,0.001000
31100,0.285072,1.000000,0.317178,0.999555,152.6,0.001000
31200,0.739382,0.935829,0.763876,0.934076,153.1,0.001000
31300,0.240288,1.000000,0.263584,1.000000,153.6,0.001000
31400,0.256996,1.000000,0.279193,1.000000,154.1,0.001000
31500,0.658269,0.992870,0.716608,0.982183,154.5,0.001000
31600,0.236371,1.000000,0.257654,1.000000,155.0,0.001000
31700,0.235778,1.000000,0.257210,1.000000,155.5,0.001000
31800,0.468051,0.994652,0.509887,0.991091,156.0,0.001000
31900,0.206548,1.000000,0.222562,1.000000,156.4,0.001000
32000,0.218399,1.000000,0.237963,1.000000,157.0,0.001000
32100,0.247374,1.000000,0.271696,1.000000,157.4,0.001000
32200,0.244748,1.000000,0.269193,1.000000,157.9,0.001000
32300,0.189350,1.000000,0.203004,1.000000,158.4,0.001000
32400,0.330149,1.000000,0.358234,0.999555,158.9,0.001000
32500,0.215075,1.000000,0.231537,1.000000,159.4,0.001000
32600,0.251697,1.000000,0.275408,1.000000,159.9,0.001000
32700,0.303971,1.000000,0.335467,1.000000,160.4,0.001000
32800,1.208071,0.767825,1.281124,0.736748,160.9,0.001000
32900,0.207551,1.000000,0.222159,1.000000,161.4,0.001000
33000,0.601944,0.988859,0.666297,0.977283,161.8,0.001000
33100,0.219339,1.000000,0.237434,1.000000,162.3,0.001000
33200,0.448218,0.998663,0.484107,0.996882,162.8,0.001000
33300,0.223317,1.000000,0.239554,1.000000,163.3,0.001000
33400,0.217266,1.000000,0.232986,1.000000,163.8,0.001000
33500,0.227937,1.000000,0.247548,1.000000,164.3,0.001000
33600,0.436053,0.999109,0.471828,0.998218,164.8,0.001000
33700,0.198239,1.000000,0.212008,1.000000,165.3,0.001000
33800,0.428506,0.995989,0.482804,0.989755,165.7,0.001000
33900,0.213993,1.000000,0.228126,1.000000,166.2,0.001000
34000,0.205270,1.000000,0.222614,1.000000,166.7,0.001000
34100,0.274310,1.000000,0.304336,1.000000,167.1,0.001000
34200,0.539527,0.985294,0.573192,0.980846,167.6,0.001000
34300,0.213984,1.000000,0.229034,1.000000,168.1,0.001000
34400,0.397428,0.996881,0.429005,0.996882,168.6,0.001000
34500,0.215195,1.000000,0.230027,1.000000,169.1,0.001000
34600,0.231530,1.000000,0.251608,1.000000,169.6,0.001000
34700,0.215870,1.000000,0.234319,1.000000,170.1,0.001000
34800,0.516954,0.991979,0.573396,0.981737,170.5,0.001000
34900,0.422435,0.998217,0.467256,0.998218,171.0,0.001000
35000,0.217489,1.000000,0.236820,1.000000,171.5,0.001000
35100,0.240451,1.000000,0.262198,1.000000,172.0,0.001000
35200,0.569055,0.990642,0.619476,0.982183,172.5,0.001000
35300,0.211220,1.000000,0.224894,1.000000,173.0,0.001000
35400,0.213704,1.000000,0.230800,1.000000,173.5,0.001000
35500,0.230408,1.000000,0.251052,1.000000,174.0,0.001000
35600,0.447824,0.995098,0.486932,0.989755,174.5,0.001000
35700,0.226099,1.000000,0.246390,1.000000,175.0,0.001000
35800,0.382119,0.999554,0.416407,0.997327,175.5,0.001000
35900,0.199324,1.000000,0.215228,1.000000,176.0,0.001000
36000,0.359298,0.997772,0.399484,0.996437,176.5,0.001000
36100,0.210465,1.000000,0.227254,1.000000,176.9,0.001000
36200,0.226029,1.000000,0.245320,1.000000,177.4,0.001000
36300,0.298681,1.000000,0.326476,1.000000,177.9,0.001000
36400,0.217286,1.000000,0.234711,1.000000,178.4,0.001000
36500,0.314968,0.999554,0.344110,0.999555,178.9,0.001000
36600,0.207233,1.000000,0.221749,1.000000,179.4,0.001000
36700,0.278020,1.000000,0.305814,1.000000,179.8,0.001000
36800,3.285702,0.216578,3.332552,0.227171,180.3,0.001000
36900,0.266473,1.000000,0.291963,1.000000,180.8,0.001000
37000,0.272747,1.000000,0.298995,1.000000,181.4,0.001000
37100,0.253231,1.000000,0.279160,1.000000,181.8,0.001000
37200,0.434526,0.995989,0.469405,0.991982,182.4,0.001000
37300,0.202012,1.000000,0.216142,1.000000,182.9,0.001000
37400,0.245074,1.000000,0.265982,1.000000,183.4,0.001000
37500,0.228618,1.000000,0.246867,1.000000,183.9,0.001000
37600,0.456513,0.987522,0.496379,0.980401,184.5,0.001000
37700,0.203928,1.000000,0.220876,1.000000,185.0,0.001000
37800,0.221347,1.000000,0.239049,1.000000,185.5,0.001000
37900,0.680878,0.947861,0.753434,0.932294,186.0,0.001000
38000,0.217617,1.000000,0.236505,1.000000,186.5,0.001000
38100,0.268088,1.000000,0.294321,1.000000,186.9,0.001000
38200,0.439946,1.000000,0.480646,1.000000,187.4,0.001000
38300,0.716665,0.934492,0.770745,0.924276,187.9,0.001000
38400,0.236340,1.000000,0.259763,1.000000,188.4,0.001000
38500,0.249121,1.000000,0.275593,1.000000,188.8,0.001000
38600,0.210493,1.000000,0.228599,1.000000,189.3,0.001000
38700,0.230231,1.000000,0.251092,1.000000,189.8,0.001000
38800,0.233018,1.000000,0.252285,0.999555,190.3,0.001000
38900,0.205481,1.000000,0.222342,1.000000,190.8,0.001000
39000,0.400734,0.999109,0.444444,0.998664,191.3,0.001000
39100,0.211683,1.000000,0.228988,1.000000,191.7,0.001000
39200,0.217517,1.000000,0.238052,1.000000,192.2,0.001000
39300,0.542288,0.983066,0.597764,0.976392,192.7,0.001000
39400,0.219259,1.000000,0.240434,1.000000,193.2,0.001000
39500,0.229349,1.000000,0.251705,1.000000,193.7,0.001000
39600,0.212480,1.000000,0.227533,1.000000,194.2,0.001000
39700,0.199277,1.000000,0.215458,1.000000,194.7,0.001000
39800,0.232689,1.000000,0.258478,1.000000,195.2,0.001000
39900,0.929869,0.866756,0.988982,0.851225,195.7,0.001000
40000,0.483029,0.991533,0.524081,0.987082,196.2,0.001000
40100,0.205756,1.000000,0.224804,1.000000,196.7,0.001000
40200,0.234576,1.000000,0.256237,1.000000,197.2,0.001000
40300,0.362360,0.999109,0.400632,0.998664,197.7,0.001000
40400,0.387000,1.000000,0.423615,0.999555,198.1,0.001000
40500,0.228090,1.000000,0.247290,1.000000,198.6,0.001000
40600,0.241803,1.000000,0.265015,1.000000,199.1,0.001000
40700,0.210714,1.000000,0.229887,1.000000,199.6,0.001000
40800,0.406211,1.000000,0.441805,0.999555,200.1,0.001000
40900,0.230950,1.000000,0.251579,1.000000,200.5,0.001000
41000,0.443875,0.994652,0.493061,0.992873,201.0,0.001000
41100,0.214782,1.000000,0.231641,1.000000,201.5,0.001000
41200,0.309944,1.000000,0.346829,1.000000,202.0,0.001000
41300,0.903825,0.918004,0.963596,0.908686,202.5,0.001000
41400,0.215051,1.000000,0.230641,1.000000,203.0,0.001000
41500,0.329923,0.999109,0.360617,0.996437,203.4,0.001000
41600,0.776369,0.922460,0.831709,0.904232,203.9,0.001000
41700,0.225106,1.000000,0.242921,1.000000,204.4,0.001000
41800,0.413021,0.998663,0.448620,0.999555,204.9,0.001000
41900,0.209146,1.000000,0.224726,1.000000,205.4,0.001000
42000,0.243528,1.000000,0.268401,1.000000,205.8,0.001000
42100,0.545766,0.981729,0.593608,0.982183,206.3,0.001000
42200,0.205761,1.000000,0.222682,1.000000,206.9,0.001000
42300,0.317776,1.000000,0.348894,1.000000,207.4,0.001000
42400,0.202712,1.000000,0.218399,1.000000,207.9,0.001000
42500,0.281835,1.000000,0.308431,1.000000,208.4,0.001000
42600,0.200767,1.000000,0.216483,1.000000,208.9,0.001000
42700,0.192365,1.000000,0.206495,1.000000,209.4,0.001000
42800,0.477569,0.998217,0.534058,0.994209,209.9,0.001000
42900,0.206803,1.000000,0.223664,1.000000,210.4,0.001000
43000,0.327902,1.000000,0.359528,0.999109,210.9,0.001000
43100,1.602517,0.666667,1.668278,0.648107,211.4,0.001000
43200,0.231896,1.000000,0.253434,1.000000,211.9,0.001000
43300,0.478359,0.992870,0.535930,0.984410,212.4,0.001000
43400,0.205533,1.000000,0.221410,1.000000,212.8,0.001000
43500,0.228693,1.000000,0.248124,1.000000,213.3,0.001000
43600,0.472487,0.998217,0.504535,0.996437,213.8,0.001000
43700,0.224264,1.000000,0.245736,1.000000,214.3,0.001000
43800,0.410601,0.999109,0.449490,0.997773,214.8,0.001000
43900,0.205861,1.000000,0.222790,1.000000,215.3,0.001000
44000,0.339128,0.998663,0.365929,1.000000,215.8,0.001000
44100,0.388284,0.997772,0.434663,0.997773,216.3,0.001000
44200,0.209160,1.000000,0.224495,1.000000,216.8,0.001000
44300,0.461606,0.997326,0.509556,0.993764,217.3,0.001000
44400,0.215568,1.000000,0.233337,1.000000,217.7,0.001000
44500,0.284335,1.000000,0.311372,1.000000,218.2,0.001000
44600,0.565934,0.970588,0.616395,0.964365,218.7,0.001000
44700,1.712353,0.630570,1.705022,0.629399,219.2,0.001000
44800,0.198488,1.000000,0.213453,1.000000,219.7,0.001000
44900,0.269312,1.000000,0.292384,1.000000,220.2,0.001000
45000,0.350478,0.999109,0.388885,0.998218,220.7,0.001000
45100,0.523078,0.980838,0.566002,0.977728,221.2,0.001000
45200,0.192029,1.000000,0.205108,1.000000,221.7,0.001000
45300,0.334530,1.000000,0.367935,0.999109,222.2,0.001000
45400,0.242195,1.000000,0.265118,1.000000,222.7,0.001000
45500,0.379131,0.999109,0.415833,0.998664,223.1,0.001000
45600,0.211373,1.000000,0.228414,1.000000,223.6,0.001000
45700,0.246308,1.000000,0.272200,1.000000,224.1,0.001000
45800,0.477518,0.983957,0.534391,0.975501,224.5,0.001000
45900,0.237093,1.000000,0.259199,1.000000,225.0,0.001000
46000,0.645991,0.956774,0.687797,0.952784,225.5,0.001000
46100,0.261559,1.000000,0.284340,1.000000,226.0,0.001000
46200,0.218808,1.000000,0.234331,1.000000,226.5,0.001000
46300,0.397061,1.000000,0.429280,0.999555,227.0,0.001000
46400,0.222967,1.000000,0.238459,1.000000,227.5,0.001000
46500,0.416275,1.000000,0.448801,1.000000,228.0,0.001000
46600,0.374464,0.999109,0.417417,0.998218,228.4,0.001000
46700,0.216342,1.000000,0.234029,1.000000,229.0,0.001000
46800,0.262991,1.000000,0.292686,1.000000,229.4,0.001000
46900,0.350757,1.000000,0.385614,1.000000,229.9,0.001000
47000,1.432450,0.716578,1.516937,0.687751,230.4,0.001000
47100,0.225041,1.000000,0.243318,1.000000,230.9,0.001000
47200,0.673771,0.966132,0.730151,0.954566,231.4,0.001000
47300,0.223663,1.000000,0.242852,1.000000,232.0,0.001000
47400,0.340444,0.999109,0.366427,0.998664,232.4,0.001000
47500,0.565616,0.958556,0.605966,0.948330,232.9,0.001000
47600,0.312212,1.000000,0.334243,1.000000,233.4,0.001000
47700,0.248815,1.000000,0.274761,1.000000,233.9,0.001000
47800,0.403814,1.000000,0.447704,0.999109,234.4,0.001000
47900,0.218756,1.000000,0.236976,1.000000,234.9,0.001000
48000,0.254853,1.000000,0.282017,1.000000,235.4,0.001000
48100,0.208230,1.000000,0.224696,1.000000,235.9,0.001000
48200,0.426983,0.995989,0.472650,0.994209,236.4,0.001000
48300,0.224605,1.000000,0.242189,1.000000,236.9,0.001000
48400,0.218886,1.000000,0.236775,1.000000,237.4,0.001000
48500,0.222293,1.000000,0.238617,1.000000,237.9,0.001000
48600,0.263493,1.000000,0.289392,1.000000,238.4,0.001000
48700,0.243474,1.000000,0.268720,1.000000,238.8,0.001000
48800,0.494815,0.995989,0.549958,0.993764,239.3,0.001000
48900,0.212316,1.000000,0.228389,1.000000,239.8,0.001000
49000,0.395240,0.998663,0.431891,0.997327,240.3,0.001000
49100,0.236823,1.000000,0.255347,1.000000,240.8,0.001000
49200,0.298032,1.000000,0.330146,1.000000,241.3,0.001000
49300,0.314979,1.000000,0.342243,0.999555,241.8,0.001000
49400,0.284080,1.000000,0.303424,1.000000,242.3,0.001000
49500,0.232200,1.000000,0.253282,1.000000,242.8,0.001000
49600,0.214674,1.000000,0.231099,1.000000,243.3,0.001000
49700,0.271337,1.000000,0.298182,1.000000,243.8,0.001000
49800,0.501926,0.994652,0.550025,0.994209,244.3,0.001000
49900,0.220209,1.000000,0.237421,1.000000,244.8,0.001000
50000,0.376216,1.000000,0.412862,1.000000,245.3,0.001000
50100,0.190927,1.000000,0.201991,1.000000,245.7,0.001000
50200,0.341972,0.999554,0.374010,0.999555,246.3,0.001000
50300,0.258578,1.000000,0.276733,1.000000,246.8,0.001000
50400,0.206532,1.000000,0.221345,1.000000,247.3,0.001000
50500,0.406149,1.000000,0.455521,0.995100,247.9,0.001000
50600,0.204649,1.000000,0.220109,1.000000,248.4,0.001000
50700,0.264770,1.000000,0.292518,1.000000,248.9,0.001000
50800,0.382275,0.997326,0.426915,0.991982,249.4,0.001000
50900,0.210439,1.000000,0.222870,1.000000,249.9,0.001000
51000,0.239024,1.000000,0.262058,0.999555,250.4,0.001000
51100,0.483643,0.993761,0.524046,0.991091,251.0,0.001000
51200,0.207394,1.000000,0.223313,1.000000,251.5,0.001000
51300,0.276825,1.000000,0.303898,1.000000,251.9,0.001000
51400,0.371402,1.000000,0.415047,0.999109,252.5,0.001000
51500,0.720404,0.950089,0.771915,0.936303,253.0,0.001000
51600,0.213379,1.000000,0.230249,1.000000,253.4,0.001000
51700,0.247126,1.000000,0.269219,1.000000,254.0,0.001000
51800,0.274706,1.000000,0.295175,1.000000,254.4,0.001000
51900,0.697327,0.950089,0.730479,0.945212,254.9,0.001000
52000,0.283511,1.000000,0.314910,1.000000,255.4,0.001000
52100,0.223590,1.000000,0.237879,1.000000,255.9,0.001000
52200,0.248698,1.000000,0.269517,1.000000,256.4,0.001000
52300,0.265849,1.000000,0.282790,1.000000,256.9,0.001000
52400,0.203120,1.000000,0.216587,1.000000,257.4,0.001000
52500,0.236135,1.000000,0.259625,1.000000,257.9,0.001000
52600,0.603040,0.977718,0.651272,0.970156,258.4,0.001000
52700,0.220561,1.000000,0.236493,1.000000,258.9,0.001000
52800,0.304231,1.000000,0.328165,1.000000,259.4,0.001000
52900,0.390142,1.000000,0.426977,0.999109,259.8,0.001000
53000,0.208484,1.000000,0.224382,1.000000,260.4,0.001000
53100,0.220348,1.000000,0.240285,1.000000,260.9,0.001000
53200,0.461281,0.998217,0.498568,0.996437,261.3,0.001000
53300,0.222857,1.000000,0.239535,1.000000,261.8,0.001000
53400,0.576954,0.992870,0.651396,0.980846,262.3,0.001000
53500,0.223719,1.000000,0.241207,1.000000,262.8,0.001000
53600,0.287060,1.000000,0.316071,1.000000,263.3,0.001000
53700,0.207904,1.000000,0.220984,1.000000,263.8,0.001000
53800,0.212770,1.000000,0.231219,1.000000,264.3,0.001000
53900,0.257310,1.000000,0.282401,1.000000,264.8,0.001000
54000,1.059499,0.815954,1.116939,0.800445,265.3,0.001000
54100,0.698069,0.924242,0.745694,0.915813,265.9,0.001000
54200,0.213498,1.000000,0.231126,1.000000,266.4,0.001000
54300,0.223497,1.000000,0.244549,1.000000,266.9,0.001000
54400,0.605823,0.969251,0.665945,0.957684,267.4,0.001000
54500,0.230515,1.000000,0.248457,1.000000,267.9,0.001000
54600,0.300236,0.999554,0.332716,0.999109,268.4,0.001000
54700,0.346824,1.000000,0.378367,1.000000,268.9,0.001000
54800,0.215753,1.000000,0.231093,1.000000,269.3,0.001000
54900,0.328251,1.000000,0.356109,1.000000,269.8,0.001000
55000,0.283418,1.000000,0.310807,0.999555,270.3,0.001000
55100,0.424259,0.992870,0.480653,0.980846,270.7,0.001000
55200,0.202527,1.000000,0.218430,1.000000,271.2,0.001000
55300,0.347192,1.000000,0.381294,1.000000,271.7,0.001000
55400,0.211939,1.000000,0.228907,1.000000,272.2,0.001000
55500,0.272496,1.000000,0.294384,1.000000,272.6,0.001000
55600,1.797628,0.590463,1.826169,0.585746,273.1,0.001000
55700,0.220040,1.000000,0.239793,1.000000,273.6,0.001000
55800,0.297875,1.000000,0.330435,0.999109,274.1,0.001000
55900,0.207575,1.000000,0.222175,1.000000,274.6,0.001000
56000,0.270582,1.000000,0.298267,1.000000,275.0,0.001000
56100,0.388342,1.000000,0.423780,0.999555,275.5,0.001000
56200,0.198047,1.000000,0.211588,1.000000,276.0,0.001000
56300,0.225810,1.000000,0.245557,1.000000,276.5,0.001000
56400,0.261403,1.000000,0.286084,0.999555,277.0,0.001000
56500,0.395835,0.989750,0.439524,0.979955,277.5,0.001000
56600,0.206767,1.000000,0.225243,1.000000,278.0,0.001000
56700,0.214317,1.000000,0.232507,1.000000,278.5,0.001000
56800,0.237586,1.000000,0.258319,1.000000,279.0,0.001000
56900,0.644815,0.978610,0.692414,0.967038,279.5,0.001000
57000,0.225440,1.000000,0.244081,1.000000,279.9,0.001000
57100,0.417304,0.993761,0.462106,0.990646,280.4,0.001000
57200,0.215097,1.000000,0.233802,1.000000,280.9,0.001000
57300,0.246239,1.000000,0.264739,1.000000,281.4,0.001000
57400,0.360998,0.997326,0.400831,0.994655,281.9,0.001000
57500,0.388660,1.000000,0.412421,1.000000,282.4,0.001000
57600,0.195902,1.000000,0.209627,1.000000,282.9,0.001000
57700,0.297892,1.000000,0.332458,1.000000,283.4,0.001000
57800,0.509282,0.977718,0.551812,0.976837,283.8,0.001000
57900,0.200605,1.000000,0.214483,1.000000,284.3,0.001000
58000,0.268971,1.000000,0.296666,1.000000,284.8,0.001000
58100,0.222235,1.000000,0.237393,1.000000,285.3,0.001000
58200,0.228908,1.000000,0.247414,1.000000,285.8,0.001000
58300,0.369756,1.000000,0.405079,0.999555,286.2,0.001000
58400,0.207882,1.000000,0.222614,1.000000,286.7,0.001000
58500,0.209415,1.000000,0.228196,1.000000,287.2,0.001000
58600,0.246352,1.000000,0.267853,1.000000,287.7,0.001000
58700,0.305045,0.999109,0.336668,0.999555,288.2,0.001000
58800,0.294021,1.000000,0.324155,1.000000,288.7,0.001000
58900,0.355733,0.999109,0.399007,0.998218,289.2,0.001000
59000,0.221037,1.000000,0.239100,1.000000,289.7,0.001000
59100,0.303690,1.000000,0.334412,1.000000,290.1,0.001000
59200,1.055054,0.875668,1.119207,0.848998,290.6,0.001000
59300,0.218363,1.000000,0.238659,1.000000,291.1,0.001000
59400,2.476971,0.477718,2.584132,0.452561,291.6,0.001000
59500,0.218483,1.000000,0.236755,1.000000,292.1,0.001000
59600,0.263865,1.000000,0.289001,1.000000,292.6,0.001000
59700,0.509376,0.971034,0.550466,0.969265,293.1,0.001000
59800,0.213325,1.000000,0.231691,1.000000,293.6,0.001000
59900,0.364572,1.000000,0.400970,0.999555,294.1,0.001000
60000,0.197555,1.000000,0.210019,1.000000,294.6,0.001000
60100,0.272146,1.000000,0.302072,0.999555,295.1,0.001000
60200,0.204354,1.000000,0.219542,1.000000,295.5,0.001000
60300,0.260973,1.000000,0.287406,1.000000,296.0,0.001000
60400,1.169216,0.810160,1.246094,0.786637,296.5,0.001000
60500,0.266034,1.000000,0.294949,1.000000,297.0,0.001000
60600,0.402706,0.999109,0.430870,0.998664,297.4,0.001000
60700,0.204096,1.000000,0.219098,1.000000,297.9,0.001000
60800,0.212235,1.000000,0.229342,1.000000,298.4,0.001000
60900,0.314184,1.000000,0.351738,0.998218,298.9,0.001000
61000,1.674830,0.625223,1.711298,0.619599,299.4,0.001000
61100,0.246966,1.000000,0.263967,1.000000,299.8,0.001000
61200,0.261202,1.000000,0.285568,1.000000,300.3,0.001000
61300,0.202825,1.000000,0.217279,1.000000,300.8,0.001000
61400,0.269252,1.000000,0.291092,1.000000,301.3,0.001000
61500,0.247825,1.000000,0.268793,1.000000,301.8,0.001000
61600,0.263261,1.000000,0.287102,0.999555,302.3,0.001000
61700,0.432646,0.998663,0.476104,0.995991,302.8,0.001000
61800,0.198901,1.000000,0.213294,1.000000,303.2,0.001000
61900,0.193930,1.000000,0.207769,1.000000,303.8,0.001000
62000,0.313215,1.000000,0.347123,0.999555,304.3,0.001000
62100,1.105556,0.851159,1.200025,0.824944,304.8,0.001000
62200,0.207580,1.000000,0.224992,1.000000,305.3,0.001000
62300,0.308519,1.000000,0.336571,1.000000,305.8,0.001000
62400,0.193528,1.000000,0.206471,1.000000,306.3,0.001000
62500,0.248524,1.000000,0.275601,1.000000,306.8,0.001000
62600,0.231196,1.000000,0.244860,1.000000,307.3,0.001000
62700,0.259215,1.000000,0.282254,1.000000,307.8,0.001000
62800,0.631934,0.953209,0.678447,0.937639,308.2,0.001000
62900,0.218933,1.000000,0.237660,1.000000,308.7,0.001000
63000,0.332947,1.000000,0.376919,1.000000,309.2,0.001000
63100,0.202631,1.000000,0.219711,1.000000,309.7,0.001000
63200,0.245335,1.000000,0.264095,1.000000,310.2,0.001000
63300,0.515182,0.995544,0.559765,0.990200,310.7,0.001000
63400,0.212256,1.000000,0.226954,1.000000,311.2,0.001000
63500,0.293061,1.000000,0.325055,1.000000,311.6,0.001000
63600,0.377667,0.999554,0.411021,0.998218,312.1,0.001000
63700,0.309406,1.000000,0.334264,1.000000,312.6,0.001000
63800,0.351600,0.999109,0.381308,0.999555,313.1,0.001000
63900,0.226972,1.000000,0.245289,1.000000,313.6,0.001000
64000,0.432668,0.999554,0.471099,0.999109,314.1,0.001000
64100,0.215679,1.000000,0.233846,1.000000,314.6,0.001000
64200,0.370247,1.000000,0.410960,0.999555,315.1,0.001000
64300,0.233097,1.000000,0.251757,1.000000,315.6,0.001000
64400,0.230837,1.000000,0.251528,1.000000,316.0,0.001000
64500,0.329083,1.000000,0.362292,0.998664,316.6,0.001000
64600,0.204328,1.000000,0.219851,1.000000,317.1,0.001000
64700,0.246910,1.000000,0.270433,1.000000,317.6,0.001000
64800,0.621890,0.977718,0.684679,0.963474,318.2,0.001000
64900,0.213833,1.000000,0.231689,1.000000,318.6,0.001000
65000,0.490639,0.995098,0.522398,0.987973,319.1,0.001000
65100,0.218025,1.000000,0.234901,1.000000,319.7,0.001000
65200,0.328611,1.000000,0.360910,0.999555,320.2,0.001000
65300,0.195047,1.000000,0.209753,1.000000,320.6,0.001000
65400,0.315188,1.000000,0.338431,1.000000,321.1,0.001000
65500,0.359618,1.000000,0.405831,1.000000,321.6,0.001000
65600,0.208406,1.000000,0.223740,1.000000,322.1,0.001000
65700,0.310174,1.000000,0.341736,1.000000,322.6,0.001000
65800,0.212570,1.000000,0.228511,1.000000,323.0,0.001000
65900,0.328648,1.000000,0.362557,1.000000,323.5,0.001000
66000,0.225004,1.000000,0.244370,1.000000,324.0,0.001000
66100,0.264363,1.000000,0.292624,1.000000,324.5,0.001000
66200,0.427465,0.992424,0.467546,0.985746,325.0,0.001000
66300,0.214134,1.000000,0.231162,1.000000,325.5,0.001000
66400,0.421614,0.999554,0.465350,0.998664,326.0,0.001000
66500,0.214341,1.000000,0.229628,1.000000,326.5,0.001000
66600,0.229977,1.000000,0.249174,1.000000,327.0,0.001000
66700,0.213128,1.000000,0.227912,1.000000,327.5,0.001000
66800,0.250449,1.000000,0.275377,1.000000,328.0,0.001000
66900,0.216245,1.000000,0.230078,1.000000,328.4,0.001000
67000,0.235856,1.000000,0.258535,1.000000,328.9,0.001000
67100,0.405235,1.000000,0.444105,0.999109,329.4,0.001000
67200,0.289023,1.000000,0.309852,1.000000,330.0,0.001000
67300,0.987467,0.944296,1.022277,0.934967,330.4,0.001000
67400,0.225821,1.000000,0.247007,1.000000,330.9,0.001000
67500,0.476713,0.999109,0.514158,0.995991,331.4,0.001000
67600,0.214517,1.000000,0.231612,1.000000,331.9,0.001000
67700,0.321370,1.000000,0.353860,1.000000,332.4,0.001000
67800,0.329687,0.996881,0.358397,0.998218,332.9,0.001000
67900,0.213300,1.000000,0.231847,1.000000,333.4,0.001000
68000,0.190148,1.000000,0.205491,1.000000,333.9,0.001000
68100,0.227845,1.000000,0.250031,1.000000,334.4,0.001000
68200,0.261900,1.000000,0.286486,1.000000,334.9,0.001000
68300,0.632198,0.979501,0.689059,0.969265,335.3,0.001000
68400,0.213711,1.000000,0.231326,1.000000,335.8,0.001000
68500,0.303191,1.000000,0.341504,1.000000,336.3,0.001000
68600,0.200012,1.000000,0.215285,1.000000,336.8,0.001000
68700,0.329780,1.000000,0.365238,1.000000,337.3,0.001000
68800,0.353690,1.000000,0.393107,0.999555,337.8,0.001000
68900,0.318939,0.999109,0.351928,0.999555,338.3,0.001000
69000,1.208573,0.757130,1.245120,0.740757,338.8,0.001000
69100,0.191401,1.000000,0.205948,1.000000,339.3,0.001000
69200,0.457287,0.994652,0.492925,0.991091,339.8,0.001000
69300,0.215865,1.000000,0.234612,1.000000,340.3,0.001000
69400,0.288628,1.000000,0.322395,1.000000,340.8,0.001000
69500,0.243010,1.000000,0.261059,1.000000,341.3,0.001000
69600,0.239537,1.000000,0.262312,1.000000,341.7,0.001000
69700,0.223855,1.000000,0.238473,1.000000,342.2,0.001000
69800,0.212711,1.000000,0.230343,1.000000,342.8,0.001000
69900,0.278731,1.000000,0.308906,1.000000,343.3,0.001000
70000,1.228863,0.850267,1.302385,0.825835,343.7,0.001000
70100,0.220585,1.000000,0.237267,1.000000,344.2,0.001000
70200,0.236200,1.000000,0.259320,1.000000,344.7,0.001000
70300,0.759882,0.953654,0.810674,0.931403,345.2,0.001000
70400,0.219284,1.000000,0.234820,1.000000,345.7,0.001000
70500,0.290810,1.000000,0.313256,1.000000,346.2,0.001000
70600,0.791770,0.923351,0.836959,0.918040,346.7,0.001000
70700,0.205964,1.000000,0.223045,1.000000,347.2,0.001000
70800,0.295249,1.000000,0.327008,1.000000,347.6,0.001000
70900,0.290679,1.000000,0.310121,1.000000,348.1,0.001000
71000,0.223916,1.000000,0.242209,1.000000,348.6,0.001000
71100,0.426640,0.995989,0.479785,0.991537,349.1,0.001000
71200,0.205300,1.000000,0.223782,1.000000,349.6,0.001000
71300,0.206955,1.000000,0.225468,1.000000,350.1,0.001000
71400,0.452059,0.996881,0.489638,0.993318,350.6,0.001000
71500,0.214133,1.000000,0.232145,1.000000,351.1,0.001000
71600,0.230949,1.000000,0.246176,1.000000,351.6,0.001000
71700,0.285412,1.000000,0.313583,1.000000,352.1,0.001000
71800,0.716486,0.966132,0.777669,0.946102,352.6,0.001000
71900,0.428774,1.000000,0.488575,0.994209,353.0,0.001000
72000,0.196994,1.000000,0.213610,1.000000,353.5,0.001000
72100,0.258060,1.000000,0.282357,1.000000,354.0,0.001000
72200,0.377300,0.999554,0.413741,0.999555,354.5,0.001000
72300,0.206279,1.000000,0.222263,1.000000,354.9,0.001000
72400,0.279612,1.000000,0.307408,1.000000,355.4,0.001000
72500,0.219295,1.000000,0.235626,1.000000,355.9,0.001000
72600,0.214022,1.000000,0.231089,1.000000,356.4,0.001000
72700,0.338522,1.000000,0.377858,1.000000,356.9,0.001000
72800,0.523470,0.960784,0.562512,0.958575,357.4,0.001000
72900,0.200932,1.000000,0.217892,1.000000,357.8,0.001000
73000,0.256628,1.000000,0.281839,1.000000,358.3,0.001000
73100,0.432137,0.998217,0.478795,0.996437,358.8,0.001000
73200,0.210577,1.000000,0.227416,1.000000,359.3,0.001000
73300,0.302199,1.000000,0.343971,1.000000,359.8,0.001000
73400,0.211636,1.000000,0.224943,1.000000,360.3,0.001000
73500,0.347255,0.999554,0.380542,0.999109,360.7,0.001000
73600,1.133448,0.848039,1.208903,0.831180,361.2,0.001000
73700,0.261503,1.000000,0.284157,1.000000,361.7,0.001000
73800,0.428778,0.997772,0.485671,0.995546,362.2,0.001000
73900,0.218394,1.000000,0.236463,1.000000,362.7,0.001000
74000,0.278349,1.000000,0.303745,1.000000,363.2,0.001000
74100,0.271093,1.000000,0.289767,1.000000,363.7,0.001000
74200,0.235204,1.000000,0.254489,1.000000,364.2,0.001000
74300,0.215721,1.000000,0.234593,1.000000,364.7,0.001000
74400,0.283554,1.000000,0.310352,1.000000,365.2,0.001000
74500,0.307337,1.000000,0.323080,1.000000,365.7,0.001000
74600,0.209082,1.000000,0.223332,1.000000,366.2,0.001000
74700,0.231583,1.000000,0.251160,1.000000,366.7,0.001000
74800,0.367522,1.000000,0.408553,0.999109,367.2,0.001000
74900,0.207677,1.000000,0.224938,1.000000,367.6,0.001000
75000,0.269122,1.000000,0.299011,1.000000,368.1,0.001000
75100,0.283506,1.000000,0.319853,0.999109,368.6,0.001000
75200,1.234543,0.779857,1.288978,0.759465,369.1,0.001000
75300,0.361905,1.000000,0.385193,1.000000,369.5,0.001000
75400,0.210370,1.000000,0.227202,1.000000,370.0,0.001000
75500,0.237747,1.000000,0.260227,1.000000,370.5,0.001000
75600,0.310582,1.000000,0.340298,1.000000,371.0,0.001000
75700,0.844877,0.952763,0.889004,0.942984,371.5,0.001000
75800,0.199542,1.000000,0.215765,1.000000,372.0,0.001000
75900,0.356437,1.000000,0.398821,1.000000,372.5,0.001000
76000,0.206131,1.000000,0.220841,1.000000,373.0,0.001000
76100,0.249632,1.000000,0.274923,1.000000,373.5,0.001000
76200,0.708339,0.944296,0.747927,0.942094,373.9,0.001000
76300,0.225470,1.000000,0.245064,1.000000,374.4,0.001000
76400,0.405549,1.000000,0.443212,0.997773,374.9,0.001000
76500,0.211304,1.000000,0.230592,1.000000,375.4,0.001000
76600,0.301308,1.000000,0.338400,1.000000,375.9,0.001000
76700,0.228354,1.000000,0.249071,1.000000,376.4,0.001000
76800,0.475344,0.981283,0.535338,0.967929,376.9,0.001000
76900,0.206717,1.000000,0.223836,1.000000,377.3,0.001000
77000,0.409465,1.000000,0.454742,1.000000,377.8,0.001000
77100,0.443457,0.997326,0.483457,0.994209,378.3,0.001000
77200,0.631451,0.988859,0.682035,0.970601,378.7,0.001000
77300,0.190189,1.000000,0.204464,1.000000,379.2,0.001000
77400,0.225568,1.000000,0.242194,1.000000,379.7,0.001000
77500,0.282491,1.000000,0.313076,1.000000,380.3,0.001000
77600,0.206526,1.000000,0.221037,1.000000,380.8,0.001000
77700,0.229024,1.000000,0.254188,1.000000,381.3,0.001000
77800,1.587448,0.670232,1.636589,0.645434,381.8,0.001000
77900,0.254075,1.000000,0.277987,1.000000,382.3,0.001000
78000,0.254116,1.000000,0.271966,1.000000,382.8,0.001000
78100,0.269392,1.000000,0.296548,1.000000,383.3,0.001000
78200,0.625716,0.973262,0.670853,0.970156,383.7,0.001000
78300,0.590502,0.974153,0.643234,0.963474,384.3,0.001000
78400,0.192308,1.000000,0.205971,1.000000,384.8,0.001000
78500,0.251466,1.000000,0.278232,1.000000,385.2,0.001000
78600,0.645109,0.931818,0.704053,0.908686,385.7,0.001000
78700,0.229569,1.000000,0.248604,1.000000,386.1,0.001000
78800,0.439849,1.000000,0.483912,0.997327,386.6,0.001000
78900,0.212788,1.000000,0.231250,1.000000,387.1,0.001000
79000,0.303043,1.000000,0.335131,1.000000,387.6,0.001000
79100,0.281997,1.000000,0.307864,0.999555,388.1,0.001000
79200,0.260645,1.000000,0.291906,1.000000,388.6,0.001000
79300,0.742234,0.953209,0.798624,0.948330,389.1,0.001000
79400,0.227463,1.000000,0.248329,1.000000,389.6,0.001000
79500,0.580579,0.984403,0.620519,0.973719,390.1,0.001000
79600,0.220463,1.000000,0.234700,1.000000,390.6,0.001000
79700,0.206343,1.000000,0.222761,1.000000,391.0,0.001000
79800,0.288119,1.000000,0.318740,1.000000,391.5,0.001000
79900,0.723080,0.942513,0.792447,0.926503,392.0,0.001000
80000,0.217209,1.000000,0.233710,1.000000,392.5,0.001000
80100,0.267383,1.000000,0.296847,1.000000,393.0,0.001000
80200,0.357428,0.999109,0.396555,0.996437,393.5,0.001000
80300,0.198923,1.000000,0.212800,1.000000,393.9,0.001000
80400,0.252059,1.000000,0.280111,1.000000,394.4,0.001000
80500,2.185460,0.565062,2.263637,0.553229,394.8,0.001000
80600,0.233914,1.000000,0.256744,1.000000,395.3,0.001000
80700,0.249254,1.000000,0.271011,1.000000,395.8,0.001000
80800,1.792794,0.583779,1.863261,0.549666,396.3,0.001000
80900,0.222397,1.000000,0.242145,1.000000,396.8,0.001000
81000,1.682828,0.582888,1.734985,0.567483,397.2,0.001000
81100,0.223364,1.000000,0.240774,1.000000,397.7,0.001000
81200,0.237810,1.000000,0.256533,1.000000,398.2,0.001000
81300,0.208883,1.000000,0.222959,1.000000,398.7,0.001000
81400,0.392267,0.997772,0.430758,0.996882,399.2,0.001000
81500,0.216697,1.000000,0.234435,1.000000,399.7,0.001000
81600,0.250291,1.000000,0.277360,1.000000,400.1,0.001000
81700,2.378235,0.498663,2.510657,0.457016,400.7,0.001000
81800,0.234179,1.000000,0.253426,1.000000,401.1,0.001000
81900,0.222018,1.000000,0.243797,1.000000,401.6,0.001000
82000,0.319441,0.999554,0.351686,0.999109,402.1,0.001000
82100,0.265663,1.000000,0.284908,1.000000,402.6,0.001000
82200,0.243944,1.000000,0.267358,1.000000,403.1,0.001000
82300,0.331629,1.000000,0.363509,1.000000,403.6,0.001000
82400,0.200794,1.000000,0.215165,1.000000,404.0,0.001000
82500,0.224178,1.000000,0.242534,1.000000,404.5,0.001000
82600,0.236362,1.000000,0.260514,1.000000,405.0,0.001000
82700,2.342683,0.458556,2.455419,0.424053,405.5,0.001000
82800,0.239908,1.000000,0.262049,1.000000,406.0,0.001000
82900,0.384609,0.998217,0.428443,0.997773,406.5,0.001000
83000,0.482452,0.998663,0.523243,0.995546,407.0,0.001000
83100,0.622349,0.978610,0.676980,0.964365,407.4,0.001000
83200,0.213146,1.000000,0.232385,1.000000,408.0,0.001000
83300,0.665892,0.962121,0.721656,0.950111,408.5,0.001000
83400,0.209834,1.000000,0.225733,1.000000,408.9,0.001000
83500,0.309249,1.000000,0.334555,1.000000,409.4,0.001000
83600,0.222108,1.000000,0.238259,1.000000,409.9,0.001000
83700,0.239402,1.000000,0.262292,1.000000,410.4,0.001000
83800,0.474129,0.997326,0.511495,0.996882,410.8,0.001000
83900,0.295438,1.000000,0.312709,1.000000,411.3,0.001000
84000,0.209719,1.000000,0.226709,1.000000,411.8,0.001000
84100,0.222866,1.000000,0.245900,1.000000,412.3,0.001000
84200,0.388973,0.999109,0.417788,0.999555,412.8,0.001000
84300,0.325031,1.000000,0.356748,1.000000,413.3,0.001000
84400,0.205120,1.000000,0.218397,1.000000,413.7,0.001000
84500,0.269047,1.000000,0.294924,1.000000,414.2,0.001000
84600,0.488978,0.986185,0.533784,0.983964,414.7,0.001000
84700,0.219559,1.000000,0.236311,1.000000,415.2,0.001000
84800,0.418624,1.000000,0.455434,0.999109,415.7,0.001000
84900,0.546532,0.993315,0.583872,0.993764,416.2,0.001000
85000,0.215912,1.000000,0.233724,1.000000,416.6,0.001000
85100,0.441215,0.999109,0.480137,0.996882,417.1,0.001000
85200,0.209984,1.000000,0.226116,1.000000,417.6,0.001000
85300,0.296613,1.000000,0.320476,1.000000,418.1,0.001000
85400,0.519077,0.986185,0.561802,0.991537,418.6,0.001000
85500,0.218857,1.000000,0.237669,1.000000,419.0,0.001000
85600,0.249457,1.000000,0.272150,1.000000,419.5,0.001000
85700,0.239939,1.000000,0.260111,1.000000,420.0,0.001000
85800,0.382983,0.999109,0.415132,0.998664,420.5,0.001000
85900,0.220461,1.000000,0.236014,1.000000,421.0,0.001000
86000,0.323920,1.000000,0.357596,1.000000,421.4,0.001000
86100,0.210263,1.000000,0.227709,1.000000,421.9,0.001000
86200,0.453670,0.999109,0.488680,0.997773,422.4,0.001000
86300,0.226847,1.000000,0.245437,1.000000,422.9,0.001000
86400,0.351921,1.000000,0.383760,0.998664,423.4,0.001000
86500,0.496059,0.985294,0.547574,0.979955,423.9,0.001000
86600,0.194901,1.000000,0.209524,1.000000,424.3,0.001000
86700,0.256888,1.000000,0.281428,1.000000,424.8,0.001000
86800,0.221810,1.000000,0.237412,1.000000,425.3,0.001000
86900,0.334540,1.000000,0.367879,1.000000,425.8,0.001000
87000,0.205913,1.000000,0.221001,1.000000,426.3,0.001000
87100,0.231915,1.000000,0.253110,1.000000,426.7,0.001000
87200,0.530051,0.988859,0.590593,0.983073,427.2,0.001000
87300,0.213131,1.000000,0.230723,1.000000,427.7,0.001000
87400,0.294939,1.000000,0.326912,1.000000,428.2,0.001000
87500,0.241394,1.000000,0.257993,1.000000,428.7,0.001000
87600,0.250038,1.000000,0.278984,1.000000,429.2,0.001000
87700,0.216626,1.000000,0.235040,1.000000,429.7,0.001000
87800,0.287083,1.000000,0.310353,1.000000,430.2,0.001000
87900,1.281413,0.811943,1.339549,0.782628,430.6,0.001000
88000,0.229417,1.000000,0.248559,1.000000,431.1,0.001000
88100,0.223930,1.000000,0.242872,1.000000,431.6,0.001000
88200,0.332943,1.000000,0.365048,1.000000,432.1,0.001000
88300,0.277317,1.000000,0.296810,1.000000,432.5,0.001000
88400,0.242198,1.000000,0.263150,1.000000,433.1,0.001000
88500,0.222871,1.000000,0.238763,1.000000,433.6,0.001000
88600,0.365573,0.994207,0.405488,0.989310,434.1,0.001000
88700,0.206073,1.000000,0.222387,1.000000,434.5,0.001000
88800,0.272242,1.000000,0.296925,1.000000,435.0,0.001000
88900,0.264064,1.000000,0.280203,1.000000,435.5,0.001000
89000,0.194386,1.000000,0.208619,1.000000,436.0,0.001000
89100,0.228017,1.000000,0.252054,1.000000,436.5,0.001000
89200,0.566902,0.972371,0.611807,0.970156,436.9,0.001000
89300,0.314042,1.000000,0.335064,1.000000,437.4,0.001000
89400,0.197929,1.000000,0.212404,1.000000,437.9,0.001000
89500,0.198787,1.000000,0.213953,1.000000,438.4,0.001000
89600,0.279127,1.000000,0.312958,1.000000,438.9,0.001000
89700,0.504799,1.000000,0.529768,0.999109,439.3,0.001000
89800,0.205604,1.000000,0.223136,1.000000,439.8,0.001000
89900,0.262599,1.000000,0.289410,1.000000,440.3,0.001000
90000,0.222159,1.000000,0.238831,1.000000,440.8,0.001000
90100,0.220717,1.000000,0.242637,1.000000,441.3,0.001000
90200,0.269476,1.000000,0.296480,1.000000,441.8,0.001000
90300,0.211415,1.000000,0.227957,1.000000,442.2,0.001000
90400,0.219575,1.000000,0.239340,1.000000,442.8,0.001000
90500,0.257382,1.000000,0.283393,0.999555,443.3,0.001000
90600,0.345366,0.998217,0.376722,0.997773,443.7,0.001000
90700,0.205312,1.000000,0.219409,1.000000,444.2,0.001000
90800,0.264070,1.000000,0.291561,1.000000,444.7,0.001000
90900,0.704327,0.946970,0.761935,0.939421,445.2,0.001000
91000,0.200894,1.000000,0.217109,1.000000,445.8,0.001000
91100,0.281055,1.000000,0.310585,1.000000,446.3,0.001000
91200,0.433233,0.988414,0.470976,0.988419,446.8,0.001000
91300,0.205766,1.000000,0.224245,1.000000,447.3,0.001000
91400,0.342789,0.999109,0.382738,0.998218,447.8,0.001000
91500,0.199061,1.000000,0.213741,1.000000,448.4,0.001000
91600,0.277369,1.000000,0.308226,1.000000,448.9,0.001000
91700,0.218940,1.000000,0.234060,1.000000,449.4,0.001000
91800,0.313349,1.000000,0.333356,1.000000,449.9,0.001000
91900,0.372733,0.999554,0.421890,0.997327,450.4,0.001000
92000,0.192957,1.000000,0.208027,1.000000,450.8,0.001000
92100,0.239561,1.000000,0.263968,1.000000,451.3,0.001000
92200,0.926685,0.896613,0.979410,0.884187,451.8,0.001000
92300,0.283227,1.000000,0.314685,1.000000,452.3,0.001000
92400,0.224104,1.000000,0.240459,1.000000,452.8,0.001000
92500,0.258665,1.000000,0.283344,1.000000,453.3,0.001000
92600,0.276588,1.000000,0.302700,1.000000,453.8,0.001000
92700,0.238091,1.000000,0.254982,1.000000,454.2,0.001000
92800,0.212531,1.000000,0.231037,1.000000,454.7,0.001000
92900,0.477506,0.986185,0.527173,0.979955,455.2,0.001000
93000,0.221798,1.000000,0.241808,1.000000,455.7,0.001000
93100,0.246659,1.000000,0.268076,1.000000,456.1,0.001000
93200,0.509616,0.991533,0.554558,0.984855,456.6,0.001000
93300,0.209731,1.000000,0.226357,1.000000,457.1,0.001000
93400,0.288854,1.000000,0.319785,1.000000,457.6,0.001000
93500,0.251720,1.000000,0.275388,1.000000,458.0,0.001000
93600,0.203217,1.000000,0.217649,1.000000,458.5,0.001000
93700,0.234717,1.000000,0.259067,1.000000,459.0,0.001000
93800,0.553546,0.987968,0.591656,0.982183,459.5,0.001000
93900,0.243824,1.000000,0.265061,1.000000,459.9,0.001000
94000,0.280882,1.000000,0.310361,1.000000,460.5,0.001000
94100,0.248417,1.000000,0.265877,1.000000,461.0,0.001000
94200,0.217702,1.000000,0.237156,1.000000,461.4,0.001000
94300,0.260813,1.000000,0.285111,1.000000,461.9,0.001000
94400,2.767399,0.473262,2.826992,0.465924,462.5,0.001000
94500,0.266117,1.000000,0.293604,1.000000,462.9,0.001000
94600,0.570471,0.991533,0.603299,0.991091,463.5,0.001000
94700,0.214784,1.000000,0.231484,1.000000,464.0,0.001000
94800,0.273122,1.000000,0.299795,1.000000,464.5,0.001000
94900,0.952744,0.833779,0.987301,0.838307,464.9,0.001000
95000,0.209081,1.000000,0.225366,1.000000,465.5,0.001000
95100,0.215841,1.000000,0.235510,1.000000,465.9,0.001000
95200,0.561874,0.968806,0.603883,0.968374,466.4,0.001000
95300,0.209902,1.000000,0.227498,1.000000,466.9,0.001000
95400,0.256786,1.000000,0.280122,1.000000,467.4,0.001000
95500,1.874914,0.536096,1.979278,0.490869,467.9,0.001000
95600,0.219759,1.000000,0.239964,1.000000,468.4,0.001000
95700,0.429136,0.999109,0.469717,0.998664,468.9,0.001000
95800,0.211382,1.000000,0.227556,1.000000,469.3,0.001000
95900,0.219993,1.000000,0.238777,1.000000,469.8,0.001000
96000,0.324041,1.000000,0.364366,0.999109,470.3,0.001000
96100,0.569987,0.998217,0.611971,0.995991,470.8,0.001000
96200,0.205386,1.000000,0.222565,1.000000,471.3,0.001000
96300,0.198725,1.000000,0.214328,1.000000,471.8,0.001000
96400,0.317539,1.000000,0.344322,1.000000,472.3,0.001000
96500,0.211498,1.000000,0.224473,1.000000,472.7,0.001000
96600,0.263081,1.000000,0.286855,1.000000,473.2,0.001000
96700,0.283933,1.000000,0.311659,1.000000,473.7,0.001000
96800,0.536293,0.987077,0.564087,0.985301,474.2,0.001000
96900,0.237005,1.000000,0.257219,1.000000,474.6,0.001000
97000,0.487661,0.996881,0.525162,0.994209,475.1,0.001000
97100,0.227418,1.000000,0.243043,1.000000,475.6,0.001000
97200,0.227617,1.000000,0.248822,1.000000,476.1,0.001000
97300,0.520538,0.991979,0.562980,0.984410,476.6,0.001000
97400,0.212451,1.000000,0.229041,1.000000,477.1,0.001000
97500,0.223772,1.000000,0.242743,1.000000,477.6,0.001000
97600,0.409366,0.997772,0.453478,0.995546,478.0,0.001000
97700,0.208576,1.000000,0.224821,1.000000,478.5,0.001000
97800,0.424498,0.998663,0.457102,0.992873,479.0,0.001000
97900,0.217129,1.000000,0.235223,1.000000,479.5,0.001000
98000,0.519586,0.999109,0.582740,0.993318,480.0,0.001000
98100,0.294486,1.000000,0.324392,1.000000,480.5,0.001000
98200,0.352723,1.000000,0.390288,0.999109,480.9,0.001000
98300,0.207489,1.000000,0.220860,1.000000,481.5,0.001000
98400,0.243404,1.000000,0.263849,1.000000,481.9,0.001000
98500,0.281539,1.000000,0.302955,1.000000,482.4,0.001000
98600,0.216013,1.000000,0.234868,1.000000,482.9,0.001000
98700,0.215499,1.000000,0.234512,1.000000,483.4,0.001000
98800,0.254162,1.000000,0.279032,1.000000,483.8,0.001000
98900,0.217920,1.000000,0.234251,1.000000,484.4,0.001000
99000,0.251615,1.000000,0.275465,1.000000,484.9,0.001000
99100,2.109093,0.558824,2.152550,0.549221,485.4,0.001000
99200,0.235957,1.000000,0.257231,1.000000,485.8,0.001000
99300,0.241140,1.000000,0.260297,1.000000,486.3,0.001000
99400,0.311410,1.000000,0.334727,1.000000,486.8,0.001000
99500,2.169094,0.519162,2.236012,0.489978,487.3,0.001000
99600,0.245012,1.000000,0.264583,1.000000,487.8,0.001000
99700,0.280955,1.000000,0.295130,1.000000,488.3,0.001000
99800,0.220438,1.000000,0.242464,1.000000,488.8,0.001000
99900,0.398161,0.999109,0.440528,0.997773,489.3,0.001000
100000,0.416932,0.999109,0.444856,1.000000,489.8,0.001000
100100,0.265016,1.000000,0.282778,1.000000,490.3,0.001000
100200,0.461032,0.993315,0.500504,0.987973,490.8,0.001000
100300,0.218291,1.000000,0.235938,1.000000,491.3,0.001000
100400,0.237112,1.000000,0.257250,1.000000,491.8,0.001000
100500,2.040956,0.452763,2.129690,0.431180,492.3,0.001000
100600,0.263020,1.000000,0.286069,1.000000,492.7,0.001000
100700,0.387020,0.998663,0.427712,0.996437,493.3,0.001000
100800,0.226220,1.000000,0.241686,1.000000,493.8,0.001000
100900,0.275556,1.000000,0.298887,1.000000,494.2,0.001000
101000,0.207583,1.000000,0.221677,1.000000,494.7,0.001000
101100,0.276972,1.000000,0.303226,1.000000,495.2,0.001000
101200,0.219195,1.000000,0.236226,1.000000,495.7,0.001000
101300,0.349283,1.000000,0.384718,1.000000,496.2,0.001000
101400,0.227765,1.000000,0.242901,1.000000,496.6,0.001000
101500,0.252945,1.000000,0.273084,1.000000,497.1,0.001000
101600,0.231221,1.000000,0.250665,1.000000,497.6,0.001000
101700,0.238003,1.000000,0.260602,1.000000,498.1,0.001000
101800,0.275485,1.000000,0.304529,1.000000,498.6,0.001000
101900,0.240235,1.000000,0.265805,1.000000,499.1,0.001000
102000,0.338320,0.999554,0.370216,0.994655,499.6,0.001000
102100,0.211076,1.000000,0.224939,1.000000,500.1,0.001000
102200,0.259543,1.000000,0.289226,1.000000,500.6,0.001000
102300,0.210787,1.000000,0.225887,1.000000,501.0,0.001000
102400,0.244872,1.000000,0.260954,1.000000,501.5,0.001000
102500,0.337355,1.000000,0.370849,1.000000,501.9,0.001000
102600,0.207975,1.000000,0.224845,1.000000,502.4,0.001000
102700,0.378795,1.000000,0.418065,1.000000,502.9,0.001000
102800,0.214202,1.000000,0.231287,1.000000,503.4,0.001000
102900,0.215264,1.000000,0.231982,1.000000,503.9,0.001000
103000,0.258443,1.000000,0.274235,1.000000,504.4,0.001000
103100,0.337772,1.000000,0.382444,0.998218,504.9,0.001000
103200,0.197452,1.000000,0.210321,1.000000,505.4,0.001000
103300,0.213647,1.000000,0.231552,1.000000,505.8,0.001000
103400,0.356395,0.999554,0.389249,0.999555,506.3,0.001000
103500,0.212682,1.000000,0.228180,1.000000,506.8,0.001000
103600,0.329639,1.000000,0.358787,1.000000,507.3,0.001000
103700,0.503612,0.995544,0.553332,0.988419,507.8,0.001000
103800,0.815574,0.945187,0.871545,0.927394,508.3,0.001000
103900,0.208824,1.000000,0.226565,1.000000,508.8,0.001000
104000,0.248646,1.000000,0.277548,1.000000,509.2,0.001000
104100,0.210310,1.000000,0.225326,1.000000,509.8,0.001000
104200,0.257752,1.000000,0.285245,1.000000,510.2,0.001000
104300,0.555630,0.979501,0.604790,0.969265,510.7,0.001000
104400,0.221212,1.000000,0.241164,1.000000,511.2,0.001000
104500,0.510035,0.992424,0.567839,0.982183,511.7,0.001000
104600,0.222199,1.000000,0.239825,1.000000,512.2,0.001000
104700,0.268937,1.000000,0.299586,1.000000,512.8,0.001000
104800,0.384819,0.999554,0.424969,0.999555,513.3,0.001000
104900,0.211593,1.000000,0.229057,1.000000,513.8,0.001000
105000,0.264751,1.000000,0.290744,1.000000,514.3,0.001000
105100,0.258331,1.000000,0.273907,1.000000,514.8,0.001000
105200,0.237601,1.000000,0.258926,1.000000,515.3,0.001000
105300,0.227799,1.000000,0.241875,1.000000,515.9,0.001000
105400,0.228991,1.000000,0.246478,1.000000,516.3,0.001000
105500,0.262895,1.000000,0.289103,1.000000,516.8,0.001000
105600,0.424250,0.996881,0.459351,0.994655,517.3,0.001000
105700,0.214355,1.000000,0.230989,1.000000,517.9,0.001000
105800,0.258208,1.000000,0.283730,1.000000,518.3,0.001000
105900,0.220692,1.000000,0.237436,1.000000,518.9,0.001000
106000,0.277383,1.000000,0.307113,1.000000,519.3,0.001000
106100,0.213400,1.000000,0.227257,1.000000,519.8,0.001000
106200,0.211337,1.000000,0.229683,1.000000,520.3,0.001000
106300,0.227690,1.000000,0.243068,1.000000,520.9,0.001000
106400,0.219000,1.000000,0.237015,1.000000,521.3,0.001000
106500,1.452735,0.750446,1.471906,0.750557,521.8,0.001000
106600,0.214731,1.000000,0.230306,1.000000,522.3,0.001000
106700,0.238566,1.000000,0.261663,1.000000,522.8,0.001000
106800,0.582197,0.963012,0.626005,0.959911,523.3,0.001000
106900,0.223076,1.000000,0.241109,1.000000,523.7,0.001000
107000,0.238259,1.000000,0.258667,1.000000,524.2,0.001000
107100,0.396212,0.999109,0.437934,0.999555,524.7,0.001000
107200,0.211459,1.000000,0.226819,1.000000,525.1,0.001000
107300,0.484000,0.996435,0.522450,0.992428,525.6,0.001000
107400,0.224217,1.000000,0.240934,1.000000,526.1,0.001000
107500,0.204810,1.000000,0.223635,1.000000,526.6,0.001000
107600,0.413548,0.999109,0.457254,0.996437,527.1,0.001000
107700,0.209168,1.000000,0.225957,1.000000,527.7,0.001000
107800,0.540596,0.991979,0.593475,0.986637,528.1,0.001000
107900,0.205764,1.000000,0.221854,1.000000,528.6,0.001000
108000,0.202288,1.000000,0.218774,1.000000,529.0,0.001000
108100,0.388192,0.999554,0.429308,0.997773,529.5,0.001000
108200,0.203141,1.000000,0.220538,1.000000,530.0,0.001000
108300,0.351533,0.999554,0.384338,1.000000,530.5,0.001000
108400,0.207306,1.000000,0.223103,1.000000,531.0,0.001000
108500,0.381186,1.000000,0.421324,0.998664,531.5,0.001000
108600,0.219005,1.000000,0.235566,1.000000,532.0,0.001000
108700,0.253699,1.000000,0.274930,1.000000,532.4,0.001000
108800,0.470304,0.998217,0.503537,0.999109,532.9,0.001000
108900,0.232942,1.000000,0.253436,1.000000,533.4,0.001000
109000,0.248988,1.000000,0.273606,1.000000,533.9,0.001000
109100,0.216257,1.000000,0.232853,1.000000,534.4,0.001000
109200,0.291422,1.000000,0.316330,1.000000,534.9,0.001000
109300,0.400888,0.996881,0.449296,0.991982,535.4,0.001000
109400,0.247468,1.000000,0.269941,1.000000,535.9,0.001000
109500,0.354676,1.000000,0.398847,0.999555,536.3,0.001000
109600,0.216757,1.000000,0.235077,1.000000,536.8,0.001000
109700,0.256123,1.000000,0.280352,1.000000,537.4,0.001000
109800,0.709867,0.947861,0.763589,0.936303,537.8,0.001000
109900,0.217223,1.000000,0.235569,1.000000,538.3,0.001000
110000,0.225590,1.000000,0.245160,1.000000,538.8,0.001000
110100,0.269002,1.000000,0.294690,1.000000,539.3,0.001000
110200,0.722368,0.926471,0.750009,0.934521,539.8,0.001000
110300,0.281728,1.000000,0.313332,1.000000,540.3,0.001000
110400,0.300342,1.000000,0.324228,1.000000,540.8,0.001000
110500,0.592552,0.966132,0.650594,0.961247,541.3,0.001000
110600,0.226570,1.000000,0.247285,1.000000,541.7,0.001000
110700,0.437110,0.999554,0.478752,0.998218,542.2,0.001000
110800,0.199974,1.000000,0.212279,1.000000,542.7,0.001000
110900,0.237183,1.000000,0.259486,1.000000,543.2,0.001000
111000,1.097797,0.809269,1.182197,0.777728,543.7,0.001000
111100,0.217234,1.000000,0.236317,1.000000,544.2,0.001000
111200,0.392899,1.000000,0.433193,0.999109,544.7,0.001000
111300,0.270969,1.000000,0.295237,1.000000,545.1,0.001000
111400,0.337335,0.999554,0.367679,0.999555,545.6,0.001000
111500,1.209474,0.792335,1.266479,0.771047,546.1,0.001000
111600,0.230406,1.000000,0.250928,1.000000,546.6,0.001000
111700,0.274613,1.000000,0.304556,1.000000,547.0,0.001000
111800,0.477572,0.988414,0.516667,0.976392,547.5,0.001000
111900,0.201051,1.000000,0.217164,1.000000,548.0,0.001000
112000,0.261348,1.000000,0.286291,1.000000,548.5,0.001000
112100,0.245097,1.000000,0.260125,1.000000,549.0,0.001000
112200,0.257270,1.000000,0.284752,1.000000,549.4,0.001000
112300,0.469600,0.994207,0.519421,0.987082,549.9,0.001000
112400,0.223588,1.000000,0.243147,1.000000,550.4,0.001000
112500,0.283343,1.000000,0.309241,1.000000,550.9,0.001000
112600,0.285707,1.000000,0.310634,1.000000,551.4,0.001000
112700,0.204684,1.000000,0.217647,1.000000,551.8,0.001000
112800,0.292500,1.000000,0.317346,1.000000,552.4,0.001000
112900,1.856417,0.572638,1.907104,0.549666,552.8,0.001000
113000,0.242692,1.000000,0.266225,1.000000,553.4,0.001000
113100,0.363962,0.999109,0.409183,0.996882,553.9,0.001000
113200,0.747548,0.922460,0.793371,0.904677,554.4,0.001000
113300,0.215925,1.000000,0.233528,1.000000,554.8,0.001000
113400,0.221859,1.000000,0.237955,1.000000,555.3,0.001000
113500,0.646702,0.975936,0.682145,0.972383,555.8,0.001000
113600,0.209427,1.000000,0.229015,1.000000,556.3,0.001000
113700,0.204384,1.000000,0.221426,1.000000,556.7,0.001000
113800,0.417016,0.999109,0.447673,0.997327,557.2,0.001000
113900,0.204911,1.000000,0.221194,1.000000,557.7,0.001000
114000,0.305938,1.000000,0.337246,1.000000,558.2,0.001000
114100,0.973038,0.862299,1.043617,0.852116,558.7,0.001000
114200,0.225382,1.000000,0.243516,1.000000,559.2,0.001000
114300,0.303755,1.000000,0.337214,0.998218,559.6,0.001000
114400,0.203647,1.000000,0.217734,1.000000,560.1,0.001000
114500,0.273287,1.000000,0.298574,1.000000,560.6,0.001000
114600,0.224656,1.000000,0.246318,1.000000,561.1,0.001000
114700,1.405631,0.758467,1.484435,0.735412,561.6,0.001000
114800,0.237652,1.000000,0.261281,1.000000,562.1,0.001000
114900,0.424594,0.996435,0.464104,0.995991,562.6,0.001000
115000,0.364287,1.000000,0.395121,0.996437,563.1,0.001000
115100,0.197247,1.000000,0.211780,1.000000,563.6,0.001000
115200,0.322466,1.000000,0.358687,1.000000,564.2,0.001000
115300,0.428736,0.991087,0.466239,0.987528,564.7,0.001000
115400,0.479954,0.992424,0.529573,0.991537,565.2,0.001000
115500,0.216876,1.000000,0.236610,1.000000,565.6,0.001000
115600,0.392865,0.999109,0.434168,0.998218,566.1,0.001000
115700,0.207369,1.000000,0.222490,1.000000,566.6,0.001000
115800,0.209539,1.000000,0.225555,1.000000,567.1,0.001000
115900,0.359737,0.999554,0.392999,0.999555,567.5,0.001000
116000,0.205517,1.000000,0.218576,1.000000,568.1,0.001000
116100,0.238779,1.000000,0.261531,1.000000,568.6,0.001000
116200,0.415223,0.999109,0.450697,0.997327,569.1,0.001000
116300,0.201021,1.000000,0.214229,1.000000,569.5,0.001000
116400,0.251220,1.000000,0.278433,1.000000,570.0,0.001000
116500,0.282135,1.000000,0.309952,1.000000,570.5,0.001000
116600,0.398689,1.000000,0.442496,0.998664,571.0,0.001000
116700,0.220126,1.000000,0.238200,1.000000,571.5,0.001000
116800,0.231068,1.000000,0.252114,1.000000,572.0,0.001000
116900,0.727737,0.971925,0.783557,0.963474,572.5,0.001000
117000,0.199686,1.000000,0.213763,1.000000,573.0,0.001000
117100,0.311779,0.999554,0.343655,0.998218,573.4,0.001000
117200,0.225036,1.000000,0.242850,1.000000,573.9,0.001000
117300,0.244466,1.000000,0.267917,1.000000,574.4,0.001000
117400,0.325147,1.000000,0.356683,1.000000,574.9,0.001000
117500,0.488405,0.998663,0.516699,0.996882,575.4,0.001000
117600,0.208409,1.000000,0.222766,1.000000,575.9,0.001000
117700,0.335122,1.000000,0.369951,0.999109,576.3,0.001000
117800,1.518743,0.698752,1.549898,0.690869,576.8,0.001000
117900,0.262364,1.000000,0.287241,1.000000,577.4,0.001000
118000,0.310257,0.999554,0.337609,0.997327,577.9,0.001000
118100,0.253524,1.000000,0.280685,0.999109,578.4,0.001000
118200,2.010375,0.601604,2.051656,0.585301,578.9,0.001000
118300,0.204936,1.000000,0.222022,1.000000,579.5,0.001000
118400,0.592760,0.986631,0.636109,0.980846,580.0,0.001000
118500,0.223761,1.000000,0.243350,1.000000,580.5,0.001000
118600,0.378689,0.997772,0.420914,0.995546,581.0,0.001000
118700,0.209727,1.000000,0.225088,1.000000,581.5,0.001000
118800,0.291447,1.000000,0.316452,0.999555,582.0,0.001000
118900,0.236396,1.000000,0.253824,1.000000,582.5,0.001000
119000,0.211487,1.000000,0.228128,1.000000,583.0,0.001000
119100,0.244766,1.000000,0.270588,1.000000,583.5,0.001000
119200,0.319836,0.999554,0.345598,0.999109,584.0,0.001000
119300,0.418876,0.991087,0.457707,0.988419,584.5,0.001000
119400,0.204693,1.000000,0.220408,1.000000,585.0,0.001000
119500,0.404097,0.999109,0.450070,0.997773,585.4,0.001000
119600,0.220965,1.000000,0.239569,1.000000,585.9,0.001000
119700,0.232203,1.000000,0.252426,1.000000,586.4,0.001000
119800,0.203914,1.000000,0.219164,1.000000,586.9,0.001000
119900,0.262497,1.000000,0.284028,1.000000,587.4,0.001000
120000,0.213197,1.000000,0.226195,1.000000,587.9,0.001000
120100,0.225243,1.000000,0.241070,1.000000,588.4,0.001000
120200,0.249223,1.000000,0.271221,1.000000,588.9,0.001000
120300,0.217751,1.000000,0.235545,1.000000,589.3,0.001000
120400,0.434755,0.999109,0.477972,0.999109,589.9,0.001000
120500,0.411875,1.000000,0.433905,0.999109,590.4,0.001000
120600,0.221017,1.000000,0.237971,1.000000,590.9,0.001000
120700,0.190276,1.000000,0.204715,1.000000,591.4,0.001000
120800,0.336607,1.000000,0.365785,1.000000,591.9,0.001000
120900,0.440074,0.995544,0.477775,0.990646,592.4,0.001000
121000,0.213004,1.000000,0.229630,1.000000,592.8,0.001000
121100,1.141427,0.832442,1.235225,0.795991,593.4,0.001000
121200,0.218683,1.000000,0.235550,1.000000,593.9,0.001000
121300,0.302806,1.000000,0.332655,1.000000,594.4,0.001000
121400,0.443111,0.997772,0.501531,0.995100,594.9,0.001000
121500,0.200720,1.000000,0.212664,1.000000,595.3,0.001000
121600,0.306277,1.000000,0.331688,1.000000,595.8,0.001000
121700,0.293482,1.000000,0.320872,1.000000,596.3,0.001000
121800,0.377932,0.995544,0.415197,0.995546,596.8,0.001000
121900,0.191299,1.000000,0.205012,1.000000,597.3,0.001000
122000,0.234766,1.000000,0.255373,1.000000,597.7,0.001000
122100,0.447545,0.997772,0.492688,0.996437,598.3,0.001000
122200,0.213170,1.000000,0.230639,1.000000,598.7,0.001000
122300,0.231494,1.000000,0.252454,1.000000,599.2,0.001000
122400,0.579589,0.982620,0.614483,0.983519,599.7,0.001000
122500,0.253926,1.000000,0.278171,1.000000,600.2,0.001000
122600,0.652840,0.969697,0.697307,0.965256,600.7,0.001000
122700,0.231092,1.000000,0.248500,1.000000,601.2,0.001000
122800,0.258361,1.000000,0.283307,1.000000,601.7,0.001000
122900,0.274782,1.000000,0.298729,1.000000,602.2,0.001000
123000,0.573377,0.987522,0.609140,0.986192,602.7,0.001000
123100,0.210175,1.000000,0.225365,1.000000,603.2,0.001000
123200,0.236616,1.000000,0.259848,1.000000,603.7,0.001000
123300,1.080553,0.860963,1.151346,0.848107,604.2,0.001000
123400,1.782827,0.586007,1.865801,0.573719,604.7,0.001000
123500,0.267879,1.000000,0.290326,1.000000,605.2,0.001000
123600,0.938473,0.887700,0.997839,0.865924,605.7,0.001000
123700,0.251322,1.000000,0.273566,1.000000,606.2,0.001000
123800,0.284660,1.000000,0.310512,1.000000,606.7,0.001000
123900,0.284519,1.000000,0.309033,1.000000,607.2,0.001000
124000,0.823121,0.905080,0.890474,0.877060,607.7,0.001000
124100,0.218770,1.000000,0.234462,1.000000,608.2,0.001000
124200,0.224655,1.000000,0.243527,1.000000,608.6,0.001000
124300,0.280874,1.000000,0.306223,1.000000,609.1,0.001000
124400,0.229312,1.000000,0.247018,1.000000,609.5,0.001000
124500,0.236019,1.000000,0.256150,1.000000,610.0,0.001000
124600,0.274056,1.000000,0.302711,1.000000,610.5,0.001000
124700,0.262133,1.000000,0.286797,1.000000,611.0,0.001000
124800,0.200791,1.000000,0.217492,1.000000,611.5,0.001000
124900,0.316278,1.000000,0.343504,1.000000,612.0,0.001000
125000,0.435323,0.999554,0.473759,0.998664,612.4,0.001000
125100,0.226031,1.000000,0.242807,1.000000,612.9,0.001000
125200,0.270687,1.000000,0.294501,1.000000,613.4,0.001000
125300,0.224499,1.000000,0.240857,1.000000,613.9,0.001000
125400,0.242062,1.000000,0.268608,1.000000,614.3,0.001000
125500,0.567851,0.987968,0.594680,0.985301,614.8,0.001000
125600,0.199830,1.000000,0.215080,1.000000,615.3,0.001000
125700,0.438916,0.997772,0.476947,0.995991,615.8,0.001000
125800,0.209433,1.000000,0.226358,1.000000,616.3,0.001000
125900,0.237804,1.000000,0.259819,1.000000,616.8,0.001000
126000,0.225758,1.000000,0.243449,1.000000,617.2,0.001000
126100,0.367463,1.000000,0.400571,1.000000,617.7,0.001000
126200,0.214688,1.000000,0.230442,1.000000,618.2,0.001000
126300,0.233160,1.000000,0.254444,1.000000,618.7,0.001000
126400,0.782241,0.898841,0.862878,0.867706,619.2,0.001000
126500,0.225680,1.000000,0.242118,1.000000,619.7,0.001000
126600,0.215542,1.000000,0.234854,1.000000,620.2,0.001000
126700,0.283385,1.000000,0.312117,1.000000,620.7,0.001000
126800,0.364882,1.000000,0.391775,1.000000,621.2,0.001000
126900,0.212346,1.000000,0.230203,1.000000,621.7,0.001000
127000,0.236372,1.000000,0.255447,1.000000,622.3,0.001000
127100,0.291209,1.000000,0.321148,1.000000,622.7,0.001000
127200,0.444325,0.998663,0.495530,0.994209,623.2,0.001000
127300,0.216089,1.000000,0.232301,1.000000,623.7,0.001000
127400,0.280977,1.000000,0.309534,1.000000,624.2,0.001000
127500,0.541578,0.970588,0.576819,0.967038,624.6,0.001000
127600,0.220466,1.000000,0.236334,1.000000,625.1,0.001000
127700,0.493604,0.994207,0.558457,0.985746,625.6,0.001000
127800,0.215899,1.000000,0.231036,1.000000,626.1,0.001000
127900,0.288624,1.000000,0.317976,1.000000,626.6,0.001000
128000,0.205345,1.000000,0.220099,1.000000,627.1,0.001000
128100,0.288502,1.000000,0.314568,1.000000,627.5,0.001000
128200,0.226205,1.000000,0.241532,1.000000,628.0,0.001000
128300,0.259286,1.000000,0.280795,1.000000,628.5,0.001000
128400,0.238809,1.000000,0.264670,1.000000,629.0,0.001000
128500,0.447007,0.999109,0.486969,0.996882,629.5,0.001000
128600,0.203193,1.000000,0.219316,1.000000,629.9,0.001000
128700,0.401725,0.999109,0.445401,0.996437,630.4,0.001000
128800,0.222936,1.000000,0.239730,1.000000,630.9,0.001000
128900,0.282058,1.000000,0.315095,1.000000,631.3,0.001000
129000,0.761576,0.938503,0.835339,0.907795,631.8,0.001000
129100,0.219386,1.000000,0.237295,1.000000,632.3,0.001000
129200,0.518884,0.987968,0.558920,0.987973,632.8,0.001000
129300,0.225869,1.000000,0.244976,1.000000,633.3,0.001000
129400,0.513196,0.996881,0.559348,0.995991,633.7,0.001000
129500,0.249315,1.000000,0.279524,1.000000,634.2,0.001000
129600,0.399772,0.998663,0.435285,0.998664,634.6,0.001000
129700,1.396469,0.716132,1.434678,0.705568,635.1,0.001000
129800,0.217696,1.000000,0.235577,1.000000,635.6,0.001000
129900,0.293822,1.000000,0.320703,1.000000,636.1,0.001000
130000,0.265910,1.000000,0.282043,1.000000,636.6,0.001000
130100,0.216431,1.000000,0.233050,1.000000,637.1,0.001000
130200,1.262868,0.783868,1.332299,0.763474,637.7,0.001000
130300,0.207413,1.000000,0.224605,1.000000,638.2,0.001000
130400,0.233859,1.000000,0.255001,1.000000,638.7,0.001000
130500,0.222928,1.000000,0.238015,1.000000,639.1,0.001000
130600,0.242472,1.000000,0.262719,1.000000,639.6,0.001000
130700,0.404620,0.999554,0.441171,0.997773,640.1,0.001000
130800,0.217150,1.000000,0.233569,1.000000,640.6,0.001000
130900,0.277619,1.000000,0.306926,1.000000,641.1,0.001000
131000,0.213621,1.000000,0.230548,1.000000,641.5,0.001000
131100,0.306963,1.000000,0.337029,1.000000,642.0,0.001000
131200,1.152185,0.806595,1.183720,0.793764,642.5,0.001000
131300,0.206964,1.000000,0.220243,1.000000,643.0,0.001000
131400,0.268750,1.000000,0.295247,1.000000,643.5,0.001000
131500,0.369265,1.000000,0.390708,1.000000,644.1,0.001000
131600,0.207727,1.000000,0.223262,1.000000,644.6,0.001000
131700,0.312652,1.000000,0.345724,1.000000,645.1,0.001000
131800,0.214093,1.000000,0.231187,1.000000,645.6,0.001000
131900,0.247325,1.000000,0.272991,1.000000,646.1,0.001000
132000,0.397945,0.999554,0.441611,1.000000,646.6,0.001000
132100,0.214117,1.000000,0.227379,1.000000,647.2,0.001000
132200,0.283569,1.000000,0.309751,1.000000,647.7,0.001000
132300,0.656309,0.949198,0.695564,0.950111,648.2,0.001000
132400,0.868005,0.929144,0.944938,0.910022,648.7,0.001000
132500,0.237435,1.000000,0.260097,1.000000,649.2,0.001000
132600,0.422199,0.998663,0.462446,0.999109,649.7,0.001000
132700,0.218792,1.000000,0.235433,1.000000,650.2,0.001000
132800,0.316342,1.000000,0.343784,1.000000,650.7,0.001000
132900,1.129689,0.796346,1.173729,0.785301,651.2,0.001000
133000,0.204477,1.000000,0.218904,1.000000,651.7,0.001000
133100,0.367096,0.999554,0.403635,0.997327,652.1,0.001000
133200,0.219789,1.000000,0.238457,1.000000,652.6,0.001000
133300,0.311226,1.000000,0.336752,1.000000,653.1,0.001000
133400,0.344495,1.000000,0.367317,1.000000,653.6,0.001000
133500,0.215787,1.000000,0.232877,1.000000,654.0,0.001000
133600,0.276917,1.000000,0.304499,1.000000,654.5,0.001000
133700,0.384346,0.996435,0.423685,0.997327,655.0,0.001000
133800,0.398426,0.999554,0.438837,0.998664,655.5,0.001000
133900,0.195245,1.000000,0.210489,1.000000,656.0,0.001000
134000,0.258746,1.000000,0.282996,1.000000,656.5,0.001000
134100,0.235011,1.000000,0.251236,1.000000,657.0,0.001000
134200,0.259337,1.000000,0.288820,1.000000,657.4,0.001000
134300,0.234865,1.000000,0.255483,1.000000,657.9,0.001000
134400,0.358360,0.999554,0.399856,0.999555,658.4,0.001000
134500,0.210356,1.000000,0.225569,1.000000,658.9,0.001000
134600,0.244049,1.000000,0.268502,1.000000,659.3,0.001000
134700,0.225211,1.000000,0.247603,1.000000,659.8,0.001000
134800,0.337447,1.000000,0.371352,1.000000,660.3,0.001000
134900,0.201520,1.000000,0.215592,1.000000,660.8,0.001000
135000,0.266294,1.000000,0.291789,1.000000,661.3,0.001000
135100,0.388450,0.998217,0.422374,0.998218,661.8,0.001000
135200,0.226746,1.000000,0.244422,1.000000,662.3,0.001000
135300,0.216374,1.000000,0.233224,1.000000,662.8,0.001000
135400,0.240767,1.000000,0.263371,1.000000,663.2,0.001000
135500,0.218038,1.000000,0.232429,1.000000,663.7,0.001000
135600,0.240759,1.000000,0.261461,1.000000,664.2,0.001000
135700,1.745031,0.624777,1.800521,0.612027,664.7,0.001000
135800,0.233832,1.000000,0.253733,1.000000,665.2,0.001000
135900,0.556504,0.984848,0.617952,0.984855,665.7,0.001000
136000,0.220047,1.000000,0.236146,1.000000,666.2,0.001000
136100,0.266024,1.000000,0.292220,1.000000,666.7,0.001000
136200,1.028157,0.834225,1.099854,0.812918,667.2,0.001000
136300,0.220291,1.000000,0.238415,1.000000,667.6,0.001000
136400,0.232528,1.000000,0.253002,1.000000,668.1,0.001000
136500,0.218117,1.000000,0.231446,1.000000,668.6,0.001000
136600,0.261818,1.000000,0.292504,1.000000,669.1,0.001000
136700,0.270688,1.000000,0.296790,1.000000,669.6,0.001000
136800,0.311108,1.000000,0.350792,1.000000,670.0,0.001000
136900,0.304330,1.000000,0.324138,1.000000,670.5,0.001000
137000,0.214682,1.000000,0.231406,1.000000,671.0,0.001000
137100,0.196145,1.000000,0.211805,1.000000,671.4,0.001000
137200,0.257906,1.000000,0.283774,1.000000,671.9,0.001000
137300,0.425996,0.998217,0.464992,0.995546,672.4,0.001000
137400,0.207352,1.000000,0.221825,1.000000,672.9,0.001000
137500,0.241756,1.000000,0.257844,1.000000,673.4,0.001000
137600,0.337828,1.000000,0.366392,0.998664,673.9,0.001000
137700,0.205173,1.000000,0.219088,1.000000,674.4,0.001000
137800,0.226353,1.000000,0.241361,1.000000,674.9,0.001000
137900,0.210637,1.000000,0.229821,1.000000,675.4,0.001000
138000,0.262170,1.000000,0.281675,1.000000,675.8,0.001000
138100,0.208844,1.000000,0.223451,1.000000,676.4,0.001000
138200,0.268507,1.000000,0.297960,1.000000,676.8,0.001000
138300,0.962231,0.875668,1.021126,0.869488,677.3,0.001000
138400,0.231295,1.000000,0.248886,1.000000,677.8,0.001000
138500,0.320541,1.000000,0.355038,0.998664,678.3,0.001000
138600,0.577657,0.958556,0.635589,0.952784,678.8,0.001000
138700,0.243814,1.000000,0.267083,1.000000,679.2,0.001000
138800,0.352766,1.000000,0.393840,0.998664,679.7,0.001000
138900,0.605898,0.987522,0.663562,0.979510,680.2,0.001000
139000,0.209867,1.000000,0.226710,1.000000,680.7,0.001000
139100,0.294811,1.000000,0.331023,0.999555,681.2,0.001000
139200,0.211062,1.000000,0.227722,1.000000,681.6,0.001000
139300,0.304308,1.000000,0.338499,0.998218,682.1,0.001000
139400,0.929246,0.875223,0.979268,0.861024,682.6,0.001000
139500,0.242691,1.000000,0.263981,1.000000,683.1,0.001000
139600,0.558236,0.979946,0.608175,0.978619,683.6,0.001000
139700,0.237354,1.000000,0.260432,1.000000,684.0,0.001000
139800,0.863566,0.923797,0.914447,0.913140,684.5,0.001000
139900,0.212537,1.000000,0.227751,1.000000,685.0,0.001000
140000,0.263230,1.000000,0.287228,1.000000,685.5,0.001000
140100,0.460230,0.999109,0.495058,0.998218,686.0,0.001000
140200,0.198360,1.000000,0.212255,1.000000,686.5,0.001000
140300,0.481189,0.994207,0.535876,0.988419,686.9,0.001000
140400,0.894769,0.885918,0.962519,0.856570,687.4,0.001000
140500,0.205811,1.000000,0.220831,1.000000,687.9,0.001000
140600,0.332872,1.000000,0.358831,1.000000,688.3,0.001000
140700,0.193565,1.000000,0.206399,1.000000,688.8,0.001000
140800,0.227357,1.000000,0.249412,1.000000,689.3,0.001000
140900,0.273686,1.000000,0.302229,1.000000,689.8,0.001000
141000,0.365958,1.000000,0.393448,1.000000,690.3,0.001000
141100,0.229270,1.000000,0.249492,1.000000,690.8,0.001000
141200,0.513891,0.994207,0.556977,0.994209,691.3,0.001000
141300,0.215988,1.000000,0.233852,1.000000,691.8,0.001000
141400,0.265968,1.000000,0.294338,1.000000,692.2,0.001000
141500,0.236666,1.000000,0.250743,1.000000,692.7,0.001000
141600,0.517857,0.991087,0.547882,0.988864,693.2,0.001000
141700,0.203895,1.000000,0.221629,1.000000,693.8,0.001000
141800,0.424876,0.998217,0.457150,0.997327,694.3,0.001000
141900,0.205784,1.000000,0.220013,1.000000,694.8,0.001000
142000,0.374541,1.000000,0.412418,1.000000,695.3,0.001000
142100,0.371506,0.995098,0.404124,0.991091,695.8,0.001000
142200,0.207094,1.000000,0.221624,1.000000,696.3,0.001000
142300,0.252114,1.000000,0.274310,1.000000,696.7,0.001000
142400,0.565866,0.963458,0.624859,0.954120,697.2,0.001000
142500,0.239731,1.000000,0.263485,1.000000,697.7,0.001000
142600,0.453068,0.999109,0.494947,0.998218,698.2,0.001000
142700,0.213220,1.000000,0.228917,1.000000,698.7,0.001000
142800,0.231425,1.000000,0.250725,1.000000,699.2,0.001000
142900,0.958789,0.874332,0.997144,0.857016,699.6,0.001000
143000,0.225546,1.000000,0.242321,1.000000,700.1,0.001000
143100,0.404807,1.000000,0.438430,1.000000,700.6,0.001000
143200,0.715664,0.991533,0.747149,0.987973,701.1,0.001000
143300,0.248982,1.000000,0.278026,1.000000,701.5,0.001000
143400,1.309679,0.714349,1.385505,0.687305,702.0,0.001000
143500,0.221729,1.000000,0.242580,1.000000,702.5,0.001000
143600,0.251675,1.000000,0.276692,1.000000,703.0,0.001000
143700,0.452005,0.995098,0.495804,0.994655,703.5,0.001000
143800,0.217927,1.000000,0.235263,1.000000,703.9,0.001000
143900,0.247990,1.000000,0.273353,1.000000,704.4,0.001000
144000,0.245655,1.000000,0.265120,1.000000,704.8,0.001000
144100,0.245628,1.000000,0.268100,1.000000,705.3,0.001000
144200,0.365542,1.000000,0.407761,1.000000,705.8,0.001000
144300,0.209711,1.000000,0.225034,1.000000,706.3,0.001000
144400,0.305434,0.999109,0.340527,0.998664,706.8,0.001000
144500,0.368722,0.999554,0.399320,0.999555,707.2,0.001000
144600,0.209206,1.000000,0.224912,1.000000,707.7,0.001000
144700,0.224203,1.000000,0.243050,1.000000,708.2,0.001000
144800,0.345663,1.000000,0.375613,1.000000,708.7,0.001000
144900,1.475800,0.674242,1.533313,0.645880,709.2,0.001000
145000,0.189491,1.000000,0.201796,1.000000,709.8,0.001000
145100,0.276064,1.000000,0.307051,1.000000,710.3,0.001000
145200,0.206169,1.000000,0.221593,1.000000,710.8,0.001000
145300,0.780911,0.956328,0.832104,0.949666,711.3,0.001000
145400,0.221972,1.000000,0.239290,1.000000,711.8,0.001000
145500,0.433555,1.000000,0.483813,0.997773,712.4,0.001000
145600,0.395093,1.000000,0.424540,0.999109,712.9,0.001000
145700,0.231219,1.000000,0.252784,1.000000,713.4,0.001000
145800,0.238257,1.000000,0.262795,1.000000,713.8,0.001000
145900,0.197589,1.000000,0.215949,1.000000,714.4,0.001000
146000,0.529913,0.989305,0.571558,0.983519,714.9,0.001000
146100,0.208916,1.000000,0.226187,1.000000,715.4,0.001000
146200,0.313270,1.000000,0.345482,1.000000,715.9,0.001000
146300,0.670954,0.961676,0.707773,0.956347,716.4,0.001000
146400,0.222125,1.000000,0.238815,1.000000,716.8,0.001000
146500,0.674687,0.966132,0.731889,0.953675,717.3,0.001000
146600,0.232321,1.000000,0.252144,1.000000,717.8,0.001000
146700,0.283819,1.000000,0.311355,1.000000,718.2,0.001000
146800,0.363062,1.000000,0.398001,1.000000,718.7,0.001000
146900,0.484571,0.998663,0.530530,0.997773,719.2,0.001000
147000,0.198594,1.000000,0.213023,1.000000,719.7,0.001000
147100,0.276674,1.000000,0.306396,1.000000,720.2,0.001000
147200,0.205026,1.000000,0.218665,1.000000,720.6,0.001000
147300,0.220185,1.000000,0.237778,1.000000,721.1,0.001000
147400,0.281080,1.000000,0.304084,1.000000,721.6,0.001000
147500,0.253635,1.000000,0.269439,1.000000,722.1,0.001000
147600,0.232102,1.000000,0.254219,1.000000,722.6,0.001000
147700,0.333443,1.000000,0.373065,0.999555,723.1,0.001000
147800,0.912500,0.902406,0.985715,0.877060,723.6,0.001000
147900,0.293973,1.000000,0.327269,1.000000,724.1,0.001000
148000,0.235448,1.000000,0.251953,1.000000,724.5,0.001000
148100,0.237261,1.000000,0.255556,1.000000,725.0,0.001000
148200,0.614386,0.987077,0.689351,0.978174,725.5,0.001000
148300,0.226565,1.000000,0.245792,1.000000,725.9,0.001000
148400,0.252171,1.000000,0.272990,1.000000,726.4,0.001000
148500,0.524519,0.979055,0.584647,0.961247,726.9,0.001000
148600,0.221816,1.000000,0.241378,1.000000,727.4,0.001000
148700,0.265693,1.000000,0.291918,1.000000,727.9,0.001000
148800,0.404775,0.991533,0.439085,0.994655,728.4,0.001000
148900,0.206519,1.000000,0.223999,1.000000,728.9,0.001000
149000,0.241693,1.000000,0.266446,1.000000,729.4,0.001000
149100,0.231069,1.000000,0.246893,1.000000,729.9,0.001000
149200,0.242584,1.000000,0.262822,1.000000,730.4,0.001000
149300,0.278337,1.000000,0.307811,1.000000,731.0,0.001000
149400,0.229025,1.000000,0.244696,1.000000,731.4,0.001000
149500,0.213107,1.000000,0.230611,1.000000,731.9,0.001000
149600,0.351056,0.998663,0.390967,0.997773,732.4,0.001000
149700,0.201256,1.000000,0.216950,1.000000,732.9,0.001000
149800,0.278379,1.000000,0.311421,0.999109,733.4,0.001000
149900,0.320127,0.993315,0.353446,0.989755,733.9,0.001000
150000,0.483192,0.997772,0.525633,0.997327,734.4,0.001000
150100,0.216686,1.000000,0.233322,1.000000,734.8,0.001000
150200,0.271981,1.000000,0.302516,1.000000,735.3,0.001000
150300,0.346077,1.000000,0.373301,1.000000,735.8,0.001000
150400,0.209660,1.000000,0.225989,1.000000,736.3,0.001000
150500,0.204571,1.000000,0.220776,1.000000,736.8,0.001000
150600,0.352600,1.000000,0.390696,0.998218,737.3,0.001000
150700,0.212788,1.000000,0.228248,1.000000,737.8,0.001000
150800,0.234781,1.000000,0.256373,1.000000,738.3,0.001000
150900,0.348322,0.999554,0.383314,0.998664,738.8,0.001000
151000,0.356208,1.000000,0.389207,0.999109,739.3,0.001000
151100,0.485861,0.990642,0.538956,0.984855,739.7,0.001000
151200,0.211725,1.000000,0.227332,1.000000,740.2,0.001000
151300,0.224232,1.000000,0.245140,1.000000,740.7,0.001000
151400,0.426849,0.993761,0.467694,0.988419,741.2,0.001000
151500,0.209110,1.000000,0.225348,1.000000,741.7,0.001000
151600,0.240839,1.000000,0.263704,1.000000,742.2,0.001000
151700,0.341145,1.000000,0.363352,1.000000,742.7,0.001000
151800,0.236971,1.000000,0.260251,1.000000,743.2,0.001000
151900,0.311288,1.000000,0.342723,1.000000,743.6,0.001000
152000,0.281028,1.000000,0.298761,1.000000,744.2,0.001000
152100,1.603298,0.659537,1.602988,0.661915,744.6,0.001000
152200,0.233022,1.000000,0.256235,1.000000,745.1,0.001000
152300,0.307768,1.000000,0.322466,1.000000,745.6,0.001000
152400,0.261938,1.000000,0.288605,1.000000,746.1,0.001000
152500,0.226140,1.000000,0.242893,1.000000,746.6,0.001000
152600,0.264645,1.000000,0.283440,1.000000,747.1,0.001000
152700,0.771472,0.909982,0.794264,0.914477,747.6,0.001000
152800,0.189197,1.000000,0.202987,1.000000,748.1,0.001000
152900,0.197514,1.000000,0.213412,1.000000,748.6,0.001000
153000,0.365071,1.000000,0.402693,1.000000,749.0,0.001000
153100,0.348416,1.000000,0.377372,0.999555,749.6,0.001000
153200,0.472093,0.994207,0.521581,0.992873,750.0,0.001000
153300,0.207172,1.000000,0.221077,1.000000,750.5,0.001000
153400,0.244856,1.000000,0.265935,1.000000,751.0,0.001000
153500,0.439744,1.000000,0.476059,1.000000,751.5,0.001000
153600,0.469242,0.995098,0.531392,0.989755,752.0,0.001000
153700,0.211389,1.000000,0.229010,1.000000,752.4,0.001000
153800,0.330204,1.000000,0.361750,1.000000,752.9,0.001000
153900,0.232246,1.000000,0.255265,1.000000,753.4,0.001000
154000,0.482328,0.990642,0.506105,0.984855,753.9,0.001000
154100,0.227192,1.000000,0.243597,1.000000,754.3,0.001000
154200,0.281537,1.000000,0.311748,1.000000,754.8,0.001000
154300,2.654139,0.392602,2.707985,0.366592,755.3,0.001000
154400,0.254863,1.000000,0.277362,1.000000,755.8,0.001000
154500,0.509926,0.991087,0.564958,0.985301,756.3,0.001000
154600,0.232353,1.000000,0.251465,1.000000,756.8,0.001000
154700,0.410163,0.998217,0.443937,0.998218,757.3,0.001000
154800,0.409655,0.993761,0.447937,0.992873,757.8,0.001000
154900,0.217256,1.000000,0.236075,1.000000,758.2,0.001000
155000,0.409278,0.999554,0.459427,0.995991,758.7,0.001000
155100,0.229005,1.000000,0.247721,1.000000,759.2,0.001000
155200,0.337909,1.000000,0.373503,1.000000,759.7,0.001000
155300,0.251515,1.000000,0.270689,1.000000,760.2,0.001000
155400,0.368153,1.000000,0.406168,0.999555,760.7,0.001000
155500,1.227961,0.765152,1.316169,0.723831,761.2,0.001000
155600,0.230820,1.000000,0.251396,1.000000,761.7,0.001000
155700,0.210402,1.000000,0.226672,1.000000,762.2,0.001000
155800,0.364783,1.000000,0.408658,0.998664,762.7,0.001000
155900,0.220906,1.000000,0.237283,1.000000,763.2,0.001000
156000,0.231722,1.000000,0.251022,1.000000,763.6,0.001000
156100,0.294424,1.000000,0.324103,1.000000,764.1,0.001000
156200,1.256259,0.782977,1.334230,0.759911,764.6,0.001000
156300,0.232014,1.000000,0.256280,1.000000,765.1,0.001000
156400,0.249825,1.000000,0.275281,1.000000,765.6,0.001000
156500,0.345606,1.000000,0.383421,1.000000,766.1,0.001000
156600,0.265299,1.000000,0.284685,1.000000,766.5,0.001000
156700,0.233912,1.000000,0.255837,1.000000,767.0,0.001000
156800,0.269243,1.000000,0.293096,1.000000,767.5,0.001000
156900,0.529468,0.975490,0.587359,0.963029,768.0,0.001000
157000,0.215993,1.000000,0.232149,1.000000,768.5,0.001000
157100,0.223880,1.000000,0.244541,1.000000,769.0,0.001000
157200,0.294827,1.000000,0.327432,1.000000,769.5,0.001000
157300,0.202926,1.000000,0.217465,1.000000,770.0,0.001000
157400,0.242929,1.000000,0.264545,1.000000,770.5,0.001000
157500,0.225380,1.000000,0.245856,1.000000,771.0,0.001000
157600,0.770046,0.915330,0.843920,0.898886,771.4,0.001000
157700,0.236410,1.000000,0.256867,1.000000,771.9,0.001000
157800,0.448523,0.999109,0.488250,0.998664,772.4,0.001000
157900,0.466157,0.995989,0.498165,0.997327,772.9,0.001000
158000,0.194422,1.000000,0.208318,1.000000,773.4,0.001000
158100,0.258460,1.000000,0.286197,1.000000,773.8,0.001000
158200,0.201209,1.000000,0.215388,1.000000,774.3,0.001000
158300,0.225497,1.000000,0.245300,1.000000,774.8,0.001000
158400,0.498316,0.987968,0.550525,0.984855,775.4,0.001000
158500,0.220359,1.000000,0.238180,1.000000,775.9,0.001000
158600,0.375006,0.999109,0.411441,0.998664,776.5,0.001000
158700,0.910619,0.912210,0.978266,0.882405,777.0,0.001000
158800,0.223676,1.000000,0.242301,1.000000,777.6,0.001000
158900,0.557013,0.979946,0.614925,0.975947,778.1,0.001000
159000,0.250317,1.000000,0.272236,1.000000,778.6,0.001000
159100,0.557763,0.994652,0.605744,0.988419,779.1,0.001000
159200,0.205771,1.000000,0.222269,1.000000,779.6,0.001000
159300,0.197524,1.000000,0.214003,1.000000,780.1,0.001000
159400,0.184436,1.000000,0.198565,1.000000,780.6,0.001000
159500,0.246626,1.000000,0.272101,1.000000,781.1,0.001000
159600,0.896625,0.879233,0.946867,0.873497,781.6,0.001000
159700,0.216891,1.000000,0.237122,1.000000,782.1,0.001000
159800,0.223061,1.000000,0.243011,1.000000,782.6,0.001000
159900,0.418967,0.998217,0.460572,0.998218,783.1,0.001000
160000,0.381939,0.995098,0.419556,0.989310,783.6,0.001000
160100,0.774483,0.929590,0.815495,0.914031,784.1,0.001000
160200,0.212204,1.000000,0.230888,1.000000,784.6,0.001000
160300,0.321263,1.000000,0.353407,0.999555,785.1,0.001000
160400,2.260931,0.573084,2.341566,0.542984,785.5,0.001000
160500,0.224985,1.000000,0.245810,1.000000,786.0,0.001000
160600,0.314996,1.000000,0.352381,1.000000,786.5,0.001000
160700,0.209600,1.000000,0.225762,1.000000,786.9,0.001000
160800,0.214807,1.000000,0.233435,1.000000,787.4,0.001000
160900,0.319268,1.000000,0.353915,0.999555,787.9,0.001000
161000,0.322739,0.999554,0.353467,0.999109,788.4,0.001000
161100,0.505037,0.979501,0.545688,0.973274,788.8,0.001000
161200,0.223515,1.000000,0.243720,1.000000,789.3,0.001000
161300,0.214491,1.000000,0.230755,1.000000,789.8,0.001000
161400,0.228659,1.000000,0.252631,1.000000,790.3,0.001000
161500,0.395202,0.999554,0.433886,0.997327,790.8,0.001000
161600,0.211246,1.000000,0.228883,1.000000,791.2,0.001000
161700,0.486169,0.992424,0.525326,0.989310,791.7,0.001000
161800,0.204149,1.000000,0.220048,1.000000,792.2,0.001000
161900,0.242203,1.000000,0.261088,1.000000,792.7,0.001000
162000,0.216594,1.000000,0.228339,1.000000,793.2,0.001000
162100,0.277285,1.000000,0.309006,0.999555,793.6,0.001000
162200,0.214294,1.000000,0.230918,1.000000,794.1,0.001000
162300,0.319443,1.000000,0.351977,1.000000,794.6,0.001000
162400,0.226889,1.000000,0.246894,1.000000,795.1,0.001000
162500,0.225013,1.000000,0.246786,1.000000,795.5,0.001000
162600,0.233633,1.000000,0.254410,1.000000,796.0,0.001000
162700,0.579780,0.973708,0.634318,0.961693,796.5,0.001000
162800,0.216685,1.000000,0.231362,1.000000,797.0,0.001000
162900,0.234581,1.000000,0.258982,1.000000,797.5,0.001000
163000,0.497150,0.999554,0.526158,0.999109,798.0,0.001000
163100,0.224557,1.000000,0.243440,1.000000,798.5,0.001000
163200,0.473549,0.995544,0.522257,0.987082,799.0,0.001000
163300,0.212429,1.000000,0.229403,1.000000,799.4,0.001000
163400,0.200476,1.000000,0.215546,1.000000,799.9,0.001000
163500,0.357547,1.000000,0.392709,1.000000,800.4,0.001000
163600,0.412772,0.995544,0.457435,0.994209,800.9,0.001000
163700,0.197671,1.000000,0.213574,1.000000,801.4,0.001000
163800,0.286466,1.000000,0.313449,1.000000,801.8,0.001000
163900,0.375445,0.998663,0.414402,0.998664,802.3,0.001000
164000,0.207352,1.000000,0.226484,1.000000,802.8,0.001000
164100,0.451596,1.000000,0.489423,0.998218,803.3,0.001000
164200,0.208538,1.000000,0.223755,1.000000,803.8,0.001000
164300,0.232119,1.000000,0.253368,1.000000,804.2,0.001000
164400,1.350004,0.789661,1.437320,0.755902,804.7,0.001000
164500,0.252932,1.000000,0.278347,1.000000,805.2,0.001000
164600,0.221838,1.000000,0.239081,1.000000,805.7,0.001000
164700,0.243864,1.000000,0.269442,1.000000,806.2,0.001000
164800,0.332275,1.000000,0.374915,0.999555,806.7,0.001000
164900,0.219531,1.000000,0.235892,1.000000,807.2,0.001000
165000,0.241752,1.000000,0.261313,1.000000,807.7,0.001000
165100,0.267807,1.000000,0.292946,1.000000,808.2,0.001000
165200,0.208162,1.000000,0.223237,1.000000,808.7,0.001000
165300,0.236259,1.000000,0.260855,0.999555,809.2,0.001000
165400,0.530280,0.987522,0.571364,0.986192,809.6,0.001000
165500,0.210855,1.000000,0.228991,1.000000,810.1,0.001000
165600,0.294030,1.000000,0.319599,1.000000,810.6,0.001000
165700,0.513497,0.985740,0.554436,0.980846,811.1,0.001000
165800,0.249157,1.000000,0.274146,1.000000,811.6,0.001000
165900,0.444229,0.996881,0.475514,0.994655,812.1,0.001000
166000,0.365091,0.997772,0.401009,0.995991,812.5,0.001000
166100,0.201976,1.000000,0.215766,1.000000,813.0,0.001000
166200,0.261915,1.000000,0.285350,1.000000,813.5,0.001000
166300,0.252654,1.000000,0.276315,1.000000,814.0,0.001000
166400,0.272187,1.000000,0.290153,1.000000,814.5,0.001000
166500,0.253634,1.000000,0.275991,1.000000,815.0,0.001000
166600,0.387419,0.995544,0.417196,0.995991,815.5,0.001000
166700,0.206174,1.000000,0.219922,1.000000,816.0,0.001000
166800,0.226591,1.000000,0.243108,1.000000,816.4,0.001000
166900,0.467262,0.996881,0.515723,0.998218,816.9,0.001000
167000,0.230663,1.000000,0.248767,1.000000,817.4,0.001000
167100,0.333605,1.000000,0.370140,1.000000,817.9,0.001000
167200,0.221780,1.000000,0.236895,1.000000,818.4,0.001000
167300,0.236390,1.000000,0.260429,1.000000,818.8,0.001000
167400,0.362341,1.000000,0.404096,0.999555,819.3,0.001000
167500,0.227377,1.000000,0.244227,1.000000,819.8,0.001000
167600,0.249925,1.000000,0.276939,1.000000,820.3,0.001000
167700,0.294797,1.000000,0.321726,1.000000,820.8,0.001000
167800,0.255626,1.000000,0.271796,1.000000,821.3,0.001000
167900,0.215812,1.000000,0.232401,1.000000,821.7,0.001000
168000,0.249792,1.000000,0.276825,1.000000,822.2,0.001000
168100,0.341211,0.999554,0.381291,0.998218,822.7,0.001000
168200,0.356447,0.999109,0.393853,0.998218,823.2,0.001000
168300,0.580588,0.986631,0.631982,0.983073,823.7,0.001000
168400,0.203868,1.000000,0.222484,1.000000,824.2,0.001000
168500,0.247148,1.000000,0.270908,1.000000,824.6,0.001000
168600,0.214150,1.000000,0.229806,1.000000,825.2,0.001000
168700,0.281437,1.000000,0.306752,1.000000,825.7,0.001000
168800,0.890997,0.885027,0.956468,0.870824,826.2,0.001000
168900,0.218948,1.000000,0.235955,1.000000,826.7,0.001000
169000,0.197411,1.000000,0.213192,1.000000,827.2,0.001000
169100,0.273207,1.000000,0.298732,1.000000,827.7,0.001000
169200,0.217596,1.000000,0.233244,1.000000,828.2,0.001000
169300,0.287481,1.000000,0.320173,1.000000,828.6,0.001000
169400,0.347204,1.000000,0.379496,1.000000,829.1,0.001000
169500,0.981077,0.888592,1.058532,0.846325,829.6,0.001000
169600,0.279168,1.000000,0.310344,1.000000,830.0,0.001000
169700,0.299889,1.000000,0.330545,1.000000,830.5,0.001000
169800,0.400815,0.997326,0.444594,0.995991,831.0,0.001000
169900,0.205904,1.000000,0.221049,1.000000,831.5,0.001000
170000,0.354251,1.000000,0.391732,0.999555,831.9,0.001000
170100,0.214261,1.000000,0.232023,1.000000,832.4,0.001000
170200,0.237100,1.000000,0.259301,1.000000,832.9,0.001000
170300,0.415920,0.995989,0.457613,0.991982,833.4,0.001000
170400,0.214514,1.000000,0.231042,1.000000,833.9,0.001000
170500,0.281511,1.000000,0.302128,1.000000,834.5,0.001000
170600,0.440256,1.000000,0.488725,0.998664,834.9,0.001000
170700,0.205086,1.000000,0.220476,1.000000,835.4,0.001000
170800,0.266086,1.000000,0.291681,1.000000,835.9,0.001000
170900,0.201897,1.000000,0.217152,1.000000,836.4,0.001000
171000,0.246195,1.000000,0.269808,1.000000,836.9,0.001000
171100,0.799436,0.953654,0.863483,0.930512,837.3,0.001000
171200,0.246395,1.000000,0.269488,1.000000,837.8,0.001000
171300,0.608501,0.986185,0.662750,0.974610,838.3,0.001000
171400,0.232663,1.000000,0.250348,1.000000,838.8,0.001000
171500,0.275361,1.000000,0.303452,1.000000,839.3,0.001000
171600,0.234629,1.000000,0.257814,1.000000,839.8,0.001000
171700,0.209110,1.000000,0.222990,1.000000,840.3,0.001000
171800,0.220551,1.000000,0.237941,1.000000,840.7,0.001000
171900,0.356166,1.000000,0.397122,1.000000,841.3,0.001000
172000,0.736083,0.923351,0.797290,0.916704,841.8,0.001000
172100,0.220026,1.000000,0.239433,1.000000,842.3,0.001000
172200,0.355729,0.998663,0.390240,0.995546,842.8,0.001000
172300,0.203553,1.000000,0.218786,1.000000,843.3,0.001000
172400,0.222251,1.000000,0.242088,1.000000,843.8,0.001000
172500,0.769462,0.957665,0.859187,0.940757,844.3,0.001000
172600,0.238127,1.000000,0.260903,1.000000,844.8,0.001000
172700,0.319244,1.000000,0.347741,1.000000,845.4,0.001000
172800,0.469298,0.998663,0.518650,0.998218,845.9,0.001000
172900,0.216378,1.000000,0.235237,1.000000,846.4,0.001000
173000,0.365336,0.998217,0.404187,0.998218,846.8,0.001000
173100,0.580220,0.987077,0.607730,0.982628,847.3,0.001000
173200,0.253449,1.000000,0.278067,1.000000,847.7,0.001000
173300,0.260017,1.000000,0.277560,1.000000,848.2,0.001000
173400,0.227014,1.000000,0.246268,1.000000,848.8,0.001000
173500,0.268018,1.000000,0.293723,1.000000,849.2,0.001000
173600,0.460403,0.993315,0.494791,0.993764,849.7,0.001000
173700,1.546018,0.715241,1.576438,0.699332,850.2,0.001000
173800,0.233947,1.000000,0.256924,1.000000,850.7,0.001000
173900,0.320023,1.000000,0.352893,1.000000,851.1,0.001000
174000,0.207852,1.000000,0.222646,1.000000,851.6,0.001000
174100,0.255657,1.000000,0.280795,1.000000,852.1,0.001000
174200,0.217842,1.000000,0.233747,1.000000,852.6,0.001000
174300,0.241331,1.000000,0.263769,1.000000,853.1,0.001000
174400,0.252834,1.000000,0.268325,1.000000,853.6,0.001000
174500,0.221614,1.000000,0.239294,1.000000,854.1,0.001000
174600,0.320557,0.999554,0.352788,1.000000,854.6,0.001000
174700,0.209400,1.000000,0.226132,1.000000,855.1,0.001000
174800,0.276953,1.000000,0.297171,1.000000,855.6,0.001000
174900,0.308580,1.000000,0.336419,1.000000,856.1,0.001000
175000,0.259154,1.000000,0.274260,1.000000,856.5,0.001000
175100,0.222317,1.000000,0.243186,1.000000,857.0,0.001000
175200,0.337071,1.000000,0.374660,1.000000,857.5,0.001000
175300,0.228406,1.000000,0.245972,1.000000,858.0,0.001000
175400,0.441982,0.990196,0.486628,0.987973,858.5,0.001000
175500,0.190866,1.000000,0.205520,1.000000,859.0,0.001000
175600,0.367371,0.997326,0.405919,0.997773,859.5,0.001000
175700,0.202728,1.000000,0.217546,1.000000,859.9,0.001000
175800,0.265010,1.000000,0.288279,1.000000,860.4,0.001000
175900,0.413976,0.995544,0.446799,0.991982,860.9,0.001000
176000,0.231911,1.000000,0.248826,1.000000,861.3,0.001000
176100,0.213325,1.000000,0.230177,1.000000,861.8,0.001000
176200,0.404250,0.999554,0.438935,0.996882,862.3,0.001000
176300,0.226713,1.000000,0.244808,1.000000,862.8,0.001000
176400,0.386688,0.999554,0.419548,0.999109,863.3,0.001000
176500,0.221586,1.000000,0.239716,1.000000,863.8,0.001000
176600,0.288546,1.000000,0.314614,1.000000,864.3,0.001000
176700,0.356925,1.000000,0.400488,0.998664,864.7,0.001000
176800,0.218704,1.000000,0.233201,1.000000,865.2,0.001000
176900,0.220183,1.000000,0.235510,1.000000,865.7,0.001000
177000,0.243619,1.000000,0.265948,1.000000,866.2,0.001000
177100,0.512227,0.995544,0.548397,0.995991,866.8,0.001000
177200,0.218289,1.000000,0.235168,1.000000,867.2,0.001000
177300,0.244090,1.000000,0.271958,1.000000,867.7,0.001000
177400,0.205042,1.000000,0.218658,1.000000,868.2,0.001000
177500,0.236190,1.000000,0.256045,1.000000,868.7,0.001000
177600,0.432050,0.985294,0.467476,0.985301,869.2,0.001000
177700,0.207741,1.000000,0.222705,1.000000,869.6,0.001000
177800,0.288270,1.000000,0.317812,1.000000,870.1,0.001000
177900,0.471785,0.996435,0.519000,0.995546,870.6,0.001000
178000,0.220308,1.000000,0.237065,1.000000,871.1,0.001000
178100,0.274913,1.000000,0.296783,1.000000,871.6,0.001000
178200,0.779564,0.941622,0.829100,0.926503,872.1,0.001000
178300,0.219009,1.000000,0.238991,1.000000,872.5,0.001000
178400,0.380757,0.998217,0.413341,0.999109,873.0,0.001000
178500,0.211593,1.000000,0.226529,1.000000,873.4,0.001000
178600,0.216221,1.000000,0.235651,1.000000,873.9,0.001000
178700,0.461875,0.999109,0.499555,0.997327,874.4,0.001000
178800,0.254063,1.000000,0.272803,1.000000,874.9,0.001000
178900,0.242973,1.000000,0.261586,1.000000,875.4,0.001000
179000,0.209744,1.000000,0.225841,1.000000,875.8,0.001000
179100,0.330490,1.000000,0.363534,0.999555,876.4,0.001000
179200,0.200708,1.000000,0.214369,1.000000,876.8,0.001000
179300,0.297608,1.000000,0.325700,1.000000,877.3,0.001000
179400,0.532903,0.989305,0.584802,0.983519,877.8,0.001000
179500,0.231868,1.000000,0.252498,1.000000,878.3,0.001000
179600,0.304344,1.000000,0.334291,0.999555,878.8,0.001000
179700,0.212210,1.000000,0.228764,1.000000,879.3,0.001000
179800,0.363445,0.999554,0.411722,0.997773,879.7,0.001000
179900,0.219856,1.000000,0.235442,1.000000,880.2,0.001000
180000,0.213072,1.000000,0.229827,1.000000,880.7,0.001000
180100,0.418930,0.993761,0.477355,0.986637,881.2,0.001000
180200,0.696929,0.963012,0.754029,0.943875,881.6,0.001000
180300,0.200712,1.000000,0.219002,1.000000,882.1,0.001000
180400,0.247266,1.000000,0.265797,1.000000,882.6,0.001000
180500,0.230260,1.000000,0.255979,1.000000,883.1,0.001000
180600,0.867158,0.941176,0.900405,0.924276,883.6,0.001000
180700,0.209028,1.000000,0.226388,1.000000,884.2,0.001000
180800,0.202541,1.000000,0.216954,1.000000,884.7,0.001000
180900,0.397934,0.999109,0.441462,0.997327,885.2,0.001000
181000,0.215021,1.000000,0.229407,1.000000,885.7,0.001000
181100,0.235209,1.000000,0.255178,1.000000,886.1,0.001000
181200,0.396106,1.000000,0.435876,0.999109,886.6,0.001000
181300,0.209640,1.000000,0.224503,1.000000,887.1,0.001000
181400,0.284966,1.000000,0.311860,1.000000,887.6,0.001000
181500,1.182644,0.783422,1.290949,0.745657,888.2,0.001000
181600,0.219534,1.000000,0.236240,1.000000,888.7,0.001000
181700,0.408409,0.999554,0.450421,0.998218,889.1,0.001000
181800,0.224185,1.000000,0.242323,1.000000,889.6,0.001000
181900,0.342503,1.000000,0.377386,0.999555,890.1,0.001000
182000,1.631823,0.635918,1.653270,0.630290,890.6,0.001000
182100,0.238893,1.000000,0.260267,1.000000,891.1,0.001000
182200,0.320602,0.998663,0.348881,0.998664,891.6,0.001000
182300,0.202122,1.000000,0.216624,1.000000,892.1,0.001000
182400,0.248495,1.000000,0.271252,1.000000,892.6,0.001000
182500,0.311215,1.000000,0.350004,0.999555,893.1,0.001000
182600,0.484624,0.993315,0.525727,0.989755,893.6,0.001000
182700,0.728940,0.940285,0.772785,0.930512,894.1,0.001000
182800,0.217527,1.000000,0.234132,1.000000,894.5,0.001000
182900,0.403723,0.996435,0.434548,0.996437,895.0,0.001000
183000,2.270304,0.458556,2.315748,0.430290,895.6,0.001000
183100,0.233150,1.000000,0.251778,1.000000,896.1,0.001000
183200,0.481298,0.997772,0.533262,0.992428,896.5,0.001000
183300,0.199179,1.000000,0.213208,1.000000,897.0,0.001000
183400,0.304792,0.999554,0.336739,0.999555,897.5,0.001000
183500,0.342039,0.998217,0.375409,0.996437,898.0,0.001000
183600,0.203184,1.000000,0.219474,1.000000,898.5,0.001000
183700,0.216375,1.000000,0.233820,1.000000,899.0,0.001000
183800,0.310745,1.000000,0.342808,1.000000,899.4,0.001000
183900,0.193845,1.000000,0.206421,1.000000,899.9,0.001000
184000,0.257172,1.000000,0.281121,1.000000,900.4,0.001000
184100,1.190375,0.817736,1.225847,0.791982,900.9,0.001000
184200,0.208668,1.000000,0.225002,1.000000,901.4,0.001000
184300,0.324736,1.000000,0.365417,1.000000,901.9,0.001000
184400,0.196881,1.000000,0.211523,1.000000,902.4,0.001000
184500,0.227166,1.000000,0.249918,1.000000,902.8,0.001000
184600,0.206710,1.000000,0.222310,1.000000,903.3,0.001000
184700,0.302092,1.000000,0.329793,1.000000,903.8,0.001000
184800,0.509037,0.992424,0.557711,0.989755,904.3,0.001000
184900,0.667254,0.983066,0.689158,0.978174,904.7,0.001000
185000,0.243173,1.000000,0.263309,1.000000,905.2,0.001000
185100,0.284913,1.000000,0.310911,1.000000,905.7,0.001000
185200,0.409792,1.000000,0.449933,0.997327,906.2,0.001000
185300,0.729832,0.977273,0.787647,0.955457,906.7,0.001000
185400,0.190840,1.000000,0.202877,1.000000,907.2,0.001000
185500,0.293500,1.000000,0.323552,1.000000,907.7,0.001000
185600,0.210695,1.000000,0.224912,1.000000,908.2,0.001000
185700,0.287242,1.000000,0.311786,1.000000,908.7,0.001000
185800,0.354170,1.000000,0.392780,0.997773,909.3,0.001000
185900,0.426542,1.000000,0.476456,0.999555,909.8,0.001000
186000,0.218480,1.000000,0.237943,1.000000,910.3,0.001000
186100,0.396758,0.999554,0.428527,0.997773,910.8,0.001000
186200,0.209275,1.000000,0.224095,1.000000,911.3,0.001000
186300,0.208889,1.000000,0.223713,1.000000,911.8,0.001000
186400,0.261684,1.000000,0.285197,1.000000,912.3,0.001000
186500,0.234961,1.000000,0.251695,1.000000,912.7,0.001000
186600,0.207766,1.000000,0.223116,1.000000,913.3,0.001000
186700,0.519387,0.989750,0.568404,0.985301,913.8,0.001000
186800,0.229198,1.000000,0.246601,1.000000,914.2,0.001000
186900,0.258605,1.000000,0.279721,1.000000,914.7,0.001000
187000,0.246684,1.000000,0.267701,1.000000,915.2,0.001000
187100,0.367624,0.999554,0.402406,0.999109,915.7,0.001000
187200,0.201501,1.000000,0.215698,1.000000,916.2,0.001000
187300,0.213537,1.000000,0.232981,1.000000,916.7,0.001000
187400,0.381731,0.995544,0.410675,0.996437,917.2,0.001000
187500,0.817678,0.936720,0.875615,0.931403,917.6,0.001000
187600,0.234335,1.000000,0.259235,1.000000,918.1,0.001000
187700,0.346552,1.000000,0.378506,1.000000,918.6,0.001000
187800,0.489411,0.994652,0.543519,0.993764,919.0,0.001000
187900,1.504681,0.677362,1.624266,0.640535,919.5,0.001000
188000,0.264871,1.000000,0.293599,1.000000,920.0,0.001000
188100,0.646653,0.968806,0.700382,0.950557,920.5,0.001000
188200,0.253985,1.000000,0.280965,1.000000,921.0,0.001000
188300,0.300549,1.000000,0.319235,1.000000,921.4,0.001000
188400,0.267245,1.000000,0.293422,1.000000,921.9,0.001000
188500,0.932221,0.878788,0.978955,0.862361,922.4,0.001000
188600,0.250597,1.000000,0.270668,1.000000,922.9,0.001000
188700,0.667718,0.961676,0.717373,0.947884,923.4,0.001000
188800,0.233290,1.000000,0.253522,1.000000,923.9,0.001000
188900,0.243514,1.000000,0.267635,1.000000,924.4,0.001000
189000,0.285799,1.000000,0.317068,1.000000,924.8,0.001000
189100,0.209506,1.000000,0.224663,1.000000,925.3,0.001000
189200,0.224645,1.000000,0.241648,1.000000,925.8,0.001000
189300,0.207052,1.000000,0.222156,1.000000,926.3,0.001000
189400,0.353068,0.999554,0.388943,0.999555,926.8,0.001000
189500,0.220206,1.000000,0.237372,1.000000,927.2,0.001000
189600,0.228706,1.000000,0.251462,1.000000,927.7,0.001000
189700,0.265300,1.000000,0.290572,1.000000,928.2,0.001000
189800,0.597808,0.972371,0.633456,0.967483,928.7,0.001000
189900,0.227027,1.000000,0.247106,1.000000,929.2,0.001000
190000,0.773548,0.943850,0.829928,0.939421,929.7,0.001000
190100,0.228187,1.000000,0.246884,1.000000,930.1,0.001000
190200,0.238400,1.000000,0.260107,1.000000,930.6,0.001000
190300,0.238052,1.000000,0.262081,1.000000,931.1,0.001000
190400,0.556591,0.993315,0.614313,0.983519,931.6,0.001000
190500,0.206921,1.000000,0.224640,1.000000,932.1,0.001000
190600,0.217094,1.000000,0.237188,1.000000,932.6,0.001000
190700,0.663700,0.968360,0.711293,0.963029,933.1,0.001000
190800,0.231000,1.000000,0.251305,1.000000,933.6,0.001000
190900,0.279010,1.000000,0.309093,1.000000,934.1,0.001000
191000,1.713386,0.714795,1.787253,0.693541,934.5,0.001000
191100,0.230597,1.000000,0.250465,1.000000,935.0,0.001000
191200,0.278249,1.000000,0.306134,1.000000,935.5,0.001000
191300,0.598700,0.991087,0.654513,0.986637,936.0,0.001000
191400,0.215816,1.000000,0.234423,1.000000,936.4,0.001000
191500,0.238039,1.000000,0.261159,1.000000,936.9,0.001000
191600,2.216300,0.529857,2.293664,0.497105,937.4,0.001000
191700,0.220254,1.000000,0.236888,1.000000,937.9,0.001000
191800,0.446085,0.998663,0.489743,0.994209,938.5,0.001000
191900,0.214845,1.000000,0.230158,1.000000,939.0,0.001000
192000,1.115268,0.849822,1.174582,0.822272,939.4,0.001000
192100,0.224701,1.000000,0.247200,1.000000,939.9,0.001000
192200,1.075611,0.817291,1.163199,0.787528,940.4,0.001000
192300,0.224715,1.000000,0.245949,1.000000,940.9,0.001000
192400,0.255824,1.000000,0.277482,1.000000,941.4,0.001000
192500,0.223344,1.000000,0.238489,1.000000,941.9,0.001000
192600,0.275366,1.000000,0.306293,1.000000,942.4,0.001000
192700,0.388425,0.999554,0.425761,0.997773,942.9,0.001000
192800,0.225944,1.000000,0.244746,1.000000,943.4,0.001000
192900,0.255634,1.000000,0.285311,1.000000,943.9,0.001000
193000,0.255855,1.000000,0.278264,1.000000,944.4,0.001000
193100,0.393138,0.999109,0.435271,0.998664,944.9,0.001000
193200,0.214869,1.000000,0.233744,1.000000,945.4,0.001000
193300,0.243451,1.000000,0.264975,1.000000,945.9,0.001000
193400,0.294120,1.000000,0.319407,1.000000,946.4,0.001000
193500,0.691868,0.990196,0.709773,0.981737,946.9,0.001000
193600,0.224929,1.000000,0.241149,1.000000,947.4,0.001000
193700,0.218277,1.000000,0.236340,1.000000,947.9,0.001000
193800,0.329019,1.000000,0.368046,0.998664,948.4,0.001000
193900,0.217208,1.000000,0.235391,1.000000,948.9,0.001000
194000,0.296904,1.000000,0.321028,1.000000,949.4,0.001000
194100,0.359790,1.000000,0.404462,0.998218,949.8,0.001000
194200,0.214829,1.000000,0.229991,1.000000,950.3,0.001000
194300,0.253879,1.000000,0.278395,1.000000,950.8,0.001000
194400,0.609749,0.966132,0.669616,0.960802,951.3,0.001000
194500,0.248542,1.000000,0.272512,1.000000,951.8,0.001000
194600,0.381546,0.999109,0.427568,0.998218,952.2,0.001000
194700,0.471878,0.995098,0.519064,0.990646,952.7,0.001000
194800,0.225744,1.000000,0.241292,1.000000,953.2,0.001000
194900,0.197368,1.000000,0.213762,1.000000,953.7,0.001000
195000,0.202067,1.000000,0.216212,1.000000,954.2,0.001000
195100,0.298707,1.000000,0.333625,1.000000,954.7,0.001000
195200,0.210481,1.000000,0.224718,1.000000,955.2,0.001000
195300,0.337895,1.000000,0.381453,1.000000,955.6,0.001000
195400,0.444366,0.992870,0.483245,0.991982,956.1,0.001000
195500,0.199837,1.000000,0.215875,1.000000,956.6,0.001000
195600,0.302778,1.000000,0.329029,1.000000,957.1,0.001000
195700,0.302997,1.000000,0.323122,1.000000,957.6,0.001000
195800,0.238315,1.000000,0.258737,1.000000,958.0,0.001000
195900,0.260478,1.000000,0.284648,1.000000,958.5,0.001000
196000,0.335773,1.000000,0.355805,1.000000,959.0,0.001000
196100,0.236431,1.000000,0.261312,1.000000,959.5,0.001000
196200,0.333356,1.000000,0.361444,1.000000,960.0,0.001000
196300,0.286176,1.000000,0.318340,0.999555,960.5,0.001000
196400,0.225013,1.000000,0.242575,1.000000,961.0,0.001000
196500,0.287374,1.000000,0.318198,0.999555,961.4,0.001000
196600,0.233724,1.000000,0.249128,1.000000,961.9,0.001000
196700,0.213876,1.000000,0.230538,1.000000,962.4,0.001000
196800,0.325077,1.000000,0.357048,1.000000,962.8,0.001000
196900,0.228962,1.000000,0.245365,1.000000,963.3,0.001000
197000,2.331808,0.521836,2.395017,0.504232,963.8,0.001000
197100,0.242524,1.000000,0.264125,1.000000,964.3,0.001000
197200,0.568098,0.986631,0.604687,0.981292,964.7,0.001000
197300,0.224593,1.000000,0.241148,1.000000,965.2,0.001000
197400,0.255799,1.000000,0.284886,1.000000,965.7,0.001000
197500,0.367486,0.996435,0.412348,0.995991,966.1,0.001000
197600,0.201364,1.000000,0.217868,1.000000,966.6,0.001000
197700,0.243723,1.000000,0.267255,0.999555,967.1,0.001000
197800,0.672537,0.980838,0.722605,0.971492,967.6,0.001000
197900,0.212092,1.000000,0.229308,1.000000,968.1,0.001000
198000,0.280693,1.000000,0.311046,1.000000,968.6,0.001000
198100,0.376034,1.000000,0.411672,1.000000,969.1,0.001000
198200,0.222763,1.000000,0.240114,1.000000,969.6,0.001000
198300,0.281349,1.000000,0.308847,1.000000,970.1,0.001000
198400,0.378815,0.997772,0.414018,0.995100,970.6,0.001000
198500,0.191584,1.000000,0.205694,1.000000,971.1,0.001000
198600,0.275111,1.000000,0.300818,1.000000,971.6,0.001000
198700,0.208367,1.000000,0.221067,1.000000,972.1,0.001000
198800,0.231201,1.000000,0.253534,1.000000,972.6,0.001000
198900,0.652643,0.963012,0.701516,0.955011,973.2,0.001000
199000,0.206948,1.000000,0.222291,1.000000,973.7,0.001000
199100,0.261882,1.000000,0.286494,1.000000,974.2,0.001000
199200,1.716275,0.621212,1.712560,0.622717,974.8,0.001000
199300,0.209330,1.000000,0.228784,1.000000,975.3,0.001000
199400,0.221346,1.000000,0.239893,1.000000,975.9,0.001000
199500,1.985864,0.541444,2.033301,0.517149,976.4,0.001000
199600,0.293168,1.000000,0.316510,1.000000,976.9,0.001000
199700,0.242348,1.000000,0.261934,1.000000,977.3,0.001000
199800,0.353609,0.995098,0.383707,0.994209,977.8,0.001000
199900,2.767473,0.303476,2.800391,0.305568,978.3,0.001000
