step,train_loss,train_acc,test_loss,test_acc,elapsed_sec,lr
0,4.981778,0.016043,4.994588,0.013808,0.0,0.000020
100,3.743630,0.124777,4.933402,0.006236,0.5,0.001000
200,0.503571,0.934046,4.194464,0.410245,1.0,0.001000
300,0.019154,1.000000,3.941472,0.488641,1.5,0.001000
400,0.005921,1.000000,3.926684,0.489087,1.9,0.001000
500,0.002068,1.000000,3.975508,0.488641,2.4,0.001000
600,0.000726,1.000000,4.036943,0.488196,2.9,0.001000
700,0.000266,1.000000,4.132906,0.489087,3.4,0.001000
800,0.002725,1.000000,4.377188,0.487751,3.8,0.001000
900,0.000529,1.000000,4.268678,0.487751,4.3,0.001000
1000,0.000343,1.000000,4.189545,0.487305,4.8,0.001000
1100,0.000183,1.000000,4.216244,0.487305,5.3,0.001000
1200,0.000079,1.000000,4.336712,0.487751,5.8,0.001000
1300,0.000031,1.000000,4.493906,0.488196,6.3,0.001000
1400,0.000012,1.000000,4.654547,0.488196,6.8,0.001000
1500,0.000004,1.000000,4.844266,0.488196,7.3,0.001000
1600,0.000002,1.000000,5.005974,0.489532,7.8,0.001000
1700,0.000001,1.000000,5.174230,0.489087,8.3,0.001000
1800,0.141840,0.972816,5.322300,0.462361,8.7,0.001000
1900,0.001289,1.000000,5.050660,0.487305,9.2,0.001000
2000,0.000686,1.000000,4.846286,0.487751,9.7,0.001000
2100,0.000329,1.000000,4.613023,0.487751,10.2,0.001000
2200,0.000160,1.000000,4.373467,0.488196,10.7,0.001000
2300,0.000087,1.000000,4.217808,0.488641,11.2,0.001000
2400,0.000049,1.000000,4.184135,0.487751,11.7,0.001000
2500,0.077461,0.996435,4.380947,0.481960,12.2,0.001000
2600,0.002675,1.000000,4.160447,0.487751,12.7,0.001000
2700,0.001293,1.000000,3.959201,0.487751,13.2,0.001000
2800,0.000647,1.000000,3.779097,0.487751,13.6,0.001000
2900,0.000383,1.000000,3.715389,0.487751,14.1,0.001000
3000,0.006887,1.000000,3.772939,0.488196,14.6,0.001000
3100,0.001667,1.000000,3.635384,0.488641,15.1,0.001000
3200,0.000951,1.000000,3.534155,0.489532,15.6,0.001000
3300,0.000507,1.000000,3.529701,0.489978,16.1,0.001000
3400,0.000247,1.000000,3.611183,0.489087,16.6,0.001000
3500,0.000105,1.000000,3.735655,0.489978,17.0,0.001000
3600,1.409964,0.639483,4.923578,0.214699,17.5,0.001000
3700,0.003727,1.000000,3.638254,0.488641,18.0,0.001000
3800,0.001677,1.000000,3.493284,0.489087,18.5,0.001000
3900,0.000784,1.000000,3.382668,0.490423,19.0,0.001000
4000,0.232671,0.968806,3.639607,0.456570,19.5,0.001000
4100,0.002519,1.000000,3.169368,0.493541,20.0,0.001000
4200,0.001368,1.000000,3.111404,0.493541,20.4,0.001000
4300,0.000683,1.000000,3.119681,0.493987,20.9,0.001000
4400,0.000338,1.000000,3.209409,0.496214,21.4,0.001000
4500,0.000157,1.000000,3.317406,0.493987,21.9,0.001000
4600,0.000062,1.000000,3.474774,0.493096,22.4,0.001000
4700,0.005313,1.000000,3.108720,0.493096,23.0,0.001000
4800,0.001720,1.000000,3.003652,0.493987,23.4,0.001000
4900,0.000790,1.000000,2.916477,0.497105,24.0,0.001000
5000,0.000388,1.000000,2.939221,0.496659,24.4,0.001000
5100,0.000213,1.000000,3.030751,0.495323,24.9,0.001000
5200,0.000115,1.000000,3.184398,0.498441,25.5,0.001000
5300,0.194572,0.974599,3.176502,0.471715,26.0,0.001000
5400,0.002992,1.000000,2.592240,0.506904,26.5,0.001000
5500,0.001415,1.000000,2.478818,0.514031,27.0,0.001000
5600,0.000620,1.000000,2.427438,0.522049,27.5,0.001000
5700,0.000295,1.000000,2.484600,0.516258,27.9,0.001000
5800,0.000155,1.000000,2.626513,0.510913,28.4,0.001000
5900,0.000074,1.000000,2.759212,0.509131,28.9,0.001000
6000,0.000036,1.000000,2.914717,0.508686,29.4,0.001000
6100,0.042013,1.000000,1.738450,0.563474,29.9,0.001000
6200,0.007827,1.000000,1.457749,0.605791,30.4,0.001000
6300,0.002563,1.000000,1.173186,0.666370,30.9,0.001000
6400,0.000948,1.000000,0.969728,0.710468,31.4,0.001000
6500,0.114207,0.993761,1.152790,0.668151,31.9,0.001000
6600,0.004611,1.000000,0.412082,0.869933,32.3,0.001000
6700,0.002139,1.000000,0.244799,0.932294,32.8,0.001000
6800,0.000921,1.000000,0.110185,0.977283,33.3,0.001000
6900,0.000393,1.000000,0.044294,0.994655,33.8,0.001000
7000,0.000155,1.000000,0.014997,0.999109,34.2,0.001000
7100,0.000059,1.000000,0.004683,0.999555,34.7,0.001000
7200,0.000023,1.000000,0.001879,1.000000,35.2,0.001000
7300,0.000008,1.000000,0.000635,1.000000,35.7,0.001000
7400,0.000003,1.000000,0.000143,1.000000,36.1,0.001000
7500,0.000001,1.000000,0.000037,1.000000,36.6,0.001000
7600,0.000000,1.000000,0.000009,1.000000,37.2,0.001000
7700,1.616207,0.596702,2.216583,0.423608,37.7,0.001000
7800,0.004119,1.000000,0.024992,0.999109,38.2,0.001000
7900,0.001607,1.000000,0.010048,0.999555,38.6,0.001000
8000,0.000662,1.000000,0.003701,1.000000,39.2,0.001000
8100,0.000315,1.000000,0.001604,1.000000,39.8,0.001000
8200,0.000155,1.000000,0.000843,1.000000,40.3,0.001000
8300,0.000091,1.000000,0.000357,1.000000,40.8,0.001000
8400,0.000044,1.000000,0.000123,1.000000,41.2,0.001000
8500,0.000020,1.000000,0.000077,1.000000,41.7,0.001000
8600,0.000007,1.000000,0.000021,1.000000,42.2,0.001000
8700,0.002858,1.000000,0.011461,0.999109,42.7,0.001000
8800,0.001124,1.000000,0.004240,1.000000,43.1,0.001000
8900,0.000584,1.000000,0.001917,1.000000,43.6,0.001000
9000,0.000338,1.000000,0.000957,1.000000,44.1,0.001000
9100,0.000213,1.000000,0.000558,1.000000,44.6,0.001000
9200,0.000113,1.000000,0.000265,1.000000,45.1,0.001000
9300,0.000055,1.000000,0.000112,1.000000,45.6,0.001000
9400,0.000025,1.000000,0.000058,1.000000,46.1,0.001000
9500,0.001687,1.000000,0.005868,1.000000,46.6,0.001000
9600,0.001006,1.000000,0.003025,1.000000,47.1,0.001000
9700,0.000660,1.000000,0.001697,1.000000,47.5,0.001000
9800,0.000400,1.000000,0.000855,1.000000,48.0,0.001000
9900,0.000221,1.000000,0.000438,1.000000,48.5,0.001000
10000,0.000104,1.000000,0.000184,1.000000,48.9,0.001000
10100,0.000045,1.000000,0.000080,1.000000,49.4,0.001000
10200,0.210124,0.962121,0.338314,0.918931,49.9,0.001000
10300,0.001870,1.000000,0.005455,1.000000,50.4,0.001000
10400,0.001099,1.000000,0.002802,1.000000,50.9,0.001000
10500,0.000731,1.000000,0.001551,1.000000,51.3,0.001000
10600,0.000457,1.000000,0.000827,1.000000,51.8,0.001000
10700,0.000239,1.000000,0.000397,1.000000,52.4,0.001000
10800,0.000120,1.000000,0.000195,1.000000,52.8,0.001000
10900,0.000046,1.000000,0.000074,1.000000,53.3,0.001000
11000,0.860739,0.764260,1.119122,0.679287,53.8,0.001000
11100,0.002209,1.000000,0.009748,0.999109,54.3,0.001000
11200,0.001238,1.000000,0.004678,1.000000,54.8,0.001000
11300,0.000786,1.000000,0.002033,1.000000,55.2,0.001000
11400,0.000482,1.000000,0.000999,1.000000,55.7,0.001000
11500,0.000254,1.000000,0.000394,1.000000,56.2,0.001000
11600,0.000136,1.000000,0.000195,1.000000,56.7,0.001000
11700,0.000061,1.000000,0.000084,1.000000,57.2,0.001000
11800,0.004733,1.000000,0.017128,0.998664,57.7,0.001000
11900,0.001444,1.000000,0.004239,1.000000,58.2,0.001000
12000,0.000945,1.000000,0.002298,1.000000,58.7,0.001000
12100,0.000586,1.000000,0.001181,1.000000,59.2,0.001000
12200,0.000335,1.000000,0.000563,1.000000,59.7,0.001000
12300,0.000175,1.000000,0.000252,1.000000,60.2,0.001000
12400,0.000082,1.000000,0.000119,1.000000,60.7,0.001000
12500,0.000032,1.000000,0.000045,1.000000,61.2,0.001000
12600,0.011363,1.000000,0.035976,0.995546,61.7,0.001000
12700,0.002266,1.000000,0.007385,1.000000,62.1,0.001000
12800,0.001205,1.000000,0.003222,1.000000,62.6,0.001000
12900,0.000717,1.000000,0.001624,1.000000,63.1,0.001000
13000,0.000429,1.000000,0.000759,1.000000,63.6,0.001000
13100,0.000234,1.000000,0.000366,1.000000,64.1,0.001000
13200,0.000113,1.000000,0.000162,1.000000,64.6,0.001000
13300,0.000048,1.000000,0.000066,1.000000,65.0,0.001000
13400,0.002714,1.000000,0.007163,1.000000,65.6,0.001000
13500,0.001054,1.000000,0.002367,1.000000,66.1,0.001000
13600,0.000668,1.000000,0.001280,1.000000,66.6,0.001000
13700,0.000472,1.000000,0.000797,1.000000,67.0,0.001000
13800,0.000298,1.000000,0.000451,1.000000,67.5,0.001000
13900,0.000154,1.000000,0.000218,1.000000,68.0,0.001000
14000,0.000068,1.000000,0.000094,1.000000,68.5,0.001000
14100,0.000027,1.000000,0.000036,1.000000,69.0,0.001000
14200,0.002457,1.000000,0.006855,1.000000,69.5,0.001000
14300,0.001214,1.000000,0.002877,1.000000,70.0,0.001000
14400,0.000712,1.000000,0.001393,1.000000,70.5,0.001000
14500,0.000450,1.000000,0.000808,1.000000,71.0,0.001000
14600,0.000293,1.000000,0.000492,1.000000,71.4,0.001000
14700,0.000159,1.000000,0.000242,1.000000,71.9,0.001000
14800,0.000070,1.000000,0.000097,1.000000,72.4,0.001000
14900,0.000029,1.000000,0.000039,1.000000,72.9,0.001000
15000,0.002430,1.000000,0.006293,1.000000,73.4,0.001000
15100,0.001207,1.000000,0.002764,1.000000,73.8,0.001000
15200,0.000672,1.000000,0.001313,1.000000,74.3,0.001000
15300,0.000467,1.000000,0.000797,1.000000,74.8,0.001000
15400,0.000322,1.000000,0.000537,1.000000,75.3,0.001000
15500,0.000169,1.000000,0.000257,1.000000,75.7,0.001000
15600,0.000072,1.000000,0.000108,1.000000,76.2,0.001000
15700,0.055387,0.995989,0.109735,0.983519,76.7,0.001000
15800,0.001420,1.000000,0.003403,1.000000,77.1,0.001000
15900,0.000846,1.000000,0.001729,1.000000,77.6,0.001000
16000,0.000573,1.000000,0.001022,1.000000,78.1,0.001000
16100,0.000415,1.000000,0.000673,1.000000,78.6,0.001000
16200,0.000247,1.000000,0.000393,1.000000,79.0,0.001000
16300,0.000116,1.000000,0.000176,1.000000,79.5,0.001000
16400,0.000048,1.000000,0.000069,1.000000,80.0,0.001000
16500,0.000018,1.000000,0.000025,1.000000,80.5,0.001000
16600,0.002962,1.000000,0.008566,1.000000,81.0,0.001000
16700,0.001355,1.000000,0.003426,1.000000,81.5,0.001000
16800,0.000705,1.000000,0.001533,1.000000,82.0,0.001000
16900,0.000443,1.000000,0.000873,1.000000,82.5,0.001000
17000,0.000311,1.000000,0.000551,1.000000,83.0,0.001000
17100,0.000171,1.000000,0.000282,1.000000,83.5,0.001000
17200,0.000076,1.000000,0.000118,1.000000,83.9,0.001000
17300,0.000028,1.000000,0.000043,1.000000,84.4,0.001000
17400,0.006239,1.000000,0.020398,0.996882,84.9,0.001000
17500,0.001166,1.000000,0.003949,1.000000,85.4,0.001000
17600,0.000670,1.000000,0.001815,1.000000,85.9,0.001000
17700,0.000458,1.000000,0.001080,1.000000,86.4,0.001000
17800,0.000336,1.000000,0.000694,1.000000,86.9,0.001000
17900,0.000188,1.000000,0.000336,1.000000,87.4,0.001000
18000,0.000091,1.000000,0.000147,1.000000,88.0,0.001000
18100,0.001454,1.000000,0.003132,1.000000,88.5,0.001000
18200,0.000831,1.000000,0.001506,1.000000,89.0,0.001000
18300,0.000618,1.000000,0.000982,1.000000,89.4,0.001000
18400,0.000444,1.000000,0.000675,1.000000,90.0,0.001000
18500,0.000244,1.000000,0.000363,1.000000,90.5,0.001000
18600,0.000111,1.000000,0.000159,1.000000,91.0,0.001000
18700,0.000045,1.000000,0.000065,1.000000,91.6,0.001000
18800,0.000018,1.000000,0.000026,1.000000,92.1,0.001000
18900,0.004470,1.000000,0.014615,0.998218,92.6,0.001000
19000,0.001159,1.000000,0.003075,1.000000,93.0,0.001000
19100,0.000621,1.000000,0.001349,1.000000,93.5,0.001000
19200,0.000407,1.000000,0.000752,1.000000,94.0,0.001000
19300,0.000326,1.000000,0.000555,1.000000,94.5,0.001000
19400,0.000211,1.000000,0.000320,1.000000,95.1,0.001000
19500,0.000109,1.000000,0.000157,1.000000,95.5,0.001000
19600,0.000045,1.000000,0.000063,1.000000,96.0,0.001000
19700,0.006865,1.000000,0.016027,1.000000,96.5,0.001000
19800,0.001517,1.000000,0.003611,1.000000,97.0,0.001000
19900,0.000849,1.000000,0.001811,1.000000,97.5,0.001000
20000,0.000563,1.000000,0.001060,1.000000,97.9,0.001000
20100,0.000375,1.000000,0.000635,1.000000,98.4,0.001000
20200,0.000209,1.000000,0.000332,1.000000,98.9,0.001000
20300,0.000096,1.000000,0.000141,1.000000,99.4,0.001000
20400,0.000040,1.000000,0.000058,1.000000,99.9,0.001000
20500,0.004722,1.000000,0.013962,0.999109,100.4,0.001000
20600,0.001138,1.000000,0.002830,1.000000,100.8,0.001000
20700,0.000705,1.000000,0.001441,1.000000,101.3,0.001000
20800,0.000500,1.000000,0.000882,1.000000,101.8,0.001000
20900,0.000351,1.000000,0.000560,1.000000,102.3,0.001000
21000,0.000197,1.000000,0.000295,1.000000,102.8,0.001000
21100,0.000094,1.000000,0.000138,1.000000,103.3,0.001000
21200,0.000039,1.000000,0.000054,1.000000,103.8,0.001000
21300,0.000017,1.000000,0.000023,1.000000,104.3,0.001000
21400,0.000006,1.000000,0.000008,1.000000,104.8,0.001000
21500,0.004570,1.000000,0.014997,0.999555,105.3,0.001000
21600,0.001532,1.000000,0.004722,1.000000,105.7,0.001000
21700,0.000787,1.000000,0.002073,1.000000,106.2,0.001000
21800,0.000510,1.000000,0.001061,1.000000,106.7,0.001000
21900,0.000322,1.000000,0.000560,1.000000,107.2,0.001000
22000,0.000177,1.000000,0.000288,1.000000,107.7,0.001000
22100,0.000100,1.000000,0.000152,1.000000,108.2,0.001000
22200,0.000047,1.000000,0.000072,1.000000,108.6,0.001000
22300,4.910317,0.074421,5.132436,0.059688,109.1,0.001000
22400,0.001927,1.000000,0.005955,1.000000,109.6,0.001000
22500,0.001016,1.000000,0.002613,1.000000,110.1,0.001000
22600,0.000601,1.000000,0.001246,1.000000,110.6,0.001000
22700,0.000396,1.000000,0.000710,1.000000,111.1,0.001000
22800,0.000265,1.000000,0.000431,1.000000,111.5,0.001000
22900,0.000146,1.000000,0.000217,1.000000,112.0,0.001000
23000,0.000065,1.000000,0.000092,1.000000,112.5,0.001000
23100,0.000026,1.000000,0.000037,1.000000,113.0,0.001000
23200,0.002755,1.000000,0.007087,1.000000,113.5,0.001000
23300,0.001032,1.000000,0.002346,1.000000,114.0,0.001000
23400,0.000648,1.000000,0.001250,1.000000,114.6,0.001000
23500,0.000436,1.000000,0.000756,1.000000,115.0,0.001000
23600,0.000292,1.000000,0.000488,1.000000,115.6,0.001000
23700,0.000160,1.000000,0.000260,1.000000,116.0,0.001000
23800,0.000075,1.000000,0.000121,1.000000,116.5,0.001000
23900,0.000031,1.000000,0.000046,1.000000,117.0,0.001000
24000,2.941231,0.339572,3.266045,0.277951,117.5,0.001000
24100,0.001599,1.000000,0.004321,1.000000,118.0,0.001000
24200,0.000864,1.000000,0.001952,1.000000,118.5,0.001000
24300,0.000533,1.000000,0.001006,1.000000,119.0,0.001000
24400,0.000360,1.000000,0.000607,1.000000,119.5,0.001000
24500,0.000247,1.000000,0.000401,1.000000,120.0,0.001000
24600,0.000133,1.000000,0.000202,1.000000,120.4,0.001000
24700,0.000059,1.000000,0.000089,1.000000,120.9,0.001000
24800,0.099403,0.990642,0.181615,0.968374,121.4,0.001000
24900,0.001403,1.000000,0.003591,1.000000,121.9,0.001000
25000,0.000796,1.000000,0.001717,1.000000,122.4,0.001000
25100,0.000501,1.000000,0.000872,1.000000,122.9,0.001000
25200,0.000351,1.000000,0.000538,1.000000,123.3,0.001000
25300,0.000225,1.000000,0.000338,1.000000,123.8,0.001000
25400,0.000112,1.000000,0.000170,1.000000,124.3,0.001000
25500,0.000047,1.000000,0.000068,1.000000,124.8,0.001000
25600,0.007410,1.000000,0.021974,0.998664,125.3,0.001000
25700,0.001484,1.000000,0.004601,1.000000,125.8,0.001000
25800,0.000872,1.000000,0.002057,1.000000,126.3,0.001000
25900,0.000528,1.000000,0.001015,1.000000,126.8,0.001000
26000,0.000372,1.000000,0.000658,1.000000,127.3,0.001000
26100,0.000220,1.000000,0.000343,1.000000,127.8,0.001000
26200,0.000100,1.000000,0.000160,1.000000,128.2,0.001000
26300,0.000041,1.000000,0.000064,1.000000,128.7,0.001000
26400,0.000016,1.000000,0.000026,1.000000,129.3,0.001000
26500,0.127720,0.971925,0.185597,0.955011,129.8,0.001000
26600,0.000963,1.000000,0.002666,1.000000,130.2,0.001000
26700,0.000563,1.000000,0.001387,1.000000,130.7,0.001000
26800,0.000358,1.000000,0.000766,1.000000,131.2,0.001000
26900,0.000248,1.000000,0.000482,1.000000,131.7,0.001000
27000,0.000172,1.000000,0.000299,1.000000,132.2,0.001000
27100,0.000093,1.000000,0.000153,1.000000,132.7,0.001000
27200,0.000041,1.000000,0.000060,1.000000,133.2,0.001000
27300,0.000017,1.000000,0.000027,1.000000,133.7,0.001000
27400,0.215880,0.961230,0.371494,0.907795,134.2,0.001000
27500,0.001588,1.000000,0.005652,0.999555,134.7,0.001000
27600,0.000789,1.000000,0.002284,1.000000,135.2,0.001000
27700,0.000433,1.000000,0.000997,1.000000,135.6,0.001000
27800,0.000318,1.000000,0.000654,1.000000,136.1,0.001000
27900,0.000240,1.000000,0.000460,1.000000,136.6,0.001000
28000,0.000133,1.000000,0.000216,1.000000,137.1,0.001000
28100,0.000061,1.000000,0.000097,1.000000,137.6,0.001000
28200,0.000025,1.000000,0.000036,1.000000,138.1,0.001000
28300,0.003384,1.000000,0.008815,0.999555,138.5,0.001000
28400,0.001316,1.000000,0.003113,1.000000,139.0,0.001000
28500,0.000778,1.000000,0.001546,1.000000,139.5,0.001000
28600,0.000494,1.000000,0.000870,1.000000,140.0,0.001000
28700,0.000308,1.000000,0.000543,1.000000,140.5,0.001000
28800,0.000179,1.000000,0.000286,1.000000,141.0,0.001000
28900,0.000087,1.000000,0.000133,1.000000,141.5,0.001000
29000,0.000037,1.000000,0.000053,1.000000,142.0,0.001000
29100,0.000016,1.000000,0.000024,1.000000,142.5,0.001000
29200,0.001635,1.000000,0.007456,0.999555,143.0,0.001000
29300,0.000891,1.000000,0.002905,1.000000,143.4,0.001000
29400,0.000565,1.000000,0.001295,1.000000,143.9,0.001000
29500,0.000379,1.000000,0.000748,1.000000,144.4,0.001000
29600,0.000241,1.000000,0.000432,1.000000,144.9,0.001000
29700,0.000139,1.000000,0.000232,1.000000,145.4,0.001000
29800,0.000065,1.000000,0.000098,1.000000,145.9,0.001000
29900,0.000028,1.000000,0.000039,1.000000,146.3,0.001000
30000,0.268527,0.926916,0.390328,0.894877,146.8,0.001000
30100,0.001194,1.000000,0.003681,1.000000,147.3,0.001000
30200,0.000693,1.000000,0.001797,1.000000,147.8,0.001000
30300,0.000442,1.000000,0.000874,1.000000,148.3,0.001000
30400,0.000290,1.000000,0.000474,1.000000,148.7,0.001000
30500,0.000192,1.000000,0.000306,1.000000,149.2,0.001000
30600,0.000105,1.000000,0.000160,1.000000,149.7,0.001000
30700,0.000047,1.000000,0.000068,1.000000,150.2,0.001000
30800,0.000019,1.000000,0.000027,1.000000,150.7,0.001000
30900,0.012984,1.000000,0.034334,0.998664,151.2,0.001000
31000,0.001815,1.000000,0.004688,1.000000,151.7,0.001000
31100,0.000830,1.000000,0.001777,1.000000,152.2,0.001000
31200,0.000467,1.000000,0.000842,1.000000,152.7,0.001000
31300,0.000318,1.000000,0.000519,1.000000,153.2,0.001000
31400,0.000216,1.000000,0.000329,1.000000,153.7,0.001000
31500,0.000114,1.000000,0.000165,1.000000,154.3,0.001000
31600,0.000050,1.000000,0.000070,1.000000,154.8,0.001000
31700,0.000020,1.000000,0.000027,1.000000,155.3,0.001000
31800,0.004098,1.000000,0.013998,0.999109,155.8,0.001000
31900,0.000761,1.000000,0.002158,1.000000,156.3,0.001000
32000,0.000480,1.000000,0.001009,1.000000,156.8,0.001000
32100,0.000313,1.000000,0.000541,1.000000,157.4,0.001000
32200,0.000200,1.000000,0.000325,1.000000,157.9,0.001000
32300,0.000122,1.000000,0.000181,1.000000,158.4,0.001000
32400,0.000061,1.000000,0.000087,1.000000,158.9,0.001000
32500,0.000027,1.000000,0.000038,1.000000,159.3,0.001000
32600,0.000011,1.000000,0.000014,1.000000,159.8,0.001000
32700,0.002401,1.000000,0.006493,1.000000,160.3,0.001000
32800,0.001066,1.000000,0.002738,1.000000,160.7,0.001000
32900,0.000549,1.000000,0.001261,1.000000,161.2,0.001000
33000,0.000337,1.000000,0.000657,1.000000,161.7,0.001000
33100,0.000245,1.000000,0.000401,1.000000,162.3,0.001000
33200,0.000153,1.000000,0.000224,1.000000,162.7,0.001000
33300,0.000074,1.000000,0.000101,1.000000,163.2,0.001000
33400,0.000031,1.000000,0.000041,1.000000,163.7,0.001000
33500,0.005405,1.000000,0.011109,1.000000,164.2,0.001000
33600,0.000882,1.000000,0.001775,1.000000,164.7,0.001000
33700,0.000527,1.000000,0.000956,1.000000,165.2,0.001000
33800,0.000359,1.000000,0.000588,1.000000,165.7,0.001000
33900,0.000270,1.000000,0.000414,1.000000,166.1,0.001000
34000,0.000160,1.000000,0.000236,1.000000,166.6,0.001000
34100,0.000075,1.000000,0.000107,1.000000,167.1,0.001000
34200,0.000031,1.000000,0.000043,1.000000,167.6,0.001000
34300,0.000012,1.000000,0.000017,1.000000,168.1,0.001000
34400,0.210008,0.955882,0.370884,0.911359,168.6,0.001000
34500,0.001416,1.000000,0.004798,1.000000,169.1,0.001000
34600,0.000737,1.000000,0.002462,1.000000,169.5,0.001000
34700,0.000422,1.000000,0.001217,1.000000,170.0,0.001000
34800,0.000281,1.000000,0.000613,1.000000,170.5,0.001000
34900,0.000191,1.000000,0.000323,1.000000,171.1,0.001000
35000,0.000108,1.000000,0.000164,1.000000,171.6,0.001000
35100,0.000051,1.000000,0.000070,1.000000,172.1,0.001000
35200,0.110007,0.991979,0.185879,0.973274,172.5,0.001000
35300,0.002115,1.000000,0.004658,1.000000,173.0,0.001000
35400,0.001033,1.000000,0.001999,1.000000,173.5,0.001000
35500,0.000608,1.000000,0.001026,1.000000,174.0,0.001000
35600,0.000414,1.000000,0.000664,1.000000,174.4,0.001000
35700,0.000268,1.000000,0.000410,1.000000,174.9,0.001000
35800,0.000132,1.000000,0.000196,1.000000,175.4,0.001000
35900,0.000056,1.000000,0.000077,1.000000,175.9,0.001000
36000,0.000023,1.000000,0.000030,1.000000,176.4,0.001000
36100,0.000009,1.000000,0.000011,1.000000,176.9,0.001000
36200,0.001538,1.000000,0.004725,0.999555,177.4,0.001000
36300,0.000735,1.000000,0.001986,1.000000,177.9,0.001000
36400,0.000449,1.000000,0.001030,1.000000,178.4,0.001000
36500,0.000293,1.000000,0.000576,1.000000,178.9,0.001000
36600,0.000201,1.000000,0.000352,1.000000,179.4,0.001000
36700,0.000118,1.000000,0.000195,1.000000,179.8,0.001000
36800,0.000058,1.000000,0.000087,1.000000,180.3,0.001000
36900,0.000025,1.000000,0.000035,1.000000,180.8,0.001000
37000,0.000010,1.000000,0.000013,1.000000,181.3,0.001000
37100,0.029164,0.998217,0.058279,0.992873,181.8,0.001000
37200,0.000768,1.000000,0.002237,1.000000,182.3,0.001000
37300,0.000462,1.000000,0.001218,1.000000,182.8,0.001000
37400,0.000298,1.000000,0.000649,1.000000,183.3,0.001000
37500,0.000222,1.000000,0.000392,1.000000,183.8,0.001000
37600,0.000162,1.000000,0.000261,1.000000,184.3,0.001000
37700,0.000091,1.000000,0.000134,1.000000,184.7,0.001000
37800,0.000043,1.000000,0.000059,1.000000,185.3,0.001000
37900,0.073033,0.994652,0.129624,0.981292,185.8,0.001000
38000,0.001274,1.000000,0.003358,1.000000,186.3,0.001000
38100,0.000760,1.000000,0.001741,1.000000,186.7,0.001000
38200,0.000525,1.000000,0.001015,1.000000,187.2,0.001000
38300,0.000385,1.000000,0.000648,1.000000,187.7,0.001000
38400,0.000225,1.000000,0.000345,1.000000,188.2,0.001000
38500,0.000113,1.000000,0.000159,1.000000,188.7,0.001000
38600,0.000049,1.000000,0.000064,1.000000,189.2,0.001000
38700,0.000019,1.000000,0.000025,1.000000,189.7,0.001000
38800,0.003655,1.000000,0.009733,0.999109,190.2,0.001000
38900,0.000710,1.000000,0.001592,1.000000,190.7,0.001000
39000,0.000456,1.000000,0.000870,1.000000,191.1,0.001000
39100,0.000326,1.000000,0.000555,1.000000,191.6,0.001000
39200,0.000247,1.000000,0.000412,1.000000,192.1,0.001000
39300,0.000147,1.000000,0.000233,1.000000,192.5,0.001000
39400,0.000071,1.000000,0.000102,1.000000,193.1,0.001000
39500,0.000030,1.000000,0.000041,1.000000,193.6,0.001000
39600,0.000011,1.000000,0.000015,1.000000,194.2,0.001000
39700,3.152836,0.192959,3.407210,0.138976,194.6,0.001000
39800,0.009512,1.000000,0.023553,0.999109,195.1,0.001000
39900,0.003168,1.000000,0.006604,1.000000,195.6,0.001000
40000,0.000903,1.000000,0.001720,1.000000,196.1,0.001000
40100,0.000405,1.000000,0.000719,1.000000,196.5,0.001000
40200,1.340842,0.747772,1.551760,0.669933,197.0,0.001000
40300,0.003901,1.000000,0.007821,1.000000,197.5,0.001000
40400,0.001619,1.000000,0.002994,1.000000,198.0,0.001000
40500,0.000866,1.000000,0.001425,1.000000,198.5,0.001000
40600,0.000448,1.000000,0.000710,1.000000,199.0,0.001000
40700,0.000236,1.000000,0.000349,1.000000,199.5,0.001000
40800,0.000105,1.000000,0.000146,1.000000,199.9,0.001000
40900,0.000043,1.000000,0.000057,1.000000,200.4,0.001000
41000,0.002880,1.000000,0.010943,0.998664,200.9,0.001000
41100,0.001183,1.000000,0.004240,0.999109,201.4,0.001000
41200,0.000714,1.000000,0.001960,1.000000,201.9,0.001000
41300,0.000485,1.000000,0.000938,1.000000,202.4,0.001000
41400,0.000332,1.000000,0.000540,1.000000,202.9,0.001000
41500,0.000183,1.000000,0.000265,1.000000,203.4,0.001000
41600,0.000084,1.000000,0.000116,1.000000,203.9,0.001000
41700,0.000034,1.000000,0.000045,1.000000,204.4,0.001000
41800,0.000014,1.000000,0.000019,1.000000,204.9,0.001000
41900,0.007875,1.000000,0.020833,0.997327,205.4,0.001000
42000,0.001047,1.000000,0.002860,1.000000,205.9,0.001000
42100,0.000621,1.000000,0.001498,1.000000,206.4,0.001000
42200,0.000400,1.000000,0.000819,1.000000,206.9,0.001000
42300,0.000279,1.000000,0.000497,1.000000,207.4,0.001000
42400,0.000181,1.000000,0.000268,1.000000,207.9,0.001000
42500,0.000099,1.000000,0.000131,1.000000,208.4,0.001000
42600,0.000045,1.000000,0.000057,1.000000,208.9,0.001000
42700,0.000018,1.000000,0.000023,1.000000,209.4,0.001000
42800,0.001682,1.000000,0.004566,1.000000,209.8,0.001000
42900,0.000840,1.000000,0.002212,1.000000,210.3,0.001000
43000,0.000534,1.000000,0.001299,1.000000,210.8,0.001000
43100,0.000386,1.000000,0.000853,1.000000,211.3,0.001000
43200,0.000261,1.000000,0.000456,1.000000,211.8,0.001000
43300,0.000143,1.000000,0.000202,1.000000,212.3,0.001000
43400,0.000066,1.000000,0.000086,1.000000,212.8,0.001000
43500,0.000028,1.000000,0.000035,1.000000,213.3,0.001000
43600,0.002092,1.000000,0.005569,0.999555,213.8,0.001000
43700,0.000774,1.000000,0.001741,1.000000,214.3,0.001000
43800,0.000495,1.000000,0.000932,1.000000,214.8,0.001000
43900,0.000352,1.000000,0.000588,1.000000,215.2,0.001000
44000,0.000255,1.000000,0.000389,1.000000,215.7,0.001000
44100,0.000146,1.000000,0.000207,1.000000,216.2,0.001000
44200,0.000066,1.000000,0.000088,1.000000,216.7,0.001000
44300,0.000027,1.000000,0.000034,1.000000,217.2,0.001000
44400,0.000011,1.000000,0.000014,1.000000,217.7,0.001000
44500,0.002027,1.000000,0.004434,1.000000,218.2,0.001000
44600,0.000921,1.000000,0.001869,1.000000,218.7,0.001000
44700,0.000506,1.000000,0.000909,1.000000,219.2,0.001000
44800,0.000329,1.000000,0.000533,1.000000,219.8,0.001000
44900,0.000249,1.000000,0.000368,1.000000,220.3,0.001000
45000,0.000156,1.000000,0.000210,1.000000,220.8,0.001000
45100,0.000075,1.000000,0.000093,1.000000,221.3,0.001000
45200,0.000032,1.000000,0.000038,1.000000,221.7,0.001000
45300,0.002080,1.000000,0.005234,0.999555,222.2,0.001000
45400,0.001004,1.000000,0.002068,1.000000,222.8,0.001000
45500,0.000583,1.000000,0.001007,1.000000,223.3,0.001000
45600,0.000413,1.000000,0.000657,1.000000,223.8,0.001000
45700,0.000298,1.000000,0.000432,1.000000,224.3,0.001000
45800,0.000160,1.000000,0.000215,1.000000,224.8,0.001000
45900,0.000069,1.000000,0.000089,1.000000,225.2,0.001000
46000,0.000029,1.000000,0.000037,1.000000,225.7,0.001000
46100,2.464694,0.486631,2.354550,0.498441,226.2,0.001000
46200,0.001308,1.000000,0.003235,1.000000,226.7,0.001000
46300,0.000693,1.000000,0.001442,1.000000,227.2,0.001000
46400,0.000424,1.000000,0.000773,1.000000,227.7,0.001000
46500,0.000315,1.000000,0.000505,1.000000,228.1,0.001000
46600,0.000212,1.000000,0.000312,1.000000,228.6,0.001000
46700,0.000115,1.000000,0.000154,1.000000,229.1,0.001000
46800,0.000053,1.000000,0.000066,1.000000,229.6,0.001000
46900,0.000022,1.000000,0.000027,1.000000,230.1,0.001000
47000,0.005803,1.000000,0.013411,0.999555,230.6,0.001000
47100,0.001549,1.000000,0.004291,0.999555,231.1,0.001000
47200,0.000755,1.000000,0.001763,1.000000,231.5,0.001000
47300,0.000454,1.000000,0.000860,1.000000,232.0,0.001000
47400,0.000320,1.000000,0.000528,1.000000,232.5,0.001000
47500,0.000196,1.000000,0.000276,1.000000,233.0,0.001000
47600,0.000099,1.000000,0.000128,1.000000,233.5,0.001000
47700,0.000043,1.000000,0.000054,1.000000,234.0,0.001000
47800,0.000017,1.000000,0.000021,1.000000,234.5,0.001000
47900,3.395900,0.329768,3.529187,0.304677,234.9,0.001000
48000,0.001425,1.000000,0.003688,1.000000,235.4,0.001000
48100,0.000716,1.000000,0.001681,1.000000,235.9,0.001000
48200,0.000406,1.000000,0.000832,1.000000,236.4,0.001000
48300,0.000289,1.000000,0.000495,1.000000,236.9,0.001000
48400,0.000217,1.000000,0.000316,1.000000,237.3,0.001000
48500,0.000128,1.000000,0.000165,1.000000,237.8,0.001000
48600,0.000064,1.000000,0.000075,1.000000,238.3,0.001000
48700,0.000027,1.000000,0.000032,1.000000,238.8,0.001000
48800,0.001794,1.000000,0.004564,1.000000,239.3,0.001000
48900,0.000675,1.000000,0.001614,1.000000,239.8,0.001000
49000,0.000444,1.000000,0.000875,1.000000,240.2,0.001000
49100,0.000341,1.000000,0.000555,1.000000,240.7,0.001000
49200,0.000254,1.000000,0.000344,1.000000,241.2,0.001000
49300,0.000142,1.000000,0.000179,1.000000,241.7,0.001000
49400,0.000065,1.000000,0.000080,1.000000,242.2,0.001000
49500,0.000027,1.000000,0.000033,1.000000,242.7,0.001000
49600,0.001523,1.000000,0.003412,1.000000,243.2,0.001000
49700,0.000845,1.000000,0.001688,1.000000,243.7,0.001000
49800,0.000549,1.000000,0.000968,1.000000,244.1,0.001000
49900,0.000397,1.000000,0.000612,1.000000,244.6,0.001000
50000,0.000279,1.000000,0.000377,1.000000,245.1,0.001000
50100,0.000149,1.000000,0.000185,1.000000,245.7,0.001000
50200,0.000066,1.000000,0.000080,1.000000,246.2,0.001000
50300,0.000077,1.000000,0.000102,1.000000,246.7,0.001000
50400,0.001894,1.000000,0.004454,0.999555,247.2,0.001000
50500,0.001014,1.000000,0.002163,1.000000,247.7,0.001000
50600,0.000664,1.000000,0.001184,1.000000,248.2,0.001000
50700,0.000470,1.000000,0.000738,1.000000,248.7,0.001000
50800,0.000273,1.000000,0.000381,1.000000,249.2,0.001000
50900,0.000138,1.000000,0.000179,1.000000,249.8,0.001000
51000,0.000063,1.000000,0.000079,1.000000,250.3,0.001000
51100,0.000026,1.000000,0.000033,1.000000,250.7,0.001000
51200,0.028238,0.999109,0.073313,0.986637,251.2,0.001000
51300,0.001421,1.000000,0.003577,1.000000,251.7,0.001000
51400,0.000803,1.000000,0.001638,1.000000,252.2,0.001000
51500,0.000510,1.000000,0.000937,1.000000,252.7,0.001000
51600,0.000331,1.000000,0.000539,1.000000,253.2,0.001000
51700,0.000236,1.000000,0.000330,1.000000,253.6,0.001000
51800,0.000126,1.000000,0.000157,1.000000,254.1,0.001000
51900,0.061483,0.996435,0.091280,0.988864,254.6,0.001000
52000,0.001378,1.000000,0.002469,1.000000,255.0,0.001000
52100,0.000775,1.000000,0.001343,1.000000,255.5,0.001000
52200,0.000526,1.000000,0.000876,1.000000,256.0,0.001000
52300,0.000378,1.000000,0.000595,1.000000,256.5,0.001000
52400,0.000211,1.000000,0.000295,1.000000,257.0,0.001000
52500,0.000094,1.000000,0.000125,1.000000,257.4,0.001000
52600,0.000038,1.000000,0.000049,1.000000,257.9,0.001000
52700,0.000015,1.000000,0.000020,1.000000,258.4,0.001000
52800,0.000005,1.000000,0.000007,1.000000,258.9,0.001000
52900,0.004635,1.000000,0.019063,0.996437,259.4,0.001000
53000,0.000936,1.000000,0.004862,0.999109,259.9,0.001000
53100,0.000529,1.000000,0.001713,1.000000,260.4,0.001000
53200,0.000344,1.000000,0.000839,1.000000,260.9,0.001000
53300,0.000246,1.000000,0.000515,1.000000,261.5,0.001000
53400,0.000169,1.000000,0.000268,1.000000,262.0,0.001000
53500,0.000095,1.000000,0.000131,1.000000,262.5,0.001000
53600,0.000044,1.000000,0.000059,1.000000,262.9,0.001000
53700,0.311172,0.921123,0.369655,0.905123,263.4,0.001000
53800,0.001298,1.000000,0.002754,1.000000,263.9,0.001000
53900,0.000728,1.000000,0.001384,1.000000,264.4,0.001000
54000,0.000437,1.000000,0.000767,1.000000,264.9,0.001000
54100,0.000310,1.000000,0.000482,1.000000,265.4,0.001000
54200,0.000214,1.000000,0.000287,1.000000,265.9,0.001000
54300,0.000112,1.000000,0.000139,1.000000,266.4,0.001000
54400,0.000050,1.000000,0.000059,1.000000,266.9,0.001000
54500,0.000021,1.000000,0.000025,1.000000,267.4,0.001000
54600,2.372593,0.404635,2.684534,0.359020,267.9,0.001000
54700,0.001442,1.000000,0.003070,1.000000,268.4,0.001000
54800,0.000778,1.000000,0.001530,1.000000,268.9,0.001000
54900,0.000480,1.000000,0.000893,1.000000,269.4,0.001000
55000,0.000366,1.000000,0.000620,1.000000,269.9,0.001000
55100,0.000267,1.000000,0.000410,1.000000,270.4,0.001000
55200,0.000143,1.000000,0.000188,1.000000,270.8,0.001000
55300,0.000068,1.000000,0.000084,1.000000,271.3,0.001000
55400,0.000028,1.000000,0.000034,1.000000,271.8,0.001000
55500,0.004370,1.000000,0.009552,1.000000,272.3,0.001000
55600,0.001081,1.000000,0.002486,1.000000,272.8,0.001000
55700,0.000606,1.000000,0.001290,1.000000,273.3,0.001000
55800,0.000368,1.000000,0.000715,1.000000,273.7,0.001000
55900,0.000286,1.000000,0.000506,1.000000,274.2,0.001000
56000,0.000179,1.000000,0.000255,1.000000,274.7,0.001000
56100,0.000086,1.000000,0.000111,1.000000,275.2,0.001000
56200,0.000037,1.000000,0.000047,1.000000,275.6,0.001000
56300,0.002701,1.000000,0.006489,0.999555,276.1,0.001000
56400,0.000919,1.000000,0.001947,1.000000,276.6,0.001000
56500,0.000559,1.000000,0.001022,1.000000,277.1,0.001000
56600,0.000385,1.000000,0.000630,1.000000,277.6,0.001000
56700,0.000288,1.000000,0.000401,1.000000,278.1,0.001000
56800,0.000167,1.000000,0.000213,1.000000,278.5,0.001000
56900,0.000077,1.000000,0.000093,1.000000,279.0,0.001000
57000,0.000032,1.000000,0.000038,1.000000,279.5,0.001000
57100,0.014315,0.999554,0.033204,0.996882,280.0,0.001000
57200,0.000971,1.000000,0.002308,1.000000,280.5,0.001000
57300,0.000593,1.000000,0.001117,1.000000,281.0,0.001000
57400,0.000420,1.000000,0.000680,1.000000,281.5,0.001000
57500,0.000326,1.000000,0.000460,1.000000,282.0,0.001000
57600,0.000204,1.000000,0.000261,1.000000,282.5,0.001000
57700,0.000098,1.000000,0.000122,1.000000,283.0,0.001000
57800,0.000042,1.000000,0.000051,1.000000,283.5,0.001000
57900,0.000017,1.000000,0.000020,1.000000,284.0,0.001000
58000,0.001592,1.000000,0.003444,1.000000,284.5,0.001000
58100,0.000821,1.000000,0.001552,1.000000,285.0,0.001000
58200,0.000500,1.000000,0.000835,1.000000,285.6,0.001000
58300,0.000337,1.000000,0.000525,1.000000,286.1,0.001000
58400,0.000247,1.000000,0.000347,1.000000,286.6,0.001000
58500,0.000140,1.000000,0.000183,1.000000,287.1,0.001000
58600,0.000064,1.000000,0.000082,1.000000,287.7,0.001000
58700,0.000027,1.000000,0.000033,1.000000,288.2,0.001000
58800,0.753871,0.783868,0.976508,0.706459,288.7,0.001000
58900,0.001967,1.000000,0.005103,1.000000,289.3,0.001000
59000,0.001038,1.000000,0.002379,1.000000,289.8,0.001000
59100,0.000652,1.000000,0.001233,1.000000,290.3,0.001000
59200,0.000441,1.000000,0.000697,1.000000,290.8,0.001000
59300,0.000217,1.000000,0.000300,1.000000,291.3,0.001000
59400,0.000128,1.000000,0.000165,1.000000,291.8,0.001000
59500,0.000062,1.000000,0.000076,1.000000,292.2,0.001000
59600,0.000026,1.000000,0.000031,1.000000,292.7,0.001000
59700,0.002284,1.000000,0.005128,1.000000,293.2,0.001000
59800,0.001054,1.000000,0.002189,1.000000,293.6,0.001000
59900,0.000596,1.000000,0.001067,1.000000,294.1,0.001000
60000,0.000381,1.000000,0.000598,1.000000,294.6,0.001000
60100,0.000266,1.000000,0.000373,1.000000,295.1,0.001000
60200,0.000160,1.000000,0.000204,1.000000,295.6,0.001000
60300,0.000074,1.000000,0.000091,1.000000,296.0,0.001000
60400,0.000032,1.000000,0.000038,1.000000,296.5,0.001000
60500,0.000012,1.000000,0.000014,1.000000,297.0,0.001000
60600,0.001639,1.000000,0.005828,0.999555,297.5,0.001000
60700,0.000634,1.000000,0.001842,1.000000,298.0,0.001000
60800,0.000403,1.000000,0.000904,1.000000,298.5,0.001000
60900,0.000291,1.000000,0.000564,1.000000,299.0,0.001000
61000,0.000221,1.000000,0.000365,1.000000,299.4,0.001000
61100,0.000135,1.000000,0.000187,1.000000,299.9,0.001000
61200,0.000064,1.000000,0.000084,1.000000,300.4,0.001000
61300,0.000027,1.000000,0.000033,1.000000,300.9,0.001000
61400,4.988788,0.086453,5.188566,0.069933,301.4,0.001000
61500,0.013820,1.000000,0.030807,0.998664,301.9,0.001000
61600,0.005158,1.000000,0.009857,0.999555,302.4,0.001000
61700,0.001104,1.000000,0.002215,0.999555,302.8,0.001000
61800,0.000805,1.000000,0.001172,1.000000,303.3,0.001000
61900,0.000299,1.000000,0.000415,1.000000,303.8,0.001000
62000,0.000135,1.000000,0.000175,1.000000,304.3,0.001000
62100,0.002194,1.000000,0.003897,1.000000,304.8,0.001000
62200,0.001077,1.000000,0.001787,1.000000,305.3,0.001000
62300,0.000751,1.000000,0.001143,1.000000,305.8,0.001000
62400,0.000551,1.000000,0.000781,1.000000,306.3,0.001000
62500,0.000302,1.000000,0.000411,1.000000,306.7,0.001000
62600,0.000132,1.000000,0.000173,1.000000,307.2,0.001000
62700,0.000054,1.000000,0.000070,1.000000,307.7,0.001000
62800,0.000019,1.000000,0.000024,1.000000,308.2,0.001000
62900,0.001159,1.000000,0.002289,1.000000,308.6,0.001000
63000,0.000644,1.000000,0.001149,1.000000,309.1,0.001000
63100,0.000455,1.000000,0.000733,1.000000,309.6,0.001000
63200,0.000329,1.000000,0.000482,1.000000,310.0,0.001000
63300,0.000200,1.000000,0.000274,1.000000,310.5,0.001000
63400,0.000104,1.000000,0.000135,1.000000,311.0,0.001000
63500,0.000048,1.000000,0.000060,1.000000,311.5,0.001000
63600,0.000019,1.000000,0.000024,1.000000,312.0,0.001000
63700,2.106658,0.473262,2.420616,0.375501,312.5,0.001000
63800,0.003358,1.000000,0.007910,0.999555,313.0,0.001000
63900,0.001428,1.000000,0.003074,0.999555,313.5,0.001000
64000,0.000657,1.000000,0.001186,1.000000,313.9,0.001000
64100,0.000419,1.000000,0.000622,1.000000,314.4,0.001000
64200,0.000289,1.000000,0.000384,1.000000,314.9,0.001000
64300,0.000155,1.000000,0.000197,1.000000,315.4,0.001000
64400,0.000071,1.000000,0.000090,1.000000,315.9,0.001000
64500,0.127896,0.978164,0.177667,0.964811,316.3,0.001000
64600,0.001146,1.000000,0.002656,1.000000,316.8,0.001000
64700,0.000715,1.000000,0.001452,1.000000,317.3,0.001000
64800,0.000515,1.000000,0.000938,1.000000,317.8,0.001000
64900,0.000333,1.000000,0.000499,1.000000,318.3,0.001000
65000,0.000184,1.000000,0.000245,1.000000,318.8,0.001000
65100,0.000090,1.000000,0.000115,1.000000,319.2,0.001000
65200,0.000038,1.000000,0.000047,1.000000,319.8,0.001000
65300,0.000015,1.000000,0.000018,1.000000,320.2,0.001000
65400,0.000006,1.000000,0.000007,1.000000,320.7,0.001000
65500,0.002808,1.000000,0.006964,1.000000,321.2,0.001000
65600,0.001042,1.000000,0.002350,1.000000,321.7,0.001000
65700,0.000567,1.000000,0.001099,1.000000,322.3,0.001000
65800,0.000363,1.000000,0.000610,1.000000,322.8,0.001000
65900,0.000245,1.000000,0.000374,1.000000,323.3,0.001000
66000,0.000153,1.000000,0.000222,1.000000,323.8,0.001000
66100,0.000086,1.000000,0.000114,1.000000,324.3,0.001000
66200,0.000038,1.000000,0.000048,1.000000,324.8,0.001000
66300,0.063875,0.995544,0.102511,0.982628,325.3,0.001000
66400,0.001302,1.000000,0.002390,1.000000,325.8,0.001000
66500,0.000712,1.000000,0.001184,1.000000,326.2,0.001000
66600,0.000437,1.000000,0.000662,1.000000,326.7,0.001000
66700,0.000309,1.000000,0.000431,1.000000,327.2,0.001000
66800,0.000205,1.000000,0.000262,1.000000,327.7,0.001000
66900,0.000104,1.000000,0.000129,1.000000,328.2,0.001000
67000,0.000044,1.000000,0.000054,1.000000,328.7,0.001000
67100,0.000018,1.000000,0.000022,1.000000,329.2,0.001000
67200,0.010588,1.000000,0.024624,0.998664,329.7,0.001000
67300,0.001119,1.000000,0.002657,1.000000,330.2,0.001000
67400,0.000634,1.000000,0.001372,1.000000,330.6,0.001000
67500,0.000379,1.000000,0.000698,1.000000,331.1,0.001000
67600,0.000251,1.000000,0.000418,1.000000,331.6,0.001000
67700,0.000176,1.000000,0.000249,1.000000,332.1,0.001000
67800,0.000095,1.000000,0.000122,1.000000,332.5,0.001000
67900,0.000041,1.000000,0.000052,1.000000,333.0,0.001000
68000,0.008847,1.000000,0.021843,0.998218,333.5,0.001000
68100,0.001290,1.000000,0.003506,1.000000,334.0,0.001000
68200,0.000717,1.000000,0.001722,1.000000,334.5,0.001000
68300,0.000478,1.000000,0.000879,1.000000,335.0,0.001000
68400,0.000365,1.000000,0.000586,1.000000,335.4,0.001000
68500,0.000224,1.000000,0.000314,1.000000,335.9,0.001000
68600,0.000109,1.000000,0.000145,1.000000,336.4,0.001000
68700,0.000047,1.000000,0.000063,1.000000,336.9,0.001000
68800,0.000018,1.000000,0.000023,1.000000,337.4,0.001000
68900,0.001893,1.000000,0.004551,1.000000,337.9,0.001000
69000,0.000916,1.000000,0.002016,1.000000,338.4,0.001000
69100,0.000557,1.000000,0.001088,1.000000,338.8,0.001000
69200,0.000382,1.000000,0.000687,1.000000,339.4,0.001000
69300,0.000292,1.000000,0.000427,1.000000,339.8,0.001000
69400,0.000179,1.000000,0.000233,1.000000,340.3,0.001000
69500,0.000087,1.000000,0.000106,1.000000,340.8,0.001000
69600,0.000037,1.000000,0.000044,1.000000,341.3,0.001000
69700,0.014735,1.000000,0.030721,0.997773,341.8,0.001000
69800,0.001243,1.000000,0.002571,1.000000,342.2,0.001000
69900,0.000715,1.000000,0.001360,1.000000,342.7,0.001000
70000,0.000465,1.000000,0.000787,1.000000,343.2,0.001000
70100,0.000330,1.000000,0.000509,1.000000,343.6,0.001000
70200,0.000210,1.000000,0.000299,1.000000,344.1,0.001000
70300,0.000107,1.000000,0.000143,1.000000,344.7,0.001000
70400,0.000046,1.000000,0.000059,1.000000,345.1,0.001000
70500,0.000018,1.000000,0.000023,1.000000,345.6,0.001000
70600,0.001122,1.000000,0.002583,1.000000,346.1,0.001000
70700,0.000665,1.000000,0.001406,1.000000,346.6,0.001000
70800,0.000448,1.000000,0.000846,1.000000,347.1,0.001000
70900,0.000315,1.000000,0.000543,1.000000,347.6,0.001000
71000,0.000200,1.000000,0.000318,1.000000,348.1,0.001000
71100,0.000103,1.000000,0.000142,1.000000,348.6,0.001000
71200,0.000045,1.000000,0.000059,1.000000,349.1,0.001000
71300,0.000018,1.000000,0.000024,1.000000,349.5,0.001000
71400,0.002880,1.000000,0.005812,1.000000,350.0,0.001000
71500,0.001185,1.000000,0.002132,1.000000,350.5,0.001000
71600,0.000698,1.000000,0.001112,1.000000,351.1,0.001000
71700,0.000415,1.000000,0.000639,1.000000,351.6,0.001000
71800,0.000293,1.000000,0.000434,1.000000,352.1,0.001000
71900,0.000184,1.000000,0.000247,1.000000,352.7,0.001000
72000,0.000091,1.000000,0.000113,1.000000,353.1,0.001000
72100,0.000039,1.000000,0.000047,1.000000,353.7,0.001000
72200,0.000020,1.000000,0.000025,1.000000,354.2,0.001000
72300,0.152258,0.967914,0.218298,0.952339,354.7,0.001000
72400,0.001044,1.000000,0.003492,1.000000,355.1,0.001000
72500,0.000599,1.000000,0.001750,1.000000,355.7,0.001000
72600,0.000372,1.000000,0.000943,1.000000,356.1,0.001000
72700,0.000267,1.000000,0.000535,1.000000,356.6,0.001000
72800,0.000185,1.000000,0.000283,1.000000,357.2,0.001000
72900,0.000102,1.000000,0.000137,1.000000,357.6,0.001000
73000,0.000047,1.000000,0.000059,1.000000,358.1,0.001000
73100,0.033980,0.998217,0.044910,0.999109,358.6,0.001000
73200,0.000978,1.000000,0.001816,1.000000,359.1,0.001000
73300,0.000613,1.000000,0.001051,1.000000,359.6,0.001000
73400,0.000467,1.000000,0.000787,1.000000,360.1,0.001000
73500,0.000388,1.000000,0.000575,1.000000,360.6,0.001000
73600,0.000246,1.000000,0.000327,1.000000,361.1,0.001000
73700,0.000121,1.000000,0.000154,1.000000,361.6,0.001000
73800,0.000051,1.000000,0.000062,1.000000,362.0,0.001000
73900,0.000020,1.000000,0.000025,1.000000,362.5,0.001000
74000,0.000962,1.000000,0.002167,1.000000,363.0,0.001000
74100,0.000572,1.000000,0.001139,1.000000,363.5,0.001000
74200,0.000395,1.000000,0.000689,1.000000,363.9,0.001000
74300,0.000312,1.000000,0.000473,1.000000,364.4,0.001000
74400,0.000224,1.000000,0.000310,1.000000,364.9,0.001000
74500,0.000119,1.000000,0.000156,1.000000,365.4,0.001000
74600,0.000053,1.000000,0.000069,1.000000,365.9,0.001000
74700,0.125600,0.982620,0.196056,0.958575,366.4,0.001000
74800,0.001206,1.000000,0.003125,1.000000,366.9,0.001000
74900,0.000712,1.000000,0.001542,1.000000,367.3,0.001000
75000,0.000490,1.000000,0.000878,1.000000,367.8,0.001000
75100,0.000378,1.000000,0.000588,1.000000,368.3,0.001000
75200,0.000250,1.000000,0.000350,1.000000,368.8,0.001000
75300,0.000125,1.000000,0.000168,1.000000,369.2,0.001000
75400,0.000054,1.000000,0.000070,1.000000,369.7,0.001000
75500,0.000023,1.000000,0.000029,1.000000,370.2,0.001000
75600,0.000008,1.000000,0.000011,1.000000,370.7,0.001000
75700,0.002706,1.000000,0.008718,0.999109,371.2,0.001000
75800,0.001227,1.000000,0.003621,1.000000,371.7,0.001000
75900,0.000680,1.000000,0.001626,1.000000,372.2,0.001000
76000,0.000442,1.000000,0.000882,1.000000,372.7,0.001000
76100,0.000312,1.000000,0.000539,1.000000,373.1,0.001000
76200,0.000168,1.000000,0.000256,1.000000,373.6,0.001000
76300,0.000074,1.000000,0.000103,1.000000,374.1,0.001000
76400,0.000034,1.000000,0.000044,1.000000,374.6,0.001000
76500,2.911261,0.387255,2.979109,0.364365,375.0,0.001000
76600,0.001316,1.000000,0.003457,1.000000,375.5,0.001000
76700,0.000709,1.000000,0.001526,1.000000,376.0,0.001000
76800,0.000427,1.000000,0.000811,1.000000,376.5,0.001000
76900,0.000318,1.000000,0.000539,1.000000,377.0,0.001000
77000,0.000234,1.000000,0.000340,1.000000,377.5,0.001000
77100,0.000130,1.000000,0.000170,1.000000,377.9,0.001000
77200,0.000059,1.000000,0.000072,1.000000,378.4,0.001000
77300,0.000024,1.000000,0.000030,1.000000,378.9,0.001000
77400,0.008074,1.000000,0.021388,0.999109,379.4,0.001000
77500,0.001293,1.000000,0.003329,1.000000,379.9,0.001000
77600,0.000696,1.000000,0.001483,1.000000,380.4,0.001000
77700,0.000433,1.000000,0.000838,1.000000,380.8,0.001000
77800,0.000321,1.000000,0.000573,1.000000,381.4,0.001000
77900,0.000207,1.000000,0.000302,1.000000,381.8,0.001000
78000,0.000105,1.000000,0.000136,1.000000,382.3,0.001000
78100,0.000046,1.000000,0.000056,1.000000,382.8,0.001000
78200,0.054272,0.997772,0.090082,0.990200,383.3,0.001000
78300,0.001131,1.000000,0.002827,1.000000,383.8,0.001000
78400,0.000703,1.000000,0.001512,1.000000,384.3,0.001000
78500,0.000495,1.000000,0.000942,1.000000,384.8,0.001000
78600,0.000354,1.000000,0.000580,1.000000,385.2,0.001000
78700,0.000211,1.000000,0.000296,1.000000,385.7,0.001000
78800,0.000102,1.000000,0.000134,1.000000,386.2,0.001000
78900,0.000044,1.000000,0.000053,1.000000,386.6,0.001000
79000,0.002489,1.000000,0.006077,1.000000,387.1,0.001000
79100,0.001165,1.000000,0.002578,1.000000,387.6,0.001000
79200,0.000717,1.000000,0.001261,1.000000,388.1,0.001000
79300,0.000499,1.000000,0.000739,1.000000,388.6,0.001000
79400,0.000343,1.000000,0.000463,1.000000,389.1,0.001000
79500,0.000189,1.000000,0.000243,1.000000,389.6,0.001000
79600,0.000083,1.000000,0.000104,1.000000,390.1,0.001000
79700,0.000034,1.000000,0.000041,1.000000,390.6,0.001000
79800,0.002658,1.000000,0.005933,1.000000,391.1,0.001000
79900,0.000771,1.000000,0.001619,1.000000,391.6,0.001000
80000,0.000512,1.000000,0.000961,1.000000,392.1,0.001000
80100,0.000372,1.000000,0.000623,1.000000,392.6,0.001000
80200,0.000253,1.000000,0.000392,1.000000,393.1,0.001000
80300,0.000142,1.000000,0.000196,1.000000,393.6,0.001000
80400,0.000066,1.000000,0.000084,1.000000,394.0,0.001000
80500,0.000028,1.000000,0.000034,1.000000,394.6,0.001000
80600,0.003217,1.000000,0.010022,0.998664,395.1,0.001000
80700,0.001061,1.000000,0.003080,0.999109,395.5,0.001000
80800,0.000627,1.000000,0.001389,1.000000,396.0,0.001000
80900,0.000456,1.000000,0.000788,1.000000,396.6,0.001000
81000,0.000345,1.000000,0.000520,1.000000,397.1,0.001000
81100,0.000209,1.000000,0.000274,1.000000,397.6,0.001000
81200,0.000099,1.000000,0.000125,1.000000,398.1,0.001000
81300,0.000041,1.000000,0.000051,1.000000,398.6,0.001000
81400,0.000020,1.000000,0.000024,1.000000,399.1,0.001000
81500,0.001157,1.000000,0.003246,1.000000,399.6,0.001000
81600,0.000636,1.000000,0.001652,1.000000,400.1,0.001000
81700,0.000421,1.000000,0.000886,1.000000,400.6,0.001000
81800,0.000336,1.000000,0.000549,1.000000,401.0,0.001000
81900,0.000241,1.000000,0.000348,1.000000,401.6,0.001000
82000,0.000130,1.000000,0.000169,1.000000,402.0,0.001000
82100,0.000059,1.000000,0.000075,1.000000,402.5,0.001000
82200,0.000024,1.000000,0.000030,1.000000,403.0,0.001000
82300,0.007102,1.000000,0.017300,0.998664,403.5,0.001000
82400,0.000876,1.000000,0.002247,1.000000,404.0,0.001000
82500,0.000536,1.000000,0.001181,1.000000,404.5,0.001000
82600,0.000372,1.000000,0.000741,1.000000,405.0,0.001000
82700,0.000280,1.000000,0.000434,1.000000,405.5,0.001000
82800,0.000184,1.000000,0.000252,1.000000,406.0,0.001000
82900,0.000092,1.000000,0.000119,1.000000,406.5,0.001000
83000,0.000040,1.000000,0.000050,1.000000,406.9,0.001000
83100,0.000018,1.000000,0.000023,1.000000,407.4,0.001000
83200,0.051188,0.999109,0.089488,0.990646,407.9,0.001000
83300,0.001119,1.000000,0.002947,1.000000,408.4,0.001000
83400,0.000654,1.000000,0.001542,1.000000,408.9,0.001000
83500,0.000426,1.000000,0.000889,1.000000,409.4,0.001000
83600,0.000323,1.000000,0.000586,1.000000,409.9,0.001000
83700,0.000214,1.000000,0.000315,1.000000,410.4,0.001000
83800,0.000111,1.000000,0.000145,1.000000,410.9,0.001000
83900,0.000052,1.000000,0.000065,1.000000,411.4,0.001000
84000,0.000021,1.000000,0.000026,1.000000,411.9,0.001000
84100,1.476621,0.649287,1.782551,0.513586,412.4,0.001000
84200,0.002631,1.000000,0.006102,1.000000,412.9,0.001000
84300,0.001232,1.000000,0.002426,1.000000,413.4,0.001000
84400,0.000586,1.000000,0.001003,1.000000,413.9,0.001000
84500,0.000378,1.000000,0.000585,1.000000,414.4,0.001000
84600,0.000197,1.000000,0.000272,1.000000,414.8,0.001000
84700,0.000115,1.000000,0.000146,1.000000,415.3,0.001000
84800,0.000060,1.000000,0.000072,1.000000,415.8,0.001000
84900,0.000026,1.000000,0.000031,1.000000,416.3,0.001000
85000,0.957435,0.751337,1.085870,0.710913,416.8,0.001000
85100,0.000819,1.000000,0.001780,1.000000,417.3,0.001000
85200,0.000476,1.000000,0.000908,1.000000,417.8,0.001000
85300,0.000299,1.000000,0.000519,1.000000,418.4,0.001000
85400,0.000209,1.000000,0.000335,1.000000,418.9,0.001000
85500,0.000147,1.000000,0.000215,1.000000,419.4,0.001000
85600,0.000079,1.000000,0.000107,1.000000,419.9,0.001000
85700,0.000035,1.000000,0.000045,1.000000,420.3,0.001000
85800,0.000015,1.000000,0.000018,1.000000,420.9,0.001000
85900,0.000006,1.000000,0.000007,1.000000,421.4,0.001000
86000,0.003807,1.000000,0.008827,1.000000,421.9,0.001000
86100,0.001368,1.000000,0.002844,1.000000,422.4,0.001000
86200,0.000541,1.000000,0.000949,1.000000,422.9,0.001000
86300,0.000274,1.000000,0.000436,1.000000,423.4,0.001000
86400,0.000216,1.000000,0.000326,1.000000,423.9,0.001000
86500,0.000159,1.000000,0.000214,1.000000,424.4,0.001000
86600,0.000090,1.000000,0.000110,1.000000,424.8,0.001000
86700,0.000041,1.000000,0.000051,1.000000,425.3,0.001000
86800,0.000016,1.000000,0.000020,1.000000,425.8,0.001000
86900,0.001024,1.000000,0.002121,1.000000,426.3,0.001000
87000,0.000552,1.000000,0.001097,1.000000,426.8,0.001000
87100,0.000342,1.000000,0.000600,1.000000,427.3,0.001000
87200,0.000244,1.000000,0.000371,1.000000,427.8,0.001000
87300,0.000178,1.000000,0.000232,1.000000,428.2,0.001000
87400,0.000100,1.000000,0.000122,1.000000,428.7,0.001000
87500,0.000044,1.000000,0.000052,1.000000,429.2,0.001000
87600,0.000018,1.000000,0.000021,1.000000,429.7,0.001000
87700,0.369009,0.912210,0.559201,0.843653,430.2,0.001000
87800,0.001736,1.000000,0.004940,1.000000,430.7,0.001000
87900,0.000879,1.000000,0.002560,1.000000,431.2,0.001000
88000,0.000513,1.000000,0.001538,1.000000,431.7,0.001000
88100,0.000347,1.000000,0.000840,1.000000,432.2,0.001000
88200,0.000250,1.000000,0.000445,1.000000,432.7,0.001000
88300,0.000142,1.000000,0.000195,1.000000,433.2,0.001000
88400,0.000066,1.000000,0.000081,1.000000,433.7,0.001000
88500,0.215931,0.946078,0.306570,0.919822,434.2,0.001000
88600,0.000897,1.000000,0.002017,1.000000,434.7,0.001000
88700,0.000569,1.000000,0.001058,1.000000,435.2,0.001000
88800,0.000413,1.000000,0.000663,1.000000,435.7,0.001000
88900,0.000319,1.000000,0.000446,1.000000,436.2,0.001000
89000,0.000197,1.000000,0.000255,1.000000,436.7,0.001000
89100,0.000096,1.000000,0.000121,1.000000,437.2,0.001000
89200,0.000040,1.000000,0.000050,1.000000,437.7,0.001000
89300,0.000017,1.000000,0.000020,1.000000,438.2,0.001000
89400,0.002449,1.000000,0.007564,1.000000,438.6,0.001000
89500,0.000874,1.000000,0.002606,1.000000,439.2,0.001000
89600,0.000524,1.000000,0.001529,1.000000,439.7,0.001000
89700,0.000365,1.000000,0.000798,1.000000,440.2,0.001000
89800,0.000272,1.000000,0.000470,1.000000,440.6,0.001000
89900,0.000165,1.000000,0.000238,1.000000,441.1,0.001000
90000,0.000078,1.000000,0.000104,1.000000,441.6,0.001000
90100,0.000034,1.000000,0.000042,1.000000,442.1,0.001000
90200,0.002116,1.000000,0.005775,0.999555,442.6,0.001000
90300,0.000771,1.000000,0.001991,1.000000,443.1,0.001000
90400,0.000496,1.000000,0.001233,1.000000,443.5,0.001000
90500,0.000370,1.000000,0.000767,1.000000,444.1,0.001000
90600,0.000283,1.000000,0.000443,1.000000,444.6,0.001000
90700,0.000163,1.000000,0.000229,1.000000,445.0,0.001000
90800,0.000074,1.000000,0.000098,1.000000,445.5,0.001000
90900,0.000030,1.000000,0.000038,1.000000,446.0,0.001000
91000,0.002436,1.000000,0.006583,1.000000,446.5,0.001000
91100,0.001023,1.000000,0.002798,1.000000,446.9,0.001000
91200,0.000658,1.000000,0.001797,1.000000,447.4,0.001000
91300,0.000474,1.000000,0.001011,1.000000,447.9,0.001000
91400,0.000320,1.000000,0.000543,1.000000,448.4,0.001000
91500,0.000178,1.000000,0.000235,1.000000,448.9,0.001000
91600,0.000083,1.000000,0.000103,1.000000,449.3,0.001000
91700,0.000035,1.000000,0.000042,1.000000,449.9,0.001000
91800,0.000014,1.000000,0.000017,1.000000,450.4,0.001000
91900,0.002037,1.000000,0.006108,0.999109,450.8,0.001000
92000,0.000959,1.000000,0.002660,1.000000,451.3,0.001000
92100,0.000539,1.000000,0.001221,1.000000,451.8,0.001000
92200,0.000361,1.000000,0.000684,1.000000,452.3,0.001000
92300,0.000281,1.000000,0.000444,1.000000,452.8,0.001000
92400,0.000172,1.000000,0.000239,1.000000,453.3,0.001000
92500,0.000084,1.000000,0.000109,1.000000,453.8,0.001000
92600,0.000036,1.000000,0.000046,1.000000,454.3,0.001000
92700,0.971038,0.734403,1.134710,0.670824,454.8,0.001000
92800,0.001123,1.000000,0.002712,1.000000,455.3,0.001000
92900,0.000611,1.000000,0.001349,1.000000,455.8,0.001000
93000,0.000387,1.000000,0.000767,1.000000,456.2,0.001000
93100,0.000279,1.000000,0.000488,1.000000,456.7,0.001000
93200,0.000199,1.000000,0.000320,1.000000,457.2,0.001000
93300,0.000110,1.000000,0.000150,1.000000,457.6,0.001000
93400,0.000049,1.000000,0.000061,1.000000,458.1,0.001000
93500,0.166279,0.977273,0.256025,0.946102,458.6,0.001000
93600,0.001548,1.000000,0.003148,1.000000,459.1,0.001000
93700,0.000847,1.000000,0.001645,1.000000,459.5,0.001000
93800,0.000519,1.000000,0.000922,1.000000,460.0,0.001000
93900,0.000384,1.000000,0.000615,1.000000,460.5,0.001000
94000,0.000272,1.000000,0.000379,1.000000,461.0,0.001000
94100,0.000143,1.000000,0.000183,1.000000,461.5,0.001000
94200,0.000061,1.000000,0.000077,1.000000,462.0,0.001000
94300,0.000025,1.000000,0.000031,1.000000,462.5,0.001000
94400,0.039037,0.991533,0.041174,0.991091,463.0,0.001000
94500,0.001442,1.000000,0.004628,1.000000,463.5,0.001000
94600,0.000781,1.000000,0.002321,1.000000,464.0,0.001000
94700,0.000495,1.000000,0.001230,1.000000,464.5,0.001000
94800,0.000357,1.000000,0.000680,1.000000,465.0,0.001000
94900,0.000258,1.000000,0.000397,1.000000,465.5,0.001000
95000,0.000145,1.000000,0.000191,1.000000,466.0,0.001000
95100,0.000063,1.000000,0.000081,1.000000,466.5,0.001000
95200,0.000027,1.000000,0.000032,1.000000,467.0,0.001000
95300,0.002087,1.000000,0.004554,0.999555,467.4,0.001000
95400,0.000832,1.000000,0.001852,1.000000,467.9,0.001000
95500,0.000544,1.000000,0.001066,1.000000,468.4,0.001000
95600,0.000418,1.000000,0.000687,1.000000,468.9,0.001000
95700,0.000308,1.000000,0.000431,1.000000,469.4,0.001000
95800,0.000183,1.000000,0.000235,1.000000,469.9,0.001000
95900,0.000086,1.000000,0.000105,1.000000,470.4,0.001000
96000,0.000036,1.000000,0.000043,1.000000,470.8,0.001000
96100,0.006026,1.000000,0.014161,0.998664,471.3,0.001000
96200,0.001086,1.000000,0.002104,1.000000,471.8,0.001000
96300,0.000657,1.000000,0.001102,1.000000,472.3,0.001000
96400,0.000468,1.000000,0.000680,1.000000,472.8,0.001000
96500,0.000366,1.000000,0.000487,1.000000,473.2,0.001000
96600,0.000230,1.000000,0.000289,1.000000,473.7,0.001000
96700,0.000113,1.000000,0.000138,1.000000,474.2,0.001000
96800,0.000048,1.000000,0.000058,1.000000,474.7,0.001000
96900,0.000020,1.000000,0.000024,1.000000,475.2,0.001000
97000,0.001092,1.000000,0.002299,1.000000,475.7,0.001000
97100,0.000630,1.000000,0.001209,1.000000,476.2,0.001000
97200,0.000413,1.000000,0.000686,1.000000,476.7,0.001000
97300,0.000309,1.000000,0.000472,1.000000,477.2,0.001000
97400,0.000213,1.000000,0.000312,1.000000,477.7,0.001000
97500,0.000112,1.000000,0.000149,1.000000,478.2,0.001000
97600,0.000049,1.000000,0.000064,1.000000,478.6,0.001000
97700,0.000021,1.000000,0.000026,1.000000,479.1,0.001000
97800,0.000008,1.000000,0.000010,1.000000,479.6,0.001000
97900,0.002644,1.000000,0.011022,0.999109,480.1,0.001000
98000,0.001155,1.000000,0.004261,1.000000,480.6,0.001000
98100,0.000607,1.000000,0.001757,1.000000,481.1,0.001000
98200,0.000363,1.000000,0.000782,1.000000,481.6,0.001000
98300,0.000253,1.000000,0.000441,1.000000,482.0,0.001000
98400,0.000162,1.000000,0.000219,1.000000,482.5,0.001000
98500,0.000090,1.000000,0.000114,1.000000,483.0,0.001000
98600,0.000039,1.000000,0.000048,1.000000,483.6,0.001000
98700,4.463747,0.309715,4.640590,0.310468,484.1,0.001000
98800,0.000997,1.000000,0.002139,1.000000,484.7,0.001000
98900,0.000598,1.000000,0.001177,1.000000,485.2,0.001000
99000,0.000402,1.000000,0.000705,1.000000,485.7,0.001000
99100,0.000309,1.000000,0.000486,1.000000,486.2,0.001000
99200,0.000208,1.000000,0.000298,1.000000,486.7,0.001000
99300,0.000108,1.000000,0.000148,1.000000,487.2,0.001000
99400,0.000048,1.000000,0.000061,1.000000,487.8,0.001000
99500,0.000021,1.000000,0.000026,1.000000,488.3,0.001000
99600,0.001916,1.000000,0.004872,0.999555,488.8,0.001000
99700,0.000974,1.000000,0.002145,1.000000,489.4,0.001000
99800,0.000567,1.000000,0.001038,1.000000,489.9,0.001000
99900,0.000394,1.000000,0.000629,1.000000,490.4,0.001000
100000,0.000260,1.000000,0.000367,1.000000,490.9,0.001000
100100,0.000142,1.000000,0.000180,1.000000,491.3,0.001000
100200,0.000067,1.000000,0.000082,1.000000,491.8,0.001000
100300,0.035176,0.997772,0.062618,0.991982,492.3,0.001000
100400,0.001138,1.000000,0.002465,1.000000,492.8,0.001000
100500,0.000730,1.000000,0.001370,1.000000,493.3,0.001000
100600,0.000509,1.000000,0.000835,1.000000,493.8,0.001000
100700,0.000358,1.000000,0.000516,1.000000,494.3,0.001000
100800,0.000220,1.000000,0.000288,1.000000,494.7,0.001000
100900,0.000105,1.000000,0.000133,1.000000,495.2,0.001000
101000,0.000045,1.000000,0.000055,1.000000,495.7,0.001000
101100,0.000021,1.000000,0.000025,1.000000,496.2,0.001000
101200,0.001247,1.000000,0.002981,1.000000,496.8,0.001000
101300,0.000686,1.000000,0.001537,1.000000,497.2,0.001000
101400,0.000443,1.000000,0.000895,1.000000,497.7,0.001000
101500,0.000336,1.000000,0.000585,1.000000,498.2,0.001000
101600,0.000230,1.000000,0.000344,1.000000,498.7,0.001000
101700,0.000118,1.000000,0.000164,1.000000,499.2,0.001000
101800,0.000053,1.000000,0.000072,1.000000,499.8,0.001000
101900,0.000022,1.000000,0.000028,1.000000,500.2,0.001000
102000,0.009576,1.000000,0.026908,0.996437,500.7,0.001000
102100,0.001100,1.000000,0.003895,0.999555,501.2,0.001000
102200,0.000616,1.000000,0.001931,0.999555,501.7,0.001000
102300,0.000400,1.000000,0.001046,1.000000,502.2,0.001000
102400,0.000315,1.000000,0.000602,1.000000,502.7,0.001000
102500,0.000211,1.000000,0.000301,1.000000,503.2,0.001000
102600,0.000109,1.000000,0.000142,1.000000,503.7,0.001000
102700,0.000047,1.000000,0.000060,1.000000,504.2,0.001000
102800,0.000020,1.000000,0.000025,1.000000,504.6,0.001000
102900,4.218380,0.303922,4.086340,0.303341,505.1,0.001000
103000,0.000830,1.000000,0.002255,1.000000,505.6,0.001000
103100,0.000475,1.000000,0.001167,1.000000,506.1,0.001000
103200,0.000313,1.000000,0.000657,1.000000,506.6,0.001000
103300,0.000236,1.000000,0.000424,1.000000,507.1,0.001000
103400,0.000160,1.000000,0.000249,1.000000,507.6,0.001000
103500,0.000089,1.000000,0.000120,1.000000,508.1,0.001000
103600,0.000042,1.000000,0.000054,1.000000,508.6,0.001000
103700,0.000018,1.000000,0.000022,1.000000,509.1,0.001000
103800,0.009425,1.000000,0.022129,0.998218,509.6,0.001000
103900,0.001383,1.000000,0.002634,1.000000,510.1,0.001000
104000,0.000729,1.000000,0.001236,1.000000,510.6,0.001000
104100,0.000472,1.000000,0.000731,1.000000,511.0,0.001000
104200,0.000337,1.000000,0.000477,1.000000,511.5,0.001000
104300,0.000206,1.000000,0.000275,1.000000,512.0,0.001000
104400,0.000107,1.000000,0.000135,1.000000,512.5,0.001000
104500,0.000048,1.000000,0.000056,1.000000,513.0,0.001000
104600,0.000019,1.000000,0.000023,1.000000,513.5,0.001000
104700,0.001751,1.000000,0.004627,1.000000,514.0,0.001000
104800,0.000820,1.000000,0.001876,1.000000,514.5,0.001000
104900,0.000490,1.000000,0.001078,1.000000,515.0,0.001000
105000,0.000329,1.000000,0.000656,1.000000,515.5,0.001000
105100,0.000231,1.000000,0.000359,1.000000,515.9,0.001000
105200,0.000137,1.000000,0.000186,1.000000,516.4,0.001000
105300,0.000065,1.000000,0.000084,1.000000,516.9,0.001000
105400,0.000027,1.000000,0.000034,1.000000,517.4,0.001000
105500,0.001295,1.000000,0.002716,1.000000,517.9,0.001000
105600,0.000734,1.000000,0.001419,1.000000,518.3,0.001000
105700,0.000484,1.000000,0.000856,1.000000,518.8,0.001000
105800,0.000359,1.000000,0.000583,1.000000,519.3,0.001000
105900,0.000246,1.000000,0.000349,1.000000,519.8,0.001000
106000,0.000130,1.000000,0.000173,1.000000,520.3,0.001000
106100,0.000058,1.000000,0.000073,1.000000,520.7,0.001000
106200,0.000023,1.000000,0.000028,1.000000,521.2,0.001000
106300,0.923182,0.736185,0.911677,0.742539,521.7,0.001000
106400,0.001418,1.000000,0.004457,0.999555,522.2,0.001000
106500,0.000775,1.000000,0.002134,1.000000,522.7,0.001000
106600,0.000465,1.000000,0.001049,1.000000,523.2,0.001000
106700,0.000302,1.000000,0.000612,1.000000,523.7,0.001000
106800,0.000225,1.000000,0.000359,1.000000,524.2,0.001000
106900,0.000138,1.000000,0.000184,1.000000,524.7,0.001000
107000,0.000064,1.000000,0.000081,1.000000,525.3,0.001000
107100,0.000026,1.000000,0.000033,1.000000,525.7,0.001000
107200,1.629242,0.591355,1.903635,0.509131,526.3,0.001000
107300,0.002018,1.000000,0.005824,0.999555,526.8,0.001000
107400,0.000875,1.000000,0.002445,1.000000,527.3,0.001000
107500,0.000470,1.000000,0.001164,1.000000,527.8,0.001000
107600,0.000335,1.000000,0.000597,1.000000,528.3,0.001000
107700,0.000241,1.000000,0.000362,1.000000,528.7,0.001000
107800,0.000143,1.000000,0.000187,1.000000,529.2,0.001000
107900,0.000069,1.000000,0.000087,1.000000,529.7,0.001000
108000,0.000029,1.000000,0.000035,1.000000,530.2,0.001000
108100,0.000018,1.000000,0.000021,1.000000,530.7,0.001000
108200,0.001368,1.000000,0.003190,1.000000,531.2,0.001000
108300,0.000755,1.000000,0.001629,1.000000,531.6,0.001000
108400,0.000469,1.000000,0.000913,1.000000,532.1,0.001000
108500,0.000325,1.000000,0.000568,1.000000,532.6,0.001000
108600,0.000215,1.000000,0.000324,1.000000,533.1,0.001000
108700,0.000116,1.000000,0.000161,1.000000,533.6,0.001000
108800,0.000056,1.000000,0.000071,1.000000,534.1,0.001000
108900,0.000024,1.000000,0.000029,1.000000,534.6,0.001000
109000,0.001157,1.000000,0.002630,1.000000,535.1,0.001000
109100,0.000641,1.000000,0.001287,1.000000,535.6,0.001000
109200,0.000444,1.000000,0.000760,1.000000,536.0,0.001000
109300,0.000345,1.000000,0.000528,1.000000,536.5,0.001000
109400,0.000236,1.000000,0.000345,1.000000,537.0,0.001000
109500,0.000129,1.000000,0.000177,1.000000,537.5,0.001000
109600,0.000058,1.000000,0.000075,1.000000,538.0,0.001000
109700,0.000024,1.000000,0.000031,1.000000,538.4,0.001000
109800,0.000009,1.000000,0.000012,1.000000,538.9,0.001000
109900,0.002634,1.000000,0.007941,0.999109,539.4,0.001000
110000,0.000869,1.000000,0.002713,1.000000,539.9,0.001000
110100,0.000505,1.000000,0.001289,1.000000,540.3,0.001000
110200,0.000339,1.000000,0.000700,1.000000,540.8,0.001000
110300,0.000261,1.000000,0.000456,1.000000,541.3,0.001000
110400,0.000177,1.000000,0.000267,1.000000,541.8,0.001000
110500,0.000095,1.000000,0.000130,1.000000,542.3,0.001000
110600,0.179421,0.970588,0.261965,0.945657,542.8,0.001000
110700,0.001492,1.000000,0.003987,1.000000,543.3,0.001000
110800,0.000882,1.000000,0.002004,1.000000,543.7,0.001000
110900,0.000605,1.000000,0.001146,1.000000,544.2,0.001000
111000,0.000459,1.000000,0.000712,1.000000,544.7,0.001000
111100,0.000288,1.000000,0.000389,1.000000,545.2,0.001000
111200,0.000138,1.000000,0.000181,1.000000,545.7,0.001000
111300,0.000058,1.000000,0.000073,1.000000,546.1,0.001000
111400,0.000024,1.000000,0.000029,1.000000,546.6,0.001000
111500,0.001914,1.000000,0.005049,1.000000,547.1,0.001000
111600,0.000946,1.000000,0.002405,1.000000,547.6,0.001000
111700,0.000585,1.000000,0.001309,1.000000,548.1,0.001000
111800,0.000407,1.000000,0.000829,1.000000,548.7,0.001000
111900,0.000277,1.000000,0.000486,1.000000,549.2,0.001000
112000,0.000162,1.000000,0.000231,1.000000,549.7,0.001000
112100,0.000075,1.000000,0.000099,1.000000,550.3,0.001000
112200,0.000031,1.000000,0.000039,1.000000,550.8,0.001000
112300,0.000013,1.000000,0.000015,1.000000,551.3,0.001000
112400,0.001294,1.000000,0.002485,1.000000,551.8,0.001000
112500,0.000642,1.000000,0.001183,1.000000,552.3,0.001000
112600,0.000405,1.000000,0.000683,1.000000,552.9,0.001000
112700,0.000309,1.000000,0.000483,1.000000,553.4,0.001000
112800,0.000248,1.000000,0.000374,1.000000,553.9,0.001000
112900,0.000144,1.000000,0.000198,1.000000,554.4,0.001000
113000,0.000067,1.000000,0.000086,1.000000,554.9,0.001000
113100,0.000029,1.000000,0.000035,1.000000,555.4,0.001000
113200,0.002204,1.000000,0.006407,0.999109,555.9,0.001000
113300,0.000927,1.000000,0.002322,1.000000,556.4,0.001000
113400,0.000573,1.000000,0.001372,1.000000,556.9,0.001000
113500,0.000416,1.000000,0.000929,1.000000,557.3,0.001000
113600,0.000310,1.000000,0.000511,1.000000,557.8,0.001000
113700,0.000186,1.000000,0.000259,1.000000,558.3,0.001000
113800,0.000087,1.000000,0.000110,1.000000,558.8,0.001000
113900,0.000036,1.000000,0.000044,1.000000,559.3,0.001000
114000,0.000015,1.000000,0.000018,1.000000,559.8,0.001000
114100,0.001257,1.000000,0.003452,1.000000,560.2,0.001000
114200,0.000710,1.000000,0.001719,1.000000,560.8,0.001000
114300,0.000444,1.000000,0.000922,1.000000,561.3,0.001000
114400,0.000307,1.000000,0.000589,1.000000,561.7,0.001000
114500,0.000218,1.000000,0.000367,1.000000,562.2,0.001000
114600,0.000122,1.000000,0.000185,1.000000,562.7,0.001000
114700,0.000057,1.000000,0.000073,1.000000,563.2,0.001000
114800,0.000024,1.000000,0.000030,1.000000,563.6,0.001000
114900,0.147618,0.981729,0.219523,0.959911,564.1,0.001000
115000,0.001568,1.000000,0.004647,0.999555,564.7,0.001000
115100,0.000821,1.000000,0.002229,0.999555,565.2,0.001000
115200,0.000487,1.000000,0.001156,1.000000,565.7,0.001000
115300,0.000351,1.000000,0.000745,1.000000,566.2,0.001000
115400,0.000234,1.000000,0.000427,1.000000,566.7,0.001000
115500,0.000124,1.000000,0.000186,1.000000,567.2,0.001000
115600,0.000057,1.000000,0.000079,1.000000,567.7,0.001000
115700,0.000029,1.000000,0.000036,1.000000,568.1,0.001000
115800,0.400329,0.900624,0.527435,0.852561,568.6,0.001000
115900,0.001252,1.000000,0.002966,1.000000,569.1,0.001000
116000,0.000677,1.000000,0.001500,1.000000,569.6,0.001000
116100,0.000413,1.000000,0.000918,1.000000,570.1,0.001000
116200,0.000308,1.000000,0.000668,1.000000,570.6,0.001000
116300,0.000232,1.000000,0.000434,1.000000,571.0,0.001000
116400,0.000132,1.000000,0.000195,1.000000,571.5,0.001000
116500,0.000061,1.000000,0.000081,1.000000,572.0,0.001000
116600,0.000025,1.000000,0.000032,1.000000,572.5,0.001000
116700,0.008585,1.000000,0.020712,0.998664,572.9,0.001000
116800,0.000738,1.000000,0.001565,1.000000,573.4,0.001000
116900,0.000465,1.000000,0.000903,1.000000,573.9,0.001000
117000,0.000332,1.000000,0.000660,1.000000,574.4,0.001000
117100,0.000254,1.000000,0.000475,1.000000,574.9,0.001000
117200,0.000161,1.000000,0.000256,1.000000,575.4,0.001000
117300,0.000079,1.000000,0.000112,1.000000,575.9,0.001000
117400,0.000034,1.000000,0.000044,1.000000,576.4,0.001000
117500,0.000013,1.000000,0.000017,1.000000,576.8,0.001000
117600,0.004946,1.000000,0.017425,0.998218,577.3,0.001000
117700,0.000917,1.000000,0.005757,0.999109,577.8,0.001000
117800,0.000537,1.000000,0.003640,0.999109,578.2,0.001000
117900,0.000365,1.000000,0.001802,0.999109,578.7,0.001000
118000,0.000285,1.000000,0.000616,1.000000,579.2,0.001000
118100,0.000182,1.000000,0.000288,1.000000,579.7,0.001000
118200,0.000098,1.000000,0.000139,1.000000,580.1,0.001000
118300,0.000044,1.000000,0.000057,1.000000,580.6,0.001000
118400,0.014602,1.000000,0.024486,0.998664,581.1,0.001000
118500,0.000789,1.000000,0.001566,1.000000,581.5,0.001000
118600,0.000477,1.000000,0.000899,1.000000,582.0,0.001000
118700,0.000326,1.000000,0.000587,1.000000,582.5,0.001000
118800,0.000252,1.000000,0.000408,1.000000,583.0,0.001000
118900,0.000157,1.000000,0.000219,1.000000,583.5,0.001000
119000,0.000073,1.000000,0.000101,1.000000,584.0,0.001000
119100,0.000030,1.000000,0.000039,1.000000,584.4,0.001000
119200,0.000012,1.000000,0.000015,1.000000,584.9,0.001000
119300,0.003504,1.000000,0.009499,1.000000,585.4,0.001000
119400,0.000775,1.000000,0.002039,1.000000,585.9,0.001000
119500,0.000460,1.000000,0.001073,1.000000,586.4,0.001000
119600,0.000313,1.000000,0.000587,1.000000,586.9,0.001000
119700,0.000246,1.000000,0.000386,1.000000,587.4,0.001000
119800,0.000168,1.000000,0.000228,1.000000,587.9,0.001000
119900,0.000094,1.000000,0.000117,1.000000,588.4,0.001000
120000,0.000042,1.000000,0.000051,1.000000,588.9,0.001000
120100,0.856618,0.766488,1.027979,0.720713,589.4,0.001000
120200,0.001473,1.000000,0.003671,1.000000,589.9,0.001000
120300,0.000810,1.000000,0.001797,1.000000,590.4,0.001000
120400,0.000486,1.000000,0.000950,1.000000,590.8,0.001000
120500,0.000344,1.000000,0.000581,1.000000,591.3,0.001000
120600,0.000243,1.000000,0.000370,1.000000,591.8,0.001000
120700,0.000134,1.000000,0.000175,1.000000,592.2,0.001000
120800,0.000062,1.000000,0.000078,1.000000,592.7,0.001000
120900,1.887086,0.524510,2.153959,0.466815,593.2,0.001000
121000,0.001128,1.000000,0.002573,1.000000,593.7,0.001000
121100,0.000665,1.000000,0.001489,1.000000,594.2,0.001000
121200,0.000455,1.000000,0.000978,1.000000,594.7,0.001000
121300,0.000358,1.000000,0.000722,1.000000,595.2,0.001000
121400,0.000242,1.000000,0.000377,1.000000,595.7,0.001000
121500,0.000125,1.000000,0.000161,1.000000,596.2,0.001000
121600,0.000055,1.000000,0.000070,1.000000,596.6,0.001000
121700,0.013193,1.000000,0.024530,0.999555,597.1,0.001000
121800,0.001677,1.000000,0.003435,1.000000,597.6,0.001000
121900,0.000934,1.000000,0.001764,1.000000,598.1,0.001000
122000,0.000577,1.000000,0.001118,1.000000,598.6,0.001000
122100,0.000412,1.000000,0.000724,1.000000,599.1,0.001000
122200,0.000251,1.000000,0.000381,1.000000,599.5,0.001000
122300,0.000122,1.000000,0.000162,1.000000,600.0,0.001000
122400,0.000052,1.000000,0.000066,1.000000,600.5,0.001000
122500,0.000023,1.000000,0.000027,1.000000,601.0,0.001000
122600,0.001869,1.000000,0.004582,1.000000,601.5,0.001000
122700,0.000801,1.000000,0.001840,1.000000,602.0,0.001000
122800,0.000482,1.000000,0.001007,1.000000,602.5,0.001000
122900,0.000346,1.000000,0.000671,1.000000,603.0,0.001000
123000,0.000263,1.000000,0.000407,1.000000,603.5,0.001000
123100,0.000158,1.000000,0.000208,1.000000,604.0,0.001000
123200,0.000076,1.000000,0.000095,1.000000,604.4,0.001000
123300,0.000032,1.000000,0.000040,1.000000,604.9,0.001000
123400,0.001394,1.000000,0.004257,1.000000,605.4,0.001000
123500,0.000750,1.000000,0.002004,1.000000,605.9,0.001000
123600,0.000481,1.000000,0.001081,1.000000,606.4,0.001000
123700,0.000362,1.000000,0.000702,1.000000,606.9,0.001000
123800,0.000244,1.000000,0.000389,1.000000,607.4,0.001000
123900,0.000129,1.000000,0.000181,1.000000,607.9,0.001000
124000,0.000059,1.000000,0.000081,1.000000,608.3,0.001000
124100,0.000027,1.000000,0.000037,1.000000,608.8,0.001000
124200,0.001687,1.000000,0.003468,1.000000,609.3,0.001000
124300,0.000930,1.000000,0.001954,1.000000,609.8,0.001000
124400,0.000590,1.000000,0.001105,1.000000,610.2,0.001000
124500,0.000417,1.000000,0.000798,1.000000,610.7,0.001000
124600,0.000283,1.000000,0.000434,1.000000,611.2,0.001000
124700,0.000156,1.000000,0.000209,1.000000,611.7,0.001000
124800,0.000071,1.000000,0.000091,1.000000,612.2,0.001000
124900,0.000032,1.000000,0.000038,1.000000,612.7,0.001000
125000,0.129834,0.979501,0.172429,0.967483,613.1,0.001000
125100,0.000866,1.000000,0.002410,1.000000,613.6,0.001000
125200,0.000535,1.000000,0.001281,1.000000,614.1,0.001000
125300,0.000367,1.000000,0.000789,1.000000,614.6,0.001000
125400,0.000273,1.000000,0.000520,1.000000,615.1,0.001000
125500,0.000175,1.000000,0.000283,1.000000,615.7,0.001000
125600,0.000093,1.000000,0.000129,1.000000,616.2,0.001000
125700,0.000042,1.000000,0.000052,1.000000,616.7,0.001000
125800,0.013702,1.000000,0.025557,0.999109,617.2,0.001000
125900,0.000895,1.000000,0.002145,1.000000,617.8,0.001000
126000,0.000561,1.000000,0.001168,1.000000,618.3,0.001000
126100,0.000426,1.000000,0.000743,1.000000,618.9,0.001000
126200,0.000343,1.000000,0.000508,1.000000,619.4,0.001000
126300,0.000219,1.000000,0.000290,1.000000,619.9,0.001000
126400,0.000109,1.000000,0.000137,1.000000,620.4,0.001000
126500,0.000047,1.000000,0.000057,1.000000,620.9,0.001000
126600,0.458039,0.877451,0.537492,0.849443,621.4,0.001000
126700,0.001241,1.000000,0.002558,1.000000,621.9,0.001000
126800,0.000713,1.000000,0.001333,1.000000,622.3,0.001000
126900,0.000459,1.000000,0.000800,1.000000,622.8,0.001000
127000,0.000330,1.000000,0.000538,1.000000,623.3,0.001000
127100,0.000212,1.000000,0.000301,1.000000,623.8,0.001000
127200,0.000113,1.000000,0.000148,1.000000,624.3,0.001000
127300,0.000049,1.000000,0.000061,1.000000,624.8,0.001000
127400,0.001192,1.000000,0.002770,1.000000,625.3,0.001000
127500,0.000703,1.000000,0.001405,1.000000,625.8,0.001000
127600,0.000501,1.000000,0.000839,1.000000,626.3,0.001000
127700,0.000413,1.000000,0.000625,1.000000,626.8,0.001000
127800,0.000273,1.000000,0.000379,1.000000,627.3,0.001000
127900,0.000133,1.000000,0.000177,1.000000,627.8,0.001000
128000,0.000057,1.000000,0.000072,1.000000,628.3,0.001000
128100,0.006683,1.000000,0.012927,1.000000,628.8,0.001000
128200,0.001595,1.000000,0.003162,1.000000,629.3,0.001000
128300,0.000891,1.000000,0.001686,1.000000,629.8,0.001000
128400,0.000603,1.000000,0.001124,1.000000,630.3,0.001000
128500,0.000408,1.000000,0.000657,1.000000,630.7,0.001000
128600,0.000231,1.000000,0.000319,1.000000,631.2,0.001000
128700,0.000108,1.000000,0.000136,1.000000,631.7,0.001000
128800,0.000046,1.000000,0.000055,1.000000,632.2,0.001000
128900,0.000018,1.000000,0.000022,1.000000,632.7,0.001000
129000,0.001103,1.000000,0.002561,1.000000,633.2,0.001000
129100,0.000608,1.000000,0.001200,1.000000,633.7,0.001000
129200,0.000402,1.000000,0.000732,1.000000,634.1,0.001000
129300,0.000313,1.000000,0.000506,1.000000,634.6,0.001000
129400,0.000230,1.000000,0.000326,1.000000,635.1,0.001000
129500,0.000127,1.000000,0.000168,1.000000,635.6,0.001000
129600,0.000059,1.000000,0.000075,1.000000,636.1,0.001000
129700,0.000025,1.000000,0.000030,1.000000,636.5,0.001000
129800,0.000010,1.000000,0.000012,1.000000,637.1,0.001000
129900,0.001583,1.000000,0.005394,0.999109,637.5,0.001000
130000,0.000760,1.000000,0.002111,1.000000,638.0,0.001000
130100,0.000487,1.000000,0.001190,1.000000,638.5,0.001000
130200,0.000350,1.000000,0.000707,1.000000,639.0,0.001000
130300,0.000252,1.000000,0.000478,1.000000,639.5,0.001000
130400,0.000144,1.000000,0.000216,1.000000,639.9,0.001000
130500,0.000071,1.000000,0.000094,1.000000,640.4,0.001000
130600,0.000031,1.000000,0.000039,1.000000,640.9,0.001000
130700,0.316056,0.938948,0.462491,0.887751,641.4,0.001000
130800,0.001818,1.000000,0.004151,1.000000,641.9,0.001000
130900,0.001058,1.000000,0.002077,1.000000,642.4,0.001000
131000,0.000643,1.000000,0.001139,1.000000,642.8,0.001000
131100,0.000387,1.000000,0.000650,1.000000,643.3,0.001000
131200,0.000215,1.000000,0.000344,1.000000,643.8,0.001000
131300,0.000118,1.000000,0.000159,1.000000,644.3,0.001000
131400,0.000059,1.000000,0.000073,1.000000,644.8,0.001000
131500,0.017273,1.000000,0.034989,0.997773,645.3,0.001000
131600,0.001511,1.000000,0.003492,1.000000,645.8,0.001000
131700,0.000896,1.000000,0.001855,1.000000,646.2,0.001000
131800,0.000574,1.000000,0.001035,1.000000,646.7,0.001000
131900,0.000416,1.000000,0.000674,1.000000,647.2,0.001000
132000,0.000253,1.000000,0.000352,1.000000,647.7,0.001000
132100,0.000121,1.000000,0.000159,1.000000,648.2,0.001000
132200,0.000053,1.000000,0.000065,1.000000,648.7,0.001000
132300,0.000022,1.000000,0.000026,1.000000,649.2,0.001000
132400,0.033149,0.997772,0.063935,0.991982,649.7,0.001000
132500,0.001059,1.000000,0.002977,0.999555,650.2,0.001000
132600,0.000629,1.000000,0.001727,1.000000,650.7,0.001000
132700,0.000430,1.000000,0.001061,1.000000,651.2,0.001000
132800,0.000321,1.000000,0.000594,1.000000,651.7,0.001000
132900,0.000217,1.000000,0.000318,1.000000,652.2,0.001000
133000,0.000117,1.000000,0.000155,1.000000,652.6,0.001000
133100,0.000053,1.000000,0.000065,1.000000,653.1,0.001000
133200,0.000023,1.000000,0.000028,1.000000,653.6,0.001000
133300,0.072619,0.994652,0.125328,0.980401,654.1,0.001000
133400,0.001084,1.000000,0.003245,1.000000,654.6,0.001000
133500,0.000641,1.000000,0.001654,1.000000,655.1,0.001000
133600,0.000434,1.000000,0.001004,1.000000,655.6,0.001000
133700,0.000330,1.000000,0.000629,1.000000,656.1,0.001000
133800,0.000222,1.000000,0.000327,1.000000,656.5,0.001000
133900,0.000120,1.000000,0.000157,1.000000,657.1,0.001000
134000,0.000055,1.000000,0.000070,1.000000,657.5,0.001000
134100,0.194659,0.962121,0.277164,0.942539,658.0,0.001000
134200,0.000853,1.000000,0.002520,1.000000,658.5,0.001000
134300,0.000529,1.000000,0.001302,1.000000,659.0,0.001000
134400,0.000382,1.000000,0.000725,1.000000,659.5,0.001000
134500,0.000292,1.000000,0.000459,1.000000,660.0,0.001000
134600,0.000189,1.000000,0.000267,1.000000,660.5,0.001000
134700,0.000096,1.000000,0.000127,1.000000,661.1,0.001000
134800,0.000040,1.000000,0.000052,1.000000,661.6,0.001000
134900,0.092285,0.992424,0.155041,0.973274,662.1,0.001000
135000,0.001207,1.000000,0.003299,1.000000,662.5,0.001000
135100,0.000734,1.000000,0.001579,1.000000,663.0,0.001000
135200,0.000526,1.000000,0.000929,1.000000,663.5,0.001000
135300,0.000413,1.000000,0.000627,1.000000,664.0,0.001000
135400,0.000277,1.000000,0.000380,1.000000,664.5,0.001000
135500,0.000148,1.000000,0.000185,1.000000,665.0,0.001000
135600,0.000066,1.000000,0.000080,1.000000,665.4,0.001000
135700,0.000027,1.000000,0.000032,1.000000,665.9,0.001000
135800,0.012430,1.000000,0.034432,0.995991,666.4,0.001000
135900,0.000907,1.000000,0.003114,0.999555,666.9,0.001000
136000,0.000547,1.000000,0.001679,0.999555,667.3,0.001000
136100,0.000392,1.000000,0.001033,1.000000,667.8,0.001000
136200,0.000314,1.000000,0.000619,1.000000,668.3,0.001000
136300,0.000206,1.000000,0.000332,1.000000,668.8,0.001000
136400,0.000104,1.000000,0.000137,1.000000,669.2,0.001000
136500,0.000046,1.000000,0.000059,1.000000,669.7,0.001000
136600,0.000019,1.000000,0.000023,1.000000,670.2,0.001000
136700,0.001364,1.000000,0.003491,1.000000,670.7,0.001000
136800,0.000752,1.000000,0.001593,1.000000,671.2,0.001000
136900,0.000484,1.000000,0.000860,1.000000,671.7,0.001000
137000,0.000352,1.000000,0.000554,1.000000,672.2,0.001000
137100,0.000266,1.000000,0.000388,1.000000,672.6,0.001000
137200,0.000157,1.000000,0.000208,1.000000,673.1,0.001000
137300,0.000075,1.000000,0.000095,1.000000,673.6,0.001000
137400,0.006685,1.000000,0.012960,0.999109,674.1,0.001000
137500,0.000920,1.000000,0.001866,1.000000,674.6,0.001000
137600,0.000615,1.000000,0.001128,1.000000,675.1,0.001000
137700,0.000461,1.000000,0.000734,1.000000,675.6,0.001000
137800,0.000329,1.000000,0.000462,1.000000,676.1,0.001000
137900,0.000190,1.000000,0.000237,1.000000,676.6,0.001000
138000,0.000087,1.000000,0.000107,1.000000,677.0,0.001000
138100,0.000036,1.000000,0.000044,1.000000,677.5,0.001000
138200,0.052947,0.997772,0.096506,0.982183,678.0,0.001000
138300,0.001017,1.000000,0.002165,1.000000,678.5,0.001000
138400,0.000607,1.000000,0.001233,1.000000,679.0,0.001000
138500,0.000408,1.000000,0.000715,1.000000,679.4,0.001000
138600,0.000321,1.000000,0.000493,1.000000,679.9,0.001000
138700,0.000214,1.000000,0.000291,1.000000,680.4,0.001000
138800,0.000110,1.000000,0.000139,1.000000,680.9,0.001000
138900,0.000048,1.000000,0.000060,1.000000,681.4,0.001000
139000,0.000019,1.000000,0.000024,1.000000,681.9,0.001000
139100,0.001679,1.000000,0.003981,1.000000,682.4,0.001000
139200,0.000796,1.000000,0.001738,1.000000,682.9,0.001000
139300,0.000495,1.000000,0.000950,1.000000,683.5,0.001000
139400,0.000358,1.000000,0.000595,1.000000,684.0,0.001000
139500,0.000263,1.000000,0.000389,1.000000,684.5,0.001000
139600,0.000149,1.000000,0.000204,1.000000,685.1,0.001000
139700,0.000072,1.000000,0.000091,1.000000,685.6,0.001000
139800,1.116691,0.721479,1.399582,0.636971,686.1,0.001000
139900,0.002230,1.000000,0.004981,1.000000,686.6,0.001000
140000,0.001197,1.000000,0.002423,1.000000,687.1,0.001000
140100,0.000766,1.000000,0.001538,1.000000,687.6,0.001000
140200,0.000538,1.000000,0.001131,1.000000,688.1,0.001000
140300,0.000306,1.000000,0.000474,1.000000,688.6,0.001000
140400,0.000168,1.000000,0.000227,1.000000,689.1,0.001000
140500,0.000076,1.000000,0.000100,1.000000,689.5,0.001000
140600,0.000032,1.000000,0.000041,1.000000,690.0,0.001000
140700,0.015073,0.999554,0.029563,0.998218,690.5,0.001000
140800,0.000938,1.000000,0.001918,1.000000,691.0,0.001000
140900,0.000574,1.000000,0.001085,1.000000,691.4,0.001000
141000,0.000390,1.000000,0.000736,1.000000,691.9,0.001000
141100,0.000297,1.000000,0.000523,1.000000,692.4,0.001000
141200,0.000195,1.000000,0.000275,1.000000,692.9,0.001000
141300,0.000101,1.000000,0.000129,1.000000,693.4,0.001000
141400,0.000045,1.000000,0.000057,1.000000,693.9,0.001000
141500,0.000018,1.000000,0.000022,1.000000,694.3,0.001000
141600,0.002937,1.000000,0.011196,0.998664,694.8,0.001000
141700,0.000843,1.000000,0.002254,1.000000,695.3,0.001000
141800,0.000528,1.000000,0.001121,1.000000,695.7,0.001000
141900,0.000383,1.000000,0.000707,1.000000,696.2,0.001000
142000,0.000300,1.000000,0.000441,1.000000,696.7,0.001000
142100,0.000196,1.000000,0.000261,1.000000,697.2,0.001000
142200,0.000101,1.000000,0.000131,1.000000,697.7,0.001000
142300,0.000044,1.000000,0.000056,1.000000,698.2,0.001000
142400,0.001531,1.000000,0.003047,1.000000,698.7,0.001000
142500,0.000766,1.000000,0.001526,1.000000,699.2,0.001000
142600,0.000516,1.000000,0.000931,1.000000,699.7,0.001000
142700,0.000382,1.000000,0.000589,1.000000,700.2,0.001000
142800,0.000266,1.000000,0.000358,1.000000,700.7,0.001000
142900,0.000143,1.000000,0.000177,1.000000,701.2,0.001000
143000,0.000062,1.000000,0.000076,1.000000,701.7,0.001000
143100,0.000025,1.000000,0.000030,1.000000,702.2,0.001000
143200,0.024071,1.000000,0.050229,0.994209,702.7,0.001000
143300,0.001081,1.000000,0.002946,1.000000,703.2,0.001000
143400,0.000631,1.000000,0.001285,1.000000,703.7,0.001000
143500,0.000425,1.000000,0.000740,1.000000,704.1,0.001000
143600,0.000339,1.000000,0.000534,1.000000,704.6,0.001000
143700,0.000241,1.000000,0.000341,1.000000,705.1,0.001000
143800,0.000128,1.000000,0.000161,1.000000,705.6,0.001000
143900,0.000058,1.000000,0.000070,1.000000,706.1,0.001000
144000,0.004692,1.000000,0.008543,1.000000,706.6,0.001000
144100,0.001104,1.000000,0.002017,1.000000,707.0,0.001000
144200,0.000695,1.000000,0.001175,1.000000,707.5,0.001000
144300,0.000468,1.000000,0.000706,1.000000,707.9,0.001000
144400,0.000341,1.000000,0.000494,1.000000,708.4,0.001000
144500,0.000196,1.000000,0.000264,1.000000,708.9,0.001000
144600,0.000089,1.000000,0.000110,1.000000,709.4,0.001000
144700,0.000037,1.000000,0.000045,1.000000,709.8,0.001000
144800,0.716385,0.817291,0.895488,0.768820,710.3,0.001000
144900,0.001507,1.000000,0.003706,1.000000,710.9,0.001000
145000,0.000837,1.000000,0.001913,1.000000,711.3,0.001000
145100,0.000539,1.000000,0.001078,1.000000,711.8,0.001000
145200,0.000389,1.000000,0.000710,1.000000,712.3,0.001000
145300,0.000269,1.000000,0.000524,1.000000,712.8,0.001000
145400,0.000134,1.000000,0.000198,1.000000,713.3,0.001000
145500,0.000058,1.000000,0.000078,1.000000,713.8,0.001000
145600,0.000026,1.000000,0.000032,1.000000,714.3,0.001000
145700,0.000011,1.000000,0.000013,1.000000,714.8,0.001000
145800,0.001518,1.000000,0.004005,1.000000,715.3,0.001000
145900,0.000778,1.000000,0.001896,1.000000,715.7,0.001000
146000,0.000478,1.000000,0.001041,1.000000,716.2,0.001000
146100,0.000305,1.000000,0.000573,1.000000,716.7,0.001000
146200,0.000220,1.000000,0.000350,1.000000,717.2,0.001000
146300,0.000143,1.000000,0.000198,1.000000,717.6,0.001000
146400,0.000072,1.000000,0.000089,1.000000,718.1,0.001000
146500,0.000031,1.000000,0.000038,1.000000,718.6,0.001000
146600,0.000013,1.000000,0.000015,1.000000,719.0,0.001000
146700,0.001753,1.000000,0.007117,0.999109,719.5,0.001000
146800,0.000841,1.000000,0.002595,1.000000,720.0,0.001000
146900,0.000502,1.000000,0.001144,1.000000,720.5,0.001000
147000,0.000355,1.000000,0.000641,1.000000,721.0,0.001000
147100,0.000280,1.000000,0.000446,1.000000,721.5,0.001000
147200,0.000173,1.000000,0.000240,1.000000,722.0,0.001000
147300,0.000085,1.000000,0.000110,1.000000,722.5,0.001000
147400,0.000039,1.000000,0.000048,1.000000,723.0,0.001000
147500,0.029369,0.998663,0.061728,0.989755,723.5,0.001000
147600,0.000959,1.000000,0.002598,1.000000,724.0,0.001000
147700,0.000573,1.000000,0.001280,1.000000,724.5,0.001000
147800,0.000404,1.000000,0.000779,1.000000,725.0,0.001000
147900,0.000308,1.000000,0.000550,1.000000,725.5,0.001000
148000,0.000189,1.000000,0.000284,1.000000,726.1,0.001000
148100,0.000095,1.000000,0.000128,1.000000,726.5,0.001000
148200,0.171004,0.971479,0.218786,0.961693,727.0,0.001000
148300,0.001517,1.000000,0.003274,1.000000,727.6,0.001000
148400,0.000885,1.000000,0.001717,1.000000,728.0,0.001000
148500,0.000586,1.000000,0.001008,1.000000,728.5,0.001000
148600,0.000450,1.000000,0.000678,1.000000,729.0,0.001000
148700,0.000291,1.000000,0.000397,1.000000,729.5,0.001000
148800,0.000142,1.000000,0.000180,1.000000,729.9,0.001000
148900,0.000061,1.000000,0.000076,1.000000,730.4,0.001000
149000,0.000025,1.000000,0.000031,1.000000,730.9,0.001000
149100,0.005530,1.000000,0.020213,0.997773,731.4,0.001000
149200,0.001113,1.000000,0.004169,0.999555,731.9,0.001000
149300,0.000664,1.000000,0.002225,0.999555,732.4,0.001000
149400,0.000448,1.000000,0.001316,0.999555,732.8,0.001000
149500,0.000321,1.000000,0.000676,1.000000,733.3,0.001000
149600,0.000190,1.000000,0.000304,1.000000,733.8,0.001000
149700,0.000095,1.000000,0.000127,1.000000,734.3,0.001000
149800,0.000042,1.000000,0.000054,1.000000,734.8,0.001000
149900,0.122383,0.980838,0.183726,0.968374,735.2,0.001000
150000,0.001393,1.000000,0.002913,1.000000,735.7,0.001000
150100,0.000821,1.000000,0.001549,1.000000,736.2,0.001000
150200,0.000513,1.000000,0.000907,1.000000,736.6,0.001000
150300,0.000350,1.000000,0.000570,1.000000,737.1,0.001000
150400,0.000241,1.000000,0.000340,1.000000,737.6,0.001000
150500,0.000124,1.000000,0.000161,1.000000,738.2,0.001000
150600,0.000055,1.000000,0.000068,1.000000,738.7,0.001000
150700,0.000022,1.000000,0.000027,1.000000,739.2,0.001000
150800,0.013164,1.000000,0.027677,0.997327,739.7,0.001000
150900,0.001254,1.000000,0.003151,1.000000,740.1,0.001000
151000,0.000668,1.000000,0.001601,1.000000,740.6,0.001000
151100,0.000421,1.000000,0.000908,1.000000,741.1,0.001000
151200,0.000332,1.000000,0.000591,1.000000,741.6,0.001000
151300,0.000221,1.000000,0.000337,1.000000,742.1,0.001000
151400,0.000116,1.000000,0.000150,1.000000,742.6,0.001000
151500,0.038214,0.999554,0.056275,0.998664,743.1,0.001000
151600,0.001080,1.000000,0.001790,1.000000,743.6,0.001000
151700,0.000679,1.000000,0.001080,1.000000,744.0,0.001000
151800,0.000447,1.000000,0.000681,1.000000,744.6,0.001000
151900,0.000304,1.000000,0.000427,1.000000,745.1,0.001000
152000,0.000177,1.000000,0.000226,1.000000,745.6,0.001000
152100,0.000080,1.000000,0.000099,1.000000,746.0,0.001000
152200,0.000033,1.000000,0.000040,1.000000,746.5,0.001000
152300,0.018854,0.999554,0.035194,0.998664,747.0,0.001000
152400,0.001230,1.000000,0.002512,1.000000,747.6,0.001000
152500,0.000681,1.000000,0.001236,1.000000,748.1,0.001000
152600,0.000414,1.000000,0.000692,1.000000,748.6,0.001000
152700,0.000281,1.000000,0.000424,1.000000,749.1,0.001000
152800,0.000188,1.000000,0.000245,1.000000,749.7,0.001000
152900,0.000100,1.000000,0.000122,1.000000,750.2,0.001000
153000,0.000043,1.000000,0.000052,1.000000,750.7,0.001000
153100,0.009896,1.000000,0.021692,0.999109,751.2,0.001000
153200,0.001007,1.000000,0.002419,1.000000,751.8,0.001000
153300,0.000613,1.000000,0.001316,1.000000,752.3,0.001000
153400,0.000432,1.000000,0.000807,1.000000,752.8,0.001000
153500,0.000334,1.000000,0.000544,1.000000,753.2,0.001000
153600,0.000213,1.000000,0.000296,1.000000,753.7,0.001000
153700,0.000105,1.000000,0.000135,1.000000,754.2,0.001000
153800,0.000045,1.000000,0.000056,1.000000,754.7,0.001000
153900,0.000018,1.000000,0.000022,1.000000,755.2,0.001000
154000,0.000007,1.000000,0.000009,1.000000,755.7,0.001000
154100,0.001430,1.000000,0.003050,1.000000,756.1,0.001000
154200,0.000714,1.000000,0.001340,1.000000,756.6,0.001000
154300,0.000415,1.000000,0.000711,1.000000,757.1,0.001000
154400,0.000295,1.000000,0.000464,1.000000,757.6,0.001000
154500,0.000234,1.000000,0.000349,1.000000,758.1,0.001000
154600,0.000147,1.000000,0.000197,1.000000,758.6,0.001000
154700,0.000073,1.000000,0.000092,1.000000,759.1,0.001000
154800,0.000032,1.000000,0.000039,1.000000,759.6,0.001000
154900,0.002589,1.000000,0.005140,1.000000,760.0,0.001000
155000,0.000924,1.000000,0.001640,1.000000,760.5,0.001000
155100,0.000586,1.000000,0.000965,1.000000,761.0,0.001000
155200,0.000385,1.000000,0.000613,1.000000,761.5,0.001000
155300,0.000251,1.000000,0.000365,1.000000,762.0,0.001000
155400,0.000153,1.000000,0.000208,1.000000,762.4,0.001000
155500,0.000072,1.000000,0.000093,1.000000,763.0,0.001000
155600,0.000030,1.000000,0.000038,1.000000,763.5,0.001000
155700,0.000012,1.000000,0.000015,1.000000,764.0,0.001000
155800,0.001522,1.000000,0.005980,0.999109,764.5,0.001000
155900,0.000809,1.000000,0.002257,1.000000,765.0,0.001000
156000,0.000519,1.000000,0.001011,1.000000,765.5,0.001000
156100,0.000352,1.000000,0.000545,1.000000,766.0,0.001000
156200,0.000247,1.000000,0.000332,1.000000,766.5,0.001000
156300,0.000155,1.000000,0.000196,1.000000,767.0,0.001000
156400,0.000076,1.000000,0.000093,1.000000,767.5,0.001000
156500,0.008026,1.000000,0.019481,0.998218,767.9,0.001000
156600,0.001451,1.000000,0.004352,0.999555,768.5,0.001000
156700,0.000858,1.000000,0.002555,0.999555,768.9,0.001000
156800,0.000582,1.000000,0.001361,1.000000,769.4,0.001000
156900,0.000415,1.000000,0.000669,1.000000,769.8,0.001000
157000,0.000238,1.000000,0.000322,1.000000,770.3,0.001000
157100,0.000111,1.000000,0.000141,1.000000,770.8,0.001000
157200,0.000045,1.000000,0.000057,1.000000,771.3,0.001000
157300,0.000018,1.000000,0.000023,1.000000,771.8,0.001000
157400,0.003365,1.000000,0.007410,1.000000,772.3,0.001000
157500,0.000698,1.000000,0.001695,1.000000,772.7,0.001000
157600,0.000441,1.000000,0.001057,1.000000,773.2,0.001000
157700,0.000322,1.000000,0.000741,1.000000,773.7,0.001000
157800,0.000244,1.000000,0.000488,1.000000,774.2,0.001000
157900,0.000145,1.000000,0.000214,1.000000,774.6,0.001000
158000,0.000074,1.000000,0.000094,1.000000,775.1,0.001000
158100,0.000033,1.000000,0.000040,1.000000,775.6,0.001000
158200,0.023745,1.000000,0.063333,0.987082,776.1,0.001000
158300,0.001497,1.000000,0.004322,1.000000,776.6,0.001000
158400,0.000868,1.000000,0.002191,1.000000,777.1,0.001000
158500,0.000555,1.000000,0.001259,1.000000,777.6,0.001000
158600,0.000376,1.000000,0.000707,1.000000,778.0,0.001000
158700,0.000254,1.000000,0.000349,1.000000,778.5,0.001000
158800,0.000143,1.000000,0.000177,1.000000,779.0,0.001000
158900,0.000062,1.000000,0.000075,1.000000,779.5,0.001000
159000,0.002010,1.000000,0.004613,1.000000,780.1,0.001000
159100,0.000970,1.000000,0.002010,1.000000,780.6,0.001000
159200,0.000659,1.000000,0.001260,1.000000,781.0,0.001000
159300,0.000477,1.000000,0.000864,1.000000,781.5,0.001000
159400,0.000302,1.000000,0.000462,1.000000,782.0,0.001000
159500,0.000150,1.000000,0.000200,1.000000,782.4,0.001000
159600,0.000068,1.000000,0.000087,1.000000,782.9,0.001000
159700,0.000028,1.000000,0.000036,1.000000,783.4,0.001000
159800,0.002216,1.000000,0.004901,1.000000,783.9,0.001000
159900,0.000928,1.000000,0.001934,1.000000,784.4,0.001000
160000,0.000600,1.000000,0.001119,1.000000,784.9,0.001000
160100,0.000446,1.000000,0.000749,1.000000,785.4,0.001000
160200,0.000321,1.000000,0.000480,1.000000,785.9,0.001000
160300,0.000191,1.000000,0.000251,1.000000,786.4,0.001000
160400,0.000096,1.000000,0.000119,1.000000,786.9,0.001000
160500,0.000042,1.000000,0.000052,1.000000,787.4,0.001000
160600,0.011259,1.000000,0.026187,0.998664,787.9,0.001000
160700,0.001068,1.000000,0.002301,1.000000,788.4,0.001000
160800,0.000618,1.000000,0.001182,1.000000,788.9,0.001000
160900,0.000415,1.000000,0.000682,1.000000,789.4,0.001000
161000,0.000321,1.000000,0.000473,1.000000,789.9,0.001000
161100,0.000207,1.000000,0.000284,1.000000,790.3,0.001000
161200,0.000101,1.000000,0.000133,1.000000,790.9,0.001000
161300,0.000044,1.000000,0.000055,1.000000,791.4,0.001000
161400,0.005859,1.000000,0.014659,0.998664,791.9,0.001000
161500,0.001163,1.000000,0.002766,1.000000,792.4,0.001000
161600,0.000724,1.000000,0.001531,1.000000,792.9,0.001000
161700,0.000533,1.000000,0.000934,1.000000,793.3,0.001000
161800,0.000404,1.000000,0.000582,1.000000,793.9,0.001000
161900,0.000249,1.000000,0.000320,1.000000,794.4,0.001000
162000,0.000122,1.000000,0.000150,1.000000,794.9,0.001000
162100,0.000053,1.000000,0.000064,1.000000,795.4,0.001000
162200,0.000021,1.000000,0.000025,1.000000,795.9,0.001000
162300,0.002396,1.000000,0.004723,1.000000,796.4,0.001000
162400,0.000882,1.000000,0.001699,1.000000,796.9,0.001000
162500,0.000546,1.000000,0.000955,1.000000,797.3,0.001000
162600,0.000381,1.000000,0.000656,1.000000,797.8,0.001000
162700,0.000263,1.000000,0.000404,1.000000,798.3,0.001000
162800,0.000160,1.000000,0.000210,1.000000,798.7,0.001000
162900,0.000081,1.000000,0.000099,1.000000,799.2,0.001000
163000,0.000036,1.000000,0.000043,1.000000,799.7,0.001000
163100,0.019509,0.999554,0.041135,0.995991,800.2,0.001000
163200,0.001219,1.000000,0.002773,1.000000,800.7,0.001000
163300,0.000710,1.000000,0.001422,1.000000,801.1,0.001000
163400,0.000470,1.000000,0.000780,1.000000,801.6,0.001000
163500,0.000356,1.000000,0.000521,1.000000,802.1,0.001000
163600,0.000229,1.000000,0.000301,1.000000,802.6,0.001000
163700,0.000114,1.000000,0.000144,1.000000,803.1,0.001000
163800,0.000050,1.000000,0.000060,1.000000,803.6,0.001000
163900,0.000020,1.000000,0.000025,1.000000,804.0,0.001000
164000,0.002412,1.000000,0.007580,0.999109,804.5,0.001000
164100,0.001096,1.000000,0.002827,1.000000,805.0,0.001000
164200,0.000630,1.000000,0.001236,1.000000,805.5,0.001000
164300,0.000430,1.000000,0.000732,1.000000,806.0,0.001000
164400,0.000327,1.000000,0.000499,1.000000,806.5,0.001000
164500,0.000202,1.000000,0.000263,1.000000,807.0,0.001000
164600,0.000099,1.000000,0.000119,1.000000,807.5,0.001000
164700,0.680425,0.846702,0.766860,0.812918,808.0,0.001000
164800,0.001070,1.000000,0.002124,1.000000,808.5,0.001000
164900,0.000685,1.000000,0.001271,1.000000,809.1,0.001000
165000,0.000510,1.000000,0.000831,1.000000,809.6,0.001000
165100,0.000403,1.000000,0.000565,1.000000,810.1,0.001000
165200,0.000251,1.000000,0.000321,1.000000,810.6,0.001000
165300,0.000124,1.000000,0.000151,1.000000,811.1,0.001000
165400,0.000053,1.000000,0.000064,1.000000,811.6,0.001000
165500,0.000021,1.000000,0.000025,1.000000,812.0,0.001000
165600,0.003974,1.000000,0.010227,0.999109,812.5,0.001000
165700,0.000931,1.000000,0.002423,1.000000,813.0,0.001000
165800,0.000572,1.000000,0.001220,1.000000,813.6,0.001000
165900,0.000405,1.000000,0.000700,1.000000,814.1,0.001000
166000,0.000305,1.000000,0.000455,1.000000,814.6,0.001000
166100,0.000194,1.000000,0.000257,1.000000,815.1,0.001000
166200,0.000102,1.000000,0.000127,1.000000,815.6,0.001000
166300,0.000045,1.000000,0.000055,1.000000,816.1,0.001000
166400,0.000019,1.000000,0.000023,1.000000,816.6,0.001000
166500,0.001785,1.000000,0.006095,0.999109,817.2,0.001000
166600,0.000711,1.000000,0.002164,1.000000,817.7,0.001000
166700,0.000458,1.000000,0.001192,1.000000,818.2,0.001000
166800,0.000344,1.000000,0.000688,1.000000,818.7,0.001000
166900,0.000277,1.000000,0.000436,1.000000,819.2,0.001000
167000,0.000168,1.000000,0.000227,1.000000,819.7,0.001000
167100,0.000080,1.000000,0.000100,1.000000,820.2,0.001000
167200,0.000036,1.000000,0.000042,1.000000,820.6,0.001000
167300,0.001659,1.000000,0.003758,1.000000,821.1,0.001000
167400,0.000682,1.000000,0.001320,1.000000,821.6,0.001000
167500,0.000452,1.000000,0.000740,1.000000,822.1,0.001000
167600,0.000360,1.000000,0.000530,1.000000,822.5,0.001000
167700,0.000264,1.000000,0.000352,1.000000,823.0,0.001000
167800,0.000144,1.000000,0.000178,1.000000,823.5,0.001000
167900,0.000065,1.000000,0.000077,1.000000,824.0,0.001000
168000,0.010050,1.000000,0.020167,0.999555,824.4,0.001000
168100,0.001075,1.000000,0.002021,1.000000,824.9,0.001000
168200,0.000706,1.000000,0.001222,1.000000,825.4,0.001000
168300,0.000523,1.000000,0.000810,1.000000,825.9,0.001000
168400,0.000361,1.000000,0.000509,1.000000,826.4,0.001000
168500,0.000226,1.000000,0.000288,1.000000,826.9,0.001000
168600,0.000108,1.000000,0.000133,1.000000,827.4,0.001000
168700,0.000045,1.000000,0.000055,1.000000,827.9,0.001000
168800,0.000018,1.000000,0.000022,1.000000,828.4,0.001000
168900,0.010781,0.999554,0.020754,0.998664,828.9,0.001000
169000,0.000846,1.000000,0.001835,1.000000,829.4,0.001000
169100,0.000515,1.000000,0.001108,1.000000,829.9,0.001000
169200,0.000359,1.000000,0.000801,1.000000,830.4,0.001000
169300,0.000283,1.000000,0.000549,1.000000,830.9,0.001000
169400,0.000191,1.000000,0.000279,1.000000,831.4,0.001000
169500,0.000103,1.000000,0.000127,1.000000,831.9,0.001000
169600,0.000048,1.000000,0.000057,1.000000,832.4,0.001000
169700,0.138870,0.988414,0.222262,0.959466,832.8,0.001000
169800,0.001682,1.000000,0.004218,1.000000,833.3,0.001000
169900,0.000952,1.000000,0.002032,1.000000,833.8,0.001000
170000,0.000556,1.000000,0.000928,1.000000,834.4,0.001000
170100,0.000384,1.000000,0.000577,1.000000,834.8,0.001000
170200,0.000278,1.000000,0.000376,1.000000,835.3,0.001000
170300,0.000154,1.000000,0.000188,1.000000,835.8,0.001000
170400,0.000069,1.000000,0.000083,1.000000,836.3,0.001000
170500,0.004016,1.000000,0.007901,1.000000,836.8,0.001000
170600,0.001112,1.000000,0.002117,1.000000,837.3,0.001000
170700,0.000724,1.000000,0.001251,1.000000,837.8,0.001000
170800,0.000548,1.000000,0.000953,1.000000,838.3,0.001000
170900,0.000368,1.000000,0.000532,1.000000,838.7,0.001000
171000,0.000187,1.000000,0.000244,1.000000,839.2,0.001000
171100,0.000086,1.000000,0.000106,1.000000,839.7,0.001000
171200,0.000036,1.000000,0.000044,1.000000,840.2,0.001000
171300,0.013035,1.000000,0.026927,0.999109,840.6,0.001000
171400,0.001134,1.000000,0.002310,1.000000,841.1,0.001000
171500,0.000640,1.000000,0.001232,1.000000,841.6,0.001000
171600,0.000429,1.000000,0.000804,1.000000,842.1,0.001000
171700,0.000332,1.000000,0.000544,1.000000,842.6,0.001000
171800,0.000219,1.000000,0.000305,1.000000,843.0,0.001000
171900,0.000111,1.000000,0.000141,1.000000,843.5,0.001000
172000,0.000048,1.000000,0.000060,1.000000,844.0,0.001000
172100,3.553937,0.319073,3.497996,0.307350,844.5,0.001000
172200,0.001085,1.000000,0.002951,1.000000,845.0,0.001000
172300,0.000662,1.000000,0.001461,1.000000,845.4,0.001000
172400,0.000468,1.000000,0.000860,1.000000,845.9,0.001000
172500,0.000362,1.000000,0.000570,1.000000,846.4,0.001000
172600,0.000225,1.000000,0.000319,1.000000,847.0,0.001000
172700,0.000120,1.000000,0.000155,1.000000,847.5,0.001000
172800,0.000057,1.000000,0.000070,1.000000,847.9,0.001000
172900,0.056505,0.997772,0.092830,0.989310,848.4,0.001000
173000,0.001182,1.000000,0.002912,1.000000,848.9,0.001000
173100,0.000738,1.000000,0.001664,1.000000,849.4,0.001000
173200,0.000546,1.000000,0.001032,1.000000,849.9,0.001000
173300,0.000424,1.000000,0.000714,1.000000,850.4,0.001000
173400,0.000262,1.000000,0.000354,1.000000,850.9,0.001000
173500,0.000131,1.000000,0.000162,1.000000,851.4,0.001000
173600,0.000056,1.000000,0.000067,1.000000,851.9,0.001000
173700,0.000023,1.000000,0.000027,1.000000,852.3,0.001000
173800,0.001128,1.000000,0.002794,1.000000,852.8,0.001000
173900,0.000655,1.000000,0.001533,1.000000,853.3,0.001000
174000,0.000461,1.000000,0.000925,1.000000,853.8,0.001000
174100,0.000356,1.000000,0.000602,1.000000,854.3,0.001000
174200,0.000236,1.000000,0.000354,1.000000,854.8,0.001000
174300,0.000122,1.000000,0.000163,1.000000,855.3,0.001000
174400,0.000055,1.000000,0.000070,1.000000,855.7,0.001000
174500,3.880352,0.148396,4.031750,0.128731,856.2,0.001000
174600,0.005713,1.000000,0.012384,0.999555,856.7,0.001000
174700,0.002134,1.000000,0.004404,0.999555,857.2,0.001000
174800,0.000826,1.000000,0.001646,1.000000,857.7,0.001000
174900,0.000364,1.000000,0.000588,1.000000,858.2,0.001000
175000,0.000282,1.000000,0.000419,1.000000,858.7,0.001000
175100,0.000172,1.000000,0.000227,1.000000,859.2,0.001000
175200,0.000080,1.000000,0.000100,1.000000,859.7,0.001000
175300,0.042774,0.995098,0.070305,0.988864,860.1,0.001000
175400,0.001026,1.000000,0.002052,1.000000,860.6,0.001000
175500,0.000647,1.000000,0.001153,1.000000,861.1,0.001000
175600,0.000480,1.000000,0.000818,1.000000,861.6,0.001000
175700,0.000360,1.000000,0.000558,1.000000,862.1,0.001000
175800,0.000201,1.000000,0.000280,1.000000,862.6,0.001000
175900,0.000097,1.000000,0.000127,1.000000,863.1,0.001000
176000,0.000043,1.000000,0.000052,1.000000,863.6,0.001000
176100,0.000016,1.000000,0.000020,1.000000,864.1,0.001000
176200,0.001781,1.000000,0.004579,1.000000,864.6,0.001000
176300,0.000680,1.000000,0.001479,1.000000,865.1,0.001000
176400,0.000414,1.000000,0.000800,1.000000,865.5,0.001000
176500,0.000297,1.000000,0.000525,1.000000,866.0,0.001000
176600,0.000230,1.000000,0.000347,1.000000,866.5,0.001000
176700,0.000141,1.000000,0.000199,1.000000,867.0,0.001000
176800,0.000066,1.000000,0.000087,1.000000,867.5,0.001000
176900,0.227870,0.951426,0.295065,0.932294,868.0,0.001000
177000,0.001532,1.000000,0.003560,1.000000,868.5,0.001000
177100,0.000892,1.000000,0.001792,1.000000,869.0,0.001000
177200,0.000566,1.000000,0.000999,1.000000,869.5,0.001000
177300,0.000397,1.000000,0.000626,1.000000,870.0,0.001000
177400,0.000269,1.000000,0.000380,1.000000,870.5,0.001000
177500,0.000139,1.000000,0.000173,1.000000,871.0,0.001000
177600,0.000061,1.000000,0.000074,1.000000,871.5,0.001000
177700,0.056770,0.996435,0.099280,0.982628,872.0,0.001000
177800,0.001245,1.000000,0.002537,1.000000,872.6,0.001000
177900,0.000740,1.000000,0.001364,1.000000,873.1,0.001000
178000,0.000497,1.000000,0.000832,1.000000,873.6,0.001000
178100,0.000357,1.000000,0.000516,1.000000,874.1,0.001000
178200,0.000225,1.000000,0.000296,1.000000,874.6,0.001000
178300,0.000113,1.000000,0.000141,1.000000,875.0,0.001000
178400,0.000049,1.000000,0.000059,1.000000,875.5,0.001000
178500,0.000020,1.000000,0.000023,1.000000,876.0,0.001000
178600,0.001524,1.000000,0.003198,1.000000,876.5,0.001000
178700,0.000811,1.000000,0.001555,1.000000,877.0,0.001000
178800,0.000552,1.000000,0.000951,1.000000,877.5,0.001000
178900,0.000414,1.000000,0.000664,1.000000,878.0,0.001000
179000,0.000277,1.000000,0.000394,1.000000,878.4,0.001000
179100,0.000139,1.000000,0.000180,1.000000,879.0,0.001000
179200,0.000062,1.000000,0.000077,1.000000,879.5,0.001000
179300,2.986475,0.319964,3.027212,0.310022,880.0,0.001000
179400,0.001376,1.000000,0.002925,1.000000,880.6,0.001000
179500,0.000812,1.000000,0.001607,1.000000,881.1,0.001000
179600,0.000577,1.000000,0.000986,1.000000,881.5,0.001000
179700,0.000466,1.000000,0.000696,1.000000,882.1,0.001000
179800,0.000309,1.000000,0.000403,1.000000,882.6,0.001000
179900,0.000160,1.000000,0.000197,1.000000,883.1,0.001000
180000,0.000071,1.000000,0.000085,1.000000,883.6,0.001000
180100,0.002351,1.000000,0.004757,0.999555,884.1,0.001000
180200,0.000935,1.000000,0.001764,1.000000,884.6,0.001000
180300,0.000591,1.000000,0.000976,1.000000,885.1,0.001000
180400,0.000424,1.000000,0.000616,1.000000,885.6,0.001000
180500,0.000285,1.000000,0.000375,1.000000,886.1,0.001000
180600,0.000146,1.000000,0.000180,1.000000,886.5,0.001000
180700,0.000062,1.000000,0.000075,1.000000,887.0,0.001000
180800,0.074211,0.991979,0.118179,0.979510,887.5,0.001000
180900,0.001028,1.000000,0.002177,1.000000,888.0,0.001000
181000,0.000662,1.000000,0.001347,1.000000,888.5,0.001000
181100,0.000482,1.000000,0.000892,1.000000,889.0,0.001000
181200,0.000367,1.000000,0.000574,1.000000,889.5,0.001000
181300,0.000223,1.000000,0.000313,1.000000,889.9,0.001000
181400,0.000107,1.000000,0.000137,1.000000,890.4,0.001000
181500,0.007190,1.000000,0.013773,0.999555,890.9,0.001000
181600,0.001193,1.000000,0.002330,1.000000,891.4,0.001000
181700,0.000821,1.000000,0.001462,1.000000,891.9,0.001000
181800,0.000613,1.000000,0.000955,1.000000,892.4,0.001000
181900,0.000412,1.000000,0.000576,1.000000,892.9,0.001000
182000,0.000223,1.000000,0.000287,1.000000,893.4,0.001000
182100,0.000099,1.000000,0.000123,1.000000,893.9,0.001000
182200,0.000041,1.000000,0.000048,1.000000,894.4,0.001000
182300,0.011876,0.999554,0.025131,0.998664,894.8,0.001000
182400,0.000906,1.000000,0.001876,1.000000,895.3,0.001000
182500,0.000570,1.000000,0.001031,1.000000,895.8,0.001000
182600,0.000414,1.000000,0.000679,1.000000,896.4,0.001000
182700,0.000324,1.000000,0.000487,1.000000,896.8,0.001000
182800,0.000210,1.000000,0.000285,1.000000,897.3,0.001000
182900,0.000105,1.000000,0.000135,1.000000,897.8,0.001000
183000,0.000044,1.000000,0.000054,1.000000,898.3,0.001000
183100,0.548937,0.863191,0.623806,0.837862,898.7,0.001000
183200,0.000933,1.000000,0.002117,1.000000,899.2,0.001000
183300,0.000561,1.000000,0.001106,1.000000,899.7,0.001000
183400,0.000382,1.000000,0.000681,1.000000,900.2,0.001000
183500,0.000308,1.000000,0.000484,1.000000,900.7,0.001000
183600,0.000222,1.000000,0.000293,1.000000,901.2,0.001000
183700,0.000119,1.000000,0.000149,1.000000,901.7,0.001000
183800,0.000055,1.000000,0.000067,1.000000,902.2,0.001000
183900,0.020437,0.999554,0.037090,0.998664,902.7,0.001000
184000,0.000845,1.000000,0.001742,1.000000,903.2,0.001000
184100,0.000555,1.000000,0.000986,1.000000,903.7,0.001000
184200,0.000423,1.000000,0.000692,1.000000,904.2,0.001000
184300,0.000344,1.000000,0.000498,1.000000,904.7,0.001000
184400,0.000214,1.000000,0.000282,1.000000,905.2,0.001000
184500,0.000102,1.000000,0.000126,1.000000,905.6,0.001000
184600,0.000043,1.000000,0.000052,1.000000,906.2,0.001000
184700,0.010421,1.000000,0.021606,0.999555,906.7,0.001000
184800,0.001179,1.000000,0.002416,1.000000,907.1,0.001000
184900,0.000701,1.000000,0.001323,1.000000,907.6,0.001000
185000,0.000453,1.000000,0.000779,1.000000,908.1,0.001000
185100,0.000333,1.000000,0.000521,1.000000,908.6,0.001000
185200,0.000215,1.000000,0.000308,1.000000,909.1,0.001000
185300,0.000106,1.000000,0.000140,1.000000,909.6,0.001000
185400,0.000045,1.000000,0.000058,1.000000,910.1,0.001000
185500,0.000018,1.000000,0.000023,1.000000,910.5,0.001000
185600,0.003220,1.000000,0.007341,1.000000,911.0,0.001000
185700,0.000892,1.000000,0.001947,1.000000,911.5,0.001000
185800,0.000557,1.000000,0.001063,1.000000,912.0,0.001000
185900,0.000389,1.000000,0.000665,1.000000,912.5,0.001000
186000,0.000296,1.000000,0.000463,1.000000,913.0,0.001000
186100,0.000190,1.000000,0.000272,1.000000,913.4,0.001000
186200,0.000096,1.000000,0.000123,1.000000,913.9,0.001000
186300,0.000042,1.000000,0.000051,1.000000,914.4,0.001000
186400,0.188632,0.963904,0.248807,0.943875,914.9,0.001000
186500,0.001173,1.000000,0.002620,1.000000,915.4,0.001000
186600,0.000706,1.000000,0.001407,1.000000,915.9,0.001000
186700,0.000478,1.000000,0.000863,1.000000,916.3,0.001000
186800,0.000352,1.000000,0.000555,1.000000,916.8,0.001000
186900,0.000244,1.000000,0.000333,1.000000,917.3,0.001000
187000,0.000134,1.000000,0.000171,1.000000,917.8,0.001000
187100,0.000060,1.000000,0.000075,1.000000,918.3,0.001000
187200,0.007781,1.000000,0.017066,0.999555,918.8,0.001000
187300,0.001039,1.000000,0.002314,1.000000,919.3,0.001000
187400,0.000641,1.000000,0.001199,1.000000,919.8,0.001000
187500,0.000462,1.000000,0.000725,1.000000,920.3,0.001000
187600,0.000334,1.000000,0.000459,1.000000,920.8,0.001000
187700,0.000191,1.000000,0.000247,1.000000,921.3,0.001000
187800,0.000090,1.000000,0.000112,1.000000,921.8,0.001000
187900,0.000038,1.000000,0.000046,1.000000,922.3,0.001000
188000,0.009900,1.000000,0.021785,0.999109,922.7,0.001000
188100,0.001122,1.000000,0.002437,1.000000,923.2,0.001000
188200,0.000683,1.000000,0.001340,1.000000,923.7,0.001000
188300,0.000490,1.000000,0.000871,1.000000,924.2,0.001000
188400,0.000386,1.000000,0.000593,1.000000,924.7,0.001000
188500,0.000237,1.000000,0.000329,1.000000,925.2,0.001000
188600,0.000120,1.000000,0.000150,1.000000,925.7,0.001000
188700,0.000050,1.000000,0.000062,1.000000,926.2,0.001000
188800,0.015713,0.999554,0.031346,0.997773,926.7,0.001000
188900,0.000991,1.000000,0.002141,1.000000,927.2,0.001000
189000,0.000654,1.000000,0.001339,1.000000,927.7,0.001000
189100,0.000489,1.000000,0.000941,1.000000,928.2,0.001000
189200,0.000346,1.000000,0.000575,1.000000,928.6,0.001000
189300,0.000195,1.000000,0.000269,1.000000,929.1,0.001000
189400,0.000098,1.000000,0.000124,1.000000,929.6,0.001000
189500,0.000043,1.000000,0.000052,1.000000,930.1,0.001000
189600,0.001620,1.000000,0.003581,1.000000,930.6,0.001000
189700,0.000933,1.000000,0.001799,1.000000,931.1,0.001000
189800,0.000643,1.000000,0.001102,1.000000,931.6,0.001000
189900,0.000502,1.000000,0.000794,1.000000,932.0,0.001000
190000,0.000331,1.000000,0.000476,1.000000,932.6,0.001000
190100,0.000172,1.000000,0.000228,1.000000,933.0,0.001000
190200,0.000075,1.000000,0.000095,1.000000,933.5,0.001000
190300,0.000031,1.000000,0.000038,1.000000,934.0,0.001000
190400,0.002434,1.000000,0.006590,0.999555,934.5,0.001000
190500,0.000939,1.000000,0.002490,1.000000,935.0,0.001000
190600,0.000636,1.000000,0.001508,1.000000,935.4,0.001000
190700,0.000482,1.000000,0.000905,1.000000,935.9,0.001000
190800,0.000340,1.000000,0.000549,1.000000,936.4,0.001000
190900,0.000172,1.000000,0.000239,1.000000,936.9,0.001000
191000,0.000083,1.000000,0.000106,1.000000,937.4,0.001000
191100,0.000037,1.000000,0.000045,1.000000,937.9,0.001000
191200,0.079313,0.994652,0.130418,0.975947,938.4,0.001000
191300,0.000847,1.000000,0.002026,1.000000,938.9,0.001000
191400,0.000540,1.000000,0.001225,1.000000,939.4,0.001000
191500,0.000393,1.000000,0.000800,1.000000,939.8,0.001000
191600,0.000317,1.000000,0.000556,1.000000,940.3,0.001000
191700,0.000211,1.000000,0.000303,1.000000,940.8,0.001000
191800,0.000110,1.000000,0.000142,1.000000,941.3,0.001000
191900,0.000051,1.000000,0.000063,1.000000,941.8,0.001000
192000,0.000019,1.000000,0.000024,1.000000,942.3,0.001000
192100,0.001885,1.000000,0.005112,0.999555,942.7,0.001000
192200,0.000846,1.000000,0.002012,1.000000,943.2,0.001000
192300,0.000530,1.000000,0.001091,1.000000,943.7,0.001000
192400,0.000364,1.000000,0.000677,1.000000,944.2,0.001000
192500,0.000254,1.000000,0.000408,1.000000,944.7,0.001000
192600,0.000148,1.000000,0.000205,1.000000,945.2,0.001000
192700,0.000071,1.000000,0.000091,1.000000,945.7,0.001000
192800,0.000030,1.000000,0.000037,1.000000,946.2,0.001000
192900,0.002790,1.000000,0.008029,0.999109,946.7,0.001000
193000,0.000972,1.000000,0.002686,1.000000,947.3,0.001000
193100,0.000592,1.000000,0.001261,1.000000,947.8,0.001000
193200,0.000419,1.000000,0.000730,1.000000,948.3,0.001000
193300,0.000314,1.000000,0.000472,1.000000,948.8,0.001000
193400,0.000200,1.000000,0.000273,1.000000,949.4,0.001000
193500,0.000096,1.000000,0.000118,1.000000,949.8,0.001000
193600,0.000041,1.000000,0.000049,1.000000,950.3,0.001000
193700,0.005288,1.000000,0.011873,0.999555,950.8,0.001000
193800,0.001069,1.000000,0.003089,0.999555,951.2,0.001000
193900,0.000665,1.000000,0.001593,1.000000,951.7,0.001000
194000,0.000488,1.000000,0.000861,1.000000,952.2,0.001000
194100,0.000378,1.000000,0.000561,1.000000,952.7,0.001000
194200,0.000232,1.000000,0.000304,1.000000,953.2,0.001000
194300,0.000113,1.000000,0.000142,1.000000,953.6,0.001000
194400,0.000049,1.000000,0.000058,1.000000,954.1,0.001000
194500,0.000019,1.000000,0.000023,1.000000,954.6,0.001000
194600,0.000008,1.000000,0.000009,1.000000,955.1,0.001000
194700,0.001300,1.000000,0.004108,1.000000,955.6,0.001000
194800,0.000661,1.000000,0.001829,1.000000,956.1,0.001000
194900,0.000422,1.000000,0.000954,1.000000,956.6,0.001000
195000,0.000306,1.000000,0.000549,1.000000,957.1,0.001000
195100,0.000225,1.000000,0.000342,1.000000,957.5,0.001000
195200,0.000134,1.000000,0.000178,1.000000,958.0,0.001000
195300,0.000068,1.000000,0.000084,1.000000,958.5,0.001000
195400,0.000030,1.000000,0.000036,1.000000,959.0,0.001000
195500,0.001303,1.000000,0.003961,0.999109,959.5,0.001000
195600,0.000745,1.000000,0.002180,0.999555,960.0,0.001000
195700,0.000533,1.000000,0.001329,1.000000,960.5,0.001000
195800,0.000426,1.000000,0.000752,1.000000,961.0,0.001000
195900,0.000288,1.000000,0.000389,1.000000,961.5,0.001000
196000,0.000147,1.000000,0.000185,1.000000,962.1,0.001000
196100,0.000067,1.000000,0.000082,1.000000,962.5,0.001000
196200,0.279949,0.916667,0.297585,0.914922,963.0,0.001000
196300,0.000946,1.000000,0.001902,1.000000,963.5,0.001000
196400,0.000614,1.000000,0.001098,1.000000,964.0,0.001000
196500,0.000457,1.000000,0.000721,1.000000,964.6,0.001000
196600,0.000354,1.000000,0.000498,1.000000,965.0,0.001000
196700,0.000227,1.000000,0.000297,1.000000,965.5,0.001000
196800,0.000115,1.000000,0.000142,1.000000,966.0,0.001000
196900,0.000050,1.000000,0.000061,1.000000,966.5,0.001000
197000,0.001510,1.000000,0.003226,1.000000,967.0,0.001000
197100,0.000884,1.000000,0.001659,1.000000,967.5,0.001000
197200,0.000619,1.000000,0.001018,1.000000,968.0,0.001000
197300,0.000477,1.000000,0.000697,1.000000,968.5,0.001000
197400,0.000331,1.000000,0.000433,1.000000,969.0,0.001000
197500,0.000173,1.000000,0.000212,1.000000,969.5,0.001000
197600,0.000074,1.000000,0.000090,1.000000,970.0,0.001000
197700,0.000031,1.000000,0.000036,1.000000,970.5,0.001000
197800,0.001712,1.000000,0.004872,1.000000,971.0,0.001000
197900,0.000903,1.000000,0.002105,1.000000,971.4,0.001000
198000,0.000619,1.000000,0.001233,1.000000,971.9,0.001000
198100,0.000461,1.000000,0.000793,1.000000,972.5,0.001000
198200,0.000310,1.000000,0.000459,1.000000,972.9,0.001000
198300,0.000173,1.000000,0.000230,1.000000,973.4,0.001000
198400,0.000080,1.000000,0.000100,1.000000,973.9,0.001000
198500,0.000033,1.000000,0.000040,1.000000,974.4,0.001000
198600,0.002270,1.000000,0.005895,1.000000,974.9,0.001000
198700,0.000814,1.000000,0.001935,1.000000,975.4,0.001000
198800,0.000559,1.000000,0.001078,1.000000,975.9,0.001000
198900,0.000424,1.000000,0.000683,1.000000,976.4,0.001000
199000,0.000297,1.000000,0.000420,1.000000,976.8,0.001000
199100,0.000164,1.000000,0.000218,1.000000,977.3,0.001000
199200,0.000078,1.000000,0.000098,1.000000,977.8,0.001000
199300,0.000033,1.000000,0.000040,1.000000,978.3,0.001000
199400,0.067388,0.997326,0.135985,0.975501,978.8,0.001000
199500,0.001411,1.000000,0.004569,1.000000,979.3,0.001000
199600,0.000811,1.000000,0.002023,1.000000,979.8,0.001000
199700,0.000511,1.000000,0.000979,1.000000,980.3,0.001000
199800,0.000382,1.000000,0.000612,1.000000,980.8,0.001000
199900,0.000260,1.000000,0.000358,1.000000,981.3,0.001000
