step,train_loss,train_acc,test_loss,test_acc,elapsed_sec,lr
0,4.992537,0.010444,4.997600,0.010208,1.1,0.000020
100,4.603590,0.010296,4.604312,0.010296,2.8,0.001000
200,4.595166,0.010248,4.596990,0.010052,4.5,0.001000
300,4.587764,0.010248,4.589627,0.010568,6.2,0.001000
400,4.586204,0.010680,4.588720,0.010040,7.9,0.001000
500,4.587276,0.010484,4.588737,0.009988,9.6,0.001000
600,4.583507,0.010808,4.587183,0.010048,11.3,0.001000
700,4.581741,0.011004,4.585151,0.010240,13.0,0.001000
800,4.580417,0.010876,4.585241,0.010272,14.7,0.001000
900,4.576801,0.011220,4.582115,0.009792,16.4,0.001000
1000,4.577631,0.011376,4.584658,0.009732,18.1,0.001000
1100,4.576266,0.011672,4.585564,0.009920,19.8,0.001000
1200,4.576388,0.011984,4.584979,0.009932,21.6,0.001000
1300,4.575971,0.012388,4.584875,0.010384,23.3,0.001000
1400,4.573720,0.011684,4.584999,0.009880,25.1,0.001000
1500,4.568367,0.013348,4.581859,0.010428,26.8,0.001000
1600,4.115621,0.033020,4.124364,0.030324,28.5,0.001000
1700,2.966756,0.146956,2.970940,0.140216,30.3,0.001000
1800,2.403562,0.204904,2.406952,0.200656,32.0,0.001000
1900,2.105891,0.322352,2.109474,0.315600,33.8,0.001000
2000,1.895722,0.333344,1.900936,0.327260,35.5,0.001000
2100,1.595199,0.400144,1.601626,0.390312,37.3,0.001000
2200,1.489380,0.408264,1.494368,0.401124,39.0,0.001000
2300,1.457633,0.449664,1.462882,0.441368,40.7,0.001000
2400,1.321209,0.494872,1.325734,0.488784,42.4,0.001000
2500,1.362971,0.438492,1.367988,0.433552,44.1,0.001000
2600,1.299270,0.429760,1.305270,0.421636,45.8,0.001000
2700,1.285413,0.476512,1.291329,0.469544,47.5,0.001000
2800,1.205551,0.485716,1.208573,0.480708,49.3,0.001000
2900,1.147853,0.550996,1.149316,0.548424,51.0,0.001000
3000,1.240075,0.470828,1.244627,0.466116,52.7,0.001000
3100,1.160560,0.541188,1.163912,0.538536,54.4,0.001000
3200,1.182619,0.496324,1.185097,0.492564,56.1,0.001000
3300,1.118192,0.535292,1.121778,0.530992,57.8,0.001000
3400,1.037466,0.607164,1.039716,0.605392,59.5,0.001000
3500,1.178581,0.496876,1.180604,0.495296,61.3,0.001000
3600,1.060956,0.578836,1.063440,0.576292,63.1,0.001000
3700,1.222728,0.470668,1.225096,0.468008,64.8,0.001000
3800,1.127678,0.521220,1.131730,0.515780,66.5,0.001000
3900,1.170654,0.514932,1.175015,0.511160,68.3,0.001000
4000,1.128267,0.525580,1.129238,0.523568,70.0,0.001000
4100,1.468865,0.351348,1.471514,0.348564,71.7,0.001000
4200,0.985890,0.602736,0.986568,0.600944,73.4,0.001000
4300,1.299019,0.422244,1.298555,0.420944,75.1,0.001000
4400,1.319497,0.373500,1.319839,0.371960,76.9,0.001000
4500,1.299962,0.462428,1.300485,0.462516,78.6,0.001000
4600,1.299765,0.426616,1.298664,0.426760,80.4,0.001000
4700,1.390331,0.395912,1.388874,0.395952,82.1,0.001000
4800,1.015411,0.600012,1.017272,0.596412,83.8,0.001000
4900,1.216759,0.421904,1.218673,0.419672,85.5,0.001000
5000,1.090102,0.557992,1.091254,0.556184,87.2,0.001000
5100,1.210608,0.473916,1.213045,0.471616,89.0,0.001000
5200,1.298860,0.426404,1.300815,0.425580,90.7,0.001000
5300,1.158002,0.498688,1.156236,0.499012,92.4,0.001000
5400,0.990767,0.619024,0.993111,0.615440,94.1,0.001000
5500,1.469459,0.358532,1.468265,0.358728,95.8,0.001000
5600,1.019687,0.579776,1.021642,0.577632,97.5,0.001000
5700,1.111354,0.527112,1.112995,0.525660,99.2,0.001000
5800,1.240154,0.467852,1.240617,0.469000,101.0,0.001000
5900,1.016233,0.579480,1.015888,0.580168,102.7,0.001000
6000,1.368291,0.401272,1.369232,0.398756,104.4,0.001000
6100,1.264742,0.457448,1.266832,0.456408,106.2,0.001000
6200,1.158377,0.488352,1.158929,0.488552,107.9,0.001000
6300,1.168287,0.503956,1.166582,0.503628,109.6,0.001000
6400,1.067679,0.588056,1.066045,0.589752,111.3,0.001000
6500,1.143607,0.496888,1.143347,0.497804,113.0,0.001000
6600,1.537753,0.358016,1.539050,0.356588,114.7,0.001000
6700,1.580020,0.288032,1.577553,0.289248,116.5,0.001000
6800,1.042741,0.548320,1.042995,0.546368,118.2,0.001000
6900,1.330560,0.395840,1.332625,0.393828,119.9,0.001000
7000,1.317159,0.383932,1.319357,0.382420,121.6,0.001000
7100,1.198571,0.476220,1.199686,0.475884,123.3,0.001000
7200,1.317487,0.418428,1.317790,0.418176,125.0,0.001000
7300,1.060051,0.552180,1.061174,0.548760,126.7,0.001000
7400,1.078453,0.540924,1.079428,0.539536,128.4,0.001000
7500,1.090726,0.539208,1.089985,0.536552,130.2,0.001000
7600,1.147840,0.499720,1.148749,0.498608,131.9,0.001000
7700,1.013395,0.592900,1.013868,0.592156,133.6,0.001000
7800,1.095733,0.550740,1.098554,0.548716,135.4,0.001000
7900,1.184105,0.433352,1.184314,0.434264,137.1,0.001000
8000,1.137538,0.510616,1.135804,0.512276,138.8,0.001000
8100,1.119711,0.520256,1.119813,0.519944,140.5,0.001000
8200,1.168471,0.504416,1.170067,0.502240,142.2,0.001000
8300,1.161855,0.479236,1.163022,0.478256,144.0,0.001000
8400,1.248288,0.438356,1.248398,0.437496,145.6,0.001000
8500,1.124754,0.538776,1.123595,0.537856,147.3,0.001000
8600,1.084323,0.520008,1.086841,0.517284,149.0,0.001000
8700,1.153390,0.487748,1.153496,0.486024,150.8,0.001000
8800,1.197352,0.473736,1.199648,0.473068,152.5,0.001000
8900,1.490180,0.381576,1.490741,0.381776,154.2,0.001000
9000,1.419238,0.427232,1.414932,0.425316,156.0,0.001000
9100,1.709787,0.290348,1.710361,0.289664,157.7,0.001000
9200,1.394214,0.380012,1.394234,0.378968,159.4,0.001000
9300,1.697123,0.296064,1.702960,0.294228,161.1,0.001000
9400,1.111064,0.536440,1.112726,0.534992,162.8,0.001000
9500,1.110313,0.530816,1.111083,0.529948,164.5,0.001000
9600,1.167954,0.539372,1.168371,0.539672,166.2,0.001000
9700,1.034904,0.574776,1.035306,0.575320,168.0,0.001000
9800,1.113462,0.558300,1.112664,0.559816,169.8,0.001000
9900,1.412277,0.381964,1.413861,0.381496,171.5,0.001000
10000,1.104459,0.558168,1.105554,0.554832,173.2,0.001000
10100,1.133922,0.568392,1.130395,0.569596,174.9,0.001000
10200,1.283759,0.437776,1.285221,0.437520,176.6,0.001000
10300,1.432743,0.377120,1.428213,0.379504,178.3,0.001000
10400,1.287039,0.449464,1.285788,0.449984,180.0,0.001000
10500,1.127122,0.539504,1.128136,0.538960,181.8,0.001000
10600,1.232714,0.479044,1.233323,0.477888,183.5,0.001000
10700,1.325035,0.402500,1.325428,0.400928,185.2,0.001000
10800,1.115378,0.551292,1.115883,0.551120,186.9,0.001000
10900,1.099267,0.533628,1.099468,0.532840,188.6,0.001000
11000,1.231593,0.477964,1.232362,0.476872,190.3,0.001000
11100,1.098705,0.506640,1.097248,0.507760,192.0,0.001000
11200,1.371423,0.436652,1.371310,0.433100,193.7,0.001000
11300,1.149626,0.512612,1.151112,0.511092,195.4,0.001000
11400,1.287853,0.423452,1.288901,0.422392,197.1,0.001000
11500,1.283914,0.399096,1.285459,0.398000,198.9,0.001000
11600,1.312551,0.386668,1.312557,0.387748,200.6,0.001000
11700,1.150636,0.489600,1.153333,0.487804,202.3,0.001000
11800,1.160804,0.508232,1.161268,0.507468,204.0,0.001000
11900,1.075597,0.534356,1.080243,0.531024,205.8,0.001000
12000,1.216810,0.445700,1.215194,0.449428,207.5,0.001000
12100,1.274834,0.423260,1.276612,0.422012,209.2,0.001000
12200,1.652875,0.353256,1.646681,0.353292,210.9,0.001000
12300,1.562873,0.310204,1.558851,0.312084,212.6,0.001000
12400,1.219765,0.446888,1.221607,0.446472,214.3,0.001000
12500,1.307507,0.407052,1.308646,0.406300,216.0,0.001000
12600,1.603324,0.337856,1.602828,0.336900,217.8,0.001000
12700,1.038956,0.567584,1.039420,0.567388,219.5,0.001000
12800,1.217906,0.473968,1.218230,0.473688,221.2,0.001000
12900,1.386781,0.386656,1.390782,0.383720,222.9,0.001000
13000,1.239375,0.456052,1.240092,0.452956,224.6,0.001000
13100,1.457703,0.343224,1.463135,0.339552,226.3,0.001000
13200,1.231050,0.433240,1.231451,0.432928,228.0,0.001000
13300,1.280624,0.435604,1.279146,0.435028,229.7,0.001000
13400,1.117835,0.537168,1.115022,0.539296,231.5,0.001000
13500,1.132825,0.497660,1.133416,0.497020,233.2,0.001000
13600,1.661549,0.313804,1.662318,0.312952,234.9,0.001000
13700,1.503414,0.291404,1.505871,0.290468,236.8,0.001000
13800,1.033232,0.559096,1.033126,0.558484,238.5,0.001000
13900,1.157957,0.474308,1.156811,0.476304,240.2,0.001000
14000,1.694703,0.266668,1.698066,0.265120,241.9,0.001000
14100,1.104766,0.524420,1.107289,0.522464,243.6,0.001000
14200,1.244749,0.426292,1.246683,0.423764,245.3,0.001000
14300,1.033166,0.560584,1.033211,0.560332,247.0,0.001000
14400,0.988055,0.621556,0.988633,0.622072,248.8,0.001000
14500,1.324574,0.396388,1.323636,0.395788,250.5,0.001000
14600,1.047268,0.576976,1.048255,0.573680,252.2,0.001000
14700,1.363501,0.395140,1.364574,0.394404,253.9,0.001000
14800,1.184711,0.489152,1.184353,0.488156,255.6,0.001000
14900,1.272904,0.416240,1.271863,0.417352,257.3,0.001000
15000,1.144329,0.503196,1.144319,0.502604,259.0,0.001000
15100,1.462955,0.389608,1.463195,0.389252,260.7,0.001000
15200,1.322332,0.431688,1.327402,0.430896,262.4,0.001000
15300,1.172264,0.461328,1.171357,0.460996,264.1,0.001000
15400,1.607380,0.294248,1.609172,0.293604,265.8,0.001000
15500,1.173078,0.473600,1.172917,0.473080,267.6,0.001000
15600,1.221338,0.422460,1.222121,0.421812,269.3,0.001000
15700,1.316661,0.353920,1.315997,0.353944,271.0,0.001000
15800,1.338664,0.388192,1.337102,0.387856,272.7,0.001000
15900,1.268180,0.447680,1.271096,0.446364,274.4,0.001000
16000,1.072512,0.525628,1.073319,0.526476,276.1,0.001000
16100,1.162775,0.495436,1.165112,0.494464,277.8,0.001000
16200,1.373110,0.342024,1.372435,0.342020,279.6,0.001000
16300,1.439939,0.375184,1.439536,0.372176,281.3,0.001000
16400,1.167572,0.474804,1.169298,0.475688,283.0,0.001000
16500,1.367828,0.371032,1.372064,0.368652,284.7,0.001000
16600,1.188814,0.468612,1.189600,0.468100,286.5,0.001000
16700,0.993447,0.613396,0.994499,0.612004,288.2,0.001000
16800,0.909272,0.691048,0.910535,0.688740,289.9,0.001000
16900,1.073081,0.543352,1.075150,0.541488,291.6,0.001000
17000,1.215749,0.469712,1.214843,0.469516,293.4,0.001000
17100,0.994273,0.575436,0.995211,0.574172,295.1,0.001000
17200,1.155779,0.483640,1.155352,0.484816,296.8,0.001000
17300,1.073814,0.523324,1.074652,0.521704,298.6,0.001000
17400,1.263923,0.432808,1.269580,0.429320,300.3,0.001000
17500,1.272926,0.459788,1.272863,0.459564,302.0,0.001000
17600,1.579814,0.332424,1.578397,0.330728,303.8,0.001000
17700,1.205799,0.447148,1.208709,0.446516,305.5,0.001000
17800,1.059234,0.564176,1.059410,0.563868,307.2,0.001000
17900,1.147030,0.510792,1.148662,0.510532,308.9,0.001000
18000,1.299819,0.428012,1.301501,0.426960,310.6,0.001000
18100,1.039185,0.557416,1.042384,0.554200,312.3,0.001000
18200,1.099685,0.509676,1.098778,0.510312,314.0,0.001000
18300,0.984655,0.637156,0.986278,0.635056,315.7,0.001000
18400,1.190985,0.497360,1.193418,0.496072,317.4,0.001000
18500,0.919977,0.662296,0.921564,0.661664,319.2,0.001000
18600,1.106798,0.520360,1.108306,0.518932,320.8,0.001000
18700,1.314492,0.408440,1.315181,0.408204,322.6,0.001000
18800,1.067739,0.519348,1.067210,0.517940,324.3,0.001000
18900,0.962195,0.626116,0.963726,0.625636,326.0,0.001000
19000,1.017982,0.564872,1.020474,0.561672,327.7,0.001000
19100,1.099306,0.514116,1.099313,0.513508,329.4,0.001000
19200,1.153939,0.473116,1.154826,0.474032,331.1,0.001000
19300,1.192447,0.448272,1.192987,0.446976,333.0,0.001000
19400,0.974933,0.589628,0.976014,0.587956,334.6,0.001000
19500,1.190362,0.448780,1.195067,0.444836,336.4,0.001000
19600,1.093078,0.511344,1.093521,0.512332,338.1,0.001000
19700,1.193506,0.487480,1.197442,0.484656,339.8,0.001000
19800,1.113035,0.493184,1.114744,0.492616,341.5,0.001000
19900,1.686241,0.254632,1.682127,0.256440,343.2,0.001000
20000,1.206826,0.456940,1.208349,0.457392,345.0,0.001000
20100,1.145597,0.508224,1.146494,0.510196,346.7,0.001000
20200,0.889539,0.691928,0.890708,0.690360,348.4,0.001000
20300,1.300524,0.404384,1.301329,0.402656,350.1,0.001000
20400,1.656038,0.311456,1.655318,0.312312,351.8,0.001000
20500,1.087030,0.565588,1.087036,0.565108,353.5,0.001000
20600,1.213448,0.479048,1.215266,0.478080,355.3,0.001000
20700,1.160304,0.442816,1.164376,0.439412,357.0,0.001000
20800,1.094576,0.505848,1.095390,0.506644,358.7,0.001000
20900,1.073298,0.532492,1.073954,0.531264,360.4,0.001000
21000,0.880942,0.704936,0.881820,0.702936,362.1,0.001000
21100,0.995703,0.580924,0.997283,0.580672,363.8,0.001000
21200,1.150686,0.489264,1.154097,0.489136,365.5,0.001000
21300,1.306847,0.419588,1.310926,0.416536,367.2,0.001000
21400,1.085546,0.530100,1.088141,0.529276,368.9,0.001000
21500,1.193999,0.483808,1.195100,0.482136,370.6,0.001000
21600,1.237399,0.434460,1.235217,0.433184,372.3,0.001000
21700,1.308257,0.413232,1.308869,0.411016,374.0,0.001000
21800,1.230496,0.462656,1.230853,0.461856,375.7,0.001000
21900,1.109373,0.513344,1.108872,0.512768,377.5,0.001000
22000,1.006983,0.558120,1.007807,0.556812,379.2,0.001000
22100,1.236773,0.406884,1.237456,0.407372,380.9,0.001000
22200,1.073864,0.545428,1.075648,0.544084,382.6,0.001000
22300,1.060856,0.528780,1.061442,0.526764,384.3,0.001000
22400,1.101246,0.493912,1.104417,0.491184,386.1,0.001000
22500,1.303311,0.430736,1.305930,0.429356,387.7,0.001000
22600,1.497470,0.357132,1.500473,0.356064,389.4,0.001000
22700,2.298588,0.239696,2.290622,0.239252,391.1,0.001000
22800,1.228882,0.412332,1.230154,0.412140,392.9,0.001000
22900,0.971860,0.615356,0.973507,0.613432,394.5,0.001000
23000,0.999668,0.578432,1.001934,0.578384,396.3,0.001000
23100,1.067546,0.521628,1.068335,0.520656,398.0,0.001000
23200,0.980187,0.581708,0.981257,0.580952,399.7,0.001000
23300,1.246611,0.436496,1.246385,0.435316,401.4,0.001000
23400,1.134844,0.490804,1.137592,0.489304,403.2,0.001000
23500,1.135305,0.494548,1.134910,0.493020,404.9,0.001000
23600,1.326972,0.361760,1.326048,0.361980,406.6,0.001000
23700,2.942545,0.128368,2.951055,0.127412,408.3,0.001000
23800,1.117463,0.528724,1.120190,0.526624,410.0,0.001000
23900,1.417942,0.383596,1.421092,0.381808,411.8,0.001000
24000,1.212699,0.425952,1.214306,0.426444,413.5,0.001000
24100,1.408926,0.424024,1.413399,0.422852,415.2,0.001000
24200,1.169340,0.502016,1.169619,0.502572,416.9,0.001000
24300,1.035452,0.526716,1.035044,0.528440,418.6,0.001000
24400,1.038796,0.522916,1.038339,0.523676,420.3,0.001000
24500,1.218600,0.452496,1.223118,0.449772,422.0,0.001000
24600,1.008883,0.571512,1.009796,0.570944,423.8,0.001000
24700,1.041279,0.523520,1.042072,0.521288,425.5,0.001000
24800,1.330635,0.350868,1.332038,0.350572,427.2,0.001000
24900,1.156536,0.531472,1.156993,0.532520,428.9,0.001000
25000,1.031652,0.569504,1.032287,0.569144,430.7,0.001000
25100,1.212090,0.466392,1.212612,0.466980,432.4,0.001000
25200,1.195163,0.467512,1.197130,0.467204,434.2,0.001000
25300,1.133862,0.504784,1.134992,0.505236,435.8,0.001000
25400,1.231477,0.435092,1.231648,0.433076,437.5,0.001000
25500,1.112510,0.542192,1.113271,0.541040,439.3,0.001000
25600,1.114327,0.528136,1.116210,0.526360,441.0,0.001000
25700,1.200643,0.479920,1.202537,0.478356,442.7,0.001000
25800,0.963863,0.597776,0.966661,0.594836,444.4,0.001000
25900,1.794064,0.291136,1.794715,0.289704,446.1,0.001000
26000,0.983419,0.596656,0.984763,0.595324,447.9,0.001000
26100,1.118960,0.508200,1.118809,0.506828,449.6,0.001000
26200,1.074046,0.506496,1.072895,0.506148,451.3,0.001000
26300,1.169010,0.460284,1.170989,0.458576,453.0,0.001000
26400,1.246130,0.415428,1.243773,0.414528,454.7,0.001000
26500,1.193225,0.450976,1.197652,0.450068,456.4,0.001000
26600,1.054135,0.546900,1.055759,0.545700,458.1,0.001000
26700,0.945154,0.622956,0.945865,0.623620,459.8,0.001000
26800,1.298041,0.414128,1.300013,0.412808,461.5,0.001000
26900,1.055342,0.519248,1.054389,0.518008,463.3,0.001000
27000,0.959739,0.602844,0.960122,0.601256,465.0,0.001000
27100,1.181940,0.463948,1.184641,0.462812,466.7,0.001000
27200,1.024608,0.538660,1.026591,0.538580,468.4,0.001000
27300,1.090654,0.555788,1.092848,0.552616,470.1,0.001000
27400,0.930836,0.636056,0.932668,0.635364,471.8,0.001000
27500,1.567773,0.341996,1.571390,0.340816,473.5,0.001000
27600,1.041390,0.574256,1.041924,0.573424,475.2,0.001000
27700,1.207976,0.458432,1.209940,0.455632,476.9,0.001000
27800,0.999312,0.580204,1.000492,0.579048,478.7,0.001000
27900,0.980321,0.589260,0.983321,0.586600,480.3,0.001000
28000,1.059489,0.583296,1.058196,0.583072,482.0,0.001000
28100,0.992704,0.574412,0.990248,0.576416,483.7,0.001000
28200,1.227317,0.449448,1.228133,0.447660,485.4,0.001000
28300,1.192231,0.441932,1.197125,0.439752,487.1,0.001000
28400,0.991403,0.585660,0.993814,0.584052,488.8,0.001000
28500,1.127454,0.504604,1.127980,0.506212,490.5,0.001000
28600,0.998841,0.566296,0.999898,0.563088,492.3,0.001000
28700,1.469391,0.349644,1.470037,0.348776,494.0,0.001000
28800,1.257779,0.469952,1.257962,0.467928,495.7,0.001000
28900,1.146073,0.499980,1.146548,0.498480,497.4,0.001000
29000,1.028162,0.573756,1.029073,0.573820,499.1,0.001000
29100,1.421025,0.406040,1.423119,0.405352,500.8,0.001000
29200,1.135348,0.502692,1.136495,0.502840,502.5,0.001000
29300,1.152890,0.482904,1.155427,0.481492,504.2,0.001000
29400,1.089339,0.508920,1.089390,0.510188,505.9,0.001000
29500,1.067689,0.523696,1.071221,0.519716,507.7,0.001000
29600,1.098782,0.544976,1.099921,0.545008,509.4,0.001000
29700,1.101551,0.454180,1.101935,0.454956,511.1,0.001000
29800,0.987660,0.599304,0.988235,0.598132,512.8,0.001000
29900,0.953959,0.597624,0.956146,0.596972,514.5,0.001000
30000,1.214170,0.484368,1.216522,0.481464,516.3,0.001000
30100,1.158494,0.463644,1.162243,0.463720,518.0,0.001000
30200,1.066516,0.500568,1.070158,0.498348,519.7,0.001000
30300,1.702910,0.303088,1.707420,0.303248,521.4,0.001000
30400,1.144518,0.505660,1.145797,0.504176,523.1,0.001000
30500,1.310849,0.391928,1.312485,0.393276,524.8,0.001000
30600,1.539282,0.341556,1.544408,0.339948,526.5,0.001000
30700,0.948727,0.605328,0.948442,0.606872,528.3,0.001000
30800,1.344223,0.442028,1.346935,0.440948,530.1,0.001000
30900,1.313193,0.478736,1.313982,0.477180,531.8,0.001000
31000,1.328148,0.367252,1.325628,0.368524,533.5,0.001000
31100,1.008753,0.555072,1.010832,0.551808,535.2,0.001000
31200,1.086518,0.506896,1.083791,0.510200,536.9,0.001000
31300,1.181362,0.459636,1.183088,0.458588,538.7,0.001000
31400,0.916464,0.640344,0.916787,0.638760,540.3,0.001000
31500,1.094538,0.534640,1.094811,0.534420,542.1,0.001000
31600,1.126160,0.468676,1.124691,0.469892,543.8,0.001000
31700,0.912671,0.636036,0.913116,0.635544,545.5,0.001000
31800,0.863887,0.693504,0.864173,0.693140,547.2,0.001000
31900,1.111137,0.466256,1.111125,0.466044,549.0,0.001000
32000,1.071901,0.519636,1.072141,0.517832,550.7,0.001000
32100,1.201133,0.478804,1.205757,0.476948,552.4,0.001000
32200,1.480469,0.313008,1.482133,0.311988,554.1,0.001000
32300,0.914716,0.636720,0.918645,0.632584,555.7,0.001000
32400,0.887000,0.694580,0.887527,0.692592,557.5,0.001000
32500,1.284876,0.412628,1.286008,0.413376,559.2,0.001000
32600,1.132434,0.472896,1.133540,0.473104,560.9,0.001000
32700,0.989829,0.563124,0.992147,0.561076,562.6,0.001000
32800,0.976184,0.601344,0.976610,0.600572,564.3,0.001000
32900,1.819381,0.344924,1.817379,0.343700,566.0,0.001000
33000,1.431916,0.341272,1.436082,0.338372,567.7,0.001000
33100,0.933804,0.622036,0.934719,0.619736,569.4,0.001000
33200,1.228200,0.421424,1.226511,0.425136,571.1,0.001000
33300,1.309479,0.436680,1.310594,0.436664,572.9,0.001000
33400,1.076188,0.519044,1.074816,0.521160,574.6,0.001000
33500,1.117924,0.461656,1.116191,0.463196,576.3,0.001000
33600,0.994086,0.553744,0.996994,0.549000,578.0,0.001000
33700,0.917107,0.640312,0.917611,0.638808,579.7,0.001000
33800,1.136221,0.500948,1.139088,0.498420,581.4,0.001000
33900,1.078440,0.521184,1.077145,0.520872,583.1,0.001000
34000,1.121101,0.478112,1.124741,0.476128,584.8,0.001000
34100,1.160297,0.471892,1.159826,0.471832,586.5,0.001000
34200,0.919518,0.620528,0.918317,0.620904,588.2,0.001000
34300,1.350997,0.433968,1.352575,0.432192,590.0,0.001000
34400,0.871589,0.714300,0.871869,0.715224,591.7,0.001000
34500,1.262726,0.413912,1.263137,0.413436,593.4,0.001000
34600,0.914701,0.655544,0.915740,0.654888,595.2,0.001000
34700,0.951414,0.598896,0.954746,0.595860,596.9,0.001000
34800,1.099216,0.521404,1.100269,0.519468,598.6,0.001000
34900,1.016689,0.576964,1.016769,0.577700,600.3,0.001000
35000,1.026366,0.551696,1.026783,0.551464,602.0,0.001000
35100,0.922297,0.638920,0.922426,0.639316,603.7,0.001000
35200,1.033560,0.521044,1.035234,0.519204,605.4,0.001000
35300,1.139213,0.500980,1.142731,0.499948,607.2,0.001000
35400,1.144628,0.464448,1.143038,0.463880,608.9,0.001000
35500,1.053677,0.524800,1.053727,0.524456,610.6,0.001000
35600,1.018492,0.543976,1.018160,0.543968,612.3,0.001000
35700,1.063611,0.528428,1.063852,0.529700,614.0,0.001000
35800,1.014629,0.554848,1.019018,0.553456,615.8,0.001000
35900,1.032785,0.536056,1.034264,0.533764,617.5,0.001000
36000,0.991631,0.567116,0.992320,0.566028,619.2,0.001000
36100,1.079119,0.491372,1.081685,0.490504,620.9,0.001000
36200,1.098813,0.488936,1.100749,0.487160,622.6,0.001000
36300,1.114092,0.476360,1.117495,0.473616,624.3,0.001000
36400,1.264451,0.477116,1.260698,0.477448,626.0,0.001000
36500,1.110515,0.502152,1.111781,0.501204,627.7,0.001000
36600,1.093423,0.514332,1.096350,0.514980,629.4,0.001000
36700,1.031486,0.562888,1.032584,0.559516,631.2,0.001000
36800,1.001324,0.570588,1.003391,0.569244,632.9,0.001000
36900,1.200885,0.453856,1.201215,0.452524,634.6,0.001000
37000,0.999552,0.543848,1.001779,0.541988,636.3,0.001000
37100,1.109805,0.518932,1.112006,0.519428,638.0,0.001000
37200,1.082226,0.490108,1.081693,0.490148,639.7,0.001000
37300,1.293684,0.437604,1.296886,0.435216,641.4,0.001000
37400,0.864982,0.659176,0.865688,0.659972,643.1,0.001000
37500,0.923617,0.643836,0.926101,0.641732,644.9,0.001000
37600,1.160943,0.483532,1.161471,0.482124,646.5,0.001000
37700,1.039476,0.559064,1.039711,0.558832,648.2,0.001000
37800,1.009698,0.552100,1.012083,0.550180,650.0,0.001000
37900,1.063944,0.535788,1.065911,0.532940,651.7,0.001000
38000,0.961416,0.598264,0.962285,0.596068,653.4,0.001000
38100,0.848652,0.704544,0.849136,0.703828,655.1,0.001000
38200,1.582540,0.297288,1.584167,0.296812,656.8,0.001000
38300,1.130359,0.506896,1.134013,0.502960,658.5,0.001000
38400,1.312512,0.409528,1.314504,0.407324,660.3,0.001000
38500,1.046589,0.530364,1.044130,0.531620,662.1,0.001000
38600,1.019592,0.534936,1.021271,0.535828,663.8,0.001000
38700,1.252016,0.415468,1.252371,0.415332,665.5,0.001000
38800,0.888326,0.634444,0.888576,0.634092,667.2,0.001000
38900,0.954793,0.623892,0.956515,0.621936,668.9,0.001000
39000,1.253811,0.454472,1.257149,0.453156,670.6,0.001000
39100,0.989387,0.570904,0.991186,0.569620,672.3,0.001000
39200,1.519247,0.352716,1.520229,0.351004,674.0,0.001000
39300,0.885442,0.635872,0.886518,0.634428,675.7,0.001000
39400,1.228011,0.497320,1.226701,0.498424,677.4,0.001000
39500,1.070152,0.506724,1.071939,0.505140,679.1,0.001000
39600,1.018295,0.537044,1.021918,0.533696,680.8,0.001000
39700,0.949028,0.585080,0.951473,0.583340,682.5,0.001000
39800,1.239952,0.499564,1.242870,0.497524,684.3,0.001000
39900,0.990994,0.595896,0.991330,0.595992,685.9,0.001000
40000,1.172998,0.425424,1.172428,0.424860,687.7,0.001000
40100,1.060348,0.539436,1.062147,0.538148,689.4,0.001000
40200,1.375656,0.404444,1.372355,0.403936,691.1,0.001000
40300,1.632890,0.268504,1.636212,0.267692,692.9,0.001000
40400,1.006672,0.541880,1.005755,0.542108,694.6,0.001000
40500,1.291110,0.431808,1.291896,0.430724,696.3,0.001000
40600,0.880920,0.653820,0.880704,0.653772,698.0,0.001000
40700,1.126138,0.508364,1.128868,0.505072,699.7,0.001000
40800,0.911209,0.615104,0.912106,0.614188,701.5,0.001000
40900,1.006513,0.562028,1.007873,0.562688,703.2,0.001000
41000,1.156389,0.462072,1.156536,0.459748,704.9,0.001000
41100,1.364300,0.416016,1.364626,0.416836,706.6,0.001000
41200,1.033549,0.552080,1.033810,0.551648,708.3,0.001000
41300,0.981592,0.543920,0.981972,0.543732,710.0,0.001000
41400,1.047628,0.554244,1.045329,0.554824,711.7,0.001000
41500,0.961857,0.582240,0.963209,0.578680,713.4,0.001000
41600,1.045828,0.541708,1.046272,0.541788,715.1,0.001000
41700,1.204383,0.496352,1.204433,0.497400,716.8,0.001000
41800,1.075163,0.483700,1.075304,0.484232,718.5,0.001000
41900,1.836897,0.278532,1.832835,0.279200,720.2,0.001000
42000,1.137558,0.487740,1.141262,0.486240,721.9,0.001000
42100,0.962268,0.568884,0.963906,0.566836,723.6,0.001000
42200,0.878804,0.678828,0.880654,0.677444,725.4,0.001000
42300,1.423164,0.430072,1.424073,0.427952,727.0,0.001000
42400,0.950133,0.595176,0.952511,0.592876,728.8,0.001000
42500,1.199667,0.455640,1.202328,0.454068,730.4,0.001000
42600,1.424101,0.380268,1.424648,0.377868,732.2,0.001000
42700,1.115431,0.483792,1.114831,0.484604,733.9,0.001000
42800,0.885288,0.669924,0.886200,0.669320,735.6,0.001000
42900,0.991168,0.548116,0.992353,0.547388,737.3,0.001000
43000,0.978546,0.558012,0.978582,0.558004,739.0,0.001000
43100,1.162070,0.466024,1.161916,0.466400,740.7,0.001000
43200,0.969642,0.627612,0.973947,0.625268,742.4,0.001000
43300,0.928234,0.620280,0.928551,0.619704,744.1,0.001000
43400,0.813119,0.723840,0.813607,0.723580,745.8,0.001000
43500,1.231890,0.443072,1.231850,0.443696,747.5,0.001000
43600,1.133341,0.476092,1.134404,0.474740,749.2,0.001000
43700,1.235867,0.433776,1.238225,0.433424,751.0,0.001000
43800,0.976032,0.613544,0.976216,0.614184,752.7,0.001000
43900,1.005833,0.593612,1.006957,0.591476,754.4,0.001000
44000,0.916007,0.643272,0.916863,0.642928,756.1,0.001000
44100,0.984451,0.588324,0.986217,0.588096,757.8,0.001000
44200,1.192428,0.482008,1.190493,0.482804,759.6,0.001000
44300,1.258312,0.422436,1.259025,0.423148,761.3,0.001000
44400,0.939003,0.580792,0.939039,0.581084,763.0,0.001000
44500,1.063178,0.541632,1.063501,0.542064,764.7,0.001000
44600,0.948702,0.624824,0.947924,0.625672,766.4,0.001000
44700,1.027935,0.538144,1.028982,0.535460,768.1,0.001000
44800,0.947733,0.575996,0.947293,0.576124,769.8,0.001000
44900,1.039157,0.533952,1.039310,0.531464,771.5,0.001000
45000,0.898377,0.635884,0.900164,0.634436,773.2,0.001000
45100,1.238606,0.483024,1.238505,0.483476,774.9,0.001000
45200,1.069381,0.553660,1.067003,0.554400,776.6,0.001000
45300,0.990462,0.574132,0.991762,0.573704,778.3,0.001000
45400,0.815097,0.732476,0.814304,0.731600,780.0,0.001000
45500,0.930153,0.589408,0.931034,0.589920,781.7,0.001000
45600,1.059573,0.566232,1.060456,0.565160,783.5,0.001000
45700,1.028981,0.564612,1.032258,0.561660,785.2,0.001000
45800,0.940208,0.612308,0.941210,0.612084,786.9,0.001000
45900,0.952453,0.623520,0.951860,0.624628,788.6,0.001000
46000,0.961431,0.583816,0.962469,0.582856,790.3,0.001000
46100,1.038033,0.539600,1.039334,0.538820,792.0,0.001000
46200,1.055954,0.526792,1.058560,0.526104,793.7,0.001000
46300,0.977755,0.581476,0.979229,0.579308,795.5,0.001000
46400,1.532458,0.365108,1.534360,0.364180,797.2,0.001000
46500,1.152934,0.440564,1.153288,0.439624,798.9,0.001000
46600,0.845946,0.692424,0.847205,0.691080,800.6,0.001000
46700,0.997335,0.530868,0.999727,0.527876,802.4,0.001000
46800,1.108960,0.480964,1.106562,0.481456,804.1,0.001000
46900,0.991216,0.558292,0.991066,0.557292,805.8,0.001000
47000,1.132210,0.474944,1.132288,0.475428,807.4,0.001000
47100,0.948867,0.606128,0.950413,0.604292,809.2,0.001000
47200,1.281338,0.455860,1.284962,0.453264,810.8,0.001000
47300,1.102812,0.527032,1.103503,0.527036,812.5,0.001000
47400,1.230364,0.472808,1.232466,0.472664,814.3,0.001000
47500,0.978783,0.582032,0.980477,0.581096,816.0,0.001000
47600,1.017883,0.532576,1.019706,0.531484,817.6,0.001000
47700,1.173881,0.448484,1.175503,0.446432,819.3,0.001000
47800,1.059257,0.529244,1.061450,0.526856,821.0,0.001000
47900,0.862121,0.657552,0.863709,0.656116,822.7,0.001000
48000,0.897961,0.639560,0.899380,0.637808,824.4,0.001000
48100,1.587675,0.285828,1.585883,0.287344,826.1,0.001000
48200,0.977685,0.565024,0.979744,0.564564,827.8,0.001000
48300,0.988337,0.580716,0.989676,0.578920,829.5,0.001000
48400,0.841338,0.667860,0.841052,0.669300,831.2,0.001000
48500,0.943755,0.599132,0.944296,0.599140,833.0,0.001000
48600,0.882789,0.658428,0.884193,0.656356,834.7,0.001000
48700,0.925504,0.628400,0.926625,0.627172,836.4,0.001000
48800,1.084687,0.511588,1.083210,0.512856,838.1,0.001000
48900,0.839106,0.682120,0.838496,0.683320,839.8,0.001000
49000,1.366767,0.365520,1.367200,0.364068,841.5,0.001000
49100,1.070057,0.521016,1.072297,0.520120,843.2,0.001000
49200,1.425024,0.425748,1.424783,0.423324,845.0,0.001000
49300,0.983547,0.593388,0.984111,0.593760,846.7,0.001000
49400,1.372092,0.401564,1.372738,0.399636,848.4,0.001000
49500,0.882072,0.638304,0.883352,0.637264,850.1,0.001000
49600,1.441266,0.336544,1.440031,0.335408,851.9,0.001000
49700,0.964350,0.598788,0.966525,0.596864,853.6,0.001000
49800,1.316850,0.410596,1.319559,0.410944,855.3,0.001000
49900,1.019352,0.560148,1.020604,0.559936,857.0,0.001000
50000,1.010627,0.561944,1.011759,0.561000,858.7,0.001000
50100,1.311076,0.458116,1.312271,0.458392,860.4,0.001000
50200,0.930046,0.608252,0.931713,0.606092,862.2,0.001000
50300,0.896436,0.632408,0.896514,0.631604,863.9,0.001000
50400,1.026970,0.522784,1.027829,0.521176,865.6,0.001000
50500,1.051142,0.523792,1.049991,0.523928,867.3,0.001000
50600,0.946498,0.603008,0.945329,0.603824,869.1,0.001000
50700,0.852944,0.666724,0.855141,0.664908,870.8,0.001000
50800,0.950396,0.586852,0.951697,0.583564,872.5,0.001000
50900,1.236283,0.439420,1.238881,0.435928,874.2,0.001000
51000,1.095943,0.495840,1.093409,0.497836,875.9,0.001000
51100,1.197985,0.469248,1.198662,0.467788,877.6,0.001000
51200,0.899024,0.662656,0.900834,0.660128,879.4,0.001000
51300,1.009387,0.548172,1.009714,0.548020,881.0,0.001000
51400,0.873426,0.656172,0.874541,0.654580,882.8,0.001000
51500,1.008064,0.527300,1.007317,0.529196,884.4,0.001000
51600,1.064704,0.530448,1.065282,0.529980,886.1,0.001000
51700,1.488466,0.379648,1.484489,0.380936,887.8,0.001000
51800,0.921094,0.596436,0.922901,0.593796,889.5,0.001000
51900,0.837346,0.682264,0.836720,0.683832,891.2,0.001000
52000,0.960558,0.573248,0.963256,0.570956,893.0,0.001000
52100,1.197521,0.456304,1.196734,0.457396,894.7,0.001000
52200,1.071442,0.518680,1.073539,0.517636,896.4,0.001000
52300,1.354363,0.431316,1.353137,0.430060,898.1,0.001000
52400,0.922031,0.618264,0.922895,0.616888,899.8,0.001000
52500,1.386636,0.400004,1.387264,0.399948,901.6,0.001000
52600,1.332631,0.427200,1.333620,0.426640,903.2,0.001000
52700,1.148911,0.482312,1.148711,0.482504,904.9,0.001000
52800,0.947102,0.600188,0.948947,0.599004,906.6,0.001000
52900,1.387839,0.379884,1.388965,0.379792,908.3,0.001000
53000,0.882775,0.676328,0.882630,0.676856,910.0,0.001000
53100,0.916905,0.640984,0.918025,0.640520,911.7,0.001000
53200,1.171220,0.489188,1.171439,0.487840,913.4,0.001000
53300,1.147952,0.482392,1.148229,0.481980,915.2,0.001000
53400,0.972896,0.576192,0.974249,0.576624,916.9,0.001000
53500,1.139803,0.484340,1.142762,0.482024,918.6,0.001000
53600,1.253921,0.434132,1.254504,0.432488,920.3,0.001000
53700,1.052396,0.531748,1.051276,0.530628,922.0,0.001000
53800,1.013261,0.544192,1.014713,0.543668,923.7,0.001000
53900,0.881125,0.655752,0.881200,0.655224,925.4,0.001000
54000,0.983656,0.558864,0.984283,0.558396,927.2,0.001000
54100,1.237873,0.454388,1.239329,0.453916,928.9,0.001000
54200,1.378434,0.392284,1.379649,0.391044,930.6,0.001000
54300,0.864991,0.672748,0.864787,0.673116,932.4,0.001000
54400,0.992105,0.570972,0.992900,0.570120,934.1,0.001000
54500,1.027163,0.551964,1.026624,0.553148,935.8,0.001000
54600,1.034191,0.542976,1.035048,0.542692,937.6,0.001000
54700,1.127957,0.512100,1.131666,0.508960,939.3,0.001000
54800,1.040299,0.532948,1.040877,0.532908,941.0,0.001000
54900,1.013298,0.569532,1.013863,0.569420,942.7,0.001000
55000,1.074882,0.542208,1.075517,0.540240,944.4,0.001000
55100,2.478467,0.186640,2.474429,0.185176,946.2,0.001000
55200,0.903434,0.688608,0.904955,0.687320,947.9,0.001000
55300,0.990987,0.586292,0.991632,0.585980,949.6,0.001000
55400,0.995220,0.560900,0.994794,0.560200,951.3,0.001000
55500,1.018445,0.546404,1.017136,0.548844,953.0,0.001000
55600,1.411137,0.402392,1.415054,0.400824,954.7,0.001000
55700,1.158694,0.448168,1.157746,0.449448,956.4,0.001000
55800,1.177988,0.469952,1.175897,0.472112,958.2,0.001000
55900,1.060792,0.537552,1.062989,0.538008,959.9,0.001000
56000,1.107447,0.523788,1.107143,0.522604,961.6,0.001000
56100,0.856470,0.679996,0.857860,0.678232,963.3,0.001000
56200,0.965246,0.579232,0.965976,0.578588,965.0,0.001000
56300,1.125715,0.521156,1.126597,0.520760,966.7,0.001000
56400,1.023916,0.515400,1.027486,0.512368,968.4,0.001000
56500,1.052181,0.521732,1.052101,0.521336,970.1,0.001000
56600,1.240236,0.441736,1.237484,0.443128,971.8,0.001000
56700,1.304574,0.375564,1.306645,0.374284,973.5,0.001000
56800,0.741638,0.840292,0.742343,0.839976,975.2,0.001000
56900,1.182837,0.494984,1.184670,0.493256,976.9,0.001000
57000,1.002637,0.549120,1.002924,0.549376,978.6,0.001000
57100,0.898852,0.654880,0.899833,0.654036,980.3,0.001000
57200,1.249017,0.425424,1.249339,0.425720,982.0,0.001000
57300,1.078974,0.489404,1.080457,0.487600,983.7,0.001000
57400,0.921590,0.667824,0.923181,0.664456,985.4,0.001000
57500,1.350923,0.398636,1.351969,0.398548,987.1,0.001000
57600,1.006350,0.578292,1.007217,0.577928,988.8,0.001000
57700,1.514542,0.329180,1.512907,0.329672,990.5,0.001000
57800,1.144684,0.429496,1.144335,0.429772,992.2,0.001000
57900,1.291160,0.434324,1.294163,0.432736,994.0,0.001000
58000,1.349584,0.394416,1.344973,0.395436,995.7,0.001000
58100,0.944339,0.593124,0.945000,0.591600,997.4,0.001000
58200,1.353515,0.368220,1.353354,0.367908,999.1,0.001000
58300,1.361789,0.397452,1.361063,0.397744,1000.8,0.001000
58400,1.434054,0.420280,1.437176,0.419296,1002.5,0.001000
58500,0.981918,0.563868,0.982457,0.564412,1004.2,0.001000
58600,1.935367,0.272924,1.929616,0.273372,1005.9,0.001000
58700,0.899318,0.634700,0.899781,0.636184,1007.6,0.001000
58800,0.998506,0.561168,0.997689,0.562532,1009.3,0.001000
58900,1.313363,0.409820,1.313443,0.410736,1011.0,0.001000
59000,1.382230,0.401256,1.380748,0.401128,1012.8,0.001000
59100,1.476588,0.326320,1.478341,0.326760,1014.5,0.001000
59200,1.009745,0.551136,1.009349,0.549960,1016.2,0.001000
59300,1.574219,0.332992,1.576904,0.332124,1017.9,0.001000
59400,1.159949,0.476580,1.159507,0.475668,1019.6,0.001000
59500,0.864343,0.668816,0.865481,0.668740,1021.4,0.001000
59600,1.104090,0.518468,1.106266,0.516436,1023.1,0.001000
59700,1.203416,0.464800,1.203545,0.465588,1024.8,0.001000
59800,1.241554,0.435256,1.245819,0.434012,1026.5,0.001000
59900,1.305603,0.401060,1.307081,0.400572,1028.3,0.001000
60000,0.965220,0.571540,0.963890,0.574700,1030.0,0.001000
60100,1.134253,0.508112,1.133866,0.507628,1031.7,0.001000
60200,0.937849,0.612444,0.937414,0.613152,1033.4,0.001000
60300,0.817294,0.732932,0.816594,0.734160,1035.2,0.001000
60400,0.842712,0.674420,0.843633,0.673056,1036.9,0.001000
60500,0.986201,0.561268,0.987874,0.559572,1038.6,0.001000
60600,0.873931,0.680304,0.874613,0.679980,1040.3,0.001000
60700,1.051094,0.557188,1.052039,0.557848,1042.0,0.001000
60800,0.870395,0.661736,0.871808,0.659300,1043.7,0.001000
60900,1.204331,0.455556,1.206933,0.453308,1045.4,0.001000
61000,0.869445,0.647468,0.870515,0.645428,1047.2,0.001000
61100,1.023655,0.562124,1.025777,0.559728,1048.9,0.001000
61200,1.522578,0.387612,1.518295,0.386732,1050.6,0.001000
61300,1.471497,0.315680,1.473722,0.315896,1052.3,0.001000
61400,0.952042,0.573580,0.953227,0.572772,1054.0,0.001000
61500,1.134516,0.563016,1.132926,0.561400,1055.8,0.001000
61600,0.964067,0.585872,0.967175,0.582684,1057.5,0.001000
61700,1.038545,0.536492,1.037691,0.537312,1059.2,0.001000
61800,1.316931,0.429736,1.319673,0.427084,1060.9,0.001000
61900,1.501640,0.348192,1.505486,0.346096,1062.6,0.001000
62000,1.079986,0.528716,1.081230,0.528948,1064.3,0.001000
62100,0.921392,0.602824,0.921105,0.603084,1066.0,0.001000
62200,0.887332,0.631720,0.887733,0.630536,1067.7,0.001000
62300,1.473066,0.360972,1.473383,0.363232,1069.4,0.001000
62400,1.427210,0.368172,1.431096,0.365236,1071.1,0.001000
62500,1.274388,0.454724,1.273721,0.455024,1072.8,0.001000
62600,0.944533,0.629876,0.946173,0.629564,1074.5,0.001000
62700,0.946353,0.620984,0.947461,0.620956,1076.3,0.001000
62800,1.302315,0.432404,1.303105,0.432792,1078.0,0.001000
62900,1.238417,0.440876,1.236242,0.440612,1079.7,0.001000
63000,1.058358,0.536636,1.059377,0.534480,1081.4,0.001000
63100,0.887591,0.650444,0.887006,0.649868,1083.1,0.001000
63200,0.926883,0.601856,0.927289,0.602880,1084.8,0.001000
63300,0.920331,0.626568,0.923344,0.623096,1086.5,0.001000
63400,0.973666,0.608984,0.973902,0.610476,1088.2,0.001000
63500,1.281314,0.433236,1.282531,0.431288,1089.9,0.001000
63600,0.959716,0.613736,0.959979,0.614492,1091.6,0.001000
63700,1.017985,0.563292,1.018455,0.562408,1093.3,0.001000
63800,0.940978,0.616632,0.941462,0.617464,1095.0,0.001000
63900,1.050902,0.541568,1.052424,0.541588,1096.7,0.001000
64000,0.889155,0.651396,0.891196,0.648628,1098.4,0.001000
64100,1.023351,0.527328,1.023398,0.529136,1100.1,0.001000
64200,1.218942,0.438652,1.221764,0.438392,1101.8,0.001000
64300,1.522008,0.370120,1.519207,0.370156,1103.5,0.001000
64400,0.951219,0.583996,0.952279,0.583916,1105.2,0.001000
64500,0.983306,0.588964,0.984420,0.588360,1106.9,0.001000
64600,1.017055,0.556608,1.020087,0.551828,1108.6,0.001000
64700,0.902417,0.628456,0.902639,0.628448,1110.3,0.001000
64800,0.953622,0.623012,0.954549,0.623196,1112.0,0.001000
64900,1.455220,0.375740,1.455226,0.376264,1113.8,0.001000
65000,0.945153,0.617412,0.945919,0.617388,1115.5,0.001000
65100,1.009898,0.536772,1.008210,0.538604,1117.2,0.001000
65200,0.985198,0.559696,0.985740,0.557988,1118.9,0.001000
65300,1.087326,0.514912,1.088300,0.513800,1120.7,0.001000
65400,0.960817,0.579932,0.960422,0.580488,1122.4,0.001000
65500,1.404204,0.388060,1.406596,0.386480,1124.1,0.001000
65600,1.021735,0.565184,1.024932,0.562216,1125.8,0.001000
65700,0.830837,0.706116,0.831653,0.706916,1127.5,0.001000
65800,1.178182,0.501920,1.177954,0.500380,1129.2,0.001000
65900,1.065574,0.513988,1.065063,0.514280,1131.0,0.001000
66000,1.276394,0.417564,1.280890,0.417604,1132.7,0.001000
66100,1.064745,0.552988,1.066338,0.553136,1134.4,0.001000
66200,1.015579,0.557224,1.015262,0.558232,1136.1,0.001000
66300,1.377585,0.397132,1.376640,0.395140,1137.8,0.001000
66400,0.999566,0.551416,1.004285,0.548696,1139.5,0.001000
66500,0.966541,0.577104,0.966749,0.576424,1141.2,0.001000
66600,1.159377,0.484904,1.158816,0.486144,1142.9,0.001000
66700,1.041163,0.549708,1.040859,0.548244,1144.7,0.001000
66800,1.142503,0.451136,1.141963,0.452240,1146.4,0.001000
66900,1.306189,0.400608,1.311305,0.397624,1148.1,0.001000
67000,0.911986,0.634600,0.914200,0.631880,1149.8,0.001000
67100,0.939256,0.616348,0.939580,0.615032,1151.5,0.001000
67200,1.138639,0.484128,1.138337,0.483256,1153.2,0.001000
67300,1.073099,0.509248,1.072833,0.510368,1154.9,0.001000
67400,1.275018,0.379600,1.277323,0.378640,1156.6,0.001000
67500,1.058756,0.531616,1.060134,0.532392,1158.3,0.001000
67600,0.869594,0.659164,0.869358,0.660712,1160.0,0.001000
67700,1.016038,0.561912,1.016661,0.559744,1161.7,0.001000
67800,1.138977,0.477240,1.139889,0.477656,1163.5,0.001000
67900,0.933351,0.622280,0.935172,0.619716,1165.1,0.001000
68000,1.334114,0.349884,1.335988,0.348332,1166.8,0.001000
68100,0.881523,0.650692,0.882003,0.649948,1168.6,0.001000
68200,1.058866,0.582200,1.058861,0.583400,1170.3,0.001000
68300,0.922912,0.646908,0.925110,0.646592,1172.0,0.001000
68400,1.163254,0.485352,1.163928,0.483048,1173.7,0.001000
68500,1.040893,0.521804,1.043869,0.518444,1175.4,0.001000
68600,0.929459,0.596156,0.928846,0.597712,1177.1,0.001000
68700,1.152255,0.471992,1.150873,0.471428,1178.8,0.001000
68800,1.228097,0.441744,1.228304,0.440508,1180.5,0.001000
68900,0.972894,0.548040,0.972926,0.547372,1182.3,0.001000
69000,1.096012,0.517072,1.098506,0.514268,1184.0,0.001000
69100,1.101593,0.499628,1.099573,0.500056,1185.7,0.001000
69200,1.055921,0.520240,1.053074,0.520944,1187.4,0.001000
69300,0.974683,0.611016,0.975686,0.609684,1189.2,0.001000
69400,1.113850,0.476056,1.116604,0.474604,1191.0,0.001000
69500,1.364100,0.371440,1.368419,0.368728,1192.7,0.001000
69600,1.119423,0.512508,1.120281,0.512092,1194.3,0.001000
69700,0.964971,0.592564,0.965484,0.591884,1196.0,0.001000
69800,0.888004,0.662232,0.887275,0.662828,1197.8,0.001000
69900,1.138576,0.502332,1.140960,0.501060,1199.5,0.001000
70000,1.317834,0.397032,1.317887,0.396696,1201.2,0.001000
70100,0.855245,0.680544,0.856667,0.679776,1202.9,0.001000
70200,1.525094,0.402244,1.528327,0.400628,1204.6,0.001000
70300,1.136973,0.472588,1.135956,0.471300,1206.4,0.001000
70400,0.936755,0.623848,0.938082,0.624072,1208.1,0.001000
70500,0.970077,0.590116,0.971509,0.591136,1209.8,0.001000
70600,1.392739,0.403048,1.394714,0.403404,1211.5,0.001000
70700,0.877646,0.650656,0.875978,0.650900,1213.2,0.001000
70800,1.043547,0.562300,1.042711,0.563660,1214.9,0.001000
70900,1.007663,0.548864,1.009779,0.546680,1216.7,0.001000
71000,1.024987,0.540276,1.026884,0.539880,1218.4,0.001000
71100,1.025297,0.543944,1.025264,0.542724,1220.1,0.001000
71200,1.070564,0.489840,1.071201,0.489492,1221.8,0.001000
71300,1.278897,0.422416,1.277781,0.423896,1223.5,0.001000
71400,1.169042,0.501596,1.170809,0.498400,1225.2,0.001000
71500,0.916167,0.617440,0.916099,0.617888,1226.9,0.001000
71600,0.949998,0.590740,0.951190,0.590448,1228.6,0.001000
71700,1.003787,0.547020,1.004433,0.547644,1230.3,0.001000
71800,1.122908,0.501912,1.122576,0.501112,1232.0,0.001000
71900,1.271525,0.450520,1.272843,0.447892,1233.7,0.001000
72000,1.131268,0.468592,1.129741,0.469236,1235.4,0.001000
72100,1.340298,0.376972,1.341666,0.373828,1237.1,0.001000
72200,0.998154,0.563636,0.999634,0.561100,1238.8,0.001000
72300,1.689650,0.292368,1.688525,0.292932,1240.6,0.001000
72400,0.945722,0.608280,0.945606,0.606920,1242.3,0.001000
72500,0.991896,0.574488,0.992026,0.573548,1244.0,0.001000
72600,1.144034,0.488188,1.141986,0.489444,1245.8,0.001000
72700,1.832007,0.315344,1.832079,0.315444,1247.5,0.001000
72800,1.087684,0.493628,1.089615,0.491776,1249.2,0.001000
72900,0.934436,0.610416,0.933745,0.610544,1250.9,0.001000
73000,0.920318,0.624788,0.922766,0.623420,1252.6,0.001000
73100,0.961765,0.618688,0.963854,0.614928,1254.4,0.001000
73200,1.052961,0.512128,1.055037,0.509848,1256.1,0.001000
73300,1.105174,0.507532,1.102436,0.508384,1257.8,0.001000
73400,0.852562,0.667840,0.853693,0.665600,1259.5,0.001000
73500,1.114690,0.520376,1.115764,0.519736,1261.2,0.001000
73600,1.171566,0.450260,1.170977,0.449404,1262.9,0.001000
73700,0.823882,0.722644,0.824980,0.719876,1264.7,0.001000
73800,1.140561,0.473904,1.140239,0.473580,1266.4,0.001000
73900,1.010664,0.569220,1.010831,0.567660,1268.0,0.001000
74000,1.011587,0.553648,1.011985,0.553488,1269.8,0.001000
74100,1.213920,0.454560,1.216202,0.455072,1271.5,0.001000
74200,0.974770,0.587480,0.972565,0.587572,1273.2,0.001000
74300,0.937773,0.580884,0.939425,0.579288,1274.9,0.001000
74400,1.076894,0.505192,1.075428,0.505912,1276.6,0.001000
74500,1.062653,0.551884,1.065488,0.550636,1278.3,0.001000
74600,0.926815,0.628192,0.929521,0.624716,1280.0,0.001000
74700,1.158286,0.470628,1.158873,0.469664,1281.7,0.001000
74800,1.169349,0.416572,1.171698,0.415000,1283.4,0.001000
74900,1.059221,0.520712,1.058729,0.520360,1285.1,0.001000
75000,0.981792,0.586380,0.983073,0.585784,1286.8,0.001000
75100,1.351715,0.397664,1.352431,0.397844,1288.5,0.001000
75200,0.923303,0.611408,0.924728,0.609136,1290.2,0.001000
75300,1.071766,0.492408,1.072302,0.491884,1291.9,0.001000
75400,1.247116,0.474112,1.246027,0.473848,1293.6,0.001000
75500,1.187763,0.468920,1.191040,0.467736,1295.4,0.001000
75600,1.183532,0.468772,1.184664,0.467076,1297.1,0.001000
75700,1.027552,0.530316,1.030065,0.528516,1298.8,0.001000
75800,1.178526,0.453068,1.179925,0.451376,1300.5,0.001000
75900,0.832781,0.705216,0.834203,0.703720,1302.2,0.001000
76000,1.237511,0.460624,1.238828,0.458884,1303.9,0.001000
76100,0.886191,0.628620,0.887006,0.628020,1305.6,0.001000
76200,1.157505,0.501828,1.159436,0.499708,1307.3,0.001000
76300,1.020888,0.561640,1.022111,0.559068,1309.0,0.001000
76400,0.973057,0.567264,0.974130,0.565008,1310.7,0.001000
76500,1.084527,0.506796,1.088451,0.504840,1312.4,0.001000
76600,0.890965,0.645892,0.891587,0.645964,1314.1,0.001000
76700,0.992204,0.545544,0.990668,0.546996,1315.9,0.001000
76800,1.093108,0.483008,1.092147,0.482952,1317.6,0.001000
76900,0.972936,0.572972,0.972603,0.573260,1319.3,0.001000
77000,1.027873,0.546488,1.028144,0.544248,1321.1,0.001000
77100,0.901572,0.621372,0.902739,0.622552,1322.8,0.001000
77200,0.882655,0.674840,0.884809,0.671944,1324.5,0.001000
77300,1.001462,0.568108,1.002629,0.566120,1326.2,0.001000
77400,1.587355,0.361776,1.585912,0.361768,1327.9,0.001000
77500,1.076325,0.487172,1.077123,0.488196,1329.6,0.001000
77600,1.045869,0.513744,1.046345,0.512688,1331.3,0.001000
77700,1.004346,0.563340,1.007442,0.563328,1333.0,0.001000
77800,0.881240,0.664488,0.882542,0.661864,1334.7,0.001000
77900,1.172200,0.491524,1.173693,0.488132,1336.4,0.001000
78000,0.983371,0.552344,0.982532,0.554056,1338.2,0.001000
78100,0.956694,0.596688,0.957796,0.596744,1339.9,0.001000
78200,1.123361,0.478296,1.122619,0.478124,1341.6,0.001000
78300,1.255231,0.469016,1.256441,0.468400,1343.3,0.001000
78400,1.583452,0.370340,1.584339,0.369132,1345.0,0.001000
78500,1.152539,0.515872,1.152561,0.515760,1346.7,0.001000
78600,0.952632,0.596332,0.953169,0.597356,1348.4,0.001000
78700,1.310888,0.429824,1.308261,0.429924,1350.1,0.001000
78800,0.957131,0.604832,0.958800,0.601692,1351.9,0.001000
78900,1.051172,0.541972,1.054702,0.541116,1353.6,0.001000
79000,1.651590,0.325872,1.654135,0.324336,1355.3,0.001000
79100,1.022891,0.530360,1.021855,0.530056,1357.0,0.001000
79200,0.972386,0.586984,0.973545,0.583516,1358.7,0.001000
79300,1.158401,0.483392,1.158173,0.483924,1360.5,0.001000
79400,0.917947,0.630968,0.919467,0.631128,1362.2,0.001000
79500,1.196300,0.444536,1.195006,0.446220,1363.9,0.001000
79600,1.040591,0.519092,1.044152,0.514876,1365.6,0.001000
79700,1.046658,0.529368,1.048708,0.527328,1367.3,0.001000
79800,1.082298,0.511528,1.082475,0.510564,1369.0,0.001000
79900,0.954956,0.574140,0.955188,0.575780,1370.7,0.001000
80000,1.215602,0.465336,1.219400,0.462628,1372.4,0.001000
80100,1.006775,0.578200,1.007370,0.577936,1374.1,0.001000
80200,2.098389,0.153556,2.094248,0.153596,1375.8,0.001000
80300,0.947129,0.613264,0.947880,0.611380,1377.6,0.001000
80400,0.953174,0.588732,0.953472,0.587596,1379.3,0.001000
80500,1.001037,0.578464,1.001318,0.579424,1381.0,0.001000
80600,0.935923,0.626804,0.935850,0.626620,1382.7,0.001000
80700,0.944712,0.612936,0.945623,0.611092,1384.4,0.001000
80800,1.377536,0.359804,1.381697,0.357008,1386.2,0.001000
80900,1.050207,0.538280,1.050272,0.537912,1387.9,0.001000
81000,0.898687,0.633864,0.897864,0.635628,1389.6,0.001000
81100,0.927443,0.604220,0.928146,0.603960,1391.3,0.001000
81200,1.156077,0.470264,1.158662,0.469016,1393.1,0.001000
81300,0.932998,0.607580,0.934575,0.605716,1394.8,0.001000
81400,0.918836,0.605628,0.919016,0.605824,1396.5,0.001000
81500,1.265144,0.472652,1.263799,0.470756,1398.2,0.001000
81600,1.326555,0.411792,1.329362,0.410320,1399.9,0.001000
81700,1.149849,0.498216,1.150401,0.499684,1401.6,0.001000
81800,1.091975,0.503204,1.094770,0.501848,1403.3,0.001000
81900,1.032065,0.583204,1.031884,0.582784,1405.0,0.001000
82000,1.069957,0.535040,1.070431,0.533208,1406.7,0.001000
82100,1.326217,0.436360,1.321757,0.435536,1408.4,0.001000
82200,1.498902,0.353708,1.500474,0.353112,1410.2,0.001000
82300,1.872172,0.281372,1.873182,0.281824,1411.9,0.001000
82400,0.922825,0.643456,0.922669,0.642144,1413.6,0.001000
82500,1.065972,0.545556,1.070557,0.543612,1415.3,0.001000
82600,1.078820,0.514952,1.081930,0.511620,1417.0,0.001000
82700,0.904235,0.645984,0.905123,0.643776,1418.8,0.001000
82800,0.901697,0.647072,0.901842,0.646536,1420.5,0.001000
82900,0.938247,0.589512,0.939158,0.587928,1422.2,0.001000
83000,1.132821,0.481588,1.134383,0.481636,1423.9,0.001000
83100,1.096041,0.526760,1.094907,0.527672,1425.6,0.001000
83200,1.594769,0.371628,1.587061,0.373004,1427.3,0.001000
83300,1.213904,0.431316,1.218820,0.428896,1429.1,0.001000
83400,0.977672,0.578908,0.979139,0.577228,1430.8,0.001000
83500,0.895244,0.634544,0.894778,0.635956,1432.5,0.001000
83600,0.934415,0.604864,0.934943,0.604576,1434.2,0.001000
83700,1.151642,0.468872,1.153417,0.467724,1435.9,0.001000
83800,1.025502,0.516260,1.027069,0.515608,1437.7,0.001000
83900,0.956356,0.616928,0.957224,0.616008,1439.4,0.001000
84000,1.249565,0.406116,1.252457,0.404156,1441.1,0.001000
84100,1.257714,0.431412,1.256064,0.431208,1442.8,0.001000
84200,0.983127,0.581092,0.984062,0.581028,1444.6,0.001000
84300,1.334470,0.448416,1.336903,0.447636,1446.3,0.001000
84400,1.032371,0.555780,1.032601,0.555040,1448.0,0.001000
84500,0.990513,0.558868,0.989417,0.558564,1449.7,0.001000
84600,0.902360,0.653228,0.903388,0.652772,1451.4,0.001000
84700,1.224194,0.448792,1.226909,0.445448,1453.2,0.001000
84800,0.910882,0.612760,0.910870,0.611840,1454.9,0.001000
84900,0.910307,0.605632,0.909192,0.605132,1456.6,0.001000
85000,1.003313,0.545956,1.003135,0.546828,1458.3,0.001000
85100,1.295672,0.410596,1.294553,0.411788,1460.0,0.001000
85200,0.842497,0.709736,0.843322,0.707228,1461.7,0.001000
85300,1.092648,0.517484,1.091589,0.516800,1463.4,0.001000
85400,1.623201,0.322608,1.620540,0.325024,1465.1,0.001000
85500,0.901211,0.671464,0.902027,0.669816,1466.8,0.001000
85600,0.909934,0.630092,0.911551,0.627916,1468.5,0.001000
85700,0.935653,0.624944,0.939356,0.621552,1470.2,0.001000
85800,1.342927,0.398572,1.342732,0.398956,1471.9,0.001000
85900,0.964716,0.608632,0.966028,0.607044,1473.7,0.001000
86000,1.483354,0.352136,1.483122,0.352036,1475.4,0.001000
86100,1.055535,0.547008,1.054929,0.547084,1477.1,0.001000
86200,1.038408,0.527212,1.039739,0.527644,1478.7,0.001000
86300,0.979794,0.583356,0.979165,0.584300,1480.4,0.001000
86400,1.055020,0.508036,1.056329,0.505344,1482.1,0.001000
86500,1.010486,0.592704,1.009336,0.592776,1483.8,0.001000
86600,0.940888,0.633264,0.942373,0.631440,1485.5,0.001000
86700,0.992153,0.619508,0.993637,0.620412,1487.2,0.001000
86800,1.015727,0.548092,1.015614,0.547308,1488.9,0.001000
86900,0.938884,0.617800,0.938377,0.617552,1490.6,0.001000
87000,0.891457,0.653644,0.892812,0.652136,1492.3,0.001000
87100,1.233821,0.468064,1.232195,0.466148,1494.0,0.001000
87200,1.012159,0.557428,1.010852,0.557824,1495.7,0.001000
87300,0.876485,0.672364,0.877641,0.672316,1497.4,0.001000
87400,1.459208,0.386596,1.460526,0.387688,1499.1,0.001000
87500,1.124746,0.494240,1.126553,0.491972,1500.8,0.001000
87600,1.125478,0.501104,1.124295,0.500536,1502.6,0.001000
87700,1.473436,0.361328,1.478032,0.360588,1504.3,0.001000
87800,1.044524,0.554884,1.044448,0.556080,1506.0,0.001000
87900,1.103866,0.486188,1.104833,0.484816,1507.7,0.001000
88000,1.110943,0.501936,1.111783,0.502252,1509.4,0.001000
88100,1.237749,0.418088,1.236328,0.419680,1511.1,0.001000
88200,0.995833,0.581660,0.995802,0.581492,1512.8,0.001000
88300,0.886956,0.643224,0.887682,0.643720,1514.5,0.001000
88400,0.881155,0.658076,0.881419,0.657060,1516.2,0.001000
88500,1.087529,0.519112,1.091111,0.516164,1518.0,0.001000
88600,0.971737,0.572320,0.972715,0.570404,1519.7,0.001000
88700,0.987518,0.542132,0.987972,0.540380,1521.4,0.001000
88800,1.264006,0.400940,1.264713,0.399304,1523.2,0.001000
88900,0.916450,0.637616,0.916879,0.638304,1524.9,0.001000
89000,1.110790,0.532964,1.109975,0.533848,1526.7,0.001000
89100,1.100142,0.538784,1.103154,0.536880,1528.4,0.001000
89200,1.009678,0.529032,1.009467,0.528596,1530.1,0.001000
89300,1.114125,0.483608,1.111512,0.485608,1531.9,0.001000
89400,1.021306,0.544176,1.022671,0.543664,1533.6,0.001000
89500,1.160366,0.443948,1.160706,0.443252,1535.3,0.001000
89600,1.035072,0.522456,1.036273,0.521856,1537.0,0.001000
89700,1.239160,0.466816,1.235479,0.467192,1538.7,0.001000
89800,0.977597,0.564968,0.979583,0.562892,1540.4,0.001000
89900,1.160192,0.453264,1.161417,0.453028,1542.1,0.001000
90000,1.118112,0.485828,1.117977,0.485792,1543.8,0.001000
90100,1.091162,0.484476,1.093562,0.482612,1545.6,0.001000
90200,0.906058,0.656272,0.905248,0.658384,1547.3,0.001000
90300,1.167705,0.495456,1.169551,0.493724,1549.0,0.001000
90400,1.097543,0.536036,1.098389,0.535028,1550.7,0.001000
90500,1.142050,0.485568,1.144648,0.484468,1552.4,0.001000
90600,1.308894,0.428504,1.311205,0.426592,1554.1,0.001000
90700,1.138095,0.489712,1.137258,0.489588,1555.8,0.001000
90800,0.922746,0.634700,0.924282,0.632640,1557.5,0.001000
90900,1.111243,0.521832,1.114110,0.519980,1559.2,0.001000
91000,1.148315,0.466460,1.151429,0.465200,1560.9,0.001000
91100,1.099116,0.504628,1.099605,0.504292,1562.6,0.001000
91200,1.177169,0.464004,1.174152,0.465652,1564.3,0.001000
91300,0.956050,0.593176,0.956951,0.590640,1566.1,0.001000
91400,1.023784,0.518316,1.024603,0.518524,1567.8,0.001000
91500,1.622075,0.313864,1.621654,0.313260,1569.5,0.001000
91600,0.893550,0.648296,0.897452,0.646060,1571.2,0.001000
91700,0.963297,0.600640,0.963693,0.601400,1572.9,0.001000
91800,1.592405,0.342872,1.594220,0.341992,1574.6,0.001000
91900,1.109465,0.503824,1.111355,0.502124,1576.3,0.001000
92000,1.110778,0.445828,1.111340,0.446836,1578.0,0.001000
92100,0.936409,0.612700,0.937163,0.611012,1579.7,0.001000
92200,1.073378,0.542556,1.074592,0.542036,1581.4,0.001000
92300,0.900703,0.611136,0.901106,0.610244,1583.1,0.001000
92400,1.044087,0.536572,1.045812,0.535132,1584.9,0.001000
92500,0.988638,0.558944,0.990016,0.558304,1586.6,0.001000
92600,1.095863,0.504400,1.096193,0.503408,1588.3,0.001000
92700,1.783155,0.283932,1.779226,0.282336,1590.0,0.001000
92800,1.080695,0.509232,1.081069,0.509744,1591.8,0.001000
92900,1.073362,0.516328,1.076239,0.513008,1593.5,0.001000
93000,1.178056,0.408212,1.175592,0.408692,1595.2,0.001000
93100,0.919045,0.608044,0.919566,0.606952,1596.9,0.001000
93200,1.230763,0.473840,1.231249,0.474328,1598.6,0.001000
93300,0.961643,0.615368,0.962702,0.614704,1600.3,0.001000
93400,1.151721,0.484780,1.152910,0.484108,1602.1,0.001000
93500,1.292417,0.436948,1.294971,0.435640,1603.8,0.001000
93600,0.937314,0.599764,0.939005,0.598852,1605.5,0.001000
93700,1.035505,0.498700,1.036267,0.498176,1607.2,0.001000
93800,0.990409,0.575120,0.991750,0.573412,1608.9,0.001000
93900,2.148296,0.250304,2.148447,0.252220,1610.6,0.001000
94000,0.984015,0.591004,0.986944,0.588148,1612.3,0.001000
94100,1.010912,0.574876,1.009691,0.574544,1614.1,0.001000
94200,0.931646,0.599420,0.931932,0.598100,1615.8,0.001000
94300,0.828926,0.737664,0.829339,0.736528,1617.5,0.001000
94400,0.970029,0.592728,0.970970,0.590448,1619.2,0.001000
94500,1.126202,0.474628,1.127869,0.475092,1621.0,0.001000
94600,1.132261,0.496180,1.130715,0.494976,1622.7,0.001000
94700,0.964368,0.584820,0.965792,0.583040,1624.4,0.001000
94800,1.309556,0.447492,1.310986,0.447500,1626.1,0.001000
94900,1.094259,0.515256,1.096632,0.513940,1627.9,0.001000
95000,1.439954,0.352972,1.441014,0.352376,1629.6,0.001000
95100,0.931461,0.593544,0.932182,0.591956,1631.3,0.001000
95200,0.850533,0.699084,0.850480,0.698752,1633.0,0.001000
95300,0.952841,0.599104,0.953691,0.596700,1634.7,0.001000
95400,1.032264,0.531512,1.031595,0.532684,1636.4,0.001000
95500,1.191689,0.470816,1.192428,0.470608,1638.1,0.001000
95600,1.002836,0.610128,1.004128,0.609452,1639.8,0.001000
95700,1.056938,0.535352,1.060133,0.530748,1641.5,0.001000
95800,0.985837,0.584544,0.987942,0.583264,1643.2,0.001000
95900,1.457304,0.364808,1.461559,0.361820,1644.9,0.001000
96000,0.955545,0.589848,0.957406,0.587568,1646.6,0.001000
96100,1.038439,0.551576,1.040715,0.549632,1648.3,0.001000
96200,0.995482,0.574456,0.996638,0.573148,1650.0,0.001000
96300,1.003411,0.572716,1.003840,0.573196,1651.7,0.001000
96400,1.066420,0.514704,1.064350,0.515364,1653.4,0.001000
96500,1.157208,0.466760,1.157418,0.466596,1655.1,0.001000
96600,1.104328,0.515468,1.104444,0.517960,1656.8,0.001000
96700,1.020038,0.621824,1.021276,0.620696,1658.5,0.001000
96800,1.302267,0.445460,1.304428,0.443844,1660.2,0.001000
96900,1.518596,0.363196,1.518063,0.363580,1662.0,0.001000
97000,0.986972,0.533012,0.988528,0.532000,1663.6,0.001000
97100,1.204756,0.449496,1.205469,0.448920,1665.4,0.001000
97200,0.998312,0.580168,0.999277,0.580792,1667.1,0.001000
97300,0.974122,0.582176,0.977210,0.580676,1668.8,0.001000
97400,1.080663,0.571392,1.082243,0.568560,1670.6,0.001000
97500,1.736037,0.308692,1.740668,0.307260,1672.3,0.001000
97600,1.299206,0.413224,1.296458,0.414796,1674.0,0.001000
97700,0.997466,0.574108,0.999611,0.573680,1675.7,0.001000
97800,0.850062,0.694324,0.850561,0.693728,1677.4,0.001000
97900,1.014894,0.530368,1.015037,0.528716,1679.2,0.001000
98000,1.003723,0.575208,1.004094,0.574904,1680.9,0.001000
98100,0.936109,0.612016,0.938760,0.611700,1682.6,0.001000
98200,0.862613,0.678620,0.863784,0.677100,1684.3,0.001000
98300,0.919653,0.635524,0.920676,0.633264,1686.0,0.001000
98400,1.039873,0.557184,1.039406,0.557428,1687.8,0.001000
98500,0.833120,0.713980,0.834084,0.712284,1689.5,0.001000
98600,1.682825,0.347756,1.684494,0.345588,1691.2,0.001000
98700,1.155114,0.459984,1.154015,0.459328,1692.9,0.001000
98800,1.674031,0.308100,1.676711,0.307684,1694.6,0.001000
98900,1.124827,0.495916,1.123765,0.498176,1696.3,0.001000
99000,0.838453,0.697240,0.839899,0.695088,1698.1,0.001000
99100,0.999538,0.554600,1.000317,0.554244,1699.8,0.001000
99200,0.859450,0.729584,0.860848,0.726528,1701.4,0.001000
99300,0.870735,0.669360,0.871905,0.667244,1703.2,0.001000
99400,1.066844,0.515016,1.065208,0.514492,1704.9,0.001000
99500,1.282015,0.427036,1.283508,0.427636,1706.5,0.001000
99600,1.007571,0.556132,1.007794,0.555260,1708.2,0.001000
99700,0.903661,0.625764,0.906460,0.622252,1710.0,0.001000
99800,1.154041,0.460736,1.156551,0.458348,1711.7,0.001000
99900,0.817965,0.744016,0.820020,0.741408,1713.4,0.001000
100000,1.098814,0.473848,1.099578,0.473600,1715.1,0.001000
100100,2.043057,0.253096,2.047421,0.252240,1716.8,0.001000
100200,1.010195,0.550852,1.010299,0.551532,1718.6,0.001000
100300,1.001258,0.566404,1.001515,0.565424,1720.3,0.001000
100400,0.838226,0.686680,0.839546,0.686756,1722.0,0.001000
100500,1.092414,0.504608,1.094926,0.501728,1723.8,0.001000
100600,1.261658,0.434240,1.260654,0.434500,1725.5,0.001000
100700,1.214355,0.447800,1.215152,0.448048,1727.2,0.001000
100800,1.207943,0.468116,1.209087,0.466532,1728.9,0.001000
100900,0.903472,0.662640,0.905028,0.660648,1730.6,0.001000
101000,0.924530,0.631900,0.923370,0.633964,1732.3,0.001000
101100,1.050024,0.511820,1.051375,0.510804,1734.0,0.001000
101200,1.101259,0.491796,1.101901,0.489280,1735.7,0.001000
101300,0.862236,0.700408,0.863431,0.698068,1737.5,0.001000
101400,1.238820,0.455020,1.239522,0.454824,1739.2,0.001000
101500,1.008862,0.540052,1.010319,0.539904,1740.9,0.001000
101600,0.920251,0.636248,0.922024,0.635408,1742.6,0.001000
101700,1.027655,0.541676,1.028458,0.541020,1744.4,0.001000
101800,1.299630,0.382464,1.302157,0.380028,1746.1,0.001000
101900,1.098192,0.491488,1.099078,0.491604,1747.8,0.001000
102000,1.316368,0.427484,1.319906,0.426360,1749.5,0.001000
102100,1.072162,0.520628,1.072908,0.518500,1751.2,0.001000
102200,1.081042,0.496820,1.082128,0.493984,1752.9,0.001000
102300,1.152984,0.497000,1.154477,0.497424,1754.6,0.001000
102400,1.196937,0.438868,1.195526,0.439584,1756.4,0.001000
102500,1.216492,0.423368,1.217022,0.423776,1758.1,0.001000
102600,1.120366,0.518284,1.121162,0.516864,1759.8,0.001000
102700,1.097646,0.513408,1.099883,0.512764,1761.5,0.001000
102800,1.861645,0.303732,1.865924,0.302716,1763.2,0.001000
102900,1.079038,0.521252,1.082462,0.519108,1764.9,0.001000
103000,0.946054,0.596972,0.947880,0.593956,1766.6,0.001000
103100,1.161833,0.491492,1.163666,0.491136,1768.3,0.001000
103200,1.044317,0.529816,1.044722,0.529116,1770.0,0.001000
103300,1.228120,0.444284,1.227058,0.447652,1771.7,0.001000
103400,1.330087,0.423504,1.332003,0.424036,1773.4,0.001000
103500,0.972443,0.581188,0.973171,0.579132,1775.1,0.001000
103600,0.991594,0.566796,0.991060,0.566168,1776.9,0.001000
103700,1.020374,0.557044,1.021771,0.555392,1778.5,0.001000
103800,0.851356,0.717344,0.851119,0.717220,1780.3,0.001000
103900,0.920346,0.602700,0.920948,0.603052,1782.1,0.001000
104000,1.072978,0.509100,1.073809,0.509476,1783.8,0.001000
104100,1.080727,0.563048,1.082527,0.561968,1785.5,0.001000
104200,1.110440,0.516208,1.110057,0.516464,1787.3,0.001000
104300,1.046353,0.525820,1.047786,0.523704,1789.0,0.001000
104400,1.301714,0.403920,1.302518,0.403912,1790.7,0.001000
104500,1.165253,0.522124,1.167078,0.519456,1792.4,0.001000
104600,1.369302,0.385588,1.369423,0.386816,1794.1,0.001000
104700,1.484762,0.382372,1.484240,0.381768,1795.8,0.001000
104800,1.129688,0.543108,1.133839,0.540536,1797.5,0.001000
104900,0.969277,0.608044,0.971095,0.607748,1799.2,0.001000
105000,0.931481,0.621628,0.933493,0.620152,1800.9,0.001000
105100,1.197090,0.479260,1.197819,0.477516,1802.6,0.001000
105200,0.932164,0.596092,0.933902,0.594036,1804.3,0.001000
105300,1.091418,0.518340,1.093043,0.518044,1806.0,0.001000
105400,0.851653,0.683888,0.852414,0.682968,1807.7,0.001000
105500,1.093734,0.498520,1.091511,0.500528,1809.4,0.001000
105600,0.931673,0.605388,0.932509,0.603376,1811.1,0.001000
105700,0.845847,0.686264,0.847166,0.686364,1812.8,0.001000
105800,1.088281,0.497472,1.089015,0.496036,1814.5,0.001000
105900,1.225731,0.478408,1.228057,0.478124,1816.3,0.001000
106000,1.059099,0.546348,1.061736,0.543804,1817.9,0.001000
106100,0.876015,0.653576,0.877453,0.650868,1819.6,0.001000
106200,0.876328,0.664124,0.877604,0.661576,1821.4,0.001000
106300,0.997069,0.583180,0.999809,0.580212,1823.1,0.001000
106400,0.883809,0.644876,0.884270,0.645016,1824.8,0.001000
106500,1.239947,0.438604,1.242437,0.436872,1826.6,0.001000
106600,0.981107,0.543728,0.980448,0.543808,1828.3,0.001000
106700,0.910835,0.615288,0.911472,0.614080,1830.0,0.001000
106800,1.165715,0.500936,1.167224,0.499004,1831.7,0.001000
106900,1.002833,0.568308,1.006288,0.564800,1833.4,0.001000
107000,1.088044,0.506324,1.090175,0.505116,1835.1,0.001000
107100,1.190246,0.480192,1.188943,0.481432,1836.8,0.001000
107200,0.985814,0.565088,0.987106,0.562460,1838.5,0.001000
107300,1.034641,0.545384,1.035637,0.543312,1840.2,0.001000
107400,1.138027,0.480280,1.138699,0.478436,1842.0,0.001000
107500,1.070870,0.524772,1.069266,0.525504,1843.7,0.001000
107600,1.037553,0.556572,1.038216,0.554056,1845.4,0.001000
107700,0.961199,0.604160,0.960048,0.603936,1847.1,0.001000
107800,1.190372,0.440968,1.193324,0.438820,1848.9,0.001000
107900,1.105297,0.504536,1.108094,0.501996,1850.6,0.001000
108000,1.076396,0.532476,1.076130,0.531344,1852.3,0.001000
108100,0.982248,0.574452,0.983998,0.573984,1854.0,0.001000
108200,1.007143,0.542952,1.006288,0.542276,1855.7,0.001000
108300,0.905559,0.631924,0.906106,0.631660,1857.5,0.001000
108400,1.227290,0.494664,1.228431,0.495432,1859.2,0.001000
108500,1.312628,0.419332,1.315438,0.418572,1860.9,0.001000
108600,0.899661,0.641492,0.900856,0.640144,1862.6,0.001000
108700,0.982812,0.574344,0.980883,0.577376,1864.3,0.001000
108800,0.839783,0.701620,0.842272,0.698780,1866.0,0.001000
108900,1.243528,0.435436,1.242145,0.437188,1867.7,0.001000
109000,0.922006,0.612760,0.922574,0.612152,1869.5,0.001000
109100,1.404992,0.388776,1.406991,0.389416,1871.1,0.001000
109200,1.102902,0.500700,1.102389,0.499732,1872.8,0.001000
109300,0.915066,0.625532,0.914440,0.627696,1874.6,0.001000
109400,0.946631,0.628736,0.948105,0.628496,1876.3,0.001000
109500,1.633149,0.320412,1.636257,0.318368,1878.0,0.001000
109600,1.118500,0.486884,1.118032,0.486800,1879.7,0.001000
109700,0.943085,0.598176,0.943674,0.598416,1881.4,0.001000
109800,1.412545,0.371648,1.412909,0.371424,1883.1,0.001000
109900,1.565016,0.299392,1.566478,0.298572,1884.8,0.001000
110000,0.945271,0.630668,0.946222,0.628992,1886.5,0.001000
110100,1.096971,0.548796,1.097707,0.549788,1888.3,0.001000
110200,1.166030,0.479240,1.166689,0.477764,1890.0,0.001000
110300,1.286554,0.410448,1.287020,0.410888,1891.7,0.001000
110400,1.406521,0.406300,1.408149,0.405116,1893.5,0.001000
110500,1.081018,0.525504,1.081550,0.526428,1895.2,0.001000
110600,0.990657,0.575376,0.991510,0.573800,1896.9,0.001000
110700,1.123566,0.504692,1.123755,0.504744,1898.7,0.001000
110800,1.230408,0.381884,1.234263,0.381664,1900.4,0.001000
110900,0.986219,0.576620,0.986478,0.575844,1902.1,0.001000
111000,0.973360,0.598444,0.974478,0.594244,1903.8,0.001000
111100,1.265021,0.426880,1.264438,0.426040,1905.5,0.001000
111200,1.064167,0.548100,1.062469,0.547812,1907.2,0.001000
111300,0.965246,0.609108,0.966612,0.609408,1909.0,0.001000
111400,1.033833,0.534504,1.033787,0.536160,1910.7,0.001000
111500,0.988826,0.583712,0.990343,0.583020,1912.4,0.001000
111600,0.983833,0.573484,0.983151,0.576564,1914.2,0.001000
111700,0.958238,0.578676,0.959143,0.578036,1915.9,0.001000
111800,1.000986,0.573648,1.002242,0.573064,1917.7,0.001000
111900,1.115462,0.497448,1.115704,0.497764,1919.4,0.001000
112000,1.023341,0.521816,1.024803,0.519544,1921.1,0.001000
112100,0.932303,0.622612,0.932810,0.623160,1922.8,0.001000
112200,1.187488,0.439788,1.190520,0.440064,1924.5,0.001000
112300,0.867385,0.691268,0.867228,0.692008,1926.2,0.001000
112400,1.494337,0.381652,1.498058,0.380208,1927.9,0.001000
112500,1.179057,0.463708,1.179862,0.464500,1929.6,0.001000
112600,1.002917,0.561312,1.003404,0.560836,1931.3,0.001000
112700,0.921250,0.616384,0.920875,0.615804,1932.9,0.001000
112800,0.823565,0.713716,0.824532,0.712516,1934.7,0.001000
112900,1.299575,0.419964,1.298550,0.418756,1936.4,0.001000
113000,1.026719,0.573084,1.028637,0.571772,1938.1,0.001000
113100,0.830700,0.714996,0.831217,0.714568,1939.8,0.001000
113200,1.029234,0.525768,1.032864,0.521964,1941.5,0.001000
113300,1.132822,0.471452,1.131653,0.470672,1943.3,0.001000
113400,1.096702,0.510104,1.095018,0.509768,1945.0,0.001000
113500,0.805814,0.739524,0.807172,0.737960,1946.7,0.001000
113600,0.995214,0.595364,0.998656,0.590216,1948.4,0.001000
113700,0.979702,0.593512,0.982937,0.590724,1950.2,0.001000
113800,1.174963,0.495000,1.177121,0.493048,1951.9,0.001000
113900,1.006816,0.553276,1.009732,0.551080,1953.6,0.001000
114000,1.271735,0.445344,1.270702,0.445580,1955.3,0.001000
114100,0.881647,0.656584,0.882842,0.656540,1957.0,0.001000
114200,1.050587,0.535420,1.051139,0.536352,1958.7,0.001000
114300,1.162752,0.453996,1.162457,0.453028,1960.5,0.001000
114400,1.251912,0.414312,1.253761,0.411872,1962.2,0.001000
114500,0.919635,0.636196,0.921271,0.633268,1963.9,0.001000
114600,1.087497,0.543784,1.089323,0.541424,1965.6,0.001000
114700,1.066572,0.524116,1.067590,0.524700,1967.3,0.001000
114800,1.095201,0.494620,1.097288,0.494096,1969.0,0.001000
114900,0.951809,0.622136,0.950245,0.623536,1970.7,0.001000
115000,0.790515,0.762648,0.789352,0.765604,1972.4,0.001000
115100,0.820409,0.713784,0.819469,0.714948,1974.2,0.001000
115200,1.078936,0.535184,1.079053,0.534516,1975.8,0.001000
115300,0.824553,0.733220,0.825800,0.732620,1977.6,0.001000
115400,1.090700,0.502328,1.090938,0.501756,1979.3,0.001000
115500,1.578441,0.374392,1.579745,0.373472,1981.0,0.001000
115600,0.781299,0.757648,0.782495,0.755696,1982.7,0.001000
115700,1.397986,0.375584,1.397336,0.375776,1984.4,0.001000
115800,0.845568,0.680900,0.846182,0.680556,1986.1,0.001000
115900,0.827176,0.730604,0.828154,0.730040,1987.8,0.001000
116000,1.069683,0.512572,1.069081,0.512108,1989.6,0.001000
116100,1.039863,0.556596,1.039863,0.557092,1991.3,0.001000
116200,1.442158,0.335748,1.446556,0.335032,1993.0,0.001000
116300,0.807947,0.739424,0.808419,0.738672,1994.7,0.001000
116400,1.133937,0.499236,1.134246,0.500056,1996.5,0.001000
116500,1.222929,0.435412,1.224389,0.433528,1998.2,0.001000
116600,0.972297,0.598428,0.975687,0.595632,1999.9,0.001000
116700,1.001138,0.562100,1.002184,0.561600,2001.6,0.001000
116800,1.376851,0.410160,1.383496,0.406936,2003.3,0.001000
116900,1.165231,0.467816,1.167624,0.464392,2005.1,0.001000
117000,0.835535,0.702132,0.835919,0.701152,2006.8,0.001000
117100,0.901536,0.612012,0.902948,0.609608,2008.5,0.001000
117200,1.122682,0.513496,1.124793,0.512524,2010.2,0.001000
117300,1.310380,0.387744,1.311411,0.387924,2011.9,0.001000
117400,0.862583,0.677732,0.862343,0.679216,2013.7,0.001000
117500,1.588276,0.311048,1.592014,0.310864,2015.4,0.001000
117600,0.950017,0.603108,0.951027,0.602576,2017.1,0.001000
117700,1.035011,0.526484,1.037386,0.523924,2018.8,0.001000
117800,0.909118,0.628740,0.910984,0.626124,2020.5,0.001000
117900,1.152986,0.498716,1.153653,0.498788,2022.2,0.001000
118000,1.088336,0.505336,1.089412,0.504844,2023.9,0.001000
118100,0.945018,0.623876,0.946929,0.620544,2025.6,0.001000
118200,0.886636,0.637948,0.887369,0.636936,2027.3,0.001000
118300,1.319230,0.414608,1.319360,0.412552,2029.0,0.001000
118400,1.283346,0.433948,1.282892,0.432040,2030.7,0.001000
118500,1.070698,0.522840,1.072529,0.521856,2032.4,0.001000
118600,0.959337,0.605176,0.961794,0.602996,2034.2,0.001000
118700,1.806334,0.321532,1.810632,0.317732,2035.9,0.001000
118800,1.190090,0.456328,1.190493,0.457020,2037.7,0.001000
118900,1.163181,0.425544,1.160536,0.426856,2039.4,0.001000
119000,1.303745,0.455804,1.303108,0.455920,2041.1,0.001000
119100,0.989375,0.589232,0.990880,0.588628,2042.9,0.001000
119200,0.788912,0.776992,0.790589,0.774816,2044.6,0.001000
119300,1.187633,0.456732,1.188545,0.455572,2046.3,0.001000
119400,1.022900,0.533116,1.022726,0.531716,2048.0,0.001000
119500,0.904972,0.633568,0.906546,0.632984,2049.8,0.001000
119600,0.839380,0.704628,0.840217,0.704400,2051.5,0.001000
119700,1.064975,0.499684,1.064117,0.499988,2053.2,0.001000
119800,1.094449,0.489840,1.094793,0.488060,2054.9,0.001000
119900,0.941977,0.603412,0.942370,0.601340,2056.7,0.001000
120000,0.979234,0.598888,0.979039,0.599208,2058.4,0.001000
120100,0.895052,0.620480,0.894625,0.619808,2060.1,0.001000
120200,0.900021,0.634952,0.899542,0.637136,2061.8,0.001000
120300,0.979069,0.530756,0.979977,0.530340,2063.5,0.001000
120400,0.966012,0.602112,0.965040,0.602476,2065.2,0.001000
120500,0.895241,0.606172,0.896960,0.603620,2066.9,0.001000
120600,0.896764,0.649852,0.898766,0.647812,2068.6,0.001000
120700,1.120732,0.516604,1.124085,0.516128,2070.3,0.001000
120800,1.125347,0.495056,1.122329,0.496504,2072.1,0.001000
120900,1.514525,0.372712,1.511702,0.373448,2073.8,0.001000
121000,1.046057,0.523268,1.043823,0.525636,2075.5,0.001000
121100,0.827654,0.726196,0.829255,0.723980,2077.2,0.001000
121200,1.204114,0.435708,1.202770,0.437140,2078.9,0.001000
121300,2.067617,0.293088,2.069173,0.291728,2080.6,0.001000
121400,0.834900,0.693784,0.835892,0.692472,2082.3,0.001000
121500,0.901061,0.612048,0.901304,0.612008,2084.0,0.001000
121600,0.921998,0.587532,0.921524,0.586600,2085.7,0.001000
121700,1.249627,0.380240,1.249860,0.380332,2087.4,0.001000
121800,0.943029,0.620912,0.943081,0.619524,2089.1,0.001000
121900,1.005252,0.559548,1.006183,0.558920,2090.8,0.001000
122000,0.999111,0.547248,1.000474,0.546728,2092.5,0.001000
122100,1.381781,0.366568,1.383287,0.365356,2094.2,0.001000
122200,1.062876,0.534532,1.065623,0.531120,2095.9,0.001000
122300,1.376285,0.387752,1.379604,0.385260,2097.6,0.001000
122400,0.937550,0.600916,0.936955,0.602180,2099.4,0.001000
122500,1.441975,0.393136,1.444588,0.392600,2101.1,0.001000
122600,0.815957,0.711776,0.816109,0.712004,2102.8,0.001000
122700,0.915825,0.610812,0.916996,0.610288,2104.5,0.001000
122800,0.848922,0.672712,0.849122,0.673880,2106.3,0.001000
122900,1.157117,0.502936,1.158325,0.504096,2108.0,0.001000
123000,0.980404,0.593700,0.981584,0.592080,2109.7,0.001000
123100,1.119307,0.486248,1.116145,0.486804,2111.5,0.001000
123200,0.910611,0.604460,0.911500,0.603168,2113.2,0.001000
123300,0.955277,0.618488,0.956338,0.619488,2114.9,0.001000
123400,0.765612,0.772180,0.767091,0.768904,2116.7,0.001000
123500,1.097242,0.506072,1.098822,0.505088,2118.4,0.001000
123600,1.044894,0.556008,1.043310,0.556708,2120.1,0.001000
123700,0.912055,0.650932,0.912431,0.650492,2121.9,0.001000
123800,1.084177,0.492224,1.084822,0.490012,2123.6,0.001000
123900,0.812418,0.698728,0.812150,0.699740,2125.3,0.001000
124000,0.999470,0.562220,0.997283,0.563648,2127.0,0.001000
124100,0.855383,0.645068,0.855670,0.644544,2128.8,0.001000
124200,1.208830,0.457136,1.206796,0.459240,2130.5,0.001000
124300,0.890622,0.638120,0.890155,0.638176,2132.2,0.001000
124400,0.968916,0.572608,0.969394,0.570376,2133.9,0.001000
124500,0.829034,0.679312,0.828194,0.681488,2135.6,0.001000
124600,0.927885,0.597308,0.927506,0.599036,2137.3,0.001000
124700,1.046155,0.522584,1.045941,0.522484,2139.1,0.001000
124800,0.852489,0.667588,0.854758,0.665400,2140.8,0.001000
124900,1.055589,0.482552,1.056957,0.481584,2142.5,0.001000
125000,0.958017,0.579000,0.958790,0.576248,2144.2,0.001000
125100,0.972896,0.588820,0.973943,0.586952,2145.9,0.001000
125200,0.884325,0.662228,0.885224,0.661272,2147.7,0.001000
125300,0.874491,0.666892,0.875908,0.666040,2149.4,0.001000
125400,0.900738,0.627580,0.903015,0.625668,2151.1,0.001000
125500,1.049837,0.486144,1.051507,0.485056,2152.8,0.001000
125600,0.933458,0.574736,0.933418,0.574888,2154.5,0.001000
125700,1.075470,0.497084,1.075447,0.497844,2156.2,0.001000
125800,0.896208,0.636628,0.896843,0.636720,2158.0,0.001000
125900,0.821396,0.703524,0.821989,0.703908,2159.7,0.001000
126000,0.877049,0.655116,0.877624,0.654872,2161.4,0.001000
126100,1.290632,0.392404,1.291594,0.389916,2163.1,0.001000
126200,1.154561,0.451932,1.155743,0.452436,2164.8,0.001000
126300,0.974275,0.576628,0.975656,0.575336,2166.6,0.001000
126400,0.986013,0.547892,0.986754,0.548176,2168.3,0.001000
126500,1.185547,0.465832,1.186933,0.464032,2170.0,0.001000
126600,0.894797,0.624184,0.895787,0.624404,2171.7,0.001000
126700,0.861099,0.667552,0.862495,0.666628,2173.4,0.001000
126800,0.869718,0.652436,0.871327,0.649648,2175.2,0.001000
126900,1.054315,0.541960,1.056076,0.541304,2176.9,0.001000
127000,0.846892,0.653796,0.846849,0.654276,2178.6,0.001000
127100,0.900357,0.603460,0.902620,0.601464,2180.3,0.001000
127200,0.921841,0.642676,0.923769,0.640528,2182.1,0.001000
127300,1.059104,0.511672,1.060307,0.511204,2183.7,0.001000
127400,1.051510,0.534816,1.050359,0.533428,2185.4,0.001000
127500,1.048285,0.521644,1.049339,0.521168,2187.1,0.001000
127600,0.933235,0.630424,0.936644,0.628056,2188.8,0.001000
127700,1.087708,0.499832,1.085415,0.498760,2190.6,0.001000
127800,1.051146,0.533264,1.052961,0.532472,2192.3,0.001000
127900,1.045395,0.551124,1.046770,0.549092,2193.9,0.001000
128000,1.166819,0.446744,1.169212,0.444412,2195.6,0.001000
128100,0.904361,0.624668,0.903649,0.623844,2197.3,0.001000
128200,0.837414,0.695592,0.838799,0.695816,2199.1,0.001000
128300,0.829187,0.704840,0.830519,0.702688,2200.8,0.001000
128400,0.913305,0.631388,0.914061,0.630180,2202.5,0.001000
128500,0.920790,0.613404,0.921804,0.612524,2204.2,0.001000
128600,1.349631,0.404728,1.349637,0.402996,2205.9,0.001000
128700,0.984950,0.568684,0.986257,0.566288,2207.5,0.001000
128800,0.860779,0.680572,0.861891,0.677316,2209.2,0.001000
128900,1.498761,0.351480,1.493613,0.351028,2210.9,0.001000
129000,0.925306,0.590264,0.925403,0.589952,2212.6,0.001000
129100,0.830874,0.717708,0.833098,0.714872,2214.3,0.001000
129200,0.865662,0.664620,0.868423,0.660284,2216.1,0.001000
129300,0.811015,0.707136,0.812739,0.703260,2217.8,0.001000
129400,1.612969,0.337504,1.609139,0.339360,2219.6,0.001000
129500,1.279797,0.422132,1.281798,0.423704,2221.3,0.001000
129600,1.021933,0.551276,1.022762,0.549408,2222.9,0.001000
129700,1.618844,0.271508,1.620690,0.272028,2224.7,0.001000
129800,1.194210,0.481624,1.196318,0.479632,2226.4,0.001000
129900,1.211596,0.470876,1.213974,0.471192,2228.1,0.001000
130000,0.924949,0.625456,0.925492,0.625084,2229.8,0.001000
130100,1.213950,0.406708,1.214420,0.406948,2231.5,0.001000
130200,0.959588,0.603904,0.958851,0.604328,2233.2,0.001000
130300,0.843219,0.678372,0.843467,0.679760,2234.9,0.001000
130400,1.097244,0.517720,1.098342,0.518408,2236.5,0.001000
130500,1.117755,0.498048,1.120363,0.496680,2238.2,0.001000
130600,0.980147,0.575108,0.979763,0.575024,2239.9,0.001000
130700,0.984773,0.605380,0.987629,0.601896,2241.6,0.001000
130800,0.910729,0.611984,0.911085,0.611308,2243.3,0.001000
130900,0.937318,0.583856,0.938495,0.583792,2245.1,0.001000
131000,0.866751,0.645324,0.867165,0.644480,2246.8,0.001000
131100,1.040832,0.535048,1.043765,0.534712,2248.4,0.001000
131200,1.169162,0.447136,1.170792,0.446220,2250.2,0.001000
131300,1.023316,0.502272,1.024850,0.499468,2251.9,0.001000
131400,1.057592,0.535544,1.060456,0.532408,2253.6,0.001000
131500,0.894175,0.640596,0.893565,0.641568,2255.3,0.001000
131600,0.982936,0.579248,0.981947,0.579072,2257.0,0.001000
131700,0.966339,0.605104,0.964941,0.608468,2258.7,0.001000
131800,1.026751,0.533588,1.028517,0.533052,2260.4,0.001000
131900,1.407868,0.409752,1.405665,0.409508,2262.1,0.001000
132000,1.146746,0.444188,1.145944,0.443988,2263.8,0.001000
132100,1.137722,0.484056,1.136900,0.482492,2265.5,0.001000
132200,0.932799,0.621772,0.934812,0.620944,2267.3,0.001000
132300,0.995957,0.564124,0.995224,0.565384,2269.0,0.001000
132400,1.010902,0.563932,1.011573,0.563436,2270.7,0.001000
132500,1.211730,0.454424,1.212155,0.452712,2272.4,0.001000
132600,0.838026,0.665712,0.838091,0.666264,2274.1,0.001000
132700,1.192658,0.469384,1.195395,0.466176,2275.8,0.001000
132800,1.050352,0.545104,1.051276,0.545572,2277.6,0.001000
132900,0.796067,0.731260,0.796778,0.729980,2279.4,0.001000
133000,0.900913,0.602924,0.900948,0.603272,2281.1,0.001000
133100,1.592772,0.352080,1.592585,0.349448,2282.8,0.001000
133200,0.938169,0.608612,0.938745,0.607560,2284.5,0.001000
133300,1.105839,0.513364,1.109765,0.512064,2286.2,0.001000
133400,0.914549,0.618528,0.915164,0.618524,2287.9,0.001000
133500,1.070640,0.541780,1.072180,0.541112,2289.6,0.001000
133600,0.929752,0.627212,0.927067,0.629236,2291.4,0.001000
133700,1.001117,0.549820,0.998909,0.551252,2293.1,0.001000
133800,0.883551,0.631768,0.885053,0.630752,2294.8,0.001000
133900,1.435292,0.356400,1.435746,0.358740,2296.5,0.001000
134000,1.000114,0.546032,0.999436,0.545164,2298.1,0.001000
134100,1.047958,0.515712,1.050085,0.515428,2299.8,0.001000
134200,0.758681,0.771852,0.758443,0.774412,2301.5,0.001000
134300,0.866406,0.655224,0.867570,0.653436,2303.3,0.001000
134400,1.297819,0.344532,1.299403,0.344348,2305.0,0.001000
134500,0.852644,0.680804,0.853622,0.679116,2306.7,0.001000
134600,0.930477,0.609296,0.930602,0.609216,2308.4,0.001000
134700,0.978297,0.562244,0.980624,0.562100,2310.2,0.001000
134800,0.986264,0.528836,0.986326,0.529376,2311.9,0.001000
134900,0.995441,0.588476,0.994159,0.588224,2313.6,0.001000
135000,1.555098,0.357528,1.554239,0.356904,2315.4,0.001000
135100,0.756575,0.803168,0.757917,0.801796,2317.1,0.001000
135200,1.203333,0.471264,1.201714,0.471104,2318.8,0.001000
135300,0.795590,0.733576,0.795291,0.733920,2320.5,0.001000
135400,1.240862,0.465184,1.239983,0.465084,2322.2,0.001000
135500,0.828759,0.696744,0.830312,0.695852,2324.0,0.001000
135600,1.350330,0.415828,1.349287,0.415088,2325.7,0.001000
135700,0.882032,0.631976,0.881632,0.632908,2327.4,0.001000
135800,0.916834,0.600456,0.917296,0.598452,2329.1,0.001000
135900,0.924074,0.626648,0.923875,0.626392,2330.8,0.001000
136000,1.314909,0.422360,1.317183,0.421348,2332.5,0.001000
136100,0.860517,0.652596,0.862085,0.650868,2334.3,0.001000
136200,0.860461,0.663948,0.860341,0.664088,2335.9,0.001000
136300,0.977710,0.566672,0.979732,0.566384,2337.7,0.001000
136400,0.822854,0.702616,0.822500,0.700852,2339.4,0.001000
136500,0.942942,0.573776,0.943622,0.571904,2341.1,0.001000
136600,1.604728,0.274684,1.609337,0.273496,2342.8,0.001000
136700,0.904943,0.631104,0.905731,0.630544,2344.5,0.001000
136800,1.032660,0.460364,1.034077,0.458840,2346.2,0.001000
136900,1.023578,0.528204,1.024978,0.526784,2348.0,0.001000
137000,0.898867,0.651196,0.899575,0.650548,2349.7,0.001000
137100,1.044434,0.508724,1.045911,0.510028,2351.4,0.001000
137200,0.934469,0.579008,0.937295,0.574760,2353.1,0.001000
137300,1.208607,0.495184,1.207706,0.493012,2354.8,0.001000
137400,1.221228,0.452608,1.222009,0.452064,2356.6,0.001000
137500,1.324020,0.416916,1.325424,0.417892,2358.3,0.001000
137600,1.122675,0.507296,1.124598,0.504620,2360.0,0.001000
137700,1.161495,0.475380,1.161320,0.476172,2361.7,0.001000
137800,1.080329,0.511608,1.079114,0.510940,2363.4,0.001000
137900,0.750970,0.797940,0.751896,0.797720,2365.1,0.001000
138000,1.217193,0.454556,1.217142,0.454540,2366.8,0.001000
138100,0.884158,0.658768,0.884344,0.657332,2368.5,0.001000
138200,0.897766,0.644672,0.899251,0.642968,2370.2,0.001000
138300,0.838248,0.658760,0.837772,0.660268,2371.9,0.001000
138400,0.960995,0.567572,0.962743,0.564528,2373.7,0.001000
138500,1.061852,0.510168,1.063054,0.510524,2375.4,0.001000
138600,1.111809,0.496632,1.112603,0.493868,2377.1,0.001000
138700,1.096076,0.539676,1.097002,0.540948,2378.9,0.001000
138800,0.948608,0.585272,0.950572,0.583868,2380.6,0.001000
138900,0.889113,0.609236,0.889578,0.609392,2382.3,0.001000
139000,0.742577,0.788628,0.743415,0.789744,2384.0,0.001000
139100,1.529009,0.355840,1.530281,0.356472,2385.7,0.001000
139200,0.877378,0.639340,0.877955,0.638868,2387.4,0.001000
139300,0.893731,0.640232,0.894891,0.638108,2389.1,0.001000
139400,0.896216,0.619728,0.897696,0.618576,2390.8,0.001000
139500,0.935053,0.621984,0.933658,0.624664,2392.5,0.001000
139600,1.054121,0.453956,1.052384,0.455592,2394.2,0.001000
139700,0.971389,0.551216,0.969924,0.552956,2395.8,0.001000
139800,0.889331,0.653296,0.889399,0.653460,2397.7,0.001000
139900,1.297468,0.408620,1.298436,0.407932,2399.4,0.001000
140000,0.963655,0.655032,0.963633,0.655036,2401.1,0.001000
140100,0.999519,0.567532,0.999033,0.568824,2402.8,0.001000
140200,0.855324,0.661724,0.857358,0.660676,2404.5,0.001000
140300,0.963869,0.563284,0.964264,0.562560,2406.2,0.001000
140400,0.985533,0.568152,0.986506,0.568452,2407.9,0.001000
140500,1.023281,0.513056,1.025285,0.510816,2409.6,0.001000
140600,0.982456,0.572544,0.982059,0.570468,2411.3,0.001000
140700,0.792000,0.693784,0.791324,0.693420,2413.0,0.001000
140800,0.838141,0.671444,0.840572,0.669248,2414.7,0.001000
140900,1.325923,0.458496,1.327888,0.456416,2416.4,0.001000
141000,0.893722,0.612128,0.895233,0.608700,2418.1,0.001000
141100,0.907536,0.618608,0.908359,0.619832,2419.8,0.001000
141200,0.933486,0.615908,0.934854,0.615564,2421.5,0.001000
141300,0.889790,0.610220,0.888377,0.611568,2423.2,0.001000
141400,1.188826,0.456748,1.191161,0.454628,2424.9,0.001000
141500,1.108757,0.517868,1.108539,0.519732,2426.6,0.001000
141600,1.647021,0.305192,1.645515,0.307468,2428.3,0.001000
141700,0.982345,0.568176,0.981359,0.569480,2430.1,0.001000
141800,1.301284,0.371768,1.306363,0.369704,2431.8,0.001000
141900,1.202573,0.448312,1.202196,0.448932,2433.5,0.001000
142000,0.973784,0.550956,0.971048,0.552480,2435.2,0.001000
142100,0.970898,0.579648,0.971806,0.579268,2436.9,0.001000
142200,1.005074,0.496872,1.006351,0.495404,2438.6,0.001000
142300,1.082270,0.479868,1.082857,0.480992,2440.4,0.001000
142400,0.944874,0.611600,0.945615,0.612144,2442.1,0.001000
142500,0.989309,0.560304,0.992603,0.556476,2443.9,0.001000
142600,1.069947,0.534376,1.071107,0.535580,2445.6,0.001000
142700,0.984353,0.581204,0.988090,0.579068,2447.3,0.001000
142800,1.566694,0.349400,1.562213,0.350440,2449.0,0.001000
142900,0.923423,0.598184,0.924132,0.596976,2450.7,0.001000
143000,0.972627,0.575716,0.973622,0.576092,2452.4,0.001000
143100,0.783806,0.741680,0.784022,0.740612,2454.1,0.001000
143200,0.758193,0.776828,0.759703,0.775460,2455.8,0.001000
143300,1.042413,0.550596,1.042951,0.549332,2457.6,0.001000
143400,0.878446,0.633596,0.880921,0.631828,2459.3,0.001000
143500,1.082582,0.541276,1.081774,0.542216,2461.0,0.001000
143600,0.824219,0.709600,0.825418,0.708080,2462.7,0.001000
143700,0.962426,0.599396,0.963041,0.599784,2464.4,0.001000
143800,1.053975,0.528452,1.055793,0.527612,2466.2,0.001000
143900,1.336279,0.412192,1.337366,0.411532,2467.9,0.001000
144000,0.948860,0.598764,0.950060,0.597796,2469.6,0.001000
144100,1.193464,0.485196,1.196039,0.482396,2471.3,0.001000
144200,1.305524,0.427804,1.303393,0.427796,2473.0,0.001000
144300,1.394196,0.381412,1.394977,0.381664,2474.7,0.001000
144400,1.102696,0.533988,1.101447,0.534460,2476.4,0.001000
144500,0.877488,0.637620,0.877860,0.637644,2478.1,0.001000
144600,1.086709,0.515604,1.089789,0.514120,2479.8,0.001000
144700,0.892592,0.614028,0.892135,0.615604,2481.6,0.001000
144800,0.956440,0.599988,0.954969,0.601160,2483.3,0.001000
144900,0.742412,0.785756,0.742946,0.785444,2485.0,0.001000
145000,1.262931,0.436988,1.264634,0.439672,2486.6,0.001000
145100,0.768465,0.756580,0.769335,0.754108,2488.3,0.001000
145200,0.840000,0.664340,0.838701,0.665984,2490.0,0.001000
145300,1.220128,0.460576,1.219690,0.459612,2491.7,0.001000
145400,0.903602,0.575868,0.903733,0.576112,2493.4,0.001000
145500,0.960145,0.571260,0.959834,0.572636,2495.1,0.001000
145600,1.076612,0.484264,1.077677,0.483200,2496.9,0.001000
145700,0.901727,0.620500,0.901340,0.621140,2498.6,0.001000
145800,0.988760,0.570028,0.990455,0.567768,2500.4,0.001000
145900,1.067536,0.544368,1.067855,0.544400,2502.2,0.001000
146000,0.857782,0.668532,0.858573,0.666620,2503.9,0.001000
146100,1.199396,0.473044,1.200562,0.472352,2505.6,0.001000
146200,1.353424,0.413204,1.355571,0.411832,2507.3,0.001000
146300,0.837378,0.694008,0.838787,0.693100,2509.1,0.001000
146400,0.792167,0.760264,0.792825,0.758428,2510.8,0.001000
146500,1.014208,0.553800,1.012517,0.556056,2512.5,0.001000
146600,0.959256,0.602392,0.960614,0.602404,2514.2,0.001000
146700,1.093685,0.501356,1.094186,0.500508,2516.0,0.001000
146800,0.850458,0.700484,0.851449,0.699028,2517.7,0.001000
146900,1.193973,0.415576,1.193709,0.415816,2519.3,0.001000
147000,0.902303,0.647708,0.904826,0.644240,2521.1,0.001000
147100,1.099880,0.510440,1.100849,0.510756,2522.7,0.001000
147200,1.525547,0.385280,1.527730,0.385980,2524.4,0.001000
147300,0.756546,0.775968,0.757715,0.774792,2526.2,0.001000
147400,1.121658,0.498096,1.119357,0.499256,2527.9,0.001000
147500,0.930928,0.594092,0.931588,0.594560,2529.6,0.001000
147600,1.582454,0.378584,1.582039,0.378256,2531.3,0.001000
147700,0.955334,0.576812,0.957742,0.575704,2533.0,0.001000
147800,1.302394,0.422668,1.302778,0.422084,2534.7,0.001000
147900,0.974560,0.568916,0.974402,0.570912,2536.4,0.001000
148000,0.976035,0.594012,0.975893,0.594484,2538.1,0.001000
148100,1.139867,0.486488,1.139927,0.488020,2539.9,0.001000
148200,1.496681,0.337216,1.495304,0.338508,2541.6,0.001000
148300,0.944945,0.596248,0.945303,0.596484,2543.3,0.001000
148400,1.209442,0.480832,1.208179,0.480300,2544.9,0.001000
148500,0.941265,0.601676,0.941908,0.602048,2546.6,0.001000
148600,0.753655,0.776412,0.752992,0.777252,2548.4,0.001000
148700,1.208201,0.500360,1.208722,0.500432,2550.1,0.001000
148800,0.772208,0.754336,0.772166,0.753768,2551.8,0.001000
148900,1.013278,0.548600,1.016464,0.544600,2553.5,0.001000
149000,1.001231,0.555556,1.003330,0.554240,2555.2,0.001000
149100,1.007469,0.562792,1.008384,0.562192,2556.9,0.001000
149200,0.849022,0.664088,0.850405,0.662940,2558.6,0.001000
149300,1.038277,0.526472,1.038058,0.527160,2560.3,0.001000
149400,0.875583,0.637416,0.874636,0.638444,2562.0,0.001000
149500,0.943313,0.602788,0.945448,0.601796,2563.8,0.001000
149600,0.865210,0.633588,0.863847,0.636848,2565.5,0.001000
149700,1.021177,0.540436,1.021942,0.541308,2567.2,0.001000
149800,0.919593,0.606344,0.920267,0.606088,2568.9,0.001000
149900,1.071185,0.506608,1.075071,0.501860,2570.6,0.001000
150000,0.945260,0.592980,0.945934,0.593032,2572.3,0.001000
150100,1.018825,0.536752,1.018306,0.536796,2574.1,0.001000
150200,1.148133,0.507744,1.148620,0.507156,2575.8,0.001000
150300,0.886819,0.638756,0.887994,0.637732,2577.5,0.001000
150400,1.261779,0.459088,1.259434,0.460192,2579.2,0.001000
150500,1.773776,0.233972,1.775191,0.231288,2581.0,0.001000
150600,0.922472,0.601952,0.924245,0.600580,2582.7,0.001000
150700,1.237711,0.453308,1.240009,0.451188,2584.4,0.001000
150800,0.786450,0.729480,0.787963,0.728192,2586.1,0.001000
150900,1.002003,0.544532,1.003821,0.543144,2587.9,0.001000
151000,0.879714,0.625420,0.880598,0.623068,2589.6,0.001000
151100,1.397040,0.386680,1.398166,0.384740,2591.3,0.001000
151200,1.014937,0.547956,1.016698,0.547080,2593.0,0.001000
151300,1.026266,0.489540,1.026141,0.491232,2594.7,0.001000
151400,1.075392,0.493016,1.075362,0.492636,2596.4,0.001000
151500,1.056440,0.552944,1.056483,0.552272,2598.1,0.001000
151600,0.764618,0.778020,0.765721,0.776232,2599.8,0.001000
151700,1.206540,0.485140,1.207173,0.485012,2601.5,0.001000
151800,1.089501,0.534532,1.092160,0.531260,2603.2,0.001000
151900,0.944645,0.550064,0.944922,0.550620,2605.0,0.001000
152000,0.987344,0.537964,0.987918,0.537620,2606.7,0.001000
152100,1.239479,0.416276,1.242600,0.414696,2608.4,0.001000
152200,1.092821,0.496288,1.094666,0.494756,2610.1,0.001000
152300,1.107952,0.500700,1.109040,0.500240,2611.8,0.001000
152400,1.360582,0.413164,1.359460,0.410416,2613.5,0.001000
152500,1.074908,0.508268,1.075687,0.506620,2615.2,0.001000
152600,0.793649,0.742784,0.794810,0.741524,2616.9,0.001000
152700,1.387481,0.391776,1.384355,0.394524,2618.6,0.001000
152800,1.022828,0.533148,1.023086,0.533648,2620.3,0.001000
152900,1.019700,0.522116,1.019288,0.523100,2622.0,0.001000
153000,1.055128,0.489924,1.055048,0.491344,2623.7,0.001000
153100,0.897337,0.619148,0.895545,0.620388,2625.4,0.001000
153200,0.815891,0.702664,0.817674,0.699900,2627.1,0.001000
153300,1.192849,0.494196,1.189717,0.494796,2628.8,0.001000
153400,1.547119,0.355500,1.545200,0.356996,2630.5,0.001000
153500,1.031107,0.548044,1.032760,0.547624,2632.2,0.001000
153600,0.773716,0.742628,0.773666,0.743220,2633.9,0.001000
153700,1.222096,0.441360,1.222122,0.440532,2635.6,0.001000
153800,1.048715,0.528972,1.048578,0.529248,2637.4,0.001000
153900,0.882051,0.611772,0.881969,0.610012,2639.1,0.001000
154000,1.025471,0.522000,1.026106,0.520192,2640.8,0.001000
154100,0.956558,0.606388,0.955473,0.606100,2642.6,0.001000
154200,1.352602,0.437880,1.350131,0.438172,2644.3,0.001000
154300,0.976357,0.537848,0.975477,0.537652,2646.0,0.001000
154400,0.899602,0.658112,0.901350,0.657424,2647.8,0.001000
154500,1.209282,0.439792,1.209089,0.439168,2649.5,0.001000
154600,1.057394,0.513636,1.058081,0.511064,2651.2,0.001000
154700,0.855579,0.686060,0.857656,0.683800,2652.9,0.001000
154800,0.881173,0.647428,0.881164,0.648016,2654.6,0.001000
154900,1.023539,0.545216,1.024411,0.547688,2656.3,0.001000
155000,0.973068,0.532808,0.975285,0.529656,2658.0,0.001000
155100,1.071980,0.455288,1.070799,0.455720,2659.7,0.001000
155200,1.003942,0.542424,1.005421,0.541404,2661.4,0.001000
155300,1.126809,0.480808,1.124688,0.480932,2663.1,0.001000
155400,0.783414,0.741492,0.783952,0.739588,2664.8,0.001000
155500,1.075001,0.549912,1.079406,0.545168,2666.5,0.001000
155600,0.913797,0.600828,0.913966,0.601064,2668.2,0.001000
155700,0.744511,0.772596,0.745158,0.771652,2669.9,0.001000
155800,1.045541,0.522952,1.049700,0.519244,2671.6,0.001000
155900,1.062252,0.480604,1.062903,0.478736,2673.3,0.001000
156000,0.865668,0.668896,0.867251,0.666948,2675.0,0.001000
156100,1.108828,0.494444,1.111264,0.492908,2676.7,0.001000
156200,1.076765,0.497620,1.077350,0.497164,2678.4,0.001000
156300,0.886579,0.657572,0.886121,0.658660,2680.1,0.001000
156400,0.918150,0.631292,0.917320,0.632540,2681.8,0.001000
156500,0.915428,0.604620,0.914957,0.604556,2683.5,0.001000
156600,0.828304,0.681192,0.828776,0.680608,2685.2,0.001000
156700,1.400787,0.389864,1.399780,0.390440,2686.9,0.001000
156800,1.041572,0.527204,1.040198,0.527812,2688.6,0.001000
156900,0.906820,0.626484,0.907282,0.626160,2690.3,0.001000
157000,0.958379,0.602608,0.958959,0.603108,2692.0,0.001000
157100,1.318634,0.401748,1.323698,0.399488,2693.7,0.001000
157200,0.924248,0.613932,0.923237,0.612944,2695.4,0.001000
157300,1.981934,0.260892,1.989033,0.261288,2697.1,0.001000
157400,0.983634,0.506288,0.984258,0.506588,2698.8,0.001000
157500,0.854774,0.665668,0.856754,0.664444,2700.5,0.001000
157600,1.484634,0.393348,1.480562,0.395016,2702.3,0.001000
157700,0.869713,0.652324,0.868040,0.652492,2704.0,0.001000
157800,0.962467,0.579240,0.962078,0.579124,2705.8,0.001000
157900,1.197500,0.457836,1.196290,0.460416,2707.5,0.001000
158000,0.873954,0.651788,0.874268,0.652028,2709.3,0.001000
158100,1.083271,0.523920,1.083686,0.524008,2711.0,0.001000
158200,1.038033,0.537216,1.037487,0.537376,2712.7,0.001000
158300,0.936598,0.597096,0.937263,0.595680,2714.4,0.001000
158400,0.745817,0.793288,0.746403,0.792276,2716.1,0.001000
158500,0.978360,0.572624,0.978873,0.570076,2717.8,0.001000
158600,1.056950,0.537084,1.056101,0.535724,2719.5,0.001000
158700,0.870377,0.627612,0.872457,0.624808,2721.3,0.001000
158800,0.785013,0.748084,0.786937,0.745664,2723.0,0.001000
158900,0.877988,0.651244,0.879878,0.649008,2724.7,0.001000
159000,0.958444,0.595412,0.960077,0.594212,2726.4,0.001000
159100,0.963087,0.595624,0.963705,0.594288,2728.1,0.001000
159200,1.056642,0.523248,1.056051,0.524772,2729.7,0.001000
159300,0.957285,0.595636,0.958246,0.595776,2731.5,0.001000
159400,1.204141,0.472796,1.203448,0.473348,2733.2,0.001000
159500,0.984282,0.572260,0.986919,0.570280,2734.9,0.001000
159600,0.898694,0.649716,0.898837,0.648588,2736.6,0.001000
159700,0.965166,0.574604,0.966104,0.574428,2738.3,0.001000
159800,1.208109,0.451988,1.210715,0.450432,2740.0,0.001000
159900,0.938934,0.607020,0.941125,0.606308,2741.7,0.001000
160000,1.132368,0.500248,1.130541,0.499568,2743.4,0.001000
160100,1.171402,0.497744,1.170828,0.497928,2745.1,0.001000
160200,1.000809,0.514112,1.002286,0.512376,2746.8,0.001000
160300,1.502187,0.351324,1.506366,0.349972,2748.5,0.001000
160400,0.852234,0.688464,0.854060,0.686984,2750.2,0.001000
160500,0.817997,0.726332,0.818840,0.725344,2751.9,0.001000
160600,0.918706,0.598508,0.919197,0.599064,2753.6,0.001000
160700,1.174690,0.492276,1.172567,0.491780,2755.3,0.001000
160800,1.325145,0.434096,1.323506,0.434788,2757.0,0.001000
160900,1.233712,0.455096,1.233923,0.455816,2758.7,0.001000
161000,0.876377,0.640384,0.877894,0.638628,2760.4,0.001000
161100,1.409798,0.429724,1.410060,0.429876,2762.1,0.001000
161200,0.849518,0.665368,0.849949,0.665264,2763.8,0.001000
161300,0.854261,0.664852,0.853358,0.667020,2765.6,0.001000
161400,0.851647,0.636588,0.852666,0.636788,2767.3,0.001000
161500,0.878861,0.633052,0.879705,0.631544,2769.0,0.001000
161600,0.814160,0.702952,0.812496,0.706032,2770.7,0.001000
161700,0.831909,0.709404,0.831853,0.708612,2772.4,0.001000
161800,1.110413,0.501416,1.112181,0.500908,2774.1,0.001000
161900,0.884253,0.639752,0.885291,0.639124,2775.8,0.001000
162000,0.890830,0.612796,0.890509,0.613964,2777.5,0.001000
162100,0.877492,0.648028,0.877087,0.647116,2779.2,0.001000
162200,0.963623,0.573696,0.964312,0.572888,2780.9,0.001000
162300,1.052884,0.520580,1.053055,0.519680,2782.6,0.001000
162400,1.332185,0.423408,1.331122,0.421680,2784.4,0.001000
162500,1.005242,0.541364,1.007223,0.538824,2786.1,0.001000
162600,0.975612,0.605740,0.976021,0.605388,2787.9,0.001000
162700,0.852790,0.669872,0.853262,0.669260,2789.6,0.001000
162800,0.963246,0.595256,0.965348,0.593888,2791.3,0.001000
162900,0.929178,0.581796,0.928524,0.582696,2793.0,0.001000
163000,1.236079,0.467044,1.237516,0.464736,2794.7,0.001000
163100,1.161205,0.496364,1.158105,0.497176,2796.4,0.001000
163200,1.291087,0.415348,1.293155,0.416764,2798.1,0.001000
163300,1.134223,0.494224,1.135909,0.494088,2799.8,0.001000
163400,0.995255,0.508220,0.996582,0.508120,2801.5,0.001000
163500,0.980457,0.559136,0.982073,0.557496,2803.2,0.001000
163600,1.474469,0.441220,1.474427,0.442428,2805.0,0.001000
163700,0.926225,0.588124,0.926408,0.587648,2806.7,0.001000
163800,1.090361,0.547124,1.091084,0.546080,2808.4,0.001000
163900,0.793924,0.707620,0.794487,0.705860,2810.1,0.001000
164000,1.167101,0.495060,1.168397,0.494560,2811.9,0.001000
164100,0.864129,0.665684,0.864523,0.664740,2813.9,0.001000
164200,1.012314,0.547184,1.011601,0.548604,2815.8,0.001000
164300,0.910664,0.635520,0.909976,0.637772,2817.7,0.001000
164400,0.799738,0.711660,0.799781,0.712604,2819.4,0.001000
164500,0.890284,0.611108,0.891541,0.610684,2821.2,0.001000
164600,1.336772,0.467040,1.336023,0.467364,2822.9,0.001000
164700,0.815625,0.702248,0.815815,0.701676,2824.6,0.001000
164800,0.985684,0.559192,0.987525,0.558300,2826.3,0.001000
164900,0.855391,0.615120,0.855311,0.613900,2828.1,0.001000
165000,1.095920,0.503844,1.096116,0.503192,2829.8,0.001000
165100,0.882594,0.656504,0.884330,0.654344,2831.6,0.001000
165200,0.778747,0.744044,0.779963,0.742488,2833.2,0.001000
165300,1.044910,0.532580,1.043898,0.533448,2835.0,0.001000
165400,0.778591,0.746500,0.780077,0.743820,2836.7,0.001000
165500,0.981688,0.559120,0.984448,0.557452,2838.4,0.001000
165600,0.910125,0.606060,0.911742,0.605668,2840.1,0.001000
165700,1.063325,0.527532,1.060814,0.527564,2841.8,0.001000
165800,1.327188,0.471008,1.331175,0.470160,2843.6,0.001000
165900,0.999443,0.560932,1.001226,0.559392,2845.3,0.001000
166000,0.842646,0.677572,0.843387,0.676372,2847.0,0.001000
166100,1.578468,0.339672,1.579152,0.340088,2848.7,0.001000
166200,0.939677,0.599240,0.940195,0.598916,2850.4,0.001000
166300,0.855247,0.684932,0.854588,0.685336,2852.1,0.001000
166400,0.850451,0.674164,0.850116,0.673352,2853.9,0.001000
166500,1.015242,0.562052,1.014457,0.562336,2855.6,0.001000
166600,0.875431,0.665288,0.875821,0.665400,2857.3,0.001000
166700,1.206588,0.432972,1.207842,0.433504,2859.0,0.001000
166800,1.390180,0.417648,1.391032,0.416028,2860.8,0.001000
166900,0.931391,0.598816,0.928590,0.601800,2862.5,0.001000
167000,0.952959,0.544060,0.952390,0.543460,2864.2,0.001000
167100,1.062160,0.540852,1.062188,0.540752,2866.0,0.001000
167200,0.925104,0.589904,0.926664,0.588104,2867.7,0.001000
167300,0.919822,0.621200,0.920724,0.619472,2869.4,0.001000
167400,0.914573,0.619220,0.916502,0.617836,2871.1,0.001000
167500,0.824505,0.689308,0.824141,0.690936,2872.8,0.001000
167600,0.952426,0.574724,0.954225,0.571508,2874.5,0.001000
167700,1.828462,0.336064,1.829621,0.335028,2876.2,0.001000
167800,0.823966,0.703124,0.824686,0.701904,2877.9,0.001000
167900,1.312256,0.422624,1.313506,0.421864,2879.6,0.001000
168000,0.936960,0.608052,0.938780,0.607148,2881.5,0.001000
168100,0.805651,0.706500,0.806476,0.704988,2883.2,0.001000
168200,1.020949,0.559740,1.021991,0.557256,2884.9,0.001000
168300,1.860464,0.352636,1.854321,0.354380,2886.6,0.001000
168400,1.146804,0.438668,1.145983,0.438368,2888.3,0.001000
168500,1.114527,0.500596,1.117135,0.498108,2890.0,0.001000
168600,0.914794,0.614480,0.914940,0.614496,2891.8,0.001000
168700,1.377387,0.409900,1.374349,0.410824,2893.5,0.001000
168800,1.128522,0.489380,1.129527,0.489124,2895.2,0.001000
168900,0.898546,0.599872,0.897992,0.599488,2896.9,0.001000
169000,0.882280,0.640388,0.880586,0.642588,2898.6,0.001000
169100,0.886894,0.619772,0.886759,0.620156,2900.3,0.001000
169200,0.887095,0.653772,0.888459,0.652696,2902.1,0.001000
169300,0.794409,0.720516,0.794178,0.720204,2903.9,0.001000
169400,1.067799,0.533552,1.067867,0.532404,2905.6,0.001000
169500,0.856955,0.667468,0.858561,0.666660,2907.3,0.001000
169600,1.093150,0.533348,1.092322,0.533444,2909.1,0.001000
169700,0.844469,0.670164,0.845520,0.668144,2910.8,0.001000
169800,1.002113,0.545024,1.002223,0.543688,2912.5,0.001000
169900,1.011072,0.550032,1.014908,0.546992,2914.2,0.001000
170000,0.866245,0.642652,0.867400,0.641144,2915.9,0.001000
170100,1.029398,0.545608,1.030396,0.546088,2917.6,0.001000
170200,0.913113,0.611956,0.913376,0.611632,2919.3,0.001000
170300,0.905644,0.600924,0.906996,0.601148,2921.0,0.001000
170400,0.759186,0.757456,0.760244,0.756172,2922.8,0.001000
170500,0.902254,0.616180,0.904043,0.614620,2924.5,0.001000
170600,0.991141,0.555336,0.989742,0.556008,2926.2,0.001000
170700,0.926828,0.590632,0.927424,0.588716,2927.9,0.001000
170800,1.207258,0.445116,1.204666,0.446020,2929.6,0.001000
170900,1.065288,0.509708,1.066981,0.508720,2931.3,0.001000
171000,1.152752,0.478216,1.152463,0.477676,2933.1,0.001000
171100,0.986060,0.532784,0.987567,0.534088,2934.8,0.001000
171200,0.823191,0.674776,0.822465,0.677244,2936.5,0.001000
171300,1.043287,0.553732,1.044036,0.552304,2938.2,0.001000
171400,0.869716,0.640824,0.872573,0.638140,2939.9,0.001000
171500,0.988426,0.560744,0.988707,0.562204,2941.6,0.001000
171600,0.912172,0.609176,0.913036,0.608564,2943.4,0.001000
171700,0.991819,0.560192,0.992689,0.560180,2945.1,0.001000
171800,0.875377,0.656988,0.875914,0.656284,2946.8,0.001000
171900,1.750785,0.352992,1.746300,0.352484,2948.5,0.001000
172000,1.057271,0.524364,1.059179,0.522692,2950.3,0.001000
172100,0.840216,0.676636,0.840048,0.676684,2952.1,0.001000
172200,0.825758,0.711920,0.828648,0.708828,2953.8,0.001000
172300,0.981274,0.577424,0.984870,0.574496,2955.5,0.001000
172400,0.985196,0.551300,0.985783,0.550280,2957.2,0.001000
172500,1.131233,0.527880,1.130086,0.530344,2958.9,0.001000
172600,0.816774,0.716400,0.817659,0.714744,2960.6,0.001000
172700,1.055840,0.543760,1.056324,0.544448,2962.4,0.001000
172800,0.825839,0.693524,0.826153,0.694684,2964.1,0.001000
172900,1.036430,0.524132,1.037339,0.521856,2965.8,0.001000
173000,0.873846,0.676576,0.874830,0.673904,2967.5,0.001000
173100,1.234801,0.443936,1.235707,0.443568,2969.2,0.001000
173200,0.916235,0.619648,0.915854,0.621048,2971.0,0.001000
173300,0.902366,0.601276,0.901577,0.601780,2972.7,0.001000
173400,1.063493,0.536996,1.065194,0.537088,2974.4,0.001000
173500,1.307072,0.397600,1.306631,0.398176,2976.2,0.001000
173600,0.923707,0.605212,0.923254,0.602452,2977.8,0.001000
173700,0.950186,0.591768,0.950449,0.590020,2979.6,0.001000
173800,0.741012,0.786324,0.741969,0.785328,2981.3,0.001000
173900,1.339651,0.425004,1.342369,0.423328,2982.9,0.001000
174000,0.945711,0.557912,0.945967,0.558152,2984.6,0.001000
174100,0.991655,0.575928,0.994436,0.573452,2986.3,0.001000
174200,1.147280,0.481176,1.146199,0.480824,2988.1,0.001000
174300,0.905508,0.620304,0.906459,0.620048,2989.8,0.001000
174400,0.908735,0.603464,0.907398,0.604876,2991.5,0.001000
174500,0.966267,0.576752,0.966427,0.577256,2993.3,0.001000
174600,0.888387,0.686700,0.888263,0.687760,2995.0,0.001000
174700,0.807998,0.710872,0.807440,0.711796,2996.7,0.001000
174800,1.064672,0.541204,1.063696,0.541168,2998.4,0.001000
174900,1.112978,0.488764,1.112983,0.487932,3000.1,0.001000
175000,0.988832,0.540616,0.990110,0.540104,3001.8,0.001000
175100,1.475253,0.391172,1.473993,0.390880,3003.5,0.001000
175200,0.849012,0.697812,0.847884,0.699116,3005.2,0.001000
175300,1.003619,0.537624,1.004370,0.535836,3007.0,0.001000
175400,0.940029,0.598656,0.942292,0.597328,3008.6,0.001000
175500,1.113061,0.523692,1.116382,0.520868,3010.3,0.001000
175600,0.847067,0.680724,0.848186,0.681056,3012.1,0.001000
175700,0.847789,0.653128,0.847718,0.655368,3013.8,0.001000
175800,0.915287,0.623032,0.915419,0.623228,3015.5,0.001000
175900,1.030755,0.524356,1.031635,0.523560,3017.2,0.001000
176000,1.011591,0.541020,1.010484,0.543392,3018.9,0.001000
176100,1.010858,0.572448,1.010544,0.572272,3020.6,0.001000
176200,0.951188,0.605568,0.952017,0.605404,3022.3,0.001000
176300,0.768106,0.761788,0.770232,0.760120,3024.0,0.001000
176400,0.974039,0.581812,0.976083,0.582440,3025.7,0.001000
176500,1.275714,0.422908,1.278488,0.420856,3027.4,0.001000
176600,0.818314,0.673516,0.819192,0.672516,3029.1,0.001000
176700,1.197663,0.464600,1.196874,0.465976,3030.8,0.001000
176800,1.718405,0.325796,1.714814,0.326224,3032.5,0.001000
176900,0.763544,0.770700,0.762934,0.772076,3034.3,0.001000
177000,1.183699,0.476756,1.188300,0.472228,3036.1,0.001000
177100,0.875470,0.652388,0.877366,0.650600,3037.8,0.001000
177200,0.908587,0.602876,0.909077,0.602760,3039.5,0.001000
177300,0.915192,0.622780,0.915643,0.622048,3041.2,0.001000
177400,1.007447,0.549128,1.008819,0.547764,3042.9,0.001000
177500,0.794026,0.715588,0.794408,0.715516,3044.6,0.001000
177600,0.951040,0.597208,0.950542,0.597768,3046.3,0.001000
177700,0.977524,0.578228,0.978710,0.577944,3048.0,0.001000
177800,1.047286,0.571992,1.048164,0.571868,3049.7,0.001000
177900,1.282911,0.451032,1.280060,0.450568,3051.4,0.001000
178000,1.243319,0.402504,1.247092,0.403328,11206.0,0.001000
178100,0.936786,0.605648,0.937300,0.603548,11207.9,0.001000
178200,0.864523,0.662540,0.865110,0.661564,11209.6,0.001000
178300,0.995284,0.540000,0.997312,0.539252,11211.6,0.001000
178400,0.968138,0.583200,0.968125,0.583912,11213.4,0.001000
178500,0.847293,0.655508,0.848305,0.653328,11215.1,0.001000
178600,1.381079,0.404840,1.376735,0.406412,11216.9,0.001000
178700,0.938219,0.595344,0.934647,0.598280,11218.6,0.001000
178800,1.031791,0.491712,1.034452,0.491352,11220.3,0.001000
178900,0.849666,0.674392,0.850452,0.672996,11222.0,0.001000
179000,1.017110,0.546244,1.017854,0.545432,11223.6,0.001000
179100,0.997280,0.559660,0.997834,0.558460,11225.4,0.001000
179200,1.083853,0.529588,1.083044,0.528476,11227.1,0.001000
179300,0.974083,0.550668,0.974517,0.550140,11228.9,0.001000
179400,0.849729,0.677460,0.850528,0.677208,11230.9,0.001000
179500,0.852507,0.690980,0.853224,0.688720,11232.7,0.001000
179600,1.154118,0.494312,1.152382,0.494088,11234.5,0.001000
179700,2.134950,0.286732,2.132008,0.285228,11236.2,0.001000
179800,0.912072,0.609888,0.913192,0.607332,11238.0,0.001000
179900,0.934268,0.596836,0.935383,0.595888,11239.8,0.001000
180000,0.938190,0.601376,0.937789,0.600644,11241.5,0.001000
180100,0.877947,0.647452,0.880029,0.646404,11243.3,0.001000
180200,0.847736,0.658856,0.847797,0.658912,11245.0,0.001000
180300,1.174318,0.470016,1.176189,0.470524,11246.7,0.001000
180400,1.042193,0.523468,1.042336,0.522200,11248.4,0.001000
180500,0.892805,0.625988,0.892855,0.626732,11250.1,0.001000
180600,0.977377,0.568384,0.979625,0.565748,11251.8,0.001000
180700,1.107662,0.493112,1.109482,0.493672,11253.5,0.001000
180800,0.975955,0.499056,0.978461,0.496788,11255.3,0.001000
180900,1.005273,0.560904,1.006263,0.559872,11257.0,0.001000
181000,0.951637,0.621592,0.952681,0.619636,11258.7,0.001000
181100,0.843134,0.660788,0.844311,0.660040,11260.5,0.001000
181200,1.035899,0.574020,1.038650,0.572468,11262.2,0.001000
181300,0.925000,0.615736,0.926248,0.613816,11263.9,0.001000
181400,0.862085,0.646356,0.864007,0.645716,11265.7,0.001000
181500,0.998674,0.531520,0.999508,0.530056,11267.4,0.001000
181600,0.884652,0.592676,0.884446,0.594036,11269.1,0.001000
181700,0.976705,0.577656,0.976084,0.576416,11270.8,0.001000
181800,1.762712,0.301204,1.766217,0.299212,11272.5,0.001000
181900,0.927032,0.606464,0.927123,0.604952,11274.2,0.001000
182000,0.885576,0.654748,0.886561,0.654628,11276.0,0.001000
182100,1.004072,0.557372,1.004935,0.556392,11277.7,0.001000
182200,0.889386,0.664448,0.891067,0.661484,11279.4,0.001000
182300,0.991031,0.560748,0.989016,0.561872,11281.2,0.001000
182400,0.907988,0.638236,0.908641,0.635168,11282.9,0.001000
182500,1.114396,0.531020,1.112052,0.532212,11284.6,0.001000
182600,0.858967,0.654236,0.859123,0.653352,11286.3,0.001000
182700,1.418347,0.387008,1.415589,0.386712,11288.1,0.001000
182800,1.667594,0.365700,1.664798,0.367436,11289.8,0.001000
182900,1.022079,0.555320,1.022634,0.555628,11291.5,0.001000
183000,0.766280,0.744176,0.766432,0.745428,11293.3,0.001000
183100,1.028125,0.530560,1.029141,0.529952,11295.0,0.001000
183200,0.797074,0.719088,0.798485,0.718100,11296.7,0.001000
183300,0.938006,0.615460,0.938939,0.613300,11298.4,0.001000
183400,0.958527,0.636108,0.958356,0.635352,11300.0,0.001000
183500,0.888180,0.643572,0.888911,0.641920,11301.7,0.001000
183600,0.930384,0.594700,0.930787,0.594352,11303.4,0.001000
183700,0.866815,0.678872,0.866900,0.678548,11305.1,0.001000
183800,1.055103,0.495940,1.055611,0.495640,11306.7,0.001000
183900,1.373775,0.403440,1.373412,0.402676,11308.4,0.001000
184000,0.884720,0.627280,0.884800,0.627696,11310.1,0.001000
184100,1.028880,0.534228,1.027973,0.534152,11311.7,0.001000
184200,1.125867,0.523632,1.128035,0.523864,11313.4,0.001000
184300,0.898400,0.651980,0.900404,0.649396,11315.1,0.001000
184400,1.607725,0.355236,1.610621,0.355668,11316.9,0.001000
184500,1.067494,0.527424,1.065757,0.525772,11318.6,0.001000
184600,0.795988,0.755448,0.796913,0.754036,11320.3,0.001000
184700,0.853610,0.681660,0.853941,0.681836,11322.0,0.001000
184800,0.959152,0.558600,0.960076,0.558688,11323.8,0.001000
184900,0.923344,0.612392,0.922584,0.612352,11325.5,0.001000
185000,1.316486,0.433796,1.315813,0.433164,11327.1,0.001000
185100,1.366624,0.440340,1.368327,0.438656,11328.9,0.001000
185200,0.899293,0.610792,0.900663,0.610752,11330.6,0.001000
185300,0.854963,0.657436,0.856245,0.656692,11332.3,0.001000
185400,1.107211,0.494644,1.106647,0.493644,11334.1,0.001000
185500,0.926456,0.610736,0.927557,0.610100,11335.8,0.001000
185600,1.661843,0.308604,1.661587,0.307872,11337.5,0.001000
185700,1.265493,0.424664,1.263399,0.424168,11339.2,0.001000
185800,1.088963,0.523700,1.090107,0.522876,11340.9,0.001000
185900,1.078748,0.519156,1.080139,0.517268,11342.6,0.001000
186000,1.076429,0.495812,1.077641,0.495656,11344.4,0.001000
186100,1.194335,0.496540,1.192307,0.497124,11346.1,0.001000
186200,1.188614,0.467112,1.188661,0.466228,11347.8,0.001000
186300,0.934224,0.605400,0.933918,0.603116,11349.5,0.001000
186400,1.330604,0.385032,1.330792,0.384732,11351.2,0.001000
186500,1.156751,0.469628,1.159648,0.468272,11352.9,0.001000
186600,1.006063,0.571420,1.005305,0.570320,11354.5,0.001000
186700,0.848015,0.661476,0.849067,0.660016,11356.2,0.001000
186800,0.932079,0.602700,0.933079,0.602756,11357.9,0.001000
186900,1.286313,0.476032,1.288036,0.474184,11359.5,0.001000
187000,0.753145,0.791680,0.753992,0.792068,11361.3,0.001000
187100,1.018260,0.545036,1.020362,0.544724,11363.1,0.001000
187200,0.882005,0.626064,0.881890,0.624952,11364.8,0.001000
187300,1.537638,0.324412,1.539678,0.323668,11366.5,0.001000
187400,0.940555,0.599656,0.940942,0.599248,11368.3,0.001000
187500,1.009616,0.553980,1.009764,0.553584,11370.0,0.001000
187600,0.957004,0.558916,0.957444,0.559620,11371.8,0.001000
187700,1.019607,0.541932,1.021416,0.540960,11373.5,0.001000
187800,1.146597,0.503016,1.147698,0.504176,11375.3,0.001000
187900,1.053257,0.543876,1.051709,0.545052,11377.1,0.001000
188000,0.806077,0.713516,0.807084,0.712052,11378.7,0.001000
188100,0.926765,0.600284,0.927852,0.600388,11380.5,0.001000
188200,1.217614,0.485400,1.217888,0.484340,11382.2,0.001000
188300,0.876852,0.667660,0.876550,0.668756,11383.9,0.001000
188400,0.819474,0.710156,0.820499,0.709492,11385.5,0.001000
188500,0.817686,0.702348,0.817987,0.701768,11387.2,0.001000
188600,1.146129,0.450852,1.145826,0.452364,11388.9,0.001000
188700,0.835538,0.671588,0.835566,0.671276,11390.6,0.001000
188800,1.033020,0.521976,1.031925,0.521292,11392.4,0.001000
188900,0.822745,0.682412,0.822493,0.683004,11394.1,0.001000
189000,1.125111,0.464000,1.127058,0.463648,11395.9,0.001000
189100,0.828879,0.681320,0.829467,0.680640,11397.6,0.001000
189200,0.914723,0.599684,0.917493,0.598568,11399.3,0.001000
189300,0.929521,0.617400,0.930188,0.615632,11401.0,0.001000
189400,1.218123,0.464408,1.215484,0.465404,11402.7,0.001000
189500,1.647712,0.368120,1.646562,0.368760,11404.3,0.001000
189600,0.763187,0.756556,0.763659,0.756348,11406.0,0.001000
189700,0.778754,0.746740,0.779212,0.745552,11407.7,0.001000
189800,1.098538,0.490980,1.097654,0.491104,11409.4,0.001000
189900,1.021134,0.524200,1.021269,0.524256,11411.1,0.001000
190000,0.894348,0.642312,0.896329,0.640260,11412.8,0.001000
190100,0.948106,0.559136,0.946096,0.559480,11414.4,0.001000
190200,1.421139,0.441260,1.419846,0.440288,11416.1,0.001000
190300,1.095263,0.529784,1.094206,0.530360,11418.1,0.001000
190400,1.016532,0.538424,1.017835,0.539264,11419.8,0.001000
190500,1.140228,0.456084,1.141552,0.455812,11421.5,0.001000
190600,1.435899,0.384464,1.437295,0.384984,11423.2,0.001000
190700,0.854877,0.663052,0.855341,0.664348,11424.9,0.001000
190800,0.975440,0.576900,0.977942,0.574396,11426.6,0.001000
190900,1.505440,0.322712,1.506385,0.322812,11428.2,0.001000
191000,0.823911,0.707436,0.825240,0.706348,11429.9,0.001000
191100,1.377394,0.403268,1.375101,0.405592,11431.6,0.001000
191200,1.628060,0.311276,1.629822,0.310872,11433.2,0.001000
191300,1.134694,0.497676,1.133161,0.500208,11435.0,0.001000
191400,0.937321,0.598676,0.937348,0.598568,11436.6,0.001000
191500,0.735042,0.820548,0.735912,0.819772,11438.3,0.001000
191600,0.907384,0.615844,0.908676,0.616632,11440.0,0.001000
191700,0.893213,0.647536,0.893765,0.644520,11441.6,0.001000
191800,0.787760,0.733172,0.788409,0.733052,11443.3,0.001000
191900,1.049477,0.523496,1.048217,0.524016,11445.0,0.001000
192000,1.276164,0.465720,1.274884,0.466812,11446.7,0.001000
192100,0.844273,0.665704,0.843785,0.665664,11448.3,0.001000
192200,0.869375,0.651756,0.870745,0.650348,11450.1,0.001000
192300,0.886061,0.656912,0.886206,0.657176,11451.8,0.001000
192400,0.985643,0.586316,0.985276,0.585704,11453.6,0.001000
192500,0.868178,0.650848,0.869951,0.649160,11455.3,0.001000
192600,0.979584,0.537736,0.981049,0.535996,11457.0,0.001000
192700,0.873908,0.651756,0.874476,0.650388,11458.8,0.001000
192800,1.030783,0.502856,1.030254,0.503404,11460.5,0.001000
192900,0.918341,0.589704,0.919005,0.589232,11462.2,0.001000
193000,0.841469,0.665836,0.841255,0.665624,11463.9,0.001000
193100,0.954789,0.593356,0.955264,0.592536,11465.6,0.001000
193200,1.122009,0.489652,1.119361,0.491112,11467.3,0.001000
193300,0.906162,0.635436,0.907048,0.634640,11469.0,0.001000
193400,0.950282,0.566660,0.949380,0.567584,11470.7,0.001000
193500,0.782712,0.762056,0.783869,0.761084,11472.3,0.001000
193600,0.921833,0.602052,0.922494,0.601136,11474.0,0.001000
193700,0.902107,0.611716,0.902740,0.611460,11475.7,0.001000
193800,0.926757,0.592952,0.926910,0.592148,11477.4,0.001000
193900,0.890715,0.620220,0.890729,0.620336,11479.1,0.001000
194000,0.938906,0.624884,0.938527,0.625056,11480.7,0.001000
194100,0.984355,0.562524,0.985429,0.561308,11482.4,0.001000
194200,1.152038,0.474284,1.153126,0.475596,11484.1,0.001000
194300,0.743495,0.803392,0.744187,0.802320,11485.8,0.001000
194400,1.153269,0.509928,1.153718,0.508500,11487.4,0.001000
194500,1.020540,0.525128,1.022248,0.524352,11489.1,0.001000
194600,1.942122,0.286608,1.934834,0.287616,11490.8,0.001000
194700,1.603775,0.349940,1.602723,0.349316,11492.4,0.001000
194800,0.880121,0.642104,0.880079,0.642292,11494.1,0.001000
194900,1.628464,0.346216,1.628315,0.344492,11495.8,0.001000
195000,0.841997,0.692684,0.843208,0.691520,11497.5,0.001000
195100,1.048494,0.522460,1.048927,0.523468,11499.1,0.001000
195200,1.045683,0.533172,1.045945,0.535020,11500.8,0.001000
195300,0.803376,0.716064,0.803907,0.716728,11502.5,0.001000
195400,0.878062,0.667252,0.878425,0.667436,11504.1,0.001000
195500,0.866458,0.683228,0.867968,0.681832,11505.9,0.001000
195600,0.805880,0.718912,0.807238,0.717896,11507.5,0.001000
195700,0.953310,0.570708,0.956010,0.570296,11509.2,0.001000
195800,1.029977,0.534240,1.030284,0.535456,11510.9,0.001000
195900,1.292773,0.438508,1.291389,0.439180,11512.6,0.001000
196000,0.842725,0.650380,0.842555,0.650900,11514.2,0.001000
196100,0.918562,0.600224,0.918474,0.602024,11515.9,0.001000
196200,1.083087,0.498956,1.083708,0.499408,11517.6,0.001000
196300,0.766532,0.776072,0.766950,0.776544,11519.3,0.001000
196400,1.461780,0.373032,1.459773,0.373376,11520.9,0.001000
196500,0.936199,0.592864,0.936652,0.591392,11522.6,0.001000
196600,1.153280,0.501200,1.152812,0.501528,11524.3,0.001000
196700,1.037642,0.539940,1.037805,0.540264,11525.9,0.001000
196800,1.452642,0.418632,1.449856,0.418820,11527.6,0.001000
196900,0.876856,0.673296,0.877017,0.674128,11529.3,0.001000
197000,0.972109,0.582424,0.972632,0.583168,11530.9,0.001000
197100,1.325340,0.397256,1.330338,0.395552,11532.6,0.001000
197200,1.083655,0.535960,1.085256,0.534224,11534.4,0.001000
197300,1.694126,0.313196,1.693755,0.312228,11536.1,0.001000
197400,0.832872,0.700228,0.833248,0.699932,11537.8,0.001000
197500,0.903834,0.605848,0.902779,0.606460,11539.5,0.001000
197600,0.817266,0.688120,0.817889,0.687076,11541.2,0.001000
197700,0.774347,0.763704,0.776568,0.760388,11543.0,0.001000
197800,1.181396,0.431340,1.179871,0.428860,11544.7,0.001000
197900,0.937692,0.581520,0.937796,0.582668,11546.5,0.001000
198000,0.894286,0.654472,0.894404,0.655760,11548.3,0.001000
198100,1.133068,0.484188,1.133089,0.485732,11550.0,0.001000
198200,0.953541,0.584604,0.952137,0.586224,11551.7,0.001000
198300,0.818962,0.700212,0.819029,0.701088,11553.5,0.001000
198400,1.134521,0.473656,1.133725,0.475056,11555.1,0.001000
198500,0.967691,0.546424,0.968140,0.546868,11556.8,0.001000
198600,1.200169,0.455928,1.199828,0.455736,11558.5,0.001000
198700,1.325182,0.441632,1.323233,0.441464,11560.2,0.001000
198800,1.005151,0.553624,1.003937,0.553840,11561.8,0.001000
198900,0.943040,0.572376,0.941772,0.574260,11563.5,0.001000
199000,0.928211,0.641672,0.929721,0.640308,11565.2,0.001000
199100,1.166068,0.497516,1.166076,0.498428,11567.0,0.001000
199200,0.923052,0.601952,0.923762,0.601712,11568.7,0.001000
199300,0.867086,0.676864,0.869243,0.675860,11570.4,0.001000
199400,1.162354,0.478360,1.161479,0.480308,11572.4,0.001000
199500,0.913191,0.646952,0.912485,0.648116,11574.4,0.001000
199600,1.023294,0.531716,1.024032,0.532320,11576.2,0.001000
199700,0.883861,0.620480,0.884853,0.618816,11577.9,0.001000
199800,0.841792,0.706104,0.843577,0.704040,11579.6,0.001000
199900,1.067547,0.512568,1.070136,0.511084,11581.3,0.001000
