step,train_loss,train_acc,test_loss,test_acc,elapsed_sec,lr
0,5.204367,0.010352,5.199261,0.010480,1.3,0.000020
100,4.592497,0.010508,4.592920,0.010192,3.0,0.001000
200,4.580483,0.010656,4.581385,0.010284,4.7,0.001000
300,4.580299,0.010500,4.580614,0.010284,6.4,0.001000
400,4.577963,0.010320,4.578428,0.010512,8.1,0.001000
500,4.576872,0.010584,4.577273,0.010176,9.7,0.001000
600,4.577008,0.010304,4.577013,0.010220,11.5,0.001000
700,4.576880,0.010232,4.577057,0.010348,13.2,0.001000
800,4.576632,0.010176,4.576989,0.010116,14.9,0.001000
900,4.576374,0.010404,4.576867,0.010416,16.7,0.001000
1000,4.576471,0.010560,4.576597,0.010356,18.4,0.001000
1100,4.576255,0.010584,4.576638,0.010176,20.2,0.001000
1200,4.576499,0.010236,4.576630,0.010188,22.0,0.001000
1300,4.576196,0.010408,4.576446,0.010204,23.7,0.001000
1400,4.576565,0.010348,4.576969,0.010396,25.4,0.001000
1500,4.576083,0.010532,4.576334,0.009952,27.1,0.001000
1600,4.576379,0.010348,4.576582,0.010412,28.9,0.001000
1700,4.576368,0.010360,4.576794,0.010036,30.6,0.001000
1800,4.576495,0.010332,4.576576,0.010508,32.3,0.001000
1900,4.576232,0.010500,4.576444,0.010228,34.1,0.001000
2000,4.576115,0.010216,4.576557,0.010440,35.8,0.001000
2100,4.576124,0.010560,4.576400,0.010356,37.6,0.001000
2200,4.576252,0.010804,4.576532,0.010300,39.3,0.001000
2300,4.576186,0.010580,4.576568,0.010176,41.0,0.001000
2400,4.576214,0.010460,4.576515,0.010536,42.8,0.001000
2500,4.576024,0.010408,4.576304,0.010204,44.5,0.001000
2600,4.576399,0.010236,4.576525,0.010188,46.2,0.001000
2700,4.576172,0.010804,4.576380,0.010300,47.9,0.001000
2800,4.576128,0.010680,4.576443,0.010328,49.6,0.001000
2900,4.576108,0.010664,4.576537,0.010288,51.4,0.001000
3000,4.576019,0.010164,4.576293,0.010256,53.1,0.001000
3100,4.575858,0.010312,4.576231,0.010332,54.8,0.001000
3200,4.576166,0.010332,4.576350,0.010360,56.5,0.001000
3300,4.576422,0.010532,4.576698,0.009952,58.3,0.001000
3400,4.576366,0.010396,4.576709,0.009928,60.0,0.001000
3500,4.576250,0.010584,4.576562,0.010176,61.8,0.001000
3600,4.576119,0.010664,4.576455,0.010288,63.5,0.001000
3700,4.575923,0.010548,4.576328,0.010076,65.3,0.001000
3800,4.576224,0.010296,4.576278,0.010416,67.0,0.001000
3900,4.576278,0.010336,4.576616,0.010208,68.7,0.001000
4000,4.575946,0.010400,4.576136,0.010320,70.4,0.001000
4100,4.576412,0.010560,4.576690,0.010356,72.2,0.001000
4200,4.576299,0.010324,4.576850,0.010236,73.9,0.001000
4300,4.576182,0.010516,4.576433,0.010232,75.6,0.001000
4400,4.576198,0.010464,4.576504,0.010256,77.3,0.001000
4500,4.576179,0.010500,4.576521,0.010228,79.0,0.001000
4600,4.576221,0.010364,4.576444,0.010264,80.8,0.001000
4700,4.576325,0.010476,4.576583,0.010460,82.5,0.001000
4800,4.576458,0.010360,4.576812,0.010224,84.4,0.001000
4900,4.576534,0.010804,4.577129,0.010300,86.2,0.001000
5000,4.575971,0.010416,4.576169,0.010216,87.9,0.001000
5100,4.576387,0.010460,4.576717,0.010536,89.7,0.001000
5200,4.576103,0.010584,4.576456,0.010176,91.4,0.001000
5300,4.576441,0.010396,4.576571,0.009928,93.2,0.001000
5400,4.575802,0.010664,4.576207,0.010288,94.9,0.001000
5500,4.576204,0.010464,4.576572,0.010312,96.6,0.001000
5600,4.576036,0.010296,4.576203,0.010116,98.4,0.001000
5700,4.576054,0.010324,4.576324,0.010452,100.2,0.001000
5800,4.576177,0.010804,4.576387,0.010300,101.9,0.001000
5900,4.576316,0.010396,4.576843,0.009928,103.6,0.001000
6000,4.575983,0.010500,4.576316,0.010228,105.3,0.001000
6100,4.576186,0.010264,4.576528,0.010264,107.1,0.001000
6200,4.576320,0.010432,4.576618,0.010348,108.8,0.001000
6300,4.576058,0.010244,4.576345,0.010264,110.5,0.001000
6400,4.576052,0.010376,4.576611,0.010240,112.3,0.001000
6500,4.576026,0.010452,4.576241,0.010524,114.0,0.001000
6600,4.576107,0.010804,4.576273,0.010300,115.7,0.001000
6700,4.576126,0.010348,4.576377,0.010396,117.5,0.001000
6800,4.576134,0.010192,4.576291,0.010416,119.2,0.001000
6900,4.575960,0.010252,4.576392,0.010144,120.9,0.001000
7000,4.576278,0.010296,4.576906,0.010116,122.7,0.001000
7100,4.576074,0.010140,4.576202,0.010372,124.4,0.001000
7200,4.576189,0.010432,4.576653,0.010348,126.1,0.001000
7300,4.575980,0.010500,4.576279,0.010228,127.8,0.001000
7400,4.576232,0.010680,4.576538,0.010328,129.5,0.001000
7500,4.576363,0.010376,4.576687,0.010240,131.3,0.001000
7600,4.576270,0.010484,4.576756,0.010040,133.0,0.001000
7700,4.576177,0.010548,4.576368,0.010076,134.7,0.001000
7800,4.575957,0.010296,4.576135,0.010416,136.4,0.001000
7900,4.576260,0.010332,4.576591,0.010360,138.1,0.001000
8000,4.576121,0.010316,4.576414,0.010468,139.9,0.001000
8100,4.576248,0.010412,4.576656,0.010416,141.5,0.001000
8200,4.576429,0.010360,4.576629,0.010036,143.2,0.001000
8300,4.576216,0.010384,4.576394,0.010204,145.0,0.001000
8400,4.576118,0.010680,4.576362,0.010328,146.7,0.001000
8500,4.576053,0.010584,4.576214,0.010176,148.5,0.001000
8600,4.576376,0.010332,4.576782,0.010360,150.2,0.001000
8700,4.576489,0.010460,4.576659,0.010536,151.9,0.001000
8800,4.576065,0.010672,4.576358,0.009860,153.6,0.001000
8900,4.576189,0.010488,4.576358,0.010468,155.4,0.001000
9000,4.576456,0.010444,4.576748,0.010300,157.1,0.001000
9100,4.576250,0.010376,4.576479,0.010240,158.9,0.001000
9200,4.576309,0.010376,4.576493,0.010240,160.6,0.001000
9300,4.576237,0.010500,4.576614,0.010228,162.3,0.001000
9400,4.576113,0.010500,4.576476,0.010228,164.0,0.001000
9500,4.576106,0.010804,4.576518,0.010300,165.7,0.001000
9600,4.576377,0.010196,4.576632,0.010500,167.4,0.001000
9700,4.576335,0.010464,4.576540,0.010256,169.1,0.001000
9800,4.576205,0.010376,4.576348,0.010240,170.8,0.001000
9900,4.576184,0.010804,4.576616,0.010300,172.5,0.001000
10000,4.576217,0.010444,4.576713,0.010300,174.3,0.001000
10100,4.576240,0.010416,4.576625,0.010216,176.0,0.001000
10200,4.576290,0.010404,4.576620,0.010416,177.7,0.001000
10300,4.576638,0.010476,4.576978,0.010460,179.4,0.001000
10400,4.576176,0.010804,4.576368,0.010300,181.2,0.001000
10500,4.576331,0.010444,4.576553,0.010300,182.9,0.001000
10600,4.576462,0.010460,4.576979,0.010536,184.6,0.001000
10700,4.576369,0.010532,4.576812,0.010112,186.4,0.001000
10800,4.576062,0.010548,4.576535,0.010076,188.1,0.001000
10900,4.576008,0.010312,4.576155,0.010332,189.8,0.001000
11000,4.576293,0.010156,4.576735,0.010264,191.5,0.001000
11100,4.576218,0.010584,4.576625,0.010176,193.3,0.001000
11200,4.576794,0.010464,4.576967,0.010300,195.0,0.001000
11300,4.576350,0.010332,4.576543,0.010360,196.7,0.001000
11400,4.576047,0.010348,4.576336,0.010396,198.4,0.001000
11500,4.576297,0.010220,4.576578,0.010424,200.2,0.001000
11600,4.576260,0.010476,4.576880,0.010460,201.9,0.001000
11700,4.576283,0.010452,4.576569,0.010524,203.6,0.001000
11800,4.576125,0.010480,4.576493,0.010232,205.3,0.001000
11900,4.576007,0.010312,4.576167,0.010332,207.1,0.001000
12000,4.576336,0.010196,4.576548,0.010500,208.8,0.001000
12100,4.576301,0.010484,4.576538,0.010040,210.5,0.001000
12200,4.576198,0.010364,4.576421,0.010264,212.2,0.001000
12300,4.576264,0.010464,4.576581,0.010256,214.0,0.001000
12400,4.576228,0.010672,4.576458,0.009860,215.7,0.001000
12500,4.576103,0.010500,4.576517,0.010228,217.4,0.001000
12600,4.576237,0.010408,4.576666,0.010356,219.1,0.001000
12700,4.576146,0.010312,4.576450,0.010332,220.8,0.001000
12800,4.575949,0.010364,4.576148,0.010264,222.6,0.001000
12900,4.576166,0.010464,4.576499,0.010300,224.3,0.001000
13000,4.576381,0.010680,4.576838,0.010328,226.0,0.001000
13100,4.576131,0.010804,4.576326,0.010300,227.7,0.001000
13200,4.576059,0.010376,4.576479,0.010240,229.4,0.001000
13300,4.576101,0.010364,4.576261,0.010264,231.1,0.001000
13400,4.576509,0.010460,4.576629,0.010536,232.8,0.001000
13500,4.576081,0.010312,4.576383,0.010332,234.6,0.001000
13600,4.576246,0.010584,4.576661,0.010176,236.3,0.001000
13700,4.576486,0.010376,4.576438,0.010240,238.0,0.001000
13800,4.576023,0.010376,4.576461,0.010240,239.8,0.001000
13900,4.576145,0.010672,4.576496,0.009860,241.5,0.001000
14000,4.576158,0.010416,4.576343,0.010216,243.2,0.001000
14100,4.576550,0.010396,4.577064,0.009928,244.9,0.001000
14200,4.575974,0.010480,4.576211,0.010232,246.7,0.001000
14300,4.576130,0.010348,4.576267,0.010396,248.4,0.001000
14400,4.576100,0.010476,4.576175,0.010460,250.1,0.001000
14500,4.576061,0.010364,4.576255,0.010264,251.9,0.001000
14600,4.576210,0.010560,4.576441,0.010356,253.6,0.001000
14700,4.576162,0.010404,4.576499,0.010416,255.3,0.001000
14800,4.576508,0.010416,4.576765,0.010216,257.1,0.001000
14900,4.576397,0.010080,4.576737,0.010732,258.8,0.001000
15000,4.576104,0.010460,4.576381,0.010536,260.5,0.001000
15100,4.576199,0.010516,4.576462,0.010232,262.3,0.001000
15200,4.576057,0.010408,4.576353,0.010356,264.0,0.001000
15300,4.576095,0.010672,4.576680,0.009860,265.7,0.001000
15400,4.576215,0.010804,4.576556,0.010300,267.4,0.001000
15500,4.576313,0.010316,4.576765,0.010164,269.1,0.001000
15600,4.576212,0.010480,4.576538,0.010232,270.9,0.001000
15700,4.576303,0.010080,4.576609,0.010732,272.6,0.001000
15800,4.575980,0.010264,4.576171,0.010264,274.3,0.001000
15900,4.576485,0.010804,4.577221,0.010300,276.1,0.001000
16000,4.576566,0.010464,4.576831,0.010312,277.8,0.001000
16100,4.576310,0.010376,4.576547,0.010240,279.5,0.001000
16200,4.576137,0.010464,4.576481,0.010300,281.3,0.001000
16300,4.576384,0.010532,4.576740,0.010112,283.0,0.001000
16400,4.576242,0.010164,4.576538,0.010088,284.7,0.001000
16500,4.576335,0.010092,4.576807,0.010448,286.5,0.001000
16600,4.576427,0.010584,4.576766,0.010176,288.2,0.001000
16700,4.576190,0.010560,4.576489,0.010356,290.0,0.001000
16800,4.576299,0.010584,4.576900,0.010176,291.7,0.001000
16900,4.576170,0.010316,4.576568,0.010164,293.4,0.001000
17000,4.576103,0.010404,4.576325,0.010416,295.2,0.001000
17100,4.576165,0.010444,4.576450,0.010300,296.9,0.001000
17200,4.576125,0.010680,4.576441,0.010328,298.6,0.001000
17300,4.575929,0.010404,4.576431,0.010416,300.3,0.001000
17400,4.576221,0.010532,4.576413,0.009952,302.1,0.001000
17500,4.576171,0.010664,4.576636,0.010288,303.8,0.001000
17600,4.576193,0.010460,4.576512,0.010536,305.5,0.001000
17700,4.576200,0.009996,4.576335,0.010448,307.2,0.001000
17800,4.576037,0.010580,4.576520,0.010176,308.9,0.001000
17900,4.576275,0.010396,4.576385,0.009928,310.7,0.001000
18000,4.576310,0.010296,4.576601,0.010416,312.4,0.001000
18100,4.576338,0.010396,4.576722,0.009928,314.1,0.001000
18200,4.576057,0.010432,4.576434,0.010348,315.8,0.001000
18300,4.576461,0.010500,4.576850,0.010228,317.5,0.001000
18400,4.576096,0.010480,4.576437,0.010232,319.2,0.001000
18500,4.576395,0.010464,4.576995,0.010300,321.0,0.001000
18600,4.576157,0.010532,4.576434,0.009952,322.7,0.001000
18700,4.576204,0.010464,4.576396,0.010256,324.4,0.001000
18800,4.576059,0.010664,4.576468,0.010288,326.1,0.001000
18900,4.576046,0.010236,4.576466,0.010188,327.8,0.001000
19000,4.576093,0.010532,4.576419,0.010112,329.5,0.001000
19100,4.576230,0.010400,4.576539,0.010320,331.3,0.001000
19200,4.576549,0.010664,4.577071,0.010288,333.0,0.001000
19300,4.576286,0.010664,4.576838,0.010288,334.7,0.001000
19400,4.576089,0.010408,4.576585,0.010356,336.5,0.001000
19500,4.576118,0.010444,4.576354,0.010300,338.2,0.001000
19600,4.576188,0.010244,4.576479,0.010264,339.9,0.001000
19700,4.576218,0.010164,4.576548,0.010256,341.6,0.001000
19800,4.576256,0.010664,4.576540,0.010288,343.3,0.001000
19900,4.576293,0.010560,4.576729,0.010356,345.0,0.001000
20000,4.575941,0.010452,4.576418,0.010524,346.8,0.001000
20100,4.576655,0.010248,4.576881,0.010016,348.5,0.001000
20200,4.575902,0.010340,4.576036,0.010264,350.2,0.001000
20300,4.576254,0.010084,4.576437,0.010480,351.9,0.001000
20400,4.576182,0.010408,4.576218,0.010336,353.7,0.001000
20500,4.576241,0.010324,4.576562,0.010504,355.4,0.001000
20600,4.576121,0.010432,4.576438,0.010348,357.1,0.001000
20700,4.576207,0.010804,4.576731,0.010300,358.9,0.001000
20800,4.576058,0.010664,4.576379,0.010288,360.6,0.001000
20900,4.576443,0.010560,4.576733,0.010356,362.4,0.001000
21000,4.576049,0.010680,4.576390,0.010328,364.1,0.001000
21100,4.576214,0.010400,4.576625,0.010320,365.8,0.001000
21200,4.576175,0.010480,4.576368,0.010232,367.6,0.001000
21300,4.576052,0.010416,4.576420,0.010216,369.3,0.001000
21400,4.576066,0.010432,4.576315,0.010348,371.0,0.001000
21500,4.576191,0.010480,4.576509,0.010232,372.7,0.001000
21600,4.576106,0.010584,4.576654,0.010176,374.4,0.001000
21700,4.576292,0.010464,4.576703,0.010256,376.1,0.001000
21800,4.575915,0.010408,4.576398,0.010336,377.9,0.001000
21900,4.576167,0.010348,4.576384,0.010396,379.5,0.001000
22000,4.575998,0.010664,4.576571,0.010288,381.3,0.001000
22100,4.576232,0.010476,4.576618,0.010460,383.0,0.001000
22200,4.576076,0.010404,4.576451,0.010416,384.7,0.001000
22300,4.575966,0.010312,4.576198,0.010332,386.4,0.001000
22400,4.576100,0.010500,4.576376,0.010228,388.1,0.001000
22500,4.576552,0.010296,4.577068,0.010416,389.9,0.001000
22600,4.576534,0.010376,4.577194,0.010240,391.6,0.001000
22700,4.575888,0.010804,4.576221,0.010300,393.3,0.001000
22800,4.576058,0.010376,4.576294,0.010240,395.0,0.001000
22900,4.576177,0.010516,4.576468,0.010232,396.7,0.001000
23000,4.576079,0.010680,4.576565,0.010328,398.4,0.001000
23100,4.576188,0.010264,4.576637,0.010264,400.1,0.001000
23200,4.575994,0.010408,4.576133,0.010336,401.8,0.001000
23300,4.576015,0.010236,4.576117,0.010188,403.6,0.001000
23400,4.576459,0.010224,4.576623,0.010188,405.3,0.001000
23500,4.576411,0.010416,4.576954,0.010216,407.0,0.001000
23600,4.576292,0.010664,4.576693,0.010288,408.8,0.001000
23700,4.576263,0.010480,4.576825,0.010232,410.5,0.001000
23800,4.576120,0.010124,4.576310,0.010444,412.3,0.001000
23900,4.576127,0.010804,4.576493,0.010300,414.0,0.001000
24000,4.576156,0.010560,4.576492,0.010356,415.7,0.001000
24100,4.576208,0.010364,4.576585,0.010264,417.5,0.001000
24200,4.576080,0.010804,4.576487,0.010300,419.2,0.001000
24300,4.576180,0.010488,4.576563,0.010468,421.0,0.001000
24400,4.575985,0.010804,4.576320,0.010300,422.7,0.001000
24500,4.576414,0.010332,4.576459,0.010508,424.4,0.001000
24600,4.576172,0.010288,4.576453,0.010504,426.1,0.001000
24700,4.575909,0.010404,4.576219,0.010416,427.8,0.001000
24800,4.576087,0.010296,4.576504,0.010116,429.6,0.001000
24900,4.576250,0.010672,4.576400,0.009860,431.3,0.001000
25000,4.576113,0.010560,4.576439,0.010356,433.0,0.001000
25100,4.576006,0.010488,4.576449,0.010468,434.7,0.001000
25200,4.576400,0.010316,4.576727,0.010468,436.4,0.001000
25300,4.576208,0.010400,4.576522,0.010320,438.1,0.001000
25400,4.576222,0.010140,4.576668,0.010372,439.9,0.001000
25500,4.575902,0.010296,4.576299,0.010416,441.7,0.001000
25600,4.576064,0.010580,4.576321,0.010176,443.4,0.001000
25700,4.575905,0.010804,4.576371,0.010300,445.1,0.001000
25800,4.576054,0.010224,4.576478,0.010176,446.9,0.001000
25900,4.576080,0.010804,4.576410,0.010300,448.6,0.001000
26000,4.576101,0.010580,4.576486,0.010176,450.3,0.001000
26100,4.576056,0.010316,4.576582,0.010164,452.0,0.001000
26200,4.576102,0.010348,4.576711,0.010396,453.7,0.001000
26300,4.576226,0.010460,4.576658,0.010536,455.4,0.001000
26400,4.576427,0.010680,4.576528,0.010328,457.1,0.001000
26500,4.576091,0.010100,4.576440,0.010756,458.8,0.001000
26600,4.576484,0.010360,4.576860,0.010224,460.5,0.001000
26700,4.576284,0.010804,4.576521,0.010300,462.2,0.001000
26800,4.576353,0.010584,4.576772,0.010176,463.9,0.001000
26900,4.576206,0.010680,4.576400,0.010328,465.6,0.001000
27000,4.576172,0.010484,4.576575,0.010040,467.3,0.001000
27100,4.575977,0.010488,4.576342,0.010468,469.0,0.001000
27200,4.575967,0.010464,4.576320,0.010256,470.7,0.001000
27300,4.576263,0.010408,4.576653,0.010356,472.5,0.001000
27400,4.576179,0.010680,4.576618,0.010328,474.2,0.001000
27500,4.576053,0.010516,4.576364,0.010232,475.9,0.001000
27600,4.576143,0.010252,4.576353,0.010144,477.6,0.001000
27700,4.576193,0.010548,4.576402,0.010076,479.4,0.001000
27800,4.576167,0.010444,4.576301,0.010300,481.1,0.001000
27900,4.576587,0.010360,4.576896,0.010036,482.9,0.001000
28000,4.576304,0.010408,4.576651,0.010336,484.6,0.001000
28100,4.576040,0.010672,4.576590,0.009860,486.3,0.001000
28200,4.576185,0.010336,4.576427,0.010192,488.0,0.001000
28300,4.575966,0.010480,4.576304,0.010232,489.7,0.001000
28400,4.576150,0.010340,4.576632,0.010264,491.5,0.001000
28500,4.576127,0.010460,4.576279,0.010536,493.2,0.001000
28600,4.576201,0.010156,4.576687,0.010264,494.8,0.001000
28700,4.576153,0.010396,4.576634,0.009928,496.6,0.001000
28800,4.576076,0.010664,4.576458,0.010288,498.3,0.001000
28900,4.576058,0.010532,4.576583,0.009952,500.1,0.001000
29000,4.576011,0.010312,4.576337,0.010332,501.8,0.001000
29100,4.576202,0.010188,4.576548,0.010276,503.4,0.001000
29200,4.576171,0.010464,4.576460,0.010312,505.1,0.001000
29300,4.576284,0.010408,4.576616,0.010204,506.9,0.001000
29400,4.576133,0.010680,4.576526,0.010328,508.6,0.001000
29500,4.576449,0.010532,4.576937,0.010112,510.3,0.001000
29600,4.576205,0.010140,4.576547,0.010372,512.0,0.001000
29700,4.575925,0.010532,4.576186,0.009952,513.7,0.001000
29800,4.576355,0.010296,4.576478,0.010628,515.4,0.001000
29900,4.576278,0.010408,4.576452,0.010336,517.1,0.001000
30000,4.576180,0.009960,4.576578,0.010532,518.8,0.001000
30100,4.576090,0.010664,4.576592,0.010288,520.6,0.001000
30200,4.576049,0.010804,4.576306,0.010300,522.3,0.001000
30300,4.576088,0.010192,4.576508,0.010416,524.0,0.001000
30400,4.576106,0.010296,4.576397,0.010628,525.8,0.001000
30500,4.576119,0.010804,4.576704,0.010300,527.5,0.001000
30600,4.576154,0.010232,4.576655,0.010348,529.2,0.001000
30700,4.576139,0.010672,4.576462,0.009860,530.9,0.001000
30800,4.575936,0.010224,4.576258,0.010176,532.6,0.001000
30900,4.576374,0.010336,4.576850,0.010208,534.3,0.001000
31000,4.576281,0.010500,4.576631,0.010228,536.1,0.001000
31100,4.576408,0.010680,4.576750,0.010328,537.8,0.001000
31200,4.576032,0.010444,4.576490,0.010300,539.5,0.001000
31300,4.576375,0.010672,4.576663,0.009860,541.2,0.001000
31400,4.576140,0.010672,4.576575,0.009860,542.9,0.001000
31500,4.576209,0.010548,4.576446,0.010076,544.7,0.001000
31600,4.576116,0.010488,4.576469,0.010468,546.5,0.001000
31700,4.576148,0.010460,4.576518,0.010536,548.2,0.001000
31800,4.576479,0.010464,4.576798,0.010312,549.9,0.001000
31900,4.576050,0.010400,4.576458,0.010320,551.6,0.001000
32000,4.576191,0.010548,4.576517,0.010076,553.3,0.001000
32100,4.576314,0.010404,4.576542,0.010416,555.0,0.001000
32200,4.576151,0.010324,4.576397,0.010236,556.8,0.001000
32300,4.576387,0.010484,4.576661,0.010040,558.4,0.001000
32400,4.576579,0.010316,4.577157,0.010164,560.1,0.001000
32500,4.576271,0.010444,4.576656,0.010300,561.9,0.001000
32600,4.576343,0.010464,4.576793,0.010300,563.6,0.001000
32700,4.576100,0.010584,4.576241,0.010176,565.3,0.001000
32800,4.575931,0.010500,4.576170,0.010228,567.0,0.001000
32900,4.576174,0.010008,4.576514,0.010328,568.8,0.001000
33000,4.576021,0.010196,4.576392,0.010500,570.5,0.001000
33100,4.576438,0.010340,4.576644,0.010232,572.2,0.001000
33200,4.576023,0.010500,4.576208,0.010228,574.0,0.001000
33300,4.576151,0.010408,4.576444,0.010204,575.6,0.001000
33400,4.576149,0.010560,4.576449,0.010356,577.3,0.001000
33500,4.576260,0.010408,4.576631,0.010336,579.1,0.001000
33600,4.576144,0.010408,4.576408,0.010356,580.8,0.001000
33700,4.576128,0.010804,4.576485,0.010300,582.5,0.001000
33800,4.576270,0.010516,4.576624,0.010232,584.2,0.001000
33900,4.576387,0.010548,4.576743,0.010076,586.0,0.001000
34000,4.576217,0.010324,4.576519,0.010452,587.7,0.001000
34100,4.576025,0.010584,4.576374,0.010176,589.4,0.001000
34200,4.576223,0.010340,4.576540,0.010264,591.1,0.001000
34300,4.576181,0.010664,4.576483,0.010288,592.8,0.001000
34400,4.576153,0.010580,4.576615,0.010176,594.5,0.001000
34500,4.576453,0.010488,4.576591,0.010468,596.3,0.001000
34600,4.576254,0.010324,4.576678,0.010504,598.0,0.001000
34700,4.576156,0.010288,4.576377,0.010108,599.7,0.001000
34800,4.576149,0.010532,4.576313,0.009952,601.4,0.001000
34900,4.576042,0.010340,4.576473,0.010232,603.1,0.001000
35000,4.576107,0.010480,4.576445,0.010232,604.8,0.001000
35100,4.576369,0.010324,4.576606,0.010236,606.6,0.001000
35200,4.575924,0.010664,4.576439,0.010288,608.3,0.001000
35300,4.576218,0.010316,4.576478,0.010468,610.0,0.001000
35400,4.576201,0.010192,4.576486,0.010416,611.8,0.001000
35500,4.576262,0.010672,4.576539,0.009860,613.5,0.001000
35600,4.576043,0.010348,4.576264,0.010396,615.3,0.001000
35700,4.576513,0.010680,4.576807,0.010328,617.0,0.001000
35800,4.576287,0.010444,4.576451,0.010300,618.7,0.001000
35900,4.576284,0.010680,4.576454,0.010328,620.4,0.001000
36000,4.576166,0.010136,4.576350,0.010124,622.2,0.001000
36100,4.576307,0.010804,4.576807,0.010300,623.9,0.001000
36200,4.576234,0.010276,4.576608,0.010348,625.6,0.001000
36300,4.576270,0.010348,4.576942,0.010412,627.3,0.001000
36400,4.576269,0.010412,4.576727,0.010416,629.0,0.001000
36500,4.576134,0.010252,4.576272,0.010144,630.8,0.001000
36600,4.576433,0.010664,4.576562,0.010288,632.5,0.001000
36700,4.575986,0.010332,4.576211,0.010360,634.3,0.001000
36800,4.576014,0.010532,4.576408,0.010112,636.0,0.001000
36900,4.575928,0.010324,4.576139,0.010504,637.7,0.001000
37000,4.576341,0.010332,4.576707,0.010360,639.5,0.001000
37100,4.575987,0.010348,4.576467,0.010412,641.2,0.001000
37200,4.576355,0.010532,4.576777,0.010112,642.9,0.001000
37300,4.576332,0.010324,4.576559,0.010236,644.6,0.001000
37400,4.576204,0.010584,4.576477,0.010176,646.4,0.001000
37500,4.576065,0.010124,4.576431,0.010444,648.1,0.001000
37600,4.576160,0.010488,4.576427,0.010468,649.8,0.001000
37700,4.576009,0.010680,4.576368,0.010328,651.5,0.001000
37800,4.576276,0.010224,4.576519,0.010176,653.3,0.001000
37900,4.576522,0.010464,4.576947,0.010256,655.1,0.001000
38000,4.576228,0.010224,4.576743,0.010176,656.8,0.001000
38100,4.576276,0.010028,4.576601,0.010340,658.5,0.001000
38200,4.576159,0.010432,4.576282,0.010348,660.2,0.001000
38300,4.576008,0.010288,4.576467,0.010108,662.0,0.001000
38400,4.576556,0.010516,4.576852,0.010232,663.7,0.001000
38500,4.576140,0.010432,4.576660,0.010348,665.4,0.001000
38600,4.576410,0.010452,4.576693,0.010524,667.1,0.001000
38700,4.575972,0.010236,4.576256,0.010188,668.8,0.001000
38800,4.576193,0.010220,4.576678,0.010424,670.5,0.001000
38900,4.576091,0.010532,4.576560,0.009952,672.2,0.001000
39000,4.576066,0.010804,4.576404,0.010300,674.0,0.001000
39100,4.576110,0.010244,4.576287,0.010264,675.7,0.001000
39200,4.576146,0.010488,4.576407,0.010468,677.4,0.001000
39300,4.576081,0.010364,4.576321,0.010264,679.2,0.001000
39400,4.576069,0.010336,4.576350,0.010192,680.9,0.001000
39500,4.576267,0.010332,4.576430,0.010508,682.6,0.001000
39600,4.576113,0.010584,4.576344,0.010176,684.3,0.001000
39700,4.576374,0.010488,4.576747,0.010468,686.1,0.001000
39800,4.576152,0.010804,4.576383,0.010300,687.8,0.001000
39900,4.576175,0.010480,4.576387,0.010232,689.5,0.001000
40000,4.576121,0.010452,4.576549,0.010524,691.2,0.001000
40100,4.576154,0.010804,4.576472,0.010300,692.9,0.001000
40200,4.576286,0.010324,4.576396,0.010504,694.6,0.001000
40300,4.576333,0.010360,4.576703,0.010036,696.3,0.001000
40400,4.576631,0.010584,4.576849,0.010176,698.1,0.001000
40500,4.576116,0.010140,4.576302,0.010372,699.8,0.001000
40600,4.576286,0.010480,4.576757,0.010232,701.5,0.001000
40700,4.576305,0.010152,4.576449,0.010448,703.2,0.001000
40800,4.576209,0.010416,4.576618,0.010216,705.0,0.001000
40900,4.576190,0.010464,4.576573,0.010300,706.6,0.001000
41000,4.576376,0.010560,4.576621,0.010356,708.4,0.001000
41100,4.576344,0.010332,4.576513,0.010508,710.1,0.001000
41200,4.576662,0.010560,4.577105,0.010356,711.9,0.001000
41300,4.576325,0.010324,4.576664,0.010452,713.6,0.001000
41400,4.576040,0.010804,4.576362,0.010300,715.2,0.001000
41500,4.576226,0.010672,4.576564,0.009860,717.0,0.001000
41600,4.576525,0.010296,4.576693,0.010628,718.7,0.001000
41700,4.576171,0.010516,4.576747,0.010232,720.4,0.001000
41800,4.576147,0.010340,4.576554,0.010232,722.1,0.001000
41900,4.576095,0.010476,4.576259,0.010460,723.9,0.001000
42000,4.576102,0.010480,4.576429,0.010232,725.6,0.001000
42100,4.576170,0.010584,4.576607,0.010176,727.3,0.001000
42200,4.575983,0.010460,4.576209,0.010536,729.1,0.001000
42300,4.576301,0.010408,4.576473,0.010356,730.8,0.001000
42400,4.576135,0.010408,4.576449,0.010336,732.5,0.001000
42500,4.576128,0.010288,4.576339,0.010108,734.2,0.001000
42600,4.576318,0.010248,4.576554,0.010016,735.9,0.001000
42700,4.576226,0.010348,4.576716,0.010396,737.6,0.001000
42800,4.576314,0.010444,4.576644,0.010300,739.3,0.001000
42900,4.576238,0.010532,4.576723,0.009952,741.1,0.001000
43000,4.576301,0.010316,4.576632,0.010164,742.8,0.001000
43100,4.576332,0.010672,4.576767,0.009860,744.5,0.001000
43200,4.576179,0.010196,4.576649,0.010500,746.3,0.001000
43300,4.576474,0.010488,4.576747,0.010468,748.1,0.001000
43400,4.576183,0.010324,4.576595,0.010236,749.8,0.001000
43500,4.576481,0.010532,4.576755,0.010112,751.5,0.001000
43600,4.576256,0.010460,4.576565,0.010536,753.2,0.001000
43700,4.576025,0.010680,4.576230,0.010328,754.9,0.001000
43800,4.576261,0.010664,4.576732,0.010288,756.6,0.001000
43900,4.576139,0.010548,4.576579,0.010076,758.4,0.001000
44000,4.576343,0.010560,4.576939,0.010356,760.1,0.001000
44100,4.576413,0.010532,4.576923,0.010112,761.8,0.001000
44200,4.576175,0.010464,4.576528,0.010256,763.5,0.001000
44300,4.576294,0.010312,4.576635,0.010332,765.2,0.001000
44400,4.576389,0.010664,4.576755,0.010288,766.9,0.001000
44500,4.576687,0.010584,4.577099,0.010176,768.6,0.001000
44600,4.576497,0.010480,4.576680,0.010232,770.4,0.001000
44700,4.576097,0.010804,4.576520,0.010300,772.1,0.001000
44800,4.576496,0.010476,4.576899,0.010460,773.9,0.001000
44900,4.576407,0.010452,4.576725,0.010524,775.6,0.001000
45000,4.576207,0.010364,4.576371,0.010264,777.3,0.001000
45100,4.576357,0.010364,4.576660,0.010264,779.0,0.001000
45200,4.575997,0.010464,4.576149,0.010256,780.7,0.001000
45300,4.575963,0.010288,4.576231,0.010108,782.4,0.001000
45400,4.576085,0.010672,4.576396,0.009860,784.2,0.001000
45500,4.576122,0.010804,4.576441,0.010300,785.9,0.001000
45600,4.576269,0.010548,4.576532,0.010076,787.6,0.001000
45700,4.576101,0.010192,4.576396,0.010568,789.4,0.001000
45800,4.576277,0.010532,4.576632,0.010112,791.1,0.001000
45900,4.576059,0.010296,4.576219,0.010628,792.8,0.001000
46000,4.576210,0.010432,4.576655,0.010348,794.5,0.001000
46100,4.576042,0.010252,4.576456,0.010144,796.3,0.001000
46200,4.576230,0.010332,4.576440,0.010136,798.0,0.001000
46300,4.576470,0.010396,4.576852,0.009928,799.8,0.001000
46400,4.576031,0.010680,4.576253,0.010328,801.5,0.001000
46500,4.576035,0.010560,4.576274,0.010356,803.2,0.001000
46600,4.576125,0.010672,4.576422,0.009860,804.9,0.001000
46700,4.575768,0.010432,4.576066,0.010348,806.7,0.001000
46800,4.575955,0.010804,4.576206,0.010300,808.4,0.001000
46900,4.576194,0.010804,4.576633,0.010300,810.2,0.001000
47000,4.576293,0.010316,4.576501,0.010468,811.8,0.001000
47100,4.576335,0.010312,4.576711,0.010332,813.6,0.001000
47200,4.576554,0.010680,4.577065,0.010328,815.3,0.001000
47300,4.575941,0.010532,4.576491,0.009952,817.0,0.001000
47400,4.576292,0.010672,4.576886,0.009860,818.7,0.001000
47500,4.576221,0.010376,4.576364,0.010240,820.4,0.001000
47600,4.576089,0.010672,4.576492,0.009860,822.1,0.001000
47700,4.576124,0.010672,4.576516,0.009860,823.9,0.001000
47800,4.576055,0.010332,4.576435,0.010508,825.6,0.001000
47900,4.576345,0.010488,4.576732,0.010468,827.3,0.001000
48000,4.576266,0.010664,4.576836,0.010288,829.0,0.001000
48100,4.576296,0.010332,4.576674,0.010508,830.7,0.001000
48200,4.576331,0.010152,4.576567,0.010448,832.4,0.001000
48300,4.575913,0.010664,4.576224,0.010288,834.2,0.001000
48400,4.576193,0.010288,4.576746,0.010504,835.9,0.001000
48500,4.575872,0.010336,4.576180,0.010192,837.6,0.001000
48600,4.576259,0.010408,4.576269,0.010336,839.3,0.001000
48700,4.576303,0.010296,4.576523,0.010416,841.0,0.001000
48800,4.576315,0.010464,4.576366,0.010300,842.7,0.001000
48900,4.576233,0.010232,4.576333,0.010348,844.4,0.001000
49000,4.575958,0.010664,4.576480,0.010288,846.2,0.001000
49100,4.575964,0.010124,4.576243,0.010444,847.9,0.001000
49200,4.576191,0.010404,4.576414,0.010416,849.7,0.001000
49300,4.575875,0.010412,4.576241,0.010416,851.4,0.001000
49400,4.576198,0.010408,4.576489,0.010204,853.1,0.001000
49500,4.576117,0.010132,4.576418,0.010188,854.9,0.001000
49600,4.576191,0.010476,4.576643,0.010460,856.6,0.001000
49700,4.576193,0.010452,4.576495,0.010524,858.3,0.001000
49800,4.576100,0.010192,4.576178,0.010568,860.0,0.001000
49900,4.576067,0.010532,4.576483,0.010112,861.8,0.001000
50000,4.576347,0.010264,4.576758,0.010264,863.5,0.001000
50100,4.576154,0.010444,4.576301,0.010300,865.2,0.001000
50200,4.576594,0.010416,4.577020,0.010216,866.9,0.001000
50300,4.576287,0.010396,4.576991,0.009928,868.6,0.001000
50400,4.576322,0.010264,4.576678,0.010264,870.3,0.001000
50500,4.576227,0.010252,4.576398,0.010144,872.0,0.001000
50600,4.576314,0.010224,4.576572,0.010176,873.7,0.001000
50700,4.576168,0.010164,4.576391,0.010256,875.5,0.001000
50800,4.575977,0.010488,4.576192,0.010468,877.2,0.001000
50900,4.576057,0.010336,4.576369,0.010208,878.9,0.001000
51000,4.576101,0.010804,4.576309,0.010300,880.7,0.001000
51100,4.576078,0.010804,4.576531,0.010300,882.4,0.001000
51200,4.576289,0.010312,4.576465,0.010332,884.1,0.001000
51300,4.576096,0.010396,4.576246,0.009928,885.8,0.001000
51400,4.576289,0.010680,4.576786,0.010328,887.6,0.001000
51500,4.576497,0.010560,4.576595,0.010356,889.3,0.001000
51600,4.576124,0.010476,4.576447,0.010460,891.0,0.001000
51700,4.576152,0.010248,4.576145,0.010016,892.7,0.001000
51800,4.576206,0.010488,4.576516,0.010468,894.4,0.001000
51900,4.576129,0.010220,4.576513,0.010424,896.1,0.001000
52000,4.576089,0.010408,4.576579,0.010356,897.8,0.001000
52100,4.576166,0.010804,4.576686,0.010300,899.5,0.001000
52200,4.576036,0.010324,4.576479,0.010452,901.3,0.001000
52300,4.575919,0.010580,4.576311,0.010176,902.9,0.001000
52400,4.576138,0.010400,4.576483,0.010320,904.7,0.001000
52500,4.576038,0.010664,4.576388,0.010288,906.4,0.001000
52600,4.576229,0.010276,4.576405,0.010348,908.1,0.001000
52700,4.576200,0.010532,4.576684,0.009952,909.8,0.001000
52800,4.576223,0.010400,4.576630,0.010320,911.5,0.001000
52900,4.575919,0.010460,4.576089,0.010536,913.2,0.001000
53000,4.576368,0.010084,4.576785,0.010480,915.0,0.001000
53100,4.575926,0.010500,4.576382,0.010228,916.7,0.001000
53200,4.576283,0.010484,4.576787,0.010040,918.4,0.001000
53300,4.576132,0.010672,4.576398,0.009860,920.1,0.001000
53400,4.576199,0.010360,4.576397,0.010224,921.8,0.001000
53500,4.576323,0.010396,4.576631,0.009928,923.5,0.001000
53600,4.576488,0.010332,4.576694,0.010136,925.3,0.001000
53700,4.575904,0.010804,4.576122,0.010300,927.0,0.001000
53800,4.575988,0.010500,4.576182,0.010228,928.7,0.001000
53900,4.576313,0.010028,4.576406,0.010340,930.4,0.001000
54000,4.575981,0.010416,4.576293,0.010216,932.1,0.001000
54100,4.576108,0.010516,4.576477,0.010232,933.8,0.001000
54200,4.576202,0.010460,4.576591,0.010536,935.5,0.001000
54300,4.576353,0.010324,4.576779,0.010452,937.2,0.001000
54400,4.576005,0.010476,4.576221,0.010460,938.9,0.001000
54500,4.575978,0.010548,4.576225,0.010076,940.7,0.001000
54600,4.575922,0.010332,4.576287,0.010136,942.5,0.001000
54700,4.575967,0.010068,4.576197,0.010332,944.2,0.001000
54800,4.576193,0.010460,4.576551,0.010536,945.9,0.001000
54900,4.576178,0.010332,4.576507,0.010508,947.6,0.001000
55000,4.575911,0.010804,4.576384,0.010300,949.3,0.001000
55100,4.576291,0.010404,4.576712,0.010416,951.0,0.001000
55200,4.576310,0.010464,4.576664,0.010312,952.8,0.001000
55300,4.576117,0.010580,4.576685,0.010176,954.5,0.001000
55400,4.576126,0.010804,4.576599,0.010300,956.2,0.001000
55500,4.576128,0.010404,4.576610,0.010416,957.9,0.001000
55600,4.575994,0.010464,4.576404,0.010312,959.5,0.001000
55700,4.575921,0.010360,4.576162,0.010036,961.3,0.001000
55800,4.576191,0.010680,4.576684,0.010328,963.0,0.001000
55900,4.576334,0.010532,4.576858,0.010112,964.7,0.001000
56000,4.576312,0.010220,4.576527,0.010424,966.4,0.001000
56100,4.576113,0.010408,4.576453,0.010356,968.1,0.001000
56200,4.576536,0.010672,4.576741,0.009860,969.8,0.001000
56300,4.575872,0.010028,4.576068,0.010340,971.6,0.001000
56400,4.576348,0.010664,4.576879,0.010288,973.3,0.001000
56500,4.576461,0.010464,4.576814,0.010256,975.0,0.001000
56600,4.576069,0.010664,4.576541,0.010288,976.7,0.001000
56700,4.576412,0.010452,4.576636,0.010524,978.4,0.001000
56800,4.576168,0.010680,4.576506,0.010328,980.1,0.001000
56900,4.576223,0.010364,4.576471,0.010264,981.8,0.001000
57000,4.576156,0.010332,4.576612,0.010136,983.5,0.001000
57100,4.576199,0.010464,4.576413,0.010312,985.3,0.001000
57200,4.575990,0.010804,4.576456,0.010300,986.9,0.001000
57300,4.576166,0.010672,4.576412,0.009860,988.7,0.001000
57400,4.575766,0.010348,4.576054,0.010412,990.4,0.001000
57500,4.576043,0.010580,4.576365,0.010176,992.1,0.001000
57600,4.575986,0.010532,4.576286,0.010112,993.9,0.001000
57700,4.576186,0.010532,4.576450,0.010112,995.6,0.001000
57800,4.576217,0.010324,4.576459,0.010452,997.3,0.001000
57900,4.576160,0.010312,4.576652,0.010332,999.1,0.001000
58000,4.575994,0.010264,4.576270,0.010516,1000.8,0.001000
58100,4.575887,0.010488,4.576196,0.010468,1002.5,0.001000
58200,4.575990,0.010680,4.576506,0.010328,1004.2,0.001000
58300,4.576076,0.010464,4.576279,0.010312,1005.9,0.001000
58400,4.576087,0.010316,4.576364,0.010468,1007.7,0.001000
58500,4.576241,0.009960,4.576352,0.010532,1009.4,0.001000
58600,4.575945,0.010464,4.576281,0.010312,1011.1,0.001000
58700,4.576120,0.010804,4.576299,0.010300,1012.8,0.001000
58800,4.576146,0.010460,4.576169,0.010536,1014.5,0.001000
58900,4.576281,0.010664,4.576745,0.010288,1016.2,0.001000
59000,4.575900,0.010476,4.576328,0.010460,1018.0,0.001000
59100,4.576142,0.010488,4.576528,0.010468,1019.7,0.001000
59200,4.576608,0.010324,4.576712,0.010452,1021.4,0.001000
59300,4.576428,0.010236,4.576809,0.010188,1023.2,0.001000
59400,4.576064,0.010164,4.576311,0.010256,1024.9,0.001000
59500,4.576013,0.010332,4.576198,0.010136,1026.6,0.001000
59600,4.576081,0.010408,4.576448,0.010204,1028.4,0.001000
59700,4.576150,0.010360,4.576422,0.010036,1030.1,0.001000
59800,4.575921,0.010680,4.576273,0.010328,1031.9,0.001000
59900,4.576261,0.010680,4.576615,0.010328,1033.6,0.001000
60000,4.575891,0.010460,4.576122,0.010536,1035.3,0.001000
60100,4.576124,0.010140,4.576443,0.010320,1037.0,0.001000
60200,4.576506,0.010432,4.576801,0.010348,1038.7,0.001000
60300,4.576025,0.010804,4.576484,0.010300,1040.5,0.001000
60400,4.576201,0.010584,4.576532,0.010176,1042.2,0.001000
60500,4.575862,0.010412,4.576130,0.010416,1043.9,0.001000
60600,4.576230,0.010532,4.576460,0.010112,1045.7,0.001000
60700,4.575871,0.010476,4.576159,0.010460,1047.4,0.001000
60800,4.576184,0.010580,4.576609,0.010176,1049.1,0.001000
60900,4.576080,0.010068,4.576281,0.010332,1050.8,0.001000
61000,4.576045,0.010404,4.576720,0.010416,1052.6,0.001000
61100,4.576189,0.010664,4.576636,0.010288,1054.3,0.001000
61200,4.576112,0.010672,4.576448,0.009860,1056.0,0.001000
61300,4.576523,0.010584,4.576772,0.010176,1057.7,0.001000
61400,4.576216,0.010580,4.576416,0.010176,1059.4,0.001000
61500,4.576499,0.010460,4.576885,0.010536,1061.2,0.001000
61600,4.576395,0.010584,4.576810,0.010176,1062.9,0.001000
61700,4.576328,0.010376,4.576756,0.010240,1064.6,0.001000
61800,4.576180,0.010500,4.576495,0.010228,1066.3,0.001000
61900,4.576236,0.010804,4.576731,0.010300,1068.0,0.001000
62000,4.576104,0.010580,4.576085,0.010176,1069.8,0.001000
62100,4.576127,0.010580,4.576243,0.010176,1071.5,0.001000
62200,4.576281,0.010548,4.576481,0.010076,1073.3,0.001000
62300,4.576430,0.010404,4.576835,0.010416,1075.0,0.001000
62400,4.576000,0.010580,4.576373,0.010176,1076.8,0.001000
62500,4.576244,0.010432,4.576488,0.010348,1078.5,0.001000
62600,4.576645,0.010664,4.577251,0.010288,1080.2,0.001000
62700,4.575920,0.010464,4.576218,0.010300,1081.8,0.001000
62800,4.576235,0.010332,4.576433,0.010360,1083.6,0.001000
62900,4.576534,0.010500,4.576793,0.010228,1085.3,0.001000
63000,4.576061,0.010332,4.576431,0.010360,1087.0,0.001000
63100,4.576170,0.010364,4.576406,0.010264,1088.8,0.001000
63200,4.576191,0.010432,4.576553,0.010348,1090.5,0.001000
63300,4.576084,0.010680,4.576580,0.010328,1092.2,0.001000
63400,4.576156,0.010680,4.576509,0.010328,1094.0,0.001000
63500,4.576086,0.010532,4.576478,0.010112,1095.7,0.001000
63600,4.576013,0.010680,4.576577,0.010328,1097.4,0.001000
63700,4.576434,0.010416,4.576960,0.010216,1099.1,0.001000
63800,4.576052,0.010332,4.576179,0.010136,1100.9,0.001000
63900,4.576008,0.010432,4.576329,0.010348,1102.6,0.001000
64000,4.576428,0.010680,4.576744,0.010328,1104.3,0.001000
64100,4.576049,0.010804,4.576509,0.010300,1106.0,0.001000
64200,4.576005,0.010464,4.576353,0.010300,1107.8,0.001000
64300,4.576352,0.010480,4.576868,0.010232,1109.5,0.001000
64400,4.575983,0.010532,4.576483,0.010112,1111.2,0.001000
64500,4.576181,0.010484,4.576554,0.010040,1112.9,0.001000
64600,4.576451,0.010516,4.576729,0.010232,1114.6,0.001000
64700,4.576120,0.010332,4.576300,0.010360,1116.4,0.001000
64800,4.576079,0.010296,4.576405,0.010116,1118.1,0.001000
64900,4.576365,0.010268,4.576580,0.010172,1119.8,0.001000
65000,4.576149,0.010464,4.576408,0.010256,1121.5,0.001000
65100,4.576099,0.010400,4.576409,0.010320,1123.2,0.001000
65200,4.575991,0.010532,4.576371,0.009952,1125.0,0.001000
65300,4.576920,0.010296,4.577155,0.010116,1126.7,0.001000
65400,4.576063,0.010476,4.576210,0.010460,1128.4,0.001000
65500,4.576313,0.010516,4.576484,0.010232,1130.1,0.001000
65600,4.576101,0.010672,4.576662,0.009860,1131.9,0.001000
65700,4.576351,0.010412,4.576666,0.010416,1133.6,0.001000
65800,4.576200,0.010324,4.576605,0.010504,1135.4,0.001000
65900,4.576150,0.010464,4.576583,0.010300,1137.1,0.001000
66000,4.576256,0.010548,4.576696,0.010076,1138.8,0.001000
66100,4.576543,0.010480,4.576836,0.010232,1140.5,0.001000
66200,4.576137,0.010408,4.576422,0.010204,1142.3,0.001000
66300,4.576269,0.010316,4.576637,0.010468,1144.0,0.001000
66400,4.576335,0.010016,4.576469,0.010180,1145.7,0.001000
66500,4.576331,0.010224,4.576482,0.010176,1147.5,0.001000
66600,4.575955,0.010804,4.576416,0.010300,1149.2,0.001000
66700,4.576278,0.010452,4.576587,0.010524,1150.9,0.001000
66800,4.576431,0.010400,4.576749,0.010320,1152.6,0.001000
66900,4.576022,0.010532,4.576408,0.010112,1154.3,0.001000
67000,4.576189,0.010340,4.576532,0.010264,1156.1,0.001000
67100,4.576242,0.010332,4.576640,0.010508,1157.8,0.001000
67200,4.575970,0.010288,4.576131,0.010504,1159.5,0.001000
67300,4.576087,0.010484,4.576551,0.010040,1161.2,0.001000
67400,4.576277,0.010312,4.576525,0.010332,1162.9,0.001000
67500,4.576351,0.010288,4.576590,0.010108,1164.7,0.001000
67600,4.576333,0.010400,4.576509,0.010320,1166.4,0.001000
67700,4.576240,0.010672,4.576728,0.009860,1168.1,0.001000
67800,4.576295,0.010548,4.576406,0.010076,1169.8,0.001000
67900,4.575997,0.010560,4.576337,0.010356,1171.6,0.001000
68000,4.576136,0.010672,4.576425,0.009860,1173.3,0.001000
68100,4.576035,0.010532,4.576355,0.010112,1175.0,0.001000
68200,4.576171,0.010400,4.576608,0.010320,1176.7,0.001000
68300,4.576074,0.010332,4.576482,0.010136,1178.5,0.001000
68400,4.576812,0.010672,4.577212,0.009860,1180.2,0.001000
68500,4.576224,0.010348,4.576393,0.010396,1181.9,0.001000
68600,4.576175,0.010288,4.576465,0.010108,1183.6,0.001000
68700,4.576262,0.010680,4.576619,0.010328,1185.3,0.001000
68800,4.576313,0.010664,4.576811,0.010288,1187.0,0.001000
68900,4.575901,0.010360,4.576286,0.010036,1188.8,0.001000
69000,4.576052,0.010584,4.576507,0.010176,1190.5,0.001000
69100,4.576440,0.010672,4.576788,0.009860,1192.2,0.001000
69200,4.576103,0.010400,4.576339,0.010320,1194.0,0.001000
69300,4.575914,0.010664,4.576179,0.010288,1195.7,0.001000
69400,4.576189,0.010516,4.576563,0.010232,1197.4,0.001000
69500,4.576094,0.010680,4.576344,0.010328,1199.1,0.001000
69600,4.576183,0.010804,4.576556,0.010300,1200.8,0.001000
69700,4.576068,0.010332,4.576453,0.010508,1202.6,0.001000
69800,4.576085,0.010500,4.576488,0.010228,1204.3,0.001000
69900,4.576159,0.010664,4.576540,0.010288,1206.1,0.001000
70000,4.576124,0.010188,4.576392,0.010496,1207.8,0.001000
70100,4.575953,0.010672,4.576368,0.009860,1209.6,0.001000
70200,4.576375,0.010680,4.576685,0.010328,1211.3,0.001000
70300,4.576191,0.010584,4.576698,0.010176,1213.0,0.001000
70400,4.576139,0.010296,4.576304,0.010628,1214.7,0.001000
70500,4.576328,0.010664,4.576510,0.010288,1216.5,0.001000
70600,4.576180,0.010804,4.576641,0.010300,1218.2,0.001000
70700,4.576540,0.010804,4.577048,0.010300,1219.9,0.001000
70800,4.576297,0.010804,4.576652,0.010300,1221.6,0.001000
70900,4.576309,0.010376,4.576678,0.010240,1223.3,0.001000
71000,4.576114,0.010348,4.576512,0.010396,1225.0,0.001000
71100,4.576322,0.010560,4.576645,0.010356,1226.8,0.001000
71200,4.575933,0.010464,4.576462,0.010312,1228.5,0.001000
71300,4.576501,0.010312,4.576578,0.010332,1230.2,0.001000
71400,4.576222,0.010340,4.576592,0.010232,1231.9,0.001000
71500,4.576120,0.010672,4.576548,0.009860,1233.6,0.001000
71600,4.576299,0.010584,4.576453,0.010176,1235.4,0.001000
71700,4.576127,0.010672,4.576299,0.009860,1237.1,0.001000
71800,4.576117,0.010364,4.576489,0.010264,1238.8,0.001000
71900,4.575840,0.010804,4.576169,0.010300,1240.5,0.001000
72000,4.576141,0.010548,4.576476,0.010076,1242.3,0.001000
72100,4.576158,0.010584,4.576456,0.010176,1244.0,0.001000
72200,4.576047,0.010444,4.576359,0.010300,1245.7,0.001000
72300,4.576295,0.010412,4.576335,0.010416,1247.5,0.001000
72400,4.576110,0.010580,4.576202,0.010176,1249.2,0.001000
72500,4.575963,0.010464,4.576396,0.010300,1250.9,0.001000
72600,4.576139,0.010804,4.576496,0.010300,1252.6,0.001000
72700,4.576042,0.010580,4.576445,0.010176,1254.3,0.001000
72800,4.576198,0.010312,4.576541,0.010332,1256.0,0.001000
72900,4.576233,0.010164,4.576862,0.010088,1257.7,0.001000
73000,4.576232,0.010516,4.576697,0.010232,1259.5,0.001000
73100,4.576363,0.009780,4.576684,0.010344,1261.2,0.001000
73200,4.576280,0.010400,4.576520,0.010320,1262.9,0.001000
73300,4.576224,0.010360,4.576533,0.010036,1264.6,0.001000
73400,4.576052,0.010664,4.576324,0.010288,1266.3,0.001000
73500,4.576381,0.010296,4.576390,0.010416,1268.0,0.001000
73600,4.576087,0.010276,4.576347,0.010348,1269.8,0.001000
73700,4.575988,0.010804,4.576441,0.010300,1271.5,0.001000
73800,4.576198,0.010332,4.576476,0.010508,1273.2,0.001000
73900,4.576097,0.010460,4.576441,0.010536,1274.9,0.001000
74000,4.576155,0.010236,4.576435,0.010188,1276.6,0.001000
74100,4.576016,0.010484,4.576443,0.010040,1278.4,0.001000
74200,4.576076,0.010680,4.576393,0.010328,1280.1,0.001000
74300,4.576385,0.010416,4.576781,0.010216,1281.8,0.001000
74400,4.576337,0.010460,4.576676,0.010536,1283.5,0.001000
74500,4.576376,0.010324,4.576503,0.010504,1285.3,0.001000
74600,4.576001,0.010500,4.576486,0.010228,1287.0,0.001000
74700,4.576136,0.010276,4.576400,0.010348,1288.7,0.001000
74800,4.576262,0.010680,4.576726,0.010328,1290.4,0.001000
74900,4.575909,0.010464,4.576096,0.010256,1292.2,0.001000
75000,4.575953,0.010276,4.576423,0.010348,1293.9,0.001000
75100,4.576054,0.010248,4.576274,0.010016,1295.6,0.001000
75200,4.576070,0.010464,4.576449,0.010312,1297.3,0.001000
75300,4.576181,0.010244,4.576372,0.010264,1299.0,0.001000
75400,4.576068,0.010580,4.576396,0.010176,1300.7,0.001000
75500,4.575922,0.010452,4.576218,0.010524,1302.5,0.001000
75600,4.576239,0.010312,4.576519,0.010332,1304.2,0.001000
75700,4.575976,0.010408,4.576337,0.010356,1305.9,0.001000
75800,4.576042,0.010672,4.576506,0.009860,1307.7,0.001000
75900,4.576195,0.010348,4.576495,0.010412,1309.4,0.001000
76000,4.576179,0.010548,4.576660,0.010076,1311.1,0.001000
76100,4.576351,0.010248,4.576727,0.010016,1313.0,0.001000
76200,4.576130,0.010188,4.576488,0.010276,1314.7,0.001000
76300,4.576218,0.010232,4.576475,0.010348,1316.5,0.001000
76400,4.575904,0.010516,4.576153,0.010232,1318.2,0.001000
76500,4.576326,0.010316,4.576699,0.010164,1319.9,0.001000
76600,4.576108,0.010400,4.576157,0.010320,1321.6,0.001000
76700,4.576021,0.010296,4.576171,0.010628,1323.4,0.001000
76800,4.576286,0.010340,4.576401,0.010264,1325.1,0.001000
76900,4.576190,0.010288,4.576385,0.010504,1326.8,0.001000
77000,4.576561,0.010584,4.576832,0.010176,1328.6,0.001000
77100,4.576345,0.010416,4.576479,0.010216,1330.3,0.001000
77200,4.576264,0.010316,4.576547,0.010164,1332.0,0.001000
77300,4.576155,0.010584,4.576615,0.010176,1333.7,0.001000
77400,4.576395,0.010332,4.576761,0.010136,1335.4,0.001000
77500,4.576214,0.010236,4.576591,0.010188,1337.1,0.001000
77600,4.576096,0.010100,4.576261,0.010756,1338.9,0.001000
77700,4.576276,0.010340,4.576725,0.010232,1340.6,0.001000
77800,4.576097,0.010484,4.576383,0.010040,1342.3,0.001000
77900,4.576179,0.010672,4.576526,0.009860,1344.0,0.001000
78000,4.576114,0.010296,4.576366,0.010628,1345.8,0.001000
78100,4.576279,0.010332,4.576866,0.010136,1347.5,0.001000
78200,4.576438,0.010248,4.576777,0.010016,1349.2,0.001000
78300,4.576191,0.010532,4.576593,0.009952,1350.9,0.001000
78400,4.576355,0.010532,4.576848,0.009952,1352.6,0.001000
78500,4.576267,0.010516,4.576746,0.010232,1354.4,0.001000
78600,4.576027,0.010476,4.576223,0.010460,1356.1,0.001000
78700,4.576060,0.010464,4.576354,0.010256,1357.8,0.001000
78800,4.576175,0.010140,4.576354,0.010320,1359.5,0.001000
78900,4.576295,0.010516,4.576763,0.010232,1361.1,0.001000
79000,4.576098,0.010408,4.576580,0.010356,1362.9,0.001000
79100,4.576261,0.010316,4.576706,0.010468,1364.6,0.001000
79200,4.576109,0.010348,4.576507,0.010412,1366.3,0.001000
79300,4.576214,0.010316,4.576506,0.010164,1368.1,0.001000
79400,4.576193,0.010460,4.576570,0.010536,1369.8,0.001000
79500,4.576292,0.010476,4.576602,0.010460,1371.5,0.001000
79600,4.575989,0.010360,4.576321,0.010036,1373.2,0.001000
79700,4.576012,0.010268,4.576274,0.010172,1374.9,0.001000
79800,4.576093,0.010336,4.576420,0.010208,1376.6,0.001000
79900,4.576005,0.010288,4.576374,0.010504,1378.3,0.001000
80000,4.576179,0.010408,4.576546,0.010204,1380.0,0.001000
80100,4.575912,0.010188,4.576300,0.010276,1381.8,0.001000
80200,4.576259,0.010340,4.576535,0.010232,1383.5,0.001000
80300,4.576153,0.010124,4.576440,0.010444,1385.2,0.001000
80400,4.576188,0.010680,4.576533,0.010328,1386.9,0.001000
80500,4.576366,0.010516,4.576575,0.010232,1388.7,0.001000
80600,4.576166,0.010360,4.576523,0.010224,1390.4,0.001000
80700,4.576037,0.010188,4.576313,0.010496,1392.2,0.001000
80800,4.576202,0.010460,4.576584,0.010536,1393.9,0.001000
80900,4.576101,0.010548,4.576445,0.010076,1395.6,0.001000
81000,4.576297,0.010804,4.576640,0.010300,1397.3,0.001000
81100,4.576227,0.010804,4.576597,0.010300,1399.0,0.001000
81200,4.576651,0.010664,4.576933,0.010288,1400.7,0.001000
81300,4.576469,0.010324,4.576711,0.010236,1402.4,0.001000
81400,4.576074,0.010408,4.576493,0.010204,1404.2,0.001000
81500,4.576111,0.010296,4.576210,0.010116,1405.9,0.001000
81600,4.576143,0.010196,4.576288,0.010500,1407.7,0.001000
81700,4.576133,0.010400,4.576572,0.010320,1409.4,0.001000
81800,4.576353,0.010672,4.576717,0.009860,1411.1,0.001000
81900,4.576276,0.010220,4.576706,0.010424,1412.8,0.001000
82000,4.576069,0.010584,4.576437,0.010176,1414.5,0.001000
82100,4.576175,0.010464,4.576424,0.010300,1416.2,0.001000
82200,4.576427,0.010548,4.576814,0.010076,1418.0,0.001000
82300,4.576262,0.010532,4.576655,0.009952,1419.7,0.001000
82400,4.576161,0.010312,4.576394,0.010332,1421.4,0.001000
82500,4.576448,0.010188,4.576609,0.010276,1423.1,0.001000
82600,4.576377,0.010560,4.576803,0.010356,1424.8,0.001000
82700,4.576267,0.010488,4.576582,0.010468,1426.5,0.001000
82800,4.575960,0.010664,4.576287,0.010288,1428.2,0.001000
82900,4.576484,0.010248,4.576822,0.010016,1429.9,0.001000
83000,4.576108,0.010500,4.576250,0.010228,1431.6,0.001000
83100,4.576062,0.010324,4.576427,0.010452,1433.4,0.001000
83200,4.576083,0.010416,4.576603,0.010216,1435.1,0.001000
83300,4.575975,0.010412,4.576356,0.010416,1436.8,0.001000
83400,4.576055,0.010804,4.576209,0.010300,1438.5,0.001000
83500,4.576058,0.010560,4.576214,0.010356,1440.2,0.001000
83600,4.576086,0.010124,4.576335,0.010444,1442.0,0.001000
83700,4.576378,0.010548,4.576637,0.010076,1443.7,0.001000
83800,4.576501,0.010408,4.576578,0.010336,1445.4,0.001000
83900,4.576095,0.010248,4.576352,0.010016,1447.1,0.001000
84000,4.576379,0.010580,4.576729,0.010176,1448.8,0.001000
84100,4.576094,0.010584,4.576448,0.010176,1450.5,0.001000
84200,4.576212,0.010400,4.576567,0.010320,1452.3,0.001000
84300,4.576221,0.010340,4.576583,0.010232,1453.9,0.001000
84400,4.576140,0.010444,4.576186,0.010300,1455.6,0.001000
84500,4.576312,0.010484,4.576701,0.010040,1457.3,0.001000
84600,4.576322,0.010680,4.576727,0.010328,1459.0,0.001000
84700,4.576425,0.010408,4.576724,0.010204,1460.8,0.001000
84800,4.576334,0.010804,4.577004,0.010300,1462.4,0.001000
84900,4.575939,0.010312,4.576455,0.010332,1464.2,0.001000
85000,4.576138,0.010396,4.576487,0.009928,1465.9,0.001000
85100,4.576293,0.010532,4.576650,0.009952,1467.6,0.001000
85200,4.576101,0.010460,4.576216,0.010536,1469.3,0.001000
85300,4.576116,0.010584,4.576540,0.010176,1471.0,0.001000
85400,4.576128,0.010516,4.576499,0.010232,1472.8,0.001000
85500,4.576354,0.010360,4.576561,0.010036,1474.5,0.001000
85600,4.576015,0.010452,4.576160,0.010524,1476.2,0.001000
85700,4.576243,0.010500,4.576494,0.010228,1477.9,0.001000
85800,4.576200,0.010008,4.576505,0.010328,1479.6,0.001000
85900,4.576234,0.010664,4.576667,0.010288,1481.4,0.001000
86000,4.576126,0.010220,4.576433,0.010424,1483.1,0.001000
86100,4.576058,0.010664,4.576190,0.010288,1484.8,0.001000
86200,4.576221,0.010220,4.576362,0.010424,1486.5,0.001000
86300,4.576427,0.010340,4.576893,0.010264,1488.2,0.001000
86400,4.576409,0.010664,4.576580,0.010288,1489.9,0.001000
86500,4.575910,0.010444,4.576149,0.010300,1491.7,0.001000
86600,4.576385,0.010412,4.576493,0.010416,1493.4,0.001000
86700,4.576166,0.010532,4.576483,0.009952,1495.1,0.001000
86800,4.576004,0.010532,4.576415,0.009952,1496.8,0.001000
86900,4.576208,0.010532,4.576632,0.009952,1498.5,0.001000
87000,4.576249,0.010804,4.576444,0.010300,1500.2,0.001000
87100,4.576222,0.010140,4.576256,0.010372,1502.0,0.001000
87200,4.576047,0.010680,4.576525,0.010328,1503.7,0.001000
87300,4.575995,0.010580,4.576349,0.010176,1505.5,0.001000
87400,4.576248,0.010340,4.576773,0.010264,1507.2,0.001000
87500,4.576162,0.010340,4.576417,0.010264,1508.9,0.001000
87600,4.576167,0.010452,4.576462,0.010524,1510.6,0.001000
87700,4.575812,0.010488,4.576217,0.010468,1512.4,0.001000
87800,4.576257,0.010452,4.576534,0.010524,1514.1,0.001000
87900,4.576265,0.010324,4.576447,0.010452,1515.8,0.001000
88000,4.576075,0.010348,4.576207,0.010412,1517.5,0.001000
88100,4.576216,0.010460,4.576399,0.010536,1519.2,0.001000
88200,4.576230,0.010400,4.576507,0.010320,1520.9,0.001000
88300,4.576080,0.010264,4.576310,0.010516,1522.6,0.001000
88400,4.576345,0.010532,4.576698,0.009952,1524.3,0.001000
88500,4.576049,0.010340,4.576331,0.010232,1526.0,0.001000
88600,4.576118,0.010804,4.576372,0.010300,1527.7,0.001000
88700,4.576192,0.010336,4.576515,0.010208,1529.4,0.001000
88800,4.576135,0.010312,4.576414,0.010332,1531.1,0.001000
88900,4.576126,0.010804,4.576479,0.010300,1532.9,0.001000
89000,4.576202,0.010548,4.576757,0.010076,1534.6,0.001000
89100,4.576314,0.010248,4.576546,0.010016,1536.4,0.001000
89200,4.575944,0.010188,4.576260,0.010276,1538.1,0.001000
89300,4.576101,0.010444,4.576374,0.010300,1539.8,0.001000
89400,4.576322,0.010276,4.576507,0.010348,1541.5,0.001000
89500,4.576334,0.010220,4.576515,0.010424,1543.3,0.001000
89600,4.576160,0.010464,4.576572,0.010312,1545.0,0.001000
89700,4.576418,0.010264,4.576565,0.010264,1546.7,0.001000
89800,4.576147,0.010680,4.576531,0.010328,1548.4,0.001000
89900,4.576080,0.010152,4.576441,0.010448,1550.2,0.001000
90000,4.576258,0.010488,4.576581,0.010468,1551.9,0.001000
90100,4.576321,0.010804,4.576367,0.010300,1553.6,0.001000
90200,4.576060,0.010324,4.576420,0.010236,1555.3,0.001000
90300,4.576158,0.010672,4.576610,0.009860,1557.0,0.001000
90400,4.576257,0.010360,4.576591,0.010036,1558.8,0.001000
90500,4.576120,0.010460,4.576355,0.010536,1560.5,0.001000
90600,4.576392,0.010548,4.576871,0.010076,1562.2,0.001000
90700,4.576271,0.010248,4.576783,0.010016,1563.9,0.001000
90800,4.576392,0.010192,4.576578,0.010568,1565.6,0.001000
90900,4.576169,0.010516,4.576595,0.010232,1567.3,0.001000
91000,4.576320,0.010244,4.576716,0.010264,1569.0,0.001000
91100,4.576007,0.010804,4.576364,0.010300,1570.7,0.001000
91200,4.576259,0.010680,4.576511,0.010328,1572.5,0.001000
91300,4.576137,0.010316,4.576522,0.010468,1574.2,0.001000
91400,4.576044,0.010452,4.576473,0.010524,1575.9,0.001000
91500,4.576396,0.010132,4.576688,0.010188,1577.6,0.001000
91600,4.576176,0.010804,4.576530,0.010300,1579.4,0.001000
91700,4.576538,0.010188,4.576847,0.010276,1581.1,0.001000
91800,4.576214,0.010252,4.576583,0.010144,1582.8,0.001000
91900,4.576022,0.010480,4.576343,0.010232,1584.5,0.001000
92000,4.576272,0.010084,4.576438,0.010480,1586.3,0.001000
92100,4.576027,0.010324,4.576281,0.010236,1588.0,0.001000
92200,4.576156,0.010340,4.576544,0.010264,1589.7,0.001000
92300,4.576413,0.010384,4.576622,0.010204,1591.5,0.001000
92400,4.576052,0.010360,4.576488,0.010224,1593.2,0.001000
92500,4.576225,0.010484,4.576664,0.010040,1594.9,0.001000
92600,4.576224,0.010084,4.576499,0.010480,1596.6,0.001000
92700,4.576389,0.010664,4.576797,0.010288,1598.4,0.001000
92800,4.576234,0.010580,4.576679,0.010176,1600.1,0.001000
92900,4.575976,0.010360,4.576444,0.010224,1601.8,0.001000
93000,4.576107,0.010336,4.576414,0.010208,1603.6,0.001000
93100,4.576220,0.010560,4.576718,0.010356,1605.3,0.001000
93200,4.576552,0.010100,4.577102,0.010756,1607.0,0.001000
93300,4.576172,0.010476,4.576448,0.010460,1608.8,0.001000
93400,4.576110,0.010672,4.576489,0.009860,1610.5,0.001000
93500,4.576347,0.010404,4.576531,0.010416,1612.1,0.001000
93600,4.576217,0.010560,4.576558,0.010356,1613.9,0.001000
93700,4.576221,0.010804,4.576677,0.010300,1615.6,0.001000
93800,4.576206,0.010188,4.576584,0.010276,1617.3,0.001000
93900,4.576213,0.010156,4.576529,0.010264,1619.1,0.001000
94000,4.576135,0.010804,4.576369,0.010300,1620.8,0.001000
94100,4.576268,0.010408,4.576509,0.010356,1622.5,0.001000
94200,4.576206,0.010532,4.576508,0.010112,1624.2,0.001000
94300,4.576160,0.010548,4.576427,0.010076,1625.9,0.001000
94400,4.576351,0.010560,4.576670,0.010356,1627.6,0.001000
94500,4.576173,0.010664,4.576531,0.010288,1629.3,0.001000
94600,4.576184,0.010332,4.576706,0.010508,1631.1,0.001000
94700,4.576233,0.010580,4.576695,0.010176,1632.8,0.001000
94800,4.576177,0.010288,4.576486,0.010504,1634.5,0.001000
94900,4.576242,0.010480,4.576709,0.010232,1636.2,0.001000
95000,4.576097,0.010484,4.576342,0.010040,1638.0,0.001000
95100,4.576237,0.010560,4.576595,0.010356,1639.7,0.001000
95200,4.576044,0.010804,4.576295,0.010300,1641.4,0.001000
95300,4.575984,0.010312,4.576474,0.010332,1643.1,0.001000
95400,4.576230,0.010332,4.576483,0.010136,1644.8,0.001000
95500,4.576277,0.010348,4.576814,0.010396,1646.6,0.001000
95600,4.576238,0.010464,4.576496,0.010256,1648.3,0.001000
95700,4.575972,0.010360,4.576292,0.010224,1650.0,0.001000
95800,4.576058,0.010332,4.576410,0.010136,1651.7,0.001000
95900,4.576019,0.010296,4.576533,0.010628,1653.4,0.001000
96000,4.576250,0.010100,4.576492,0.010756,1655.1,0.001000
96100,4.575959,0.010516,4.576295,0.010232,1656.8,0.001000
96200,4.576461,0.010224,4.576839,0.010176,1658.6,0.001000
96300,4.576052,0.010464,4.576528,0.010312,1660.3,0.001000
96400,4.576294,0.010464,4.576760,0.010300,1662.0,0.001000
96500,4.576151,0.010464,4.576391,0.010256,1663.7,0.001000
96600,4.576292,0.010804,4.576756,0.010300,1665.4,0.001000
96700,4.576159,0.010444,4.576508,0.010300,1667.2,0.001000
96800,4.576284,0.010500,4.576659,0.010228,1669.0,0.001000
96900,4.576049,0.010408,4.576227,0.010356,1670.7,0.001000
97000,4.576123,0.010268,4.576369,0.010172,1672.4,0.001000
97100,4.576220,0.010804,4.576776,0.010300,1674.2,0.001000
97200,4.576184,0.010432,4.576661,0.010348,1675.9,0.001000
97300,4.576183,0.010804,4.576448,0.010300,1677.6,0.001000
97400,4.576073,0.010484,4.576385,0.010040,1679.3,0.001000
97500,4.576509,0.010432,4.576909,0.010348,1681.1,0.001000
97600,4.576212,0.010672,4.576518,0.009860,1682.8,0.001000
97700,4.576026,0.010244,4.576232,0.010264,1684.5,0.001000
97800,4.576298,0.010580,4.576585,0.010176,1686.2,0.001000
97900,4.576243,0.010400,4.576680,0.010320,1687.9,0.001000
98000,4.576078,0.010316,4.576313,0.010164,1689.6,0.001000
98100,4.576140,0.010188,4.576468,0.010276,1691.3,0.001000
98200,4.576104,0.010804,4.576428,0.010300,1693.0,0.001000
98300,4.576368,0.010672,4.576332,0.009860,1694.7,0.001000
98400,4.576143,0.010664,4.576224,0.010288,1696.5,0.001000
98500,4.576235,0.010560,4.576739,0.010356,1698.2,0.001000
98600,4.576131,0.010224,4.576207,0.010176,1699.9,0.001000
98700,4.575989,0.010580,4.576291,0.010176,1701.6,0.001000
98800,4.576067,0.010324,4.576405,0.010504,1703.4,0.001000
98900,4.576143,0.010532,4.576165,0.009952,1705.1,0.001000
99000,4.575943,0.010580,4.576371,0.010176,1706.8,0.001000
99100,4.575912,0.010408,4.576352,0.010204,1708.5,0.001000
99200,4.576119,0.010488,4.576427,0.010468,1710.2,0.001000
99300,4.575933,0.010324,4.576309,0.010236,1711.9,0.001000
99400,4.576167,0.010164,4.576549,0.010256,1713.6,0.001000
99500,4.576269,0.010132,4.576355,0.010188,1715.4,0.001000
99600,4.576118,0.010488,4.576477,0.010468,1717.1,0.001000
99700,4.576145,0.010348,4.576395,0.010412,1718.8,0.001000
99800,4.576165,0.010664,4.576514,0.010288,1720.5,0.001000
99900,4.576201,0.010332,4.576460,0.010508,1722.2,0.001000
100000,4.576456,0.010288,4.576681,0.010108,1723.9,0.001000
100100,4.576113,0.010672,4.576416,0.009860,1725.6,0.001000
100200,4.576234,0.010560,4.576350,0.010356,1727.4,0.001000
100300,4.575953,0.010804,4.576384,0.010300,1729.1,0.001000
100400,4.575940,0.010360,4.576262,0.010224,1730.8,0.001000
100500,4.576081,0.010548,4.576513,0.010076,1732.5,0.001000
100600,4.576299,0.010680,4.576456,0.010328,1734.3,0.001000
100700,4.576190,0.010460,4.576553,0.010536,1736.0,0.001000
100800,4.576012,0.010464,4.576388,0.010312,1737.8,0.001000
100900,4.576105,0.010412,4.576399,0.010416,1739.5,0.001000
101000,4.576102,0.010804,4.576475,0.010300,1741.2,0.001000
101100,4.576358,0.010460,4.576667,0.010536,1742.9,0.001000
101200,4.576154,0.010464,4.576595,0.010256,1744.6,0.001000
101300,4.576173,0.010264,4.576324,0.010516,1746.3,0.001000
101400,4.576126,0.010288,4.576562,0.010108,1748.1,0.001000
101500,4.576333,0.010416,4.576932,0.010216,1749.8,0.001000
101600,4.575985,0.010296,4.576487,0.010416,1751.5,0.001000
101700,4.576378,0.010008,4.576668,0.010328,1753.2,0.001000
101800,4.576216,0.010164,4.576540,0.010256,1755.0,0.001000
101900,4.576230,0.010232,4.576581,0.010348,1756.6,0.001000
102000,4.576062,0.010664,4.576263,0.010288,1758.4,0.001000
102100,4.576056,0.010408,4.576316,0.010356,1760.1,0.001000
102200,4.576272,0.010396,4.576760,0.009928,1761.8,0.001000
102300,4.576205,0.010560,4.576541,0.010356,1763.6,0.001000
102400,4.576175,0.010408,4.576415,0.010336,1765.4,0.001000
102500,4.576171,0.010480,4.576531,0.010232,1767.1,0.001000
102600,4.576185,0.010316,4.576607,0.010164,1768.8,0.001000
102700,4.576186,0.010476,4.576636,0.010460,1770.6,0.001000
102800,4.576083,0.010140,4.576404,0.010320,1772.3,0.001000
102900,4.576377,0.010804,4.576714,0.010300,1774.0,0.001000
103000,4.576302,0.010464,4.576679,0.010256,1775.7,0.001000
103100,4.576250,0.010560,4.576673,0.010356,1777.4,0.001000
103200,4.576157,0.010408,4.576443,0.010336,1779.2,0.001000
103300,4.576545,0.009780,4.576859,0.010344,1780.9,0.001000
103400,4.576028,0.010584,4.576384,0.010176,1782.6,0.001000
103500,4.576558,0.010452,4.576935,0.010524,1784.3,0.001000
103600,4.576124,0.010464,4.576350,0.010256,1786.1,0.001000
103700,4.576099,0.010804,4.576473,0.010300,1787.8,0.001000
103800,4.576263,0.010100,4.576332,0.010756,1789.5,0.001000
103900,4.576122,0.010580,4.576334,0.010176,1791.2,0.001000
104000,4.576035,0.010348,4.576430,0.010412,1792.9,0.001000
104100,4.576078,0.010152,4.576373,0.010448,1794.6,0.001000
104200,4.576031,0.010484,4.576299,0.010040,1796.4,0.001000
104300,4.576078,0.010324,4.576455,0.010452,1798.1,0.001000
104400,4.575963,0.010664,4.576439,0.010288,1799.8,0.001000
104500,4.576071,0.010532,4.576318,0.009952,1801.5,0.001000
104600,4.576434,0.010224,4.576727,0.010188,1803.3,0.001000
104700,4.576249,0.010332,4.576642,0.010508,1805.0,0.001000
104800,4.576079,0.010296,4.576381,0.010628,1806.8,0.001000
104900,4.576078,0.010580,4.576350,0.010176,1808.5,0.001000
105000,4.576108,0.010396,4.576341,0.009928,1810.2,0.001000
105100,4.575975,0.010252,4.576378,0.010144,1811.9,0.001000
105200,4.576202,0.010804,4.576673,0.010300,1813.6,0.001000
105300,4.576223,0.010340,4.576437,0.010232,1815.3,0.001000
105400,4.576081,0.010408,4.576324,0.010336,1817.0,0.001000
105500,4.576056,0.010672,4.576327,0.009860,1818.8,0.001000
105600,4.576027,0.010464,4.576422,0.010312,1820.5,0.001000
105700,4.576428,0.010548,4.576904,0.010076,1822.2,0.001000
105800,4.576268,0.010560,4.576642,0.010356,1823.9,0.001000
105900,4.576354,0.010296,4.576738,0.010416,1825.6,0.001000
106000,4.576103,0.010408,4.576299,0.010336,1827.4,0.001000
106100,4.575925,0.010140,4.576281,0.010320,1829.1,0.001000
106200,4.576274,0.010804,4.576581,0.010300,1830.8,0.001000
106300,4.576052,0.010348,4.576149,0.010412,1832.5,0.001000
106400,4.576260,0.010224,4.576695,0.010188,1834.2,0.001000
106500,4.576270,0.010548,4.576760,0.010076,1835.9,0.001000
106600,4.576314,0.010360,4.576831,0.010036,1837.6,0.001000
106700,4.576319,0.010360,4.576474,0.010036,1839.3,0.001000
106800,4.576037,0.010672,4.576384,0.009860,1841.0,0.001000
106900,4.576091,0.010336,4.576616,0.010192,1842.8,0.001000
107000,4.575910,0.010232,4.576270,0.010348,1844.5,0.001000
107100,4.576426,0.010220,4.576944,0.010424,1846.2,0.001000
107200,4.576200,0.010416,4.576603,0.010216,1847.9,0.001000
107300,4.576098,0.010804,4.576556,0.010300,1849.7,0.001000
107400,4.576223,0.010396,4.576531,0.009928,1851.4,0.001000
107500,4.575964,0.010396,4.576271,0.009928,1853.1,0.001000
107600,4.576290,0.010408,4.576739,0.010336,1854.8,0.001000
107700,4.576383,0.010340,4.576433,0.010264,1856.5,0.001000
107800,4.576455,0.010412,4.576766,0.010416,1858.2,0.001000
107900,4.576372,0.010804,4.576789,0.010300,1859.9,0.001000
108000,4.576278,0.010220,4.576394,0.010424,1861.6,0.001000
108100,4.576176,0.010404,4.576597,0.010416,1863.4,0.001000
108200,4.576218,0.010416,4.576577,0.010216,1865.1,0.001000
108300,4.576165,0.010672,4.576456,0.009860,1866.9,0.001000
108400,4.576316,0.010548,4.576711,0.010076,1868.6,0.001000
108500,4.576261,0.010532,4.576798,0.009952,1870.3,0.001000
108600,4.576291,0.010416,4.576915,0.010216,1872.0,0.001000
108700,4.576309,0.010532,4.576584,0.010112,1873.7,0.001000
108800,4.576086,0.010804,4.576650,0.010300,1875.5,0.001000
108900,4.576421,0.010348,4.576743,0.010412,1877.2,0.001000
109000,4.576182,0.010452,4.576461,0.010524,1878.9,0.001000
109100,4.576079,0.010360,4.576280,0.010224,1880.6,0.001000
109200,4.575927,0.010408,4.576156,0.010336,1882.3,0.001000
109300,4.576504,0.010332,4.576778,0.010508,1884.0,0.001000
109400,4.576286,0.010460,4.576540,0.010536,1885.7,0.001000
109500,4.576217,0.010680,4.576787,0.010328,1887.4,0.001000
109600,4.576075,0.010672,4.576433,0.009860,1889.2,0.001000
109700,4.576118,0.010548,4.576762,0.010076,1890.8,0.001000
109800,4.575909,0.010296,4.576176,0.010416,1892.6,0.001000
109900,4.576189,0.010268,4.576530,0.010172,1894.3,0.001000
110000,4.576109,0.010460,4.576374,0.010536,1896.0,0.001000
110100,4.575979,0.010680,4.576429,0.010328,1897.8,0.001000
110200,4.576106,0.010532,4.576693,0.010112,1899.5,0.001000
110300,4.576075,0.010532,4.576403,0.010112,1901.2,0.001000
110400,4.576400,0.010332,4.576719,0.010360,1902.9,0.001000
110500,4.576029,0.010360,4.576422,0.010036,1904.7,0.001000
110600,4.576534,0.010412,4.576790,0.010416,1906.3,0.001000
110700,4.576277,0.010324,4.576585,0.010504,1908.1,0.001000
110800,4.576248,0.010560,4.576396,0.010356,1909.8,0.001000
110900,4.576329,0.010360,4.576597,0.010224,1911.5,0.001000
111000,4.576294,0.010804,4.576690,0.010300,1913.2,0.001000
111100,4.576145,0.010316,4.576525,0.010164,1915.0,0.001000
111200,4.576499,0.010584,4.576857,0.010176,1916.7,0.001000
111300,4.576015,0.010480,4.576256,0.010232,1918.4,0.001000
111400,4.575984,0.010560,4.576175,0.010356,1920.1,0.001000
111500,4.576265,0.010408,4.576500,0.010204,1921.8,0.001000
111600,4.576091,0.010476,4.576429,0.010460,1923.5,0.001000
111700,4.576130,0.010444,4.576474,0.010300,1925.3,0.001000
111800,4.576235,0.010340,4.576453,0.010232,1927.0,0.001000
111900,4.576574,0.010296,4.576953,0.010628,1928.7,0.001000
112000,4.576294,0.010364,4.576567,0.010264,1930.4,0.001000
112100,4.576403,0.010516,4.576719,0.010232,1932.1,0.001000
112200,4.576106,0.010560,4.576318,0.010356,1933.8,0.001000
112300,4.576257,0.010360,4.576620,0.010224,1935.6,0.001000
112400,4.576081,0.010364,4.576437,0.010264,1937.2,0.001000
112500,4.576155,0.010412,4.576531,0.010416,1938.9,0.001000
112600,4.576106,0.010104,4.576540,0.010296,1940.7,0.001000
112700,4.576146,0.010480,4.576599,0.010232,1942.4,0.001000
112800,4.576558,0.010484,4.576992,0.010040,1944.1,0.001000
112900,4.576050,0.010804,4.576398,0.010300,1945.8,0.001000
113000,4.576147,0.010664,4.576851,0.010288,1947.5,0.001000
113100,4.576413,0.010484,4.576816,0.010040,1949.2,0.001000
113200,4.576318,0.010232,4.576800,0.010348,1951.0,0.001000
113300,4.576465,0.010464,4.576633,0.010312,1952.7,0.001000
113400,4.576550,0.010324,4.576701,0.010452,1954.4,0.001000
113500,4.576013,0.010408,4.576361,0.010356,1956.1,0.001000
113600,4.576229,0.010400,4.576421,0.010320,1957.8,0.001000
113700,4.576186,0.010560,4.576325,0.010356,1959.6,0.001000
113800,4.576031,0.010384,4.576281,0.010204,1961.3,0.001000
113900,4.576332,0.010680,4.576433,0.010328,1963.0,0.001000
114000,4.576230,0.010488,4.576446,0.010468,1964.7,0.001000
114100,4.576161,0.010444,4.576598,0.010300,1966.4,0.001000
114200,4.576036,0.010664,4.576549,0.010288,1968.1,0.001000
114300,4.576508,0.010548,4.576982,0.010076,1969.8,0.001000
114400,4.576229,0.010500,4.576682,0.010228,1971.6,0.001000
114500,4.576247,0.010296,4.576547,0.010628,1973.3,0.001000
114600,4.576025,0.010532,4.576484,0.009952,1975.0,0.001000
114700,4.575930,0.010488,4.576365,0.010468,1976.7,0.001000
114800,4.576044,0.010412,4.576356,0.010416,1978.5,0.001000
114900,4.576084,0.010324,4.576366,0.010452,1980.2,0.001000
115000,4.575847,0.010348,4.576134,0.010396,1981.9,0.001000
115100,4.576063,0.010464,4.576224,0.010312,1983.6,0.001000
115200,4.576222,0.010412,4.576527,0.010416,1985.3,0.001000
115300,4.576180,0.010680,4.576311,0.010328,1987.0,0.001000
115400,4.576243,0.010408,4.576458,0.010356,1988.7,0.001000
115500,4.576282,0.010476,4.576410,0.010460,1990.5,0.001000
115600,4.575942,0.010488,4.576189,0.010468,1992.2,0.001000
115700,4.575937,0.010480,4.576294,0.010232,1993.9,0.001000
115800,4.576210,0.010316,4.576594,0.010164,1995.6,0.001000
115900,4.576478,0.010396,4.576904,0.009928,1997.4,0.001000
116000,4.575983,0.010664,4.576228,0.010288,1999.2,0.001000
116100,4.576035,0.010464,4.576390,0.010300,2000.9,0.001000
116200,4.575879,0.010560,4.576159,0.010356,2002.6,0.001000
116300,4.576145,0.010384,4.576455,0.010204,2004.4,0.001000
116400,4.576366,0.010500,4.576855,0.010228,2006.1,0.001000
116500,4.576059,0.010664,4.576407,0.010288,2007.8,0.001000
116600,4.575965,0.010296,4.576200,0.010628,2009.5,0.001000
116700,4.576083,0.010336,4.576324,0.010208,2011.2,0.001000
116800,4.576066,0.010480,4.576363,0.010232,2012.9,0.001000
116900,4.576448,0.010804,4.576685,0.010300,2014.6,0.001000
117000,4.576271,0.010336,4.576707,0.010208,2016.3,0.001000
117100,4.576086,0.010464,4.576409,0.010300,2018.0,0.001000
117200,4.576122,0.010672,4.576408,0.009860,2019.7,0.001000
117300,4.576199,0.010264,4.576472,0.010264,2021.5,0.001000
117400,4.576086,0.010672,4.576383,0.009860,2023.2,0.001000
117500,4.576207,0.010188,4.576690,0.010496,2024.9,0.001000
117600,4.576211,0.010680,4.576645,0.010328,2026.6,0.001000
117700,4.576280,0.010672,4.576863,0.009860,2028.3,0.001000
117800,4.576115,0.010316,4.576424,0.010468,2030.0,0.001000
117900,4.576037,0.010360,4.576303,0.010224,2031.7,0.001000
118000,4.576046,0.010400,4.576706,0.010320,2033.5,0.001000
118100,4.576439,0.010348,4.576704,0.010396,2035.2,0.001000
118200,4.576087,0.010324,4.576353,0.010236,2036.9,0.001000
118300,4.575996,0.010804,4.576431,0.010300,2038.7,0.001000
118400,4.576285,0.010516,4.576703,0.010232,2040.4,0.001000
118500,4.576143,0.010804,4.576590,0.010300,2042.1,0.001000
118600,4.576053,0.010580,4.576332,0.010176,2043.8,0.001000
118700,4.576094,0.010488,4.576424,0.010468,2045.5,0.001000
118800,4.575960,0.010672,4.576062,0.009860,2047.2,0.001000
118900,4.576385,0.010316,4.576454,0.010468,2049.0,0.001000
119000,4.576223,0.010348,4.576715,0.010396,2050.7,0.001000
119100,4.576243,0.010008,4.576514,0.010328,2052.4,0.001000
119200,4.576213,0.010548,4.576471,0.010076,2054.1,0.001000
119300,4.576132,0.010532,4.576312,0.009952,2055.8,0.001000
119400,4.576034,0.010664,4.576339,0.010288,2057.5,0.001000
119500,4.576405,0.010464,4.576555,0.010300,2059.3,0.001000
119600,4.576290,0.010016,4.576708,0.010180,2060.9,0.001000
119700,4.576014,0.010664,4.576411,0.010288,2062.7,0.001000
119800,4.576228,0.010664,4.576615,0.010288,2064.4,0.001000
119900,4.576219,0.010804,4.576740,0.010300,2066.2,0.001000
120000,4.576025,0.010464,4.576339,0.010256,2067.9,0.001000
120100,4.576214,0.010560,4.576608,0.010356,2069.7,0.001000
120200,4.576206,0.010480,4.576582,0.010232,2071.4,0.001000
120300,4.576034,0.010580,4.576412,0.010176,2073.1,0.001000
120400,4.576012,0.010312,4.576397,0.010332,2074.8,0.001000
120500,4.576028,0.010804,4.576186,0.010300,2076.5,0.001000
120600,4.575968,0.010408,4.576224,0.010204,2078.2,0.001000
120700,4.576277,0.010464,4.576900,0.010300,2079.9,0.001000
120800,4.576418,0.010500,4.576900,0.010228,2081.6,0.001000
120900,4.576071,0.010360,4.576575,0.010036,2083.3,0.001000
121000,4.576180,0.010376,4.576542,0.010240,2085.1,0.001000
121100,4.576401,0.010408,4.576674,0.010356,2086.8,0.001000
121200,4.576062,0.010680,4.576276,0.010328,2088.8,0.001000
121300,4.575801,0.010664,4.576301,0.010288,2090.6,0.001000
121400,4.576066,0.010324,4.576398,0.010452,2092.2,0.001000
121500,4.575820,0.010548,4.576229,0.010076,2093.9,0.001000
121600,4.575944,0.010288,4.576350,0.010108,2095.7,0.001000
121700,4.576216,0.010408,4.576428,0.010336,2097.4,0.001000
121800,4.576096,0.010452,4.576475,0.010524,2099.2,0.001000
121900,4.576198,0.010680,4.576466,0.010328,2101.0,0.001000
122000,4.576036,0.010532,4.576512,0.009952,2102.7,0.001000
122100,4.575962,0.010316,4.576295,0.010468,2104.5,0.001000
122200,4.576127,0.010288,4.576293,0.010504,2106.2,0.001000
122300,4.576232,0.010488,4.576417,0.010468,2108.1,0.001000
122400,4.576208,0.010464,4.576447,0.010312,2109.9,0.001000
122500,4.576218,0.010332,4.576380,0.010508,2111.6,0.001000
122600,4.576551,0.010156,4.576939,0.010264,2113.8,0.001000
122700,4.576252,0.010224,4.576441,0.010188,2115.6,0.001000
122800,4.576377,0.010580,4.576615,0.010176,2117.3,0.001000
122900,4.576284,0.010464,4.576634,0.010300,2119.0,0.001000
123000,4.576149,0.010484,4.576737,0.010040,2120.6,0.001000
123100,4.576209,0.010340,4.576330,0.010264,2122.4,0.001000
123200,4.576266,0.010408,4.576495,0.010356,2124.1,0.001000
123300,4.576343,0.010376,4.576502,0.010240,2125.8,0.001000
123400,4.576108,0.010444,4.576308,0.010300,2127.6,0.001000
123500,4.575982,0.010584,4.576327,0.010176,2129.4,0.001000
123600,4.576282,0.010560,4.576492,0.010356,2131.2,0.001000
123700,4.576099,0.010416,4.576287,0.010216,2133.1,0.001000
123800,4.576145,0.010264,4.576385,0.010516,2134.8,0.001000
123900,4.576224,0.010404,4.576629,0.010416,2136.8,0.001000
124000,4.576417,0.010672,4.576933,0.009860,2138.7,0.001000
124100,4.576173,0.010196,4.576698,0.010500,2140.6,0.001000
124200,4.576189,0.010664,4.576523,0.010288,2142.5,0.001000
124300,4.576345,0.010416,4.576746,0.010216,2144.2,0.001000
124400,4.576092,0.010476,4.576515,0.010460,2146.1,0.001000
124500,4.576208,0.010804,4.576743,0.010300,2147.9,0.001000
124600,4.576427,0.010464,4.576550,0.010312,2149.8,0.001000
124700,4.576166,0.010560,4.576581,0.010356,2151.6,0.001000
124800,4.576111,0.010500,4.576486,0.010228,2153.4,0.001000
124900,4.576211,0.010408,4.576505,0.010356,2155.2,0.001000
125000,4.576339,0.010188,4.576857,0.010496,2157.0,0.001000
125100,4.576250,0.010104,4.576603,0.010296,2158.8,0.001000
125200,4.576069,0.010548,4.576328,0.010076,2160.6,0.001000
125300,4.576232,0.010324,4.576570,0.010236,2162.4,0.001000
125400,4.576502,0.010584,4.576737,0.010176,2164.2,0.001000
125500,4.576141,0.010244,4.576421,0.010264,2166.2,0.001000
125600,4.576152,0.010360,4.576404,0.010036,2168.2,0.001000
125700,4.576137,0.010312,4.576472,0.010332,2170.2,0.001000
125800,4.576184,0.010432,4.576534,0.010348,2172.1,0.001000
125900,4.576343,0.010476,4.576622,0.010460,2173.9,0.001000
126000,4.576101,0.010464,4.576609,0.010256,2175.7,0.001000
126100,4.576356,0.010248,4.576627,0.010016,2177.5,0.001000
126200,4.576255,0.010216,4.576790,0.010440,2179.7,0.001000
126300,4.576169,0.010408,4.576415,0.010204,2182.0,0.001000
126400,4.576272,0.010680,4.576691,0.010328,2183.9,0.001000
126500,4.576130,0.010680,4.576360,0.010328,2185.7,0.001000
126600,4.576086,0.010452,4.576437,0.010524,2187.5,0.001000
126700,4.575898,0.010680,4.576367,0.010328,2189.3,0.001000
126800,4.576107,0.010516,4.576461,0.010232,2191.1,0.001000
126900,4.576043,0.010484,4.576289,0.010040,2192.8,0.001000
127000,4.576289,0.010324,4.576773,0.010236,2194.6,0.001000
127100,4.576149,0.010432,4.576472,0.010348,2196.5,0.001000
127200,4.576382,0.010340,4.576685,0.010264,2198.2,0.001000
127300,4.576422,0.010664,4.576935,0.010288,2200.0,0.001000
127400,4.576306,0.010396,4.576699,0.009928,2201.8,0.001000
127500,4.576166,0.010156,4.576549,0.010264,2203.6,0.001000
127600,4.576070,0.010484,4.576507,0.010148,2205.3,0.001000
127700,4.576242,0.010476,4.576529,0.010460,2207.1,0.001000
127800,4.575997,0.010476,4.576330,0.010460,2208.8,0.001000
127900,4.576238,0.010516,4.576695,0.010232,2210.5,0.001000
128000,4.576229,0.010008,4.576407,0.010328,2212.2,0.001000
128100,4.576235,0.010252,4.576539,0.010144,2214.0,0.001000
128200,4.576198,0.010340,4.576399,0.010232,2215.7,0.001000
128300,4.575844,0.010464,4.576172,0.010256,2217.5,0.001000
128400,4.576290,0.010404,4.576750,0.010416,2219.2,0.001000
128500,4.576244,0.010068,4.576416,0.010332,2221.0,0.001000
128600,4.576280,0.010384,4.576574,0.010204,2222.7,0.001000
128700,4.576150,0.010296,4.576455,0.010416,2224.4,0.001000
128800,4.576148,0.010408,4.576662,0.010356,2226.2,0.001000
128900,4.576320,0.010464,4.576661,0.010256,2227.9,0.001000
129000,4.576049,0.010476,4.576474,0.010460,2229.6,0.001000
129100,4.576374,0.010804,4.576704,0.010300,2231.4,0.001000
129200,4.576304,0.010396,4.576628,0.009928,2233.2,0.001000
129300,4.576088,0.010416,4.576396,0.010216,2234.9,0.001000
129400,4.576242,0.010376,4.576715,0.010240,2236.6,0.001000
129500,4.576393,0.010532,4.576921,0.009952,2238.3,0.001000
129600,4.576206,0.010164,4.576561,0.010088,2240.0,0.001000
129700,4.576098,0.010532,4.576454,0.010112,2241.7,0.001000
129800,4.576320,0.010804,4.576686,0.010300,2243.4,0.001000
129900,4.576166,0.010324,4.576484,0.010452,2245.1,0.001000
130000,4.576125,0.010216,4.576397,0.010440,2246.8,0.001000
130100,4.576054,0.010244,4.576375,0.010264,2248.5,0.001000
130200,4.575984,0.010364,4.576389,0.010264,2250.2,0.001000
130300,4.576366,0.010488,4.576617,0.010468,2251.9,0.001000
130400,4.576447,0.010152,4.576735,0.010448,2253.6,0.001000
130500,4.576065,0.010804,4.576153,0.010300,2255.3,0.001000
130600,4.576025,0.010364,4.576458,0.010264,2257.0,0.001000
130700,4.576045,0.010580,4.576316,0.010176,2258.6,0.001000
130800,4.575984,0.010268,4.576241,0.010172,2260.3,0.001000
130900,4.576068,0.010336,4.576309,0.010192,2262.0,0.001000
131000,4.576134,0.010452,4.576475,0.010524,2263.7,0.001000
131100,4.576209,0.010804,4.576576,0.010300,2265.4,0.001000
131200,4.576233,0.010348,4.576564,0.010396,2267.1,0.001000
131300,4.576451,0.010296,4.576721,0.010116,2268.8,0.001000
131400,4.576234,0.010464,4.576652,0.010256,2270.5,0.001000
131500,4.576251,0.010516,4.576339,0.010232,2272.2,0.001000
131600,4.575995,0.010672,4.576510,0.009860,2273.9,0.001000
131700,4.576238,0.010444,4.576647,0.010300,2275.6,0.001000
131800,4.576409,0.010384,4.576997,0.010204,2277.3,0.001000
131900,4.576538,0.010480,4.576793,0.010232,2279.0,0.001000
132000,4.576146,0.010680,4.576338,0.010328,2280.7,0.001000
132100,4.576306,0.010680,4.576351,0.010328,2282.4,0.001000
132200,4.576185,0.010324,4.576333,0.010504,2284.1,0.001000
132300,4.576228,0.010360,4.576462,0.010036,2285.8,0.001000
132400,4.576352,0.010460,4.576803,0.010536,2287.4,0.001000
132500,4.576366,0.010316,4.576663,0.010164,2289.2,0.001000
132600,4.576120,0.010316,4.576388,0.010468,2290.9,0.001000
132700,4.576207,0.010464,4.576630,0.010300,2292.6,0.001000
132800,4.576300,0.010584,4.576733,0.010176,2294.2,0.001000
132900,4.576217,0.010444,4.576632,0.010300,2295.9,0.001000
133000,4.576422,0.010252,4.576746,0.010144,2297.6,0.001000
133100,4.576120,0.010804,4.576430,0.010300,2299.3,0.001000
133200,4.576092,0.010464,4.576335,0.010312,2301.0,0.001000
133300,4.576037,0.010348,4.576299,0.010396,2302.7,0.001000
133400,4.576077,0.010136,4.576354,0.010124,2304.4,0.001000
133500,4.576321,0.010580,4.576690,0.010176,2306.1,0.001000
133600,4.576023,0.010664,4.576403,0.010288,2307.8,0.001000
133700,4.576140,0.010680,4.576324,0.010328,2309.5,0.001000
133800,4.576227,0.010548,4.576444,0.010076,2311.2,0.001000
133900,4.576073,0.010672,4.576360,0.009860,2312.9,0.001000
134000,4.576114,0.010216,4.576234,0.010440,2314.5,0.001000
134100,4.576183,0.010680,4.576434,0.010328,2316.2,0.001000
134200,4.576242,0.010232,4.576536,0.010348,2317.9,0.001000
134300,4.576004,0.010680,4.576227,0.010328,2319.6,0.001000
134400,4.576327,0.010336,4.576660,0.010208,2321.3,0.001000
134500,4.576170,0.010296,4.576435,0.010628,2323.0,0.001000
134600,4.576350,0.010376,4.576909,0.010240,2324.7,0.001000
134700,4.575966,0.010276,4.576108,0.010348,2326.4,0.001000
134800,4.576103,0.010584,4.576294,0.010176,2328.2,0.001000
134900,4.576295,0.010360,4.576440,0.010224,2329.8,0.001000
135000,4.576070,0.010548,4.576318,0.010076,2331.6,0.001000
135100,4.576311,0.010408,4.576791,0.010204,2333.3,0.001000
135200,4.576109,0.010532,4.576254,0.010112,2334.9,0.001000
135300,4.576486,0.010804,4.576900,0.010300,2336.7,0.001000
135400,4.575932,0.010804,4.576326,0.010300,2338.4,0.001000
135500,4.576285,0.010804,4.576791,0.010300,2340.0,0.001000
135600,4.576148,0.010460,4.576651,0.010536,2341.7,0.001000
135700,4.576218,0.010400,4.576553,0.010320,2343.4,0.001000
135800,4.576077,0.010136,4.576109,0.010124,2345.1,0.001000
135900,4.576161,0.010804,4.576492,0.010300,2346.8,0.001000
136000,4.576096,0.010360,4.576609,0.010036,2348.5,0.001000
136100,4.576316,0.010500,4.576571,0.010228,2350.2,0.001000
136200,4.576127,0.010140,4.576489,0.010320,2351.9,0.001000
136300,4.576196,0.010680,4.576615,0.010328,2353.6,0.001000
136400,4.576273,0.010516,4.576530,0.010232,2355.3,0.001000
136500,4.576204,0.010140,4.576262,0.010548,2357.0,0.001000
136600,4.576324,0.010804,4.576654,0.010300,2358.7,0.001000
136700,4.575937,0.010488,4.576105,0.010468,2360.4,0.001000
136800,4.576052,0.010488,4.576529,0.010468,2362.1,0.001000
136900,4.576067,0.010548,4.576464,0.010076,2363.8,0.001000
137000,4.575990,0.010376,4.576330,0.010240,2365.5,0.001000
137100,4.576298,0.010548,4.576663,0.010076,2367.2,0.001000
137200,4.576159,0.010480,4.576365,0.010232,2368.9,0.001000
137300,4.576136,0.010500,4.576501,0.010228,2370.6,0.001000
137400,4.576008,0.009996,4.576105,0.010448,2372.3,0.001000
137500,4.576046,0.010360,4.576319,0.010036,2373.9,0.001000
137600,4.576221,0.010296,4.576582,0.010628,2375.6,0.001000
137700,4.576149,0.010516,4.576515,0.010232,2377.3,0.001000
137800,4.575906,0.010296,4.576108,0.010116,2379.0,0.001000
137900,4.576247,0.010384,4.576619,0.010204,2380.7,0.001000
138000,4.576392,0.010324,4.576696,0.010504,2382.4,0.001000
138100,4.576198,0.010408,4.576486,0.010204,2384.1,0.001000
138200,4.576128,0.010376,4.576517,0.010240,2385.9,0.001000
138300,4.576137,0.010324,4.576341,0.010504,2387.6,0.001000
138400,4.576470,0.010408,4.576761,0.010356,2389.3,0.001000
138500,4.576087,0.010316,4.576404,0.010164,2391.0,0.001000
138600,4.576434,0.010804,4.576843,0.010300,2392.6,0.001000
138700,4.576110,0.010664,4.576541,0.010288,2394.3,0.001000
138800,4.576167,0.010432,4.576595,0.010348,2396.1,0.001000
138900,4.576097,0.010348,4.576409,0.010412,2397.8,0.001000
139000,4.576007,0.010324,4.576383,0.010236,2399.5,0.001000
139100,4.576260,0.010464,4.576653,0.010312,2401.2,0.001000
139200,4.575937,0.010560,4.576549,0.010356,2402.9,0.001000
139300,4.576207,0.010360,4.576732,0.010036,2404.6,0.001000
139400,4.575940,0.010192,4.576272,0.010416,2406.3,0.001000
139500,4.575937,0.010444,4.576303,0.010300,2408.0,0.001000
139600,4.576062,0.010416,4.576285,0.010216,2409.7,0.001000
139700,4.575823,0.010152,4.575989,0.010448,2411.3,0.001000
139800,4.576226,0.010324,4.576497,0.010236,2413.0,0.001000
139900,4.576292,0.010432,4.576526,0.010348,2414.8,0.001000
140000,4.576311,0.010192,4.576673,0.010568,2416.4,0.001000
140100,4.575991,0.010804,4.576450,0.010300,2418.1,0.001000
140200,4.576077,0.010804,4.576441,0.010300,2419.8,0.001000
140300,4.576203,0.010288,4.576508,0.010108,2421.5,0.001000
140400,4.576186,0.010484,4.576403,0.010040,2423.2,0.001000
140500,4.575984,0.010680,4.576242,0.010328,2424.9,0.001000
140600,4.576233,0.010236,4.576616,0.010188,2426.6,0.001000
140700,4.576030,0.010252,4.576313,0.010144,2428.3,0.001000
140800,4.576439,0.010384,4.576709,0.010204,2430.0,0.001000
140900,4.576083,0.010804,4.576658,0.010300,2431.7,0.001000
141000,4.576169,0.010500,4.576532,0.010228,2433.4,0.001000
141100,4.576194,0.010460,4.576338,0.010536,2435.1,0.001000
141200,4.576073,0.010500,4.576674,0.010228,2436.8,0.001000
141300,4.576254,0.010376,4.576672,0.010240,2438.5,0.001000
141400,4.576183,0.010296,4.576428,0.010416,2440.2,0.001000
141500,4.576116,0.010460,4.576294,0.010536,2441.8,0.001000
141600,4.576119,0.010336,4.576492,0.010192,2443.5,0.001000
141700,4.576297,0.010804,4.576696,0.010300,2445.2,0.001000
141800,4.575743,0.010140,4.576049,0.010320,2446.9,0.001000
141900,4.576305,0.010224,4.576610,0.010188,2448.6,0.001000
142000,4.576140,0.010084,4.576234,0.010480,2450.3,0.001000
142100,4.576112,0.010680,4.576571,0.010328,2452.0,0.001000
142200,4.576044,0.010068,4.576169,0.010332,2453.7,0.001000
142300,4.576358,0.010672,4.576993,0.009860,2455.4,0.001000
142400,4.576196,0.010396,4.576655,0.009928,2457.1,0.001000
142500,4.576280,0.010804,4.576506,0.010300,2458.8,0.001000
142600,4.576039,0.010516,4.576382,0.010232,2460.5,0.001000
142700,4.575960,0.010104,4.576411,0.010296,2462.2,0.001000
142800,4.576219,0.010480,4.576748,0.010232,2463.9,0.001000
142900,4.575830,0.010560,4.576283,0.010356,2465.6,0.001000
143000,4.575932,0.010664,4.576230,0.010288,2467.4,0.001000
143100,4.576239,0.010680,4.576612,0.010328,2469.1,0.001000
143200,4.576261,0.010532,4.576419,0.009952,2470.9,0.001000
143300,4.576365,0.010220,4.576692,0.010424,2472.6,0.001000
143400,4.576161,0.010432,4.576299,0.010348,2474.4,0.001000
143500,4.576141,0.010312,4.576509,0.010332,2476.2,0.001000
143600,4.576367,0.010336,4.576645,0.010192,2478.0,0.001000
143700,4.576498,0.010664,4.576812,0.010288,2479.9,0.001000
143800,4.576164,0.010464,4.576387,0.010256,2481.9,0.001000
143900,4.576149,0.010164,4.576330,0.010088,2483.7,0.001000
144000,4.576147,0.010584,4.576300,0.010176,2485.8,0.001000
144100,4.576266,0.010804,4.576872,0.010300,2487.8,0.001000
144200,4.576266,0.010548,4.576596,0.010076,2489.6,0.001000
144300,4.576111,0.010664,4.576558,0.010288,2491.3,0.001000
144400,4.576036,0.010664,4.576323,0.010288,2493.1,0.001000
144500,4.576138,0.010804,4.576409,0.010300,2494.9,0.001000
144600,4.576173,0.010476,4.576503,0.010460,2496.7,0.001000
144700,4.576275,0.010664,4.576548,0.010288,2498.4,0.001000
144800,4.576216,0.010188,4.576444,0.010496,2500.2,0.001000
144900,4.576223,0.010348,4.576350,0.010396,2502.0,0.001000
145000,4.576073,0.010416,4.576446,0.010216,2503.7,0.001000
145100,4.575854,0.010680,4.576096,0.010328,2505.5,0.001000
145200,4.576176,0.010192,4.576513,0.010568,2507.3,0.001000
145300,4.576108,0.010104,4.576567,0.010296,2509.1,0.001000
145400,4.576486,0.010680,4.576735,0.010328,2510.9,0.001000
145500,4.576255,0.010804,4.576380,0.010300,2512.8,0.001000
145600,4.576264,0.010224,4.576555,0.010188,2514.5,0.001000
145700,4.575944,0.010268,4.576316,0.010172,2516.3,0.001000
145800,4.576210,0.010396,4.576653,0.009928,2518.1,0.001000
145900,4.576369,0.010376,4.576833,0.010240,2519.9,0.001000
146000,4.576396,0.010332,4.576704,0.010360,2521.7,0.001000
146100,4.576219,0.010252,4.576623,0.010144,2523.5,0.001000
146200,4.576163,0.010364,4.576485,0.010264,2525.2,0.001000
146300,4.576013,0.010252,4.576355,0.010144,2527.1,0.001000
146400,4.576102,0.010408,4.576493,0.010336,2528.9,0.001000
146500,4.576171,0.010804,4.576463,0.010300,2530.7,0.001000
146600,4.576437,0.010488,4.576888,0.010468,2532.4,0.001000
146700,4.576156,0.010804,4.576581,0.010300,2534.4,0.001000
146800,4.576035,0.010672,4.576369,0.009860,2536.2,0.001000
146900,4.576114,0.010680,4.576319,0.010328,2538.0,0.001000
147000,4.576379,0.010084,4.576619,0.010480,2539.7,0.001000
147100,4.576176,0.010092,4.576374,0.010448,2541.5,0.001000
147200,4.576318,0.010452,4.576643,0.010524,2543.2,0.001000
147300,4.576090,0.010584,4.576321,0.010176,2545.0,0.001000
147400,4.576231,0.010288,4.576630,0.010504,2546.7,0.001000
147500,4.576225,0.010364,4.576507,0.010264,2548.5,0.001000
147600,4.576489,0.010408,4.576616,0.010356,2550.3,0.001000
147700,4.576403,0.010404,4.576602,0.010416,2552.0,0.001000
147800,4.576116,0.010804,4.576470,0.010300,2553.8,0.001000
147900,4.576069,0.010804,4.576458,0.010300,2555.6,0.001000
148000,4.576150,0.010672,4.576675,0.009860,2557.4,0.001000
148100,4.576115,0.010804,4.576531,0.010300,2559.2,0.001000
148200,4.575959,0.010672,4.576657,0.009860,2561.1,0.001000
148300,4.576200,0.010264,4.576350,0.010516,2563.0,0.001000
148400,4.576095,0.010264,4.576493,0.010516,2564.9,0.001000
148500,4.576500,0.010584,4.577081,0.010176,2566.6,0.001000
148600,4.576067,0.010584,4.576395,0.010176,2568.4,0.001000
148700,4.576029,0.010680,4.576524,0.010328,2570.2,0.001000
148800,4.575844,0.010548,4.576206,0.010076,2572.0,0.001000
148900,4.576158,0.010156,4.576521,0.010264,2573.8,0.001000
149000,4.576395,0.010296,4.576540,0.010416,2575.5,0.001000
149100,4.576406,0.010332,4.576705,0.010136,2577.3,0.001000
149200,4.576176,0.010188,4.576406,0.010276,2579.1,0.001000
149300,4.576248,0.010224,4.576746,0.010176,2580.9,0.001000
149400,4.575884,0.010500,4.576040,0.010228,2582.7,0.001000
149500,4.576468,0.010332,4.576968,0.010508,2584.5,0.001000
149600,4.576188,0.010464,4.576588,0.010300,2586.2,0.001000
149700,4.576297,0.010484,4.576764,0.010040,2588.0,0.001000
149800,4.576324,0.010680,4.576648,0.010328,2589.9,0.001000
149900,4.576143,0.010364,4.576358,0.010264,2591.7,0.001000
150000,4.575876,0.010100,4.576099,0.010756,2593.5,0.001000
150100,4.576373,0.010560,4.576664,0.010356,2595.3,0.001000
150200,4.576072,0.010516,4.576391,0.010232,2597.1,0.001000
150300,4.576181,0.010404,4.576515,0.010416,2599.0,0.001000
150400,4.576280,0.010316,4.576575,0.010468,2600.7,0.001000
150500,4.576220,0.010460,4.576548,0.010536,2602.5,0.001000
150600,4.576213,0.010804,4.576583,0.010300,2604.2,0.001000
150700,4.576417,0.010408,4.576676,0.010204,2606.0,0.001000
150800,4.576025,0.010584,4.576279,0.010176,2608.0,0.001000
150900,4.576143,0.010408,4.576544,0.010204,2609.7,0.001000
151000,4.576372,0.010192,4.576742,0.010416,2611.6,0.001000
151100,4.576154,0.010664,4.576533,0.010288,2613.3,0.001000
151200,4.576255,0.010672,4.576637,0.009860,2615.1,0.001000
151300,4.576109,0.010336,4.576373,0.010208,2616.9,0.001000
151400,4.576171,0.010584,4.576451,0.010176,2618.8,0.001000
151500,4.576027,0.010196,4.576225,0.010500,2620.5,0.001000
151600,4.576383,0.010264,4.576812,0.010264,2622.4,0.001000
151700,4.576166,0.010804,4.576485,0.010300,2624.3,0.001000
151800,4.576128,0.010500,4.576342,0.010228,2626.2,0.001000
151900,4.576152,0.010560,4.576419,0.010356,2628.1,0.001000
152000,4.576094,0.010140,4.576319,0.010548,2629.8,0.001000
152100,4.576114,0.010680,4.576338,0.010328,2631.6,0.001000
152200,4.576077,0.010384,4.576496,0.010204,2633.5,0.001000
152300,4.576358,0.010480,4.576550,0.010232,2635.3,0.001000
152400,4.576048,0.010324,4.576238,0.010504,2637.0,0.001000
152500,4.576142,0.010804,4.576470,0.010300,2638.8,0.001000
152600,4.576187,0.010408,4.576393,0.010356,2640.6,0.001000
152700,4.576316,0.010404,4.576529,0.010416,2642.3,0.001000
152800,4.576086,0.010156,4.576645,0.010264,2644.2,0.001000
152900,4.576187,0.010348,4.576337,0.010396,2646.1,0.001000
153000,4.576138,0.010408,4.576443,0.010336,2647.9,0.001000
153100,4.576215,0.010480,4.576653,0.010232,2649.8,0.001000
153200,4.576014,0.010476,4.576357,0.010460,2651.8,0.001000
153300,4.575996,0.010404,4.576268,0.010416,2653.7,0.001000
153400,4.576325,0.010140,4.576396,0.010320,2655.5,0.001000
153500,4.576112,0.010220,4.576232,0.010424,2657.2,0.001000
153600,4.576361,0.010532,4.576635,0.010112,2659.1,0.001000
153700,4.576222,0.010476,4.576427,0.010460,2660.9,0.001000
153800,4.576304,0.010404,4.576603,0.010416,2662.7,0.001000
153900,4.576279,0.010084,4.576597,0.010480,2664.4,0.001000
154000,4.576333,0.010804,4.576743,0.010300,2666.2,0.001000
154100,4.575975,0.010804,4.576383,0.010300,2668.0,0.001000
154200,4.575948,0.010464,4.576190,0.010312,2669.7,0.001000
154300,4.576175,0.010804,4.576334,0.010300,2671.4,0.001000
154400,4.576102,0.010336,4.576593,0.010208,2673.2,0.001000
154500,4.576474,0.010324,4.576880,0.010504,2674.9,0.001000
154600,4.576076,0.010324,4.576363,0.010504,2676.7,0.001000
154700,4.576259,0.010464,4.576740,0.010300,2678.5,0.001000
154800,4.576106,0.010532,4.576447,0.010112,2680.2,0.001000
154900,4.576423,0.010500,4.576768,0.010228,2681.9,0.001000
155000,4.575929,0.010404,4.576144,0.010416,2683.7,0.001000
155100,4.576561,0.010476,4.576834,0.010460,2685.4,0.001000
155200,4.576105,0.010432,4.576231,0.010348,2687.2,0.001000
155300,4.576371,0.010464,4.576620,0.010312,2688.9,0.001000
155400,4.576202,0.010296,4.576592,0.010116,2690.6,0.001000
155500,4.576101,0.010432,4.576428,0.010348,2692.4,0.001000
155600,4.576230,0.010340,4.576615,0.010232,2694.1,0.001000
155700,4.576199,0.010804,4.576578,0.010300,2695.8,0.001000
155800,4.576084,0.010664,4.576437,0.010288,2697.6,0.001000
155900,4.576033,0.010316,4.576395,0.010468,2699.3,0.001000
156000,4.575999,0.010484,4.576431,0.010040,2701.1,0.001000
156100,4.576318,0.010324,4.576674,0.010504,2702.8,0.001000
156200,4.576041,0.010584,4.576396,0.010176,2704.6,0.001000
156300,4.576170,0.010548,4.576396,0.010076,2706.3,0.001000
156400,4.576069,0.010484,4.576323,0.010040,2708.1,0.001000
156500,4.576093,0.010532,4.576563,0.009952,2709.9,0.001000
156600,4.576107,0.010664,4.576384,0.010288,2711.6,0.001000
156700,4.576263,0.010804,4.576619,0.010300,2713.3,0.001000
156800,4.575974,0.010140,4.576256,0.010372,2715.0,0.001000
156900,4.576335,0.010296,4.576724,0.010416,2716.7,0.001000
157000,4.576112,0.010560,4.576478,0.010356,2718.5,0.001000
157100,4.576283,0.010316,4.576541,0.010468,2720.2,0.001000
157200,4.576210,0.010336,4.576264,0.010192,2721.9,0.001000
157300,4.576228,0.010480,4.576482,0.010232,2723.7,0.001000
157400,4.576036,0.010680,4.576381,0.010328,2725.5,0.001000
157500,4.576306,0.010400,4.576518,0.010320,2727.3,0.001000
157600,4.576335,0.010464,4.576682,0.010312,2729.0,0.001000
157700,4.576004,0.010580,4.576475,0.010176,2730.8,0.001000
157800,4.576056,0.010340,4.576373,0.010264,2732.5,0.001000
157900,4.576383,0.010080,4.576626,0.010732,2734.3,0.001000
158000,4.576164,0.010408,4.576675,0.010336,2736.0,0.001000
158100,4.576218,0.010416,4.576469,0.010216,2737.7,0.001000
158200,4.576093,0.010268,4.576274,0.010172,2739.5,0.001000
158300,4.576261,0.010804,4.576559,0.010300,2741.2,0.001000
158400,4.576110,0.010216,4.576611,0.010440,2743.0,0.001000
158500,4.576301,0.010348,4.576550,0.010412,2744.7,0.001000
158600,4.576324,0.010584,4.576624,0.010176,2746.4,0.001000
158700,4.576463,0.010532,4.576636,0.009952,2748.2,0.001000
158800,4.576135,0.010580,4.576431,0.010176,2749.9,0.001000
158900,4.576270,0.010296,4.576515,0.010416,2751.7,0.001000
159000,4.576398,0.010500,4.576693,0.010228,2753.4,0.001000
159100,4.576404,0.010164,4.576704,0.010256,2755.2,0.001000
159200,4.575997,0.010680,4.576406,0.010328,2757.0,0.001000
159300,4.576149,0.010584,4.576549,0.010176,2758.8,0.001000
159400,4.576089,0.010804,4.576552,0.010300,2760.6,0.001000
159500,4.576263,0.010028,4.576464,0.010340,2762.3,0.001000
159600,4.576054,0.010084,4.576392,0.010480,2764.0,0.001000
159700,4.576147,0.010416,4.576433,0.010216,2765.7,0.001000
159800,4.576379,0.010444,4.576655,0.010300,2767.5,0.001000
159900,4.576107,0.010416,4.576415,0.010216,2769.3,0.001000
160000,4.576015,0.010548,4.576531,0.010076,2771.0,0.001000
160100,4.576108,0.010488,4.576407,0.010468,2772.9,0.001000
160200,4.576323,0.010560,4.576670,0.010356,2774.6,0.001000
160300,4.576084,0.010336,4.576585,0.010208,2776.4,0.001000
160400,4.576195,0.010804,4.576426,0.010300,2778.1,0.001000
160500,4.576350,0.010408,4.576716,0.010336,2779.9,0.001000
160600,4.576422,0.010584,4.576697,0.010176,2781.6,0.001000
160700,4.576533,0.010336,4.577049,0.010208,2783.4,0.001000
160800,4.576102,0.010336,4.576449,0.010192,2785.2,0.001000
160900,4.576081,0.010804,4.576400,0.010300,2786.9,0.001000
161000,4.576127,0.010196,4.576509,0.010500,2788.7,0.001000
161100,4.576063,0.010400,4.576340,0.010320,2790.7,0.001000
161200,4.576180,0.010288,4.576634,0.010108,2792.5,0.001000
161300,4.576578,0.010348,4.576774,0.010396,2794.3,0.001000
161400,4.576059,0.010236,4.576492,0.010188,2796.1,0.001000
161500,4.576064,0.010804,4.576337,0.010300,2797.9,0.001000
161600,4.576163,0.010804,4.576502,0.010300,2799.7,0.001000
161700,4.576173,0.010516,4.576535,0.010232,2801.5,0.001000
161800,4.576265,0.010664,4.576717,0.010288,2803.2,0.001000
161900,4.576776,0.010532,4.577178,0.009952,2805.0,0.001000
162000,4.576385,0.010532,4.576761,0.010112,2806.8,0.001000
162100,4.576301,0.010584,4.576703,0.010176,2808.5,0.001000
162200,4.576074,0.010488,4.576423,0.010468,2810.3,0.001000
162300,4.576097,0.010476,4.576279,0.010460,2812.0,0.001000
162400,4.576139,0.010376,4.576427,0.010240,2813.8,0.001000
162500,4.576284,0.010296,4.576450,0.010628,2815.5,0.001000
162600,4.576540,0.010288,4.576529,0.010504,2817.3,0.001000
162700,4.576263,0.010580,4.576642,0.010176,2819.0,0.001000
162800,4.576119,0.010580,4.576442,0.010176,2820.7,0.001000
162900,4.576114,0.010532,4.576429,0.010112,2822.5,0.001000
163000,4.576268,0.010680,4.576417,0.010328,2824.2,0.001000
163100,4.576035,0.010192,4.576392,0.010568,2825.9,0.001000
163200,4.576038,0.010288,4.576578,0.010108,2827.6,0.001000
163300,4.576265,0.010312,4.576646,0.010332,2829.5,0.001000
163400,4.576221,0.010464,4.576600,0.010300,2831.2,0.001000
163500,4.576092,0.010408,4.576405,0.010204,2833.0,0.001000
163600,4.576230,0.010532,4.576677,0.010112,2834.7,0.001000
163700,4.575973,0.010404,4.576207,0.010416,2836.5,0.001000
163800,4.576241,0.010664,4.576572,0.010288,2838.3,0.001000
163900,4.576389,0.010672,4.576860,0.009860,2840.0,0.001000
164000,4.576311,0.010412,4.576657,0.010416,2841.8,0.001000
164100,4.576478,0.010672,4.576863,0.009860,2843.5,0.001000
164200,4.575876,0.010484,4.576168,0.010040,2845.3,0.001000
164300,4.575990,0.010664,4.576356,0.010288,2847.0,0.001000
164400,4.576067,0.010584,4.576496,0.010176,2848.7,0.001000
164500,4.576098,0.010484,4.576204,0.010040,2850.4,0.001000
164600,4.576105,0.010276,4.576319,0.010348,2852.2,0.001000
164700,4.576148,0.010464,4.576562,0.010256,2854.0,0.001000
164800,4.576159,0.010376,4.576582,0.010240,2855.8,0.001000
164900,4.576097,0.010216,4.576285,0.010440,2857.5,0.001000
165000,4.576127,0.010464,4.576363,0.010300,2859.3,0.001000
165100,4.576055,0.010804,4.576311,0.010300,2861.1,0.001000
165200,4.576036,0.010804,4.576267,0.010300,2862.8,0.001000
165300,4.576338,0.010312,4.576757,0.010332,2864.6,0.001000
165400,4.576392,0.010288,4.576671,0.010108,2866.3,0.001000
165500,4.576099,0.010532,4.576490,0.010112,2868.0,0.001000
165600,4.576306,0.010324,4.576700,0.010452,2869.8,0.001000
165700,4.576484,0.010548,4.576983,0.010076,2871.6,0.001000
165800,4.576340,0.010324,4.576660,0.010504,2873.3,0.001000
165900,4.576438,0.010480,4.576938,0.010232,2875.0,0.001000
166000,4.576244,0.010140,4.576600,0.010320,2876.8,0.001000
166100,4.576179,0.010548,4.576576,0.010076,2878.5,0.001000
166200,4.576124,0.010364,4.576702,0.010264,2880.3,0.001000
166300,4.576201,0.010332,4.576383,0.010136,2882.0,0.001000
166400,4.576219,0.010516,4.576349,0.010232,2883.7,0.001000
166500,4.575844,0.010672,4.576149,0.009860,2885.5,0.001000
166600,4.576259,0.010580,4.576789,0.010176,2887.2,0.001000
166700,4.576161,0.010464,4.576464,0.010256,2888.9,0.001000
166800,4.576241,0.010680,4.576523,0.010328,2890.6,0.001000
166900,4.576338,0.010532,4.576794,0.010112,2892.3,0.001000
167000,4.576147,0.010376,4.576449,0.010240,2894.1,0.001000
167100,4.576032,0.010560,4.576225,0.010356,2895.8,0.001000
167200,4.576106,0.010532,4.576431,0.010112,2897.5,0.001000
167300,4.576088,0.010340,4.576291,0.010264,2899.3,0.001000
167400,4.576118,0.010192,4.576311,0.010568,2901.0,0.001000
167500,4.576290,0.010480,4.576582,0.010232,2902.8,0.001000
167600,4.576197,0.010532,4.576478,0.009952,2904.6,0.001000
167700,4.575955,0.010396,4.576374,0.009928,2906.3,0.001000
167800,4.575995,0.010268,4.576233,0.010172,2908.1,0.001000
167900,4.576034,0.010408,4.576266,0.010204,2910.0,0.001000
168000,4.575893,0.010672,4.576334,0.009860,2911.8,0.001000
168100,4.576304,0.010560,4.576688,0.010356,2913.6,0.001000
168200,4.576097,0.010232,4.576415,0.010348,2915.4,0.001000
168300,4.576071,0.010484,4.576388,0.010040,2917.1,0.001000
168400,4.576111,0.010680,4.576519,0.010328,2918.9,0.001000
168500,4.576273,0.010324,4.576725,0.010452,2920.6,0.001000
168600,4.576018,0.010500,4.576283,0.010228,2922.4,0.001000
168700,4.576240,0.010464,4.576830,0.010300,2924.2,0.001000
168800,4.576407,0.010484,4.576582,0.010040,2925.9,0.001000
168900,4.576221,0.010252,4.576452,0.010144,2927.7,0.001000
169000,4.575969,0.010464,4.576260,0.010300,2929.4,0.001000
169100,4.576188,0.010488,4.576472,0.010468,2931.2,0.001000
169200,4.576079,0.010672,4.576388,0.009860,2932.9,0.001000
169300,4.576147,0.010664,4.576418,0.010288,2934.7,0.001000
169400,4.576343,0.010532,4.576783,0.009952,2936.4,0.001000
169500,4.576239,0.010488,4.576567,0.010468,2938.1,0.001000
169600,4.576079,0.010484,4.576336,0.010040,2939.9,0.001000
169700,4.576122,0.010324,4.576372,0.010452,2941.6,0.001000
169800,4.576073,0.010408,4.576487,0.010204,2943.4,0.001000
169900,4.576325,0.009780,4.576371,0.010344,2945.1,0.001000
170000,4.576389,0.010532,4.576808,0.010112,2946.9,0.001000
170100,4.576363,0.010296,4.576639,0.010116,2948.6,0.001000
170200,4.576186,0.010804,4.576491,0.010300,2950.4,0.001000
170300,4.576102,0.010488,4.576450,0.010468,2952.1,0.001000
170400,4.576252,0.010312,4.576662,0.010332,2953.9,0.001000
170500,4.576087,0.010416,4.576374,0.010216,2955.7,0.001000
170600,4.576069,0.010804,4.576849,0.010300,2957.4,0.001000
170700,4.576159,0.010164,4.576426,0.010088,2959.2,0.001000
170800,4.576208,0.010488,4.576518,0.010468,2960.9,0.001000
170900,4.576112,0.010672,4.576435,0.009860,2962.7,0.001000
171000,4.576033,0.010360,4.576203,0.010224,2964.8,0.001000
171100,4.576100,0.010236,4.576487,0.010188,2966.7,0.001000
171200,4.576263,0.010452,4.576323,0.010524,2968.6,0.001000
171300,4.576213,0.010296,4.576426,0.010628,2970.6,0.001000
171400,4.575950,0.010384,4.576335,0.010204,2972.4,0.001000
171500,4.575997,0.010532,4.576326,0.009952,2974.1,0.001000
171600,4.576019,0.010288,4.576450,0.010108,2975.9,0.001000
171700,4.576294,0.010464,4.576828,0.010312,2977.6,0.001000
171800,4.576114,0.010804,4.576451,0.010300,2979.4,0.001000
171900,4.576477,0.010664,4.576780,0.010288,2981.3,0.001000
172000,4.576135,0.010680,4.576393,0.010328,2983.1,0.001000
172100,4.576038,0.010276,4.576219,0.010348,2984.8,0.001000
172200,4.576252,0.010312,4.576459,0.010332,2986.5,0.001000
172300,4.576231,0.010332,4.576273,0.010508,2988.3,0.001000
172400,4.576050,0.010476,4.576088,0.010460,2990.1,0.001000
172500,4.576222,0.010500,4.576636,0.010228,2991.9,0.001000
172600,4.576269,0.010532,4.576707,0.010112,2993.6,0.001000
172700,4.576148,0.010192,4.576510,0.010416,2995.3,0.001000
172800,4.576066,0.010452,4.576296,0.010524,2997.1,0.001000
172900,4.576048,0.010804,4.576326,0.010300,2998.8,0.001000
173000,4.576192,0.010804,4.576772,0.010300,3000.6,0.001000
173100,4.576066,0.010416,4.576313,0.010216,3002.3,0.001000
173200,4.576178,0.010164,4.576550,0.010256,3004.0,0.001000
173300,4.576063,0.010532,4.576372,0.010112,3005.7,0.001000
173400,4.576324,0.010584,4.576641,0.010176,3007.5,0.001000
173500,4.576086,0.010288,4.576252,0.010108,3009.4,0.001000
173600,4.576493,0.010404,4.576870,0.010416,3011.2,0.001000
173700,4.576198,0.010360,4.576457,0.010224,3013.0,0.001000
173800,4.576136,0.010332,4.576430,0.010508,3014.8,0.001000
173900,4.576057,0.010336,4.576422,0.010192,3016.6,0.001000
174000,4.576140,0.010324,4.576650,0.010504,3018.3,0.001000
174100,4.576187,0.010804,4.576381,0.010300,3020.1,0.001000
174200,4.576279,0.010124,4.576659,0.010444,3021.8,0.001000
174300,4.576106,0.010672,4.576558,0.009860,3023.6,0.001000
174400,4.576088,0.010264,4.576412,0.010264,3025.3,0.001000
174500,4.576208,0.010164,4.576663,0.010088,3027.1,0.001000
174600,4.575988,0.010324,4.576293,0.010452,3028.8,0.001000
174700,4.576202,0.010348,4.576470,0.010396,3030.6,0.001000
174800,4.576291,0.010404,4.576589,0.010416,3032.4,0.001000
174900,4.576101,0.010580,4.576464,0.010176,3034.1,0.001000
175000,4.576235,0.010532,4.576839,0.009952,3035.9,0.001000
175100,4.576273,0.010408,4.576550,0.010336,3037.6,0.001000
175200,4.576353,0.010580,4.576729,0.010176,3039.4,0.001000
175300,4.576278,0.010332,4.576599,0.010136,3041.2,0.001000
175400,4.576275,0.010584,4.576790,0.010176,3042.9,0.001000
175500,4.576069,0.010500,4.576510,0.010228,3044.7,0.001000
175600,4.576177,0.010584,4.576499,0.010176,3046.5,0.001000
175700,4.576088,0.010348,4.576210,0.010396,3048.2,0.001000
175800,4.576308,0.010084,4.576549,0.010480,3050.0,0.001000
175900,4.576154,0.010336,4.576447,0.010208,3051.8,0.001000
176000,4.576352,0.010324,4.576478,0.010236,3053.6,0.001000
176100,4.576205,0.010296,4.576505,0.010116,3055.4,0.001000
176200,4.576362,0.010316,4.576659,0.010164,3057.1,0.001000
176300,4.576120,0.010232,4.576670,0.010348,3058.9,0.001000
176400,4.576159,0.010460,4.576447,0.010536,3060.7,0.001000
176500,4.576118,0.010224,4.576458,0.010188,3062.5,0.001000
176600,4.576088,0.010584,4.576505,0.010176,3064.3,0.001000
176700,4.576476,0.010464,4.576704,0.010300,3066.0,0.001000
176800,4.576068,0.010416,4.576437,0.010216,3067.8,0.001000
176900,4.575968,0.010464,4.576260,0.010256,3069.7,0.001000
177000,4.576364,0.010324,4.576716,0.010452,3071.5,0.001000
177100,4.575956,0.010224,4.576031,0.010176,3073.2,0.001000
177200,4.576064,0.010580,4.576118,0.010176,3074.9,0.001000
177300,4.576368,0.010248,4.576579,0.010016,3076.7,0.001000
177400,4.575949,0.010804,4.576312,0.010300,3078.5,0.001000
177500,4.576367,0.010232,4.576620,0.010348,3080.2,0.001000
177600,4.576127,0.010488,4.576493,0.010468,3082.0,0.001000
177700,4.576249,0.010480,4.576680,0.010232,3083.9,0.001000
177800,4.576042,0.010548,4.576581,0.010076,3085.8,0.001000
177900,4.576045,0.010296,4.576334,0.010628,3087.9,0.001000
178000,4.576263,0.010340,4.576848,0.010264,3089.7,0.001000
178100,4.576181,0.010680,4.576651,0.010328,3092.0,0.001000
178200,4.576128,0.010680,4.576243,0.010328,3093.9,0.001000
178300,4.576276,0.010324,4.576385,0.010452,3095.8,0.001000
178400,4.576147,0.010336,4.576270,0.010192,3097.5,0.001000
178500,4.576427,0.010416,4.576869,0.010216,3099.2,0.001000
178600,4.576224,0.010408,4.576535,0.010356,3101.0,0.001000
178700,4.575890,0.010264,4.576274,0.010264,3102.8,0.001000
178800,4.576504,0.010516,4.577044,0.010232,3104.5,0.001000
178900,4.576093,0.010560,4.576166,0.010356,3106.3,0.001000
179000,4.576373,0.010580,4.576903,0.010176,3108.0,0.001000
179100,4.576187,0.010316,4.576612,0.010164,3109.8,0.001000
179200,4.575926,0.010804,4.576129,0.010300,3111.5,0.001000
179300,4.576017,0.010408,4.576436,0.010204,3113.3,0.001000
179400,4.576550,0.010488,4.576828,0.010468,3115.1,0.001000
179500,4.576335,0.010188,4.576601,0.010496,3117.2,0.001000
179600,4.575968,0.010548,4.576447,0.010076,3119.3,0.001000
179700,4.575962,0.010408,4.576253,0.010356,3121.1,0.001000
179800,4.575993,0.010680,4.576557,0.010328,3123.1,0.001000
179900,4.576204,0.010464,4.576567,0.010256,3124.9,0.001000
180000,4.576193,0.010192,4.576556,0.010568,3126.7,0.001000
180100,4.576132,0.010672,4.576335,0.009860,3128.5,0.001000
180200,4.576000,0.010464,4.576488,0.010256,3130.4,0.001000
180300,4.576263,0.010464,4.576766,0.010300,3132.2,0.001000
180400,4.576153,0.010476,4.576561,0.010460,3134.0,0.001000
180500,4.576150,0.010500,4.576416,0.010228,3135.8,0.001000
180600,4.576043,0.010324,4.576568,0.010452,3137.6,0.001000
180700,4.576094,0.010680,4.576422,0.010328,3139.3,0.001000
180800,4.576290,0.010264,4.576694,0.010516,3141.1,0.001000
180900,4.576024,0.010312,4.576444,0.010332,3142.9,0.001000
181000,4.576227,0.010680,4.576707,0.010328,3144.7,0.001000
181100,4.576054,0.010484,4.576573,0.010040,3146.4,0.001000
181200,4.576354,0.010680,4.576826,0.010328,3148.3,0.001000
181300,4.576390,0.010516,4.576727,0.010232,3150.0,0.001000
181400,4.576039,0.010460,4.576327,0.010536,3151.8,0.001000
181500,4.576182,0.010532,4.576513,0.009952,3153.6,0.001000
181600,4.576251,0.010804,4.576721,0.010300,3155.3,0.001000
181700,4.576214,0.010476,4.576725,0.010460,3157.0,0.001000
181800,4.576260,0.010248,4.576656,0.010016,3158.7,0.001000
181900,4.576178,0.010804,4.576608,0.010300,3160.4,0.001000
182000,4.576273,0.010232,4.576516,0.010348,3162.1,0.001000
182100,4.576212,0.010224,4.576281,0.010188,3163.8,0.001000
182200,4.576131,0.010248,4.576293,0.010016,3165.5,0.001000
182300,4.576046,0.010188,4.576453,0.010276,3167.2,0.001000
182400,4.576058,0.010312,4.576229,0.010332,3168.9,0.001000
182500,4.576180,0.010432,4.576624,0.010348,3170.7,0.001000
182600,4.576312,0.010680,4.576772,0.010328,3172.4,0.001000
182700,4.576231,0.010416,4.576328,0.010216,3174.1,0.001000
182800,4.576197,0.010584,4.576665,0.010176,3175.9,0.001000
182900,4.575928,0.010248,4.576140,0.010016,3177.6,0.001000
183000,4.576203,0.010220,4.576377,0.010424,3179.3,0.001000
183100,4.576076,0.010548,4.576345,0.010076,3181.0,0.001000
183200,4.576112,0.010360,4.576363,0.010224,3182.8,0.001000
183300,4.575991,0.010396,4.576499,0.009928,3184.5,0.001000
183400,4.576012,0.010100,4.576321,0.010756,3186.3,0.001000
183500,4.576259,0.010680,4.576563,0.010328,3188.1,0.001000
183600,4.576346,0.010516,4.576705,0.010232,3189.9,0.001000
183700,4.576066,0.010464,4.576440,0.010312,3191.7,0.001000
183800,4.576232,0.010464,4.576550,0.010300,3193.4,0.001000
183900,4.576114,0.010276,4.576427,0.010348,3195.1,0.001000
184000,4.576150,0.010312,4.576380,0.010332,3197.0,0.001000
184100,4.576120,0.010804,4.576484,0.010300,3198.8,0.001000
184200,4.576365,0.010360,4.576663,0.010036,3200.5,0.001000
184300,4.576185,0.010396,4.576562,0.009928,3202.4,0.001000
184400,4.576264,0.010224,4.576777,0.010176,3204.2,0.001000
184500,4.576253,0.010560,4.576813,0.010356,3205.9,0.001000
184600,4.575869,0.010664,4.576025,0.010288,3207.6,0.001000
184700,4.576081,0.010580,4.576402,0.010176,3209.4,0.001000
184800,4.575813,0.010804,4.576214,0.010300,3211.1,0.001000
184900,4.576160,0.010464,4.576671,0.010300,3212.8,0.001000
185000,4.576461,0.010804,4.576566,0.010300,3214.6,0.001000
185100,4.576227,0.010364,4.576366,0.010264,3216.4,0.001000
185200,4.576196,0.010412,4.576310,0.010416,3218.1,0.001000
185300,4.576077,0.010580,4.576346,0.010176,3220.0,0.001000
185400,4.575987,0.010312,4.576326,0.010332,3221.8,0.001000
185500,4.575982,0.010560,4.576220,0.010356,3223.5,0.001000
185600,4.576095,0.010296,4.576477,0.010116,3225.2,0.001000
185700,4.576082,0.010192,4.576435,0.010416,3226.9,0.001000
185800,4.576351,0.010500,4.576820,0.010228,3228.6,0.001000
185900,4.576385,0.010008,4.576768,0.010328,3230.4,0.001000
186000,4.576080,0.010444,4.576277,0.010300,3232.1,0.001000
186100,4.576128,0.010560,4.576553,0.010356,3233.9,0.001000
186200,4.576166,0.010376,4.576610,0.010240,3235.6,0.001000
186300,4.576384,0.010324,4.576512,0.010236,3237.4,0.001000
186400,4.576062,0.010664,4.576175,0.010288,3239.1,0.001000
186500,4.576257,0.010484,4.576701,0.010040,3240.8,0.001000
186600,4.576203,0.010264,4.576489,0.010264,3242.6,0.001000
186700,4.576149,0.010672,4.576586,0.009860,3244.3,0.001000
186800,4.576096,0.010680,4.576481,0.010328,3246.2,0.001000
186900,4.576272,0.010340,4.576715,0.010264,3247.9,0.001000
187000,4.576193,0.010384,4.576266,0.010204,3249.8,0.001000
187100,4.576078,0.010532,4.576345,0.010112,3251.6,0.001000
187200,4.576176,0.010244,4.576371,0.010264,3253.4,0.001000
187300,4.576134,0.010312,4.576550,0.010332,3255.2,0.001000
187400,4.576038,0.010532,4.576238,0.010112,3256.9,0.001000
187500,4.576035,0.010680,4.576248,0.010328,3258.6,0.001000
187600,4.576067,0.010412,4.576398,0.010416,3260.3,0.001000
187700,4.575970,0.010516,4.576464,0.010232,3262.0,0.001000
187800,4.576160,0.010580,4.576583,0.010176,3263.7,0.001000
187900,4.576302,0.010288,4.576615,0.010504,3265.4,0.001000
188000,4.576303,0.010424,4.576556,0.010336,3267.2,0.001000
188100,4.576178,0.010488,4.576493,0.010468,3269.0,0.001000
188200,4.576277,0.010560,4.576590,0.010356,3270.7,0.001000
188300,4.576325,0.010404,4.576703,0.010416,3272.5,0.001000
188400,4.576048,0.010476,4.576237,0.010460,3274.2,0.001000
188500,4.576320,0.010276,4.576694,0.010348,3276.0,0.001000
188600,4.576365,0.010460,4.576615,0.010536,3277.7,0.001000
188700,4.576004,0.010376,4.576325,0.010240,3279.5,0.001000
188800,4.576272,0.010140,4.576359,0.010320,3281.3,0.001000
188900,4.576214,0.010432,4.576445,0.010348,3283.0,0.001000
189000,4.575890,0.010404,4.576350,0.010416,3284.8,0.001000
189100,4.576448,0.010376,4.576820,0.010240,3286.6,0.001000
189200,4.576107,0.010192,4.576384,0.010416,3288.3,0.001000
189300,4.576178,0.010532,4.576649,0.009952,3290.0,0.001000
189400,4.576241,0.010264,4.576742,0.010264,3291.8,0.001000
189500,4.576112,0.010664,4.576352,0.010288,3293.5,0.001000
189600,4.576425,0.010360,4.577042,0.010036,3295.3,0.001000
189700,4.576106,0.010464,4.576590,0.010256,3297.0,0.001000
189800,4.576056,0.010432,4.576521,0.010348,3298.8,0.001000
189900,4.576192,0.010396,4.576571,0.009928,3300.5,0.001000
190000,4.576134,0.010612,4.576776,0.010440,3302.2,0.001000
190100,4.576076,0.010672,4.576500,0.009860,3303.9,0.001000
190200,4.576208,0.010340,4.576304,0.010232,3305.6,0.001000
190300,4.576197,0.010444,4.576544,0.010300,3307.3,0.001000
190400,4.576305,0.010804,4.576501,0.010300,3309.1,0.001000
190500,4.576129,0.010016,4.576476,0.010180,3310.8,0.001000
190600,4.576265,0.010396,4.576570,0.009928,3312.5,0.001000
190700,4.576040,0.010484,4.576346,0.010040,3314.2,0.001000
190800,4.576042,0.010432,4.576406,0.010348,3315.9,0.001000
190900,4.576401,0.010152,4.576826,0.010448,3317.6,0.001000
191000,4.576163,0.010464,4.576355,0.010312,3319.3,0.001000
191100,4.576122,0.010532,4.576362,0.009952,3321.1,0.001000
191200,4.575902,0.010584,4.576241,0.010176,3322.8,0.001000
191300,4.576086,0.010480,4.576496,0.010232,3324.6,0.001000
191400,4.576350,0.010016,4.576354,0.010180,3326.3,0.001000
191500,4.576356,0.010384,4.576836,0.010204,3328.0,0.001000
191600,4.576004,0.010248,4.576302,0.010016,3329.7,0.001000
191700,4.575965,0.010532,4.576343,0.010112,3331.4,0.001000
191800,4.576024,0.010548,4.576307,0.010076,3333.2,0.001000
191900,4.576146,0.010680,4.576386,0.010328,3334.9,0.001000
192000,4.576389,0.010140,4.576826,0.010320,3336.6,0.001000
192100,4.576004,0.010296,4.576528,0.010416,3338.4,0.001000
192200,4.576140,0.010580,4.576619,0.010176,3340.1,0.001000
192300,4.576202,0.010488,4.576536,0.010468,3341.9,0.001000
192400,4.575917,0.010548,4.576283,0.010076,3343.6,0.001000
192500,4.576046,0.010348,4.576324,0.010396,3345.3,0.001000
192600,4.576005,0.010100,4.576179,0.010756,3347.1,0.001000
192700,4.576150,0.010804,4.576484,0.010300,3348.8,0.001000
192800,4.576389,0.010444,4.576564,0.010300,3350.5,0.001000
192900,4.576023,0.010548,4.576321,0.010076,3352.2,0.001000
193000,4.576405,0.010408,4.576932,0.010356,3353.9,0.001000
193100,4.575982,0.010672,4.576437,0.009860,3355.6,0.001000
193200,4.576101,0.010384,4.576502,0.010204,3357.3,0.001000
193300,4.576138,0.010488,4.576355,0.010468,3359.0,0.001000
193400,4.576144,0.010360,4.576614,0.010036,3360.8,0.001000
193500,4.576324,0.010444,4.576673,0.010300,3362.5,0.001000
193600,4.576304,0.010412,4.576529,0.010416,3364.2,0.001000
193700,4.576181,0.010580,4.576615,0.010176,3365.9,0.001000
193800,4.575913,0.010340,4.576232,0.010232,3367.6,0.001000
193900,4.576296,0.010584,4.576555,0.010176,3369.3,0.001000
194000,4.576150,0.010432,4.576830,0.010348,3371.0,0.001000
194100,4.576218,0.010408,4.576744,0.010356,3372.8,0.001000
194200,4.576086,0.010584,4.576400,0.010176,3374.5,0.001000
194300,4.576081,0.010444,4.576362,0.010300,3376.2,0.001000
194400,4.576116,0.010464,4.576464,0.010256,3377.9,0.001000
194500,4.575962,0.010248,4.576422,0.010016,3379.6,0.001000
194600,4.576332,0.010404,4.576653,0.010416,3381.3,0.001000
194700,4.576060,0.010408,4.576356,0.010204,3383.0,0.001000
194800,4.576256,0.010464,4.576437,0.010256,3384.8,0.001000
194900,4.576261,0.010068,4.576747,0.010332,3386.5,0.001000
195000,4.576007,0.010296,4.576334,0.010116,3388.2,0.001000
195100,4.576022,0.010364,4.576247,0.010264,3389.9,0.001000
195200,4.576220,0.010464,4.576569,0.010256,3391.6,0.001000
195300,4.576085,0.010408,4.576418,0.010204,3393.3,0.001000
195400,4.576342,0.010340,4.576486,0.010264,3395.0,0.001000
195500,4.576207,0.010340,4.576518,0.010264,3396.7,0.001000
195600,4.576342,0.010268,4.576451,0.010172,3398.4,0.001000
195700,4.576013,0.010452,4.576536,0.010524,3400.1,0.001000
195800,4.576332,0.010068,4.576542,0.010332,3401.9,0.001000
195900,4.576400,0.010412,4.576685,0.010416,3403.6,0.001000
196000,4.576111,0.010332,4.576486,0.010508,3405.3,0.001000
196100,4.576560,0.010532,4.576697,0.009952,3407.0,0.001000
196200,4.576233,0.010672,4.576798,0.009860,3408.7,0.001000
196300,4.576135,0.010680,4.576431,0.010328,3410.4,0.001000
196400,4.576122,0.010360,4.576371,0.010036,3412.1,0.001000
196500,4.576517,0.010500,4.577032,0.010228,3413.8,0.001000
196600,4.576091,0.010484,4.576528,0.010040,3415.5,0.001000
196700,4.576025,0.010408,4.576239,0.010356,3417.2,0.001000
196800,4.576147,0.010516,4.576400,0.010232,3418.9,0.001000
196900,4.575775,0.010480,4.576128,0.010232,3420.6,0.001000
197000,4.576223,0.010480,4.576674,0.010232,3422.4,0.001000
197100,4.575924,0.010408,4.576322,0.010336,3424.1,0.001000
197200,4.576391,0.010100,4.576424,0.010756,3425.8,0.001000
197300,4.576353,0.010124,4.576662,0.010444,3427.5,0.001000
197400,4.576207,0.010452,4.576505,0.010524,3429.2,0.001000
197500,4.576224,0.010548,4.576695,0.010076,3430.9,0.001000
197600,4.576085,0.010804,4.576353,0.010300,3432.6,0.001000
197700,4.576168,0.010140,4.576460,0.010320,3434.4,0.001000
197800,4.576158,0.010316,4.576335,0.010164,3436.1,0.001000
197900,4.576210,0.010548,4.576815,0.010076,3437.8,0.001000
198000,4.576453,0.010408,4.576587,0.010204,3439.5,0.001000
198100,4.576282,0.010408,4.576400,0.010356,3441.2,0.001000
198200,4.576407,0.010216,4.576779,0.010440,3442.9,0.001000
198300,4.576229,0.010400,4.576698,0.010320,3444.6,0.001000
198400,4.576059,0.010188,4.576450,0.010276,3446.3,0.001000
198500,4.576201,0.010484,4.576546,0.010040,3448.0,0.001000
198600,4.576172,0.010348,4.576585,0.010396,3449.8,0.001000
198700,4.576085,0.010408,4.576511,0.010356,3451.5,0.001000
198800,4.576004,0.010332,4.576296,0.010360,3453.2,0.001000
198900,4.576440,0.010484,4.576898,0.010040,3454.9,0.001000
199000,4.576046,0.010580,4.576622,0.010176,3456.6,0.001000
199100,4.576023,0.010444,4.576531,0.010300,3458.3,0.001000
199200,4.576272,0.010560,4.576608,0.010356,3460.0,0.001000
199300,4.576128,0.010560,4.576540,0.010356,3461.7,0.001000
199400,4.576328,0.010396,4.576634,0.009928,3463.4,0.001000
199500,4.576012,0.010408,4.576419,0.010356,3465.1,0.001000
199600,4.576323,0.010412,4.576695,0.010416,3466.9,0.001000
199700,4.576172,0.010484,4.576654,0.010040,3468.6,0.001000
199800,4.576117,0.010288,4.576480,0.010108,3470.3,0.001000
199900,4.576322,0.010408,4.576603,0.010356,3472.0,0.001000
