step,train_loss,train_acc,test_loss,test_acc,elapsed_sec,lr
0,5.123150,0.010208,5.122292,0.010056,1.3,0.000020
100,4.601437,0.010308,4.601655,0.010200,3.0,0.001000
200,4.597003,0.010232,4.597501,0.010292,4.6,0.001000
300,4.593266,0.010508,4.595450,0.010208,6.3,0.001000
400,4.588136,0.010232,4.590525,0.010260,8.0,0.001000
500,4.583442,0.010692,4.586006,0.010340,9.7,0.001000
600,4.586212,0.010692,4.589475,0.010420,11.4,0.001000
700,4.583531,0.011000,4.587531,0.010476,13.1,0.001000
800,4.582847,0.010836,4.587742,0.009688,14.8,0.001000
900,4.583887,0.011180,4.588539,0.010252,16.5,0.001000
1000,4.580273,0.011180,4.586590,0.010156,18.2,0.001000
1100,4.579427,0.011656,4.585751,0.010380,19.9,0.001000
1200,4.578117,0.012144,4.585902,0.009616,21.6,0.001000
1300,4.576793,0.011692,4.587110,0.010368,23.3,0.001000
1400,4.568303,0.013040,4.580807,0.011048,25.0,0.001000
1500,4.316105,0.023264,4.332924,0.021100,26.7,0.001000
1600,3.218139,0.090812,3.233086,0.085400,28.4,0.001000
1700,2.589257,0.160240,2.602156,0.150624,30.1,0.001000
1800,2.206649,0.235236,2.218391,0.224488,31.8,0.001000
1900,1.955600,0.295224,1.967167,0.281676,33.5,0.001000
2000,1.781051,0.315272,1.793571,0.306088,35.2,0.001000
2100,1.561935,0.397720,1.575955,0.384408,36.9,0.001000
2200,1.450647,0.420408,1.467506,0.403992,38.7,0.001000
2300,1.279638,0.494020,1.294550,0.477904,40.4,0.001000
2400,1.218769,0.511680,1.231555,0.499896,42.1,0.001000
2500,1.108622,0.560140,1.121699,0.546420,43.7,0.001000
2600,1.056199,0.584916,1.067955,0.572200,45.5,0.001000
2700,1.039155,0.587260,1.051117,0.575032,47.2,0.001000
2800,1.014450,0.546924,1.028846,0.535636,48.9,0.001000
2900,0.993108,0.563892,1.003735,0.555196,50.6,0.001000
3000,0.893362,0.637488,0.904259,0.629444,52.3,0.001000
3100,0.959049,0.569040,0.971427,0.560116,54.0,0.001000
3200,0.837136,0.647124,0.847307,0.640016,55.7,0.001000
3300,0.791288,0.683792,0.803508,0.675116,57.4,0.001000
3400,0.785005,0.688084,0.794630,0.680968,59.1,0.001000
3500,0.775839,0.686776,0.783229,0.681128,60.8,0.001000
3600,0.897499,0.611364,0.909203,0.603764,62.5,0.001000
3700,0.797874,0.641796,0.806175,0.636052,64.2,0.001000
3800,0.707487,0.703716,0.716852,0.695920,65.9,0.001000
3900,0.834535,0.631540,0.846235,0.625348,67.6,0.001000
4000,0.784624,0.663116,0.790175,0.660604,69.3,0.001000
4100,0.734196,0.668328,0.742191,0.663412,71.0,0.001000
4200,0.674432,0.716828,0.682046,0.712368,72.7,0.001000
4300,0.628939,0.730716,0.636613,0.726812,74.4,0.001000
4400,0.582357,0.786340,0.590366,0.780692,76.1,0.001000
4500,0.636048,0.737944,0.644472,0.733364,77.8,0.001000
4600,0.552957,0.788272,0.561525,0.782896,79.5,0.001000
4700,0.637200,0.723248,0.645213,0.717940,81.2,0.001000
4800,0.437021,0.867892,0.442769,0.865228,82.9,0.001000
4900,0.558611,0.772708,0.566753,0.766636,84.6,0.001000
5000,0.531778,0.784108,0.535826,0.782868,86.3,0.001000
5100,0.557586,0.775336,0.564369,0.772268,88.0,0.001000
5200,0.536589,0.768832,0.543948,0.765232,89.8,0.001000
5300,0.510514,0.804584,0.515346,0.801912,91.5,0.001000
5400,0.526221,0.802840,0.533083,0.800076,93.1,0.001000
5500,0.515373,0.781384,0.519835,0.779252,94.8,0.001000
5600,0.535727,0.768484,0.541681,0.764880,96.5,0.001000
5700,0.503659,0.796200,0.508010,0.795192,98.2,0.001000
5800,0.550138,0.757304,0.555856,0.755376,99.9,0.001000
5900,0.413222,0.842432,0.417669,0.839756,101.6,0.001000
6000,0.399864,0.848720,0.404994,0.846508,103.4,0.001000
6100,0.626287,0.725284,0.629010,0.724208,105.1,0.001000
6200,0.500634,0.789500,0.507091,0.787868,106.8,0.001000
6300,0.468989,0.816156,0.475316,0.813924,108.5,0.001000
6400,0.392336,0.846464,0.395185,0.844528,110.2,0.001000
6500,0.412116,0.855688,0.416230,0.853868,111.9,0.001000
6600,0.458733,0.815236,0.462743,0.812216,113.6,0.001000
6700,0.409514,0.833548,0.412605,0.832240,115.3,0.001000
6800,0.434600,0.825988,0.438801,0.823448,117.0,0.001000
6900,0.457590,0.811272,0.459811,0.810368,118.7,0.001000
7000,0.514720,0.792180,0.522730,0.788500,120.4,0.001000
7100,0.354535,0.869552,0.357580,0.867152,122.1,0.001000
7200,0.562879,0.761260,0.562114,0.760848,123.8,0.001000
7300,0.415395,0.822292,0.417673,0.820508,125.5,0.001000
7400,0.449780,0.829868,0.452295,0.828476,127.2,0.001000
7500,0.333870,0.872292,0.337718,0.870344,128.9,0.001000
7600,0.409480,0.840200,0.411354,0.839396,130.6,0.001000
7700,0.406490,0.840028,0.410281,0.837948,132.3,0.001000
7800,0.420275,0.824644,0.423823,0.824328,134.0,0.001000
7900,0.425370,0.816388,0.427662,0.816092,135.7,0.001000
8000,0.304881,0.891896,0.307734,0.890936,137.4,0.001000
8100,0.519990,0.821764,0.524813,0.819004,139.1,0.001000
8200,0.251853,0.914688,0.252913,0.914928,140.8,0.001000
8300,0.522758,0.769556,0.524000,0.768452,142.5,0.001000
8400,0.340111,0.868080,0.341542,0.868888,144.2,0.001000
8500,0.520586,0.756724,0.524200,0.755100,145.9,0.001000
8600,0.313494,0.881524,0.314302,0.881936,147.6,0.001000
8700,0.336867,0.862348,0.337421,0.862472,149.3,0.001000
8800,0.450684,0.805004,0.452670,0.802992,151.0,0.001000
8900,0.263196,0.904752,0.265429,0.903776,152.7,0.001000
9000,0.333901,0.863212,0.336756,0.861572,154.4,0.001000
9100,0.332225,0.867640,0.334683,0.866376,156.1,0.001000
9200,0.414552,0.832420,0.414808,0.833752,157.8,0.001000
9300,0.426759,0.824584,0.427688,0.823200,159.5,0.001000
9400,0.202712,0.935292,0.206036,0.934196,161.2,0.001000
9500,0.506767,0.767552,0.510196,0.766888,163.1,0.001000
9600,0.294775,0.890024,0.296931,0.888844,164.9,0.001000
9700,0.235209,0.915152,0.235668,0.914628,166.7,0.001000
9800,0.307738,0.877396,0.310831,0.875204,168.6,0.001000
9900,0.416387,0.820764,0.417870,0.819444,170.3,0.001000
10000,0.308296,0.878744,0.311446,0.876268,172.1,0.001000
10100,0.202453,0.930508,0.203862,0.929808,173.9,0.001000
10200,0.219739,0.923856,0.222086,0.923548,175.7,0.001000
10300,0.210459,0.925344,0.213425,0.923488,177.5,0.001000
10400,0.274214,0.896448,0.275773,0.896180,179.3,0.001000
10500,0.238011,0.906060,0.241432,0.904980,181.1,0.001000
10600,0.261059,0.898772,0.261512,0.899188,182.9,0.001000
10700,0.327794,0.873444,0.332975,0.871836,184.8,0.001000
10800,0.359905,0.852968,0.362174,0.852048,186.6,0.001000
10900,0.227332,0.911676,0.229986,0.910116,188.5,0.001000
11000,0.241854,0.914756,0.244737,0.913176,190.3,0.001000
11100,0.259626,0.898900,0.257617,0.899992,192.2,0.001000
11200,0.308560,0.870084,0.311156,0.869420,194.1,0.001000
11300,0.252300,0.901248,0.252593,0.901372,195.9,0.001000
11400,0.242364,0.905136,0.242955,0.904680,197.7,0.001000
11500,0.142781,0.954436,0.144255,0.953736,199.5,0.001000
11600,0.294366,0.876624,0.297021,0.874936,201.3,0.001000
11700,0.279962,0.887504,0.281571,0.886888,203.1,0.001000
11800,0.212880,0.921440,0.213405,0.921576,205.0,0.001000
11900,0.169150,0.942152,0.169623,0.941840,206.9,0.001000
12000,0.231214,0.908032,0.230863,0.908188,209.0,0.001000
12100,0.177210,0.937288,0.179763,0.935900,210.9,0.001000
12200,0.191753,0.932360,0.192895,0.932040,212.8,0.001000
12300,0.174048,0.935792,0.177054,0.934712,214.7,0.001000
12400,0.237603,0.913152,0.236731,0.913532,216.6,0.001000
12500,0.258864,0.904904,0.260550,0.905108,218.4,0.001000
12600,0.277058,0.889008,0.280428,0.887600,220.1,0.001000
12700,0.258701,0.892076,0.262083,0.890896,221.9,0.001000
12800,0.249973,0.900964,0.252980,0.899680,223.7,0.001000
12900,0.252959,0.898540,0.250492,0.899724,225.5,0.001000
13000,0.196395,0.924920,0.196973,0.924892,227.3,0.001000
13100,0.188888,0.928516,0.191436,0.926796,229.1,0.001000
13200,0.312904,0.877808,0.312973,0.877968,230.9,0.001000
13300,0.255026,0.902756,0.256697,0.901828,232.8,0.001000
13400,0.261306,0.896216,0.261111,0.896156,234.6,0.001000
13500,0.144082,0.953664,0.144513,0.954068,236.4,0.001000
13600,0.234172,0.908320,0.236617,0.907312,238.2,0.001000
13700,0.139737,0.949920,0.140324,0.950444,240.0,0.001000
13800,0.285895,0.885844,0.289742,0.884300,241.8,0.001000
13900,0.170639,0.935468,0.171385,0.935780,243.6,0.001000
14000,0.178935,0.933300,0.179712,0.932908,245.4,0.001000
14100,0.318790,0.882020,0.318579,0.883032,247.2,0.001000
14200,0.226405,0.916712,0.227706,0.915740,248.9,0.001000
14300,0.240796,0.907852,0.240848,0.907360,250.7,0.001000
14400,0.392614,0.845244,0.392377,0.844900,252.5,0.001000
14500,0.150420,0.947656,0.152918,0.946332,254.3,0.001000
14600,0.137867,0.949848,0.138667,0.950200,256.1,0.001000
14700,0.172545,0.933964,0.174228,0.933440,257.8,0.001000
14800,0.150362,0.948100,0.151532,0.947732,259.6,0.001000
14900,0.152401,0.943160,0.152495,0.943672,261.4,0.001000
15000,0.276618,0.889380,0.275686,0.890404,263.1,0.001000
15100,0.177541,0.931604,0.180877,0.929660,264.9,0.001000
15200,0.189136,0.924868,0.189186,0.925292,266.7,0.001000
15300,0.167732,0.936880,0.170999,0.935092,268.5,0.001000
15400,0.126192,0.955100,0.126707,0.955424,270.3,0.001000
15500,0.179279,0.932956,0.179568,0.933052,272.0,0.001000
15600,0.213542,0.915816,0.214801,0.914508,273.8,0.001000
15700,0.166543,0.936568,0.168305,0.936028,275.5,0.001000
15800,0.265020,0.902984,0.268884,0.901368,277.3,0.001000
15900,0.088426,0.972600,0.089601,0.971980,279.0,0.001000
16000,0.166520,0.935764,0.169246,0.934700,280.8,0.001000
16100,0.179343,0.932544,0.178141,0.933376,282.6,0.001000
16200,0.176788,0.934136,0.177799,0.934212,284.3,0.001000
16300,0.168254,0.939344,0.171720,0.938116,286.1,0.001000
16400,0.268345,0.899520,0.270932,0.898380,287.9,0.001000
16500,0.286549,0.891108,0.292997,0.889036,289.7,0.001000
16600,0.395040,0.863348,0.395855,0.862664,291.4,0.001000
16700,0.144926,0.947732,0.144551,0.948064,293.2,0.001000
16800,0.270320,0.888244,0.273702,0.886236,295.0,0.001000
16900,0.227005,0.909432,0.227383,0.909228,296.7,0.001000
17000,0.177281,0.935220,0.178641,0.934896,298.5,0.001000
17100,0.153511,0.942216,0.154546,0.941508,300.3,0.001000
17200,0.167519,0.936248,0.169215,0.935384,302.0,0.001000
17300,0.194909,0.921488,0.198099,0.920516,303.8,0.001000
17400,0.208538,0.921640,0.211170,0.920976,305.5,0.001000
17500,0.221726,0.909532,0.224695,0.908568,307.3,0.001000
17600,0.342864,0.862668,0.341554,0.863420,309.0,0.001000
17700,0.102910,0.965620,0.102979,0.966352,310.8,0.001000
17800,0.117686,0.958264,0.119003,0.957736,312.6,0.001000
17900,0.109555,0.962864,0.108906,0.963312,314.3,0.001000
18000,0.249420,0.910112,0.254051,0.908912,316.1,0.001000
18100,0.072743,0.978128,0.073399,0.977712,317.9,0.001000
18200,0.138710,0.948604,0.137300,0.949468,319.7,0.001000
18300,0.077239,0.977680,0.076169,0.978040,321.4,0.001000
18400,0.354768,0.865348,0.354325,0.865432,323.2,0.001000
18500,0.100779,0.966048,0.100700,0.965896,324.9,0.001000
18600,0.137463,0.947516,0.139975,0.945648,326.7,0.001000
18700,0.205638,0.915724,0.207818,0.915076,328.4,0.001000
18800,0.197245,0.927200,0.197170,0.926628,330.3,0.001000
18900,0.139352,0.947072,0.139521,0.946584,332.0,0.001000
19000,0.203883,0.915828,0.205281,0.915260,333.8,0.001000
19100,0.207201,0.920616,0.209748,0.919888,335.5,0.001000
19200,0.092737,0.969600,0.094473,0.968788,337.3,0.001000
19300,0.180688,0.932088,0.181453,0.932116,339.0,0.001000
19400,0.108299,0.960508,0.108575,0.960592,340.8,0.001000
19500,0.153022,0.941376,0.153470,0.941300,342.5,0.001000
19600,0.182699,0.934804,0.180604,0.935540,344.3,0.001000
19700,0.075021,0.977120,0.074545,0.977488,346.1,0.001000
19800,0.069602,0.979244,0.069934,0.978924,347.9,0.001000
19900,0.104955,0.965576,0.105779,0.965248,349.7,0.001000
20000,0.099736,0.964192,0.100469,0.963744,351.4,0.001000
20100,0.250851,0.901644,0.249325,0.900676,353.2,0.001000
20200,0.069551,0.977488,0.069540,0.977660,355.0,0.001000
20300,0.116974,0.958176,0.116124,0.959204,356.7,0.001000
20400,0.057448,0.983668,0.057715,0.983996,358.5,0.001000
20500,0.150893,0.943920,0.150689,0.944188,360.2,0.001000
20600,0.185290,0.928560,0.186909,0.927940,362.0,0.001000
20700,0.109229,0.965360,0.110779,0.964360,363.7,0.001000
20800,0.225381,0.909884,0.225451,0.909652,365.5,0.001000
20900,0.134022,0.948840,0.132731,0.949860,367.2,0.001000
21000,0.193646,0.919488,0.196402,0.917832,369.0,0.001000
21100,0.059879,0.983084,0.060109,0.982892,370.7,0.001000
21200,0.149020,0.942160,0.149652,0.941636,372.5,0.001000
21300,0.125648,0.952104,0.127911,0.951128,374.2,0.001000
21400,0.092581,0.968124,0.092686,0.967812,376.0,0.001000
21500,0.206512,0.923340,0.212750,0.920620,377.7,0.001000
21600,0.093497,0.967272,0.093494,0.967100,379.5,0.001000
21700,0.212252,0.911512,0.212093,0.910936,381.3,0.001000
21800,0.090270,0.969268,0.090938,0.969352,383.0,0.001000
21900,0.123423,0.955328,0.124614,0.954804,384.8,0.001000
22000,0.213836,0.915188,0.212802,0.915572,386.6,0.001000
22100,0.164409,0.935092,0.166979,0.934008,388.3,0.001000
22200,0.159362,0.937024,0.158005,0.937656,390.1,0.001000
22300,0.149296,0.938312,0.149988,0.938828,391.9,0.001000
22400,0.143772,0.945216,0.144098,0.944976,393.7,0.001000
22500,0.140357,0.949980,0.140530,0.949536,395.4,0.001000
22600,0.046764,0.987720,0.046803,0.987728,397.2,0.001000
22700,0.203239,0.913160,0.205232,0.912124,399.0,0.001000
22800,0.115724,0.957116,0.115345,0.957420,400.7,0.001000
22900,0.157546,0.941332,0.159157,0.940832,402.5,0.001000
23000,0.124296,0.955036,0.124565,0.954892,404.2,0.001000
23100,0.062789,0.981996,0.064538,0.981712,406.1,0.001000
23200,0.095124,0.964912,0.095586,0.965088,407.8,0.001000
23300,0.079333,0.972568,0.079817,0.972048,409.6,0.001000
23400,0.198634,0.919696,0.200054,0.919932,411.3,0.001000
23500,0.156186,0.940740,0.156680,0.941104,413.1,0.001000
23600,0.115064,0.953068,0.115064,0.953164,414.8,0.001000
23700,0.115118,0.957764,0.114327,0.958028,416.6,0.001000
23800,0.113749,0.959240,0.114564,0.958496,418.4,0.001000
23900,0.165101,0.934380,0.165378,0.934376,420.1,0.001000
24000,0.100989,0.963548,0.100696,0.964252,421.9,0.001000
24100,0.161409,0.937448,0.165982,0.936072,423.6,0.001000
24200,0.067937,0.977816,0.068088,0.977916,425.4,0.001000
24300,0.068962,0.977532,0.069274,0.977448,427.1,0.001000
24400,0.252797,0.922272,0.253907,0.921696,428.9,0.001000
24500,0.209844,0.914660,0.210806,0.914352,430.6,0.001000
24600,0.092285,0.969184,0.093166,0.968772,432.4,0.001000
24700,0.159316,0.940532,0.160035,0.940120,434.1,0.001000
24800,0.052477,0.984760,0.052348,0.984784,435.9,0.001000
24900,0.072327,0.977900,0.073856,0.976856,437.6,0.001000
25000,0.091201,0.967804,0.091063,0.967852,439.4,0.001000
25100,0.066005,0.977840,0.067032,0.977148,441.1,0.001000
25200,0.087803,0.970232,0.088516,0.970044,442.9,0.001000
25300,0.186613,0.928024,0.187549,0.927228,444.7,0.001000
25400,0.055364,0.982412,0.055206,0.982560,446.4,0.001000
25500,0.102113,0.962460,0.103461,0.961500,448.2,0.001000
25600,0.081958,0.971300,0.083362,0.970692,450.1,0.001000
25700,0.079164,0.972628,0.079103,0.972204,451.9,0.001000
25800,0.156352,0.941732,0.157596,0.941360,453.7,0.001000
25900,0.091309,0.967564,0.093424,0.966164,455.4,0.001000
26000,0.093888,0.969592,0.096167,0.969188,457.2,0.001000
26100,0.096181,0.965200,0.098823,0.963464,458.9,0.001000
26200,0.075454,0.974064,0.075232,0.973912,460.7,0.001000
26300,0.096769,0.966168,0.096731,0.965988,462.4,0.001000
26400,0.100308,0.962764,0.101471,0.962376,464.2,0.001000
26500,0.111801,0.962984,0.109939,0.963484,466.0,0.001000
26600,0.163834,0.932388,0.164220,0.932032,467.7,0.001000
26700,0.086501,0.968344,0.086011,0.968924,469.5,0.001000
26800,0.063599,0.979780,0.062864,0.979824,471.2,0.001000
26900,0.078448,0.972460,0.077859,0.972572,472.9,0.001000
27000,0.044938,0.987844,0.045589,0.987480,474.7,0.001000
27100,0.063414,0.979052,0.064081,0.979368,476.5,0.001000
27200,0.157048,0.939296,0.158945,0.938764,478.2,0.001000
27300,0.160394,0.942968,0.161355,0.942484,480.0,0.001000
27400,0.068587,0.976072,0.068369,0.976528,481.8,0.001000
27500,0.138767,0.947504,0.139072,0.947912,483.5,0.001000
27600,0.119035,0.955440,0.120105,0.955584,485.3,0.001000
27700,0.063071,0.978592,0.064225,0.978388,487.0,0.001000
27800,0.106669,0.959124,0.108511,0.957804,488.8,0.001000
27900,0.112411,0.957068,0.114599,0.955688,490.6,0.001000
28000,0.206081,0.915108,0.206902,0.915228,492.4,0.001000
28100,0.042504,0.987388,0.042373,0.987384,494.1,0.001000
28200,0.067241,0.979016,0.067633,0.978632,495.9,0.001000
28300,0.236872,0.904684,0.240767,0.903216,497.6,0.001000
28400,0.107561,0.960504,0.107110,0.960772,499.4,0.001000
28500,0.086725,0.969056,0.087755,0.968872,501.2,0.001000
28600,0.057628,0.980440,0.057004,0.980540,502.9,0.001000
28700,0.087656,0.968504,0.086874,0.968592,504.7,0.001000
28800,0.140769,0.944996,0.140897,0.944928,506.4,0.001000
28900,0.092952,0.965804,0.093127,0.965752,508.2,0.001000
29000,0.044508,0.987588,0.044825,0.987588,510.0,0.001000
29100,0.076542,0.973108,0.076230,0.973180,511.8,0.001000
29200,0.097026,0.966340,0.096871,0.965888,513.5,0.001000
29300,0.084377,0.969348,0.084269,0.969488,515.3,0.001000
29400,0.362414,0.859932,0.362206,0.860132,517.1,0.001000
29500,0.122169,0.952572,0.122032,0.952380,518.9,0.001000
29600,0.091562,0.964864,0.092582,0.964148,520.6,0.001000
29700,0.156791,0.951792,0.158497,0.951292,522.6,0.001000
29800,0.172572,0.935396,0.173076,0.935464,524.5,0.001000
29900,0.267839,0.905108,0.270241,0.904100,526.3,0.001000
30000,0.111410,0.963548,0.110755,0.963560,528.1,0.001000
30100,0.058443,0.981048,0.058912,0.980672,529.8,0.001000
30200,0.086906,0.968188,0.086644,0.968020,531.5,0.001000
30300,0.073819,0.974592,0.074582,0.974460,533.3,0.001000
30400,0.054269,0.981824,0.053739,0.981784,535.0,0.001000
30500,0.148403,0.946100,0.149670,0.945760,536.7,0.001000
30600,0.079276,0.971008,0.078328,0.971760,538.4,0.001000
30700,0.040827,0.987192,0.040779,0.986928,540.1,0.001000
30800,0.074278,0.973844,0.074085,0.973860,541.8,0.001000
30900,0.118881,0.958568,0.119816,0.958344,543.5,0.001000
31000,0.066660,0.978356,0.067270,0.978132,545.2,0.001000
31100,0.253459,0.906876,0.258150,0.906184,546.9,0.001000
31200,0.227026,0.906920,0.228560,0.905540,548.6,0.001000
31300,0.135815,0.949084,0.134237,0.949504,550.3,0.001000
31400,0.057302,0.981360,0.057930,0.981028,552.0,0.001000
31500,0.122575,0.954536,0.122385,0.954732,553.7,0.001000
31600,0.174880,0.927224,0.176606,0.925868,555.4,0.001000
31700,0.051606,0.984292,0.052442,0.983892,557.1,0.001000
31800,0.208660,0.933424,0.205024,0.933712,558.8,0.001000
31900,0.031005,0.992552,0.031466,0.992524,560.5,0.001000
32000,0.090802,0.965800,0.091354,0.965272,562.2,0.001000
32100,0.155700,0.940748,0.157911,0.940436,563.9,0.001000
32200,0.074942,0.972928,0.074326,0.973044,565.6,0.001000
32300,0.100343,0.962316,0.101560,0.961460,567.3,0.001000
32400,0.088253,0.968032,0.087454,0.969224,569.0,0.001000
32500,0.034034,0.990220,0.034243,0.990168,570.7,0.001000
32600,0.060787,0.979360,0.061501,0.979188,572.4,0.001000
32700,0.095115,0.965012,0.096257,0.964524,574.1,0.001000
32800,0.207434,0.917068,0.205935,0.917616,575.8,0.001000
32900,0.141082,0.945392,0.141103,0.945724,577.5,0.001000
33000,0.040771,0.986916,0.040834,0.986808,579.2,0.001000
33100,0.204495,0.921016,0.205381,0.920628,580.9,0.001000
33200,0.164751,0.939284,0.163168,0.939772,582.6,0.001000
33300,0.129579,0.949080,0.127519,0.950268,584.4,0.001000
33400,0.064028,0.977844,0.064740,0.977260,586.1,0.001000
33500,0.255121,0.892444,0.257649,0.891584,587.8,0.001000
33600,0.103115,0.961636,0.101937,0.961936,589.5,0.001000
33700,0.170889,0.932612,0.170870,0.933084,591.2,0.001000
33800,0.040657,0.987976,0.040093,0.988160,592.9,0.001000
33900,0.136552,0.945528,0.137567,0.945336,594.6,0.001000
34000,0.123997,0.954696,0.125192,0.953932,596.3,0.001000
34100,0.083978,0.968004,0.084393,0.968136,598.1,0.001000
34200,0.089288,0.966428,0.089223,0.966224,599.7,0.001000
34300,0.031970,0.990952,0.032598,0.991036,601.5,0.001000
34400,0.061071,0.979892,0.061679,0.979408,603.2,0.001000
34500,0.036187,0.989928,0.036839,0.989372,604.9,0.001000
34600,0.085059,0.970044,0.085663,0.969536,606.6,0.001000
34700,0.203330,0.918128,0.206131,0.917172,608.3,0.001000
34800,0.224921,0.919716,0.225755,0.919412,610.0,0.001000
34900,0.059949,0.979332,0.060497,0.979280,611.7,0.001000
35000,0.072429,0.974760,0.072549,0.974516,613.4,0.001000
35100,0.174459,0.940120,0.178220,0.938808,615.1,0.001000
35200,0.240508,0.912604,0.239201,0.913696,616.8,0.001000
35300,0.139632,0.944096,0.141114,0.943360,618.5,0.001000
35400,0.061907,0.978208,0.061868,0.978580,620.2,0.001000
35500,0.028731,0.992404,0.029803,0.991640,621.9,0.001000
35600,0.172240,0.932004,0.172631,0.932232,623.6,0.001000
35700,0.031339,0.992748,0.030749,0.993188,625.3,0.001000
35800,0.165668,0.938132,0.162204,0.939372,627.0,0.001000
35900,0.124677,0.954092,0.123210,0.954792,628.7,0.001000
36000,0.098614,0.962132,0.097552,0.962812,630.5,0.001000
36100,0.059687,0.977144,0.058948,0.977604,632.2,0.001000
36200,0.055183,0.982548,0.056896,0.981824,633.9,0.001000
36300,0.088879,0.966732,0.089127,0.966560,635.6,0.001000
36400,0.114667,0.960796,0.113858,0.961020,637.3,0.001000
36500,0.116022,0.956760,0.114337,0.956988,639.0,0.001000
36600,0.093765,0.967192,0.092604,0.967652,640.7,0.001000
36700,0.065481,0.977300,0.064997,0.977248,642.4,0.001000
36800,0.057441,0.979280,0.057621,0.979252,644.1,0.001000
36900,0.145936,0.949924,0.144456,0.950164,645.8,0.001000
37000,0.153347,0.936620,0.153677,0.936816,647.5,0.001000
37100,0.229138,0.920048,0.229997,0.919820,649.2,0.001000
37200,0.059401,0.980408,0.059111,0.980356,650.9,0.001000
37300,0.102559,0.959740,0.103378,0.959520,652.6,0.001000
37400,0.094379,0.961996,0.094693,0.962164,654.3,0.001000
37500,0.066911,0.974168,0.068764,0.973240,656.1,0.001000
37600,0.074731,0.974172,0.075835,0.973788,657.8,0.001000
37700,0.091155,0.964828,0.091318,0.964900,659.5,0.001000
37800,0.072798,0.973416,0.073182,0.973136,661.2,0.001000
37900,0.088655,0.966108,0.089191,0.965384,662.9,0.001000
38000,0.036153,0.988180,0.035133,0.988584,664.6,0.001000
38100,0.047849,0.984872,0.047742,0.985160,666.3,0.001000
38200,0.096430,0.964216,0.096524,0.964480,668.0,0.001000
38300,0.159513,0.938148,0.161565,0.937184,669.7,0.001000
38400,0.037105,0.988496,0.037447,0.988436,671.4,0.001000
38500,0.100702,0.964120,0.100603,0.964324,673.1,0.001000
38600,0.124257,0.952920,0.124911,0.952748,674.8,0.001000
38700,0.050722,0.982784,0.049686,0.983008,676.5,0.001000
38800,0.086540,0.967340,0.086135,0.967344,678.2,0.001000
38900,0.078268,0.971968,0.079843,0.971316,679.9,0.001000
39000,0.085886,0.969360,0.086194,0.969452,681.6,0.001000
39100,0.114387,0.956984,0.114712,0.956712,683.4,0.001000
39200,0.138846,0.943540,0.140029,0.942688,685.1,0.001000
39300,0.331040,0.882828,0.331829,0.882912,686.8,0.001000
39400,0.079049,0.968452,0.078698,0.968528,688.5,0.001000
39500,0.079397,0.973404,0.081520,0.972636,690.2,0.001000
39600,0.050914,0.984180,0.051772,0.983572,692.0,0.001000
39700,0.057005,0.980272,0.056818,0.980728,693.8,0.001000
39800,0.061811,0.978728,0.061997,0.978788,695.5,0.001000
39900,0.115789,0.956640,0.116956,0.956540,697.2,0.001000
40000,0.049687,0.983712,0.049409,0.983940,698.9,0.001000
40100,0.138788,0.949484,0.140276,0.948512,700.6,0.001000
40200,0.075001,0.972308,0.075381,0.971748,702.3,0.001000
40300,0.037019,0.989160,0.037349,0.989112,704.0,0.001000
40400,0.066919,0.975164,0.068229,0.974244,705.7,0.001000
40500,0.102494,0.966000,0.100058,0.966416,707.4,0.001000
40600,0.017001,0.996904,0.017405,0.996612,709.1,0.001000
40700,0.075095,0.972704,0.075760,0.972288,710.8,0.001000
40800,0.107827,0.959388,0.106084,0.959960,712.5,0.001000
40900,0.139809,0.953420,0.141641,0.952108,714.2,0.001000
41000,0.042288,0.987392,0.041932,0.987576,715.9,0.001000
41100,0.079553,0.970112,0.080240,0.970072,717.6,0.001000
41200,0.064491,0.977696,0.065099,0.977056,719.2,0.001000
41300,0.099053,0.961368,0.098987,0.961052,721.0,0.001000
41400,0.044988,0.986368,0.047079,0.985732,722.7,0.001000
41500,0.128003,0.954116,0.128991,0.954052,724.4,0.001000
41600,0.104818,0.960196,0.106696,0.958768,726.1,0.001000
41700,0.055792,0.980476,0.056141,0.980236,727.8,0.001000
41800,0.073029,0.974488,0.073345,0.974300,729.5,0.001000
41900,0.040687,0.987044,0.039985,0.987536,731.2,0.001000
42000,0.097578,0.962992,0.098351,0.962500,732.9,0.001000
42100,0.039787,0.987336,0.039897,0.987288,734.6,0.001000
42200,0.108568,0.957068,0.108991,0.956968,736.3,0.001000
42300,0.053285,0.980336,0.053917,0.980664,738.0,0.001000
42400,0.072168,0.974864,0.071977,0.974932,739.7,0.001000
42500,0.130927,0.952536,0.131380,0.952772,741.4,0.001000
42600,0.063575,0.976444,0.064124,0.976164,743.1,0.001000
42700,0.063017,0.977648,0.064879,0.977252,744.8,0.001000
42800,0.066179,0.976392,0.066987,0.976256,746.5,0.001000
42900,0.012565,0.997616,0.012795,0.997588,748.2,0.001000
43000,0.051757,0.982400,0.051556,0.982756,749.9,0.001000
43100,0.169955,0.943520,0.171305,0.943260,751.6,0.001000
43200,0.107788,0.958916,0.107005,0.959536,753.3,0.001000
43300,0.137479,0.944080,0.140194,0.943316,755.0,0.001000
43400,0.070691,0.974736,0.070794,0.974756,756.7,0.001000
43500,0.133880,0.951940,0.135252,0.951608,758.4,0.001000
43600,0.042903,0.986464,0.042880,0.985960,760.1,0.001000
43700,0.038894,0.988168,0.039644,0.987756,761.8,0.001000
43800,0.030183,0.990924,0.030612,0.990660,763.5,0.001000
43900,0.044410,0.984704,0.045349,0.984356,765.3,0.001000
44000,0.058652,0.979408,0.057690,0.980008,767.0,0.001000
44100,0.048812,0.983932,0.048223,0.984212,768.7,0.001000
44200,0.055214,0.980900,0.055724,0.980500,770.4,0.001000
44300,0.089459,0.967636,0.090034,0.967656,772.0,0.001000
44400,0.182962,0.929136,0.183421,0.928424,773.7,0.001000
44500,0.053875,0.982360,0.054723,0.982056,775.5,0.001000
44600,0.123055,0.952240,0.124642,0.952592,777.2,0.001000
44700,0.104731,0.961512,0.104536,0.961584,778.9,0.001000
44800,0.066679,0.975940,0.067823,0.975240,780.6,0.001000
44900,0.176816,0.934344,0.176388,0.934324,782.3,0.001000
45000,0.006599,0.999640,0.006642,0.999656,784.0,0.001000
45100,0.060634,0.977612,0.059499,0.978412,785.8,0.001000
45200,0.095829,0.965212,0.096677,0.965072,788.7,0.001000
45300,0.118128,0.964160,0.115603,0.964216,790.7,0.001000
45400,0.087958,0.966160,0.088947,0.965940,792.7,0.001000
45500,0.113637,0.959992,0.110722,0.960728,794.8,0.001000
45600,0.051926,0.981276,0.052044,0.981308,797.2,0.001000
45700,0.046084,0.985876,0.043995,0.986480,799.3,0.001000
45800,0.044860,0.985468,0.045285,0.985576,801.2,0.001000
45900,0.100588,0.966056,0.099394,0.965780,803.5,0.001000
46000,0.044477,0.988064,0.044860,0.987812,805.5,0.001000
46100,0.035801,0.989144,0.036637,0.988632,807.4,0.001000
46200,0.048326,0.983924,0.048802,0.983416,809.1,0.001000
46300,0.046661,0.985352,0.046154,0.985504,810.9,0.001000
46400,0.091117,0.968028,0.093153,0.966972,812.7,0.001000
46500,0.081675,0.969128,0.083420,0.968260,814.4,0.001000
46600,0.044607,0.984580,0.044722,0.984352,816.2,0.001000
46700,0.045974,0.984352,0.045645,0.984996,818.0,0.001000
46800,0.033170,0.990348,0.033357,0.990360,819.9,0.001000
46900,0.071821,0.974488,0.073055,0.974332,821.6,0.001000
47000,0.001695,0.999968,0.001685,0.999968,823.4,0.001000
47100,0.000378,1.000000,0.000382,1.000000,825.4,0.001000
47200,0.000314,1.000000,0.000317,1.000000,827.2,0.001000
47300,0.000251,1.000000,0.000253,1.000000,829.0,0.001000
47400,0.000200,1.000000,0.000202,1.000000,831.0,0.001000
47500,0.374571,0.844688,0.377135,0.844020,832.9,0.001000
47600,0.000549,1.000000,0.000556,1.000000,834.6,0.001000
47700,0.000245,1.000000,0.000247,1.000000,836.5,0.001000
47800,0.000187,1.000000,0.000189,1.000000,838.4,0.001000
47900,0.000146,1.000000,0.000148,1.000000,840.3,0.001000
48000,0.000113,1.000000,0.000114,1.000000,842.3,0.001000
48100,0.433630,0.821048,0.435559,0.819336,844.1,0.001000
48200,0.092021,0.965652,0.091330,0.966152,846.1,0.001000
48300,0.039662,0.986820,0.039575,0.986948,847.8,0.001000
48400,0.116861,0.956712,0.119814,0.955972,849.6,0.001000
48500,0.128310,0.949852,0.130049,0.949276,851.4,0.001000
48600,0.047012,0.983592,0.046522,0.983820,853.2,0.001000
48700,0.153875,0.939632,0.153809,0.939536,855.0,0.001000
48800,0.208335,0.929868,0.207157,0.930456,856.8,0.001000
48900,0.164529,0.943800,0.163130,0.943628,858.6,0.001000
49000,0.113861,0.962692,0.112880,0.963036,860.3,0.001000
49100,0.050767,0.982492,0.050654,0.982420,862.1,0.001000
49200,0.038965,0.986328,0.039300,0.986240,863.9,0.001000
49300,0.040164,0.986000,0.039579,0.986012,865.6,0.001000
49400,0.147623,0.946488,0.150338,0.945396,867.4,0.001000
49500,0.051208,0.981304,0.051253,0.981416,869.2,0.001000
49600,0.067181,0.975660,0.067576,0.975608,871.1,0.001000
49700,0.003987,0.999408,0.003988,0.999484,872.8,0.001000
49800,0.077777,0.972292,0.079058,0.971996,874.6,0.001000
49900,0.091474,0.965000,0.092183,0.964512,876.4,0.001000
50000,0.172389,0.936156,0.172706,0.935748,878.2,0.001000
50100,0.130230,0.951944,0.130308,0.951956,880.0,0.001000
50200,0.042725,0.985468,0.044383,0.984616,881.8,0.001000
50300,0.074915,0.971820,0.075628,0.971588,883.6,0.001000
50400,0.086664,0.965968,0.086614,0.965932,885.4,0.001000
50500,0.046871,0.983092,0.046744,0.982980,887.2,0.001000
50600,0.080125,0.969856,0.079712,0.970172,888.9,0.001000
50700,0.072369,0.974272,0.073388,0.974260,890.7,0.001000
50800,0.053757,0.982600,0.053843,0.982596,892.5,0.001000
50900,0.106146,0.958056,0.106129,0.957448,894.2,0.001000
51000,0.079854,0.971724,0.079520,0.972088,896.0,0.001000
51100,0.091235,0.967216,0.090167,0.967424,897.8,0.001000
51200,0.039856,0.986100,0.040105,0.986176,899.6,0.001000
51300,0.094062,0.963832,0.095817,0.962568,901.4,0.001000
51400,0.026235,0.992032,0.027018,0.991684,903.2,0.001000
51500,0.030410,0.991416,0.030469,0.991448,905.0,0.001000
51600,0.051116,0.981704,0.053115,0.980652,906.8,0.001000
51700,0.466373,0.843612,0.466213,0.844232,908.7,0.001000
51800,0.049766,0.981840,0.050001,0.981656,910.4,0.001000
51900,0.080116,0.967660,0.079440,0.968076,912.3,0.001000
52000,0.107889,0.961236,0.107443,0.960680,914.1,0.001000
52100,0.044428,0.985140,0.043917,0.985676,915.9,0.001000
52200,0.071242,0.972776,0.072251,0.972680,917.8,0.001000
52300,0.026542,0.992384,0.026915,0.991992,919.7,0.001000
52400,0.034259,0.989812,0.034498,0.989508,921.7,0.001000
52500,0.072137,0.973124,0.072358,0.972976,923.4,0.001000
52600,0.084965,0.968396,0.085380,0.968160,925.3,0.001000
52700,0.143751,0.949024,0.144828,0.948648,927.2,0.001000
52800,0.047688,0.982928,0.048348,0.982712,929.2,0.001000
52900,0.048154,0.984752,0.047827,0.984932,931.1,0.001000
53000,0.050527,0.982252,0.050282,0.982304,933.0,0.001000
53100,0.023538,0.993504,0.023821,0.993380,934.9,0.001000
53200,0.106530,0.959936,0.106234,0.959500,936.9,0.001000
53300,0.027722,0.992272,0.027237,0.992376,938.8,0.001000
53400,0.139418,0.951372,0.141921,0.950852,940.5,0.001000
53500,0.029030,0.990880,0.029049,0.991036,942.4,0.001000
53600,0.042995,0.985880,0.041258,0.986976,944.2,0.001000
53700,0.054550,0.980284,0.054757,0.980260,946.0,0.001000
53800,0.022708,0.993788,0.022839,0.993920,947.9,0.001000
53900,0.055700,0.980740,0.055412,0.980596,949.8,0.001000
54000,0.000864,1.000000,0.000878,1.000000,951.6,0.001000
54100,0.000265,1.000000,0.000268,1.000000,953.4,0.001000
54200,0.000218,1.000000,0.000220,1.000000,955.1,0.001000
54300,0.000173,1.000000,0.000175,1.000000,956.9,0.001000
54400,0.000131,1.000000,0.000132,1.000000,958.7,0.001000
54500,0.000116,1.000000,0.000117,1.000000,960.5,0.001000
54600,0.086267,0.967780,0.085898,0.967668,962.3,0.001000
54700,0.076049,0.976976,0.075391,0.976708,964.1,0.001000
54800,0.095399,0.965784,0.097123,0.965404,966.0,0.001000
54900,0.048137,0.982972,0.048656,0.982492,967.7,0.001000
55000,0.014076,0.996584,0.014079,0.996528,969.5,0.001000
55100,0.016673,0.994272,0.017056,0.994112,971.3,0.001000
55200,0.075321,0.972292,0.075237,0.972000,973.1,0.001000
55300,0.092417,0.963984,0.093397,0.963776,974.8,0.001000
55400,0.128391,0.953180,0.131048,0.952068,976.6,0.001000
55500,0.101601,0.960524,0.101162,0.961040,978.4,0.001000
55600,0.160178,0.938792,0.159613,0.939212,980.3,0.001000
55700,0.090349,0.967300,0.091639,0.966444,982.1,0.001000
55800,0.053893,0.980032,0.056393,0.979008,983.9,0.001000
55900,0.030118,0.990408,0.029853,0.990368,985.6,0.001000
56000,0.032881,0.990612,0.032373,0.990568,987.4,0.001000
56100,0.021026,0.994068,0.021252,0.993980,989.2,0.001000
56200,0.045370,0.984596,0.045891,0.984456,991.0,0.001000
56300,0.036019,0.988804,0.035926,0.988496,992.7,0.001000
56400,0.031765,0.989836,0.032230,0.989716,994.5,0.001000
56500,0.024932,0.992688,0.024911,0.992808,996.4,0.001000
56600,0.122747,0.954148,0.123033,0.953588,998.1,0.001000
56700,0.133662,0.954732,0.131942,0.954876,999.9,0.001000
56800,0.110789,0.960712,0.111478,0.960372,1001.7,0.001000
56900,0.025409,0.991920,0.025728,0.991784,1003.5,0.001000
57000,0.027371,0.991652,0.028056,0.991244,1005.4,0.001000
57100,0.063757,0.977324,0.064296,0.977216,1007.2,0.001000
57200,0.265249,0.899700,0.264430,0.899556,1009.1,0.001000
57300,0.082315,0.967528,0.083702,0.966696,1010.9,0.001000
57400,0.002455,0.999928,0.002504,0.999908,1012.8,0.001000
57500,0.000233,1.000000,0.000235,1.000000,1014.6,0.001000
57600,0.000187,1.000000,0.000189,1.000000,1016.6,0.001000
57700,0.000152,1.000000,0.000154,1.000000,1018.6,0.001000
57800,0.000118,1.000000,0.000119,1.000000,1020.5,0.001000
57900,0.000085,1.000000,0.000085,1.000000,1022.5,0.001000
58000,0.023541,0.995328,0.023792,0.995468,1024.3,0.001000
58100,0.092563,0.966028,0.094472,0.965768,1026.0,0.001000
58200,0.039451,0.986092,0.040571,0.985744,1027.8,0.001000
58300,0.084070,0.967036,0.085337,0.966716,1029.5,0.001000
58400,0.033388,0.988892,0.032649,0.989368,1031.2,0.001000
58500,0.102865,0.963524,0.103958,0.962740,1033.1,0.001000
58600,0.013650,0.996080,0.013242,0.996308,1034.9,0.001000
58700,0.046727,0.984196,0.046142,0.984348,1036.7,0.001000
58800,0.042336,0.984628,0.043826,0.983772,1038.6,0.001000
58900,0.161381,0.938640,0.161265,0.938992,1040.4,0.001000
59000,0.214410,0.916520,0.215754,0.916224,1042.2,0.001000
59100,0.078182,0.974940,0.079535,0.974956,1044.1,0.001000
59200,0.126800,0.956560,0.128525,0.956080,1045.9,0.001000
59300,0.020500,0.994320,0.020386,0.994272,1047.7,0.001000
59400,0.023186,0.992756,0.023696,0.992384,1049.5,0.001000
59500,0.049059,0.982764,0.049268,0.982624,1051.3,0.001000
59600,0.066992,0.973364,0.066693,0.972692,1053.0,0.001000
59700,0.117853,0.961040,0.118227,0.961276,1054.9,0.001000
59800,0.252850,0.933572,0.254339,0.932976,1056.7,0.001000
59900,0.047572,0.983344,0.047732,0.983212,1058.6,0.001000
60000,0.107283,0.958672,0.106842,0.959048,1060.5,0.001000
60100,0.012629,0.997120,0.012572,0.997072,1062.3,0.001000
60200,0.023345,0.993352,0.023587,0.993084,1064.2,0.001000
60300,0.084375,0.969476,0.085004,0.968968,1066.1,0.001000
60400,0.077061,0.973604,0.076166,0.973660,1068.1,0.001000
60500,0.066404,0.975232,0.066935,0.974828,1069.9,0.001000
60600,0.153366,0.939092,0.153942,0.938440,1071.8,0.001000
60700,0.019882,0.995556,0.020052,0.995668,1073.7,0.001000
60800,0.063825,0.975688,0.063127,0.976268,1075.6,0.001000
60900,0.120285,0.954848,0.118550,0.955472,1077.4,0.001000
61000,0.103086,0.960620,0.100733,0.961328,1079.4,0.001000
61100,0.040440,0.986392,0.041322,0.985880,1081.5,0.001000
61200,0.085705,0.969808,0.087201,0.969208,1083.4,0.001000
61300,0.046017,0.984464,0.045375,0.984524,1085.3,0.001000
61400,0.024638,0.992052,0.024435,0.992148,1087.1,0.001000
61500,0.040960,0.986112,0.040319,0.986140,1088.9,0.001000
61600,0.042621,0.984504,0.042712,0.984596,1090.8,0.001000
61700,0.304400,0.891608,0.303909,0.890804,1093.1,0.001000
61800,0.159616,0.942440,0.161995,0.941108,1095.1,0.001000
61900,0.092862,0.964884,0.092826,0.965200,1097.0,0.001000
62000,0.252526,0.919152,0.251308,0.919192,1098.9,0.001000
62100,0.029477,0.991376,0.029860,0.990992,1100.8,0.001000
62200,0.035364,0.988884,0.036190,0.988624,1102.7,0.001000
62300,0.085273,0.967144,0.085756,0.967176,1104.7,0.001000
62400,0.117172,0.963004,0.117976,0.962928,1106.6,0.001000
62500,0.050593,0.982768,0.050447,0.982572,1108.4,0.001000
62600,0.006814,0.999220,0.006778,0.999236,1110.4,0.001000
62700,0.055171,0.980136,0.055408,0.980004,1112.3,0.001000
62800,0.029822,0.990760,0.029531,0.990688,1114.1,0.001000
62900,0.035515,0.988196,0.036365,0.988164,1116.1,0.001000
63000,0.091043,0.963360,0.091946,0.963020,1117.9,0.001000
63100,0.039297,0.986252,0.040123,0.986104,1120.0,0.001000
63200,0.008008,0.998524,0.007754,0.998640,1121.8,0.001000
63300,0.046800,0.983792,0.047054,0.983580,1123.7,0.001000
63400,0.077928,0.974840,0.078342,0.975096,1125.8,0.001000
63500,0.046383,0.984308,0.046466,0.984036,1127.7,0.001000
63600,0.025738,0.992292,0.025750,0.992304,1129.5,0.001000
63700,0.052449,0.981116,0.052736,0.981032,1131.3,0.001000
63800,0.053435,0.981028,0.054039,0.980356,1133.3,0.001000
63900,0.006021,0.998632,0.005960,0.998720,1135.2,0.001000
64000,0.021132,0.994704,0.021391,0.994416,1137.2,0.001000
64100,0.059648,0.979176,0.060171,0.979128,1139.1,0.001000
64200,0.034565,0.988376,0.034712,0.988464,1140.9,0.001000
64300,0.022415,0.993296,0.022452,0.993252,1142.7,0.001000
64400,0.037466,0.987980,0.038119,0.988036,1144.5,0.001000
64500,0.133407,0.946012,0.127970,0.948648,1146.2,0.001000
64600,0.088847,0.969516,0.086549,0.970284,1148.0,0.001000
64700,0.054433,0.979184,0.055094,0.978992,1149.8,0.001000
64800,0.135219,0.950776,0.135098,0.950648,1151.6,0.001000
64900,0.079062,0.971884,0.079571,0.971644,1153.3,0.001000
65000,0.086412,0.965460,0.086157,0.965764,1155.1,0.001000
65100,0.067871,0.975472,0.068197,0.975264,1156.8,0.001000
65200,0.022736,0.993504,0.023224,0.993156,1158.6,0.001000
65300,0.036555,0.987816,0.037528,0.987180,1160.4,0.001000
65400,0.004478,0.999520,0.004448,0.999544,1162.2,0.001000
65500,0.000215,1.000000,0.000218,1.000000,1163.9,0.001000
65600,0.000176,1.000000,0.000178,1.000000,1165.6,0.001000
65700,0.000144,1.000000,0.000146,1.000000,1167.4,0.001000
65800,0.000111,1.000000,0.000112,1.000000,1169.2,0.001000
65900,0.000079,1.000000,0.000080,1.000000,1170.9,0.001000
66000,0.176568,0.941344,0.177427,0.940512,1172.7,0.001000
66100,0.109134,0.962240,0.107129,0.962632,1174.4,0.001000
66200,0.167697,0.953116,0.167734,0.952372,1176.2,0.001000
66300,0.026212,0.991632,0.025603,0.992156,1178.0,0.001000
66400,0.046287,0.983960,0.045835,0.983968,1179.8,0.001000
66500,0.113224,0.958228,0.114237,0.958124,1181.6,0.001000
66600,0.021177,0.993772,0.021233,0.993912,1183.4,0.001000
66700,0.051470,0.983424,0.051059,0.983208,1185.3,0.001000
66800,0.042101,0.985236,0.041524,0.985684,1187.1,0.001000
66900,0.064979,0.977968,0.065184,0.977968,1188.9,0.001000
67000,0.024792,0.992484,0.024896,0.992384,1190.8,0.001000
67100,0.013763,0.996772,0.013707,0.996824,1193.0,0.001000
67200,0.056468,0.978828,0.057074,0.978696,1194.7,0.001000
67300,0.053372,0.980464,0.053988,0.980148,1196.4,0.001000
67400,0.149040,0.953464,0.152121,0.952780,1198.1,0.001000
67500,0.061022,0.978156,0.062323,0.977368,1199.9,0.001000
67600,0.023263,0.993256,0.023135,0.993088,1201.6,0.001000
67700,0.016756,0.995560,0.017199,0.995264,1203.5,0.001000
67800,0.043118,0.984688,0.043658,0.984268,1205.2,0.001000
67900,0.045756,0.982944,0.047039,0.982588,1207.0,0.001000
68000,0.023521,0.992320,0.023985,0.991896,1208.7,0.001000
68100,0.006930,0.998956,0.007147,0.998928,1210.5,0.001000
68200,0.160957,0.937820,0.160211,0.938708,1212.2,0.001000
68300,0.092118,0.966532,0.091977,0.966516,1213.9,0.001000
68400,0.072781,0.973100,0.073069,0.973040,1215.7,0.001000
68500,0.062865,0.976668,0.063801,0.976476,1217.4,0.001000
68600,0.035922,0.987336,0.036208,0.987148,1219.1,0.001000
68700,0.072620,0.973052,0.072818,0.973180,1220.9,0.001000
68800,0.014611,0.996904,0.015063,0.996764,1222.6,0.001000
68900,0.043353,0.984060,0.044117,0.984020,1224.3,0.001000
69000,0.061617,0.979120,0.063078,0.978676,1226.0,0.001000
69100,0.034988,0.988360,0.035045,0.988536,1227.8,0.001000
69200,0.047013,0.983756,0.047019,0.983744,1229.6,0.001000
69300,0.010070,0.997468,0.010253,0.997440,1231.3,0.001000
69400,0.106057,0.964700,0.104256,0.964748,1233.1,0.001000
69500,0.029198,0.989916,0.029255,0.990128,1234.8,0.001000
69600,0.107383,0.964964,0.108686,0.964880,1236.6,0.001000
69700,0.007459,0.998516,0.007733,0.998420,1238.4,0.001000
69800,0.051209,0.981872,0.052812,0.980844,1240.2,0.001000
69900,0.037750,0.987224,0.037890,0.987320,1242.0,0.001000
70000,0.147341,0.940244,0.145580,0.940928,1243.8,0.001000
70100,0.096316,0.963924,0.095922,0.963908,1245.6,0.001000
70200,0.018241,0.994420,0.018251,0.994420,1247.4,0.001000
70300,0.039390,0.986360,0.040114,0.985780,1249.1,0.001000
70400,0.067511,0.973796,0.067244,0.974412,1250.8,0.001000
70500,0.046805,0.983344,0.046551,0.983340,1252.6,0.001000
70600,0.004602,0.998964,0.004510,0.999040,1254.4,0.001000
70700,0.008257,0.997808,0.007922,0.997944,1256.3,0.001000
70800,0.190102,0.931952,0.192828,0.930640,1258.3,0.001000
70900,0.043563,0.984780,0.043635,0.984724,1260.3,0.001000
71000,0.083226,0.970172,0.082963,0.970276,1262.3,0.001000
71100,0.010373,0.998148,0.010651,0.998084,1264.1,0.001000
71200,0.042724,0.985296,0.043813,0.984748,1265.8,0.001000
71300,0.049807,0.983404,0.049928,0.983468,1267.6,0.001000
71400,0.042743,0.985584,0.041386,0.986096,1269.3,0.001000
71500,0.024786,0.991924,0.025232,0.992096,1271.1,0.001000
71600,0.036432,0.987924,0.036411,0.987944,1272.9,0.001000
71700,0.228732,0.922976,0.230603,0.922068,1274.7,0.001000
71800,0.039401,0.986368,0.039819,0.986452,1276.4,0.001000
71900,0.059785,0.978360,0.060421,0.978132,1278.2,0.001000
72000,0.090336,0.964032,0.089289,0.964044,1280.0,0.001000
72100,0.019652,0.993784,0.019496,0.993980,1281.7,0.001000
72200,0.069144,0.975312,0.071437,0.974516,1283.5,0.001000
72300,0.189972,0.935824,0.191290,0.935688,1285.3,0.001000
72400,0.026640,0.991708,0.027532,0.991032,1287.1,0.001000
72500,0.083391,0.969364,0.082167,0.969668,1288.9,0.001000
72600,0.035137,0.988208,0.035571,0.988180,1290.6,0.001000
72700,0.043416,0.986120,0.044342,0.985384,1292.4,0.001000
72800,0.045330,0.983216,0.045012,0.983728,1294.2,0.001000
72900,0.056501,0.978148,0.055269,0.978812,1295.9,0.001000
73000,0.021153,0.993868,0.021688,0.993596,1297.7,0.001000
73100,0.026565,0.990716,0.026820,0.990628,1299.5,0.001000
73200,0.034356,0.988584,0.034780,0.988396,1301.2,0.001000
73300,0.022908,0.993412,0.022674,0.993564,1303.0,0.001000
73400,0.000247,1.000000,0.000253,1.000000,1304.8,0.001000
73500,0.000153,1.000000,0.000154,1.000000,1306.7,0.001000
73600,0.000126,1.000000,0.000127,1.000000,1308.5,0.001000
73700,0.000100,1.000000,0.000101,1.000000,1310.3,0.001000
73800,0.000072,1.000000,0.000073,1.000000,1312.1,0.001000
73900,1.537168,0.859924,1.536571,0.859736,1313.8,0.001000
74000,0.095242,0.966864,0.096380,0.965960,1315.6,0.001000
74100,0.033510,0.988004,0.033834,0.987848,1317.3,0.001000
74200,0.067479,0.976120,0.067722,0.976056,1319.1,0.001000
74300,0.049995,0.982272,0.050168,0.981896,1320.9,0.001000
74400,0.064289,0.975092,0.065149,0.974880,1322.7,0.001000
74500,0.073796,0.970124,0.075105,0.969556,1324.4,0.001000
74600,0.059129,0.977612,0.058552,0.977800,1326.1,0.001000
74700,0.067120,0.975960,0.069245,0.975536,1327.9,0.001000
74800,0.028649,0.990380,0.028827,0.990224,1329.6,0.001000
74900,0.059971,0.979384,0.058435,0.980132,1331.3,0.001000
75000,0.043795,0.983744,0.043756,0.984064,1333.0,0.001000
75100,0.020577,0.993676,0.020791,0.993840,1334.8,0.001000
75200,0.006597,0.998048,0.006543,0.998196,1336.5,0.001000
75300,0.078486,0.969552,0.079013,0.969452,1338.2,0.001000
75400,0.024260,0.992408,0.024540,0.992036,1339.9,0.001000
75500,0.073654,0.971968,0.072443,0.972500,1341.7,0.001000
75600,0.039681,0.987160,0.039996,0.986784,1343.5,0.001000
75700,0.036740,0.987136,0.036999,0.987300,1345.2,0.001000
75800,0.009984,0.997908,0.010345,0.997736,1346.9,0.001000
75900,0.041960,0.984932,0.041830,0.985484,1348.6,0.001000
76000,0.065032,0.977648,0.065011,0.977680,1350.3,0.001000
76100,0.035638,0.987428,0.035827,0.987332,1352.1,0.001000
76200,0.002548,0.999820,0.002518,0.999820,1353.8,0.001000
76300,0.000152,1.000000,0.000154,1.000000,1355.5,0.001000
76400,0.000117,1.000000,0.000119,1.000000,1357.2,0.001000
76500,0.000092,1.000000,0.000093,1.000000,1358.9,0.001000
76600,0.000071,1.000000,0.000072,1.000000,1360.6,0.001000
76700,0.000052,1.000000,0.000052,1.000000,1362.4,0.001000
76800,0.343365,0.872124,0.346890,0.870116,1364.1,0.001000
76900,0.057398,0.979084,0.056707,0.979176,1365.9,0.001000
77000,0.106543,0.960572,0.106339,0.960344,1367.6,0.001000
77100,0.046972,0.982656,0.047814,0.982324,1369.5,0.001000
77200,0.041923,0.984204,0.042673,0.983900,1371.3,0.001000
77300,0.046112,0.983840,0.045532,0.983732,1373.1,0.001000
77400,0.052835,0.980268,0.052804,0.980240,1374.8,0.001000
77500,0.029511,0.989832,0.028960,0.990208,1376.6,0.001000
77600,0.074092,0.974628,0.075360,0.973900,1378.4,0.001000
77700,0.105733,0.957648,0.107140,0.956696,1380.1,0.001000
77800,0.043450,0.985656,0.042052,0.986244,1381.9,0.001000
77900,0.023085,0.992996,0.022618,0.993316,1383.9,0.001000
78000,0.202131,0.931584,0.201957,0.931100,1385.6,0.001000
78100,0.013095,0.996476,0.013528,0.996344,1387.3,0.001000
78200,0.029757,0.990216,0.029541,0.990232,1389.1,0.001000
78300,0.060526,0.977440,0.060181,0.977900,1390.8,0.001000
78400,0.024121,0.992160,0.024701,0.991716,1392.5,0.001000
78500,0.017175,0.995608,0.017350,0.995492,1394.3,0.001000
78600,0.039598,0.985972,0.039270,0.985976,1396.0,0.001000
78700,0.117642,0.960836,0.120036,0.960204,1397.7,0.001000
78800,0.030053,0.989900,0.029684,0.989988,1399.5,0.001000
78900,0.088448,0.966424,0.089067,0.966096,1401.2,0.001000
79000,0.084346,0.974464,0.087122,0.973532,1403.0,0.001000
79100,0.024371,0.991708,0.024631,0.991612,1404.7,0.001000
79200,0.088929,0.969036,0.089016,0.968704,1406.5,0.001000
79300,0.033867,0.988144,0.033598,0.988552,1408.4,0.001000
79400,0.033097,0.988240,0.033386,0.988212,1410.1,0.001000
79500,0.070578,0.974932,0.069602,0.974548,1411.9,0.001000
79600,0.071737,0.971784,0.073089,0.971432,1413.6,0.001000
79700,0.046421,0.984336,0.045674,0.984220,1415.3,0.001000
79800,0.072263,0.973896,0.073478,0.973368,1417.0,0.001000
79900,0.019407,0.994940,0.020055,0.994480,1418.7,0.001000
80000,0.024546,0.992112,0.025425,0.991604,1420.4,0.001000
80100,0.048961,0.981248,0.049684,0.981392,1422.2,0.001000
80200,0.025451,0.991884,0.025961,0.991284,1424.0,0.001000
80300,0.026852,0.990456,0.026885,0.990588,1425.7,0.001000
80400,0.063919,0.976540,0.065160,0.975888,1427.5,0.001000
80500,0.040576,0.984876,0.040066,0.985212,1429.3,0.001000
80600,0.023079,0.992704,0.023652,0.992512,1431.0,0.001000
80700,0.030747,0.989272,0.032134,0.988532,1432.7,0.001000
80800,0.027970,0.990488,0.028232,0.990424,1434.4,0.001000
80900,0.031054,0.990048,0.031340,0.989884,1436.2,0.001000
81000,0.033176,0.989028,0.033112,0.989068,1437.9,0.001000
81100,0.000189,1.000000,0.000193,1.000000,1439.7,0.001000
81200,0.000111,1.000000,0.000112,1.000000,1441.5,0.001000
81300,0.000092,1.000000,0.000093,1.000000,1443.2,0.001000
81400,0.000075,1.000000,0.000076,1.000000,1444.9,0.001000
81500,0.000057,1.000000,0.000058,1.000000,1446.6,0.001000
81600,0.000042,1.000000,0.000043,1.000000,1448.3,0.001000
81700,0.221977,0.922412,0.222405,0.923052,1450.1,0.001000
81800,0.049083,0.983012,0.049150,0.983292,1451.8,0.001000
81900,0.011079,0.996652,0.010793,0.996792,1453.5,0.001000
82000,0.029702,0.990892,0.030222,0.990688,1455.2,0.001000
82100,0.034506,0.987800,0.035073,0.987740,1456.9,0.001000
82200,0.041220,0.985568,0.040395,0.986108,1458.6,0.001000
82300,0.023853,0.992292,0.024371,0.992232,1460.4,0.001000
82400,0.091271,0.966540,0.090262,0.966624,1462.1,0.001000
82500,0.042050,0.984212,0.042270,0.983852,1463.9,0.001000
82600,0.039561,0.986128,0.040015,0.985836,1465.6,0.001000
82700,0.141552,0.953736,0.142682,0.953524,1467.4,0.001000
82800,0.014799,0.995900,0.014564,0.996048,1469.1,0.001000
82900,0.054134,0.978604,0.055028,0.978228,1470.8,0.001000
83000,0.168657,0.934900,0.168467,0.935192,1472.5,0.001000
83100,0.036645,0.987472,0.037465,0.987088,1474.3,0.001000
83200,0.009719,0.997676,0.009689,0.997792,1476.1,0.001000
83300,0.025954,0.991736,0.025511,0.992056,1477.8,0.001000
83400,0.034094,0.988864,0.034873,0.988588,1479.5,0.001000
83500,0.052891,0.980256,0.053487,0.980180,1481.3,0.001000
83600,0.101962,0.963512,0.103725,0.963112,1483.1,0.001000
83700,0.081723,0.969976,0.083146,0.969044,1484.8,0.001000
83800,0.082499,0.968400,0.083116,0.967924,1486.5,0.001000
83900,0.085858,0.968060,0.084383,0.968240,1488.3,0.001000
84000,0.054425,0.979208,0.054902,0.978944,1490.0,0.001000
84100,0.036238,0.986796,0.036608,0.986588,1491.7,0.001000
84200,0.035674,0.987044,0.035826,0.987036,1493.6,0.001000
84300,0.077612,0.968868,0.076805,0.969500,1495.5,0.001000
84400,0.069511,0.974620,0.070385,0.973884,1497.2,0.001000
84500,0.075409,0.971328,0.075369,0.971044,1499.0,0.001000
84600,0.064708,0.976180,0.066354,0.975616,1500.6,0.001000
84700,0.025756,0.990940,0.026349,0.990820,1502.4,0.001000
84800,0.086278,0.967128,0.087878,0.966880,1504.1,0.001000
84900,0.022510,0.993508,0.022988,0.993124,1505.8,0.001000
85000,0.103865,0.961060,0.104631,0.960692,1507.6,0.001000
85100,0.038598,0.986004,0.038454,0.986352,1509.4,0.001000
85200,0.027907,0.990400,0.028329,0.990252,1511.1,0.001000
85300,0.028714,0.990160,0.029367,0.990112,1512.8,0.001000
85400,0.007804,0.998684,0.008035,0.998500,1514.5,0.001000
85500,0.109508,0.959036,0.109301,0.959632,1516.2,0.001000
85600,0.023901,0.992240,0.023302,0.992408,1517.9,0.001000
85700,0.021102,0.993524,0.021082,0.993712,1519.6,0.001000
85800,0.084355,0.968364,0.084879,0.968096,1521.3,0.001000
85900,0.032968,0.988784,0.032852,0.988868,1523.2,0.001000
86000,0.013717,0.996260,0.014222,0.996004,1524.9,0.001000
86100,0.007159,0.998468,0.007124,0.998472,1526.6,0.001000
86200,0.000157,1.000000,0.000158,1.000000,1528.4,0.001000
86300,0.000105,1.000000,0.000106,1.000000,1530.2,0.001000
86400,0.000082,1.000000,0.000083,1.000000,1531.9,0.001000
86500,0.000064,1.000000,0.000064,1.000000,1533.6,0.001000
86600,0.000048,1.000000,0.000048,1.000000,1535.4,0.001000
86700,0.000035,1.000000,0.000035,1.000000,1537.1,0.001000
86800,0.217733,0.918032,0.217926,0.917740,1538.8,0.001000
86900,0.025703,0.991112,0.026280,0.990904,1540.6,0.001000
87000,0.027535,0.990880,0.026696,0.991160,1542.3,0.001000
87100,0.019521,0.994136,0.019935,0.993908,1544.0,0.001000
87200,0.013655,0.996112,0.013742,0.996024,1545.8,0.001000
87300,0.028238,0.991000,0.027963,0.991112,1547.4,0.001000
87400,0.021713,0.993220,0.021793,0.993028,1549.2,0.001000
87500,0.062558,0.976600,0.062623,0.976404,1550.9,0.001000
87600,0.028119,0.990048,0.027946,0.990396,1552.6,0.001000
87700,0.023172,0.992060,0.022995,0.992108,1554.4,0.001000
87800,0.130437,0.947476,0.130546,0.946960,1556.1,0.001000
87900,0.025782,0.991108,0.025315,0.991364,1557.8,0.001000
88000,0.027115,0.990692,0.027421,0.990608,1559.5,0.001000
88100,0.012372,0.996196,0.012100,0.996368,1561.2,0.001000
88200,0.041277,0.985256,0.041162,0.985152,1563.0,0.001000
88300,0.047829,0.981988,0.050059,0.981428,1564.7,0.001000
88400,0.006054,0.998364,0.005934,0.998428,1566.4,0.001000
88500,0.047126,0.982472,0.048193,0.981916,1568.1,0.001000
88600,0.076456,0.969940,0.076856,0.970188,1569.9,0.001000
88700,0.013521,0.996388,0.014011,0.996080,1571.6,0.001000
88800,0.017100,0.994432,0.017716,0.994172,1573.4,0.001000
88900,0.020942,0.994388,0.020938,0.994604,1575.2,0.001000
89000,0.017294,0.995300,0.017007,0.995356,1576.9,0.001000
89100,0.018605,0.994236,0.018513,0.994280,1578.6,0.001000
89200,0.054195,0.980284,0.053833,0.980264,1580.3,0.001000
89300,0.148065,0.942000,0.149294,0.941432,1582.0,0.001000
89400,0.035130,0.987360,0.036279,0.986568,1583.8,0.001000
89500,0.017200,0.994588,0.016838,0.994780,1585.5,0.001000
89600,0.017765,0.994364,0.017571,0.994520,1587.2,0.001000
89700,0.077582,0.971284,0.077979,0.971076,1589.0,0.001000
89800,0.010844,0.997244,0.010747,0.997344,1590.6,0.001000
89900,0.051748,0.981400,0.052526,0.981596,1592.4,0.001000
90000,0.046859,0.982540,0.046192,0.982888,1594.1,0.001000
90100,0.044273,0.984008,0.043860,0.983984,1595.8,0.001000
90200,0.048393,0.981468,0.048147,0.981436,1597.6,0.001000
90300,0.041862,0.984552,0.042148,0.984500,1599.3,0.001000
90400,0.026654,0.990792,0.026932,0.990632,1601.0,0.001000
90500,0.022449,0.993468,0.022769,0.993244,1602.8,0.001000
90600,0.003637,0.999240,0.003589,0.999268,1604.5,0.001000
90700,0.000107,1.000000,0.000109,1.000000,1606.2,0.001000
90800,0.000083,1.000000,0.000084,1.000000,1607.9,0.001000
90900,0.000065,1.000000,0.000066,1.000000,1609.7,0.001000
91000,0.000051,1.000000,0.000051,1.000000,1611.4,0.001000
91100,0.000038,1.000000,0.000038,1.000000,1613.1,0.001000
91200,0.000029,1.000000,0.000029,1.000000,1614.8,0.001000
91300,0.015445,0.995528,0.015412,0.995484,1616.5,0.001000
91400,0.021876,0.993208,0.021549,0.993356,1618.2,0.001000
91500,0.030247,0.989336,0.030028,0.989444,1619.9,0.001000
91600,0.073940,0.971204,0.075399,0.970452,1621.7,0.001000
91700,0.031103,0.988816,0.031837,0.988540,1623.5,0.001000
91800,0.026828,0.990976,0.027093,0.990764,1625.2,0.001000
91900,0.092637,0.965312,0.093725,0.964808,1626.9,0.001000
92000,0.052975,0.980180,0.054485,0.979444,1628.6,0.001000
92100,0.090431,0.968868,0.090389,0.968648,1630.4,0.001000
92200,0.028355,0.989188,0.027656,0.989728,1632.1,0.001000
92300,0.032466,0.988272,0.032354,0.988096,1633.8,0.001000
92400,0.016386,0.995528,0.016477,0.995360,1635.5,0.001000
92500,0.058061,0.977876,0.057599,0.978380,1637.2,0.001000
92600,0.023821,0.992216,0.023097,0.992524,1639.0,0.001000
92700,0.052147,0.985100,0.050818,0.985212,1640.7,0.001000
92800,0.017029,0.994800,0.016779,0.995148,1642.5,0.001000
92900,0.086313,0.968196,0.085533,0.968484,1644.2,0.001000
93000,0.007368,0.998184,0.007795,0.997976,1645.9,0.001000
93100,0.000106,1.000000,0.000108,1.000000,1647.6,0.001000
93200,0.000067,1.000000,0.000068,1.000000,1649.4,0.001000
93300,0.000054,1.000000,0.000055,1.000000,1651.1,0.001000
93400,0.000042,1.000000,0.000043,1.000000,1652.8,0.001000
93500,0.000032,1.000000,0.000032,1.000000,1654.5,0.001000
93600,0.000023,1.000000,0.000023,1.000000,1656.2,0.001000
93700,0.156462,0.948676,0.157171,0.948020,1657.9,0.001000
93800,0.064327,0.974752,0.064981,0.974696,1659.6,0.001000
93900,0.083652,0.971056,0.083256,0.971196,1661.4,0.001000
94000,0.035733,0.987644,0.036598,0.987176,1663.1,0.001000
94100,0.053482,0.983484,0.054667,0.983424,1664.8,0.001000
94200,0.013951,0.995388,0.015081,0.994932,1666.6,0.001000
94300,0.019811,0.994048,0.020336,0.993776,1668.3,0.001000
94400,0.062292,0.975308,0.065299,0.974140,1670.0,0.001000
94500,0.066935,0.974872,0.069187,0.974504,1671.8,0.001000
94600,0.046902,0.982504,0.046480,0.982716,1673.5,0.001000
94700,0.012202,0.996696,0.011689,0.996992,1675.2,0.001000
94800,0.027772,0.989912,0.028218,0.989756,1677.0,0.001000
94900,0.048092,0.984172,0.047021,0.984164,1678.7,0.001000
95000,0.017204,0.994848,0.016808,0.995100,1680.4,0.001000
95100,0.061973,0.977528,0.063012,0.976908,1682.1,0.001000
95200,0.077455,0.970360,0.078687,0.969736,1683.8,0.001000
95300,0.040125,0.984804,0.040701,0.984480,1685.6,0.001000
95400,0.019415,0.993412,0.019295,0.993584,1687.2,0.001000
95500,0.038731,0.986084,0.038030,0.986328,1689.0,0.001000
95600,0.135383,0.949860,0.137352,0.949092,1690.8,0.001000
95700,0.036988,0.986104,0.038005,0.985668,1692.5,0.001000
95800,0.110145,0.957924,0.110036,0.957872,1694.3,0.001000
95900,0.087537,0.967528,0.088704,0.966940,1696.0,0.001000
96000,0.032023,0.989092,0.033342,0.988796,1697.8,0.001000
96100,0.002470,0.999560,0.002326,0.999624,1699.5,0.001000
96200,0.040900,0.984604,0.041913,0.984236,1701.2,0.001000
96300,0.047531,0.982140,0.047365,0.982156,1703.0,0.001000
96400,0.020985,0.994120,0.020511,0.994384,1704.7,0.001000
96500,0.051312,0.980804,0.051198,0.980904,1706.5,0.001000
96600,0.031838,0.988804,0.032064,0.988864,1708.3,0.001000
96700,0.039039,0.985208,0.039273,0.985164,1710.0,0.001000
96800,0.062413,0.976508,0.063086,0.976420,1711.8,0.001000
96900,0.023140,0.991952,0.022922,0.992012,1713.5,0.001000
97000,0.119212,0.971824,0.118684,0.971496,1715.2,0.001000
97100,0.010067,0.997448,0.010638,0.997096,1717.0,0.001000
97200,0.042122,0.984892,0.041981,0.984972,1718.8,0.001000
97300,0.055966,0.983308,0.056944,0.982716,1720.5,0.001000
97400,0.073695,0.973088,0.073311,0.973420,1722.2,0.001000
97500,0.034788,0.987628,0.035142,0.987584,1724.0,0.001000
97600,0.035129,0.988360,0.035472,0.988388,1725.7,0.001000
97700,0.018678,0.993636,0.018548,0.993668,1727.5,0.001000
97800,0.037191,0.986700,0.036799,0.987104,1729.2,0.001000
97900,0.040320,0.987080,0.040097,0.987100,1730.9,0.001000
98000,0.009813,0.997944,0.010140,0.997828,1732.7,0.001000
98100,0.000166,1.000000,0.000168,1.000000,1734.4,0.001000
98200,0.000081,1.000000,0.000082,1.000000,1736.1,0.001000
98300,0.000064,1.000000,0.000065,1.000000,1737.8,0.001000
98400,0.000050,1.000000,0.000051,1.000000,1739.5,0.001000
98500,0.000038,1.000000,0.000039,1.000000,1741.2,0.001000
98600,0.000027,1.000000,0.000028,1.000000,1742.9,0.001000
98700,0.000036,1.000000,0.000037,1.000000,1744.6,0.001000
98800,0.215882,0.926832,0.213700,0.927320,1746.4,0.001000
98900,0.047571,0.985972,0.048200,0.985744,1748.2,0.001000
99000,0.055386,0.979216,0.055677,0.979028,1749.9,0.001000
99100,0.143677,0.944808,0.145479,0.944156,1751.6,0.001000
99200,0.052935,0.980084,0.053816,0.979676,1753.4,0.001000
99300,0.092118,0.965792,0.090839,0.966320,1755.1,0.001000
99400,0.033499,0.989328,0.034432,0.989012,1756.9,0.001000
99500,0.071951,0.977764,0.074466,0.977244,1758.7,0.001000
99600,0.034560,0.987720,0.035352,0.987644,1760.4,0.001000
99700,0.018700,0.994112,0.018169,0.994340,1762.1,0.001000
99800,0.076671,0.971872,0.076671,0.971744,1763.9,0.001000
99900,0.025684,0.991432,0.026357,0.991224,1765.7,0.001000
100000,0.036844,0.986948,0.038096,0.986212,1767.6,0.001000
100100,0.087102,0.966856,0.087130,0.966608,1769.4,0.001000
100200,0.053677,0.980004,0.053749,0.979784,1771.1,0.001000
100300,0.021460,0.992780,0.021380,0.992788,1772.8,0.001000
100400,0.149457,0.949488,0.146416,0.950152,1774.5,0.001000
100500,0.066250,0.974088,0.065938,0.974284,1776.3,0.001000
100600,0.045965,0.983340,0.045870,0.983604,1778.0,0.001000
100700,0.034119,0.988424,0.034236,0.988376,1779.7,0.001000
100800,0.042268,0.983732,0.041829,0.984068,1781.4,0.001000
100900,0.097988,0.965704,0.098465,0.965272,1783.1,0.001000
101000,0.117336,0.962588,0.119313,0.962000,1784.8,0.001000
101100,0.074817,0.974900,0.074821,0.975164,1786.6,0.001000
101200,0.071160,0.973168,0.071298,0.973100,1788.3,0.001000
101300,0.030034,0.989284,0.029839,0.989104,1790.1,0.001000
101400,0.039585,0.985604,0.039760,0.985540,1791.8,0.001000
101500,0.018269,0.994252,0.018073,0.994176,1793.5,0.001000
101600,0.044272,0.985124,0.042919,0.985560,1795.2,0.001000
101700,0.069194,0.976160,0.069381,0.976292,1797.0,0.001000
101800,0.015863,0.995396,0.016170,0.995224,1798.7,0.001000
101900,0.064529,0.982844,0.063882,0.983020,1800.4,0.001000
102000,0.003972,0.999436,0.004200,0.999356,1802.2,0.001000
102100,0.000116,1.000000,0.000118,1.000000,1803.9,0.001000
102200,0.000075,1.000000,0.000077,1.000000,1805.5,0.001000
102300,0.000059,1.000000,0.000060,1.000000,1807.3,0.001000
102400,0.000046,1.000000,0.000046,1.000000,1809.1,0.001000
102500,0.000034,1.000000,0.000034,1.000000,1810.8,0.001000
102600,0.000024,1.000000,0.000025,1.000000,1812.6,0.001000
102700,0.327365,0.884556,0.328440,0.883660,1814.3,0.001000
102800,0.000876,0.999976,0.000868,0.999972,1816.1,0.001000
102900,0.000062,1.000000,0.000063,1.000000,1817.9,0.001000
103000,0.000044,1.000000,0.000044,1.000000,1819.6,0.001000
103100,0.000032,1.000000,0.000032,1.000000,1821.3,0.001000
103200,0.000024,1.000000,0.000024,1.000000,1823.1,0.001000
103300,0.000018,1.000000,0.000018,1.000000,1824.8,0.001000
103400,0.000014,1.000000,0.000014,1.000000,1826.6,0.001000
103500,0.476711,0.887464,0.474412,0.887916,1828.3,0.001000
103600,0.021901,0.992972,0.021626,0.993268,1830.0,0.001000
103700,0.065243,0.976616,0.064684,0.976728,1831.8,0.001000
103800,0.065911,0.974112,0.066042,0.974012,1833.5,0.001000
103900,0.012714,0.996264,0.011889,0.996688,1835.2,0.001000
104000,0.022699,0.992836,0.022399,0.993012,1836.9,0.001000
104100,0.029452,0.989872,0.029461,0.990008,1838.7,0.001000
104200,0.071983,0.975748,0.072334,0.975348,1840.5,0.001000
104300,0.121358,0.953928,0.123442,0.953296,1842.2,0.001000
104400,0.000912,0.999880,0.000927,0.999852,1843.9,0.001000
104500,0.000048,1.000000,0.000049,1.000000,1845.6,0.001000
104600,0.000035,1.000000,0.000036,1.000000,1847.4,0.001000
104700,0.000026,1.000000,0.000027,1.000000,1849.1,0.001000
104800,0.000020,1.000000,0.000020,1.000000,1850.9,0.001000
104900,0.000015,1.000000,0.000015,1.000000,1852.6,0.001000
105000,0.000011,1.000000,0.000011,1.000000,1854.4,0.001000
105100,0.000008,1.000000,0.000008,1.000000,1856.1,0.001000
105200,0.041672,0.985672,0.042093,0.985544,1857.8,0.001000
105300,0.039491,0.984884,0.038958,0.985520,1859.5,0.001000
105400,0.030880,0.988968,0.030537,0.989184,1861.2,0.001000
105500,0.083453,0.971464,0.083469,0.971516,1862.9,0.001000
105600,0.017114,0.994352,0.016944,0.994504,1864.6,0.001000
105700,0.041092,0.988252,0.040328,0.988220,1866.3,0.001000
105800,0.121908,0.954128,0.122935,0.954564,1868.0,0.001000
105900,0.037971,0.987184,0.038143,0.986972,1869.8,0.001000
106000,0.026389,0.991300,0.025965,0.991452,1871.4,0.001000
106100,0.038107,0.986564,0.037039,0.987020,1873.2,0.001000
106200,0.103259,0.967312,0.101566,0.967860,1874.9,0.001000
106300,0.023440,0.991936,0.024149,0.991956,1876.6,0.001000
106400,0.113207,0.959560,0.115768,0.959220,1878.3,0.001000
106500,0.073120,0.975432,0.074799,0.975176,1880.0,0.001000
106600,0.067161,0.976180,0.068389,0.975908,1881.7,0.001000
106700,0.049621,0.983096,0.049150,0.982928,1883.5,0.001000
106800,0.031608,0.989256,0.031699,0.989024,1885.2,0.001000
106900,0.073920,0.974916,0.074752,0.974684,1887.0,0.001000
107000,0.054886,0.979360,0.055187,0.979260,1888.7,0.001000
107100,0.034473,0.988544,0.034295,0.988308,1890.5,0.001000
107200,0.042090,0.985968,0.042146,0.985756,1892.3,0.001000
107300,0.038488,0.986084,0.038531,0.986148,1894.0,0.001000
107400,0.024704,0.991360,0.024580,0.991416,1895.7,0.001000
107500,0.057636,0.979016,0.059152,0.978240,1897.4,0.001000
107600,0.008732,0.998204,0.009003,0.998116,1899.2,0.001000
107700,0.019406,0.993036,0.019153,0.993464,1900.9,0.001000
107800,0.053893,0.982336,0.053993,0.982340,1902.7,0.001000
107900,0.049723,0.980316,0.050301,0.980664,1904.4,0.001000
108000,0.041635,0.984296,0.042833,0.983660,1906.2,0.001000
108100,0.003491,0.999460,0.003676,0.999408,1908.0,0.001000
108200,0.030358,0.989560,0.031665,0.989048,1909.7,0.001000
108300,0.027252,0.989640,0.028289,0.989480,1911.5,0.001000
108400,0.044553,0.984272,0.044371,0.984048,1913.2,0.001000
108500,0.047196,0.983284,0.046736,0.983452,1914.9,0.001000
108600,0.004896,0.999128,0.005145,0.999040,1916.7,0.001000
108700,0.043752,0.983948,0.044201,0.983520,1918.4,0.001000
108800,0.070869,0.972936,0.069631,0.973660,1920.1,0.001000
108900,0.011600,0.996680,0.011529,0.996768,1921.8,0.001000
109000,0.030552,0.988972,0.030163,0.989200,1923.6,0.001000
109100,0.028643,0.990004,0.028382,0.990064,1925.3,0.001000
109200,0.097617,0.965352,0.096521,0.965608,1927.1,0.001000
109300,0.020947,0.993252,0.020669,0.993456,1928.8,0.001000
109400,0.025836,0.990908,0.025946,0.990880,1930.5,0.001000
109500,0.016716,0.994948,0.016388,0.995060,1932.2,0.001000
109600,0.043376,0.983448,0.043876,0.983468,1933.9,0.001000
109700,0.035180,0.987340,0.034248,0.988132,1935.6,0.001000
109800,0.030884,0.988732,0.031377,0.988336,1937.3,0.001000
109900,0.036807,0.986900,0.036537,0.987240,1939.1,0.001000
110000,0.015263,0.995096,0.015123,0.995132,1940.8,0.001000
110100,0.036185,0.986732,0.036312,0.986944,1942.6,0.001000
110200,0.012095,0.996740,0.012246,0.996476,1944.2,0.001000
110300,0.009779,0.997364,0.010030,0.997272,1945.9,0.001000
110400,0.066544,0.975208,0.066890,0.975128,1947.6,0.001000
110500,0.087449,0.968436,0.087228,0.968336,1949.4,0.001000
110600,0.015768,0.994972,0.016816,0.994504,1951.1,0.001000
110700,0.009138,0.997700,0.008964,0.997808,1952.9,0.001000
110800,0.077670,0.970128,0.076407,0.970488,1954.6,0.001000
110900,0.040417,0.985432,0.039086,0.986264,1956.3,0.001000
111000,0.033384,0.988568,0.033356,0.988612,1958.0,0.001000
111100,0.018853,0.993896,0.018158,0.994276,1959.7,0.001000
111200,0.029990,0.989408,0.030490,0.989372,1961.4,0.001000
111300,0.042020,0.984692,0.042148,0.985028,1963.2,0.001000
111400,0.043092,0.984188,0.042850,0.984716,1965.0,0.001000
111500,0.027104,0.991088,0.027114,0.991100,1966.7,0.001000
111600,0.031448,0.989264,0.032793,0.988856,1968.5,0.001000
111700,0.061454,0.975984,0.063441,0.975400,1970.2,0.001000
111800,0.033588,0.987348,0.033782,0.987560,1971.9,0.001000
111900,0.049075,0.983252,0.049814,0.982464,1973.6,0.001000
112000,0.113574,0.958236,0.110374,0.959144,1975.3,0.001000
112100,0.066170,0.975560,0.067033,0.974940,1977.0,0.001000
112200,0.031291,0.989128,0.031568,0.988936,1978.8,0.001000
112300,0.011361,0.996872,0.011375,0.997008,1980.5,0.001000
112400,0.040019,0.986692,0.039943,0.986808,1982.2,0.001000
112500,0.044978,0.984200,0.045004,0.984212,1983.9,0.001000
112600,0.034528,0.988712,0.034809,0.988580,1985.7,0.001000
112700,0.016670,0.995364,0.017559,0.995036,1987.4,0.001000
112800,0.007774,0.998512,0.007780,0.998488,1989.1,0.001000
112900,0.234006,0.921616,0.240500,0.919816,1990.8,0.001000
113000,0.000501,0.999964,0.000520,0.999952,1992.6,0.001000
113100,0.037639,0.986188,0.037717,0.986636,1994.3,0.001000
113200,0.019669,0.993728,0.019533,0.993732,1996.0,0.001000
113300,0.109352,0.958216,0.109184,0.958492,1997.7,0.001000
113400,0.101003,0.967620,0.098981,0.968068,1999.5,0.001000
113500,0.037224,0.986868,0.036094,0.987204,2001.2,0.001000
113600,0.143750,0.953188,0.143166,0.953088,2002.9,0.001000
113700,0.032014,0.989028,0.031698,0.989060,2004.6,0.001000
113800,0.025923,0.991612,0.026317,0.991460,2006.3,0.001000
113900,0.023041,0.992404,0.023397,0.992336,2008.0,0.001000
114000,0.050052,0.981644,0.050113,0.981792,2009.7,0.001000
114100,0.045516,0.984668,0.045698,0.984524,2011.4,0.001000
114200,0.019446,0.994128,0.019474,0.993988,2013.1,0.001000
114300,0.018543,0.993372,0.019589,0.992852,2014.8,0.001000
114400,0.042344,0.984956,0.042903,0.984588,2016.5,0.001000
114500,0.015985,0.995212,0.016074,0.995372,2018.2,0.001000
114600,0.013297,0.996236,0.013420,0.996164,2020.0,0.001000
114700,0.061001,0.979260,0.061166,0.979048,2021.6,0.001000
114800,0.005726,0.998668,0.005659,0.998696,2023.4,0.001000
114900,0.000105,1.000000,0.000107,1.000000,2025.1,0.001000
115000,0.000077,1.000000,0.000078,1.000000,2026.7,0.001000
115100,0.000061,1.000000,0.000061,1.000000,2028.5,0.001000
115200,0.000047,1.000000,0.000048,1.000000,2030.2,0.001000
115300,0.000035,1.000000,0.000035,1.000000,2031.9,0.001000
115400,0.000025,1.000000,0.000025,1.000000,2033.6,0.001000
115500,0.045754,0.987520,0.047068,0.986636,2035.2,0.001000
115600,0.009873,0.997328,0.009938,0.997364,2037.0,0.001000
115700,0.182800,0.965104,0.175746,0.965768,2038.7,0.001000
115800,0.046724,0.983036,0.047231,0.982816,2040.4,0.001000
115900,0.061861,0.977604,0.063159,0.976956,2042.2,0.001000
116000,0.005877,0.998772,0.005686,0.998920,2043.9,0.001000
116100,0.048295,0.982332,0.049441,0.982160,2045.6,0.001000
116200,0.035852,0.987332,0.034919,0.987804,2047.3,0.001000
116300,0.020199,0.993732,0.020909,0.993488,2049.1,0.001000
116400,0.075412,0.972196,0.076229,0.971944,2050.8,0.001000
116500,0.148509,0.960504,0.148833,0.960532,2052.5,0.001000
116600,0.049424,0.982612,0.050232,0.982196,2054.3,0.001000
116700,0.041298,0.986596,0.043002,0.985928,2056.0,0.001000
116800,0.014924,0.995728,0.015126,0.995724,2057.7,0.001000
116900,0.194690,0.925040,0.195858,0.925132,2059.4,0.001000
117000,0.025198,0.991404,0.025081,0.991568,2061.1,0.001000
117100,0.046393,0.983212,0.046386,0.982924,2062.8,0.001000
117200,0.014556,0.995304,0.014723,0.995176,2064.5,0.001000
117300,0.102689,0.958256,0.102128,0.958840,2066.2,0.001000
117400,0.020651,0.993364,0.021102,0.993156,2068.0,0.001000
117500,0.132159,0.955600,0.132451,0.955008,2069.7,0.001000
117600,0.000201,1.000000,0.000202,1.000000,2071.5,0.001000
117700,0.000074,1.000000,0.000075,1.000000,2073.2,0.001000
117800,0.000056,1.000000,0.000057,1.000000,2074.9,0.001000
117900,0.000044,1.000000,0.000044,1.000000,2076.6,0.001000
118000,0.000033,1.000000,0.000033,1.000000,2078.4,0.001000
118100,0.000024,1.000000,0.000024,1.000000,2080.1,0.001000
118200,0.000017,1.000000,0.000018,1.000000,2081.8,0.001000
118300,0.109457,0.962584,0.111020,0.962408,2083.6,0.001000
118400,0.025498,0.991108,0.025489,0.991084,2085.3,0.001000
118500,0.075333,0.976948,0.075777,0.976984,2087.0,0.001000
118600,0.018401,0.993504,0.018340,0.993392,2088.7,0.001000
118700,0.046155,0.982068,0.044660,0.982736,2090.4,0.001000
118800,0.025269,0.991572,0.025875,0.991544,2092.2,0.001000
118900,0.023617,0.992744,0.023045,0.992940,2093.9,0.001000
119000,0.031950,0.988752,0.031181,0.989172,2095.7,0.001000
119100,0.048082,0.982264,0.049254,0.981932,2097.4,0.001000
119200,0.033212,0.988264,0.033927,0.987920,2099.1,0.001000
119300,0.059387,0.978884,0.060439,0.978460,2100.9,0.001000
119400,0.038407,0.986316,0.039280,0.985860,2102.6,0.001000
119500,0.022783,0.992524,0.023097,0.992492,2104.4,0.001000
119600,0.018041,0.994068,0.018699,0.993864,2106.1,0.001000
119700,0.063892,0.976664,0.064936,0.976236,2107.8,0.001000
119800,0.031002,0.988584,0.031808,0.988444,2109.6,0.001000
119900,0.060616,0.981096,0.059896,0.981200,2111.3,0.001000
120000,0.001513,0.999864,0.001552,0.999872,2113.1,0.001000
120100,0.000071,1.000000,0.000073,1.000000,2114.8,0.001000
120200,0.000050,1.000000,0.000051,1.000000,2116.5,0.001000
120300,0.000039,1.000000,0.000039,1.000000,2118.2,0.001000
120400,0.000029,1.000000,0.000030,1.000000,2120.0,0.001000
120500,0.000022,1.000000,0.000022,1.000000,2121.8,0.001000
120600,0.000016,1.000000,0.000016,1.000000,2123.5,0.001000
120700,1.477803,0.647068,1.488490,0.644612,2125.2,0.001000
120800,0.020939,0.992616,0.020802,0.992844,2126.9,0.001000
120900,0.036945,0.986444,0.036460,0.986456,2128.6,0.001000
121000,0.031591,0.988124,0.032282,0.987944,2130.4,0.001000
121100,0.024909,0.991216,0.024443,0.991372,2132.2,0.001000
121200,0.013175,0.995852,0.012866,0.995960,2133.9,0.001000
121300,0.038067,0.984908,0.037299,0.985436,2135.6,0.001000
121400,0.074841,0.972000,0.074999,0.971936,2137.3,0.001000
121500,0.057871,0.979588,0.057228,0.980116,2138.9,0.001000
121600,0.058177,0.980608,0.056952,0.981308,2140.7,0.001000
121700,0.017669,0.993984,0.017969,0.993760,2142.4,0.001000
121800,0.146279,0.947888,0.145175,0.947792,2144.2,0.001000
121900,0.005148,0.998576,0.005151,0.998624,2146.0,0.001000
122000,0.018997,0.994020,0.018830,0.993936,2147.7,0.001000
122100,0.061346,0.977332,0.063388,0.976780,2149.4,0.001000
122200,0.022383,0.992656,0.021525,0.992928,2151.1,0.001000
122300,0.044634,0.988060,0.045995,0.987884,2152.9,0.001000
122400,0.062189,0.978736,0.063474,0.978484,2154.5,0.001000
122500,0.125086,0.957504,0.126621,0.957032,2156.2,0.001000
122600,0.053272,0.979584,0.053388,0.979304,2158.0,0.001000
122700,0.039573,0.988516,0.040158,0.988648,2159.7,0.001000
122800,0.186796,0.934496,0.188841,0.933528,2161.4,0.001000
122900,0.012099,0.996120,0.012723,0.995956,2163.2,0.001000
123000,0.020682,0.993260,0.021694,0.992664,2164.8,0.001000
123100,0.021681,0.992316,0.022684,0.992140,2166.6,0.001000
123200,0.071319,0.973540,0.071776,0.973540,2168.4,0.001000
123300,0.022540,0.992056,0.023311,0.992036,2170.2,0.001000
123400,0.014457,0.995804,0.014591,0.995912,2171.9,0.001000
123500,0.028544,0.990860,0.028459,0.991124,2173.6,0.001000
123600,0.031398,0.989336,0.032943,0.988764,2175.3,0.001000
123700,0.011752,0.996928,0.012116,0.997032,2177.1,0.001000
123800,0.024664,0.992136,0.024331,0.992376,2178.7,0.001000
123900,0.058671,0.978420,0.058125,0.978852,2180.5,0.001000
124000,0.077208,0.972636,0.077599,0.972328,2182.3,0.001000
124100,0.036120,0.987656,0.035694,0.987648,2184.0,0.001000
124200,0.055273,0.981524,0.054964,0.981684,2185.7,0.001000
124300,0.031668,0.988924,0.031557,0.988932,2187.4,0.001000
124400,0.000420,0.999996,0.000421,0.999996,2189.1,0.001000
124500,0.000069,1.000000,0.000071,1.000000,2190.9,0.001000
124600,0.000052,1.000000,0.000053,1.000000,2192.5,0.001000
124700,0.000040,1.000000,0.000040,1.000000,2194.2,0.001000
124800,0.000030,1.000000,0.000031,1.000000,2195.9,0.001000
124900,0.000022,1.000000,0.000023,1.000000,2197.7,0.001000
125000,0.000016,1.000000,0.000016,1.000000,2199.4,0.001000
125100,0.263556,0.900276,0.263323,0.899972,2201.2,0.001000
125200,0.132199,0.953408,0.135223,0.951872,2202.9,0.001000
125300,0.024979,0.990832,0.024498,0.991192,2204.6,0.001000
125400,0.020837,0.993196,0.022052,0.992524,2206.4,0.001000
125500,0.025460,0.991468,0.025947,0.991148,2208.1,0.001000
125600,0.157805,0.937836,0.156293,0.938016,2209.8,0.001000
125700,0.039308,0.986984,0.040387,0.986504,2211.5,0.001000
125800,0.068777,0.974708,0.070364,0.973656,2213.2,0.001000
125900,0.142320,0.951236,0.145689,0.950696,2215.0,0.001000
126000,0.060081,0.978064,0.059705,0.978188,2216.7,0.001000
126100,0.061640,0.976716,0.062671,0.976124,2218.4,0.001000
126200,0.003899,0.999372,0.003895,0.999340,2220.1,0.001000
126300,0.120294,0.955612,0.124258,0.954724,2221.9,0.001000
126400,0.105496,0.959708,0.104262,0.960156,2223.5,0.001000
126500,0.007467,0.998008,0.008042,0.997632,2225.2,0.001000
126600,0.062446,0.976816,0.061207,0.977356,2227.0,0.001000
126700,0.046878,0.981936,0.046906,0.981900,2228.7,0.001000
126800,0.045122,0.984764,0.045494,0.985052,2230.4,0.001000
126900,0.028371,0.990152,0.028516,0.989836,2232.1,0.001000
127000,0.034475,0.987272,0.034423,0.987436,2234.0,0.001000
127100,0.142515,0.956364,0.145539,0.955828,2235.7,0.001000
127200,0.026598,0.990672,0.027781,0.990220,2237.5,0.001000
127300,0.006169,0.998912,0.006491,0.998664,2239.8,0.001000
127400,0.022981,0.992384,0.023343,0.992152,2241.7,0.001000
127500,0.020413,0.993472,0.020917,0.993176,2243.6,0.001000
127600,0.070627,0.979536,0.070773,0.979468,2245.7,0.001000
127700,0.013185,0.995904,0.013267,0.995796,2247.4,0.001000
127800,0.004393,0.999112,0.004472,0.999068,2249.2,0.001000
127900,0.045472,0.984028,0.046287,0.983696,2251.2,0.001000
128000,0.077917,0.978168,0.079661,0.978112,2252.9,0.001000
128100,0.065911,0.975056,0.066651,0.974888,2254.6,0.001000
128200,0.047421,0.982100,0.047982,0.981696,2256.3,0.001000
128300,0.023528,0.992224,0.023882,0.992452,2258.0,0.001000
128400,0.050385,0.981360,0.049977,0.981336,2259.7,0.001000
128500,0.056876,0.978472,0.058104,0.977916,2261.4,0.001000
128600,0.064961,0.977808,0.065981,0.977408,2263.2,0.001000
128700,0.250470,0.895324,0.251818,0.895208,2264.9,0.001000
128800,0.054115,0.979528,0.054054,0.979752,2266.6,0.001000
128900,0.043138,0.984588,0.042759,0.984732,2268.5,0.001000
129000,0.083775,0.973832,0.081883,0.974064,2270.2,0.001000
129100,0.041954,0.982900,0.041166,0.983532,2271.9,0.001000
129200,0.015416,0.995740,0.016146,0.995492,2273.6,0.001000
129300,0.046204,0.983160,0.047291,0.983000,2275.5,0.001000
129400,0.049075,0.981664,0.048466,0.982004,2277.3,0.001000
129500,0.036049,0.986872,0.035455,0.987120,2279.0,0.001000
129600,0.047365,0.984016,0.047256,0.983760,2280.7,0.001000
129700,0.052562,0.983356,0.053550,0.982920,2282.4,0.001000
129800,0.078826,0.970208,0.077688,0.970096,2284.2,0.001000
129900,0.029176,0.990064,0.030132,0.989672,2285.9,0.001000
130000,0.232562,0.925888,0.231724,0.926376,2287.7,0.001000
130100,0.016938,0.994692,0.016784,0.994712,2289.4,0.001000
130200,0.015267,0.995128,0.015684,0.994968,2291.2,0.001000
130300,0.004874,0.999140,0.005179,0.998888,2292.9,0.001000
130400,0.041051,0.985664,0.041534,0.985584,2294.6,0.001000
130500,0.021506,0.993276,0.021735,0.993088,2296.4,0.001000
130600,0.099841,0.964568,0.101719,0.964680,2298.1,0.001000
130700,0.050087,0.981320,0.051347,0.981124,2299.9,0.001000
130800,0.040236,0.984860,0.039941,0.984908,2301.7,0.001000
130900,0.004746,0.999376,0.004889,0.999336,2303.5,0.001000
131000,0.049283,0.982172,0.049459,0.981732,2305.2,0.001000
131100,0.006561,0.998820,0.006553,0.998824,2306.9,0.001000
131200,0.023956,0.991884,0.024153,0.992056,2308.7,0.001000
131300,0.013378,0.995912,0.012388,0.996448,2310.4,0.001000
131400,0.018013,0.994184,0.017929,0.994244,2312.2,0.001000
131500,0.028405,0.990656,0.028236,0.990592,2313.9,0.001000
131600,0.013874,0.995656,0.013680,0.995948,2315.7,0.001000
131700,0.012885,0.995968,0.012478,0.996188,2317.4,0.001000
131800,0.028274,0.989668,0.029972,0.988932,2319.1,0.001000
131900,0.117957,0.955368,0.118712,0.955992,2320.9,0.001000
132000,0.046777,0.983296,0.046395,0.983320,2322.6,0.001000
132100,0.039608,0.985132,0.039275,0.985320,2324.4,0.001000
132200,0.025595,0.990964,0.026483,0.990660,2326.4,0.001000
132300,0.054104,0.982228,0.055729,0.981636,2328.2,0.001000
132400,0.027186,0.990876,0.027310,0.990896,2329.9,0.001000
132500,0.028376,0.990184,0.028879,0.990084,2331.7,0.001000
132600,0.017568,0.994420,0.017970,0.994248,2333.5,0.001000
132700,0.020864,0.993036,0.020817,0.993136,2335.3,0.001000
132800,0.016824,0.994496,0.016829,0.994388,2337.1,0.001000
132900,0.033525,0.987876,0.034357,0.987628,2338.9,0.001000
133000,0.054559,0.979936,0.054845,0.979952,2340.7,0.001000
133100,0.001205,0.999908,0.001226,0.999912,2342.5,0.001000
133200,0.044016,0.985424,0.044216,0.985324,2344.3,0.001000
133300,0.013447,0.996000,0.013184,0.995908,2346.1,0.001000
133400,0.019121,0.993520,0.018887,0.993484,2347.8,0.001000
133500,0.034767,0.986812,0.034956,0.987012,2349.5,0.001000
133600,0.047087,0.984008,0.047232,0.983864,2351.3,0.001000
133700,0.029916,0.989848,0.029330,0.990148,2353.0,0.001000
133800,0.028323,0.990072,0.028595,0.989904,2354.9,0.001000
133900,0.086266,0.967136,0.087016,0.966636,2356.6,0.001000
134000,0.000165,1.000000,0.000166,1.000000,2358.3,0.001000
134100,0.000078,1.000000,0.000080,1.000000,2360.0,0.001000
134200,0.000063,1.000000,0.000064,1.000000,2361.7,0.001000
134300,0.000049,1.000000,0.000050,1.000000,2363.4,0.001000
134400,0.000037,1.000000,0.000038,1.000000,2365.2,0.001000
134500,0.000026,1.000000,0.000027,1.000000,2367.0,0.001000
134600,0.000018,1.000000,0.000018,1.000000,2368.7,0.001000
134700,0.025907,0.991384,0.025993,0.991456,2370.5,0.001000
134800,0.038505,0.985928,0.038261,0.986132,2372.2,0.001000
134900,0.044253,0.983844,0.044107,0.983736,2374.0,0.001000
135000,0.047465,0.982484,0.048433,0.982652,2375.8,0.001000
135100,0.032620,0.989688,0.033218,0.989376,2377.5,0.001000
135200,0.028350,0.989964,0.028160,0.990200,2379.2,0.001000
135300,0.089298,0.968264,0.090213,0.967796,2380.9,0.001000
135400,0.001147,0.999972,0.001204,0.999956,2382.7,0.001000
135500,0.000054,1.000000,0.000054,1.000000,2384.4,0.001000
135600,0.000040,1.000000,0.000041,1.000000,2386.1,0.001000
135700,0.000032,1.000000,0.000032,1.000000,2387.8,0.001000
135800,0.000025,1.000000,0.000025,1.000000,2389.5,0.001000
135900,0.000019,1.000000,0.000019,1.000000,2391.2,0.001000
136000,0.000014,1.000000,0.000014,1.000000,2392.9,0.001000
136100,0.120210,0.958064,0.120429,0.958000,2394.6,0.001000
136200,0.094552,0.967484,0.094428,0.967596,2396.4,0.001000
136300,0.038919,0.985972,0.038802,0.986024,2398.4,0.001000
136400,0.060873,0.977608,0.060356,0.977732,2400.1,0.001000
136500,0.049375,0.981608,0.049825,0.981424,2401.9,0.001000
136600,0.049867,0.981172,0.049308,0.981240,2403.6,0.001000
136700,0.007217,0.998176,0.007346,0.998268,2405.4,0.001000
136800,0.036633,0.987188,0.036518,0.987324,2407.1,0.001000
136900,0.014339,0.995420,0.014497,0.995352,2408.9,0.001000
137000,0.033098,0.989004,0.032997,0.988948,2410.6,0.001000
137100,0.026816,0.991104,0.026585,0.991036,2412.5,0.001000
137200,0.043080,0.983884,0.043480,0.983808,2414.2,0.001000
137300,0.017001,0.994952,0.017228,0.994904,2416.0,0.001000
137400,0.055800,0.979424,0.056104,0.979296,2417.9,0.001000
137500,0.066742,0.974424,0.067219,0.974012,2419.7,0.001000
137600,0.017642,0.994484,0.017885,0.994416,2421.7,0.001000
137700,0.020917,0.992880,0.021786,0.992692,2423.4,0.001000
137800,0.053925,0.980228,0.055598,0.979352,2425.3,0.001000
137900,0.030650,0.989068,0.029702,0.989412,2426.9,0.001000
138000,0.020631,0.993620,0.020900,0.993464,2428.6,0.001000
138100,0.017879,0.994808,0.017600,0.994632,2430.4,0.001000
138200,0.013711,0.995788,0.014298,0.995420,2432.1,0.001000
138300,0.139520,0.950332,0.140550,0.950588,2433.8,0.001000
138400,0.124233,0.956896,0.124687,0.957188,2435.5,0.001000
138500,0.053601,0.981256,0.053676,0.980868,2437.2,0.001000
138600,0.026828,0.990504,0.026909,0.990200,2438.9,0.001000
138700,0.033156,0.988628,0.034024,0.988624,2440.6,0.001000
138800,0.060504,0.977548,0.061263,0.977664,2442.4,0.001000
138900,0.043908,0.983260,0.043999,0.983324,2444.1,0.001000
139000,0.017450,0.994220,0.017640,0.994176,2445.8,0.001000
139100,0.014149,0.995792,0.013917,0.995748,2447.6,0.001000
139200,0.077907,0.969236,0.077349,0.969348,2449.3,0.001000
139300,0.054187,0.981140,0.054798,0.981044,2451.1,0.001000
139400,0.023291,0.992192,0.023575,0.991924,2452.8,0.001000
139500,0.028044,0.990312,0.028133,0.990204,2454.5,0.001000
139600,0.029281,0.989344,0.029488,0.989172,2456.3,0.001000
139700,0.040188,0.985296,0.039916,0.985432,2458.0,0.001000
139800,0.023953,0.991508,0.024154,0.991492,2459.7,0.001000
139900,0.012385,0.996536,0.012495,0.996472,2461.4,0.001000
140000,0.071392,0.974792,0.071264,0.975012,2463.2,0.001000
140100,0.002326,0.999468,0.002211,0.999536,2465.2,0.001000
140200,0.063005,0.978600,0.063454,0.978740,2467.2,0.001000
140300,0.014223,0.995400,0.014698,0.995348,2469.1,0.001000
140400,0.046289,0.982744,0.048362,0.981564,2471.1,0.001000
140500,0.008359,0.998108,0.008770,0.997788,2472.8,0.001000
140600,0.056459,0.979256,0.057874,0.978168,2474.7,0.001000
140700,0.044555,0.983876,0.045942,0.983652,2476.4,0.001000
140800,0.045073,0.982188,0.046168,0.981636,2478.2,0.001000
140900,0.022607,0.992564,0.022893,0.992296,2480.0,0.001000
141000,0.017114,0.994892,0.017269,0.994816,2481.7,0.001000
141100,0.039974,0.985204,0.041174,0.984756,2483.5,0.001000
141200,0.011045,0.997140,0.011304,0.997136,2485.3,0.001000
141300,0.029019,0.990304,0.029438,0.990256,2487.0,0.001000
141400,0.004278,0.999304,0.004224,0.999308,2488.8,0.001000
141500,0.041948,0.985216,0.041189,0.985552,2490.6,0.001000
141600,0.038324,0.986368,0.037463,0.987168,2492.3,0.001000
141700,0.021826,0.992900,0.021624,0.992908,2494.1,0.001000
141800,0.014035,0.995132,0.013871,0.995224,2496.1,0.001000
141900,0.016614,0.994740,0.017042,0.994532,2497.9,0.001000
142000,0.016081,0.995408,0.016663,0.995144,2499.6,0.001000
142100,0.050623,0.982856,0.050188,0.982792,2501.4,0.001000
142200,0.015534,0.994972,0.015311,0.994972,2503.1,0.001000
142300,0.031877,0.989340,0.032268,0.988984,2504.9,0.001000
142400,0.012323,0.996264,0.012449,0.996340,2506.9,0.001000
142500,0.041515,0.984624,0.042650,0.983928,2508.7,0.001000
142600,0.026240,0.991368,0.025929,0.991496,2510.4,0.001000
142700,0.000320,1.000000,0.000325,1.000000,2512.2,0.001000
142800,0.000070,1.000000,0.000072,1.000000,2514.0,0.001000
142900,0.000054,1.000000,0.000055,1.000000,2515.8,0.001000
143000,0.000042,1.000000,0.000043,1.000000,2517.5,0.001000
143100,0.000032,1.000000,0.000032,1.000000,2519.3,0.001000
143200,0.000023,1.000000,0.000023,1.000000,2521.1,0.001000
143300,0.000016,1.000000,0.000016,1.000000,2522.9,0.001000
143400,0.013503,0.997516,0.013287,0.997656,2524.6,0.001000
143500,0.116951,0.958256,0.119120,0.957168,2526.4,0.001000
143600,0.048061,0.981680,0.048756,0.981156,2528.1,0.001000
143700,0.045507,0.983676,0.047196,0.983112,2529.8,0.001000
143800,0.019947,0.993224,0.020330,0.992688,2531.7,0.001000
143900,0.021224,0.992268,0.021174,0.992288,2533.5,0.001000
144000,0.029155,0.989168,0.029929,0.988744,2535.2,0.001000
144100,0.056196,0.979792,0.057758,0.978944,2536.9,0.001000
144200,0.040185,0.986792,0.040133,0.986620,2538.7,0.001000
144300,0.062959,0.976108,0.062852,0.976432,2540.6,0.001000
144400,0.038070,0.985704,0.037829,0.986196,2542.3,0.001000
144500,0.027905,0.990824,0.028290,0.990820,2544.0,0.001000
144600,0.019699,0.993000,0.019721,0.993068,2545.8,0.001000
144700,0.048018,0.982800,0.047033,0.982968,2547.4,0.001000
144800,0.049111,0.982200,0.048140,0.982504,2549.2,0.001000
144900,0.080933,0.972692,0.078012,0.973448,2550.9,0.001000
145000,0.008515,0.997732,0.008755,0.997740,2552.6,0.001000
145100,0.164670,0.953124,0.170678,0.951376,2554.4,0.001000
145200,0.006721,0.998148,0.006694,0.998120,2556.2,0.001000
145300,0.035556,0.987508,0.035786,0.987488,2557.9,0.001000
145400,0.003001,0.999400,0.003095,0.999356,2559.6,0.001000
145500,0.038635,0.984932,0.039833,0.984500,2561.3,0.001000
145600,0.017492,0.995036,0.017576,0.995028,2563.0,0.001000
145700,0.026851,0.989984,0.027619,0.989984,2564.7,0.001000
145800,0.009509,0.997596,0.009228,0.997756,2566.5,0.001000
145900,0.049279,0.983140,0.050342,0.982212,2568.2,0.001000
146000,0.057895,0.979712,0.058489,0.979116,2570.0,0.001000
146100,0.042976,0.989572,0.043561,0.989336,2571.8,0.001000
146200,0.024882,0.991192,0.025024,0.991392,2573.5,0.001000
146300,0.014460,0.995496,0.014178,0.995720,2575.3,0.001000
146400,0.008180,0.998196,0.008221,0.998128,2577.0,0.001000
146500,0.028092,0.991040,0.028255,0.991184,2578.8,0.001000
146600,0.041354,0.985824,0.041342,0.985564,2580.5,0.001000
146700,0.003024,0.999372,0.003304,0.999224,2582.3,0.001000
146800,0.013451,0.996088,0.013714,0.996052,2584.1,0.001000
146900,0.002995,0.999744,0.003050,0.999672,2585.8,0.001000
147000,0.000095,1.000000,0.000097,1.000000,2587.7,0.001000
147100,0.000051,1.000000,0.000052,1.000000,2589.5,0.001000
147200,0.000040,1.000000,0.000040,1.000000,2591.2,0.001000
147300,0.000031,1.000000,0.000031,1.000000,2593.0,0.001000
147400,0.000023,1.000000,0.000024,1.000000,2594.8,0.001000
147500,0.000017,1.000000,0.000017,1.000000,2596.5,0.001000
147600,0.000012,1.000000,0.000012,1.000000,2598.2,0.001000
147700,0.090139,0.965948,0.090805,0.965548,2600.0,0.001000
147800,0.041171,0.986064,0.042240,0.985740,2601.7,0.001000
147900,0.029841,0.988896,0.030047,0.988968,2603.4,0.001000
148000,0.054548,0.978880,0.054822,0.978812,2605.1,0.001000
148100,0.044844,0.984664,0.045349,0.984620,2607.0,0.001000
148200,0.031187,0.988812,0.032159,0.988836,2608.7,0.001000
148300,0.065583,0.974016,0.066003,0.974356,2610.4,0.001000
148400,0.028621,0.990400,0.028293,0.990412,2612.3,0.001000
148500,0.037954,0.986948,0.038239,0.986640,2614.1,0.001000
148600,0.031849,0.989552,0.032122,0.989236,2615.8,0.001000
148700,0.020957,0.993376,0.021120,0.993208,2617.6,0.001000
148800,0.007742,0.998336,0.008233,0.998160,2619.3,0.001000
148900,0.045520,0.983308,0.045269,0.983452,2621.1,0.001000
149000,0.026621,0.990772,0.025883,0.990964,2622.9,0.001000
149100,0.005908,0.998876,0.005974,0.998808,2624.7,0.001000
149200,0.007749,0.998344,0.007630,0.998356,2626.4,0.001000
149300,0.001352,0.999832,0.001374,0.999868,2628.2,0.001000
149400,0.015882,0.995352,0.016082,0.995384,2630.0,0.001000
149500,0.065477,0.975972,0.066610,0.975260,2631.7,0.001000
149600,0.021061,0.993804,0.021072,0.993684,2633.6,0.001000
149700,0.035255,0.987724,0.036765,0.987048,2635.3,0.001000
149800,0.018109,0.994448,0.018240,0.994408,2637.0,0.001000
149900,0.033501,0.987804,0.033107,0.987856,2638.8,0.001000
150000,0.014248,0.995676,0.014068,0.995904,2640.5,0.001000
150100,0.035494,0.988092,0.035714,0.987832,2642.3,0.001000
150200,0.030725,0.989428,0.029956,0.989816,2644.0,0.001000
150300,0.014530,0.995356,0.015313,0.994892,2645.8,0.001000
150400,0.095899,0.967184,0.093773,0.967884,2647.5,0.001000
150500,0.011257,0.996576,0.011775,0.996460,2649.2,0.001000
150600,0.110807,0.959168,0.113583,0.958120,2650.9,0.001000
150700,0.020857,0.993416,0.021125,0.993152,2652.7,0.001000
150800,0.032666,0.987808,0.031670,0.988156,2654.5,0.001000
150900,0.051944,0.985472,0.052702,0.985168,2656.2,0.001000
151000,0.035761,0.987412,0.035508,0.987480,2657.9,0.001000
151100,0.074689,0.972436,0.074058,0.973036,2659.7,0.001000
151200,0.063712,0.977740,0.064242,0.977832,2661.5,0.001000
151300,0.037943,0.986224,0.038241,0.985996,2663.2,0.001000
151400,0.015209,0.995144,0.014887,0.995460,2665.0,0.001000
151500,0.020914,0.993324,0.021553,0.993132,2666.8,0.001000
151600,0.012867,0.995708,0.013385,0.995428,2668.5,0.001000
151700,0.034782,0.987872,0.034450,0.987656,2670.3,0.001000
151800,0.019974,0.994240,0.019787,0.994440,2672.1,0.001000
151900,0.020637,0.993464,0.021179,0.993320,2673.8,0.001000
152000,0.022632,0.992680,0.022684,0.992480,2675.5,0.001000
152100,0.020325,0.993224,0.019606,0.993492,2677.3,0.001000
152200,0.016198,0.995700,0.016414,0.995744,2679.1,0.001000
152300,0.045818,0.984556,0.046710,0.984120,2680.8,0.001000
152400,0.036233,0.987336,0.035503,0.987636,2682.6,0.001000
152500,0.011942,0.996540,0.012177,0.996452,2684.4,0.001000
152600,0.063013,0.976508,0.063629,0.976084,2686.1,0.001000
152700,0.026796,0.990264,0.027171,0.990396,2687.9,0.001000
152800,0.035656,0.987404,0.034590,0.987544,2689.6,0.001000
152900,0.085153,0.970144,0.086518,0.969672,2691.4,0.001000
153000,0.028507,0.989932,0.028328,0.989912,2693.2,0.001000
153100,0.064431,0.974776,0.064102,0.975304,2695.0,0.001000
153200,0.014125,0.996004,0.014113,0.996180,2696.8,0.001000
153300,0.066919,0.974600,0.066492,0.974424,2698.6,0.001000
153400,0.028003,0.989756,0.028756,0.989400,2700.3,0.001000
153500,0.027598,0.990276,0.027870,0.990204,2702.1,0.001000
153600,0.034666,0.988808,0.034897,0.988808,2703.9,0.001000
153700,0.020317,0.993548,0.020352,0.993672,2705.7,0.001000
153800,0.060136,0.978848,0.060934,0.978440,2707.4,0.001000
153900,0.001019,0.999736,0.001092,0.999720,2709.2,0.001000
154000,0.028469,0.990788,0.028563,0.990748,2711.0,0.001000
154100,0.029814,0.989780,0.030291,0.989892,2712.9,0.001000
154200,0.002915,0.999372,0.002756,0.999408,2714.7,0.001000
154300,0.032267,0.987976,0.031987,0.988388,2716.5,0.001000
154400,0.065430,0.977324,0.066234,0.976908,2718.2,0.001000
154500,0.003293,0.999400,0.003311,0.999396,2720.0,0.001000
154600,0.072735,0.972348,0.074407,0.971628,2721.8,0.001000
154700,0.001494,0.999888,0.001464,0.999908,2723.5,0.001000
154800,0.000078,1.000000,0.000079,1.000000,2725.2,0.001000
154900,0.000057,1.000000,0.000058,1.000000,2727.0,0.001000
155000,0.000045,1.000000,0.000045,1.000000,2728.7,0.001000
155100,0.000034,1.000000,0.000035,1.000000,2730.5,0.001000
155200,0.000025,1.000000,0.000026,1.000000,2732.2,0.001000
155300,0.000018,1.000000,0.000018,1.000000,2734.0,0.001000
155400,1.183176,0.767960,1.169334,0.768304,2735.7,0.001000
155500,0.040888,0.985376,0.041495,0.985232,2737.5,0.001000
155600,0.018828,0.994980,0.019056,0.994996,2739.2,0.001000
155700,0.055775,0.979772,0.056691,0.979420,2740.9,0.001000
155800,0.030240,0.989956,0.029878,0.990196,2742.7,0.001000
155900,0.046281,0.982668,0.046300,0.983004,2744.5,0.001000
156000,0.063082,0.977348,0.064114,0.976940,2746.2,0.001000
156100,0.038854,0.986220,0.039133,0.986000,2748.1,0.001000
156200,0.011909,0.996568,0.011768,0.996588,2749.8,0.001000
156300,0.015426,0.995076,0.015722,0.995004,2751.6,0.001000
156400,0.044188,0.984896,0.044939,0.984860,2753.4,0.001000
156500,0.035385,0.986944,0.034405,0.987232,2755.2,0.001000
156600,0.150354,0.949796,0.151924,0.949152,2757.1,0.001000
156700,0.025168,0.991580,0.025569,0.991292,2758.9,0.001000
156800,0.010191,0.996688,0.009975,0.996824,2760.7,0.001000
156900,0.065819,0.977992,0.063654,0.979216,2762.4,0.001000
157000,0.018186,0.994224,0.018097,0.994184,2764.2,0.001000
157100,0.022095,0.992268,0.021811,0.992668,2766.0,0.001000
157200,0.007754,0.998000,0.007480,0.998072,2767.7,0.001000
157300,0.030988,0.989472,0.032263,0.988968,2769.5,0.001000
157400,0.048710,0.982168,0.048860,0.982140,2771.3,0.001000
157500,0.028027,0.990236,0.027805,0.990096,2773.1,0.001000
157600,0.027557,0.991152,0.027989,0.990820,2774.9,0.001000
157700,0.073367,0.973752,0.073937,0.973684,2776.6,0.001000
157800,0.010075,0.997260,0.009622,0.997356,2778.4,0.001000
157900,0.121639,0.959768,0.120936,0.959816,2780.2,0.001000
158000,0.042550,0.985160,0.042879,0.984624,2781.9,0.001000
158100,0.018042,0.993888,0.017645,0.994076,2783.7,0.001000
158200,0.021276,0.992760,0.021733,0.992372,2785.5,0.001000
158300,0.009282,0.997732,0.009452,0.997680,2787.3,0.001000
158400,0.024852,0.991208,0.024705,0.991252,2789.0,0.001000
158500,0.025079,0.991812,0.025172,0.991844,2790.7,0.001000
158600,0.023259,0.991924,0.023618,0.991964,2792.3,0.001000
158700,0.047505,0.983264,0.048549,0.983092,2794.0,0.001000
158800,0.053434,0.979864,0.053535,0.979972,2795.8,0.001000
158900,0.015385,0.995556,0.015743,0.995376,2797.4,0.001000
159000,0.008671,0.998192,0.008561,0.998268,2799.2,0.001000
159100,0.011990,0.996676,0.012020,0.996628,2800.9,0.001000
159200,0.053962,0.980508,0.053386,0.980796,2802.6,0.001000
159300,0.018400,0.993836,0.018329,0.993888,2804.3,0.001000
159400,0.018691,0.993928,0.019074,0.993708,2806.0,0.001000
159500,0.081652,0.970388,0.081393,0.970412,2807.8,0.001000
159600,0.025711,0.990732,0.025113,0.990892,2809.6,0.001000
159700,0.022965,0.991280,0.023249,0.991336,2811.5,0.001000
159800,0.111191,0.962052,0.114571,0.961300,2813.3,0.001000
159900,0.047454,0.982560,0.047637,0.982528,2815.2,0.001000
160000,0.018507,0.993400,0.018670,0.993300,2817.1,0.001000
160100,0.002983,0.999600,0.003008,0.999548,2818.8,0.001000
160200,0.051256,0.980968,0.051185,0.981376,2820.5,0.001000
160300,0.010354,0.997288,0.010358,0.997148,2822.2,0.001000
160400,0.020597,0.994252,0.021207,0.993740,2823.9,0.001000
160500,0.057820,0.978520,0.057677,0.978496,2825.7,0.001000
160600,0.034126,0.988388,0.035249,0.987440,2827.4,0.001000
160700,0.025325,0.991380,0.025504,0.991276,2829.1,0.001000
160800,0.004012,0.999112,0.004328,0.998988,2831.1,0.001000
160900,0.300324,0.882152,0.301240,0.881092,2832.8,0.001000
161000,0.056389,0.978604,0.056575,0.978728,2834.5,0.001000
161100,0.005059,0.998808,0.004972,0.998940,2836.2,0.001000
161200,0.068530,0.973392,0.071184,0.972612,2838.3,0.001000
161300,0.026934,0.990496,0.027198,0.990592,2840.1,0.001000
161400,0.037210,0.987468,0.036162,0.987820,2841.9,0.001000
161500,0.017362,0.994808,0.017066,0.994876,2843.6,0.001000
161600,0.026432,0.991376,0.027292,0.991176,2845.4,0.001000
161700,0.076162,0.969988,0.077306,0.969772,2847.1,0.001000
161800,0.031678,0.988560,0.032234,0.988124,2848.9,0.001000
161900,0.011845,0.996560,0.011615,0.996692,2850.8,0.001000
162000,0.050415,0.981312,0.049571,0.981464,2852.7,0.001000
162100,0.004009,0.999164,0.004005,0.999072,2854.5,0.001000
162200,0.038263,0.986444,0.038010,0.986736,2856.4,0.001000
162300,0.004481,0.999012,0.004927,0.998856,2858.2,0.001000
162400,0.033081,0.988224,0.032994,0.988152,2860.0,0.001000
162500,0.026253,0.990768,0.026031,0.990796,2861.7,0.001000
162600,0.031612,0.989520,0.032674,0.989140,2863.6,0.001000
162700,0.047306,0.981580,0.045795,0.982176,2865.3,0.001000
162800,0.060177,0.977204,0.059745,0.977120,2867.1,0.001000
162900,0.020627,0.993588,0.020057,0.993692,2868.8,0.001000
163000,0.054089,0.980304,0.055680,0.979280,2870.5,0.001000
163100,0.035668,0.987372,0.034559,0.987744,2872.2,0.001000
163200,0.014757,0.995472,0.014618,0.995428,2874.0,0.001000
163300,0.011861,0.996808,0.012169,0.996788,2875.7,0.001000
163400,0.094781,0.962612,0.096915,0.962096,2877.4,0.001000
163500,0.037755,0.986860,0.037756,0.986596,2879.1,0.001000
163600,0.000145,1.000000,0.000149,1.000000,2880.8,0.001000
163700,0.000072,1.000000,0.000074,1.000000,2882.5,0.001000
163800,0.000053,1.000000,0.000054,1.000000,2884.3,0.001000
163900,0.000042,1.000000,0.000042,1.000000,2885.9,0.001000
164000,0.000031,1.000000,0.000031,1.000000,2887.7,0.001000
164100,0.000023,1.000000,0.000023,1.000000,2889.4,0.001000
164200,0.000016,1.000000,0.000016,1.000000,2891.2,0.001000
164300,0.054351,0.984160,0.055048,0.983976,2893.0,0.001000
164400,0.001410,0.999900,0.001353,0.999948,2894.8,0.001000
164500,0.000052,1.000000,0.000052,1.000000,2896.5,0.001000
164600,0.000037,1.000000,0.000037,1.000000,2898.2,0.001000
164700,0.000028,1.000000,0.000028,1.000000,2899.9,0.001000
164800,0.000021,1.000000,0.000022,1.000000,2901.6,0.001000
164900,0.000017,1.000000,0.000017,1.000000,2903.3,0.001000
165000,0.000013,1.000000,0.000013,1.000000,2905.0,0.001000
165100,0.000010,1.000000,0.000010,1.000000,2906.8,0.001000
165200,0.078153,0.972008,0.078450,0.971908,2908.5,0.001000
165300,0.020355,0.993632,0.021349,0.993216,2910.2,0.001000
165400,0.037337,0.986516,0.038522,0.985928,2911.9,0.001000
165500,0.028217,0.990428,0.027979,0.990360,2913.6,0.001000
165600,0.015029,0.995412,0.015242,0.995412,2915.4,0.001000
165700,0.078115,0.974532,0.079043,0.974280,2917.1,0.001000
165800,0.032829,0.988740,0.033345,0.988376,2918.8,0.001000
165900,0.061206,0.977700,0.061360,0.977228,2920.6,0.001000
166000,0.041510,0.984056,0.040648,0.984228,2922.3,0.001000
166100,0.022027,0.992404,0.021785,0.992424,2924.1,0.001000
166200,0.032637,0.987792,0.032937,0.987568,2925.8,0.001000
166300,0.005065,0.998900,0.005270,0.998792,2927.5,0.001000
166400,0.007782,0.998160,0.007602,0.998188,2929.2,0.001000
166500,0.122817,0.954260,0.121414,0.954532,2930.9,0.001000
166600,0.016587,0.994200,0.016472,0.994176,2932.6,0.001000
166700,0.029936,0.989648,0.030978,0.989100,2934.3,0.001000
166800,0.085997,0.968168,0.085553,0.967884,2936.0,0.001000
166900,0.020075,0.993852,0.020414,0.993804,2937.7,0.001000
167000,0.009359,0.997148,0.010015,0.996772,2939.4,0.001000
167100,0.089615,0.968380,0.090620,0.968236,2941.1,0.001000
167200,0.018468,0.993868,0.017656,0.994468,2942.9,0.001000
167300,0.034457,0.987836,0.033285,0.988288,2944.6,0.001000
167400,0.028621,0.990464,0.027803,0.990896,2946.4,0.001000
167500,0.028578,0.989724,0.028670,0.989704,2948.1,0.001000
167600,0.033916,0.988240,0.034517,0.987764,2949.9,0.001000
167700,0.134012,0.957616,0.138497,0.956636,2951.6,0.001000
167800,0.055376,0.979652,0.056866,0.979136,2953.3,0.001000
167900,0.107385,0.961492,0.107353,0.961256,2955.1,0.001000
168000,0.004275,0.999104,0.004456,0.999008,2956.9,0.001000
168100,0.013540,0.996208,0.013790,0.995788,2958.7,0.001000
168200,0.043488,0.983912,0.043536,0.983836,2960.5,0.001000
168300,0.080002,0.972936,0.079348,0.973176,2962.2,0.001000
168400,0.012107,0.996308,0.011964,0.996332,2963.9,0.001000
168500,0.041566,0.985308,0.041207,0.985508,2965.5,0.001000
168600,0.020800,0.993060,0.020916,0.993144,2967.2,0.001000
168700,0.046638,0.983424,0.046561,0.983448,2968.9,0.001000
168800,0.034624,0.988000,0.035764,0.987392,2970.6,0.001000
168900,0.049478,0.983460,0.050008,0.983568,2972.3,0.001000
169000,0.032920,0.987864,0.034267,0.987088,2974.1,0.001000
169100,0.056035,0.979300,0.055137,0.979948,2975.8,0.001000
169200,0.016175,0.995040,0.016384,0.995020,2977.5,0.001000
169300,0.012845,0.996020,0.013320,0.995776,2979.2,0.001000
169400,0.039911,0.986056,0.040141,0.985980,2981.0,0.001000
169500,0.040433,0.985324,0.040107,0.985504,2982.7,0.001000
169600,0.003794,0.999212,0.003703,0.999216,2984.3,0.001000
169700,0.070734,0.973920,0.070334,0.974084,2986.1,0.001000
169800,0.011501,0.996368,0.011647,0.996340,2987.8,0.001000
169900,0.071764,0.974772,0.070609,0.975220,2989.5,0.001000
170000,0.038324,0.985544,0.037717,0.986092,2991.2,0.001000
170100,0.012590,0.996384,0.012361,0.996564,2992.9,0.001000
170200,0.034753,0.988456,0.034340,0.988436,2994.6,0.001000
170300,0.032627,0.989496,0.033760,0.989360,2996.4,0.001000
170400,0.025748,0.991652,0.025717,0.991800,2998.1,0.001000
170500,0.029289,0.991516,0.028674,0.991444,2999.8,0.001000
170600,0.038937,0.985704,0.039666,0.985524,3001.5,0.001000
170700,0.006954,0.998180,0.006790,0.998344,3003.2,0.001000
170800,0.028833,0.990472,0.029443,0.990424,3005.0,0.001000
170900,0.013352,0.996020,0.013210,0.996072,3006.7,0.001000
171000,0.061176,0.977600,0.061065,0.977304,3008.5,0.001000
171100,0.065185,0.975032,0.064347,0.975472,3010.3,0.001000
171200,0.024303,0.991724,0.024542,0.991428,3012.0,0.001000
171300,0.032625,0.988432,0.033289,0.988204,3013.7,0.001000
171400,0.006937,0.998028,0.007120,0.997872,3015.4,0.001000
171500,0.042168,0.985052,0.043204,0.984196,3017.2,0.001000
171600,0.016303,0.994788,0.016062,0.994824,3018.9,0.001000
171700,0.057719,0.979632,0.058368,0.979896,3020.6,0.001000
171800,0.011888,0.996396,0.012003,0.996472,3022.4,0.001000
171900,0.037043,0.987048,0.037882,0.986944,3024.1,0.001000
172000,0.036091,0.988436,0.035784,0.988540,3025.9,0.001000
172100,0.025482,0.990568,0.025860,0.990456,3027.7,0.001000
172200,0.006354,0.998476,0.006357,0.998492,3029.4,0.001000
172300,0.036147,0.987752,0.035639,0.987636,3031.2,0.001000
172400,0.019150,0.994056,0.019094,0.993852,3032.9,0.001000
172500,0.039056,0.985388,0.040786,0.984864,3034.6,0.001000
172600,0.048223,0.982152,0.049391,0.981892,3036.4,0.001000
172700,0.009734,0.997532,0.009813,0.997540,3038.1,0.001000
172800,0.047103,0.983036,0.046941,0.983096,3039.8,0.001000
172900,0.003215,0.999272,0.003485,0.999136,3041.6,0.001000
173000,0.048945,0.983184,0.049800,0.983068,3043.3,0.001000
173100,0.096969,0.971120,0.099392,0.970236,3045.0,0.001000
173200,0.084352,0.968852,0.083617,0.969152,3046.8,0.001000
173300,0.009176,0.997696,0.009580,0.997508,3048.6,0.001000
173400,0.020847,0.993816,0.020434,0.993996,3050.3,0.001000
173500,0.030522,0.989308,0.032039,0.988660,3052.1,0.001000
173600,0.028809,0.990564,0.029373,0.990392,3053.8,0.001000
173700,0.033874,0.988004,0.034940,0.987376,3055.5,0.001000
173800,0.043740,0.983296,0.043865,0.983320,3057.3,0.001000
173900,0.016450,0.995012,0.016361,0.994952,3059.1,0.001000
174000,0.038523,0.987976,0.038571,0.987872,3060.8,0.001000
174100,0.012159,0.996572,0.012462,0.996256,3062.5,0.001000
174200,0.002995,0.999704,0.002987,0.999692,3064.2,0.001000
174300,0.056899,0.978720,0.057849,0.977936,3066.0,0.001000
174400,0.028426,0.990044,0.028253,0.990180,3067.6,0.001000
174500,0.011478,0.996896,0.011231,0.996896,3069.4,0.001000
174600,0.061508,0.976108,0.061492,0.975892,3071.2,0.001000
174700,0.027190,0.990140,0.027086,0.990488,3072.9,0.001000
174800,0.005754,0.998616,0.005816,0.998692,3074.7,0.001000
174900,0.016734,0.995040,0.016724,0.994752,3076.4,0.001000
175000,0.001298,1.000000,0.001264,0.999992,3078.1,0.001000
175100,0.092795,0.968144,0.092670,0.967996,3079.9,0.001000
175200,0.000401,1.000000,0.000416,1.000000,3081.6,0.001000
175300,0.000072,1.000000,0.000073,1.000000,3083.4,0.001000
175400,0.000055,1.000000,0.000056,1.000000,3085.1,0.001000
175500,0.000043,1.000000,0.000044,1.000000,3086.8,0.001000
175600,0.000033,1.000000,0.000033,1.000000,3088.6,0.001000
175700,0.000025,1.000000,0.000025,1.000000,3090.3,0.001000
175800,0.000018,1.000000,0.000018,1.000000,3092.1,0.001000
175900,0.182091,0.926980,0.180705,0.927852,3093.8,0.001000
176000,0.108319,0.960692,0.110606,0.959580,3095.6,0.001000
176100,0.054542,0.979708,0.055201,0.979772,3097.4,0.001000
176200,0.003871,0.999320,0.003905,0.999312,3099.2,0.001000
176300,0.097731,0.965044,0.100170,0.964964,3100.9,0.001000
176400,0.113159,0.964908,0.110554,0.965352,3102.7,0.001000
176500,0.006503,0.998252,0.006505,0.998256,3104.5,0.001000
176600,0.010795,0.996984,0.010484,0.997060,3106.2,0.001000
176700,0.033824,0.988060,0.033242,0.988228,3107.9,0.001000
176800,0.005240,0.999056,0.005609,0.998908,3109.8,0.001000
176900,0.009981,0.997076,0.010116,0.996860,3111.5,0.001000
177000,0.016664,0.994956,0.016857,0.994708,3113.2,0.001000
177100,0.019658,0.993524,0.020054,0.993248,3115.0,0.001000
177200,0.084306,0.971980,0.083833,0.972200,3116.7,0.001000
177300,0.028838,0.989900,0.028569,0.989928,3118.5,0.001000
177400,0.047959,0.982288,0.048600,0.981968,3120.3,0.001000
177500,0.057501,0.978408,0.055779,0.978596,3122.0,0.001000
177600,0.010494,0.997216,0.010166,0.997272,3123.7,0.001000
177700,0.001004,0.999988,0.001053,0.999988,3125.6,0.001000
177800,0.000053,1.000000,0.000053,1.000000,3127.4,0.001000
177900,0.000038,1.000000,0.000038,1.000000,3129.1,0.001000
178000,0.000029,1.000000,0.000029,1.000000,3130.8,0.001000
178100,0.000022,1.000000,0.000023,1.000000,3132.5,0.001000
178200,0.000017,1.000000,0.000017,1.000000,3134.3,0.001000
178300,0.000013,1.000000,0.000013,1.000000,3136.0,0.001000
178400,0.000010,1.000000,0.000010,1.000000,3137.7,0.001000
178500,0.034989,0.988052,0.036247,0.987412,3139.4,0.001000
178600,0.070594,0.972676,0.070225,0.973040,3141.1,0.001000
178700,0.043875,0.983880,0.045103,0.983292,3142.9,0.001000
178800,0.031610,0.989416,0.030772,0.989492,3144.7,0.001000
178900,0.041432,0.985636,0.042450,0.985128,3146.4,0.001000
179000,0.015353,0.995400,0.015695,0.995288,3148.2,0.001000
179100,0.050304,0.981756,0.050246,0.981520,3149.9,0.001000
179200,0.004276,0.999420,0.004326,0.999424,3151.6,0.001000
179300,0.115977,0.962896,0.116737,0.962244,3153.3,0.001000
179400,0.035548,0.987308,0.036030,0.987304,3155.1,0.001000
179500,0.020476,0.993516,0.020128,0.993796,3156.9,0.001000
179600,0.022473,0.991920,0.022923,0.991824,3158.7,0.001000
179700,0.014465,0.995540,0.013819,0.995676,3160.5,0.001000
179800,0.038364,0.986872,0.038848,0.986652,3162.2,0.001000
179900,0.097964,0.965200,0.096496,0.965804,3163.9,0.001000
180000,0.033275,0.988408,0.033286,0.988388,3165.7,0.001000
180100,0.035196,0.987884,0.035807,0.987540,3167.4,0.001000
180200,0.012984,0.996164,0.013386,0.995884,3169.1,0.001000
180300,0.030401,0.989608,0.031431,0.989100,3170.9,0.001000
180400,0.043667,0.985592,0.043588,0.985040,3172.6,0.001000
180500,0.116201,0.958928,0.118079,0.958032,3174.3,0.001000
180600,0.072739,0.972760,0.075282,0.971508,3176.0,0.001000
180700,0.037059,0.986864,0.036971,0.986796,3177.7,0.001000
180800,0.030345,0.989104,0.030162,0.989300,3179.5,0.001000
180900,0.041946,0.984116,0.042171,0.984228,3181.2,0.001000
181000,0.056684,0.978528,0.056903,0.978400,3182.9,0.001000
181100,0.029545,0.989280,0.029593,0.989352,3184.6,0.001000
181200,0.061567,0.976568,0.061671,0.976184,3186.3,0.001000
181300,0.019311,0.993400,0.019431,0.993592,3188.0,0.001000
181400,0.040577,0.984456,0.042352,0.983708,3189.7,0.001000
181500,0.085679,0.970812,0.083493,0.971044,3191.5,0.001000
181600,0.019943,0.992676,0.020033,0.992672,3193.3,0.001000
181700,0.052058,0.982012,0.053012,0.981284,3195.0,0.001000
181800,0.024999,0.990496,0.025888,0.989996,3196.7,0.001000
181900,0.016365,0.994716,0.016740,0.994580,3198.4,0.001000
182000,0.034556,0.987320,0.033541,0.987816,3200.1,0.001000
182100,0.023684,0.991704,0.023736,0.991600,3201.8,0.001000
182200,0.021231,0.993344,0.021880,0.993136,3203.6,0.001000
182300,0.030282,0.989676,0.030419,0.989540,3205.4,0.001000
182400,0.019550,0.993312,0.018853,0.993504,3207.1,0.001000
182500,0.015425,0.994692,0.015546,0.994448,3208.8,0.001000
182600,0.017620,0.994156,0.017869,0.994108,3210.5,0.001000
182700,0.010198,0.997032,0.009946,0.997252,3212.3,0.001000
182800,0.053414,0.981612,0.052154,0.981928,3213.9,0.001000
182900,0.016382,0.995200,0.016018,0.995288,3215.6,0.001000
183000,0.006065,0.998484,0.006311,0.998472,3217.3,0.001000
183100,0.014717,0.995528,0.014856,0.995464,3219.0,0.001000
183200,0.011762,0.997064,0.011949,0.997140,3220.8,0.001000
183300,0.039743,0.986308,0.040394,0.985936,3222.6,0.001000
183400,0.039136,0.986372,0.039693,0.986052,3224.4,0.001000
183500,0.091177,0.967604,0.091757,0.967856,3226.2,0.001000
183600,0.047293,0.982824,0.047348,0.982564,3228.0,0.001000
183700,0.065854,0.974468,0.066506,0.974548,3229.7,0.001000
183800,0.036501,0.986760,0.035411,0.987252,3231.5,0.001000
183900,0.011838,0.996808,0.011901,0.996660,3233.2,0.001000
184000,0.003723,0.999424,0.003837,0.999368,3234.8,0.001000
184100,0.093439,0.969404,0.093342,0.969024,3236.6,0.001000
184200,0.023951,0.991976,0.023929,0.991860,3238.3,0.001000
184300,0.003121,0.999588,0.003140,0.999572,3240.0,0.001000
184400,0.021218,0.993456,0.021657,0.993280,3241.7,0.001000
184500,0.020941,0.992500,0.020903,0.992664,3243.6,0.001000
184600,0.055573,0.979728,0.056128,0.979648,3245.3,0.001000
184700,0.025317,0.991156,0.025612,0.991136,3247.0,0.001000
184800,0.021239,0.993032,0.022078,0.992700,3248.8,0.001000
184900,0.046043,0.983608,0.045721,0.983900,3250.5,0.001000
185000,0.033853,0.988004,0.034330,0.987792,3252.2,0.001000
185100,0.061817,0.977272,0.061498,0.977312,3253.9,0.001000
185200,0.012394,0.996384,0.012105,0.996624,3255.7,0.001000
185300,0.018271,0.994048,0.017894,0.994316,3257.4,0.001000
185400,0.043712,0.983828,0.045215,0.983564,3259.1,0.001000
185500,0.026798,0.990852,0.027152,0.990776,3260.8,0.001000
185600,0.041274,0.984812,0.041347,0.984472,3262.5,0.001000
185700,0.013498,0.996280,0.013011,0.996616,3264.2,0.001000
185800,0.052879,0.980336,0.052439,0.980652,3266.0,0.001000
185900,0.001688,0.999912,0.001735,0.999952,3267.7,0.001000
186000,0.000071,1.000000,0.000071,1.000000,3269.5,0.001000
186100,0.000051,1.000000,0.000052,1.000000,3271.2,0.001000
186200,0.000040,1.000000,0.000040,1.000000,3272.9,0.001000
186300,0.000031,1.000000,0.000031,1.000000,3274.6,0.001000
186400,0.000023,1.000000,0.000023,1.000000,3276.4,0.001000
186500,0.000017,1.000000,0.000017,1.000000,3278.1,0.001000
186600,0.104397,0.964408,0.106005,0.963940,3279.8,0.001000
186700,0.006977,0.998100,0.006945,0.998220,3281.6,0.001000
186800,0.050929,0.981640,0.050438,0.981496,3283.4,0.001000
186900,0.093363,0.970060,0.094585,0.969700,3285.1,0.001000
187000,0.006728,0.998472,0.006879,0.998440,3286.8,0.001000
187100,0.014958,0.994884,0.015155,0.994780,3288.5,0.001000
187200,0.032445,0.988340,0.032363,0.988408,3290.3,0.001000
187300,0.030851,0.988280,0.031639,0.988216,3292.0,0.001000
187400,0.023657,0.991328,0.024363,0.991052,3293.8,0.001000
187500,0.059604,0.981380,0.057520,0.982140,3295.5,0.001000
187600,0.009582,0.997520,0.009837,0.997456,3297.2,0.001000
187700,0.058227,0.978132,0.057534,0.978360,3298.9,0.001000
187800,0.076362,0.969744,0.076330,0.969780,3300.6,0.001000
187900,0.011211,0.996652,0.011080,0.996756,3302.3,0.001000
188000,0.010193,0.996912,0.010091,0.997016,3304.1,0.001000
188100,0.044169,0.983800,0.044982,0.983472,3305.8,0.001000
188200,0.022970,0.991856,0.023047,0.992100,3307.5,0.001000
188300,0.037695,0.986792,0.038579,0.986472,3309.1,0.001000
188400,0.021532,0.992888,0.021108,0.992892,3310.8,0.001000
188500,0.030140,0.989440,0.030471,0.989428,3312.5,0.001000
188600,0.044000,0.984888,0.043741,0.984616,3314.2,0.001000
188700,0.088320,0.965256,0.087085,0.965628,3315.9,0.001000
188800,0.071015,0.972964,0.072585,0.972900,3317.6,0.001000
188900,0.027157,0.990872,0.027921,0.990704,3319.3,0.001000
189000,0.010551,0.996876,0.010275,0.996932,3321.0,0.001000
189100,0.008185,0.997860,0.008099,0.997868,3322.7,0.001000
189200,0.102717,0.962708,0.100755,0.963556,3324.4,0.001000
189300,0.001065,0.999824,0.001106,0.999816,3326.2,0.001000
189400,0.000062,1.000000,0.000063,1.000000,3327.9,0.001000
189500,0.000045,1.000000,0.000045,1.000000,3329.7,0.001000
189600,0.000034,1.000000,0.000034,1.000000,3331.5,0.001000
189700,0.000026,1.000000,0.000027,1.000000,3333.2,0.001000
189800,0.000020,1.000000,0.000020,1.000000,3335.0,0.001000
189900,0.000014,1.000000,0.000014,1.000000,3336.8,0.001000
190000,1.158276,0.795840,1.157664,0.797116,3338.5,0.001000
190100,0.005803,0.998640,0.005859,0.998620,3340.3,0.001000
190200,0.024679,0.991292,0.025154,0.991288,3342.0,0.001000
190300,0.141019,0.953884,0.139345,0.953992,3343.7,0.001000
190400,0.092950,0.974852,0.093399,0.974656,3345.4,0.001000
190500,0.014100,0.995872,0.014374,0.995736,3347.1,0.001000
190600,0.022547,0.992248,0.022875,0.992092,3348.9,0.001000
190700,0.014707,0.995488,0.015361,0.995008,3350.6,0.001000
190800,0.021095,0.992940,0.021286,0.993072,3352.5,0.001000
190900,0.038319,0.986468,0.038288,0.986652,3354.4,0.001000
191000,0.009531,0.996772,0.009874,0.996636,3356.1,0.001000
191100,0.037518,0.987644,0.038322,0.987172,3358.1,0.001000
191200,0.009462,0.998168,0.009194,0.998180,3359.8,0.001000
191300,0.004983,0.999164,0.004844,0.999296,3361.6,0.001000
191400,0.048581,0.984516,0.049282,0.984140,3363.4,0.001000
191500,0.037441,0.987332,0.038425,0.986996,3365.2,0.001000
191600,0.020474,0.992804,0.020400,0.992920,3367.0,0.001000
191700,0.017047,0.994424,0.016926,0.994404,3368.9,0.001000
191800,0.026730,0.991256,0.026699,0.991324,3370.7,0.001000
191900,0.020098,0.993448,0.020451,0.993168,3372.4,0.001000
192000,0.016017,0.994760,0.016566,0.994492,3374.3,0.001000
192100,0.012603,0.996156,0.013017,0.995964,3376.2,0.001000
192200,0.012773,0.995924,0.012463,0.996320,3378.3,0.001000
192300,0.017852,0.994512,0.018542,0.994292,3380.2,0.001000
192400,0.030838,0.988760,0.031099,0.988564,3382.1,0.001000
192500,0.019781,0.993672,0.020153,0.993412,3383.8,0.001000
192600,0.025281,0.991416,0.026840,0.990796,3385.6,0.001000
192700,0.079047,0.973372,0.077939,0.973528,3387.2,0.001000
192800,0.015784,0.995424,0.015469,0.995520,3389.0,0.001000
192900,0.086771,0.966364,0.087253,0.966180,3390.9,0.001000
193000,0.022379,0.992292,0.022593,0.992220,3392.6,0.001000
193100,0.007782,0.997852,0.007744,0.998004,3394.3,0.001000
193200,0.018783,0.993876,0.018975,0.993812,3396.1,0.001000
193300,0.055832,0.981768,0.055304,0.981648,3398.0,0.001000
193400,0.038265,0.986536,0.038955,0.986580,3399.8,0.001000
193500,0.031985,0.988832,0.032062,0.988764,3401.5,0.001000
193600,0.059759,0.977300,0.057070,0.978332,3403.2,0.001000
193700,0.021698,0.992840,0.021701,0.992848,3404.9,0.001000
193800,0.066166,0.977900,0.067625,0.976876,3406.7,0.001000
193900,0.013411,0.995220,0.013358,0.995376,3408.4,0.001000
194000,0.026105,0.990972,0.026018,0.991076,3410.2,0.001000
194100,0.010395,0.996720,0.010863,0.996696,3412.0,0.001000
194200,0.035305,0.987368,0.035106,0.987720,3413.7,0.001000
194300,0.005098,0.998960,0.005121,0.998936,3415.4,0.001000
194400,0.015967,0.995652,0.016034,0.995508,3417.2,0.001000
194500,0.004538,0.998920,0.004739,0.998852,3418.9,0.001000
194600,0.012829,0.996036,0.013078,0.995928,3420.7,0.001000
194700,0.045918,0.983156,0.045625,0.983204,3422.5,0.001000
194800,0.027093,0.990296,0.027352,0.990264,3424.2,0.001000
194900,0.007014,0.998300,0.007310,0.998016,3425.9,0.001000
195000,0.024406,0.992416,0.024509,0.992220,3427.6,0.001000
195100,0.085818,0.969624,0.084125,0.970360,3429.3,0.001000
195200,0.028978,0.990344,0.028371,0.990484,3431.0,0.001000
195300,0.008273,0.997884,0.008321,0.997828,3432.7,0.001000
195400,0.010642,0.997164,0.010358,0.997384,3434.4,0.001000
195500,0.032960,0.988044,0.033654,0.987848,3436.1,0.001000
195600,0.053090,0.982228,0.052757,0.982516,3437.9,0.001000
195700,0.017722,0.994536,0.017091,0.994836,3439.6,0.001000
195800,0.017162,0.994568,0.017247,0.994424,3441.4,0.001000
195900,0.023009,0.992068,0.023269,0.991772,3443.1,0.001000
196000,0.023128,0.992268,0.022792,0.992436,3444.9,0.001000
196100,0.028049,0.990708,0.027269,0.990960,3446.7,0.001000
196200,0.106252,0.959488,0.108996,0.958704,3448.4,0.001000
196300,0.019225,0.994284,0.019272,0.994160,3450.1,0.001000
196400,0.036757,0.987100,0.036983,0.987108,3451.9,0.001000
196500,0.034327,0.987460,0.034857,0.987420,3453.6,0.001000
196600,0.011776,0.996412,0.011947,0.996264,3455.4,0.001000
196700,0.018274,0.993876,0.018785,0.994016,3457.2,0.001000
196800,0.011374,0.996672,0.011293,0.996708,3458.9,0.001000
196900,0.000080,1.000000,0.000083,1.000000,3460.6,0.001000
197000,0.000052,1.000000,0.000053,1.000000,3462.3,0.001000
197100,0.000040,1.000000,0.000041,1.000000,3464.1,0.001000
197200,0.000032,1.000000,0.000032,1.000000,3465.9,0.001000
197300,0.000024,1.000000,0.000025,1.000000,3467.6,0.001000
197400,0.000018,1.000000,0.000018,1.000000,3469.3,0.001000
197500,0.000012,1.000000,0.000012,1.000000,3470.9,0.001000
197600,0.035195,0.988152,0.035050,0.987936,3472.7,0.001000
197700,0.020808,0.992880,0.021766,0.992600,3474.3,0.001000
197800,0.047741,0.981856,0.047537,0.981888,3476.1,0.001000
197900,0.040055,0.985432,0.039928,0.985480,3477.8,0.001000
198000,0.025129,0.991768,0.026055,0.991316,3479.5,0.001000
198100,0.020262,0.993380,0.020587,0.993292,3481.2,0.001000
198200,0.035395,0.987208,0.035591,0.987076,3482.9,0.001000
198300,0.017017,0.994512,0.017661,0.994008,3484.7,0.001000
198400,0.011951,0.996256,0.011989,0.996124,3486.4,0.001000
198500,0.066763,0.976172,0.069455,0.975132,3488.2,0.001000
198600,0.007874,0.997860,0.007992,0.997784,3489.9,0.001000
198700,0.006720,0.998508,0.006984,0.998320,3491.7,0.001000
198800,0.017416,0.994656,0.017366,0.994376,3493.4,0.001000
198900,0.018574,0.994004,0.019254,0.993916,3495.1,0.001000
199000,0.033959,0.987936,0.033632,0.987836,3496.8,0.001000
199100,0.104215,0.959848,0.104914,0.959288,3498.6,0.001000
199200,0.012341,0.996524,0.012412,0.996508,3500.3,0.001000
199300,0.057103,0.981184,0.056978,0.981180,3502.1,0.001000
199400,0.030708,0.988752,0.030388,0.988812,3503.8,0.001000
199500,0.031723,0.988600,0.032327,0.988312,3505.4,0.001000
199600,0.033508,0.987912,0.032685,0.988572,3507.2,0.001000
199700,0.002067,0.999800,0.002157,0.999728,3508.9,0.001000
199800,0.011270,0.996368,0.011429,0.996356,3510.7,0.001000
199900,0.080504,0.969544,0.081640,0.969252,3512.4,0.001000
