step,train_loss,train_acc,test_loss,test_acc,elapsed_sec,lr
0,4.992526,0.010444,4.997588,0.010208,1.1,0.000020
100,4.600938,0.010344,4.601635,0.010324,2.8,0.001000
200,4.590542,0.010260,4.592133,0.010116,4.4,0.001000
300,4.585325,0.010632,4.586985,0.010736,6.1,0.001000
400,4.581915,0.010712,4.584365,0.010012,7.8,0.001000
500,4.581660,0.010588,4.583039,0.009952,9.5,0.001000
600,4.579267,0.010800,4.581903,0.010528,11.2,0.001000
700,4.577528,0.010616,4.579737,0.009940,12.9,0.001000
800,4.576930,0.010924,4.580216,0.009972,14.6,0.001000
900,4.575336,0.011228,4.578640,0.009964,16.3,0.001000
1000,4.575412,0.011464,4.579829,0.010016,18.0,0.001000
1100,4.574158,0.011308,4.578954,0.010424,19.7,0.001000
1200,4.574288,0.011460,4.578378,0.010132,21.4,0.001000
1300,4.554336,0.012804,4.558276,0.011676,23.1,0.001000
1400,3.547145,0.075212,3.549613,0.074036,24.9,0.001000
1500,2.994937,0.210736,2.996528,0.207308,26.7,0.001000
1600,2.760006,0.118836,2.761219,0.117472,28.3,0.001000
1700,2.442468,0.201556,2.443751,0.199896,30.1,0.001000
1800,2.307390,0.264540,2.308948,0.261832,31.8,0.001000
1900,2.297533,0.228068,2.298724,0.226068,33.5,0.001000
2000,2.214937,0.226780,2.216218,0.226032,35.2,0.001000
2100,2.252280,0.192532,2.254309,0.191056,36.9,0.001000
2200,2.408919,0.153704,2.407544,0.153908,38.7,0.001000
2300,2.197132,0.213380,2.198904,0.211832,40.4,0.001000
2400,2.155102,0.267764,2.156824,0.266232,42.1,0.001000
2500,2.298847,0.161040,2.300232,0.159396,43.8,0.001000
2600,2.282432,0.185860,2.282415,0.184920,45.5,0.001000
2700,2.215795,0.210776,2.218689,0.208516,47.2,0.001000
2800,2.461102,0.121036,2.461780,0.119108,48.9,0.001000
2900,2.208476,0.202144,2.209465,0.200612,50.6,0.001000
3000,2.172436,0.259604,2.172212,0.258844,52.4,0.001000
3100,2.354817,0.155924,2.355421,0.154936,54.1,0.001000
3200,2.249561,0.184264,2.250894,0.183060,55.7,0.001000
3300,2.267663,0.191604,2.266344,0.191380,57.4,0.001000
3400,2.336049,0.164704,2.337687,0.164248,59.1,0.001000
3500,2.197635,0.237716,2.199038,0.235316,60.9,0.001000
3600,2.521852,0.124824,2.521907,0.123496,62.6,0.001000
3700,2.293280,0.196912,2.291562,0.197740,64.3,0.001000
3800,2.211664,0.215328,2.212421,0.213116,65.9,0.001000
3900,2.313159,0.174416,2.314777,0.173340,67.7,0.001000
4000,2.394255,0.143352,2.393333,0.143556,69.3,0.001000
4100,2.305355,0.175328,2.304949,0.174360,71.0,0.001000
4200,2.186224,0.215112,2.187371,0.212584,72.7,0.001000
4300,2.260284,0.190444,2.261429,0.190704,74.4,0.001000
4400,2.326731,0.161972,2.326866,0.161532,76.1,0.001000
4500,2.161242,0.223892,2.162119,0.222840,77.9,0.001000
4600,2.227408,0.195456,2.226836,0.194988,79.6,0.001000
4700,2.433628,0.147144,2.435626,0.145844,81.2,0.001000
4800,2.321321,0.186268,2.323629,0.184808,83.0,0.001000
4900,2.224790,0.204212,2.227343,0.202404,84.7,0.001000
5000,2.316284,0.177392,2.319059,0.176360,86.4,0.001000
5100,2.294768,0.180132,2.295101,0.179476,88.1,0.001000
5200,2.174678,0.238892,2.176567,0.237864,89.8,0.001000
5300,2.210044,0.215440,2.210808,0.213976,91.5,0.001000
5400,2.202836,0.198552,2.204125,0.198304,93.2,0.001000
5500,2.147020,0.229800,2.147610,0.228340,94.9,0.001000
5600,2.181186,0.214620,2.182471,0.211188,96.7,0.001000
5700,2.176656,0.206992,2.177551,0.205832,98.4,0.001000
5800,2.304910,0.168180,2.307151,0.167284,100.1,0.001000
5900,2.187602,0.204216,2.189624,0.199892,101.8,0.001000
6000,2.398737,0.143108,2.396576,0.144132,103.5,0.001000
6100,2.142734,0.234280,2.143675,0.233308,105.2,0.001000
6200,2.201269,0.178448,2.202168,0.178932,106.9,0.001000
6300,2.488627,0.132380,2.488089,0.132288,108.6,0.001000
6400,2.199173,0.206064,2.200008,0.204464,110.4,0.001000
6500,2.087859,0.260184,2.089256,0.257268,112.1,0.001000
6600,3.303495,0.072092,3.314552,0.071616,113.8,0.001000
6700,2.067087,0.274556,2.067986,0.273716,115.5,0.001000
6800,2.158745,0.237212,2.159713,0.235696,117.2,0.001000
6900,2.075328,0.248040,2.076262,0.247804,119.1,0.001000
7000,2.210840,0.230016,2.210519,0.228988,120.8,0.001000
7100,2.328774,0.143056,2.328110,0.142392,122.5,0.001000
7200,2.214668,0.192096,2.215575,0.190256,124.1,0.001000
7300,2.086172,0.250056,2.087432,0.246976,125.8,0.001000
7400,2.621408,0.102776,2.627304,0.103208,127.5,0.001000
7500,2.084176,0.263188,2.085807,0.260328,129.3,0.001000
7600,2.501527,0.162180,2.503216,0.160800,131.1,0.001000
7700,2.120485,0.215224,2.122354,0.214280,132.8,0.001000
7800,2.098792,0.241680,2.100794,0.237928,134.5,0.001000
7900,2.120041,0.226580,2.120470,0.225840,136.3,0.001000
8000,2.062485,0.228552,2.062720,0.228156,137.9,0.001000
8100,2.109481,0.242092,2.111694,0.239252,139.7,0.001000
8200,1.989620,0.310884,1.990508,0.309856,141.3,0.001000
8300,2.077684,0.266420,2.078960,0.263244,143.0,0.001000
8400,1.993323,0.299564,1.994639,0.297696,144.7,0.001000
8500,3.096412,0.070148,3.098471,0.069156,146.4,0.001000
8600,2.230157,0.174036,2.231816,0.173000,148.1,0.001000
8700,2.329336,0.147708,2.330683,0.147396,149.8,0.001000
8800,2.030510,0.280420,2.032009,0.278804,151.5,0.001000
8900,2.100615,0.232740,2.102968,0.230656,153.2,0.001000
9000,2.113659,0.225068,2.115367,0.223352,154.9,0.001000
9100,2.574507,0.106732,2.577382,0.104872,156.6,0.001000
9200,2.131447,0.235228,2.133634,0.233712,158.4,0.001000
9300,2.159523,0.205868,2.160723,0.202972,160.1,0.001000
9400,2.208846,0.196740,2.210730,0.195884,161.8,0.001000
9500,2.178646,0.191544,2.179705,0.189080,163.5,0.001000
9600,2.418522,0.144612,2.415566,0.143620,165.3,0.001000
9700,2.059771,0.265528,2.060572,0.262744,167.1,0.001000
9800,2.047194,0.251572,2.048594,0.248904,168.8,0.001000
9900,2.002925,0.289712,2.004531,0.289576,170.5,0.001000
10000,2.115222,0.214732,2.116206,0.211908,172.1,0.001000
10100,2.176837,0.192436,2.180218,0.189148,173.8,0.001000
10200,2.220376,0.205460,2.222380,0.203672,175.5,0.001000
10300,2.108153,0.220296,2.108344,0.218568,177.2,0.001000
10400,2.085282,0.243520,2.086326,0.242964,178.9,0.001000
10500,2.044300,0.255452,2.045727,0.252992,180.6,0.001000
10600,2.428150,0.133104,2.429448,0.133088,182.3,0.001000
10700,2.065520,0.254520,2.066873,0.253976,184.1,0.001000
10800,2.149796,0.213236,2.152145,0.210204,185.8,0.001000
10900,2.243687,0.207960,2.244219,0.205316,187.5,0.001000
11000,2.260303,0.177408,2.259394,0.178440,189.2,0.001000
11100,2.122240,0.215640,2.121698,0.214552,190.9,0.001000
11200,2.096741,0.220700,2.098189,0.220816,192.5,0.001000
11300,2.191041,0.181976,2.193722,0.182056,194.3,0.001000
11400,2.071776,0.246940,2.073137,0.246140,196.0,0.001000
11500,2.216701,0.218876,2.218902,0.216828,197.7,0.001000
11600,2.421030,0.141980,2.424173,0.141520,199.4,0.001000
11700,2.136308,0.191972,2.138292,0.190072,201.1,0.001000
11800,2.055412,0.245236,2.056744,0.242920,202.8,0.001000
11900,2.425872,0.142740,2.428045,0.142912,204.5,0.001000
12000,2.132869,0.220972,2.134032,0.220824,206.2,0.001000
12100,2.015184,0.290828,2.016773,0.289000,207.8,0.001000
12200,2.059889,0.247188,2.062508,0.243468,209.5,0.001000
12300,2.077756,0.250116,2.078695,0.249332,211.2,0.001000
12400,2.179404,0.221716,2.183657,0.218364,212.9,0.001000
12500,2.038414,0.264184,2.039592,0.262004,214.6,0.001000
12600,2.024123,0.254844,2.025044,0.255420,216.3,0.001000
12700,2.014720,0.273748,2.015758,0.269404,218.0,0.001000
12800,2.114161,0.228384,2.116148,0.226636,219.6,0.001000
12900,1.957756,0.305304,1.959272,0.303448,221.3,0.001000
13000,2.044558,0.258080,2.046032,0.255408,223.1,0.001000
13100,2.416378,0.146016,2.415946,0.143872,224.8,0.001000
13200,2.003147,0.276544,2.004782,0.273732,226.5,0.001000
13300,2.144348,0.221996,2.143566,0.222112,228.2,0.001000
13400,2.218972,0.210712,2.218721,0.210064,229.9,0.001000
13500,1.958508,0.310312,1.960403,0.308028,231.6,0.001000
13600,2.293258,0.157900,2.293403,0.158696,233.3,0.001000
13700,2.005388,0.288852,2.005834,0.289132,235.0,0.001000
13800,2.027771,0.248040,2.029464,0.246688,236.6,0.001000
13900,2.181928,0.193208,2.180846,0.194992,238.4,0.001000
14000,2.412272,0.139692,2.414158,0.137852,240.1,0.001000
14100,2.191184,0.220864,2.193487,0.221036,241.8,0.001000
14200,2.140254,0.240040,2.141612,0.240520,243.4,0.001000
14300,2.092582,0.239192,2.094070,0.239188,245.1,0.001000
14400,2.091372,0.210948,2.092109,0.211504,246.8,0.001000
14500,3.090430,0.107888,3.094528,0.107596,248.5,0.001000
14600,2.044735,0.263156,2.047144,0.260312,250.3,0.001000
14700,2.056880,0.273820,2.058894,0.272316,252.0,0.001000
14800,2.409501,0.154204,2.412042,0.152076,253.7,0.001000
14900,2.035647,0.249900,2.036101,0.248516,255.5,0.001000
15000,2.012417,0.278952,2.014119,0.276244,257.3,0.001000
15100,2.374824,0.141600,2.378764,0.139976,259.0,0.001000
15200,2.061448,0.271088,2.062710,0.268916,260.7,0.001000
15300,2.094500,0.238668,2.095235,0.237692,262.4,0.001000
15400,2.264099,0.177708,2.263025,0.177340,264.0,0.001000
15500,2.781421,0.091404,2.782213,0.090732,265.8,0.001000
15600,2.350172,0.175632,2.351828,0.173412,267.5,0.001000
15700,2.269121,0.175392,2.270750,0.172624,269.2,0.001000
15800,2.202264,0.200516,2.202764,0.199908,271.0,0.001000
15900,2.057988,0.256004,2.059168,0.256432,272.7,0.001000
16000,2.028922,0.276540,2.030652,0.272740,274.4,0.001000
16100,1.991686,0.295908,1.994016,0.292448,276.1,0.001000
16200,2.248350,0.184280,2.250858,0.182096,277.8,0.001000
16300,2.105886,0.243444,2.106746,0.240812,279.5,0.001000
16400,2.019583,0.265576,2.019528,0.264440,281.2,0.001000
16500,1.998777,0.295184,1.999657,0.294332,282.8,0.001000
16600,2.116848,0.244356,2.118347,0.241732,284.5,0.001000
16700,2.614316,0.107936,2.614533,0.107048,286.2,0.001000
16800,2.196690,0.199228,2.198005,0.197828,287.9,0.001000
16900,2.190703,0.209968,2.192405,0.208980,289.6,0.001000
17000,2.212305,0.178632,2.214759,0.177016,291.3,0.001000
17100,2.086507,0.258936,2.087123,0.259308,293.1,0.001000
17200,2.001310,0.281720,2.002385,0.280728,294.8,0.001000
17300,2.101850,0.230336,2.105094,0.227748,296.5,0.001000
17400,2.262222,0.194296,2.264787,0.194420,298.2,0.001000
17500,2.032398,0.284500,2.033811,0.281728,299.9,0.001000
17600,2.230740,0.178448,2.233268,0.176964,301.6,0.001000
17700,2.337259,0.149924,2.338099,0.147528,303.3,0.001000
17800,2.110044,0.247680,2.113518,0.243304,305.0,0.001000
17900,2.345452,0.171524,2.347618,0.171332,306.7,0.001000
18000,2.146957,0.186140,2.148597,0.184320,308.4,0.001000
18100,2.210814,0.205692,2.215033,0.204796,310.1,0.001000
18200,2.078180,0.264012,2.078590,0.263364,311.9,0.001000
18300,2.083181,0.256560,2.084180,0.256264,313.6,0.001000
18400,2.019939,0.272352,2.020779,0.270816,315.3,0.001000
18500,2.119241,0.233184,2.119951,0.233800,317.0,0.001000
18600,2.068953,0.244152,2.070098,0.242972,318.8,0.001000
18700,2.029788,0.259316,2.030633,0.258160,320.5,0.001000
18800,2.015010,0.267996,2.015776,0.265956,322.2,0.001000
18900,2.027198,0.275368,2.028436,0.273136,323.9,0.001000
19000,2.073288,0.258368,2.073042,0.257556,325.6,0.001000
19100,2.113598,0.225016,2.113882,0.223780,327.3,0.001000
19200,1.961597,0.300824,1.963118,0.298108,329.0,0.001000
19300,2.370355,0.153748,2.367655,0.152268,330.7,0.001000
19400,1.968817,0.302300,1.970500,0.300612,332.5,0.001000
19500,2.024431,0.262692,2.026623,0.261544,334.2,0.001000
19600,2.326653,0.156996,2.327917,0.157956,335.8,0.001000
19700,2.115556,0.208980,2.115178,0.208032,337.6,0.001000
19800,2.112603,0.216684,2.113890,0.216044,339.3,0.001000
19900,2.049199,0.234016,2.050405,0.231260,341.0,0.001000
20000,1.979444,0.279028,1.980487,0.279236,342.7,0.001000
20100,2.044162,0.233720,2.046572,0.233872,344.4,0.001000
20200,2.128037,0.221044,2.128948,0.220396,346.1,0.001000
20300,2.074173,0.246528,2.076577,0.244068,347.9,0.001000
20400,2.473014,0.128520,2.475841,0.126820,349.6,0.001000
20500,2.070011,0.237056,2.070386,0.233944,351.3,0.001000
20600,2.048621,0.251080,2.051089,0.248892,353.0,0.001000
20700,1.989457,0.264132,1.990314,0.262252,354.7,0.001000
20800,2.067949,0.225124,2.069804,0.222160,356.5,0.001000
20900,1.971460,0.289496,1.973033,0.288232,358.2,0.001000
21000,2.126435,0.177456,2.128610,0.176700,359.9,0.001000
21100,2.006721,0.260276,2.008349,0.256800,361.6,0.001000
21200,2.099560,0.225616,2.103450,0.222128,363.3,0.001000
21300,2.044607,0.261064,2.045584,0.258064,365.0,0.001000
21400,1.978595,0.280860,1.980047,0.281300,366.7,0.001000
21500,2.039212,0.250320,2.040788,0.249876,368.4,0.001000
21600,2.037771,0.215972,2.039514,0.212584,370.1,0.001000
21700,1.923980,0.326440,1.924581,0.326424,371.8,0.001000
21800,2.002033,0.275316,2.004546,0.271532,373.5,0.001000
21900,2.330820,0.159824,2.332374,0.158828,375.2,0.001000
22000,2.049013,0.232860,2.051514,0.229716,376.9,0.001000
22100,2.040258,0.243952,2.040050,0.242796,378.6,0.001000
22200,2.135571,0.196104,2.136532,0.196224,380.3,0.001000
22300,2.200110,0.200404,2.200076,0.200448,382.0,0.001000
22400,2.052665,0.220152,2.054497,0.218884,383.8,0.001000
22500,2.185717,0.191440,2.186833,0.190248,385.5,0.001000
22600,2.239919,0.168512,2.240902,0.168976,387.2,0.001000
22700,2.010372,0.287028,2.011129,0.286160,388.8,0.001000
22800,2.000760,0.280588,2.002688,0.277244,390.5,0.001000
22900,2.616334,0.117676,2.618134,0.116664,392.2,0.001000
23000,2.153625,0.210864,2.155753,0.208460,393.9,0.001000
23100,2.144753,0.214332,2.144829,0.212436,395.6,0.001000
23200,2.062864,0.228708,2.064167,0.227592,397.4,0.001000
23300,2.084942,0.201556,2.085456,0.201764,399.1,0.001000
23400,2.005625,0.257336,2.007657,0.255660,400.8,0.001000
23500,2.039349,0.265244,2.040816,0.263080,402.5,0.001000
23600,2.075956,0.222272,2.076414,0.221032,404.2,0.001000
23700,2.010707,0.224936,2.010884,0.223960,405.9,0.001000
23800,2.072021,0.225328,2.072721,0.224684,407.7,0.001000
23900,2.122267,0.226192,2.122324,0.224212,409.4,0.001000
24000,2.013891,0.252972,2.013929,0.252676,411.0,0.001000
24100,2.019119,0.255108,2.020257,0.253284,412.7,0.001000
24200,1.913384,0.326396,1.915247,0.324376,414.4,0.001000
24300,2.117148,0.211436,2.118587,0.210704,416.2,0.001000
24400,1.936167,0.287384,1.937962,0.286480,417.9,0.001000
24500,1.940498,0.314592,1.942370,0.312192,419.5,0.001000
24600,2.133899,0.214640,2.135260,0.213828,421.3,0.001000
24700,1.976251,0.266216,1.977501,0.265256,423.0,0.001000
24800,2.025112,0.258920,2.027174,0.257204,424.7,0.001000
24900,1.992792,0.273524,1.994765,0.268572,426.5,0.001000
25000,2.007685,0.253000,2.009235,0.251580,428.2,0.001000
25100,2.137122,0.196796,2.137617,0.193624,429.9,0.001000
25200,2.127218,0.186916,2.128724,0.184556,431.6,0.001000
25300,1.977298,0.266664,1.978731,0.264328,433.3,0.001000
25400,1.916211,0.300608,1.917217,0.299968,435.0,0.001000
25500,2.229183,0.181472,2.231800,0.179328,436.7,0.001000
25600,1.933466,0.307644,1.935465,0.305792,438.4,0.001000
25700,1.966831,0.272696,1.968146,0.272548,440.2,0.001000
25800,1.998898,0.252968,2.000423,0.250956,441.9,0.001000
25900,2.029314,0.231952,2.030209,0.229788,443.6,0.001000
26000,1.986936,0.275464,1.988364,0.272520,445.2,0.001000
26100,1.914356,0.297304,1.916352,0.292604,446.9,0.001000
26200,1.990656,0.253460,1.990932,0.251576,448.6,0.001000
26300,2.391097,0.126028,2.387523,0.124784,450.3,0.001000
26400,2.073016,0.234748,2.076133,0.232476,452.0,0.001000
26500,1.951715,0.277396,1.953700,0.274244,453.7,0.001000
26600,2.196661,0.161776,2.197572,0.159428,455.4,0.001000
26700,1.870741,0.344004,1.872323,0.342168,457.1,0.001000
26800,1.968681,0.256720,1.970229,0.254708,458.8,0.001000
26900,1.977368,0.243100,1.979345,0.238948,460.5,0.001000
27000,2.009164,0.223532,2.010261,0.224308,462.2,0.001000
27100,2.053621,0.248684,2.055065,0.245996,463.9,0.001000
27200,2.219927,0.154328,2.218490,0.155164,465.7,0.001000
27300,1.958965,0.264980,1.960858,0.262448,467.4,0.001000
27400,2.073107,0.217120,2.074881,0.215328,469.0,0.001000
27500,2.058995,0.237896,2.060588,0.236992,470.7,0.001000
27600,2.167566,0.176736,2.167955,0.175168,472.4,0.001000
27700,2.010001,0.250796,2.012793,0.247916,474.1,0.001000
27800,2.080865,0.199044,2.082728,0.198468,475.8,0.001000
27900,2.117391,0.215684,2.117743,0.214668,477.5,0.001000
28000,2.075778,0.201912,2.074286,0.201836,479.2,0.001000
28100,2.019873,0.252560,2.020221,0.252104,480.9,0.001000
28200,2.142016,0.204872,2.146080,0.203308,482.6,0.001000
28300,1.968119,0.284700,1.970472,0.281172,484.3,0.001000
28400,2.188984,0.189424,2.189853,0.187468,486.0,0.001000
28500,2.077711,0.229680,2.079423,0.226016,487.8,0.001000
28600,1.961588,0.262804,1.960841,0.263264,489.5,0.001000
28700,2.220253,0.162092,2.224374,0.159512,491.2,0.001000
28800,2.042022,0.235356,2.042085,0.235872,493.0,0.001000
28900,2.010709,0.235984,2.013455,0.232864,494.7,0.001000
29000,2.010385,0.254568,2.010791,0.253324,496.4,0.001000
29100,2.133981,0.211540,2.134515,0.210980,498.1,0.001000
29200,1.990949,0.261020,1.993092,0.258276,499.8,0.001000
29300,2.211973,0.194492,2.215707,0.192768,501.5,0.001000
29400,1.928099,0.280520,1.928902,0.280916,503.2,0.001000
29500,1.913815,0.329700,1.916735,0.327056,504.9,0.001000
29600,2.189559,0.194836,2.194665,0.193732,506.6,0.001000
29700,2.064781,0.222544,2.063519,0.222540,508.4,0.001000
29800,1.959496,0.280400,1.961088,0.277008,510.1,0.001000
29900,1.957155,0.250516,1.957817,0.247424,511.7,0.001000
30000,2.005418,0.231332,2.006889,0.229056,513.4,0.001000
30100,2.089701,0.207960,2.091493,0.206964,515.1,0.001000
30200,1.955030,0.267992,1.956375,0.266892,516.9,0.001000
30300,2.040096,0.223796,2.040642,0.224088,518.6,0.001000
30400,1.934590,0.301388,1.937445,0.295808,520.3,0.001000
30500,1.931041,0.304612,1.932165,0.303112,522.1,0.001000
30600,2.109911,0.185808,2.110275,0.183084,524.0,0.001000
30700,2.024101,0.239928,2.027873,0.236372,525.7,0.001000
30800,2.153576,0.189052,2.156020,0.187352,527.3,0.001000
30900,2.048182,0.220444,2.047451,0.221864,529.0,0.001000
31000,2.020577,0.226160,2.022000,0.225512,530.7,0.001000
31100,2.063484,0.206712,2.062587,0.208204,532.4,0.001000
31200,2.044912,0.200720,2.043588,0.200020,534.1,0.001000
31300,2.228346,0.187812,2.227570,0.188084,535.8,0.001000
31400,1.988010,0.234772,1.989447,0.234552,537.4,0.001000
31500,2.029134,0.232368,2.031641,0.230356,539.1,0.001000
31600,2.448643,0.171348,2.455714,0.169000,541.0,0.001000
31700,1.954589,0.275284,1.956935,0.272372,542.7,0.001000
31800,2.160961,0.192428,2.161170,0.190916,544.4,0.001000
31900,1.901300,0.328160,1.902928,0.325628,546.1,0.001000
32000,2.486451,0.164372,2.488386,0.164120,548.0,0.001000
32100,2.029756,0.271996,2.032739,0.269344,549.7,0.001000
32200,1.966705,0.288696,1.967303,0.286776,551.4,0.001000
32300,2.031826,0.229312,2.033542,0.228180,553.2,0.001000
32400,1.935361,0.301224,1.935195,0.301244,554.9,0.001000
32500,2.011680,0.236088,2.012070,0.235800,557.0,0.001000
32600,2.027299,0.276328,2.028538,0.273952,558.7,0.001000
32700,1.954991,0.282752,1.955794,0.280620,560.5,0.001000
32800,2.084081,0.216360,2.086498,0.215832,562.4,0.001000
32900,1.866282,0.367612,1.867350,0.366480,564.1,0.001000
33000,1.988694,0.268936,1.989232,0.268868,565.8,0.001000
33100,1.923666,0.290588,1.925222,0.287532,567.5,0.001000
33200,2.243572,0.171740,2.243633,0.171948,569.3,0.001000
33300,2.152535,0.202476,2.154911,0.200132,571.3,0.001000
33400,2.039700,0.237960,2.041449,0.235888,573.2,0.001000
33500,1.999228,0.271372,2.000548,0.269920,574.8,0.001000
33600,2.000446,0.244544,2.000415,0.243988,576.6,0.001000
33700,1.946815,0.265608,1.948434,0.264632,578.2,0.001000
33800,2.089732,0.216308,2.090065,0.214700,579.9,0.001000
33900,1.963779,0.263632,1.964777,0.262468,581.6,0.001000
34000,1.890132,0.317752,1.891339,0.315696,583.3,0.001000
34100,2.024263,0.239304,2.025841,0.237564,585.2,0.001000
34200,1.912766,0.307944,1.913779,0.306572,587.3,0.001000
34300,2.072493,0.216700,2.073162,0.215436,589.2,0.001000
34400,2.205215,0.200900,2.205134,0.198828,590.9,0.001000
34500,1.909536,0.325696,1.911749,0.323488,592.8,0.001000
34600,2.063970,0.243080,2.063492,0.243148,594.6,0.001000
34700,2.080953,0.202612,2.082159,0.200784,596.4,0.001000
34800,1.993705,0.262256,1.994242,0.261160,598.1,0.001000
34900,1.938823,0.280736,1.940742,0.278800,599.9,0.001000
35000,2.029886,0.245548,2.032429,0.242912,601.8,0.001000
35100,2.074751,0.209148,2.077229,0.209792,603.6,0.001000
35200,2.113366,0.231600,2.115558,0.229868,605.3,0.001000
35300,1.890139,0.338372,1.891587,0.335180,607.0,0.001000
35400,1.951325,0.263196,1.952981,0.260832,608.8,0.001000
35500,2.132795,0.208376,2.131897,0.208644,610.6,0.001000
35600,2.108557,0.194400,2.109088,0.193240,612.4,0.001000
35700,2.074178,0.227160,2.074445,0.224204,614.1,0.001000
35800,1.987325,0.272940,1.988814,0.271220,615.8,0.001000
35900,1.958295,0.250628,1.959245,0.247836,617.5,0.001000
36000,1.940602,0.280832,1.941441,0.279780,619.2,0.001000
36100,1.954366,0.262224,1.955485,0.262104,621.0,0.001000
36200,1.995186,0.242144,1.997189,0.238624,622.8,0.001000
36300,1.913347,0.291388,1.913446,0.290024,624.6,0.001000
36400,1.965144,0.262232,1.966544,0.259668,626.3,0.001000
36500,2.098423,0.169196,2.099701,0.167408,628.0,0.001000
36600,1.968836,0.254516,1.968585,0.254348,629.7,0.001000
36700,2.025772,0.228808,2.025432,0.228012,631.4,0.001000
36800,2.249007,0.173240,2.253635,0.172132,642.5,0.001000
36900,1.933439,0.271328,1.934330,0.270252,644.9,0.001000
37000,2.004080,0.260212,2.003951,0.258612,646.7,0.001000
37100,1.994313,0.250248,1.995372,0.250276,648.4,0.001000
37200,2.035779,0.237728,2.035416,0.237252,650.0,0.001000
37300,1.898538,0.335212,1.899176,0.334392,651.6,0.001000
37400,1.967277,0.271168,1.969060,0.270528,653.2,0.001000
37500,2.386487,0.157176,2.393811,0.155048,655.0,0.001000
37600,1.983782,0.283660,1.987368,0.281308,656.7,0.001000
37700,2.033675,0.227008,2.033802,0.226552,18137.2,0.001000
37800,2.000537,0.234556,2.001985,0.233292,18140.4,0.001000
37900,2.006755,0.206288,2.008262,0.203164,18142.2,0.001000
38000,2.206052,0.164420,2.206776,0.162640,18143.9,0.001000
38100,1.941181,0.271388,1.940120,0.271244,18145.7,0.001000
38200,1.979667,0.254496,1.980716,0.252300,18147.4,0.001000
38300,1.953672,0.270024,1.953794,0.268128,18149.2,0.001000
38400,1.941425,0.269180,1.943209,0.265696,18150.9,0.001000
38500,1.912942,0.286752,1.914073,0.285604,18152.5,0.001000
38600,1.854530,0.361672,1.855364,0.363076,18154.2,0.001000
38700,2.081495,0.205360,2.082923,0.204792,18155.9,0.001000
38800,2.003851,0.244012,2.004334,0.241700,18157.8,0.001000
38900,2.148145,0.224104,2.149970,0.223744,18159.9,0.001000
39000,2.099685,0.213204,2.100850,0.212764,18161.7,0.001000
39100,2.139858,0.205780,2.140265,0.201988,18163.5,0.001000
39200,2.131265,0.186248,2.136075,0.182380,18165.3,0.001000
39300,2.049289,0.247480,2.051582,0.243676,18167.2,0.001000
39400,1.948772,0.287560,1.949640,0.286964,18168.9,0.001000
39500,1.891281,0.301740,1.891495,0.301140,18170.7,0.001000
39600,1.915678,0.321360,1.915141,0.321872,18172.4,0.001000
39700,1.969536,0.257692,1.971215,0.254876,18174.1,0.001000
39800,2.030707,0.234088,2.032005,0.230200,18175.8,0.001000
39900,1.944749,0.295188,1.946663,0.293408,18177.6,0.001000
40000,1.913750,0.321576,1.914901,0.319756,18179.2,0.001000
40100,2.134830,0.186816,2.133081,0.185448,18180.9,0.001000
40200,2.056266,0.242952,2.057757,0.242440,18182.6,0.001000
40300,1.985165,0.244216,1.985958,0.243128,18184.3,0.001000
40400,2.248127,0.159616,2.247867,0.160012,18186.0,0.001000
40500,2.051829,0.229364,2.051652,0.228772,18187.6,0.001000
40600,1.948133,0.290220,1.949340,0.287904,18189.3,0.001000
40700,2.261849,0.148660,2.262901,0.148796,18191.0,0.001000
40800,1.924025,0.278196,1.924649,0.276716,18192.7,0.001000
40900,2.119180,0.208148,2.119145,0.206936,18194.4,0.001000
41000,1.950937,0.281732,1.952663,0.279360,18196.2,0.001000
41100,2.141964,0.217760,2.144288,0.214804,18198.4,0.001000
41200,1.990333,0.249440,1.992704,0.246384,18200.1,0.001000
41300,2.040406,0.204760,2.041770,0.203108,18201.7,0.001000
41400,2.099070,0.224404,2.098791,0.224152,18203.3,0.001000
41500,2.135899,0.192836,2.135028,0.192148,18205.0,0.001000
41600,2.116734,0.175432,2.118114,0.174300,18206.6,0.001000
41700,2.047851,0.227952,2.048514,0.226452,18208.3,0.001000
41800,2.060903,0.234700,2.060646,0.233200,18210.0,0.001000
41900,1.964571,0.264660,1.965582,0.262244,18211.7,0.001000
42000,1.915503,0.294040,1.916729,0.291604,18213.3,0.001000
42100,1.911572,0.280112,1.912607,0.279132,18214.9,0.001000
42200,1.921472,0.290444,1.922732,0.288216,18216.6,0.001000
42300,2.080680,0.222844,2.080524,0.222832,18218.3,0.001000
42400,1.962948,0.275236,1.963700,0.276848,18219.9,0.001000
42500,1.991219,0.241252,1.992560,0.238640,18221.6,0.001000
42600,2.136848,0.217388,2.137100,0.215432,18223.3,0.001000
42700,2.084609,0.205220,2.085662,0.203280,18225.0,0.001000
42800,2.035363,0.211552,2.036190,0.211444,18226.8,0.001000
42900,2.022868,0.221360,2.024340,0.219836,18228.5,0.001000
43000,2.018324,0.246308,2.019076,0.246672,18230.1,0.001000
43100,2.058421,0.217760,2.058338,0.215472,18231.7,0.001000
43200,2.120778,0.225520,2.121811,0.224996,18233.4,0.001000
43300,2.025033,0.251616,2.022813,0.252612,18235.0,0.001000
43400,2.073557,0.214880,2.074112,0.214068,18236.6,0.001000
43500,1.942634,0.279884,1.943394,0.278728,18238.2,0.001000
43600,1.932234,0.262868,1.933161,0.261828,18239.8,0.001000
43700,2.240597,0.161132,2.242699,0.160408,18241.4,0.001000
43800,1.950512,0.262688,1.951218,0.261520,18243.1,0.001000
43900,1.993821,0.242508,1.994593,0.242228,18244.8,0.001000
44000,2.083736,0.236800,2.086324,0.236380,18246.6,0.001000
44100,1.899934,0.301916,1.900970,0.300992,18248.3,0.001000
44200,2.034301,0.214616,2.035672,0.213252,18249.9,0.001000
44300,2.131530,0.217612,2.131455,0.215232,18251.5,0.001000
44400,1.939439,0.292656,1.941621,0.291128,18253.2,0.001000
44500,1.939372,0.284492,1.939842,0.281684,18254.9,0.001000
44600,2.153661,0.179184,2.153801,0.179652,18256.6,0.001000
44700,1.938684,0.294996,1.941260,0.292780,18258.3,0.001000
44800,2.074347,0.210364,2.074464,0.208728,18260.0,0.001000
44900,2.001700,0.255836,2.002337,0.256732,18261.7,0.001000
45000,2.027223,0.267620,2.029282,0.264860,18263.3,0.001000
45100,2.012095,0.255748,2.013541,0.256100,18264.9,0.001000
45200,1.958238,0.264308,1.958803,0.263884,18266.6,0.001000
45300,1.998212,0.252652,1.998876,0.249240,18268.2,0.001000
45400,2.067187,0.219336,2.069486,0.219184,18269.8,0.001000
45500,2.027855,0.247560,2.027968,0.246968,18271.5,0.001000
45600,1.992659,0.264504,1.994016,0.262688,18273.1,0.001000
45700,1.974293,0.240752,1.974574,0.239268,18274.7,0.001000
45800,1.974645,0.244004,1.977151,0.243412,18276.4,0.001000
45900,1.888857,0.301536,1.890200,0.297896,18278.0,0.001000
46000,1.968976,0.242580,1.969405,0.239884,18279.7,0.001000
46100,2.045559,0.221760,2.044999,0.221016,18281.3,0.001000
46200,2.095509,0.205548,2.096529,0.204512,18282.9,0.001000
46300,2.118497,0.212540,2.118917,0.212000,18284.6,0.001000
46400,2.036294,0.204608,2.037884,0.204428,18286.2,0.001000
46500,2.051832,0.216992,2.051435,0.215832,18287.9,0.001000
46600,1.921970,0.307628,1.922570,0.305212,18289.5,0.001000
46700,1.993601,0.230736,1.994270,0.228632,18291.1,0.001000
46800,1.998162,0.265156,1.998113,0.263404,18292.8,0.001000
46900,1.958746,0.270196,1.960000,0.269184,18294.4,0.001000
47000,1.998987,0.266440,1.999126,0.264892,18296.0,0.001000
47100,1.952647,0.274696,1.953112,0.272780,18297.7,0.001000
47200,1.906345,0.294680,1.907325,0.292588,18299.3,0.001000
47300,2.067485,0.216348,2.068620,0.214796,18300.9,0.001000
47400,1.942101,0.279836,1.943800,0.277996,18302.6,0.001000
47500,2.032126,0.205668,2.032896,0.203188,18304.2,0.001000
47600,2.099136,0.206348,2.103771,0.203872,18305.8,0.001000
47700,1.946547,0.257792,1.949584,0.253396,18307.5,0.001000
47800,1.975665,0.269232,1.977950,0.266112,18309.1,0.001000
47900,1.981064,0.247248,1.982047,0.247168,18310.7,0.001000
48000,1.949236,0.284860,1.948284,0.286544,18312.4,0.001000
48100,2.037514,0.232164,2.038526,0.230868,18314.0,0.001000
48200,2.022569,0.240728,2.024073,0.239352,18315.7,0.001000
48300,2.027053,0.228056,2.028546,0.226860,18317.3,0.001000
48400,1.996160,0.224468,1.996350,0.224512,18319.0,0.001000
48500,2.048973,0.261328,2.051724,0.257072,18320.6,0.001000
48600,1.905804,0.300512,1.906410,0.300180,18322.3,0.001000
48700,1.924161,0.298984,1.925306,0.298992,18323.9,0.001000
48800,2.107316,0.196688,2.110137,0.195328,18325.5,0.001000
48900,2.188688,0.196984,2.190954,0.195472,18327.2,0.001000
49000,2.003756,0.238756,2.002690,0.238272,18328.8,0.001000
49100,1.989367,0.254640,1.990126,0.253328,18330.4,0.001000
49200,2.001255,0.257844,2.001916,0.256892,18332.1,0.001000
49300,1.972416,0.275884,1.974362,0.272228,18333.8,0.001000
49400,2.165643,0.211424,2.168490,0.209220,18335.5,0.001000
49500,1.885564,0.347508,1.887396,0.343224,18337.1,0.001000
49600,1.919148,0.293916,1.920936,0.292392,18338.7,0.001000
49700,2.081248,0.225712,2.081107,0.223944,18340.4,0.001000
49800,2.128592,0.207340,2.130439,0.206072,18342.0,0.001000
49900,1.904014,0.309596,1.905750,0.307588,18343.6,0.001000
50000,1.949550,0.251364,1.950253,0.249708,18345.3,0.001000
50100,2.495456,0.136800,2.491208,0.136016,18346.9,0.001000
50200,2.366604,0.157164,2.366758,0.156876,18348.5,0.001000
50300,1.953349,0.290084,1.954899,0.289996,18350.2,0.001000
50400,2.015781,0.255348,2.017420,0.251420,18351.8,0.001000
50500,1.912049,0.304688,1.911591,0.305208,18353.5,0.001000
50600,1.963355,0.270860,1.964946,0.271004,18355.2,0.001000
50700,2.039878,0.210448,2.040938,0.208540,18356.8,0.001000
50800,1.909294,0.279596,1.910306,0.278176,18358.4,0.001000
50900,2.078013,0.220188,2.078150,0.221292,18360.1,0.001000
51000,2.028936,0.214840,2.031713,0.214196,18361.7,0.001000
51100,2.218218,0.212188,2.218941,0.210472,18363.4,0.001000
51200,1.981711,0.235580,1.982955,0.235292,18365.0,0.001000
51300,1.872055,0.307616,1.872333,0.307716,18366.6,0.001000
51400,1.973788,0.276172,1.974483,0.274328,18368.3,0.001000
51500,1.899382,0.305244,1.900366,0.302996,18369.9,0.001000
51600,2.007436,0.227988,2.008887,0.226200,18371.6,0.001000
51700,2.250074,0.153172,2.248976,0.154048,18373.2,0.001000
51800,1.966153,0.272748,1.965493,0.274476,18374.9,0.001000
51900,1.984998,0.264808,1.986356,0.261776,18376.5,0.001000
52000,1.972100,0.298016,1.973946,0.295848,18378.2,0.001000
52100,1.917807,0.311896,1.918264,0.312560,18379.8,0.001000
52200,1.903353,0.323908,1.905806,0.319860,18381.5,0.001000
52300,2.068870,0.220428,2.071784,0.218628,18383.1,0.001000
52400,2.007561,0.223652,2.007860,0.221408,18384.8,0.001000
52500,1.931008,0.288996,1.932395,0.285788,18386.4,0.001000
52600,2.087905,0.231564,2.087760,0.228312,18388.1,0.001000
52700,1.964187,0.260028,1.965760,0.259116,18389.7,0.001000
52800,1.943168,0.274988,1.944907,0.272524,18391.4,0.001000
52900,1.973465,0.263092,1.974064,0.260808,18393.0,0.001000
53000,1.976164,0.262260,1.977808,0.260552,18394.7,0.001000
53100,1.915941,0.304012,1.918197,0.303408,18396.3,0.001000
53200,2.010606,0.243248,2.009819,0.242784,18398.0,0.001000
53300,1.917225,0.321536,1.917753,0.321160,18399.6,0.001000
53400,2.021634,0.254712,2.022286,0.254848,18401.3,0.001000
53500,2.095559,0.223216,2.095658,0.223116,18402.9,0.001000
53600,1.980404,0.249424,1.981000,0.246760,18404.6,0.001000
53700,2.020046,0.225272,2.021557,0.223884,18406.2,0.001000
53800,2.111493,0.195312,2.112119,0.193824,18407.9,0.001000
53900,2.035404,0.246232,2.036497,0.244692,18409.5,0.001000
54000,1.920913,0.289860,1.920999,0.289336,18411.2,0.001000
54100,2.009526,0.235180,2.008997,0.236372,18412.9,0.001000
54200,2.101603,0.182628,2.102449,0.181068,18414.6,0.001000
54300,2.011913,0.243796,2.012252,0.241644,18416.2,0.001000
54400,1.937964,0.282048,1.940197,0.278564,18417.9,0.001000
54500,2.112823,0.219000,2.113185,0.218472,18419.5,0.001000
54600,2.038828,0.244096,2.039524,0.241808,18421.2,0.001000
54700,2.029031,0.238848,2.029158,0.236548,18422.8,0.001000
54800,1.973933,0.292476,1.973807,0.292028,18424.4,0.001000
54900,2.042442,0.208132,2.042788,0.209064,18426.1,0.001000
55000,1.858288,0.354660,1.860099,0.350384,18427.7,0.001000
55100,1.970839,0.269504,1.971690,0.267076,18429.4,0.001000
55200,1.993813,0.258592,1.993644,0.257244,18431.0,0.001000
55300,2.044836,0.260508,2.046974,0.257016,18432.7,0.001000
55400,1.926973,0.295048,1.929910,0.291244,18434.4,0.001000
55500,2.112706,0.227048,2.116104,0.225432,18436.1,0.001000
55600,2.393707,0.143832,2.397481,0.144132,18437.7,0.001000
55700,2.159913,0.203228,2.161094,0.200748,18439.4,0.001000
55800,1.895258,0.318968,1.895558,0.317868,18441.0,0.001000
55900,2.098856,0.199180,2.099484,0.198212,18442.6,0.001000
56000,2.108226,0.190204,2.109414,0.189020,18444.3,0.001000
56100,1.933901,0.303964,1.935496,0.299792,18445.9,0.001000
56200,2.096785,0.254684,2.095645,0.252180,18447.6,0.001000
56300,2.004507,0.231560,2.006310,0.228972,18449.2,0.001000
56400,1.928604,0.292664,1.930925,0.288196,18450.8,0.001000
56500,1.972995,0.238248,1.974050,0.238448,18452.5,0.001000
56600,2.058201,0.244592,2.058711,0.243120,18454.2,0.001000
56700,1.887981,0.321704,1.888989,0.320908,18455.9,0.001000
56800,1.924860,0.294920,1.925178,0.292720,18457.7,0.001000
56900,1.913099,0.317792,1.914714,0.314596,18459.4,0.001000
57000,2.188016,0.175668,2.188658,0.175212,18461.2,0.001000
57100,2.055426,0.210848,2.057792,0.209800,18463.1,0.001000
57200,1.960992,0.255820,1.962030,0.255156,18465.3,0.001000
57300,1.946620,0.274844,1.947919,0.274076,18467.0,0.001000
57400,2.145456,0.200056,2.147671,0.199948,18468.7,0.001000
57500,2.002764,0.253560,2.004400,0.250592,18470.5,0.001000
57600,1.920273,0.311336,1.920915,0.311788,18472.2,0.001000
57700,1.939123,0.289192,1.939027,0.289312,18474.1,0.001000
57800,2.001877,0.243256,2.001652,0.244508,18475.8,0.001000
57900,1.917879,0.289652,1.918487,0.287988,18477.5,0.001000
58000,2.049790,0.201132,2.050960,0.199532,18479.2,0.001000
58100,1.966665,0.253024,1.967144,0.251872,18481.0,0.001000
58200,1.894378,0.314376,1.894921,0.314260,18482.7,0.001000
58300,2.673183,0.086140,2.673872,0.084076,18484.4,0.001000
58400,1.877455,0.337592,1.879160,0.334844,18486.1,0.001000
58500,1.999104,0.245788,2.001401,0.243016,18487.8,0.001000
58600,1.922002,0.278260,1.922660,0.276476,18489.5,0.001000
58700,1.995806,0.235956,1.997156,0.235112,18491.2,0.001000
58800,1.930049,0.289384,1.930411,0.287196,18493.0,0.001000
58900,1.957047,0.278832,1.956495,0.278860,18494.6,0.001000
59000,1.979197,0.271668,1.982145,0.270896,18496.4,0.001000
59100,2.041216,0.204432,2.042047,0.204048,18498.2,0.001000
59200,2.012387,0.218116,2.013857,0.215396,18500.0,0.001000
59300,1.978870,0.251168,1.980853,0.248040,18501.7,0.001000
59400,1.942225,0.293128,1.944521,0.291052,18503.4,0.001000
59500,2.079315,0.210296,2.079396,0.208896,18505.1,0.001000
59600,2.113239,0.206396,2.112875,0.204108,18506.8,0.001000
59700,2.100807,0.194160,2.102825,0.193756,18508.5,0.001000
59800,1.916529,0.316052,1.918663,0.313828,18510.2,0.001000
59900,2.051354,0.243376,2.052271,0.241332,18511.9,0.001000
60000,2.093850,0.189756,2.094488,0.190672,18513.6,0.001000
60100,1.951110,0.274696,1.951853,0.273048,18515.3,0.001000
60200,2.088149,0.239504,2.087999,0.240120,18517.0,0.001000
60300,2.240641,0.169932,2.242142,0.169624,18518.6,0.001000
60400,2.018458,0.228724,2.019096,0.227776,18520.3,0.001000
60500,2.172872,0.158172,2.173469,0.156800,18521.9,0.001000
60600,1.950116,0.280096,1.951103,0.278536,18523.7,0.001000
60700,1.996179,0.288976,1.995060,0.288012,18525.4,0.001000
60800,1.946930,0.269660,1.947516,0.267912,18527.1,0.001000
60900,2.102083,0.203188,2.102626,0.203960,18528.8,0.001000
61000,2.032698,0.221452,2.033648,0.219404,18530.4,0.001000
61100,1.948309,0.287712,1.950159,0.285176,18532.1,0.001000
61200,1.943925,0.286052,1.944067,0.284320,18533.8,0.001000
61300,2.169485,0.178808,2.168899,0.179572,18535.5,0.001000
61400,1.989453,0.256048,1.991096,0.255292,18537.2,0.001000
61500,1.991126,0.263220,1.992863,0.259160,18538.9,0.001000
61600,1.975208,0.273916,1.977534,0.271420,18540.6,0.001000
61700,1.948446,0.276376,1.950074,0.275728,18542.3,0.001000
61800,1.975872,0.270788,1.975717,0.268636,18544.0,0.001000
61900,1.961661,0.254976,1.961913,0.252240,18546.1,0.001000
62000,2.032928,0.224128,2.035579,0.221508,18547.9,0.001000
62100,2.075427,0.232160,2.075336,0.231560,18549.6,0.001000
62200,1.929372,0.289788,1.929026,0.288896,18551.3,0.001000
62300,2.331783,0.210096,2.331558,0.208784,18553.1,0.001000
62400,1.970758,0.259324,1.973727,0.256456,18554.8,0.001000
62500,2.016020,0.234168,2.016606,0.233196,18556.6,0.001000
62600,1.937292,0.297700,1.937761,0.297772,18558.3,0.001000
62700,2.087865,0.222752,2.088750,0.221752,18560.1,0.001000
62800,2.054334,0.218532,2.055926,0.216684,18561.8,0.001000
62900,2.100887,0.217696,2.100796,0.217280,18563.6,0.001000
63000,2.137206,0.196048,2.142700,0.191152,18565.3,0.001000
63100,2.213754,0.202624,2.214801,0.202088,18567.0,0.001000
63200,2.083621,0.209628,2.084535,0.209152,18568.7,0.001000
63300,1.946096,0.290880,1.946320,0.289324,18570.4,0.001000
63400,2.089891,0.237000,2.090638,0.234308,18572.2,0.001000
63500,2.066908,0.227224,2.067555,0.226056,18573.8,0.001000
63600,1.971738,0.265156,1.972589,0.263196,18575.6,0.001000
63700,2.126844,0.174832,2.127573,0.174268,18577.3,0.001000
63800,1.945590,0.281516,1.945457,0.279712,18579.0,0.001000
63900,1.913692,0.310800,1.913878,0.311072,18580.7,0.001000
64000,1.989974,0.230684,1.990386,0.229228,18582.5,0.001000
64100,1.869790,0.335588,1.870791,0.335796,18584.3,0.001000
64200,2.029403,0.220592,2.030206,0.216860,18586.0,0.001000
64300,1.980699,0.291672,1.980875,0.288300,18587.7,0.001000
64400,1.988170,0.250408,1.987842,0.250260,18589.5,0.001000
64500,1.983908,0.258624,1.985696,0.258232,18591.2,0.001000
64600,1.960984,0.263344,1.960399,0.262852,18592.8,0.001000
64700,2.113978,0.208032,2.115085,0.206428,18594.5,0.001000
64800,2.060832,0.198808,2.061560,0.198336,18596.3,0.001000
64900,1.995875,0.251292,1.995218,0.251500,18598.0,0.001000
65000,1.885429,0.324308,1.885896,0.322420,18599.7,0.001000
65100,2.141536,0.225152,2.143938,0.222252,18601.4,0.001000
65200,2.014722,0.248468,2.018110,0.245676,18603.2,0.001000
65300,2.177628,0.184648,2.179152,0.182688,18604.8,0.001000
65400,1.914233,0.314340,1.914636,0.312312,18606.5,0.001000
65500,2.338892,0.143224,2.340739,0.142784,18608.2,0.001000
65600,1.962642,0.261444,1.961774,0.260580,18609.8,0.001000
65700,2.235150,0.168668,2.236120,0.167236,18611.5,0.001000
65800,2.098551,0.225328,2.098900,0.223068,18613.2,0.001000
65900,1.925067,0.316376,1.926931,0.311348,18614.8,0.001000
66000,2.003473,0.248808,2.004669,0.246416,18616.5,0.001000
66100,2.115798,0.237240,2.118140,0.236424,18618.2,0.001000
66200,1.935465,0.294132,1.937479,0.292296,18619.9,0.001000
66300,2.076069,0.249456,2.078680,0.247760,18621.6,0.001000
66400,2.029225,0.260884,2.028773,0.260036,18623.2,0.001000
66500,2.110082,0.226320,2.111071,0.224444,18624.9,0.001000
66600,1.976473,0.265552,1.976981,0.262812,18626.6,0.001000
66700,1.921610,0.315076,1.921721,0.314448,18628.4,0.001000
66800,2.049689,0.210432,2.049470,0.209040,18630.1,0.001000
66900,1.932568,0.264320,1.933964,0.262400,18631.8,0.001000
67000,2.073986,0.178364,2.074641,0.178956,18633.5,0.001000
67100,1.884619,0.323100,1.884991,0.321540,18635.2,0.001000
67200,2.016578,0.267204,2.017168,0.266928,18637.1,0.001000
67300,2.051232,0.273184,2.052820,0.271064,18638.9,0.001000
67400,2.127434,0.218240,2.127830,0.215816,18640.6,0.001000
67500,1.989450,0.241624,1.990972,0.240716,18642.3,0.001000
67600,2.047458,0.236700,2.048961,0.235104,18644.0,0.001000
67700,1.938627,0.309316,1.941571,0.306744,18645.7,0.001000
67800,2.076172,0.209564,2.078233,0.207852,18647.5,0.001000
67900,1.972947,0.269632,1.974460,0.269832,18649.1,0.001000
68000,2.113540,0.211220,2.115896,0.211228,18650.8,0.001000
68100,1.924896,0.292692,1.926069,0.290324,18652.5,0.001000
68200,1.895907,0.325836,1.896874,0.322204,18654.2,0.001000
68300,2.099721,0.191296,2.098938,0.190588,18655.8,0.001000
68400,1.935603,0.298604,1.936085,0.297480,18657.6,0.001000
68500,2.179299,0.186052,2.182065,0.185132,18659.2,0.001000
68600,2.231157,0.201760,2.231541,0.200844,18660.9,0.001000
68700,1.958964,0.289436,1.960410,0.287928,18662.6,0.001000
68800,1.944086,0.287596,1.945927,0.284944,18664.3,0.001000
68900,1.986021,0.258500,1.985938,0.258404,18666.0,0.001000
69000,2.053624,0.228896,2.054961,0.227720,18667.7,0.001000
69100,2.020899,0.233328,2.022137,0.230892,18669.4,0.001000
69200,1.876516,0.328268,1.877225,0.328052,18671.1,0.001000
69300,1.998738,0.240400,2.000641,0.239544,18672.7,0.001000
69400,2.066533,0.235424,2.067122,0.235604,18674.4,0.001000
69500,1.994663,0.260800,1.996102,0.259684,18676.1,0.001000
69600,2.006678,0.230272,2.007833,0.229172,18677.8,0.001000
69700,2.206460,0.196864,2.204327,0.197312,18679.5,0.001000
69800,2.044706,0.230000,2.044732,0.228872,18681.2,0.001000
69900,2.080654,0.216480,2.083113,0.212660,18682.8,0.001000
70000,2.097043,0.206936,2.098744,0.205064,18684.5,0.001000
70100,2.265520,0.169848,2.269362,0.169200,18686.2,0.001000
70200,1.976350,0.269708,1.975752,0.265508,18687.9,0.001000
70300,2.067171,0.216504,2.068553,0.215716,18689.6,0.001000
70400,1.966382,0.281592,1.969227,0.279656,18691.3,0.001000
70500,1.937147,0.307400,1.937944,0.306304,18693.1,0.001000
70600,1.960053,0.263308,1.960379,0.262752,18694.8,0.001000
70700,2.171241,0.212732,2.171907,0.212348,18696.6,0.001000
70800,1.947241,0.283272,1.948635,0.281232,18698.3,0.001000
70900,1.881038,0.338156,1.882224,0.334984,18700.0,0.001000
71000,1.953277,0.283712,1.953532,0.281236,18701.7,0.001000
71100,1.887164,0.323860,1.888689,0.320844,18703.4,0.001000
71200,1.959546,0.278876,1.959923,0.276412,18705.1,0.001000
71300,2.069068,0.217316,2.070625,0.214660,18706.8,0.001000
71400,2.036991,0.218344,2.036444,0.216000,18708.5,0.001000
71500,1.965126,0.290580,1.965828,0.290888,18710.2,0.001000
71600,2.017174,0.239064,2.019050,0.237124,18711.9,0.001000
71700,2.284041,0.151012,2.283371,0.150020,18713.5,0.001000
71800,1.904362,0.322304,1.905172,0.322276,18715.2,0.001000
71900,2.020991,0.232060,2.020170,0.231648,18716.9,0.001000
72000,2.029402,0.239940,2.029830,0.237884,18718.5,0.001000
72100,1.939206,0.289920,1.940430,0.287888,18720.2,0.001000
72200,2.174671,0.182116,2.176917,0.180732,18721.9,0.001000
72300,2.404939,0.190668,2.407962,0.190844,18723.6,0.001000
72400,1.931147,0.293064,1.931717,0.291284,18725.3,0.001000
72500,2.151376,0.199852,2.151412,0.198936,18726.9,0.001000
72600,1.972422,0.263088,1.973426,0.261364,18728.6,0.001000
72700,2.097471,0.204320,2.098254,0.202104,18730.2,0.001000
72800,2.205588,0.178384,2.205473,0.176892,18731.9,0.001000
72900,2.270276,0.180912,2.270548,0.179172,18733.6,0.001000
73000,2.014369,0.236608,2.014616,0.235520,18735.3,0.001000
73100,1.938640,0.286848,1.938539,0.286564,18737.0,0.001000
73200,1.983981,0.264684,1.986007,0.260248,18738.6,0.001000
73300,2.146087,0.192036,2.147043,0.191692,18740.3,0.001000
73400,1.941114,0.274576,1.944031,0.273376,18742.0,0.001000
73500,2.105614,0.195900,2.102685,0.197548,18743.7,0.001000
73600,2.102635,0.176932,2.105951,0.174096,18745.3,0.001000
73700,2.183265,0.195084,2.180088,0.195044,18747.0,0.001000
73800,2.033877,0.255632,2.036546,0.251492,18748.7,0.001000
73900,1.957609,0.290688,1.958575,0.289592,18750.3,0.001000
74000,1.896075,0.321880,1.896830,0.320372,18752.0,0.001000
74100,2.028309,0.225196,2.030240,0.224292,18753.7,0.001000
74200,2.289030,0.176160,2.289422,0.177356,18755.3,0.001000
74300,2.003045,0.244972,2.003527,0.242676,18756.9,0.001000
74400,1.951186,0.295748,1.952715,0.293884,18758.6,0.001000
74500,2.048384,0.219532,2.048675,0.219904,18760.3,0.001000
74600,2.025026,0.224692,2.025615,0.224428,18762.0,0.001000
74700,2.112610,0.180948,2.114021,0.178420,18763.6,0.001000
74800,2.001749,0.225600,2.003643,0.224664,18765.3,0.001000
74900,2.044943,0.247124,2.044385,0.245816,18766.9,0.001000
75000,2.061586,0.228888,2.061559,0.228600,18768.6,0.001000
75100,2.905495,0.087100,2.908209,0.086320,18770.2,0.001000
75200,2.117902,0.240328,2.122155,0.237396,18771.9,0.001000
75300,1.965638,0.289468,1.966939,0.288736,18773.5,0.001000
75400,1.981722,0.250876,1.983886,0.246748,18775.3,0.001000
75500,2.025914,0.208852,2.024499,0.208272,18777.1,0.001000
75600,2.093906,0.193932,2.092729,0.194044,18778.7,0.001000
75700,2.088127,0.221640,2.089512,0.219780,18780.4,0.001000
75800,1.924501,0.316756,1.925722,0.315012,18782.0,0.001000
75900,1.938463,0.278464,1.939479,0.275148,18783.7,0.001000
76000,1.928456,0.284140,1.929039,0.282160,18785.3,0.001000
76100,2.082516,0.245784,2.084135,0.243672,18787.0,0.001000
76200,2.191062,0.168432,2.192147,0.165720,18788.6,0.001000
76300,2.346369,0.150120,2.346378,0.150340,18790.3,0.001000
76400,2.048801,0.226304,2.050067,0.223912,18792.0,0.001000
76500,2.142118,0.190096,2.143509,0.188356,18793.7,0.001000
76600,1.963530,0.281968,1.964053,0.280164,18795.4,0.001000
76700,1.951656,0.275328,1.953477,0.272540,18797.1,0.001000
76800,2.003343,0.249072,2.003672,0.248724,18798.8,0.001000
76900,2.000097,0.240384,2.001094,0.239660,18800.5,0.001000
77000,2.085728,0.185972,2.086945,0.184224,18802.3,0.001000
77100,1.962022,0.267720,1.962960,0.266340,18803.9,0.001000
77200,2.146166,0.202084,2.147323,0.200880,18805.6,0.001000
77300,2.107902,0.207292,2.109379,0.206604,18807.3,0.001000
77400,2.031552,0.227796,2.034153,0.225836,18809.0,0.001000
77500,1.913826,0.310772,1.914400,0.307336,18810.7,0.001000
77600,2.112415,0.204388,2.115004,0.204820,18812.3,0.001000
77700,2.013931,0.246356,2.013380,0.248096,18814.0,0.001000
77800,1.965422,0.282084,1.967190,0.279356,18815.7,0.001000
77900,1.948597,0.260528,1.948326,0.259496,18817.3,0.001000
78000,1.969453,0.288244,1.970669,0.285276,18819.0,0.001000
78100,2.023904,0.238672,2.027049,0.235232,18820.6,0.001000
78200,1.933787,0.324412,1.935668,0.322560,18822.2,0.001000
78300,2.071565,0.233276,2.072369,0.231636,18823.9,0.001000
78400,2.362301,0.137376,2.363686,0.136756,18825.6,0.001000
78500,2.186630,0.169472,2.186949,0.170712,18827.3,0.001000
78600,2.058346,0.230920,2.061243,0.230108,18829.0,0.001000
78700,2.000301,0.257024,2.002253,0.256168,18830.7,0.001000
78800,2.002103,0.273900,2.001807,0.272528,18832.4,0.001000
78900,2.118988,0.199356,2.120540,0.199380,18834.1,0.001000
79000,2.002793,0.271264,2.006733,0.268468,18835.8,0.001000
79100,2.059736,0.232480,2.062141,0.230288,18837.6,0.001000
79200,1.936371,0.270080,1.936244,0.271280,18839.4,0.001000
79300,2.053561,0.229472,2.053901,0.228980,18841.1,0.001000
79400,2.023088,0.250104,2.024410,0.247596,18842.7,0.001000
79500,2.007858,0.258268,2.009322,0.256172,18844.4,0.001000
79600,1.909298,0.302508,1.910257,0.301940,18846.1,0.001000
79700,1.919811,0.281508,1.920102,0.279464,18847.8,0.001000
79800,2.255868,0.191756,2.257373,0.190808,18849.5,0.001000
79900,2.029394,0.246468,2.029639,0.244116,18851.2,0.001000
80000,1.966281,0.257520,1.967555,0.256320,18852.9,0.001000
80100,2.303540,0.170532,2.301009,0.170456,18854.6,0.001000
80200,2.139411,0.211196,2.141167,0.210756,18856.3,0.001000
80300,1.928220,0.321844,1.930134,0.317416,18858.0,0.001000
80400,2.168553,0.165944,2.170412,0.163620,18859.6,0.001000
80500,2.021203,0.245812,2.021983,0.244272,18861.3,0.001000
80600,1.974581,0.248808,1.975531,0.244964,18863.0,0.001000
80700,1.976501,0.275912,1.977945,0.274516,18864.7,0.001000
80800,2.011891,0.237216,2.014122,0.235372,18866.4,0.001000
80900,2.111438,0.187404,2.110911,0.188556,18868.1,0.001000
81000,1.983279,0.256884,1.983213,0.254484,18869.7,0.001000
81100,1.926224,0.292844,1.927677,0.291712,18871.4,0.001000
81200,2.131039,0.199052,2.130069,0.197420,18873.1,0.001000
81300,1.931924,0.304720,1.931787,0.304208,18874.7,0.001000
81400,2.071609,0.210244,2.073332,0.208772,18876.4,0.001000
81500,1.969603,0.266084,1.969400,0.265072,18878.1,0.001000
81600,2.055110,0.250328,2.055107,0.248924,18879.7,0.001000
81700,2.101784,0.229676,2.103529,0.228340,18881.4,0.001000
81800,2.053750,0.209504,2.053942,0.209596,18883.1,0.001000
81900,2.253677,0.238060,2.255260,0.239112,18884.8,0.001000
82000,2.081367,0.216860,2.082713,0.214016,18886.5,0.001000
82100,1.992046,0.270464,1.991813,0.268624,18888.1,0.001000
82200,1.903698,0.318572,1.904102,0.316032,18889.9,0.001000
82300,2.083368,0.215020,2.084982,0.215280,18891.6,0.001000
82400,2.155567,0.180436,2.154382,0.182564,18893.3,0.001000
82500,2.015100,0.235396,2.016744,0.234852,18895.0,0.001000
82600,1.971354,0.256304,1.972590,0.255084,18896.7,0.001000
82700,2.052191,0.231704,2.053005,0.231824,18898.5,0.001000
82800,2.529130,0.155204,2.527453,0.154480,18900.2,0.001000
82900,1.904517,0.308616,1.906084,0.306340,18901.9,0.001000
83000,2.023992,0.231960,2.024609,0.229804,18903.6,0.001000
83100,2.083959,0.218492,2.086439,0.217072,18905.2,0.001000
83200,1.882854,0.338328,1.883766,0.336040,18906.9,0.001000
83300,2.103803,0.219096,2.104860,0.218316,18908.6,0.001000
83400,2.009268,0.251572,2.010607,0.249280,18910.3,0.001000
83500,1.920146,0.315884,1.921238,0.314420,18912.0,0.001000
83600,2.082772,0.240952,2.081385,0.241556,18913.7,0.001000
83700,2.044571,0.234400,2.046706,0.231548,18915.4,0.001000
83800,2.076728,0.214332,2.078165,0.211832,18917.2,0.001000
83900,2.066597,0.207056,2.067337,0.207360,18919.0,0.001000
84000,2.101902,0.213568,2.100712,0.214332,18920.7,0.001000
84100,1.917513,0.298448,1.919493,0.294052,18922.4,0.001000
84200,2.182683,0.190008,2.184364,0.189296,18924.2,0.001000
84300,2.023579,0.229816,2.025166,0.227220,18925.9,0.001000
84400,1.954657,0.277968,1.954862,0.277288,18927.6,0.001000
84500,1.990546,0.250024,1.991803,0.246692,18929.4,0.001000
84600,2.126668,0.187232,2.126291,0.184384,18931.2,0.001000
84700,2.203582,0.173300,2.204304,0.171948,18932.9,0.001000
84800,2.069016,0.206800,2.069375,0.205224,18934.6,0.001000
84900,1.927747,0.279460,1.929413,0.277764,18936.3,0.001000
85000,1.900396,0.346768,1.901219,0.344892,18938.0,0.001000
85100,2.153871,0.215244,2.157264,0.212984,18939.7,0.001000
85200,1.893726,0.335892,1.894606,0.332952,18941.5,0.001000
85300,1.941135,0.267616,1.942380,0.264808,18943.1,0.001000
85400,2.174457,0.180900,2.175970,0.179780,18944.8,0.001000
85500,1.981517,0.258248,1.982935,0.255888,18946.6,0.001000
85600,1.930671,0.311508,1.931443,0.308692,18948.3,0.001000
85700,2.004678,0.213600,2.005491,0.212132,18950.2,0.001000
85800,2.215268,0.167172,2.217031,0.165236,18951.9,0.001000
85900,1.899047,0.321512,1.900322,0.318112,18953.6,0.001000
86000,2.027678,0.250980,2.028450,0.251084,18955.4,0.001000
86100,1.969795,0.248576,1.970052,0.246576,18957.1,0.001000
86200,2.086333,0.211032,2.087517,0.208080,18958.8,0.001000
86300,1.974272,0.279392,1.974452,0.276744,18960.5,0.001000
86400,1.842234,0.380576,1.843494,0.377140,18962.3,0.001000
86500,2.087111,0.234892,2.087571,0.233344,18964.0,0.001000
86600,1.980955,0.257936,1.982477,0.256080,18965.7,0.001000
86700,1.959297,0.283324,1.960372,0.281964,18967.4,0.001000
86800,1.954720,0.271416,1.956772,0.269440,18969.1,0.001000
86900,1.921228,0.309212,1.921940,0.305844,18970.8,0.001000
87000,1.903386,0.335464,1.904289,0.332272,18972.5,0.001000
87100,2.070045,0.206340,2.072569,0.204656,18974.2,0.001000
87200,2.055695,0.217516,2.055670,0.216648,18976.0,0.001000
87300,2.032901,0.238152,2.035033,0.235748,18977.7,0.001000
87400,2.098113,0.210740,2.100220,0.209096,18979.4,0.001000
87500,1.921997,0.294024,1.922438,0.291664,18981.2,0.001000
87600,2.063543,0.224528,2.063793,0.223656,18982.8,0.001000
87700,2.018272,0.227032,2.018847,0.227172,18984.5,0.001000
87800,2.135422,0.223100,2.139664,0.220324,18986.3,0.001000
87900,2.183863,0.176144,2.183743,0.175224,18988.0,0.001000
88000,1.958716,0.270748,1.960324,0.267388,18989.7,0.001000
88100,1.978285,0.258800,1.978570,0.258180,18991.5,0.001000
88200,1.964581,0.279840,1.966100,0.279400,18993.2,0.001000
88300,2.021699,0.232252,2.021926,0.231336,18995.0,0.001000
88400,2.092583,0.227280,2.093860,0.226160,18996.7,0.001000
88500,1.943433,0.288540,1.944919,0.286648,18998.4,0.001000
88600,1.936570,0.288708,1.938028,0.287292,19000.2,0.001000
88700,2.007751,0.240848,2.007936,0.240600,19001.9,0.001000
88800,2.087837,0.210740,2.087531,0.211444,19003.7,0.001000
88900,2.283968,0.194248,2.287505,0.193712,19005.4,0.001000
89000,1.938431,0.298344,1.939462,0.296660,19007.1,0.001000
89100,2.262194,0.152188,2.263881,0.149340,19008.8,0.001000
89200,1.971559,0.285396,1.973288,0.282072,19010.5,0.001000
89300,2.136395,0.212272,2.140764,0.208592,19012.2,0.001000
89400,2.067054,0.214652,2.069167,0.212252,19014.0,0.001000
89500,2.043252,0.245612,2.045190,0.244196,19015.7,0.001000
89600,1.925662,0.282624,1.926689,0.281204,19017.4,0.001000
89700,2.055170,0.227824,2.056068,0.225672,19019.1,0.001000
89800,1.878217,0.341932,1.880055,0.338504,19021.0,0.001000
89900,2.084372,0.202104,2.086173,0.200540,19022.7,0.001000
90000,1.979370,0.264856,1.980207,0.264288,19024.4,0.001000
90100,2.128733,0.193112,2.129512,0.191152,19026.2,0.001000
90200,1.951668,0.262412,1.952402,0.261692,19027.9,0.001000
90300,2.208460,0.185144,2.208045,0.185352,19029.6,0.001000
90400,1.929488,0.279756,1.930287,0.277328,19031.4,0.001000
90500,2.208426,0.188756,2.206908,0.188024,19033.1,0.001000
90600,2.005250,0.236008,2.006970,0.234748,19034.8,0.001000
90700,2.384684,0.154544,2.389471,0.151328,19036.4,0.001000
90800,1.916103,0.305104,1.917273,0.302628,19038.2,0.001000
90900,2.024276,0.237748,2.024274,0.238124,19039.9,0.001000
91000,1.941210,0.283628,1.942854,0.278604,19041.6,0.001000
91100,1.959815,0.287392,1.961420,0.284580,19043.2,0.001000
91200,2.322314,0.145676,2.323984,0.143500,19044.9,0.001000
91300,2.042623,0.212268,2.042908,0.211124,19046.8,0.001000
91400,2.011769,0.243956,2.013361,0.244824,19048.6,0.001000
91500,2.159091,0.214892,2.158121,0.213128,19050.3,0.001000
91600,1.912629,0.316824,1.914037,0.314696,19052.1,0.001000
91700,2.012772,0.259300,2.014151,0.258436,19053.8,0.001000
91800,2.045228,0.235188,2.047008,0.233216,19055.4,0.001000
91900,2.204143,0.194384,2.207307,0.192564,19057.2,0.001000
92000,1.904713,0.321924,1.906193,0.318816,19058.8,0.001000
92100,1.949837,0.277472,1.951304,0.275308,19060.5,0.001000
92200,1.939400,0.287040,1.939968,0.284264,19062.3,0.001000
92300,2.037182,0.250588,2.038988,0.248568,19064.0,0.001000
92400,1.988791,0.258840,1.988736,0.259784,19065.7,0.001000
92500,2.024639,0.266216,2.023192,0.266492,19067.4,0.001000
92600,2.059653,0.229820,2.059589,0.227516,19069.2,0.001000
92700,2.366124,0.138300,2.366006,0.136924,19070.9,0.001000
92800,1.957935,0.273620,1.958958,0.272600,19072.7,0.001000
92900,1.965374,0.278184,1.966057,0.276504,19074.5,0.001000
93000,2.002053,0.251452,2.003860,0.248560,19076.3,0.001000
93100,2.293198,0.158924,2.294971,0.157676,19078.2,0.001000
93200,2.102371,0.199408,2.102632,0.198416,19080.2,0.001000
93300,2.270444,0.141132,2.271571,0.139952,19082.2,0.001000
93400,2.046019,0.242456,2.047318,0.241508,19084.0,0.001000
93500,2.021378,0.233572,2.022562,0.232756,19085.8,0.001000
93600,1.885744,0.335272,1.886788,0.335096,19087.6,0.001000
93700,2.030505,0.214360,2.030627,0.212164,19089.3,0.001000
93800,2.273505,0.178956,2.272808,0.177672,19091.2,0.001000
93900,2.024783,0.216800,2.025233,0.216420,19093.0,0.001000
94000,2.235223,0.183620,2.233142,0.183236,19094.9,0.001000
94100,1.907711,0.305816,1.908798,0.304692,19096.7,0.001000
94200,1.959513,0.252392,1.959862,0.250780,19098.5,0.001000
94300,1.999672,0.267816,2.002378,0.264956,19100.2,0.001000
94400,1.997665,0.231148,1.997946,0.229384,19101.8,0.001000
94500,2.016007,0.265468,2.016043,0.264148,19103.6,0.001000
94600,2.028110,0.216264,2.028864,0.214156,19105.4,0.001000
94700,1.892750,0.321156,1.892784,0.320204,19107.0,0.001000
94800,2.073032,0.239584,2.073895,0.238308,19108.7,0.001000
94900,1.895707,0.333580,1.896795,0.331268,19110.4,0.001000
95000,2.120784,0.205364,2.119588,0.205576,19112.2,0.001000
95100,1.989190,0.261804,1.990796,0.259636,19113.9,0.001000
95200,2.303083,0.159876,2.305310,0.158888,19115.6,0.001000
95300,1.970996,0.266332,1.970641,0.266412,19117.3,0.001000
95400,2.050265,0.238292,2.050866,0.237500,19119.1,0.001000
95500,2.287916,0.207428,2.292548,0.207472,19120.8,0.001000
95600,1.973362,0.266272,1.974749,0.264364,19122.5,0.001000
95700,1.970226,0.272084,1.971467,0.270324,19124.2,0.001000
95800,1.964405,0.267512,1.966230,0.265532,19126.0,0.001000
95900,2.148811,0.199328,2.150482,0.198508,19127.7,0.001000
96000,1.934830,0.304860,1.936254,0.303132,19129.5,0.001000
96100,1.982124,0.264852,1.983609,0.262560,19131.3,0.001000
96200,2.024555,0.256508,2.026140,0.255652,19133.0,0.001000
96300,2.014413,0.249008,2.014707,0.247964,19134.8,0.001000
96400,1.961359,0.262028,1.961841,0.258468,19136.5,0.001000
96500,1.971078,0.288124,1.973181,0.285428,19138.2,0.001000
96600,2.164440,0.197292,2.164623,0.196496,19139.9,0.001000
96700,1.909198,0.348900,1.910332,0.346224,19141.7,0.001000
96800,2.122019,0.195188,2.120530,0.196236,19143.4,0.001000
96900,2.007464,0.248336,2.008278,0.246484,19145.1,0.001000
97000,2.338416,0.149708,2.340266,0.149064,19146.8,0.001000
97100,1.949754,0.259460,1.950402,0.261336,19148.5,0.001000
97200,2.032252,0.229168,2.034811,0.227080,19150.3,0.001000
97300,2.093860,0.215400,2.095118,0.214308,19152.0,0.001000
97400,2.060475,0.224540,2.062803,0.220552,19153.8,0.001000
97500,2.075130,0.227948,2.075501,0.228676,19155.6,0.001000
97600,2.050661,0.239384,2.048341,0.240380,19157.3,0.001000
97700,2.080200,0.230112,2.080292,0.230136,19159.0,0.001000
97800,1.975034,0.255216,1.975478,0.254768,19160.7,0.001000
97900,2.103493,0.210864,2.102353,0.208340,19162.4,0.001000
98000,1.951323,0.269324,1.952023,0.267616,19164.2,0.001000
98100,2.054279,0.229032,2.054386,0.228012,19166.0,0.001000
98200,1.940536,0.287636,1.941371,0.286036,19167.8,0.001000
98300,2.001284,0.236536,2.000962,0.234872,19169.5,0.001000
98400,2.212931,0.197676,2.213822,0.196584,19171.3,0.001000
98500,1.931225,0.280960,1.933401,0.277168,19173.0,0.001000
98600,1.924214,0.292412,1.925188,0.288700,19174.8,0.001000
98700,1.998886,0.246220,2.001099,0.242680,19176.5,0.001000
98800,2.322627,0.144224,2.319277,0.145120,19178.3,0.001000
98900,1.983147,0.276316,1.984748,0.272500,19180.1,0.001000
99000,1.977082,0.261520,1.977833,0.259112,19181.9,0.001000
99100,2.061364,0.222288,2.062858,0.220940,19183.6,0.001000
99200,2.127667,0.191208,2.130770,0.189216,19185.4,0.001000
99300,1.972389,0.278436,1.973464,0.276372,19187.2,0.001000
99400,2.073046,0.224284,2.075747,0.222600,19188.9,0.001000
99500,2.078844,0.205720,2.079155,0.206060,19190.7,0.001000
99600,1.954576,0.276044,1.956182,0.272588,19192.5,0.001000
99700,2.080782,0.241080,2.082017,0.240560,19194.2,0.001000
99800,1.923733,0.287680,1.924990,0.286844,19196.0,0.001000
99900,2.125305,0.223412,2.125925,0.223172,19197.7,0.001000
100000,1.985503,0.279616,1.986131,0.279352,19199.5,0.001000
100100,1.991076,0.276100,1.994050,0.273464,19201.2,0.001000
100200,1.965556,0.275568,1.967383,0.272812,19203.0,0.001000
100300,2.138299,0.183756,2.139032,0.182804,19204.8,0.001000
100400,1.945296,0.292456,1.946496,0.290512,19206.5,0.001000
100500,1.975562,0.279540,1.976337,0.279016,19208.3,0.001000
100600,2.066182,0.244516,2.069218,0.241528,19210.1,0.001000
100700,2.021011,0.258500,2.021827,0.255784,19211.9,0.001000
100800,1.920871,0.300956,1.922245,0.299476,19213.6,0.001000
100900,1.927215,0.299396,1.928268,0.297716,19215.4,0.001000
101000,1.904624,0.324368,1.905351,0.322960,19217.2,0.001000
101100,2.132353,0.189600,2.131951,0.188456,19218.9,0.001000
101200,2.113902,0.255232,2.115855,0.255096,19220.7,0.001000
101300,2.017184,0.226752,2.019031,0.225368,19222.4,0.001000
101400,1.971840,0.251068,1.972251,0.251516,19224.1,0.001000
101500,2.104165,0.209676,2.104017,0.209756,19225.8,0.001000
101600,1.907058,0.311960,1.907519,0.310692,19227.6,0.001000
101700,2.046723,0.226420,2.047877,0.225100,19229.3,0.001000
101800,2.037667,0.234308,2.039252,0.231404,19231.0,0.001000
101900,1.968675,0.248888,1.969402,0.249316,19232.8,0.001000
102000,2.001175,0.287232,2.001672,0.286676,19234.5,0.001000
102100,1.948635,0.271264,1.949644,0.271512,19236.2,0.001000
102200,2.028141,0.238216,2.030669,0.235480,19237.9,0.001000
102300,2.152455,0.206764,2.153912,0.205336,19239.6,0.001000
102400,2.042361,0.233400,2.044155,0.230184,19241.3,0.001000
102500,1.891387,0.343924,1.891741,0.341748,19243.0,0.001000
102600,2.128438,0.212752,2.126957,0.211728,19244.7,0.001000
102700,1.880106,0.319160,1.881247,0.317184,19246.4,0.001000
102800,1.952554,0.282900,1.952874,0.280860,19248.2,0.001000
102900,2.005415,0.262012,2.005981,0.261428,19250.0,0.001000
103000,1.999816,0.268840,2.000608,0.267108,19251.8,0.001000
103100,1.968265,0.261512,1.970366,0.260960,19253.5,0.001000
103200,2.186995,0.169460,2.187262,0.167916,19255.2,0.001000
103300,1.936646,0.305708,1.938971,0.302512,19257.1,0.001000
103400,2.162332,0.187444,2.162328,0.188260,19258.8,0.001000
103500,1.932842,0.299488,1.934235,0.298748,19260.5,0.001000
103600,1.929961,0.286604,1.929972,0.288416,19262.2,0.001000
103700,1.932842,0.311696,1.935112,0.309560,19263.9,0.001000
103800,2.063925,0.229816,2.065086,0.227756,19265.6,0.001000
103900,1.985496,0.263548,1.986071,0.261236,19267.2,0.001000
104000,2.036962,0.211604,2.036861,0.210692,19268.9,0.001000
104100,1.962125,0.264412,1.963130,0.262980,19270.6,0.001000
104200,2.011947,0.221364,2.012960,0.220188,19272.3,0.001000
104300,2.200271,0.180308,2.202821,0.179404,19274.0,0.001000
104400,1.853672,0.354716,1.854120,0.355100,19275.6,0.001000
104500,2.007985,0.224584,2.008717,0.223284,19277.3,0.001000
104600,2.083990,0.210188,2.084696,0.209284,19279.1,0.001000
104700,1.982310,0.263436,1.984810,0.261172,19280.7,0.001000
104800,2.070629,0.261436,2.073125,0.257976,19282.4,0.001000
104900,2.072273,0.238228,2.073680,0.237428,19284.1,0.001000
105000,1.945369,0.274560,1.945788,0.272712,19285.9,0.001000
105100,1.974638,0.250244,1.975581,0.249220,19287.5,0.001000
105200,2.091122,0.205844,2.093330,0.205256,19289.2,0.001000
105300,1.998157,0.248224,1.997987,0.248348,19291.0,0.001000
105400,1.930017,0.315380,1.931238,0.313696,19292.7,0.001000
105500,1.922546,0.305380,1.924123,0.302052,19294.3,0.001000
105600,2.296206,0.177904,2.296539,0.176584,19296.0,0.001000
105700,1.971509,0.268340,1.973887,0.264536,19297.7,0.001000
105800,1.947762,0.289476,1.949833,0.286424,19299.4,0.001000
105900,2.034738,0.251376,2.036916,0.250000,19301.1,0.001000
106000,2.167889,0.184236,2.169696,0.181260,19302.8,0.001000
106100,2.027940,0.238176,2.029704,0.235952,19304.5,0.001000
106200,1.893847,0.320104,1.893796,0.318564,19306.2,0.001000
106300,2.068114,0.235640,2.069414,0.233232,19307.9,0.001000
106400,2.191463,0.192384,2.191886,0.191820,19309.6,0.001000
106500,2.312390,0.144468,2.313159,0.144268,19311.3,0.001000
106600,2.029012,0.220008,2.030375,0.217428,19313.1,0.001000
106700,1.984719,0.260700,1.986055,0.258360,19314.8,0.001000
106800,1.964154,0.261000,1.966052,0.261664,19316.4,0.001000
106900,2.106323,0.243452,2.107992,0.241804,19318.1,0.001000
107000,2.065334,0.223008,2.066762,0.220104,19319.9,0.001000
107100,1.970131,0.281684,1.972985,0.280036,19321.5,0.001000
107200,1.987788,0.249452,1.988907,0.247752,19323.2,0.001000
107300,1.963203,0.288120,1.964510,0.285568,19324.9,0.001000
107400,2.002124,0.247608,2.004070,0.243832,19326.6,0.001000
107500,2.009266,0.256400,2.010614,0.256640,19328.3,0.001000
107600,2.033182,0.237588,2.034983,0.236004,19330.1,0.001000
107700,1.935318,0.303796,1.936522,0.301160,19331.7,0.001000
107800,2.031466,0.251248,2.032275,0.249828,19333.4,0.001000
107900,2.278961,0.148404,2.281125,0.147672,19335.1,0.001000
108000,2.278043,0.166016,2.279323,0.165992,19336.8,0.001000
108100,2.094698,0.224392,2.097169,0.221780,19338.6,0.001000
108200,2.069426,0.233356,2.069012,0.233068,19340.3,0.001000
108300,2.049374,0.226268,2.051752,0.224512,19342.0,0.001000
108400,2.033210,0.226792,2.033368,0.226852,19343.7,0.001000
108500,2.031175,0.249488,2.032748,0.246312,19345.4,0.001000
108600,2.025994,0.249532,2.026483,0.248060,19347.1,0.001000
108700,2.289577,0.155308,2.289951,0.152508,19348.8,0.001000
108800,1.931324,0.315920,1.933665,0.311716,19350.5,0.001000
108900,1.952340,0.285680,1.952952,0.283720,19352.2,0.001000
109000,2.228632,0.198284,2.233313,0.197944,19353.9,0.001000
109100,1.934204,0.278764,1.935771,0.275228,19355.6,0.001000
109200,1.979668,0.274712,1.981452,0.272304,19357.3,0.001000
109300,1.928184,0.305196,1.930244,0.302144,19358.9,0.001000
109400,1.972228,0.262240,1.973224,0.260000,19360.6,0.001000
109500,2.054977,0.232760,2.055112,0.232168,19362.3,0.001000
109600,2.018175,0.243940,2.017386,0.242652,19364.0,0.001000
109700,1.975611,0.271584,1.977792,0.269296,19365.8,0.001000
109800,2.164124,0.186020,2.163126,0.185536,19367.5,0.001000
109900,1.997035,0.251532,1.997285,0.249428,19369.2,0.001000
110000,2.056830,0.219088,2.057557,0.218696,19370.9,0.001000
110100,2.012781,0.216932,2.014207,0.216772,19372.6,0.001000
110200,2.079622,0.213948,2.079243,0.211152,19374.3,0.001000
110300,2.042567,0.240660,2.042698,0.239052,19376.0,0.001000
110400,1.900170,0.326728,1.899896,0.327136,19377.6,0.001000
110500,2.088280,0.216088,2.090986,0.214792,19379.2,0.001000
110600,1.902080,0.306416,1.903280,0.303108,19380.9,0.001000
110700,2.017649,0.242760,2.018697,0.240632,19382.6,0.001000
110800,1.965810,0.248116,1.966823,0.245920,19384.3,0.001000
110900,2.033177,0.239244,2.033554,0.238344,19386.0,0.001000
111000,2.141409,0.202524,2.143958,0.201576,19387.7,0.001000
111100,1.894904,0.324112,1.897507,0.320724,19389.4,0.001000
111200,1.927364,0.285904,1.928885,0.284232,19391.0,0.001000
111300,2.061531,0.225608,2.061397,0.224688,19392.8,0.001000
111400,2.011706,0.244804,2.013450,0.242316,19394.5,0.001000
111500,1.946117,0.284932,1.945902,0.283820,19396.3,0.001000
111600,2.009464,0.228736,2.008939,0.228272,19397.9,0.001000
111700,2.038680,0.226168,2.039900,0.225648,19399.6,0.001000
111800,1.933900,0.277276,1.935083,0.274732,19401.2,0.001000
111900,2.098842,0.221188,2.099427,0.219004,19402.9,0.001000
112000,1.959051,0.266508,1.959160,0.264612,19404.6,0.001000
112100,2.054525,0.187016,2.056228,0.187488,19406.3,0.001000
112200,1.912942,0.316844,1.913800,0.316016,19408.0,0.001000
112300,1.967787,0.282464,1.968792,0.279468,19409.7,0.001000
112400,1.992657,0.259796,1.993809,0.258424,19411.4,0.001000
112500,2.229728,0.196984,2.234516,0.195152,19413.2,0.001000
112600,2.108245,0.195512,2.109034,0.193924,19414.9,0.001000
112700,2.006951,0.276644,2.007779,0.276388,19416.6,0.001000
112800,2.117633,0.194080,2.115855,0.193436,19418.2,0.001000
112900,2.034006,0.248644,2.033937,0.246636,19419.9,0.001000
113000,2.200407,0.189700,2.204730,0.186428,19421.6,0.001000
113100,2.107488,0.216028,2.108933,0.215348,19423.3,0.001000
113200,1.901591,0.314112,1.902045,0.314384,19425.0,0.001000
113300,2.098618,0.212256,2.099310,0.212320,19426.7,0.001000
113400,1.980764,0.262436,1.981051,0.262564,19428.4,0.001000
113500,2.002781,0.259640,2.003318,0.258028,19430.2,0.001000
113600,1.969704,0.252876,1.969367,0.253332,19431.9,0.001000
113700,2.301501,0.145164,2.301763,0.142796,19433.6,0.001000
113800,2.130779,0.179444,2.131108,0.179720,19435.3,0.001000
113900,2.200602,0.185816,2.200419,0.185564,19437.0,0.001000
114000,1.986116,0.272556,1.985554,0.272388,19438.8,0.001000
114100,2.056518,0.233700,2.056723,0.231668,19440.5,0.001000
114200,2.006232,0.266820,2.006439,0.264952,19442.2,0.001000
114300,1.965827,0.283488,1.967403,0.281032,19443.9,0.001000
114400,1.935494,0.296712,1.936252,0.293824,19445.5,0.001000
114500,2.099518,0.197392,2.099935,0.194520,19447.2,0.001000
114600,2.236450,0.183124,2.235214,0.182128,19448.9,0.001000
114700,2.077975,0.201644,2.078276,0.201688,19450.8,0.001000
114800,2.024156,0.263744,2.024088,0.264784,19452.5,0.001000
114900,1.939172,0.289292,1.941069,0.286152,19454.2,0.001000
115000,2.000746,0.267972,2.002069,0.265288,19455.8,0.001000
115100,2.119643,0.198408,2.120628,0.196256,19457.5,0.001000
115200,2.553027,0.153804,2.556506,0.152432,19459.2,0.001000
115300,2.217175,0.217972,2.219619,0.215904,19461.0,0.001000
115400,1.873195,0.335692,1.873956,0.333060,19462.8,0.001000
115500,1.984669,0.270184,1.986109,0.268484,19464.5,0.001000
115600,2.038965,0.207036,2.040339,0.205036,19466.4,0.001000
115700,2.230719,0.171516,2.230795,0.170028,19468.2,0.001000
115800,2.120085,0.200772,2.122229,0.198308,19469.9,0.001000
115900,1.990208,0.269764,1.992479,0.266668,19471.6,0.001000
116000,2.007637,0.222128,2.008451,0.221080,19473.3,0.001000
116100,1.980726,0.244416,1.982259,0.242916,19475.0,0.001000
116200,1.946025,0.269212,1.946926,0.267888,19476.7,0.001000
116300,2.163578,0.184880,2.163866,0.182920,19478.4,0.001000
116400,2.022258,0.248860,2.022260,0.245612,19480.1,0.001000
116500,1.948006,0.293804,1.949221,0.291448,19481.8,0.001000
116600,2.241238,0.190664,2.242822,0.186640,19483.5,0.001000
116700,2.041018,0.241100,2.041269,0.239340,19485.2,0.001000
116800,2.237430,0.185216,2.237893,0.184188,19486.9,0.001000
116900,2.104354,0.206576,2.105980,0.204624,19488.5,0.001000
117000,2.044305,0.244060,2.045645,0.241240,19490.3,0.001000
117100,2.081824,0.221096,2.081189,0.220012,19491.9,0.001000
117200,1.960172,0.289652,1.961642,0.287080,19493.7,0.001000
117300,2.139475,0.206868,2.141031,0.206304,19495.4,0.001000
117400,2.098098,0.219760,2.098886,0.219572,19497.1,0.001000
117500,1.936464,0.295192,1.938061,0.292008,19498.8,0.001000
117600,1.993735,0.269360,1.996796,0.266640,19500.5,0.001000
117700,1.994041,0.262424,1.995158,0.260052,19502.1,0.001000
117800,1.998182,0.268276,2.000924,0.266512,19503.9,0.001000
117900,2.040442,0.238656,2.041971,0.238936,19505.6,0.001000
118000,1.942488,0.276056,1.944668,0.272592,19507.3,0.001000
118100,1.910509,0.327568,1.912083,0.325568,19509.0,0.001000
118200,2.060708,0.223264,2.061579,0.221796,19510.7,0.001000
118300,1.981729,0.255868,1.982057,0.253460,19512.4,0.001000
118400,2.037622,0.235444,2.038228,0.233740,19514.2,0.001000
118500,2.010179,0.265316,2.010305,0.261684,19515.9,0.001000
118600,2.008159,0.268700,2.009499,0.267180,19517.6,0.001000
118700,1.955794,0.255008,1.956007,0.254300,19519.3,0.001000
118800,1.998068,0.258432,1.998991,0.256816,19521.0,0.001000
118900,2.085608,0.223788,2.084510,0.225012,19522.7,0.001000
119000,2.077673,0.219484,2.079074,0.218264,19524.4,0.001000
119100,2.112896,0.225156,2.113950,0.223708,19526.2,0.001000
119200,2.019067,0.254444,2.021143,0.254772,19527.9,0.001000
119300,2.037462,0.238408,2.037490,0.238092,19529.6,0.001000
119400,1.977102,0.272464,1.978083,0.269196,19531.3,0.001000
119500,2.337854,0.141196,2.338850,0.140160,19533.0,0.001000
119600,1.991843,0.259672,1.993257,0.257000,19534.7,0.001000
119700,2.028418,0.253508,2.030174,0.253148,19536.3,0.001000
119800,2.275196,0.188848,2.273259,0.187176,19538.0,0.001000
119900,1.874551,0.356148,1.875129,0.354632,19539.7,0.001000
120000,2.063654,0.232232,2.064403,0.230136,19541.4,0.001000
120100,2.148877,0.207764,2.150644,0.205568,19543.2,0.001000
120200,2.003764,0.252360,2.003665,0.251056,19544.9,0.001000
120300,2.071815,0.240736,2.075370,0.239252,19546.6,0.001000
120400,1.949732,0.285552,1.952008,0.282868,19548.3,0.001000
120500,2.055169,0.213864,2.058051,0.210272,19550.0,0.001000
120600,2.063502,0.205296,2.065023,0.202704,19551.7,0.001000
120700,2.021004,0.235036,2.020814,0.234108,19553.5,0.001000
120800,1.965598,0.259296,1.967753,0.256112,19555.3,0.001000
120900,2.252633,0.173928,2.252100,0.173992,19557.0,0.001000
121000,2.026251,0.234244,2.026360,0.234296,19558.8,0.001000
121100,2.163027,0.185656,2.163939,0.185008,19560.6,0.001000
121200,2.018837,0.284208,2.022373,0.282456,19562.3,0.001000
121300,1.973934,0.279720,1.974631,0.278236,19564.0,0.001000
121400,1.991696,0.239388,1.991835,0.238464,19565.7,0.001000
121500,1.948778,0.308668,1.949738,0.306768,19567.4,0.001000
121600,2.019919,0.234384,2.019732,0.234224,19569.2,0.001000
121700,1.931938,0.289240,1.932906,0.287364,19570.9,0.001000
121800,1.942202,0.299824,1.941382,0.301324,19572.8,0.001000
121900,1.895010,0.320412,1.896492,0.319256,19574.5,0.001000
122000,2.101968,0.193124,2.100942,0.192204,19576.2,0.001000
122100,2.160843,0.174860,2.163249,0.173412,19577.9,0.001000
122200,2.055221,0.220372,2.057522,0.220320,19579.5,0.001000
122300,1.898310,0.313828,1.898836,0.312852,19581.2,0.001000
122400,2.182206,0.195464,2.181703,0.195604,19582.9,0.001000
122500,2.038659,0.241084,2.039576,0.241280,19584.5,0.001000
122600,1.981874,0.290936,1.981972,0.289256,19586.2,0.001000
122700,2.050802,0.226564,2.052758,0.224548,19587.9,0.001000
122800,1.958607,0.274192,1.960128,0.273612,19589.5,0.001000
122900,2.009295,0.242844,2.009593,0.243980,19591.3,0.001000
123000,2.055664,0.244688,2.056782,0.243732,19593.1,0.001000
123100,1.959474,0.277644,1.961060,0.273708,19594.8,0.001000
123200,1.948519,0.266252,1.949954,0.265268,19596.5,0.001000
123300,2.043688,0.254028,2.044124,0.253140,19598.2,0.001000
123400,2.042331,0.236184,2.044549,0.234732,19600.0,0.001000
123500,2.118587,0.204476,2.121027,0.201772,19601.7,0.001000
123600,2.017112,0.238276,2.018758,0.236108,19603.6,0.001000
123700,2.082364,0.230556,2.079887,0.230320,19605.4,0.001000
123800,1.974042,0.287108,1.974869,0.284848,19607.2,0.001000
123900,2.046543,0.207280,2.045509,0.206116,19608.9,0.001000
124000,1.990508,0.236160,1.992943,0.234440,19610.7,0.001000
124100,2.085215,0.212292,2.087185,0.210656,19612.4,0.001000
124200,2.076607,0.240344,2.076634,0.239964,19614.2,0.001000
124300,2.032932,0.255304,2.034545,0.252816,19615.8,0.001000
124400,1.913126,0.335692,1.914739,0.332156,19617.5,0.001000
124500,2.172340,0.198196,2.171347,0.198852,19619.2,0.001000
124600,2.060260,0.220340,2.062351,0.217392,19621.0,0.001000
124700,1.948641,0.269028,1.950751,0.267824,19622.7,0.001000
124800,1.946553,0.305956,1.948543,0.304288,19624.5,0.001000
124900,1.954202,0.283388,1.955659,0.280980,19626.2,0.001000
125000,1.965416,0.282644,1.965183,0.282416,19628.0,0.001000
125100,1.966500,0.273852,1.968512,0.272584,19629.8,0.001000
125200,1.988879,0.266828,1.990334,0.264632,19631.5,0.001000
125300,1.947192,0.269152,1.948314,0.269728,19633.3,0.001000
125400,2.088599,0.225904,2.090772,0.222756,19635.0,0.001000
125500,2.373232,0.162764,2.377398,0.159764,19636.8,0.001000
125600,2.002441,0.247544,2.004047,0.244132,19638.5,0.001000
125700,1.926036,0.287920,1.928509,0.284708,19640.3,0.001000
125800,1.959015,0.262920,1.959941,0.260900,19642.1,0.001000
125900,2.030586,0.233788,2.032791,0.231852,19643.8,0.001000
126000,1.993877,0.268872,1.994974,0.268592,19645.6,0.001000
126100,1.979699,0.276008,1.981613,0.274808,19647.4,0.001000
126200,2.009603,0.244064,2.009172,0.243260,19649.1,0.001000
126300,1.996687,0.266368,1.996041,0.263968,19650.8,0.001000
126400,2.043446,0.226376,2.042718,0.229880,19652.6,0.001000
126500,2.210629,0.184640,2.208492,0.186348,19654.3,0.001000
126600,1.942392,0.272832,1.944338,0.270256,19655.9,0.001000
126700,2.120807,0.210500,2.122508,0.209292,19657.7,0.001000
126800,2.019164,0.254296,2.019831,0.252324,19659.3,0.001000
126900,1.958744,0.271924,1.960315,0.270580,19661.1,0.001000
127000,1.943231,0.282932,1.944105,0.280748,19662.9,0.001000
127100,2.133678,0.191068,2.135696,0.187960,19664.6,0.001000
127200,2.010254,0.242380,2.010810,0.240288,19666.3,0.001000
127300,1.991161,0.258536,1.991443,0.257776,19668.1,0.001000
127400,2.179688,0.168672,2.180920,0.168600,19669.8,0.001000
127500,2.114567,0.193852,2.115561,0.193332,19671.6,0.001000
127600,2.272554,0.164904,2.273241,0.162700,19673.4,0.001000
127700,1.948742,0.285284,1.949351,0.284196,19675.1,0.001000
127800,2.024542,0.264420,2.026706,0.262208,19676.9,0.001000
127900,2.018176,0.246476,2.019588,0.245224,19678.7,0.001000
128000,2.038967,0.220992,2.041867,0.219468,19680.4,0.001000
128100,2.091246,0.214660,2.091387,0.213952,19682.1,0.001000
128200,2.084319,0.206284,2.085452,0.205452,19683.9,0.001000
128300,2.315510,0.165184,2.315826,0.164972,19685.6,0.001000
128400,1.953395,0.280940,1.954481,0.279860,19687.4,0.001000
128500,2.016756,0.242184,2.018442,0.240568,19689.1,0.001000
128600,1.980553,0.261320,1.981024,0.258668,19690.8,0.001000
128700,1.989828,0.258664,1.990309,0.259220,19692.5,0.001000
128800,2.067266,0.221488,2.067029,0.220088,19694.3,0.001000
128900,2.050881,0.262232,2.051439,0.260740,19696.0,0.001000
129000,2.007744,0.262620,2.008183,0.261840,19697.7,0.001000
129100,1.977150,0.279092,1.977457,0.277608,19699.4,0.001000
129200,1.953090,0.283692,1.953899,0.281208,19701.2,0.001000
129300,1.913888,0.298972,1.915254,0.296792,19702.9,0.001000
129400,1.915163,0.300620,1.915586,0.299884,19704.6,0.001000
129500,2.191593,0.186780,2.191415,0.186816,19706.4,0.001000
129600,1.998867,0.228704,2.000518,0.224388,19708.1,0.001000
129700,2.024588,0.216224,2.025112,0.215464,19709.9,0.001000
129800,2.316983,0.169728,2.318130,0.170436,19711.6,0.001000
129900,1.936238,0.291968,1.936954,0.289028,19713.4,0.001000
130000,2.136972,0.203972,2.138888,0.201828,19715.1,0.001000
130100,2.580733,0.164052,2.581434,0.163212,19716.8,0.001000
130200,1.987746,0.275940,1.988163,0.276280,19718.6,0.001000
130300,2.217718,0.175720,2.216655,0.175368,19720.4,0.001000
130400,1.965511,0.279300,1.964313,0.279952,19722.1,0.001000
130500,1.912150,0.301736,1.912613,0.300208,19723.9,0.001000
130600,2.096061,0.211640,2.097918,0.210480,19725.7,0.001000
130700,1.994189,0.258236,1.995903,0.255084,19727.4,0.001000
130800,1.886947,0.325384,1.888187,0.322460,19729.2,0.001000
130900,2.334346,0.156196,2.334470,0.157352,19730.9,0.001000
131000,1.963484,0.276972,1.964468,0.274916,19732.6,0.001000
131100,2.163802,0.196052,2.165304,0.195264,19734.3,0.001000
131200,1.891816,0.336640,1.892825,0.333868,19736.1,0.001000
131300,1.973192,0.261028,1.972023,0.262232,19737.8,0.001000
131400,2.078251,0.256264,2.079707,0.253668,19739.4,0.001000
131500,2.381253,0.148696,2.384193,0.145460,19741.2,0.001000
131600,2.067655,0.199960,2.066508,0.199736,19743.1,0.001000
131700,1.976814,0.261120,1.977738,0.260116,19744.8,0.001000
131800,2.112041,0.213848,2.114359,0.213112,19746.5,0.001000
131900,2.152323,0.170172,2.153249,0.168500,19748.2,0.001000
132000,2.041363,0.239116,2.041401,0.239244,19750.0,0.001000
132100,1.943825,0.289524,1.945559,0.286952,19751.8,0.001000
132200,2.085270,0.207272,2.086013,0.206920,19753.7,0.001000
132300,2.053900,0.224940,2.056030,0.221956,19755.5,0.001000
132400,2.212988,0.168280,2.214767,0.168504,19757.3,0.001000
132500,1.985031,0.266744,1.985085,0.267516,19759.1,0.001000
132600,2.023328,0.250488,2.025584,0.248064,19760.9,0.001000
132700,1.970671,0.273052,1.971577,0.270756,19762.7,0.001000
132800,2.044577,0.234552,2.045291,0.232392,19764.5,0.001000
132900,2.053644,0.207992,2.056021,0.206744,19766.2,0.001000
133000,1.976050,0.254032,1.977714,0.253164,19768.0,0.001000
133100,2.007431,0.240464,2.006726,0.239200,19769.7,0.001000
133200,1.904134,0.331536,1.904426,0.330956,19771.4,0.001000
133300,2.081593,0.229028,2.082642,0.226968,19773.2,0.001000
133400,1.987325,0.262184,1.988444,0.261300,19775.0,0.001000
133500,2.248751,0.191748,2.249991,0.192344,19776.7,0.001000
133600,1.924477,0.297628,1.925202,0.296540,19778.5,0.001000
133700,1.981336,0.268160,1.981866,0.266216,19780.3,0.001000
133800,2.439055,0.143260,2.438970,0.143140,19782.0,0.001000
133900,2.120336,0.227316,2.122290,0.226472,19783.8,0.001000
134000,2.226369,0.202752,2.224660,0.200480,19785.5,0.001000
134100,1.985354,0.279580,1.987072,0.278244,19787.3,0.001000
134200,1.977994,0.263044,1.979550,0.259876,19789.1,0.001000
134300,2.058101,0.229992,2.058455,0.226676,19790.9,0.001000
134400,1.960366,0.287320,1.961317,0.285088,19792.7,0.001000
134500,2.181471,0.177188,2.181167,0.176180,19794.4,0.001000
134600,1.985774,0.256828,1.986946,0.252616,19796.2,0.001000
134700,2.087052,0.226176,2.086685,0.227224,19797.9,0.001000
134800,1.907320,0.310792,1.908243,0.309288,19799.7,0.001000
134900,2.112051,0.218968,2.111430,0.216928,19801.5,0.001000
135000,1.856217,0.358852,1.857713,0.355952,19803.3,0.001000
135100,2.071985,0.227064,2.073546,0.225500,19805.0,0.001000
135200,2.213984,0.163444,2.215693,0.161644,19806.8,0.001000
135300,2.054327,0.245164,2.056002,0.241488,19808.5,0.001000
135400,2.042838,0.226600,2.043272,0.224180,19810.3,0.001000
135500,2.025404,0.272632,2.027081,0.269164,19811.9,0.001000
135600,1.990900,0.259008,1.993065,0.256320,19813.6,0.001000
135700,1.930793,0.294356,1.931593,0.294988,19815.3,0.001000
135800,2.007715,0.243840,2.007068,0.242216,19817.0,0.001000
135900,1.956300,0.279248,1.957573,0.278540,19818.7,0.001000
136000,1.979655,0.267848,1.980777,0.266100,19820.4,0.001000
136100,1.961312,0.263952,1.961757,0.264216,19822.1,0.001000
136200,1.907990,0.324412,1.908541,0.322564,19823.9,0.001000
136300,2.167723,0.188580,2.168567,0.187632,19825.5,0.001000
136400,2.103334,0.192832,2.103555,0.194480,19827.2,0.001000
136500,2.609229,0.138764,2.607308,0.137420,19828.9,0.001000
136600,1.984710,0.274280,1.986106,0.271516,19830.7,0.001000
136700,1.936902,0.317036,1.937788,0.314804,19832.4,0.001000
136800,1.937629,0.286136,1.938148,0.284532,19834.1,0.001000
136900,2.072021,0.220400,2.073075,0.218512,19835.7,0.001000
137000,2.065613,0.227028,2.066429,0.225976,19837.4,0.001000
137100,1.942611,0.256192,1.943888,0.254292,19839.1,0.001000
137200,1.969815,0.274156,1.970920,0.271256,19840.8,0.001000
137300,2.419482,0.137544,2.424087,0.136776,19842.5,0.001000
137400,2.000206,0.247100,2.000740,0.244120,19844.2,0.001000
137500,2.113834,0.219508,2.114515,0.218608,19846.0,0.001000
137600,1.879885,0.338316,1.880332,0.336100,19847.8,0.001000
137700,1.938403,0.298036,1.938451,0.298488,19849.5,0.001000
137800,1.999733,0.269216,2.001199,0.266672,19851.2,0.001000
137900,1.995719,0.252064,1.996797,0.251480,19853.0,0.001000
138000,2.009177,0.239400,2.010684,0.236776,19854.8,0.001000
138100,2.009690,0.271080,2.009259,0.270988,19856.6,0.001000
138200,2.003363,0.266968,2.005047,0.262944,19858.4,0.001000
138300,2.378555,0.153368,2.381181,0.153548,19860.1,0.001000
138400,2.175737,0.176056,2.175044,0.175172,19861.8,0.001000
138500,2.049465,0.252188,2.050904,0.249028,19863.5,0.001000
138600,2.282163,0.170404,2.284993,0.170404,19865.3,0.001000
138700,1.942718,0.276852,1.943391,0.274696,19867.0,0.001000
138800,2.095594,0.214620,2.095172,0.213960,19868.7,0.001000
138900,2.476556,0.133280,2.476445,0.133044,19870.4,0.001000
139000,1.961287,0.259908,1.963014,0.257708,19872.1,0.001000
139100,2.002854,0.236180,2.003069,0.236464,19873.8,0.001000
139200,1.972277,0.259532,1.973090,0.257864,19875.6,0.001000
139300,1.999815,0.267452,2.001035,0.265380,19877.5,0.001000
139400,2.016591,0.248244,2.016199,0.248608,19879.1,0.001000
139500,1.928861,0.273776,1.930266,0.274316,19880.8,0.001000
139600,1.977120,0.248152,1.977739,0.247364,19882.5,0.001000
139700,1.940594,0.310536,1.942075,0.307240,19884.2,0.001000
139800,1.915775,0.304336,1.917725,0.302052,19886.0,0.001000
139900,2.192346,0.167488,2.194313,0.164636,19887.7,0.001000
140000,2.004929,0.259588,2.005191,0.258868,19889.4,0.001000
140100,1.989705,0.237448,1.990256,0.237488,19891.1,0.001000
140200,2.285813,0.164192,2.284893,0.163792,19892.8,0.001000
140300,2.138071,0.179828,2.138618,0.180776,19894.5,0.001000
140400,1.976018,0.271108,1.977493,0.269644,19896.2,0.001000
140500,1.953166,0.280724,1.954326,0.279832,19897.9,0.001000
140600,1.924369,0.289272,1.924036,0.290020,19899.6,0.001000
140700,2.160094,0.189884,2.159960,0.189284,19901.3,0.001000
140800,2.143202,0.194332,2.144383,0.193684,19903.0,0.001000
140900,2.137336,0.184052,2.138728,0.182000,19904.7,0.001000
141000,2.050477,0.205996,2.051645,0.204228,19906.4,0.001000
141100,2.060563,0.221760,2.061153,0.221000,19908.1,0.001000
141200,1.974205,0.296556,1.975603,0.294936,19909.8,0.001000
141300,2.326566,0.123212,2.330750,0.121320,19911.4,0.001000
141400,1.948631,0.294788,1.949606,0.292988,19913.1,0.001000
141500,2.000619,0.272816,2.000955,0.270236,19914.8,0.001000
141600,1.960264,0.271736,1.960250,0.271584,19916.5,0.001000
141700,1.975370,0.260680,1.976595,0.260492,19918.2,0.001000
141800,2.997443,0.091512,2.998643,0.090576,19920.0,0.001000
141900,1.968074,0.290592,1.969280,0.287272,19921.7,0.001000
142000,2.289644,0.184068,2.287570,0.183992,19923.4,0.001000
142100,1.926450,0.315140,1.928030,0.312752,19925.0,0.001000
142200,2.032650,0.235364,2.030599,0.234960,19926.7,0.001000
142300,2.085259,0.229936,2.087754,0.227584,19928.4,0.001000
142400,2.080799,0.221324,2.081169,0.220692,19930.1,0.001000
142500,2.151421,0.160708,2.153351,0.160448,19931.8,0.001000
142600,2.027511,0.265176,2.027719,0.264388,19933.5,0.001000
142700,2.137721,0.214332,2.140869,0.210384,19935.2,0.001000
142800,2.144984,0.188724,2.145967,0.186796,19936.9,0.001000
142900,2.039422,0.241856,2.039376,0.239984,19938.7,0.001000
143000,1.962476,0.286496,1.963440,0.283356,19940.4,0.001000
143100,1.976132,0.294460,1.976429,0.294604,19942.2,0.001000
143200,2.051879,0.240448,2.053527,0.237568,19943.8,0.001000
143300,2.218678,0.156116,2.220331,0.155680,19945.5,0.001000
143400,2.050574,0.222188,2.051134,0.220256,19947.3,0.001000
143500,2.130136,0.207468,2.128713,0.207072,23541.5,0.001000
143600,2.100344,0.225320,2.101476,0.224656,23543.7,0.001000
143700,1.968706,0.282956,1.970649,0.279708,23545.6,0.001000
143800,2.023342,0.237760,2.023736,0.236312,23547.4,0.001000
143900,2.108464,0.219572,2.110087,0.219116,23549.1,0.001000
144000,2.114862,0.226892,2.113406,0.226000,23550.8,0.001000
144100,2.037285,0.248676,2.039856,0.245172,23552.4,0.001000
144200,2.056489,0.223412,2.058090,0.222436,23554.2,0.001000
144300,2.218027,0.170168,2.218730,0.168720,23555.9,0.001000
144400,2.020735,0.227140,2.022533,0.225172,23557.6,0.001000
144500,2.147150,0.203284,2.149778,0.201700,23559.4,0.001000
144600,1.981341,0.281760,1.982435,0.279040,23561.3,0.001000
144700,2.026323,0.239292,2.027897,0.236756,23563.5,0.001000
144800,2.230652,0.199760,2.234250,0.197892,23565.6,0.001000
144900,2.045555,0.243920,2.047677,0.242588,23567.3,0.001000
145000,1.927457,0.308060,1.927647,0.307568,23569.0,0.001000
145100,2.167114,0.204848,2.168971,0.204012,23570.7,0.001000
145200,2.079717,0.221632,2.081069,0.221164,23572.5,0.001000
145300,1.939723,0.299912,1.940625,0.297388,23574.2,0.001000
145400,2.006360,0.275056,2.006483,0.276564,23576.0,0.001000
145500,2.367878,0.166660,2.367074,0.167732,23577.7,0.001000
145600,2.027623,0.243020,2.028823,0.240940,23579.4,0.001000
145700,1.971671,0.274504,1.972407,0.272968,23581.1,0.001000
145800,1.966087,0.291848,1.967554,0.289952,23582.8,0.001000
145900,1.998746,0.255424,1.999223,0.253364,23584.5,0.001000
146000,2.052684,0.220244,2.053774,0.218408,23586.2,0.001000
146100,2.166049,0.163800,2.168294,0.163104,23587.9,0.001000
146200,2.163650,0.178684,2.164108,0.178224,23589.6,0.001000
146300,2.044132,0.233596,2.045249,0.233672,23591.3,0.001000
146400,2.048608,0.242980,2.048839,0.240312,23593.0,0.001000
146500,1.975538,0.259776,1.976493,0.257584,23594.6,0.001000
146600,1.942675,0.302052,1.943041,0.300076,23596.3,0.001000
146700,1.922642,0.301172,1.923280,0.299072,23598.0,0.001000
146800,2.107237,0.205676,2.107456,0.205964,23599.7,0.001000
146900,2.086079,0.230444,2.087459,0.229800,23601.4,0.001000
147000,1.902334,0.332156,1.904134,0.328604,23603.1,0.001000
147100,1.893741,0.345700,1.894917,0.343324,23604.8,0.001000
147200,1.909903,0.330224,1.910703,0.327996,23606.5,0.001000
147300,2.377270,0.148336,2.378733,0.147740,23608.2,0.001000
147400,2.014170,0.246768,2.013115,0.247044,23609.9,0.001000
147500,1.963551,0.272724,1.964832,0.271048,23611.7,0.001000
147600,2.348831,0.170880,2.350491,0.172128,23613.4,0.001000
147700,2.267240,0.174220,2.265569,0.176780,23615.0,0.001000
147800,2.070440,0.240468,2.072341,0.238456,23616.7,0.001000
147900,2.183208,0.176496,2.184742,0.174836,23618.5,0.001000
148000,2.048392,0.250932,2.050675,0.249300,23620.2,0.001000
148100,2.260588,0.167676,2.262761,0.166748,23621.9,0.001000
148200,2.279703,0.179220,2.280834,0.178200,23623.5,0.001000
148300,2.071098,0.222984,2.071918,0.221428,23625.2,0.001000
148400,2.032783,0.236112,2.034936,0.235352,23626.8,0.001000
148500,2.009092,0.251696,2.010243,0.249112,23628.5,0.001000
148600,2.079304,0.212620,2.079455,0.211224,23630.2,0.001000
148700,1.932851,0.298816,1.933365,0.298156,23631.8,0.001000
148800,2.109035,0.209476,2.110655,0.207184,23633.5,0.001000
148900,2.119337,0.217960,2.119968,0.217176,23635.2,0.001000
149000,1.911793,0.313480,1.912781,0.310976,23637.0,0.001000
149100,2.040632,0.232476,2.043009,0.229316,23638.7,0.001000
149200,2.239136,0.186932,2.238883,0.185116,23640.3,0.001000
149300,2.105118,0.233640,2.109050,0.232300,23641.9,0.001000
149400,2.031003,0.239848,2.031935,0.239028,23643.5,0.001000
149500,2.063601,0.229056,2.066011,0.225592,23645.1,0.001000
149600,1.978649,0.270528,1.978883,0.270432,23646.8,0.001000
149700,2.127253,0.221360,2.128964,0.222036,23648.4,0.001000
149800,2.126154,0.199844,2.128371,0.200052,23650.1,0.001000
149900,1.926384,0.300632,1.928128,0.299168,23651.7,0.001000
150000,2.061620,0.216784,2.062560,0.215176,23653.4,0.001000
150100,1.971432,0.273592,1.972531,0.271152,23655.1,0.001000
150200,2.068741,0.219364,2.071043,0.218328,23656.7,0.001000
150300,1.993674,0.240308,1.994202,0.238980,23658.3,0.001000
150400,2.277571,0.185700,2.279074,0.183712,23660.0,0.001000
150500,2.198198,0.164312,2.200116,0.164448,23661.7,0.001000
150600,2.153636,0.203568,2.153651,0.204412,23663.4,0.001000
150700,2.032471,0.256184,2.032383,0.253672,23665.0,0.001000
150800,1.965368,0.285764,1.966133,0.284724,23666.7,0.001000
150900,2.073011,0.227040,2.072942,0.225144,23668.4,0.001000
151000,1.901650,0.335080,1.902882,0.330316,23670.0,0.001000
151100,1.947059,0.299044,1.948810,0.296968,23671.7,0.001000
151200,2.192075,0.167876,2.193693,0.165884,23673.4,0.001000
151300,1.976830,0.246652,1.977069,0.245892,23675.0,0.001000
151400,1.961985,0.290136,1.962025,0.287112,23676.7,0.001000
151500,2.057988,0.206128,2.059105,0.204792,23678.3,0.001000
151600,2.029149,0.241816,2.030664,0.240752,23680.1,0.001000
151700,2.101561,0.223908,2.102079,0.223116,23681.8,0.001000
151800,2.215074,0.180980,2.215528,0.180484,23683.7,0.001000
151900,1.996133,0.283432,1.996310,0.283344,23685.4,0.001000
152000,2.166794,0.169244,2.168428,0.168340,23687.1,0.001000
152100,2.122640,0.223152,2.123573,0.223208,23688.9,0.001000
152200,1.911821,0.339628,1.912331,0.337528,23690.5,0.001000
152300,2.073535,0.227488,2.073115,0.227472,23692.2,0.001000
152400,1.971099,0.277332,1.971280,0.275928,23693.9,0.001000
152500,2.059555,0.226076,2.059649,0.225256,23695.6,0.001000
152600,1.991328,0.265456,1.991432,0.264196,23697.3,0.001000
152700,2.003052,0.254040,2.002934,0.254220,23698.9,0.001000
152800,1.971397,0.286428,1.971343,0.285600,23700.6,0.001000
152900,1.977020,0.274432,1.977839,0.271968,23702.3,0.001000
153000,2.024122,0.233768,2.025355,0.230956,23703.9,0.001000
153100,2.243739,0.175360,2.245416,0.173372,23705.6,0.001000
153200,2.015340,0.235248,2.016264,0.232856,23707.3,0.001000
153300,1.962624,0.277164,1.963389,0.277860,23709.0,0.001000
153400,1.909788,0.323964,1.909740,0.325776,23710.7,0.001000
153500,2.015677,0.259612,2.017247,0.258444,23712.3,0.001000
153600,2.010442,0.271660,2.012156,0.269016,23714.1,0.001000
153700,1.953416,0.301160,1.954503,0.298800,23715.8,0.001000
153800,1.977840,0.271584,1.978446,0.271676,23717.4,0.001000
153900,2.232389,0.163980,2.233403,0.163028,23719.2,0.001000
154000,2.327543,0.159340,2.329539,0.158432,23720.9,0.001000
154100,1.938516,0.314724,1.939231,0.315300,23722.5,0.001000
154200,2.120319,0.186176,2.121455,0.185200,23724.2,0.001000
154300,2.749309,0.127864,2.752286,0.127836,23726.0,0.001000
154400,2.058236,0.233692,2.057083,0.234956,23727.7,0.001000
154500,2.212279,0.199448,2.214812,0.198028,23729.4,0.001000
154600,2.032139,0.244500,2.031768,0.242912,23731.1,0.001000
154700,2.146834,0.203036,2.147641,0.199980,23732.8,0.001000
154800,2.004215,0.276364,2.006030,0.274820,23734.4,0.001000
154900,1.901877,0.353528,1.903176,0.351316,23736.1,0.001000
155000,1.996890,0.249780,1.998890,0.247084,23737.7,0.001000
155100,2.052693,0.225592,2.053747,0.224216,23739.4,0.001000
155200,2.170360,0.209724,2.172107,0.209148,23741.1,0.001000
155300,2.170218,0.211672,2.172040,0.209900,23742.8,0.001000
155400,1.935843,0.312676,1.936079,0.311592,23744.5,0.001000
155500,2.146105,0.204508,2.147195,0.201364,23746.2,0.001000
155600,2.112866,0.189428,2.113405,0.188940,23747.9,0.001000
155700,2.055555,0.226556,2.055932,0.224540,23749.6,0.001000
155800,2.350566,0.146396,2.349848,0.146612,23751.2,0.001000
155900,1.954437,0.333228,1.954318,0.331452,23752.9,0.001000
156000,2.099960,0.210052,2.101502,0.210136,23754.6,0.001000
156100,2.006863,0.266808,2.007583,0.265560,23756.4,0.001000
156200,2.263633,0.185792,2.260919,0.185332,23758.1,0.001000
156300,1.933690,0.319692,1.934142,0.316760,23759.7,0.001000
156400,2.026614,0.211428,2.026309,0.211284,23761.4,0.001000
156500,1.981832,0.254948,1.982992,0.252308,23763.0,0.001000
156600,2.057382,0.243800,2.058371,0.243540,23764.7,0.001000
156700,2.117285,0.209132,2.119547,0.208196,23766.3,0.001000
156800,2.068203,0.239272,2.068851,0.238400,23768.0,0.001000
156900,1.955862,0.279484,1.955501,0.280064,23769.7,0.001000
157000,2.199144,0.166068,2.200300,0.165004,23771.3,0.001000
157100,2.117420,0.220800,2.116630,0.220996,23773.0,0.001000
157200,1.997248,0.252928,1.998580,0.250304,23774.7,0.001000
157300,2.064404,0.225812,2.066134,0.223272,23776.3,0.001000
157400,2.112061,0.213688,2.112748,0.211672,23778.0,0.001000
157500,2.064368,0.258264,2.065195,0.256956,23779.7,0.001000
157600,2.065494,0.220260,2.067077,0.218256,23781.4,0.001000
157700,1.912289,0.337856,1.911651,0.338140,23783.1,0.001000
157800,2.065925,0.220412,2.066195,0.217124,23784.8,0.001000
157900,1.910704,0.321700,1.911970,0.320580,23786.4,0.001000
158000,2.022536,0.229104,2.024112,0.228620,23788.1,0.001000
158100,1.990572,0.283124,1.992013,0.281060,23789.8,0.001000
158200,2.030547,0.277244,2.033262,0.273336,23791.5,0.001000
158300,2.271408,0.146984,2.274806,0.145504,23793.2,0.001000
158400,2.072654,0.231620,2.074497,0.229820,23794.9,0.001000
158500,1.918825,0.322948,1.919161,0.320588,23796.6,0.001000
158600,2.095578,0.212512,2.095834,0.212220,23798.3,0.001000
158700,2.428264,0.148152,2.431946,0.148236,23800.0,0.001000
158800,2.013694,0.257608,2.014731,0.255344,23801.7,0.001000
158900,2.247808,0.179732,2.249471,0.176936,23803.4,0.001000
159000,2.553398,0.106192,2.553947,0.106244,23805.0,0.001000
159100,2.078583,0.198188,2.078599,0.199448,23806.8,0.001000
159200,1.913853,0.338244,1.915859,0.335700,23808.5,0.001000
159300,2.166173,0.204932,2.167091,0.201768,23810.2,0.001000
159400,2.029243,0.229964,2.030230,0.228092,23812.0,0.001000
159500,2.098753,0.200380,2.100526,0.197932,23813.8,0.001000
159600,1.952704,0.288240,1.954291,0.284920,23815.5,0.001000
159700,2.221273,0.163268,2.221694,0.162272,23817.2,0.001000
159800,2.015937,0.230016,2.017021,0.228436,23818.8,0.001000
159900,2.103768,0.213240,2.104364,0.210720,23820.5,0.001000
160000,2.091527,0.234520,2.090976,0.232900,23822.2,0.001000
160100,1.964353,0.280396,1.963757,0.278916,23823.8,0.001000
160200,2.052228,0.222348,2.052994,0.221796,23825.5,0.001000
160300,1.964869,0.283464,1.964748,0.283044,23827.2,0.001000
160400,1.982930,0.270240,1.984347,0.268908,23828.8,0.001000
160500,2.001848,0.256552,2.002093,0.254472,23830.5,0.001000
160600,2.257235,0.182080,2.255411,0.180296,23832.2,0.001000
160700,1.934510,0.309752,1.935821,0.309204,23833.9,0.001000
160800,2.143759,0.213384,2.145710,0.213244,23835.5,0.001000
160900,2.065866,0.225540,2.067244,0.224756,23837.2,0.001000
161000,2.146443,0.201256,2.147517,0.199160,23838.8,0.001000
161100,2.005337,0.273804,2.005728,0.274792,23840.5,0.001000
161200,2.257946,0.158144,2.259836,0.156488,23842.2,0.001000
161300,2.155035,0.254012,2.157597,0.250688,23843.8,0.001000
161400,2.052407,0.234280,2.052170,0.233488,23845.6,0.001000
161500,2.043528,0.245472,2.045668,0.243900,23847.2,0.001000
161600,1.995821,0.259996,1.997368,0.256188,23848.9,0.001000
161700,1.917815,0.313732,1.918807,0.311660,23850.5,0.001000
161800,1.939700,0.305116,1.940202,0.305012,23852.2,0.001000
161900,1.981925,0.263392,1.982144,0.263116,23853.8,0.001000
162000,2.001617,0.240388,2.002993,0.238544,23855.5,0.001000
162100,2.099374,0.226608,2.099400,0.225476,23857.1,0.001000
162200,1.990237,0.283532,1.990535,0.280680,23858.8,0.001000
162300,2.063445,0.219192,2.063802,0.219784,23860.4,0.001000
162400,2.156976,0.207088,2.158436,0.206052,23862.1,0.001000
162500,2.020088,0.231432,2.020905,0.230624,23863.8,0.001000
162600,2.043142,0.238124,2.045761,0.234140,23865.5,0.001000
162700,2.071792,0.209412,2.071509,0.209668,23867.2,0.001000
162800,1.982185,0.255724,1.982796,0.252584,23868.8,0.001000
162900,1.962948,0.282864,1.963425,0.281860,23870.5,0.001000
163000,1.931924,0.290708,1.931715,0.288948,23872.2,0.001000
163100,1.982230,0.278592,1.982487,0.278388,23873.8,0.001000
163200,2.037918,0.226500,2.039488,0.225112,23875.5,0.001000
163300,2.006865,0.255684,2.007922,0.252992,23877.1,0.001000
163400,2.073503,0.208068,2.073057,0.208088,23878.8,0.001000
163500,2.166869,0.208392,2.165831,0.208484,23880.4,0.001000
163600,2.018746,0.260832,2.020340,0.259344,23882.1,0.001000
163700,2.040981,0.211940,2.042845,0.210920,23883.7,0.001000
163800,2.173664,0.169192,2.176448,0.167428,23885.4,0.001000
163900,1.884696,0.373216,1.885599,0.370028,23887.0,0.001000
164000,1.993027,0.276856,1.996013,0.274648,23888.6,0.001000
164100,1.901763,0.357392,1.902167,0.354616,23890.3,0.001000
164200,1.927671,0.322608,1.928502,0.320332,23892.0,0.001000
164300,2.075899,0.231568,2.076489,0.229040,23893.6,0.001000
164400,1.935842,0.289124,1.936428,0.287592,23895.3,0.001000
164500,2.069579,0.232060,2.068934,0.232456,23897.0,0.001000
164600,1.929308,0.298892,1.930658,0.297412,23898.7,0.001000
164700,2.467151,0.143096,2.467431,0.142252,23900.3,0.001000
164800,1.986093,0.277892,1.987196,0.277492,23902.0,0.001000
164900,2.140666,0.205152,2.141248,0.205720,23903.6,0.001000
165000,2.230696,0.189636,2.229275,0.189308,23905.3,0.001000
165100,2.274776,0.164668,2.271978,0.165904,23906.9,0.001000
165200,2.061826,0.243168,2.061151,0.242044,23908.6,0.001000
165300,2.043771,0.260808,2.045718,0.257336,23910.3,0.001000
165400,2.065633,0.223544,2.067271,0.221772,23911.9,0.001000
165500,1.960417,0.284552,1.961630,0.282612,23913.5,0.001000
165600,2.119931,0.195104,2.121043,0.194136,23915.2,0.001000
165700,2.375411,0.131964,2.370373,0.130972,23916.8,0.001000
165800,2.058566,0.219356,2.059592,0.219088,23918.5,0.001000
165900,2.069285,0.234216,2.069231,0.234240,23920.2,0.001000
166000,2.343935,0.166796,2.344784,0.166424,23921.8,0.001000
166100,2.069208,0.230816,2.069484,0.228672,23923.5,0.001000
166200,1.969307,0.274812,1.970791,0.271544,23925.2,0.001000
166300,2.034607,0.242812,2.033950,0.242092,23926.8,0.001000
166400,2.271850,0.168436,2.272393,0.166456,23928.5,0.001000
166500,1.939375,0.301512,1.939069,0.299788,23930.2,0.001000
166600,2.004012,0.264424,2.005202,0.263076,23931.9,0.001000
166700,2.010707,0.260556,2.011193,0.262560,23933.6,0.001000
166800,2.079205,0.205128,2.080388,0.204600,23935.2,0.001000
166900,2.014371,0.250972,2.014364,0.251320,23936.9,0.001000
167000,1.951700,0.277296,1.953788,0.276116,23938.6,0.001000
167100,1.930544,0.302920,1.931397,0.300712,23940.3,0.001000
167200,2.175054,0.171116,2.175615,0.169692,23941.9,0.001000
167300,2.010252,0.257224,2.012677,0.254136,23943.6,0.001000
167400,2.019297,0.227996,2.018878,0.228788,23945.3,0.001000
167500,2.003488,0.264932,2.004622,0.263044,23946.9,0.001000
167600,2.021677,0.249748,2.022571,0.249284,23948.6,0.001000
167700,1.983918,0.257584,1.985281,0.254304,23950.2,0.001000
167800,1.938553,0.295548,1.939532,0.294872,23951.9,0.001000
167900,1.980552,0.291408,1.980516,0.288848,23953.5,0.001000
168000,1.919186,0.301672,1.920500,0.297808,23955.2,0.001000
168100,1.959900,0.296112,1.962442,0.293252,23956.8,0.001000
168200,2.172388,0.187472,2.172755,0.186464,23958.5,0.001000
168300,2.081833,0.218028,2.083192,0.216376,23960.1,0.001000
168400,1.894384,0.344904,1.894584,0.344804,23961.9,0.001000
168500,1.965199,0.290196,1.965859,0.288872,23963.6,0.001000
168600,1.925161,0.320340,1.925403,0.318668,23965.2,0.001000
168700,1.941888,0.287260,1.941756,0.287900,23966.9,0.001000
168800,2.062677,0.242304,2.064365,0.242032,23968.5,0.001000
168900,2.186082,0.167988,2.187011,0.167056,23970.2,0.001000
169000,2.221571,0.214220,2.224617,0.213196,23971.9,0.001000
169100,1.983260,0.263800,1.983913,0.261864,23973.5,0.001000
169200,1.934181,0.316088,1.934808,0.314520,23975.2,0.001000
169300,1.890080,0.358232,1.890208,0.358112,23976.8,0.001000
169400,2.418488,0.118912,2.421603,0.117600,23978.5,0.001000
169500,2.056743,0.240000,2.057723,0.236692,23980.1,0.001000
169600,2.197443,0.142008,2.198517,0.142880,23981.8,0.001000
169700,1.900725,0.315104,1.900098,0.315552,23983.4,0.001000
169800,2.027848,0.261644,2.028531,0.260792,23985.1,0.001000
169900,1.992474,0.273340,1.994107,0.271640,23986.7,0.001000
170000,2.015432,0.234276,2.016373,0.231020,23988.3,0.001000
170100,2.056643,0.235172,2.057930,0.234160,23990.0,0.001000
170200,1.971274,0.275200,1.971557,0.273736,23991.6,0.001000
170300,2.139145,0.181788,2.140724,0.180616,23993.3,0.001000
170400,2.267035,0.180112,2.267691,0.177672,23995.0,0.001000
170500,2.133030,0.215816,2.136166,0.215064,23996.6,0.001000
170600,2.014040,0.275944,2.013417,0.276272,23998.3,0.001000
170700,2.286953,0.176688,2.289823,0.176808,23999.9,0.001000
170800,2.045063,0.245036,2.045209,0.244680,24001.6,0.001000
170900,2.138524,0.218096,2.141484,0.216804,24003.3,0.001000
171000,2.014077,0.230868,2.015686,0.228548,24004.9,0.001000
171100,2.131382,0.204384,2.131745,0.203536,24006.6,0.001000
171200,2.056091,0.233272,2.057213,0.230460,24008.3,0.001000
171300,1.949381,0.290932,1.949886,0.288224,24009.9,0.001000
171400,2.167624,0.208340,2.166986,0.207808,24011.6,0.001000
171500,1.954670,0.274916,1.955630,0.274420,24013.3,0.001000
171600,1.913396,0.323668,1.914396,0.322388,24014.9,0.001000
171700,2.038077,0.221192,2.039341,0.220284,24016.6,0.001000
171800,2.322706,0.141836,2.323227,0.140176,24018.2,0.001000
171900,1.997434,0.261272,1.998520,0.258264,24019.9,0.001000
172000,2.023023,0.229044,2.022906,0.226964,24021.6,0.001000
172100,2.000924,0.262800,2.000635,0.261816,24023.2,0.001000
172200,1.931051,0.314100,1.933290,0.311316,24024.9,0.001000
172300,1.999935,0.233716,2.000174,0.232112,24026.6,0.001000
172400,2.007065,0.261620,2.006735,0.260616,24028.3,0.001000
172500,2.011918,0.229576,2.012019,0.227656,24029.9,0.001000
172600,2.041524,0.238492,2.041617,0.237380,24031.6,0.001000
172700,1.939973,0.284116,1.941917,0.280716,24033.2,0.001000
172800,1.984561,0.294596,1.984413,0.292688,24034.9,0.001000
172900,2.219623,0.160088,2.219852,0.159424,24036.5,0.001000
173000,1.953076,0.287972,1.953927,0.286492,24038.2,0.001000
173100,1.982616,0.296860,1.984297,0.295344,24039.8,0.001000
173200,2.450873,0.160028,2.457840,0.158236,24041.5,0.001000
173300,2.042840,0.242600,2.043956,0.239968,24043.2,0.001000
173400,2.014570,0.254936,2.014958,0.254420,24044.8,0.001000
173500,2.256310,0.182696,2.256781,0.181928,24046.5,0.001000
173600,2.111101,0.201220,2.111892,0.199836,24048.1,0.001000
173700,2.214233,0.184136,2.215266,0.182016,24049.8,0.001000
173800,2.251968,0.181076,2.252863,0.180008,24051.5,0.001000
173900,2.107053,0.208828,2.109754,0.205412,24053.2,0.001000
174000,1.967161,0.271348,1.968202,0.266868,24054.9,0.001000
174100,2.161497,0.211792,2.164025,0.209128,24056.5,0.001000
174200,2.221585,0.182564,2.220891,0.180484,24058.2,0.001000
174300,2.455423,0.137708,2.455942,0.136460,24059.8,0.001000
174400,1.889530,0.384468,1.890662,0.382072,24061.5,0.001000
174500,1.949267,0.301728,1.949837,0.300052,24063.2,0.001000
174600,2.016988,0.251484,2.016180,0.251504,24064.8,0.001000
174700,2.044111,0.226248,2.044436,0.225216,24066.5,0.001000
174800,1.983905,0.258020,1.983929,0.257764,24068.1,0.001000
174900,2.084350,0.202792,2.085709,0.200736,24069.8,0.001000
175000,1.971254,0.281448,1.972346,0.280188,24071.4,0.001000
175100,1.990267,0.297732,1.992058,0.295840,24073.1,0.001000
175200,2.021291,0.229316,2.021790,0.229388,24074.8,0.001000
175300,1.990358,0.286112,1.992192,0.284276,24076.4,0.001000
175400,1.998838,0.281172,1.999959,0.278136,24078.1,0.001000
175500,1.976642,0.267736,1.978434,0.265184,24079.7,0.001000
175600,2.098205,0.217656,2.099800,0.214520,24081.4,0.001000
175700,2.128729,0.182176,2.129802,0.180632,24083.1,0.001000
175800,2.093827,0.210916,2.094370,0.210336,24084.7,0.001000
175900,2.141788,0.203832,2.145459,0.203276,24086.4,0.001000
176000,2.030058,0.220884,2.031049,0.219144,24088.0,0.001000
176100,2.131949,0.205312,2.132564,0.203056,24089.7,0.001000
176200,2.338211,0.130724,2.339450,0.129960,24091.3,0.001000
176300,1.983387,0.281860,1.984257,0.280184,24093.0,0.001000
176400,2.041735,0.246952,2.042172,0.245296,24094.7,0.001000
176500,1.967277,0.288120,1.968568,0.286688,24096.3,0.001000
176600,2.021089,0.249592,2.022432,0.249304,24098.0,0.001000
176700,2.009804,0.253184,2.011232,0.251392,24099.6,0.001000
176800,2.092325,0.204964,2.093945,0.204620,24101.3,0.001000
176900,2.211329,0.180040,2.213628,0.178268,24102.9,0.001000
177000,2.212506,0.200200,2.213689,0.197684,24104.6,0.001000
177100,2.008426,0.241816,2.008882,0.240656,24106.2,0.001000
177200,2.128986,0.210072,2.130013,0.208064,24107.9,0.001000
177300,1.975751,0.277344,1.978734,0.274056,24109.6,0.001000
177400,2.098714,0.246956,2.097554,0.246512,24111.3,0.001000
177500,2.087605,0.211728,2.088091,0.211156,24113.0,0.001000
177600,2.033429,0.223512,2.035032,0.221360,24114.7,0.001000
177700,1.921793,0.322708,1.923658,0.318956,24116.4,0.001000
177800,1.961866,0.295164,1.963514,0.293268,24118.1,0.001000
177900,1.981636,0.289640,1.982360,0.286680,24119.7,0.001000
178000,1.983974,0.295404,1.983546,0.295192,24121.4,0.001000
178100,2.082815,0.217316,2.083983,0.215260,24123.0,0.001000
178200,1.934383,0.304392,1.935389,0.303308,24124.7,0.001000
178300,2.149347,0.210324,2.150224,0.207440,24126.4,0.001000
178400,2.061525,0.232756,2.061734,0.231728,24128.0,0.001000
178500,1.926468,0.284868,1.927330,0.284040,24129.7,0.001000
178600,1.970061,0.264872,1.971069,0.262748,24131.3,0.001000
178700,2.057536,0.222256,2.058309,0.220124,24133.0,0.001000
178800,2.243973,0.172396,2.247853,0.169708,24134.7,0.001000
178900,2.253798,0.197224,2.254364,0.196152,24136.3,0.001000
179000,2.068143,0.251068,2.070642,0.248980,24138.0,0.001000
179100,2.012064,0.242992,2.013290,0.241664,24139.7,0.001000
179200,1.972082,0.286468,1.974357,0.283464,24141.4,0.001000
179300,2.012105,0.243172,2.012258,0.243652,24143.1,0.001000
179400,2.134907,0.209848,2.134233,0.210432,24144.8,0.001000
179500,2.050749,0.251864,2.051563,0.249672,24146.4,0.001000
179600,2.045348,0.234008,2.047490,0.232628,24148.1,0.001000
179700,2.132536,0.185524,2.130110,0.183980,24149.8,0.001000
179800,2.103843,0.206524,2.106183,0.204236,24151.5,0.001000
179900,1.968526,0.300044,1.971710,0.297708,24153.1,0.001000
180000,1.973910,0.261680,1.975280,0.259332,24154.8,0.001000
180100,2.067721,0.234860,2.068038,0.233280,24156.5,0.001000
180200,2.030838,0.236720,2.031447,0.234304,24158.1,0.001000
180300,2.136773,0.191376,2.139325,0.189584,24159.8,0.001000
180400,2.080731,0.206276,2.081330,0.206180,24161.4,0.001000
180500,1.984854,0.265660,1.986671,0.262224,24163.1,0.001000
180600,2.011128,0.246060,2.012666,0.242404,24164.8,0.001000
180700,1.935085,0.309908,1.936103,0.308200,24166.4,0.001000
180800,2.020168,0.243052,2.019316,0.240744,24168.1,0.001000
180900,2.077013,0.212936,2.078569,0.211608,24169.7,0.001000
181000,2.077706,0.221200,2.078552,0.222664,24171.4,0.001000
181100,2.145726,0.178204,2.146334,0.177024,24173.1,0.001000
181200,2.333621,0.180780,2.334534,0.180104,24174.8,0.001000
181300,2.184202,0.201372,2.181656,0.201452,24176.5,0.001000
181400,2.061504,0.234928,2.061041,0.233020,24178.1,0.001000
181500,2.828068,0.100776,2.828591,0.099544,24179.8,0.001000
181600,2.009758,0.264864,2.011223,0.261224,24181.4,0.001000
181700,2.095931,0.202708,2.096991,0.200964,24183.1,0.001000
181800,1.948307,0.289440,1.949353,0.288708,24184.7,0.001000
181900,2.140918,0.223536,2.142208,0.222976,24186.4,0.001000
182000,1.946254,0.315912,1.947615,0.313704,24188.1,0.001000
182100,1.853382,0.386012,1.854300,0.383228,24189.7,0.001000
182200,2.041544,0.238520,2.044902,0.237032,24191.4,0.001000
182300,2.453878,0.159700,2.453130,0.158316,24193.0,0.001000
182400,2.211455,0.187820,2.209542,0.188116,24194.7,0.001000
182500,2.020622,0.231184,2.020950,0.228832,24196.4,0.001000
182600,2.108544,0.185184,2.109314,0.185240,24198.0,0.001000
182700,2.115304,0.184660,2.116582,0.183824,24199.7,0.001000
182800,1.983815,0.250668,1.984094,0.249792,24201.4,0.001000
182900,2.190643,0.175052,2.190287,0.173684,24203.0,0.001000
183000,2.020670,0.281756,2.022463,0.278172,24204.7,0.001000
183100,1.943332,0.310264,1.944526,0.308520,24206.4,0.001000
183200,2.007994,0.265856,2.009907,0.264008,24208.1,0.001000
183300,2.193458,0.182232,2.195323,0.180780,24209.7,0.001000
183400,2.077756,0.249708,2.079555,0.247420,24211.4,0.001000
183500,2.012948,0.278592,2.013467,0.277296,24213.1,0.001000
183600,2.085908,0.225332,2.086393,0.226500,24214.8,0.001000
183700,2.032147,0.260012,2.033106,0.258444,24216.4,0.001000
183800,2.254303,0.164500,2.255510,0.163704,24218.1,0.001000
183900,2.107265,0.206664,2.107697,0.204436,24219.7,0.001000
184000,2.061795,0.242648,2.063179,0.240440,24221.4,0.001000
184100,2.002061,0.242520,2.002036,0.242772,24223.0,0.001000
184200,2.096797,0.227584,2.097441,0.225608,24224.7,0.001000
184300,2.036713,0.242024,2.037671,0.240556,24226.4,0.001000
184400,2.189729,0.209192,2.190871,0.209488,24228.0,0.001000
184500,2.095486,0.229804,2.097613,0.227384,24229.7,0.001000
184600,1.994203,0.236668,1.994946,0.235284,24231.3,0.001000
184700,2.181698,0.203232,2.182220,0.202196,24233.0,0.001000
184800,2.287673,0.186720,2.292429,0.185632,24234.6,0.001000
184900,2.033381,0.255652,2.034621,0.254008,24236.3,0.001000
185000,1.949293,0.285988,1.950526,0.283276,24238.0,0.001000
185100,1.963189,0.295852,1.964659,0.292572,24239.7,0.001000
185200,2.444737,0.144712,2.445827,0.145992,24241.3,0.001000
185300,2.124406,0.208524,2.125406,0.207492,24243.0,0.001000
185400,2.046398,0.236272,2.047973,0.236080,24244.7,0.001000
185500,1.916396,0.317016,1.917363,0.313836,24246.4,0.001000
185600,2.098087,0.211532,2.097750,0.211344,24248.1,0.001000
185700,2.007784,0.237672,2.007401,0.236100,24249.7,0.001000
185800,1.995282,0.224184,1.995168,0.223744,24251.4,0.001000
185900,1.967002,0.253476,1.968754,0.250500,24253.1,0.001000
186000,2.039915,0.246028,2.040990,0.245616,24254.7,0.001000
186100,2.092569,0.219824,2.092964,0.219984,24256.4,0.001000
186200,2.097298,0.209956,2.099104,0.207836,24258.0,0.001000
186300,2.117801,0.226360,2.119498,0.224640,24259.7,0.001000
186400,2.165318,0.194484,2.162895,0.193352,24261.4,0.001000
186500,1.995574,0.272536,1.997386,0.268932,24263.0,0.001000
186600,2.024723,0.249572,2.027019,0.247744,24264.7,0.001000
186700,1.974707,0.282024,1.975307,0.279496,24266.3,0.001000
186800,2.266026,0.159208,2.266153,0.158280,24268.0,0.001000
186900,1.997616,0.254564,1.998938,0.253424,24269.7,0.001000
187000,2.025610,0.227464,2.026428,0.225432,24271.4,0.001000
187100,1.992353,0.260340,1.992645,0.260408,24273.1,0.001000
187200,2.284908,0.153324,2.284382,0.153680,24274.8,0.001000
187300,1.991472,0.282144,1.993507,0.280544,24276.5,0.001000
187400,1.959645,0.261740,1.960163,0.259508,24278.1,0.001000
187500,2.027403,0.240352,2.029263,0.238924,24279.8,0.001000
187600,1.975392,0.280876,1.976038,0.278076,24281.5,0.001000
187700,2.069925,0.231888,2.070547,0.229964,24283.1,0.001000
187800,2.100790,0.232560,2.102318,0.232600,24284.8,0.001000
187900,2.361624,0.156216,2.361509,0.155648,24286.4,0.001000
188000,1.966945,0.276832,1.967625,0.274092,24288.1,0.001000
188100,1.982026,0.262208,1.984468,0.258468,24289.8,0.001000
188200,1.967058,0.261496,1.968329,0.258748,24291.4,0.001000
188300,1.988012,0.266936,1.988359,0.266912,24293.0,0.001000
188400,2.026760,0.218344,2.027277,0.216236,24294.7,0.001000
188500,2.021205,0.243132,2.024250,0.239624,24296.4,0.001000
188600,2.173474,0.222292,2.176205,0.220704,24298.0,0.001000
188700,2.082667,0.191520,2.083559,0.190880,24299.7,0.001000
188800,1.882193,0.347000,1.883508,0.344764,24301.4,0.001000
188900,2.011666,0.238488,2.011419,0.238524,24303.1,0.001000
189000,2.027824,0.243612,2.029221,0.243200,24304.8,0.001000
189100,2.095189,0.194324,2.097306,0.193156,24306.5,0.001000
189200,1.936890,0.291208,1.938600,0.288844,24308.1,0.001000
189300,2.063707,0.242216,2.063971,0.241024,24309.8,0.001000
189400,2.111298,0.197208,2.111390,0.195504,24311.5,0.001000
189500,2.120534,0.199164,2.120159,0.197792,24313.1,0.001000
189600,1.930084,0.291372,1.930017,0.289604,24314.8,0.001000
189700,2.097166,0.190332,2.095503,0.190268,24316.4,0.001000
189800,2.014913,0.241628,2.015490,0.242988,24318.1,0.001000
189900,2.084536,0.202820,2.086137,0.203440,24319.8,0.001000
190000,2.002188,0.244916,2.003589,0.243616,24321.4,0.001000
190100,1.932045,0.283672,1.933845,0.281676,24323.1,0.001000
190200,1.903494,0.309480,1.903527,0.309456,24324.7,0.001000
190300,2.096601,0.219528,2.098544,0.218740,24326.4,0.001000
190400,1.881747,0.323876,1.883262,0.321568,24328.1,0.001000
190500,2.070134,0.203284,2.071813,0.201092,24329.8,0.001000
190600,1.981079,0.280352,1.982205,0.277932,24331.4,0.001000
190700,2.061722,0.235832,2.063490,0.234496,24333.1,0.001000
190800,2.031719,0.257284,2.033886,0.254676,24334.8,0.001000
190900,2.008637,0.224724,2.009771,0.223036,24336.5,0.001000
191000,2.295489,0.170504,2.300603,0.167704,24338.2,0.001000
191100,2.036603,0.271044,2.036866,0.270436,24339.8,0.001000
191200,2.027258,0.241336,2.028764,0.240036,24341.5,0.001000
191300,2.002597,0.231628,2.002936,0.231276,24343.2,0.001000
191400,2.051692,0.233148,2.051880,0.232892,24344.8,0.001000
191500,2.079283,0.249992,2.079994,0.248576,24346.5,0.001000
191600,1.907961,0.306952,1.908521,0.303956,24348.2,0.001000
191700,1.953090,0.260976,1.953287,0.260880,24349.8,0.001000
191800,1.911932,0.301412,1.912237,0.299364,24351.5,0.001000
191900,1.947557,0.286224,1.948244,0.286124,24353.2,0.001000
192000,1.959671,0.265804,1.960213,0.263576,24354.8,0.001000
192100,2.031584,0.229800,2.034221,0.229588,24356.5,0.001000
192200,1.948097,0.281408,1.949535,0.279856,24358.2,0.001000
192300,2.114438,0.219576,2.117016,0.216364,24359.8,0.001000
192400,2.024222,0.231324,2.025006,0.231120,24361.5,0.001000
192500,1.896894,0.315204,1.898731,0.311648,24363.1,0.001000
192600,1.949141,0.271432,1.950761,0.270288,24364.8,0.001000
192700,1.926706,0.282792,1.926693,0.280968,24366.5,0.001000
192800,2.008526,0.240656,2.009412,0.240764,24368.2,0.001000
192900,2.008242,0.241084,2.009284,0.240728,24369.8,0.001000
193000,2.172646,0.198312,2.174948,0.198068,24371.5,0.001000
193100,1.961989,0.282216,1.962864,0.282496,24373.1,0.001000
193200,2.139443,0.168876,2.139893,0.168080,24374.8,0.001000
193300,2.062538,0.246656,2.063952,0.243544,24376.4,0.001000
193400,2.094391,0.210912,2.094207,0.210260,24378.1,0.001000
193500,1.942035,0.280388,1.942723,0.280388,24379.8,0.001000
193600,2.070651,0.211180,2.072083,0.209868,24381.4,0.001000
193700,2.057897,0.218284,2.059461,0.217980,24383.1,0.001000
193800,1.865404,0.350916,1.866486,0.349792,24384.8,0.001000
193900,1.953129,0.269496,1.953585,0.269208,24386.5,0.001000
194000,2.001456,0.263556,2.001795,0.263608,24388.1,0.001000
194100,2.082515,0.227540,2.083613,0.225536,24389.8,0.001000
194200,1.907714,0.301680,1.908314,0.302960,24391.4,0.001000
194300,1.965450,0.261492,1.966544,0.258412,24393.1,0.001000
194400,2.046381,0.235804,2.048469,0.234504,24394.8,0.001000
194500,1.945450,0.279932,1.945489,0.280252,24396.4,0.001000
194600,2.025234,0.224792,2.025852,0.224256,24398.1,0.001000
194700,1.987622,0.264276,1.988110,0.262680,24399.8,0.001000
194800,1.947180,0.256388,1.948979,0.255304,24401.5,0.001000
194900,1.949606,0.277348,1.950019,0.274808,24403.1,0.001000
195000,2.040958,0.206356,2.042415,0.205728,24404.8,0.001000
195100,2.020429,0.241172,2.021456,0.239888,24406.4,0.001000
195200,2.241915,0.174036,2.242068,0.173636,24408.1,0.001000
195300,1.919435,0.307064,1.920594,0.304852,24409.7,0.001000
195400,2.047404,0.260180,2.049259,0.260636,24411.4,0.001000
195500,2.047656,0.215796,2.047445,0.215072,24413.2,0.001000
195600,2.066200,0.213676,2.065763,0.212116,24414.9,0.001000
195700,1.933933,0.279208,1.934985,0.277552,24416.5,0.001000
195800,2.072131,0.232812,2.072592,0.230572,24418.2,0.001000
195900,2.165055,0.189228,2.167967,0.188084,24419.9,0.001000
196000,2.032131,0.239580,2.032838,0.237552,24421.6,0.001000
196100,2.100732,0.198444,2.099893,0.198508,24423.2,0.001000
196200,2.032608,0.241956,2.033459,0.239672,24424.9,0.001000
196300,1.895858,0.312696,1.897203,0.308524,24426.6,0.001000
196400,2.000646,0.260652,2.002246,0.258936,24428.2,0.001000
196500,1.983396,0.260332,1.984480,0.259348,24429.9,0.001000
196600,1.905660,0.313780,1.906232,0.312100,24431.5,0.001000
196700,2.328340,0.157048,2.330626,0.155836,24433.2,0.001000
196800,1.924656,0.301276,1.926086,0.299924,24434.9,0.001000
196900,1.903413,0.324404,1.903625,0.324988,24436.5,0.001000
197000,1.882795,0.330436,1.881913,0.331252,24438.2,0.001000
197100,2.066550,0.239028,2.070033,0.235132,24439.9,0.001000
197200,1.926621,0.296692,1.927799,0.295680,24441.6,0.001000
197300,1.986716,0.263568,1.988106,0.260712,24443.3,0.001000
197400,1.906590,0.308152,1.907987,0.305864,24445.0,0.001000
197500,2.091732,0.210820,2.092705,0.209340,24446.7,0.001000
197600,1.994623,0.214272,1.994519,0.213064,24448.4,0.001000
197700,1.908408,0.316988,1.909428,0.315472,24450.1,0.001000
197800,1.999729,0.262968,2.000398,0.259692,24451.7,0.001000
197900,2.071161,0.223792,2.073212,0.222208,24453.4,0.001000
198000,2.009935,0.236520,2.010325,0.237020,24455.1,0.001000
198100,2.033031,0.212492,2.034947,0.210616,24456.8,0.001000
198200,2.148775,0.185960,2.152859,0.185680,24458.5,0.001000
198300,1.943014,0.276348,1.944519,0.272140,24460.1,0.001000
198400,2.308353,0.147252,2.309481,0.146548,24461.8,0.001000
198500,2.068166,0.217144,2.068744,0.216056,24463.4,0.001000
198600,1.911374,0.321916,1.913216,0.319096,24465.1,0.001000
198700,2.011981,0.265848,2.011247,0.266912,24466.8,0.001000
198800,2.107416,0.203188,2.108928,0.203776,24468.4,0.001000
198900,2.069875,0.217640,2.071020,0.217996,24470.1,0.001000
199000,1.943037,0.307280,1.944498,0.307252,24471.8,0.001000
199100,1.989457,0.246304,1.989030,0.244984,24473.5,0.001000
199200,2.098232,0.239268,2.098073,0.237612,24475.2,0.001000
199300,1.939057,0.319480,1.939892,0.318100,24477.0,0.001000
199400,2.086388,0.220600,2.085446,0.218724,24478.6,0.001000
199500,1.972122,0.298728,1.972677,0.297292,24480.3,0.001000
199600,1.980069,0.256872,1.980711,0.258080,24482.0,0.001000
199700,2.030859,0.232464,2.032710,0.228632,24483.6,0.001000
199800,2.048002,0.246672,2.050608,0.245336,24485.3,0.001000
199900,2.024758,0.233836,2.026235,0.232776,24487.0,0.001000
