step,train_loss,train_acc,test_loss,test_acc,elapsed_sec,lr
0,5.061327,0.006803,5.101009,0.005739,0.0,0.000200
100,4.577515,0.009566,4.593599,0.008077,0.8,0.010000
200,4.584437,0.012117,4.592054,0.008502,1.4,0.010000
300,4.590544,0.011905,4.593441,0.008714,2.0,0.010000
400,4.592154,0.012543,4.594037,0.008077,2.6,0.010000
500,4.592371,0.012968,4.594120,0.007651,3.2,0.010000
600,4.592087,0.012968,4.594059,0.007651,3.8,0.010000
700,4.590906,0.012543,4.593729,0.008077,4.4,0.010000
800,4.587982,0.012968,4.592962,0.007651,5.1,0.010000
900,4.584858,0.012543,4.592409,0.008077,5.7,0.010000
1000,4.583160,0.011480,4.592578,0.009139,6.4,0.010000
1100,4.582860,0.012968,4.592215,0.007651,7.3,0.010000
1200,4.583095,0.012968,4.591601,0.007651,8.0,0.010000
1300,4.582793,0.012968,4.592030,0.007651,8.5,0.010000
1400,4.582938,0.012968,4.591757,0.007651,9.1,0.010000
1500,4.583030,0.012968,4.591704,0.007651,9.8,0.010000
1600,4.582971,0.012968,4.591844,0.007651,10.4,0.010000
1700,4.582790,0.012968,4.592158,0.007651,11.0,0.010000
1800,4.582828,0.012968,4.591933,0.007651,11.6,0.010000
1900,4.582441,0.012968,4.592544,0.007651,12.3,0.010000
2000,4.582515,0.012968,4.592626,0.007651,12.9,0.010000
2100,4.582829,0.011905,4.591922,0.008714,13.5,0.010000
2200,4.582716,0.012968,4.592160,0.007651,14.1,0.010000
2300,4.582393,0.012968,4.592622,0.007651,14.7,0.010000
2400,4.582168,0.012968,4.592902,0.007651,15.3,0.010000
2500,4.582482,0.012968,4.592407,0.007651,15.9,0.010000
2600,4.582785,0.012543,4.591896,0.008077,16.5,0.010000
2700,4.582715,0.012968,4.592214,0.007651,17.1,0.010000
2800,4.582803,0.012968,4.591872,0.007651,17.7,0.010000
2900,4.582922,0.012543,4.591692,0.008077,18.2,0.010000
3000,4.582785,0.012968,4.592052,0.007651,18.8,0.010000
3100,4.582801,0.012543,4.592021,0.008077,19.4,0.010000
3200,4.582573,0.012968,4.592371,0.007651,20.1,0.010000
3300,4.582869,0.012543,4.591806,0.008077,20.6,0.010000
3400,4.582752,0.012968,4.592097,0.007651,21.2,0.010000
3500,4.582822,0.012543,4.591841,0.008077,21.8,0.010000
3600,4.582563,0.012968,4.592433,0.007651,22.4,0.010000
3700,4.582870,0.012968,4.591882,0.007651,23.0,0.010000
3800,4.582788,0.011480,4.591936,0.009139,23.6,0.010000
3900,4.582934,0.012968,4.591829,0.007651,24.2,0.010000
4000,4.583080,0.012968,4.591682,0.007651,24.8,0.010000
4100,4.582718,0.012968,4.592122,0.007651,25.4,0.010000
4200,4.582933,0.012117,4.591900,0.008502,26.0,0.010000
4300,4.582875,0.012968,4.591774,0.007651,26.6,0.010000
4400,4.582704,0.012968,4.592026,0.007651,27.2,0.010000
4500,4.583045,0.012543,4.591502,0.008077,27.7,0.010000
4600,4.582786,0.012968,4.591999,0.007651,28.3,0.010000
4700,4.582746,0.012968,4.592073,0.007651,28.9,0.010000
4800,4.582364,0.012543,4.592584,0.008077,29.6,0.010000
4900,4.582836,0.012968,4.591789,0.007651,30.2,0.010000
5000,4.582882,0.012968,4.591849,0.007651,30.8,0.010000
5100,4.582634,0.012968,4.592151,0.007651,31.4,0.010000
5200,4.583083,0.012543,4.591455,0.008077,32.0,0.010000
5300,4.583124,0.012968,4.591582,0.007651,32.6,0.010000
5400,4.583233,0.012117,4.591492,0.008502,33.3,0.010000
5500,4.582558,0.012543,4.592363,0.008077,33.9,0.010000
5600,4.582958,0.012968,4.591703,0.007651,34.5,0.010000
5700,4.583051,0.012968,4.591642,0.007651,35.1,0.010000
5800,4.582518,0.012543,4.592551,0.008077,35.7,0.010000
5900,4.582953,0.011905,4.591661,0.008714,36.3,0.010000
6000,4.582697,0.012543,4.592090,0.008077,36.9,0.010000
6100,4.582271,0.012543,4.592850,0.008077,37.5,0.010000
6200,4.582580,0.012543,4.592241,0.008077,38.1,0.010000
6300,4.582117,0.012968,4.593102,0.007651,38.7,0.010000
6400,4.582520,0.011480,4.592278,0.009139,39.3,0.010000
6500,4.582717,0.011905,4.592039,0.008714,39.9,0.010000
6600,4.582697,0.012968,4.592062,0.007651,40.5,0.010000
6700,4.583008,0.012968,4.591644,0.007651,41.1,0.010000
6800,4.582682,0.012968,4.592202,0.007651,41.7,0.010000
6900,4.583072,0.011480,4.591488,0.009139,42.3,0.010000
7000,4.582394,0.012968,4.592532,0.007651,42.9,0.010000
7100,4.582902,0.012968,4.591781,0.007651,43.5,0.010000
7200,4.582687,0.012968,4.592059,0.007651,44.1,0.010000
7300,4.582630,0.012968,4.592206,0.007651,44.7,0.010000
7400,4.582704,0.012543,4.592169,0.008077,45.3,0.010000
7500,4.582598,0.012968,4.592345,0.007651,45.9,0.010000
7600,4.582911,0.012968,4.591695,0.007651,46.5,0.010000
7700,4.582728,0.012117,4.592137,0.008502,47.1,0.010000
7800,4.582663,0.012543,4.592096,0.008077,47.7,0.010000
7900,4.582708,0.012543,4.592033,0.008077,48.3,0.010000
8000,4.582489,0.012543,4.592398,0.008077,48.9,0.010000
8100,4.582740,0.012968,4.592084,0.007651,49.5,0.010000
8200,4.582655,0.012968,4.592148,0.007651,50.1,0.010000
8300,4.582769,0.012968,4.592005,0.007651,50.6,0.010000
8400,4.583080,0.012117,4.591582,0.008502,51.2,0.010000
8500,4.582714,0.012543,4.592155,0.008077,51.8,0.010000
8600,4.582968,0.012543,4.591802,0.008077,52.4,0.010000
8700,4.582769,0.011905,4.591994,0.008714,53.0,0.010000
8800,4.582976,0.012968,4.591725,0.007651,53.6,0.010000
8900,4.582728,0.012968,4.592072,0.007651,54.1,0.010000
9000,4.582614,0.012968,4.592253,0.007651,54.8,0.010000
9100,4.582711,0.012968,4.591994,0.007651,55.4,0.010000
9200,4.582489,0.012968,4.592424,0.007651,56.1,0.010000
9300,4.582483,0.012543,4.592505,0.008077,56.8,0.010000
9400,4.582366,0.012968,4.592651,0.007651,57.5,0.010000
9500,4.582740,0.012968,4.591994,0.007651,58.1,0.010000
9600,4.582673,0.012968,4.592025,0.007651,58.8,0.010000
9700,4.582665,0.012968,4.592155,0.007651,59.5,0.010000
9800,4.583055,0.012543,4.591616,0.008077,60.1,0.010000
9900,4.582757,0.012968,4.592161,0.007651,60.7,0.010000
10000,4.583020,0.012543,4.591685,0.008077,61.2,0.010000
10100,4.582850,0.012968,4.591878,0.007651,61.8,0.010000
10200,4.582576,0.011480,4.592261,0.009139,62.4,0.010000
10300,4.583055,0.012968,4.591519,0.007651,63.0,0.010000
10400,4.583073,0.012968,4.591512,0.007651,63.6,0.010000
10500,4.582417,0.012968,4.592735,0.007651,64.2,0.010000
10600,4.582740,0.012968,4.592090,0.007651,64.8,0.010000
10700,4.583038,0.012968,4.591620,0.007651,65.5,0.010000
10800,4.582580,0.012968,4.592302,0.007651,66.1,0.010000
10900,4.582898,0.012968,4.591827,0.007651,66.7,0.010000
11000,4.582923,0.012968,4.591658,0.007651,67.3,0.010000
11100,4.582694,0.012543,4.592120,0.008077,67.9,0.010000
11200,4.582733,0.012968,4.591975,0.007651,68.5,0.010000
11300,4.582421,0.012968,4.592556,0.007651,69.1,0.010000
11400,4.582644,0.012968,4.592144,0.007651,69.7,0.010000
11500,4.582449,0.012968,4.592457,0.007651,70.3,0.010000
11600,4.582617,0.012968,4.592149,0.007651,70.9,0.010000
11700,4.582610,0.012968,4.592139,0.007651,71.6,0.010000
11800,4.582855,0.012968,4.591903,0.007651,72.3,0.010000
11900,4.582767,0.012968,4.592024,0.007651,72.8,0.010000
12000,4.582685,0.012968,4.592042,0.007651,73.4,0.010000
12100,4.582782,0.012968,4.591991,0.007651,74.0,0.010000
12200,4.582994,0.012968,4.591648,0.007651,74.6,0.010000
12300,4.582879,0.012968,4.591792,0.007651,75.1,0.010000
12400,4.582850,0.011905,4.591877,0.008714,75.7,0.010000
12500,4.582842,0.012968,4.591915,0.007651,76.4,0.010000
12600,4.582680,0.012968,4.592055,0.007651,77.0,0.010000
12700,4.582873,0.012968,4.591830,0.007651,77.6,0.010000
12800,4.582372,0.012543,4.592676,0.008077,78.2,0.010000
12900,4.582705,0.012117,4.592065,0.008502,78.8,0.010000
13000,4.582564,0.012543,4.592360,0.008077,79.4,0.010000
13100,4.582658,0.012968,4.592087,0.007651,80.0,0.010000
13200,4.582755,0.012968,4.591941,0.007651,80.6,0.010000
13300,4.582612,0.012968,4.592268,0.007651,81.2,0.010000
13400,4.582462,0.012968,4.592371,0.007651,81.7,0.010000
13500,4.582867,0.012968,4.591752,0.007651,82.3,0.010000
13600,4.582882,0.012117,4.591845,0.008502,82.9,0.010000
13700,4.582507,0.012968,4.592453,0.007651,83.5,0.010000
13800,4.582787,0.012968,4.591886,0.007651,84.0,0.010000
13900,4.582520,0.012968,4.592279,0.007651,84.6,0.010000
14000,4.582778,0.012968,4.591967,0.007651,85.2,0.010000
14100,4.582874,0.012968,4.591767,0.007651,85.8,0.010000
14200,4.582873,0.012968,4.591737,0.007651,86.4,0.010000
14300,4.582953,0.012117,4.591738,0.008502,87.0,0.010000
14400,4.582930,0.011905,4.591805,0.008714,87.6,0.010000
14500,4.582882,0.012968,4.591777,0.007651,88.2,0.010000
14600,4.582874,0.011905,4.591904,0.008714,88.9,0.010000
14700,4.582683,0.012968,4.592188,0.007651,89.4,0.010000
14800,4.582574,0.012968,4.592199,0.007651,90.1,0.010000
14900,4.582768,0.012968,4.591930,0.007651,90.7,0.010000
15000,4.582680,0.012968,4.592312,0.007651,91.3,0.010000
15100,4.582624,0.012968,4.592172,0.007651,92.0,0.010000
15200,4.582738,0.012543,4.592072,0.008077,92.7,0.010000
15300,4.583221,0.012543,4.591298,0.008077,93.4,0.010000
15400,4.582869,0.012968,4.591897,0.007651,94.1,0.010000
15500,4.582823,0.012968,4.591988,0.007651,95.0,0.010000
15600,4.583097,0.012968,4.591439,0.007651,95.8,0.010000
15700,4.582274,0.012968,4.592918,0.007651,96.5,0.010000
15800,4.582645,0.011905,4.592175,0.008714,97.1,0.010000
15900,4.582774,0.012968,4.591951,0.007651,97.7,0.010000
16000,4.582511,0.012543,4.592495,0.008077,98.3,0.010000
16100,4.582962,0.011905,4.591708,0.008714,98.9,0.010000
16200,4.582968,0.012543,4.591698,0.008077,99.4,0.010000
16300,4.582672,0.012968,4.592123,0.007651,100.0,0.010000
16400,4.582727,0.012968,4.592051,0.007651,100.6,0.010000
16500,4.582591,0.012968,4.592264,0.007651,101.2,0.010000
16600,4.583086,0.012543,4.591481,0.008077,101.8,0.010000
16700,4.582941,0.012968,4.591821,0.007651,102.4,0.010000
16800,4.582862,0.012543,4.591892,0.008077,103.0,0.010000
16900,4.582618,0.012543,4.592251,0.008077,103.6,0.010000
17000,4.582792,0.011905,4.592025,0.008714,104.2,0.010000
17100,4.582317,0.012968,4.592722,0.007651,104.8,0.010000
17200,4.582565,0.012543,4.592209,0.008077,105.3,0.010000
17300,4.582601,0.012543,4.592115,0.008077,106.0,0.010000
17400,4.582672,0.012543,4.592241,0.008077,106.6,0.010000
17500,4.582757,0.012968,4.591958,0.007651,107.2,0.010000
17600,4.582429,0.011905,4.592627,0.008714,107.7,0.010000
17700,4.582624,0.012968,4.592197,0.007651,108.3,0.010000
17800,4.582805,0.012968,4.591861,0.007651,108.9,0.010000
17900,4.583263,0.011905,4.591349,0.008714,109.5,0.010000
18000,4.582762,0.012117,4.592097,0.008502,110.1,0.010000
18100,4.582910,0.012968,4.591721,0.007651,110.7,0.010000
18200,4.582421,0.012543,4.592588,0.008077,111.3,0.010000
18300,4.582609,0.012968,4.592237,0.007651,112.0,0.010000
18400,4.582390,0.012543,4.592611,0.008077,112.6,0.010000
18500,4.582820,0.012543,4.591885,0.008077,113.1,0.010000
18600,4.582838,0.012968,4.591878,0.007651,113.7,0.010000
18700,4.582743,0.012117,4.592055,0.008502,114.3,0.010000
18800,4.582846,0.011480,4.591967,0.009139,114.9,0.010000
18900,4.582547,0.012968,4.592381,0.007651,115.5,0.010000
19000,4.582502,0.012968,4.592351,0.007651,116.1,0.010000
19100,4.582909,0.012968,4.591729,0.007651,116.6,0.010000
19200,4.582631,0.012968,4.592185,0.007651,117.2,0.010000
19300,4.582199,0.012968,4.592832,0.007651,117.8,0.010000
19400,4.582719,0.012968,4.591965,0.007651,118.4,0.010000
19500,4.582972,0.012968,4.591703,0.007651,119.0,0.010000
19600,4.582925,0.012968,4.591807,0.007651,119.7,0.010000
19700,4.582613,0.012968,4.592288,0.007651,120.3,0.010000
19800,4.583361,0.012968,4.591138,0.007651,121.0,0.010000
19900,4.583117,0.012968,4.591626,0.007651,121.6,0.010000
20000,4.582642,0.012968,4.592242,0.007651,122.3,0.010000
20100,4.582825,0.012968,4.591865,0.007651,122.9,0.010000
20200,4.582755,0.012968,4.592083,0.007651,123.5,0.010000
20300,4.582597,0.012968,4.592422,0.007651,124.1,0.010000
20400,4.582888,0.012968,4.591728,0.007651,124.8,0.010000
20500,4.582970,0.012968,4.591767,0.007651,125.4,0.010000
20600,4.582483,0.012968,4.592470,0.007651,126.1,0.010000
20700,4.582817,0.012968,4.591969,0.007651,126.7,0.010000
20800,4.582798,0.012543,4.592041,0.008077,127.3,0.010000
20900,4.582834,0.011692,4.591815,0.008927,127.9,0.010000
21000,4.582434,0.012968,4.592522,0.007651,128.5,0.010000
21100,4.582881,0.012968,4.591789,0.007651,129.1,0.010000
21200,4.582636,0.012968,4.592292,0.007651,129.7,0.010000
21300,4.582903,0.012968,4.591831,0.007651,130.3,0.010000
21400,4.583065,0.012968,4.591595,0.007651,130.9,0.010000
21500,4.582666,0.012117,4.592219,0.008502,131.5,0.010000
21600,4.582741,0.012968,4.591976,0.007651,132.1,0.010000
21700,4.582936,0.011905,4.591802,0.008714,132.7,0.010000
21800,4.583038,0.012543,4.591529,0.008077,133.3,0.010000
21900,4.582971,0.011905,4.591797,0.008714,133.9,0.010000
22000,4.582993,0.012968,4.591734,0.007651,134.5,0.010000
22100,4.582311,0.012968,4.592874,0.007651,135.1,0.010000
22200,4.582781,0.012117,4.591895,0.008502,135.7,0.010000
22300,4.582635,0.012968,4.592221,0.007651,136.3,0.010000
22400,4.582442,0.012117,4.592564,0.008502,136.9,0.010000
22500,4.582704,0.012117,4.592166,0.008502,137.5,0.010000
22600,4.582783,0.012543,4.591870,0.008077,138.0,0.010000
22700,4.582432,0.012543,4.592536,0.008077,138.6,0.010000
22800,4.582605,0.012968,4.592256,0.007651,139.2,0.010000
22900,4.582949,0.012968,4.591747,0.007651,139.8,0.010000
23000,4.582659,0.011905,4.592095,0.008714,140.5,0.010000
23100,4.582715,0.012968,4.592154,0.007651,141.1,0.010000
23200,4.582599,0.011905,4.592305,0.008714,141.7,0.010000
23300,4.583026,0.011905,4.591619,0.008714,142.3,0.010000
23400,4.582669,0.012117,4.592163,0.008502,142.9,0.010000
23500,4.582582,0.012543,4.592276,0.008077,143.5,0.010000
23600,4.582632,0.012543,4.592269,0.008077,144.1,0.010000
23700,4.583272,0.012968,4.591190,0.007651,144.7,0.010000
23800,4.582608,0.012543,4.592293,0.008077,145.3,0.010000
23900,4.582859,0.012968,4.591913,0.007651,145.9,0.010000
24000,4.582652,0.012968,4.592180,0.007651,146.4,0.010000
24100,4.582717,0.012968,4.592073,0.007651,147.0,0.010000
24200,4.582778,0.012543,4.591869,0.008077,147.6,0.010000
24300,4.582740,0.012968,4.591931,0.007651,148.2,0.010000
24400,4.582988,0.012968,4.591657,0.007651,148.8,0.010000
24500,4.582949,0.012968,4.591673,0.007651,149.4,0.010000
24600,4.583189,0.012968,4.591455,0.007651,149.9,0.010000
24700,4.582242,0.012543,4.593014,0.008077,150.8,0.010000
24800,4.582740,0.012117,4.591982,0.008502,151.6,0.010000
24900,4.582830,0.012543,4.591920,0.008077,152.3,0.010000
25000,4.582614,0.012968,4.592216,0.007651,153.0,0.010000
25100,4.582783,0.012968,4.591869,0.007651,153.8,0.010000
25200,4.582840,0.012968,4.591847,0.007651,154.4,0.010000
25300,4.582915,0.012968,4.591689,0.007651,155.1,0.010000
25400,4.582821,0.012968,4.591923,0.007651,155.7,0.010000
25500,4.582811,0.012968,4.591965,0.007651,156.3,0.010000
25600,4.582816,0.012543,4.591891,0.008077,157.0,0.010000
25700,4.582700,0.012968,4.592150,0.007651,157.6,0.010000
25800,4.582607,0.012968,4.592193,0.007651,158.2,0.010000
25900,4.582818,0.012968,4.591905,0.007651,158.8,0.010000
26000,4.583056,0.012543,4.591705,0.008077,159.5,0.010000
26100,4.582670,0.012968,4.592093,0.007651,160.0,0.010000
26200,4.582698,0.012117,4.592107,0.008502,160.6,0.010000
26300,4.582730,0.012543,4.592044,0.008077,161.3,0.010000
26400,4.582484,0.012968,4.592385,0.007651,161.9,0.010000
26500,4.582973,0.012968,4.591621,0.007651,162.5,0.010000
26600,4.582624,0.012968,4.592259,0.007651,163.1,0.010000
26700,4.582333,0.011905,4.592658,0.008714,163.7,0.010000
26800,4.582535,0.012968,4.592365,0.007651,164.3,0.010000
26900,4.582479,0.011692,4.592483,0.008927,164.9,0.010000
27000,4.582635,0.012968,4.592149,0.007651,165.6,0.010000
27100,4.582763,0.012968,4.591896,0.007651,166.2,0.010000
27200,4.582656,0.012968,4.592125,0.007651,166.8,0.010000
27300,4.582998,0.012543,4.591788,0.008077,167.5,0.010000
27400,4.582875,0.012543,4.591835,0.008077,168.2,0.010000
27500,4.582861,0.012968,4.591928,0.007651,168.8,0.010000
27600,4.582731,0.012543,4.592101,0.008077,169.5,0.010000
27700,4.582890,0.012968,4.591887,0.007651,170.0,0.010000
27800,4.583083,0.012543,4.591660,0.008077,170.6,0.010000
27900,4.582769,0.012117,4.592005,0.008502,171.2,0.010000
28000,4.582788,0.011692,4.592024,0.008927,171.8,0.010000
28100,4.583102,0.012543,4.591623,0.008077,172.4,0.010000
28200,4.583042,0.012968,4.591539,0.007651,173.0,0.010000
28300,4.583025,0.011692,4.591653,0.008927,173.6,0.010000
28400,4.582799,0.012968,4.592002,0.007651,174.2,0.010000
28500,4.582652,0.012968,4.592160,0.007651,174.8,0.010000
28600,4.582498,0.012968,4.592478,0.007651,175.4,0.010000
28700,4.583039,0.011905,4.591519,0.008714,176.0,0.010000
28800,4.582824,0.011480,4.591975,0.009139,176.6,0.010000
28900,4.583000,0.012543,4.591644,0.008077,177.2,0.010000
29000,4.582827,0.012968,4.591948,0.007651,177.8,0.010000
29100,4.582473,0.011905,4.592712,0.008714,178.4,0.010000
29200,4.582537,0.012968,4.592161,0.007651,179.0,0.010000
29300,4.583125,0.012968,4.591510,0.007651,179.6,0.010000
29400,4.582821,0.012543,4.592007,0.008077,180.2,0.010000
29500,4.582766,0.012968,4.591960,0.007651,180.8,0.010000
29600,4.583222,0.011480,4.591337,0.009139,181.4,0.010000
29700,4.583149,0.012543,4.591460,0.008077,182.0,0.010000
29800,4.582701,0.012968,4.592245,0.007651,182.5,0.010000
29900,4.582894,0.012968,4.591812,0.007651,183.1,0.010000
30000,4.583128,0.012543,4.591455,0.008077,183.8,0.010000
30100,4.582798,0.012968,4.591862,0.007651,184.4,0.010000
30200,4.582656,0.012968,4.592164,0.007651,185.0,0.010000
30300,4.582521,0.012968,4.592487,0.007651,185.6,0.010000
30400,4.582694,0.012968,4.591952,0.007651,186.2,0.010000
30500,4.582505,0.012968,4.592361,0.007651,186.8,0.010000
30600,4.583083,0.011905,4.591558,0.008714,187.5,0.010000
30700,4.582665,0.012117,4.592245,0.008502,188.1,0.010000
30800,4.582704,0.012968,4.591972,0.007651,188.7,0.010000
30900,4.582609,0.012968,4.592177,0.007651,189.3,0.010000
31000,4.582739,0.012968,4.592000,0.007651,189.9,0.010000
31100,4.582467,0.012968,4.592487,0.007651,190.5,0.010000
31200,4.582931,0.012543,4.591648,0.008077,191.2,0.010000
31300,4.582564,0.012543,4.592346,0.008077,191.8,0.010000
31400,4.582639,0.011692,4.592132,0.008927,192.4,0.010000
31500,4.582692,0.012968,4.592127,0.007651,192.9,0.010000
31600,4.582571,0.012968,4.592305,0.007651,193.5,0.010000
31700,4.583064,0.011480,4.591572,0.009139,194.1,0.010000
31800,4.582285,0.012968,4.592943,0.007651,194.7,0.010000
31900,4.582965,0.011692,4.591822,0.008927,195.3,0.010000
32000,4.583142,0.012968,4.591383,0.007651,195.9,0.010000
32100,4.582985,0.012968,4.591525,0.007651,196.4,0.010000
32200,4.582819,0.012968,4.592000,0.007651,197.0,0.010000
32300,4.582739,0.012968,4.592111,0.007651,197.6,0.010000
32400,4.582477,0.012968,4.592467,0.007651,198.2,0.010000
32500,4.582755,0.012543,4.591971,0.008077,198.8,0.010000
32600,4.582534,0.012117,4.592392,0.008502,199.4,0.010000
32700,4.582779,0.012968,4.591951,0.007651,200.0,0.010000
32800,4.582595,0.012968,4.592192,0.007651,200.6,0.010000
32900,4.582696,0.012968,4.592125,0.007651,201.2,0.010000
33000,4.582850,0.012543,4.591816,0.008077,201.9,0.010000
33100,4.582879,0.012543,4.591728,0.008077,202.5,0.010000
33200,4.582774,0.011905,4.591933,0.008714,203.1,0.010000
33300,4.582653,0.012543,4.592185,0.008077,203.7,0.010000
33400,4.582647,0.012968,4.592346,0.007651,204.3,0.010000
33500,4.582891,0.012543,4.591813,0.008077,204.9,0.010000
33600,4.583142,0.012968,4.591519,0.007651,205.5,0.010000
33700,4.582632,0.012968,4.592302,0.007651,206.1,0.010000
33800,4.582920,0.012968,4.591783,0.007651,206.6,0.010000
33900,4.583121,0.012968,4.591561,0.007651,207.2,0.010000
34000,4.582413,0.011905,4.592566,0.008714,207.9,0.010000
34100,4.583120,0.012543,4.591449,0.008077,208.5,0.010000
34200,4.582701,0.012968,4.592213,0.007651,209.0,0.010000
34300,4.583136,0.011905,4.591524,0.008714,209.6,0.010000
34400,4.582964,0.012968,4.591830,0.007651,210.2,0.010000
34500,4.582919,0.011905,4.591838,0.008714,210.8,0.010000
34600,4.582659,0.012968,4.592154,0.007651,211.4,0.010000
34700,4.582950,0.012968,4.591744,0.007651,212.1,0.010000
34800,4.582804,0.012117,4.591906,0.008502,212.6,0.010000
34900,4.582589,0.012968,4.592231,0.007651,213.2,0.010000
35000,4.582579,0.012968,4.592290,0.007651,213.8,0.010000
35100,4.582661,0.012968,4.592013,0.007651,214.4,0.010000
35200,4.582827,0.012968,4.591939,0.007651,215.0,0.010000
35300,4.582709,0.012968,4.592216,0.007651,215.6,0.010000
35400,4.583019,0.012117,4.591683,0.008502,216.2,0.010000
35500,4.582949,0.012968,4.591793,0.007651,216.8,0.010000
35600,4.582509,0.012543,4.592494,0.008077,217.4,0.010000
35700,4.582852,0.012968,4.591938,0.007651,217.9,0.010000
35800,4.583052,0.011905,4.591533,0.008714,218.5,0.010000
35900,4.582981,0.012968,4.591763,0.007651,219.1,0.010000
36000,4.582630,0.012543,4.592284,0.008077,219.7,0.010000
36100,4.582688,0.012968,4.592158,0.007651,220.2,0.010000
36200,4.582836,0.012968,4.591887,0.007651,220.9,0.010000
36300,4.582377,0.011905,4.592486,0.008714,221.6,0.010000
36400,4.582450,0.012968,4.592443,0.007651,222.1,0.010000
36500,4.582809,0.012968,4.592011,0.007651,222.7,0.010000
36600,4.583071,0.012543,4.591538,0.008077,223.3,0.010000
36700,4.582509,0.012968,4.592435,0.007651,223.9,0.010000
36800,4.582604,0.011692,4.592313,0.008927,224.4,0.010000
36900,4.582548,0.012968,4.592232,0.007651,225.0,0.010000
37000,4.582250,0.012968,4.592687,0.007651,225.7,0.010000
37100,4.582982,0.012968,4.591567,0.007651,226.3,0.010000
37200,4.582830,0.012968,4.591994,0.007651,226.9,0.010000
37300,4.582778,0.012968,4.592064,0.007651,227.5,0.010000
37400,4.582534,0.012543,4.592510,0.008077,228.0,0.010000
37500,4.583019,0.012968,4.591618,0.007651,228.6,0.010000
37600,4.582580,0.012543,4.592423,0.008077,229.2,0.010000
37700,4.582601,0.012968,4.592225,0.007651,229.8,0.010000
37800,4.582856,0.012117,4.591806,0.008502,230.4,0.010000
37900,4.582552,0.012968,4.592363,0.007651,231.0,0.010000
38000,4.582800,0.012968,4.591870,0.007651,231.6,0.010000
38100,4.582335,0.012968,4.592767,0.007651,232.2,0.010000
38200,4.582760,0.012968,4.591996,0.007651,232.8,0.010000
38300,4.582894,0.012968,4.591782,0.007651,233.4,0.010000
38400,4.582929,0.012968,4.591817,0.007651,234.1,0.010000
38500,4.582295,0.012543,4.592707,0.008077,234.7,0.010000
38600,4.582794,0.012968,4.591986,0.007651,235.2,0.010000
38700,4.582355,0.012968,4.592705,0.007651,235.8,0.010000
38800,4.582623,0.012968,4.592182,0.007651,236.4,0.010000
38900,4.582482,0.012968,4.592440,0.007651,237.0,0.010000
39000,4.582755,0.012968,4.591938,0.007651,237.6,0.010000
39100,4.582541,0.012543,4.592393,0.008077,238.1,0.010000
39200,4.582787,0.012543,4.591904,0.008077,238.7,0.010000
39300,4.583301,0.012968,4.591338,0.007651,239.3,0.010000
39400,4.582704,0.012968,4.592193,0.007651,239.9,0.010000
39500,4.582798,0.012968,4.591963,0.007651,240.5,0.010000
39600,4.582878,0.012543,4.591838,0.008077,241.1,0.010000
39700,4.583257,0.011905,4.591338,0.008714,241.6,0.010000
39800,4.583116,0.012968,4.591586,0.007651,242.2,0.010000
39900,4.582837,0.012968,4.591881,0.007651,242.8,0.010000
40000,4.582671,0.012968,4.592281,0.007651,243.3,0.010000
40100,4.582785,0.012968,4.592084,0.007651,243.9,0.010000
40200,4.582942,0.012543,4.591842,0.008077,244.5,0.010000
40300,4.582805,0.012543,4.592007,0.008077,245.1,0.010000
40400,4.582673,0.011905,4.592121,0.008714,245.6,0.010000
40500,4.583035,0.012543,4.591744,0.008077,246.3,0.010000
40600,4.582571,0.012543,4.592302,0.008077,246.9,0.010000
40700,4.582865,0.012968,4.591966,0.007651,247.6,0.010000
40800,4.583215,0.012543,4.591427,0.008077,248.2,0.010000
40900,4.582998,0.012543,4.591691,0.008077,248.8,0.010000
41000,4.582834,0.012968,4.591949,0.007651,249.5,0.010000
41100,4.582605,0.012968,4.592235,0.007651,250.0,0.010000
41200,4.583015,0.012968,4.591616,0.007651,250.7,0.010000
41300,4.582920,0.012117,4.591795,0.008502,251.3,0.010000
41400,4.583032,0.012968,4.591604,0.007651,251.9,0.010000
41500,4.583152,0.012968,4.591421,0.007651,252.5,0.010000
41600,4.582756,0.012543,4.592047,0.008077,253.2,0.010000
41700,4.583208,0.012968,4.591401,0.007651,253.8,0.010000
41800,4.582768,0.012968,4.592087,0.007651,254.4,0.010000
41900,4.582622,0.011905,4.592333,0.008714,255.0,0.010000
42000,4.582643,0.012543,4.592139,0.008077,255.6,0.010000
42100,4.583033,0.011480,4.591570,0.009139,256.3,0.010000
42200,4.582917,0.012968,4.591744,0.007651,256.9,0.010000
42300,4.583089,0.012968,4.591542,0.007651,257.6,0.010000
42400,4.582523,0.012968,4.592464,0.007651,258.1,0.010000
42500,4.582836,0.012968,4.591936,0.007651,258.7,0.010000
42600,4.582914,0.012543,4.591750,0.008077,259.3,0.010000
42700,4.582880,0.011905,4.591788,0.008714,259.9,0.010000
42800,4.582952,0.012543,4.591685,0.008077,260.5,0.010000
42900,4.582643,0.011905,4.592120,0.008714,261.0,0.010000
43000,4.582826,0.011905,4.591943,0.008714,261.6,0.010000
43100,4.582755,0.012543,4.592018,0.008077,262.2,0.010000
43200,4.582580,0.012968,4.592296,0.007651,262.8,0.010000
43300,4.582754,0.012968,4.591951,0.007651,263.4,0.010000
43400,4.582428,0.012968,4.592655,0.007651,264.0,0.010000
43500,4.582836,0.012117,4.591795,0.008502,264.6,0.010000
43600,4.582710,0.012968,4.592069,0.007651,265.2,0.010000
43700,4.582522,0.012968,4.592383,0.007651,265.8,0.010000
43800,4.582903,0.012968,4.591769,0.007651,266.4,0.010000
43900,4.582771,0.012968,4.591891,0.007651,266.9,0.010000
44000,4.582985,0.011692,4.591707,0.008927,267.5,0.010000
44100,4.583042,0.012968,4.591624,0.007651,268.2,0.010000
44200,4.582625,0.012968,4.592286,0.007651,268.8,0.010000
44300,4.582627,0.011905,4.592225,0.008714,269.3,0.010000
44400,4.582800,0.012968,4.592028,0.007651,269.9,0.010000
44500,4.582784,0.012968,4.592093,0.007651,270.6,0.010000
44600,4.582630,0.011905,4.592257,0.008714,271.2,0.010000
44700,4.582743,0.012968,4.591983,0.007651,271.7,0.010000
44800,4.582301,0.011692,4.592740,0.008927,272.3,0.010000
44900,4.582807,0.012968,4.591846,0.007651,272.9,0.010000
45000,4.582556,0.012543,4.592424,0.008077,273.5,0.010000
45100,4.582801,0.012968,4.591982,0.007651,274.1,0.010000
45200,4.582817,0.012968,4.591971,0.007651,274.7,0.010000
45300,4.582887,0.012968,4.591718,0.007651,275.3,0.010000
45400,4.582615,0.012117,4.592333,0.008502,275.9,0.010000
45500,4.582884,0.012968,4.591738,0.007651,276.5,0.010000
45600,4.582950,0.012968,4.591784,0.007651,277.1,0.010000
45700,4.582874,0.012968,4.591918,0.007651,277.7,0.010000
45800,4.582800,0.012968,4.591957,0.007651,278.4,0.010000
45900,4.582509,0.012968,4.592428,0.007651,279.0,0.010000
46000,4.582727,0.012968,4.592021,0.007651,279.7,0.010000
46100,4.582528,0.012968,4.592281,0.007651,280.5,0.010000
46200,4.582628,0.012968,4.592161,0.007651,281.1,0.010000
46300,4.582639,0.012543,4.592110,0.008077,281.7,0.010000
46400,4.583137,0.012968,4.591402,0.007651,282.3,0.010000
46500,4.582932,0.012968,4.591728,0.007651,282.9,0.010000
46600,4.582480,0.012968,4.592379,0.007651,283.6,0.010000
46700,4.582507,0.012543,4.592383,0.008077,284.1,0.010000
46800,4.582996,0.012543,4.591639,0.008077,284.8,0.010000
46900,4.582744,0.012968,4.592064,0.007651,285.4,0.010000
47000,4.583167,0.012968,4.591422,0.007651,285.9,0.010000
47100,4.583230,0.011480,4.591533,0.009139,286.5,0.010000
47200,4.583077,0.011480,4.591650,0.009139,287.1,0.010000
47300,4.582595,0.012968,4.592347,0.007651,287.8,0.010000
47400,4.582772,0.012968,4.591914,0.007651,288.4,0.010000
47500,4.582826,0.012543,4.591813,0.008077,289.0,0.010000
47600,4.582558,0.012968,4.592371,0.007651,289.6,0.010000
47700,4.582918,0.012968,4.591843,0.007651,290.2,0.010000
47800,4.582839,0.011692,4.592068,0.008927,290.9,0.010000
47900,4.582791,0.012968,4.591901,0.007651,291.5,0.010000
48000,4.582637,0.012968,4.592136,0.007651,292.1,0.010000
48100,4.583006,0.012968,4.591540,0.007651,292.7,0.010000
48200,4.583090,0.012968,4.591520,0.007651,293.3,0.010000
48300,4.582997,0.012968,4.591671,0.007651,293.9,0.010000
48400,4.582606,0.012968,4.592151,0.007651,294.5,0.010000
48500,4.583100,0.011480,4.591563,0.009139,295.1,0.010000
48600,4.582932,0.012968,4.591844,0.007651,295.7,0.010000
48700,4.582664,0.012968,4.592201,0.007651,296.3,0.010000
48800,4.582685,0.012968,4.592120,0.007651,296.8,0.010000
48900,4.582648,0.012543,4.592208,0.008077,297.4,0.010000
49000,4.582840,0.012543,4.591833,0.008077,298.0,0.010000
49100,4.582828,0.012543,4.592017,0.008077,298.6,0.010000
49200,4.582870,0.012968,4.591828,0.007651,299.2,0.010000
49300,4.582542,0.012968,4.592399,0.007651,299.8,0.010000
49400,4.582883,0.012968,4.591785,0.007651,300.4,0.010000
49500,4.582790,0.012968,4.591917,0.007651,301.0,0.010000
49600,4.582553,0.012968,4.592402,0.007651,301.6,0.010000
49700,4.582726,0.012968,4.592058,0.007651,302.2,0.010000
49800,4.583209,0.012968,4.591311,0.007651,302.7,0.010000
49900,4.582611,0.011905,4.592357,0.008714,303.3,0.010000
50000,4.582456,0.011905,4.592575,0.008714,303.9,0.010000
50100,4.582491,0.012968,4.592420,0.007651,304.5,0.010000
50200,4.582767,0.012968,4.592097,0.007651,305.1,0.010000
50300,4.582688,0.012968,4.592145,0.007651,305.7,0.010000
50400,4.582833,0.012968,4.592000,0.007651,306.3,0.010000
50500,4.582535,0.012968,4.592414,0.007651,306.9,0.010000
50600,4.582570,0.012543,4.592307,0.008077,307.5,0.010000
50700,4.582785,0.012117,4.591917,0.008502,308.0,0.010000
50800,4.582961,0.012543,4.591776,0.008077,308.6,0.010000
50900,4.582897,0.012543,4.591767,0.008077,309.2,0.010000
51000,4.582743,0.012968,4.591960,0.007651,309.8,0.010000
51100,4.582784,0.012543,4.591994,0.008077,310.4,0.010000
51200,4.582942,0.012968,4.591775,0.007651,311.0,0.010000
51300,4.582730,0.012543,4.592160,0.008077,311.6,0.010000
51400,4.582469,0.012968,4.592535,0.007651,312.2,0.010000
51500,4.582621,0.012968,4.592152,0.007651,312.8,0.010000
51600,4.582726,0.012968,4.592014,0.007651,313.3,0.010000
51700,4.582312,0.012543,4.592645,0.008077,313.8,0.010000
51800,4.582748,0.012968,4.591905,0.007651,314.4,0.010000
51900,4.583224,0.012968,4.591372,0.007651,315.0,0.010000
52000,4.583030,0.012968,4.591692,0.007651,315.6,0.010000
52100,4.582538,0.012543,4.592350,0.008077,316.2,0.010000
52200,4.582887,0.012968,4.591775,0.007651,316.8,0.010000
52300,4.582680,0.012968,4.592123,0.007651,317.4,0.010000
52400,4.582829,0.012968,4.591764,0.007651,318.1,0.010000
52500,4.582450,0.012968,4.592477,0.007651,318.7,0.010000
52600,4.582364,0.012968,4.592759,0.007651,319.3,0.010000
52700,4.582620,0.012968,4.592101,0.007651,319.9,0.010000
52800,4.582843,0.011480,4.591731,0.009139,320.6,0.010000
52900,4.583086,0.012543,4.591447,0.008077,321.2,0.010000
53000,4.582907,0.012543,4.591837,0.008077,321.8,0.010000
53100,4.583340,0.012968,4.591249,0.007651,322.4,0.010000
53200,4.582810,0.012968,4.592044,0.007651,323.1,0.010000
53300,4.582421,0.012543,4.592483,0.008077,323.7,0.010000
53400,4.582646,0.012968,4.592118,0.007651,324.3,0.010000
53500,4.582385,0.011905,4.592693,0.008714,324.9,0.010000
53600,4.583257,0.012968,4.591356,0.007651,325.5,0.010000
53700,4.582734,0.012968,4.592134,0.007651,326.1,0.010000
53800,4.582688,0.012968,4.592211,0.007651,326.7,0.010000
53900,4.582858,0.012543,4.591928,0.008077,327.3,0.010000
54000,4.582594,0.012543,4.592231,0.008077,327.9,0.010000
54100,4.582682,0.012543,4.592287,0.008077,328.4,0.010000
54200,4.582916,0.012968,4.591749,0.007651,329.0,0.010000
54300,4.582663,0.012968,4.592253,0.007651,329.6,0.010000
54400,4.582304,0.012968,4.592805,0.007651,330.2,0.010000
54500,4.582846,0.012968,4.591930,0.007651,330.8,0.010000
54600,4.582638,0.012968,4.592235,0.007651,331.4,0.010000
54700,4.582909,0.012117,4.591877,0.008502,332.0,0.010000
54800,4.582669,0.012968,4.592208,0.007651,332.6,0.010000
54900,4.582907,0.012968,4.591840,0.007651,333.2,0.010000
55000,4.582743,0.012968,4.592093,0.007651,333.8,0.010000
55100,4.582208,0.012968,4.592930,0.007651,334.5,0.010000
55200,4.582925,0.012968,4.591628,0.007651,335.0,0.010000
55300,4.582931,0.011692,4.591679,0.008927,335.6,0.010000
55400,4.583071,0.012968,4.591649,0.007651,336.2,0.010000
55500,4.582736,0.012968,4.592184,0.007651,336.8,0.010000
55600,4.582932,0.012543,4.591737,0.008077,337.4,0.010000
55700,4.582239,0.012968,4.592777,0.007651,338.1,0.010000
55800,4.582930,0.012968,4.591679,0.007651,338.7,0.010000
55900,4.582584,0.012543,4.592322,0.008077,339.2,0.010000
56000,4.582294,0.012968,4.592606,0.007651,339.8,0.010000
56100,4.582518,0.011480,4.592424,0.009139,340.4,0.010000
56200,4.582811,0.012968,4.591966,0.007651,341.1,0.010000
56300,4.582598,0.012968,4.592197,0.007651,341.8,0.010000
56400,4.582735,0.012543,4.591959,0.008077,342.3,0.010000
56500,4.582849,0.012968,4.591862,0.007651,342.9,0.010000
56600,4.582700,0.012543,4.592145,0.008077,343.5,0.010000
56700,4.582852,0.012543,4.591876,0.008077,344.1,0.010000
56800,4.582834,0.012543,4.591920,0.008077,344.7,0.010000
56900,4.582871,0.012117,4.591980,0.008502,345.3,0.010000
57000,4.583038,0.011905,4.591747,0.008714,345.9,0.010000
57100,4.583031,0.012968,4.591643,0.007651,346.5,0.010000
57200,4.582753,0.012117,4.591971,0.008502,347.1,0.010000
57300,4.582817,0.011905,4.591938,0.008714,347.7,0.010000
57400,4.582916,0.012968,4.591792,0.007651,348.5,0.010000
57500,4.582868,0.012968,4.591862,0.007651,349.2,0.010000
57600,4.582727,0.012543,4.592107,0.008077,350.0,0.010000
57700,4.582514,0.012543,4.592292,0.008077,350.8,0.010000
57800,4.582758,0.012543,4.591870,0.008077,351.5,0.010000
57900,4.582893,0.011692,4.591782,0.008927,352.1,0.010000
58000,4.582422,0.012543,4.592664,0.008077,352.7,0.010000
58100,4.582913,0.011905,4.591755,0.008714,353.3,0.010000
58200,4.582676,0.011692,4.592235,0.008927,354.0,0.010000
58300,4.582336,0.012543,4.592706,0.008077,354.5,0.010000
58400,4.582815,0.012117,4.591829,0.008502,355.1,0.010000
58500,4.582689,0.012968,4.592081,0.007651,355.7,0.010000
58600,4.582682,0.012543,4.592113,0.008077,356.3,0.010000
58700,4.582688,0.012543,4.592046,0.008077,356.8,0.010000
58800,4.582991,0.012968,4.591643,0.007651,357.4,0.010000
58900,4.582737,0.012968,4.592084,0.007651,358.1,0.010000
59000,4.583145,0.012117,4.591550,0.008502,358.6,0.010000
59100,4.582746,0.012968,4.592024,0.007651,359.2,0.010000
59200,4.583169,0.012543,4.591317,0.008077,359.9,0.010000
59300,4.582675,0.012968,4.592127,0.007651,360.5,0.010000
59400,4.582983,0.012543,4.591684,0.008077,361.1,0.010000
59500,4.582421,0.012968,4.592669,0.007651,361.8,0.010000
59600,4.582517,0.012968,4.592405,0.007651,362.5,0.010000
59700,4.582692,0.012968,4.592116,0.007651,363.1,0.010000
59800,4.582612,0.012968,4.592170,0.007651,363.8,0.010000
59900,4.582654,0.012968,4.592112,0.007651,364.4,0.010000
60000,4.582907,0.012543,4.591718,0.008077,365.0,0.010000
60100,4.582926,0.012968,4.591748,0.007651,365.6,0.010000
60200,4.582780,0.012968,4.592006,0.007651,366.2,0.010000
60300,4.582479,0.012968,4.592419,0.007651,366.9,0.010000
60400,4.582875,0.012968,4.591784,0.007651,367.5,0.010000
60500,4.582709,0.012968,4.592101,0.007651,368.1,0.010000
60600,4.582767,0.012968,4.591997,0.007651,368.8,0.010000
60700,4.582564,0.012968,4.592329,0.007651,369.4,0.010000
60800,4.582568,0.012968,4.592412,0.007651,370.0,0.010000
60900,4.582811,0.012968,4.591969,0.007651,370.6,0.010000
61000,4.582361,0.012968,4.592690,0.007651,371.2,0.010000
61100,4.582201,0.012968,4.592780,0.007651,371.8,0.010000
61200,4.582514,0.012543,4.592076,0.008077,372.5,0.010000
61300,4.582740,0.012117,4.591960,0.008502,373.1,0.010000
61400,4.582665,0.012968,4.592155,0.007651,373.7,0.010000
61500,4.582856,0.012968,4.591919,0.007651,374.3,0.010000
61600,4.582871,0.012968,4.591929,0.007651,374.9,0.010000
61700,4.583217,0.012968,4.591334,0.007651,375.6,0.010000
61800,4.582695,0.011905,4.592218,0.008714,376.2,0.010000
61900,4.582419,0.012968,4.592541,0.007651,376.7,0.010000
62000,4.582791,0.012968,4.591871,0.007651,377.3,0.010000
62100,4.582779,0.012968,4.592080,0.007651,378.0,0.010000
62200,4.582102,0.012968,4.593094,0.007651,378.6,0.010000
62300,4.582717,0.011692,4.591908,0.008927,379.2,0.010000
62400,4.582644,0.012968,4.592151,0.007651,379.7,0.010000
62500,4.582812,0.012968,4.591975,0.007651,380.3,0.010000
62600,4.582147,0.012968,4.593094,0.007651,380.9,0.010000
62700,4.582713,0.011905,4.591990,0.008714,381.5,0.010000
62800,4.582676,0.012543,4.592013,0.008077,382.2,0.010000
62900,4.582791,0.012543,4.591866,0.008077,382.8,0.010000
63000,4.582953,0.012543,4.591742,0.008077,383.4,0.010000
63100,4.582644,0.012968,4.592124,0.007651,384.0,0.010000
63200,4.582787,0.012968,4.591947,0.007651,384.6,0.010000
63300,4.582827,0.012968,4.591947,0.007651,385.2,0.010000
63400,4.582861,0.012968,4.591980,0.007651,385.8,0.010000
63500,4.582776,0.012543,4.591970,0.008077,386.4,0.010000
63600,4.582762,0.012968,4.592035,0.007651,387.1,0.010000
63700,4.582775,0.012968,4.592042,0.007651,387.7,0.010000
63800,4.582884,0.012968,4.591753,0.007651,388.4,0.010000
63900,4.582852,0.012968,4.591928,0.007651,389.0,0.010000
64000,4.582798,0.011905,4.591910,0.008714,389.6,0.010000
64100,4.582756,0.012968,4.592052,0.007651,390.2,0.010000
64200,4.582996,0.012968,4.591651,0.007651,390.9,0.010000
64300,4.582552,0.012968,4.592427,0.007651,391.5,0.010000
64400,4.582364,0.012543,4.592503,0.008077,392.2,0.010000
64500,4.583164,0.011905,4.591296,0.008714,392.8,0.010000
64600,4.582923,0.011480,4.591758,0.009139,393.5,0.010000
64700,4.582630,0.012543,4.592221,0.008077,394.1,0.010000
64800,4.582498,0.011905,4.592440,0.008714,394.7,0.010000
64900,4.583062,0.012543,4.591419,0.008077,395.3,0.010000
65000,4.582726,0.012543,4.592067,0.008077,395.9,0.010000
65100,4.582874,0.012968,4.591754,0.007651,396.5,0.010000
65200,4.582766,0.012968,4.591966,0.007651,397.2,0.010000
65300,4.582805,0.012968,4.591884,0.007651,397.8,0.010000
65400,4.583021,0.012968,4.591699,0.007651,398.4,0.010000
65500,4.582672,0.012968,4.592269,0.007651,399.0,0.010000
65600,4.582963,0.012968,4.591675,0.007651,399.6,0.010000
65700,4.582603,0.012968,4.592278,0.007651,400.2,0.010000
65800,4.582799,0.011905,4.591968,0.008714,400.9,0.010000
65900,4.582792,0.012543,4.591901,0.008077,401.6,0.010000
66000,4.582296,0.012968,4.592693,0.007651,402.2,0.010000
66100,4.582606,0.012968,4.592207,0.007651,402.8,0.010000
66200,4.582469,0.012968,4.592416,0.007651,403.4,0.010000
66300,4.582366,0.012968,4.592579,0.007651,404.0,0.010000
66400,4.582628,0.012968,4.592023,0.007651,404.6,0.010000
66500,4.582444,0.012117,4.592499,0.008502,405.3,0.010000
66600,4.582941,0.012968,4.591683,0.007651,405.9,0.010000
66700,4.582766,0.012543,4.591935,0.008077,406.5,0.010000
66800,4.582432,0.012968,4.592582,0.007651,407.1,0.010000
66900,4.582775,0.012968,4.591850,0.007651,407.7,0.010000
67000,4.582716,0.012968,4.592078,0.007651,408.3,0.010000
67100,4.582943,0.012543,4.591641,0.008077,409.0,0.010000
67200,4.582300,0.012968,4.592847,0.007651,409.7,0.010000
67300,4.583072,0.012543,4.591468,0.008077,410.3,0.010000
67400,4.582479,0.012968,4.592545,0.007651,410.9,0.010000
67500,4.582881,0.011905,4.591842,0.008714,411.4,0.010000
67600,4.582938,0.012968,4.591706,0.007651,412.0,0.010000
67700,4.582869,0.012968,4.591892,0.007651,412.6,0.010000
67800,4.583158,0.011480,4.591482,0.009139,413.4,0.010000
67900,4.583018,0.012543,4.591701,0.008077,413.9,0.010000
68000,4.582407,0.011905,4.592832,0.008714,414.5,0.010000
68100,4.582538,0.012968,4.592260,0.007651,415.0,0.010000
68200,4.582466,0.012968,4.592452,0.007651,415.6,0.010000
68300,4.582748,0.012968,4.592127,0.007651,416.2,0.010000
68400,4.582853,0.012968,4.591910,0.007651,416.8,0.010000
68500,4.582564,0.012117,4.592348,0.008502,417.4,0.010000
68600,4.582575,0.012543,4.592226,0.008077,418.0,0.010000
68700,4.582733,0.012543,4.591997,0.008077,418.5,0.010000
68800,4.582994,0.011905,4.591647,0.008714,419.1,0.010000
68900,4.582818,0.011905,4.591887,0.008714,419.7,0.010000
69000,4.582675,0.012968,4.592169,0.007651,420.3,0.010000
69100,4.582550,0.012968,4.592219,0.007651,420.9,0.010000
69200,4.582762,0.012543,4.591869,0.008077,421.5,0.010000
69300,4.582428,0.012543,4.592511,0.008077,422.1,0.010000
69400,4.582761,0.012968,4.591876,0.007651,422.7,0.010000
69500,4.583418,0.011480,4.591039,0.009139,423.2,0.010000
69600,4.583232,0.012968,4.591356,0.007651,423.8,0.010000
69700,4.582643,0.012968,4.592297,0.007651,424.4,0.010000
69800,4.582926,0.012543,4.591706,0.008077,424.9,0.010000
69900,4.582801,0.012968,4.592007,0.007651,425.5,0.010000
70000,4.583240,0.011905,4.591462,0.008714,426.0,0.010000
70100,4.583009,0.011480,4.591735,0.009139,426.6,0.010000
70200,4.582790,0.011692,4.591975,0.008927,427.1,0.010000
70300,4.582525,0.012968,4.592515,0.007651,427.7,0.010000
70400,4.582864,0.012543,4.591882,0.008077,428.3,0.010000
70500,4.582797,0.011905,4.592021,0.008714,428.9,0.010000
70600,4.582564,0.012968,4.592432,0.007651,429.4,0.010000
70700,4.582688,0.012968,4.592160,0.007651,430.0,0.010000
70800,4.583012,0.011905,4.591654,0.008714,430.5,0.010000
70900,4.582923,0.012968,4.591720,0.007651,431.1,0.010000
71000,4.582813,0.012968,4.591922,0.007651,431.6,0.010000
71100,4.582916,0.012117,4.591811,0.008502,432.2,0.010000
71200,4.582718,0.012968,4.591984,0.007651,432.8,0.010000
71300,4.582892,0.012968,4.591828,0.007651,433.4,0.010000
71400,4.582819,0.012543,4.591937,0.008077,434.1,0.010000
71500,4.582701,0.012968,4.592216,0.007651,434.7,0.010000
71600,4.582414,0.012543,4.592627,0.008077,435.2,0.010000
71700,4.582380,0.012968,4.592695,0.007651,435.9,0.010000
71800,4.582602,0.012968,4.592170,0.007651,436.5,0.010000
71900,4.582979,0.012968,4.591603,0.007651,437.1,0.010000
72000,4.582366,0.012543,4.592650,0.008077,437.7,0.010000
72100,4.582821,0.012543,4.591902,0.008077,438.3,0.010000
72200,4.582996,0.012543,4.591552,0.008077,438.8,0.010000
72300,4.582627,0.012543,4.592139,0.008077,439.3,0.010000
72400,4.582789,0.012968,4.591985,0.007651,439.9,0.010000
72500,4.582815,0.012117,4.591897,0.008502,440.4,0.010000
72600,4.582414,0.012543,4.592519,0.008077,441.0,0.010000
72700,4.582402,0.012968,4.592598,0.007651,441.5,0.010000
72800,4.582942,0.011905,4.591856,0.008714,442.1,0.010000
72900,4.582852,0.012968,4.591822,0.007651,442.7,0.010000
73000,4.582749,0.012968,4.591989,0.007651,443.2,0.010000
73100,4.582635,0.012543,4.592192,0.008077,443.8,0.010000
73200,4.582778,0.012543,4.591916,0.008077,444.4,0.010000
73300,4.582748,0.011480,4.591977,0.009139,444.9,0.010000
73400,4.582991,0.012968,4.591604,0.007651,445.5,0.010000
73500,4.583106,0.011480,4.591506,0.009139,446.1,0.010000
73600,4.582708,0.012968,4.592257,0.007651,446.7,0.010000
73700,4.582555,0.012968,4.592435,0.007651,447.3,0.010000
73800,4.582795,0.012968,4.591888,0.007651,447.9,0.010000
73900,4.582713,0.012968,4.592043,0.007651,448.4,0.010000
74000,4.582542,0.012968,4.592367,0.007651,449.0,0.010000
74100,4.582809,0.012117,4.591794,0.008502,449.5,0.010000
74200,4.583134,0.011905,4.591531,0.008714,450.1,0.010000
74300,4.582550,0.012968,4.592287,0.007651,450.7,0.010000
74400,4.582678,0.012543,4.592083,0.008077,451.3,0.010000
74500,4.582296,0.011905,4.592833,0.008714,451.9,0.010000
74600,4.582957,0.011905,4.591690,0.008714,452.5,0.010000
74700,4.582995,0.012968,4.591671,0.007651,453.1,0.010000
74800,4.582996,0.012968,4.591640,0.007651,453.7,0.010000
74900,4.582820,0.011692,4.592014,0.008927,454.3,0.010000
75000,4.582847,0.011905,4.591904,0.008714,454.9,0.010000
75100,4.582407,0.012968,4.592653,0.007651,455.5,0.010000
75200,4.582525,0.012543,4.592218,0.008077,456.0,0.010000
75300,4.582798,0.012968,4.591904,0.007651,456.6,0.010000
75400,4.582187,0.012968,4.592957,0.007651,457.1,0.010000
75500,4.582849,0.011905,4.591983,0.008714,457.7,0.010000
75600,4.582690,0.012968,4.592093,0.007651,458.2,0.010000
75700,4.583016,0.012968,4.591583,0.007651,458.8,0.010000
75800,4.583109,0.012968,4.591481,0.007651,459.4,0.010000
75900,4.582846,0.012968,4.591917,0.007651,459.9,0.010000
76000,4.582748,0.012968,4.592026,0.007651,460.5,0.010000
76100,4.582567,0.012543,4.592305,0.008077,461.2,0.010000
76200,4.582644,0.012968,4.592049,0.007651,461.8,0.010000
76300,4.582883,0.011480,4.591704,0.009139,462.4,0.010000
76400,4.582566,0.012968,4.592482,0.007651,462.9,0.010000
76500,4.582731,0.012117,4.592033,0.008502,463.5,0.010000
76600,4.582705,0.012968,4.592052,0.007651,464.1,0.010000
76700,4.582672,0.012968,4.592177,0.007651,464.7,0.010000
76800,4.582869,0.012968,4.591819,0.007651,465.2,0.010000
76900,4.583006,0.012968,4.591575,0.007651,465.8,0.010000
77000,4.583064,0.012968,4.591660,0.007651,466.5,0.010000
77100,4.582571,0.012968,4.592337,0.007651,467.0,0.010000
77200,4.582659,0.012543,4.592205,0.008077,467.7,0.010000
77300,4.583196,0.011480,4.591398,0.009139,468.2,0.010000
77400,4.582952,0.012968,4.591783,0.007651,468.8,0.010000
77500,4.583043,0.012968,4.591715,0.007651,469.3,0.010000
77600,4.582637,0.012968,4.592236,0.007651,469.9,0.010000
77700,4.582876,0.012543,4.591795,0.008077,470.5,0.010000
77800,4.582877,0.012968,4.591834,0.007651,471.1,0.010000
77900,4.582561,0.012968,4.592449,0.007651,471.6,0.010000
78000,4.582194,0.012968,4.592909,0.007651,472.2,0.010000
78100,4.582683,0.012543,4.592274,0.008077,472.8,0.010000
78200,4.582787,0.012543,4.592029,0.008077,473.4,0.010000
78300,4.582772,0.012968,4.591917,0.007651,474.1,0.010000
78400,4.582819,0.012117,4.591822,0.008502,474.8,0.010000
78500,4.582641,0.012968,4.592164,0.007651,475.4,0.010000
78600,4.582611,0.012543,4.592271,0.008077,476.0,0.010000
78700,4.582625,0.012968,4.592033,0.007651,476.6,0.010000
78800,4.582432,0.012968,4.592496,0.007651,477.2,0.010000
78900,4.582527,0.012543,4.592237,0.008077,477.9,0.010000
79000,4.582479,0.012968,4.592460,0.007651,478.5,0.010000
79100,4.582795,0.012117,4.592039,0.008502,479.1,0.010000
79200,4.582668,0.012543,4.592216,0.008077,479.7,0.010000
79300,4.582659,0.012117,4.592225,0.008502,480.3,0.010000
79400,4.582392,0.012968,4.592682,0.007651,480.9,0.010000
79500,4.582824,0.012968,4.591925,0.007651,481.5,0.010000
79600,4.583086,0.011480,4.591517,0.009139,482.1,0.010000
79700,4.582802,0.012543,4.591834,0.008077,482.7,0.010000
79800,4.582693,0.012968,4.592170,0.007651,483.3,0.010000
79900,4.582683,0.011905,4.592031,0.008714,484.0,0.010000
80000,4.582920,0.012968,4.591878,0.007651,484.6,0.010000
80100,4.582431,0.012968,4.592628,0.007651,485.1,0.010000
80200,4.582952,0.012968,4.591691,0.007651,485.8,0.010000
80300,4.582939,0.012968,4.591680,0.007651,486.4,0.010000
80400,4.583067,0.011480,4.591609,0.009139,486.9,0.010000
80500,4.582894,0.012968,4.591932,0.007651,487.6,0.010000
80600,4.583202,0.011905,4.591416,0.008714,488.2,0.010000
80700,4.582861,0.012968,4.591878,0.007651,488.9,0.010000
80800,4.582572,0.012968,4.592370,0.007651,489.6,0.010000
80900,4.582458,0.012543,4.592538,0.008077,490.2,0.010000
81000,4.582744,0.012968,4.592079,0.007651,490.8,0.010000
81100,4.582690,0.011905,4.592093,0.008714,491.6,0.010000
81200,4.582653,0.012968,4.592222,0.007651,492.2,0.010000
81300,4.582779,0.012543,4.591954,0.008077,492.9,0.010000
81400,4.582964,0.012968,4.591677,0.007651,493.6,0.010000
81500,4.582893,0.012968,4.591851,0.007651,494.2,0.010000
81600,4.582497,0.012968,4.592410,0.007651,494.8,0.010000
81700,4.582512,0.011905,4.592270,0.008714,495.4,0.010000
81800,4.582742,0.011905,4.591910,0.008714,496.0,0.010000
81900,4.582961,0.012968,4.591647,0.007651,496.6,0.010000
82000,4.582654,0.012543,4.592140,0.008077,497.2,0.010000
82100,4.582772,0.011905,4.592090,0.008714,497.8,0.010000
82200,4.582976,0.012968,4.591690,0.007651,498.4,0.010000
82300,4.582545,0.012117,4.592370,0.008502,499.0,0.010000
82400,4.582398,0.012117,4.592585,0.008502,499.6,0.010000
82500,4.582977,0.012543,4.591719,0.008077,500.2,0.010000
82600,4.582833,0.012968,4.591841,0.007651,500.9,0.010000
82700,4.582828,0.012543,4.591907,0.008077,501.5,0.010000
82800,4.582360,0.012543,4.592676,0.008077,502.2,0.010000
82900,4.582715,0.012968,4.592057,0.007651,502.8,0.010000
83000,4.582775,0.011905,4.591920,0.008714,503.4,0.010000
83100,4.582631,0.012543,4.592218,0.008077,504.0,0.010000
83200,4.582613,0.012968,4.592244,0.007651,504.6,0.010000
83300,4.582614,0.012968,4.592193,0.007651,505.2,0.010000
83400,4.582668,0.012968,4.592228,0.007651,505.8,0.010000
83500,4.582846,0.012968,4.591908,0.007651,506.4,0.010000
83600,4.582369,0.012543,4.592615,0.008077,506.9,0.010000
83700,4.582865,0.012543,4.591765,0.008077,507.5,0.010000
83800,4.582725,0.012968,4.592117,0.007651,508.2,0.010000
83900,4.582456,0.012117,4.592396,0.008502,508.7,0.010000
84000,4.582747,0.012968,4.592029,0.007651,509.3,0.010000
84100,4.582648,0.012968,4.592244,0.007651,509.9,0.010000
84200,4.583050,0.012543,4.591547,0.008077,510.5,0.010000
84300,4.582746,0.012543,4.592034,0.008077,511.1,0.010000
84400,4.582415,0.012968,4.592808,0.007651,511.7,0.010000
84500,4.582732,0.012968,4.592023,0.007651,512.3,0.010000
84600,4.582890,0.012543,4.592018,0.008077,512.9,0.010000
84700,4.582672,0.012543,4.592192,0.008077,513.5,0.010000
84800,4.582542,0.012968,4.592355,0.007651,514.1,0.010000
84900,4.582642,0.012968,4.592242,0.007651,514.7,0.010000
85000,4.583068,0.012968,4.591495,0.007651,515.3,0.010000
85100,4.582477,0.012968,4.592671,0.007651,515.9,0.010000
85200,4.583123,0.012543,4.591472,0.008077,516.5,0.010000
85300,4.582799,0.012968,4.592010,0.007651,517.2,0.010000
85400,4.582627,0.012543,4.592262,0.008077,517.7,0.010000
85500,4.582781,0.012968,4.591992,0.007651,518.3,0.010000
85600,4.582952,0.012968,4.591734,0.007651,519.0,0.010000
85700,4.582443,0.012968,4.592404,0.007651,519.6,0.010000
85800,4.582463,0.012968,4.592381,0.007651,520.2,0.010000
85900,4.582945,0.012543,4.591711,0.008077,520.9,0.010000
86000,4.582929,0.012968,4.591815,0.007651,521.5,0.010000
86100,4.583044,0.012968,4.591644,0.007651,522.1,0.010000
86200,4.583032,0.011905,4.591609,0.008714,522.7,0.010000
86300,4.582608,0.012117,4.592376,0.008502,523.3,0.010000
86400,4.582603,0.012543,4.592239,0.008077,523.9,0.010000
86500,4.582553,0.012543,4.592259,0.008077,524.5,0.010000
86600,4.582582,0.012543,4.592233,0.008077,525.1,0.010000
86700,4.582793,0.012968,4.591886,0.007651,525.7,0.010000
86800,4.582808,0.012968,4.592087,0.007651,526.3,0.010000
86900,4.582400,0.012968,4.592720,0.007651,526.9,0.010000
87000,4.582481,0.012968,4.592412,0.007651,527.5,0.010000
87100,4.582837,0.012968,4.591760,0.007651,528.2,0.010000
87200,4.582681,0.012968,4.592102,0.007651,528.8,0.010000
87300,4.582580,0.012968,4.592324,0.007651,529.3,0.010000
87400,4.582562,0.012117,4.592266,0.008502,529.9,0.010000
87500,4.582710,0.012968,4.592014,0.007651,530.5,0.010000
87600,4.582931,0.012968,4.591758,0.007651,531.1,0.010000
87700,4.582716,0.012968,4.592090,0.007651,531.7,0.010000
87800,4.582713,0.012968,4.592152,0.007651,532.2,0.010000
87900,4.583007,0.012543,4.591602,0.008077,532.8,0.010000
88000,4.582691,0.012543,4.592134,0.008077,533.5,0.010000
88100,4.582665,0.012543,4.592181,0.008077,534.1,0.010000
88200,4.582868,0.012968,4.591813,0.007651,534.6,0.010000
88300,4.582463,0.012968,4.592569,0.007651,535.2,0.010000
88400,4.582494,0.012968,4.592515,0.007651,535.8,0.010000
88500,4.582734,0.012968,4.592066,0.007651,536.4,0.010000
88600,4.582798,0.012543,4.592010,0.008077,537.1,0.010000
88700,4.582681,0.012543,4.592216,0.008077,537.7,0.010000
88800,4.582436,0.012968,4.592522,0.007651,538.3,0.010000
88900,4.582582,0.012968,4.592294,0.007651,538.9,0.010000
89000,4.582326,0.012543,4.592770,0.008077,539.5,0.010000
89100,4.582711,0.012968,4.592118,0.007651,540.1,0.010000
89200,4.583098,0.012117,4.591407,0.008502,540.7,0.010000
89300,4.583025,0.012968,4.591554,0.007651,541.3,0.010000
89400,4.582894,0.012968,4.591756,0.007651,541.9,0.010000
89500,4.582529,0.012968,4.592259,0.007651,542.5,0.010000
89600,4.582828,0.012968,4.591852,0.007651,543.0,0.010000
89700,4.582802,0.012968,4.592042,0.007651,543.6,0.010000
89800,4.582643,0.012543,4.592122,0.008077,544.2,0.010000
89900,4.582546,0.012543,4.592305,0.008077,544.8,0.010000
90000,4.582591,0.012968,4.592362,0.007651,545.4,0.010000
90100,4.582532,0.012968,4.592329,0.007651,546.0,0.010000
90200,4.582589,0.012968,4.592463,0.007651,546.6,0.010000
90300,4.582702,0.012543,4.592046,0.008077,547.1,0.010000
90400,4.582734,0.012543,4.592045,0.008077,547.7,0.010000
90500,4.582878,0.012968,4.591764,0.007651,548.3,0.010000
90600,4.582766,0.011480,4.592129,0.009139,548.9,0.010000
90700,4.582596,0.011905,4.592389,0.008714,549.5,0.010000
90800,4.583320,0.012968,4.591278,0.007651,550.1,0.010000
90900,4.582671,0.012968,4.592201,0.007651,550.7,0.010000
91000,4.583056,0.011905,4.591503,0.008714,551.3,0.010000
91100,4.583004,0.012543,4.591865,0.008077,551.9,0.010000
91200,4.582575,0.012543,4.592289,0.008077,552.4,0.010000
91300,4.582544,0.011480,4.592353,0.009139,553.0,0.010000
91400,4.582519,0.012968,4.592572,0.007651,553.6,0.010000
91500,4.582746,0.012968,4.592050,0.007651,554.2,0.010000
91600,4.582953,0.012968,4.591716,0.007651,554.8,0.010000
91700,4.582840,0.012968,4.592032,0.007651,555.4,0.010000
91800,4.582996,0.012968,4.591609,0.007651,555.9,0.010000
91900,4.582955,0.012543,4.591869,0.008077,556.5,0.010000
92000,4.582968,0.012968,4.591717,0.007651,557.2,0.010000
92100,4.583158,0.011905,4.591584,0.008714,557.8,0.010000
92200,4.582940,0.012968,4.591788,0.007651,558.4,0.010000
92300,4.582678,0.011905,4.592168,0.008714,559.0,0.010000
92400,4.582598,0.012543,4.592328,0.008077,559.6,0.010000
92500,4.582511,0.012543,4.592580,0.008077,560.2,0.010000
92600,4.583011,0.012968,4.591677,0.007651,560.9,0.010000
92700,4.582638,0.012968,4.592412,0.007651,561.4,0.010000
92800,4.582805,0.012968,4.591928,0.007651,562.1,0.010000
92900,4.582248,0.012968,4.592811,0.007651,562.7,0.010000
93000,4.582395,0.012968,4.592659,0.007651,563.4,0.010000
93100,4.582379,0.011905,4.592620,0.008714,563.9,0.010000
93200,4.582573,0.012968,4.592155,0.007651,564.5,0.010000
93300,4.582639,0.011905,4.592213,0.008714,565.1,0.010000
93400,4.582833,0.012968,4.591835,0.007651,565.7,0.010000
93500,4.582811,0.012117,4.591932,0.008502,566.3,0.010000
93600,4.583025,0.012543,4.591596,0.008077,566.9,0.010000
93700,4.582710,0.012543,4.592081,0.008077,567.5,0.010000
93800,4.582730,0.012543,4.592113,0.008077,568.1,0.010000
93900,4.582652,0.012968,4.592215,0.007651,568.7,0.010000
94000,4.582909,0.012543,4.591764,0.008077,569.4,0.010000
94100,4.582351,0.012543,4.592678,0.008077,570.0,0.010000
94200,4.582815,0.011480,4.591914,0.009139,570.6,0.010000
94300,4.582855,0.012968,4.591835,0.007651,571.2,0.010000
94400,4.583020,0.012543,4.591602,0.008077,571.8,0.010000
94500,4.582226,0.012543,4.592908,0.008077,572.4,0.010000
94600,4.582863,0.011905,4.591823,0.008714,573.0,0.010000
94700,4.582861,0.012543,4.591920,0.008077,573.6,0.010000
94800,4.582541,0.012968,4.592383,0.007651,574.2,0.010000
94900,4.582348,0.012543,4.592580,0.008077,574.8,0.010000
95000,4.582189,0.012968,4.592877,0.007651,575.4,0.010000
95100,4.582454,0.012968,4.592383,0.007651,576.0,0.010000
95200,4.582885,0.011905,4.591738,0.008714,576.5,0.010000
95300,4.582451,0.012968,4.592473,0.007651,577.2,0.010000
95400,4.582673,0.012968,4.592083,0.007651,577.8,0.010000
95500,4.582874,0.012968,4.591865,0.007651,578.4,0.010000
95600,4.582922,0.011905,4.591801,0.008714,579.0,0.010000
95700,4.582720,0.012543,4.592093,0.008077,579.6,0.010000
95800,4.582638,0.012543,4.592104,0.008077,580.2,0.010000
95900,4.582370,0.012968,4.592669,0.007651,580.9,0.010000
96000,4.582576,0.011480,4.592141,0.009139,581.6,0.010000
96100,4.582949,0.012968,4.591718,0.007651,582.2,0.010000
96200,4.582827,0.012968,4.591884,0.007651,582.9,0.010000
96300,4.582743,0.012968,4.592005,0.007651,583.5,0.010000
96400,4.582798,0.012968,4.591953,0.007651,584.2,0.010000
96500,4.582724,0.011905,4.591975,0.008714,585.0,0.010000
96600,4.582457,0.012968,4.592441,0.007651,585.7,0.010000
96700,4.582875,0.012117,4.591807,0.008502,586.4,0.010000
96800,4.582748,0.012968,4.591950,0.007651,587.0,0.010000
96900,4.582781,0.012968,4.592022,0.007651,587.6,0.010000
97000,4.582874,0.012117,4.591815,0.008502,588.3,0.010000
97100,4.582832,0.012968,4.592002,0.007651,588.8,0.010000
97200,4.583233,0.012117,4.591301,0.008502,589.5,0.010000
97300,4.582833,0.012968,4.591991,0.007651,590.1,0.010000
97400,4.582508,0.012543,4.592550,0.008077,590.9,0.010000
97500,4.582788,0.011905,4.592022,0.008714,591.5,0.010000
97600,4.582876,0.012968,4.591852,0.007651,592.1,0.010000
97700,4.582735,0.012968,4.592077,0.007651,592.7,0.010000
97800,4.582800,0.012968,4.592057,0.007651,593.4,0.010000
97900,4.582580,0.012543,4.592276,0.008077,594.0,0.010000
98000,4.582838,0.012543,4.591804,0.008077,594.6,0.010000
98100,4.582511,0.012968,4.592457,0.007651,595.2,0.010000
98200,4.582293,0.011905,4.592719,0.008714,595.9,0.010000
98300,4.582591,0.012968,4.592132,0.007651,596.5,0.010000
98400,4.582663,0.012968,4.592117,0.007651,597.1,0.010000
98500,4.582523,0.012968,4.592330,0.007651,597.7,0.010000
98600,4.582772,0.012968,4.591986,0.007651,598.3,0.010000
98700,4.582544,0.012968,4.592400,0.007651,598.9,0.010000
98800,4.583312,0.011267,4.591193,0.009352,599.5,0.010000
98900,4.582844,0.011692,4.591991,0.008927,600.3,0.010000
99000,4.582500,0.012543,4.592479,0.008077,600.8,0.010000
99100,4.582754,0.012543,4.592035,0.008077,601.4,0.010000
99200,4.582572,0.012968,4.592232,0.007651,602.0,0.010000
99300,4.582942,0.012968,4.591618,0.007651,602.6,0.010000
99400,4.582925,0.012968,4.591732,0.007651,603.2,0.010000
99500,4.582756,0.012968,4.592031,0.007651,603.8,0.010000
99600,4.582780,0.012968,4.591859,0.007651,604.4,0.010000
99700,4.582961,0.012543,4.591816,0.008077,605.0,0.010000
99800,4.582457,0.012543,4.592652,0.008077,605.6,0.010000
99900,4.582472,0.012543,4.592575,0.008077,606.1,0.010000
100000,4.583056,0.012117,4.591508,0.008502,606.8,0.010000
100100,4.583125,0.012968,4.591547,0.007651,607.4,0.010000
100200,4.582749,0.012968,4.592051,0.007651,608.0,0.010000
100300,4.582998,0.012968,4.591611,0.007651,608.6,0.010000
100400,4.582800,0.012968,4.591844,0.007651,609.2,0.010000
100500,4.582984,0.012968,4.591675,0.007651,609.8,0.010000
100600,4.582885,0.012968,4.591928,0.007651,610.4,0.010000
100700,4.582449,0.012968,4.592515,0.007651,611.0,0.010000
100800,4.582713,0.012968,4.592150,0.007651,611.6,0.010000
100900,4.582650,0.012543,4.592194,0.008077,612.2,0.010000
101000,4.582801,0.012543,4.592078,0.008077,612.7,0.010000
101100,4.582624,0.012968,4.592270,0.007651,613.4,0.010000
101200,4.582727,0.012968,4.592059,0.007651,614.0,0.010000
101300,4.582440,0.012968,4.592377,0.007651,614.6,0.010000
101400,4.582711,0.012968,4.592003,0.007651,615.1,0.010000
101500,4.582851,0.012543,4.591748,0.008077,615.7,0.010000
101600,4.582615,0.012543,4.592184,0.008077,616.3,0.010000
101700,4.582932,0.012968,4.591699,0.007651,616.8,0.010000
101800,4.582557,0.012968,4.592331,0.007651,617.4,0.010000
101900,4.583086,0.012968,4.591289,0.007651,618.0,0.010000
102000,4.582832,0.012968,4.591984,0.007651,618.6,0.010000
102100,4.583101,0.012543,4.591494,0.008077,619.2,0.010000
102200,4.582983,0.012968,4.591722,0.007651,619.8,0.010000
102300,4.583368,0.011480,4.591133,0.009139,620.4,0.010000
102400,4.582653,0.012968,4.592253,0.007651,621.0,0.010000
102500,4.582608,0.011480,4.592301,0.009139,621.6,0.010000
102600,4.582603,0.011267,4.592284,0.009352,622.2,0.010000
102700,4.582487,0.012968,4.592387,0.007651,622.7,0.010000
102800,4.582208,0.012968,4.592936,0.007651,623.3,0.010000
102900,4.583018,0.012968,4.591534,0.007651,623.9,0.010000
103000,4.582787,0.012968,4.591886,0.007651,624.5,0.010000
103100,4.582605,0.011905,4.592288,0.008714,625.1,0.010000
103200,4.582554,0.012968,4.592320,0.007651,625.7,0.010000
103300,4.582848,0.012968,4.591969,0.007651,626.3,0.010000
103400,4.582788,0.012543,4.592039,0.008077,626.9,0.010000
103500,4.582778,0.012968,4.591965,0.007651,627.5,0.010000
103600,4.582675,0.012117,4.592098,0.008502,628.1,0.010000
103700,4.582891,0.012968,4.591810,0.007651,628.7,0.010000
103800,4.582230,0.012968,4.592854,0.007651,629.3,0.010000
103900,4.583083,0.011905,4.591482,0.008714,629.9,0.010000
104000,4.582776,0.011905,4.591982,0.008714,630.5,0.010000
104100,4.582835,0.012543,4.591825,0.008077,631.1,0.010000
104200,4.582425,0.012968,4.592553,0.007651,631.7,0.010000
104300,4.582829,0.011905,4.591822,0.008714,632.4,0.010000
104400,4.582538,0.012968,4.592336,0.007651,633.0,0.010000
104500,4.583089,0.012968,4.591451,0.007651,633.6,0.010000
104600,4.582683,0.012117,4.592097,0.008502,634.2,0.010000
104700,4.582785,0.012543,4.592118,0.008077,634.8,0.010000
104800,4.582294,0.012543,4.592684,0.008077,635.4,0.010000
104900,4.582473,0.012968,4.592469,0.007651,636.0,0.010000
105000,4.582798,0.012968,4.591882,0.007651,636.6,0.010000
105100,4.582862,0.012968,4.591802,0.007651,637.2,0.010000
105200,4.583118,0.012543,4.591569,0.008077,637.8,0.010000
105300,4.582946,0.011905,4.591766,0.008714,638.5,0.010000
105400,4.582969,0.011905,4.591705,0.008714,639.1,0.010000
105500,4.582793,0.012968,4.591969,0.007651,639.7,0.010000
105600,4.582840,0.012543,4.591904,0.008077,640.3,0.010000
105700,4.582936,0.012968,4.591704,0.007651,641.0,0.010000
105800,4.582741,0.012968,4.592067,0.007651,641.7,0.010000
105900,4.582321,0.012968,4.592641,0.007651,642.3,0.010000
106000,4.582973,0.012968,4.591588,0.007651,642.9,0.010000
106100,4.582759,0.012543,4.592055,0.008077,643.4,0.010000
106200,4.582809,0.012968,4.591995,0.007651,644.1,0.010000
106300,4.582873,0.012543,4.591906,0.008077,644.6,0.010000
106400,4.582156,0.012968,4.593074,0.007651,645.2,0.010000
106500,4.582425,0.011905,4.592657,0.008714,645.8,0.010000
106600,4.582999,0.011480,4.591584,0.009139,646.4,0.010000
106700,4.583055,0.012968,4.591500,0.007651,647.1,0.010000
106800,4.582649,0.012968,4.592119,0.007651,647.7,0.010000
106900,4.582367,0.012543,4.592793,0.008077,648.3,0.010000
107000,4.582617,0.012968,4.592202,0.007651,649.0,0.010000
107100,4.582833,0.012968,4.591831,0.007651,649.6,0.010000
107200,4.582788,0.012968,4.592001,0.007651,650.3,0.010000
107300,4.582563,0.012117,4.592371,0.008502,650.9,0.010000
107400,4.582769,0.012117,4.591974,0.008502,651.5,0.010000
107500,4.582752,0.011905,4.592010,0.008714,652.1,0.010000
107600,4.582894,0.012117,4.591863,0.008502,652.7,0.010000
107700,4.582717,0.012968,4.592097,0.007651,653.3,0.010000
107800,4.582482,0.012968,4.592459,0.007651,653.9,0.010000
107900,4.582573,0.012968,4.592229,0.007651,654.6,0.010000
108000,4.582396,0.012968,4.592507,0.007651,655.2,0.010000
108100,4.582725,0.012968,4.591972,0.007651,655.8,0.010000
108200,4.582829,0.012543,4.591854,0.008077,656.4,0.010000
108300,4.583138,0.012543,4.591409,0.008077,656.9,0.010000
108400,4.582948,0.012968,4.591661,0.007651,657.5,0.010000
108500,4.582758,0.012543,4.592082,0.008077,658.1,0.010000
108600,4.582794,0.012968,4.591951,0.007651,658.7,0.010000
108700,4.582660,0.012968,4.592222,0.007651,659.3,0.010000
108800,4.582261,0.012968,4.592735,0.007651,659.9,0.010000
108900,4.582773,0.012968,4.591950,0.007651,660.5,0.010000
109000,4.582782,0.012968,4.591916,0.007651,661.1,0.010000
109100,4.582483,0.012968,4.592470,0.007651,661.7,0.010000
109200,4.582447,0.012968,4.592513,0.007651,662.2,0.010000
109300,4.582983,0.012968,4.591616,0.007651,662.8,0.010000
109400,4.582714,0.012543,4.592031,0.008077,663.4,0.010000
109500,4.582724,0.012968,4.592145,0.007651,664.0,0.010000
109600,4.582846,0.012968,4.591900,0.007651,664.6,0.010000
109700,4.582878,0.012968,4.591810,0.007651,665.2,0.010000
109800,4.582618,0.012543,4.592292,0.008077,665.8,0.010000
109900,4.582651,0.012968,4.592023,0.007651,666.4,0.010000
110000,4.582778,0.012543,4.592040,0.008077,667.0,0.010000
110100,4.582780,0.012968,4.591947,0.007651,667.6,0.010000
110200,4.582934,0.012117,4.591834,0.008502,668.2,0.010000
110300,4.582304,0.012968,4.592790,0.007651,668.8,0.010000
110400,4.582682,0.012968,4.592103,0.007651,669.4,0.010000
110500,4.582668,0.012117,4.592165,0.008502,670.0,0.010000
110600,4.582237,0.012968,4.592881,0.007651,670.6,0.010000
110700,4.582973,0.012968,4.591557,0.007651,671.2,0.010000
110800,4.582932,0.012968,4.591688,0.007651,671.9,0.010000
110900,4.582719,0.012968,4.592110,0.007651,672.4,0.010000
111000,4.582744,0.012968,4.592038,0.007651,673.1,0.010000
111100,4.582911,0.012543,4.591796,0.008077,673.7,0.010000
111200,4.582544,0.011905,4.592327,0.008714,674.3,0.010000
111300,4.583024,0.012968,4.591720,0.007651,674.9,0.010000
111400,4.582739,0.012968,4.592131,0.007651,675.5,0.010000
111500,4.582660,0.012543,4.592113,0.008077,676.1,0.010000
111600,4.582486,0.012968,4.592571,0.007651,676.7,0.010000
111700,4.582614,0.012543,4.592112,0.008077,677.2,0.010000
111800,4.582744,0.012968,4.592016,0.007651,677.8,0.010000
111900,4.582627,0.012117,4.592247,0.008502,678.5,0.010000
112000,4.582719,0.012968,4.591972,0.007651,679.1,0.010000
112100,4.582925,0.012968,4.591781,0.007651,679.7,0.010000
112200,4.582940,0.012968,4.591781,0.007651,680.3,0.010000
112300,4.583251,0.012968,4.591310,0.007651,680.9,0.010000
112400,4.582807,0.012968,4.592035,0.007651,681.5,0.010000
112500,4.582681,0.012968,4.592172,0.007651,682.1,0.010000
112600,4.583051,0.012968,4.591570,0.007651,682.6,0.010000
112700,4.582731,0.012968,4.592084,0.007651,683.3,0.010000
112800,4.582753,0.012968,4.591925,0.007651,683.9,0.010000
112900,4.582894,0.012968,4.591736,0.007651,684.5,0.010000
113000,4.582406,0.012968,4.592636,0.007651,685.1,0.010000
113100,4.582785,0.012543,4.592095,0.008077,685.8,0.010000
113200,4.582772,0.012117,4.591862,0.008502,686.4,0.010000
113300,4.582354,0.012968,4.592636,0.007651,687.0,0.010000
113400,4.582829,0.012968,4.591799,0.007651,687.5,0.010000
113500,4.582784,0.012968,4.592007,0.007651,688.2,0.010000
113600,4.582945,0.012968,4.591785,0.007651,688.7,0.010000
113700,4.582649,0.012968,4.592360,0.007651,689.3,0.010000
113800,4.582585,0.011692,4.592341,0.008927,690.0,0.010000
113900,4.582698,0.012543,4.592142,0.008077,690.6,0.010000
114000,4.582734,0.011480,4.592000,0.009139,691.1,0.010000
114100,4.582786,0.012968,4.592090,0.007651,691.7,0.010000
114200,4.583014,0.012968,4.591544,0.007651,692.3,0.010000
114300,4.582778,0.012117,4.592000,0.008502,692.9,0.010000
114400,4.582878,0.012543,4.591928,0.008077,693.5,0.010000
114500,4.583156,0.012968,4.591530,0.007651,694.1,0.010000
114600,4.582274,0.012968,4.592987,0.007651,694.7,0.010000
114700,4.582811,0.012543,4.591909,0.008077,695.3,0.010000
114800,4.582415,0.012968,4.592670,0.007651,695.9,0.010000
114900,4.582676,0.012117,4.591990,0.008502,696.4,0.010000
115000,4.582548,0.012968,4.592360,0.007651,697.0,0.010000
115100,4.582896,0.012543,4.591751,0.008077,697.6,0.010000
115200,4.582703,0.012968,4.592087,0.007651,698.3,0.010000
115300,4.582609,0.012968,4.592262,0.007651,698.9,0.010000
115400,4.582595,0.012968,4.592315,0.007651,699.5,0.010000
115500,4.582788,0.012968,4.592045,0.007651,700.1,0.010000
115600,4.582903,0.012543,4.591819,0.008077,700.7,0.010000
115700,4.582832,0.012117,4.591946,0.008502,701.4,0.010000
115800,4.582652,0.012543,4.592219,0.008077,702.0,0.010000
115900,4.582635,0.011905,4.592256,0.008714,702.6,0.010000
116000,4.582572,0.012968,4.592273,0.007651,703.2,0.010000
116100,4.582479,0.012968,4.592431,0.007651,703.8,0.010000
116200,4.582902,0.012968,4.591795,0.007651,704.4,0.010000
116300,4.583001,0.012968,4.591591,0.007651,705.0,0.010000
116400,4.583119,0.012117,4.591497,0.008502,705.6,0.010000
116500,4.582829,0.012968,4.591881,0.007651,706.2,0.010000
116600,4.582935,0.012543,4.591585,0.008077,706.8,0.010000
116700,4.582273,0.012543,4.592914,0.008077,707.4,0.010000
116800,4.582918,0.012968,4.591683,0.007651,708.0,0.010000
116900,4.583203,0.012968,4.591266,0.007651,708.6,0.010000
117000,4.583221,0.012968,4.591395,0.007651,709.2,0.010000
117100,4.582772,0.012543,4.592015,0.008077,709.8,0.010000
117200,4.582867,0.012968,4.591846,0.007651,710.4,0.010000
117300,4.582523,0.011480,4.592505,0.009139,710.9,0.010000
117400,4.582801,0.012968,4.591829,0.007651,711.5,0.010000
117500,4.582292,0.012968,4.592672,0.007651,712.1,0.010000
117600,4.582921,0.012968,4.591659,0.007651,712.7,0.010000
117700,4.582457,0.012968,4.592534,0.007651,713.4,0.010000
117800,4.582861,0.012968,4.591808,0.007651,714.1,0.010000
117900,4.582868,0.012968,4.591937,0.007651,714.9,0.010000
118000,4.582853,0.012968,4.591794,0.007651,715.8,0.010000
118100,4.582741,0.012543,4.592110,0.008077,716.6,0.010000
118200,4.582357,0.012968,4.592682,0.007651,717.3,0.010000
118300,4.582789,0.011480,4.591981,0.009139,718.1,0.010000
118400,4.583107,0.012968,4.591514,0.007651,718.9,0.010000
118500,4.582660,0.011905,4.592160,0.008714,719.5,0.010000
118600,4.583167,0.012543,4.591336,0.008077,720.2,0.010000
118700,4.582541,0.012968,4.592432,0.007651,720.8,0.010000
118800,4.582730,0.012968,4.592023,0.007651,721.5,0.010000
118900,4.582849,0.012543,4.591884,0.008077,722.3,0.010000
119000,4.582794,0.012968,4.591832,0.007651,723.0,0.010000
119100,4.582834,0.012968,4.591944,0.007651,723.7,0.010000
119200,4.582290,0.012968,4.592978,0.007651,724.5,0.010000
119300,4.582828,0.012543,4.591779,0.008077,725.2,0.010000
119400,4.583016,0.012968,4.591655,0.007651,725.9,0.010000
119500,4.583004,0.012968,4.591688,0.007651,726.6,0.010000
119600,4.582962,0.012968,4.591867,0.007651,727.3,0.010000
119700,4.582935,0.012968,4.591827,0.007651,728.0,0.010000
119800,4.582696,0.012968,4.591999,0.007651,728.8,0.010000
119900,4.582752,0.012968,4.592137,0.007651,729.4,0.010000
120000,4.582492,0.012543,4.592481,0.008077,730.2,0.010000
120100,4.582679,0.012543,4.592113,0.008077,731.0,0.010000
120200,4.582762,0.012543,4.592008,0.008077,731.8,0.010000
120300,4.582769,0.012968,4.591914,0.007651,732.6,0.010000
120400,4.582814,0.012117,4.591968,0.008502,733.3,0.010000
120500,4.582823,0.012543,4.591795,0.008077,734.1,0.010000
120600,4.582645,0.012543,4.592229,0.008077,734.9,0.010000
120700,4.582767,0.012968,4.591900,0.007651,735.6,0.010000
120800,4.582846,0.012968,4.591729,0.007651,736.4,0.010000
120900,4.582708,0.012968,4.592061,0.007651,737.3,0.010000
121000,4.582401,0.012543,4.592632,0.008077,738.1,0.010000
121100,4.582919,0.012968,4.591800,0.007651,739.0,0.010000
121200,4.582629,0.012968,4.592187,0.007651,739.8,0.010000
121300,4.582902,0.012543,4.591826,0.008077,740.6,0.010000
121400,4.582818,0.012968,4.591920,0.007651,741.3,0.010000
121500,4.582616,0.012543,4.592194,0.008077,742.1,0.010000
121600,4.582492,0.012968,4.592401,0.007651,742.8,0.010000
121700,4.582515,0.012117,4.592322,0.008502,743.4,0.010000
121800,4.582837,0.012968,4.591836,0.007651,744.1,0.010000
121900,4.582833,0.012968,4.591994,0.007651,744.9,0.010000
122000,4.582497,0.011905,4.592453,0.008714,745.7,0.010000
122100,4.582714,0.012117,4.591959,0.008502,746.4,0.010000
122200,4.582441,0.012543,4.592690,0.008077,747.1,0.010000
122300,4.582435,0.012968,4.592452,0.007651,747.8,0.010000
122400,4.582804,0.012968,4.591928,0.007651,748.5,0.010000
122500,4.582796,0.012968,4.592146,0.007651,749.2,0.010000
122600,4.582563,0.012968,4.592201,0.007651,750.0,0.010000
122700,4.582800,0.012968,4.591757,0.007651,750.7,0.010000
122800,4.583053,0.012117,4.591576,0.008502,751.5,0.010000
122900,4.582830,0.012968,4.591994,0.007651,752.2,0.010000
123000,4.583109,0.012543,4.591510,0.008077,752.9,0.010000
123100,4.582859,0.012968,4.591885,0.007651,753.5,0.010000
123200,4.582592,0.012968,4.592167,0.007651,754.1,0.010000
123300,4.582466,0.011480,4.592394,0.009139,754.8,0.010000
123400,4.582618,0.012968,4.592300,0.007651,755.5,0.010000
123500,4.582505,0.012968,4.592548,0.007651,756.2,0.010000
123600,4.582859,0.012968,4.591891,0.007651,756.9,0.010000
123700,4.582839,0.012968,4.591870,0.007651,757.6,0.010000
123800,4.583074,0.012968,4.591599,0.007651,758.4,0.010000
123900,4.582492,0.011905,4.592402,0.008714,759.0,0.010000
124000,4.583258,0.012543,4.591280,0.008077,759.6,0.010000
124100,4.582831,0.012968,4.592036,0.007651,760.1,0.010000
124200,4.582646,0.012117,4.592302,0.008502,760.8,0.010000
124300,4.582811,0.012968,4.592021,0.007651,761.4,0.010000
124400,4.582834,0.012968,4.592004,0.007651,762.1,0.010000
124500,4.582754,0.012968,4.592045,0.007651,762.7,0.010000
124600,4.582922,0.012968,4.591750,0.007651,763.3,0.010000
124700,4.582955,0.012968,4.591677,0.007651,764.2,0.010000
124800,4.583023,0.012968,4.591577,0.007651,765.0,0.010000
124900,4.582649,0.012968,4.592379,0.007651,765.7,0.010000
125000,4.582849,0.011905,4.591800,0.008714,766.3,0.010000
125100,4.582561,0.012968,4.592272,0.007651,767.0,0.010000
125200,4.582895,0.012968,4.591762,0.007651,767.5,0.010000
125300,4.582540,0.012968,4.592349,0.007651,768.1,0.010000
125400,4.582520,0.012543,4.592489,0.008077,768.7,0.010000
125500,4.582525,0.012968,4.592243,0.007651,769.4,0.010000
125600,4.582629,0.012968,4.592174,0.007651,770.1,0.010000
125700,4.583014,0.012968,4.591598,0.007651,770.9,0.010000
125800,4.582809,0.011692,4.592122,0.008927,771.8,0.010000
125900,4.582653,0.012968,4.592216,0.007651,772.6,0.010000
126000,4.582763,0.011905,4.592013,0.008714,773.4,0.010000
126100,4.583009,0.011480,4.591696,0.009139,774.2,0.010000
126200,4.582635,0.012968,4.592297,0.007651,774.8,0.010000
126300,4.582725,0.012968,4.592075,0.007651,775.4,0.010000
126400,4.582377,0.012543,4.592636,0.008077,776.0,0.010000
126500,4.582872,0.012968,4.591857,0.007651,776.7,0.010000
126600,4.582621,0.011905,4.592247,0.008714,777.3,0.010000
126700,4.582655,0.012543,4.592066,0.008077,778.0,0.010000
126800,4.583056,0.012968,4.591519,0.007651,778.6,0.010000
126900,4.582881,0.012117,4.591751,0.008502,779.2,0.010000
127000,4.582736,0.012968,4.592048,0.007651,779.8,0.010000
127100,4.582769,0.012117,4.592034,0.008502,780.5,0.010000
127200,4.582565,0.012968,4.592345,0.007651,781.1,0.010000
127300,4.582490,0.011692,4.592370,0.008927,781.7,0.010000
127400,4.582879,0.012543,4.591838,0.008077,782.4,0.010000
127500,4.582857,0.012968,4.591808,0.007651,783.0,0.010000
127600,4.582602,0.012968,4.592306,0.007651,783.5,0.010000
127700,4.582563,0.012968,4.592219,0.007651,784.1,0.010000
127800,4.582849,0.012968,4.591677,0.007651,784.6,0.010000
127900,4.583050,0.012543,4.591569,0.008077,785.2,0.010000
128000,4.583004,0.012968,4.591646,0.007651,785.7,0.010000
128100,4.582539,0.012968,4.592453,0.007651,786.3,0.010000
128200,4.582859,0.011480,4.591999,0.009139,786.8,0.010000
128300,4.582729,0.012968,4.592008,0.007651,787.3,0.010000
128400,4.582819,0.012543,4.591959,0.008077,787.8,0.010000
128500,4.582800,0.012968,4.591957,0.007651,788.4,0.010000
128600,4.582598,0.012968,4.592317,0.007651,789.0,0.010000
128700,4.582515,0.012968,4.592299,0.007651,789.5,0.010000
128800,4.582617,0.012968,4.592175,0.007651,790.1,0.010000
128900,4.582496,0.012543,4.592463,0.008077,790.6,0.010000
129000,4.582654,0.012968,4.592199,0.007651,791.3,0.010000
129100,4.582705,0.012968,4.592058,0.007651,791.9,0.010000
129200,4.582732,0.012543,4.591956,0.008077,792.5,0.010000
129300,4.583164,0.012968,4.591430,0.007651,793.3,0.010000
129400,4.582739,0.012968,4.592155,0.007651,793.9,0.010000
129500,4.583235,0.012968,4.591336,0.007651,794.5,0.010000
129600,4.582623,0.012543,4.592296,0.008077,795.0,0.010000
129700,4.582922,0.012968,4.591667,0.007651,795.7,0.010000
129800,4.582471,0.012968,4.592525,0.007651,796.2,0.010000
129900,4.582758,0.011905,4.591951,0.008714,796.9,0.010000
130000,4.582650,0.012968,4.592075,0.007651,797.4,0.010000
130100,4.583117,0.012543,4.591404,0.008077,798.1,0.010000
130200,4.582545,0.012968,4.592307,0.007651,798.7,0.010000
130300,4.582697,0.012968,4.592052,0.007651,799.3,0.010000
130400,4.582467,0.012968,4.592454,0.007651,799.9,0.010000
130500,4.582583,0.012968,4.592165,0.007651,800.5,0.010000
130600,4.582823,0.012968,4.591834,0.007651,801.1,0.010000
130700,4.582867,0.012117,4.591731,0.008502,801.7,0.010000
130800,4.582933,0.012968,4.591750,0.007651,802.3,0.010000
130900,4.582566,0.012543,4.592336,0.008077,802.9,0.010000
131000,4.582906,0.012543,4.591827,0.008077,803.5,0.010000
131100,4.582724,0.012968,4.592068,0.007651,804.1,0.010000
131200,4.582985,0.012543,4.591712,0.008077,804.6,0.010000
131300,4.582495,0.012968,4.592510,0.007651,805.1,0.010000
131400,4.582420,0.012968,4.592434,0.007651,805.7,0.010000
131500,4.582812,0.012968,4.591929,0.007651,806.2,0.010000
131600,4.582564,0.012968,4.592347,0.007651,807.0,0.010000
131700,4.582486,0.012968,4.592454,0.007651,807.5,0.010000
131800,4.582424,0.012968,4.592414,0.007651,808.1,0.010000
131900,4.582974,0.012543,4.591583,0.008077,808.6,0.010000
132000,4.582400,0.012968,4.592530,0.007651,809.1,0.010000
132100,4.582522,0.012968,4.592341,0.007651,809.7,0.010000
132200,4.582675,0.012968,4.592204,0.007651,810.2,0.010000
132300,4.582744,0.012543,4.592049,0.008077,810.7,0.010000
132400,4.582806,0.012543,4.591906,0.008077,811.3,0.010000
132500,4.582759,0.012968,4.591803,0.007651,811.8,0.010000
132600,4.582428,0.012968,4.592545,0.007651,812.3,0.010000
132700,4.582618,0.012968,4.592171,0.007651,812.9,0.010000
132800,4.582661,0.012968,4.592218,0.007651,813.4,0.010000
132900,4.582783,0.012543,4.591940,0.008077,813.9,0.010000
133000,4.582942,0.012968,4.591672,0.007651,814.5,0.010000
133100,4.582585,0.012968,4.592353,0.007651,815.0,0.010000
133200,4.582564,0.012968,4.592235,0.007651,815.6,0.010000
133300,4.582826,0.012543,4.591904,0.008077,816.1,0.010000
133400,4.582533,0.011905,4.592483,0.008714,816.6,0.010000
133500,4.582576,0.012968,4.592239,0.007651,817.2,0.010000
133600,4.582534,0.012968,4.592293,0.007651,817.7,0.010000
133700,4.582901,0.012968,4.591757,0.007651,818.2,0.010000
133800,4.582505,0.012968,4.592478,0.007651,818.8,0.010000
133900,4.582898,0.012968,4.591779,0.007651,819.3,0.010000
134000,4.582725,0.012968,4.592055,0.007651,819.8,0.010000
134100,4.582542,0.012968,4.592410,0.007651,820.3,0.010000
134200,4.582621,0.012543,4.592282,0.008077,821.0,0.010000
134300,4.582616,0.012543,4.592300,0.008077,821.5,0.010000
134400,4.582568,0.012968,4.592428,0.007651,822.1,0.010000
134500,4.583077,0.011905,4.591506,0.008714,822.6,0.010000
134600,4.582600,0.012968,4.592311,0.007651,823.1,0.010000
134700,4.582992,0.012543,4.591612,0.008077,823.7,0.010000
134800,4.582787,0.012543,4.592068,0.008077,824.2,0.010000
134900,4.583200,0.011905,4.591310,0.008714,824.7,0.010000
135000,4.582602,0.012968,4.592451,0.007651,825.3,0.010000
135100,4.582736,0.012543,4.592180,0.008077,825.8,0.010000
135200,4.582842,0.012968,4.591799,0.007651,826.3,0.010000
135300,4.582669,0.012968,4.592244,0.007651,826.9,0.010000
135400,4.582952,0.012968,4.591772,0.007651,827.4,0.010000
135500,4.582999,0.012968,4.591756,0.007651,827.9,0.010000
135600,4.582602,0.012543,4.592214,0.008077,828.5,0.010000
135700,4.582799,0.012968,4.592027,0.007651,829.0,0.010000
135800,4.582168,0.012968,4.593029,0.007651,829.5,0.010000
135900,4.582095,0.012968,4.593063,0.007651,830.1,0.010000
136000,4.582721,0.011692,4.591890,0.008927,830.6,0.010000
136100,4.582946,0.011480,4.591802,0.009139,831.1,0.010000
136200,4.583006,0.011905,4.591679,0.008714,831.6,0.010000
136300,4.582417,0.012543,4.592578,0.008077,832.2,0.010000
136400,4.582624,0.012968,4.592259,0.007651,832.9,0.010000
136500,4.582667,0.012543,4.592150,0.008077,833.5,0.010000
136600,4.582910,0.012968,4.591750,0.007651,834.2,0.010000
136700,4.582654,0.012968,4.592208,0.007651,834.7,0.010000
136800,4.582404,0.012968,4.592554,0.007651,835.3,0.010000
136900,4.582636,0.011905,4.592145,0.008714,835.9,0.010000
137000,4.582792,0.012968,4.592007,0.007651,836.6,0.010000
137100,4.583017,0.012968,4.591653,0.007651,837.2,0.010000
137200,4.582826,0.012968,4.591957,0.007651,837.7,0.010000
137300,4.582880,0.012968,4.591900,0.007651,838.3,0.010000
137400,4.582771,0.012968,4.591969,0.007651,838.9,0.010000
137500,4.582824,0.012968,4.591947,0.007651,839.5,0.010000
137600,4.582860,0.012968,4.591929,0.007651,840.2,0.010000
137700,4.582550,0.012968,4.592391,0.007651,840.8,0.010000
137800,4.582796,0.011905,4.592031,0.008714,841.4,0.010000
137900,4.582657,0.012968,4.592370,0.007651,842.0,0.010000
138000,4.582794,0.012968,4.591909,0.007651,842.6,0.010000
138100,4.582621,0.012968,4.592254,0.007651,843.1,0.010000
138200,4.582560,0.012543,4.592380,0.008077,843.8,0.010000
138300,4.582927,0.012968,4.591761,0.007651,844.5,0.010000
138400,4.582685,0.012543,4.592116,0.008077,845.1,0.010000
138500,4.582983,0.011905,4.591673,0.008714,845.7,0.010000
138600,4.582932,0.012968,4.591723,0.007651,846.4,0.010000
138700,4.582730,0.012968,4.592096,0.007651,847.0,0.010000
138800,4.582717,0.012968,4.592125,0.007651,847.7,0.010000
138900,4.582757,0.011692,4.591894,0.008927,848.3,0.010000
139000,4.582718,0.012968,4.592045,0.007651,849.0,0.010000
139100,4.582821,0.012117,4.591998,0.008502,849.6,0.010000
139200,4.583016,0.012968,4.591778,0.007651,850.1,0.010000
139300,4.582977,0.012968,4.591644,0.007651,850.7,0.010000
139400,4.582663,0.012968,4.592090,0.007651,851.3,0.010000
139500,4.582747,0.012968,4.591950,0.007651,851.8,0.010000
139600,4.582864,0.012968,4.591815,0.007651,852.4,0.010000
139700,4.582895,0.012968,4.591794,0.007651,853.0,0.010000
139800,4.582827,0.012968,4.591906,0.007651,853.5,0.010000
139900,4.582950,0.012968,4.591764,0.007651,854.1,0.010000
140000,4.582478,0.012968,4.592529,0.007651,854.6,0.010000
140100,4.582802,0.012968,4.591923,0.007651,855.2,0.010000
140200,4.582576,0.012968,4.592219,0.007651,855.8,0.010000
140300,4.582598,0.012117,4.592217,0.008502,856.3,0.010000
140400,4.583309,0.012968,4.591225,0.007651,856.9,0.010000
140500,4.583205,0.012968,4.591396,0.007651,857.4,0.010000
140600,4.582894,0.012543,4.591904,0.008077,857.9,0.010000
140700,4.582931,0.011905,4.591940,0.008714,858.4,0.010000
140800,4.582997,0.012968,4.591635,0.007651,858.9,0.010000
140900,4.582471,0.011905,4.592517,0.008714,859.5,0.010000
141000,4.582688,0.012968,4.592105,0.007651,860.0,0.010000
141100,4.582596,0.012968,4.592393,0.007651,860.5,0.010000
141200,4.583231,0.012968,4.591342,0.007651,861.0,0.010000
141300,4.582557,0.012968,4.592563,0.007651,861.6,0.010000
141400,4.582851,0.012968,4.591890,0.007651,862.1,0.010000
141500,4.582485,0.011905,4.592509,0.008714,862.6,0.010000
141600,4.582378,0.012543,4.592501,0.008077,863.1,0.010000
141700,4.582970,0.012117,4.591566,0.008502,863.7,0.010000
141800,4.582896,0.012968,4.591719,0.007651,864.2,0.010000
141900,4.582715,0.012543,4.592086,0.008077,864.7,0.010000
142000,4.582804,0.012968,4.591937,0.007651,865.2,0.010000
142100,4.582778,0.012968,4.591932,0.007651,865.7,0.010000
142200,4.582717,0.012968,4.592021,0.007651,866.3,0.010000
142300,4.582278,0.012543,4.592742,0.008077,866.8,0.010000
142400,4.582743,0.011905,4.591970,0.008714,867.3,0.010000
142500,4.582744,0.012543,4.592016,0.008077,867.8,0.010000
142600,4.582321,0.012117,4.592749,0.008502,868.4,0.010000
142700,4.582595,0.012968,4.592277,0.007651,868.9,0.010000
142800,4.582756,0.012968,4.591988,0.007651,869.4,0.010000
142900,4.582541,0.012543,4.592259,0.008077,870.0,0.010000
143000,4.582693,0.012968,4.592113,0.007651,870.5,0.010000
143100,4.582993,0.012117,4.591730,0.008502,871.1,0.010000
143200,4.583338,0.012968,4.591106,0.007651,871.6,0.010000
143300,4.582752,0.011905,4.592093,0.008714,872.1,0.010000
143400,4.582579,0.011905,4.592342,0.008714,872.7,0.010000
143500,4.582746,0.012968,4.592051,0.007651,873.2,0.010000
143600,4.582674,0.012543,4.592028,0.008077,873.7,0.010000
143700,4.583212,0.012543,4.591268,0.008077,874.3,0.010000
143800,4.582586,0.012968,4.592278,0.007651,874.8,0.010000
143900,4.582342,0.012968,4.592789,0.007651,875.3,0.010000
144000,4.582914,0.012968,4.591629,0.007651,875.9,0.010000
144100,4.582992,0.011692,4.591654,0.008927,876.4,0.010000
144200,4.582798,0.012968,4.592040,0.007651,876.9,0.010000
144300,4.582862,0.012968,4.591881,0.007651,877.5,0.010000
144400,4.582595,0.012543,4.592195,0.008077,878.0,0.010000
144500,4.582866,0.011480,4.591882,0.009139,878.6,0.010000
144600,4.582789,0.012968,4.591888,0.007651,879.2,0.010000
144700,4.582938,0.012117,4.591738,0.008502,879.8,0.010000
144800,4.582990,0.012117,4.591650,0.008502,880.3,0.010000
144900,4.583205,0.012968,4.591475,0.007651,880.9,0.010000
145000,4.583164,0.012968,4.591415,0.007651,881.4,0.010000
145100,4.582916,0.012968,4.591956,0.007651,882.0,0.010000
145200,4.582621,0.012968,4.592343,0.007651,882.5,0.010000
145300,4.582238,0.012968,4.592845,0.007651,883.0,0.010000
145400,4.582728,0.012968,4.592118,0.007651,883.6,0.010000
145500,4.582283,0.012968,4.592900,0.007651,884.1,0.010000
145600,4.582712,0.012117,4.592010,0.008502,884.7,0.010000
145700,4.583080,0.012968,4.591451,0.007651,885.3,0.010000
145800,4.582354,0.012968,4.592723,0.007651,885.8,0.010000
145900,4.583292,0.012968,4.591135,0.007651,886.3,0.010000
146000,4.582738,0.012543,4.591999,0.008077,886.8,0.010000
146100,4.582712,0.012543,4.592199,0.008077,887.4,0.010000
146200,4.582704,0.012968,4.592158,0.007651,887.9,0.010000
146300,4.582592,0.012968,4.592350,0.007651,888.5,0.010000
146400,4.582912,0.012543,4.591746,0.008077,889.0,0.010000
146500,4.583004,0.011905,4.591702,0.008714,889.5,0.010000
146600,4.582894,0.012968,4.591788,0.007651,890.1,0.010000
146700,4.583017,0.012968,4.591696,0.007651,890.6,0.010000
146800,4.582929,0.011692,4.591828,0.008927,891.1,0.010000
146900,4.582576,0.012968,4.592166,0.007651,891.7,0.010000
147000,4.582319,0.012968,4.592764,0.007651,892.2,0.010000
147100,4.582563,0.012968,4.592234,0.007651,892.7,0.010000
147200,4.582688,0.012968,4.592046,0.007651,893.2,0.010000
147300,4.582580,0.012968,4.592269,0.007651,893.8,0.010000
147400,4.582606,0.012968,4.592176,0.007651,894.3,0.010000
147500,4.582918,0.011905,4.591786,0.008714,894.8,0.010000
147600,4.582966,0.012968,4.591834,0.007651,895.4,0.010000
147700,4.582444,0.012117,4.592735,0.008502,895.9,0.010000
147800,4.582695,0.012543,4.592020,0.008077,896.4,0.010000
147900,4.583014,0.012968,4.591671,0.007651,896.9,0.010000
148000,4.582561,0.011905,4.592325,0.008714,897.5,0.010000
148100,4.582684,0.012968,4.592055,0.007651,898.1,0.010000
148200,4.582903,0.012543,4.591815,0.008077,898.6,0.010000
148300,4.582868,0.012543,4.591921,0.008077,899.1,0.010000
148400,4.582644,0.012968,4.592280,0.007651,899.7,0.010000
148500,4.582913,0.012968,4.591730,0.007651,900.2,0.010000
148600,4.582922,0.012117,4.591828,0.008502,900.8,0.010000
148700,4.582891,0.012968,4.591801,0.007651,901.4,0.010000
148800,4.583080,0.012968,4.591687,0.007651,901.9,0.010000
148900,4.582737,0.012117,4.592055,0.008502,902.4,0.010000
149000,4.582861,0.012968,4.591938,0.007651,903.0,0.010000
149100,4.582533,0.012117,4.592410,0.008502,903.5,0.010000
149200,4.582756,0.012968,4.591997,0.007651,904.0,0.010000
149300,4.582305,0.012543,4.592872,0.008077,904.5,0.010000
149400,4.582842,0.012968,4.591815,0.007651,905.1,0.010000
149500,4.582567,0.012968,4.592241,0.007651,905.6,0.010000
149600,4.582315,0.012543,4.592803,0.008077,906.1,0.010000
149700,4.582628,0.012543,4.592097,0.008077,906.6,0.010000
149800,4.582736,0.012968,4.591898,0.007651,907.2,0.010000
149900,4.582667,0.012117,4.592120,0.008502,907.7,0.010000
150000,4.582794,0.012968,4.591958,0.007651,908.3,0.010000
150100,4.582873,0.011905,4.591888,0.008714,908.8,0.010000
150200,4.582467,0.012968,4.592422,0.007651,909.3,0.010000
150300,4.583247,0.012968,4.591317,0.007651,909.9,0.010000
150400,4.582938,0.011692,4.591869,0.008927,910.5,0.010000
150500,4.582894,0.012968,4.591810,0.007651,911.1,0.010000
150600,4.583068,0.012968,4.591546,0.007651,911.7,0.010000
150700,4.582612,0.012968,4.592318,0.007651,912.2,0.010000
150800,4.582470,0.012968,4.592422,0.007651,912.8,0.010000
150900,4.582467,0.012543,4.592335,0.008077,913.4,0.010000
151000,4.582865,0.011905,4.591796,0.008714,913.9,0.010000
151100,4.582491,0.012117,4.592558,0.008502,914.5,0.010000
151200,4.582418,0.012543,4.592509,0.008077,915.0,0.010000
151300,4.582598,0.011905,4.592119,0.008714,915.6,0.010000
151400,4.582834,0.012543,4.591918,0.008077,916.1,0.010000
151500,4.582777,0.012543,4.592116,0.008077,916.6,0.010000
151600,4.582938,0.012968,4.591686,0.007651,917.2,0.010000
151700,4.582705,0.012968,4.591988,0.007651,917.7,0.010000
151800,4.582264,0.011480,4.592780,0.009139,918.3,0.010000
151900,4.582720,0.012968,4.592107,0.007651,918.8,0.010000
152000,4.582611,0.012968,4.592173,0.007651,919.3,0.010000
152100,4.582353,0.012968,4.592668,0.007651,919.9,0.010000
152200,4.582830,0.012543,4.591935,0.008077,920.4,0.010000
152300,4.582786,0.011905,4.592034,0.008714,921.0,0.010000
152400,4.583266,0.012968,4.591386,0.007651,921.5,0.010000
152500,4.582582,0.012543,4.592317,0.008077,922.1,0.010000
152600,4.582541,0.012543,4.592362,0.008077,922.6,0.010000
152700,4.582885,0.012968,4.591762,0.007651,923.1,0.010000
152800,4.582661,0.012968,4.592265,0.007651,923.7,0.010000
152900,4.582982,0.012968,4.591655,0.007651,924.2,0.010000
153000,4.582923,0.012543,4.591771,0.008077,924.8,0.010000
153100,4.582895,0.012968,4.591770,0.007651,925.3,0.010000
153200,4.582971,0.012543,4.591777,0.008077,925.8,0.010000
153300,4.582849,0.012968,4.591815,0.007651,926.4,0.010000
153400,4.582749,0.012968,4.592052,0.007651,926.9,0.010000
153500,4.582719,0.011692,4.592129,0.008927,927.5,0.010000
153600,4.582881,0.012543,4.591816,0.008077,928.1,0.010000
153700,4.582703,0.012968,4.592110,0.007651,928.6,0.010000
153800,4.582759,0.012968,4.591878,0.007651,929.2,0.010000
153900,4.583044,0.012968,4.591553,0.007651,929.7,0.010000
154000,4.582760,0.012543,4.592032,0.008077,930.2,0.010000
154100,4.583101,0.012968,4.591560,0.007651,930.8,0.010000
154200,4.582768,0.012968,4.591968,0.007651,931.3,0.010000
154300,4.582711,0.012968,4.591955,0.007651,931.8,0.010000
154400,4.583094,0.012968,4.591466,0.007651,932.4,0.010000
154500,4.582990,0.012968,4.591747,0.007651,932.9,0.010000
154600,4.582794,0.012968,4.592087,0.007651,933.5,0.010000
154700,4.582908,0.012968,4.591846,0.007651,934.0,0.010000
154800,4.582267,0.012968,4.592873,0.007651,934.5,0.010000
154900,4.582775,0.011905,4.591904,0.008714,935.0,0.010000
155000,4.582489,0.012968,4.592400,0.007651,935.6,0.010000
155100,4.583135,0.012968,4.591460,0.007651,936.1,0.010000
155200,4.582960,0.012117,4.591661,0.008502,936.6,0.010000
155300,4.583000,0.012968,4.591616,0.007651,937.1,0.010000
155400,4.582621,0.012543,4.592399,0.008077,937.7,0.010000
155500,4.582449,0.012543,4.592545,0.008077,938.3,0.010000
155600,4.582878,0.012543,4.591834,0.008077,938.8,0.010000
155700,4.582975,0.012968,4.591687,0.007651,939.5,0.010000
155800,4.582762,0.011692,4.592218,0.008927,940.0,0.010000
155900,4.583055,0.012543,4.591572,0.008077,940.5,0.010000
156000,4.582677,0.012968,4.592315,0.007651,941.1,0.010000
156100,4.582944,0.012543,4.591718,0.008077,941.7,0.010000
156200,4.582775,0.012968,4.591876,0.007651,942.3,0.010000
156300,4.582698,0.012968,4.592081,0.007651,942.9,0.010000
156400,4.582643,0.011905,4.592103,0.008714,943.5,0.010000
156500,4.582714,0.012543,4.591890,0.008077,944.1,0.010000
156600,4.582698,0.012968,4.591961,0.007651,944.8,0.010000
156700,4.582552,0.012543,4.592363,0.008077,945.4,0.010000
156800,4.583416,0.012968,4.590983,0.007651,945.9,0.010000
156900,4.582402,0.012968,4.592730,0.007651,946.6,0.010000
157000,4.582880,0.012543,4.591835,0.008077,947.2,0.010000
157100,4.582911,0.012968,4.591814,0.007651,947.8,0.010000
157200,4.583084,0.012968,4.591573,0.007651,948.5,0.010000
157300,4.582280,0.012543,4.592824,0.008077,949.1,0.010000
157400,4.582638,0.012968,4.592157,0.007651,949.7,0.010000
157500,4.582721,0.012968,4.591959,0.007651,950.3,0.010000
157600,4.583072,0.011480,4.591446,0.009139,951.0,0.010000
157700,4.582543,0.012968,4.592340,0.007651,951.6,0.010000
157800,4.582710,0.012968,4.592132,0.007651,952.2,0.010000
157900,4.582762,0.012968,4.591960,0.007651,953.0,0.010000
158000,4.582704,0.011480,4.592044,0.009139,953.6,0.010000
158100,4.582426,0.012968,4.592732,0.007651,954.2,0.010000
158200,4.582637,0.012543,4.592135,0.008077,954.9,0.010000
158300,4.582714,0.012968,4.592082,0.007651,955.5,0.010000
158400,4.582861,0.011905,4.591856,0.008714,956.0,0.010000
158500,4.582837,0.012543,4.591848,0.008077,956.7,0.010000
158600,4.582953,0.012117,4.591720,0.008502,957.2,0.010000
158700,4.583001,0.011905,4.591748,0.008714,957.8,0.010000
158800,4.582885,0.012968,4.591758,0.007651,958.4,0.010000
158900,4.583001,0.012968,4.591687,0.007651,959.1,0.010000
159000,4.582604,0.012543,4.592264,0.008077,959.7,0.010000
159100,4.582782,0.012968,4.591965,0.007651,960.3,0.010000
159200,4.582765,0.012968,4.592061,0.007651,960.9,0.010000
159300,4.582836,0.012968,4.591773,0.007651,961.5,0.010000
159400,4.582853,0.011905,4.591831,0.008714,962.1,0.010000
159500,4.582739,0.012968,4.592053,0.007651,962.8,0.010000
159600,4.582453,0.011905,4.592495,0.008714,963.4,0.010000
159700,4.582413,0.012968,4.592469,0.007651,964.0,0.010000
159800,4.582654,0.012968,4.592158,0.007651,964.6,0.010000
159900,4.582630,0.012968,4.592025,0.007651,965.2,0.010000
160000,4.582815,0.012968,4.591856,0.007651,965.8,0.010000
160100,4.583049,0.012968,4.591587,0.007651,966.4,0.010000
160200,4.582813,0.012968,4.591929,0.007651,966.9,0.010000
160300,4.582543,0.012543,4.592243,0.008077,967.5,0.010000
160400,4.582464,0.012968,4.592497,0.007651,968.2,0.010000
160500,4.582452,0.012543,4.592502,0.008077,968.8,0.010000
160600,4.582296,0.011905,4.592744,0.008714,969.4,0.010000
160700,4.583061,0.012968,4.591559,0.007651,969.9,0.010000
160800,4.583126,0.012968,4.591379,0.007651,970.5,0.010000
160900,4.582639,0.012968,4.592206,0.007651,971.1,0.010000
161000,4.582618,0.012968,4.592150,0.007651,971.7,0.010000
161100,4.582639,0.012968,4.592258,0.007651,972.4,0.010000
161200,4.582695,0.012543,4.592135,0.008077,973.0,0.010000
161300,4.582502,0.012543,4.592453,0.008077,973.5,0.010000
161400,4.582727,0.012968,4.591971,0.007651,974.1,0.010000
161500,4.582847,0.012968,4.591863,0.007651,974.7,0.010000
161600,4.582958,0.012968,4.591963,0.007651,975.4,0.010000
161700,4.583057,0.012968,4.591661,0.007651,975.9,0.010000
161800,4.582589,0.011905,4.592259,0.008714,976.5,0.010000
161900,4.582841,0.012968,4.591798,0.007651,977.1,0.010000
162000,4.583066,0.012117,4.591529,0.008502,977.8,0.010000
162100,4.582644,0.012543,4.592103,0.008077,978.4,0.010000
162200,4.583003,0.012968,4.591615,0.007651,979.0,0.010000
162300,4.582524,0.012543,4.592483,0.008077,979.6,0.010000
162400,4.582502,0.012543,4.592322,0.008077,980.2,0.010000
162500,4.582505,0.012543,4.592453,0.008077,980.8,0.010000
162600,4.582633,0.011480,4.592064,0.009139,981.4,0.010000
162700,4.582642,0.012968,4.592326,0.007651,982.1,0.010000
162800,4.582710,0.012968,4.592114,0.007651,982.7,0.010000
162900,4.582941,0.012968,4.591703,0.007651,983.3,0.010000
163000,4.582635,0.012968,4.592135,0.007651,983.9,0.010000
163100,4.583008,0.012968,4.591641,0.007651,984.5,0.010000
163200,4.582819,0.011692,4.592052,0.008927,985.2,0.010000
163300,4.582847,0.012543,4.591815,0.008077,985.8,0.010000
163400,4.582729,0.012543,4.591918,0.008077,986.4,0.010000
163500,4.582794,0.012543,4.591952,0.008077,987.0,0.010000
163600,4.582446,0.012968,4.592467,0.007651,987.6,0.010000
163700,4.582613,0.012543,4.592291,0.008077,988.2,0.010000
163800,4.582704,0.012543,4.592068,0.008077,988.8,0.010000
163900,4.582775,0.012968,4.591956,0.007651,989.4,0.010000
164000,4.582700,0.012117,4.592034,0.008502,990.0,0.010000
164100,4.582782,0.012968,4.591959,0.007651,990.5,0.010000
164200,4.582729,0.012117,4.592177,0.008502,991.1,0.010000
164300,4.583033,0.012543,4.591651,0.008077,991.8,0.010000
164400,4.583055,0.012543,4.591527,0.008077,992.4,0.010000
164500,4.582715,0.012968,4.592164,0.007651,993.0,0.010000
164600,4.582417,0.012968,4.592741,0.007651,993.6,0.010000
164700,4.582635,0.012968,4.592175,0.007651,994.2,0.010000
164800,4.582530,0.012968,4.592479,0.007651,994.8,0.010000
164900,4.582541,0.012968,4.592312,0.007651,995.4,0.010000
165000,4.582325,0.012968,4.592504,0.007651,996.1,0.010000
165100,4.582869,0.012968,4.591760,0.007651,996.7,0.010000
165200,4.582826,0.012117,4.591953,0.008502,997.3,0.010000
165300,4.583075,0.012543,4.591524,0.008077,997.9,0.010000
165400,4.582629,0.012543,4.592273,0.008077,998.6,0.010000
165500,4.582936,0.012968,4.591659,0.007651,999.2,0.010000
165600,4.582709,0.011905,4.591956,0.008714,999.8,0.010000
165700,4.583139,0.012968,4.591352,0.007651,1000.4,0.010000
165800,4.582727,0.012968,4.592075,0.007651,1001.0,0.010000
165900,4.582595,0.012968,4.592265,0.007651,1001.6,0.010000
166000,4.582984,0.012968,4.591574,0.007651,1002.2,0.010000
166100,4.582878,0.011480,4.591875,0.009139,1002.8,0.010000
166200,4.582678,0.012968,4.592151,0.007651,1003.5,0.010000
166300,4.582791,0.012968,4.591859,0.007651,1004.2,0.010000
166400,4.582707,0.012968,4.592115,0.007651,1004.9,0.010000
166500,4.582663,0.012968,4.591995,0.007651,1005.5,0.010000
166600,4.582810,0.012968,4.591894,0.007651,1006.1,0.010000
166700,4.582957,0.012968,4.591849,0.007651,1006.7,0.010000
166800,4.582734,0.012117,4.592075,0.008502,1007.3,0.010000
166900,4.582675,0.011905,4.592226,0.008714,1007.9,0.010000
167000,4.583008,0.012968,4.591621,0.007651,1008.5,0.010000
167100,4.582477,0.012543,4.592514,0.008077,1009.1,0.010000
167200,4.582660,0.012968,4.592104,0.007651,1009.7,0.010000
167300,4.582747,0.012968,4.592030,0.007651,1010.3,0.010000
167400,4.582668,0.012968,4.592165,0.007651,1010.9,0.010000
167500,4.582544,0.012968,4.592328,0.007651,1011.4,0.010000
167600,4.583039,0.011905,4.591615,0.008714,1012.1,0.010000
167700,4.583127,0.012543,4.591535,0.008077,1012.7,0.010000
167800,4.583101,0.012968,4.591561,0.007651,1013.3,0.010000
167900,4.582752,0.012543,4.592100,0.008077,1013.9,0.010000
168000,4.582631,0.012543,4.592122,0.008077,1014.4,0.010000
168100,4.582744,0.012543,4.592087,0.008077,1015.0,0.010000
168200,4.582931,0.012543,4.591702,0.008077,1015.6,0.010000
168300,4.582876,0.011905,4.591962,0.008714,1016.2,0.010000
168400,4.582239,0.012543,4.592979,0.008077,1016.8,0.010000
168500,4.582749,0.012968,4.591881,0.007651,1017.4,0.010000
168600,4.582743,0.012543,4.592034,0.008077,1018.0,0.010000
168700,4.582558,0.012968,4.592330,0.007651,1018.5,0.010000
168800,4.582533,0.012968,4.592482,0.007651,1019.1,0.010000
168900,4.582637,0.012543,4.592204,0.008077,1019.7,0.010000
169000,4.582913,0.012543,4.591831,0.008077,1020.3,0.010000
169100,4.582544,0.012968,4.592296,0.007651,1020.9,0.010000
169200,4.582183,0.012968,4.592983,0.007651,1021.5,0.010000
169300,4.582737,0.012968,4.591860,0.007651,1022.1,0.010000
169400,4.582649,0.011905,4.592203,0.008714,1022.7,0.010000
169500,4.583036,0.012543,4.591601,0.008077,1023.3,0.010000
169600,4.582748,0.012968,4.592049,0.007651,1023.9,0.010000
169700,4.582669,0.012968,4.592193,0.007651,1024.5,0.010000
169800,4.582727,0.012968,4.592165,0.007651,1025.2,0.010000
169900,4.583004,0.012968,4.591685,0.007651,1025.8,0.010000
170000,4.582842,0.012968,4.591881,0.007651,1026.4,0.010000
170100,4.583346,0.012968,4.591100,0.007651,1027.0,0.010000
170200,4.582875,0.012968,4.591844,0.007651,1027.6,0.010000
170300,4.582587,0.012968,4.592339,0.007651,1028.2,0.010000
170400,4.582383,0.011905,4.592542,0.008714,1028.8,0.010000
170500,4.583035,0.012968,4.591479,0.007651,1029.4,0.010000
170600,4.582739,0.012968,4.592016,0.007651,1030.0,0.010000
170700,4.582752,0.012543,4.592089,0.008077,1030.7,0.010000
170800,4.582911,0.012543,4.591740,0.008077,1031.3,0.010000
170900,4.582585,0.012968,4.592276,0.007651,1031.9,0.010000
171000,4.582987,0.012968,4.591611,0.007651,1032.5,0.010000
171100,4.582375,0.012968,4.592746,0.007651,1033.3,0.010000
171200,4.582329,0.012543,4.592708,0.008077,1034.0,0.010000
171300,4.582613,0.012968,4.592224,0.007651,1034.6,0.010000
171400,4.582700,0.012968,4.592353,0.007651,1035.3,0.010000
171500,4.582739,0.012543,4.592217,0.008077,1035.9,0.010000
171600,4.583028,0.012543,4.591693,0.008077,1036.4,0.010000
171700,4.582860,0.011905,4.591949,0.008714,1037.0,0.010000
171800,4.582406,0.012968,4.592703,0.007651,1037.6,0.010000
171900,4.582605,0.012968,4.592149,0.007651,1038.2,0.010000
172000,4.582640,0.012117,4.592145,0.008502,1038.9,0.010000
172100,4.583039,0.012543,4.591496,0.008077,1039.5,0.010000
172200,4.582747,0.012968,4.591950,0.007651,1040.1,0.010000
172300,4.582745,0.012968,4.591989,0.007651,1040.7,0.010000
172400,4.582328,0.012968,4.592773,0.007651,1041.3,0.010000
172500,4.582313,0.012968,4.592583,0.007651,1041.9,0.010000
172600,4.582525,0.012968,4.592356,0.007651,1042.6,0.010000
172700,4.582485,0.012543,4.592354,0.008077,1043.2,0.010000
172800,4.582346,0.012543,4.592605,0.008077,1043.8,0.010000
172900,4.582677,0.012968,4.592076,0.007651,1044.5,0.010000
173000,4.582714,0.012968,4.591877,0.007651,1045.1,0.010000
173100,4.583025,0.012543,4.591561,0.008077,1045.7,0.010000
173200,4.582772,0.012968,4.592109,0.007651,1046.3,0.010000
173300,4.582665,0.012968,4.591991,0.007651,1046.9,0.010000
173400,4.582287,0.012968,4.592726,0.007651,1047.5,0.010000
173500,4.582555,0.012968,4.592263,0.007651,1048.1,0.010000
173600,4.582966,0.012543,4.591693,0.008077,1048.7,0.010000
173700,4.582460,0.012968,4.592584,0.007651,1049.3,0.010000
173800,4.582430,0.012968,4.592425,0.007651,1049.8,0.010000
173900,4.582291,0.012968,4.592582,0.007651,1050.5,0.010000
174000,4.582690,0.012968,4.591987,0.007651,1051.1,0.010000
174100,4.582931,0.012543,4.591709,0.008077,1051.6,0.010000
174200,4.582448,0.012968,4.592504,0.007651,1052.3,0.010000
174300,4.582417,0.012968,4.592669,0.007651,1052.9,0.010000
174400,4.583024,0.012968,4.591554,0.007651,1053.5,0.010000
174500,4.583029,0.012543,4.591562,0.008077,1054.1,0.010000
174600,4.582238,0.012543,4.592829,0.008077,1054.7,0.010000
174700,4.582563,0.012543,4.592190,0.008077,1055.3,0.010000
174800,4.582254,0.012543,4.592796,0.008077,1055.9,0.010000
174900,4.582879,0.011905,4.591778,0.008714,1056.5,0.010000
175000,4.582812,0.011480,4.591943,0.009139,1057.1,0.010000
175100,4.582969,0.012543,4.591721,0.008077,1057.7,0.010000
175200,4.582632,0.011267,4.592172,0.009352,1058.2,0.010000
175300,4.582591,0.012543,4.592237,0.008077,1058.9,0.010000
175400,4.582766,0.012968,4.591900,0.007651,1059.5,0.010000
175500,4.582774,0.012968,4.591928,0.007651,1060.0,0.010000
175600,4.582420,0.012543,4.592614,0.008077,1060.6,0.010000
175700,4.582538,0.012968,4.592311,0.007651,1061.3,0.010000
175800,4.582632,0.012968,4.592261,0.007651,1061.9,0.010000
175900,4.583046,0.012543,4.591584,0.008077,1062.5,0.010000
176000,4.582773,0.012968,4.592085,0.007651,1063.1,0.010000
176100,4.583031,0.011480,4.591597,0.009139,1063.7,0.010000
176200,4.582810,0.011480,4.591872,0.009139,1064.3,0.010000
176300,4.582566,0.011905,4.592324,0.008714,1064.9,0.010000
176400,4.582650,0.012117,4.592148,0.008502,1065.5,0.010000
176500,4.582783,0.012968,4.591971,0.007651,1066.1,0.010000
176600,4.582813,0.012968,4.591891,0.007651,1066.7,0.010000
176700,4.582755,0.012543,4.591945,0.008077,1067.3,0.010000
176800,4.582514,0.012543,4.592392,0.008077,1067.9,0.010000
176900,4.582597,0.012117,4.592257,0.008502,1068.5,0.010000
177000,4.582817,0.012968,4.591901,0.007651,1069.1,0.010000
177100,4.582621,0.011692,4.592164,0.008927,1069.7,0.010000
177200,4.582481,0.011905,4.592348,0.008714,1070.3,0.010000
177300,4.582586,0.012968,4.592121,0.007651,1070.9,0.010000
177400,4.582894,0.012117,4.591710,0.008502,1071.5,0.010000
177500,4.582695,0.012968,4.592127,0.007651,1072.1,0.010000
177600,4.582896,0.012968,4.591883,0.007651,1072.7,0.010000
177700,4.582871,0.012968,4.591989,0.007651,1073.3,0.010000
177800,4.582508,0.012968,4.592419,0.007651,1073.9,0.010000
177900,4.582606,0.012543,4.592301,0.008077,1074.5,0.010000
178000,4.582614,0.012968,4.592319,0.007651,1075.1,0.010000
178100,4.582885,0.012968,4.591829,0.007651,1075.6,0.010000
178200,4.583121,0.012968,4.591640,0.007651,1076.2,0.010000
178300,4.582837,0.012117,4.591989,0.008502,1076.8,0.010000
178400,4.582819,0.011905,4.591945,0.008714,1077.4,0.010000
178500,4.582472,0.012543,4.592436,0.008077,1078.0,0.010000
178600,4.582418,0.012968,4.592448,0.007651,1078.5,0.010000
178700,4.582621,0.012543,4.592151,0.008077,1079.1,0.010000
178800,4.582691,0.012543,4.592087,0.008077,1079.7,0.010000
178900,4.582809,0.012968,4.591985,0.007651,1080.4,0.010000
179000,4.582863,0.011480,4.591856,0.009139,1081.0,0.010000
179100,4.582585,0.012968,4.592203,0.007651,1081.7,0.010000
179200,4.582684,0.012543,4.592118,0.008077,1082.3,0.010000
179300,4.582931,0.012968,4.591687,0.007651,1082.9,0.010000
179400,4.582828,0.011480,4.591937,0.009139,1083.6,0.010000
179500,4.582588,0.012968,4.592376,0.007651,1084.2,0.010000
179600,4.582682,0.012968,4.592247,0.007651,1084.7,0.010000
179700,4.582354,0.012543,4.592604,0.008077,1085.3,0.010000
179800,4.582549,0.012543,4.592290,0.008077,1085.9,0.010000
179900,4.582510,0.012968,4.592446,0.007651,1086.5,0.010000
180000,4.582775,0.012968,4.592006,0.007651,1087.1,0.010000
180100,4.582685,0.012968,4.592127,0.007651,1087.7,0.010000
180200,4.582845,0.012968,4.591791,0.007651,1088.2,0.010000
180300,4.582829,0.012968,4.591919,0.007651,1088.9,0.010000
180400,4.582836,0.012543,4.591900,0.008077,1089.4,0.010000
180500,4.583368,0.012968,4.591108,0.007651,1090.0,0.010000
180600,4.583103,0.012968,4.591596,0.007651,1090.6,0.010000
180700,4.582666,0.012968,4.592235,0.007651,1091.2,0.010000
180800,4.582955,0.012968,4.591634,0.007651,1091.8,0.010000
180900,4.582789,0.012968,4.591928,0.007651,1092.4,0.010000
181000,4.582780,0.012968,4.591873,0.007651,1093.0,0.010000
181100,4.582413,0.012968,4.592600,0.007651,1093.6,0.010000
181200,4.582699,0.012968,4.591938,0.007651,1094.2,0.010000
181300,4.582716,0.012117,4.592056,0.008502,1094.8,0.010000
181400,4.582810,0.012968,4.591921,0.007651,1095.4,0.010000
181500,4.582592,0.012968,4.592392,0.007651,1096.0,0.010000
181600,4.582984,0.012968,4.591663,0.007651,1096.6,0.010000
181700,4.582928,0.011905,4.591753,0.008714,1097.1,0.010000
181800,4.582720,0.012543,4.591981,0.008077,1097.7,0.010000
181900,4.582876,0.012968,4.591828,0.007651,1098.3,0.010000
182000,4.583190,0.012117,4.591403,0.008502,1098.9,0.010000
182100,4.582489,0.012968,4.592519,0.007651,1099.5,0.010000
182200,4.582986,0.012968,4.591654,0.007651,1100.1,0.010000
182300,4.583122,0.012543,4.591436,0.008077,1100.7,0.010000
182400,4.582850,0.012968,4.591870,0.007651,1101.3,0.010000
182500,4.582798,0.012543,4.591922,0.008077,1101.8,0.010000
182600,4.582708,0.012968,4.592100,0.007651,1102.4,0.010000
182700,4.582859,0.012968,4.591889,0.007651,1103.0,0.010000
182800,4.582428,0.012117,4.592688,0.008502,1103.6,0.010000
182900,4.582719,0.012968,4.592043,0.007651,1104.2,0.010000
183000,4.582658,0.012968,4.592227,0.007651,1104.7,0.010000
183100,4.582588,0.012968,4.592394,0.007651,1105.3,0.010000
183200,4.582678,0.012968,4.592013,0.007651,1105.9,0.010000
183300,4.582779,0.011480,4.591957,0.009139,1106.5,0.010000
183400,4.583135,0.012543,4.591432,0.008077,1107.1,0.010000
183500,4.582674,0.012968,4.592246,0.007651,1107.7,0.010000
183600,4.582812,0.012968,4.591964,0.007651,1108.3,0.010000
183700,4.582917,0.011905,4.591807,0.008714,1108.9,0.010000
183800,4.582705,0.011905,4.592195,0.008714,1109.5,0.010000
183900,4.582628,0.012968,4.592112,0.007651,1110.1,0.010000
184000,4.582353,0.012968,4.592682,0.007651,1110.8,0.010000
184100,4.582930,0.012968,4.591671,0.007651,1111.4,0.010000
184200,4.582622,0.012968,4.592194,0.007651,1112.0,0.010000
184300,4.582619,0.012968,4.592203,0.007651,1112.7,0.010000
184400,4.582956,0.011905,4.591677,0.008714,1113.4,0.010000
184500,4.582279,0.012968,4.592841,0.007651,1114.0,0.010000
184600,4.582782,0.012968,4.591934,0.007651,1114.7,0.010000
184700,4.582714,0.012968,4.592081,0.007651,1115.3,0.010000
184800,4.582891,0.012968,4.591780,0.007651,1115.9,0.010000
184900,4.582308,0.012968,4.592732,0.007651,1116.5,0.010000
185000,4.582836,0.012543,4.591908,0.008077,1117.0,0.010000
185100,4.582974,0.012543,4.591604,0.008077,1117.7,0.010000
185200,4.583045,0.012543,4.591578,0.008077,1118.2,0.010000
185300,4.582739,0.012968,4.592184,0.007651,1118.8,0.010000
185400,4.582609,0.012968,4.592239,0.007651,1119.4,0.010000
185500,4.582605,0.012968,4.592152,0.007651,1120.0,0.010000
185600,4.582678,0.012117,4.592117,0.008502,1120.6,0.010000
185700,4.583067,0.012543,4.591679,0.008077,1121.2,0.010000
185800,4.582659,0.012968,4.592178,0.007651,1121.8,0.010000
185900,4.582614,0.012968,4.592210,0.007651,1122.4,0.010000
186000,4.582589,0.012968,4.592181,0.007651,1123.1,0.010000
186100,4.582849,0.012968,4.591697,0.007651,1123.7,0.010000
186200,4.582903,0.012543,4.591850,0.008077,1124.3,0.010000
186300,4.582777,0.012543,4.591988,0.008077,1124.8,0.010000
186400,4.582529,0.012543,4.592290,0.008077,1125.4,0.010000
186500,4.583010,0.012543,4.591606,0.008077,1126.0,0.010000
186600,4.583018,0.012543,4.591557,0.008077,1126.6,0.010000
186700,4.583083,0.011905,4.591625,0.008714,1127.2,0.010000
186800,4.582853,0.012968,4.591898,0.007651,1127.8,0.010000
186900,4.582586,0.012543,4.592407,0.008077,1128.4,0.010000
187000,4.583042,0.012543,4.591591,0.008077,1129.0,0.010000
187100,4.582755,0.012968,4.592081,0.007651,1129.6,0.010000
187200,4.582800,0.012968,4.592007,0.007651,1130.3,0.010000
187300,4.582964,0.012968,4.591718,0.007651,1130.9,0.010000
187400,4.582733,0.012968,4.592017,0.007651,1131.7,0.010000
187500,4.582772,0.012968,4.591876,0.007651,1132.4,0.010000
187600,4.582545,0.012968,4.592501,0.007651,1133.1,0.010000
187700,4.582560,0.011267,4.592244,0.009352,1133.6,0.010000
187800,4.582354,0.012968,4.592635,0.007651,1134.2,0.010000
187900,4.582933,0.012968,4.591722,0.007651,1134.8,0.010000
188000,4.582908,0.012968,4.591774,0.007651,1135.4,0.010000
188100,4.582615,0.011905,4.592186,0.008714,1136.0,0.010000
188200,4.582607,0.012968,4.592377,0.007651,1136.6,0.010000
188300,4.582610,0.012968,4.592124,0.007651,1137.2,0.010000
188400,4.582550,0.012968,4.592305,0.007651,1137.8,0.010000
188500,4.582802,0.011905,4.591846,0.008714,1138.4,0.010000
188600,4.583151,0.012543,4.591448,0.008077,1139.0,0.010000
188700,4.582870,0.012543,4.591811,0.008077,1139.6,0.010000
188800,4.582832,0.011905,4.591998,0.008714,1140.2,0.010000
188900,4.582720,0.012117,4.592228,0.008502,1140.8,0.010000
189000,4.582904,0.012968,4.591764,0.007651,1141.4,0.010000
189100,4.582781,0.012543,4.592006,0.008077,1142.1,0.010000
189200,4.582712,0.012543,4.591984,0.008077,1142.6,0.010000
189300,4.582380,0.012968,4.592680,0.007651,1143.2,0.010000
189400,4.582885,0.012968,4.591832,0.007651,1143.8,0.010000
189500,4.583184,0.011480,4.591398,0.009139,1144.4,0.010000
189600,4.582792,0.012543,4.592109,0.008077,1145.0,0.010000
189700,4.582495,0.012968,4.592442,0.007651,1145.6,0.010000
189800,4.582424,0.011905,4.592562,0.008714,1146.2,0.010000
189900,4.582630,0.012968,4.592070,0.007651,1146.8,0.010000
190000,4.582724,0.012968,4.591945,0.007651,1147.4,0.010000
190100,4.583193,0.012968,4.591293,0.007651,1148.0,0.010000
190200,4.582996,0.012968,4.591781,0.007651,1148.6,0.010000
190300,4.582787,0.012968,4.592044,0.007651,1149.2,0.010000
190400,4.582900,0.012968,4.591810,0.007651,1149.8,0.010000
190500,4.583066,0.011905,4.591593,0.008714,1150.4,0.010000
190600,4.582582,0.012968,4.592302,0.007651,1151.0,0.010000
190700,4.582961,0.012543,4.591838,0.008077,1151.6,0.010000
190800,4.582743,0.012968,4.592137,0.007651,1152.2,0.010000
190900,4.582785,0.012968,4.591856,0.007651,1152.8,0.010000
191000,4.582730,0.012543,4.592094,0.008077,1153.4,0.010000
191100,4.582730,0.012543,4.592077,0.008077,1154.0,0.010000
191200,4.582794,0.011692,4.591937,0.008927,1154.7,0.010000
191300,4.582538,0.012543,4.592352,0.008077,1155.3,0.010000
191400,4.582477,0.011480,4.592320,0.009139,1155.8,0.010000
191500,4.582816,0.011692,4.591865,0.008927,1156.4,0.010000
191600,4.582560,0.012543,4.592260,0.008077,1157.1,0.010000
191700,4.582963,0.012968,4.591650,0.007651,1157.7,0.010000
191800,4.583230,0.012968,4.591342,0.007651,1158.4,0.010000
191900,4.583004,0.011480,4.591771,0.009139,1159.0,0.010000
192000,4.582770,0.012968,4.592008,0.007651,1159.6,0.010000
192100,4.582881,0.012968,4.591863,0.007651,1160.2,0.010000
192200,4.583074,0.012968,4.591555,0.007651,1160.8,0.010000
192300,4.582958,0.012968,4.591860,0.007651,1161.3,0.010000
192400,4.582558,0.012968,4.592331,0.007651,1161.9,0.010000
192500,4.582700,0.011905,4.592138,0.008714,1162.5,0.010000
192600,4.582778,0.012968,4.591872,0.007651,1163.1,0.010000
192700,4.582967,0.012543,4.591795,0.008077,1163.6,0.010000
192800,4.582926,0.012968,4.591796,0.007651,1164.2,0.010000
192900,4.582996,0.012543,4.591740,0.008077,1164.8,0.010000
193000,4.583115,0.012543,4.591457,0.008077,1165.5,0.010000
193100,4.582849,0.012117,4.591976,0.008502,1166.0,0.010000
193200,4.583218,0.012117,4.591346,0.008502,1166.6,0.010000
193300,4.583104,0.012968,4.591571,0.007651,1167.2,0.010000
193400,4.582831,0.012968,4.592001,0.007651,1167.8,0.010000
193500,4.582724,0.012968,4.592221,0.007651,1168.4,0.010000
193600,4.583122,0.012968,4.591580,0.007651,1169.0,0.010000
193700,4.582550,0.012968,4.592532,0.007651,1169.6,0.010000
193800,4.582931,0.012968,4.591815,0.007651,1170.2,0.010000
193900,4.583122,0.011905,4.591555,0.008714,1170.9,0.010000
194000,4.582437,0.012968,4.592659,0.007651,1171.5,0.010000
194100,4.583385,0.012968,4.591067,0.007651,1172.1,0.010000
194200,4.582907,0.012968,4.591777,0.007651,1172.7,0.010000
194300,4.583008,0.012968,4.591597,0.007651,1173.4,0.010000
194400,4.582559,0.012968,4.592379,0.007651,1174.0,0.010000
194500,4.582332,0.012117,4.592693,0.008502,1174.6,0.010000
194600,4.582659,0.012968,4.592081,0.007651,1175.3,0.010000
194700,4.582486,0.012968,4.592393,0.007651,1175.9,0.010000
194800,4.582966,0.012968,4.591707,0.007651,1176.5,0.010000
194900,4.582882,0.012968,4.591876,0.007651,1177.1,0.010000
195000,4.582822,0.012968,4.591979,0.007651,1177.7,0.010000
195100,4.583048,0.012968,4.591552,0.007651,1178.3,0.010000
195200,4.583046,0.011480,4.591727,0.009139,1178.9,0.010000
195300,4.583080,0.012543,4.591645,0.008077,1179.6,0.010000
195400,4.582804,0.011480,4.592055,0.009139,1180.2,0.010000
195500,4.582694,0.012968,4.592252,0.007651,1180.8,0.010000
195600,4.582823,0.012117,4.592013,0.008502,1181.4,0.010000
195700,4.582552,0.012968,4.592309,0.007651,1182.0,0.010000
195800,4.582353,0.011905,4.592628,0.008714,1182.5,0.010000
195900,4.582664,0.012968,4.592155,0.007651,1183.1,0.010000
196000,4.582536,0.012968,4.592441,0.007651,1183.7,0.010000
196100,4.582523,0.012543,4.592425,0.008077,1184.3,0.010000
196200,4.582698,0.012968,4.591953,0.007651,1184.9,0.010000
196300,4.582787,0.011905,4.591922,0.008714,1185.5,0.010000
196400,4.582743,0.012543,4.592057,0.008077,1186.1,0.010000
196500,4.582637,0.012968,4.592087,0.007651,1186.7,0.010000
196600,4.582607,0.011905,4.592257,0.008714,1187.4,0.010000
196700,4.582982,0.012543,4.591593,0.008077,1188.0,0.010000
196800,4.582954,0.012968,4.591874,0.007651,1188.6,0.010000
196900,4.582585,0.012968,4.592188,0.007651,1189.2,0.010000
197000,4.582721,0.012968,4.591988,0.007651,1189.8,0.010000
197100,4.582332,0.012968,4.592534,0.007651,1190.4,0.010000
197200,4.582565,0.012543,4.592329,0.008077,1191.0,0.010000
197300,4.582605,0.012543,4.592214,0.008077,1191.6,0.010000
197400,4.582453,0.012968,4.592533,0.007651,1192.2,0.010000
197500,4.582684,0.012117,4.592034,0.008502,1192.8,0.010000
197600,4.582400,0.012968,4.592457,0.007651,1193.4,0.010000
197700,4.582615,0.012543,4.592012,0.008077,1194.0,0.010000
197800,4.583132,0.012117,4.591478,0.008502,1194.6,0.010000
197900,4.583325,0.012968,4.591286,0.007651,1195.2,0.010000
198000,4.582934,0.012968,4.591860,0.007651,1195.7,0.010000
198100,4.582752,0.011692,4.592122,0.008927,1196.4,0.010000
198200,4.582985,0.012968,4.591650,0.007651,1196.9,0.010000
198300,4.582707,0.012543,4.592071,0.008077,1197.6,0.010000
198400,4.582844,0.012117,4.591970,0.008502,1198.2,0.010000
198500,4.582979,0.012968,4.591736,0.007651,1198.8,0.010000
198600,4.582560,0.012968,4.592358,0.007651,1199.4,0.010000
198700,4.582978,0.012117,4.591643,0.008502,1200.0,0.010000
198800,4.583074,0.012543,4.591577,0.008077,1200.6,0.010000
198900,4.582704,0.012968,4.592153,0.007651,1201.2,0.010000
199000,4.582617,0.011905,4.592303,0.008714,1201.8,0.010000
199100,4.582543,0.012968,4.592191,0.007651,1202.4,0.010000
199200,4.583021,0.012968,4.591597,0.007651,1203.0,0.010000
199300,4.582606,0.012968,4.592242,0.007651,1203.5,0.010000
199400,4.582283,0.012968,4.592607,0.007651,1204.1,0.010000
199500,4.582942,0.012968,4.591711,0.007651,1204.6,0.010000
199600,4.582513,0.012968,4.592561,0.007651,1205.1,0.010000
199700,4.582477,0.012543,4.592468,0.008077,1205.7,0.010000
199800,4.582580,0.012543,4.592288,0.008077,1206.2,0.010000
199900,4.582611,0.012968,4.592341,0.007651,1206.8,0.010000
