step,train_loss,train_acc,test_loss,test_acc,elapsed_sec,lr
0,5.061343,0.006803,5.101026,0.005739,0.0,0.000200
100,4.577858,0.011267,4.610735,0.010840,0.6,0.010000
200,4.570021,0.015519,4.611691,0.007439,1.3,0.010000
300,4.564178,0.014243,4.609168,0.008502,1.9,0.010000
400,4.562380,0.016582,4.613106,0.004888,2.4,0.010000
500,4.561378,0.010629,4.611578,0.009777,3.1,0.010000
600,4.561612,0.014243,4.617725,0.005526,3.7,0.010000
700,4.557473,0.013393,4.638350,0.007014,4.3,0.010000
800,4.552748,0.020196,4.640638,0.004888,4.9,0.010000
900,4.550254,0.017219,4.633813,0.004251,5.5,0.010000
1000,4.552758,0.020621,4.633523,0.002763,6.0,0.010000
1100,4.555529,0.017007,4.619196,0.005101,6.5,0.010000
1200,4.560486,0.017219,4.616156,0.005951,7.1,0.010000
1300,4.565717,0.018282,4.605490,0.005101,7.7,0.010000
1400,4.568819,0.017432,4.601683,0.006589,8.3,0.010000
1500,4.570487,0.015519,4.598011,0.005526,8.9,0.010000
1600,4.571851,0.013393,4.598685,0.006801,9.4,0.010000
1700,4.572708,0.012968,4.595197,0.007226,10.0,0.010000
1800,4.573815,0.012968,4.593194,0.007651,10.5,0.010000
1900,4.574235,0.012543,4.592510,0.008077,11.1,0.010000
2000,4.574918,0.012968,4.592485,0.006376,11.6,0.010000
2100,4.575154,0.012968,4.591382,0.007651,12.1,0.010000
2200,4.575430,0.012543,4.591633,0.008077,12.7,0.010000
2300,4.575267,0.012968,4.591937,0.007651,13.3,0.010000
2400,4.575080,0.012968,4.592674,0.007651,13.8,0.010000
2500,4.574747,0.012968,4.592061,0.007651,14.4,0.010000
2600,4.574464,0.012543,4.591156,0.008077,14.9,0.010000
2700,4.574271,0.012968,4.591694,0.007651,15.5,0.010000
2800,4.573815,0.012968,4.590374,0.007651,16.1,0.010000
2900,4.573690,0.012543,4.589748,0.008077,16.7,0.010000
3000,4.573610,0.011480,4.591238,0.009139,17.3,0.010000
3100,4.573698,0.011905,4.590597,0.008714,17.8,0.010000
3200,4.573488,0.012968,4.591339,0.007651,18.4,0.010000
3300,4.573310,0.012543,4.589919,0.008077,18.9,0.010000
3400,4.573429,0.012968,4.590782,0.007651,19.5,0.010000
3500,4.573282,0.012543,4.589428,0.008077,20.0,0.010000
3600,4.573483,0.012968,4.591773,0.007651,20.6,0.010000
3700,4.573515,0.012968,4.590217,0.007651,21.1,0.010000
3800,4.573121,0.011480,4.589913,0.009139,21.6,0.010000
3900,4.573263,0.012968,4.590436,0.007651,22.2,0.010000
4000,4.573630,0.012968,4.589478,0.007651,22.8,0.010000
4100,4.573627,0.012543,4.590497,0.008077,23.4,0.010000
4200,4.573832,0.012117,4.590407,0.008502,24.0,0.010000
4300,4.573326,0.012968,4.589440,0.007651,24.6,0.010000
4400,4.573183,0.012968,4.590677,0.007651,25.2,0.010000
4500,4.573197,0.012543,4.588966,0.008077,25.9,0.010000
4600,4.573186,0.012968,4.590453,0.007651,26.5,0.010000
4700,4.573546,0.012968,4.590715,0.007651,27.0,0.010000
4800,4.573276,0.012543,4.592020,0.008077,27.6,0.010000
4900,4.573370,0.012968,4.589699,0.007651,28.2,0.010000
5000,4.573391,0.012968,4.590233,0.007651,28.8,0.010000
5100,4.573062,0.012968,4.590413,0.007651,29.4,0.010000
5200,4.573385,0.012543,4.588742,0.008077,30.0,0.010000
5300,4.573501,0.012968,4.589433,0.007651,30.6,0.010000
5400,4.573797,0.012117,4.589399,0.008502,31.2,0.010000
5500,4.573149,0.012543,4.591350,0.008077,31.8,0.010000
5600,4.573398,0.012968,4.589329,0.007651,32.4,0.010000
5700,4.573524,0.012543,4.589640,0.008077,32.9,0.010000
5800,4.573413,0.012543,4.592340,0.008077,33.6,0.010000
5900,4.573194,0.011905,4.589289,0.008714,34.1,0.010000
6000,4.573205,0.012968,4.590640,0.007651,34.7,0.010000
6100,4.573401,0.012543,4.593004,0.008077,35.3,0.010000
6200,4.573414,0.011905,4.590775,0.008714,35.9,0.010000
6300,4.573201,0.012117,4.593244,0.008502,36.5,0.010000
6400,4.573325,0.011480,4.591088,0.009139,37.1,0.010000
6500,4.573449,0.011905,4.590714,0.008714,37.7,0.010000
6600,4.573281,0.012968,4.590629,0.007651,38.3,0.010000
6700,4.573306,0.012968,4.589522,0.007651,38.9,0.010000
6800,4.573426,0.012968,4.591062,0.007651,39.5,0.010000
6900,4.573127,0.011480,4.589009,0.009139,40.0,0.010000
7000,4.573003,0.012968,4.591136,0.007651,40.6,0.010000
7100,4.573277,0.012543,4.589598,0.008077,41.2,0.010000
7200,4.573005,0.012968,4.590544,0.007651,41.8,0.010000
7300,4.573349,0.012968,4.590472,0.007651,42.4,0.010000
7400,4.573639,0.012543,4.590967,0.008077,43.3,0.010000
7500,4.573493,0.012968,4.591667,0.007651,44.1,0.010000
7600,4.573363,0.011480,4.589504,0.009139,44.8,0.010000
7700,4.573474,0.012117,4.591113,0.008502,45.4,0.010000
7800,4.573276,0.012543,4.590568,0.008077,46.0,0.010000
7900,4.573307,0.012543,4.590373,0.008077,46.5,0.010000
8000,4.573491,0.012543,4.591488,0.008077,47.1,0.010000
8100,4.573472,0.011905,4.590885,0.008714,47.7,0.010000
8200,4.573030,0.012968,4.590833,0.007651,48.3,0.010000
8300,4.573337,0.012543,4.590307,0.008077,48.9,0.010000
8400,4.573139,0.011267,4.589374,0.009352,49.5,0.010000
8500,4.573357,0.012543,4.590830,0.008077,50.2,0.010000
8600,4.573458,0.012543,4.590053,0.008077,50.7,0.010000
8700,4.573162,0.012543,4.590510,0.008077,51.3,0.010000
8800,4.573472,0.012968,4.589348,0.007651,51.9,0.010000
8900,4.573409,0.012968,4.590657,0.007651,52.5,0.010000
9000,4.573543,0.012117,4.590737,0.008502,53.1,0.010000
9100,4.573188,0.011905,4.590445,0.008714,53.7,0.010000
9200,4.573214,0.012968,4.591935,0.007651,54.3,0.010000
9300,4.573514,0.012968,4.591832,0.007651,54.9,0.010000
9400,4.573282,0.012968,4.592237,0.007651,55.5,0.010000
9500,4.573425,0.012968,4.590185,0.007651,56.1,0.010000
9600,4.573115,0.012968,4.590149,0.007651,56.8,0.010000
9700,4.573268,0.012968,4.590959,0.007651,57.3,0.010000
9800,4.573395,0.012543,4.589468,0.008077,57.9,0.010000
9900,4.573740,0.012968,4.591368,0.007651,58.5,0.010000
10000,4.573597,0.012543,4.589481,0.008077,59.0,0.010000
10100,4.573224,0.012968,4.590124,0.007651,59.5,0.010000
10200,4.573281,0.011480,4.591151,0.009139,60.0,0.010000
10300,4.573479,0.011905,4.588719,0.008714,60.6,0.010000
10400,4.573226,0.012968,4.589047,0.007651,61.1,0.010000
10500,4.573643,0.011905,4.592300,0.008714,61.7,0.010000
10600,4.573421,0.012968,4.590777,0.007651,62.2,0.010000
10700,4.573265,0.012968,4.589449,0.007651,62.7,0.010000
10800,4.573345,0.011267,4.591077,0.009352,63.3,0.010000
10900,4.573455,0.012968,4.589704,0.007651,63.9,0.010000
11000,4.573162,0.012543,4.589047,0.008077,64.5,0.010000
11100,4.573326,0.012543,4.590753,0.008077,65.1,0.010000
11200,4.573421,0.012968,4.590096,0.007651,65.7,0.010000
11300,4.573144,0.011905,4.592162,0.008714,66.3,0.010000
11400,4.573282,0.012968,4.590516,0.007651,66.9,0.010000
11500,4.573229,0.012968,4.591761,0.007651,67.5,0.010000
11600,4.573206,0.012968,4.590753,0.007651,68.1,0.010000
11700,4.573283,0.012117,4.590590,0.008502,68.7,0.010000
11800,4.573601,0.012543,4.590169,0.008077,69.3,0.010000
11900,4.573179,0.012968,4.591118,0.007651,69.9,0.010000
12000,4.573381,0.011905,4.590034,0.008714,70.5,0.010000
12100,4.573650,0.012968,4.590093,0.007651,71.1,0.010000
12200,4.573674,0.010629,4.589454,0.009989,71.8,0.010000
12300,4.573296,0.011905,4.589809,0.008714,72.4,0.010000
12400,4.573135,0.012968,4.590519,0.007651,73.0,0.010000
12500,4.573081,0.012968,4.590123,0.007651,73.5,0.010000
12600,4.573056,0.012968,4.590378,0.007651,74.1,0.010000
12700,4.573330,0.012968,4.589966,0.007651,74.7,0.010000
12800,4.573335,0.012543,4.592132,0.008077,75.3,0.010000
12900,4.573461,0.012117,4.590240,0.008502,75.9,0.010000
13000,4.573465,0.012543,4.591413,0.008077,76.5,0.010000
13100,4.573319,0.012968,4.590353,0.007651,77.1,0.010000
13200,4.573131,0.012968,4.590171,0.007651,77.8,0.010000
13300,4.573241,0.012968,4.590916,0.007651,78.4,0.010000
13400,4.573114,0.012117,4.591105,0.008502,79.0,0.010000
13500,4.573273,0.011692,4.589611,0.008927,79.6,0.010000
13600,4.573327,0.012117,4.590036,0.008502,80.2,0.010000
13700,4.573261,0.012543,4.592090,0.008077,80.8,0.010000
13800,4.573228,0.012968,4.589550,0.007651,81.3,0.010000
13900,4.573008,0.012968,4.590785,0.007651,81.8,0.010000
14000,4.573442,0.012968,4.590273,0.007651,82.4,0.010000
14100,4.573298,0.012968,4.589509,0.007651,82.9,0.010000
14200,4.573178,0.012968,4.589259,0.007651,83.5,0.010000
14300,4.573186,0.012543,4.589814,0.008077,84.0,0.010000
14400,4.573497,0.011905,4.590263,0.008714,84.5,0.010000
14500,4.572894,0.012968,4.590165,0.007651,85.1,0.010000
14600,4.573530,0.011692,4.590348,0.008927,85.7,0.010000
14700,4.573413,0.012968,4.590719,0.007651,86.2,0.010000
14800,4.573019,0.012968,4.590566,0.007651,86.7,0.010000
14900,4.573176,0.012968,4.589784,0.007651,87.3,0.010000
15000,4.573726,0.012117,4.591396,0.008502,87.9,0.010000
15100,4.573272,0.012968,4.590703,0.007651,88.5,0.010000
15200,4.573543,0.011905,4.590676,0.008714,89.1,0.010000
15300,4.573411,0.012543,4.588089,0.008077,89.7,0.010000
15400,4.573312,0.012968,4.590172,0.007651,90.2,0.010000
15500,4.573525,0.012543,4.589958,0.008077,90.7,0.010000
15600,4.573288,0.012968,4.588908,0.007651,91.3,0.010000
15700,4.573290,0.012968,4.592766,0.007651,91.8,0.010000
15800,4.573328,0.011905,4.590855,0.008714,92.3,0.010000
15900,4.573151,0.012968,4.590432,0.007651,92.9,0.010000
16000,4.573402,0.010842,4.592097,0.009777,93.4,0.010000
16100,4.573342,0.012968,4.589593,0.007651,93.9,0.010000
16200,4.573126,0.012543,4.589606,0.008077,94.5,0.010000
16300,4.573139,0.011267,4.590585,0.009352,95.0,0.010000
16400,4.573272,0.012968,4.590480,0.007651,95.6,0.010000
16500,4.573245,0.012968,4.590862,0.007651,96.1,0.010000
16600,4.573465,0.012543,4.588380,0.008077,96.7,0.010000
16700,4.573357,0.012968,4.590137,0.007651,97.3,0.010000
16800,4.573360,0.011905,4.589883,0.008714,97.9,0.010000
16900,4.573286,0.012543,4.591026,0.008077,98.6,0.010000
17000,4.573432,0.011905,4.590702,0.008714,99.1,0.010000
17100,4.573328,0.012968,4.592340,0.007651,99.8,0.010000
17200,4.573107,0.012543,4.591068,0.008077,100.4,0.010000
17300,4.573237,0.012968,4.589987,0.007651,101.1,0.010000
17400,4.573516,0.012543,4.591283,0.008077,101.7,0.010000
17500,4.573424,0.012968,4.590063,0.007651,102.3,0.010000
17600,4.573562,0.011905,4.591891,0.008714,102.8,0.010000
17700,4.573428,0.011905,4.591363,0.008714,103.4,0.010000
17800,4.573122,0.012968,4.590295,0.007651,103.9,0.010000
17900,4.573415,0.011905,4.588994,0.008714,104.5,0.010000
18000,4.573305,0.012117,4.590486,0.008502,105.1,0.010000
18100,4.573164,0.012968,4.589643,0.007651,105.7,0.010000
18200,4.573242,0.012543,4.592175,0.008077,106.2,0.010000
18300,4.573344,0.012968,4.590973,0.007651,106.9,0.010000
18400,4.573330,0.012543,4.591920,0.008077,107.6,0.010000
18500,4.573222,0.012543,4.589925,0.008077,108.2,0.010000
18600,4.573096,0.011905,4.590018,0.008714,108.8,0.010000
18700,4.573120,0.012117,4.590713,0.008502,109.4,0.010000
18800,4.573487,0.011480,4.590248,0.009139,110.0,0.010000
18900,4.573334,0.012968,4.591700,0.007651,110.6,0.010000
19000,4.573204,0.011480,4.590838,0.009139,111.2,0.010000
19100,4.573132,0.012968,4.589547,0.007651,111.8,0.010000
19200,4.573343,0.011480,4.591300,0.009139,112.4,0.010000
19300,4.573126,0.012968,4.592571,0.007651,112.9,0.010000
19400,4.573278,0.012968,4.589871,0.007651,113.5,0.010000
19500,4.573638,0.012968,4.589810,0.007651,114.0,0.010000
19600,4.573396,0.012968,4.589771,0.007651,114.6,0.010000
19700,4.573346,0.012117,4.591466,0.008502,115.1,0.010000
19800,4.573642,0.012968,4.587681,0.007651,115.7,0.010000
19900,4.573210,0.012968,4.589666,0.007651,116.2,0.010000
20000,4.573174,0.012968,4.590774,0.007651,116.8,0.010000
20100,4.573287,0.012968,4.589845,0.007651,117.3,0.010000
20200,4.573398,0.011692,4.590878,0.008927,117.9,0.010000
20300,4.573697,0.012968,4.591807,0.007651,118.4,0.010000
20400,4.573254,0.012543,4.589633,0.008077,119.0,0.010000
20500,4.573299,0.012968,4.589972,0.007651,119.6,0.010000
20600,4.573273,0.012543,4.591423,0.008077,120.1,0.010000
20700,4.573453,0.012968,4.590052,0.007651,120.7,0.010000
20800,4.573545,0.012543,4.590610,0.008077,121.3,0.010000
20900,4.573235,0.012968,4.589483,0.007651,121.9,0.010000
21000,4.573159,0.012968,4.591768,0.007651,122.5,0.010000
21100,4.573305,0.012543,4.589809,0.008077,123.0,0.010000
21200,4.573567,0.012968,4.590917,0.007651,123.5,0.010000
21300,4.573563,0.012968,4.589792,0.007651,124.1,0.010000
21400,4.573245,0.012968,4.589296,0.007651,124.6,0.010000
21500,4.573285,0.012117,4.590893,0.008502,125.2,0.010000
21600,4.573322,0.011480,4.590341,0.009139,125.8,0.010000
21700,4.573406,0.011905,4.589834,0.008714,126.4,0.010000
21800,4.573173,0.012543,4.588888,0.008077,127.0,0.010000
21900,4.573403,0.011905,4.590015,0.008714,127.5,0.010000
22000,4.573122,0.012968,4.589730,0.007651,128.1,0.010000
22100,4.573463,0.012968,4.592707,0.007651,128.8,0.010000
22200,4.573420,0.011905,4.589826,0.008714,129.4,0.010000
22300,4.573234,0.012968,4.591112,0.007651,130.0,0.010000
22400,4.573207,0.011480,4.592307,0.009139,130.6,0.010000
22500,4.573548,0.012117,4.590416,0.008502,131.2,0.010000
22600,4.573180,0.012543,4.589759,0.008077,131.7,0.010000
22700,4.573233,0.011905,4.592369,0.008714,132.3,0.010000
22800,4.573509,0.012968,4.591078,0.007651,132.8,0.010000
22900,4.573454,0.012968,4.589661,0.007651,133.4,0.010000
23000,4.573125,0.011905,4.590334,0.008714,133.9,0.010000
23100,4.573541,0.012968,4.590890,0.007651,134.5,0.010000
23200,4.573360,0.011905,4.591113,0.008714,135.1,0.010000
23300,4.573659,0.011905,4.589123,0.008714,135.7,0.010000
23400,4.573452,0.012117,4.590936,0.008502,136.4,0.010000
23500,4.573297,0.012543,4.591353,0.008077,137.1,0.010000
23600,4.573517,0.012543,4.591575,0.008077,137.7,0.010000
23700,4.573576,0.012968,4.587696,0.007651,138.3,0.010000
23800,4.573158,0.012117,4.591119,0.008502,138.9,0.010000
23900,4.573557,0.011054,4.590028,0.009564,139.5,0.010000
24000,4.573424,0.012968,4.591266,0.007651,140.0,0.010000
24100,4.573547,0.012968,4.590806,0.007651,140.6,0.010000
24200,4.573433,0.012543,4.589847,0.008077,141.2,0.010000
24300,4.573073,0.011905,4.590009,0.008714,141.8,0.010000
24400,4.573257,0.012117,4.589570,0.008502,142.4,0.010000
24500,4.573138,0.011905,4.589498,0.008714,143.0,0.010000
24600,4.573377,0.012968,4.589037,0.007651,143.6,0.010000
24700,4.573170,0.011905,4.593797,0.008714,144.2,0.010000
24800,4.573467,0.012117,4.589780,0.008502,144.8,0.010000
24900,4.573261,0.012543,4.590234,0.008077,145.4,0.010000
25000,4.573158,0.012968,4.590861,0.007651,145.9,0.010000
25100,4.573052,0.012968,4.589645,0.007651,146.5,0.010000
25200,4.573345,0.012968,4.589887,0.007651,147.1,0.010000
25300,4.573092,0.012968,4.589535,0.007651,147.7,0.010000
25400,4.573433,0.012968,4.589456,0.007651,148.4,0.010000
25500,4.573211,0.012968,4.590541,0.007651,149.0,0.010000
25600,4.573102,0.011692,4.589627,0.008927,149.6,0.010000
25700,4.573328,0.012968,4.590382,0.007651,150.2,0.010000
25800,4.572933,0.012968,4.590748,0.007651,150.7,0.010000
25900,4.573537,0.011905,4.589960,0.008714,151.3,0.010000
26000,4.573566,0.012543,4.589669,0.008077,151.8,0.010000
26100,4.573184,0.011905,4.590337,0.008714,152.4,0.010000
26200,4.573076,0.012117,4.590364,0.008502,153.0,0.010000
26300,4.573287,0.012968,4.590519,0.007651,153.6,0.010000
26400,4.573180,0.012968,4.591284,0.007651,154.2,0.010000
26500,4.573318,0.012968,4.589265,0.007651,154.8,0.010000
26600,4.573477,0.012968,4.590999,0.007651,155.3,0.010000
26700,4.573172,0.011905,4.591981,0.008714,155.9,0.010000
26800,4.573321,0.012968,4.591425,0.007651,156.5,0.010000
26900,4.573483,0.011905,4.591729,0.008714,157.1,0.010000
27000,4.573196,0.012543,4.591144,0.008077,157.7,0.010000
27100,4.573155,0.012968,4.590006,0.007651,158.3,0.010000
27200,4.573150,0.012968,4.590512,0.007651,158.9,0.010000
27300,4.573924,0.011267,4.589370,0.009352,159.4,0.010000
27400,4.573255,0.012543,4.589889,0.008077,160.0,0.010000
27500,4.573361,0.012968,4.590323,0.007651,160.6,0.010000
27600,4.573149,0.012543,4.591033,0.008077,161.2,0.010000
27700,4.573512,0.012968,4.590250,0.007651,161.7,0.010000
27800,4.573682,0.012543,4.589365,0.008077,162.3,0.010000
27900,4.572993,0.012117,4.590598,0.008502,162.9,0.010000
28000,4.573471,0.011692,4.590137,0.008927,163.5,0.010000
28100,4.573711,0.012117,4.589473,0.008502,164.1,0.010000
28200,4.573213,0.012968,4.588919,0.007651,164.7,0.010000
28300,4.573543,0.011692,4.589275,0.008927,165.3,0.010000
28400,4.573289,0.011480,4.590376,0.009139,165.9,0.010000
28500,4.573290,0.012968,4.590859,0.007651,166.5,0.010000
28600,4.573403,0.012543,4.591746,0.008077,167.1,0.010000
28700,4.573236,0.011905,4.588346,0.008714,167.8,0.010000
28800,4.573416,0.011480,4.590455,0.009139,168.4,0.010000
28900,4.573334,0.012543,4.589297,0.008077,169.0,0.010000
29000,4.573354,0.012968,4.590389,0.007651,169.6,0.010000
29100,4.573571,0.011905,4.593288,0.008714,170.2,0.010000
29200,4.572855,0.012968,4.590697,0.007651,170.8,0.010000
29300,4.573621,0.012968,4.588861,0.007651,171.3,0.010000
29400,4.573410,0.012543,4.590260,0.008077,171.9,0.010000
29500,4.573201,0.012543,4.590210,0.008077,172.5,0.010000
29600,4.573663,0.011480,4.588240,0.009139,173.1,0.010000
29700,4.573543,0.012543,4.588973,0.008077,173.7,0.010000
29800,4.573273,0.012543,4.591335,0.008077,174.3,0.010000
29900,4.573200,0.012543,4.589820,0.008077,174.9,0.010000
30000,4.572957,0.012543,4.588854,0.008077,175.5,0.010000
30100,4.572964,0.012968,4.589884,0.007651,176.1,0.010000
30200,4.573310,0.011480,4.590442,0.009139,176.6,0.010000
30300,4.573422,0.012968,4.592063,0.007651,177.2,0.010000
30400,4.572930,0.012968,4.590540,0.007651,177.8,0.010000
30500,4.573193,0.012968,4.591406,0.007651,178.4,0.010000
30600,4.573491,0.011905,4.589366,0.008714,179.0,0.010000
30700,4.573230,0.011905,4.591070,0.008714,179.6,0.010000
30800,4.573263,0.012968,4.589539,0.007651,180.2,0.010000
30900,4.573339,0.012543,4.590590,0.008077,180.8,0.010000
31000,4.573116,0.012968,4.590432,0.007651,181.4,0.010000
31100,4.573165,0.012968,4.592206,0.007651,182.0,0.010000
31200,4.573348,0.012543,4.589078,0.008077,182.6,0.010000
31300,4.573387,0.011905,4.591646,0.008714,183.2,0.010000
31400,4.573289,0.011905,4.590596,0.008714,183.8,0.010000
31500,4.573516,0.012968,4.591096,0.007651,184.4,0.010000
31600,4.573426,0.012968,4.591415,0.007651,185.0,0.010000
31700,4.573513,0.011480,4.589171,0.009139,185.6,0.010000
31800,4.573467,0.012968,4.593178,0.007651,186.2,0.010000
31900,4.573820,0.011692,4.589845,0.008927,186.8,0.010000
32000,4.573397,0.012968,4.588771,0.007651,187.4,0.010000
32100,4.573121,0.012968,4.588495,0.007651,187.9,0.010000
32200,4.573513,0.012968,4.590532,0.007651,188.5,0.010000
32300,4.573267,0.012968,4.590716,0.007651,189.1,0.010000
32400,4.573261,0.012968,4.592033,0.007651,189.7,0.010000
32500,4.573234,0.012543,4.590064,0.008077,190.3,0.010000
32600,4.573450,0.011905,4.591453,0.008714,190.9,0.010000
32700,4.573511,0.012968,4.590214,0.007651,191.6,0.010000
32800,4.573119,0.012968,4.590848,0.007651,192.1,0.010000
32900,4.573629,0.012968,4.590288,0.007651,192.9,0.010000
33000,4.573338,0.012543,4.590083,0.008077,193.7,0.010000
33100,4.573432,0.012543,4.589611,0.008077,194.3,0.010000
33200,4.573383,0.011905,4.590010,0.008714,195.0,0.010000
33300,4.573403,0.012543,4.590115,0.008077,195.7,0.010000
33400,4.573713,0.012543,4.591806,0.008077,196.3,0.010000
33500,4.573260,0.012543,4.590005,0.008077,197.0,0.010000
33600,4.573258,0.012968,4.589279,0.007651,197.8,0.010000
33700,4.573167,0.012968,4.591387,0.007651,198.5,0.010000
33800,4.573441,0.011480,4.589835,0.009139,199.3,0.010000
33900,4.573573,0.012968,4.589404,0.007651,199.9,0.010000
34000,4.573039,0.011905,4.592101,0.008714,200.5,0.010000
34100,4.573552,0.011480,4.589057,0.009139,201.1,0.010000
34200,4.573461,0.012968,4.590902,0.007651,201.8,0.010000
34300,4.573465,0.011905,4.589437,0.008714,202.5,0.010000
34400,4.573254,0.011905,4.590455,0.008714,203.2,0.010000
34500,4.573389,0.011905,4.590192,0.008714,203.8,0.010000
34600,4.573234,0.012968,4.590588,0.007651,204.5,0.010000
34700,4.573561,0.012968,4.589609,0.007651,205.1,0.010000
34800,4.573195,0.012117,4.590201,0.008502,205.7,0.010000
34900,4.573101,0.012968,4.591166,0.007651,206.3,0.010000
35000,4.573276,0.012968,4.591219,0.007651,207.0,0.010000
35100,4.573120,0.011692,4.590096,0.008927,207.7,0.010000
35200,4.573465,0.011905,4.590343,0.008714,208.5,0.010000
35300,4.573302,0.012968,4.591543,0.007651,209.1,0.010000
35400,4.573469,0.012117,4.589466,0.008502,209.8,0.010000
35500,4.573318,0.011692,4.589669,0.008927,210.4,0.010000
35600,4.573290,0.012543,4.591940,0.008077,211.0,0.010000
35700,4.573606,0.012968,4.590236,0.007651,211.6,0.010000
35800,4.573306,0.011905,4.589207,0.008714,212.2,0.010000
35900,4.573319,0.012968,4.590125,0.007651,212.8,0.010000
36000,4.573561,0.012543,4.591058,0.008077,213.4,0.010000
36100,4.573184,0.012968,4.591250,0.007651,214.0,0.010000
36200,4.573273,0.012968,4.590153,0.007651,214.6,0.010000
36300,4.573112,0.011905,4.591276,0.008714,215.2,0.010000
36400,4.573341,0.011480,4.591851,0.009139,215.9,0.010000
36500,4.573535,0.012968,4.590804,0.007651,216.5,0.010000
36600,4.573301,0.012543,4.589223,0.008077,217.0,0.010000
36700,4.573128,0.012117,4.591492,0.008502,217.6,0.010000
36800,4.573339,0.011692,4.591395,0.008927,218.2,0.010000
36900,4.573301,0.012968,4.590892,0.007651,218.8,0.010000
37000,4.573081,0.012968,4.592070,0.007651,219.3,0.010000
37100,4.573228,0.012968,4.588979,0.007651,219.9,0.010000
37200,4.573397,0.012968,4.590659,0.007651,220.5,0.010000
37300,4.573492,0.012968,4.590689,0.007651,221.1,0.010000
37400,4.573717,0.012543,4.591888,0.008077,221.7,0.010000
37500,4.573386,0.012968,4.589083,0.007651,222.3,0.010000
37600,4.573507,0.012543,4.591965,0.008077,222.9,0.010000
37700,4.573286,0.012968,4.590708,0.007651,223.5,0.010000
37800,4.573365,0.012117,4.589679,0.008502,224.0,0.010000
37900,4.573462,0.012968,4.591154,0.007651,224.6,0.010000
38000,4.573189,0.012968,4.589941,0.007651,225.3,0.010000
38100,4.573442,0.011480,4.592816,0.009139,225.9,0.010000
38200,4.573302,0.012968,4.590081,0.007651,226.5,0.010000
38300,4.573230,0.012543,4.589330,0.008077,227.3,0.010000
38400,4.573385,0.011267,4.589776,0.009352,228.0,0.010000
38500,4.573157,0.012543,4.592275,0.008077,228.5,0.010000
38600,4.573252,0.012543,4.590526,0.008077,229.1,0.010000
38700,4.573423,0.012968,4.592230,0.007651,229.8,0.010000
38800,4.573304,0.012968,4.590717,0.007651,230.4,0.010000
38900,4.573413,0.012968,4.591174,0.007651,231.0,0.010000
39000,4.573265,0.012968,4.590168,0.007651,231.7,0.010000
39100,4.573194,0.012543,4.591595,0.008077,232.3,0.010000
39200,4.573347,0.011480,4.589993,0.009139,233.0,0.010000
39300,4.573788,0.011692,4.588664,0.008927,233.6,0.010000
39400,4.573180,0.012968,4.591070,0.007651,234.2,0.010000
39500,4.573300,0.012968,4.590458,0.007651,234.9,0.010000
39600,4.573196,0.011905,4.590006,0.008714,235.5,0.010000
39700,4.573322,0.011480,4.588582,0.009139,236.1,0.010000
39800,4.573352,0.012968,4.589530,0.007651,236.7,0.010000
39900,4.573216,0.012968,4.589792,0.007651,237.3,0.010000
40000,4.573599,0.012117,4.591189,0.008502,237.9,0.010000
40100,4.573458,0.012543,4.590840,0.008077,238.6,0.010000
40200,4.573524,0.011480,4.590252,0.009139,239.2,0.010000
40300,4.573376,0.012543,4.590388,0.008077,239.8,0.010000
40400,4.573115,0.011905,4.590708,0.008714,240.5,0.010000
40500,4.573482,0.012543,4.590227,0.008077,241.2,0.010000
40600,4.573104,0.012543,4.590821,0.008077,241.9,0.010000
40700,4.573484,0.012968,4.590317,0.007651,242.5,0.010000
40800,4.573551,0.012543,4.588525,0.008077,243.1,0.010000
40900,4.573268,0.012117,4.589718,0.008502,243.7,0.010000
41000,4.573233,0.012968,4.590138,0.007651,244.3,0.010000
41100,4.573370,0.012543,4.591025,0.008077,244.9,0.010000
41200,4.573583,0.012968,4.588583,0.007651,245.5,0.010000
41300,4.573391,0.012117,4.589853,0.008502,246.0,0.010000
41400,4.573325,0.012968,4.589079,0.007651,246.7,0.010000
41500,4.573445,0.012968,4.588820,0.007651,247.4,0.010000
41600,4.572962,0.012543,4.590739,0.008077,248.0,0.010000
41700,4.573368,0.012968,4.588600,0.007651,248.8,0.010000
41800,4.573328,0.012968,4.590866,0.007651,249.5,0.010000
41900,4.573472,0.011905,4.591248,0.008714,250.1,0.010000
42000,4.573159,0.012543,4.590885,0.008077,250.9,0.010000
42100,4.573571,0.011054,4.589133,0.009564,251.5,0.010000
42200,4.573432,0.012968,4.589354,0.007651,252.1,0.010000
42300,4.573011,0.012968,4.589317,0.007651,252.7,0.010000
42400,4.573130,0.012968,4.591471,0.007651,253.3,0.010000
42500,4.573539,0.012968,4.590083,0.007651,254.0,0.010000
42600,4.573218,0.012543,4.589620,0.008077,254.6,0.010000
42700,4.573266,0.011905,4.589773,0.008714,255.2,0.010000
42800,4.573170,0.012968,4.589419,0.007651,255.8,0.010000
42900,4.573131,0.011905,4.590537,0.008714,256.4,0.010000
43000,4.573362,0.011905,4.590455,0.008714,257.0,0.010000
43100,4.573272,0.012543,4.590311,0.008077,257.6,0.010000
43200,4.573359,0.012968,4.591443,0.007651,258.2,0.010000
43300,4.573260,0.011267,4.589861,0.009352,258.8,0.010000
43400,4.573631,0.012968,4.592142,0.007651,259.4,0.010000
43500,4.573383,0.011905,4.589546,0.008714,260.1,0.010000
43600,4.573243,0.012968,4.590302,0.007651,260.7,0.010000
43700,4.573259,0.012543,4.591053,0.008077,261.4,0.010000
43800,4.573524,0.012968,4.589684,0.007651,262.0,0.010000
43900,4.573171,0.012968,4.589892,0.007651,262.6,0.010000
44000,4.573455,0.011692,4.589620,0.008927,263.2,0.010000
44100,4.573200,0.012968,4.589045,0.007651,263.8,0.010000
44200,4.573317,0.012968,4.590750,0.007651,264.4,0.010000
44300,4.573335,0.011905,4.591053,0.008714,265.0,0.010000
44400,4.573491,0.012968,4.590728,0.007651,265.6,0.010000
44500,4.573407,0.012968,4.590702,0.007651,266.2,0.010000
44600,4.573298,0.011905,4.591191,0.008714,266.8,0.010000
44700,4.573158,0.012968,4.590500,0.007651,267.4,0.010000
44800,4.573147,0.011692,4.592632,0.008927,268.0,0.010000
44900,4.573217,0.012968,4.589856,0.007651,268.6,0.010000
45000,4.573502,0.012543,4.591733,0.008077,269.2,0.010000
45100,4.573297,0.012968,4.590532,0.007651,269.8,0.010000
45200,4.573525,0.012968,4.590551,0.007651,270.5,0.010000
45300,4.573109,0.011692,4.589257,0.008927,271.0,0.010000
45400,4.573391,0.012117,4.591827,0.008502,271.6,0.010000
45500,4.573256,0.011692,4.589521,0.008927,272.3,0.010000
45600,4.573450,0.012968,4.589878,0.007651,272.9,0.010000
45700,4.573537,0.012968,4.590396,0.007651,273.5,0.010000
45800,4.573338,0.012968,4.590178,0.007651,274.1,0.010000
45900,4.573225,0.012968,4.592072,0.007651,274.7,0.010000
46000,4.573569,0.012968,4.590055,0.007651,275.3,0.010000
46100,4.573191,0.011905,4.590953,0.008714,276.0,0.010000
46200,4.573232,0.012968,4.590423,0.007651,276.6,0.010000
46300,4.573102,0.012968,4.590278,0.007651,277.2,0.010000
46400,4.573405,0.012968,4.588823,0.007651,277.7,0.010000
46500,4.573270,0.012968,4.589381,0.007651,278.4,0.010000
46600,4.573153,0.012968,4.590919,0.007651,279.0,0.010000
46700,4.573329,0.012543,4.591346,0.008077,279.6,0.010000
46800,4.573607,0.012543,4.589332,0.008077,280.2,0.010000
46900,4.573309,0.012968,4.590483,0.007651,280.8,0.010000
47000,4.573701,0.011480,4.588659,0.009139,281.4,0.010000
47100,4.574002,0.011480,4.589684,0.009139,282.1,0.010000
47200,4.573568,0.012968,4.589916,0.007651,282.7,0.010000
47300,4.573291,0.012968,4.591155,0.007651,283.3,0.010000
47400,4.573102,0.012968,4.590091,0.007651,283.9,0.010000
47500,4.573009,0.012543,4.589790,0.008077,284.5,0.010000
47600,4.573373,0.012968,4.591776,0.007651,285.1,0.010000
47700,4.573370,0.012968,4.589881,0.007651,285.7,0.010000
47800,4.573455,0.011692,4.591120,0.008927,286.3,0.010000
47900,4.573071,0.012968,4.589771,0.007651,287.0,0.010000
48000,4.573175,0.012968,4.590520,0.007651,287.7,0.010000
48100,4.572980,0.012968,4.589055,0.007651,288.3,0.010000
48200,4.573404,0.012543,4.588677,0.008077,288.9,0.010000
48300,4.573212,0.012968,4.589595,0.007651,289.5,0.010000
48400,4.572814,0.012968,4.590554,0.007651,290.2,0.010000
48500,4.573629,0.011480,4.588964,0.009139,290.9,0.010000
48600,4.573488,0.011480,4.589767,0.009139,291.6,0.010000
48700,4.573306,0.012968,4.590711,0.007651,292.3,0.010000
48800,4.573186,0.012968,4.590724,0.007651,292.9,0.010000
48900,4.573256,0.012543,4.591236,0.008077,293.4,0.010000
49000,4.573314,0.012543,4.589612,0.008077,294.1,0.010000
49100,4.573289,0.012543,4.590633,0.008077,294.7,0.010000
49200,4.573286,0.011905,4.589283,0.008714,295.3,0.010000
49300,4.573288,0.012968,4.591872,0.007651,296.0,0.010000
49400,4.573277,0.012968,4.589646,0.007651,296.7,0.010000
49500,4.573091,0.012968,4.590218,0.007651,297.5,0.010000
49600,4.573332,0.012968,4.591685,0.007651,298.2,0.010000
49700,4.573317,0.012968,4.590078,0.007651,299.0,0.010000
49800,4.573450,0.012968,4.588262,0.007651,299.8,0.010000
49900,4.573356,0.011905,4.591950,0.008714,300.6,0.010000
50000,4.573435,0.011905,4.591951,0.008714,301.2,0.010000
50100,4.573439,0.012968,4.591659,0.007651,301.9,0.010000
50200,4.573487,0.011480,4.591063,0.009139,302.5,0.010000
50300,4.573202,0.012968,4.590455,0.007651,303.1,0.010000
50400,4.573650,0.012968,4.590607,0.007651,303.7,0.010000
50500,4.573304,0.012968,4.591532,0.007651,304.3,0.010000
50600,4.573250,0.012543,4.591301,0.008077,304.9,0.010000
50700,4.573302,0.012117,4.590037,0.008502,305.6,0.010000
50800,4.573630,0.012543,4.589702,0.008077,306.2,0.010000
50900,4.573103,0.012543,4.589827,0.008077,306.8,0.010000
51000,4.573230,0.012968,4.589975,0.007651,307.4,0.010000
51100,4.573095,0.012543,4.590580,0.008077,308.0,0.010000
51200,4.573576,0.012968,4.589767,0.007651,308.6,0.010000
51300,4.573589,0.012543,4.590991,0.008077,309.3,0.010000
51400,4.573225,0.012968,4.592058,0.007651,309.8,0.010000
51500,4.573311,0.012968,4.590659,0.007651,310.5,0.010000
51600,4.573302,0.012117,4.590666,0.008502,311.0,0.010000
51700,4.573128,0.012543,4.591951,0.008077,311.8,0.010000
51800,4.573225,0.012968,4.589765,0.007651,312.4,0.010000
51900,4.573265,0.012968,4.588738,0.007651,313.0,0.010000
52000,4.573380,0.012968,4.589493,0.007651,313.6,0.010000
52100,4.573213,0.011480,4.591569,0.009139,314.2,0.010000
52200,4.573158,0.012968,4.589852,0.007651,314.8,0.010000
52300,4.573427,0.011480,4.590591,0.009139,315.4,0.010000
52400,4.573164,0.012968,4.589304,0.007651,316.1,0.010000
52500,4.573185,0.012968,4.591740,0.007651,316.7,0.010000
52600,4.573589,0.012968,4.592581,0.007651,317.3,0.010000
52700,4.573242,0.012968,4.590582,0.007651,317.9,0.010000
52800,4.573110,0.011480,4.589410,0.009139,318.5,0.010000
52900,4.573087,0.012543,4.588723,0.008077,319.2,0.010000
53000,4.573294,0.011480,4.589665,0.009139,319.8,0.010000
53100,4.573486,0.012968,4.588540,0.007651,320.4,0.010000
53200,4.573167,0.012968,4.591011,0.007651,321.0,0.010000
53300,4.573068,0.011692,4.591263,0.008927,321.6,0.010000
53400,4.573173,0.012968,4.590772,0.007651,322.2,0.010000
53500,4.573465,0.011905,4.592041,0.008714,322.9,0.010000
53600,4.573639,0.012968,4.588767,0.007651,323.5,0.010000
53700,4.573265,0.012968,4.590858,0.007651,324.1,0.010000
53800,4.573459,0.012968,4.590943,0.007651,324.8,0.010000
53900,4.573247,0.011905,4.590400,0.008714,325.4,0.010000
54000,4.573263,0.012543,4.590541,0.008077,326.0,0.010000
54100,4.573540,0.012543,4.591739,0.008077,326.6,0.010000
54200,4.573308,0.011905,4.589458,0.008714,327.3,0.010000
54300,4.573417,0.012968,4.591412,0.007651,327.8,0.010000
54400,4.573450,0.012543,4.592526,0.008077,328.4,0.010000
54500,4.573491,0.012968,4.590331,0.007651,329.1,0.010000
54600,4.573270,0.012968,4.590868,0.007651,329.7,0.010000
54700,4.573674,0.011905,4.590538,0.008714,330.3,0.010000
54800,4.573642,0.012968,4.590718,0.007651,330.9,0.010000
54900,4.573557,0.012968,4.590008,0.007651,331.5,0.010000
55000,4.573405,0.012968,4.590921,0.007651,332.1,0.010000
55100,4.573202,0.012968,4.592722,0.007651,332.6,0.010000
55200,4.573079,0.012968,4.589190,0.007651,333.2,0.010000
55300,4.573150,0.011480,4.589653,0.009139,333.8,0.010000
55400,4.573577,0.011480,4.589455,0.009139,334.5,0.010000
55500,4.573525,0.011267,4.591053,0.009352,335.1,0.010000
55600,4.573224,0.012543,4.589576,0.008077,335.7,0.010000
55700,4.572988,0.012968,4.592018,0.007651,336.3,0.010000
55800,4.573289,0.012968,4.589253,0.007651,336.9,0.010000
55900,4.573341,0.012543,4.591242,0.008077,337.5,0.010000
56000,4.572833,0.012968,4.591721,0.007651,338.1,0.010000
56100,4.573547,0.011480,4.591564,0.009139,338.6,0.010000
56200,4.573633,0.012968,4.590525,0.007651,339.3,0.010000
56300,4.573155,0.012968,4.590981,0.007651,339.9,0.010000
56400,4.573302,0.011905,4.590086,0.008714,340.4,0.010000
56500,4.573311,0.010842,4.590237,0.009777,341.0,0.010000
56600,4.573349,0.012543,4.590767,0.008077,341.6,0.010000
56700,4.573352,0.012543,4.590195,0.008077,342.2,0.010000
56800,4.573189,0.012543,4.590106,0.008077,342.8,0.010000
56900,4.573569,0.012117,4.590341,0.008502,343.4,0.010000
57000,4.573549,0.011905,4.589911,0.008714,344.0,0.010000
57100,4.573448,0.011480,4.589252,0.009139,344.7,0.010000
57200,4.573045,0.012117,4.590228,0.008502,345.3,0.010000
57300,4.573479,0.011905,4.590466,0.008714,345.9,0.010000
57400,4.573418,0.012968,4.589621,0.007651,346.5,0.010000
57500,4.573333,0.012968,4.589806,0.007651,347.2,0.010000
57600,4.573367,0.012543,4.591098,0.008077,347.9,0.010000
57700,4.573071,0.012117,4.591098,0.008502,348.5,0.010000
57800,4.573097,0.012543,4.589656,0.008077,349.2,0.010000
57900,4.573558,0.011692,4.589851,0.008927,350.0,0.010000
58000,4.573603,0.012543,4.592337,0.008077,350.7,0.010000
58100,4.573620,0.011905,4.589674,0.008714,351.4,0.010000
58200,4.573367,0.011905,4.591587,0.008714,352.1,0.010000
58300,4.573355,0.012543,4.592266,0.008077,352.7,0.010000
58400,4.573330,0.012117,4.589427,0.008502,353.6,0.010000
58500,4.573435,0.012968,4.590425,0.007651,354.3,0.010000
58600,4.573385,0.012543,4.590431,0.008077,354.9,0.010000
58700,4.573150,0.012543,4.590624,0.008077,355.5,0.010000
58800,4.573431,0.010842,4.589285,0.009777,356.3,0.010000
58900,4.573328,0.012968,4.590423,0.007651,357.0,0.010000
59000,4.573168,0.012117,4.589775,0.008502,357.7,0.010000
59100,4.573077,0.012968,4.589916,0.007651,358.2,0.010000
59200,4.573141,0.012543,4.588253,0.008077,358.9,0.010000
59300,4.573098,0.011480,4.590723,0.009139,359.5,0.010000
59400,4.573174,0.012543,4.589263,0.008077,360.1,0.010000
59500,4.573462,0.012968,4.592431,0.007651,360.7,0.010000
59600,4.573414,0.012968,4.591279,0.007651,361.3,0.010000
59700,4.573273,0.012968,4.590302,0.007651,362.3,0.010000
59800,4.573368,0.011267,4.590287,0.009352,363.1,0.010000
59900,4.573086,0.011905,4.591082,0.008714,363.7,0.010000
60000,4.573435,0.012543,4.589068,0.008077,364.4,0.010000
60100,4.573295,0.012968,4.589632,0.007651,365.1,0.010000
60200,4.573443,0.012968,4.590343,0.007651,365.8,0.010000
60300,4.573140,0.012968,4.591453,0.007651,366.4,0.010000
60400,4.573317,0.012968,4.589781,0.007651,367.0,0.010000
60500,4.573282,0.012968,4.590913,0.007651,367.6,0.010000
60600,4.573236,0.010842,4.590500,0.009777,368.3,0.010000
60700,4.573142,0.012968,4.590809,0.007651,368.9,0.010000
60800,4.573316,0.012968,4.591900,0.007651,369.5,0.010000
60900,4.573286,0.012968,4.590406,0.007651,370.1,0.010000
61000,4.573261,0.012968,4.592438,0.007651,370.7,0.010000
61100,4.573229,0.012968,4.592389,0.007651,371.3,0.010000
61200,4.573086,0.012117,4.589865,0.008502,371.9,0.010000
61300,4.573122,0.012968,4.590372,0.007651,372.5,0.010000
61400,4.573389,0.012968,4.591037,0.007651,373.1,0.010000
61500,4.573711,0.011905,4.590557,0.008714,373.8,0.010000
61600,4.573517,0.011692,4.590095,0.008927,374.4,0.010000
61700,4.573661,0.012968,4.588384,0.007651,375.0,0.010000
61800,4.573319,0.011905,4.591155,0.008714,375.7,0.010000
61900,4.573209,0.012968,4.592097,0.007651,376.3,0.010000
62000,4.573096,0.012968,4.589605,0.007651,376.9,0.010000
62100,4.573583,0.012968,4.590945,0.007651,377.5,0.010000
62200,4.573196,0.012968,4.593040,0.007651,378.1,0.010000
62300,4.573385,0.011692,4.590012,0.008927,378.7,0.010000
62400,4.573206,0.012968,4.590636,0.007651,379.3,0.010000
62500,4.573654,0.012968,4.590541,0.007651,379.9,0.010000
62600,4.573278,0.012968,4.593243,0.007651,380.6,0.010000
62700,4.573411,0.011905,4.590232,0.008714,381.2,0.010000
62800,4.573163,0.011054,4.590081,0.009564,381.8,0.010000
62900,4.573112,0.012543,4.589925,0.008077,382.4,0.010000
63000,4.573645,0.012543,4.589269,0.008077,383.0,0.010000
63100,4.573120,0.012968,4.590857,0.007651,383.6,0.010000
63200,4.573236,0.012117,4.590261,0.008502,384.3,0.010000
63300,4.573379,0.012968,4.590488,0.007651,385.0,0.010000
63400,4.573641,0.012117,4.590228,0.008502,385.6,0.010000
63500,4.573195,0.012968,4.590208,0.007651,386.2,0.010000
63600,4.573359,0.011480,4.590360,0.009139,386.8,0.010000
63700,4.573433,0.012968,4.590728,0.007651,387.5,0.010000
63800,4.573055,0.011905,4.589329,0.008714,388.1,0.010000
63900,4.573443,0.012968,4.590053,0.007651,388.7,0.010000
64000,4.573130,0.011905,4.590014,0.008714,389.3,0.010000
64100,4.573373,0.012968,4.590415,0.007651,389.9,0.010000
64200,4.573319,0.011905,4.589598,0.008714,390.5,0.010000
64300,4.573375,0.012968,4.591798,0.007651,391.1,0.010000
64400,4.573139,0.012543,4.591514,0.008077,391.7,0.010000
64500,4.573242,0.011692,4.588305,0.008927,392.3,0.010000
64600,4.573219,0.011692,4.589575,0.008927,392.9,0.010000
64700,4.573264,0.011480,4.590960,0.009139,393.5,0.010000
64800,4.573305,0.011692,4.591496,0.008927,394.1,0.010000
64900,4.573306,0.012543,4.588328,0.008077,394.8,0.010000
65000,4.573395,0.012543,4.590581,0.008077,395.4,0.010000
65100,4.573247,0.012968,4.589293,0.007651,396.1,0.010000
65200,4.573160,0.012968,4.590378,0.007651,396.7,0.010000
65300,4.573269,0.012968,4.589665,0.007651,397.3,0.010000
65400,4.573575,0.012968,4.589596,0.007651,398.0,0.010000
65500,4.573434,0.012968,4.591213,0.007651,398.6,0.010000
65600,4.573077,0.012968,4.589180,0.007651,399.2,0.010000
65700,4.573224,0.012968,4.591348,0.007651,399.9,0.010000
65800,4.573324,0.011905,4.590485,0.008714,400.4,0.010000
65900,4.573040,0.012543,4.590231,0.008077,401.1,0.010000
66000,4.573087,0.012968,4.592415,0.007651,401.7,0.010000
66100,4.573298,0.012968,4.590747,0.007651,402.3,0.010000
66200,4.573232,0.012968,4.591358,0.007651,402.9,0.010000
66300,4.573165,0.012968,4.592252,0.007651,403.6,0.010000
66400,4.573044,0.012968,4.590169,0.007651,404.2,0.010000
66500,4.573172,0.012117,4.591809,0.008502,404.8,0.010000
66600,4.573410,0.012968,4.589416,0.007651,405.4,0.010000
66700,4.573211,0.012543,4.590053,0.008077,406.0,0.010000
66800,4.573504,0.012968,4.592409,0.007651,406.6,0.010000
66900,4.572889,0.012968,4.590090,0.007651,407.3,0.010000
67000,4.573385,0.012968,4.590746,0.007651,408.0,0.010000
67100,4.573271,0.012543,4.588925,0.008077,408.6,0.010000
67200,4.573283,0.012968,4.593001,0.007651,409.2,0.010000
67300,4.573309,0.012543,4.588760,0.008077,409.8,0.010000
67400,4.573313,0.012968,4.592299,0.007651,410.4,0.010000
67500,4.573418,0.011905,4.590049,0.008714,411.0,0.010000
67600,4.573135,0.012968,4.589481,0.007651,411.7,0.010000
67700,4.573284,0.011480,4.590435,0.009139,412.2,0.010000
67800,4.573522,0.011480,4.588868,0.009139,412.8,0.010000
67900,4.573305,0.012117,4.589634,0.008502,413.4,0.010000
68000,4.573588,0.011905,4.593162,0.008714,414.1,0.010000
68100,4.573073,0.012543,4.591084,0.008077,414.7,0.010000
68200,4.573342,0.012968,4.591734,0.007651,415.3,0.010000
68300,4.573603,0.012968,4.591053,0.007651,416.0,0.010000
68400,4.573539,0.012117,4.590110,0.008502,416.6,0.010000
68500,4.573462,0.012117,4.591514,0.008502,417.2,0.010000
68600,4.573068,0.012543,4.591203,0.008077,417.8,0.010000
68700,4.573144,0.012543,4.589982,0.008077,418.4,0.010000
68800,4.573404,0.011905,4.589262,0.008714,419.0,0.010000
68900,4.573218,0.011905,4.589736,0.008714,419.7,0.010000
69000,4.573064,0.012968,4.590724,0.007651,420.3,0.010000
69100,4.573206,0.012968,4.590594,0.007651,421.0,0.010000
69200,4.573322,0.012543,4.589910,0.008077,421.6,0.010000
69300,4.573508,0.012117,4.591317,0.008502,422.2,0.010000
69400,4.573143,0.012968,4.590169,0.007651,422.8,0.010000
69500,4.573620,0.011480,4.587360,0.009139,423.3,0.010000
69600,4.573122,0.012968,4.588684,0.007651,423.9,0.010000
69700,4.573265,0.012968,4.591404,0.007651,424.5,0.010000
69800,4.573448,0.011480,4.589252,0.009139,425.1,0.010000
69900,4.573564,0.012968,4.590497,0.007651,425.7,0.010000
70000,4.573898,0.011054,4.588881,0.009564,426.3,0.010000
70100,4.573563,0.011480,4.589743,0.009139,426.9,0.010000
70200,4.573391,0.011692,4.590376,0.008927,427.5,0.010000
70300,4.573566,0.012968,4.592169,0.007651,428.1,0.010000
70400,4.573356,0.012543,4.590136,0.008077,428.8,0.010000
70500,4.573284,0.011905,4.590572,0.008714,429.4,0.010000
70600,4.573529,0.012968,4.591947,0.007651,430.0,0.010000
70700,4.573454,0.012968,4.590870,0.007651,430.6,0.010000
70800,4.573652,0.011905,4.589285,0.008714,431.4,0.010000
70900,4.573314,0.012968,4.589169,0.007651,432.0,0.010000
71000,4.573374,0.011480,4.589902,0.009139,432.7,0.010000
71100,4.573245,0.012117,4.590349,0.008502,433.4,0.010000
71200,4.573406,0.012968,4.590005,0.007651,433.9,0.010000
71300,4.573443,0.012968,4.590181,0.007651,434.5,0.010000
71400,4.573192,0.012543,4.590343,0.008077,435.2,0.010000
71500,4.573480,0.012968,4.591690,0.007651,435.8,0.010000
71600,4.573312,0.012968,4.592743,0.007651,436.4,0.010000
71700,4.573742,0.012968,4.592649,0.007651,437.0,0.010000
71800,4.573382,0.011905,4.591071,0.008714,437.6,0.010000
71900,4.573132,0.012968,4.589659,0.007651,438.2,0.010000
72000,4.573149,0.012117,4.591963,0.008502,438.8,0.010000
72100,4.573358,0.011480,4.590216,0.009139,439.5,0.010000
72200,4.573126,0.012543,4.588634,0.008077,440.1,0.010000
72300,4.573226,0.012968,4.590423,0.007651,440.7,0.010000
72400,4.573289,0.012968,4.590148,0.007651,441.3,0.010000
72500,4.573370,0.012117,4.589933,0.008502,442.0,0.010000
72600,4.573000,0.012543,4.591761,0.008077,442.9,0.010000
72700,4.573208,0.012968,4.592245,0.007651,443.7,0.010000
72800,4.573854,0.011905,4.589968,0.008714,444.5,0.010000
72900,4.573276,0.012968,4.589605,0.007651,445.3,0.010000
73000,4.573235,0.012968,4.590352,0.007651,446.0,0.010000
73100,4.573221,0.012543,4.590656,0.008077,446.7,0.010000
73200,4.573224,0.012543,4.590206,0.008077,447.2,0.010000
73300,4.573379,0.011480,4.590232,0.009139,447.8,0.010000
73400,4.573470,0.011480,4.589065,0.009139,448.4,0.010000
73500,4.573186,0.011480,4.589068,0.009139,449.0,0.010000
73600,4.573511,0.012968,4.591533,0.007651,449.6,0.010000
73700,4.573393,0.012968,4.591576,0.007651,450.2,0.010000
73800,4.573368,0.012968,4.589616,0.007651,450.9,0.010000
73900,4.573083,0.012968,4.590506,0.007651,451.6,0.010000
74000,4.573335,0.012968,4.591413,0.007651,452.2,0.010000
74100,4.573098,0.012117,4.589194,0.008502,452.8,0.010000
74200,4.573650,0.011905,4.589593,0.008714,453.5,0.010000
74300,4.573035,0.012968,4.591260,0.007651,454.1,0.010000
74400,4.573400,0.011480,4.590409,0.009139,454.7,0.010000
74500,4.573470,0.011905,4.592131,0.008714,455.3,0.010000
74600,4.573488,0.011905,4.589512,0.008714,455.9,0.010000
74700,4.573314,0.011267,4.589325,0.009352,456.5,0.010000
74800,4.573164,0.012968,4.589418,0.007651,457.1,0.010000
74900,4.573419,0.011692,4.590518,0.008927,457.7,0.010000
75000,4.573333,0.011905,4.590143,0.008714,458.3,0.010000
75100,4.573294,0.012968,4.592296,0.007651,458.8,0.010000
75200,4.573164,0.012543,4.590676,0.008077,459.4,0.010000
75300,4.573125,0.012968,4.590361,0.007651,460.0,0.010000
75400,4.573265,0.012968,4.592791,0.007651,460.6,0.010000
75500,4.573751,0.011054,4.590441,0.009564,461.1,0.010000
75600,4.573309,0.012968,4.590674,0.007651,461.7,0.010000
75700,4.573065,0.012968,4.589345,0.007651,462.3,0.010000
75800,4.573225,0.012968,4.588896,0.007651,462.9,0.010000
75900,4.573403,0.012968,4.590123,0.007651,463.5,0.010000
76000,4.573369,0.011905,4.590325,0.008714,464.1,0.010000
76100,4.573456,0.012543,4.590696,0.008077,464.7,0.010000
76200,4.573120,0.012543,4.590177,0.008077,465.3,0.010000
76300,4.573209,0.011267,4.589705,0.009352,466.0,0.010000
76400,4.573547,0.012968,4.592173,0.007651,466.6,0.010000
76500,4.573474,0.011480,4.590497,0.009139,467.3,0.010000
76600,4.573164,0.012968,4.590049,0.007651,467.9,0.010000
76700,4.573433,0.012968,4.590826,0.007651,468.5,0.010000
76800,4.573307,0.011905,4.589845,0.008714,469.1,0.010000
76900,4.573286,0.012968,4.589019,0.007651,469.7,0.010000
77000,4.573237,0.012968,4.589423,0.007651,470.3,0.010000
77100,4.573104,0.012968,4.591055,0.007651,470.9,0.010000
77200,4.573211,0.012543,4.591154,0.008077,471.5,0.010000
77300,4.573390,0.011480,4.588860,0.009139,472.1,0.010000
77400,4.573453,0.012968,4.589794,0.007651,472.6,0.010000
77500,4.573490,0.012968,4.589979,0.007651,473.2,0.010000
77600,4.573085,0.012968,4.591227,0.007651,473.9,0.010000
77700,4.573111,0.012543,4.589806,0.008077,474.5,0.010000
77800,4.573346,0.012543,4.589769,0.008077,475.2,0.010000
77900,4.573370,0.012968,4.591819,0.007651,475.8,0.010000
78000,4.573123,0.012968,4.592512,0.007651,476.4,0.010000
78100,4.573776,0.012968,4.591250,0.007651,476.9,0.010000
78200,4.573515,0.012543,4.590582,0.008077,477.5,0.010000
78300,4.573191,0.012968,4.589882,0.007651,478.1,0.010000
78400,4.573246,0.012117,4.589719,0.008502,478.7,0.010000
78500,4.573055,0.012968,4.590710,0.007651,479.3,0.010000
78600,4.573438,0.012117,4.591257,0.008502,479.9,0.010000
78700,4.572937,0.012968,4.590369,0.007651,480.5,0.010000
78800,4.573277,0.012543,4.591612,0.008077,481.1,0.010000
78900,4.573051,0.012543,4.590880,0.008077,481.7,0.010000
79000,4.573539,0.012968,4.591633,0.007651,482.3,0.010000
79100,4.573750,0.012117,4.590820,0.008502,482.9,0.010000
79200,4.573366,0.012543,4.591519,0.008077,483.5,0.010000
79300,4.573359,0.011267,4.590909,0.009352,484.1,0.010000
79400,4.573492,0.012968,4.592498,0.007651,484.7,0.010000
79500,4.573402,0.012117,4.589838,0.008502,485.3,0.010000
79600,4.573320,0.011905,4.589101,0.008714,485.9,0.010000
79700,4.572847,0.012543,4.589398,0.008077,486.5,0.010000
79800,4.573388,0.012968,4.590562,0.007651,487.1,0.010000
79900,4.573096,0.011905,4.589926,0.008714,487.7,0.010000
80000,4.573803,0.012968,4.590448,0.007651,488.3,0.010000
80100,4.573410,0.012968,4.592174,0.007651,488.9,0.010000
80200,4.573409,0.011905,4.589225,0.008714,489.5,0.010000
80300,4.573147,0.012968,4.589138,0.007651,490.1,0.010000
80400,4.573604,0.011480,4.588938,0.009139,490.7,0.010000
80500,4.573302,0.012968,4.590733,0.007651,491.3,0.010000
80600,4.573526,0.011905,4.588912,0.008714,491.9,0.010000
80700,4.573256,0.012968,4.589880,0.007651,492.5,0.010000
80800,4.573203,0.012968,4.591531,0.007651,493.1,0.010000
80900,4.573438,0.012543,4.591788,0.008077,493.7,0.010000
81000,4.573333,0.012968,4.590445,0.007651,494.3,0.010000
81100,4.573256,0.011905,4.590564,0.008714,494.9,0.010000
81200,4.573237,0.012968,4.591139,0.007651,495.5,0.010000
81300,4.573207,0.012543,4.590227,0.008077,496.1,0.010000
81400,4.573394,0.012543,4.589153,0.008077,496.7,0.010000
81500,4.573355,0.012968,4.589949,0.007651,497.4,0.010000
81600,4.573037,0.012968,4.591852,0.007651,498.0,0.010000
81700,4.573354,0.011905,4.590913,0.008714,498.6,0.010000
81800,4.573188,0.011905,4.590009,0.008714,499.2,0.010000
81900,4.573359,0.012968,4.589221,0.007651,499.8,0.010000
82000,4.572974,0.012543,4.590508,0.008077,500.4,0.010000
82100,4.573575,0.011905,4.590882,0.008714,501.1,0.010000
82200,4.573397,0.012968,4.589232,0.007651,501.8,0.010000
82300,4.573389,0.012117,4.591029,0.008502,502.5,0.010000
82400,4.573365,0.012117,4.591815,0.008502,503.1,0.010000
82500,4.573789,0.012543,4.590028,0.008077,503.7,0.010000
82600,4.573060,0.012968,4.589942,0.007651,504.3,0.010000
82700,4.573079,0.012543,4.590241,0.008077,504.8,0.010000
82800,4.573285,0.012543,4.592124,0.008077,505.4,0.010000
82900,4.573386,0.012968,4.590543,0.007651,506.0,0.010000
83000,4.573421,0.011905,4.589996,0.008714,506.6,0.010000
83100,4.573199,0.012968,4.591032,0.007651,507.2,0.010000
83200,4.573172,0.012968,4.591342,0.007651,507.9,0.010000
83300,4.573115,0.012968,4.590798,0.007651,508.4,0.010000
83400,4.573530,0.012968,4.590778,0.007651,509.0,0.010000
83500,4.573365,0.011905,4.590559,0.008714,509.6,0.010000
83600,4.573149,0.012543,4.592288,0.008077,510.3,0.010000
83700,4.573387,0.012968,4.589447,0.007651,510.9,0.010000
83800,4.573492,0.012117,4.591177,0.008502,511.6,0.010000
83900,4.573080,0.011480,4.591493,0.009139,512.5,0.010000
84000,4.573353,0.012968,4.590662,0.007651,513.4,0.010000
84100,4.573340,0.011692,4.591430,0.008927,514.0,0.010000
84200,4.573337,0.012543,4.588879,0.008077,514.6,0.010000
84300,4.573109,0.012543,4.590697,0.008077,515.2,0.010000
84400,4.573719,0.012117,4.593272,0.008502,515.8,0.010000
84500,4.573104,0.012968,4.590396,0.007651,516.5,0.010000
84600,4.573816,0.012543,4.590671,0.008077,517.1,0.010000
84700,4.573450,0.012543,4.590811,0.008077,517.7,0.010000
84800,4.573299,0.011267,4.591365,0.009352,518.4,0.010000
84900,4.573519,0.011692,4.591084,0.008927,519.1,0.010000
85000,4.573631,0.011905,4.588598,0.008714,519.8,0.010000
85100,4.573771,0.012968,4.592494,0.007651,520.4,0.010000
85200,4.573421,0.012543,4.589116,0.008077,521.0,0.010000
85300,4.573565,0.012968,4.590212,0.007651,521.7,0.010000
85400,4.573325,0.011905,4.591516,0.008714,522.3,0.010000
85500,4.573347,0.012968,4.590332,0.007651,523.1,0.010000
85600,4.573227,0.012968,4.589802,0.007651,523.7,0.010000
85700,4.572991,0.012968,4.591261,0.007651,524.4,0.010000
85800,4.572982,0.012968,4.591491,0.007651,525.0,0.010000
85900,4.573527,0.012543,4.589451,0.008077,525.7,0.010000
86000,4.573465,0.012968,4.590328,0.007651,526.2,0.010000
86100,4.573227,0.012968,4.589551,0.007651,526.9,0.010000
86200,4.573292,0.011905,4.589322,0.008714,527.6,0.010000
86300,4.573440,0.012117,4.591116,0.008502,528.2,0.010000
86400,4.573369,0.012543,4.591275,0.008077,528.8,0.010000
86500,4.573269,0.012543,4.590668,0.008077,529.4,0.010000
86600,4.573439,0.012543,4.591135,0.008077,530.0,0.010000
86700,4.573411,0.011480,4.590123,0.009139,530.7,0.010000
86800,4.573630,0.012968,4.590876,0.007651,531.3,0.010000
86900,4.573385,0.012968,4.592751,0.007651,531.9,0.010000
87000,4.573154,0.012968,4.591301,0.007651,532.5,0.010000
87100,4.573096,0.012968,4.589345,0.007651,533.1,0.010000
87200,4.573264,0.012968,4.590433,0.007651,533.7,0.010000
87300,4.573254,0.012117,4.591576,0.008502,534.2,0.010000
87400,4.573304,0.012117,4.590816,0.008502,534.8,0.010000
87500,4.573228,0.012543,4.590473,0.008077,535.4,0.010000
87600,4.573361,0.012117,4.589676,0.008502,536.0,0.010000
87700,4.573048,0.012968,4.590695,0.007651,536.6,0.010000
87800,4.573264,0.012968,4.590612,0.007651,537.2,0.010000
87900,4.573301,0.012117,4.589066,0.008502,537.8,0.010000
88000,4.573078,0.012543,4.590963,0.008077,538.3,0.010000
88100,4.573184,0.012543,4.590822,0.008077,538.9,0.010000
88200,4.573231,0.012968,4.589810,0.007651,539.5,0.010000
88300,4.573183,0.012968,4.592158,0.007651,540.1,0.010000
88400,4.573397,0.012968,4.591721,0.007651,540.7,0.010000
88500,4.573384,0.012968,4.590563,0.007651,541.3,0.010000
88600,4.573523,0.012543,4.590876,0.008077,541.9,0.010000
88700,4.573582,0.012543,4.591258,0.008077,542.5,0.010000
88800,4.573179,0.012117,4.591722,0.008502,543.1,0.010000
88900,4.573408,0.012968,4.591125,0.007651,543.7,0.010000
89000,4.573699,0.012543,4.592391,0.008077,544.3,0.010000
89100,4.573573,0.012968,4.590789,0.007651,544.8,0.010000
89200,4.573304,0.012117,4.588527,0.008502,545.4,0.010000
89300,4.573098,0.012968,4.589015,0.007651,546.0,0.010000
89400,4.573094,0.012968,4.589854,0.007651,546.6,0.010000
89500,4.572814,0.012968,4.591125,0.007651,547.2,0.010000
89600,4.573462,0.012968,4.589768,0.007651,547.8,0.010000
89700,4.573666,0.012968,4.590585,0.007651,548.4,0.010000
89800,4.573343,0.012543,4.590454,0.008077,549.0,0.010000
89900,4.573218,0.011905,4.591121,0.008714,549.6,0.010000
90000,4.573648,0.012968,4.591512,0.007651,550.2,0.010000
90100,4.573334,0.012968,4.591050,0.007651,550.8,0.010000
90200,4.573733,0.012968,4.591898,0.007651,551.4,0.010000
90300,4.573324,0.012543,4.590396,0.008077,552.0,0.010000
90400,4.573431,0.012543,4.590403,0.008077,552.6,0.010000
90500,4.573299,0.012968,4.589316,0.007651,553.2,0.010000
90600,4.573516,0.011480,4.591570,0.009139,553.8,0.010000
90700,4.573553,0.011905,4.591685,0.008714,554.4,0.010000
90800,4.573595,0.011692,4.588525,0.008927,555.0,0.010000
90900,4.573250,0.012968,4.590989,0.007651,555.6,0.010000
91000,4.573443,0.011905,4.588807,0.008714,556.2,0.010000
91100,4.573851,0.012543,4.590996,0.008077,556.8,0.010000
91200,4.573029,0.012543,4.591234,0.008077,557.4,0.010000
91300,4.573407,0.011480,4.591239,0.009139,558.0,0.010000
91400,4.573906,0.012117,4.592020,0.008502,558.6,0.010000
91500,4.573547,0.012968,4.590544,0.007651,559.3,0.010000
91600,4.573207,0.012968,4.589722,0.007651,559.9,0.010000
91700,4.573496,0.012968,4.590387,0.007651,560.5,0.010000
91800,4.573373,0.011692,4.589200,0.008927,561.2,0.010000
91900,4.573434,0.012543,4.590222,0.008077,561.7,0.010000
92000,4.573169,0.012117,4.589474,0.008502,562.4,0.010000
92100,4.573546,0.011905,4.589767,0.008714,563.0,0.010000
92200,4.573342,0.011692,4.589894,0.008927,563.6,0.010000
92300,4.572983,0.012543,4.590641,0.008077,564.2,0.010000
92400,4.573539,0.012543,4.591152,0.008077,564.7,0.010000
92500,4.573717,0.011905,4.592411,0.008714,565.3,0.010000
92600,4.573470,0.012968,4.589631,0.007651,565.9,0.010000
92700,4.573565,0.012968,4.591639,0.007651,566.5,0.010000
92800,4.573348,0.011905,4.589845,0.008714,567.1,0.010000
92900,4.573248,0.012968,4.593058,0.007651,567.7,0.010000
93000,4.573607,0.011480,4.592300,0.009139,568.3,0.010000
93100,4.573372,0.011905,4.591997,0.008714,568.9,0.010000
93200,4.573007,0.012543,4.590316,0.008077,569.5,0.010000
93300,4.573324,0.011905,4.591251,0.008714,570.1,0.010000
93400,4.573067,0.012968,4.589814,0.007651,570.7,0.010000
93500,4.573355,0.012117,4.589880,0.008502,571.4,0.010000
93600,4.573340,0.012543,4.589429,0.008077,571.9,0.010000
93700,4.573238,0.012543,4.590446,0.008077,572.5,0.010000
93800,4.573592,0.011054,4.590956,0.009564,573.1,0.010000
93900,4.573580,0.012968,4.590620,0.007651,573.7,0.010000
94000,4.573328,0.011480,4.590153,0.009139,574.3,0.010000
94100,4.573363,0.012543,4.592106,0.008077,574.9,0.010000
94200,4.573496,0.011480,4.589986,0.009139,575.5,0.010000
94300,4.573350,0.012968,4.589627,0.007651,576.1,0.010000
94400,4.573310,0.012543,4.589433,0.008077,576.7,0.010000
94500,4.573320,0.012543,4.592454,0.008077,577.3,0.010000
94600,4.573383,0.011905,4.589863,0.008714,577.9,0.010000
94700,4.573578,0.012117,4.589912,0.008502,578.5,0.010000
94800,4.573326,0.012968,4.591458,0.007651,579.1,0.010000
94900,4.573257,0.012543,4.590888,0.008077,579.7,0.010000
95000,4.573283,0.012968,4.592306,0.007651,580.3,0.010000
95100,4.573295,0.012968,4.591488,0.007651,580.9,0.010000
95200,4.573199,0.011905,4.589633,0.008714,581.4,0.010000
95300,4.573058,0.012968,4.591777,0.007651,582.0,0.010000
95400,4.573355,0.012968,4.590349,0.007651,582.7,0.010000
95500,4.573647,0.011905,4.589964,0.008714,583.3,0.010000
95600,4.573383,0.011905,4.590147,0.008714,583.9,0.010000
95700,4.573286,0.012543,4.590359,0.008077,584.5,0.010000
95800,4.573243,0.012543,4.590118,0.008077,585.2,0.010000
95900,4.573431,0.011267,4.592205,0.009352,585.7,0.010000
96000,4.573069,0.011480,4.590698,0.009139,586.4,0.010000
96100,4.573623,0.011692,4.589504,0.008927,587.0,0.010000
96200,4.573181,0.012968,4.590060,0.007651,587.7,0.010000
96300,4.573178,0.012968,4.590054,0.007651,588.3,0.010000
96400,4.573463,0.012968,4.590342,0.007651,588.9,0.010000
96500,4.573074,0.011905,4.590152,0.008714,589.6,0.010000
96600,4.573183,0.012968,4.591333,0.007651,590.3,0.010000
96700,4.573106,0.012117,4.589818,0.008502,590.9,0.010000
96800,4.572995,0.012543,4.590069,0.008077,591.5,0.010000
96900,4.573251,0.012968,4.590477,0.007651,592.0,0.010000
97000,4.573193,0.012117,4.589937,0.008502,592.6,0.010000
97100,4.573340,0.011267,4.591014,0.009352,593.2,0.010000
97200,4.573267,0.011480,4.588235,0.009139,593.7,0.010000
97300,4.573334,0.012968,4.590614,0.007651,594.3,0.010000
97400,4.573336,0.012543,4.592217,0.008077,594.9,0.010000
97500,4.573458,0.011905,4.590312,0.008714,595.5,0.010000
97600,4.573262,0.012968,4.589563,0.007651,596.1,0.010000
97700,4.573145,0.012968,4.590789,0.007651,596.6,0.010000
97800,4.573533,0.012968,4.590618,0.007651,597.2,0.010000
97900,4.573327,0.012543,4.591077,0.008077,597.8,0.010000
98000,4.573382,0.012117,4.589709,0.008502,598.5,0.010000
98100,4.573435,0.012968,4.591614,0.007651,599.1,0.010000
98200,4.573260,0.011905,4.592148,0.008714,599.8,0.010000
98300,4.573160,0.012968,4.590232,0.007651,600.3,0.010000
98400,4.573285,0.012968,4.590740,0.007651,600.9,0.010000
98500,4.573166,0.012968,4.591273,0.007651,601.6,0.010000
98600,4.573475,0.012968,4.590353,0.007651,602.2,0.010000
98700,4.573363,0.012968,4.591850,0.007651,602.8,0.010000
98800,4.573467,0.011267,4.588049,0.009352,603.4,0.010000
98900,4.573360,0.011905,4.590438,0.008714,604.0,0.010000
99000,4.573267,0.012543,4.591831,0.008077,604.6,0.010000
99100,4.573336,0.012543,4.590656,0.008077,605.2,0.010000
99200,4.573181,0.011905,4.591091,0.008714,605.8,0.010000
99300,4.573038,0.012968,4.589313,0.007651,606.5,0.010000
99400,4.573195,0.012968,4.589894,0.007651,607.1,0.010000
99500,4.573218,0.011054,4.590617,0.009564,607.7,0.010000
99600,4.573073,0.012968,4.589572,0.007651,608.5,0.010000
99700,4.573428,0.012543,4.590147,0.008077,609.1,0.010000
99800,4.573597,0.012543,4.592259,0.008077,609.7,0.010000
99900,4.573848,0.012543,4.592650,0.008077,610.4,0.010000
100000,4.573162,0.012117,4.588970,0.008502,611.0,0.010000
100100,4.573337,0.012968,4.589298,0.007651,611.6,0.010000
100200,4.573091,0.012968,4.590286,0.007651,612.2,0.010000
100300,4.573154,0.011267,4.589505,0.009352,612.8,0.010000
100400,4.572899,0.012968,4.589705,0.007651,613.4,0.010000
100500,4.573382,0.012968,4.589373,0.007651,614.0,0.010000
100600,4.573233,0.012968,4.590557,0.007651,614.6,0.010000
100700,4.573209,0.012968,4.591654,0.007651,615.2,0.010000
100800,4.573668,0.012968,4.590631,0.007651,615.8,0.010000
100900,4.573220,0.012543,4.590781,0.008077,616.4,0.010000
101000,4.573578,0.011905,4.590895,0.008714,617.0,0.010000
101100,4.573416,0.012543,4.591359,0.008077,617.6,0.010000
101200,4.573459,0.011480,4.590593,0.009139,618.3,0.010000
101300,4.573086,0.012117,4.590624,0.008502,618.9,0.010000
101400,4.573301,0.011480,4.589971,0.009139,619.5,0.010000
101500,4.573102,0.012543,4.589576,0.008077,620.0,0.010000
101600,4.573306,0.012543,4.590664,0.008077,620.7,0.010000
101700,4.573347,0.011480,4.589396,0.009139,621.3,0.010000
101800,4.573382,0.012968,4.591125,0.007651,621.9,0.010000
101900,4.573038,0.011692,4.588075,0.008927,622.5,0.010000
102000,4.573501,0.012968,4.590486,0.007651,623.1,0.010000
102100,4.573433,0.011905,4.588506,0.008714,623.7,0.010000
102200,4.573302,0.012968,4.589880,0.007651,624.3,0.010000
102300,4.573570,0.011480,4.587708,0.009139,624.9,0.010000
102400,4.573227,0.012968,4.591898,0.007651,625.6,0.010000
102500,4.573441,0.011480,4.591067,0.009139,626.2,0.010000
102600,4.573429,0.011692,4.591380,0.008927,626.8,0.010000
102700,4.573133,0.012968,4.591708,0.007651,627.4,0.010000
102800,4.573404,0.012968,4.592540,0.007651,628.0,0.010000
102900,4.573489,0.012117,4.588761,0.008502,628.5,0.010000
103000,4.573094,0.012968,4.590059,0.007651,629.2,0.010000
103100,4.573367,0.011905,4.591201,0.008714,629.8,0.010000
103200,4.573160,0.012968,4.591322,0.007651,630.4,0.010000
103300,4.573606,0.012968,4.590439,0.007651,631.0,0.010000
103400,4.573317,0.012543,4.590878,0.008077,631.6,0.010000
103500,4.573417,0.012968,4.589915,0.007651,632.2,0.010000
103600,4.573183,0.012117,4.590847,0.008502,632.8,0.010000
103700,4.573277,0.012968,4.589842,0.007651,633.4,0.010000
103800,4.573143,0.011905,4.593007,0.008714,634.0,0.010000
103900,4.573380,0.011905,4.588944,0.008714,634.6,0.010000
104000,4.573284,0.011905,4.590190,0.008714,635.2,0.010000
104100,4.573161,0.012543,4.589969,0.008077,635.8,0.010000
104200,4.573514,0.012968,4.591603,0.007651,636.4,0.010000
104300,4.573326,0.011905,4.589656,0.008714,637.0,0.010000
104400,4.573389,0.012968,4.591102,0.007651,637.6,0.010000
104500,4.573305,0.012968,4.588767,0.007651,638.2,0.010000
104600,4.573179,0.012117,4.590407,0.008502,638.8,0.010000
104700,4.573602,0.012543,4.590991,0.008077,639.4,0.010000
104800,4.573053,0.012543,4.591911,0.008077,640.0,0.010000
104900,4.573332,0.012968,4.591556,0.007651,640.6,0.010000
105000,4.573500,0.012968,4.589917,0.007651,641.1,0.010000
105100,4.572988,0.012968,4.589993,0.007651,641.8,0.010000
105200,4.573570,0.012543,4.589502,0.008077,642.4,0.010000
105300,4.573442,0.011905,4.589650,0.008714,642.9,0.010000
105400,4.573454,0.011905,4.589590,0.008714,643.6,0.010000
105500,4.573408,0.012968,4.590012,0.007651,644.2,0.010000
105600,4.573472,0.012543,4.589957,0.008077,644.9,0.010000
105700,4.573125,0.012968,4.589566,0.007651,645.6,0.010000
105800,4.573377,0.012543,4.590766,0.008077,646.4,0.010000
105900,4.573192,0.011480,4.591805,0.009139,647.2,0.010000
106000,4.573318,0.012968,4.588858,0.007651,647.8,0.010000
106100,4.573099,0.012543,4.590605,0.008077,648.5,0.010000
106200,4.573428,0.012968,4.590237,0.007651,649.1,0.010000
106300,4.573367,0.012543,4.590338,0.008077,649.7,0.010000
106400,4.573355,0.012968,4.593330,0.007651,650.3,0.010000
106500,4.573686,0.011905,4.592426,0.008714,650.9,0.010000
106600,4.573447,0.011480,4.589080,0.009139,651.5,0.010000
106700,4.573267,0.011905,4.589361,0.008714,652.1,0.010000
106800,4.573067,0.012968,4.590775,0.007651,652.7,0.010000
106900,4.573679,0.012543,4.592301,0.008077,653.3,0.010000
107000,4.573576,0.012968,4.590637,0.007651,653.9,0.010000
107100,4.573114,0.012968,4.590066,0.007651,654.5,0.010000
107200,4.573296,0.012968,4.590147,0.007651,655.1,0.010000
107300,4.573397,0.011905,4.591741,0.008714,655.6,0.010000
107400,4.573408,0.012117,4.589897,0.008502,656.2,0.010000
107500,4.573329,0.011905,4.590862,0.008714,656.9,0.010000
107600,4.573674,0.012117,4.590083,0.008502,657.5,0.010000
107700,4.573253,0.012968,4.590919,0.007651,658.1,0.010000
107800,4.573238,0.012968,4.591154,0.007651,658.6,0.010000
107900,4.573280,0.012968,4.591151,0.007651,659.2,0.010000
108000,4.573203,0.012968,4.591492,0.007651,659.8,0.010000
108100,4.573245,0.011692,4.590145,0.008927,660.4,0.010000
108200,4.573248,0.012543,4.589839,0.008077,661.0,0.010000
108300,4.573284,0.011692,4.588419,0.008927,661.6,0.010000
108400,4.572884,0.012968,4.589239,0.007651,662.2,0.010000
108500,4.573121,0.012543,4.590909,0.008077,662.8,0.010000
108600,4.573114,0.012968,4.590069,0.007651,663.4,0.010000
108700,4.573389,0.012968,4.590929,0.007651,664.0,0.010000
108800,4.573058,0.012968,4.592373,0.007651,664.6,0.010000
108900,4.573504,0.012968,4.589688,0.007651,665.3,0.010000
109000,4.573147,0.012968,4.590329,0.007651,665.9,0.010000
109100,4.573345,0.012968,4.591399,0.007651,666.5,0.010000
109200,4.573344,0.012968,4.591837,0.007651,667.1,0.010000
109300,4.573298,0.012968,4.589177,0.007651,667.7,0.010000
109400,4.573176,0.012543,4.590089,0.008077,668.4,0.010000
109500,4.573545,0.011905,4.590957,0.008714,669.0,0.010000
109600,4.573495,0.012543,4.590001,0.008077,669.5,0.010000
109700,4.573115,0.012968,4.590078,0.007651,670.1,0.010000
109800,4.573443,0.012543,4.591341,0.008077,670.7,0.010000
109900,4.573151,0.012117,4.590092,0.008502,671.3,0.010000
110000,4.573543,0.012543,4.590804,0.008077,671.9,0.010000
110100,4.573441,0.012968,4.590079,0.007651,672.5,0.010000
110200,4.573761,0.012117,4.589941,0.008502,673.1,0.010000
110300,4.573245,0.012968,4.592720,0.007651,673.7,0.010000
110400,4.573328,0.012968,4.589992,0.007651,674.3,0.010000
110500,4.573267,0.012117,4.591199,0.008502,675.0,0.010000
110600,4.573196,0.012968,4.593130,0.007651,675.6,0.010000
110700,4.573031,0.012968,4.589033,0.007651,676.2,0.010000
110800,4.573254,0.012968,4.589155,0.007651,676.8,0.010000
110900,4.573256,0.012968,4.590889,0.007651,677.4,0.010000
111000,4.573161,0.012968,4.590449,0.007651,678.0,0.010000
111100,4.573217,0.012543,4.589628,0.008077,678.5,0.010000
111200,4.573099,0.011905,4.591311,0.008714,679.1,0.010000
111300,4.573666,0.012543,4.589490,0.008077,679.7,0.010000
111400,4.573202,0.012968,4.590948,0.007651,680.3,0.010000
111500,4.573070,0.011905,4.590446,0.008714,680.9,0.010000
111600,4.573636,0.012968,4.592185,0.007651,681.4,0.010000
111700,4.573047,0.012543,4.590289,0.008077,682.0,0.010000
111800,4.573517,0.012968,4.590233,0.007651,682.6,0.010000
111900,4.573480,0.012117,4.591275,0.008502,683.2,0.010000
112000,4.573154,0.012543,4.590128,0.008077,683.8,0.010000
112100,4.573519,0.011480,4.589777,0.009139,684.4,0.010000
112200,4.573326,0.012968,4.590171,0.007651,685.0,0.010000
112300,4.573417,0.012968,4.588341,0.007651,685.6,0.010000
112400,4.573372,0.012117,4.590482,0.008502,686.2,0.010000
112500,4.573495,0.012543,4.590915,0.008077,686.8,0.010000
112600,4.573637,0.012968,4.589088,0.007651,687.4,0.010000
112700,4.573431,0.012968,4.590716,0.007651,688.0,0.010000
112800,4.573243,0.012968,4.589822,0.007651,688.6,0.010000
112900,4.573285,0.012968,4.589409,0.007651,689.2,0.010000
113000,4.573344,0.011905,4.592398,0.008714,689.8,0.010000
113100,4.573820,0.011905,4.590768,0.008714,690.4,0.010000
113200,4.573197,0.012117,4.589642,0.008502,691.0,0.010000
113300,4.573392,0.012968,4.591855,0.007651,691.6,0.010000
113400,4.573218,0.012543,4.590091,0.008077,692.3,0.010000
113500,4.573380,0.012968,4.590442,0.007651,692.9,0.010000
113600,4.573551,0.012968,4.589930,0.007651,693.5,0.010000
113700,4.573530,0.012968,4.591918,0.007651,694.1,0.010000
113800,4.573537,0.011692,4.591143,0.008927,694.7,0.010000
113900,4.573552,0.011480,4.590859,0.009139,695.3,0.010000
114000,4.573334,0.011480,4.590591,0.009139,696.0,0.010000
114100,4.573441,0.012968,4.591019,0.007651,696.6,0.010000
114200,4.573112,0.012968,4.588787,0.007651,697.2,0.010000
114300,4.573385,0.012117,4.590452,0.008502,697.8,0.010000
114400,4.573243,0.012543,4.590551,0.008077,698.4,0.010000
114500,4.573713,0.012968,4.588995,0.007651,698.9,0.010000
114600,4.573232,0.012968,4.593465,0.007651,699.5,0.010000
114700,4.573204,0.012543,4.590362,0.008077,700.2,0.010000
114800,4.573507,0.012968,4.591979,0.007651,700.8,0.010000
114900,4.573355,0.011905,4.590016,0.008714,701.5,0.010000
115000,4.573437,0.012968,4.591329,0.007651,702.1,0.010000
115100,4.573350,0.012543,4.589834,0.008077,702.7,0.010000
115200,4.573068,0.012968,4.590767,0.007651,703.3,0.010000
115300,4.573315,0.012968,4.590964,0.007651,703.9,0.010000
115400,4.573471,0.012968,4.591051,0.007651,704.5,0.010000
115500,4.573478,0.012968,4.590647,0.007651,705.1,0.010000
115600,4.573402,0.012543,4.589801,0.008077,705.6,0.010000
115700,4.573094,0.012117,4.590567,0.008502,706.2,0.010000
115800,4.573354,0.011480,4.591542,0.009139,706.8,0.010000
115900,4.573534,0.011905,4.591269,0.008714,707.5,0.010000
116000,4.573364,0.012968,4.591154,0.007651,708.1,0.010000
116100,4.573253,0.012968,4.591584,0.007651,708.7,0.010000
116200,4.573475,0.012968,4.589692,0.007651,709.3,0.010000
116300,4.573210,0.012968,4.589556,0.007651,709.9,0.010000
116400,4.573388,0.012117,4.589175,0.008502,710.5,0.010000
116500,4.573241,0.011480,4.589988,0.009139,711.1,0.010000
116600,4.573095,0.012543,4.588757,0.008077,711.6,0.010000
116700,4.573414,0.012543,4.592987,0.008077,712.2,0.010000
116800,4.573358,0.011905,4.589399,0.008714,712.8,0.010000
116900,4.573229,0.011480,4.588107,0.009139,713.4,0.010000
117000,4.573408,0.011480,4.588664,0.009139,714.0,0.010000
117100,4.573290,0.012543,4.590085,0.008077,714.6,0.010000
117200,4.573287,0.012968,4.589767,0.007651,715.2,0.010000
117300,4.573715,0.011480,4.591980,0.009139,715.8,0.010000
117400,4.573441,0.012968,4.589550,0.007651,716.4,0.010000
117500,4.573147,0.012968,4.592170,0.007651,717.0,0.010000
117600,4.573265,0.011905,4.588920,0.008714,717.5,0.010000
117700,4.573349,0.012968,4.591374,0.007651,718.1,0.010000
117800,4.573397,0.011905,4.589780,0.008714,718.7,0.010000
117900,4.573398,0.012968,4.590370,0.007651,719.3,0.010000
118000,4.573171,0.012968,4.589628,0.007651,719.9,0.010000
118100,4.573412,0.012543,4.590960,0.008077,720.4,0.010000
118200,4.573457,0.012968,4.591848,0.007651,721.1,0.010000
118300,4.573785,0.011480,4.590621,0.009139,721.7,0.010000
118400,4.573579,0.011692,4.588771,0.008927,722.3,0.010000
118500,4.573328,0.011905,4.590922,0.008714,722.8,0.010000
118600,4.573387,0.012543,4.588171,0.008077,723.5,0.010000
118700,4.573334,0.012968,4.591945,0.007651,724.1,0.010000
118800,4.573267,0.012968,4.590521,0.007651,724.6,0.010000
118900,4.573202,0.012543,4.590156,0.008077,725.2,0.010000
119000,4.573290,0.012968,4.589636,0.007651,725.8,0.010000
119100,4.573472,0.012968,4.590213,0.007651,726.4,0.010000
119200,4.573657,0.012543,4.593195,0.008077,727.0,0.010000
119300,4.573367,0.012543,4.589341,0.008077,727.6,0.010000
119400,4.573309,0.012968,4.589595,0.007651,728.2,0.010000
119500,4.573408,0.012968,4.589451,0.007651,728.8,0.010000
119600,4.573474,0.012968,4.590641,0.007651,729.4,0.010000
119700,4.573488,0.012968,4.589938,0.007651,730.0,0.010000
119800,4.573122,0.012968,4.589711,0.007651,730.6,0.010000
119900,4.573400,0.012968,4.590988,0.007651,731.2,0.010000
120000,4.573467,0.012543,4.591163,0.008077,731.7,0.010000
120100,4.573482,0.012543,4.590827,0.008077,732.4,0.010000
120200,4.573347,0.012543,4.590315,0.008077,733.0,0.010000
120300,4.573311,0.012968,4.589935,0.007651,733.6,0.010000
120400,4.573334,0.012117,4.590452,0.008502,734.2,0.010000
120500,4.573163,0.012543,4.589738,0.008077,734.7,0.010000
120600,4.573180,0.012543,4.591303,0.008077,735.4,0.010000
120700,4.573135,0.012968,4.590034,0.007651,736.0,0.010000
120800,4.572974,0.012968,4.589030,0.007651,736.6,0.010000
120900,4.573092,0.012968,4.590621,0.007651,737.2,0.010000
121000,4.573448,0.011905,4.591873,0.008714,737.8,0.010000
121100,4.573490,0.012968,4.589984,0.007651,738.4,0.010000
121200,4.573154,0.012968,4.591154,0.007651,739.0,0.010000
121300,4.573381,0.012543,4.589884,0.008077,739.6,0.010000
121400,4.573143,0.012968,4.590533,0.007651,740.2,0.010000
121500,4.573269,0.012543,4.591301,0.008077,740.8,0.010000
121600,4.573424,0.012968,4.591839,0.007651,741.4,0.010000
121700,4.573158,0.012117,4.591222,0.008502,741.9,0.010000
121800,4.573423,0.012968,4.589941,0.007651,742.5,0.010000
121900,4.573582,0.012968,4.590377,0.007651,743.1,0.010000
122000,4.573164,0.011692,4.591536,0.008927,743.7,0.010000
122100,4.573157,0.012117,4.589612,0.008502,744.2,0.010000
122200,4.573636,0.012543,4.592925,0.008077,744.8,0.010000
122300,4.573215,0.012968,4.591467,0.007651,745.4,0.010000
122400,4.573443,0.012968,4.590391,0.007651,746.0,0.010000
122500,4.573912,0.011480,4.591400,0.009139,746.6,0.010000
122600,4.572958,0.012968,4.590466,0.007651,747.2,0.010000
122700,4.573215,0.012968,4.588906,0.007651,747.8,0.010000
122800,4.573381,0.012117,4.589242,0.008502,748.4,0.010000
122900,4.573434,0.012968,4.590191,0.007651,748.9,0.010000
123000,4.573618,0.012543,4.588812,0.008077,749.5,0.010000
123100,4.573258,0.012968,4.590588,0.007651,750.1,0.010000
123200,4.573202,0.011692,4.590467,0.008927,750.7,0.010000
123300,4.573211,0.011480,4.591761,0.009139,751.3,0.010000
123400,4.573401,0.012968,4.591215,0.007651,751.9,0.010000
123500,4.573638,0.012968,4.592313,0.007651,752.5,0.010000
123600,4.573435,0.012968,4.589917,0.007651,753.1,0.010000
123700,4.573290,0.012968,4.590015,0.007651,753.7,0.010000
123800,4.573429,0.012968,4.589311,0.007651,754.3,0.010000
123900,4.573169,0.011905,4.591218,0.008714,754.9,0.010000
124000,4.573512,0.012543,4.588226,0.008077,755.4,0.010000
124100,4.573373,0.012968,4.590917,0.007651,756.0,0.010000
124200,4.573558,0.012117,4.590816,0.008502,756.7,0.010000
124300,4.573377,0.012968,4.590475,0.007651,757.3,0.010000
124400,4.573590,0.012543,4.590218,0.008077,757.8,0.010000
124500,4.573189,0.012968,4.590814,0.007651,758.5,0.010000
124600,4.573177,0.012968,4.589828,0.007651,759.1,0.010000
124700,4.573123,0.012968,4.589421,0.007651,759.7,0.010000
124800,4.573063,0.012968,4.589287,0.007651,760.3,0.010000
124900,4.573562,0.012968,4.591970,0.007651,760.9,0.010000
125000,4.573383,0.012117,4.589438,0.008502,761.5,0.010000
125100,4.573230,0.012968,4.590669,0.007651,762.1,0.010000
125200,4.573380,0.012968,4.589868,0.007651,762.7,0.010000
125300,4.573254,0.012968,4.591401,0.007651,763.3,0.010000
125400,4.573690,0.012543,4.591833,0.008077,763.9,0.010000
125500,4.573229,0.012968,4.590429,0.007651,764.5,0.010000
125600,4.573309,0.012968,4.591261,0.007651,765.2,0.010000
125700,4.573257,0.012968,4.589168,0.007651,765.7,0.010000
125800,4.573725,0.011692,4.590868,0.008927,766.3,0.010000
125900,4.573132,0.012968,4.591390,0.007651,767.0,0.010000
126000,4.573180,0.011905,4.590409,0.008714,767.6,0.010000
126100,4.573483,0.011480,4.589249,0.009139,768.3,0.010000
126200,4.573418,0.011905,4.591609,0.008714,768.8,0.010000
126300,4.573352,0.012968,4.590872,0.007651,769.4,0.010000
126400,4.573257,0.012117,4.591641,0.008502,770.0,0.010000
126500,4.573376,0.012968,4.590406,0.007651,770.6,0.010000
126600,4.573264,0.011905,4.591291,0.008714,771.2,0.010000
126700,4.573246,0.012543,4.590388,0.008077,771.9,0.010000
126800,4.573482,0.012968,4.588886,0.007651,772.5,0.010000
126900,4.573327,0.012117,4.589515,0.008502,773.1,0.010000
127000,4.573096,0.012968,4.590725,0.007651,773.7,0.010000
127100,4.573224,0.012117,4.590642,0.008502,774.4,0.010000
127200,4.573212,0.012968,4.591230,0.007651,774.9,0.010000
127300,4.573276,0.011905,4.591238,0.008714,775.6,0.010000
127400,4.573439,0.012543,4.590470,0.008077,776.2,0.010000
127500,4.573232,0.012968,4.589684,0.007651,776.8,0.010000
127600,4.573319,0.012117,4.591125,0.008502,777.4,0.010000
127700,4.573133,0.012968,4.591053,0.007651,778.0,0.010000
127800,4.572894,0.012968,4.589088,0.007651,778.6,0.010000
127900,4.573374,0.012543,4.589242,0.008077,779.2,0.010000
128000,4.573502,0.012968,4.589059,0.007651,779.8,0.010000
128100,4.573378,0.012968,4.592178,0.007651,780.4,0.010000
128200,4.573693,0.011480,4.590660,0.009139,781.0,0.010000
128300,4.573090,0.012968,4.590439,0.007651,781.6,0.010000
128400,4.573495,0.012543,4.590652,0.008077,782.2,0.010000
128500,4.573298,0.012968,4.590471,0.007651,782.8,0.010000
128600,4.573542,0.012968,4.591399,0.007651,783.4,0.010000
128700,4.573129,0.012968,4.590982,0.007651,784.0,0.010000
128800,4.573260,0.012968,4.590994,0.007651,784.6,0.010000
128900,4.573312,0.012543,4.591783,0.008077,785.2,0.010000
129000,4.573393,0.012968,4.591081,0.007651,785.8,0.010000
129100,4.573327,0.012968,4.590541,0.007651,786.4,0.010000
129200,4.573393,0.012543,4.589939,0.008077,787.0,0.010000
129300,4.573552,0.012968,4.588979,0.007651,787.6,0.010000
129400,4.573339,0.012968,4.590838,0.007651,788.2,0.010000
129500,4.573306,0.012968,4.588542,0.007651,788.8,0.010000
129600,4.573175,0.011905,4.591041,0.008714,789.4,0.010000
129700,4.573182,0.012968,4.589367,0.007651,790.0,0.010000
129800,4.573189,0.012968,4.591994,0.007651,790.6,0.010000
129900,4.573270,0.011905,4.589756,0.008714,791.2,0.010000
130000,4.573077,0.012968,4.590516,0.007651,791.8,0.010000
130100,4.573302,0.012543,4.588585,0.008077,792.4,0.010000
130200,4.573376,0.012968,4.591041,0.007651,793.0,0.010000
130300,4.573206,0.011905,4.590675,0.008714,793.6,0.010000
130400,4.572999,0.012968,4.591369,0.007651,794.3,0.010000
130500,4.573115,0.012968,4.590559,0.007651,794.8,0.010000
130600,4.573234,0.012968,4.589716,0.007651,795.4,0.010000
130700,4.573261,0.012117,4.589828,0.008502,796.0,0.010000
130800,4.573382,0.012968,4.589700,0.007651,796.6,0.010000
130900,4.573123,0.012543,4.590860,0.008077,797.2,0.010000
131000,4.573221,0.012543,4.589849,0.008077,797.8,0.010000
131100,4.573122,0.011905,4.590710,0.008714,798.3,0.010000
131200,4.573539,0.012543,4.589560,0.008077,798.9,0.010000
131300,4.573328,0.012968,4.592118,0.007651,799.5,0.010000
131400,4.572983,0.011905,4.591580,0.008714,800.1,0.010000
131500,4.573444,0.012968,4.590275,0.007651,800.7,0.010000
131600,4.573475,0.012968,4.591450,0.007651,801.3,0.010000
131700,4.573446,0.012968,4.591619,0.007651,802.0,0.010000
131800,4.573302,0.012968,4.591024,0.007651,802.6,0.010000
131900,4.573544,0.012543,4.588754,0.008077,803.2,0.010000
132000,4.573225,0.011905,4.591958,0.008714,803.8,0.010000
132100,4.573221,0.012968,4.591375,0.007651,804.4,0.010000
132200,4.573462,0.012968,4.591446,0.007651,805.0,0.010000
132300,4.573286,0.012543,4.590731,0.008077,805.6,0.010000
132400,4.573182,0.012543,4.590102,0.008077,806.2,0.010000
132500,4.572989,0.012968,4.589063,0.007651,806.7,0.010000
132600,4.573343,0.012968,4.591619,0.007651,807.3,0.010000
132700,4.573379,0.012968,4.590822,0.007651,807.9,0.010000
132800,4.573617,0.012968,4.590948,0.007651,808.5,0.010000
132900,4.573233,0.012543,4.590209,0.008077,809.1,0.010000
133000,4.573115,0.012968,4.589393,0.007651,809.7,0.010000
133100,4.573313,0.012968,4.591464,0.007651,810.3,0.010000
133200,4.573220,0.012543,4.591011,0.008077,810.8,0.010000
133300,4.573344,0.012543,4.589939,0.008077,811.4,0.010000
133400,4.573577,0.011905,4.591794,0.008714,812.0,0.010000
133500,4.573160,0.012968,4.590795,0.007651,812.6,0.010000
133600,4.573221,0.011905,4.591179,0.008714,813.2,0.010000
133700,4.573615,0.011267,4.589544,0.009352,813.7,0.010000
133800,4.573179,0.012968,4.591881,0.007651,814.3,0.010000
133900,4.573531,0.012968,4.589734,0.007651,815.0,0.010000
134000,4.573279,0.012968,4.590291,0.007651,815.8,0.010000
134100,4.573421,0.012968,4.591449,0.007651,816.5,0.010000
134200,4.573336,0.012543,4.591391,0.008077,817.1,0.010000
134300,4.573411,0.012543,4.591252,0.008077,817.6,0.010000
134400,4.573488,0.012968,4.592056,0.007651,818.2,0.010000
134500,4.573339,0.011905,4.588874,0.008714,818.8,0.010000
134600,4.573310,0.012968,4.591062,0.007651,819.4,0.010000
134700,4.573234,0.012543,4.588804,0.008077,820.0,0.010000
134800,4.573555,0.012543,4.590565,0.008077,820.6,0.010000
134900,4.573215,0.011905,4.588588,0.008714,821.2,0.010000
135000,4.573506,0.012968,4.591481,0.007651,821.8,0.010000
135100,4.573666,0.012543,4.590986,0.008077,822.4,0.010000
135200,4.573217,0.012968,4.589767,0.007651,823.0,0.010000
135300,4.573287,0.012968,4.591395,0.007651,823.7,0.010000
135400,4.573413,0.012968,4.589916,0.007651,824.3,0.010000
135500,4.573523,0.012968,4.590137,0.007651,825.0,0.010000
135600,4.573160,0.012543,4.590301,0.008077,825.6,0.010000
135700,4.573365,0.012968,4.590516,0.007651,826.2,0.010000
135800,4.573397,0.012968,4.592912,0.007651,826.9,0.010000
135900,4.573268,0.012968,4.593422,0.007651,827.6,0.010000
136000,4.573356,0.011905,4.589639,0.008714,828.2,0.010000
136100,4.573412,0.011480,4.590288,0.009139,828.8,0.010000
136200,4.573325,0.011905,4.589791,0.008714,829.3,0.010000
136300,4.573140,0.012543,4.591972,0.008077,829.9,0.010000
136400,4.573465,0.011267,4.590975,0.009352,830.5,0.010000
136500,4.573360,0.012543,4.590361,0.008077,831.1,0.010000
136600,4.573202,0.011480,4.589736,0.009139,831.6,0.010000
136700,4.573384,0.012968,4.590878,0.007651,832.2,0.010000
136800,4.573180,0.012968,4.591761,0.007651,832.8,0.010000
136900,4.573330,0.011692,4.590674,0.008927,833.4,0.010000
137000,4.573506,0.012968,4.590698,0.007651,834.0,0.010000
137100,4.573276,0.012968,4.589650,0.007651,834.6,0.010000
137200,4.573440,0.011905,4.590626,0.008714,835.1,0.010000
137300,4.573256,0.012968,4.590404,0.007651,835.7,0.010000
137400,4.573125,0.012968,4.590303,0.007651,836.3,0.010000
137500,4.573313,0.012968,4.590156,0.007651,836.9,0.010000
137600,4.573575,0.012968,4.590392,0.007651,837.5,0.010000
137700,4.573262,0.012543,4.591483,0.008077,838.1,0.010000
137800,4.573597,0.011905,4.590971,0.008714,838.7,0.010000
137900,4.573661,0.012968,4.591922,0.007651,839.3,0.010000
138000,4.573121,0.012117,4.590424,0.008502,840.0,0.010000
138100,4.573195,0.012968,4.591234,0.007651,840.6,0.010000
138200,4.573505,0.012543,4.591795,0.008077,841.1,0.010000
138300,4.573268,0.012543,4.589804,0.008077,841.7,0.010000
138400,4.573248,0.011905,4.590718,0.008714,842.3,0.010000
138500,4.573231,0.011905,4.589394,0.008714,842.9,0.010000
138600,4.573041,0.012968,4.589425,0.007651,843.5,0.010000
138700,4.573046,0.012968,4.590727,0.007651,844.1,0.010000
138800,4.573220,0.011480,4.590512,0.009139,844.7,0.010000
138900,4.573195,0.011692,4.589777,0.008927,845.3,0.010000
139000,4.573231,0.012968,4.590806,0.007651,845.9,0.010000
139100,4.573508,0.012117,4.590584,0.008502,846.5,0.010000
139200,4.573840,0.012968,4.590228,0.007651,847.1,0.010000
139300,4.573246,0.012968,4.589180,0.007651,847.7,0.010000
139400,4.573345,0.012968,4.590324,0.007651,848.3,0.010000
139500,4.573216,0.012968,4.590144,0.007651,848.8,0.010000
139600,4.573302,0.012117,4.589733,0.008502,849.5,0.010000
139700,4.573265,0.012968,4.590182,0.007651,850.1,0.010000
139800,4.573232,0.011905,4.590022,0.008714,850.6,0.010000
139900,4.573548,0.012968,4.589533,0.007651,851.2,0.010000
140000,4.573523,0.012968,4.591981,0.007651,851.9,0.010000
140100,4.573511,0.012968,4.590100,0.007651,852.4,0.010000
140200,4.573157,0.012117,4.591112,0.008502,853.1,0.010000
140300,4.573181,0.012117,4.590649,0.008502,853.7,0.010000
140400,4.573465,0.012968,4.587849,0.007651,854.4,0.010000
140500,4.573195,0.012968,4.588542,0.007651,855.0,0.010000
140600,4.573404,0.012543,4.590233,0.008077,855.6,0.010000
140700,4.573707,0.011905,4.590309,0.008714,856.2,0.010000
140800,4.573160,0.012543,4.589348,0.008077,856.8,0.010000
140900,4.573239,0.011905,4.591673,0.008714,857.4,0.010000
141000,4.573340,0.012968,4.590415,0.007651,858.0,0.010000
141100,4.573507,0.012968,4.591543,0.007651,858.6,0.010000
141200,4.573610,0.012968,4.588334,0.007651,859.2,0.010000
141300,4.573668,0.012968,4.592467,0.007651,859.8,0.010000
141400,4.573364,0.012968,4.590219,0.007651,860.3,0.010000
141500,4.573641,0.011905,4.591561,0.008714,860.9,0.010000
141600,4.573310,0.012543,4.591639,0.008077,861.5,0.010000
141700,4.573155,0.012117,4.589015,0.008502,862.1,0.010000
141800,4.573154,0.012968,4.589162,0.007651,862.7,0.010000
141900,4.573439,0.012543,4.590587,0.008077,863.3,0.010000
142000,4.573376,0.012968,4.590366,0.007651,863.9,0.010000
142100,4.573377,0.011480,4.589786,0.009139,864.5,0.010000
142200,4.573173,0.012968,4.590465,0.007651,865.0,0.010000
142300,4.573220,0.012543,4.592232,0.008077,865.6,0.010000
142400,4.573287,0.011905,4.590111,0.008714,866.2,0.010000
142500,4.573227,0.012968,4.590240,0.007651,866.8,0.010000
142600,4.573143,0.012117,4.592610,0.008502,867.4,0.010000
142700,4.573579,0.012968,4.591109,0.007651,868.0,0.010000
142800,4.573385,0.012968,4.590496,0.007651,868.6,0.010000
142900,4.573089,0.012543,4.591198,0.008077,869.2,0.010000
143000,4.573523,0.011480,4.590772,0.009139,869.8,0.010000
143100,4.573653,0.012117,4.589847,0.008502,870.4,0.010000
143200,4.573457,0.012968,4.587325,0.007651,871.0,0.010000
143300,4.573282,0.012543,4.590823,0.008077,871.5,0.010000
143400,4.573448,0.011905,4.591356,0.008714,872.1,0.010000
143500,4.573489,0.012968,4.590650,0.007651,872.7,0.010000
143600,4.573181,0.011480,4.590256,0.009139,873.3,0.010000
143700,4.573496,0.011905,4.587848,0.008714,873.9,0.010000
143800,4.573269,0.012968,4.590951,0.007651,874.6,0.010000
143900,4.573514,0.012968,4.592753,0.007651,875.2,0.010000
144000,4.573483,0.012968,4.588971,0.007651,875.8,0.010000
144100,4.573452,0.011692,4.589373,0.008927,876.4,0.010000
144200,4.573229,0.012968,4.591005,0.007651,877.0,0.010000
144300,4.573308,0.012968,4.589895,0.007651,877.6,0.010000
144400,4.573298,0.011905,4.590520,0.008714,878.1,0.010000
144500,4.573578,0.011480,4.590076,0.009139,878.7,0.010000
144600,4.573366,0.012968,4.589886,0.007651,879.3,0.010000
144700,4.573504,0.012117,4.589541,0.008502,879.9,0.010000
144800,4.573275,0.012117,4.589138,0.008502,880.4,0.010000
144900,4.573603,0.012968,4.589149,0.007651,881.0,0.010000
145000,4.573033,0.012968,4.588678,0.007651,881.6,0.010000
145100,4.573704,0.011692,4.590422,0.008927,882.2,0.010000
145200,4.573575,0.012968,4.591377,0.007651,882.8,0.010000
145300,4.573155,0.012968,4.592404,0.007651,883.4,0.010000
145400,4.573439,0.012968,4.591143,0.007651,884.0,0.010000
145500,4.573456,0.012117,4.592870,0.008502,884.6,0.010000
145600,4.573418,0.011480,4.590121,0.009139,885.2,0.010000
145700,4.573218,0.011692,4.588574,0.008927,885.8,0.010000
145800,4.573298,0.012968,4.592456,0.007651,886.4,0.010000
145900,4.573342,0.012968,4.587626,0.007651,887.0,0.010000
146000,4.573344,0.011480,4.589984,0.009139,887.6,0.010000
146100,4.573627,0.012543,4.590982,0.008077,888.2,0.010000
146200,4.573561,0.012968,4.590916,0.007651,888.9,0.010000
146300,4.573359,0.011905,4.591472,0.008714,889.5,0.010000
146400,4.573175,0.012543,4.589645,0.008077,890.1,0.010000
146500,4.573739,0.011905,4.589300,0.008714,890.7,0.010000
146600,4.573285,0.012968,4.589678,0.007651,891.4,0.010000
146700,4.573534,0.011267,4.589257,0.009352,892.0,0.010000
146800,4.573386,0.011905,4.590185,0.008714,892.6,0.010000
146900,4.572915,0.012968,4.590570,0.007651,893.3,0.010000
147000,4.573256,0.012968,4.592933,0.007651,893.9,0.010000
147100,4.573386,0.012968,4.590570,0.007651,894.5,0.010000
147200,4.573282,0.012968,4.590341,0.007651,895.0,0.010000
147300,4.573415,0.012968,4.591125,0.007651,895.6,0.010000
147400,4.573091,0.012968,4.590820,0.007651,896.2,0.010000
147500,4.573195,0.012117,4.589845,0.008502,896.8,0.010000
147600,4.573415,0.012968,4.590262,0.007651,897.4,0.010000
147700,4.573446,0.012117,4.592891,0.008502,898.0,0.010000
147800,4.573158,0.011692,4.589772,0.008927,898.6,0.010000
147900,4.573541,0.012968,4.589499,0.007651,899.2,0.010000
148000,4.573148,0.011905,4.591354,0.008714,899.8,0.010000
148100,4.573151,0.012968,4.590332,0.007651,900.4,0.010000
148200,4.573488,0.012117,4.589624,0.008502,901.0,0.010000
148300,4.573375,0.012543,4.590501,0.008077,901.7,0.010000
148400,4.573341,0.012968,4.591425,0.007651,902.3,0.010000
148500,4.573183,0.012968,4.589931,0.007651,902.9,0.010000
148600,4.573442,0.011480,4.590170,0.009139,903.6,0.010000
148700,4.573112,0.012968,4.589910,0.007651,904.2,0.010000
148800,4.573493,0.010842,4.590082,0.009777,904.7,0.010000
148900,4.573353,0.012117,4.590578,0.008502,905.3,0.010000
149000,4.573609,0.012968,4.590298,0.007651,905.9,0.010000
149100,4.573162,0.012117,4.591852,0.008502,906.5,0.010000
149200,4.573212,0.012968,4.590654,0.007651,907.1,0.010000
149300,4.573408,0.012543,4.592996,0.008077,907.7,0.010000
149400,4.573536,0.012968,4.589396,0.007651,908.3,0.010000
149500,4.573081,0.012968,4.591002,0.007651,908.9,0.010000
149600,4.573482,0.012543,4.593252,0.008077,909.5,0.010000
149700,4.573218,0.012543,4.590051,0.008077,910.1,0.010000
149800,4.573040,0.012968,4.590162,0.007651,910.7,0.010000
149900,4.573228,0.012117,4.590822,0.008502,911.3,0.010000
150000,4.573179,0.012968,4.590066,0.007651,911.9,0.010000
150100,4.573344,0.011054,4.589733,0.009564,912.4,0.010000
150200,4.573101,0.012968,4.591186,0.007651,913.0,0.010000
150300,4.573623,0.012968,4.588732,0.007651,913.6,0.010000
150400,4.573431,0.011480,4.590232,0.009139,914.2,0.010000
150500,4.573234,0.012543,4.589675,0.008077,914.9,0.010000
150600,4.573042,0.012968,4.589306,0.007651,915.5,0.010000
150700,4.573270,0.012968,4.591159,0.007651,916.1,0.010000
150800,4.573251,0.012968,4.591305,0.007651,916.8,0.010000
150900,4.572905,0.012543,4.591363,0.008077,917.6,0.010000
151000,4.573224,0.011905,4.589369,0.008714,918.3,0.010000
151100,4.573401,0.012117,4.592443,0.008502,919.1,0.010000
151200,4.573493,0.012543,4.591506,0.008077,919.7,0.010000
151300,4.573394,0.011905,4.590719,0.008714,920.3,0.010000
151400,4.573642,0.012543,4.590343,0.008077,920.9,0.010000
151500,4.573504,0.012543,4.591099,0.008077,921.5,0.010000
151600,4.573260,0.012968,4.589463,0.007651,922.1,0.010000
151700,4.573084,0.012543,4.590252,0.008077,922.7,0.010000
151800,4.573310,0.011480,4.592478,0.009139,923.3,0.010000
151900,4.573801,0.012968,4.590710,0.007651,923.9,0.010000
152000,4.573359,0.012968,4.590592,0.007651,924.5,0.010000
152100,4.573215,0.012968,4.592379,0.007651,925.1,0.010000
152200,4.573442,0.011905,4.590626,0.008714,925.7,0.010000
152300,4.573483,0.011905,4.590934,0.008714,926.3,0.010000
152400,4.573935,0.012968,4.588927,0.007651,926.9,0.010000
152500,4.573322,0.012543,4.591084,0.008077,927.5,0.010000
152600,4.573123,0.012543,4.591656,0.008077,928.1,0.010000
152700,4.573187,0.011480,4.589729,0.009139,928.7,0.010000
152800,4.573302,0.012968,4.591611,0.007651,929.3,0.010000
152900,4.573494,0.011905,4.589066,0.008714,929.9,0.010000
153000,4.573292,0.012968,4.589617,0.007651,930.5,0.010000
153100,4.573249,0.012968,4.589404,0.007651,931.1,0.010000
153200,4.573497,0.012968,4.590061,0.007651,931.7,0.010000
153300,4.573196,0.012968,4.589447,0.007651,932.2,0.010000
153400,4.573651,0.012543,4.590778,0.008077,933.0,0.010000
153500,4.573606,0.011692,4.590776,0.008927,933.6,0.010000
153600,4.573531,0.012543,4.590253,0.008077,934.2,0.010000
153700,4.573254,0.012968,4.590556,0.007651,934.8,0.010000
153800,4.573289,0.012968,4.589579,0.007651,935.4,0.010000
153900,4.573458,0.012968,4.588904,0.007651,936.1,0.010000
154000,4.573309,0.012543,4.590643,0.008077,936.7,0.010000
154100,4.573402,0.012968,4.589396,0.007651,937.4,0.010000
154200,4.572999,0.012968,4.590474,0.007651,938.1,0.010000
154300,4.573109,0.012968,4.589646,0.007651,938.8,0.010000
154400,4.573345,0.012968,4.588585,0.007651,939.4,0.010000
154500,4.573242,0.012117,4.589744,0.008502,940.0,0.010000
154600,4.573572,0.012968,4.590659,0.007651,940.6,0.010000
154700,4.573488,0.012968,4.589908,0.007651,941.2,0.010000
154800,4.573299,0.011905,4.592706,0.008714,941.9,0.010000
154900,4.573258,0.011905,4.589950,0.008714,942.5,0.010000
155000,4.573264,0.012968,4.591299,0.007651,943.1,0.010000
155100,4.573597,0.011905,4.588528,0.008714,943.7,0.010000
155200,4.573174,0.012117,4.589366,0.008502,944.3,0.010000
155300,4.573266,0.011905,4.589198,0.008714,944.9,0.010000
155400,4.573520,0.012543,4.591799,0.008077,945.4,0.010000
155500,4.573407,0.012543,4.591600,0.008077,946.1,0.010000
155600,4.573557,0.012543,4.589874,0.008077,946.6,0.010000
155700,4.573223,0.012968,4.589564,0.007651,947.3,0.010000
155800,4.573825,0.011480,4.591109,0.009139,947.9,0.010000
155900,4.573436,0.012543,4.588942,0.008077,948.7,0.010000
156000,4.573668,0.012968,4.591279,0.007651,949.4,0.010000
156100,4.573331,0.012543,4.589678,0.008077,950.0,0.010000
156200,4.573114,0.012968,4.590008,0.007651,950.7,0.010000
156300,4.573221,0.012968,4.590339,0.007651,951.3,0.010000
156400,4.573182,0.011905,4.590293,0.008714,951.9,0.010000
156500,4.573134,0.012543,4.589726,0.008077,952.6,0.010000
156600,4.573195,0.012968,4.590029,0.007651,953.3,0.010000
156700,4.573395,0.012543,4.591250,0.008077,953.9,0.010000
156800,4.573480,0.012968,4.587104,0.007651,954.6,0.010000
156900,4.573211,0.012968,4.593527,0.007651,955.2,0.010000
157000,4.573551,0.010842,4.589715,0.009777,955.9,0.010000
157100,4.573632,0.012968,4.589536,0.007651,956.5,0.010000
157200,4.573431,0.012968,4.589502,0.007651,957.1,0.010000
157300,4.573135,0.012543,4.592534,0.008077,957.7,0.010000
157400,4.573285,0.012968,4.590405,0.007651,958.3,0.010000
157500,4.573248,0.011054,4.589945,0.009564,958.9,0.010000
157600,4.573387,0.011480,4.588761,0.009139,959.5,0.010000
157700,4.573279,0.011692,4.591007,0.008927,960.2,0.010000
157800,4.573539,0.011692,4.590613,0.008927,960.7,0.010000
157900,4.573338,0.012968,4.590297,0.007651,961.4,0.010000
158000,4.573202,0.011480,4.590557,0.009139,962.0,0.010000
158100,4.573659,0.012968,4.592764,0.007651,962.6,0.010000
158200,4.573374,0.011905,4.590323,0.008714,963.2,0.010000
158300,4.573373,0.012968,4.590730,0.007651,963.7,0.010000
158400,4.573341,0.011905,4.590125,0.008714,964.3,0.010000
158500,4.573102,0.012543,4.590033,0.008077,964.9,0.010000
158600,4.573627,0.012117,4.589407,0.008502,965.5,0.010000
158700,4.573723,0.011905,4.590202,0.008714,966.2,0.010000
158800,4.573299,0.012968,4.589233,0.007651,966.7,0.010000
158900,4.573323,0.012968,4.589772,0.007651,967.4,0.010000
159000,4.573294,0.012543,4.590863,0.008077,968.0,0.010000
159100,4.573231,0.012968,4.590302,0.007651,968.6,0.010000
159200,4.573440,0.012968,4.590921,0.007651,969.2,0.010000
159300,4.573047,0.012968,4.589599,0.007651,969.8,0.010000
159400,4.573556,0.011905,4.590031,0.008714,970.4,0.010000
159500,4.573263,0.012968,4.590529,0.007651,971.0,0.010000
159600,4.573196,0.011905,4.591650,0.008714,971.6,0.010000
159700,4.573407,0.012968,4.591034,0.007651,972.2,0.010000
159800,4.573472,0.012968,4.590825,0.007651,972.8,0.010000
159900,4.573109,0.012968,4.590216,0.007651,973.4,0.010000
160000,4.573331,0.012968,4.589949,0.007651,974.0,0.010000
160100,4.573745,0.012543,4.588997,0.008077,974.6,0.010000
160200,4.573268,0.011905,4.590264,0.008714,975.2,0.010000
160300,4.573010,0.011480,4.590631,0.009139,975.8,0.010000
160400,4.573465,0.012543,4.591643,0.008077,976.4,0.010000
160500,4.573383,0.012968,4.591722,0.007651,977.0,0.010000
160600,4.573254,0.012968,4.592364,0.007651,977.6,0.010000
160700,4.573722,0.012968,4.589310,0.007651,978.2,0.010000
160800,4.573170,0.012968,4.588479,0.007651,978.8,0.010000
160900,4.573164,0.012968,4.591148,0.007651,979.4,0.010000
161000,4.573096,0.012968,4.590263,0.007651,980.0,0.010000
161100,4.573442,0.012968,4.591613,0.007651,980.6,0.010000
161200,4.573183,0.012543,4.590862,0.008077,981.2,0.010000
161300,4.573283,0.012968,4.591682,0.007651,981.7,0.010000
161400,4.573264,0.012968,4.590340,0.007651,982.3,0.010000
161500,4.573138,0.012968,4.589871,0.007651,982.9,0.010000
161600,4.573733,0.012968,4.591128,0.007651,983.5,0.010000
161700,4.573382,0.011480,4.588942,0.009139,984.1,0.010000
161800,4.573213,0.011905,4.591377,0.008714,984.7,0.010000
161900,4.573269,0.012968,4.589685,0.007651,985.3,0.010000
162000,4.573476,0.012117,4.589230,0.008502,985.9,0.010000
162100,4.572994,0.012543,4.590466,0.008077,986.5,0.010000
162200,4.573193,0.012117,4.589509,0.008502,987.1,0.010000
162300,4.573370,0.012543,4.592302,0.008077,987.7,0.010000
162400,4.573044,0.012543,4.591160,0.008077,988.3,0.010000
162500,4.573475,0.011480,4.591647,0.009139,988.9,0.010000
162600,4.573082,0.011480,4.590496,0.009139,989.5,0.010000
162700,4.573812,0.012968,4.591259,0.007651,990.1,0.010000
162800,4.573341,0.012968,4.590993,0.007651,990.7,0.010000
162900,4.573331,0.011480,4.589544,0.009139,991.3,0.010000
163000,4.573139,0.012968,4.590952,0.007651,991.9,0.010000
163100,4.573466,0.012968,4.589516,0.007651,992.6,0.010000
163200,4.573455,0.011692,4.591280,0.008927,993.2,0.010000
163300,4.573195,0.012543,4.589455,0.008077,993.8,0.010000
163400,4.572977,0.011480,4.589698,0.009139,994.4,0.010000
163500,4.573422,0.012968,4.590290,0.007651,995.1,0.010000
163600,4.573086,0.012968,4.591475,0.007651,995.7,0.010000
163700,4.573605,0.012543,4.591155,0.008077,996.3,0.010000
163800,4.573300,0.011905,4.590464,0.008714,996.9,0.010000
163900,4.573414,0.012968,4.590386,0.007651,997.5,0.010000
164000,4.573173,0.012117,4.590265,0.008502,998.0,0.010000
164100,4.573259,0.012968,4.590401,0.007651,998.7,0.010000
164200,4.573574,0.012117,4.590843,0.008502,999.2,0.010000
164300,4.573667,0.012543,4.589344,0.008077,999.8,0.010000
164400,4.573257,0.012543,4.588715,0.008077,1000.4,0.010000
164500,4.573234,0.011267,4.591401,0.009352,1001.0,0.010000
164600,4.573693,0.012968,4.592242,0.007651,1001.6,0.010000
164700,4.573368,0.012968,4.590741,0.007651,1002.2,0.010000
164800,4.573496,0.012968,4.592052,0.007651,1002.8,0.010000
164900,4.573418,0.012968,4.590953,0.007651,1003.4,0.010000
165000,4.572938,0.012968,4.591348,0.007651,1004.0,0.010000
165100,4.573204,0.012968,4.589432,0.007651,1004.6,0.010000
165200,4.573503,0.012117,4.590242,0.008502,1005.2,0.010000
165300,4.573210,0.012543,4.589119,0.008077,1005.8,0.010000
165400,4.573316,0.012543,4.591277,0.008077,1006.4,0.010000
165500,4.573251,0.012968,4.589291,0.007651,1007.0,0.010000
165600,4.573172,0.012543,4.589766,0.008077,1007.7,0.010000
165700,4.573188,0.011905,4.588373,0.008714,1008.3,0.010000
165800,4.573402,0.012968,4.590609,0.007651,1008.9,0.010000
165900,4.573281,0.012968,4.591280,0.007651,1009.5,0.010000
166000,4.573160,0.012968,4.588987,0.007651,1010.1,0.010000
166100,4.573453,0.011480,4.589896,0.009139,1010.7,0.010000
166200,4.573214,0.012968,4.590684,0.007651,1011.3,0.010000
166300,4.573054,0.012968,4.590154,0.007651,1011.9,0.010000
166400,4.573236,0.012968,4.590849,0.007651,1012.4,0.010000
166500,4.573004,0.012968,4.589995,0.007651,1013.0,0.010000
166600,4.573323,0.012968,4.590195,0.007651,1013.6,0.010000
166700,4.573394,0.012968,4.590659,0.007651,1014.2,0.010000
166800,4.573346,0.012117,4.590335,0.008502,1014.8,0.010000
166900,4.573567,0.011905,4.591163,0.008714,1015.4,0.010000
167000,4.573369,0.012968,4.589168,0.007651,1016.0,0.010000
167100,4.573343,0.012968,4.591779,0.007651,1016.6,0.010000
167200,4.573147,0.012968,4.590662,0.007651,1017.2,0.010000
167300,4.573112,0.012968,4.590286,0.007651,1017.7,0.010000
167400,4.573232,0.012968,4.590815,0.007651,1018.3,0.010000
167500,4.573228,0.012968,4.591016,0.007651,1018.9,0.010000
167600,4.573355,0.011905,4.589455,0.008714,1019.5,0.010000
167700,4.573573,0.012543,4.589044,0.008077,1020.1,0.010000
167800,4.573264,0.012968,4.589069,0.007651,1020.7,0.010000
167900,4.573225,0.012543,4.590507,0.008077,1021.3,0.010000
168000,4.572963,0.012968,4.590367,0.007651,1021.9,0.010000
168100,4.573451,0.012543,4.590729,0.008077,1022.6,0.010000
168200,4.573149,0.011905,4.589670,0.008714,1023.2,0.010000
168300,4.573713,0.012543,4.590290,0.008077,1023.8,0.010000
168400,4.573309,0.012543,4.592875,0.008077,1024.4,0.010000
168500,4.573395,0.010842,4.589705,0.009777,1025.0,0.010000
168600,4.573328,0.012117,4.590636,0.008502,1025.6,0.010000
168700,4.573333,0.012968,4.591415,0.007651,1026.2,0.010000
168800,4.573533,0.012968,4.592090,0.007651,1026.8,0.010000
168900,4.573472,0.012543,4.591286,0.008077,1027.4,0.010000
169000,4.573396,0.012543,4.589958,0.008077,1028.0,0.010000
169100,4.573020,0.011905,4.591332,0.008714,1028.5,0.010000
169200,4.573433,0.011480,4.592912,0.009139,1029.1,0.010000
169300,4.573241,0.011692,4.589893,0.008927,1029.7,0.010000
169400,4.573411,0.011905,4.591039,0.008714,1030.3,0.010000
169500,4.573466,0.012543,4.589187,0.008077,1031.0,0.010000
169600,4.573269,0.012968,4.590582,0.007651,1031.6,0.010000
169700,4.573391,0.012968,4.591010,0.007651,1032.2,0.010000
169800,4.573536,0.012968,4.591307,0.007651,1032.8,0.010000
169900,4.573354,0.012968,4.589666,0.007651,1033.4,0.010000
170000,4.573160,0.012968,4.590192,0.007651,1033.9,0.010000
170100,4.573303,0.012968,4.587533,0.007651,1034.5,0.010000
170200,4.573033,0.012968,4.590164,0.007651,1035.1,0.010000
170300,4.573380,0.012968,4.591805,0.007651,1035.7,0.010000
170400,4.573267,0.011905,4.591502,0.008714,1036.2,0.010000
170500,4.573259,0.012968,4.588601,0.007651,1036.8,0.010000
170600,4.573323,0.011905,4.590505,0.008714,1037.5,0.010000
170700,4.573758,0.012543,4.590878,0.008077,1038.1,0.010000
170800,4.573459,0.012543,4.589566,0.008077,1038.7,0.010000
170900,4.573130,0.012968,4.591535,0.007651,1039.3,0.010000
171000,4.573230,0.012968,4.589079,0.007651,1039.9,0.010000
171100,4.573302,0.012968,4.591978,0.007651,1040.5,0.010000
171200,4.573413,0.012543,4.592149,0.008077,1041.1,0.010000
171300,4.573374,0.012968,4.590970,0.007651,1041.7,0.010000
171400,4.574210,0.012968,4.591366,0.007651,1042.3,0.010000
171500,4.573749,0.012543,4.591460,0.008077,1042.9,0.010000
171600,4.573328,0.012968,4.589997,0.007651,1043.5,0.010000
171700,4.573678,0.011905,4.590696,0.008714,1044.0,0.010000
171800,4.573571,0.012968,4.592610,0.007651,1044.6,0.010000
171900,4.573188,0.012968,4.590806,0.007651,1045.2,0.010000
172000,4.573242,0.012117,4.590593,0.008502,1045.8,0.010000
172100,4.573347,0.012543,4.588646,0.008077,1046.4,0.010000
172200,4.573131,0.011692,4.590337,0.008927,1047.0,0.010000
172300,4.573269,0.012968,4.590161,0.007651,1047.6,0.010000
172400,4.573476,0.012968,4.592496,0.007651,1048.2,0.010000
172500,4.573223,0.012968,4.591423,0.007651,1048.8,0.010000
172600,4.573329,0.012543,4.590991,0.008077,1049.4,0.010000
172700,4.573426,0.012543,4.590837,0.008077,1050.0,0.010000
172800,4.573053,0.011905,4.591910,0.008714,1050.6,0.010000
172900,4.573189,0.012968,4.590405,0.007651,1051.2,0.010000
173000,4.573105,0.011480,4.589600,0.009139,1051.8,0.010000
173100,4.573103,0.012543,4.589096,0.008077,1052.4,0.010000
173200,4.573471,0.012968,4.590837,0.007651,1053.0,0.010000
173300,4.573045,0.012968,4.589863,0.007651,1053.6,0.010000
173400,4.573197,0.012117,4.592557,0.008502,1054.2,0.010000
173500,4.573212,0.012968,4.590849,0.007651,1054.8,0.010000
173600,4.573479,0.012543,4.589494,0.008077,1055.4,0.010000
173700,4.573361,0.012968,4.592623,0.007651,1056.0,0.010000
173800,4.573210,0.012968,4.591389,0.007651,1056.6,0.010000
173900,4.573078,0.012968,4.591479,0.007651,1057.2,0.010000
174000,4.573135,0.012968,4.590363,0.007651,1057.8,0.010000
174100,4.573416,0.012543,4.589332,0.008077,1058.3,0.010000
174200,4.573299,0.012968,4.591499,0.007651,1058.9,0.010000
174300,4.573624,0.012543,4.592044,0.008077,1059.5,0.010000
174400,4.573575,0.012968,4.588912,0.007651,1060.1,0.010000
174500,4.573294,0.012543,4.589155,0.008077,1060.7,0.010000
174600,4.573193,0.012543,4.592664,0.008077,1061.3,0.010000
174700,4.573079,0.012117,4.590830,0.008502,1061.9,0.010000
174800,4.573391,0.012543,4.592014,0.008077,1062.5,0.010000
174900,4.573509,0.011905,4.589778,0.008714,1063.1,0.010000
175000,4.573324,0.011480,4.590269,0.009139,1063.7,0.010000
175100,4.573550,0.012543,4.589277,0.008077,1064.3,0.010000
175200,4.573171,0.011267,4.590708,0.009352,1064.9,0.010000
175300,4.573321,0.012543,4.591099,0.008077,1065.5,0.010000
175400,4.573235,0.012968,4.590111,0.007651,1066.1,0.010000
175500,4.573061,0.012968,4.590524,0.007651,1066.7,0.010000
175600,4.573330,0.011480,4.592090,0.009139,1067.4,0.010000
175700,4.573199,0.012968,4.591184,0.007651,1068.0,0.010000
175800,4.573402,0.012968,4.591368,0.007651,1068.6,0.010000
175900,4.573594,0.011480,4.589532,0.009139,1069.2,0.010000
176000,4.573513,0.012968,4.590755,0.007651,1069.8,0.010000
176100,4.573640,0.011480,4.588888,0.009139,1070.4,0.010000
176200,4.573224,0.011480,4.590071,0.009139,1071.1,0.010000
176300,4.573400,0.011480,4.591369,0.009139,1071.7,0.010000
176400,4.573274,0.012117,4.590824,0.008502,1072.3,0.010000
176500,4.573264,0.012968,4.590204,0.007651,1072.9,0.010000
176600,4.573309,0.012968,4.589956,0.007651,1073.5,0.010000
176700,4.573130,0.012543,4.590159,0.008077,1074.1,0.010000
176800,4.573298,0.012117,4.591692,0.008502,1074.7,0.010000
176900,4.573489,0.011905,4.590829,0.008714,1075.3,0.010000
177000,4.573417,0.012968,4.589700,0.007651,1075.9,0.010000
177100,4.573219,0.011692,4.590478,0.008927,1076.5,0.010000
177200,4.573109,0.012543,4.590993,0.008077,1077.1,0.010000
177300,4.573107,0.012968,4.590581,0.007651,1077.7,0.010000
177400,4.573140,0.012117,4.589404,0.008502,1078.3,0.010000
177500,4.573305,0.012968,4.590635,0.007651,1078.9,0.010000
177600,4.573414,0.012968,4.590406,0.007651,1079.5,0.010000
177700,4.573475,0.012543,4.590567,0.008077,1080.1,0.010000
177800,4.573298,0.012117,4.591712,0.008502,1080.6,0.010000
177900,4.573339,0.012543,4.591381,0.008077,1081.2,0.010000
178000,4.573515,0.012968,4.591420,0.007651,1081.8,0.010000
178100,4.573356,0.011480,4.590169,0.009139,1082.4,0.010000
178200,4.573339,0.011692,4.589709,0.008927,1083.0,0.010000
178300,4.573321,0.012117,4.590553,0.008502,1083.6,0.010000
178400,4.573382,0.011905,4.589980,0.008714,1084.2,0.010000
178500,4.573208,0.012117,4.591334,0.008502,1084.8,0.010000
178600,4.573089,0.012968,4.591043,0.007651,1085.4,0.010000
178700,4.573304,0.011267,4.591118,0.009352,1086.0,0.010000
178800,4.573280,0.012543,4.590521,0.008077,1086.5,0.010000
178900,4.573437,0.012968,4.590528,0.007651,1087.1,0.010000
179000,4.573231,0.011480,4.589914,0.009139,1087.7,0.010000
179100,4.573235,0.012968,4.590510,0.007651,1088.3,0.010000
179200,4.573412,0.012543,4.590893,0.008077,1089.0,0.010000
179300,4.573170,0.011905,4.589417,0.008714,1089.6,0.010000
179400,4.573351,0.011480,4.590052,0.009139,1090.2,0.010000
179500,4.573333,0.012968,4.591414,0.007651,1090.8,0.010000
179600,4.573588,0.012968,4.591048,0.007651,1091.4,0.010000
179700,4.573215,0.012543,4.592120,0.008077,1092.0,0.010000
179800,4.573391,0.012543,4.590551,0.008077,1092.6,0.010000
179900,4.573481,0.012968,4.592006,0.007651,1093.3,0.010000
180000,4.573613,0.012968,4.590413,0.007651,1093.9,0.010000
180100,4.572970,0.012968,4.591516,0.007651,1094.5,0.010000
180200,4.573277,0.011480,4.589441,0.009139,1095.1,0.010000
180300,4.573286,0.012117,4.590255,0.008502,1095.7,0.010000
180400,4.573194,0.012543,4.590446,0.008077,1096.3,0.010000
180500,4.573182,0.012968,4.587572,0.007651,1096.9,0.010000
180600,4.573385,0.012968,4.589664,0.007651,1097.5,0.010000
180700,4.573400,0.012968,4.590766,0.007651,1098.1,0.010000
180800,4.573070,0.012968,4.589023,0.007651,1098.7,0.010000
180900,4.573267,0.012968,4.590094,0.007651,1099.3,0.010000
181000,4.573166,0.012968,4.589624,0.007651,1099.9,0.010000
181100,4.573260,0.012968,4.591982,0.007651,1100.5,0.010000
181200,4.573029,0.012543,4.589785,0.008077,1101.1,0.010000
181300,4.573384,0.012117,4.590129,0.008502,1101.7,0.010000
181400,4.573397,0.011905,4.590085,0.008714,1102.3,0.010000
181500,4.573584,0.012968,4.591381,0.007651,1102.9,0.010000
181600,4.573229,0.011480,4.589455,0.009139,1103.5,0.010000
181700,4.573270,0.011905,4.589560,0.008714,1104.1,0.010000
181800,4.573032,0.011905,4.589954,0.008714,1104.7,0.010000
181900,4.573316,0.012968,4.589819,0.007651,1105.2,0.010000
182000,4.573400,0.012117,4.588994,0.008502,1105.9,0.010000
182100,4.573454,0.011480,4.591980,0.009139,1106.4,0.010000
182200,4.573498,0.011480,4.589652,0.009139,1107.0,0.010000
182300,4.573178,0.011905,4.588755,0.008714,1107.6,0.010000
182400,4.573086,0.012968,4.590168,0.007651,1108.2,0.010000
182500,4.573258,0.011054,4.590019,0.009564,1108.8,0.010000
182600,4.573414,0.012968,4.590768,0.007651,1109.4,0.010000
182700,4.573359,0.011480,4.590571,0.009139,1110.0,0.010000
182800,4.573546,0.012117,4.592567,0.008502,1110.6,0.010000
182900,4.573318,0.012968,4.590712,0.007651,1111.2,0.010000
183000,4.573460,0.012968,4.591046,0.007651,1111.8,0.010000
183100,4.573533,0.012968,4.591152,0.007651,1112.4,0.010000
183200,4.573342,0.011267,4.589932,0.009352,1113.0,0.010000
183300,4.573326,0.011480,4.590804,0.009139,1113.6,0.010000
183400,4.573302,0.012543,4.588806,0.008077,1114.2,0.010000
183500,4.573414,0.012968,4.590950,0.007651,1114.8,0.010000
183600,4.573326,0.011480,4.590036,0.009139,1115.4,0.010000
183700,4.573523,0.011905,4.590097,0.008714,1116.0,0.010000
183800,4.573647,0.011905,4.591179,0.008714,1116.7,0.010000
183900,4.573146,0.012968,4.589945,0.007651,1117.2,0.010000
184000,4.573280,0.012968,4.592471,0.007651,1117.8,0.010000
184100,4.573415,0.012968,4.589072,0.007651,1118.4,0.010000
184200,4.573349,0.012968,4.591012,0.007651,1119.0,0.010000
184300,4.573244,0.012968,4.591237,0.007651,1119.6,0.010000
184400,4.573504,0.011905,4.589190,0.008714,1120.2,0.010000
184500,4.573256,0.012543,4.592815,0.008077,1120.9,0.010000
184600,4.573378,0.011905,4.590405,0.008714,1121.5,0.010000
184700,4.573430,0.012968,4.590722,0.007651,1122.0,0.010000
184800,4.573288,0.012968,4.589479,0.007651,1122.6,0.010000
184900,4.573340,0.012968,4.592577,0.007651,1123.2,0.010000
185000,4.573488,0.012543,4.590124,0.008077,1123.9,0.010000
185100,4.573278,0.012543,4.589027,0.008077,1124.5,0.010000
185200,4.573413,0.012543,4.589092,0.008077,1125.1,0.010000
185300,4.573381,0.012968,4.591539,0.007651,1125.7,0.010000
185400,4.573287,0.012968,4.590721,0.007651,1126.3,0.010000
185500,4.573144,0.012968,4.590712,0.007651,1126.9,0.010000
185600,4.573285,0.012117,4.590793,0.008502,1127.5,0.010000
185700,4.573742,0.012543,4.590235,0.008077,1128.1,0.010000
185800,4.573258,0.012968,4.591054,0.007651,1128.7,0.010000
185900,4.573177,0.012968,4.590669,0.007651,1129.3,0.010000
186000,4.573132,0.012543,4.590553,0.008077,1129.9,0.010000
186100,4.573127,0.012968,4.588940,0.007651,1130.5,0.010000
186200,4.573512,0.012543,4.590243,0.008077,1131.1,0.010000
186300,4.573163,0.012543,4.590270,0.008077,1131.7,0.010000
186400,4.573164,0.012543,4.590898,0.008077,1132.3,0.010000
186500,4.573312,0.012543,4.589203,0.008077,1132.9,0.010000
186600,4.573247,0.012543,4.588874,0.008077,1133.5,0.010000
186700,4.573429,0.011905,4.589496,0.008714,1134.1,0.010000
186800,4.573333,0.012968,4.590077,0.007651,1134.7,0.010000
186900,4.573549,0.012543,4.591890,0.008077,1135.3,0.010000
187000,4.573409,0.012543,4.589266,0.008077,1135.9,0.010000
187100,4.573473,0.012968,4.590871,0.007651,1136.5,0.010000
187200,4.573376,0.012968,4.590487,0.007651,1137.1,0.010000
187300,4.573162,0.012968,4.589631,0.007651,1137.7,0.010000
187400,4.573270,0.012968,4.590464,0.007651,1138.3,0.010000
187500,4.573173,0.012968,4.590074,0.007651,1138.9,0.010000
187600,4.573649,0.011480,4.591796,0.009139,1139.5,0.010000
187700,4.573267,0.011267,4.591183,0.009352,1140.1,0.010000
187800,4.573286,0.011480,4.592330,0.009139,1140.7,0.010000
187900,4.573423,0.012543,4.589823,0.008077,1141.3,0.010000
188000,4.573155,0.012968,4.589990,0.007651,1141.9,0.010000
188100,4.573103,0.011905,4.590899,0.008714,1142.4,0.010000
188200,4.573650,0.012968,4.591922,0.007651,1143.1,0.010000
188300,4.573212,0.012543,4.590374,0.008077,1143.6,0.010000
188400,4.573418,0.012968,4.590595,0.007651,1144.3,0.010000
188500,4.572991,0.011905,4.589977,0.008714,1144.8,0.010000
188600,4.573578,0.011054,4.588974,0.009564,1145.5,0.010000
188700,4.573140,0.012543,4.589846,0.008077,1146.0,0.010000
188800,4.573427,0.011905,4.590782,0.008714,1146.7,0.010000
188900,4.573569,0.012117,4.591202,0.008502,1147.3,0.010000
189000,4.573369,0.012968,4.589342,0.007651,1147.9,0.010000
189100,4.573152,0.012543,4.590309,0.008077,1148.4,0.010000
189200,4.573045,0.012543,4.590092,0.008077,1149.1,0.010000
189300,4.573247,0.012543,4.592792,0.008077,1149.6,0.010000
189400,4.573597,0.012968,4.589453,0.007651,1150.2,0.010000
189500,4.573354,0.011054,4.588958,0.009564,1150.8,0.010000
189600,4.573627,0.012543,4.590759,0.008077,1151.5,0.010000
189700,4.573299,0.012968,4.591431,0.007651,1152.1,0.010000
189800,4.573353,0.011905,4.592078,0.008714,1152.7,0.010000
189900,4.573138,0.012968,4.590296,0.007651,1153.3,0.010000
190000,4.573337,0.011905,4.590159,0.008714,1153.8,0.010000
190100,4.573192,0.012968,4.588338,0.007651,1154.5,0.010000
190200,4.573380,0.012968,4.590152,0.007651,1155.1,0.010000
190300,4.573447,0.012117,4.590373,0.008502,1155.7,0.010000
190400,4.573254,0.012968,4.590048,0.007651,1156.3,0.010000
190500,4.573359,0.011905,4.589406,0.008714,1156.9,0.010000
190600,4.572917,0.012543,4.591467,0.008077,1157.6,0.010000
190700,4.573617,0.011054,4.590094,0.009564,1158.2,0.010000
190800,4.573469,0.012968,4.591099,0.007651,1158.8,0.010000
190900,4.573262,0.011905,4.589517,0.008714,1159.3,0.010000
191000,4.573350,0.012543,4.591167,0.008077,1159.9,0.010000
191100,4.573502,0.012543,4.590596,0.008077,1160.5,0.010000
191200,4.573211,0.012543,4.590043,0.008077,1161.1,0.010000
191300,4.573278,0.012543,4.591522,0.008077,1161.7,0.010000
191400,4.572915,0.011905,4.591266,0.008714,1162.3,0.010000
191500,4.573325,0.011692,4.590086,0.008927,1162.9,0.010000
191600,4.573205,0.011905,4.590934,0.008714,1163.5,0.010000
191700,4.573113,0.012968,4.589193,0.007651,1164.0,0.010000
191800,4.573269,0.012968,4.588203,0.007651,1164.6,0.010000
191900,4.573420,0.011480,4.589921,0.009139,1165.2,0.010000
192000,4.573274,0.012968,4.590084,0.007651,1165.8,0.010000
192100,4.573451,0.012968,4.590382,0.007651,1166.4,0.010000
192200,4.573283,0.012968,4.589156,0.007651,1167.0,0.010000
192300,4.573673,0.012968,4.590246,0.007651,1167.6,0.010000
192400,4.573335,0.012968,4.590894,0.007651,1168.2,0.010000
192500,4.573304,0.011905,4.590909,0.008714,1168.8,0.010000
192600,4.573070,0.012968,4.589420,0.007651,1169.4,0.010000
192700,4.573502,0.012543,4.590056,0.008077,1170.0,0.010000
192800,4.573262,0.011905,4.589990,0.008714,1170.6,0.010000
192900,4.573308,0.012543,4.589606,0.008077,1171.2,0.010000
193000,4.573057,0.012543,4.588479,0.008077,1171.8,0.010000
193100,4.573603,0.012117,4.590565,0.008502,1172.4,0.010000
193200,4.573352,0.012968,4.588239,0.007651,1173.0,0.010000
193300,4.573311,0.012968,4.589514,0.007651,1173.6,0.010000
193400,4.573274,0.012968,4.590598,0.007651,1174.2,0.010000
193500,4.573716,0.012968,4.591220,0.007651,1174.8,0.010000
193600,4.573379,0.012968,4.589528,0.007651,1175.4,0.010000
193700,4.573399,0.012968,4.592086,0.007651,1176.0,0.010000
193800,4.573339,0.012968,4.590103,0.007651,1176.6,0.010000
193900,4.573620,0.011905,4.588963,0.008714,1177.2,0.010000
194000,4.573374,0.012968,4.592101,0.007651,1177.8,0.010000
194100,4.573395,0.012968,4.587342,0.007651,1178.4,0.010000
194200,4.573184,0.012543,4.589808,0.008077,1179.0,0.010000
194300,4.572974,0.012968,4.588865,0.007651,1179.6,0.010000
194400,4.573417,0.012968,4.591412,0.007651,1180.1,0.010000
194500,4.573226,0.012117,4.592382,0.008502,1180.7,0.010000
194600,4.573521,0.011480,4.590323,0.009139,1181.3,0.010000
194700,4.573385,0.012117,4.591508,0.008502,1181.9,0.010000
194800,4.573573,0.012968,4.589619,0.007651,1182.5,0.010000
194900,4.573548,0.012968,4.590112,0.007651,1183.1,0.010000
195000,4.573551,0.012968,4.590536,0.007651,1183.7,0.010000
195100,4.573514,0.012968,4.588924,0.007651,1184.3,0.010000
195200,4.573950,0.011480,4.589795,0.009139,1184.9,0.010000
195300,4.573552,0.012543,4.589743,0.008077,1185.5,0.010000
195400,4.573484,0.011480,4.590539,0.009139,1186.1,0.010000
195500,4.573377,0.012117,4.591250,0.008502,1186.7,0.010000
195600,4.573356,0.012543,4.590559,0.008077,1187.4,0.010000
195700,4.573227,0.012968,4.591239,0.007651,1188.0,0.010000
195800,4.573146,0.011905,4.592292,0.008714,1188.6,0.010000
195900,4.573294,0.012968,4.590938,0.007651,1189.2,0.010000
196000,4.573288,0.012968,4.591866,0.007651,1189.8,0.010000
196100,4.573313,0.012543,4.591687,0.008077,1190.4,0.010000
196200,4.573140,0.012968,4.589820,0.007651,1191.0,0.010000
196300,4.573022,0.011905,4.590226,0.008714,1191.6,0.010000
196400,4.573369,0.012543,4.590697,0.008077,1192.2,0.010000
196500,4.573140,0.012968,4.590608,0.007651,1192.8,0.010000
196600,4.573319,0.011905,4.591321,0.008714,1193.4,0.010000
196700,4.573335,0.011480,4.589073,0.009139,1193.9,0.010000
196800,4.573870,0.012968,4.590474,0.007651,1194.5,0.010000
196900,4.573144,0.012968,4.590519,0.007651,1195.1,0.010000
197000,4.573225,0.012968,4.590522,0.007651,1195.7,0.010000
197100,4.572999,0.012968,4.591359,0.007651,1196.2,0.010000
197200,4.573498,0.011905,4.591337,0.008714,1196.8,0.010000
197300,4.573538,0.012543,4.590671,0.008077,1197.4,0.010000
197400,4.573311,0.012968,4.591927,0.007651,1198.0,0.010000
197500,4.573206,0.011480,4.590259,0.009139,1198.6,0.010000
197600,4.573008,0.011692,4.591526,0.008927,1199.2,0.010000
197700,4.572982,0.012543,4.590135,0.008077,1199.8,0.010000
197800,4.573505,0.012117,4.589063,0.008502,1200.4,0.010000
197900,4.573475,0.012968,4.588448,0.007651,1201.0,0.010000
198000,4.573304,0.012968,4.590034,0.007651,1201.7,0.010000
198100,4.573274,0.011692,4.590821,0.008927,1202.3,0.010000
198200,4.573424,0.011905,4.589124,0.008714,1202.9,0.010000
198300,4.573195,0.012968,4.590418,0.007651,1203.5,0.010000
198400,4.573582,0.012117,4.589960,0.008502,1204.1,0.010000
198500,4.573386,0.011905,4.589510,0.008714,1204.7,0.010000
198600,4.573294,0.012968,4.591792,0.007651,1205.3,0.010000
198700,4.573322,0.012117,4.589397,0.008502,1205.9,0.010000
198800,4.573411,0.011480,4.588974,0.009139,1206.5,0.010000
198900,4.573347,0.012968,4.590771,0.007651,1207.1,0.010000
199000,4.573411,0.011905,4.591654,0.008714,1207.6,0.010000
199100,4.572948,0.012543,4.590404,0.008077,1208.2,0.010000
199200,4.573142,0.012968,4.589496,0.007651,1208.8,0.010000
199300,4.573377,0.012968,4.590852,0.007651,1209.4,0.010000
199400,4.573127,0.012968,4.591494,0.007651,1210.0,0.010000
199500,4.573431,0.012968,4.589474,0.007651,1210.6,0.010000
199600,4.573653,0.012117,4.592192,0.008502,1211.2,0.010000
199700,4.573403,0.012117,4.591977,0.008502,1211.8,0.010000
199800,4.573446,0.012117,4.590934,0.008502,1212.4,0.010000
199900,4.573533,0.011480,4.591167,0.009139,1213.0,0.010000
