step,train_loss,train_acc,test_loss,test_acc,elapsed_sec,lr
0,5.105837,0.011054,5.137263,0.009989,0.0,0.000020
100,4.468696,0.031675,4.822091,0.005951,0.6,0.001000
200,3.081874,0.367134,5.067893,0.050797,1.2,0.001000
300,1.167557,0.825680,3.989738,0.323698,1.8,0.001000
400,0.252650,0.992134,3.214811,0.496281,2.4,0.001000
500,0.075905,0.999575,2.973238,0.505207,3.0,0.001000
600,0.038740,0.999787,2.807871,0.509245,3.6,0.001000
700,0.088024,0.995961,2.658326,0.516047,4.2,0.001000
800,0.006475,1.000000,2.154508,0.540701,4.8,0.001000
900,0.007186,1.000000,2.075116,0.542614,5.5,0.001000
1000,0.008923,1.000000,1.134742,0.683103,6.1,0.001000
1100,0.005241,1.000000,1.120022,0.682891,6.6,0.001000
1200,0.030219,0.999787,0.501263,0.874176,7.2,0.001000
1300,0.005123,1.000000,0.266845,0.960893,7.8,0.001000
1400,0.004010,1.000000,0.247252,0.960893,8.5,0.001000
1500,0.003675,1.000000,0.012815,1.000000,9.1,0.001000
1600,0.003458,1.000000,0.011194,1.000000,9.6,0.001000
1700,0.002022,1.000000,0.007625,1.000000,10.2,0.001000
1800,0.000917,1.000000,0.003176,1.000000,10.8,0.001000
1900,0.012953,0.999787,0.023720,0.998512,11.4,0.001000
2000,0.001682,1.000000,0.002821,1.000000,11.9,0.001000
2100,0.001561,1.000000,0.002645,1.000000,12.5,0.001000
2200,0.002532,1.000000,0.003972,1.000000,13.1,0.001000
2300,0.001478,1.000000,0.002224,1.000000,13.7,0.001000
2400,0.000966,1.000000,0.001462,1.000000,14.3,0.001000
2500,0.001510,1.000000,0.002308,1.000000,14.9,0.001000
2600,0.001298,1.000000,0.001794,1.000000,15.5,0.001000
2700,0.000897,1.000000,0.001196,1.000000,16.0,0.001000
2800,0.000992,1.000000,0.001401,1.000000,16.6,0.001000
2900,0.001324,1.000000,0.001687,1.000000,17.2,0.001000
3000,0.026336,0.998937,0.035538,0.997662,17.8,0.001000
3100,0.001077,1.000000,0.001421,1.000000,18.4,0.001000
3200,0.001227,1.000000,0.001515,1.000000,19.0,0.001000
3300,0.002313,1.000000,0.003829,0.999787,19.6,0.001000
3400,0.001271,1.000000,0.001638,1.000000,20.2,0.001000
3500,0.000839,1.000000,0.000969,1.000000,20.8,0.001000
3600,0.000905,1.000000,0.001218,1.000000,21.4,0.001000
3700,0.001219,1.000000,0.001476,1.000000,22.0,0.001000
3800,0.105632,0.985969,0.136894,0.978108,22.7,0.001000
3900,0.000921,1.000000,0.001186,1.000000,23.2,0.001000
4000,0.001119,1.000000,0.001325,1.000000,23.8,0.001000
4100,0.002148,1.000000,0.003112,1.000000,24.3,0.001000
4200,0.001213,1.000000,0.001464,1.000000,24.8,0.001000
4300,0.031220,0.998299,0.036159,0.998300,25.5,0.001000
4400,0.001118,1.000000,0.001501,1.000000,26.0,0.001000
4500,0.001015,1.000000,0.001234,1.000000,26.6,0.001000
4600,0.006522,1.000000,0.010111,0.999575,27.2,0.001000
4700,0.001156,1.000000,0.001490,1.000000,27.9,0.001000
4800,0.001042,1.000000,0.001255,1.000000,28.4,0.001000
4900,0.002055,0.999575,0.002694,1.000000,29.0,0.001000
5000,0.001193,1.000000,0.001489,1.000000,29.6,0.001000
5100,0.000827,1.000000,0.000953,1.000000,30.1,0.001000
5200,0.000849,1.000000,0.001148,1.000000,30.8,0.001000
5300,0.001107,1.000000,0.001285,1.000000,31.3,0.001000
5400,0.012381,1.000000,0.016267,0.999575,31.9,0.001000
5500,0.001040,1.000000,0.001313,1.000000,32.5,0.001000
5600,0.000996,1.000000,0.001175,1.000000,33.1,0.001000
5700,0.004167,1.000000,0.006082,0.999787,33.7,0.001000
5800,0.001100,1.000000,0.001324,1.000000,34.3,0.001000
5900,0.000898,1.000000,0.001036,1.000000,34.9,0.001000
6000,0.000857,1.000000,0.001207,1.000000,35.5,0.001000
6100,0.001180,1.000000,0.001393,1.000000,36.2,0.001000
6200,0.013199,0.999787,0.017813,0.998725,36.7,0.001000
6300,0.000910,1.000000,0.001216,1.000000,37.4,0.001000
6400,0.001086,1.000000,0.001283,1.000000,38.0,0.001000
6500,0.003529,1.000000,0.006054,0.999575,38.6,0.001000
6600,0.001025,1.000000,0.001255,1.000000,39.2,0.001000
6700,0.000755,1.000000,0.000867,1.000000,39.8,0.001000
6800,0.000863,1.000000,0.001223,1.000000,40.3,0.001000
6900,0.001173,1.000000,0.001404,1.000000,40.9,0.001000
7000,0.035380,0.996811,0.045053,0.994686,41.6,0.001000
7100,0.000907,1.000000,0.001183,1.000000,42.2,0.001000
7200,0.001224,1.000000,0.001410,1.000000,42.8,0.001000
7300,0.005342,1.000000,0.008744,0.999362,43.5,0.001000
7400,0.001082,1.000000,0.001353,1.000000,44.0,0.001000
7500,0.000803,1.000000,0.000950,1.000000,44.7,0.001000
7600,0.005284,1.000000,0.007943,0.999575,45.3,0.001000
7700,0.001086,1.000000,0.001352,1.000000,45.9,0.001000
7800,0.000949,1.000000,0.001088,1.000000,46.5,0.001000
7900,0.001131,1.000000,0.001557,1.000000,47.1,0.001000
8000,0.001280,1.000000,0.001474,1.000000,47.7,0.001000
8100,0.010529,0.999787,0.014544,0.999575,48.3,0.001000
8200,0.001131,1.000000,0.001370,1.000000,48.9,0.001000
8300,0.000929,1.000000,0.001058,1.000000,49.5,0.001000
8400,0.001435,1.000000,0.001918,1.000000,50.0,0.001000
8500,0.001156,1.000000,0.001334,1.000000,50.6,0.001000
8600,0.444034,0.877551,0.485792,0.863549,51.2,0.001000
8700,0.000801,1.000000,0.001048,1.000000,51.8,0.001000
8800,0.001153,1.000000,0.001355,1.000000,52.4,0.001000
8900,0.010950,1.000000,0.016081,0.998512,53.0,0.001000
9000,0.001133,1.000000,0.001345,1.000000,53.6,0.001000
9100,0.001002,1.000000,0.001150,1.000000,54.2,0.001000
9200,0.000894,1.000000,0.001219,1.000000,54.9,0.001000
9300,0.001212,1.000000,0.001385,1.000000,55.5,0.001000
9400,0.018146,0.999362,0.023888,0.998300,56.1,0.001000
9500,0.000844,1.000000,0.001025,1.000000,56.7,0.001000
9600,0.000882,1.000000,0.001036,1.000000,57.4,0.001000
9700,0.002874,1.000000,0.004310,1.000000,58.0,0.001000
9800,0.001044,1.000000,0.001230,1.000000,58.6,0.001000
9900,0.000798,1.000000,0.000908,1.000000,59.2,0.001000
10000,0.000723,1.000000,0.000975,1.000000,59.8,0.001000
10100,0.000982,1.000000,0.001145,1.000000,60.4,0.001000
10200,0.021624,0.999150,0.030590,0.998725,61.0,0.001000
10300,0.000836,1.000000,0.001100,1.000000,61.7,0.001000
10400,0.001114,1.000000,0.001301,1.000000,62.3,0.001000
10500,0.002388,1.000000,0.003853,0.999787,62.9,0.001000
10600,0.001106,1.000000,0.001270,1.000000,63.5,0.001000
10700,0.041271,0.998299,0.057211,0.995537,64.1,0.001000
10800,0.000942,1.000000,0.001177,1.000000,64.6,0.001000
10900,0.001125,1.000000,0.001297,1.000000,65.2,0.001000
11000,0.006833,1.000000,0.008808,1.000000,65.8,0.001000
11100,0.001023,1.000000,0.001199,1.000000,66.4,0.001000
11200,0.000862,1.000000,0.000994,1.000000,67.0,0.001000
11300,0.000769,1.000000,0.000949,1.000000,67.6,0.001000
11400,0.001026,1.000000,0.001177,1.000000,68.2,0.001000
11500,0.003355,1.000000,0.004766,0.999575,68.8,0.001000
11600,0.001164,1.000000,0.001354,1.000000,69.4,0.001000
11700,0.000881,1.000000,0.001027,1.000000,70.0,0.001000
11800,0.000914,1.000000,0.001198,1.000000,70.5,0.001000
11900,0.001150,1.000000,0.001335,1.000000,71.1,0.001000
12000,0.058924,0.994048,0.068207,0.991711,71.8,0.001000
12100,0.000790,1.000000,0.000971,1.000000,72.3,0.001000
12200,0.000977,1.000000,0.001115,1.000000,72.9,0.001000
12300,0.003001,1.000000,0.004159,1.000000,73.5,0.001000
12400,0.001129,1.000000,0.001290,1.000000,74.1,0.001000
12500,0.271231,0.939838,0.310371,0.925824,74.7,0.001000
12600,0.000935,1.000000,0.001150,1.000000,75.3,0.001000
12700,0.001045,1.000000,0.001182,1.000000,75.9,0.001000
12800,0.000979,1.000000,0.001259,1.000000,76.5,0.001000
12900,0.001217,1.000000,0.001403,1.000000,77.0,0.001000
13000,0.157390,0.976403,0.192745,0.968119,77.7,0.001000
13100,0.000914,1.000000,0.001103,1.000000,78.2,0.001000
13200,0.001006,1.000000,0.001152,1.000000,78.8,0.001000
13300,0.004880,1.000000,0.007267,0.999150,79.4,0.001000
13400,0.000975,1.000000,0.001149,1.000000,80.0,0.001000
13500,0.000784,1.000000,0.000902,1.000000,80.6,0.001000
13600,0.001831,1.000000,0.002776,0.999787,81.2,0.001000
13700,0.001094,1.000000,0.001268,1.000000,81.8,0.001000
13800,0.001007,1.000000,0.001146,1.000000,82.4,0.001000
13900,0.000839,1.000000,0.001087,1.000000,83.0,0.001000
14000,0.001131,1.000000,0.001303,1.000000,83.6,0.001000
14100,0.003411,1.000000,0.004663,1.000000,84.1,0.001000
14200,0.001044,1.000000,0.001219,1.000000,84.7,0.001000
14300,0.000745,1.000000,0.000869,1.000000,85.4,0.001000
14400,0.000757,1.000000,0.000974,1.000000,86.0,0.001000
14500,0.001089,1.000000,0.001246,1.000000,86.6,0.001000
14600,0.011169,1.000000,0.015938,0.999362,87.2,0.001000
14700,0.000978,1.000000,0.001140,1.000000,87.8,0.001000
14800,0.000902,1.000000,0.001037,1.000000,88.4,0.001000
14900,0.003434,1.000000,0.005253,0.999575,89.0,0.001000
15000,0.001154,1.000000,0.001353,1.000000,89.6,0.001000
15100,0.000894,1.000000,0.001018,1.000000,90.2,0.001000
15200,0.000784,1.000000,0.000945,1.000000,90.9,0.001000
15300,0.000895,1.000000,0.001020,1.000000,91.5,0.001000
15400,0.001031,1.000000,0.001500,1.000000,92.1,0.001000
15500,0.001198,1.000000,0.001384,1.000000,92.7,0.001000
15600,2.458791,0.412415,2.653007,0.394049,93.3,0.001000
15700,0.000776,1.000000,0.001010,1.000000,93.8,0.001000
15800,0.001047,1.000000,0.001227,1.000000,94.5,0.001000
15900,0.003391,1.000000,0.004879,1.000000,95.1,0.001000
16000,0.001093,1.000000,0.001270,1.000000,95.7,0.001000
16100,0.000818,1.000000,0.000926,1.000000,96.2,0.001000
16200,0.000780,1.000000,0.000983,1.000000,96.8,0.001000
16300,0.001117,1.000000,0.001279,1.000000,97.4,0.001000
16400,0.014561,0.999787,0.020375,0.998512,98.0,0.001000
16500,0.000922,1.000000,0.001082,1.000000,98.6,0.001000
16600,0.000918,1.000000,0.001045,1.000000,99.2,0.001000
16700,0.003310,1.000000,0.004760,1.000000,99.8,0.001000
16800,0.001221,1.000000,0.001453,1.000000,100.3,0.001000
16900,0.001010,1.000000,0.001162,1.000000,100.9,0.001000
17000,0.000847,1.000000,0.001106,1.000000,101.5,0.001000
17100,0.001105,1.000000,0.001277,1.000000,102.1,0.001000
17200,0.016476,1.000000,0.022798,0.998937,102.6,0.001000
17300,0.000902,1.000000,0.001066,1.000000,103.2,0.001000
17400,0.000857,1.000000,0.000994,1.000000,103.8,0.001000
17500,0.001299,1.000000,0.001805,1.000000,104.4,0.001000
17600,0.001124,1.000000,0.001295,1.000000,105.0,0.001000
17700,0.014169,0.999787,0.018305,0.999362,105.6,0.001000
17800,0.000834,1.000000,0.001012,1.000000,106.2,0.001000
17900,0.000948,1.000000,0.001096,1.000000,106.8,0.001000
18000,0.001150,1.000000,0.001670,0.999787,107.4,0.001000
18100,0.001085,1.000000,0.001223,1.000000,108.0,0.001000
18200,0.000740,1.000000,0.000845,1.000000,108.6,0.001000
18300,0.000808,1.000000,0.001029,1.000000,109.2,0.001000
18400,0.001066,1.000000,0.001219,1.000000,109.9,0.001000
18500,0.003714,1.000000,0.005016,1.000000,110.4,0.001000
18600,0.001151,1.000000,0.001342,1.000000,111.0,0.001000
18700,0.000857,1.000000,0.000981,1.000000,111.6,0.001000
18800,0.000828,1.000000,0.001080,1.000000,112.2,0.001000
18900,0.001180,1.000000,0.001347,1.000000,112.8,0.001000
19000,0.014528,0.999575,0.016756,1.000000,113.4,0.001000
19100,0.000978,1.000000,0.001182,1.000000,114.0,0.001000
19200,0.001003,1.000000,0.001152,1.000000,114.6,0.001000
19300,0.002347,1.000000,0.003055,1.000000,115.3,0.001000
19400,0.001098,1.000000,0.001260,1.000000,115.9,0.001000
19500,0.000769,1.000000,0.000874,1.000000,116.4,0.001000
19600,0.000859,1.000000,0.001132,1.000000,117.1,0.001000
19700,0.001245,1.000000,0.001453,1.000000,117.7,0.001000
19800,0.041246,0.997024,0.052926,0.995324,118.3,0.001000
19900,0.000844,1.000000,0.001066,1.000000,118.8,0.001000
20000,0.000977,1.000000,0.001138,1.000000,119.4,0.001000
20100,0.011995,0.999575,0.016337,0.999150,120.0,0.001000
20200,0.000959,1.000000,0.001161,1.000000,120.6,0.001000
20300,0.000930,1.000000,0.001096,1.000000,121.3,0.001000
20400,0.003605,1.000000,0.004883,0.999787,121.9,0.001000
20500,0.001030,1.000000,0.001200,1.000000,122.5,0.001000
20600,0.000820,1.000000,0.000941,1.000000,123.1,0.001000
20700,0.000758,1.000000,0.000950,1.000000,123.7,0.001000
20800,0.001043,1.000000,0.001187,1.000000,124.3,0.001000
20900,0.008436,0.999362,0.013921,0.998300,124.8,0.001000
21000,0.000927,1.000000,0.001101,1.000000,125.4,0.001000
21100,0.000789,1.000000,0.000916,1.000000,126.0,0.001000
21200,0.000792,1.000000,0.001158,1.000000,126.6,0.001000
21300,0.001109,1.000000,0.001303,1.000000,127.3,0.001000
21400,0.034838,0.999362,0.040924,0.998725,127.9,0.001000
21500,0.000824,1.000000,0.001077,1.000000,128.5,0.001000
21600,0.001112,1.000000,0.001303,1.000000,129.1,0.001000
21700,0.005346,1.000000,0.007995,0.999575,129.8,0.001000
21800,0.001003,1.000000,0.001195,1.000000,130.4,0.001000
21900,0.000757,1.000000,0.000878,1.000000,131.0,0.001000
22000,0.001138,1.000000,0.001779,0.999787,131.6,0.001000
22100,0.001201,1.000000,0.001397,1.000000,132.2,0.001000
22200,0.038639,0.997874,0.049675,0.994261,132.8,0.001000
22300,0.000900,1.000000,0.001134,1.000000,133.4,0.001000
22400,0.001076,1.000000,0.001268,1.000000,134.0,0.001000
22500,0.011749,0.999787,0.016581,0.998512,134.6,0.001000
22600,0.001077,1.000000,0.001267,1.000000,135.2,0.001000
22700,0.000998,1.000000,0.001146,1.000000,135.7,0.001000
22800,0.000799,1.000000,0.000994,1.000000,136.3,0.001000
22900,0.001074,1.000000,0.001233,1.000000,137.0,0.001000
23000,0.023079,0.998299,0.032686,0.995537,137.6,0.001000
23100,0.000990,1.000000,0.001197,1.000000,138.2,0.001000
23200,0.001088,1.000000,0.001247,1.000000,138.8,0.001000
23300,0.008043,0.999362,0.014631,0.998512,139.4,0.001000
23400,0.000985,1.000000,0.001174,1.000000,139.9,0.001000
23500,0.000948,1.000000,0.001109,1.000000,140.5,0.001000
23600,0.002004,1.000000,0.002713,1.000000,141.1,0.001000
23700,0.001131,1.000000,0.001322,1.000000,141.7,0.001000
23800,0.000806,1.000000,0.000919,1.000000,142.3,0.001000
23900,0.000813,1.000000,0.001098,1.000000,142.8,0.001000
24000,0.001082,1.000000,0.001260,1.000000,143.4,0.001000
24100,0.004870,1.000000,0.007494,0.999362,144.0,0.001000
24200,0.001140,1.000000,0.001352,1.000000,144.6,0.001000
24300,0.000859,1.000000,0.000989,1.000000,145.2,0.001000
24400,0.000905,1.000000,0.001371,1.000000,145.7,0.001000
24500,0.001170,1.000000,0.001376,1.000000,146.3,0.001000
24600,0.034563,0.998724,0.043887,0.998300,146.8,0.001000
24700,0.000873,1.000000,0.001130,1.000000,147.4,0.001000
24800,0.000913,1.000000,0.001069,1.000000,148.0,0.001000
24900,0.002331,1.000000,0.004156,0.999575,148.6,0.001000
25000,0.001071,1.000000,0.001274,1.000000,149.2,0.001000
25100,0.000776,1.000000,0.000885,1.000000,149.7,0.001000
25200,0.000793,1.000000,0.001135,1.000000,150.3,0.001000
25300,0.001122,1.000000,0.001331,1.000000,150.9,0.001000
25400,0.007418,1.000000,0.010240,0.999787,151.5,0.001000
25500,0.001089,1.000000,0.001289,1.000000,152.2,0.001000
25600,0.000911,1.000000,0.001070,1.000000,152.7,0.001000
25700,0.000973,1.000000,0.001326,1.000000,153.3,0.001000
25800,0.001113,1.000000,0.001312,1.000000,153.8,0.001000
25900,0.001164,1.000000,0.001306,1.000000,154.4,0.001000
26000,0.000742,1.000000,0.000967,1.000000,155.0,0.001000
26100,0.001035,1.000000,0.001198,1.000000,155.6,0.001000
26200,0.009817,0.999787,0.014475,0.999362,156.2,0.001000
26300,0.000971,1.000000,0.001242,1.000000,156.8,0.001000
26400,0.000868,1.000000,0.001025,1.000000,157.4,0.001000
26500,0.001078,1.000000,0.001578,1.000000,158.0,0.001000
26600,0.001058,1.000000,0.001234,1.000000,158.6,0.001000
26700,0.033764,0.999150,0.042262,0.997450,159.2,0.001000
26800,0.000843,1.000000,0.000998,1.000000,159.8,0.001000
26900,0.000794,1.000000,0.000911,1.000000,160.3,0.001000
27000,0.003906,1.000000,0.005898,0.999787,160.9,0.001000
27100,0.000989,1.000000,0.001216,1.000000,161.5,0.001000
27200,0.000918,1.000000,0.001128,1.000000,162.2,0.001000
27300,0.001197,1.000000,0.001728,1.000000,162.7,0.001000
27400,0.001125,1.000000,0.001299,1.000000,163.4,0.001000
27500,1.115415,0.683461,1.175074,0.662274,163.9,0.001000
27600,0.000805,1.000000,0.001055,1.000000,164.5,0.001000
27700,0.001017,1.000000,0.001211,1.000000,165.2,0.001000
27800,0.005401,1.000000,0.009648,0.998937,165.7,0.001000
27900,0.000924,1.000000,0.001143,1.000000,166.3,0.001000
28000,0.000808,1.000000,0.000939,1.000000,166.9,0.001000
28100,0.003827,1.000000,0.005663,0.999787,167.5,0.001000
28200,0.001122,1.000000,0.001313,1.000000,168.2,0.001000
28300,0.000910,1.000000,0.001059,1.000000,168.9,0.001000
28400,0.000740,1.000000,0.000957,1.000000,169.5,0.001000
28500,0.001003,1.000000,0.001182,1.000000,170.1,0.001000
28600,0.021227,0.999362,0.028573,0.998087,170.7,0.001000
28700,0.000882,1.000000,0.001081,1.000000,171.3,0.001000
28800,0.001076,1.000000,0.001286,1.000000,171.9,0.001000
28900,0.007252,1.000000,0.011497,0.999575,172.5,0.001000
29000,0.000879,1.000000,0.001083,1.000000,173.1,0.001000
29100,0.000844,1.000000,0.000995,1.000000,173.7,0.001000
29200,0.000758,1.000000,0.000994,1.000000,174.2,0.001000
29300,0.001002,1.000000,0.001169,1.000000,174.8,0.001000
29400,0.000555,1.000000,0.000643,1.000000,175.4,0.001000
29500,0.001012,1.000000,0.001412,1.000000,175.9,0.001000
29600,0.001110,1.000000,0.001316,1.000000,176.5,0.001000
29700,0.086911,0.989796,0.110951,0.985335,177.1,0.001000
29800,0.000846,1.000000,0.001163,1.000000,177.7,0.001000
29900,0.001213,1.000000,0.001426,1.000000,178.3,0.001000
30000,0.041651,0.997874,0.046415,0.997237,178.9,0.001000
30100,0.000765,1.000000,0.000965,1.000000,179.5,0.001000
30200,0.001059,1.000000,0.001253,1.000000,180.1,0.001000
30300,0.015920,0.999787,0.023277,0.999150,180.7,0.001000
30400,0.000875,1.000000,0.001082,1.000000,181.3,0.001000
30500,0.000928,1.000000,0.001097,1.000000,181.9,0.001000
30600,0.000741,1.000000,0.000980,1.000000,182.5,0.001000
30700,0.000974,1.000000,0.001150,1.000000,183.1,0.001000
30800,0.008285,1.000000,0.011879,0.999575,183.7,0.001000
30900,0.001008,1.000000,0.001287,1.000000,184.3,0.001000
31000,0.000991,1.000000,0.001156,1.000000,184.9,0.001000
31100,0.001679,1.000000,0.002616,1.000000,185.5,0.001000
31200,0.001003,1.000000,0.001190,1.000000,186.1,0.001000
31300,0.073347,0.994048,0.093517,0.991286,186.7,0.001000
31400,0.000838,1.000000,0.001161,1.000000,187.3,0.001000
31500,0.001114,1.000000,0.001327,1.000000,187.9,0.001000
31600,0.006226,1.000000,0.009571,0.999787,188.5,0.001000
31700,0.001084,1.000000,0.001328,1.000000,189.1,0.001000
31800,0.000885,1.000000,0.001057,1.000000,189.8,0.001000
31900,0.007651,0.999787,0.012074,0.998937,190.4,0.001000
32000,0.001060,1.000000,0.001284,1.000000,191.0,0.001000
32100,0.000912,1.000000,0.001086,1.000000,191.6,0.001000
32200,0.000821,1.000000,0.001179,1.000000,192.2,0.001000
32300,0.001144,1.000000,0.001339,1.000000,192.8,0.001000
32400,0.745242,0.810587,0.800566,0.794049,193.4,0.001000
32500,0.000802,1.000000,0.001138,1.000000,194.0,0.001000
32600,0.001212,1.000000,0.001437,1.000000,194.6,0.001000
32700,0.061728,0.992559,0.069300,0.991073,195.2,0.001000
32800,0.000821,1.000000,0.001019,1.000000,195.8,0.001000
32900,0.000940,1.000000,0.001113,1.000000,196.4,0.001000
33000,0.006871,1.000000,0.009246,0.999787,197.0,0.001000
33100,0.000909,1.000000,0.001100,1.000000,197.6,0.001000
33200,0.000870,1.000000,0.001008,1.000000,198.3,0.001000
33300,0.001054,1.000000,0.001474,1.000000,198.9,0.001000
33400,0.001009,1.000000,0.001207,1.000000,199.5,0.001000
33500,0.000599,1.000000,0.000693,1.000000,200.0,0.001000
33600,0.000728,1.000000,0.000943,1.000000,200.6,0.001000
33700,0.001107,1.000000,0.001269,1.000000,201.2,0.001000
33800,0.111302,0.984269,0.124914,0.981296,201.8,0.001000
33900,0.000783,1.000000,0.001011,1.000000,202.4,0.001000
34000,0.001095,1.000000,0.001297,1.000000,202.9,0.001000
34100,0.039315,0.996811,0.054769,0.992349,203.5,0.001000
34200,0.000799,1.000000,0.001054,1.000000,204.1,0.001000
34300,0.000982,1.000000,0.001181,1.000000,204.7,0.001000
34400,0.008669,1.000000,0.012376,0.999575,205.3,0.001000
34500,0.000973,1.000000,0.001191,1.000000,205.9,0.001000
34600,0.000862,1.000000,0.001016,1.000000,206.5,0.001000
34700,0.001408,1.000000,0.001846,1.000000,207.1,0.001000
34800,0.001180,1.000000,0.001362,1.000000,207.7,0.001000
34900,0.000791,1.000000,0.000896,1.000000,208.3,0.001000
35000,0.000752,1.000000,0.000988,1.000000,208.9,0.001000
35100,0.001034,1.000000,0.001219,1.000000,209.5,0.001000
35200,0.009440,0.999787,0.013071,0.999575,210.1,0.001000
35300,0.000864,1.000000,0.001058,1.000000,210.7,0.001000
35400,0.000739,1.000000,0.000867,1.000000,211.3,0.001000
35500,0.000958,1.000000,0.001573,1.000000,211.9,0.001000
35600,0.001037,1.000000,0.001239,1.000000,212.5,0.001000
35700,0.016445,0.999150,0.021542,0.998725,213.1,0.001000
35800,0.000765,1.000000,0.001151,1.000000,213.6,0.001000
35900,0.001045,1.000000,0.001245,1.000000,214.2,0.001000
36000,0.023958,0.999150,0.032319,0.998300,214.8,0.001000
36100,0.000926,1.000000,0.001222,1.000000,215.5,0.001000
36200,0.000940,1.000000,0.001139,1.000000,216.0,0.001000
36300,0.029297,0.998724,0.038659,0.998087,216.6,0.001000
36400,0.000843,1.000000,0.001080,1.000000,217.1,0.001000
36500,0.001052,1.000000,0.001240,1.000000,217.7,0.001000
36600,0.006522,1.000000,0.009570,1.000000,218.3,0.001000
36700,0.001003,1.000000,0.001246,1.000000,218.8,0.001000
36800,0.000826,1.000000,0.000991,1.000000,219.4,0.001000
36900,0.003177,1.000000,0.004688,1.000000,219.9,0.001000
37000,0.001071,1.000000,0.001299,1.000000,220.5,0.001000
37100,2.031174,0.492134,2.011526,0.500531,221.1,0.001000
37200,0.000841,1.000000,0.001041,1.000000,221.7,0.001000
37300,0.000975,1.000000,0.001134,1.000000,222.3,0.001000
37400,0.001733,1.000000,0.002713,1.000000,222.9,0.001000
37500,0.001193,1.000000,0.001398,1.000000,223.6,0.001000
37600,0.025981,0.999362,0.033368,0.997875,224.2,0.001000
37700,0.000991,1.000000,0.001302,1.000000,224.8,0.001000
37800,0.000991,1.000000,0.001200,1.000000,225.4,0.001000
37900,0.000878,1.000000,0.001229,1.000000,226.0,0.001000
38000,0.001043,1.000000,0.001228,1.000000,226.6,0.001000
38100,0.088614,0.989158,0.112222,0.983209,227.2,0.001000
38200,0.000827,1.000000,0.001091,1.000000,227.8,0.001000
38300,0.000996,1.000000,0.001208,1.000000,228.4,0.001000
38400,0.003357,1.000000,0.005985,0.999150,229.0,0.001000
38500,0.001081,1.000000,0.001296,1.000000,229.6,0.001000
38600,0.000823,1.000000,0.000974,1.000000,230.2,0.001000
38700,0.002912,1.000000,0.003614,1.000000,230.8,0.001000
38800,0.001156,1.000000,0.001382,1.000000,231.4,0.001000
38900,0.000875,1.000000,0.001006,1.000000,232.0,0.001000
39000,0.000850,1.000000,0.001125,1.000000,232.6,0.001000
39100,0.001092,1.000000,0.001271,1.000000,233.3,0.001000
39200,0.025845,0.999362,0.033324,0.998725,233.8,0.001000
39300,0.001005,1.000000,0.001251,1.000000,234.4,0.001000
39400,0.001077,1.000000,0.001251,1.000000,235.0,0.001000
39500,0.001584,1.000000,0.002296,1.000000,235.6,0.001000
39600,0.001277,1.000000,0.001496,1.000000,236.2,0.001000
39700,0.000870,1.000000,0.000991,1.000000,236.9,0.001000
39800,0.000853,1.000000,0.001130,1.000000,237.4,0.001000
39900,0.001187,1.000000,0.001376,1.000000,238.0,0.001000
40000,0.002220,1.000000,0.003581,0.999787,238.6,0.001000
40100,0.001136,1.000000,0.001346,1.000000,239.2,0.001000
40200,0.000700,1.000000,0.000812,1.000000,239.8,0.001000
40300,0.000779,1.000000,0.001252,1.000000,240.4,0.001000
40400,0.001094,1.000000,0.001279,1.000000,241.0,0.001000
40500,0.000725,1.000000,0.000824,1.000000,241.6,0.001000
40600,0.000811,1.000000,0.001103,1.000000,242.2,0.001000
40700,0.001148,1.000000,0.001340,1.000000,242.8,0.001000
40800,0.006791,1.000000,0.011433,0.999150,243.5,0.001000
40900,0.001076,1.000000,0.001383,1.000000,244.0,0.001000
41000,0.000858,1.000000,0.001032,1.000000,244.7,0.001000
41100,0.001419,1.000000,0.002067,1.000000,245.3,0.001000
41200,0.001105,1.000000,0.001295,1.000000,245.9,0.001000
41300,0.113377,0.986820,0.137623,0.981509,246.4,0.001000
41400,0.000853,1.000000,0.001133,1.000000,247.0,0.001000
41500,0.000958,1.000000,0.001126,1.000000,247.6,0.001000
41600,0.004655,1.000000,0.006678,1.000000,248.2,0.001000
41700,0.000971,1.000000,0.001188,1.000000,248.9,0.001000
41800,0.000763,1.000000,0.000896,1.000000,249.5,0.001000
41900,0.000876,1.000000,0.001315,1.000000,250.1,0.001000
42000,0.001111,1.000000,0.001313,1.000000,250.7,0.001000
42100,0.078912,0.989371,0.103101,0.983634,251.4,0.001000
42200,0.000914,1.000000,0.001122,1.000000,252.0,0.001000
42300,0.001002,1.000000,0.001190,1.000000,252.5,0.001000
42400,0.002788,1.000000,0.003495,1.000000,253.2,0.001000
42500,0.001053,1.000000,0.001215,1.000000,253.7,0.001000
42600,0.000784,1.000000,0.000890,1.000000,254.4,0.001000
42700,0.001000,1.000000,0.001411,1.000000,255.0,0.001000
42800,0.001126,1.000000,0.001319,1.000000,255.6,0.001000
42900,0.066031,0.992134,0.081459,0.989373,256.2,0.001000
43000,0.000869,1.000000,0.001065,1.000000,256.8,0.001000
43100,0.001002,1.000000,0.001206,1.000000,257.4,0.001000
43200,0.006972,1.000000,0.009581,0.999787,258.0,0.001000
43300,0.001054,1.000000,0.001299,1.000000,258.6,0.001000
43400,0.000881,1.000000,0.001052,1.000000,259.2,0.001000
43500,0.000797,1.000000,0.001089,1.000000,259.8,0.001000
43600,0.001073,1.000000,0.001273,1.000000,260.4,0.001000
43700,0.004906,1.000000,0.008243,0.999575,260.9,0.001000
43800,0.001052,1.000000,0.001278,1.000000,261.5,0.001000
43900,0.000801,1.000000,0.000934,1.000000,262.1,0.001000
44000,0.004112,0.999787,0.005224,0.999362,262.7,0.001000
44100,0.000926,1.000000,0.001111,1.000000,263.4,0.001000
44200,0.000730,1.000000,0.000845,1.000000,264.0,0.001000
44300,0.000764,1.000000,0.001089,1.000000,264.5,0.001000
44400,0.001155,1.000000,0.001376,1.000000,265.1,0.001000
44500,0.024704,0.999787,0.033548,0.998937,265.7,0.001000
44600,0.000889,1.000000,0.001142,1.000000,266.3,0.001000
44700,0.000998,1.000000,0.001187,1.000000,266.9,0.001000
44800,0.002311,1.000000,0.003172,1.000000,267.5,0.001000
44900,0.001103,1.000000,0.001326,1.000000,268.1,0.001000
45000,0.000767,1.000000,0.000903,1.000000,268.7,0.001000
45100,0.003109,1.000000,0.005298,0.999575,269.2,0.001000
45200,0.000959,1.000000,0.001136,1.000000,269.8,0.001000
45300,0.000762,1.000000,0.000890,1.000000,270.4,0.001000
45400,0.001209,1.000000,0.001593,1.000000,271.0,0.001000
45500,0.001222,1.000000,0.001453,1.000000,271.6,0.001000
45600,0.057532,0.994048,0.069816,0.992136,272.2,0.001000
45700,0.000836,1.000000,0.001146,1.000000,272.8,0.001000
45800,0.001048,1.000000,0.001266,1.000000,273.4,0.001000
45900,0.005843,1.000000,0.008953,1.000000,274.0,0.001000
46000,0.001086,1.000000,0.001333,1.000000,274.6,0.001000
46100,0.000904,1.000000,0.001063,1.000000,275.2,0.001000
46200,0.001268,1.000000,0.002075,1.000000,275.7,0.001000
46300,0.001194,1.000000,0.001430,1.000000,276.3,0.001000
46400,0.041973,0.996811,0.047193,0.997450,277.0,0.001000
46500,0.000927,1.000000,0.001211,1.000000,277.6,0.001000
46600,0.000934,1.000000,0.001116,1.000000,278.1,0.001000
46700,0.001500,1.000000,0.002978,0.999787,278.7,0.001000
46800,0.001143,1.000000,0.001381,1.000000,279.3,0.001000
46900,0.000740,1.000000,0.000867,1.000000,279.9,0.001000
47000,0.003026,1.000000,0.005419,0.999575,280.5,0.001000
47100,0.001094,1.000000,0.001310,1.000000,281.1,0.001000
47200,0.033776,0.997449,0.043125,0.994899,281.7,0.001000
47300,0.000866,1.000000,0.001106,1.000000,282.3,0.001000
47400,0.000896,1.000000,0.001056,1.000000,282.9,0.001000
47500,0.001074,1.000000,0.001993,0.999787,283.5,0.001000
47600,0.001106,1.000000,0.001337,1.000000,284.0,0.001000
47700,0.011723,1.000000,0.017174,0.999362,284.6,0.001000
47800,0.001030,1.000000,0.001360,1.000000,285.2,0.001000
47900,0.000883,1.000000,0.001037,1.000000,285.8,0.001000
48000,0.000868,1.000000,0.001371,1.000000,286.4,0.001000
48100,0.001199,1.000000,0.001430,1.000000,287.0,0.001000
48200,0.018658,0.999575,0.022528,0.998512,287.6,0.001000
48300,0.001032,1.000000,0.001438,1.000000,288.2,0.001000
48400,0.001030,1.000000,0.001241,1.000000,288.9,0.001000
48500,0.008133,1.000000,0.013072,0.998725,289.5,0.001000
48600,0.000967,1.000000,0.001234,1.000000,290.1,0.001000
48700,0.000791,1.000000,0.000939,1.000000,290.7,0.001000
48800,0.000790,1.000000,0.001113,1.000000,291.3,0.001000
48900,0.001097,1.000000,0.001327,1.000000,291.8,0.001000
49000,0.022165,0.998937,0.028696,0.997450,292.4,0.001000
49100,0.000987,1.000000,0.001266,1.000000,293.0,0.001000
49200,0.000941,1.000000,0.001109,1.000000,293.6,0.001000
49300,0.001483,1.000000,0.002248,0.999787,294.2,0.001000
49400,0.001220,1.000000,0.001534,1.000000,294.8,0.001000
49500,0.000804,1.000000,0.000929,1.000000,295.4,0.001000
49600,0.000810,1.000000,0.001119,1.000000,296.0,0.001000
49700,0.001112,1.000000,0.001314,1.000000,296.6,0.001000
49800,0.012466,0.999787,0.021358,0.997450,297.2,0.001000
49900,0.000967,1.000000,0.001228,1.000000,297.8,0.001000
50000,0.000899,1.000000,0.001051,1.000000,298.4,0.001000
50100,0.001286,1.000000,0.002153,1.000000,299.0,0.001000
50200,0.001124,1.000000,0.001348,1.000000,299.6,0.001000
50300,1.313759,0.647109,1.347140,0.637194,300.2,0.001000
50400,0.000747,1.000000,0.000995,1.000000,300.8,0.001000
50500,0.000962,1.000000,0.001119,1.000000,301.4,0.001000
50600,0.009228,0.999787,0.012857,1.000000,302.0,0.001000
50700,0.001004,1.000000,0.001257,1.000000,302.5,0.001000
50800,0.000937,1.000000,0.001102,1.000000,303.1,0.001000
50900,0.003022,1.000000,0.004799,1.000000,303.7,0.001000
51000,0.001130,1.000000,0.001391,1.000000,304.3,0.001000
51100,0.000839,1.000000,0.000997,1.000000,304.9,0.001000
51200,0.000724,1.000000,0.000989,1.000000,305.5,0.001000
51300,0.000969,1.000000,0.001150,1.000000,306.1,0.001000
51400,0.015306,0.999362,0.019983,0.999150,306.7,0.001000
51500,0.000916,1.000000,0.001164,1.000000,307.3,0.001000
51600,0.000911,1.000000,0.001080,1.000000,308.0,0.001000
51700,0.001377,1.000000,0.002344,0.999787,308.6,0.001000
51800,0.001192,1.000000,0.001421,1.000000,309.2,0.001000
51900,0.000807,1.000000,0.000930,1.000000,309.8,0.001000
52000,0.002534,1.000000,0.003371,1.000000,310.4,0.001000
52100,0.000922,1.000000,0.001102,1.000000,311.0,0.001000
52200,0.014906,0.999150,0.021946,0.997237,311.6,0.001000
52300,0.000835,1.000000,0.001065,1.000000,312.2,0.001000
52400,0.000990,1.000000,0.001164,1.000000,312.8,0.001000
52500,0.001225,1.000000,0.001763,1.000000,313.4,0.001000
52600,0.001047,1.000000,0.001240,1.000000,314.0,0.001000
52700,0.125304,0.978741,0.142570,0.977046,314.6,0.001000
52800,0.000772,1.000000,0.000982,1.000000,315.2,0.001000
52900,0.001027,1.000000,0.001219,1.000000,315.8,0.001000
53000,0.005867,0.999787,0.009768,0.999362,316.4,0.001000
53100,0.001130,1.000000,0.001382,1.000000,317.0,0.001000
53200,0.000889,1.000000,0.001038,1.000000,317.6,0.001000
53300,0.000863,1.000000,0.001324,1.000000,318.2,0.001000
53400,0.001168,1.000000,0.001394,1.000000,318.7,0.001000
53500,0.054674,0.996386,0.068408,0.994686,319.3,0.001000
53600,0.000820,1.000000,0.001085,1.000000,320.0,0.001000
53700,0.001042,1.000000,0.001232,1.000000,320.6,0.001000
53800,0.104156,0.984269,0.124465,0.978959,321.2,0.001000
53900,0.000742,1.000000,0.000907,1.000000,321.8,0.001000
54000,0.001004,1.000000,0.001154,1.000000,322.5,0.001000
54100,0.001620,1.000000,0.002260,1.000000,323.0,0.001000
54200,0.001070,1.000000,0.001251,1.000000,323.6,0.001000
54300,0.016171,0.999787,0.020397,0.998725,324.2,0.001000
54400,0.000901,1.000000,0.001101,1.000000,324.8,0.001000
54500,0.000863,1.000000,0.000994,1.000000,325.4,0.001000
54600,0.000796,1.000000,0.001135,1.000000,326.0,0.001000
54700,0.000979,1.000000,0.001162,1.000000,326.6,0.001000
54800,0.014973,0.999362,0.020148,0.998512,327.2,0.001000
54900,0.000857,1.000000,0.001103,1.000000,327.8,0.001000
55000,0.000954,1.000000,0.001116,1.000000,328.4,0.001000
55100,0.002009,1.000000,0.002777,1.000000,329.0,0.001000
55200,0.001097,1.000000,0.001282,1.000000,329.6,0.001000
55300,0.008441,1.000000,0.011576,0.999787,330.2,0.001000
55400,0.000859,1.000000,0.001098,1.000000,330.8,0.001000
55500,0.001074,1.000000,0.001263,1.000000,331.4,0.001000
55600,0.001938,1.000000,0.002759,1.000000,332.0,0.001000
55700,0.001144,1.000000,0.001342,1.000000,332.5,0.001000
55800,0.040164,0.998724,0.047395,0.997237,333.2,0.001000
55900,0.000857,1.000000,0.001062,1.000000,333.8,0.001000
56000,0.000899,1.000000,0.001052,1.000000,334.4,0.001000
56100,0.001386,1.000000,0.002143,1.000000,335.0,0.001000
56200,0.001211,1.000000,0.001468,1.000000,335.6,0.001000
56300,0.234921,0.953019,0.290080,0.926249,336.2,0.001000
56400,0.000853,1.000000,0.001119,1.000000,336.8,0.001000
56500,0.001062,1.000000,0.001248,1.000000,337.4,0.001000
56600,0.016228,0.999787,0.024581,0.999150,338.0,0.001000
56700,0.000919,1.000000,0.001177,1.000000,338.6,0.001000
56800,0.000964,1.000000,0.001148,1.000000,339.2,0.001000
56900,0.001301,1.000000,0.001789,1.000000,339.8,0.001000
57000,0.001173,1.000000,0.001385,1.000000,340.4,0.001000
57100,0.012668,0.999575,0.019294,0.998725,341.0,0.001000
57200,0.001048,1.000000,0.001284,1.000000,341.6,0.001000
57300,0.445113,0.889881,0.499633,0.871413,342.2,0.001000
57400,0.000841,1.000000,0.001033,1.000000,342.8,0.001000
57500,0.000859,1.000000,0.000999,1.000000,343.3,0.001000
57600,0.000869,1.000000,0.001193,1.000000,343.9,0.001000
57700,0.001053,1.000000,0.001252,1.000000,344.5,0.001000
57800,0.039962,0.997449,0.051825,0.994474,345.2,0.001000
57900,0.000844,1.000000,0.001074,1.000000,345.8,0.001000
58000,0.000984,1.000000,0.001167,1.000000,346.4,0.001000
58100,0.002201,1.000000,0.003183,1.000000,347.0,0.001000
58200,0.001113,1.000000,0.001334,1.000000,347.6,0.001000
58300,0.000745,1.000000,0.000860,1.000000,348.2,0.001000
58400,0.000787,1.000000,0.000985,1.000000,348.8,0.001000
58500,0.001065,1.000000,0.001233,1.000000,349.4,0.001000
58600,0.001800,1.000000,0.002589,1.000000,350.0,0.001000
58700,0.001170,1.000000,0.001365,1.000000,350.6,0.001000
58800,0.018636,0.999787,0.024587,0.999787,351.1,0.001000
58900,0.000937,1.000000,0.001194,1.000000,351.7,0.001000
59000,0.001048,1.000000,0.001226,1.000000,352.3,0.001000
59100,0.001520,1.000000,0.002202,1.000000,352.9,0.001000
59200,0.001095,1.000000,0.001312,1.000000,353.5,0.001000
59300,0.000704,1.000000,0.000819,1.000000,354.1,0.001000
59400,0.000802,1.000000,0.001083,1.000000,354.8,0.001000
59500,0.001125,1.000000,0.001335,1.000000,355.3,0.001000
59600,0.004644,1.000000,0.006221,1.000000,355.9,0.001000
59700,0.001230,1.000000,0.001494,1.000000,356.5,0.001000
59800,0.000962,1.000000,0.001126,1.000000,357.1,0.001000
59900,0.001003,1.000000,0.001448,1.000000,357.7,0.001000
60000,0.001139,1.000000,0.001350,1.000000,358.3,0.001000
60100,0.063182,0.996811,0.077433,0.992774,358.9,0.001000
60200,0.000817,1.000000,0.001014,1.000000,359.5,0.001000
60300,0.000942,1.000000,0.001097,1.000000,360.1,0.001000
60400,0.001625,1.000000,0.002250,1.000000,360.8,0.001000
60500,0.001160,1.000000,0.001339,1.000000,361.4,0.001000
60600,0.510058,0.864796,0.580897,0.842721,361.9,0.001000
60700,0.000739,1.000000,0.000937,1.000000,362.5,0.001000
60800,0.001062,1.000000,0.001228,1.000000,363.2,0.001000
60900,0.002434,1.000000,0.004122,0.999787,363.8,0.001000
61000,0.001125,1.000000,0.001338,1.000000,364.3,0.001000
61100,0.000779,1.000000,0.000898,1.000000,364.9,0.001000
61200,0.000830,1.000000,0.001128,1.000000,365.5,0.001000
61300,0.001192,1.000000,0.001383,1.000000,366.1,0.001000
61400,0.005233,1.000000,0.007566,0.999575,366.7,0.001000
61500,0.001214,1.000000,0.001413,1.000000,367.3,0.001000
61600,0.000913,1.000000,0.001048,1.000000,367.9,0.001000
61700,0.000799,1.000000,0.001022,1.000000,368.4,0.001000
61800,0.000992,1.000000,0.001147,1.000000,369.0,0.001000
61900,0.035869,0.997662,0.051021,0.993836,369.6,0.001000
62000,0.000881,1.000000,0.001068,1.000000,370.2,0.001000
62100,0.000977,1.000000,0.001127,1.000000,370.8,0.001000
62200,0.001054,1.000000,0.001402,1.000000,371.4,0.001000
62300,0.001182,1.000000,0.001377,1.000000,371.9,0.001000
62400,0.023362,0.998724,0.030219,0.998512,372.5,0.001000
62500,0.000854,1.000000,0.001018,1.000000,373.1,0.001000
62600,0.000875,1.000000,0.001010,1.000000,373.7,0.001000
62700,0.002817,1.000000,0.004148,1.000000,374.3,0.001000
62800,0.000987,1.000000,0.001142,1.000000,374.9,0.001000
62900,0.000702,1.000000,0.000794,1.000000,375.5,0.001000
63000,0.002291,1.000000,0.004280,0.999362,376.1,0.001000
63100,0.001073,1.000000,0.001277,1.000000,376.7,0.001000
63200,0.000824,1.000000,0.000951,1.000000,377.3,0.001000
63300,0.000716,1.000000,0.000939,1.000000,377.9,0.001000
63400,0.000948,1.000000,0.001122,1.000000,378.6,0.001000
63500,0.002874,1.000000,0.005151,0.999575,379.2,0.001000
63600,0.000977,1.000000,0.001146,1.000000,379.8,0.001000
63700,0.000705,1.000000,0.000800,1.000000,380.4,0.001000
63800,0.000893,1.000000,0.001140,1.000000,381.0,0.001000
63900,0.001093,1.000000,0.001263,1.000000,381.6,0.001000
64000,0.008474,1.000000,0.011390,1.000000,382.2,0.001000
64100,0.001004,1.000000,0.001171,1.000000,382.7,0.001000
64200,0.000789,1.000000,0.000912,1.000000,383.3,0.001000
64300,0.000842,1.000000,0.001131,1.000000,383.9,0.001000
64400,0.001227,1.000000,0.001428,1.000000,384.5,0.001000
64500,0.009922,1.000000,0.013232,0.999575,385.1,0.001000
64600,0.001063,1.000000,0.001233,1.000000,385.7,0.001000
64700,0.262841,0.945578,0.281427,0.939001,386.3,0.001000
64800,0.000872,1.000000,0.001043,1.000000,387.0,0.001000
64900,0.000985,1.000000,0.001127,1.000000,387.6,0.001000
65000,0.001086,1.000000,0.001514,1.000000,388.2,0.001000
65100,0.001121,1.000000,0.001293,1.000000,388.8,0.001000
65200,0.050343,0.994685,0.066446,0.994261,389.4,0.001000
65300,0.000843,1.000000,0.001022,1.000000,390.0,0.001000
65400,0.000995,1.000000,0.001138,1.000000,390.6,0.001000
65500,0.002459,1.000000,0.003888,0.999787,391.2,0.001000
65600,0.001160,1.000000,0.001344,1.000000,391.8,0.001000
65700,0.042879,0.997024,0.056076,0.994686,392.4,0.001000
65800,0.001072,1.000000,0.001358,1.000000,392.9,0.001000
65900,0.001035,1.000000,0.001200,1.000000,393.6,0.001000
66000,0.000960,1.000000,0.001312,1.000000,394.1,0.001000
66100,0.001088,1.000000,0.001259,1.000000,394.7,0.001000
66200,0.013832,0.999787,0.017659,0.999362,395.3,0.001000
66300,0.000950,1.000000,0.001145,1.000000,395.9,0.001000
66400,0.000999,1.000000,0.001141,1.000000,396.4,0.001000
66500,0.001046,1.000000,0.001461,1.000000,397.0,0.001000
66600,0.001205,1.000000,0.001409,1.000000,397.6,0.001000
66700,0.043083,0.998299,0.055328,0.995537,398.2,0.001000
66800,0.000814,1.000000,0.001085,1.000000,398.7,0.001000
66900,0.001014,1.000000,0.001180,1.000000,399.3,0.001000
67000,0.002974,1.000000,0.005369,0.999787,399.8,0.001000
67100,0.001066,1.000000,0.001282,1.000000,400.4,0.001000
67200,0.145385,0.979804,0.159092,0.977046,401.0,0.001000
67300,0.000848,1.000000,0.001085,1.000000,401.6,0.001000
67400,0.000967,1.000000,0.001139,1.000000,402.2,0.001000
67500,0.002225,1.000000,0.003329,1.000000,402.8,0.001000
67600,0.001123,1.000000,0.001316,1.000000,403.3,0.001000
67700,0.116533,0.990646,0.135714,0.988310,403.9,0.001000
67800,0.000848,1.000000,0.001053,1.000000,404.5,0.001000
67900,0.000929,1.000000,0.001082,1.000000,405.1,0.001000
68000,0.001970,1.000000,0.003431,0.999787,405.7,0.001000
68100,0.001060,1.000000,0.001277,1.000000,406.3,0.001000
68200,0.000714,1.000000,0.000831,1.000000,406.8,0.001000
68300,0.000854,1.000000,0.001193,1.000000,407.4,0.001000
68400,0.001250,1.000000,0.001468,1.000000,408.0,0.001000
68500,0.044603,0.998512,0.055286,0.997237,408.5,0.001000
68600,0.000816,1.000000,0.001033,1.000000,409.1,0.001000
68700,0.000984,1.000000,0.001135,1.000000,409.7,0.001000
68800,0.001322,1.000000,0.001785,1.000000,410.3,0.001000
68900,0.001063,1.000000,0.001255,1.000000,410.9,0.001000
69000,0.090100,0.992772,0.116674,0.986397,411.5,0.001000
69100,0.000779,1.000000,0.000994,1.000000,412.1,0.001000
69200,0.000972,1.000000,0.001128,1.000000,412.6,0.001000
69300,0.009810,1.000000,0.012259,1.000000,413.2,0.001000
69400,0.001043,1.000000,0.001240,1.000000,413.8,0.001000
69500,0.000911,1.000000,0.001044,1.000000,414.4,0.001000
69600,0.000867,1.000000,0.001173,1.000000,415.0,0.001000
69700,0.001180,1.000000,0.001362,1.000000,415.5,0.001000
69800,0.021104,0.999150,0.029263,0.997237,416.1,0.001000
69900,0.001047,1.000000,0.001335,1.000000,416.7,0.001000
70000,0.001030,1.000000,0.001200,1.000000,417.3,0.001000
70100,0.000791,1.000000,0.000988,1.000000,417.9,0.001000
70200,0.000998,1.000000,0.001147,1.000000,418.5,0.001000
70300,0.010299,1.000000,0.015803,0.999575,419.1,0.001000
70400,0.001087,1.000000,0.001318,1.000000,419.7,0.001000
70500,0.000951,1.000000,0.001083,1.000000,420.3,0.001000
70600,0.000851,1.000000,0.001112,1.000000,420.9,0.001000
70700,0.001092,1.000000,0.001273,1.000000,421.5,0.001000
70800,0.012903,0.999575,0.017544,0.997875,422.0,0.001000
70900,0.001002,1.000000,0.001189,1.000000,422.6,0.001000
71000,0.000899,1.000000,0.001031,1.000000,423.3,0.001000
71100,0.000874,1.000000,0.001206,1.000000,423.8,0.001000
71200,0.001090,1.000000,0.001252,1.000000,424.4,0.001000
71300,0.011680,1.000000,0.014086,0.999787,425.0,0.001000
71400,0.000849,1.000000,0.001046,1.000000,425.6,0.001000
71500,0.000924,1.000000,0.001056,1.000000,426.3,0.001000
71600,0.001005,1.000000,0.001440,1.000000,426.8,0.001000
71700,0.001131,1.000000,0.001321,1.000000,427.4,0.001000
71800,0.018702,1.000000,0.024400,0.999150,428.0,0.001000
71900,0.000883,1.000000,0.001088,1.000000,428.5,0.001000
72000,0.000939,1.000000,0.001084,1.000000,429.1,0.001000
72100,0.005199,0.999787,0.007609,0.999787,429.7,0.001000
72200,0.000955,1.000000,0.001175,1.000000,430.3,0.001000
72300,0.000900,1.000000,0.001046,1.000000,430.9,0.001000
72400,0.000931,1.000000,0.001246,1.000000,431.6,0.001000
72500,0.001101,1.000000,0.001276,1.000000,432.1,0.001000
72600,0.024355,0.999575,0.031226,0.998725,432.7,0.001000
72700,0.000852,1.000000,0.001047,1.000000,433.4,0.001000
72800,0.000864,1.000000,0.000992,1.000000,434.0,0.001000
72900,0.000964,1.000000,0.001426,1.000000,434.6,0.001000
73000,0.001159,1.000000,0.001335,1.000000,435.2,0.001000
73100,0.037923,0.997024,0.048090,0.995324,435.7,0.001000
73200,0.000918,1.000000,0.001121,1.000000,436.4,0.001000
73300,0.000939,1.000000,0.001067,1.000000,436.9,0.001000
73400,0.000981,1.000000,0.001476,1.000000,437.5,0.001000
73500,0.001247,1.000000,0.001433,1.000000,438.1,0.001000
73600,0.035642,0.997662,0.043303,0.996812,438.7,0.001000
73700,0.000993,1.000000,0.001234,1.000000,439.3,0.001000
73800,0.000936,1.000000,0.001072,1.000000,439.9,0.001000
73900,0.001047,1.000000,0.001466,1.000000,440.4,0.001000
74000,0.001282,1.000000,0.001472,1.000000,441.0,0.001000
74100,0.010277,0.999575,0.013579,0.999575,441.5,0.001000
74200,0.001082,1.000000,0.001298,1.000000,442.1,0.001000
74300,3.136296,0.319515,3.286919,0.297981,442.7,0.001000
74400,0.000921,1.000000,0.001135,1.000000,443.4,0.001000
74500,0.001024,1.000000,0.001178,1.000000,444.0,0.001000
74600,0.002197,1.000000,0.003485,0.999787,444.6,0.001000
74700,0.001084,1.000000,0.001288,1.000000,445.2,0.001000
74800,0.054587,0.996173,0.064644,0.995112,445.7,0.001000
74900,0.000944,1.000000,0.001205,1.000000,446.4,0.001000
75000,0.001191,1.000000,0.001372,1.000000,447.0,0.001000
75100,0.001029,1.000000,0.001442,1.000000,447.5,0.001000
75200,0.001040,1.000000,0.001218,1.000000,448.2,0.001000
75300,0.004184,1.000000,0.006042,0.999787,448.8,0.001000
75400,0.001108,1.000000,0.001297,1.000000,449.4,0.001000
75500,0.113743,0.984481,0.125341,0.983422,450.0,0.001000
75600,0.000764,1.000000,0.001013,1.000000,450.5,0.001000
75700,0.001057,1.000000,0.001240,1.000000,451.2,0.001000
75800,0.013656,0.999362,0.019975,0.998512,451.8,0.001000
75900,0.001038,1.000000,0.001267,1.000000,452.4,0.001000
76000,0.000990,1.000000,0.001148,1.000000,453.0,0.001000
76100,0.000976,1.000000,0.001333,1.000000,453.6,0.001000
76200,0.001152,1.000000,0.001344,1.000000,454.2,0.001000
76300,0.008822,0.999787,0.014275,0.998725,454.8,0.001000
76400,0.001001,1.000000,0.001213,1.000000,455.4,0.001000
76500,0.000873,1.000000,0.001026,1.000000,456.0,0.001000
76600,0.000817,1.000000,0.001117,1.000000,456.5,0.001000
76700,0.001157,1.000000,0.001337,1.000000,457.1,0.001000
76800,0.012463,0.999787,0.016837,0.999575,457.7,0.001000
76900,0.000983,1.000000,0.001196,1.000000,458.2,0.001000
77000,0.001033,1.000000,0.001198,1.000000,458.8,0.001000
77100,0.002535,1.000000,0.003730,1.000000,459.4,0.001000
77200,0.001117,1.000000,0.001297,1.000000,460.0,0.001000
77300,0.000771,1.000000,0.000882,1.000000,460.5,0.001000
77400,0.000752,1.000000,0.000928,1.000000,461.1,0.001000
77500,0.001058,1.000000,0.001224,1.000000,461.6,0.001000
77600,0.007987,1.000000,0.011800,0.999787,462.2,0.001000
77700,0.000957,1.000000,0.001180,1.000000,462.8,0.001000
77800,0.000825,1.000000,0.000959,1.000000,463.3,0.001000
77900,0.000800,1.000000,0.001194,1.000000,463.9,0.001000
78000,0.001116,1.000000,0.001294,1.000000,464.5,0.001000
78100,0.002966,1.000000,0.004102,1.000000,465.1,0.001000
78200,0.001213,1.000000,0.001428,1.000000,465.8,0.001000
78300,0.111577,0.980655,0.135203,0.975133,466.3,0.001000
78400,0.000849,1.000000,0.001047,1.000000,466.9,0.001000
78500,0.001002,1.000000,0.001158,1.000000,467.5,0.001000
78600,0.002401,1.000000,0.003460,1.000000,468.1,0.001000
78700,0.001174,1.000000,0.001406,1.000000,468.7,0.001000
78800,0.000874,1.000000,0.001001,1.000000,469.3,0.001000
78900,0.000793,1.000000,0.001036,1.000000,469.8,0.001000
79000,0.001126,1.000000,0.001304,1.000000,470.4,0.001000
79100,0.020781,1.000000,0.029442,0.998300,471.0,0.001000
79200,0.000895,1.000000,0.001093,1.000000,471.6,0.001000
79300,0.001071,1.000000,0.001232,1.000000,472.1,0.001000
79400,0.001112,1.000000,0.001502,1.000000,472.7,0.001000
79500,0.001216,1.000000,0.001408,1.000000,473.3,0.001000
79600,0.014634,0.999575,0.020522,0.998512,473.8,0.001000
79700,0.001045,1.000000,0.001250,1.000000,474.5,0.001000
79800,0.000900,1.000000,0.001019,1.000000,475.1,0.001000
79900,0.000862,1.000000,0.001272,1.000000,475.7,0.001000
80000,0.001169,1.000000,0.001372,1.000000,476.3,0.001000
80100,0.013941,0.999787,0.021110,0.998725,476.9,0.001000
80200,0.000965,1.000000,0.001147,1.000000,477.5,0.001000
80300,0.000849,1.000000,0.000982,1.000000,478.1,0.001000
80400,0.000723,1.000000,0.000909,1.000000,478.7,0.001000
80500,0.000939,1.000000,0.001090,1.000000,479.3,0.001000
80600,0.011731,0.999787,0.017401,0.999150,480.0,0.001000
80700,0.000783,1.000000,0.001001,1.000000,480.6,0.001000
80800,0.000929,1.000000,0.001095,1.000000,481.2,0.001000
80900,0.002708,1.000000,0.004030,0.999787,481.8,0.001000
81000,0.001011,1.000000,0.001173,1.000000,482.4,0.001000
81100,0.036160,0.998724,0.044175,0.998300,483.0,0.001000
81200,0.000780,1.000000,0.000981,1.000000,483.6,0.001000
81300,0.001075,1.000000,0.001239,1.000000,484.2,0.001000
81400,0.007071,0.999575,0.009003,0.999575,484.8,0.001000
81500,0.001034,1.000000,0.001253,1.000000,485.4,0.001000
81600,0.000914,1.000000,0.001049,1.000000,486.0,0.001000
81700,0.000954,1.000000,0.001407,1.000000,486.6,0.001000
81800,0.001120,1.000000,0.001296,1.000000,487.2,0.001000
81900,0.038671,0.997662,0.049244,0.996387,487.8,0.001000
82000,0.001002,1.000000,0.001190,1.000000,488.3,0.001000
82100,0.000908,1.000000,0.001040,1.000000,489.0,0.001000
82200,0.002771,1.000000,0.004157,1.000000,489.6,0.001000
82300,0.001065,1.000000,0.001246,1.000000,490.2,0.001000
82400,0.000741,1.000000,0.000848,1.000000,490.8,0.001000
82500,0.001706,1.000000,0.002541,1.000000,491.5,0.001000
82600,0.001197,1.000000,0.001390,1.000000,492.1,0.001000
82700,0.065545,0.995111,0.083826,0.988310,492.7,0.001000
82800,0.000961,1.000000,0.001161,1.000000,493.3,0.001000
82900,0.000967,1.000000,0.001117,1.000000,494.0,0.001000
83000,0.000876,1.000000,0.001166,1.000000,494.5,0.001000
83100,0.001106,1.000000,0.001282,1.000000,495.2,0.001000
83200,0.018858,0.999150,0.022399,0.998300,495.8,0.001000
83300,0.000989,1.000000,0.001199,1.000000,496.3,0.001000
83400,0.001044,1.000000,0.001202,1.000000,496.9,0.001000
83500,0.000767,1.000000,0.001048,1.000000,497.5,0.001000
83600,0.001011,1.000000,0.001177,1.000000,498.1,0.001000
83700,0.007537,0.999787,0.011596,0.999150,498.7,0.001000
83800,0.001048,1.000000,0.001251,1.000000,499.2,0.001000
83900,0.000860,1.000000,0.000991,1.000000,499.9,0.001000
84000,0.001268,1.000000,0.001793,1.000000,500.5,0.001000
84100,0.001294,1.000000,0.001512,1.000000,501.1,0.001000
84200,0.162146,0.957696,0.194986,0.946865,501.7,0.001000
84300,0.000955,1.000000,0.001183,1.000000,502.3,0.001000
84400,0.001115,1.000000,0.001285,1.000000,502.9,0.001000
84500,0.002812,1.000000,0.003670,1.000000,503.4,0.001000
84600,0.001035,1.000000,0.001240,1.000000,504.0,0.001000
84700,0.706865,0.767645,0.718397,0.766419,504.5,0.001000
84800,0.000768,1.000000,0.000961,1.000000,505.1,0.001000
84900,0.000987,1.000000,0.001159,1.000000,505.7,0.001000
85000,0.001359,1.000000,0.001785,1.000000,506.3,0.001000
85100,0.001180,1.000000,0.001387,1.000000,506.9,0.001000
85200,0.077918,0.991497,0.086362,0.989373,507.5,0.001000
85300,0.000759,1.000000,0.000937,1.000000,508.1,0.001000
85400,0.001047,1.000000,0.001215,1.000000,508.7,0.001000
85500,0.012442,0.999575,0.018679,0.999150,509.3,0.001000
85600,0.000943,1.000000,0.001161,1.000000,509.9,0.001000
85700,0.000888,1.000000,0.001015,1.000000,510.5,0.001000
85800,0.000836,1.000000,0.001080,1.000000,511.1,0.001000
85900,0.001189,1.000000,0.001380,1.000000,511.7,0.001000
86000,0.004087,1.000000,0.005229,1.000000,512.3,0.001000
86100,0.001175,1.000000,0.001366,1.000000,512.9,0.001000
86200,0.042995,0.998299,0.053126,0.997450,513.6,0.001000
86300,0.000927,1.000000,0.001108,1.000000,514.2,0.001000
86400,0.000836,1.000000,0.000957,1.000000,514.7,0.001000
86500,0.000766,1.000000,0.001004,1.000000,515.3,0.001000
86600,0.000993,1.000000,0.001144,1.000000,515.9,0.001000
86700,0.005324,1.000000,0.008179,1.000000,516.5,0.001000
86800,0.001038,1.000000,0.001234,1.000000,517.1,0.001000
86900,0.000878,1.000000,0.001003,1.000000,517.7,0.001000
87000,0.000829,1.000000,0.001068,1.000000,518.4,0.001000
87100,0.001054,1.000000,0.001206,1.000000,518.9,0.001000
87200,0.001203,1.000000,0.001556,1.000000,519.6,0.001000
87300,0.001108,1.000000,0.001286,1.000000,520.1,0.001000
87400,0.000651,1.000000,0.000740,1.000000,520.7,0.001000
87500,0.000752,1.000000,0.000918,1.000000,521.4,0.001000
87600,0.000988,1.000000,0.001121,1.000000,521.9,0.001000
87700,0.001626,1.000000,0.002317,1.000000,522.6,0.001000
87800,0.001141,1.000000,0.001323,1.000000,523.3,0.001000
87900,3.432784,0.339711,3.372081,0.363868,523.9,0.001000
88000,0.000792,1.000000,0.001013,1.000000,524.5,0.001000
88100,0.001190,1.000000,0.001397,1.000000,525.1,0.001000
88200,0.010078,0.999787,0.014253,0.999362,525.7,0.001000
88300,0.001002,1.000000,0.001185,1.000000,526.3,0.001000
88400,0.000883,1.000000,0.001021,1.000000,526.9,0.001000
88500,0.001695,1.000000,0.002772,0.999787,527.5,0.001000
88600,0.001029,1.000000,0.001200,1.000000,528.1,0.001000
88700,0.165265,0.968537,0.181464,0.967481,528.6,0.001000
88800,0.000811,1.000000,0.001003,1.000000,529.2,0.001000
88900,0.000993,1.000000,0.001146,1.000000,529.7,0.001000
89000,0.001037,1.000000,0.001409,1.000000,530.4,0.001000
89100,0.001200,1.000000,0.001375,1.000000,530.9,0.001000
89200,0.033023,0.998087,0.040421,0.995962,531.5,0.001000
89300,0.000933,1.000000,0.001171,1.000000,532.1,0.001000
89400,0.000948,1.000000,0.001091,1.000000,532.6,0.001000
89500,0.001238,1.000000,0.001766,1.000000,533.2,0.001000
89600,0.001131,1.000000,0.001340,1.000000,533.8,0.001000
89700,0.006689,1.000000,0.009794,0.999787,534.4,0.001000
89800,0.001157,1.000000,0.001378,1.000000,535.0,0.001000
89900,0.000890,1.000000,0.001018,1.000000,535.6,0.001000
90000,0.000793,1.000000,0.000986,1.000000,536.2,0.001000
90100,0.001025,1.000000,0.001177,1.000000,536.8,0.001000
90200,0.002163,1.000000,0.003406,1.000000,537.5,0.001000
90300,0.001132,1.000000,0.001335,1.000000,538.1,0.001000
90400,1.764104,0.560587,1.872457,0.556429,538.7,0.001000
90500,0.000779,1.000000,0.001017,1.000000,539.3,0.001000
90600,0.001146,1.000000,0.001327,1.000000,539.9,0.001000
90700,0.004650,1.000000,0.006598,1.000000,540.5,0.001000
90800,0.001139,1.000000,0.001317,1.000000,541.1,0.001000
90900,0.000834,1.000000,0.000950,1.000000,541.7,0.001000
91000,0.000768,1.000000,0.000949,1.000000,542.3,0.001000
91100,0.001016,1.000000,0.001174,1.000000,543.0,0.001000
91200,0.002238,1.000000,0.002978,1.000000,543.6,0.001000
91300,0.001095,1.000000,0.001272,1.000000,544.2,0.001000
91400,0.523499,0.851828,0.595907,0.830181,544.8,0.001000
91500,0.000793,1.000000,0.001067,1.000000,545.4,0.001000
91600,0.001170,1.000000,0.001371,1.000000,546.0,0.001000
91700,0.004264,1.000000,0.005663,1.000000,546.7,0.001000
91800,0.000995,1.000000,0.001167,1.000000,547.2,0.001000
91900,0.000678,1.000000,0.000778,1.000000,547.9,0.001000
92000,0.000715,1.000000,0.000975,1.000000,548.5,0.001000
92100,0.000985,1.000000,0.001152,1.000000,549.2,0.001000
92200,0.020658,0.997662,0.027707,0.996174,549.8,0.001000
92300,0.000948,1.000000,0.001169,1.000000,550.4,0.001000
92400,0.001005,1.000000,0.001154,1.000000,551.0,0.001000
92500,0.000872,1.000000,0.001111,1.000000,551.6,0.001000
92600,0.001173,1.000000,0.001358,1.000000,552.2,0.001000
92700,0.009107,0.999787,0.012996,0.999362,552.8,0.001000
92800,0.001217,1.000000,0.001446,1.000000,553.4,0.001000
92900,0.001035,1.000000,0.001190,1.000000,554.0,0.001000
93000,0.000881,1.000000,0.001084,1.000000,554.6,0.001000
93100,0.001072,1.000000,0.001229,1.000000,555.2,0.001000
93200,0.002769,1.000000,0.004520,1.000000,555.8,0.001000
93300,0.001111,1.000000,0.001297,1.000000,556.3,0.001000
93400,0.016547,0.999362,0.020932,0.998725,556.9,0.001000
93500,0.000863,1.000000,0.001076,1.000000,557.5,0.001000
93600,0.001032,1.000000,0.001198,1.000000,558.1,0.001000
93700,0.013860,0.999787,0.019245,0.999575,558.7,0.001000
93800,0.001051,1.000000,0.001252,1.000000,559.3,0.001000
93900,0.000973,1.000000,0.001112,1.000000,559.9,0.001000
94000,0.000829,1.000000,0.001023,1.000000,560.5,0.001000
94100,0.001078,1.000000,0.001233,1.000000,561.1,0.001000
94200,0.016486,0.999362,0.024179,0.997450,561.7,0.001000
94300,0.000902,1.000000,0.001100,1.000000,562.3,0.001000
94400,0.000853,1.000000,0.000974,1.000000,562.9,0.001000
94500,0.008285,1.000000,0.013307,0.998725,563.5,0.001000
94600,0.000960,1.000000,0.001124,1.000000,564.1,0.001000
94700,0.000861,1.000000,0.000980,1.000000,564.7,0.001000
94800,0.000977,1.000000,0.001634,0.999787,565.3,0.001000
94900,0.001097,1.000000,0.001280,1.000000,565.9,0.001000
95000,0.006007,1.000000,0.010319,0.998725,566.5,0.001000
95100,0.000974,1.000000,0.001144,1.000000,567.2,0.001000
95200,0.000797,1.000000,0.000912,1.000000,567.8,0.001000
95300,0.000773,1.000000,0.000977,1.000000,568.4,0.001000
95400,0.001085,1.000000,0.001258,1.000000,569.0,0.001000
95500,0.007787,1.000000,0.012121,0.999575,569.6,0.001000
95600,0.000973,1.000000,0.001137,1.000000,570.2,0.001000
95700,0.079427,0.990646,0.091862,0.986185,570.8,0.001000
95800,0.000848,1.000000,0.001040,1.000000,571.4,0.001000
95900,0.001073,1.000000,0.001241,1.000000,572.0,0.001000
96000,0.004067,1.000000,0.008369,0.999575,572.5,0.001000
96100,0.001033,1.000000,0.001230,1.000000,573.1,0.001000
96200,0.000738,1.000000,0.000858,1.000000,573.7,0.001000
96300,0.000785,1.000000,0.001060,1.000000,574.3,0.001000
96400,0.001124,1.000000,0.001318,1.000000,574.9,0.001000
96500,0.004223,1.000000,0.006698,0.999575,575.5,0.001000
96600,0.001030,1.000000,0.001207,1.000000,576.1,0.001000
96700,0.000746,1.000000,0.000851,1.000000,576.6,0.001000
96800,0.000766,1.000000,0.001037,1.000000,577.3,0.001000
96900,0.001061,1.000000,0.001247,1.000000,577.8,0.001000
97000,0.004246,1.000000,0.008255,0.999150,578.4,0.001000
97100,0.001101,1.000000,0.001296,1.000000,579.0,0.001000
97200,0.054748,0.995111,0.063957,0.991923,579.6,0.001000
97300,0.000869,1.000000,0.001115,1.000000,580.2,0.001000
97400,0.001095,1.000000,0.001272,1.000000,580.8,0.001000
97500,0.001552,1.000000,0.002498,1.000000,581.4,0.001000
97600,0.001105,1.000000,0.001292,1.000000,581.9,0.001000
97700,0.026340,1.000000,0.033424,0.999362,582.6,0.001000
97800,0.000814,1.000000,0.001062,1.000000,583.2,0.001000
97900,0.001111,1.000000,0.001287,1.000000,583.8,0.001000
98000,0.002059,1.000000,0.003038,1.000000,584.4,0.001000
98100,0.000969,1.000000,0.001129,1.000000,585.0,0.001000
98200,0.050599,0.996173,0.064732,0.993199,585.7,0.001000
98300,0.000893,1.000000,0.001085,1.000000,586.3,0.001000
98400,0.000983,1.000000,0.001146,1.000000,586.9,0.001000
98500,0.000908,1.000000,0.001308,1.000000,587.4,0.001000
98600,0.001054,1.000000,0.001231,1.000000,588.0,0.001000
98700,0.067709,0.993197,0.082703,0.992349,588.6,0.001000
98800,0.000888,1.000000,0.001093,1.000000,589.3,0.001000
98900,0.001007,1.000000,0.001165,1.000000,589.9,0.001000
99000,0.002396,1.000000,0.003526,1.000000,590.4,0.001000
99100,0.001099,1.000000,0.001288,1.000000,591.0,0.001000
99200,0.005174,1.000000,0.005659,1.000000,591.6,0.001000
99300,0.000837,1.000000,0.001044,1.000000,592.2,0.001000
99400,0.001115,1.000000,0.001282,1.000000,592.8,0.001000
99500,0.000922,1.000000,0.001149,1.000000,593.4,0.001000
99600,0.001007,1.000000,0.001163,1.000000,594.0,0.001000
99700,0.005770,1.000000,0.008849,0.999150,594.6,0.001000
99800,0.000864,1.000000,0.001039,1.000000,595.2,0.001000
99900,0.000811,1.000000,0.000928,1.000000,595.7,0.001000
100000,0.001368,1.000000,0.002111,1.000000,596.3,0.001000
100100,0.001157,1.000000,0.001377,1.000000,596.9,0.001000
100200,0.086359,0.988095,0.100742,0.983847,597.4,0.001000
100300,0.000854,1.000000,0.001089,1.000000,598.0,0.001000
100400,0.001113,1.000000,0.001294,1.000000,598.6,0.001000
100500,0.007542,1.000000,0.011316,0.999575,599.2,0.001000
100600,0.001082,1.000000,0.001280,1.000000,599.8,0.001000
100700,0.000896,1.000000,0.001029,1.000000,600.4,0.001000
100800,0.000844,1.000000,0.001147,1.000000,601.0,0.001000
100900,0.001174,1.000000,0.001354,1.000000,601.6,0.001000
101000,0.009161,1.000000,0.015430,0.998725,602.2,0.001000
101100,0.001084,1.000000,0.001298,1.000000,602.8,0.001000
101200,0.000967,1.000000,0.001118,1.000000,603.4,0.001000
101300,0.000906,1.000000,0.001170,1.000000,604.0,0.001000
101400,0.001133,1.000000,0.001291,1.000000,604.6,0.001000
101500,0.007032,1.000000,0.009393,1.000000,605.1,0.001000
101600,0.000903,1.000000,0.001086,1.000000,605.7,0.001000
101700,0.000860,1.000000,0.000990,1.000000,606.3,0.001000
101800,0.000811,1.000000,0.001038,1.000000,606.9,0.001000
101900,0.001093,1.000000,0.001273,1.000000,607.5,0.001000
102000,0.002363,1.000000,0.003359,1.000000,608.1,0.001000
102100,0.001000,1.000000,0.001181,1.000000,608.6,0.001000
102200,0.039162,0.998087,0.053190,0.996387,609.3,0.001000
102300,0.000952,1.000000,0.001171,1.000000,609.9,0.001000
102400,0.000960,1.000000,0.001103,1.000000,610.5,0.001000
102500,0.001129,1.000000,0.001549,1.000000,611.0,0.001000
102600,0.001021,1.000000,0.001184,1.000000,611.6,0.001000
102700,0.025352,0.999575,0.038295,0.997024,612.2,0.001000
102800,0.000839,1.000000,0.001065,1.000000,612.8,0.001000
102900,0.000968,1.000000,0.001126,1.000000,613.4,0.001000
103000,0.000947,1.000000,0.001354,1.000000,614.0,0.001000
103100,0.001120,1.000000,0.001304,1.000000,614.7,0.001000
103200,0.035116,0.998937,0.041756,0.998725,615.3,0.001000
103300,0.000778,1.000000,0.001073,1.000000,615.9,0.001000
103400,0.001092,1.000000,0.001277,1.000000,616.6,0.001000
103500,0.001452,1.000000,0.002148,1.000000,617.2,0.001000
103600,0.001111,1.000000,0.001305,1.000000,617.8,0.001000
103700,0.624200,0.824830,0.635741,0.832519,618.4,0.001000
103800,0.000749,1.000000,0.001035,1.000000,618.9,0.001000
103900,0.001062,1.000000,0.001264,1.000000,619.5,0.001000
104000,0.001596,1.000000,0.002322,1.000000,620.1,0.001000
104100,0.001158,1.000000,0.001364,1.000000,620.7,0.001000
104200,0.001536,1.000000,0.001837,1.000000,621.4,0.001000
104300,0.001280,1.000000,0.001760,1.000000,622.0,0.001000
104400,0.001165,1.000000,0.001355,1.000000,622.6,0.001000
104500,0.011784,0.999787,0.016622,0.999362,623.2,0.001000
104600,0.000998,1.000000,0.001187,1.000000,623.8,0.001000
104700,0.000831,1.000000,0.000953,1.000000,624.4,0.001000
104800,0.000740,1.000000,0.000969,1.000000,625.0,0.001000
104900,0.001052,1.000000,0.001218,1.000000,625.6,0.001000
105000,0.007369,1.000000,0.010011,0.999362,626.2,0.001000
105100,0.001005,1.000000,0.001225,1.000000,626.7,0.001000
105200,0.000919,1.000000,0.001068,1.000000,627.3,0.001000
105300,0.000778,1.000000,0.001088,1.000000,627.9,0.001000
105400,0.001029,1.000000,0.001206,1.000000,628.5,0.001000
105500,0.022304,0.999575,0.028555,0.999150,629.1,0.001000
105600,0.000886,1.000000,0.001055,1.000000,629.6,0.001000
105700,0.000975,1.000000,0.001121,1.000000,630.3,0.001000
105800,0.000878,1.000000,0.001166,1.000000,630.8,0.001000
105900,0.001129,1.000000,0.001305,1.000000,631.5,0.001000
106000,0.019828,0.999575,0.026449,0.999575,632.1,0.001000
106100,0.000967,1.000000,0.001156,1.000000,632.7,0.001000
106200,0.000951,1.000000,0.001099,1.000000,633.3,0.001000
106300,0.001325,1.000000,0.001739,1.000000,633.9,0.001000
106400,0.001179,1.000000,0.001361,1.000000,634.5,0.001000
106500,0.009864,0.999787,0.015734,0.998937,635.2,0.001000
106600,0.000998,1.000000,0.001156,1.000000,635.8,0.001000
106700,0.024677,0.998512,0.034435,0.995749,636.4,0.001000
106800,0.003511,1.000000,0.006322,0.999150,637.0,0.001000
106900,0.001016,1.000000,0.001192,1.000000,637.6,0.001000
107000,0.040230,0.998512,0.049483,0.997875,638.2,0.001000
107100,0.000780,1.000000,0.000975,1.000000,638.8,0.001000
107200,0.000956,1.000000,0.001105,1.000000,639.4,0.001000
107300,0.001557,1.000000,0.002636,1.000000,640.0,0.001000
107400,0.001091,1.000000,0.001287,1.000000,640.6,0.001000
107500,0.035255,0.998512,0.047163,0.996387,641.2,0.001000
107600,0.000946,1.000000,0.001136,1.000000,641.8,0.001000
107700,0.000874,1.000000,0.000993,1.000000,642.4,0.001000
107800,0.000863,1.000000,0.001047,1.000000,643.0,0.001000
107900,0.001202,1.000000,0.001361,1.000000,643.6,0.001000
108000,0.008420,1.000000,0.011717,0.999575,644.2,0.001000
108100,0.001165,1.000000,0.001357,1.000000,644.7,0.001000
108200,0.000908,1.000000,0.001031,1.000000,645.3,0.001000
108300,0.000796,1.000000,0.001011,1.000000,645.9,0.001000
108400,0.001010,1.000000,0.001164,1.000000,646.5,0.001000
108500,0.002373,1.000000,0.003810,0.999787,647.0,0.001000
108600,0.001156,1.000000,0.001355,1.000000,647.6,0.001000
108700,0.061598,0.993835,0.076274,0.989798,648.2,0.001000
108800,0.000933,1.000000,0.001165,1.000000,648.9,0.001000
108900,0.001119,1.000000,0.001302,1.000000,649.5,0.001000
109000,0.004409,1.000000,0.006231,1.000000,650.1,0.001000
109100,0.001186,1.000000,0.001384,1.000000,650.7,0.001000
109200,0.149054,0.970876,0.174017,0.966631,651.3,0.001000
109300,0.000895,1.000000,0.001099,1.000000,651.9,0.001000
109400,0.000980,1.000000,0.001146,1.000000,652.5,0.001000
109500,0.002314,1.000000,0.003194,1.000000,653.1,0.001000
109600,0.001096,1.000000,0.001271,1.000000,653.7,0.001000
109700,0.049247,0.997024,0.061291,0.994899,654.2,0.001000
109800,0.000813,1.000000,0.001032,1.000000,654.7,0.001000
109900,0.001165,1.000000,0.001345,1.000000,655.3,0.001000
110000,0.001459,1.000000,0.001849,1.000000,655.9,0.001000
110100,0.001130,1.000000,0.001323,1.000000,656.5,0.001000
110200,0.207151,0.954932,0.248432,0.943039,657.1,0.001000
110300,0.000806,1.000000,0.001001,1.000000,657.6,0.001000
110400,0.001073,1.000000,0.001241,1.000000,658.2,0.001000
110500,0.002836,1.000000,0.004699,0.999787,658.8,0.001000
110600,0.001139,1.000000,0.001338,1.000000,659.4,0.001000
110700,0.050298,0.990221,0.067479,0.987460,660.0,0.001000
110800,0.000859,1.000000,0.001068,1.000000,660.6,0.001000
110900,0.001037,1.000000,0.001198,1.000000,661.2,0.001000
111000,0.003175,1.000000,0.006412,0.999575,661.8,0.001000
111100,0.001089,1.000000,0.001283,1.000000,662.4,0.001000
111200,0.069423,0.992985,0.086042,0.988523,662.9,0.001000
111300,0.000929,1.000000,0.001124,1.000000,663.5,0.001000
111400,0.000887,1.000000,0.001028,1.000000,664.2,0.001000
111500,0.002277,1.000000,0.003718,0.999787,664.8,0.001000
111600,0.001086,1.000000,0.001267,1.000000,665.4,0.001000
111700,2.511974,0.322491,2.538901,0.318597,666.0,0.001000
111800,0.000804,1.000000,0.001028,1.000000,666.6,0.001000
111900,0.001012,1.000000,0.001194,1.000000,667.1,0.001000
112000,0.003781,1.000000,0.005239,0.999787,667.8,0.001000
112100,0.001132,1.000000,0.001339,1.000000,668.3,0.001000
112200,0.000834,1.000000,0.000959,1.000000,669.0,0.001000
112300,0.000811,1.000000,0.001086,1.000000,669.5,0.001000
112400,0.001157,1.000000,0.001332,1.000000,670.1,0.001000
112500,0.003053,0.999787,0.003992,1.000000,670.7,0.001000
112600,0.000971,1.000000,0.001130,1.000000,671.3,0.001000
112700,1.247022,0.647747,1.290728,0.635069,671.9,0.001000
112800,0.000741,1.000000,0.000942,1.000000,672.6,0.001000
112900,0.000906,1.000000,0.001058,1.000000,673.2,0.001000
113000,0.000914,1.000000,0.001236,1.000000,673.8,0.001000
113100,0.001141,1.000000,0.001335,1.000000,674.4,0.001000
113200,0.003524,1.000000,0.005107,1.000000,675.0,0.001000
113300,0.001161,1.000000,0.001358,1.000000,675.6,0.001000
113400,0.084317,0.987670,0.087465,0.986185,676.3,0.001000
113500,0.000822,1.000000,0.000983,1.000000,676.9,0.001000
113600,0.000917,1.000000,0.001056,1.000000,677.5,0.001000
113700,0.000785,1.000000,0.001034,1.000000,678.0,0.001000
113800,0.001094,1.000000,0.001275,1.000000,678.6,0.001000
113900,0.006932,1.000000,0.010395,0.999787,679.3,0.001000
114000,0.000944,1.000000,0.001105,1.000000,679.9,0.001000
114100,0.994574,0.719388,1.048104,0.709033,680.5,0.001000
114200,0.000812,1.000000,0.000997,1.000000,681.1,0.001000
114300,0.001047,1.000000,0.001213,1.000000,681.7,0.001000
114400,0.005121,1.000000,0.006606,1.000000,682.3,0.001000
114500,0.001081,1.000000,0.001265,1.000000,683.0,0.001000
114600,0.637720,0.840774,0.736118,0.809139,683.5,0.001000
114700,0.000872,1.000000,0.001077,1.000000,684.2,0.001000
114800,0.001091,1.000000,0.001274,1.000000,684.7,0.001000
114900,0.001355,1.000000,0.001813,1.000000,685.3,0.001000
115000,0.001174,1.000000,0.001359,1.000000,685.9,0.001000
115100,0.025675,0.999362,0.034382,0.997450,686.4,0.001000
115200,0.000912,1.000000,0.001095,1.000000,687.0,0.001000
115300,0.000933,1.000000,0.001062,1.000000,687.5,0.001000
115400,0.001011,1.000000,0.001404,1.000000,688.1,0.001000
115500,0.001163,1.000000,0.001346,1.000000,688.6,0.001000
115600,0.041762,0.997236,0.054388,0.995537,689.2,0.001000
115700,0.000870,1.000000,0.001046,1.000000,689.8,0.001000
115800,0.001002,1.000000,0.001147,1.000000,690.3,0.001000
115900,0.001098,1.000000,0.001570,1.000000,690.9,0.001000
116000,0.001208,1.000000,0.001384,1.000000,691.5,0.001000
116100,0.009602,0.999575,0.012110,0.999362,692.0,0.001000
116200,0.000987,1.000000,0.001186,1.000000,692.6,0.001000
116300,0.000864,1.000000,0.000995,1.000000,693.2,0.001000
116400,0.000787,1.000000,0.001066,1.000000,693.7,0.001000
116500,0.001077,1.000000,0.001252,1.000000,694.3,0.001000
116600,0.005107,1.000000,0.007477,1.000000,694.8,0.001000
116700,0.001055,1.000000,0.001249,1.000000,695.4,0.001000
116800,0.000807,1.000000,0.000934,1.000000,695.9,0.001000
116900,0.000825,1.000000,0.001027,1.000000,696.5,0.001000
117000,0.001129,1.000000,0.001305,1.000000,697.0,0.001000
117100,0.004909,1.000000,0.006125,1.000000,697.6,0.001000
117200,0.001101,1.000000,0.001283,1.000000,698.1,0.001000
117300,0.062658,0.993197,0.075171,0.991923,698.7,0.001000
117400,0.000900,1.000000,0.001115,1.000000,699.2,0.001000
117500,0.001110,1.000000,0.001284,1.000000,699.8,0.001000
117600,0.001903,1.000000,0.002781,1.000000,700.4,0.001000
117700,0.001145,1.000000,0.001332,1.000000,700.9,0.001000
117800,0.015390,1.000000,0.020447,0.999362,701.5,0.001000
117900,0.000910,1.000000,0.001065,1.000000,702.0,0.001000
118000,0.000912,1.000000,0.001046,1.000000,702.6,0.001000
118100,0.001346,1.000000,0.002213,1.000000,703.2,0.001000
118200,0.001227,1.000000,0.001411,1.000000,703.7,0.001000
118300,0.013355,1.000000,0.018560,0.998937,704.3,0.001000
118400,0.001040,1.000000,0.001233,1.000000,704.9,0.001000
118500,0.000770,1.000000,0.000883,1.000000,705.4,0.001000
118600,0.000785,1.000000,0.001054,1.000000,706.0,0.001000
118700,0.001103,1.000000,0.001269,1.000000,706.5,0.001000
118800,0.009926,0.999787,0.014235,0.999362,707.1,0.001000
118900,0.000989,1.000000,0.001160,1.000000,707.6,0.001000
119000,0.000834,1.000000,0.000950,1.000000,708.2,0.001000
119100,0.000765,1.000000,0.000952,1.000000,708.7,0.001000
119200,0.001049,1.000000,0.001199,1.000000,709.3,0.001000
119300,0.004566,1.000000,0.006722,0.999787,709.8,0.001000
119400,0.001058,1.000000,0.001241,1.000000,710.4,0.001000
119500,0.047642,0.997874,0.057461,0.996387,711.0,0.001000
119600,0.000889,1.000000,0.001067,1.000000,711.6,0.001000
119700,0.000989,1.000000,0.001128,1.000000,712.1,0.001000
119800,0.001894,1.000000,0.002719,0.999787,712.7,0.001000
119900,0.001125,1.000000,0.001278,1.000000,713.3,0.001000
120000,0.016359,0.999787,0.025278,0.998087,713.8,0.001000
120100,0.000979,1.000000,0.001176,1.000000,714.4,0.001000
120200,0.001003,1.000000,0.001159,1.000000,715.0,0.001000
120300,0.000841,1.000000,0.001077,1.000000,715.7,0.001000
120400,0.001058,1.000000,0.001222,1.000000,716.3,0.001000
120500,0.015916,1.000000,0.021826,0.998937,716.9,0.001000
120600,0.000975,1.000000,0.001145,1.000000,717.5,0.001000
120700,0.000834,1.000000,0.000954,1.000000,718.0,0.001000
120800,0.001883,1.000000,0.002587,1.000000,718.6,0.001000
120900,0.001177,1.000000,0.001355,1.000000,719.2,0.001000
121000,0.067593,0.992347,0.084687,0.987673,719.8,0.001000
121100,0.000830,1.000000,0.001002,1.000000,720.3,0.001000
121200,0.000895,1.000000,0.001031,1.000000,720.9,0.001000
121300,0.001308,1.000000,0.001803,1.000000,721.4,0.001000
121400,0.000932,1.000000,0.001072,1.000000,722.0,0.001000
121500,0.000564,1.000000,0.000635,1.000000,722.6,0.001000
121600,0.000624,1.000000,0.000800,1.000000,723.2,0.001000
121700,0.000947,1.000000,0.001100,1.000000,723.8,0.001000
121800,0.009095,0.999787,0.012916,0.999787,724.4,0.001000
121900,0.000989,1.000000,0.001140,1.000000,724.9,0.001000
122000,0.000844,1.000000,0.000959,1.000000,725.5,0.001000
122100,0.000732,1.000000,0.000917,1.000000,726.0,0.001000
122200,0.000975,1.000000,0.001116,1.000000,726.6,0.001000
122300,0.004666,1.000000,0.007366,1.000000,727.2,0.001000
122400,0.001012,1.000000,0.001180,1.000000,727.7,0.001000
122500,0.001967,1.000000,0.002216,1.000000,728.3,0.001000
122600,0.000843,1.000000,0.001200,1.000000,728.9,0.001000
122700,0.000944,1.000000,0.001111,1.000000,729.4,0.001000
122800,0.021471,0.999575,0.030825,0.997024,730.0,0.001000
122900,0.000914,1.000000,0.001082,1.000000,730.6,0.001000
123000,0.000912,1.000000,0.001051,1.000000,731.2,0.001000
123100,0.000810,1.000000,0.000948,1.000000,731.7,0.001000
123200,0.000870,1.000000,0.000995,1.000000,732.3,0.001000
123300,0.000925,1.000000,0.001244,1.000000,732.8,0.001000
123400,0.001116,1.000000,0.001281,1.000000,733.4,0.001000
123500,0.052025,0.996173,0.060799,0.993836,733.9,0.001000
123600,0.000819,1.000000,0.001013,1.000000,734.5,0.001000
123700,0.001119,1.000000,0.001297,1.000000,735.0,0.001000
123800,0.023272,0.998937,0.028939,0.997662,735.6,0.001000
123900,0.000867,1.000000,0.001026,1.000000,736.2,0.001000
124000,0.000832,1.000000,0.000971,1.000000,736.7,0.001000
124100,0.000842,1.000000,0.001077,1.000000,737.3,0.001000
124200,0.001201,1.000000,0.001399,1.000000,737.9,0.001000
124300,0.041803,0.998087,0.049673,0.997237,738.4,0.001000
124400,0.000829,1.000000,0.001013,1.000000,739.0,0.001000
124500,0.001039,1.000000,0.001197,1.000000,739.6,0.001000
124600,0.002650,1.000000,0.003615,0.999787,740.2,0.001000
124700,0.001029,1.000000,0.001181,1.000000,740.8,0.001000
124800,0.068887,0.993835,0.084820,0.990223,741.4,0.001000
124900,0.000757,1.000000,0.000930,1.000000,742.0,0.001000
125000,0.000970,1.000000,0.001110,1.000000,742.5,0.001000
125100,0.004554,1.000000,0.006233,0.999787,743.1,0.001000
125200,0.001058,1.000000,0.001226,1.000000,743.6,0.001000
125300,0.000790,1.000000,0.000891,1.000000,744.2,0.001000
125400,0.000725,1.000000,0.000924,1.000000,744.7,0.001000
125500,0.000937,1.000000,0.001064,1.000000,745.3,0.001000
125600,0.000798,1.000000,0.000960,1.000000,745.9,0.001000
125700,0.001016,1.000000,0.001156,1.000000,746.5,0.001000
125800,0.056066,0.994898,0.071780,0.990223,747.0,0.001000
125900,0.000758,1.000000,0.000920,1.000000,747.6,0.001000
126000,0.000884,1.000000,0.001002,1.000000,748.2,0.001000
126100,0.003082,1.000000,0.004420,0.999787,748.8,0.001000
126200,0.001085,1.000000,0.001250,1.000000,749.7,0.001000
126300,0.015229,0.999362,0.024299,0.998087,750.4,0.001000
126400,0.001021,1.000000,0.001194,1.000000,751.0,0.001000
126500,0.000878,1.000000,0.001006,1.000000,751.6,0.001000
126600,0.001101,1.000000,0.001456,1.000000,752.2,0.001000
126700,0.001001,1.000000,0.001141,1.000000,752.9,0.001000
126800,0.016232,1.000000,0.020685,0.999787,753.4,0.001000
126900,0.000771,1.000000,0.000913,1.000000,754.0,0.001000
127000,0.000808,1.000000,0.000920,1.000000,754.6,0.001000
127100,0.001060,1.000000,0.001484,1.000000,755.2,0.001000
127200,0.001085,1.000000,0.001245,1.000000,755.9,0.001000
127300,0.641537,0.826318,0.668828,0.821892,756.4,0.001000
127400,0.000738,1.000000,0.000894,1.000000,757.0,0.001000
127500,0.000925,1.000000,0.001047,1.000000,757.7,0.001000
127600,0.001773,1.000000,0.002370,1.000000,758.3,0.001000
127700,0.001063,1.000000,0.001225,1.000000,758.9,0.001000
127800,0.000703,1.000000,0.000789,1.000000,759.5,0.001000
127900,0.000763,1.000000,0.000967,1.000000,760.2,0.001000
128000,0.001102,1.000000,0.001263,1.000000,760.9,0.001000
128100,0.009186,1.000000,0.011540,0.999787,761.6,0.001000
128200,0.000978,1.000000,0.001128,1.000000,762.2,0.001000
128300,0.000766,1.000000,0.000872,1.000000,763.0,0.001000
128400,0.001420,1.000000,0.002170,1.000000,763.5,0.001000
128500,0.001019,1.000000,0.001174,1.000000,764.2,0.001000
128600,2.822808,0.373937,2.879551,0.365356,765.1,0.001000
128700,0.000761,1.000000,0.000965,1.000000,765.9,0.001000
128800,0.000974,1.000000,0.001135,1.000000,766.7,0.001000
128900,0.001870,1.000000,0.003041,0.999787,767.6,0.001000
129000,0.001028,1.000000,0.001178,1.000000,768.3,0.001000
129100,0.040947,0.997874,0.046175,0.997450,769.0,0.001000
129200,0.000728,1.000000,0.000894,1.000000,769.7,0.001000
129300,0.000891,1.000000,0.001035,1.000000,770.4,0.001000
129400,0.001239,1.000000,0.001989,0.999787,771.2,0.001000
129500,0.000990,1.000000,0.001139,1.000000,771.8,0.001000
129600,0.019126,0.999150,0.024348,0.999150,772.5,0.001000
129700,0.000867,1.000000,0.001019,1.000000,773.2,0.001000
129800,0.000873,1.000000,0.001005,1.000000,773.9,0.001000
129900,0.001592,1.000000,0.002575,1.000000,774.6,0.001000
130000,0.001075,1.000000,0.001231,1.000000,775.2,0.001000
130100,0.000746,1.000000,0.000854,1.000000,775.8,0.001000
130200,0.000719,1.000000,0.000883,1.000000,776.5,0.001000
130300,0.001010,1.000000,0.001175,1.000000,777.1,0.001000
130400,0.008071,0.999787,0.012095,0.999575,777.7,0.001000
130500,0.000971,1.000000,0.001134,1.000000,778.4,0.001000
130600,0.000840,1.000000,0.000957,1.000000,779.1,0.001000
130700,0.000695,1.000000,0.000833,1.000000,779.7,0.001000
130800,0.000918,1.000000,0.001050,1.000000,780.3,0.001000
130900,0.003556,1.000000,0.005751,0.999575,780.9,0.001000
131000,0.000951,1.000000,0.001100,1.000000,781.5,0.001000
131100,0.000722,1.000000,0.000810,1.000000,782.0,0.001000
131200,0.000685,1.000000,0.000862,1.000000,782.6,0.001000
131300,0.000970,1.000000,0.001110,1.000000,783.2,0.001000
131400,0.005541,1.000000,0.008709,0.999787,783.8,0.001000
131500,0.000798,1.000000,0.000947,1.000000,784.5,0.001000
131600,0.000711,1.000000,0.000828,1.000000,785.1,0.001000
131700,0.001431,1.000000,0.002386,1.000000,785.7,0.001000
131800,0.001124,1.000000,0.001306,1.000000,786.3,0.001000
131900,0.001056,1.000000,0.001242,1.000000,786.9,0.001000
132000,0.000771,1.000000,0.000931,1.000000,787.5,0.001000
132100,0.001028,1.000000,0.001179,1.000000,788.2,0.001000
132200,0.002228,1.000000,0.003126,1.000000,788.8,0.001000
132300,0.001171,1.000000,0.001359,1.000000,789.4,0.001000
132400,0.000835,1.000000,0.000954,1.000000,790.0,0.001000
132500,0.000877,1.000000,0.001161,1.000000,790.6,0.001000
132600,0.001156,1.000000,0.001335,1.000000,791.2,0.001000
132700,0.017362,0.999787,0.023677,0.998300,791.8,0.001000
132800,0.000993,1.000000,0.001169,1.000000,792.4,0.001000
132900,0.000891,1.000000,0.001014,1.000000,793.0,0.001000
133000,0.000765,1.000000,0.000939,1.000000,793.6,0.001000
133100,0.001046,1.000000,0.001184,1.000000,794.2,0.001000
133200,0.006259,1.000000,0.008940,0.999787,794.8,0.001000
133300,0.000996,1.000000,0.001152,1.000000,795.4,0.001000
133400,0.038025,0.998937,0.045055,0.995749,796.0,0.001000
133500,0.000799,1.000000,0.000980,1.000000,796.6,0.001000
133600,0.001000,1.000000,0.001156,1.000000,797.2,0.001000
133700,0.002263,1.000000,0.003471,1.000000,797.8,0.001000
133800,0.000967,1.000000,0.001109,1.000000,798.4,0.001000
133900,0.000639,1.000000,0.000709,1.000000,799.0,0.001000
134000,0.000742,1.000000,0.000953,1.000000,799.6,0.001000
134100,0.001015,1.000000,0.001176,1.000000,800.2,0.001000
134200,0.003674,1.000000,0.004898,1.000000,800.8,0.001000
134300,0.001055,1.000000,0.001218,1.000000,801.4,0.001000
134400,0.000747,1.000000,0.000839,1.000000,801.9,0.001000
134500,0.000726,1.000000,0.000932,1.000000,802.5,0.001000
134600,0.001062,1.000000,0.001213,1.000000,803.1,0.001000
134700,0.002815,1.000000,0.003923,1.000000,803.7,0.001000
134800,0.001092,1.000000,0.001237,1.000000,804.3,0.001000
134900,0.000739,1.000000,0.000840,1.000000,804.9,0.001000
135000,0.000842,1.000000,0.001055,1.000000,805.5,0.001000
135100,0.001034,1.000000,0.001173,1.000000,806.1,0.001000
135200,0.002864,1.000000,0.003789,1.000000,806.8,0.001000
135300,0.000949,1.000000,0.001101,1.000000,807.4,0.001000
135400,0.001541,1.000000,0.001777,1.000000,808.0,0.001000
135500,0.000678,1.000000,0.000841,1.000000,808.6,0.001000
135600,0.000913,1.000000,0.001056,1.000000,809.2,0.001000
135700,0.005812,1.000000,0.008116,1.000000,809.8,0.001000
135800,0.000904,1.000000,0.001064,1.000000,810.4,0.001000
135900,0.000714,1.000000,0.000820,1.000000,811.0,0.001000
136000,0.000832,1.000000,0.001045,1.000000,811.6,0.001000
136100,0.001109,1.000000,0.001293,1.000000,812.1,0.001000
136200,0.009594,1.000000,0.014366,0.999362,812.7,0.001000
136300,0.001036,1.000000,0.001190,1.000000,813.4,0.001000
136400,0.924395,0.714923,0.993286,0.689054,813.9,0.001000
136500,0.000826,1.000000,0.001015,1.000000,814.6,0.001000
136600,0.001063,1.000000,0.001217,1.000000,815.1,0.001000
136700,0.003880,1.000000,0.006446,0.999362,815.7,0.001000
136800,0.001009,1.000000,0.001144,1.000000,816.3,0.001000
136900,0.072073,0.993622,0.087075,0.992349,816.9,0.001000
137000,0.000797,1.000000,0.000993,1.000000,817.4,0.001000
137100,0.001083,1.000000,0.001247,1.000000,818.0,0.001000
137200,0.005973,1.000000,0.008709,0.999575,818.6,0.001000
137300,0.000920,1.000000,0.001074,1.000000,819.1,0.001000
137400,0.000694,1.000000,0.000786,1.000000,819.8,0.001000
137500,0.000672,1.000000,0.000814,1.000000,820.4,0.001000
137600,0.000969,1.000000,0.001105,1.000000,821.0,0.001000
137700,0.003675,1.000000,0.005173,1.000000,821.6,0.001000
137800,0.001062,1.000000,0.001248,1.000000,822.2,0.001000
137900,0.004799,1.000000,0.005793,1.000000,822.8,0.001000
138000,0.000816,1.000000,0.001002,1.000000,823.4,0.001000
138100,0.001135,1.000000,0.001284,1.000000,824.0,0.001000
138200,0.009877,0.999787,0.015017,0.999362,824.5,0.001000
138300,0.000949,1.000000,0.001111,1.000000,825.1,0.001000
138400,0.000889,1.000000,0.001021,1.000000,825.7,0.001000
138500,0.000856,1.000000,0.001141,1.000000,826.4,0.001000
138600,0.001122,1.000000,0.001306,1.000000,827.0,0.001000
138700,0.099913,0.987245,0.123902,0.978746,827.6,0.001000
138800,0.000837,1.000000,0.001019,1.000000,828.2,0.001000
138900,0.000959,1.000000,0.001096,1.000000,828.8,0.001000
139000,0.001746,1.000000,0.002947,0.999787,829.4,0.001000
139100,0.001039,1.000000,0.001192,1.000000,830.0,0.001000
139200,0.175672,0.964073,0.197598,0.955154,830.5,0.001000
139300,0.000726,1.000000,0.000872,1.000000,831.1,0.001000
139400,0.000833,1.000000,0.000953,1.000000,831.7,0.001000
139500,0.001166,1.000000,0.001614,1.000000,832.3,0.001000
139600,0.001033,1.000000,0.001182,1.000000,832.9,0.001000
139700,0.023372,0.999362,0.030851,0.997875,833.5,0.001000
139800,0.000863,1.000000,0.001060,1.000000,834.1,0.001000
139900,0.000882,1.000000,0.001012,1.000000,834.7,0.001000
140000,0.000806,1.000000,0.001009,1.000000,835.3,0.001000
140100,0.001103,1.000000,0.001267,1.000000,835.9,0.001000
140200,0.037376,0.998724,0.042363,0.998725,836.5,0.001000
140300,0.000825,1.000000,0.000963,1.000000,837.1,0.001000
140400,0.000778,1.000000,0.000888,1.000000,837.7,0.001000
140500,0.001607,1.000000,0.002402,1.000000,838.3,0.001000
140600,0.001071,1.000000,0.001233,1.000000,838.9,0.001000
140700,0.000769,1.000000,0.000876,1.000000,839.6,0.001000
140800,0.000684,1.000000,0.000833,1.000000,840.1,0.001000
140900,0.001007,1.000000,0.001156,1.000000,840.8,0.001000
141000,0.003368,1.000000,0.005304,0.999787,841.5,0.001000
141100,0.001031,1.000000,0.001198,1.000000,842.1,0.001000
141200,0.094816,0.990859,0.103166,0.989373,842.7,0.001000
141300,0.000768,1.000000,0.000951,1.000000,843.2,0.001000
141400,0.001022,1.000000,0.001176,1.000000,843.9,0.001000
141500,0.007676,1.000000,0.012100,0.999575,844.4,0.001000
141600,0.000989,1.000000,0.001156,1.000000,845.1,0.001000
141700,0.000816,1.000000,0.000925,1.000000,845.7,0.001000
141800,0.000700,1.000000,0.000845,1.000000,846.3,0.001000
141900,0.000945,1.000000,0.001082,1.000000,846.9,0.001000
142000,0.003554,1.000000,0.005403,1.000000,847.5,0.001000
142100,0.000978,1.000000,0.001160,1.000000,848.1,0.001000
142200,0.498557,0.873087,0.555328,0.854835,848.8,0.001000
142300,0.000791,1.000000,0.001019,1.000000,849.4,0.001000
142400,0.001043,1.000000,0.001198,1.000000,850.1,0.001000
142500,0.016761,1.000000,0.025929,0.997450,850.7,0.001000
142600,0.000907,1.000000,0.001063,1.000000,851.3,0.001000
142700,0.000862,1.000000,0.000978,1.000000,852.0,0.001000
142800,0.001858,1.000000,0.002737,1.000000,852.6,0.001000
142900,0.001080,1.000000,0.001236,1.000000,853.2,0.001000
143000,0.066400,0.992134,0.073849,0.989798,853.8,0.001000
143100,0.000775,1.000000,0.000953,1.000000,854.4,0.001000
143200,0.001065,1.000000,0.001208,1.000000,855.0,0.001000
143300,0.004115,1.000000,0.005077,1.000000,855.6,0.001000
143400,0.000983,1.000000,0.001138,1.000000,856.2,0.001000
143500,0.000717,1.000000,0.000814,1.000000,856.8,0.001000
143600,0.000750,1.000000,0.000914,1.000000,857.4,0.001000
143700,0.001034,1.000000,0.001181,1.000000,858.0,0.001000
143800,0.001085,1.000000,0.001529,1.000000,858.6,0.001000
143900,0.001079,1.000000,0.001237,1.000000,859.2,0.001000
144000,0.070155,0.992559,0.081022,0.990648,859.8,0.001000
144100,0.000746,1.000000,0.000930,1.000000,860.4,0.001000
144200,0.000861,1.000000,0.000991,1.000000,861.0,0.001000
144300,0.000899,1.000000,0.001220,1.000000,861.5,0.001000
144400,0.001015,1.000000,0.001186,1.000000,862.2,0.001000
144500,0.022752,0.998937,0.031241,0.997024,862.8,0.001000
144600,0.000867,1.000000,0.001015,1.000000,863.4,0.001000
144700,0.000924,1.000000,0.001047,1.000000,864.0,0.001000
144800,0.000973,1.000000,0.001272,1.000000,864.6,0.001000
144900,0.001167,1.000000,0.001340,1.000000,865.3,0.001000
145000,0.005833,1.000000,0.007945,0.999575,865.8,0.001000
145100,0.001067,1.000000,0.001229,1.000000,866.4,0.001000
145200,0.000768,1.000000,0.000872,1.000000,867.0,0.001000
145300,0.000690,1.000000,0.000907,1.000000,867.6,0.001000
145400,0.000980,1.000000,0.001128,1.000000,868.2,0.001000
145500,0.005112,1.000000,0.006874,0.999787,868.9,0.001000
145600,0.000988,1.000000,0.001154,1.000000,869.4,0.001000
145700,0.000769,1.000000,0.000872,1.000000,870.0,0.001000
145800,0.000737,1.000000,0.000915,1.000000,870.7,0.001000
145900,0.001023,1.000000,0.001192,1.000000,871.3,0.001000
146000,0.001258,1.000000,0.001797,1.000000,871.9,0.001000
146100,0.001068,1.000000,0.001230,1.000000,872.5,0.001000
146200,0.062401,0.994473,0.076649,0.992349,873.1,0.001000
146300,0.000754,1.000000,0.001002,1.000000,873.7,0.001000
146400,0.001091,1.000000,0.001270,1.000000,874.3,0.001000
146500,0.007570,0.999787,0.010756,0.999362,874.9,0.001000
146600,0.000876,1.000000,0.001046,1.000000,875.5,0.001000
146700,0.000826,1.000000,0.000946,1.000000,876.0,0.001000
146800,0.000728,1.000000,0.000954,1.000000,876.6,0.001000
146900,0.001013,1.000000,0.001182,1.000000,877.2,0.001000
147000,0.014924,0.999362,0.020059,0.998725,877.8,0.001000
147100,0.000843,1.000000,0.000986,1.000000,878.4,0.001000
147200,0.000843,1.000000,0.000972,1.000000,879.0,0.001000
147300,0.000942,1.000000,0.001215,1.000000,879.6,0.001000
147400,0.001076,1.000000,0.001230,1.000000,880.3,0.001000
147500,0.047900,0.996386,0.063189,0.994686,880.9,0.001000
147600,0.000803,1.000000,0.000978,1.000000,881.6,0.001000
147700,0.000906,1.000000,0.001062,1.000000,882.2,0.001000
147800,0.002141,1.000000,0.003616,0.999787,882.9,0.001000
147900,0.001028,1.000000,0.001201,1.000000,883.5,0.001000
148000,0.000716,1.000000,0.000824,1.000000,884.0,0.001000
148100,0.000709,1.000000,0.000897,1.000000,884.7,0.001000
148200,0.001002,1.000000,0.001143,1.000000,885.3,0.001000
148300,0.004858,1.000000,0.006602,0.999787,885.9,0.001000
148400,0.001005,1.000000,0.001186,1.000000,886.4,0.001000
148500,0.000781,1.000000,0.000906,1.000000,887.0,0.001000
148600,0.000706,1.000000,0.000903,1.000000,887.6,0.001000
148700,0.001006,1.000000,0.001184,1.000000,888.2,0.001000
148800,0.001689,1.000000,0.002342,1.000000,888.8,0.001000
148900,0.001079,1.000000,0.001237,1.000000,889.4,0.001000
149000,0.000729,1.000000,0.000809,1.000000,890.0,0.001000
149100,0.000689,1.000000,0.000890,1.000000,890.6,0.001000
149200,0.000881,1.000000,0.001041,1.000000,891.3,0.001000
149300,0.002060,1.000000,0.003294,0.999787,891.9,0.001000
149400,0.001018,1.000000,0.001184,1.000000,892.5,0.001000
149500,0.284075,0.921344,0.339774,0.907970,893.1,0.001000
149600,0.000746,1.000000,0.000924,1.000000,893.7,0.001000
149700,0.001015,1.000000,0.001188,1.000000,894.3,0.001000
149800,0.006069,0.999787,0.008992,0.999787,894.9,0.001000
149900,0.000974,1.000000,0.001160,1.000000,895.5,0.001000
150000,0.000803,1.000000,0.000935,1.000000,896.1,0.001000
150100,0.001140,1.000000,0.001890,0.999787,896.7,0.001000
150200,0.001010,1.000000,0.001174,1.000000,897.3,0.001000
150300,0.000643,1.000000,0.000742,1.000000,897.9,0.001000
150400,0.000655,1.000000,0.000841,1.000000,898.5,0.001000
150500,0.000973,1.000000,0.001127,1.000000,899.0,0.001000
150600,0.009702,0.999787,0.012699,0.999150,899.6,0.001000
150700,0.000924,1.000000,0.001100,1.000000,900.2,0.001000
150800,0.000901,1.000000,0.001017,1.000000,900.8,0.001000
150900,0.000717,1.000000,0.000918,1.000000,901.4,0.001000
151000,0.000950,1.000000,0.001099,1.000000,901.9,0.001000
151100,0.003171,1.000000,0.005179,0.999575,902.5,0.001000
151200,0.000990,1.000000,0.001155,1.000000,903.2,0.001000
151300,0.000710,1.000000,0.000809,1.000000,903.8,0.001000
151400,0.000651,1.000000,0.000852,1.000000,904.3,0.001000
151500,0.000912,1.000000,0.001071,1.000000,904.9,0.001000
151600,0.023245,0.998512,0.035566,0.997450,905.5,0.001000
151700,0.000781,1.000000,0.000953,1.000000,906.1,0.001000
151800,0.000867,1.000000,0.001000,1.000000,906.8,0.001000
151900,0.002895,1.000000,0.004541,0.999787,907.4,0.001000
152000,0.001026,1.000000,0.001234,1.000000,908.0,0.001000
152100,0.000781,1.000000,0.000895,1.000000,908.6,0.001000
152200,0.000749,1.000000,0.001051,1.000000,909.2,0.001000
152300,0.001054,1.000000,0.001231,1.000000,909.8,0.001000
152400,0.014438,0.999787,0.018497,0.999150,910.4,0.001000
152500,0.000924,1.000000,0.001112,1.000000,910.9,0.001000
152600,0.000832,1.000000,0.000969,1.000000,911.5,0.001000
152700,0.000804,1.000000,0.001129,1.000000,912.1,0.001000
152800,0.001034,1.000000,0.001207,1.000000,912.7,0.001000
152900,0.010490,0.999787,0.015010,0.999575,913.4,0.001000
153000,0.000938,1.000000,0.001096,1.000000,913.9,0.001000
153100,0.000812,1.000000,0.000929,1.000000,914.6,0.001000
153200,0.000721,1.000000,0.000965,1.000000,915.2,0.001000
153300,0.001017,1.000000,0.001183,1.000000,915.8,0.001000
153400,0.023506,0.998937,0.033095,0.996812,916.4,0.001000
153500,0.000962,1.000000,0.001137,1.000000,917.0,0.001000
153600,0.000928,1.000000,0.001067,1.000000,917.6,0.001000
153700,0.000799,1.000000,0.001055,1.000000,918.3,0.001000
153800,0.001024,1.000000,0.001185,1.000000,919.0,0.001000
153900,0.009984,1.000000,0.016950,0.998725,919.6,0.001000
154000,0.000865,1.000000,0.001023,1.000000,920.2,0.001000
154100,0.000843,1.000000,0.000974,1.000000,920.7,0.001000
154200,0.000953,1.000000,0.001276,1.000000,921.3,0.001000
154300,0.001047,1.000000,0.001197,1.000000,921.9,0.001000
154400,0.170436,0.966412,0.193318,0.956854,922.4,0.001000
154500,0.000750,1.000000,0.000938,1.000000,923.0,0.001000
154600,0.000892,1.000000,0.001037,1.000000,923.5,0.001000
154700,0.001321,1.000000,0.001741,1.000000,924.1,0.001000
154800,0.000996,1.000000,0.001151,1.000000,924.7,0.001000
154900,0.167263,0.969175,0.185992,0.961105,925.3,0.001000
155000,0.000721,1.000000,0.000892,1.000000,925.9,0.001000
155100,0.000991,1.000000,0.001137,1.000000,926.5,0.001000
155200,0.002250,1.000000,0.003126,1.000000,927.1,0.001000
155300,0.001041,1.000000,0.001183,1.000000,927.7,0.001000
155400,0.011987,1.000000,0.013333,1.000000,928.3,0.001000
155500,0.000715,1.000000,0.000904,1.000000,928.9,0.001000
155600,0.000972,1.000000,0.001117,1.000000,929.6,0.001000
155700,0.003624,1.000000,0.005018,1.000000,930.1,0.001000
155800,0.001008,1.000000,0.001182,1.000000,930.7,0.001000
155900,0.060892,0.995748,0.076071,0.992774,931.3,0.001000
156000,0.000875,1.000000,0.001032,1.000000,931.9,0.001000
156100,0.000828,1.000000,0.000945,1.000000,932.5,0.001000
156200,0.001402,1.000000,0.002188,1.000000,933.1,0.001000
156300,0.001009,1.000000,0.001153,1.000000,933.6,0.001000
156400,0.057455,0.994898,0.067699,0.992561,934.2,0.001000
156500,0.000772,1.000000,0.000978,1.000000,934.8,0.001000
156600,0.000867,1.000000,0.001014,1.000000,935.4,0.001000
156700,0.002595,1.000000,0.003582,1.000000,936.0,0.001000
156800,0.000985,1.000000,0.001145,1.000000,936.6,0.001000
156900,0.000712,1.000000,0.000802,1.000000,937.1,0.001000
157000,0.000753,1.000000,0.001267,1.000000,937.8,0.001000
157100,0.001118,1.000000,0.001326,1.000000,938.3,0.001000
157200,0.006902,0.999787,0.009355,1.000000,938.9,0.001000
157300,0.001057,1.000000,0.001257,1.000000,939.5,0.001000
157400,0.000777,1.000000,0.000890,1.000000,940.1,0.001000
157500,0.000737,1.000000,0.001007,1.000000,940.8,0.001000
157600,0.001009,1.000000,0.001176,1.000000,941.4,0.001000
157700,0.010117,0.999575,0.014093,0.999575,942.0,0.001000
157800,0.000976,1.000000,0.001170,1.000000,942.6,0.001000
157900,0.000868,1.000000,0.000997,1.000000,943.2,0.001000
158000,0.000995,1.000000,0.001458,1.000000,943.8,0.001000
158100,0.001035,1.000000,0.001222,1.000000,944.4,0.001000
158200,0.188303,0.967049,0.206804,0.963231,945.0,0.001000
158300,0.000745,1.000000,0.000910,1.000000,945.6,0.001000
158400,0.000955,1.000000,0.001106,1.000000,946.1,0.001000
158500,0.001892,1.000000,0.002982,1.000000,946.7,0.001000
158600,0.000985,1.000000,0.001153,1.000000,947.2,0.001000
158700,0.000643,1.000000,0.000724,1.000000,947.8,0.001000
158800,0.000702,1.000000,0.000952,1.000000,948.4,0.001000
158900,0.001087,1.000000,0.001258,1.000000,948.9,0.001000
159000,0.015507,0.999575,0.023331,0.997662,949.5,0.001000
159100,0.000977,1.000000,0.001210,1.000000,950.0,0.001000
159200,0.001008,1.000000,0.001166,1.000000,950.6,0.001000
159300,0.000866,1.000000,0.001147,1.000000,951.1,0.001000
159400,0.001029,1.000000,0.001209,1.000000,951.7,0.001000
159500,0.011447,1.000000,0.016456,0.999575,952.2,0.001000
159600,0.000895,1.000000,0.001069,1.000000,952.8,0.001000
159700,0.000762,1.000000,0.000874,1.000000,953.4,0.001000
159800,0.001137,1.000000,0.001714,1.000000,953.9,0.001000
159900,0.001185,1.000000,0.001427,1.000000,954.5,0.001000
160000,0.000941,1.000000,0.001085,1.000000,955.1,0.001000
160100,0.000779,1.000000,0.000962,1.000000,955.6,0.001000
160200,0.000914,1.000000,0.001071,1.000000,956.2,0.001000
160300,0.004880,1.000000,0.006508,0.999575,956.8,0.001000
160400,0.000899,1.000000,0.001079,1.000000,957.3,0.001000
160500,0.000724,1.000000,0.000822,1.000000,957.9,0.001000
160600,0.000796,1.000000,0.001136,1.000000,958.4,0.001000
160700,0.001071,1.000000,0.001241,1.000000,959.0,0.001000
160800,0.032029,0.998724,0.044505,0.995962,959.5,0.001000
160900,0.000884,1.000000,0.001122,1.000000,960.1,0.001000
161000,0.000926,1.000000,0.001061,1.000000,960.6,0.001000
161100,0.001865,1.000000,0.002903,0.999787,961.2,0.001000
161200,0.000968,1.000000,0.001114,1.000000,961.7,0.001000
161300,0.014766,0.999787,0.018767,0.999575,962.3,0.001000
161400,0.001056,1.000000,0.001230,1.000000,962.9,0.001000
161500,0.000970,1.000000,0.001101,1.000000,963.5,0.001000
161600,0.000958,1.000000,0.001427,1.000000,964.0,0.001000
161700,0.001006,1.000000,0.001177,1.000000,964.5,0.001000
161800,0.006476,1.000000,0.010473,0.999362,965.1,0.001000
161900,0.001030,1.000000,0.001200,1.000000,965.6,0.001000
162000,0.000811,1.000000,0.000915,1.000000,966.2,0.001000
162100,0.000787,1.000000,0.001006,1.000000,966.8,0.001000
162200,0.001010,1.000000,0.001183,1.000000,967.3,0.001000
162300,0.005628,1.000000,0.009766,0.999362,967.9,0.001000
162400,0.000909,1.000000,0.001078,1.000000,968.4,0.001000
162500,0.231314,0.934949,0.255612,0.934963,969.0,0.001000
162600,0.001077,1.000000,0.001657,1.000000,969.5,0.001000
162700,0.001025,1.000000,0.001202,1.000000,970.1,0.001000
162800,0.034567,0.998087,0.045693,0.997662,970.7,0.001000
162900,0.000694,1.000000,0.000898,1.000000,971.2,0.001000
163000,0.000967,1.000000,0.001124,1.000000,971.8,0.001000
163100,0.001895,1.000000,0.002909,1.000000,972.4,0.001000
163200,0.001031,1.000000,0.001210,1.000000,972.9,0.001000
163300,0.000679,1.000000,0.000767,1.000000,973.5,0.001000
163400,0.000646,1.000000,0.000795,1.000000,974.0,0.001000
163500,0.000942,1.000000,0.001077,1.000000,974.6,0.001000
163600,0.002588,1.000000,0.003678,1.000000,975.2,0.001000
163700,0.001035,1.000000,0.001203,1.000000,975.7,0.001000
163800,0.000713,1.000000,0.000816,1.000000,976.3,0.001000
163900,0.000679,1.000000,0.000950,1.000000,976.9,0.001000
164000,0.000988,1.000000,0.001144,1.000000,977.4,0.001000
164100,0.027702,0.997024,0.034916,0.997237,977.9,0.001000
164200,0.000892,1.000000,0.001052,1.000000,978.5,0.001000
164300,0.000886,1.000000,0.001012,1.000000,979.0,0.001000
164400,0.000814,1.000000,0.001060,1.000000,979.6,0.001000
164500,0.001041,1.000000,0.001185,1.000000,980.1,0.001000
164600,0.029206,0.999362,0.041367,0.996599,980.7,0.001000
164700,0.000808,1.000000,0.000961,1.000000,981.3,0.001000
164800,0.000844,1.000000,0.000961,1.000000,981.8,0.001000
164900,0.000984,1.000000,0.001322,1.000000,982.3,0.001000
165000,0.001043,1.000000,0.001227,1.000000,982.9,0.001000
165100,0.032444,0.998087,0.042345,0.997024,983.5,0.001000
165200,0.000880,1.000000,0.001097,1.000000,984.0,0.001000
165300,0.000954,1.000000,0.001114,1.000000,984.6,0.001000
165400,0.002803,1.000000,0.004917,0.999575,985.2,0.001000
165500,0.000987,1.000000,0.001148,1.000000,985.7,0.001000
165600,0.021725,0.999787,0.029314,0.998300,986.3,0.001000
165700,0.000858,1.000000,0.001050,1.000000,986.9,0.001000
165800,0.000818,1.000000,0.000940,1.000000,987.4,0.001000
165900,0.002389,1.000000,0.004539,0.999787,988.0,0.001000
166000,0.000987,1.000000,0.001171,1.000000,988.6,0.001000
166100,0.000761,1.000000,0.000885,1.000000,989.1,0.001000
166200,0.001795,1.000000,0.002500,1.000000,989.7,0.001000
166300,0.000974,1.000000,0.001145,1.000000,990.2,0.001000
166400,0.110253,0.982781,0.127643,0.977258,990.8,0.001000
166500,0.000773,1.000000,0.000952,1.000000,991.3,0.001000
166600,0.001017,1.000000,0.001169,1.000000,991.9,0.001000
166700,0.001046,1.000000,0.001502,1.000000,992.4,0.001000
166800,0.001121,1.000000,0.001300,1.000000,993.0,0.001000
166900,0.004981,1.000000,0.007642,0.999362,993.6,0.001000
167000,0.001012,1.000000,0.001191,1.000000,994.1,0.001000
167100,0.000749,1.000000,0.000855,1.000000,994.7,0.001000
167200,0.001191,1.000000,0.001786,1.000000,995.3,0.001000
167300,0.001076,1.000000,0.001258,1.000000,995.8,0.001000
167400,0.061242,0.995111,0.077685,0.991073,996.4,0.001000
167500,0.000793,1.000000,0.000956,1.000000,997.0,0.001000
167600,0.000785,1.000000,0.000905,1.000000,997.5,0.001000
167700,0.011636,0.999575,0.013713,0.998725,998.1,0.001000
167800,0.000877,1.000000,0.001084,1.000000,998.6,0.001000
167900,0.000864,1.000000,0.001006,1.000000,999.2,0.001000
168000,0.001337,1.000000,0.002139,1.000000,999.7,0.001000
168100,0.001135,1.000000,0.001332,1.000000,1000.3,0.001000
168200,0.032521,0.998299,0.042032,0.997237,1000.9,0.001000
168300,0.000799,1.000000,0.001014,1.000000,1001.5,0.001000
168400,0.001011,1.000000,0.001196,1.000000,1002.0,0.001000
168500,0.004408,0.999787,0.006144,0.999787,1002.6,0.001000
168600,0.000971,1.000000,0.001169,1.000000,1003.1,0.001000
168700,0.000792,1.000000,0.000912,1.000000,1003.7,0.001000
168800,0.001253,1.000000,0.001663,1.000000,1004.3,0.001000
168900,0.001047,1.000000,0.001221,1.000000,1004.8,0.001000
169000,0.045340,0.998087,0.053521,0.997450,1005.4,0.001000
169100,0.000805,1.000000,0.001030,1.000000,1006.0,0.001000
169200,0.000992,1.000000,0.001163,1.000000,1006.5,0.001000
169300,0.001364,1.000000,0.002082,1.000000,1007.1,0.001000
169400,0.001084,1.000000,0.001279,1.000000,1007.7,0.001000
169500,0.118229,0.985969,0.134245,0.977046,1008.2,0.001000
169600,0.000803,1.000000,0.001071,1.000000,1008.8,0.001000
169700,0.001238,1.000000,0.001419,1.000000,1009.4,0.001000
169800,0.009892,1.000000,0.013222,0.999787,1009.9,0.001000
169900,0.001010,1.000000,0.001187,1.000000,1010.5,0.001000
170000,0.000779,1.000000,0.000890,1.000000,1011.0,0.001000
170100,0.000856,1.000000,0.001230,1.000000,1011.6,0.001000
170200,0.000975,1.000000,0.001145,1.000000,1012.2,0.001000
170300,0.003859,1.000000,0.005550,1.000000,1012.7,0.001000
170400,0.000946,1.000000,0.001113,1.000000,1013.3,0.001000
170500,0.000677,1.000000,0.000762,1.000000,1013.9,0.001000
170600,0.000812,1.000000,0.001195,1.000000,1014.5,0.001000
170700,0.001099,1.000000,0.001285,1.000000,1015.0,0.001000
170800,0.023708,0.998724,0.035980,0.996599,1015.6,0.001000
170900,0.000925,1.000000,0.001170,1.000000,1016.2,0.001000
171000,0.001034,1.000000,0.001213,1.000000,1016.7,0.001000
171100,0.001821,1.000000,0.002705,1.000000,1017.3,0.001000
171200,0.001082,1.000000,0.001270,1.000000,1017.9,0.001000
171300,0.013126,0.999575,0.017100,1.000000,1018.4,0.001000
171400,0.000815,1.000000,0.000974,1.000000,1019.0,0.001000
171500,0.000740,1.000000,0.000851,1.000000,1019.6,0.001000
171600,0.000703,1.000000,0.000959,1.000000,1020.1,0.001000
171700,0.000979,1.000000,0.001150,1.000000,1020.7,0.001000
171800,0.002992,1.000000,0.004359,0.999787,1021.2,0.001000
171900,0.000991,1.000000,0.001147,1.000000,1021.8,0.001000
172000,0.000734,1.000000,0.000841,1.000000,1022.4,0.001000
172100,0.000716,1.000000,0.000903,1.000000,1022.9,0.001000
172200,0.000958,1.000000,0.001106,1.000000,1023.5,0.001000
172300,0.001926,1.000000,0.003132,1.000000,1024.1,0.001000
172400,0.001006,1.000000,0.001167,1.000000,1024.6,0.001000
172500,0.000727,1.000000,0.000824,1.000000,1025.1,0.001000
172600,0.000712,1.000000,0.000911,1.000000,1025.7,0.001000
172700,0.001027,1.000000,0.001210,1.000000,1026.2,0.001000
172800,0.009762,1.000000,0.014817,0.999150,1026.8,0.001000
172900,0.000930,1.000000,0.001123,1.000000,1027.3,0.001000
173000,0.000847,1.000000,0.000982,1.000000,1027.9,0.001000
173100,0.000730,1.000000,0.000971,1.000000,1028.4,0.001000
173200,0.000953,1.000000,0.001103,1.000000,1029.0,0.001000
173300,0.024320,1.000000,0.034931,0.998300,1029.6,0.001000
173400,0.000768,1.000000,0.000990,1.000000,1030.1,0.001000
173500,0.000981,1.000000,0.001142,1.000000,1030.7,0.001000
173600,0.003045,1.000000,0.005011,0.999787,1031.3,0.001000
173700,0.000906,1.000000,0.001098,1.000000,1031.8,0.001000
173800,0.000793,1.000000,0.000916,1.000000,1032.4,0.001000
173900,0.000731,1.000000,0.000974,1.000000,1032.9,0.001000
174000,0.000968,1.000000,0.001132,1.000000,1033.5,0.001000
174100,0.013256,0.999575,0.021730,0.997450,1034.0,0.001000
174200,0.000817,1.000000,0.001015,1.000000,1034.6,0.001000
174300,0.000867,1.000000,0.001006,1.000000,1035.1,0.001000
174400,0.001669,1.000000,0.002638,1.000000,1035.7,0.001000
174500,0.001137,1.000000,0.001346,1.000000,1036.2,0.001000
174600,0.058744,0.994685,0.073680,0.989373,1036.8,0.001000
174700,0.000773,1.000000,0.000977,1.000000,1037.3,0.001000
174800,0.001002,1.000000,0.001162,1.000000,1037.9,0.001000
174900,0.007415,0.999787,0.009488,0.999575,1038.5,0.001000
175000,0.000972,1.000000,0.001206,1.000000,1039.0,0.001000
175100,0.000873,1.000000,0.001022,1.000000,1039.6,0.001000
175200,0.002020,1.000000,0.004126,0.999575,1040.1,0.001000
175300,0.001081,1.000000,0.001271,1.000000,1040.6,0.001000
175400,0.109280,0.989371,0.130065,0.982997,1041.2,0.001000
175500,0.000808,1.000000,0.001035,1.000000,1041.8,0.001000
175600,0.001045,1.000000,0.001200,1.000000,1042.4,0.001000
175700,0.022412,1.000000,0.026676,0.999575,1042.9,0.001000
175800,0.000808,1.000000,0.000944,1.000000,1043.4,0.001000
175900,0.000835,1.000000,0.000968,1.000000,1044.0,0.001000
176000,0.001006,1.000000,0.001497,1.000000,1044.5,0.001000
176100,0.001031,1.000000,0.001203,1.000000,1045.1,0.001000
176200,0.054959,0.994898,0.072183,0.991498,1045.6,0.001000
176300,0.000797,1.000000,0.000980,1.000000,1046.2,0.001000
176400,0.000863,1.000000,0.001003,1.000000,1046.7,0.001000
176500,0.000992,1.000000,0.001329,1.000000,1047.3,0.001000
176600,0.000982,1.000000,0.001154,1.000000,1047.9,0.001000
176700,0.030462,0.999150,0.041192,0.996599,1048.4,0.001000
176800,0.000854,1.000000,0.001064,1.000000,1049.0,0.001000
176900,0.000937,1.000000,0.001090,1.000000,1049.6,0.001000
177000,0.001172,1.000000,0.001871,1.000000,1050.1,0.001000
177100,0.001048,1.000000,0.001246,1.000000,1050.7,0.001000
177200,0.031479,0.998512,0.042901,0.996812,1051.3,0.001000
177300,0.000907,1.000000,0.001121,1.000000,1051.9,0.001000
177400,0.000964,1.000000,0.001112,1.000000,1052.4,0.001000
177500,0.001043,1.000000,0.001368,1.000000,1053.0,0.001000
177600,0.001097,1.000000,0.001263,1.000000,1053.5,0.001000
177700,0.014415,0.999787,0.020008,0.999362,1054.0,0.001000
177800,0.000891,1.000000,0.001066,1.000000,1054.6,0.001000
177900,0.000902,1.000000,0.001038,1.000000,1055.2,0.001000
178000,0.001813,1.000000,0.002861,0.999787,1055.8,0.001000
178100,0.001090,1.000000,0.001281,1.000000,1056.3,0.001000
178200,0.040874,0.996386,0.052623,0.992774,1056.9,0.001000
178300,0.000818,1.000000,0.001002,1.000000,1057.4,0.001000
178400,0.000910,1.000000,0.001060,1.000000,1058.0,0.001000
178500,0.002179,1.000000,0.002903,1.000000,1058.5,0.001000
178600,0.001010,1.000000,0.001169,1.000000,1059.1,0.001000
178700,1.152503,0.657951,1.146775,0.674176,1059.7,0.001000
178800,0.000709,1.000000,0.000963,1.000000,1060.2,0.001000
178900,0.000965,1.000000,0.001127,1.000000,1060.8,0.001000
179000,0.002854,1.000000,0.004567,0.999787,1061.3,0.001000
179100,0.001027,1.000000,0.001207,1.000000,1061.9,0.001000
179200,0.000723,1.000000,0.000839,1.000000,1062.4,0.001000
179300,0.000795,1.000000,0.001242,1.000000,1063.0,0.001000
179400,0.001097,1.000000,0.001299,1.000000,1063.6,0.001000
179500,0.014748,1.000000,0.020333,0.998937,1064.1,0.001000
179600,0.000892,1.000000,0.001061,1.000000,1064.7,0.001000
179700,0.000839,1.000000,0.000967,1.000000,1065.3,0.001000
179800,0.001840,1.000000,0.003100,0.999787,1065.8,0.001000
179900,0.001033,1.000000,0.001195,1.000000,1066.4,0.001000
180000,0.028102,0.996386,0.037688,0.994261,1067.0,0.001000
180100,0.000900,1.000000,0.001161,1.000000,1067.5,0.001000
180200,0.001046,1.000000,0.001208,1.000000,1068.1,0.001000
180300,0.010701,0.999787,0.013492,0.999575,1068.7,0.001000
180400,0.000793,1.000000,0.001008,1.000000,1069.2,0.001000
180500,0.000869,1.000000,0.001020,1.000000,1069.8,0.001000
180600,0.002158,1.000000,0.003873,0.999575,1070.3,0.001000
180700,0.001070,1.000000,0.001260,1.000000,1070.9,0.001000
180800,0.000734,1.000000,0.000845,1.000000,1071.5,0.001000
180900,0.000700,1.000000,0.000929,1.000000,1072.0,0.001000
181000,0.000982,1.000000,0.001155,1.000000,1072.6,0.001000
181100,0.005879,1.000000,0.007688,1.000000,1073.1,0.001000
181200,0.001058,1.000000,0.001259,1.000000,1073.6,0.001000
181300,0.000819,1.000000,0.000944,1.000000,1074.2,0.001000
181400,0.000800,1.000000,0.001040,1.000000,1074.8,0.001000
181500,0.001115,1.000000,0.001290,1.000000,1075.3,0.001000
181600,0.017639,0.998937,0.021106,0.999150,1075.9,0.001000
181700,0.000866,1.000000,0.001048,1.000000,1076.5,0.001000
181800,0.000966,1.000000,0.001131,1.000000,1077.1,0.001000
181900,0.000830,1.000000,0.001179,1.000000,1077.6,0.001000
182000,0.001122,1.000000,0.001314,1.000000,1078.1,0.001000
182100,0.018010,0.999787,0.025477,0.998512,1078.7,0.001000
182200,0.000851,1.000000,0.001016,1.000000,1079.2,0.001000
182300,0.000795,1.000000,0.000914,1.000000,1079.8,0.001000
182400,0.000702,1.000000,0.000955,1.000000,1080.4,0.001000
182500,0.000907,1.000000,0.001065,1.000000,1080.9,0.001000
182600,0.002896,1.000000,0.004259,0.999787,1081.5,0.001000
182700,0.000985,1.000000,0.001187,1.000000,1082.0,0.001000
182800,0.000901,1.000000,0.001038,1.000000,1082.6,0.001000
182900,0.000784,1.000000,0.001001,1.000000,1083.1,0.001000
183000,0.001129,1.000000,0.001316,1.000000,1083.7,0.001000
183100,0.006086,1.000000,0.009832,0.999575,1084.3,0.001000
183200,0.001014,1.000000,0.001194,1.000000,1084.8,0.001000
183300,0.000900,1.000000,0.001035,1.000000,1085.4,0.001000
183400,0.000750,1.000000,0.001048,1.000000,1085.9,0.001000
183500,0.001109,1.000000,0.001307,1.000000,1086.5,0.001000
183600,0.016022,0.999787,0.023182,0.998937,1087.1,0.001000
183700,0.000929,1.000000,0.001132,1.000000,1087.6,0.001000
183800,0.000887,1.000000,0.001033,1.000000,1088.2,0.001000
183900,0.000773,1.000000,0.000943,1.000000,1088.7,0.001000
184000,0.000993,1.000000,0.001141,1.000000,1089.3,0.001000
184100,0.005115,1.000000,0.006899,0.999787,1089.9,0.001000
184200,0.000903,1.000000,0.001064,1.000000,1090.5,0.001000
184300,0.045193,0.992985,0.061039,0.988310,1091.0,0.001000
184400,0.001455,1.000000,0.002018,1.000000,1091.6,0.001000
184500,0.000950,1.000000,0.001119,1.000000,1092.1,0.001000
184600,0.045808,0.997024,0.061001,0.993199,1092.7,0.001000
184700,0.000760,1.000000,0.000975,1.000000,1093.3,0.001000
184800,0.000908,1.000000,0.001069,1.000000,1093.9,0.001000
184900,0.000921,1.000000,0.001262,1.000000,1094.5,0.001000
185000,0.001029,1.000000,0.001201,1.000000,1095.1,0.001000
185100,0.017906,0.999787,0.025137,0.997450,1095.6,0.001000
185200,0.000778,1.000000,0.000974,1.000000,1096.2,0.001000
185300,0.000907,1.000000,0.001055,1.000000,1096.8,0.001000
185400,0.000992,1.000000,0.001841,1.000000,1097.3,0.001000
185500,0.001114,1.000000,0.001325,1.000000,1097.9,0.001000
185600,0.099552,0.988095,0.118943,0.984697,1098.4,0.001000
185700,0.000737,1.000000,0.000985,1.000000,1099.0,0.001000
185800,0.001077,1.000000,0.001245,1.000000,1099.6,0.001000
185900,0.020317,0.999787,0.028305,0.997875,1100.1,0.001000
186000,0.000901,1.000000,0.001087,1.000000,1100.7,0.001000
186100,0.000952,1.000000,0.001096,1.000000,1101.3,0.001000
186200,0.000734,1.000000,0.000962,1.000000,1101.8,0.001000
186300,0.000935,1.000000,0.001078,1.000000,1102.4,0.001000
186400,0.015004,0.999150,0.022381,0.997450,1102.9,0.001000
186500,0.000908,1.000000,0.001085,1.000000,1103.5,0.001000
186600,0.000910,1.000000,0.001033,1.000000,1104.0,0.001000
186700,0.001081,1.000000,0.001471,1.000000,1104.6,0.001000
186800,0.001167,1.000000,0.001348,1.000000,1105.1,0.001000
186900,0.040366,0.997236,0.062011,0.991286,1105.7,0.001000
187000,0.000854,1.000000,0.001088,1.000000,1106.2,0.001000
187100,0.001003,1.000000,0.001160,1.000000,1106.8,0.001000
187200,0.000838,1.000000,0.001270,1.000000,1107.4,0.001000
187300,0.001050,1.000000,0.001235,1.000000,1108.0,0.001000
187400,0.027390,0.999150,0.036518,0.998725,1108.5,0.001000
187500,0.000752,1.000000,0.001050,1.000000,1109.1,0.001000
187600,0.001071,1.000000,0.001260,1.000000,1109.6,0.001000
187700,0.002182,1.000000,0.003210,0.999787,1110.2,0.001000
187800,0.001061,1.000000,0.001239,1.000000,1110.8,0.001000
187900,0.000688,1.000000,0.000790,1.000000,1111.3,0.001000
188000,0.000696,1.000000,0.000948,1.000000,1111.9,0.001000
188100,0.000997,1.000000,0.001141,1.000000,1112.5,0.001000
188200,0.004447,1.000000,0.006424,0.999787,1113.0,0.001000
188300,0.000873,1.000000,0.001035,1.000000,1113.6,0.001000
188400,0.000675,1.000000,0.000781,1.000000,1114.2,0.001000
188500,0.000713,1.000000,0.000993,1.000000,1114.7,0.001000
188600,0.000983,1.000000,0.001147,1.000000,1115.2,0.001000
188700,0.011992,0.999787,0.015612,0.999150,1115.8,0.001000
188800,0.000961,1.000000,0.001161,1.000000,1116.4,0.001000
188900,0.000826,1.000000,0.000952,1.000000,1117.0,0.001000
189000,0.000730,1.000000,0.001016,1.000000,1117.5,0.001000
189100,0.000997,1.000000,0.001158,1.000000,1118.1,0.001000
189200,0.005169,0.999787,0.007425,0.999362,1118.6,0.001000
189300,0.000973,1.000000,0.001151,1.000000,1119.2,0.001000
189400,0.000775,1.000000,0.000904,1.000000,1119.8,0.001000
189500,0.000766,1.000000,0.001028,1.000000,1120.3,0.001000
189600,0.001073,1.000000,0.001250,1.000000,1120.9,0.001000
189700,0.006516,1.000000,0.008567,1.000000,1121.4,0.001000
189800,0.000978,1.000000,0.001136,1.000000,1122.0,0.001000
189900,0.000760,1.000000,0.000868,1.000000,1122.5,0.001000
190000,0.000785,1.000000,0.001172,1.000000,1123.1,0.001000
190100,0.000978,1.000000,0.001151,1.000000,1123.7,0.001000
190200,0.005971,1.000000,0.009778,0.999787,1124.3,0.001000
190300,0.000969,1.000000,0.001144,1.000000,1124.9,0.001000
190400,0.000731,1.000000,0.000848,1.000000,1125.5,0.001000
190500,0.000700,1.000000,0.001050,1.000000,1126.1,0.001000
190600,0.001016,1.000000,0.001191,1.000000,1126.6,0.001000
190700,0.018132,0.999787,0.025846,0.998937,1127.2,0.001000
190800,0.000769,1.000000,0.000949,1.000000,1127.7,0.001000
190900,0.000901,1.000000,0.001058,1.000000,1128.3,0.001000
191000,0.001928,1.000000,0.003163,0.999787,1128.9,0.001000
191100,0.001066,1.000000,0.001243,1.000000,1129.5,0.001000
191200,0.000733,1.000000,0.000842,1.000000,1130.0,0.001000
191300,0.000720,1.000000,0.000990,1.000000,1130.6,0.001000
191400,0.001059,1.000000,0.001236,1.000000,1131.2,0.001000
191500,0.017740,0.999787,0.022604,0.999362,1131.8,0.001000
191600,0.000810,1.000000,0.001025,1.000000,1132.3,0.001000
191700,0.000953,1.000000,0.001102,1.000000,1132.8,0.001000
191800,0.001294,1.000000,0.001895,1.000000,1133.4,0.001000
191900,0.001062,1.000000,0.001227,1.000000,1134.0,0.001000
192000,0.000702,1.000000,0.000823,1.000000,1134.6,0.001000
192100,0.000698,1.000000,0.000909,1.000000,1135.2,0.001000
192200,0.000971,1.000000,0.001128,1.000000,1135.8,0.001000
192300,0.004551,0.999787,0.006037,1.000000,1136.4,0.001000
192400,0.000996,1.000000,0.001165,1.000000,1137.0,0.001000
192500,0.000810,1.000000,0.000926,1.000000,1137.6,0.001000
192600,0.000817,1.000000,0.001141,1.000000,1138.2,0.001000
192700,0.001156,1.000000,0.001337,1.000000,1138.7,0.001000
192800,0.026246,0.999362,0.037503,0.995962,1139.3,0.001000
192900,0.000953,1.000000,0.001158,1.000000,1139.9,0.001000
193000,0.000889,1.000000,0.001021,1.000000,1140.5,0.001000
193100,0.000872,1.000000,0.001352,1.000000,1141.1,0.001000
193200,0.001068,1.000000,0.001246,1.000000,1141.7,0.001000
193300,0.007231,1.000000,0.010772,0.999787,1142.2,0.001000
193400,0.000855,1.000000,0.001033,1.000000,1142.8,0.001000
193500,0.000878,1.000000,0.001017,1.000000,1143.4,0.001000
193600,0.001304,1.000000,0.001924,1.000000,1144.1,0.001000
193700,0.001067,1.000000,0.001262,1.000000,1144.7,0.001000
193800,0.104689,0.984056,0.124284,0.981084,1145.3,0.001000
193900,0.000753,1.000000,0.000962,1.000000,1145.9,0.001000
194000,0.001053,1.000000,0.001222,1.000000,1146.5,0.001000
194100,0.003028,1.000000,0.004502,1.000000,1147.1,0.001000
194200,0.000989,1.000000,0.001181,1.000000,1147.7,0.001000
194300,0.174071,0.970451,0.199895,0.960255,1148.2,0.001000
194400,0.000803,1.000000,0.000993,1.000000,1148.8,0.001000
194500,0.000870,1.000000,0.001008,1.000000,1149.4,0.001000
194600,0.002222,1.000000,0.003278,1.000000,1150.0,0.001000
194700,0.000992,1.000000,0.001165,1.000000,1150.6,0.001000
194800,0.000971,1.000000,0.001090,1.000000,1151.2,0.001000
194900,0.000684,1.000000,0.000949,1.000000,1151.8,0.001000
195000,0.000996,1.000000,0.001170,1.000000,1152.4,0.001000
195100,0.012681,0.999787,0.016144,0.999150,1153.0,0.001000
195200,0.000855,1.000000,0.001101,1.000000,1153.5,0.001000
195300,0.000924,1.000000,0.001081,1.000000,1154.1,0.001000
195400,0.001497,1.000000,0.002396,1.000000,1154.7,0.001000
195500,0.001044,1.000000,0.001219,1.000000,1155.3,0.001000
195600,0.000683,1.000000,0.000783,1.000000,1155.9,0.001000
195700,0.001035,1.000000,0.001322,1.000000,1156.5,0.001000
195800,0.001027,1.000000,0.001183,1.000000,1157.0,0.001000
195900,0.013463,0.999787,0.021204,0.998512,1157.7,0.001000
196000,0.000928,1.000000,0.001115,1.000000,1158.3,0.001000
196100,0.000895,1.000000,0.001034,1.000000,1158.8,0.001000
196200,0.001048,1.000000,0.001421,1.000000,1159.4,0.001000
196300,0.001095,1.000000,0.001270,1.000000,1159.9,0.001000
196400,0.039834,0.998937,0.054686,0.995324,1160.5,0.001000
196500,0.000748,1.000000,0.000941,1.000000,1161.1,0.001000
196600,0.000958,1.000000,0.001124,1.000000,1161.7,0.001000
196700,0.001280,1.000000,0.001781,1.000000,1162.3,0.001000
196800,0.001121,1.000000,0.001318,1.000000,1162.8,0.001000
196900,0.000710,1.000000,0.000820,1.000000,1163.4,0.001000
197000,0.000661,1.000000,0.000909,1.000000,1164.0,0.001000
197100,0.000945,1.000000,0.001117,1.000000,1164.6,0.001000
197200,0.192562,0.968325,0.217791,0.959617,1165.2,0.001000
197300,0.000728,1.000000,0.000919,1.000000,1165.8,0.001000
197400,0.000942,1.000000,0.001100,1.000000,1166.3,0.001000
197500,0.001216,1.000000,0.001739,1.000000,1166.9,0.001000
197600,0.001102,1.000000,0.001277,1.000000,1167.5,0.001000
197700,0.000758,1.000000,0.000846,1.000000,1168.0,0.001000
197800,0.000714,1.000000,0.000929,1.000000,1168.6,0.001000
197900,0.001007,1.000000,0.001178,1.000000,1169.2,0.001000
198000,0.003602,0.999787,0.004987,1.000000,1169.8,0.001000
198100,0.000966,1.000000,0.001138,1.000000,1170.4,0.001000
198200,0.000675,1.000000,0.000781,1.000000,1171.0,0.001000
198300,0.000716,1.000000,0.000953,1.000000,1171.6,0.001000
198400,0.001068,1.000000,0.001255,1.000000,1172.1,0.001000
198500,0.000565,1.000000,0.000643,1.000000,1172.7,0.001000
198600,0.000708,1.000000,0.000917,1.000000,1173.3,0.001000
198700,0.001042,1.000000,0.001212,1.000000,1173.9,0.001000
198800,0.003037,1.000000,0.004985,0.999362,1174.5,0.001000
198900,0.001112,1.000000,0.001298,1.000000,1175.2,0.001000
199000,0.206405,0.955995,0.232761,0.946652,1175.8,0.001000
199100,0.000830,1.000000,0.001053,1.000000,1176.5,0.001000
199200,0.000941,1.000000,0.001096,1.000000,1177.1,0.001000
199300,0.001231,1.000000,0.001678,1.000000,1177.8,0.001000
199400,0.001116,1.000000,0.001302,1.000000,1178.4,0.001000
199500,0.302265,0.930910,0.331830,0.912008,1179.1,0.001000
199600,0.000893,1.000000,0.001102,1.000000,1179.8,0.001000
199700,0.001035,1.000000,0.001186,1.000000,1180.4,0.001000
199800,0.007621,0.999787,0.013220,0.998937,1181.1,0.001000
199900,0.001014,1.000000,0.001196,1.000000,1181.7,0.001000
