step,train_loss,train_acc,test_loss,test_acc,elapsed_sec,lr
0,5.112041,0.008716,5.122183,0.009352,0.0,0.000020
100,4.476404,0.030187,4.826673,0.002976,0.6,0.001000
200,3.136308,0.345876,5.057649,0.046546,1.1,0.001000
300,1.214683,0.812287,3.892212,0.317747,1.7,0.001000
400,0.241107,0.994473,2.767641,0.496706,2.2,0.001000
500,0.067829,0.999787,2.292412,0.514772,2.8,0.001000
600,0.047071,0.999787,1.961631,0.531562,3.3,0.001000
700,0.009891,1.000000,1.461053,0.598512,3.9,0.001000
800,0.202630,0.971514,1.734236,0.572370,4.4,0.001000
900,0.004771,1.000000,0.366693,0.923273,5.0,0.001000
1000,0.004087,1.000000,0.349477,0.926461,5.5,0.001000
1100,1.214598,0.683248,2.377482,0.397237,6.1,0.001000
1200,0.003035,1.000000,0.014289,1.000000,6.7,0.001000
1300,0.002523,1.000000,0.011630,0.999787,7.2,0.001000
1400,0.021430,1.000000,0.043508,0.997875,7.8,0.001000
1500,0.002274,1.000000,0.004344,1.000000,8.4,0.001000
1600,0.001686,1.000000,0.003164,1.000000,9.0,0.001000
1700,0.002022,1.000000,0.002956,1.000000,9.5,0.001000
1800,0.002011,1.000000,0.002848,1.000000,10.1,0.001000
1900,0.058019,0.997236,0.077643,0.994899,10.6,0.001000
2000,0.001799,1.000000,0.002342,1.000000,11.2,0.001000
2100,0.001483,1.000000,0.001873,1.000000,11.8,0.001000
2200,0.003800,1.000000,0.005653,0.999787,12.3,0.001000
2300,0.001607,1.000000,0.002017,1.000000,12.9,0.001000
2400,0.001108,1.000000,0.001337,1.000000,13.4,0.001000
2500,0.001042,1.000000,0.001338,1.000000,14.0,0.001000
2600,0.001414,1.000000,0.001663,1.000000,14.6,0.001000
2700,0.022652,0.998724,0.030496,0.997875,15.1,0.001000
2800,0.001048,1.000000,0.001240,1.000000,15.7,0.001000
2900,0.001109,1.000000,0.001242,1.000000,16.2,0.001000
3000,0.001129,1.000000,0.001416,1.000000,16.8,0.001000
3100,0.001209,1.000000,0.001346,1.000000,17.4,0.001000
3200,0.031127,0.998724,0.037923,0.996174,17.9,0.001000
3300,0.000985,1.000000,0.001119,1.000000,18.5,0.001000
3400,0.001029,1.000000,0.001125,1.000000,19.1,0.001000
3500,0.000868,1.000000,0.001000,1.000000,19.6,0.001000
3600,0.001098,1.000000,0.001194,1.000000,20.2,0.001000
3700,0.006710,0.999575,0.008408,0.999787,20.7,0.001000
3800,0.001023,1.000000,0.001133,1.000000,21.3,0.001000
3900,0.399242,0.893495,0.403739,0.890542,21.9,0.001000
4000,0.000953,1.000000,0.001079,1.000000,22.4,0.001000
4100,0.000986,1.000000,0.001060,1.000000,23.0,0.001000
4200,0.000836,1.000000,0.000939,1.000000,23.5,0.001000
4300,0.001084,1.000000,0.001171,1.000000,24.1,0.001000
4400,0.005603,1.000000,0.006954,1.000000,24.6,0.001000
4500,0.001007,1.000000,0.001105,1.000000,25.2,0.001000
4600,0.000801,1.000000,0.000857,1.000000,25.7,0.001000
4700,0.000820,1.000000,0.000921,1.000000,26.3,0.001000
4800,0.001074,1.000000,0.001157,1.000000,26.8,0.001000
4900,0.001297,1.000000,0.001552,1.000000,27.4,0.001000
5000,0.001163,1.000000,0.001258,1.000000,28.0,0.001000
5100,0.004256,1.000000,0.005114,1.000000,28.5,0.001000
5200,0.001150,1.000000,0.001255,1.000000,29.1,0.001000
5300,0.000805,1.000000,0.000861,1.000000,29.7,0.001000
5400,0.000934,1.000000,0.001029,1.000000,30.2,0.001000
5500,0.001059,1.000000,0.001129,1.000000,30.8,0.001000
5600,0.001154,1.000000,0.001357,1.000000,31.3,0.001000
5700,0.001211,1.000000,0.001308,1.000000,31.9,0.001000
5800,0.011902,0.999575,0.013662,0.999575,32.5,0.001000
5900,0.001173,1.000000,0.001273,1.000000,33.0,0.001000
6000,0.000931,1.000000,0.000990,1.000000,33.5,0.001000
6100,0.000852,1.000000,0.000969,1.000000,34.1,0.001000
6200,0.001090,1.000000,0.001166,1.000000,34.7,0.001000
6300,0.004064,1.000000,0.004872,1.000000,35.2,0.001000
6400,0.001195,1.000000,0.001296,1.000000,35.8,0.001000
6500,0.000909,1.000000,0.000966,1.000000,36.3,0.001000
6600,0.000917,1.000000,0.001031,1.000000,36.9,0.001000
6700,0.001183,1.000000,0.001269,1.000000,37.5,0.001000
6800,0.004578,1.000000,0.005305,1.000000,38.1,0.001000
6900,0.001103,1.000000,0.001200,1.000000,38.7,0.001000
7000,0.000768,1.000000,0.000818,1.000000,39.3,0.001000
7100,0.000917,1.000000,0.001060,1.000000,39.8,0.001000
7200,0.001016,1.000000,0.001091,1.000000,40.4,0.001000
7300,0.006183,1.000000,0.007996,0.999575,41.0,0.001000
7400,0.001069,1.000000,0.001160,1.000000,41.5,0.001000
7500,0.000819,1.000000,0.000876,1.000000,42.1,0.001000
7600,0.000877,1.000000,0.000977,1.000000,42.6,0.001000
7700,0.001015,1.000000,0.001085,1.000000,43.1,0.001000
7800,0.001760,1.000000,0.002088,1.000000,43.7,0.001000
7900,0.001210,1.000000,0.001303,1.000000,44.2,0.001000
8000,0.162268,0.967474,0.193344,0.953454,44.8,0.001000
8100,0.000925,1.000000,0.001011,1.000000,45.3,0.001000
8200,0.000831,1.000000,0.000887,1.000000,45.9,0.001000
8300,0.000839,1.000000,0.000954,1.000000,46.4,0.001000
8400,0.001126,1.000000,0.001204,1.000000,47.0,0.001000
8500,0.031926,0.999362,0.038269,0.997450,47.6,0.001000
8600,0.000866,1.000000,0.000945,1.000000,48.1,0.001000
8700,0.000848,1.000000,0.000902,1.000000,48.7,0.001000
8800,0.001920,1.000000,0.002763,0.999787,49.3,0.001000
8900,0.000975,1.000000,0.001063,1.000000,49.8,0.001000
9000,0.034597,0.997449,0.042431,0.995537,50.4,0.001000
9100,0.000864,1.000000,0.000964,1.000000,50.9,0.001000
9200,0.001017,1.000000,0.001091,1.000000,51.5,0.001000
9300,0.003089,1.000000,0.003643,1.000000,52.1,0.001000
9400,0.001060,1.000000,0.001150,1.000000,52.7,0.001000
9500,0.001994,1.000000,0.002123,1.000000,53.2,0.001000
9600,0.000811,1.000000,0.000913,1.000000,53.8,0.001000
9700,0.001030,1.000000,0.001102,1.000000,54.3,0.001000
9800,0.002404,1.000000,0.002853,1.000000,54.9,0.001000
9900,0.001035,1.000000,0.001115,1.000000,55.5,0.001000
10000,0.322529,0.921131,0.348221,0.917747,56.0,0.001000
10100,0.000802,1.000000,0.000889,1.000000,56.6,0.001000
10200,0.000888,1.000000,0.000948,1.000000,57.1,0.001000
10300,0.002272,1.000000,0.002798,1.000000,57.7,0.001000
10400,0.001113,1.000000,0.001206,1.000000,58.3,0.001000
10500,0.000771,1.000000,0.000819,1.000000,58.9,0.001000
10600,0.000834,1.000000,0.000947,1.000000,59.5,0.001000
10700,0.001146,1.000000,0.001235,1.000000,60.0,0.001000
10800,0.013649,0.999787,0.017240,0.998937,60.6,0.001000
10900,0.001045,1.000000,0.001139,1.000000,61.2,0.001000
11000,0.000859,1.000000,0.000918,1.000000,61.7,0.001000
11100,0.000858,1.000000,0.000961,1.000000,62.3,0.001000
11200,0.001090,1.000000,0.001170,1.000000,62.9,0.001000
11300,0.009504,1.000000,0.010727,1.000000,63.4,0.001000
11400,0.001098,1.000000,0.001195,1.000000,64.0,0.001000
11500,0.000879,1.000000,0.000935,1.000000,64.6,0.001000
11600,0.000868,1.000000,0.000979,1.000000,65.1,0.001000
11700,0.001147,1.000000,0.001224,1.000000,65.7,0.001000
11800,0.029178,0.999575,0.034436,0.999150,66.3,0.001000
11900,0.000952,1.000000,0.001038,1.000000,66.8,0.001000
12000,0.000868,1.000000,0.000927,1.000000,67.4,0.001000
12100,0.000854,1.000000,0.000954,1.000000,67.9,0.001000
12200,0.001104,1.000000,0.001173,1.000000,68.5,0.001000
12300,0.019242,0.999787,0.022855,0.999575,69.0,0.001000
12400,0.001017,1.000000,0.001109,1.000000,69.6,0.001000
12500,0.000962,1.000000,0.001024,1.000000,70.1,0.001000
12600,0.001772,1.000000,0.002121,1.000000,70.7,0.001000
12700,0.001111,1.000000,0.001196,1.000000,71.3,0.001000
12800,0.000777,1.000000,0.000824,1.000000,71.8,0.001000
12900,0.000864,1.000000,0.000955,1.000000,72.4,0.001000
13000,0.000954,1.000000,0.001017,1.000000,73.0,0.001000
13100,0.001100,1.000000,0.001264,1.000000,73.6,0.001000
13200,0.001113,1.000000,0.001196,1.000000,74.2,0.001000
13300,0.039884,0.998299,0.047873,0.997662,74.7,0.001000
13400,0.000946,1.000000,0.001031,1.000000,75.3,0.001000
13500,0.000897,1.000000,0.000957,1.000000,75.9,0.001000
13600,0.001003,1.000000,0.001179,1.000000,76.5,0.001000
13700,0.001112,1.000000,0.001195,1.000000,77.0,0.001000
13800,0.005044,1.000000,0.005989,1.000000,77.6,0.001000
13900,0.001034,1.000000,0.001120,1.000000,78.1,0.001000
14000,0.000712,1.000000,0.000762,1.000000,78.7,0.001000
14100,0.000831,1.000000,0.000923,1.000000,79.2,0.001000
14200,0.001044,1.000000,0.001112,1.000000,79.8,0.001000
14300,0.001755,1.000000,0.002004,1.000000,80.4,0.001000
14400,0.001099,1.000000,0.001180,1.000000,80.9,0.001000
14500,0.117416,0.987670,0.135985,0.976621,81.5,0.001000
14600,0.000919,1.000000,0.001020,1.000000,82.0,0.001000
14700,0.000992,1.000000,0.001066,1.000000,82.6,0.001000
14800,0.002211,1.000000,0.002718,1.000000,83.2,0.001000
14900,0.001119,1.000000,0.001212,1.000000,83.7,0.001000
15000,0.578760,0.847789,0.676182,0.828055,84.3,0.001000
15100,0.000820,1.000000,0.000902,1.000000,84.9,0.001000
15200,0.000820,1.000000,0.000885,1.000000,85.4,0.001000
15300,0.001065,1.000000,0.001228,1.000000,86.0,0.001000
15400,0.001086,1.000000,0.001169,1.000000,86.5,0.001000
15500,0.035702,0.997236,0.039832,0.997450,87.1,0.001000
15600,0.000908,1.000000,0.000998,1.000000,87.6,0.001000
15700,0.000907,1.000000,0.000977,1.000000,88.2,0.001000
15800,0.000949,1.000000,0.001131,1.000000,88.7,0.001000
15900,0.001147,1.000000,0.001235,1.000000,89.3,0.001000
16000,0.005716,1.000000,0.006590,1.000000,89.9,0.001000
16100,0.001051,1.000000,0.001144,1.000000,90.5,0.001000
16200,0.000774,1.000000,0.000831,1.000000,91.0,0.001000
16300,0.001459,1.000000,0.001734,1.000000,91.6,0.001000
16400,0.000999,1.000000,0.001079,1.000000,92.1,0.001000
16500,0.034283,0.998724,0.039736,0.997875,92.7,0.001000
16600,0.000885,1.000000,0.000975,1.000000,93.2,0.001000
16700,0.000877,1.000000,0.000938,1.000000,93.8,0.001000
16800,0.000878,1.000000,0.001003,1.000000,94.3,0.001000
16900,0.001124,1.000000,0.001207,1.000000,94.9,0.001000
17000,0.007834,1.000000,0.009520,0.999575,95.5,0.001000
17100,0.001077,1.000000,0.001177,1.000000,96.0,0.001000
17200,0.000813,1.000000,0.000877,1.000000,96.6,0.001000
17300,0.000723,1.000000,0.000812,1.000000,97.1,0.001000
17400,0.000980,1.000000,0.001054,1.000000,97.7,0.001000
17500,0.013272,1.000000,0.015073,0.999575,98.2,0.001000
17600,0.000976,1.000000,0.001066,1.000000,98.8,0.001000
17700,0.000847,1.000000,0.000908,1.000000,99.4,0.001000
17800,0.001393,1.000000,0.001675,1.000000,99.9,0.001000
17900,0.001001,1.000000,0.001088,1.000000,100.4,0.001000
18000,0.000873,1.000000,0.000934,1.000000,101.0,0.001000
18100,0.000777,1.000000,0.000863,1.000000,101.5,0.001000
18200,0.000885,1.000000,0.000949,1.000000,102.1,0.001000
18300,0.000977,1.000000,0.001118,1.000000,102.7,0.001000
18400,0.001111,1.000000,0.001192,1.000000,103.2,0.001000
18500,0.125891,0.975765,0.140433,0.972582,103.8,0.001000
18600,0.000829,1.000000,0.000932,1.000000,104.3,0.001000
18700,0.000898,1.000000,0.000970,1.000000,104.9,0.001000
18800,0.001233,1.000000,0.001436,1.000000,105.4,0.001000
18900,0.001038,1.000000,0.001127,1.000000,106.0,0.001000
19000,0.134567,0.973002,0.144629,0.968119,106.5,0.001000
19100,0.000872,1.000000,0.000962,1.000000,107.1,0.001000
19200,0.000869,1.000000,0.000932,1.000000,107.6,0.001000
19300,0.002402,1.000000,0.002911,1.000000,108.2,0.001000
19400,0.001028,1.000000,0.001114,1.000000,108.7,0.001000
19500,0.000711,1.000000,0.000763,1.000000,109.3,0.001000
19600,0.000730,1.000000,0.000837,1.000000,109.8,0.001000
19700,0.000974,1.000000,0.001050,1.000000,110.4,0.001000
19800,0.013508,1.000000,0.015669,1.000000,111.0,0.001000
19900,0.000855,1.000000,0.000938,1.000000,111.6,0.001000
20000,0.000852,1.000000,0.000913,1.000000,112.1,0.001000
20100,0.000933,1.000000,0.001081,1.000000,112.7,0.001000
20200,0.001067,1.000000,0.001152,1.000000,113.2,0.001000
20300,0.040390,0.995961,0.046166,0.994899,113.7,0.001000
20400,0.000856,1.000000,0.000957,1.000000,114.3,0.001000
20500,0.000922,1.000000,0.000992,1.000000,114.9,0.001000
20600,0.001206,1.000000,0.001391,1.000000,115.4,0.001000
20700,0.001121,1.000000,0.001205,1.000000,116.0,0.001000
20800,0.000916,1.000000,0.000982,1.000000,116.5,0.001000
20900,0.000836,1.000000,0.000933,1.000000,117.1,0.001000
21000,0.001099,1.000000,0.001169,1.000000,117.7,0.001000
21100,0.002915,1.000000,0.003548,1.000000,118.3,0.001000
21200,0.001041,1.000000,0.001128,1.000000,118.9,0.001000
21300,0.000718,1.000000,0.000764,1.000000,119.4,0.001000
21400,0.000829,1.000000,0.000922,1.000000,120.0,0.001000
21500,0.001048,1.000000,0.001127,1.000000,120.5,0.001000
21600,0.002494,1.000000,0.003057,1.000000,121.1,0.001000
21700,0.001035,1.000000,0.001118,1.000000,121.7,0.001000
21800,0.045513,0.996386,0.054551,0.992774,122.2,0.001000
21900,0.000852,1.000000,0.000924,1.000000,122.8,0.001000
22000,0.000716,1.000000,0.000758,1.000000,123.4,0.001000
22100,0.000701,1.000000,0.000790,1.000000,123.9,0.001000
22200,0.000944,1.000000,0.001018,1.000000,124.5,0.001000
22300,0.022103,0.997874,0.023098,0.999362,125.0,0.001000
22400,0.000922,1.000000,0.001008,1.000000,125.6,0.001000
22500,0.000893,1.000000,0.000952,1.000000,126.1,0.001000
22600,0.000802,1.000000,0.000896,1.000000,126.7,0.001000
22700,0.001113,1.000000,0.001200,1.000000,127.3,0.001000
22800,0.011667,0.999575,0.014240,0.998725,127.8,0.001000
22900,0.001000,1.000000,0.001091,1.000000,128.4,0.001000
23000,0.279682,0.928784,0.315847,0.918385,129.1,0.001000
23100,0.000940,1.000000,0.001041,1.000000,129.6,0.001000
23200,0.000978,1.000000,0.001052,1.000000,130.2,0.001000
23300,0.001990,1.000000,0.002537,1.000000,130.8,0.001000
23400,0.001067,1.000000,0.001160,1.000000,131.3,0.001000
23500,0.000715,1.000000,0.000770,1.000000,131.9,0.001000
23600,0.000741,1.000000,0.000834,1.000000,132.5,0.001000
23700,0.000974,1.000000,0.001043,1.000000,133.0,0.001000
23800,0.002990,1.000000,0.003497,1.000000,133.6,0.001000
23900,0.001071,1.000000,0.001163,1.000000,134.2,0.001000
24000,0.000763,1.000000,0.000815,1.000000,134.8,0.001000
24100,0.000844,1.000000,0.000932,1.000000,135.3,0.001000
24200,0.000972,1.000000,0.001044,1.000000,135.9,0.001000
24300,0.004082,1.000000,0.004949,1.000000,136.4,0.001000
24400,0.001040,1.000000,0.001134,1.000000,137.0,0.001000
24500,0.000792,1.000000,0.000845,1.000000,137.5,0.001000
24600,0.001029,1.000000,0.001207,1.000000,138.1,0.001000
24700,0.001056,1.000000,0.001144,1.000000,138.6,0.001000
24800,0.000665,1.000000,0.000712,1.000000,139.2,0.001000
24900,0.000868,1.000000,0.000982,1.000000,139.8,0.001000
25000,0.001160,1.000000,0.001251,1.000000,140.4,0.001000
25100,0.002802,1.000000,0.003732,0.999787,141.0,0.001000
25200,0.000857,1.000000,0.000951,1.000000,141.5,0.001000
25300,0.000781,1.000000,0.000843,1.000000,142.1,0.001000
25400,0.001666,1.000000,0.002184,1.000000,142.6,0.001000
25500,0.001019,1.000000,0.001102,1.000000,143.2,0.001000
25600,0.000662,1.000000,0.000710,1.000000,143.8,0.001000
25700,0.000751,1.000000,0.000848,1.000000,144.3,0.001000
25800,0.001076,1.000000,0.001165,1.000000,144.9,0.001000
25900,0.008582,1.000000,0.010996,1.000000,145.4,0.001000
26000,0.001027,1.000000,0.001131,1.000000,146.0,0.001000
26100,0.000800,1.000000,0.000862,1.000000,146.6,0.001000
26200,0.007037,1.000000,0.007970,1.000000,147.1,0.001000
26300,0.001064,1.000000,0.001174,1.000000,147.7,0.001000
26400,0.000858,1.000000,0.000927,1.000000,148.2,0.001000
26500,0.000902,1.000000,0.001016,1.000000,148.8,0.001000
26600,0.001105,1.000000,0.001183,1.000000,149.4,0.001000
26700,0.014278,0.999787,0.017397,0.999150,149.9,0.001000
26800,0.000946,1.000000,0.001035,1.000000,150.5,0.001000
26900,0.000871,1.000000,0.000931,1.000000,151.0,0.001000
27000,0.000831,1.000000,0.000938,1.000000,151.6,0.001000
27100,0.001057,1.000000,0.001137,1.000000,152.1,0.001000
27200,0.004840,1.000000,0.005947,1.000000,152.7,0.001000
27300,0.001011,1.000000,0.001099,1.000000,153.2,0.001000
27400,0.000746,1.000000,0.000797,1.000000,153.8,0.001000
27500,0.000886,1.000000,0.001028,1.000000,154.3,0.001000
27600,0.001133,1.000000,0.001217,1.000000,154.9,0.001000
27700,0.034722,0.999150,0.042932,0.997450,155.4,0.001000
27800,0.001016,1.000000,0.001113,1.000000,156.0,0.001000
27900,0.000945,1.000000,0.001008,1.000000,156.5,0.001000
28000,0.002540,1.000000,0.002900,1.000000,157.1,0.001000
28100,0.001023,1.000000,0.001106,1.000000,157.7,0.001000
28200,0.000773,1.000000,0.000824,1.000000,158.2,0.001000
28300,0.000756,1.000000,0.000861,1.000000,158.8,0.001000
28400,0.001106,1.000000,0.001194,1.000000,159.3,0.001000
28500,0.002605,1.000000,0.003178,1.000000,159.9,0.001000
28600,0.001132,1.000000,0.001226,1.000000,160.4,0.001000
28700,0.000746,1.000000,0.000801,1.000000,161.0,0.001000
28800,0.000777,1.000000,0.000867,1.000000,161.6,0.001000
28900,0.001093,1.000000,0.001176,1.000000,162.1,0.001000
29000,0.012303,1.000000,0.014189,1.000000,162.7,0.001000
29100,0.001010,1.000000,0.001113,1.000000,163.2,0.001000
29200,0.000901,1.000000,0.000966,1.000000,163.8,0.001000
29300,0.001502,1.000000,0.001716,1.000000,164.3,0.001000
29400,0.001120,1.000000,0.001211,1.000000,164.9,0.001000
29500,0.000728,1.000000,0.000781,1.000000,165.4,0.001000
29600,0.000787,1.000000,0.000879,1.000000,166.0,0.001000
29700,0.000892,1.000000,0.000955,1.000000,166.5,0.001000
29800,0.005084,1.000000,0.006429,0.999787,167.1,0.001000
29900,0.000930,1.000000,0.001013,1.000000,167.6,0.001000
30000,0.000725,1.000000,0.000777,1.000000,168.2,0.001000
30100,0.000745,1.000000,0.000841,1.000000,168.8,0.001000
30200,0.000994,1.000000,0.001076,1.000000,169.3,0.001000
30300,0.066224,0.992985,0.077316,0.989586,169.9,0.001000
30400,0.000780,1.000000,0.000876,1.000000,170.4,0.001000
30500,0.000951,1.000000,0.001030,1.000000,171.0,0.001000
30600,0.001344,1.000000,0.001547,1.000000,171.5,0.001000
30700,0.001163,1.000000,0.001256,1.000000,172.1,0.001000
30800,0.120954,0.973214,0.137050,0.971520,172.6,0.001000
30900,0.000894,1.000000,0.000976,1.000000,173.2,0.001000
31000,0.000912,1.000000,0.000972,1.000000,173.8,0.001000
31100,0.003161,1.000000,0.003792,1.000000,174.3,0.001000
31200,0.001007,1.000000,0.001090,1.000000,174.9,0.001000
31300,0.001024,1.000000,0.001090,1.000000,175.5,0.001000
31400,0.000845,1.000000,0.000946,1.000000,176.0,0.001000
31500,0.000912,1.000000,0.000978,1.000000,176.6,0.001000
31600,0.001902,1.000000,0.002247,1.000000,177.1,0.001000
31700,0.001008,1.000000,0.001091,1.000000,177.7,0.001000
31800,0.114175,0.982568,0.127694,0.979809,178.3,0.001000
31900,0.000832,1.000000,0.000929,1.000000,178.8,0.001000
32000,0.001056,1.000000,0.001134,1.000000,179.4,0.001000
32100,0.002900,1.000000,0.003334,1.000000,179.9,0.001000
32200,0.001016,1.000000,0.001097,1.000000,180.5,0.001000
32300,0.058918,0.993835,0.062393,0.994049,181.1,0.001000
32400,0.000860,1.000000,0.000939,1.000000,181.7,0.001000
32500,0.000832,1.000000,0.000893,1.000000,182.2,0.001000
32600,0.000957,1.000000,0.001097,1.000000,182.8,0.001000
32700,0.001069,1.000000,0.001151,1.000000,183.3,0.001000
32800,0.014187,0.999575,0.015487,0.999787,183.9,0.001000
32900,0.000990,1.000000,0.001075,1.000000,184.4,0.001000
33000,0.000845,1.000000,0.000901,1.000000,185.0,0.001000
33100,0.000860,1.000000,0.000959,1.000000,185.6,0.001000
33200,0.001162,1.000000,0.001244,1.000000,186.2,0.001000
33300,0.014414,0.999787,0.017140,0.999362,186.8,0.001000
33400,0.000870,1.000000,0.000965,1.000000,187.3,0.001000
33500,0.000987,1.000000,0.001057,1.000000,187.9,0.001000
33600,0.001275,1.000000,0.001479,1.000000,188.4,0.001000
33700,0.001047,1.000000,0.001132,1.000000,189.0,0.001000
33800,0.132525,0.973002,0.160438,0.963231,189.6,0.001000
33900,0.000825,1.000000,0.000928,1.000000,190.1,0.001000
34000,0.001011,1.000000,0.001083,1.000000,190.7,0.001000
34100,0.001445,1.000000,0.001648,1.000000,191.2,0.001000
34200,0.001056,1.000000,0.001143,1.000000,191.8,0.001000
34300,0.342515,0.914116,0.389073,0.896918,192.3,0.001000
34400,0.000857,1.000000,0.000948,1.000000,192.9,0.001000
34500,0.000954,1.000000,0.001024,1.000000,193.5,0.001000
34600,0.002150,1.000000,0.002472,1.000000,194.0,0.001000
34700,0.001091,1.000000,0.001181,1.000000,194.5,0.001000
34800,0.058290,0.995536,0.066992,0.994686,195.1,0.001000
34900,0.000928,1.000000,0.001022,1.000000,195.7,0.001000
35000,0.000953,1.000000,0.001016,1.000000,196.3,0.001000
35100,0.001369,1.000000,0.001562,1.000000,196.8,0.001000
35200,0.001108,1.000000,0.001196,1.000000,197.4,0.001000
35300,0.034170,0.998512,0.037690,0.998512,198.0,0.001000
35400,0.000993,1.000000,0.001101,1.000000,198.5,0.001000
35500,0.000993,1.000000,0.001065,1.000000,199.1,0.001000
35600,0.001274,1.000000,0.001469,1.000000,199.7,0.001000
35700,0.001019,1.000000,0.001105,1.000000,200.3,0.001000
35800,0.000708,1.000000,0.000759,1.000000,200.8,0.001000
35900,0.000792,1.000000,0.000879,1.000000,201.4,0.001000
36000,0.000912,1.000000,0.000980,1.000000,202.0,0.001000
36100,0.000877,1.000000,0.001009,1.000000,202.5,0.001000
36200,0.000999,1.000000,0.001078,1.000000,203.1,0.001000
36300,0.024977,0.998937,0.028080,0.999150,203.7,0.001000
36400,0.001006,1.000000,0.001102,1.000000,204.2,0.001000
36500,0.000973,1.000000,0.001045,1.000000,204.8,0.001000
36600,0.000883,1.000000,0.000990,1.000000,205.4,0.001000
36700,0.001094,1.000000,0.001174,1.000000,206.0,0.001000
36800,0.008305,0.999787,0.009383,1.000000,206.5,0.001000
36900,0.000913,1.000000,0.000997,1.000000,207.1,0.001000
37000,0.000711,1.000000,0.000760,1.000000,207.7,0.001000
37100,0.000716,1.000000,0.000829,1.000000,208.2,0.001000
37200,0.000941,1.000000,0.001014,1.000000,208.8,0.001000
37300,0.012882,0.999575,0.016546,0.999150,209.4,0.001000
37400,0.001037,1.000000,0.001140,1.000000,210.0,0.001000
37500,0.000857,1.000000,0.000919,1.000000,210.5,0.001000
37600,0.000792,1.000000,0.000905,1.000000,211.1,0.001000
37700,0.001020,1.000000,0.001097,1.000000,211.6,0.001000
37800,0.010038,1.000000,0.011856,0.999787,212.2,0.001000
37900,0.000993,1.000000,0.001086,1.000000,212.7,0.001000
38000,0.000848,1.000000,0.000903,1.000000,213.3,0.001000
38100,0.000865,1.000000,0.000989,1.000000,213.9,0.001000
38200,0.001067,1.000000,0.001142,1.000000,214.4,0.001000
38300,0.004725,1.000000,0.005475,1.000000,215.0,0.001000
38400,0.001072,1.000000,0.001166,1.000000,215.6,0.001000
38500,0.000762,1.000000,0.000812,1.000000,216.1,0.001000
38600,0.000791,1.000000,0.000898,1.000000,216.7,0.001000
38700,0.001053,1.000000,0.001136,1.000000,217.3,0.001000
38800,0.017587,0.998724,0.019047,0.999362,217.8,0.001000
38900,0.000918,1.000000,0.001011,1.000000,218.4,0.001000
39000,0.000846,1.000000,0.000909,1.000000,219.0,0.001000
39100,0.000879,1.000000,0.000983,1.000000,219.5,0.001000
39200,0.001002,1.000000,0.001078,1.000000,220.0,0.001000
39300,0.009843,1.000000,0.012196,0.999787,220.6,0.001000
39400,0.001023,1.000000,0.001126,1.000000,221.2,0.001000
39500,0.000884,1.000000,0.000950,1.000000,221.8,0.001000
39600,0.000784,1.000000,0.000895,1.000000,222.3,0.001000
39700,0.001015,1.000000,0.001090,1.000000,222.9,0.001000
39800,0.002519,1.000000,0.002971,1.000000,223.4,0.001000
39900,0.001103,1.000000,0.001193,1.000000,224.0,0.001000
40000,0.069957,0.994260,0.079109,0.990223,224.6,0.001000
40100,0.001073,1.000000,0.001192,1.000000,225.1,0.001000
40200,0.001036,1.000000,0.001115,1.000000,225.7,0.001000
40300,0.001367,1.000000,0.001613,1.000000,226.3,0.001000
40400,0.001023,1.000000,0.001112,1.000000,226.8,0.001000
40500,0.610939,0.818665,0.607867,0.819766,227.4,0.001000
40600,0.000741,1.000000,0.000863,1.000000,227.9,0.001000
40700,0.001027,1.000000,0.001114,1.000000,228.5,0.001000
40800,0.006532,1.000000,0.007375,1.000000,229.1,0.001000
40900,0.000941,1.000000,0.001026,1.000000,229.6,0.001000
41000,0.000721,1.000000,0.000770,1.000000,230.2,0.001000
41100,0.000716,1.000000,0.000807,1.000000,230.8,0.001000
41200,0.000920,1.000000,0.000990,1.000000,231.3,0.001000
41300,0.003238,1.000000,0.003811,0.999787,231.9,0.001000
41400,0.001026,1.000000,0.001123,1.000000,232.4,0.001000
41500,0.000748,1.000000,0.000808,1.000000,233.0,0.001000
41600,0.000821,1.000000,0.000932,1.000000,233.6,0.001000
41700,0.000957,1.000000,0.001033,1.000000,234.1,0.001000
41800,0.000866,1.000000,0.000985,1.000000,234.7,0.001000
41900,0.001081,1.000000,0.001168,1.000000,235.2,0.001000
42000,0.011294,1.000000,0.012826,0.999787,235.8,0.001000
42100,0.000926,1.000000,0.001014,1.000000,236.3,0.001000
42200,0.000788,1.000000,0.000842,1.000000,236.9,0.001000
42300,0.000715,1.000000,0.000809,1.000000,237.5,0.001000
42400,0.000941,1.000000,0.001013,1.000000,238.1,0.001000
42500,0.026729,0.998937,0.028943,0.999575,238.6,0.001000
42600,0.000902,1.000000,0.000993,1.000000,239.2,0.001000
42700,0.000842,1.000000,0.000905,1.000000,239.7,0.001000
42800,0.001067,1.000000,0.001265,1.000000,240.3,0.001000
42900,0.001137,1.000000,0.001232,1.000000,240.8,0.001000
43000,0.000699,1.000000,0.000746,1.000000,241.4,0.001000
43100,0.000761,1.000000,0.000853,1.000000,241.9,0.001000
43200,0.000873,1.000000,0.000940,1.000000,242.5,0.001000
43300,0.005074,1.000000,0.006815,0.999787,243.0,0.001000
43400,0.001011,1.000000,0.001116,1.000000,243.5,0.001000
43500,0.000816,1.000000,0.000878,1.000000,244.1,0.001000
43600,0.000823,1.000000,0.000937,1.000000,244.7,0.001000
43700,0.001096,1.000000,0.001183,1.000000,245.2,0.001000
43800,0.013658,0.999787,0.014716,1.000000,245.8,0.001000
43900,0.000844,1.000000,0.000925,1.000000,246.3,0.001000
44000,0.000797,1.000000,0.000857,1.000000,246.9,0.001000
44100,0.000815,1.000000,0.000941,1.000000,247.5,0.001000
44200,0.000986,1.000000,0.001069,1.000000,248.0,0.001000
44300,0.195182,0.963435,0.201649,0.960893,248.6,0.001000
44400,0.000736,1.000000,0.000824,1.000000,249.2,0.001000
44500,0.000915,1.000000,0.000985,1.000000,249.7,0.001000
44600,0.001488,1.000000,0.001735,1.000000,250.3,0.001000
44700,0.000994,1.000000,0.001078,1.000000,250.9,0.001000
44800,0.226375,0.958333,0.262535,0.938151,251.4,0.001000
44900,0.000809,1.000000,0.000900,1.000000,252.0,0.001000
45000,0.000870,1.000000,0.000936,1.000000,252.6,0.001000
45100,0.003268,1.000000,0.004029,1.000000,253.1,0.001000
45200,0.001158,1.000000,0.001263,1.000000,253.7,0.001000
45300,0.000881,1.000000,0.000939,1.000000,254.3,0.001000
45400,0.000862,1.000000,0.000968,1.000000,254.8,0.001000
45500,0.001110,1.000000,0.001188,1.000000,255.4,0.001000
45600,0.010389,1.000000,0.012924,0.999575,255.9,0.001000
45700,0.001049,1.000000,0.001141,1.000000,256.5,0.001000
45800,0.000840,1.000000,0.000897,1.000000,257.1,0.001000
45900,0.000759,1.000000,0.000860,1.000000,257.7,0.001000
46000,0.000976,1.000000,0.001052,1.000000,258.2,0.001000
46100,0.008296,1.000000,0.009976,0.999787,258.8,0.001000
46200,0.000913,1.000000,0.000990,1.000000,259.3,0.001000
46300,0.000730,1.000000,0.000777,1.000000,259.9,0.001000
46400,0.000761,1.000000,0.000840,1.000000,260.5,0.001000
46500,0.000894,1.000000,0.000959,1.000000,261.0,0.001000
46600,0.002798,1.000000,0.003222,1.000000,261.6,0.001000
46700,0.000980,1.000000,0.001072,1.000000,262.2,0.001000
46800,0.000713,1.000000,0.000768,1.000000,262.8,0.001000
46900,0.000762,1.000000,0.000857,1.000000,263.3,0.001000
47000,0.000937,1.000000,0.001007,1.000000,263.8,0.001000
47100,0.006043,1.000000,0.007063,1.000000,264.4,0.001000
47200,0.000874,1.000000,0.000961,1.000000,265.0,0.001000
47300,0.000712,1.000000,0.000764,1.000000,265.5,0.001000
47400,0.000682,1.000000,0.000770,1.000000,266.0,0.001000
47500,0.000860,1.000000,0.000927,1.000000,266.6,0.001000
47600,0.001199,1.000000,0.001370,1.000000,267.2,0.001000
47700,0.000924,1.000000,0.001007,1.000000,267.7,0.001000
47800,0.078152,0.990221,0.081490,0.992349,268.2,0.001000
47900,0.000784,1.000000,0.000867,1.000000,268.8,0.001000
48000,0.000785,1.000000,0.000841,1.000000,269.4,0.001000
48100,0.000780,1.000000,0.000907,1.000000,269.9,0.001000
48200,0.000975,1.000000,0.001052,1.000000,270.5,0.001000
48300,0.014394,1.000000,0.016981,1.000000,271.1,0.001000
48400,0.000901,1.000000,0.000982,1.000000,271.6,0.001000
48500,0.000812,1.000000,0.000871,1.000000,272.2,0.001000
48600,0.000752,1.000000,0.000844,1.000000,272.8,0.001000
48700,0.000944,1.000000,0.001016,1.000000,273.3,0.001000
48800,0.019047,0.999150,0.020766,0.999150,273.9,0.001000
48900,0.000813,1.000000,0.000910,1.000000,274.4,0.001000
49000,0.000795,1.000000,0.000859,1.000000,275.0,0.001000
49100,0.000892,1.000000,0.001021,1.000000,275.5,0.001000
49200,0.001007,1.000000,0.001094,1.000000,276.1,0.001000
49300,0.001541,1.000000,0.001651,1.000000,276.7,0.001000
49400,0.000717,1.000000,0.000811,1.000000,277.2,0.001000
49500,0.000995,1.000000,0.001077,1.000000,277.8,0.001000
49600,0.020365,0.998937,0.020797,0.998937,278.3,0.001000
49700,0.000886,1.000000,0.000984,1.000000,278.9,0.001000
49800,0.000849,1.000000,0.000910,1.000000,279.5,0.001000
49900,0.000903,1.000000,0.001043,1.000000,280.0,0.001000
50000,0.001055,1.000000,0.001133,1.000000,280.6,0.001000
50100,0.040116,0.996173,0.043754,0.996174,281.1,0.001000
50200,0.000948,1.000000,0.001053,1.000000,281.7,0.001000
50300,0.000980,1.000000,0.001049,1.000000,282.3,0.001000
50400,0.000857,1.000000,0.000953,1.000000,282.8,0.001000
50500,0.001049,1.000000,0.001131,1.000000,283.4,0.001000
50600,0.012357,0.999787,0.015182,0.999575,283.9,0.001000
50700,0.000899,1.000000,0.001001,1.000000,284.5,0.001000
50800,0.000827,1.000000,0.000897,1.000000,285.1,0.001000
50900,0.001253,1.000000,0.001523,1.000000,285.7,0.001000
51000,0.001048,1.000000,0.001144,1.000000,286.2,0.001000
51100,2.566828,0.380740,2.620138,0.368119,286.8,0.001000
51200,0.000846,1.000000,0.000947,1.000000,287.3,0.001000
51300,0.000910,1.000000,0.000979,1.000000,287.9,0.001000
51400,0.002064,1.000000,0.002378,1.000000,288.5,0.001000
51500,0.001033,1.000000,0.001124,1.000000,289.1,0.001000
51600,0.022679,0.999787,0.024087,0.999150,289.6,0.001000
51700,0.000873,1.000000,0.000976,1.000000,290.2,0.001000
51800,0.000842,1.000000,0.000907,1.000000,290.8,0.001000
51900,0.001539,1.000000,0.001833,1.000000,291.3,0.001000
52000,0.001064,1.000000,0.001161,1.000000,291.9,0.001000
52100,0.000736,1.000000,0.000791,1.000000,292.4,0.001000
52200,0.000792,1.000000,0.000899,1.000000,292.9,0.001000
52300,0.001021,1.000000,0.001108,1.000000,293.5,0.001000
52400,0.008646,1.000000,0.010460,1.000000,294.0,0.001000
52500,0.000892,1.000000,0.000976,1.000000,294.6,0.001000
52600,0.000703,1.000000,0.000758,1.000000,295.2,0.001000
52700,0.000744,1.000000,0.000871,1.000000,295.7,0.001000
52800,0.000993,1.000000,0.001077,1.000000,296.3,0.001000
52900,0.017482,0.999787,0.020259,0.999787,296.8,0.001000
53000,0.000954,1.000000,0.001054,1.000000,297.4,0.001000
53100,0.000833,1.000000,0.000900,1.000000,298.0,0.001000
53200,0.000924,1.000000,0.001062,1.000000,298.6,0.001000
53300,0.001090,1.000000,0.001180,1.000000,299.1,0.001000
53400,0.408193,0.888393,0.457666,0.875239,299.7,0.001000
53500,0.000851,1.000000,0.000939,1.000000,300.2,0.001000
53600,0.000903,1.000000,0.000969,1.000000,300.8,0.001000
53700,0.002612,1.000000,0.003102,1.000000,301.3,0.001000
53800,0.001093,1.000000,0.001203,1.000000,301.9,0.001000
53900,0.000783,1.000000,0.000847,1.000000,302.4,0.001000
54000,0.000830,1.000000,0.000984,1.000000,303.0,0.001000
54100,0.001038,1.000000,0.001119,1.000000,303.5,0.001000
54200,0.021555,0.999362,0.023150,0.999787,304.1,0.001000
54300,0.000896,1.000000,0.000997,1.000000,304.7,0.001000
54400,0.000848,1.000000,0.000914,1.000000,305.2,0.001000
54500,0.000734,1.000000,0.000829,1.000000,305.8,0.001000
54600,0.000920,1.000000,0.000995,1.000000,306.3,0.001000
54700,0.012340,0.999150,0.013730,0.999150,306.9,0.001000
54800,0.000950,1.000000,0.001055,1.000000,307.4,0.001000
54900,0.000865,1.000000,0.000933,1.000000,308.0,0.001000
55000,0.001439,1.000000,0.001692,1.000000,308.6,0.001000
55100,0.001090,1.000000,0.001181,1.000000,309.1,0.001000
55200,0.819655,0.779337,0.854742,0.768969,309.7,0.001000
55300,0.000819,1.000000,0.000898,1.000000,310.2,0.001000
55400,0.000815,1.000000,0.000875,1.000000,310.8,0.001000
55500,0.001101,1.000000,0.001238,1.000000,311.3,0.001000
55600,0.001018,1.000000,0.001099,1.000000,311.9,0.001000
55700,1.176410,0.672194,1.240607,0.662912,312.4,0.001000
55800,0.000909,1.000000,0.001015,1.000000,313.0,0.001000
55900,0.001001,1.000000,0.001077,1.000000,313.6,0.001000
56000,0.002115,1.000000,0.002517,1.000000,314.1,0.001000
56100,0.001066,1.000000,0.001154,1.000000,314.7,0.001000
56200,0.000722,1.000000,0.000775,1.000000,315.3,0.001000
56300,0.000800,1.000000,0.000897,1.000000,315.9,0.001000
56400,0.000992,1.000000,0.001068,1.000000,316.4,0.001000
56500,0.001741,1.000000,0.002195,1.000000,317.0,0.001000
56600,0.000977,1.000000,0.001060,1.000000,317.5,0.001000
56700,0.000622,1.000000,0.000668,1.000000,318.1,0.001000
56800,0.000717,1.000000,0.000809,1.000000,318.7,0.001000
56900,0.000963,1.000000,0.001043,1.000000,319.2,0.001000
57000,0.011646,0.999787,0.014396,0.999362,319.8,0.001000
57100,0.000897,1.000000,0.000990,1.000000,320.4,0.001000
57200,0.000777,1.000000,0.000835,1.000000,320.9,0.001000
57300,0.000901,1.000000,0.001072,1.000000,321.5,0.001000
57400,0.001086,1.000000,0.001179,1.000000,322.0,0.001000
57500,0.021819,1.000000,0.025552,0.999575,322.6,0.001000
57600,0.000925,1.000000,0.001034,1.000000,323.2,0.001000
57700,0.000936,1.000000,0.001005,1.000000,323.7,0.001000
57800,0.001776,1.000000,0.002054,1.000000,324.3,0.001000
57900,0.001023,1.000000,0.001119,1.000000,324.8,0.001000
58000,0.000683,1.000000,0.000735,1.000000,325.4,0.001000
58100,0.000739,1.000000,0.000842,1.000000,325.9,0.001000
58200,0.001029,1.000000,0.001106,1.000000,326.5,0.001000
58300,0.021531,1.000000,0.024086,0.999787,327.0,0.001000
58400,0.000829,1.000000,0.000909,1.000000,327.6,0.001000
58500,0.000762,1.000000,0.000819,1.000000,328.2,0.001000
58600,0.001218,1.000000,0.001412,1.000000,328.7,0.001000
58700,0.000975,1.000000,0.001053,1.000000,329.2,0.001000
58800,0.023891,0.999362,0.025155,0.999575,329.8,0.001000
58900,0.000907,1.000000,0.000993,1.000000,330.3,0.001000
59000,0.000891,1.000000,0.000961,1.000000,330.9,0.001000
59100,0.001206,1.000000,0.001418,1.000000,331.5,0.001000
59200,0.001009,1.000000,0.001092,1.000000,332.0,0.001000
59300,0.268802,0.931548,0.294771,0.919660,332.6,0.001000
59400,0.000792,1.000000,0.000886,1.000000,333.1,0.001000
59500,0.000897,1.000000,0.000965,1.000000,333.7,0.001000
59600,0.002217,1.000000,0.002783,1.000000,334.2,0.001000
59700,0.001046,1.000000,0.001141,1.000000,334.8,0.001000
59800,0.034102,0.998299,0.037889,0.997662,335.4,0.001000
59900,0.000850,1.000000,0.000928,1.000000,335.9,0.001000
60000,0.000732,1.000000,0.000782,1.000000,336.5,0.001000
60100,0.000889,1.000000,0.001035,1.000000,337.1,0.001000
60200,0.000992,1.000000,0.001077,1.000000,337.6,0.001000
60300,0.020970,0.999787,0.026646,0.997875,338.2,0.001000
60400,0.000927,1.000000,0.001023,1.000000,338.7,0.001000
60500,0.000857,1.000000,0.000922,1.000000,339.3,0.001000
60600,0.000983,1.000000,0.001194,1.000000,339.9,0.001000
60700,0.000996,1.000000,0.001086,1.000000,340.4,0.001000
60800,0.093365,0.987245,0.104817,0.983634,341.0,0.001000
60900,0.000812,1.000000,0.000901,1.000000,341.6,0.001000
61000,0.000937,1.000000,0.001009,1.000000,342.1,0.001000
61100,0.000981,1.000000,0.001124,1.000000,342.7,0.001000
61200,0.001075,1.000000,0.001164,1.000000,343.2,0.001000
61300,0.000640,1.000000,0.000684,1.000000,343.8,0.001000
61400,0.000659,1.000000,0.000748,1.000000,344.4,0.001000
61500,0.000897,1.000000,0.000969,1.000000,344.9,0.001000
61600,0.005577,1.000000,0.006888,0.999575,345.5,0.001000
61700,0.000883,1.000000,0.000964,1.000000,346.0,0.001000
61800,0.000686,1.000000,0.000734,1.000000,346.6,0.001000
61900,0.000863,1.000000,0.000994,1.000000,347.2,0.001000
62000,0.000952,1.000000,0.001026,1.000000,347.8,0.001000
62100,0.000962,1.000000,0.001029,1.000000,348.3,0.001000
62200,0.000773,1.000000,0.000863,1.000000,348.9,0.001000
62300,0.000993,1.000000,0.001065,1.000000,349.4,0.001000
62400,0.008180,1.000000,0.009747,1.000000,350.0,0.001000
62500,0.001054,1.000000,0.001153,1.000000,350.6,0.001000
62600,0.000902,1.000000,0.000963,1.000000,351.1,0.001000
62700,0.001635,1.000000,0.001861,1.000000,351.7,0.001000
62800,0.000964,1.000000,0.001050,1.000000,352.3,0.001000
62900,0.000650,1.000000,0.000697,1.000000,352.8,0.001000
63000,0.000703,1.000000,0.000794,1.000000,353.4,0.001000
63100,0.000946,1.000000,0.001022,1.000000,354.0,0.001000
63200,0.014218,1.000000,0.017095,1.000000,354.6,0.001000
63300,0.000832,1.000000,0.000908,1.000000,355.1,0.001000
63400,0.000729,1.000000,0.000782,1.000000,355.7,0.001000
63500,0.000824,1.000000,0.000950,1.000000,356.3,0.001000
63600,0.000936,1.000000,0.001009,1.000000,356.8,0.001000
63700,0.014420,0.999787,0.016478,0.999787,357.4,0.001000
63800,0.000848,1.000000,0.000940,1.000000,357.9,0.001000
63900,0.000804,1.000000,0.000867,1.000000,358.5,0.001000
64000,0.001729,1.000000,0.002060,1.000000,359.1,0.001000
64100,0.000948,1.000000,0.001036,1.000000,359.7,0.001000
64200,0.000630,1.000000,0.000676,1.000000,360.2,0.001000
64300,0.000767,1.000000,0.000868,1.000000,360.7,0.001000
64400,0.001020,1.000000,0.001099,1.000000,361.3,0.001000
64500,0.001575,1.000000,0.001903,1.000000,361.9,0.001000
64600,0.000987,1.000000,0.001072,1.000000,362.5,0.001000
64700,0.240847,0.936862,0.271423,0.927311,363.0,0.001000
64800,0.000703,1.000000,0.000787,1.000000,363.6,0.001000
64900,0.000883,1.000000,0.000954,1.000000,364.2,0.001000
65000,0.006866,1.000000,0.009377,0.999362,364.7,0.001000
65100,0.000918,1.000000,0.001004,1.000000,365.3,0.001000
65200,0.000726,1.000000,0.000781,1.000000,365.9,0.001000
65300,0.000724,1.000000,0.000828,1.000000,366.5,0.001000
65400,0.000937,1.000000,0.001009,1.000000,367.0,0.001000
65500,0.009125,1.000000,0.011117,0.999787,367.6,0.001000
65600,0.000849,1.000000,0.000934,1.000000,368.1,0.001000
65700,0.000690,1.000000,0.000742,1.000000,368.7,0.001000
65800,0.001286,1.000000,0.001557,1.000000,369.2,0.001000
65900,0.000980,1.000000,0.001065,1.000000,369.8,0.001000
66000,0.000673,1.000000,0.000721,1.000000,370.3,0.001000
66100,0.000787,1.000000,0.000878,1.000000,370.9,0.001000
66200,0.000996,1.000000,0.001070,1.000000,371.5,0.001000
66300,0.002896,1.000000,0.003563,1.000000,372.0,0.001000
66400,0.001099,1.000000,0.001203,1.000000,372.5,0.001000
66500,0.000779,1.000000,0.000834,1.000000,373.1,0.001000
66600,0.000721,1.000000,0.000807,1.000000,373.7,0.001000
66700,0.000953,1.000000,0.001019,1.000000,374.3,0.001000
66800,0.010068,1.000000,0.011187,1.000000,374.9,0.001000
66900,0.000852,1.000000,0.000935,1.000000,375.5,0.001000
67000,0.000767,1.000000,0.000819,1.000000,376.0,0.001000
67100,0.003537,1.000000,0.004330,1.000000,376.6,0.001000
67200,0.001001,1.000000,0.001092,1.000000,377.2,0.001000
67300,0.000775,1.000000,0.000825,1.000000,377.7,0.001000
67400,0.000720,1.000000,0.000789,1.000000,378.3,0.001000
67500,0.000817,1.000000,0.000874,1.000000,378.8,0.001000
67600,0.001321,1.000000,0.001510,1.000000,379.4,0.001000
67700,0.000918,1.000000,0.000997,1.000000,380.0,0.001000
67800,0.000584,1.000000,0.000625,1.000000,380.5,0.001000
67900,0.000630,1.000000,0.000704,1.000000,381.1,0.001000
68000,0.000861,1.000000,0.000929,1.000000,381.7,0.001000
68100,0.005864,1.000000,0.006909,1.000000,382.2,0.001000
68200,0.000956,1.000000,0.001051,1.000000,382.8,0.001000
68300,0.000801,1.000000,0.000861,1.000000,383.4,0.001000
68400,0.000913,1.000000,0.001021,1.000000,383.9,0.001000
68500,0.000952,1.000000,0.001030,1.000000,384.5,0.001000
68600,0.136170,0.974915,0.150415,0.970457,385.0,0.001000
68700,0.000735,1.000000,0.000818,1.000000,385.6,0.001000
68800,0.000883,1.000000,0.000948,1.000000,386.1,0.001000
68900,0.002013,1.000000,0.002313,1.000000,386.7,0.001000
69000,0.000980,1.000000,0.001064,1.000000,387.2,0.001000
69100,0.000660,1.000000,0.000710,1.000000,387.8,0.001000
69200,0.001035,1.000000,0.001249,1.000000,388.4,0.001000
69300,0.001036,1.000000,0.001122,1.000000,388.9,0.001000
69400,0.001382,1.000000,0.001486,1.000000,389.5,0.001000
69500,0.000758,1.000000,0.000838,1.000000,390.0,0.001000
69600,0.000873,1.000000,0.000940,1.000000,390.6,0.001000
69700,0.005241,1.000000,0.006500,0.999787,391.1,0.001000
69800,0.000881,1.000000,0.000968,1.000000,391.7,0.001000
69900,0.000679,1.000000,0.000735,1.000000,392.3,0.001000
70000,0.000713,1.000000,0.000802,1.000000,392.8,0.001000
70100,0.000955,1.000000,0.001030,1.000000,393.4,0.001000
70200,0.012305,0.999575,0.014513,0.999575,393.9,0.001000
70300,0.000978,1.000000,0.001080,1.000000,394.5,0.001000
70400,0.000893,1.000000,0.000957,1.000000,395.1,0.001000
70500,0.001304,1.000000,0.001470,1.000000,395.7,0.001000
70600,0.001031,1.000000,0.001119,1.000000,396.2,0.001000
70700,0.242358,0.953869,0.252897,0.947503,396.8,0.001000
70800,0.000766,1.000000,0.000859,1.000000,397.4,0.001000
70900,0.000979,1.000000,0.001050,1.000000,398.0,0.001000
71000,0.015497,0.999787,0.016504,0.999575,398.6,0.001000
71100,0.000821,1.000000,0.000906,1.000000,399.1,0.001000
71200,0.000855,1.000000,0.000920,1.000000,399.7,0.001000
71300,0.001185,1.000000,0.001314,1.000000,400.3,0.001000
71400,0.001027,1.000000,0.001112,1.000000,400.8,0.001000
71500,0.000666,1.000000,0.000710,1.000000,401.4,0.001000
71600,0.000716,1.000000,0.000795,1.000000,402.0,0.001000
71700,0.000862,1.000000,0.000924,1.000000,402.5,0.001000
71800,0.009304,1.000000,0.011276,0.999787,403.1,0.001000
71900,0.000902,1.000000,0.000994,1.000000,403.6,0.001000
72000,0.000778,1.000000,0.000833,1.000000,404.2,0.001000
72100,0.000723,1.000000,0.000827,1.000000,404.7,0.001000
72200,0.000920,1.000000,0.000989,1.000000,405.2,0.001000
72300,0.012550,0.999787,0.013532,1.000000,405.8,0.001000
72400,0.000855,1.000000,0.000939,1.000000,406.4,0.001000
72500,0.000762,1.000000,0.000816,1.000000,407.0,0.001000
72600,0.001371,1.000000,0.001630,1.000000,407.5,0.001000
72700,0.001027,1.000000,0.001116,1.000000,408.1,0.001000
72800,0.521557,0.862032,0.545577,0.855473,408.7,0.001000
72900,0.000897,1.000000,0.000994,1.000000,409.2,0.001000
73000,0.000984,1.000000,0.001053,1.000000,409.8,0.001000
73100,0.026473,0.998724,0.027943,0.998725,410.4,0.001000
73200,0.000879,1.000000,0.000965,1.000000,410.9,0.001000
73300,0.000891,1.000000,0.000958,1.000000,411.5,0.001000
73400,0.001036,1.000000,0.001150,1.000000,412.0,0.001000
73500,0.000921,1.000000,0.000999,1.000000,412.6,0.001000
73600,0.001288,1.000000,0.001392,1.000000,413.2,0.001000
73700,0.000686,1.000000,0.000774,1.000000,413.8,0.001000
73800,0.000904,1.000000,0.000974,1.000000,414.3,0.001000
73900,0.016348,1.000000,0.020695,0.999362,414.9,0.001000
74000,0.000837,1.000000,0.000920,1.000000,415.4,0.001000
74100,0.000758,1.000000,0.000816,1.000000,416.0,0.001000
74200,0.001039,1.000000,0.001193,1.000000,416.5,0.001000
74300,0.000979,1.000000,0.001066,1.000000,417.1,0.001000
74400,0.170697,0.960034,0.177121,0.961318,417.7,0.001000
74500,0.000786,1.000000,0.000868,1.000000,418.3,0.001000
74600,0.000794,1.000000,0.000852,1.000000,418.9,0.001000
74700,0.001897,1.000000,0.002273,1.000000,419.5,0.001000
74800,0.000996,1.000000,0.001091,1.000000,420.0,0.001000
74900,0.000864,1.000000,0.000933,1.000000,420.6,0.001000
75000,0.000775,1.000000,0.000978,1.000000,421.1,0.001000
75100,0.000952,1.000000,0.001028,1.000000,421.7,0.001000
75200,0.008297,1.000000,0.009521,0.999787,422.3,0.001000
75300,0.001025,1.000000,0.001121,1.000000,422.8,0.001000
75400,0.000842,1.000000,0.000903,1.000000,423.4,0.001000
75500,0.001124,1.000000,0.001264,1.000000,423.9,0.001000
75600,0.001157,1.000000,0.001249,1.000000,424.5,0.001000
75700,0.000702,1.000000,0.000751,1.000000,425.1,0.001000
75800,0.000758,1.000000,0.000846,1.000000,425.7,0.001000
75900,0.001017,1.000000,0.001091,1.000000,426.2,0.001000
76000,0.006744,0.999787,0.007533,1.000000,426.8,0.001000
76100,0.000892,1.000000,0.000975,1.000000,427.4,0.001000
76200,0.000667,1.000000,0.000718,1.000000,428.0,0.001000
76300,0.000825,1.000000,0.000973,1.000000,428.5,0.001000
76400,0.001060,1.000000,0.001150,1.000000,429.1,0.001000
76500,2.568124,0.465136,2.527301,0.483316,429.7,0.001000
76600,0.000792,1.000000,0.000886,1.000000,430.3,0.001000
76700,0.000908,1.000000,0.000972,1.000000,430.9,0.001000
76800,0.001101,1.000000,0.001242,1.000000,431.5,0.001000
76900,0.000971,1.000000,0.001049,1.000000,432.0,0.001000
77000,0.015779,0.998937,0.014402,0.999787,432.6,0.001000
77100,0.000917,1.000000,0.001001,1.000000,433.1,0.001000
77200,0.000776,1.000000,0.000831,1.000000,433.7,0.001000
77300,0.001228,1.000000,0.001393,1.000000,434.3,0.001000
77400,0.000978,1.000000,0.001053,1.000000,434.8,0.001000
77500,0.000734,1.000000,0.000785,1.000000,435.4,0.001000
77600,0.000728,1.000000,0.000815,1.000000,436.0,0.001000
77700,0.000949,1.000000,0.001022,1.000000,436.5,0.001000
77800,0.001209,1.000000,0.001378,1.000000,437.1,0.001000
77900,0.001094,1.000000,0.001184,1.000000,437.7,0.001000
78000,0.010283,1.000000,0.012669,0.999362,438.2,0.001000
78100,0.000949,1.000000,0.001037,1.000000,438.8,0.001000
78200,0.000748,1.000000,0.000802,1.000000,439.4,0.001000
78300,0.000657,1.000000,0.000745,1.000000,439.9,0.001000
78400,0.000871,1.000000,0.000938,1.000000,440.5,0.001000
78500,0.043961,0.994685,0.051742,0.992986,441.1,0.001000
78600,0.000868,1.000000,0.000965,1.000000,441.6,0.001000
78700,0.000964,1.000000,0.001037,1.000000,442.2,0.001000
78800,0.002677,1.000000,0.003298,1.000000,442.7,0.001000
78900,0.000993,1.000000,0.001079,1.000000,443.3,0.001000
79000,0.000699,1.000000,0.000745,1.000000,443.8,0.001000
79100,0.000760,1.000000,0.000845,1.000000,444.4,0.001000
79200,0.000791,1.000000,0.000849,1.000000,444.9,0.001000
79300,0.001092,1.000000,0.001287,1.000000,445.5,0.001000
79400,0.000990,1.000000,0.001072,1.000000,446.0,0.001000
79500,0.078372,0.989371,0.089238,0.983634,446.5,0.001000
79600,0.000830,1.000000,0.000913,1.000000,447.1,0.001000
79700,0.000902,1.000000,0.000965,1.000000,447.7,0.001000
79800,0.004115,1.000000,0.004700,1.000000,448.2,0.001000
79900,0.000982,1.000000,0.001067,1.000000,448.8,0.001000
80000,0.000717,1.000000,0.000764,1.000000,449.4,0.001000
80100,0.000735,1.000000,0.000817,1.000000,450.0,0.001000
80200,0.000995,1.000000,0.001066,1.000000,450.5,0.001000
80300,0.003821,1.000000,0.004433,1.000000,451.1,0.001000
80400,0.000956,1.000000,0.001034,1.000000,451.7,0.001000
80500,0.000679,1.000000,0.000724,1.000000,452.2,0.001000
80600,0.000706,1.000000,0.000798,1.000000,452.8,0.001000
80700,0.000991,1.000000,0.001063,1.000000,453.4,0.001000
80800,0.027576,0.998299,0.030449,0.998937,453.9,0.001000
80900,0.000879,1.000000,0.000968,1.000000,454.4,0.001000
81000,0.000917,1.000000,0.000980,1.000000,455.0,0.001000
81100,0.002024,1.000000,0.002254,1.000000,455.6,0.001000
81200,0.000891,1.000000,0.000963,1.000000,456.1,0.001000
81300,0.023958,1.000000,0.028391,0.999575,456.7,0.001000
81400,0.000817,1.000000,0.000891,1.000000,457.3,0.001000
81500,0.000828,1.000000,0.000883,1.000000,457.8,0.001000
81600,0.001110,1.000000,0.001282,1.000000,458.4,0.001000
81700,0.001023,1.000000,0.001110,1.000000,458.9,0.001000
81800,0.368378,0.905187,0.389573,0.896918,459.5,0.001000
81900,0.000864,1.000000,0.000948,1.000000,460.1,0.001000
82000,0.000910,1.000000,0.000975,1.000000,460.6,0.001000
82100,0.001197,1.000000,0.001385,1.000000,461.2,0.001000
82200,0.001060,1.000000,0.001139,1.000000,461.7,0.001000
82300,0.000664,1.000000,0.000706,1.000000,462.3,0.001000
82400,0.000733,1.000000,0.000823,1.000000,462.9,0.001000
82500,0.000973,1.000000,0.001046,1.000000,463.4,0.001000
82600,0.009673,0.999787,0.011694,0.999575,464.0,0.001000
82700,0.000864,1.000000,0.000943,1.000000,464.6,0.001000
82800,0.000729,1.000000,0.000782,1.000000,465.1,0.001000
82900,0.000780,1.000000,0.000883,1.000000,465.6,0.001000
83000,0.001080,1.000000,0.001164,1.000000,466.2,0.001000
83100,0.051947,0.996173,0.060842,0.993836,466.8,0.001000
83200,0.000931,1.000000,0.001022,1.000000,467.4,0.001000
83300,0.000919,1.000000,0.000981,1.000000,467.9,0.001000
83400,0.003912,1.000000,0.004681,0.999787,468.5,0.001000
83500,0.000996,1.000000,0.001085,1.000000,469.1,0.001000
83600,0.000749,1.000000,0.000805,1.000000,469.6,0.001000
83700,0.000716,1.000000,0.000801,1.000000,470.2,0.001000
83800,0.000959,1.000000,0.001030,1.000000,470.7,0.001000
83900,0.002312,1.000000,0.003141,0.999787,471.2,0.001000
84000,0.000943,1.000000,0.001015,1.000000,471.8,0.001000
84100,0.000618,1.000000,0.000659,1.000000,472.4,0.001000
84200,0.000716,1.000000,0.000816,1.000000,472.9,0.001000
84300,0.001020,1.000000,0.001093,1.000000,473.5,0.001000
84400,0.016232,0.999575,0.018954,0.999150,474.0,0.001000
84500,0.000930,1.000000,0.001027,1.000000,474.6,0.001000
84600,0.000870,1.000000,0.000935,1.000000,475.2,0.001000
84700,0.001047,1.000000,0.001209,1.000000,475.7,0.001000
84800,0.000999,1.000000,0.001076,1.000000,476.3,0.001000
84900,0.030960,0.997662,0.034030,0.997237,476.8,0.001000
85000,0.000781,1.000000,0.000867,1.000000,477.3,0.001000
85100,0.000866,1.000000,0.000933,1.000000,477.9,0.001000
85200,0.001298,1.000000,0.001474,1.000000,478.4,0.001000
85300,0.001025,1.000000,0.001113,1.000000,479.0,0.001000
85400,0.079494,0.990221,0.094795,0.986397,479.6,0.001000
85500,0.000833,1.000000,0.000910,1.000000,480.1,0.001000
85600,0.000823,1.000000,0.000880,1.000000,480.7,0.001000
85700,0.001177,1.000000,0.001521,1.000000,481.2,0.001000
85800,0.000887,1.000000,0.000950,1.000000,481.8,0.001000
85900,0.406240,0.889031,0.419887,0.879490,482.3,0.001000
86000,0.000749,1.000000,0.000828,1.000000,482.9,0.001000
86100,0.000912,1.000000,0.000984,1.000000,483.5,0.001000
86200,0.003668,1.000000,0.004773,1.000000,484.1,0.001000
86300,0.000942,1.000000,0.001027,1.000000,484.6,0.001000
86400,0.000702,1.000000,0.000747,1.000000,485.2,0.001000
86500,0.000707,1.000000,0.000810,1.000000,485.8,0.001000
86600,0.000963,1.000000,0.001032,1.000000,486.3,0.001000
86700,3.211807,0.296344,3.169168,0.300744,486.9,0.001000
86800,0.000704,1.000000,0.000785,1.000000,487.5,0.001000
86900,0.000909,1.000000,0.000974,1.000000,488.1,0.001000
87000,0.004817,1.000000,0.005424,1.000000,488.6,0.001000
87100,0.000962,1.000000,0.001038,1.000000,489.2,0.001000
87200,0.000708,1.000000,0.000754,1.000000,489.8,0.001000
87300,0.000770,1.000000,0.000893,1.000000,490.4,0.001000
87400,0.001060,1.000000,0.001141,1.000000,490.9,0.001000
87500,0.000931,1.000000,0.000986,1.000000,491.5,0.001000
87600,0.000884,1.000000,0.000976,1.000000,492.0,0.001000
87700,0.000999,1.000000,0.001072,1.000000,492.6,0.001000
87800,0.000866,1.000000,0.000956,1.000000,493.2,0.001000
87900,0.000998,1.000000,0.001066,1.000000,493.8,0.001000
88000,0.000905,1.000000,0.000962,1.000000,494.4,0.001000
88100,0.000758,1.000000,0.000838,1.000000,494.9,0.001000
88200,0.000907,1.000000,0.000972,1.000000,495.5,0.001000
88300,0.002087,1.000000,0.002449,1.000000,496.1,0.001000
88400,0.001009,1.000000,0.001098,1.000000,496.6,0.001000
88500,0.000681,1.000000,0.000727,1.000000,497.2,0.001000
88600,0.000739,1.000000,0.000838,1.000000,497.8,0.001000
88700,0.001041,1.000000,0.001130,1.000000,498.4,0.001000
88800,0.013123,0.999150,0.013296,1.000000,498.9,0.001000
88900,0.000946,1.000000,0.001033,1.000000,499.5,0.001000
89000,0.000765,1.000000,0.000816,1.000000,500.0,0.001000
89100,0.000997,1.000000,0.001156,1.000000,500.6,0.001000
89200,0.000911,1.000000,0.000985,1.000000,501.1,0.001000
89300,3.011167,0.341837,3.097184,0.325399,501.7,0.001000
89400,0.000747,1.000000,0.000832,1.000000,502.2,0.001000
89500,0.000849,1.000000,0.000916,1.000000,502.8,0.001000
89600,0.001504,1.000000,0.001796,1.000000,503.4,0.001000
89700,0.000827,1.000000,0.000897,1.000000,504.0,0.001000
89800,0.000552,1.000000,0.000593,1.000000,504.5,0.001000
89900,0.000687,1.000000,0.000771,1.000000,505.1,0.001000
90000,0.000918,1.000000,0.000982,1.000000,505.6,0.001000
90100,0.010853,1.000000,0.012469,0.999787,506.2,0.001000
90200,0.000858,1.000000,0.000929,1.000000,506.7,0.001000
90300,0.000726,1.000000,0.000776,1.000000,507.3,0.001000
90400,0.000797,1.000000,0.000934,1.000000,507.9,0.001000
90500,0.000963,1.000000,0.001032,1.000000,508.4,0.001000
90600,0.000607,1.000000,0.000646,1.000000,508.9,0.001000
90700,0.000700,1.000000,0.000801,1.000000,509.5,0.001000
90800,0.000972,1.000000,0.001046,1.000000,510.0,0.001000
90900,0.002538,1.000000,0.002967,1.000000,510.6,0.001000
91000,0.001025,1.000000,0.001110,1.000000,511.2,0.001000
91100,0.000701,1.000000,0.000749,1.000000,511.7,0.001000
91200,0.000836,1.000000,0.000978,1.000000,512.3,0.001000
91300,0.001062,1.000000,0.001142,1.000000,512.8,0.001000
91400,0.024761,0.999575,0.027798,0.999575,513.4,0.001000
91500,0.000860,1.000000,0.000947,1.000000,513.9,0.001000
91600,0.000785,1.000000,0.000841,1.000000,514.5,0.001000
91700,0.005406,0.999787,0.005866,0.999787,515.0,0.001000
91800,0.000884,1.000000,0.000958,1.000000,515.6,0.001000
91900,0.000686,1.000000,0.000731,1.000000,516.1,0.001000
92000,0.000671,1.000000,0.000741,1.000000,516.7,0.001000
92100,0.000869,1.000000,0.000931,1.000000,517.3,0.001000
92200,0.119145,0.978529,0.135219,0.976621,517.9,0.001000
92300,0.000639,1.000000,0.000709,1.000000,518.4,0.001000
92400,0.000780,1.000000,0.000838,1.000000,519.0,0.001000
92500,0.000752,1.000000,0.000848,1.000000,519.6,0.001000
92600,0.000838,1.000000,0.000901,1.000000,520.1,0.001000
92700,0.000477,1.000000,0.000512,1.000000,520.7,0.001000
92800,0.000681,1.000000,0.000766,1.000000,521.2,0.001000
92900,0.000939,1.000000,0.001006,1.000000,521.8,0.001000
93000,0.003975,1.000000,0.004553,1.000000,522.3,0.001000
93100,0.001015,1.000000,0.001102,1.000000,522.9,0.001000
93200,0.000754,1.000000,0.000806,1.000000,523.5,0.001000
93300,0.000813,1.000000,0.000924,1.000000,524.0,0.001000
93400,0.000985,1.000000,0.001060,1.000000,524.6,0.001000
93500,0.023341,0.999362,0.027663,0.998512,525.1,0.001000
93600,0.000971,1.000000,0.001066,1.000000,525.7,0.001000
93700,0.000875,1.000000,0.000933,1.000000,526.3,0.001000
93800,0.001454,1.000000,0.001750,1.000000,526.8,0.001000
93900,0.001047,1.000000,0.001133,1.000000,527.4,0.001000
94000,0.000697,1.000000,0.000746,1.000000,527.9,0.001000
94100,0.000737,1.000000,0.000830,1.000000,528.5,0.001000
94200,0.001046,1.000000,0.001119,1.000000,529.1,0.001000
94300,0.019316,1.000000,0.022509,0.999362,529.6,0.001000
94400,0.000847,1.000000,0.000942,1.000000,530.2,0.001000
94500,0.000936,1.000000,0.001007,1.000000,530.8,0.001000
94600,0.001336,1.000000,0.001517,1.000000,531.3,0.001000
94700,0.000982,1.000000,0.001056,1.000000,531.9,0.001000
94800,0.001018,1.000000,0.001088,1.000000,532.5,0.001000
94900,0.000823,1.000000,0.000911,1.000000,533.0,0.001000
95000,0.000895,1.000000,0.000958,1.000000,533.6,0.001000
95100,0.002402,1.000000,0.002763,1.000000,534.2,0.001000
95200,0.001097,1.000000,0.001180,1.000000,534.7,0.001000
95300,0.000764,1.000000,0.000815,1.000000,535.3,0.001000
95400,0.000728,1.000000,0.000813,1.000000,535.8,0.001000
95500,0.001004,1.000000,0.001077,1.000000,536.4,0.001000
95600,0.011981,1.000000,0.014237,0.999575,537.0,0.001000
95700,0.000846,1.000000,0.000931,1.000000,537.6,0.001000
95800,0.000826,1.000000,0.000885,1.000000,538.2,0.001000
95900,0.000831,1.000000,0.000930,1.000000,538.7,0.001000
96000,0.000928,1.000000,0.000993,1.000000,539.3,0.001000
96100,0.000584,1.000000,0.000618,1.000000,539.8,0.001000
96200,0.000635,1.000000,0.000716,1.000000,540.4,0.001000
96300,0.000950,1.000000,0.001023,1.000000,540.9,0.001000
96400,0.034360,0.999150,0.036539,0.999362,541.5,0.001000
96500,0.000872,1.000000,0.000949,1.000000,542.1,0.001000
96600,0.000763,1.000000,0.000814,1.000000,542.6,0.001000
96700,0.000811,1.000000,0.000927,1.000000,543.2,0.001000
96800,0.001027,1.000000,0.001110,1.000000,543.7,0.001000
96900,0.012072,1.000000,0.013903,0.999575,544.3,0.001000
97000,0.000895,1.000000,0.000984,1.000000,544.9,0.001000
97100,0.000867,1.000000,0.000924,1.000000,545.4,0.001000
97200,0.002254,1.000000,0.002835,1.000000,546.0,0.001000
97300,0.001072,1.000000,0.001172,1.000000,546.5,0.001000
97400,0.000763,1.000000,0.000818,1.000000,547.1,0.001000
97500,0.000774,1.000000,0.000877,1.000000,547.7,0.001000
97600,0.001056,1.000000,0.001132,1.000000,548.3,0.001000
97700,1.083624,0.637117,1.098033,0.635919,548.8,0.001000
97800,0.000776,1.000000,0.000847,1.000000,549.4,0.001000
97900,0.000840,1.000000,0.000898,1.000000,550.0,0.001000
98000,0.002117,1.000000,0.002486,1.000000,550.5,0.001000
98100,0.000932,1.000000,0.001007,1.000000,551.1,0.001000
98200,0.000690,1.000000,0.000740,1.000000,551.6,0.001000
98300,0.000761,1.000000,0.000850,1.000000,552.2,0.001000
98400,0.001009,1.000000,0.001077,1.000000,552.7,0.001000
98500,0.006358,1.000000,0.007739,1.000000,553.3,0.001000
98600,0.000871,1.000000,0.000945,1.000000,553.9,0.001000
98700,0.000693,1.000000,0.000736,1.000000,554.4,0.001000
98800,0.000909,1.000000,0.001046,1.000000,555.0,0.001000
98900,0.001066,1.000000,0.001149,1.000000,555.6,0.001000
99000,0.000667,1.000000,0.000709,1.000000,556.2,0.001000
99100,0.000771,1.000000,0.000856,1.000000,556.8,0.001000
99200,0.000943,1.000000,0.001010,1.000000,557.3,0.001000
99300,0.006544,0.999787,0.007230,0.999787,557.9,0.001000
99400,0.000903,1.000000,0.000986,1.000000,558.5,0.001000
99500,0.000750,1.000000,0.000803,1.000000,559.0,0.001000
99600,0.000863,1.000000,0.000975,1.000000,559.6,0.001000
99700,0.001131,1.000000,0.001211,1.000000,560.1,0.001000
99800,0.087024,0.988520,0.093072,0.988098,560.7,0.001000
99900,0.000847,1.000000,0.000920,1.000000,561.3,0.001000
100000,0.000774,1.000000,0.000827,1.000000,561.8,0.001000
100100,0.000860,1.000000,0.000982,1.000000,562.4,0.001000
100200,0.001079,1.000000,0.001163,1.000000,562.9,0.001000
100300,0.005843,1.000000,0.007169,1.000000,563.5,0.001000
100400,0.000988,1.000000,0.001083,1.000000,564.0,0.001000
100500,0.000700,1.000000,0.000751,1.000000,564.6,0.001000
100600,0.000785,1.000000,0.000914,1.000000,565.2,0.001000
100700,0.001034,1.000000,0.001122,1.000000,565.7,0.001000
100800,0.000634,1.000000,0.000678,1.000000,566.3,0.001000
100900,0.000749,1.000000,0.000826,1.000000,566.9,0.001000
101000,0.000844,1.000000,0.000902,1.000000,567.4,0.001000
101100,0.001595,1.000000,0.001833,1.000000,568.0,0.001000
101200,0.001053,1.000000,0.001137,1.000000,568.6,0.001000
101300,0.000704,1.000000,0.000751,1.000000,569.1,0.001000
101400,0.000731,1.000000,0.000810,1.000000,569.7,0.001000
101500,0.000978,1.000000,0.001047,1.000000,570.3,0.001000
101600,0.026285,0.998937,0.030813,0.998300,570.8,0.001000
101700,0.000893,1.000000,0.000983,1.000000,571.4,0.001000
101800,0.000914,1.000000,0.000978,1.000000,571.9,0.001000
101900,0.005536,1.000000,0.006959,1.000000,572.5,0.001000
102000,0.000986,1.000000,0.001090,1.000000,573.0,0.001000
102100,0.000804,1.000000,0.000866,1.000000,573.6,0.001000
102200,0.000720,1.000000,0.000809,1.000000,574.1,0.001000
102300,0.000988,1.000000,0.001066,1.000000,574.7,0.001000
102400,0.008790,1.000000,0.010668,1.000000,575.2,0.001000
102500,0.000876,1.000000,0.000956,1.000000,575.8,0.001000
102600,0.000715,1.000000,0.000762,1.000000,576.4,0.001000
102700,0.001770,1.000000,0.002085,1.000000,576.9,0.001000
102800,0.001147,1.000000,0.001242,1.000000,577.5,0.001000
102900,0.115599,0.984056,0.133783,0.980021,578.0,0.001000
103000,0.000844,1.000000,0.000917,1.000000,578.6,0.001000
103100,0.000708,1.000000,0.000756,1.000000,579.1,0.001000
103200,0.004325,1.000000,0.005183,1.000000,579.7,0.001000
103300,0.000837,1.000000,0.000912,1.000000,580.3,0.001000
103400,0.000669,1.000000,0.000716,1.000000,580.8,0.001000
103500,0.000683,1.000000,0.000780,1.000000,581.4,0.001000
103600,0.000926,1.000000,0.000996,1.000000,581.9,0.001000
103700,0.018146,0.999362,0.018502,0.999787,582.5,0.001000
103800,0.000832,1.000000,0.000906,1.000000,583.1,0.001000
103900,0.000772,1.000000,0.000825,1.000000,583.6,0.001000
104000,0.000688,1.000000,0.000777,1.000000,584.2,0.001000
104100,0.000876,1.000000,0.000936,1.000000,584.7,0.001000
104200,0.015424,0.999787,0.018062,0.999150,585.3,0.001000
104300,0.000935,1.000000,0.001036,1.000000,585.9,0.001000
104400,0.000943,1.000000,0.001010,1.000000,586.4,0.001000
104500,0.001792,1.000000,0.002148,1.000000,587.0,0.001000
104600,0.001085,1.000000,0.001172,1.000000,587.6,0.001000
104700,0.000759,1.000000,0.000813,1.000000,588.2,0.001000
104800,0.000719,1.000000,0.000820,1.000000,588.7,0.001000
104900,0.001036,1.000000,0.001113,1.000000,589.3,0.001000
105000,0.003596,1.000000,0.004344,1.000000,589.9,0.001000
105100,0.001004,1.000000,0.001089,1.000000,590.4,0.001000
105200,0.000675,1.000000,0.000722,1.000000,591.0,0.001000
105300,0.000814,1.000000,0.000912,1.000000,591.5,0.001000
105400,0.000916,1.000000,0.000984,1.000000,592.1,0.001000
105500,0.053341,0.999362,0.058803,0.997662,592.6,0.001000
105600,0.000727,1.000000,0.000798,1.000000,593.2,0.001000
105700,0.000832,1.000000,0.000890,1.000000,593.8,0.001000
105800,0.001753,1.000000,0.002045,1.000000,594.3,0.001000
105900,0.001081,1.000000,0.001170,1.000000,594.9,0.001000
106000,0.000716,1.000000,0.000759,1.000000,595.4,0.001000
106100,0.000731,1.000000,0.000814,1.000000,596.0,0.001000
106200,0.000997,1.000000,0.001072,1.000000,596.6,0.001000
106300,0.006194,1.000000,0.007606,1.000000,597.1,0.001000
106400,0.000910,1.000000,0.000991,1.000000,597.7,0.001000
106500,0.000750,1.000000,0.000801,1.000000,598.3,0.001000
106600,0.001224,1.000000,0.001486,1.000000,598.8,0.001000
106700,0.000996,1.000000,0.001081,1.000000,599.3,0.001000
106800,0.000662,1.000000,0.000705,1.000000,599.9,0.001000
106900,0.000746,1.000000,0.000828,1.000000,600.5,0.001000
107000,0.000910,1.000000,0.000971,1.000000,601.0,0.001000
107100,0.012387,0.999787,0.014265,0.999150,601.6,0.001000
107200,0.000834,1.000000,0.000921,1.000000,602.1,0.001000
107300,0.000743,1.000000,0.000794,1.000000,602.7,0.001000
107400,0.000882,1.000000,0.001039,1.000000,603.3,0.001000
107500,0.000909,1.000000,0.000978,1.000000,603.8,0.001000
107600,0.027246,0.999362,0.032687,0.999150,604.3,0.001000
107700,0.000840,1.000000,0.000931,1.000000,604.9,0.001000
107800,0.000905,1.000000,0.000971,1.000000,605.5,0.001000
107900,0.001115,1.000000,0.001293,1.000000,606.0,0.001000
108000,0.001025,1.000000,0.001108,1.000000,606.6,0.001000
108100,0.172112,0.962372,0.163763,0.964718,607.1,0.001000
108200,0.000739,1.000000,0.000813,1.000000,607.7,0.001000
108300,0.000795,1.000000,0.000854,1.000000,608.2,0.001000
108400,0.002644,1.000000,0.003291,1.000000,608.8,0.001000
108500,0.000971,1.000000,0.001052,1.000000,609.4,0.001000
108600,0.000701,1.000000,0.000749,1.000000,609.9,0.001000
108700,0.000704,1.000000,0.000781,1.000000,610.5,0.001000
108800,0.001002,1.000000,0.001070,1.000000,611.0,0.001000
108900,0.024461,0.999362,0.025916,0.999575,611.6,0.001000
109000,0.000845,1.000000,0.000918,1.000000,612.1,0.001000
109100,0.000704,1.000000,0.000749,1.000000,612.8,0.001000
109200,0.000903,1.000000,0.001102,1.000000,613.3,0.001000
109300,0.000997,1.000000,0.001081,1.000000,613.9,0.001000
109400,0.000631,1.000000,0.000671,1.000000,614.4,0.001000
109500,0.000682,1.000000,0.000773,1.000000,615.0,0.001000
109600,0.000983,1.000000,0.001059,1.000000,615.5,0.001000
109700,0.073371,0.994898,0.083728,0.992986,616.1,0.001000
109800,0.000771,1.000000,0.000846,1.000000,616.7,0.001000
109900,0.000788,1.000000,0.000844,1.000000,617.2,0.001000
110000,0.000927,1.000000,0.001107,1.000000,617.8,0.001000
110100,0.001024,1.000000,0.001121,1.000000,618.4,0.001000
110200,0.238222,0.940051,0.245594,0.934963,618.9,0.001000
110300,0.000840,1.000000,0.000928,1.000000,619.5,0.001000
110400,0.000926,1.000000,0.000991,1.000000,620.0,0.001000
110500,0.004362,1.000000,0.005452,1.000000,620.6,0.001000
110600,0.001004,1.000000,0.001092,1.000000,621.2,0.001000
110700,0.000775,1.000000,0.000828,1.000000,621.7,0.001000
110800,0.000716,1.000000,0.000807,1.000000,622.3,0.001000
110900,0.001023,1.000000,0.001092,1.000000,622.8,0.001000
111000,0.008863,1.000000,0.010721,1.000000,623.4,0.001000
111100,0.000934,1.000000,0.001019,1.000000,624.0,0.001000
111200,0.000768,1.000000,0.000824,1.000000,624.5,0.001000
111300,0.000671,1.000000,0.000767,1.000000,625.1,0.001000
111400,0.000927,1.000000,0.000992,1.000000,625.7,0.001000
111500,0.010937,0.999362,0.013090,0.999362,626.2,0.001000
111600,0.000890,1.000000,0.000971,1.000000,626.8,0.001000
111700,0.000759,1.000000,0.000813,1.000000,627.3,0.001000
111800,0.000701,1.000000,0.000802,1.000000,627.8,0.001000
111900,0.000960,1.000000,0.001032,1.000000,628.4,0.001000
112000,0.070600,0.993622,0.084265,0.988948,629.0,0.001000
112100,0.000790,1.000000,0.000880,1.000000,629.5,0.001000
112200,0.000931,1.000000,0.000995,1.000000,630.1,0.001000
112300,0.001818,1.000000,0.002141,1.000000,630.6,0.001000
112400,0.000985,1.000000,0.001067,1.000000,631.2,0.001000
112500,0.000656,1.000000,0.000701,1.000000,631.8,0.001000
112600,0.000733,1.000000,0.000825,1.000000,632.3,0.001000
112700,0.000946,1.000000,0.001020,1.000000,632.9,0.001000
112800,0.038002,0.997874,0.045301,0.996174,633.5,0.001000
112900,0.000728,1.000000,0.000804,1.000000,634.1,0.001000
113000,0.000817,1.000000,0.000877,1.000000,634.6,0.001000
113100,0.000817,1.000000,0.000943,1.000000,635.2,0.001000
113200,0.001070,1.000000,0.001152,1.000000,635.7,0.001000
113300,0.526733,0.851403,0.545183,0.845696,636.3,0.001000
113400,0.000737,1.000000,0.000814,1.000000,636.9,0.001000
113500,0.000864,1.000000,0.000930,1.000000,637.4,0.001000
113600,0.001820,1.000000,0.002192,1.000000,638.0,0.001000
113700,0.001041,1.000000,0.001129,1.000000,638.5,0.001000
113800,0.000691,1.000000,0.000738,1.000000,639.1,0.001000
113900,0.000774,1.000000,0.000876,1.000000,639.7,0.001000
114000,0.001101,1.000000,0.001174,1.000000,640.2,0.001000
114100,0.010389,1.000000,0.011893,1.000000,640.8,0.001000
114200,0.000845,1.000000,0.000919,1.000000,641.3,0.001000
114300,0.000709,1.000000,0.000760,1.000000,641.9,0.001000
114400,0.001010,1.000000,0.001189,1.000000,642.5,0.001000
114500,0.001047,1.000000,0.001133,1.000000,643.0,0.001000
114600,0.030630,0.999362,0.034560,0.999150,643.6,0.001000
114700,0.000778,1.000000,0.000853,1.000000,644.2,0.001000
114800,0.000665,1.000000,0.000717,1.000000,644.7,0.001000
114900,0.000744,1.000000,0.000845,1.000000,645.3,0.001000
115000,0.001059,1.000000,0.001137,1.000000,645.9,0.001000
115100,0.025358,0.998512,0.028168,0.998512,646.4,0.001000
115200,0.000880,1.000000,0.000966,1.000000,647.0,0.001000
115300,0.000828,1.000000,0.000884,1.000000,647.5,0.001000
115400,0.002846,1.000000,0.003432,1.000000,648.1,0.001000
115500,0.000954,1.000000,0.001036,1.000000,648.7,0.001000
115600,0.000703,1.000000,0.000749,1.000000,649.3,0.001000
115700,0.000770,1.000000,0.000854,1.000000,649.9,0.001000
115800,0.001025,1.000000,0.001097,1.000000,650.4,0.001000
115900,0.016392,0.999575,0.020236,0.999150,651.0,0.001000
116000,0.001010,1.000000,0.001103,1.000000,651.5,0.001000
116100,0.000896,1.000000,0.000953,1.000000,652.1,0.001000
116200,0.000819,1.000000,0.000936,1.000000,652.6,0.001000
116300,0.001104,1.000000,0.001188,1.000000,653.2,0.001000
116400,0.017588,0.999787,0.020961,0.999575,653.8,0.001000
116500,0.000994,1.000000,0.001084,1.000000,654.3,0.001000
116600,0.000867,1.000000,0.000925,1.000000,654.9,0.001000
116700,0.000813,1.000000,0.000917,1.000000,655.5,0.001000
116800,0.001062,1.000000,0.001140,1.000000,656.1,0.001000
116900,0.015683,0.999787,0.018511,0.999575,656.6,0.001000
117000,0.000916,1.000000,0.001011,1.000000,657.2,0.001000
117100,0.000806,1.000000,0.000866,1.000000,657.8,0.001000
117200,0.000738,1.000000,0.000840,1.000000,658.3,0.001000
117300,0.000994,1.000000,0.001067,1.000000,658.9,0.001000
117400,0.031199,0.997874,0.032340,0.998087,659.4,0.001000
117500,0.000805,1.000000,0.000891,1.000000,660.0,0.001000
117600,0.000984,1.000000,0.001048,1.000000,660.6,0.001000
117700,0.001576,1.000000,0.001808,1.000000,661.2,0.001000
117800,0.000956,1.000000,0.001026,1.000000,661.7,0.001000
117900,0.219858,0.953656,0.243307,0.943677,662.3,0.001000
118000,0.000874,1.000000,0.000964,1.000000,662.8,0.001000
118100,0.001052,1.000000,0.001127,1.000000,663.4,0.001000
118200,0.005257,1.000000,0.006139,1.000000,664.0,0.001000
118300,0.000990,1.000000,0.001074,1.000000,664.6,0.001000
118400,0.000756,1.000000,0.000804,1.000000,665.2,0.001000
118500,0.000719,1.000000,0.000811,1.000000,665.7,0.001000
118600,0.000945,1.000000,0.001015,1.000000,666.3,0.001000
118700,0.010114,1.000000,0.011725,0.999362,666.9,0.001000
118800,0.000950,1.000000,0.001041,1.000000,667.4,0.001000
118900,0.000807,1.000000,0.000860,1.000000,668.0,0.001000
119000,0.000839,1.000000,0.000972,1.000000,668.6,0.001000
119100,0.001063,1.000000,0.001144,1.000000,669.1,0.001000
119200,2.172108,0.501063,2.229594,0.497768,669.7,0.001000
119300,0.000752,1.000000,0.000834,1.000000,670.3,0.001000
119400,0.000826,1.000000,0.000885,1.000000,670.8,0.001000
119500,0.013876,1.000000,0.016420,0.999787,671.3,0.001000
119600,0.000918,1.000000,0.001006,1.000000,671.9,0.001000
119700,0.000877,1.000000,0.000938,1.000000,672.5,0.001000
119800,0.001107,1.000000,0.001290,1.000000,673.0,0.001000
119900,0.001028,1.000000,0.001107,1.000000,673.6,0.001000
120000,0.000629,1.000000,0.000668,1.000000,674.3,0.001000
120100,0.000686,1.000000,0.000779,1.000000,674.8,0.001000
120200,0.001013,1.000000,0.001087,1.000000,675.4,0.001000
120300,0.081228,0.993197,0.097921,0.985547,676.0,0.001000
120400,0.000886,1.000000,0.000972,1.000000,676.5,0.001000
120500,0.000919,1.000000,0.000982,1.000000,677.1,0.001000
120600,0.002635,1.000000,0.003268,1.000000,677.6,0.001000
120700,0.001084,1.000000,0.001175,1.000000,678.2,0.001000
120800,0.000753,1.000000,0.000803,1.000000,678.8,0.001000
120900,0.000743,1.000000,0.000837,1.000000,679.3,0.001000
121000,0.000993,1.000000,0.001064,1.000000,679.9,0.001000
121100,0.017310,0.999787,0.021530,0.998937,680.4,0.001000
121200,0.000857,1.000000,0.000940,1.000000,681.0,0.001000
121300,0.000840,1.000000,0.000900,1.000000,681.6,0.001000
121400,0.001550,1.000000,0.001693,1.000000,682.1,0.001000
121500,0.001037,1.000000,0.001125,1.000000,682.7,0.001000
121600,0.000682,1.000000,0.000729,1.000000,683.3,0.001000
121700,0.000687,1.000000,0.000777,1.000000,683.8,0.001000
121800,0.000916,1.000000,0.000991,1.000000,684.4,0.001000
121900,0.003491,1.000000,0.003957,1.000000,684.9,0.001000
122000,0.000921,1.000000,0.001002,1.000000,685.5,0.001000
122100,0.000646,1.000000,0.000692,1.000000,686.0,0.001000
122200,0.000701,1.000000,0.000793,1.000000,686.6,0.001000
122300,0.000994,1.000000,0.001069,1.000000,687.2,0.001000
122400,0.103624,0.981505,0.117506,0.981084,687.7,0.001000
122500,0.000817,1.000000,0.000890,1.000000,688.3,0.001000
122600,0.000786,1.000000,0.000837,1.000000,688.8,0.001000
122700,0.001668,1.000000,0.001922,1.000000,689.4,0.001000
122800,0.000944,1.000000,0.001021,1.000000,690.0,0.001000
122900,0.339560,0.918367,0.376061,0.910096,690.5,0.001000
123000,0.000796,1.000000,0.000878,1.000000,691.1,0.001000
123100,0.000875,1.000000,0.000940,1.000000,691.7,0.001000
123200,0.004809,1.000000,0.005847,1.000000,692.3,0.001000
123300,0.000925,1.000000,0.001002,1.000000,692.9,0.001000
123400,0.000699,1.000000,0.000750,1.000000,693.4,0.001000
123500,0.000753,1.000000,0.000854,1.000000,694.0,0.001000
123600,0.001032,1.000000,0.001114,1.000000,694.5,0.001000
123700,0.007192,1.000000,0.008109,1.000000,695.1,0.001000
123800,0.001065,1.000000,0.001157,1.000000,695.6,0.001000
123900,0.000809,1.000000,0.000858,1.000000,696.2,0.001000
124000,0.000848,1.000000,0.000951,1.000000,696.8,0.001000
124100,0.001156,1.000000,0.001250,1.000000,697.3,0.001000
124200,0.022616,0.999787,0.026929,0.998937,697.9,0.001000
124300,0.000886,1.000000,0.000977,1.000000,698.5,0.001000
124400,0.000927,1.000000,0.000988,1.000000,699.0,0.001000
124500,0.004916,1.000000,0.006372,0.999787,699.6,0.001000
124600,0.001028,1.000000,0.001122,1.000000,700.2,0.001000
124700,0.000823,1.000000,0.000888,1.000000,700.8,0.001000
124800,0.000757,1.000000,0.000834,1.000000,701.3,0.001000
124900,0.000835,1.000000,0.000896,1.000000,701.9,0.001000
125000,0.005719,0.999787,0.006010,1.000000,702.5,0.001000
125100,0.000915,1.000000,0.001000,1.000000,703.0,0.001000
125200,0.000756,1.000000,0.000807,1.000000,703.6,0.001000
125300,0.001463,1.000000,0.001657,1.000000,704.1,0.001000
125400,0.000936,1.000000,0.001016,1.000000,704.6,0.001000
125500,0.000634,1.000000,0.000681,1.000000,705.2,0.001000
125600,0.000688,1.000000,0.000759,1.000000,705.8,0.001000
125700,0.000828,1.000000,0.000887,1.000000,706.3,0.001000
125800,0.002727,0.999787,0.002878,1.000000,706.9,0.001000
125900,0.000916,1.000000,0.000988,1.000000,707.4,0.001000
126000,0.000648,1.000000,0.000691,1.000000,708.0,0.001000
126100,0.000719,1.000000,0.000811,1.000000,708.5,0.001000
126200,0.000969,1.000000,0.001045,1.000000,709.1,0.001000
126300,0.060810,0.995961,0.061196,0.997875,709.7,0.001000
126400,0.000748,1.000000,0.000836,1.000000,710.3,0.001000
126500,0.000903,1.000000,0.000969,1.000000,710.8,0.001000
126600,0.001651,1.000000,0.001971,1.000000,711.4,0.001000
126700,0.000991,1.000000,0.001068,1.000000,711.9,0.001000
126800,0.043507,0.997662,0.047558,0.997450,712.5,0.001000
126900,0.000804,1.000000,0.000890,1.000000,713.0,0.001000
127000,0.000882,1.000000,0.000945,1.000000,713.6,0.001000
127100,0.001009,1.000000,0.001167,1.000000,714.2,0.001000
127200,0.001020,1.000000,0.001093,1.000000,714.8,0.001000
127300,0.000631,1.000000,0.000670,1.000000,715.3,0.001000
127400,0.000715,1.000000,0.000800,1.000000,715.9,0.001000
127500,0.000931,1.000000,0.001005,1.000000,716.4,0.001000
127600,0.001030,1.000000,0.001203,1.000000,717.0,0.001000
127700,0.001006,1.000000,0.001087,1.000000,717.6,0.001000
127800,0.366115,0.912415,0.365172,0.913284,718.1,0.001000
127900,0.000764,1.000000,0.000861,1.000000,718.6,0.001000
128000,0.001021,1.000000,0.001101,1.000000,719.2,0.001000
128100,0.003420,1.000000,0.003923,1.000000,719.8,0.001000
128200,0.000995,1.000000,0.001075,1.000000,720.3,0.001000
128300,0.000681,1.000000,0.000723,1.000000,720.9,0.001000
128400,0.001008,1.000000,0.001184,1.000000,721.4,0.001000
128500,0.001045,1.000000,0.001117,1.000000,722.0,0.001000
128600,0.229376,0.947279,0.250155,0.942189,722.5,0.001000
128700,0.000866,1.000000,0.000950,1.000000,723.1,0.001000
128800,0.000884,1.000000,0.000940,1.000000,723.7,0.001000
128900,0.002098,1.000000,0.002548,1.000000,724.3,0.001000
129000,0.000882,1.000000,0.000954,1.000000,724.8,0.001000
129100,0.000644,1.000000,0.000692,1.000000,725.4,0.001000
129200,0.000780,1.000000,0.000859,1.000000,726.0,0.001000
129300,0.000909,1.000000,0.000977,1.000000,726.5,0.001000
129400,0.006605,1.000000,0.007914,1.000000,727.1,0.001000
129500,0.001021,1.000000,0.001126,1.000000,727.6,0.001000
129600,0.000882,1.000000,0.000945,1.000000,728.2,0.001000
129700,0.000797,1.000000,0.000888,1.000000,728.8,0.001000
129800,0.000999,1.000000,0.001070,1.000000,729.4,0.001000
129900,0.001101,1.000000,0.001230,1.000000,729.9,0.001000
130000,0.000952,1.000000,0.001023,1.000000,730.5,0.001000
130100,0.000600,1.000000,0.000639,1.000000,731.1,0.001000
130200,0.000671,1.000000,0.000768,1.000000,731.7,0.001000
130300,0.000872,1.000000,0.000934,1.000000,732.3,0.001000
130400,0.003600,1.000000,0.005048,1.000000,732.8,0.001000
130500,0.000965,1.000000,0.001051,1.000000,733.4,0.001000
130600,0.000732,1.000000,0.000787,1.000000,734.0,0.001000
130700,0.000733,1.000000,0.000834,1.000000,734.5,0.001000
130800,0.000990,1.000000,0.001070,1.000000,735.1,0.001000
130900,0.001033,1.000000,0.001219,1.000000,735.7,0.001000
131000,0.001015,1.000000,0.001095,1.000000,736.2,0.001000
131100,0.137849,0.985119,0.146105,0.983634,736.8,0.001000
131200,0.000720,1.000000,0.000800,1.000000,737.3,0.001000
131300,0.000830,1.000000,0.000892,1.000000,737.9,0.001000
131400,0.003616,1.000000,0.004256,1.000000,738.4,0.001000
131500,0.000987,1.000000,0.001069,1.000000,739.0,0.001000
131600,0.000760,1.000000,0.000813,1.000000,739.6,0.001000
131700,0.000837,1.000000,0.000919,1.000000,740.1,0.001000
131800,0.000895,1.000000,0.000959,1.000000,740.7,0.001000
131900,0.004308,1.000000,0.004967,1.000000,741.3,0.001000
132000,0.000979,1.000000,0.001067,1.000000,741.8,0.001000
132100,0.000761,1.000000,0.000815,1.000000,742.4,0.001000
132200,0.000742,1.000000,0.000847,1.000000,742.9,0.001000
132300,0.000995,1.000000,0.001070,1.000000,743.5,0.001000
132400,0.000578,1.000000,0.000616,1.000000,744.0,0.001000
132500,0.000726,1.000000,0.000827,1.000000,744.6,0.001000
132600,0.000949,1.000000,0.001024,1.000000,745.2,0.001000
132700,0.005551,0.999787,0.006325,1.000000,745.7,0.001000
132800,0.000945,1.000000,0.001028,1.000000,746.3,0.001000
132900,0.000751,1.000000,0.000803,1.000000,746.8,0.001000
133000,0.001064,1.000000,0.001261,1.000000,747.4,0.001000
133100,0.000961,1.000000,0.001036,1.000000,747.9,0.001000
133200,0.000601,1.000000,0.000643,1.000000,748.5,0.001000
133300,0.000704,1.000000,0.000801,1.000000,749.1,0.001000
133400,0.000969,1.000000,0.001039,1.000000,749.7,0.001000
133500,0.040348,0.994473,0.041436,0.996812,750.2,0.001000
133600,0.000844,1.000000,0.000922,1.000000,750.7,0.001000
133700,0.000788,1.000000,0.000841,1.000000,751.3,0.001000
133800,0.000683,1.000000,0.000758,1.000000,751.9,0.001000
133900,0.000926,1.000000,0.000991,1.000000,752.5,0.001000
134000,0.029480,0.997662,0.032028,0.998725,753.0,0.001000
134100,0.000948,1.000000,0.001045,1.000000,753.6,0.001000
134200,0.000919,1.000000,0.000983,1.000000,754.1,0.001000
134300,0.001449,1.000000,0.001759,1.000000,754.7,0.001000
134400,0.000988,1.000000,0.001065,1.000000,755.2,0.001000
134500,0.000615,1.000000,0.000655,1.000000,755.8,0.001000
134600,0.000685,1.000000,0.000768,1.000000,756.4,0.001000
134700,0.000869,1.000000,0.000936,1.000000,757.0,0.001000
134800,0.004245,1.000000,0.004732,1.000000,757.5,0.001000
134900,0.001004,1.000000,0.001098,1.000000,758.1,0.001000
135000,0.000773,1.000000,0.000831,1.000000,758.7,0.001000
135100,0.000767,1.000000,0.000882,1.000000,759.2,0.001000
135200,0.001052,1.000000,0.001127,1.000000,759.8,0.001000
135300,0.021975,0.999362,0.026170,0.998725,760.4,0.001000
135400,0.000952,1.000000,0.001038,1.000000,760.9,0.001000
135500,0.000830,1.000000,0.000887,1.000000,761.5,0.001000
135600,0.001038,1.000000,0.001174,1.000000,762.1,0.001000
135700,0.000972,1.000000,0.001045,1.000000,762.6,0.001000
135800,0.000577,1.000000,0.000612,1.000000,763.2,0.001000
135900,0.000645,1.000000,0.000713,1.000000,763.8,0.001000
136000,0.000844,1.000000,0.000907,1.000000,764.3,0.001000
136100,0.001557,1.000000,0.001851,1.000000,764.9,0.001000
136200,0.000982,1.000000,0.001070,1.000000,765.5,0.001000
136300,0.000643,1.000000,0.000688,1.000000,766.0,0.001000
136400,0.000665,1.000000,0.000752,1.000000,766.6,0.001000
136500,0.000959,1.000000,0.001031,1.000000,767.1,0.001000
136600,1.445927,0.607355,1.544035,0.581722,767.7,0.001000
136700,0.000844,1.000000,0.000936,1.000000,768.2,0.001000
136800,0.001014,1.000000,0.001090,1.000000,768.8,0.001000
136900,0.001207,1.000000,0.001382,1.000000,769.4,0.001000
137000,0.001013,1.000000,0.001090,1.000000,769.9,0.001000
137100,0.000606,1.000000,0.000648,1.000000,770.5,0.001000
137200,0.000733,1.000000,0.000830,1.000000,771.0,0.001000
137300,0.001069,1.000000,0.001147,1.000000,771.6,0.001000
137400,0.338043,0.923257,0.339000,0.922210,772.2,0.001000
137500,0.000825,1.000000,0.000905,1.000000,772.8,0.001000
137600,0.000834,1.000000,0.000893,1.000000,773.3,0.001000
137700,0.002085,1.000000,0.002425,1.000000,773.9,0.001000
137800,0.000888,1.000000,0.000962,1.000000,774.4,0.001000
137900,0.031893,0.999575,0.036931,0.998937,775.0,0.001000
138000,0.000890,1.000000,0.000975,1.000000,775.5,0.001000
138100,0.000889,1.000000,0.000948,1.000000,776.1,0.001000
138200,0.000901,1.000000,0.001120,1.000000,776.6,0.001000
138300,0.001018,1.000000,0.001093,1.000000,777.2,0.001000
138400,0.014543,0.999575,0.018533,0.998937,777.8,0.001000
138500,0.000785,1.000000,0.000848,1.000000,778.3,0.001000
138600,0.000711,1.000000,0.000755,1.000000,778.9,0.001000
138700,0.001091,1.000000,0.001300,1.000000,779.4,0.001000
138800,0.001034,1.000000,0.001122,1.000000,780.0,0.001000
138900,0.000683,1.000000,0.000733,1.000000,780.6,0.001000
139000,0.000708,1.000000,0.000795,1.000000,781.1,0.001000
139100,0.000929,1.000000,0.000999,1.000000,781.7,0.001000
139200,0.012062,1.000000,0.012329,1.000000,782.2,0.001000
139300,0.000880,1.000000,0.000957,1.000000,782.8,0.001000
139400,0.000751,1.000000,0.000807,1.000000,783.4,0.001000
139500,0.001253,1.000000,0.001470,1.000000,783.9,0.001000
139600,0.001170,1.000000,0.001264,1.000000,784.5,0.001000
139700,0.000776,1.000000,0.000826,1.000000,785.1,0.001000
139800,0.000758,1.000000,0.000861,1.000000,785.6,0.001000
139900,0.001012,1.000000,0.001085,1.000000,786.2,0.001000
140000,0.030947,0.998512,0.035377,0.999150,786.7,0.001000
140100,0.000848,1.000000,0.000933,1.000000,787.3,0.001000
140200,0.000819,1.000000,0.000881,1.000000,787.9,0.001000
140300,0.001527,1.000000,0.001775,1.000000,788.5,0.001000
140400,0.001007,1.000000,0.001097,1.000000,789.1,0.001000
140500,0.000680,1.000000,0.000730,1.000000,789.7,0.001000
140600,0.000760,1.000000,0.000874,1.000000,790.2,0.001000
140700,0.001105,1.000000,0.001186,1.000000,790.8,0.001000
140800,0.070375,0.992559,0.078965,0.991073,791.4,0.001000
140900,0.000770,1.000000,0.000851,1.000000,791.9,0.001000
141000,0.000923,1.000000,0.000988,1.000000,792.4,0.001000
141100,0.001604,1.000000,0.002007,1.000000,793.0,0.001000
141200,0.001058,1.000000,0.001141,1.000000,793.6,0.001000
141300,0.000680,1.000000,0.000726,1.000000,794.1,0.001000
141400,0.000684,1.000000,0.000758,1.000000,794.7,0.001000
141500,0.000860,1.000000,0.000923,1.000000,795.3,0.001000
141600,0.002288,1.000000,0.002736,1.000000,795.8,0.001000
141700,0.000982,1.000000,0.001064,1.000000,796.3,0.001000
141800,0.000681,1.000000,0.000727,1.000000,796.9,0.001000
141900,0.000746,1.000000,0.000827,1.000000,797.5,0.001000
142000,0.001026,1.000000,0.001100,1.000000,798.1,0.001000
142100,0.017448,0.999787,0.020032,0.999575,798.6,0.001000
142200,0.000874,1.000000,0.000963,1.000000,799.2,0.001000
142300,0.000758,1.000000,0.000812,1.000000,799.7,0.001000
142400,0.000946,1.000000,0.001072,1.000000,800.2,0.001000
142500,0.000948,1.000000,0.001025,1.000000,800.8,0.001000
142600,0.011589,1.000000,0.013075,1.000000,801.4,0.001000
142700,0.000799,1.000000,0.000889,1.000000,802.0,0.001000
142800,0.000902,1.000000,0.000974,1.000000,802.5,0.001000
142900,0.002104,1.000000,0.002516,1.000000,803.1,0.001000
143000,0.001036,1.000000,0.001134,1.000000,803.6,0.001000
143100,0.000692,1.000000,0.000745,1.000000,804.2,0.001000
143200,0.000762,1.000000,0.000876,1.000000,804.8,0.001000
143300,0.000999,1.000000,0.001076,1.000000,805.4,0.001000
143400,0.025511,0.998724,0.029619,0.997237,805.9,0.001000
143500,0.000921,1.000000,0.001006,1.000000,806.5,0.001000
143600,0.000858,1.000000,0.000917,1.000000,807.0,0.001000
143700,0.002143,1.000000,0.002573,1.000000,807.6,0.001000
143800,0.001016,1.000000,0.001100,1.000000,808.2,0.001000
143900,0.000706,1.000000,0.000756,1.000000,808.7,0.001000
144000,0.000666,1.000000,0.000749,1.000000,809.3,0.001000
144100,0.000873,1.000000,0.000937,1.000000,809.8,0.001000
144200,0.006882,0.999787,0.007638,1.000000,810.4,0.001000
144300,0.000877,1.000000,0.000954,1.000000,811.0,0.001000
144400,0.000727,1.000000,0.000780,1.000000,811.6,0.001000
144500,0.000738,1.000000,0.000844,1.000000,812.2,0.001000
144600,0.001016,1.000000,0.001097,1.000000,812.7,0.001000
144700,0.007077,1.000000,0.008501,1.000000,813.3,0.001000
144800,0.001005,1.000000,0.001095,1.000000,813.9,0.001000
144900,0.283853,0.938138,0.292996,0.933475,814.4,0.001000
145000,0.000954,1.000000,0.001050,1.000000,815.0,0.001000
145100,0.000904,1.000000,0.000965,1.000000,815.5,0.001000
145200,0.003097,1.000000,0.003609,1.000000,816.1,0.001000
145300,0.000972,1.000000,0.001051,1.000000,816.6,0.001000
145400,0.502133,0.848639,0.503955,0.851010,817.2,0.001000
145500,0.000806,1.000000,0.000897,1.000000,817.8,0.001000
145600,0.000887,1.000000,0.000952,1.000000,818.4,0.001000
145700,0.000795,1.000000,0.000903,1.000000,819.0,0.001000
145800,0.000954,1.000000,0.001030,1.000000,819.6,0.001000
145900,0.021486,0.999575,0.025061,0.999575,820.2,0.001000
146000,0.000836,1.000000,0.000929,1.000000,820.7,0.001000
146100,0.000877,1.000000,0.000940,1.000000,821.3,0.001000
146200,0.001373,1.000000,0.001648,1.000000,821.8,0.001000
146300,0.001025,1.000000,0.001105,1.000000,822.4,0.001000
146400,1.153449,0.661565,1.193588,0.654623,822.9,0.001000
146500,0.000669,1.000000,0.000773,1.000000,823.5,0.001000
146600,0.000832,1.000000,0.000891,1.000000,824.1,0.001000
146700,0.005749,1.000000,0.006791,0.999787,824.6,0.001000
146800,0.000969,1.000000,0.001069,1.000000,825.2,0.001000
146900,0.000799,1.000000,0.000857,1.000000,825.7,0.001000
147000,0.000771,1.000000,0.000875,1.000000,826.4,0.001000
147100,0.000987,1.000000,0.001055,1.000000,826.9,0.001000
147200,0.053770,0.997449,0.066008,0.994899,827.4,0.001000
147300,0.000896,1.000000,0.000982,1.000000,828.0,0.001000
147400,0.000920,1.000000,0.000979,1.000000,828.5,0.001000
147500,0.000969,1.000000,0.001118,1.000000,829.1,0.001000
147600,0.001027,1.000000,0.001096,1.000000,829.7,0.001000
147700,0.156060,0.965136,0.167821,0.965569,830.2,0.001000
147800,0.000793,1.000000,0.000888,1.000000,830.8,0.001000
147900,0.000900,1.000000,0.000966,1.000000,831.4,0.001000
148000,0.006441,1.000000,0.007239,1.000000,831.9,0.001000
148100,0.000919,1.000000,0.000999,1.000000,832.5,0.001000
148200,0.000733,1.000000,0.000782,1.000000,833.1,0.001000
148300,0.000753,1.000000,0.000850,1.000000,833.6,0.001000
148400,0.001024,1.000000,0.001097,1.000000,834.2,0.001000
148500,0.073009,0.992347,0.083856,0.989160,834.7,0.001000
148600,0.000828,1.000000,0.000915,1.000000,835.3,0.001000
148700,0.000825,1.000000,0.000884,1.000000,835.9,0.001000
148800,0.002012,1.000000,0.002348,1.000000,836.4,0.001000
148900,0.000969,1.000000,0.001052,1.000000,837.0,0.001000
149000,0.000769,1.000000,0.000823,1.000000,837.5,0.001000
149100,0.000789,1.000000,0.000901,1.000000,838.1,0.001000
149200,0.000918,1.000000,0.000990,1.000000,838.7,0.001000
149300,0.001049,1.000000,0.001240,1.000000,839.2,0.001000
149400,0.001016,1.000000,0.001092,1.000000,839.8,0.001000
149500,0.000599,1.000000,0.000637,1.000000,840.3,0.001000
149600,0.000778,1.000000,0.000875,1.000000,840.9,0.001000
149700,0.001047,1.000000,0.001127,1.000000,841.5,0.001000
149800,0.004875,1.000000,0.005862,1.000000,842.0,0.001000
149900,0.000977,1.000000,0.001066,1.000000,842.6,0.001000
150000,0.000705,1.000000,0.000752,1.000000,843.3,0.001000
150100,0.000760,1.000000,0.000885,1.000000,843.9,0.001000
150200,0.001092,1.000000,0.001177,1.000000,844.4,0.001000
150300,0.059921,0.994898,0.068396,0.992561,845.0,0.001000
150400,0.000774,1.000000,0.000873,1.000000,845.5,0.001000
150500,0.000895,1.000000,0.000963,1.000000,846.1,0.001000
150600,0.003804,0.999787,0.004547,0.999787,846.6,0.001000
150700,0.000970,1.000000,0.001048,1.000000,847.2,0.001000
150800,0.000740,1.000000,0.000788,1.000000,847.8,0.001000
150900,0.000769,1.000000,0.000851,1.000000,848.3,0.001000
151000,0.000995,1.000000,0.001064,1.000000,848.9,0.001000
151100,0.015548,0.999362,0.018233,0.999787,849.4,0.001000
151200,0.000915,1.000000,0.001002,1.000000,850.0,0.001000
151300,0.000856,1.000000,0.000913,1.000000,850.6,0.001000
151400,0.000848,1.000000,0.000979,1.000000,851.2,0.001000
151500,0.001056,1.000000,0.001133,1.000000,851.8,0.001000
151600,0.135705,0.981505,0.149092,0.979171,852.3,0.001000
151700,0.001029,1.000000,0.001131,1.000000,852.9,0.001000
151800,0.001027,1.000000,0.001098,1.000000,853.4,0.001000
151900,0.000974,1.000000,0.001084,1.000000,853.9,0.001000
152000,0.001079,1.000000,0.001157,1.000000,854.5,0.001000
152100,0.055024,1.000000,0.062705,1.000000,855.1,0.001000
152200,0.000777,1.000000,0.000862,1.000000,855.6,0.001000
152300,0.000973,1.000000,0.001040,1.000000,856.2,0.001000
152400,0.003587,1.000000,0.004377,1.000000,856.7,0.001000
152500,0.001061,1.000000,0.001146,1.000000,857.2,0.001000
152600,0.000787,1.000000,0.000838,1.000000,857.8,0.001000
152700,0.000742,1.000000,0.000840,1.000000,858.3,0.001000
152800,0.001022,1.000000,0.001104,1.000000,858.9,0.001000
152900,0.037999,0.998937,0.045916,0.997662,859.4,0.001000
153000,0.000791,1.000000,0.000866,1.000000,860.0,0.001000
153100,0.000727,1.000000,0.000780,1.000000,860.6,0.001000
153200,0.001361,1.000000,0.001718,1.000000,861.1,0.001000
153300,0.000907,1.000000,0.000984,1.000000,861.7,0.001000
153400,0.000586,1.000000,0.000630,1.000000,862.3,0.001000
153500,0.000694,1.000000,0.000773,1.000000,862.9,0.001000
153600,0.000971,1.000000,0.001046,1.000000,863.5,0.001000
153700,0.002718,1.000000,0.003465,1.000000,864.0,0.001000
153800,0.001040,1.000000,0.001125,1.000000,864.6,0.001000
153900,0.000688,1.000000,0.000734,1.000000,865.1,0.001000
154000,0.000779,1.000000,0.000869,1.000000,865.7,0.001000
154100,0.000935,1.000000,0.001011,1.000000,866.2,0.001000
154200,0.007287,1.000000,0.008777,1.000000,866.7,0.001000
154300,0.000944,1.000000,0.001035,1.000000,867.3,0.001000
154400,0.000796,1.000000,0.000855,1.000000,867.9,0.001000
154500,0.000829,1.000000,0.000961,1.000000,868.4,0.001000
154600,0.001148,1.000000,0.001240,1.000000,869.0,0.001000
154700,0.019249,1.000000,0.023512,0.999362,869.5,0.001000
154800,0.000877,1.000000,0.000972,1.000000,870.1,0.001000
154900,0.000845,1.000000,0.000913,1.000000,870.6,0.001000
155000,0.001085,1.000000,0.001233,1.000000,871.2,0.001000
155100,0.000999,1.000000,0.001073,1.000000,871.7,0.001000
155200,1.103730,0.679209,1.088787,0.692030,872.3,0.001000
155300,0.000782,1.000000,0.000861,1.000000,872.8,0.001000
155400,0.000845,1.000000,0.000902,1.000000,873.4,0.001000
155500,0.001619,1.000000,0.001943,1.000000,873.9,0.001000
155600,0.000998,1.000000,0.001077,1.000000,874.5,0.001000
155700,0.000663,1.000000,0.000701,1.000000,875.0,0.001000
155800,0.000724,1.000000,0.000811,1.000000,875.6,0.001000
155900,0.001039,1.000000,0.001113,1.000000,876.1,0.001000
156000,0.038715,0.999787,0.045439,0.998300,876.6,0.001000
156100,0.000897,1.000000,0.000988,1.000000,877.2,0.001000
156200,0.000861,1.000000,0.000921,1.000000,877.8,0.001000
156300,0.000743,1.000000,0.000838,1.000000,878.4,0.001000
156400,0.001021,1.000000,0.001097,1.000000,878.9,0.001000
156500,0.017368,0.999787,0.019714,0.999362,879.5,0.001000
156600,0.000879,1.000000,0.000961,1.000000,880.1,0.001000
156700,0.000799,1.000000,0.000856,1.000000,880.7,0.001000
156800,0.001136,1.000000,0.001305,1.000000,881.2,0.001000
156900,0.001057,1.000000,0.001148,1.000000,881.8,0.001000
157000,0.000688,1.000000,0.000739,1.000000,882.3,0.001000
157100,0.000738,1.000000,0.000829,1.000000,882.9,0.001000
157200,0.000904,1.000000,0.000972,1.000000,883.4,0.001000
157300,0.002845,1.000000,0.003342,1.000000,884.0,0.001000
157400,0.001007,1.000000,0.001090,1.000000,884.6,0.001000
157500,0.000724,1.000000,0.000771,1.000000,885.1,0.001000
157600,0.000702,1.000000,0.000799,1.000000,885.7,0.001000
157700,0.000984,1.000000,0.001055,1.000000,886.2,0.001000
157800,0.012105,0.999787,0.013884,0.999787,886.8,0.001000
157900,0.000918,1.000000,0.001013,1.000000,887.4,0.001000
158000,0.000781,1.000000,0.000838,1.000000,888.0,0.001000
158100,0.000929,1.000000,0.001039,1.000000,888.5,0.001000
158200,0.000993,1.000000,0.001072,1.000000,889.0,0.001000
158300,0.000769,1.000000,0.000822,1.000000,889.6,0.001000
158400,0.000782,1.000000,0.000869,1.000000,890.1,0.001000
158500,0.001043,1.000000,0.001114,1.000000,890.7,0.001000
158600,0.002456,1.000000,0.003277,0.999787,891.2,0.001000
158700,0.001045,1.000000,0.001137,1.000000,891.8,0.001000
158800,0.000699,1.000000,0.000748,1.000000,892.3,0.001000
158900,0.000718,1.000000,0.000804,1.000000,892.9,0.001000
159000,0.000941,1.000000,0.001005,1.000000,893.4,0.001000
159100,0.020529,0.999362,0.023286,0.999362,893.9,0.001000
159200,0.000790,1.000000,0.000871,1.000000,894.5,0.001000
159300,0.000862,1.000000,0.000920,1.000000,895.1,0.001000
159400,0.003299,1.000000,0.003929,1.000000,895.7,0.001000
159500,0.001032,1.000000,0.001123,1.000000,896.2,0.001000
159600,0.000767,1.000000,0.000821,1.000000,896.8,0.001000
159700,0.000741,1.000000,0.000840,1.000000,897.3,0.001000
159800,0.001005,1.000000,0.001083,1.000000,897.9,0.001000
159900,0.011263,1.000000,0.012957,1.000000,898.4,0.001000
160000,0.000884,1.000000,0.000958,1.000000,899.1,0.001000
160100,0.000742,1.000000,0.000791,1.000000,899.6,0.001000
160200,0.001178,1.000000,0.001410,1.000000,900.2,0.001000
160300,0.001009,1.000000,0.001095,1.000000,900.7,0.001000
160400,0.001649,1.000000,0.001783,1.000000,901.2,0.001000
160500,0.000746,1.000000,0.000843,1.000000,901.8,0.001000
160600,0.000956,1.000000,0.001029,1.000000,902.3,0.001000
160700,0.023456,1.000000,0.029473,0.999575,902.9,0.001000
160800,0.000830,1.000000,0.000901,1.000000,903.4,0.001000
160900,0.000800,1.000000,0.000847,1.000000,904.0,0.001000
161000,0.000783,1.000000,0.000882,1.000000,904.6,0.001000
161100,0.000893,1.000000,0.000957,1.000000,905.1,0.001000
161200,0.838284,0.734906,0.855172,0.736876,905.7,0.001000
161300,0.000738,1.000000,0.000817,1.000000,906.2,0.001000
161400,0.000883,1.000000,0.000949,1.000000,906.8,0.001000
161500,0.005586,1.000000,0.006472,1.000000,907.3,0.001000
161600,0.000983,1.000000,0.001073,1.000000,907.8,0.001000
161700,0.000796,1.000000,0.000852,1.000000,908.4,0.001000
161800,0.000730,1.000000,0.000824,1.000000,908.9,0.001000
161900,0.000951,1.000000,0.001026,1.000000,909.5,0.001000
162000,0.372969,0.890944,0.402838,0.889267,910.0,0.001000
162100,0.000740,1.000000,0.000831,1.000000,910.6,0.001000
162200,0.000856,1.000000,0.000920,1.000000,911.2,0.001000
162300,0.004010,1.000000,0.004821,1.000000,911.8,0.001000
162400,0.000931,1.000000,0.001025,1.000000,912.3,0.001000
162500,0.000737,1.000000,0.000793,1.000000,912.9,0.001000
162600,0.000711,1.000000,0.000796,1.000000,913.4,0.001000
162700,0.000995,1.000000,0.001072,1.000000,914.0,0.001000
162800,0.012483,1.000000,0.013800,1.000000,914.5,0.001000
162900,0.000881,1.000000,0.000995,1.000000,915.1,0.001000
163000,0.000822,1.000000,0.000884,1.000000,915.7,0.001000
163100,0.000809,1.000000,0.000927,1.000000,916.3,0.001000
163200,0.000977,1.000000,0.001045,1.000000,916.8,0.001000
163300,0.134883,0.981292,0.134504,0.983422,917.4,0.001000
163400,0.000747,1.000000,0.000824,1.000000,917.9,0.001000
163500,0.000898,1.000000,0.000960,1.000000,918.5,0.001000
163600,0.006151,1.000000,0.007699,0.999787,919.1,0.001000
163700,0.001018,1.000000,0.001115,1.000000,919.6,0.001000
163800,0.000860,1.000000,0.000920,1.000000,920.2,0.001000
163900,0.000864,1.000000,0.000965,1.000000,920.7,0.001000
164000,0.001011,1.000000,0.001072,1.000000,921.3,0.001000
164100,0.008903,1.000000,0.010269,1.000000,921.8,0.001000
164200,0.000916,1.000000,0.001002,1.000000,922.4,0.001000
164300,0.000775,1.000000,0.000831,1.000000,923.0,0.001000
164400,0.000970,1.000000,0.001099,1.000000,923.5,0.001000
164500,0.001023,1.000000,0.001104,1.000000,924.1,0.001000
164600,0.014935,1.000000,0.017002,1.000000,924.6,0.001000
164700,0.000972,1.000000,0.001065,1.000000,925.2,0.001000
164800,0.000858,1.000000,0.000918,1.000000,925.7,0.001000
164900,0.001536,1.000000,0.001792,1.000000,926.3,0.001000
165000,0.001172,1.000000,0.001264,1.000000,926.8,0.001000
165100,0.470434,0.865434,0.481885,0.869501,927.4,0.001000
165200,0.000875,1.000000,0.000960,1.000000,927.9,0.001000
165300,0.000837,1.000000,0.000893,1.000000,928.5,0.001000
165400,0.001710,1.000000,0.002074,1.000000,929.1,0.001000
165500,0.000971,1.000000,0.001051,1.000000,929.6,0.001000
165600,1.721779,0.509566,1.725893,0.512221,930.2,0.001000
165700,0.000864,1.000000,0.000966,1.000000,930.8,0.001000
165800,0.000972,1.000000,0.001042,1.000000,931.3,0.001000
165900,0.003163,1.000000,0.003583,1.000000,931.9,0.001000
166000,0.000995,1.000000,0.001087,1.000000,932.5,0.001000
166100,0.000722,1.000000,0.000773,1.000000,933.0,0.001000
166200,0.000751,1.000000,0.000858,1.000000,933.6,0.001000
166300,0.000993,1.000000,0.001071,1.000000,934.1,0.001000
166400,0.017099,0.999575,0.018822,0.999787,934.7,0.001000
166500,0.000860,1.000000,0.000939,1.000000,935.3,0.001000
166600,0.000843,1.000000,0.000898,1.000000,935.8,0.001000
166700,0.000795,1.000000,0.000908,1.000000,936.4,0.001000
166800,0.000930,1.000000,0.000995,1.000000,937.0,0.001000
166900,1.002346,0.700893,0.994340,0.709671,937.6,0.001000
167000,0.000672,1.000000,0.000748,1.000000,938.1,0.001000
167100,0.000904,1.000000,0.000967,1.000000,938.7,0.001000
167200,0.020013,0.998087,0.022467,0.998300,939.3,0.001000
167300,0.000841,1.000000,0.000932,1.000000,939.8,0.001000
167400,0.000906,1.000000,0.000969,1.000000,940.4,0.001000
167500,0.001329,1.000000,0.001543,1.000000,941.0,0.001000
167600,0.001005,1.000000,0.001083,1.000000,941.5,0.001000
167700,0.000646,1.000000,0.000687,1.000000,942.1,0.001000
167800,0.000759,1.000000,0.000839,1.000000,942.7,0.001000
167900,0.000949,1.000000,0.001014,1.000000,943.2,0.001000
168000,0.001656,1.000000,0.002124,1.000000,943.8,0.001000
168100,0.001049,1.000000,0.001127,1.000000,944.3,0.001000
168200,0.001439,1.000000,0.001523,1.000000,944.9,0.001000
168300,0.000792,1.000000,0.000892,1.000000,945.5,0.001000
168400,0.000999,1.000000,0.001077,1.000000,946.0,0.001000
168500,0.002508,1.000000,0.003048,1.000000,946.6,0.001000
168600,0.001024,1.000000,0.001106,1.000000,947.2,0.001000
168700,0.055682,0.994473,0.058514,0.997237,947.8,0.001000
168800,0.000879,1.000000,0.000987,1.000000,948.3,0.001000
168900,0.001057,1.000000,0.001134,1.000000,948.9,0.001000
169000,0.002127,1.000000,0.002408,1.000000,949.5,0.001000
169100,0.000962,1.000000,0.001039,1.000000,950.0,0.001000
169200,0.155359,0.962160,0.145198,0.966631,950.6,0.001000
169300,0.000786,1.000000,0.000878,1.000000,951.1,0.001000
169400,0.000869,1.000000,0.000933,1.000000,951.7,0.001000
169500,0.004848,1.000000,0.005831,1.000000,952.2,0.001000
169600,0.000940,1.000000,0.001015,1.000000,952.8,0.001000
169700,0.000739,1.000000,0.000784,1.000000,953.4,0.001000
169800,0.000723,1.000000,0.000810,1.000000,953.9,0.001000
169900,0.000933,1.000000,0.001004,1.000000,954.4,0.001000
170000,0.003802,1.000000,0.004198,1.000000,955.0,0.001000
170100,0.000968,1.000000,0.001050,1.000000,955.5,0.001000
170200,0.000717,1.000000,0.000764,1.000000,956.1,0.001000
170300,0.000758,1.000000,0.000852,1.000000,956.6,0.001000
170400,0.001041,1.000000,0.001113,1.000000,957.2,0.001000
170500,0.028583,0.999362,0.032875,0.999575,957.8,0.001000
170600,0.000817,1.000000,0.000891,1.000000,958.3,0.001000
170700,0.000780,1.000000,0.000834,1.000000,958.9,0.001000
170800,0.000924,1.000000,0.001060,1.000000,959.5,0.001000
170900,0.001053,1.000000,0.001134,1.000000,960.0,0.001000
171000,0.059401,0.993197,0.063041,0.994261,960.6,0.001000
171100,0.000906,1.000000,0.000991,1.000000,961.2,0.001000
171200,0.000888,1.000000,0.000946,1.000000,961.8,0.001000
171300,0.001152,1.000000,0.001328,1.000000,962.3,0.001000
171400,0.000951,1.000000,0.001031,1.000000,962.9,0.001000
171500,0.000699,1.000000,0.000749,1.000000,963.5,0.001000
171600,0.000702,1.000000,0.000777,1.000000,964.0,0.001000
171700,0.000814,1.000000,0.000871,1.000000,964.6,0.001000
171800,0.001451,1.000000,0.001646,1.000000,965.1,0.001000
171900,0.001040,1.000000,0.001124,1.000000,965.7,0.001000
172000,0.346298,0.908801,0.371619,0.910096,966.2,0.001000
172100,0.000791,1.000000,0.000870,1.000000,966.8,0.001000
172200,0.000995,1.000000,0.001073,1.000000,967.4,0.001000
172300,0.004883,1.000000,0.005804,1.000000,967.9,0.001000
172400,0.000937,1.000000,0.001021,1.000000,968.5,0.001000
172500,0.015309,0.999575,0.017692,0.999362,969.0,0.001000
172600,0.000849,1.000000,0.000938,1.000000,969.6,0.001000
172700,0.000795,1.000000,0.000855,1.000000,970.2,0.001000
172800,0.000848,1.000000,0.000967,1.000000,970.8,0.001000
172900,0.001044,1.000000,0.001125,1.000000,971.3,0.001000
173000,0.147245,0.969813,0.164167,0.961743,971.9,0.001000
173100,0.000743,1.000000,0.000816,1.000000,972.5,0.001000
173200,0.000875,1.000000,0.000935,1.000000,973.1,0.001000
173300,0.001244,1.000000,0.001466,1.000000,973.7,0.001000
173400,0.000980,1.000000,0.001058,1.000000,974.2,0.001000
173500,0.154856,0.973852,0.161258,0.970669,974.8,0.001000
173600,0.000860,1.000000,0.000947,1.000000,975.3,0.001000
173700,0.000891,1.000000,0.000953,1.000000,975.9,0.001000
173800,0.004123,1.000000,0.005505,0.999787,976.5,0.001000
173900,0.000979,1.000000,0.001058,1.000000,977.0,0.001000
174000,0.000760,1.000000,0.000811,1.000000,977.5,0.001000
174100,0.000820,1.000000,0.000929,1.000000,978.1,0.001000
174200,0.001053,1.000000,0.001136,1.000000,978.6,0.001000
174300,0.020050,1.000000,0.024321,0.998300,979.2,0.001000
174400,0.000816,1.000000,0.000904,1.000000,979.8,0.001000
174500,0.000874,1.000000,0.000936,1.000000,980.4,0.001000
174600,0.000714,1.000000,0.000825,1.000000,980.9,0.001000
174700,0.000896,1.000000,0.000959,1.000000,981.5,0.001000
174800,0.000504,1.000000,0.000533,1.000000,982.0,0.001000
174900,0.000655,1.000000,0.000734,1.000000,982.6,0.001000
175000,0.000866,1.000000,0.000929,1.000000,983.1,0.001000
175100,0.007629,1.000000,0.008774,1.000000,983.7,0.001000
175200,0.000984,1.000000,0.001074,1.000000,984.3,0.001000
175300,0.863644,0.746173,0.885394,0.736663,984.8,0.001000
175400,0.000827,1.000000,0.000908,1.000000,985.4,0.001000
175500,0.000793,1.000000,0.000851,1.000000,985.9,0.001000
175600,0.002021,1.000000,0.002419,1.000000,986.5,0.001000
175700,0.001066,1.000000,0.001154,1.000000,987.0,0.001000
175800,1.506281,0.638180,1.565701,0.620829,987.6,0.001000
175900,0.000915,1.000000,0.001003,1.000000,988.1,0.001000
176000,0.001027,1.000000,0.001093,1.000000,988.7,0.001000
176100,0.003506,1.000000,0.004132,1.000000,989.2,0.001000
176200,0.001055,1.000000,0.001141,1.000000,989.8,0.001000
176300,0.000755,1.000000,0.000808,1.000000,990.4,0.001000
176400,0.000727,1.000000,0.000810,1.000000,991.0,0.001000
176500,0.001030,1.000000,0.001104,1.000000,991.5,0.001000
176600,0.006896,1.000000,0.007717,0.999787,992.1,0.001000
176700,0.000958,1.000000,0.001041,1.000000,992.6,0.001000
176800,0.000701,1.000000,0.000753,1.000000,993.2,0.001000
176900,0.000705,1.000000,0.000805,1.000000,993.7,0.001000
177000,0.000942,1.000000,0.001014,1.000000,994.3,0.001000
177100,0.033838,0.998937,0.040906,0.997662,994.9,0.001000
177200,0.000907,1.000000,0.000998,1.000000,995.4,0.001000
177300,0.000860,1.000000,0.000924,1.000000,996.0,0.001000
177400,0.000836,1.000000,0.000990,1.000000,996.6,0.001000
177500,0.001078,1.000000,0.001165,1.000000,997.1,0.001000
177600,0.024503,0.999362,0.028375,0.998512,997.7,0.001000
177700,0.000962,1.000000,0.001059,1.000000,998.3,0.001000
177800,0.000866,1.000000,0.000927,1.000000,998.8,0.001000
177900,0.000715,1.000000,0.000803,1.000000,999.4,0.001000
178000,0.000942,1.000000,0.001017,1.000000,999.9,0.001000
178100,0.011526,0.999575,0.014273,0.999575,1000.5,0.001000
178200,0.000917,1.000000,0.001009,1.000000,1001.1,0.001000
178300,0.000820,1.000000,0.000879,1.000000,1001.6,0.001000
178400,0.000776,1.000000,0.000908,1.000000,1002.2,0.001000
178500,0.001084,1.000000,0.001174,1.000000,1002.8,0.001000
178600,0.018647,0.998937,0.021882,0.999575,1003.3,0.001000
178700,0.000908,1.000000,0.000996,1.000000,1003.9,0.001000
178800,0.000855,1.000000,0.000909,1.000000,1004.5,0.001000
178900,0.001266,1.000000,0.001486,1.000000,1005.0,0.001000
179000,0.001063,1.000000,0.001151,1.000000,1005.6,0.001000
179100,0.228978,0.954082,0.248066,0.949203,1006.2,0.001000
179200,0.000825,1.000000,0.000917,1.000000,1006.7,0.001000
179300,0.000907,1.000000,0.000971,1.000000,1007.3,0.001000
179400,0.002716,1.000000,0.003005,1.000000,1007.9,0.001000
179500,0.000916,1.000000,0.000990,1.000000,1008.4,0.001000
179600,0.000630,1.000000,0.000672,1.000000,1009.0,0.001000
179700,0.000747,1.000000,0.000834,1.000000,1009.6,0.001000
179800,0.001036,1.000000,0.001112,1.000000,1010.1,0.001000
179900,0.001302,1.000000,0.001485,1.000000,1010.7,0.001000
180000,0.000887,1.000000,0.000953,1.000000,1011.3,0.001000
180100,0.000512,1.000000,0.000546,1.000000,1011.8,0.001000
180200,0.000709,1.000000,0.000802,1.000000,1012.4,0.001000
180300,0.001001,1.000000,0.001074,1.000000,1013.0,0.001000
180400,0.002956,1.000000,0.003579,1.000000,1013.5,0.001000
180500,0.001053,1.000000,0.001144,1.000000,1014.1,0.001000
180600,0.000719,1.000000,0.000770,1.000000,1014.6,0.001000
180700,0.000782,1.000000,0.000902,1.000000,1015.2,0.001000
180800,0.001078,1.000000,0.001155,1.000000,1015.7,0.001000
180900,0.019370,1.000000,0.022590,0.999575,1016.3,0.001000
181000,0.000895,1.000000,0.000985,1.000000,1016.9,0.001000
181100,0.000825,1.000000,0.000882,1.000000,1017.4,0.001000
181200,0.000740,1.000000,0.000816,1.000000,1018.0,0.001000
181300,0.000945,1.000000,0.001011,1.000000,1018.6,0.001000
181400,0.076406,0.987670,0.089213,0.988098,1019.1,0.001000
181500,0.000788,1.000000,0.000863,1.000000,1019.7,0.001000
181600,0.000818,1.000000,0.000876,1.000000,1020.3,0.001000
181700,0.003453,1.000000,0.004031,1.000000,1020.8,0.001000
181800,0.001103,1.000000,0.001198,1.000000,1021.4,0.001000
181900,0.000875,1.000000,0.000935,1.000000,1021.9,0.001000
182000,0.000821,1.000000,0.000920,1.000000,1022.5,0.001000
182100,0.001084,1.000000,0.001159,1.000000,1023.0,0.001000
182200,0.004746,1.000000,0.005696,1.000000,1023.6,0.001000
182300,0.000927,1.000000,0.000995,1.000000,1024.1,0.001000
182400,0.000624,1.000000,0.000663,1.000000,1024.7,0.001000
182500,0.000665,1.000000,0.000770,1.000000,1025.3,0.001000
182600,0.000890,1.000000,0.000951,1.000000,1025.9,0.001000
182700,0.019041,0.998512,0.022147,0.998937,1026.4,0.001000
182800,0.000851,1.000000,0.000940,1.000000,1027.0,0.001000
182900,0.000929,1.000000,0.000994,1.000000,1027.6,0.001000
183000,0.001243,1.000000,0.001458,1.000000,1028.2,0.001000
183100,0.001121,1.000000,0.001208,1.000000,1028.7,0.001000
183200,0.000706,1.000000,0.000757,1.000000,1029.3,0.001000
183300,0.000727,1.000000,0.000797,1.000000,1029.9,0.001000
183400,0.000867,1.000000,0.000926,1.000000,1030.5,0.001000
183500,0.002563,1.000000,0.003304,1.000000,1031.0,0.001000
183600,0.001123,1.000000,0.001213,1.000000,1031.6,0.001000
183700,0.000809,1.000000,0.000862,1.000000,1032.1,0.001000
183800,0.000799,1.000000,0.000895,1.000000,1032.7,0.001000
183900,0.001016,1.000000,0.001090,1.000000,1033.3,0.001000
184000,0.007922,1.000000,0.009023,0.999787,1033.8,0.001000
184100,0.000967,1.000000,0.001049,1.000000,1034.4,0.001000
184200,0.000796,1.000000,0.000846,1.000000,1034.9,0.001000
184300,0.000790,1.000000,0.000886,1.000000,1035.5,0.001000
184400,0.001049,1.000000,0.001131,1.000000,1036.0,0.001000
184500,0.018803,1.000000,0.021134,0.999575,1036.6,0.001000
184600,0.000862,1.000000,0.000943,1.000000,1037.1,0.001000
184700,0.000724,1.000000,0.000772,1.000000,1037.7,0.001000
184800,0.000976,1.000000,0.001170,1.000000,1038.2,0.001000
184900,0.001028,1.000000,0.001110,1.000000,1038.8,0.001000
185000,0.014608,1.000000,0.015911,1.000000,1039.4,0.001000
185100,0.000799,1.000000,0.000899,1.000000,1039.9,0.001000
185200,0.000932,1.000000,0.001006,1.000000,1040.5,0.001000
185300,0.002460,1.000000,0.003120,1.000000,1041.1,0.001000
185400,0.001068,1.000000,0.001164,1.000000,1041.6,0.001000
185500,0.000749,1.000000,0.000801,1.000000,1042.2,0.001000
185600,0.000667,1.000000,0.000735,1.000000,1042.8,0.001000
185700,0.000807,1.000000,0.000859,1.000000,1043.3,0.001000
185800,0.007610,1.000000,0.009246,0.999787,1043.8,0.001000
185900,0.000975,1.000000,0.001072,1.000000,1044.4,0.001000
186000,0.000849,1.000000,0.000910,1.000000,1045.0,0.001000
186100,0.000822,1.000000,0.000919,1.000000,1045.6,0.001000
186200,0.001130,1.000000,0.001212,1.000000,1046.1,0.001000
186300,0.011049,1.000000,0.012670,1.000000,1046.6,0.001000
186400,0.001041,1.000000,0.001140,1.000000,1047.2,0.001000
186500,0.000837,1.000000,0.000895,1.000000,1047.7,0.001000
186600,0.001204,1.000000,0.001353,1.000000,1048.3,0.001000
186700,0.000996,1.000000,0.001071,1.000000,1048.8,0.001000
186800,0.132739,0.976828,0.155197,0.970882,1049.4,0.001000
186900,0.000909,1.000000,0.001016,1.000000,1049.9,0.001000
187000,0.000941,1.000000,0.001008,1.000000,1050.5,0.001000
187100,0.001213,1.000000,0.001382,1.000000,1051.0,0.001000
187200,0.001080,1.000000,0.001163,1.000000,1051.6,0.001000
187300,2.274402,0.499575,2.410505,0.476302,1052.1,0.001000
187400,0.000861,1.000000,0.000965,1.000000,1052.7,0.001000
187500,0.001022,1.000000,0.001099,1.000000,1053.2,0.001000
187600,0.005516,1.000000,0.006477,1.000000,1053.8,0.001000
187700,0.001007,1.000000,0.001092,1.000000,1054.3,0.001000
187800,0.000770,1.000000,0.000817,1.000000,1054.9,0.001000
187900,0.000773,1.000000,0.000847,1.000000,1055.4,0.001000
188000,0.000879,1.000000,0.000938,1.000000,1056.0,0.001000
188100,0.002566,1.000000,0.002956,1.000000,1056.5,0.001000
188200,0.001043,1.000000,0.001127,1.000000,1057.0,0.001000
188300,0.000748,1.000000,0.000796,1.000000,1057.6,0.001000
188400,0.000703,1.000000,0.000805,1.000000,1058.1,0.001000
188500,0.000952,1.000000,0.001030,1.000000,1058.7,0.001000
188600,0.001131,1.000000,0.001307,1.000000,1059.2,0.001000
188700,0.001027,1.000000,0.001102,1.000000,1059.8,0.001000
188800,0.000626,1.000000,0.000666,1.000000,1060.3,0.001000
188900,0.000699,1.000000,0.000771,1.000000,1060.9,0.001000
189000,0.000976,1.000000,0.001046,1.000000,1061.4,0.001000
189100,0.002262,1.000000,0.002652,1.000000,1062.0,0.001000
189200,0.001086,1.000000,0.001175,1.000000,1062.5,0.001000
189300,0.000734,1.000000,0.000783,1.000000,1063.1,0.001000
189400,0.000724,1.000000,0.000811,1.000000,1063.6,0.001000
189500,0.000989,1.000000,0.001059,1.000000,1064.2,0.001000
189600,0.029205,0.998299,0.033123,0.998512,1064.7,0.001000
189700,0.000889,1.000000,0.000978,1.000000,1065.3,0.001000
189800,0.000844,1.000000,0.000900,1.000000,1065.8,0.001000
189900,0.001076,1.000000,0.001268,1.000000,1066.4,0.001000
190000,0.001037,1.000000,0.001120,1.000000,1066.9,0.001000
190100,0.044892,0.995536,0.051165,0.995112,1067.5,0.001000
190200,0.000943,1.000000,0.001040,1.000000,1068.0,0.001000
190300,0.000893,1.000000,0.000962,1.000000,1068.6,0.001000
190400,0.000927,1.000000,0.001067,1.000000,1069.2,0.001000
190500,0.000989,1.000000,0.001066,1.000000,1069.7,0.001000
190600,0.012283,1.000000,0.015750,0.999362,1070.2,0.001000
190700,0.000982,1.000000,0.001077,1.000000,1070.8,0.001000
190800,0.000885,1.000000,0.000953,1.000000,1071.4,0.001000
190900,0.000827,1.000000,0.000964,1.000000,1071.9,0.001000
191000,0.000998,1.000000,0.001077,1.000000,1072.4,0.001000
191100,0.000565,1.000000,0.000602,1.000000,1073.0,0.001000
191200,0.000721,1.000000,0.000809,1.000000,1073.5,0.001000
191300,0.000957,1.000000,0.001029,1.000000,1074.1,0.001000
191400,0.001789,1.000000,0.002273,1.000000,1074.6,0.001000
191500,0.001001,1.000000,0.001081,1.000000,1075.2,0.001000
191600,0.000658,1.000000,0.000705,1.000000,1075.7,0.001000
191700,0.000745,1.000000,0.000835,1.000000,1076.3,0.001000
191800,0.000952,1.000000,0.001027,1.000000,1076.9,0.001000
191900,0.002713,1.000000,0.002947,1.000000,1077.4,0.001000
192000,0.000919,1.000000,0.000997,1.000000,1078.0,0.001000
192100,0.000589,1.000000,0.000629,1.000000,1078.6,0.001000
192200,0.000733,1.000000,0.000823,1.000000,1079.1,0.001000
192300,0.001031,1.000000,0.001105,1.000000,1079.7,0.001000
192400,0.001717,1.000000,0.001975,1.000000,1080.3,0.001000
192500,0.001078,1.000000,0.001168,1.000000,1080.8,0.001000
192600,0.000676,1.000000,0.000719,1.000000,1081.4,0.001000
192700,0.000719,1.000000,0.000813,1.000000,1081.9,0.001000
192800,0.000970,1.000000,0.001049,1.000000,1082.5,0.001000
192900,0.001814,1.000000,0.002085,1.000000,1083.0,0.001000
193000,0.000969,1.000000,0.001048,1.000000,1083.6,0.001000
193100,0.000638,1.000000,0.000681,1.000000,1084.1,0.001000
193200,0.000678,1.000000,0.000762,1.000000,1084.7,0.001000
193300,0.000916,1.000000,0.000985,1.000000,1085.3,0.001000
193400,0.008964,0.999787,0.011465,0.999787,1085.8,0.001000
193500,0.000961,1.000000,0.001050,1.000000,1086.4,0.001000
193600,0.000816,1.000000,0.000873,1.000000,1086.9,0.001000
193700,0.000711,1.000000,0.000799,1.000000,1087.5,0.001000
193800,0.000972,1.000000,0.001048,1.000000,1088.1,0.001000
193900,0.002758,1.000000,0.003361,1.000000,1088.6,0.001000
194000,0.000953,1.000000,0.001030,1.000000,1089.2,0.001000
194100,0.000641,1.000000,0.000686,1.000000,1089.7,0.001000
194200,0.000696,1.000000,0.000782,1.000000,1090.3,0.001000
194300,0.000950,1.000000,0.001026,1.000000,1090.8,0.001000
194400,0.043825,0.997449,0.050108,0.996599,1091.4,0.001000
194500,0.000746,1.000000,0.000839,1.000000,1092.0,0.001000
194600,0.000887,1.000000,0.000955,1.000000,1092.5,0.001000
194700,0.001098,1.000000,0.001307,1.000000,1093.1,0.001000
194800,0.001126,1.000000,0.001219,1.000000,1093.7,0.001000
194900,1.235971,0.677721,1.228156,0.668013,1094.2,0.001000
195000,0.000831,1.000000,0.000923,1.000000,1094.8,0.001000
195100,0.000930,1.000000,0.001001,1.000000,1095.4,0.001000
195200,0.005033,1.000000,0.006220,1.000000,1095.9,0.001000
195300,0.000935,1.000000,0.001022,1.000000,1096.5,0.001000
195400,0.000715,1.000000,0.000765,1.000000,1097.0,0.001000
195500,0.000744,1.000000,0.000840,1.000000,1097.6,0.001000
195600,0.000980,1.000000,0.001047,1.000000,1098.2,0.001000
195700,0.025055,0.997662,0.027482,0.998087,1098.7,0.001000
195800,0.000906,1.000000,0.001013,1.000000,1099.3,0.001000
195900,0.000963,1.000000,0.001035,1.000000,1099.8,0.001000
196000,0.001268,1.000000,0.001466,1.000000,1100.3,0.001000
196100,0.001027,1.000000,0.001110,1.000000,1100.9,0.001000
196200,0.000611,1.000000,0.000652,1.000000,1101.5,0.001000
196300,0.000681,1.000000,0.000752,1.000000,1102.0,0.001000
196400,0.000879,1.000000,0.000939,1.000000,1102.6,0.001000
196500,0.001068,1.000000,0.001231,1.000000,1103.1,0.001000
196600,0.000939,1.000000,0.001010,1.000000,1103.7,0.001000
196700,0.000559,1.000000,0.000596,1.000000,1104.2,0.001000
196800,0.000665,1.000000,0.000760,1.000000,1104.8,0.001000
196900,0.000964,1.000000,0.001036,1.000000,1105.3,0.001000
197000,0.010279,1.000000,0.011228,0.999787,1105.9,0.001000
197100,0.000901,1.000000,0.000980,1.000000,1106.4,0.001000
197200,0.000767,1.000000,0.000820,1.000000,1107.0,0.001000
197300,0.000846,1.000000,0.000947,1.000000,1107.5,0.001000
197400,0.001116,1.000000,0.001194,1.000000,1108.1,0.001000
197500,0.171547,0.961522,0.184670,0.960468,1108.7,0.001000
197600,0.000782,1.000000,0.000866,1.000000,1109.2,0.001000
197700,0.000770,1.000000,0.000829,1.000000,1109.7,0.001000
197800,0.002467,1.000000,0.002871,1.000000,1110.3,0.001000
197900,0.000981,1.000000,0.001055,1.000000,1110.8,0.001000
198000,0.063290,0.994685,0.069732,0.994686,1111.4,0.001000
198100,0.000915,1.000000,0.001003,1.000000,1112.0,0.001000
198200,0.000855,1.000000,0.000914,1.000000,1112.5,0.001000
198300,0.004151,1.000000,0.004554,1.000000,1113.1,0.001000
198400,0.000910,1.000000,0.000987,1.000000,1113.6,0.001000
198500,0.000713,1.000000,0.000764,1.000000,1114.2,0.001000
198600,0.000699,1.000000,0.000777,1.000000,1114.7,0.001000
198700,0.000854,1.000000,0.000916,1.000000,1115.3,0.001000
198800,0.001969,1.000000,0.002307,1.000000,1115.9,0.001000
198900,0.000986,1.000000,0.001071,1.000000,1116.4,0.001000
199000,0.000677,1.000000,0.000727,1.000000,1117.0,0.001000
199100,0.000676,1.000000,0.000756,1.000000,1117.5,0.001000
199200,0.000951,1.000000,0.001027,1.000000,1118.1,0.001000
199300,0.026862,0.998937,0.030850,0.998512,1118.7,0.001000
199400,0.000798,1.000000,0.000880,1.000000,1119.2,0.001000
199500,0.000802,1.000000,0.000859,1.000000,1119.8,0.001000
199600,0.000909,1.000000,0.001006,1.000000,1120.3,0.001000
199700,0.000985,1.000000,0.001067,1.000000,1120.9,0.001000
199800,0.000594,1.000000,0.000635,1.000000,1121.4,0.001000
199900,0.000742,1.000000,0.000839,1.000000,1122.0,0.001000
