step,train_loss,train_acc,test_loss,test_acc,elapsed_sec,lr
0,5.185224,0.010842,5.205870,0.009139,0.0,0.000020
100,4.480904,0.031888,4.804326,0.003826,0.6,0.001000
200,3.123110,0.346088,5.042480,0.050797,1.2,0.001000
300,1.193708,0.818240,3.818151,0.315622,1.7,0.001000
400,0.238476,0.996173,2.842858,0.497556,2.3,0.001000
500,0.072481,0.999787,2.551194,0.511583,2.9,0.001000
600,0.052233,1.000000,2.415673,0.515834,3.4,0.001000
700,0.038851,0.999150,2.313874,0.516472,4.0,0.001000
800,0.029489,0.999575,1.952182,0.552604,4.5,0.001000
900,0.004140,1.000000,1.707282,0.572370,5.1,0.001000
1000,0.084370,0.995323,1.486155,0.607014,5.7,0.001000
1100,0.004474,1.000000,0.818852,0.772157,6.3,0.001000
1200,0.004329,1.000000,0.776947,0.781934,6.8,0.001000
1300,0.008186,1.000000,0.089435,0.992561,7.4,0.001000
1400,0.003603,1.000000,0.046840,0.997024,7.9,0.001000
1500,0.002392,1.000000,0.029608,0.997875,8.5,0.001000
1600,0.010877,1.000000,0.021515,0.999787,9.0,0.001000
1700,0.003418,1.000000,0.005865,1.000000,9.6,0.001000
1800,0.002225,1.000000,0.003743,1.000000,10.1,0.001000
1900,0.001575,1.000000,0.002393,1.000000,10.8,0.001000
2000,0.001510,1.000000,0.002166,1.000000,11.4,0.001000
2100,0.000843,1.000000,0.001198,1.000000,12.5,0.001000
2200,0.000909,1.000000,0.001229,1.000000,13.4,0.001000
2300,0.001104,1.000000,0.001470,1.000000,14.0,0.001000
2400,0.026153,0.998724,0.033298,0.998512,14.5,0.001000
2500,0.001136,1.000000,0.001387,1.000000,15.1,0.001000
2600,0.001123,1.000000,0.001314,1.000000,15.7,0.001000
2700,0.014783,1.000000,0.018961,0.999362,16.2,0.001000
2800,0.001011,1.000000,0.001258,1.000000,16.9,0.001000
2900,0.000935,1.000000,0.001090,1.000000,17.4,0.001000
3000,0.002920,1.000000,0.003818,1.000000,18.0,0.001000
3100,0.001055,1.000000,0.001230,1.000000,18.6,0.001000
3200,0.000779,1.000000,0.000875,1.000000,19.1,0.001000
3300,0.001325,1.000000,0.001884,1.000000,19.7,0.001000
3400,0.001170,1.000000,0.001357,1.000000,20.2,0.001000
3500,0.033309,0.999362,0.041226,0.998512,20.8,0.001000
3600,0.000973,1.000000,0.001134,1.000000,21.4,0.001000
3700,0.000879,1.000000,0.000979,1.000000,22.0,0.001000
3800,0.002513,1.000000,0.003165,1.000000,22.5,0.001000
3900,0.000967,1.000000,0.001099,1.000000,23.1,0.001000
4000,0.000691,1.000000,0.000766,1.000000,23.7,0.001000
4100,0.000861,1.000000,0.001104,1.000000,24.2,0.001000
4200,0.001100,1.000000,0.001255,1.000000,24.8,0.001000
4300,0.000818,1.000000,0.000920,1.000000,25.4,0.001000
4400,0.000773,1.000000,0.000996,1.000000,26.0,0.001000
4500,0.000993,1.000000,0.001121,1.000000,26.6,0.001000
4600,0.012130,0.999787,0.018243,0.998512,27.2,0.001000
4700,0.000824,1.000000,0.000972,1.000000,27.7,0.001000
4800,0.000836,1.000000,0.000954,1.000000,28.3,0.001000
4900,0.001290,1.000000,0.001744,1.000000,28.9,0.001000
5000,0.001045,1.000000,0.001189,1.000000,29.4,0.001000
5100,0.243838,0.955357,0.282327,0.942189,30.0,0.001000
5200,0.000793,1.000000,0.000940,1.000000,30.6,0.001000
5300,0.000987,1.000000,0.001087,1.000000,31.1,0.001000
5400,0.007488,1.000000,0.009830,1.000000,31.7,0.001000
5500,0.000846,1.000000,0.000962,1.000000,32.3,0.001000
5600,0.000678,1.000000,0.000746,1.000000,32.9,0.001000
5700,0.001265,1.000000,0.001548,1.000000,33.5,0.001000
5800,0.001012,1.000000,0.001124,1.000000,34.0,0.001000
5900,0.011388,1.000000,0.014542,0.999787,34.6,0.001000
6000,0.000895,1.000000,0.001049,1.000000,35.1,0.001000
6100,0.000905,1.000000,0.001005,1.000000,35.7,0.001000
6200,0.003009,1.000000,0.004703,0.999575,36.3,0.001000
6300,0.001000,1.000000,0.001131,1.000000,36.8,0.001000
6400,0.000739,1.000000,0.000820,1.000000,37.4,0.001000
6500,0.001113,1.000000,0.001638,1.000000,38.0,0.001000
6600,0.001126,1.000000,0.001249,1.000000,38.6,0.001000
6700,0.000760,1.000000,0.000837,1.000000,39.2,0.001000
6800,0.000770,1.000000,0.000892,1.000000,39.7,0.001000
6900,0.000949,1.000000,0.001036,1.000000,40.3,0.001000
7000,0.005023,1.000000,0.006900,1.000000,40.9,0.001000
7100,0.000988,1.000000,0.001100,1.000000,41.5,0.001000
7200,0.000751,1.000000,0.000818,1.000000,42.0,0.001000
7300,0.002218,1.000000,0.003192,0.999787,42.6,0.001000
7400,0.001003,1.000000,0.001142,1.000000,43.2,0.001000
7500,0.000755,1.000000,0.000832,1.000000,43.7,0.001000
7600,0.000732,1.000000,0.000840,1.000000,44.3,0.001000
7700,0.000943,1.000000,0.001024,1.000000,44.9,0.001000
7800,0.001814,1.000000,0.002350,1.000000,45.4,0.001000
7900,0.000975,1.000000,0.001075,1.000000,46.0,0.001000
8000,0.000636,1.000000,0.000700,1.000000,46.5,0.001000
8100,0.000723,1.000000,0.000841,1.000000,47.1,0.001000
8200,0.001003,1.000000,0.001099,1.000000,47.7,0.001000
8300,0.006926,1.000000,0.008340,1.000000,48.3,0.001000
8400,0.001073,1.000000,0.001193,1.000000,48.8,0.001000
8500,0.000878,1.000000,0.000954,1.000000,49.4,0.001000
8600,0.000792,1.000000,0.000920,1.000000,49.9,0.001000
8700,0.001040,1.000000,0.001134,1.000000,50.5,0.001000
8800,0.004939,1.000000,0.006179,1.000000,51.1,0.001000
8900,0.001026,1.000000,0.001122,1.000000,51.6,0.001000
9000,1.523420,0.569515,1.556551,0.557705,52.2,0.001000
9100,0.000811,1.000000,0.000905,1.000000,52.8,0.001000
9200,0.000835,1.000000,0.000906,1.000000,53.3,0.001000
9300,0.001062,1.000000,0.001354,1.000000,53.9,0.001000
9400,0.001066,1.000000,0.001162,1.000000,54.4,0.001000
9500,0.000813,1.000000,0.000887,1.000000,55.0,0.001000
9600,0.000730,1.000000,0.000863,1.000000,55.5,0.001000
9700,0.000933,1.000000,0.001027,1.000000,56.1,0.001000
9800,0.003436,1.000000,0.004409,1.000000,56.6,0.001000
9900,0.000919,1.000000,0.001020,1.000000,57.2,0.001000
10000,0.000657,1.000000,0.000719,1.000000,57.8,0.001000
10100,0.000741,1.000000,0.000862,1.000000,58.3,0.001000
10200,0.001038,1.000000,0.001140,1.000000,58.9,0.001000
10300,0.011328,1.000000,0.013359,1.000000,59.5,0.001000
10400,0.000940,1.000000,0.001044,1.000000,60.0,0.001000
10500,0.000791,1.000000,0.000859,1.000000,60.6,0.001000
10600,0.000732,1.000000,0.000842,1.000000,61.1,0.001000
10700,0.000943,1.000000,0.001018,1.000000,61.7,0.001000
10800,0.004538,0.999787,0.006439,1.000000,62.3,0.001000
10900,0.001007,1.000000,0.001113,1.000000,62.8,0.001000
11000,0.000777,1.000000,0.000843,1.000000,63.4,0.001000
11100,0.000765,1.000000,0.000933,1.000000,63.9,0.001000
11200,0.001084,1.000000,0.001193,1.000000,64.5,0.001000
11300,0.022885,0.999787,0.031838,0.998087,65.0,0.001000
11400,0.000814,1.000000,0.000927,1.000000,65.6,0.001000
11500,0.000943,1.000000,0.001030,1.000000,66.1,0.001000
11600,0.001256,1.000000,0.001525,1.000000,66.7,0.001000
11700,0.000928,1.000000,0.001021,1.000000,67.3,0.001000
11800,0.007679,1.000000,0.008300,1.000000,67.9,0.001000
11900,0.000717,1.000000,0.000820,1.000000,68.4,0.001000
12000,0.001004,1.000000,0.001092,1.000000,69.0,0.001000
12100,0.009599,1.000000,0.013267,0.999362,69.5,0.001000
12200,0.000910,1.000000,0.001006,1.000000,70.1,0.001000
12300,0.000750,1.000000,0.000819,1.000000,70.7,0.001000
12400,0.000657,1.000000,0.000793,1.000000,71.2,0.001000
12500,0.000972,1.000000,0.001072,1.000000,71.8,0.001000
12600,0.161937,0.966624,0.175457,0.960680,72.3,0.001000
12700,0.000776,1.000000,0.000887,1.000000,72.9,0.001000
12800,0.000956,1.000000,0.001039,1.000000,73.4,0.001000
12900,0.002229,1.000000,0.002794,1.000000,74.0,0.001000
13000,0.001018,1.000000,0.001106,1.000000,74.5,0.001000
13100,0.000697,1.000000,0.000749,1.000000,75.1,0.001000
13200,0.000761,1.000000,0.000862,1.000000,75.6,0.001000
13300,0.000893,1.000000,0.000977,1.000000,76.2,0.001000
13400,0.005459,0.999787,0.006587,1.000000,76.8,0.001000
13500,0.000996,1.000000,0.001109,1.000000,77.3,0.001000
13600,0.000785,1.000000,0.000864,1.000000,77.9,0.001000
13700,0.001094,1.000000,0.001411,1.000000,78.4,0.001000
13800,0.001083,1.000000,0.001202,1.000000,79.0,0.001000
13900,0.000691,1.000000,0.000762,1.000000,79.6,0.001000
14000,0.000743,1.000000,0.000994,1.000000,80.1,0.001000
14100,0.001056,1.000000,0.001164,1.000000,80.7,0.001000
14200,0.069857,0.991071,0.084648,0.987460,81.2,0.001000
14300,0.000682,1.000000,0.000818,1.000000,81.8,0.001000
14400,0.000954,1.000000,0.001053,1.000000,82.3,0.001000
14500,0.021504,0.999787,0.027767,0.998300,82.9,0.001000
14600,0.000847,1.000000,0.000957,1.000000,83.5,0.001000
14700,0.000794,1.000000,0.000884,1.000000,84.0,0.001000
14800,0.000820,1.000000,0.001006,1.000000,84.6,0.001000
14900,0.000945,1.000000,0.001043,1.000000,85.1,0.001000
15000,0.000622,1.000000,0.000696,1.000000,85.7,0.001000
15100,0.000742,1.000000,0.000843,1.000000,86.3,0.001000
15200,0.000963,1.000000,0.001045,1.000000,86.8,0.001000
15300,0.000895,1.000000,0.001066,1.000000,87.4,0.001000
15400,0.001040,1.000000,0.001134,1.000000,88.0,0.001000
15500,0.007665,1.000000,0.009078,0.999787,88.5,0.001000
15600,0.001039,1.000000,0.001169,1.000000,89.1,0.001000
15700,0.000876,1.000000,0.000958,1.000000,89.7,0.001000
15800,0.000835,1.000000,0.001019,1.000000,90.2,0.001000
15900,0.001060,1.000000,0.001178,1.000000,90.8,0.001000
16000,0.000592,1.000000,0.000657,1.000000,91.3,0.001000
16100,0.000656,1.000000,0.000745,1.000000,91.9,0.001000
16200,0.000754,1.000000,0.000824,1.000000,92.4,0.001000
16300,0.002924,1.000000,0.004002,1.000000,92.9,0.001000
16400,0.000894,1.000000,0.001000,1.000000,93.5,0.001000
16500,0.000851,1.000000,0.000936,1.000000,94.0,0.001000
16600,0.000692,1.000000,0.000801,1.000000,94.6,0.001000
16700,0.000925,1.000000,0.001016,1.000000,95.2,0.001000
16800,0.008289,1.000000,0.010430,1.000000,95.7,0.001000
16900,0.000967,1.000000,0.001086,1.000000,96.3,0.001000
17000,0.000835,1.000000,0.000915,1.000000,96.8,0.001000
17100,0.000960,1.000000,0.001195,1.000000,97.3,0.001000
17200,0.001163,1.000000,0.001280,1.000000,97.9,0.001000
17300,0.091123,0.985544,0.116209,0.978533,98.4,0.001000
17400,0.000853,1.000000,0.000960,1.000000,98.9,0.001000
17500,0.000822,1.000000,0.000898,1.000000,99.5,0.001000
17600,0.001678,1.000000,0.002162,1.000000,100.0,0.001000
17700,0.001014,1.000000,0.001113,1.000000,100.6,0.001000
17800,0.000686,1.000000,0.000751,1.000000,101.1,0.001000
17900,0.000730,1.000000,0.000940,1.000000,101.6,0.001000
18000,0.001087,1.000000,0.001215,1.000000,102.2,0.001000
18100,0.010311,1.000000,0.013604,1.000000,102.7,0.001000
18200,0.000915,1.000000,0.001032,1.000000,103.2,0.001000
18300,0.000728,1.000000,0.000802,1.000000,103.8,0.001000
18400,0.001054,1.000000,0.001334,1.000000,104.3,0.001000
18500,0.000991,1.000000,0.001096,1.000000,104.8,0.001000
18600,0.119522,0.983206,0.138226,0.977258,105.3,0.001000
18700,0.000786,1.000000,0.000915,1.000000,105.9,0.001000
18800,0.000855,1.000000,0.000942,1.000000,106.5,0.001000
18900,0.002855,1.000000,0.003888,1.000000,107.1,0.001000
19000,0.000915,1.000000,0.001015,1.000000,107.7,0.001000
19100,0.000661,1.000000,0.000719,1.000000,108.3,0.001000
19200,0.000699,1.000000,0.000824,1.000000,108.8,0.001000
19300,0.000987,1.000000,0.001085,1.000000,109.4,0.001000
19400,0.072499,0.991709,0.091003,0.989160,110.0,0.001000
19500,0.000803,1.000000,0.000952,1.000000,110.6,0.001000
19600,0.000962,1.000000,0.001065,1.000000,111.2,0.001000
19700,0.002474,1.000000,0.003727,0.999787,111.9,0.001000
19800,0.000982,1.000000,0.001092,1.000000,112.6,0.001000
19900,0.000678,1.000000,0.000742,1.000000,113.4,0.001000
20000,0.000770,1.000000,0.000990,1.000000,114.1,0.001000
20100,0.001039,1.000000,0.001153,1.000000,114.7,0.001000
20200,0.156060,0.974702,0.170401,0.970244,115.3,0.001000
20300,0.000795,1.000000,0.000929,1.000000,116.0,0.001000
20400,0.000945,1.000000,0.001042,1.000000,116.6,0.001000
20500,0.001983,1.000000,0.003034,1.000000,117.2,0.001000
20600,0.001115,1.000000,0.001232,1.000000,117.8,0.001000
20700,0.000775,1.000000,0.000848,1.000000,118.3,0.001000
20800,0.000772,1.000000,0.001017,1.000000,118.9,0.001000
20900,0.000980,1.000000,0.001084,1.000000,119.4,0.001000
21000,0.000573,1.000000,0.000635,1.000000,120.0,0.001000
21100,0.000679,1.000000,0.000821,1.000000,120.6,0.001000
21200,0.001017,1.000000,0.001124,1.000000,121.3,0.001000
21300,0.017593,0.998724,0.021660,0.998725,121.9,0.001000
21400,0.000769,1.000000,0.000878,1.000000,122.5,0.001000
21500,0.000874,1.000000,0.000949,1.000000,123.0,0.001000
21600,0.003135,1.000000,0.004298,1.000000,123.6,0.001000
21700,0.000933,1.000000,0.001026,1.000000,124.1,0.001000
21800,0.000695,1.000000,0.000757,1.000000,124.7,0.001000
21900,0.001694,1.000000,0.002591,1.000000,125.3,0.001000
22000,0.000866,1.000000,0.000962,1.000000,125.9,0.001000
22100,0.145174,0.967262,0.153385,0.965994,126.4,0.001000
22200,0.000723,1.000000,0.000836,1.000000,127.0,0.001000
22300,0.000831,1.000000,0.000924,1.000000,127.5,0.001000
22400,0.008328,0.999787,0.010712,0.999575,128.1,0.001000
22500,0.000791,1.000000,0.000882,1.000000,128.6,0.001000
22600,0.000736,1.000000,0.000806,1.000000,129.2,0.001000
22700,0.001293,1.000000,0.001717,1.000000,129.7,0.001000
22800,0.000981,1.000000,0.001090,1.000000,130.3,0.001000
22900,0.000721,1.000000,0.000796,1.000000,130.8,0.001000
23000,0.000658,1.000000,0.000769,1.000000,131.4,0.001000
23100,0.000804,1.000000,0.000893,1.000000,132.0,0.001000
23200,0.003411,1.000000,0.005136,0.999575,132.5,0.001000
23300,0.000862,1.000000,0.000961,1.000000,133.1,0.001000
23400,0.000641,1.000000,0.000701,1.000000,133.6,0.001000
23500,0.000714,1.000000,0.000897,1.000000,134.2,0.001000
23600,0.001098,1.000000,0.001213,1.000000,134.7,0.001000
23700,0.010520,1.000000,0.014432,0.999575,135.3,0.001000
23800,0.000801,1.000000,0.000914,1.000000,135.8,0.001000
23900,0.000776,1.000000,0.000862,1.000000,136.4,0.001000
24000,0.013368,0.999787,0.019223,0.998300,136.9,0.001000
24100,0.000747,1.000000,0.000859,1.000000,137.6,0.001000
24200,0.000720,1.000000,0.000800,1.000000,138.2,0.001000
24300,0.000694,1.000000,0.000843,1.000000,138.7,0.001000
24400,0.000968,1.000000,0.001057,1.000000,139.3,0.001000
24500,0.045336,0.997874,0.057133,0.996387,139.9,0.001000
24600,0.000703,1.000000,0.000830,1.000000,140.6,0.001000
24700,0.000869,1.000000,0.000971,1.000000,141.2,0.001000
24800,0.004735,1.000000,0.006538,0.999787,141.9,0.001000
24900,0.000961,1.000000,0.001076,1.000000,142.5,0.001000
25000,0.000770,1.000000,0.000852,1.000000,143.2,0.001000
25100,0.000718,1.000000,0.000882,1.000000,143.8,0.001000
25200,0.000994,1.000000,0.001094,1.000000,144.6,0.001000
25300,0.000551,1.000000,0.000601,1.000000,145.3,0.001000
25400,0.000664,1.000000,0.000827,1.000000,146.2,0.001000
25500,0.001034,1.000000,0.001141,1.000000,147.0,0.001000
25600,0.010246,1.000000,0.012287,0.999787,147.9,0.001000
25700,0.000881,1.000000,0.000977,1.000000,148.6,0.001000
25800,0.000728,1.000000,0.000800,1.000000,149.2,0.001000
25900,0.001403,1.000000,0.001745,1.000000,149.8,0.001000
26000,0.001017,1.000000,0.001130,1.000000,150.4,0.001000
26100,0.212587,0.966837,0.223763,0.963656,151.0,0.001000
26200,0.000833,1.000000,0.000961,1.000000,151.6,0.001000
26300,0.000890,1.000000,0.000987,1.000000,152.2,0.001000
26400,0.002222,1.000000,0.003298,1.000000,152.8,0.001000
26500,0.000936,1.000000,0.001047,1.000000,153.4,0.001000
26600,0.000639,1.000000,0.000696,1.000000,153.9,0.001000
26700,0.000871,1.000000,0.001078,1.000000,154.5,0.001000
26800,0.000902,1.000000,0.001002,1.000000,155.1,0.001000
26900,0.000530,1.000000,0.000581,1.000000,155.7,0.001000
27000,0.000591,1.000000,0.000722,1.000000,156.3,0.001000
27100,0.000943,1.000000,0.001053,1.000000,156.9,0.001000
27200,0.110023,0.988308,0.129363,0.982572,157.5,0.001000
27300,0.000771,1.000000,0.000899,1.000000,158.1,0.001000
27400,0.001010,1.000000,0.001118,1.000000,158.6,0.001000
27500,0.001782,1.000000,0.002468,0.999575,159.2,0.001000
27600,0.001074,1.000000,0.001196,1.000000,159.8,0.001000
27700,0.000680,1.000000,0.000747,1.000000,160.5,0.001000
27800,0.000698,1.000000,0.000853,1.000000,161.0,0.001000
27900,0.001004,1.000000,0.001107,1.000000,161.7,0.001000
28000,0.002394,1.000000,0.003103,1.000000,162.2,0.001000
28100,0.000993,1.000000,0.001124,1.000000,162.8,0.001000
28200,0.000694,1.000000,0.000754,1.000000,163.4,0.001000
28300,0.000720,1.000000,0.000877,1.000000,164.0,0.001000
28400,0.001030,1.000000,0.001144,1.000000,164.5,0.001000
28500,0.077357,0.993197,0.083232,0.991286,165.2,0.001000
28600,0.000771,1.000000,0.000945,1.000000,165.7,0.001000
28700,0.001042,1.000000,0.001163,1.000000,166.3,0.001000
28800,0.004136,0.999787,0.004284,1.000000,166.9,0.001000
28900,0.000931,1.000000,0.001039,1.000000,167.5,0.001000
29000,0.000656,1.000000,0.000730,1.000000,168.1,0.001000
29100,0.000632,1.000000,0.000760,1.000000,168.6,0.001000
29200,0.000859,1.000000,0.000953,1.000000,169.2,0.001000
29300,0.041379,0.997024,0.051698,0.996599,169.8,0.001000
29400,0.000747,1.000000,0.000869,1.000000,170.4,0.001000
29500,0.000826,1.000000,0.000914,1.000000,171.0,0.001000
29600,0.007434,1.000000,0.008537,1.000000,171.6,0.001000
29700,0.000666,1.000000,0.000783,1.000000,172.2,0.001000
29800,0.000840,1.000000,0.000930,1.000000,172.8,0.001000
29900,0.002407,1.000000,0.002993,1.000000,173.4,0.001000
30000,0.000955,1.000000,0.001079,1.000000,173.9,0.001000
30100,0.000693,1.000000,0.000767,1.000000,174.6,0.001000
30200,0.000619,1.000000,0.000751,1.000000,175.2,0.001000
30300,0.000850,1.000000,0.000945,1.000000,175.8,0.001000
30400,0.030047,0.999150,0.037506,0.998087,176.5,0.001000
30500,0.000729,1.000000,0.000870,1.000000,177.1,0.001000
30600,0.000908,1.000000,0.001011,1.000000,177.6,0.001000
30700,0.003573,1.000000,0.004641,1.000000,178.3,0.001000
30800,0.000911,1.000000,0.001030,1.000000,178.9,0.001000
30900,0.000659,1.000000,0.000737,1.000000,179.5,0.001000
31000,0.001253,1.000000,0.001520,1.000000,180.1,0.001000
31100,0.000950,1.000000,0.001064,1.000000,180.6,0.001000
31200,0.026300,0.998724,0.036071,0.996599,181.2,0.001000
31300,0.000843,1.000000,0.000956,1.000000,181.8,0.001000
31400,0.000848,1.000000,0.000933,1.000000,182.3,0.001000
31500,0.001542,1.000000,0.002017,1.000000,182.9,0.001000
31600,0.000934,1.000000,0.001043,1.000000,183.5,0.001000
31700,0.000602,1.000000,0.000665,1.000000,184.2,0.001000
31800,0.000681,1.000000,0.000796,1.000000,184.8,0.001000
31900,0.001054,1.000000,0.001158,1.000000,185.3,0.001000
32000,0.007396,1.000000,0.010084,0.999787,186.0,0.001000
32100,0.000877,1.000000,0.000992,1.000000,186.5,0.001000
32200,0.000713,1.000000,0.000788,1.000000,187.1,0.001000
32300,0.001752,1.000000,0.002467,1.000000,187.7,0.001000
32400,0.000978,1.000000,0.001114,1.000000,188.3,0.001000
32500,0.000711,1.000000,0.000802,1.000000,188.9,0.001000
32600,0.001646,1.000000,0.002248,1.000000,189.5,0.001000
32700,0.000839,1.000000,0.000930,1.000000,190.1,0.001000
32800,0.000568,1.000000,0.000624,1.000000,190.7,0.001000
32900,0.000635,1.000000,0.000744,1.000000,191.3,0.001000
33000,0.000972,1.000000,0.001079,1.000000,191.9,0.001000
33100,0.006668,1.000000,0.008095,0.999787,192.5,0.001000
33200,0.000875,1.000000,0.000987,1.000000,193.1,0.001000
33300,0.000682,1.000000,0.000755,1.000000,193.7,0.001000
33400,0.000758,1.000000,0.001031,1.000000,194.3,0.001000
33500,0.000891,1.000000,0.000999,1.000000,194.9,0.001000
33600,0.085943,0.990008,0.105698,0.987035,195.5,0.001000
33700,0.000692,1.000000,0.000796,1.000000,196.1,0.001000
33800,0.000787,1.000000,0.000871,1.000000,196.7,0.001000
33900,0.004410,1.000000,0.006357,1.000000,197.3,0.001000
34000,0.000913,1.000000,0.001029,1.000000,197.9,0.001000
34100,0.000734,1.000000,0.000816,1.000000,198.4,0.001000
34200,0.000676,1.000000,0.000877,1.000000,199.0,0.001000
34300,0.000966,1.000000,0.001085,1.000000,199.6,0.001000
34400,0.000543,1.000000,0.000606,1.000000,200.1,0.001000
34500,0.000624,1.000000,0.000736,1.000000,200.8,0.001000
34600,0.000842,1.000000,0.000934,1.000000,201.4,0.001000
34700,0.003109,1.000000,0.004858,0.999575,201.9,0.001000
34800,0.000986,1.000000,0.001100,1.000000,202.5,0.001000
34900,0.000702,1.000000,0.000768,1.000000,203.1,0.001000
35000,0.000641,1.000000,0.000796,1.000000,203.7,0.001000
35100,0.000961,1.000000,0.001064,1.000000,204.3,0.001000
35200,0.076455,0.992772,0.090662,0.990648,204.9,0.001000
35300,0.000593,1.000000,0.000735,1.000000,205.4,0.001000
35400,0.000772,1.000000,0.000869,1.000000,206.0,0.001000
35500,0.012981,1.000000,0.018119,0.999362,206.6,0.001000
35600,0.000684,1.000000,0.000824,1.000000,207.2,0.001000
35700,0.000894,1.000000,0.001007,1.000000,207.8,0.001000
35800,0.008185,0.999362,0.011663,0.998937,208.4,0.001000
35900,0.000855,1.000000,0.000975,1.000000,209.0,0.001000
36000,0.000799,1.000000,0.000892,1.000000,209.6,0.001000
36100,0.003511,1.000000,0.004937,1.000000,210.2,0.001000
36200,0.000866,1.000000,0.000981,1.000000,210.8,0.001000
36300,0.000642,1.000000,0.000707,1.000000,211.3,0.001000
36400,0.000647,1.000000,0.000802,1.000000,211.9,0.001000
36500,0.000936,1.000000,0.001033,1.000000,212.5,0.001000
36600,0.020122,0.999575,0.023917,0.999362,213.1,0.001000
36700,0.000719,1.000000,0.000828,1.000000,213.8,0.001000
36800,0.000775,1.000000,0.000867,1.000000,214.4,0.001000
36900,0.016466,0.998937,0.020076,0.999362,215.0,0.001000
37000,0.000733,1.000000,0.000893,1.000000,215.5,0.001000
37100,0.000840,1.000000,0.000956,1.000000,216.1,0.001000
37200,0.001945,1.000000,0.003205,0.999787,216.7,0.001000
37300,0.000926,1.000000,0.001047,1.000000,217.3,0.001000
37400,0.000621,1.000000,0.000689,1.000000,218.0,0.001000
37500,0.001097,1.000000,0.001517,1.000000,218.5,0.001000
37600,0.001000,1.000000,0.001126,1.000000,219.1,0.001000
37700,0.000643,1.000000,0.000716,1.000000,219.7,0.001000
37800,0.000589,1.000000,0.000779,1.000000,220.2,0.001000
37900,0.000892,1.000000,0.001004,1.000000,220.9,0.001000
38000,0.585214,0.848427,0.605851,0.844208,221.5,0.001000
38100,0.000664,1.000000,0.000806,1.000000,222.1,0.001000
38200,0.000958,1.000000,0.001085,1.000000,222.7,0.001000
38300,0.002864,1.000000,0.003850,1.000000,223.3,0.001000
38400,0.000901,1.000000,0.001010,1.000000,223.9,0.001000
38500,0.000621,1.000000,0.000702,1.000000,224.5,0.001000
38600,0.000635,1.000000,0.000773,1.000000,225.1,0.001000
38700,0.000934,1.000000,0.001034,1.000000,225.7,0.001000
38800,0.000541,1.000000,0.000592,1.000000,226.3,0.001000
38900,0.000604,1.000000,0.000758,1.000000,226.9,0.001000
39000,0.000916,1.000000,0.001024,1.000000,227.5,0.001000
39100,0.788284,0.799745,0.795286,0.800000,228.0,0.001000
39200,0.000699,1.000000,0.000882,1.000000,228.6,0.001000
39300,0.000932,1.000000,0.001050,1.000000,229.2,0.001000
39400,0.056193,0.995961,0.066137,0.994686,229.8,0.001000
39500,0.000728,1.000000,0.000838,1.000000,230.4,0.001000
39600,0.000867,1.000000,0.000962,1.000000,231.0,0.001000
39700,0.006841,1.000000,0.008956,1.000000,231.6,0.001000
39800,0.000835,1.000000,0.000952,1.000000,232.1,0.001000
39900,0.000681,1.000000,0.000753,1.000000,232.8,0.001000
40000,0.001125,1.000000,0.001466,1.000000,233.4,0.001000
40100,0.000934,1.000000,0.001066,1.000000,234.0,0.001000
40200,0.000600,1.000000,0.000673,1.000000,234.7,0.001000
40300,0.000646,1.000000,0.000930,1.000000,235.2,0.001000
40400,0.000830,1.000000,0.000942,1.000000,235.8,0.001000
40500,0.000492,1.000000,0.000550,1.000000,236.4,0.001000
40600,0.000616,1.000000,0.000750,1.000000,236.9,0.001000
40700,0.000878,1.000000,0.000981,1.000000,237.5,0.001000
40800,0.000530,1.000000,0.000585,1.000000,238.1,0.001000
40900,0.000608,1.000000,0.000763,1.000000,238.7,0.001000
41000,0.000942,1.000000,0.001060,1.000000,239.3,0.001000
41100,1.230702,0.600128,1.305861,0.573645,239.9,0.001000
41200,0.000632,1.000000,0.000769,1.000000,240.5,0.001000
41300,0.000864,1.000000,0.000980,1.000000,241.0,0.001000
41400,0.002951,1.000000,0.003778,0.999787,241.6,0.001000
41500,0.000933,1.000000,0.001060,1.000000,242.2,0.001000
41600,0.000676,1.000000,0.000756,1.000000,242.9,0.001000
41700,0.000574,1.000000,0.000710,1.000000,243.4,0.001000
41800,0.000863,1.000000,0.000948,1.000000,244.0,0.001000
41900,0.019682,0.999575,0.025538,0.998512,244.5,0.001000
42000,0.000697,1.000000,0.000853,1.000000,245.1,0.001000
42100,0.000830,1.000000,0.000929,1.000000,245.8,0.001000
42200,0.014695,0.999787,0.018033,0.998937,246.3,0.001000
42300,0.000836,1.000000,0.001000,1.000000,246.9,0.001000
42400,0.000810,1.000000,0.000912,1.000000,247.5,0.001000
42500,0.002545,1.000000,0.003600,1.000000,248.1,0.001000
42600,0.000853,1.000000,0.000952,1.000000,248.7,0.001000
42700,0.000607,1.000000,0.000673,1.000000,249.3,0.001000
42800,0.001438,1.000000,0.002018,1.000000,249.9,0.001000
42900,0.000897,1.000000,0.001012,1.000000,250.8,0.001000
43000,0.000637,1.000000,0.000712,1.000000,251.4,0.001000
43100,0.000635,1.000000,0.000771,1.000000,252.0,0.001000
43200,0.000932,1.000000,0.001052,1.000000,252.7,0.001000
43300,0.000532,1.000000,0.000588,1.000000,253.3,0.001000
43400,0.000645,1.000000,0.000824,1.000000,254.0,0.001000
43500,0.000976,1.000000,0.001100,1.000000,254.6,0.001000
43600,0.023144,0.999362,0.032354,0.997024,255.2,0.001000
43700,0.000771,1.000000,0.000879,1.000000,255.8,0.001000
43800,0.000717,1.000000,0.000796,1.000000,256.4,0.001000
43900,0.001167,1.000000,0.001885,0.999787,257.0,0.001000
44000,0.000880,1.000000,0.000993,1.000000,257.7,0.001000
44100,0.000546,1.000000,0.000600,1.000000,258.3,0.001000
44200,0.000654,1.000000,0.000855,1.000000,258.9,0.001000
44300,0.000930,1.000000,0.001065,1.000000,259.5,0.001000
44400,0.000567,1.000000,0.000643,1.000000,260.1,0.001000
44500,0.000604,1.000000,0.000768,1.000000,260.6,0.001000
44600,0.000921,1.000000,0.001044,1.000000,261.2,0.001000
44700,0.660925,0.836309,0.670042,0.834644,261.9,0.001000
44800,0.000691,1.000000,0.000831,1.000000,262.5,0.001000
44900,0.000806,1.000000,0.000904,1.000000,263.2,0.001000
45000,0.004372,1.000000,0.005910,0.999787,263.9,0.001000
45100,0.000747,1.000000,0.000848,1.000000,264.5,0.001000
45200,0.000635,1.000000,0.000704,1.000000,265.1,0.001000
45300,0.002348,1.000000,0.003815,0.999787,265.7,0.001000
45400,0.000820,1.000000,0.000942,1.000000,266.4,0.001000
45500,0.000610,1.000000,0.000682,1.000000,267.1,0.001000
45600,0.000935,1.000000,0.001200,1.000000,267.9,0.001000
45700,0.000983,1.000000,0.001098,1.000000,268.6,0.001000
45800,0.000648,1.000000,0.000718,1.000000,269.3,0.001000
45900,0.000721,1.000000,0.000942,1.000000,270.0,0.001000
46000,0.001066,1.000000,0.001201,1.000000,270.6,0.001000
46100,0.087978,0.994473,0.098412,0.990648,271.3,0.001000
46200,0.000660,1.000000,0.000764,1.000000,271.9,0.001000
46300,0.000749,1.000000,0.000839,1.000000,272.5,0.001000
46400,0.011254,0.999787,0.014098,0.999362,273.2,0.001000
46500,0.000776,1.000000,0.000902,1.000000,273.8,0.001000
46600,0.000701,1.000000,0.000787,1.000000,274.4,0.001000
46700,0.001425,1.000000,0.001898,1.000000,274.9,0.001000
46800,0.000922,1.000000,0.001049,1.000000,275.5,0.001000
46900,0.000616,1.000000,0.000679,1.000000,276.1,0.001000
47000,0.000603,1.000000,0.000816,1.000000,276.8,0.001000
47100,0.000877,1.000000,0.001002,1.000000,277.4,0.001000
47200,0.000479,1.000000,0.000526,1.000000,278.0,0.001000
47300,0.000539,1.000000,0.000709,1.000000,278.6,0.001000
47400,0.000915,1.000000,0.001044,1.000000,279.2,0.001000
47500,0.000507,1.000000,0.000566,1.000000,279.7,0.001000
47600,0.000614,1.000000,0.000745,1.000000,280.3,0.001000
47700,0.000979,1.000000,0.001086,1.000000,281.0,0.001000
47800,0.097234,0.987245,0.115504,0.982997,281.6,0.001000
47900,0.000652,1.000000,0.000767,1.000000,282.2,0.001000
48000,0.000777,1.000000,0.000887,1.000000,282.9,0.001000
48100,0.009855,0.999787,0.012834,0.999575,283.6,0.001000
48200,0.000733,1.000000,0.000860,1.000000,284.3,0.001000
48300,0.000704,1.000000,0.000799,1.000000,284.9,0.001000
48400,0.001497,1.000000,0.001908,1.000000,285.5,0.001000
48500,0.000976,1.000000,0.001118,1.000000,286.1,0.001000
48600,0.000660,1.000000,0.000732,1.000000,286.8,0.001000
48700,0.000628,1.000000,0.000736,1.000000,287.4,0.001000
48800,0.000915,1.000000,0.001016,1.000000,288.0,0.001000
48900,0.082457,0.989583,0.099611,0.987035,288.6,0.001000
49000,0.000712,1.000000,0.000853,1.000000,289.2,0.001000
49100,0.000919,1.000000,0.001028,1.000000,289.8,0.001000
49200,0.006184,1.000000,0.008432,1.000000,290.3,0.001000
49300,0.000909,1.000000,0.001037,1.000000,290.9,0.001000
49400,0.000704,1.000000,0.000771,1.000000,291.5,0.001000
49500,0.000832,1.000000,0.001248,1.000000,292.1,0.001000
49600,0.001043,1.000000,0.001217,1.000000,292.7,0.001000
49700,0.000618,1.000000,0.000692,1.000000,293.3,0.001000
49800,0.000666,1.000000,0.000811,1.000000,293.8,0.001000
49900,0.000943,1.000000,0.001053,1.000000,294.4,0.001000
50000,0.073524,0.991709,0.082759,0.988523,295.0,0.001000
50100,0.000744,1.000000,0.000878,1.000000,295.6,0.001000
50200,0.000746,1.000000,0.000829,1.000000,296.1,0.001000
50300,0.000754,1.000000,0.001070,1.000000,296.7,0.001000
50400,0.000901,1.000000,0.001033,1.000000,297.2,0.001000
50500,0.323770,0.926658,0.383255,0.913071,297.9,0.001000
50600,0.000771,1.000000,0.000909,1.000000,298.5,0.001000
50700,0.000953,1.000000,0.001081,1.000000,299.1,0.001000
50800,0.002079,1.000000,0.002558,1.000000,299.7,0.001000
50900,0.000999,1.000000,0.001127,1.000000,300.3,0.001000
51000,0.000660,1.000000,0.000730,1.000000,300.8,0.001000
51100,0.000655,1.000000,0.000832,1.000000,301.4,0.001000
51200,0.000946,1.000000,0.001067,1.000000,301.9,0.001000
51300,0.112799,0.973427,0.110834,0.976621,302.5,0.001000
51400,0.000693,1.000000,0.000803,1.000000,303.1,0.001000
51500,0.000853,1.000000,0.000950,1.000000,303.6,0.001000
51600,0.016994,0.999787,0.020117,0.999150,304.2,0.001000
51700,0.000764,1.000000,0.000891,1.000000,304.8,0.001000
51800,0.000853,1.000000,0.000969,1.000000,305.3,0.001000
51900,0.002229,1.000000,0.003228,1.000000,305.9,0.001000
52000,0.000941,1.000000,0.001067,1.000000,306.4,0.001000
52100,0.000633,1.000000,0.000712,1.000000,307.0,0.001000
52200,0.000742,1.000000,0.001064,1.000000,307.6,0.001000
52300,0.001054,1.000000,0.001191,1.000000,308.1,0.001000
52400,0.000624,1.000000,0.000690,1.000000,308.6,0.001000
52500,0.000631,1.000000,0.000754,1.000000,309.2,0.001000
52600,0.000944,1.000000,0.001056,1.000000,309.7,0.001000
52700,0.032479,0.996386,0.038559,0.998087,310.3,0.001000
52800,0.000717,1.000000,0.000872,1.000000,310.8,0.001000
52900,0.000860,1.000000,0.000969,1.000000,311.4,0.001000
53000,0.004378,1.000000,0.005399,1.000000,311.9,0.001000
53100,0.000890,1.000000,0.001002,1.000000,312.5,0.001000
53200,0.000679,1.000000,0.000757,1.000000,313.1,0.001000
53300,0.002284,1.000000,0.003615,0.999787,313.6,0.001000
53400,0.000940,1.000000,0.001084,1.000000,314.1,0.001000
53500,0.000654,1.000000,0.000727,1.000000,314.7,0.001000
53600,0.003131,1.000000,0.005058,0.999575,315.3,0.001000
53700,0.000874,1.000000,0.001013,1.000000,315.8,0.001000
53800,0.000661,1.000000,0.000737,1.000000,316.4,0.001000
53900,0.001319,1.000000,0.001744,1.000000,317.0,0.001000
54000,0.001038,1.000000,0.001198,1.000000,317.5,0.001000
54100,0.000716,1.000000,0.000803,1.000000,318.1,0.001000
54200,0.000853,1.000000,0.001113,1.000000,318.7,0.001000
54300,0.001016,1.000000,0.001147,1.000000,319.2,0.001000
54400,0.000611,1.000000,0.000681,1.000000,319.8,0.001000
54500,0.000629,1.000000,0.000816,1.000000,320.3,0.001000
54600,0.000959,1.000000,0.001078,1.000000,320.9,0.001000
54700,0.000534,1.000000,0.000589,1.000000,321.4,0.001000
54800,0.000595,1.000000,0.000789,1.000000,322.0,0.001000
54900,0.000933,1.000000,0.001062,1.000000,322.5,0.001000
55000,0.000514,1.000000,0.000579,1.000000,323.1,0.001000
55100,0.000658,1.000000,0.001189,0.999787,323.6,0.001000
55200,0.000939,1.000000,0.001104,1.000000,324.2,0.001000
55300,0.163404,0.975978,0.170669,0.968969,324.7,0.001000
55400,0.000684,1.000000,0.000851,1.000000,325.4,0.001000
55500,0.000871,1.000000,0.001015,1.000000,326.0,0.001000
55600,0.014374,0.999575,0.019250,0.998512,326.6,0.001000
55700,0.000749,1.000000,0.000909,1.000000,327.1,0.001000
55800,0.000818,1.000000,0.000923,1.000000,327.7,0.001000
55900,0.003905,1.000000,0.006308,0.999575,328.3,0.001000
56000,0.000929,1.000000,0.001062,1.000000,328.9,0.001000
56100,0.000719,1.000000,0.000809,1.000000,329.6,0.001000
56200,0.003726,1.000000,0.006049,0.999787,330.1,0.001000
56300,0.000844,1.000000,0.000995,1.000000,330.7,0.001000
56400,0.000659,1.000000,0.000754,1.000000,331.3,0.001000
56500,0.001478,1.000000,0.001994,1.000000,331.9,0.001000
56600,0.001006,1.000000,0.001148,1.000000,332.4,0.001000
56700,0.000700,1.000000,0.000791,1.000000,333.0,0.001000
56800,0.000712,1.000000,0.000904,1.000000,333.6,0.001000
56900,0.001009,1.000000,0.001133,1.000000,334.1,0.001000
57000,0.000560,1.000000,0.000617,1.000000,334.7,0.001000
57100,0.000622,1.000000,0.000755,1.000000,335.3,0.001000
57200,0.000944,1.000000,0.001051,1.000000,335.9,0.001000
57300,0.055935,0.996386,0.061946,0.996812,336.4,0.001000
57400,0.000721,1.000000,0.000902,1.000000,337.0,0.001000
57500,0.000818,1.000000,0.000932,1.000000,337.6,0.001000
57600,0.003553,0.999787,0.004325,1.000000,338.1,0.001000
57700,0.000891,1.000000,0.001022,1.000000,338.8,0.001000
57800,0.000651,1.000000,0.000729,1.000000,339.3,0.001000
57900,0.000754,1.000000,0.001057,1.000000,339.9,0.001000
58000,0.000962,1.000000,0.001132,1.000000,340.5,0.001000
58100,0.000572,1.000000,0.000637,1.000000,341.1,0.001000
58200,0.000638,1.000000,0.000785,1.000000,341.6,0.001000
58300,0.001004,1.000000,0.001123,1.000000,342.2,0.001000
58400,0.017027,0.999787,0.021771,0.999150,342.8,0.001000
58500,0.000844,1.000000,0.001028,1.000000,343.4,0.001000
58600,0.000816,1.000000,0.000924,1.000000,344.0,0.001000
58700,0.010289,0.999787,0.014168,0.998725,344.6,0.001000
58800,0.000771,1.000000,0.000892,1.000000,345.2,0.001000
58900,0.000702,1.000000,0.000785,1.000000,345.7,0.001000
59000,0.003035,1.000000,0.004677,0.999787,346.4,0.001000
59100,0.000775,1.000000,0.000896,1.000000,347.0,0.001000
59200,0.000588,1.000000,0.000664,1.000000,347.6,0.001000
59300,0.001148,1.000000,0.001593,1.000000,348.3,0.001000
59400,0.000965,1.000000,0.001068,1.000000,348.9,0.001000
59500,0.000645,1.000000,0.000712,1.000000,349.5,0.001000
59600,0.000665,1.000000,0.000832,1.000000,350.1,0.001000
59700,0.000990,1.000000,0.001113,1.000000,350.7,0.001000
59800,0.118882,0.983206,0.137829,0.978959,351.3,0.001000
59900,0.000731,1.000000,0.000859,1.000000,351.9,0.001000
60000,0.000877,1.000000,0.000973,1.000000,352.5,0.001000
60100,0.015016,0.999575,0.017143,0.999787,353.1,0.001000
60200,0.000788,1.000000,0.000908,1.000000,353.7,0.001000
60300,0.000835,1.000000,0.000925,1.000000,354.3,0.001000
60400,0.001942,1.000000,0.002401,1.000000,354.9,0.001000
60500,0.000921,1.000000,0.001037,1.000000,355.5,0.001000
60600,0.000632,1.000000,0.000705,1.000000,356.1,0.001000
60700,0.000692,1.000000,0.000873,1.000000,356.7,0.001000
60800,0.000980,1.000000,0.001105,1.000000,357.3,0.001000
60900,0.039605,0.998724,0.047352,0.997024,357.9,0.001000
61000,0.000812,1.000000,0.000951,1.000000,358.5,0.001000
61100,0.000913,1.000000,0.001024,1.000000,359.1,0.001000
61200,0.004133,1.000000,0.005511,1.000000,359.7,0.001000
61300,0.000913,1.000000,0.001036,1.000000,360.3,0.001000
61400,0.000665,1.000000,0.000736,1.000000,360.8,0.001000
61500,0.001025,1.000000,0.001258,1.000000,361.4,0.001000
61600,0.000956,1.000000,0.001060,1.000000,362.0,0.001000
61700,0.000593,1.000000,0.000656,1.000000,362.6,0.001000
61800,0.000598,1.000000,0.000788,1.000000,363.2,0.001000
61900,0.000921,1.000000,0.001035,1.000000,363.8,0.001000
62000,0.000519,1.000000,0.000578,1.000000,364.4,0.001000
62100,0.000676,1.000000,0.000924,1.000000,365.0,0.001000
62200,0.001082,1.000000,0.001245,1.000000,365.6,0.001000
62300,0.000639,1.000000,0.000708,1.000000,366.2,0.001000
62400,0.000668,1.000000,0.000844,1.000000,366.8,0.001000
62500,0.001042,1.000000,0.001178,1.000000,367.4,0.001000
62600,0.021470,0.999575,0.025503,0.998512,368.1,0.001000
62700,0.000783,1.000000,0.000900,1.000000,368.6,0.001000
62800,0.000720,1.000000,0.000809,1.000000,369.3,0.001000
62900,0.001456,1.000000,0.001790,1.000000,369.8,0.001000
63000,0.000889,1.000000,0.000992,1.000000,370.4,0.001000
63100,0.000588,1.000000,0.000657,1.000000,371.0,0.001000
63200,0.000572,1.000000,0.000719,1.000000,371.6,0.001000
63300,0.000901,1.000000,0.001007,1.000000,372.1,0.001000
63400,0.000515,1.000000,0.000561,1.000000,372.7,0.001000
63500,0.000619,1.000000,0.000793,1.000000,373.3,0.001000
63600,0.001014,1.000000,0.001146,1.000000,373.9,0.001000
63700,0.000558,1.000000,0.000617,1.000000,374.4,0.001000
63800,0.000630,1.000000,0.000786,1.000000,375.1,0.001000
63900,0.000926,1.000000,0.001046,1.000000,375.6,0.001000
64000,0.000476,1.000000,0.000528,1.000000,376.2,0.001000
64100,0.000597,1.000000,0.000868,1.000000,376.8,0.001000
64200,0.000942,1.000000,0.001075,1.000000,377.4,0.001000
64300,0.199686,0.952381,0.230264,0.944315,378.0,0.001000
64400,0.000720,1.000000,0.000844,1.000000,378.6,0.001000
64500,0.000913,1.000000,0.001014,1.000000,379.2,0.001000
64600,0.008667,1.000000,0.010248,1.000000,379.9,0.001000
64700,0.000832,1.000000,0.000967,1.000000,380.5,0.001000
64800,0.000697,1.000000,0.000781,1.000000,381.1,0.001000
64900,0.002377,1.000000,0.003364,0.999787,381.8,0.001000
65000,0.000863,1.000000,0.000986,1.000000,382.3,0.001000
65100,0.000635,1.000000,0.000706,1.000000,382.9,0.001000
65200,0.000627,1.000000,0.000749,1.000000,383.5,0.001000
65300,0.000959,1.000000,0.001074,1.000000,384.1,0.001000
65400,0.508498,0.877126,0.541039,0.868225,384.7,0.001000
65500,0.000702,1.000000,0.000897,1.000000,385.3,0.001000
65600,0.001075,1.000000,0.001217,1.000000,385.9,0.001000
65700,0.049794,0.997024,0.055519,0.996387,386.5,0.001000
65800,0.000735,1.000000,0.000854,1.000000,387.1,0.001000
65900,0.000730,1.000000,0.000823,1.000000,387.7,0.001000
66000,0.009688,0.999362,0.012912,0.998725,388.3,0.001000
66100,0.000822,1.000000,0.000956,1.000000,388.9,0.001000
66200,0.000787,1.000000,0.000885,1.000000,389.5,0.001000
66300,0.016136,0.999787,0.021367,0.999150,390.0,0.001000
66400,0.000652,1.000000,0.000808,1.000000,390.6,0.001000
66500,0.000802,1.000000,0.000917,1.000000,391.2,0.001000
66600,0.015007,0.999575,0.019403,0.998937,391.8,0.001000
66700,0.000779,1.000000,0.000922,1.000000,392.4,0.001000
66800,0.000889,1.000000,0.001010,1.000000,392.9,0.001000
66900,0.012740,0.999787,0.017212,0.999150,393.5,0.001000
67000,0.000776,1.000000,0.000934,1.000000,394.1,0.001000
67100,0.000779,1.000000,0.000887,1.000000,394.7,0.001000
67200,0.012294,0.999362,0.015484,0.999150,395.3,0.001000
67300,0.000835,1.000000,0.000961,1.000000,395.9,0.001000
67400,0.000794,1.000000,0.000889,1.000000,396.5,0.001000
67500,0.009411,0.999787,0.011256,0.999787,397.1,0.001000
67600,0.000813,1.000000,0.000956,1.000000,397.6,0.001000
67700,0.000851,1.000000,0.000947,1.000000,398.2,0.001000
67800,0.001030,1.000000,0.001466,1.000000,398.8,0.001000
67900,0.000976,1.000000,0.001107,1.000000,399.3,0.001000
68000,0.000596,1.000000,0.000662,1.000000,399.9,0.001000
68100,0.000621,1.000000,0.000814,1.000000,400.5,0.001000
68200,0.000920,1.000000,0.001035,1.000000,401.1,0.001000
68300,0.000493,1.000000,0.000550,1.000000,401.7,0.001000
68400,0.000614,1.000000,0.000725,1.000000,402.3,0.001000
68500,0.000872,1.000000,0.000978,1.000000,402.9,0.001000
68600,0.068942,0.991709,0.076325,0.990223,403.4,0.001000
68700,0.000661,1.000000,0.000884,1.000000,404.1,0.001000
68800,0.000830,1.000000,0.000953,1.000000,404.7,0.001000
68900,0.004659,1.000000,0.005770,1.000000,405.3,0.001000
69000,0.000833,1.000000,0.000962,1.000000,405.9,0.001000
69100,0.000624,1.000000,0.000700,1.000000,406.5,0.001000
69200,0.003816,1.000000,0.005307,0.999575,407.1,0.001000
69300,0.000891,1.000000,0.001051,1.000000,407.7,0.001000
69400,0.000715,1.000000,0.000806,1.000000,408.4,0.001000
69500,0.002206,1.000000,0.002896,1.000000,409.0,0.001000
69600,0.000913,1.000000,0.001070,1.000000,409.6,0.001000
69700,0.000648,1.000000,0.000726,1.000000,410.2,0.001000
69800,0.000689,1.000000,0.000868,1.000000,410.8,0.001000
69900,0.001001,1.000000,0.001123,1.000000,411.4,0.001000
70000,0.000585,1.000000,0.000648,1.000000,412.0,0.001000
70100,0.000658,1.000000,0.000878,1.000000,412.6,0.001000
70200,0.000832,1.000000,0.000946,1.000000,413.2,0.001000
70300,0.000444,1.000000,0.000511,1.000000,413.7,0.001000
70400,0.000548,1.000000,0.000689,1.000000,414.4,0.001000
70500,0.000871,1.000000,0.001035,1.000000,415.0,0.001000
70600,0.000472,1.000000,0.000524,1.000000,415.5,0.001000
70700,0.000530,1.000000,0.000700,1.000000,416.2,0.001000
70800,0.000771,1.000000,0.000881,1.000000,416.7,0.001000
70900,0.051271,0.997449,0.056528,0.997024,417.4,0.001000
71000,0.000626,1.000000,0.000760,1.000000,418.0,0.001000
71100,0.000851,1.000000,0.000981,1.000000,418.5,0.001000
71200,0.011611,1.000000,0.014339,0.999362,419.1,0.001000
71300,0.000608,1.000000,0.000741,1.000000,419.7,0.001000
71400,0.000752,1.000000,0.000849,1.000000,420.3,0.001000
71500,0.016326,1.000000,0.019375,0.999362,420.9,0.001000
71600,0.000736,1.000000,0.000893,1.000000,421.5,0.001000
71700,0.000841,1.000000,0.000973,1.000000,422.1,0.001000
71800,0.006972,0.999787,0.008900,0.999787,422.8,0.001000
71900,0.000959,1.000000,0.001129,1.000000,423.3,0.001000
72000,0.000836,1.000000,0.000940,1.000000,423.9,0.001000
72100,0.000792,1.000000,0.000961,1.000000,424.5,0.001000
72200,0.000895,1.000000,0.001017,1.000000,425.1,0.001000
72300,0.000498,1.000000,0.000551,1.000000,425.7,0.001000
72400,0.000556,1.000000,0.000699,1.000000,426.3,0.001000
72500,0.000889,1.000000,0.001011,1.000000,426.9,0.001000
72600,0.000496,1.000000,0.000539,1.000000,427.5,0.001000
72700,0.000572,1.000000,0.000753,1.000000,428.1,0.001000
72800,0.000912,1.000000,0.001034,1.000000,428.6,0.001000
72900,0.098060,0.988095,0.114614,0.981509,429.2,0.001000
73000,0.000688,1.000000,0.000806,1.000000,429.8,0.001000
73100,0.000775,1.000000,0.000863,1.000000,430.4,0.001000
73200,0.004192,1.000000,0.006253,0.999787,431.0,0.001000
73300,0.000889,1.000000,0.001025,1.000000,431.5,0.001000
73400,0.000715,1.000000,0.000822,1.000000,432.1,0.001000
73500,0.001417,1.000000,0.002557,0.999575,432.7,0.001000
73600,0.000968,1.000000,0.001106,1.000000,433.3,0.001000
73700,0.000607,1.000000,0.000683,1.000000,433.8,0.001000
73800,0.000695,1.000000,0.000924,1.000000,434.4,0.001000
73900,0.001019,1.000000,0.001175,1.000000,435.0,0.001000
74000,0.107997,0.983844,0.122967,0.977258,435.6,0.001000
74100,0.000622,1.000000,0.000736,1.000000,436.1,0.001000
74200,0.000844,1.000000,0.000956,1.000000,436.7,0.001000
74300,0.009716,1.000000,0.011097,1.000000,437.4,0.001000
74400,0.000821,1.000000,0.000983,1.000000,437.9,0.001000
74500,0.000713,1.000000,0.000814,1.000000,438.5,0.001000
74600,0.001130,1.000000,0.001583,1.000000,439.2,0.001000
74700,0.000956,1.000000,0.001096,1.000000,439.8,0.001000
74800,0.000619,1.000000,0.000688,1.000000,440.4,0.001000
74900,0.001544,1.000000,0.002291,1.000000,440.9,0.001000
75000,0.001020,1.000000,0.001207,1.000000,441.5,0.001000
75100,0.000715,1.000000,0.000809,1.000000,442.1,0.001000
75200,0.000666,1.000000,0.000892,1.000000,442.8,0.001000
75300,0.000959,1.000000,0.001090,1.000000,443.4,0.001000
75400,0.000528,1.000000,0.000589,1.000000,444.0,0.001000
75500,0.000599,1.000000,0.000740,1.000000,444.6,0.001000
75600,0.000981,1.000000,0.001107,1.000000,445.2,0.001000
75700,0.000553,1.000000,0.000611,1.000000,445.8,0.001000
75800,0.000721,1.000000,0.001162,1.000000,446.4,0.001000
75900,0.000859,1.000000,0.000985,1.000000,447.0,0.001000
76000,0.000491,1.000000,0.000589,1.000000,447.6,0.001000
76100,0.000677,1.000000,0.000855,1.000000,448.2,0.001000
76200,0.001052,1.000000,0.001213,1.000000,448.7,0.001000
76300,0.015117,0.999150,0.017159,0.999575,449.4,0.001000
76400,0.000822,1.000000,0.000985,1.000000,450.0,0.001000
76500,0.000814,1.000000,0.000924,1.000000,450.6,0.001000
76600,0.005047,1.000000,0.008210,0.999362,451.2,0.001000
76700,0.000884,1.000000,0.001045,1.000000,451.8,0.001000
76800,0.000798,1.000000,0.000910,1.000000,452.4,0.001000
76900,0.002330,1.000000,0.002939,1.000000,453.1,0.001000
77000,0.000923,1.000000,0.001045,1.000000,453.7,0.001000
77100,0.000649,1.000000,0.000745,1.000000,454.3,0.001000
77200,0.000661,1.000000,0.000816,1.000000,454.9,0.001000
77300,0.000981,1.000000,0.001116,1.000000,455.5,0.001000
77400,0.000579,1.000000,0.000652,1.000000,456.1,0.001000
77500,0.000627,1.000000,0.000785,1.000000,456.8,0.001000
77600,0.001000,1.000000,0.001136,1.000000,457.3,0.001000
77700,0.000577,1.000000,0.000640,1.000000,458.0,0.001000
77800,0.000682,1.000000,0.000873,1.000000,458.6,0.001000
77900,0.000841,1.000000,0.000981,1.000000,459.2,0.001000
78000,0.000415,1.000000,0.000471,1.000000,459.7,0.001000
78100,0.000542,1.000000,0.000707,1.000000,460.3,0.001000
78200,0.000870,1.000000,0.000981,1.000000,460.8,0.001000
78300,0.450821,0.887542,0.479895,0.882253,461.4,0.001000
78400,0.000669,1.000000,0.000791,1.000000,462.1,0.001000
78500,0.000902,1.000000,0.001005,1.000000,462.8,0.001000
78600,0.006116,0.999787,0.006789,1.000000,463.4,0.001000
78700,0.000907,1.000000,0.001055,1.000000,464.0,0.001000
78800,0.000714,1.000000,0.000804,1.000000,464.6,0.001000
78900,0.001744,1.000000,0.002640,0.999787,465.2,0.001000
79000,0.001016,1.000000,0.001157,1.000000,465.7,0.001000
79100,0.000741,1.000000,0.000850,1.000000,466.3,0.001000
79200,0.000767,1.000000,0.000962,1.000000,467.0,0.001000
79300,0.001027,1.000000,0.001162,1.000000,467.6,0.001000
79400,0.000622,1.000000,0.000704,1.000000,468.1,0.001000
79500,0.000587,1.000000,0.000708,1.000000,468.7,0.001000
79600,0.000731,1.000000,0.000836,1.000000,469.3,0.001000
79700,0.007748,1.000000,0.009921,0.999575,469.9,0.001000
79800,0.000718,1.000000,0.000839,1.000000,470.4,0.001000
79900,0.000713,1.000000,0.000793,1.000000,471.0,0.001000
80000,0.003474,0.999787,0.002413,0.999787,471.6,0.001000
80100,0.000776,1.000000,0.000908,1.000000,472.2,0.001000
80200,0.000630,1.000000,0.000710,1.000000,472.8,0.001000
80300,0.000836,1.000000,0.001038,1.000000,473.4,0.001000
80400,0.000963,1.000000,0.001082,1.000000,473.9,0.001000
80500,0.000597,1.000000,0.000670,1.000000,474.5,0.001000
80600,0.000617,1.000000,0.000834,1.000000,475.1,0.001000
80700,0.000987,1.000000,0.001133,1.000000,475.6,0.001000
80800,0.044525,0.996386,0.054973,0.993199,476.2,0.001000
80900,0.000813,1.000000,0.000940,1.000000,476.8,0.001000
81000,0.000950,1.000000,0.001078,1.000000,477.4,0.001000
81100,0.008161,0.999787,0.009792,0.999575,478.0,0.001000
81200,0.000906,1.000000,0.001045,1.000000,478.6,0.001000
81300,0.000784,1.000000,0.000875,1.000000,479.2,0.001000
81400,0.001109,1.000000,0.001403,1.000000,479.7,0.001000
81500,0.001054,1.000000,0.001185,1.000000,480.4,0.001000
81600,0.000656,1.000000,0.000731,1.000000,480.9,0.001000
81700,0.000632,1.000000,0.000826,1.000000,481.5,0.001000
81800,0.000956,1.000000,0.001088,1.000000,482.1,0.001000
81900,0.207282,0.955995,0.243694,0.945165,482.6,0.001000
82000,0.000730,1.000000,0.000881,1.000000,483.2,0.001000
82100,0.000909,1.000000,0.001035,1.000000,483.8,0.001000
82200,0.026588,0.999150,0.033015,0.998725,484.4,0.001000
82300,0.000745,1.000000,0.000915,1.000000,485.0,0.001000
82400,0.000754,1.000000,0.000872,1.000000,485.5,0.001000
82500,0.001610,1.000000,0.002080,1.000000,486.1,0.001000
82600,0.000819,1.000000,0.000935,1.000000,486.7,0.001000
82700,0.000542,1.000000,0.000609,1.000000,487.3,0.001000
82800,0.000527,1.000000,0.000654,1.000000,487.9,0.001000
82900,0.000855,1.000000,0.000959,1.000000,488.5,0.001000
83000,0.000490,1.000000,0.000554,1.000000,489.1,0.001000
83100,0.000608,1.000000,0.000752,1.000000,489.7,0.001000
83200,0.000856,1.000000,0.000970,1.000000,490.4,0.001000
83300,0.075581,0.988733,0.082941,0.991073,491.0,0.001000
83400,0.000671,1.000000,0.000817,1.000000,491.5,0.001000
83500,0.000724,1.000000,0.000844,1.000000,492.1,0.001000
83600,0.001220,1.000000,0.001537,1.000000,492.7,0.001000
83700,0.000896,1.000000,0.001009,1.000000,493.3,0.001000
83800,0.000584,1.000000,0.000651,1.000000,493.9,0.001000
83900,0.000754,1.000000,0.000971,1.000000,494.5,0.001000
84000,0.001053,1.000000,0.001190,1.000000,495.0,0.001000
84100,0.000635,1.000000,0.000714,1.000000,495.6,0.001000
84200,0.000668,1.000000,0.000827,1.000000,496.2,0.001000
84300,0.000935,1.000000,0.001061,1.000000,496.8,0.001000
84400,0.022376,0.998724,0.027486,0.998300,497.4,0.001000
84500,0.000681,1.000000,0.000799,1.000000,497.9,0.001000
84600,0.000671,1.000000,0.000765,1.000000,498.6,0.001000
84700,0.006678,1.000000,0.010443,0.999575,499.2,0.001000
84800,0.000785,1.000000,0.000947,1.000000,499.8,0.001000
84900,0.000799,1.000000,0.000902,1.000000,500.5,0.001000
85000,0.000830,1.000000,0.001160,1.000000,501.2,0.001000
85100,0.000998,1.000000,0.001151,1.000000,501.8,0.001000
85200,0.000581,1.000000,0.000644,1.000000,502.4,0.001000
85300,0.000678,1.000000,0.001013,1.000000,503.0,0.001000
85400,0.000980,1.000000,0.001125,1.000000,503.6,0.001000
85500,0.000554,1.000000,0.000623,1.000000,504.1,0.001000
85600,0.000637,1.000000,0.000886,1.000000,504.7,0.001000
85700,0.000968,1.000000,0.001150,1.000000,505.3,0.001000
85800,0.020648,0.999362,0.026392,0.998725,506.0,0.001000
85900,0.000812,1.000000,0.000992,1.000000,506.6,0.001000
86000,0.000919,1.000000,0.001056,1.000000,507.2,0.001000
86100,0.013400,1.000000,0.018159,0.998512,507.8,0.001000
86200,0.000767,1.000000,0.000948,1.000000,508.4,0.001000
86300,0.000745,1.000000,0.000858,1.000000,508.9,0.001000
86400,0.001912,1.000000,0.003014,0.999787,509.5,0.001000
86500,0.000936,1.000000,0.001105,1.000000,510.1,0.001000
86600,0.000636,1.000000,0.000727,1.000000,510.7,0.001000
86700,0.000829,1.000000,0.001178,1.000000,511.3,0.001000
86800,0.000979,1.000000,0.001147,1.000000,511.9,0.001000
86900,0.000886,1.000000,0.001012,1.000000,512.5,0.001000
87000,0.000666,1.000000,0.000811,1.000000,513.1,0.001000
87100,0.000854,1.000000,0.000984,1.000000,513.7,0.001000
87200,0.033777,0.997874,0.041248,0.996599,514.3,0.001000
87300,0.000786,1.000000,0.000942,1.000000,514.8,0.001000
87400,0.000859,1.000000,0.000966,1.000000,515.4,0.001000
87500,0.001535,1.000000,0.002511,0.999787,516.0,0.001000
87600,0.000908,1.000000,0.001126,1.000000,516.7,0.001000
87700,0.000568,1.000000,0.000639,1.000000,517.3,0.001000
87800,0.000620,1.000000,0.000910,1.000000,517.9,0.001000
87900,0.001022,1.000000,0.001209,1.000000,518.5,0.001000
88000,0.184351,0.971088,0.204102,0.964931,519.1,0.001000
88100,0.000643,1.000000,0.000848,1.000000,519.7,0.001000
88200,0.000861,1.000000,0.001002,1.000000,520.3,0.001000
88300,0.011320,1.000000,0.016315,0.998512,520.9,0.001000
88400,0.000750,1.000000,0.000998,1.000000,521.5,0.001000
88500,0.000774,1.000000,0.000905,1.000000,522.1,0.001000
88600,0.006132,1.000000,0.009223,0.999150,522.8,0.001000
88700,0.000854,1.000000,0.000994,1.000000,523.3,0.001000
88800,0.000730,1.000000,0.000827,1.000000,524.0,0.001000
88900,0.001394,1.000000,0.002033,1.000000,524.6,0.001000
89000,0.000916,1.000000,0.001115,1.000000,525.2,0.001000
89100,0.000763,1.000000,0.000892,1.000000,525.8,0.001000
89200,0.000669,1.000000,0.000861,1.000000,526.4,0.001000
89300,0.000853,1.000000,0.000997,1.000000,527.0,0.001000
89400,0.028180,0.998087,0.033715,0.998300,527.6,0.001000
89500,0.000662,1.000000,0.000852,1.000000,528.2,0.001000
89600,0.000748,1.000000,0.000870,1.000000,528.8,0.001000
89700,0.016978,0.999362,0.021746,0.998087,529.4,0.001000
89800,0.000699,1.000000,0.000881,1.000000,530.0,0.001000
89900,0.000805,1.000000,0.000921,1.000000,530.6,0.001000
90000,0.003049,1.000000,0.004206,1.000000,531.1,0.001000
90100,0.000964,1.000000,0.001183,1.000000,531.7,0.001000
90200,0.000737,1.000000,0.000871,1.000000,532.4,0.001000
90300,0.001068,1.000000,0.001589,1.000000,533.0,0.001000
90400,0.000958,1.000000,0.001123,1.000000,533.6,0.001000
90500,0.000592,1.000000,0.000673,1.000000,534.2,0.001000
90600,0.000741,1.000000,0.001159,1.000000,534.8,0.001000
90700,0.001020,1.000000,0.001173,1.000000,535.4,0.001000
90800,0.000607,1.000000,0.000705,1.000000,536.0,0.001000
90900,0.000768,1.000000,0.001263,1.000000,536.6,0.001000
91000,0.001063,1.000000,0.001235,1.000000,537.2,0.001000
91100,0.000598,1.000000,0.000671,1.000000,537.8,0.001000
91200,0.000586,1.000000,0.000752,1.000000,538.4,0.001000
91300,0.000923,1.000000,0.001041,1.000000,539.0,0.001000
91400,0.000743,1.000000,0.000926,1.000000,539.6,0.001000
91500,0.000680,1.000000,0.000877,1.000000,540.2,0.001000
91600,0.000926,1.000000,0.001056,1.000000,540.8,0.001000
91700,0.056428,0.995323,0.067030,0.993199,541.4,0.001000
91800,0.000734,1.000000,0.000858,1.000000,542.0,0.001000
91900,0.000724,1.000000,0.000833,1.000000,542.5,0.001000
92000,0.001978,1.000000,0.002566,1.000000,543.1,0.001000
92100,0.000881,1.000000,0.001003,1.000000,543.8,0.001000
92200,0.000612,1.000000,0.000670,1.000000,544.4,0.001000
92300,0.000667,1.000000,0.000919,1.000000,545.0,0.001000
92400,0.001022,1.000000,0.001193,1.000000,545.6,0.001000
92500,0.016011,0.998937,0.022733,0.997450,546.2,0.001000
92600,0.000887,1.000000,0.001060,1.000000,546.8,0.001000
92700,0.000819,1.000000,0.000964,1.000000,547.4,0.001000
92800,0.008289,1.000000,0.011427,0.999362,548.0,0.001000
92900,0.000707,1.000000,0.000925,1.000000,548.6,0.001000
93000,0.000751,1.000000,0.000882,1.000000,549.2,0.001000
93100,0.010431,0.999787,0.014110,0.998725,549.8,0.001000
93200,0.000774,1.000000,0.000979,1.000000,550.4,0.001000
93300,0.000756,1.000000,0.000883,1.000000,550.9,0.001000
93400,0.003837,1.000000,0.004717,1.000000,551.6,0.001000
93500,0.000814,1.000000,0.000973,1.000000,552.2,0.001000
93600,0.000716,1.000000,0.000827,1.000000,552.7,0.001000
93700,0.002420,1.000000,0.003780,0.999787,553.3,0.001000
93800,0.000925,1.000000,0.001106,1.000000,553.9,0.001000
93900,0.000638,1.000000,0.000735,1.000000,554.5,0.001000
94000,0.000591,1.000000,0.000707,1.000000,555.1,0.001000
94100,0.000882,1.000000,0.001008,1.000000,555.8,0.001000
94200,0.154835,0.968537,0.167933,0.961743,556.4,0.001000
94300,0.000731,1.000000,0.000886,1.000000,557.0,0.001000
94400,0.000924,1.000000,0.001045,1.000000,557.6,0.001000
94500,0.010466,1.000000,0.013078,0.999150,558.2,0.001000
94600,0.000809,1.000000,0.000982,1.000000,558.8,0.001000
94700,0.000791,1.000000,0.000904,1.000000,559.4,0.001000
94800,0.006559,0.999787,0.009011,0.999575,560.0,0.001000
94900,0.000846,1.000000,0.000990,1.000000,560.6,0.001000
95000,0.000698,1.000000,0.000795,1.000000,561.1,0.001000
95100,0.003846,1.000000,0.004770,1.000000,561.7,0.001000
95200,0.000906,1.000000,0.001032,1.000000,562.3,0.001000
95300,0.000730,1.000000,0.000827,1.000000,562.8,0.001000
95400,0.000750,1.000000,0.001010,1.000000,563.4,0.001000
95500,0.001032,1.000000,0.001195,1.000000,564.0,0.001000
95600,0.000611,1.000000,0.000687,1.000000,564.6,0.001000
95700,0.000609,1.000000,0.000723,1.000000,565.1,0.001000
95800,0.000843,1.000000,0.000951,1.000000,565.7,0.001000
95900,0.076891,0.991922,0.092666,0.987035,566.2,0.001000
96000,0.000676,1.000000,0.000837,1.000000,566.8,0.001000
96100,0.000964,1.000000,0.001095,1.000000,567.4,0.001000
96200,2.067213,0.346088,2.076384,0.344952,568.0,0.001000
96300,0.000643,1.000000,0.000780,1.000000,568.7,0.001000
96400,0.000954,1.000000,0.001073,1.000000,569.3,0.001000
96500,0.137260,0.975340,0.159155,0.971095,569.9,0.001000
96600,0.000707,1.000000,0.000981,1.000000,570.5,0.001000
96700,0.000958,1.000000,0.001126,1.000000,571.1,0.001000
96800,0.034241,0.998299,0.040896,0.997450,571.7,0.001000
96900,0.000772,1.000000,0.001048,1.000000,572.3,0.001000
97000,0.000830,1.000000,0.000947,1.000000,572.9,0.001000
97100,0.009267,0.999575,0.012856,0.999362,573.5,0.001000
97200,0.000736,1.000000,0.000912,1.000000,574.1,0.001000
97300,0.000786,1.000000,0.000911,1.000000,574.6,0.001000
97400,0.010617,0.999575,0.013477,0.998725,575.2,0.001000
97500,0.000787,1.000000,0.000959,1.000000,575.8,0.001000
97600,0.000739,1.000000,0.000844,1.000000,576.4,0.001000
97700,0.001568,1.000000,0.002310,0.999787,577.0,0.001000
97800,0.000936,1.000000,0.001112,1.000000,577.6,0.001000
97900,0.000607,1.000000,0.000700,1.000000,578.2,0.001000
98000,0.000589,1.000000,0.000724,1.000000,578.8,0.001000
98100,0.000958,1.000000,0.001105,1.000000,579.4,0.001000
98200,0.126753,0.992559,0.130607,0.993624,580.0,0.001000
98300,0.000625,1.000000,0.000803,1.000000,580.6,0.001000
98400,0.000816,1.000000,0.000959,1.000000,581.2,0.001000
98500,0.013644,0.999362,0.017805,0.998937,581.8,0.001000
98600,0.000811,1.000000,0.000963,1.000000,582.4,0.001000
98700,0.000732,1.000000,0.000853,1.000000,583.0,0.001000
98800,0.005087,1.000000,0.007402,0.999575,583.6,0.001000
98900,0.000921,1.000000,0.001127,1.000000,584.3,0.001000
99000,0.000765,1.000000,0.000889,1.000000,584.9,0.001000
99100,0.000938,1.000000,0.001335,1.000000,585.5,0.001000
99200,0.001034,1.000000,0.001209,1.000000,586.1,0.001000
99300,0.000629,1.000000,0.000732,1.000000,586.7,0.001000
99400,0.000966,1.000000,0.001513,1.000000,587.3,0.001000
99500,0.000976,1.000000,0.001127,1.000000,587.9,0.001000
99600,0.000920,1.000000,0.001015,1.000000,588.5,0.001000
99700,0.000604,1.000000,0.000776,1.000000,589.1,0.001000
99800,0.000824,1.000000,0.000965,1.000000,589.7,0.001000
99900,0.026262,0.998299,0.036434,0.997450,590.3,0.001000
100000,0.000818,1.000000,0.001039,1.000000,590.9,0.001000
100100,0.000911,1.000000,0.001079,1.000000,591.5,0.001000
100200,0.001147,1.000000,0.001509,1.000000,592.1,0.001000
100300,0.001014,1.000000,0.001165,1.000000,592.6,0.001000
100400,0.000612,1.000000,0.000686,1.000000,593.2,0.001000
100500,0.000665,1.000000,0.000910,1.000000,593.8,0.001000
100600,0.001023,1.000000,0.001204,1.000000,594.4,0.001000
100700,0.041863,0.995748,0.050814,0.993411,595.0,0.001000
100800,0.000741,1.000000,0.000865,1.000000,595.6,0.001000
100900,0.000845,1.000000,0.000966,1.000000,596.2,0.001000
101000,0.012265,0.999787,0.015874,0.999575,596.8,0.001000
101100,0.000741,1.000000,0.000869,1.000000,597.4,0.001000
101200,0.000822,1.000000,0.000914,1.000000,598.0,0.001000
101300,0.001167,1.000000,0.002000,0.999787,598.6,0.001000
101400,0.000836,1.000000,0.000946,1.000000,599.2,0.001000
101500,0.000513,1.000000,0.000572,1.000000,599.8,0.001000
101600,0.000639,1.000000,0.000930,1.000000,600.4,0.001000
101700,0.001013,1.000000,0.001178,1.000000,600.9,0.001000
101800,0.036818,0.998724,0.040021,0.998937,601.5,0.001000
101900,0.000703,1.000000,0.000868,1.000000,602.1,0.001000
102000,0.000890,1.000000,0.001029,1.000000,602.7,0.001000
102100,0.009715,0.999787,0.013572,0.999575,603.3,0.001000
102200,0.000838,1.000000,0.001003,1.000000,603.9,0.001000
102300,0.000730,1.000000,0.000834,1.000000,604.5,0.001000
102400,0.001272,1.000000,0.001814,1.000000,605.0,0.001000
102500,0.000855,1.000000,0.000956,1.000000,605.6,0.001000
102600,0.000551,1.000000,0.000614,1.000000,606.2,0.001000
102700,0.001206,1.000000,0.001604,1.000000,606.9,0.001000
102800,0.000932,1.000000,0.001045,1.000000,607.5,0.001000
102900,0.000644,1.000000,0.000728,1.000000,608.1,0.001000
103000,0.000656,1.000000,0.000932,1.000000,608.7,0.001000
103100,0.001015,1.000000,0.001155,1.000000,609.3,0.001000
103200,0.000636,1.000000,0.000745,1.000000,609.9,0.001000
103300,0.000654,1.000000,0.001001,1.000000,610.5,0.001000
103400,0.000969,1.000000,0.001122,1.000000,611.1,0.001000
103500,0.031804,0.998512,0.041443,0.996174,611.7,0.001000
103600,0.000729,1.000000,0.000869,1.000000,612.3,0.001000
103700,0.000754,1.000000,0.000859,1.000000,612.9,0.001000
103800,0.003573,1.000000,0.005322,0.999787,613.5,0.001000
103900,0.000881,1.000000,0.001032,1.000000,614.0,0.001000
104000,0.000682,1.000000,0.000800,1.000000,614.6,0.001000
104100,0.001550,1.000000,0.002264,1.000000,615.2,0.001000
104200,0.000852,1.000000,0.001004,1.000000,615.8,0.001000
104300,0.000561,1.000000,0.000635,1.000000,616.4,0.001000
104400,0.000588,1.000000,0.000742,1.000000,617.0,0.001000
104500,0.000930,1.000000,0.001059,1.000000,617.6,0.001000
104600,0.000507,1.000000,0.000564,1.000000,618.1,0.001000
104700,0.000600,1.000000,0.000784,1.000000,618.7,0.001000
104800,0.000981,1.000000,0.001122,1.000000,619.3,0.001000
104900,0.000555,1.000000,0.000614,1.000000,619.9,0.001000
105000,0.000643,1.000000,0.000869,1.000000,620.4,0.001000
105100,0.000940,1.000000,0.001074,1.000000,620.9,0.001000
105200,0.054905,0.995111,0.059448,0.994261,621.5,0.001000
105300,0.000654,1.000000,0.000798,1.000000,622.1,0.001000
105400,0.000818,1.000000,0.000951,1.000000,622.7,0.001000
105500,0.058263,0.995111,0.069500,0.992136,623.3,0.001000
105600,0.000623,1.000000,0.000740,1.000000,623.9,0.001000
105700,0.000785,1.000000,0.000896,1.000000,624.5,0.001000
105800,0.009771,0.999575,0.012176,0.999575,625.1,0.001000
105900,0.000769,1.000000,0.000887,1.000000,625.6,0.001000
106000,0.000787,1.000000,0.000882,1.000000,626.2,0.001000
106100,0.004171,1.000000,0.006013,0.999787,626.7,0.001000
106200,0.000876,1.000000,0.001010,1.000000,627.4,0.001000
106300,0.000702,1.000000,0.000781,1.000000,628.0,0.001000
106400,0.001144,1.000000,0.001450,1.000000,628.6,0.001000
106500,0.000958,1.000000,0.001099,1.000000,629.2,0.001000
106600,0.000611,1.000000,0.000681,1.000000,629.8,0.001000
106700,0.000573,1.000000,0.000775,1.000000,630.3,0.001000
106800,0.000913,1.000000,0.001056,1.000000,631.0,0.001000
106900,0.000557,1.000000,0.000636,1.000000,631.5,0.001000
107000,0.000593,1.000000,0.000713,1.000000,632.1,0.001000
107100,0.000802,1.000000,0.000921,1.000000,632.6,0.001000
107200,0.010727,0.999787,0.012875,0.999362,633.3,0.001000
107300,0.000772,1.000000,0.000900,1.000000,634.0,0.001000
107400,0.000708,1.000000,0.000808,1.000000,634.6,0.001000
107500,0.004747,1.000000,0.007135,0.999787,635.2,0.001000
107600,0.000900,1.000000,0.001070,1.000000,635.8,0.001000
107700,0.000747,1.000000,0.000871,1.000000,636.3,0.001000
107800,0.001021,1.000000,0.001565,0.999787,636.9,0.001000
107900,0.000999,1.000000,0.001150,1.000000,637.5,0.001000
108000,0.000620,1.000000,0.000717,1.000000,638.1,0.001000
108100,0.000690,1.000000,0.001109,1.000000,638.7,0.001000
108200,0.000996,1.000000,0.001204,1.000000,639.3,0.001000
108300,0.000592,1.000000,0.000664,1.000000,640.0,0.001000
108400,0.000586,1.000000,0.000748,1.000000,640.5,0.001000
108500,0.000838,1.000000,0.000972,1.000000,641.1,0.001000
108600,0.000432,1.000000,0.000476,1.000000,641.7,0.001000
108700,0.000520,1.000000,0.000680,1.000000,642.4,0.001000
108800,0.000883,1.000000,0.001004,1.000000,643.0,0.001000
108900,0.000542,1.000000,0.000621,1.000000,643.5,0.001000
109000,0.000854,1.000000,0.001129,1.000000,644.1,0.001000
109100,0.000878,1.000000,0.001003,1.000000,644.8,0.001000
109200,0.000775,1.000000,0.000851,1.000000,645.3,0.001000
109300,0.000649,1.000000,0.000796,1.000000,645.9,0.001000
109400,0.000790,1.000000,0.000896,1.000000,646.5,0.001000
109500,0.027212,0.998724,0.033759,0.996812,647.1,0.001000
109600,0.000684,1.000000,0.000929,1.000000,647.7,0.001000
109700,0.000941,1.000000,0.001067,1.000000,648.4,0.001000
109800,0.006475,1.000000,0.007817,1.000000,649.0,0.001000
109900,0.000850,1.000000,0.001002,1.000000,649.6,0.001000
110000,0.000674,1.000000,0.000785,1.000000,650.2,0.001000
110100,0.001198,1.000000,0.001760,0.999787,650.9,0.001000
110200,0.000882,1.000000,0.001032,1.000000,651.5,0.001000
110300,0.000589,1.000000,0.000679,1.000000,652.1,0.001000
110400,0.000689,1.000000,0.001059,1.000000,652.7,0.001000
110500,0.000936,1.000000,0.001132,1.000000,653.3,0.001000
110600,0.000558,1.000000,0.000628,1.000000,653.9,0.001000
110700,0.000630,1.000000,0.000859,1.000000,654.5,0.001000
110800,0.001005,1.000000,0.001164,1.000000,655.0,0.001000
110900,0.000560,1.000000,0.000630,1.000000,655.6,0.001000
111000,0.000610,1.000000,0.000889,1.000000,656.3,0.001000
111100,0.000903,1.000000,0.001054,1.000000,656.9,0.001000
111200,0.068185,0.992772,0.087113,0.988523,657.5,0.001000
111300,0.000660,1.000000,0.000808,1.000000,658.1,0.001000
111400,0.000897,1.000000,0.001036,1.000000,658.7,0.001000
111500,0.007085,1.000000,0.010152,0.999575,659.2,0.001000
111600,0.000871,1.000000,0.001121,1.000000,659.8,0.001000
111700,0.000757,1.000000,0.000865,1.000000,660.5,0.001000
111800,0.001000,1.000000,0.001610,1.000000,661.1,0.001000
111900,0.001036,1.000000,0.001208,1.000000,661.6,0.001000
112000,0.000624,1.000000,0.000703,1.000000,662.2,0.001000
112100,0.000640,1.000000,0.000859,1.000000,662.8,0.001000
112200,0.000925,1.000000,0.001075,1.000000,663.4,0.001000
112300,0.000491,1.000000,0.000563,1.000000,664.0,0.001000
112400,0.000655,1.000000,0.000942,1.000000,664.6,0.001000
112500,0.000986,1.000000,0.001188,1.000000,665.2,0.001000
112600,0.140158,0.977466,0.160485,0.971945,665.8,0.001000
112700,0.000642,1.000000,0.000997,1.000000,666.3,0.001000
112800,0.000939,1.000000,0.001113,1.000000,666.9,0.001000
112900,0.716303,0.796344,0.725201,0.794049,667.5,0.001000
113000,0.000701,1.000000,0.000905,1.000000,668.1,0.001000
113100,0.000879,1.000000,0.001008,1.000000,668.7,0.001000
113200,0.008136,0.999787,0.011127,0.998725,669.3,0.001000
113300,0.000957,1.000000,0.001160,1.000000,669.9,0.001000
113400,0.000834,1.000000,0.000951,1.000000,670.5,0.001000
113500,0.000885,1.000000,0.001219,1.000000,671.1,0.001000
113600,0.000961,1.000000,0.001095,1.000000,671.7,0.001000
113700,0.000650,1.000000,0.000807,1.000000,672.3,0.001000
113800,0.000610,1.000000,0.000806,1.000000,672.9,0.001000
113900,0.000856,1.000000,0.001004,1.000000,673.5,0.001000
114000,0.002454,1.000000,0.003330,1.000000,674.1,0.001000
114100,0.000879,1.000000,0.000998,1.000000,674.7,0.001000
114200,0.000609,1.000000,0.000682,1.000000,675.3,0.001000
114300,0.000558,1.000000,0.000787,1.000000,675.9,0.001000
114400,0.000850,1.000000,0.001013,1.000000,676.5,0.001000
114500,0.031690,0.999787,0.037616,0.998300,677.1,0.001000
114600,0.000665,1.000000,0.000837,1.000000,677.7,0.001000
114700,0.000981,1.000000,0.001129,1.000000,678.3,0.001000
114800,0.036834,0.998299,0.045105,0.997875,678.9,0.001000
114900,0.000852,1.000000,0.001153,1.000000,679.5,0.001000
115000,0.000940,1.000000,0.001075,1.000000,680.0,0.001000
115100,0.025439,0.999362,0.034194,0.997237,680.6,0.001000
115200,0.000726,1.000000,0.000979,1.000000,681.1,0.001000
115300,0.000887,1.000000,0.001067,1.000000,681.7,0.001000
115400,0.005901,1.000000,0.007838,0.999787,682.3,0.001000
115500,0.000863,1.000000,0.001016,1.000000,682.9,0.001000
115600,0.000734,1.000000,0.000849,1.000000,683.6,0.001000
115700,0.000907,1.000000,0.001531,1.000000,684.1,0.001000
115800,0.000962,1.000000,0.001142,1.000000,684.7,0.001000
115900,0.000587,1.000000,0.000660,1.000000,685.3,0.001000
116000,0.000602,1.000000,0.000728,1.000000,685.9,0.001000
116100,0.000895,1.000000,0.001018,1.000000,686.5,0.001000
116200,0.008823,1.000000,0.012163,0.999362,687.1,0.001000
116300,0.000866,1.000000,0.001030,1.000000,687.7,0.001000
116400,0.000755,1.000000,0.000881,1.000000,688.3,0.001000
116500,0.004481,1.000000,0.007961,0.998937,688.9,0.001000
116600,0.000921,1.000000,0.001132,1.000000,689.5,0.001000
116700,0.000673,1.000000,0.000794,1.000000,690.0,0.001000
116800,0.001073,1.000000,0.001442,1.000000,690.6,0.001000
116900,0.000984,1.000000,0.001107,1.000000,691.2,0.001000
117000,0.000613,1.000000,0.000692,1.000000,691.8,0.001000
117100,0.000621,1.000000,0.000798,1.000000,692.3,0.001000
117200,0.000981,1.000000,0.001113,1.000000,692.9,0.001000
117300,0.047049,0.998512,0.056249,0.997024,693.5,0.001000
117400,0.000765,1.000000,0.000923,1.000000,694.1,0.001000
117500,0.000797,1.000000,0.000913,1.000000,694.7,0.001000
117600,0.006864,0.999787,0.008892,0.999362,695.2,0.001000
117700,0.000803,1.000000,0.000981,1.000000,695.8,0.001000
117800,0.000723,1.000000,0.000836,1.000000,696.3,0.001000
117900,0.001287,1.000000,0.003018,0.999362,697.0,0.001000
118000,0.000907,1.000000,0.001096,1.000000,697.6,0.001000
118100,0.000586,1.000000,0.000681,1.000000,698.1,0.001000
118200,0.000617,1.000000,0.000863,1.000000,698.7,0.001000
118300,0.000902,1.000000,0.001068,1.000000,699.3,0.001000
118400,0.004166,1.000000,0.006158,1.000000,699.9,0.001000
118500,0.000938,1.000000,0.001109,1.000000,700.5,0.001000
118600,0.000696,1.000000,0.000812,1.000000,701.1,0.001000
118700,0.003644,1.000000,0.004789,1.000000,701.7,0.001000
118800,0.000821,1.000000,0.000999,1.000000,702.2,0.001000
118900,0.000673,1.000000,0.000775,1.000000,702.8,0.001000
119000,0.000696,1.000000,0.001153,0.999787,703.4,0.001000
119100,0.000977,1.000000,0.001130,1.000000,704.0,0.001000
119200,0.000734,1.000000,0.000856,1.000000,704.6,0.001000
119300,0.000522,1.000000,0.000634,1.000000,705.1,0.001000
119400,0.000705,1.000000,0.000825,1.000000,705.7,0.001000
119500,0.017199,0.998512,0.023705,0.998087,706.2,0.001000
119600,0.000762,1.000000,0.000920,1.000000,706.8,0.001000
119700,0.000787,1.000000,0.000945,1.000000,707.4,0.001000
119800,0.005229,1.000000,0.006294,1.000000,708.0,0.001000
119900,0.000773,1.000000,0.000895,1.000000,708.6,0.001000
120000,0.000607,1.000000,0.000683,1.000000,709.2,0.001000
120100,0.006463,1.000000,0.007991,0.999787,709.8,0.001000
120200,0.000797,1.000000,0.000961,1.000000,710.3,0.001000
120300,0.000729,1.000000,0.000830,1.000000,710.9,0.001000
120400,0.000686,1.000000,0.000956,1.000000,711.6,0.001000
120500,0.000952,1.000000,0.001109,1.000000,712.2,0.001000
120600,0.000521,1.000000,0.000589,1.000000,712.8,0.001000
120700,0.000619,1.000000,0.000972,1.000000,713.4,0.001000
120800,0.000992,1.000000,0.001177,1.000000,714.0,0.001000
120900,0.000541,1.000000,0.000631,1.000000,714.6,0.001000
121000,0.001318,1.000000,0.001876,1.000000,715.2,0.001000
121100,0.000838,1.000000,0.001014,1.000000,715.8,0.001000
121200,0.000634,1.000000,0.000714,1.000000,716.4,0.001000
121300,0.000570,1.000000,0.000802,1.000000,716.9,0.001000
121400,0.000860,1.000000,0.000985,1.000000,717.6,0.001000
121500,0.000484,1.000000,0.000543,1.000000,718.1,0.001000
121600,0.000582,1.000000,0.000797,1.000000,718.7,0.001000
121700,0.000962,1.000000,0.001118,1.000000,719.3,0.001000
121800,0.001230,1.000000,0.001985,1.000000,719.9,0.001000
121900,0.000640,1.000000,0.000865,1.000000,720.5,0.001000
122000,0.000960,1.000000,0.001151,1.000000,721.0,0.001000
122100,0.003532,1.000000,0.004231,1.000000,721.6,0.001000
122200,0.000847,1.000000,0.000990,1.000000,722.2,0.001000
122300,0.000551,1.000000,0.000635,1.000000,722.7,0.001000
122400,0.000802,1.000000,0.001153,1.000000,723.3,0.001000
122500,0.000923,1.000000,0.001098,1.000000,724.0,0.001000
122600,0.000575,1.000000,0.000669,1.000000,724.5,0.001000
122700,0.001216,1.000000,0.001950,0.999787,725.1,0.001000
122800,0.000894,1.000000,0.001061,1.000000,725.7,0.001000
122900,0.000530,1.000000,0.000617,1.000000,726.3,0.001000
123000,0.000562,1.000000,0.000913,1.000000,726.9,0.001000
123100,0.000853,1.000000,0.001001,1.000000,727.4,0.001000
123200,0.064454,0.993622,0.078781,0.989798,728.0,0.001000
123300,0.000708,1.000000,0.000889,1.000000,728.6,0.001000
123400,0.000865,1.000000,0.001011,1.000000,729.1,0.001000
123500,0.012579,0.999787,0.016688,0.999362,729.7,0.001000
123600,0.000894,1.000000,0.001106,1.000000,730.3,0.001000
123700,0.000844,1.000000,0.000976,1.000000,730.9,0.001000
123800,0.003150,1.000000,0.004762,0.999787,731.5,0.001000
123900,0.000956,1.000000,0.001197,1.000000,732.1,0.001000
124000,0.000713,1.000000,0.000822,1.000000,732.7,0.001000
124100,0.000798,1.000000,0.001422,0.999787,733.3,0.001000
124200,0.001039,1.000000,0.001225,1.000000,733.9,0.001000
124300,0.000637,1.000000,0.000747,1.000000,734.5,0.001000
124400,0.000603,1.000000,0.000783,1.000000,735.1,0.001000
124500,0.000926,1.000000,0.001040,1.000000,735.6,0.001000
124600,0.000490,1.000000,0.000558,1.000000,736.2,0.001000
124700,0.000634,1.000000,0.000815,1.000000,736.8,0.001000
124800,0.000869,1.000000,0.001012,1.000000,737.4,0.001000
124900,0.009746,0.999787,0.012027,0.999787,737.9,0.001000
125000,0.000885,1.000000,0.001086,1.000000,738.5,0.001000
125100,0.000771,1.000000,0.000908,1.000000,739.1,0.001000
125200,0.001279,1.000000,0.001791,1.000000,739.7,0.001000
125300,0.001008,1.000000,0.001200,1.000000,740.3,0.001000
125400,0.000640,1.000000,0.000723,1.000000,740.9,0.001000
125500,0.000631,1.000000,0.000903,1.000000,741.5,0.001000
125600,0.000929,1.000000,0.001092,1.000000,742.0,0.001000
125700,0.000501,1.000000,0.000578,1.000000,742.6,0.001000
125800,0.000577,1.000000,0.000743,1.000000,743.3,0.001000
125900,0.000843,1.000000,0.000988,1.000000,743.8,0.001000
126000,0.126327,0.975765,0.128167,0.978321,744.5,0.001000
126100,0.000731,1.000000,0.001004,1.000000,745.1,0.001000
126200,0.000894,1.000000,0.001083,1.000000,745.7,0.001000
126300,0.009574,1.000000,0.012737,0.999362,746.2,0.001000
126400,0.000889,1.000000,0.001061,1.000000,746.8,0.001000
126500,0.000768,1.000000,0.000885,1.000000,747.3,0.001000
126600,0.001082,1.000000,0.001342,1.000000,748.0,0.001000
126700,0.001005,1.000000,0.001146,1.000000,748.6,0.001000
126800,0.000665,1.000000,0.000743,1.000000,749.1,0.001000
126900,0.000684,1.000000,0.000829,1.000000,749.7,0.001000
127000,0.000924,1.000000,0.001052,1.000000,750.3,0.001000
127100,0.019347,0.999787,0.024119,0.998937,750.9,0.001000
127200,0.000727,1.000000,0.000893,1.000000,751.5,0.001000
127300,0.000778,1.000000,0.000896,1.000000,752.2,0.001000
127400,0.005527,1.000000,0.008122,0.999362,752.9,0.001000
127500,0.000838,1.000000,0.000994,1.000000,753.5,0.001000
127600,0.000698,1.000000,0.000816,1.000000,754.1,0.001000
127700,0.003489,1.000000,0.005010,0.999575,754.7,0.001000
127800,0.000870,1.000000,0.001078,1.000000,755.4,0.001000
127900,0.000681,1.000000,0.000775,1.000000,756.0,0.001000
128000,0.001996,1.000000,0.002671,1.000000,756.5,0.001000
128100,0.000899,1.000000,0.001044,1.000000,757.1,0.001000
128200,0.000643,1.000000,0.000734,1.000000,757.7,0.001000
128300,0.000717,1.000000,0.000932,1.000000,758.3,0.001000
128400,0.000924,1.000000,0.001067,1.000000,759.0,0.001000
128500,0.000525,1.000000,0.000602,1.000000,759.6,0.001000
128600,0.000560,1.000000,0.000688,1.000000,760.1,0.001000
128700,0.000799,1.000000,0.000921,1.000000,760.7,0.001000
128800,0.090791,0.987457,0.108919,0.981934,761.3,0.001000
128900,0.000659,1.000000,0.000791,1.000000,761.9,0.001000
129000,0.000898,1.000000,0.001041,1.000000,762.5,0.001000
129100,0.009670,1.000000,0.012959,0.999787,763.0,0.001000
129200,0.000835,1.000000,0.001000,1.000000,763.6,0.001000
129300,0.000774,1.000000,0.000899,1.000000,764.1,0.001000
129400,0.004329,1.000000,0.006592,0.999575,764.8,0.001000
129500,0.000852,1.000000,0.001009,1.000000,765.4,0.001000
129600,0.000652,1.000000,0.000760,1.000000,766.0,0.001000
129700,0.003921,0.999787,0.005297,0.999575,766.6,0.001000
129800,0.000746,1.000000,0.000893,1.000000,767.2,0.001000
129900,0.000561,1.000000,0.000655,1.000000,767.8,0.001000
130000,0.001320,1.000000,0.001949,0.999787,768.4,0.001000
130100,0.000908,1.000000,0.001081,1.000000,769.0,0.001000
130200,0.000627,1.000000,0.000721,1.000000,769.5,0.001000
130300,0.001445,1.000000,0.002614,0.999787,770.1,0.001000
130400,0.000903,1.000000,0.001053,1.000000,770.7,0.001000
130500,0.000660,1.000000,0.000757,1.000000,771.3,0.001000
130600,0.001171,1.000000,0.001845,0.999787,772.0,0.001000
130700,0.001062,1.000000,0.001247,1.000000,772.5,0.001000
130800,0.000710,1.000000,0.000814,1.000000,773.1,0.001000
130900,0.000652,1.000000,0.000866,1.000000,773.8,0.001000
131000,0.000975,1.000000,0.001140,1.000000,774.3,0.001000
131100,0.073756,0.993410,0.084479,0.991711,774.9,0.001000
131200,0.000678,1.000000,0.000810,1.000000,775.5,0.001000
131300,0.000666,1.000000,0.000768,1.000000,776.1,0.001000
131400,0.004082,1.000000,0.005759,0.999787,776.7,0.001000
131500,0.000735,1.000000,0.000880,1.000000,777.3,0.001000
131600,0.000648,1.000000,0.000761,1.000000,777.9,0.001000
131700,0.003648,1.000000,0.005314,0.999787,778.5,0.001000
131800,0.000963,1.000000,0.001137,1.000000,779.1,0.001000
131900,0.000739,1.000000,0.000866,1.000000,779.7,0.001000
132000,0.003147,1.000000,0.004046,1.000000,780.2,0.001000
132100,0.000874,1.000000,0.001031,1.000000,780.8,0.001000
132200,0.000673,1.000000,0.000762,1.000000,781.4,0.001000
132300,0.002653,1.000000,0.004007,1.000000,782.0,0.001000
132400,0.000922,1.000000,0.001059,1.000000,782.6,0.001000
132500,0.000689,1.000000,0.000764,1.000000,783.2,0.001000
132600,0.000745,1.000000,0.000993,1.000000,783.8,0.001000
132700,0.000931,1.000000,0.001051,1.000000,784.3,0.001000
132800,0.000650,1.000000,0.000700,1.000000,785.0,0.001000
132900,0.000753,1.000000,0.001006,1.000000,785.6,0.001000
133000,0.000932,1.000000,0.001072,1.000000,786.2,0.001000
133100,0.000581,1.000000,0.000650,1.000000,786.8,0.001000
133200,0.000602,1.000000,0.000752,1.000000,787.4,0.001000
133300,0.000967,1.000000,0.001111,1.000000,787.9,0.001000
133400,0.013259,1.000000,0.017434,0.998725,788.6,0.001000
133500,0.000811,1.000000,0.000961,1.000000,789.2,0.001000
133600,0.000764,1.000000,0.000877,1.000000,789.8,0.001000
133700,0.028488,0.998512,0.036488,0.997237,790.4,0.001000
133800,0.000697,1.000000,0.000970,1.000000,791.0,0.001000
133900,0.000830,1.000000,0.000975,1.000000,791.5,0.001000
134000,0.005314,0.999787,0.009063,0.998725,792.1,0.001000
134100,0.000906,1.000000,0.001083,1.000000,792.7,0.001000
134200,0.000733,1.000000,0.000855,1.000000,793.3,0.001000
134300,0.000690,1.000000,0.000947,1.000000,793.8,0.001000
134400,0.000980,1.000000,0.001130,1.000000,794.4,0.001000
134500,2.285734,0.386692,2.288394,0.381084,795.0,0.001000
134600,0.000613,1.000000,0.000731,1.000000,795.6,0.001000
134700,0.000800,1.000000,0.000917,1.000000,796.2,0.001000
134800,0.005988,1.000000,0.009601,0.998937,796.8,0.001000
134900,0.000885,1.000000,0.001022,1.000000,797.4,0.001000
135000,0.000741,1.000000,0.000855,1.000000,797.9,0.001000
135100,0.001952,1.000000,0.003228,0.999575,798.5,0.001000
135200,0.001020,1.000000,0.001154,1.000000,799.1,0.001000
135300,0.000716,1.000000,0.000800,1.000000,799.6,0.001000
135400,0.000747,1.000000,0.001176,1.000000,800.2,0.001000
135500,0.001001,1.000000,0.001163,1.000000,800.8,0.001000
135600,0.012197,1.000000,0.016337,0.999362,801.4,0.001000
135700,0.000879,1.000000,0.001035,1.000000,802.0,0.001000
135800,0.000721,1.000000,0.000815,1.000000,802.6,0.001000
135900,0.001141,1.000000,0.001625,1.000000,803.1,0.001000
136000,0.000934,1.000000,0.001099,1.000000,803.7,0.001000
136100,0.000617,1.000000,0.000703,1.000000,804.2,0.001000
136200,0.000680,1.000000,0.001067,1.000000,804.8,0.001000
136300,0.001013,1.000000,0.001237,1.000000,805.4,0.001000
136400,0.012003,1.000000,0.015917,0.999362,805.9,0.001000
136500,0.000823,1.000000,0.000951,1.000000,806.5,0.001000
136600,0.000736,1.000000,0.000832,1.000000,807.1,0.001000
136700,0.000932,1.000000,0.001469,1.000000,807.7,0.001000
136800,0.001019,1.000000,0.001181,1.000000,808.3,0.001000
136900,0.436849,0.897321,0.464383,0.889904,808.9,0.001000
137000,0.000755,1.000000,0.000949,1.000000,809.5,0.001000
137100,0.000895,1.000000,0.001045,1.000000,810.1,0.001000
137200,0.002832,1.000000,0.003902,1.000000,810.6,0.001000
137300,0.000896,1.000000,0.001019,1.000000,811.3,0.001000
137400,0.000615,1.000000,0.000698,1.000000,811.8,0.001000
137500,0.000940,1.000000,0.001251,1.000000,812.4,0.001000
137600,0.000993,1.000000,0.001163,1.000000,813.0,0.001000
137700,0.000637,1.000000,0.000729,1.000000,813.5,0.001000
137800,0.000621,1.000000,0.000855,1.000000,814.0,0.001000
137900,0.000935,1.000000,0.001100,1.000000,814.6,0.001000
138000,0.000981,1.000000,0.001086,1.000000,815.2,0.001000
138100,0.000607,1.000000,0.000787,1.000000,815.8,0.001000
138200,0.000907,1.000000,0.001030,1.000000,816.4,0.001000
138300,0.028658,0.998512,0.033115,0.997662,817.0,0.001000
138400,0.000736,1.000000,0.000902,1.000000,817.6,0.001000
138500,0.000774,1.000000,0.000886,1.000000,818.2,0.001000
138600,0.005199,1.000000,0.007866,0.999575,818.8,0.001000
138700,0.000817,1.000000,0.000991,1.000000,819.3,0.001000
138800,0.000613,1.000000,0.000711,1.000000,819.9,0.001000
138900,0.001187,1.000000,0.001674,1.000000,820.5,0.001000
139000,0.000941,1.000000,0.001100,1.000000,821.1,0.001000
139100,0.000676,1.000000,0.000759,1.000000,821.7,0.001000
139200,0.000550,1.000000,0.000654,1.000000,822.3,0.001000
139300,0.000822,1.000000,0.000933,1.000000,822.9,0.001000
139400,0.006585,1.000000,0.006989,1.000000,823.5,0.001000
139500,0.000639,1.000000,0.000908,1.000000,824.1,0.001000
139600,0.000993,1.000000,0.001155,1.000000,824.7,0.001000
139700,0.001227,1.000000,0.001890,0.999787,825.3,0.001000
139800,0.000624,1.000000,0.000893,1.000000,825.9,0.001000
139900,0.000996,1.000000,0.001166,1.000000,826.5,0.001000
140000,0.000576,1.000000,0.000637,1.000000,827.1,0.001000
140100,0.000613,1.000000,0.000758,1.000000,827.7,0.001000
140200,0.000905,1.000000,0.001035,1.000000,828.3,0.001000
140300,0.047336,0.996173,0.050491,0.995749,828.8,0.001000
140400,0.000692,1.000000,0.000923,1.000000,829.4,0.001000
140500,0.000776,1.000000,0.000884,1.000000,830.0,0.001000
140600,0.020160,0.998724,0.025817,0.998300,830.6,0.001000
140700,0.000675,1.000000,0.000821,1.000000,831.2,0.001000
140800,0.000736,1.000000,0.000853,1.000000,831.8,0.001000
140900,0.002621,1.000000,0.004985,0.999575,832.4,0.001000
141000,0.000980,1.000000,0.001195,1.000000,833.0,0.001000
141100,0.000717,1.000000,0.000825,1.000000,833.6,0.001000
141200,0.000705,1.000000,0.000943,1.000000,834.3,0.001000
141300,0.001022,1.000000,0.001163,1.000000,834.9,0.001000
141400,0.000584,1.000000,0.000647,1.000000,835.5,0.001000
141500,0.000536,1.000000,0.000820,1.000000,836.2,0.001000
141600,0.000763,1.000000,0.000898,1.000000,836.8,0.001000
141700,0.185893,0.961097,0.212123,0.952604,837.4,0.001000
141800,0.000574,1.000000,0.000722,1.000000,838.0,0.001000
141900,0.000891,1.000000,0.001026,1.000000,838.6,0.001000
142000,0.009704,0.999787,0.011677,0.999787,839.2,0.001000
142100,0.000868,1.000000,0.001018,1.000000,839.8,0.001000
142200,0.000771,1.000000,0.000871,1.000000,840.4,0.001000
142300,0.001958,1.000000,0.002604,0.999787,841.0,0.001000
142400,0.000933,1.000000,0.001086,1.000000,841.6,0.001000
142500,0.000634,1.000000,0.000739,1.000000,842.2,0.001000
142600,0.000550,1.000000,0.000709,1.000000,842.7,0.001000
142700,0.000861,1.000000,0.000993,1.000000,843.3,0.001000
142800,0.046539,0.997236,0.054206,0.996599,843.9,0.001000
142900,0.000650,1.000000,0.000816,1.000000,844.5,0.001000
143000,0.000812,1.000000,0.000976,1.000000,845.0,0.001000
143100,0.014675,0.999575,0.019925,0.999362,845.6,0.001000
143200,0.000735,1.000000,0.000878,1.000000,846.3,0.001000
143300,0.000756,1.000000,0.000854,1.000000,846.9,0.001000
143400,0.003352,1.000000,0.004382,1.000000,847.5,0.001000
143500,0.000961,1.000000,0.001142,1.000000,848.1,0.001000
143600,0.000724,1.000000,0.000825,1.000000,848.7,0.001000
143700,0.000934,1.000000,0.001452,1.000000,849.3,0.001000
143800,0.000990,1.000000,0.001170,1.000000,849.9,0.001000
143900,0.000623,1.000000,0.000688,1.000000,850.6,0.001000
144000,0.000653,1.000000,0.000886,1.000000,851.2,0.001000
144100,0.000918,1.000000,0.001066,1.000000,851.7,0.001000
144200,3.289231,0.272321,3.337075,0.262912,852.3,0.001000
144300,0.000621,1.000000,0.000950,1.000000,852.9,0.001000
144400,0.000909,1.000000,0.001119,1.000000,853.6,0.001000
144500,0.052611,0.995111,0.062690,0.993836,854.1,0.001000
144600,0.000694,1.000000,0.000832,1.000000,854.7,0.001000
144700,0.000875,1.000000,0.000994,1.000000,855.4,0.001000
144800,0.017559,0.998937,0.021624,0.998725,855.9,0.001000
144900,0.000733,1.000000,0.001000,1.000000,856.5,0.001000
145000,0.000727,1.000000,0.000866,1.000000,857.1,0.001000
145100,0.000903,1.000000,0.001417,1.000000,857.7,0.001000
145200,0.000961,1.000000,0.001129,1.000000,858.3,0.001000
145300,0.000591,1.000000,0.000674,1.000000,858.9,0.001000
145400,0.000866,1.000000,0.001282,1.000000,859.5,0.001000
145500,0.001012,1.000000,0.001191,1.000000,860.0,0.001000
145600,0.000640,1.000000,0.000715,1.000000,860.6,0.001000
145700,0.000792,1.000000,0.001395,1.000000,861.2,0.001000
145800,0.000992,1.000000,0.001200,1.000000,861.8,0.001000
145900,0.000582,1.000000,0.000696,1.000000,862.4,0.001000
146000,0.000580,1.000000,0.000786,1.000000,863.0,0.001000
146100,0.000878,1.000000,0.001018,1.000000,863.6,0.001000
146200,0.000514,1.000000,0.000556,1.000000,864.2,0.001000
146300,0.000636,1.000000,0.000819,1.000000,864.7,0.001000
146400,0.000968,1.000000,0.001133,1.000000,865.3,0.001000
146500,0.027418,0.999150,0.034771,0.997875,865.9,0.001000
146600,0.000794,1.000000,0.001051,1.000000,866.4,0.001000
146700,0.000813,1.000000,0.000960,1.000000,867.0,0.001000
146800,0.004692,1.000000,0.006860,0.999575,867.6,0.001000
146900,0.000840,1.000000,0.001005,1.000000,868.3,0.001000
147000,0.000708,1.000000,0.000812,1.000000,868.8,0.001000
147100,0.000857,1.000000,0.001201,1.000000,869.4,0.001000
147200,0.001021,1.000000,0.001192,1.000000,870.1,0.001000
147300,0.000597,1.000000,0.000672,1.000000,870.7,0.001000
147400,0.000869,1.000000,0.001255,1.000000,871.3,0.001000
147500,0.000960,1.000000,0.001140,1.000000,871.9,0.001000
147600,3.786859,0.234481,3.821065,0.238895,872.5,0.001000
147700,0.000725,1.000000,0.000961,1.000000,873.1,0.001000
147800,0.001003,1.000000,0.001178,1.000000,873.7,0.001000
147900,0.008524,1.000000,0.012760,0.998937,874.3,0.001000
148000,0.000748,1.000000,0.000959,1.000000,874.8,0.001000
148100,0.000810,1.000000,0.000958,1.000000,875.4,0.001000
148200,0.012323,0.999575,0.016496,0.999150,876.0,0.001000
148300,0.000794,1.000000,0.001003,1.000000,876.6,0.001000
148400,0.000760,1.000000,0.000885,1.000000,877.2,0.001000
148500,0.002710,1.000000,0.004219,0.999575,877.8,0.001000
148600,0.001047,1.000000,0.001203,1.000000,878.4,0.001000
148700,0.000775,1.000000,0.000887,1.000000,878.9,0.001000
148800,0.000649,1.000000,0.001011,1.000000,879.5,0.001000
148900,0.000935,1.000000,0.001141,1.000000,880.1,0.001000
149000,0.067321,0.994260,0.076913,0.993199,880.7,0.001000
149100,0.000670,1.000000,0.000858,1.000000,881.3,0.001000
149200,0.000913,1.000000,0.001053,1.000000,881.9,0.001000
149300,0.025756,0.998724,0.035507,0.996174,882.5,0.001000
149400,0.000816,1.000000,0.001042,1.000000,883.0,0.001000
149500,0.000918,1.000000,0.001067,1.000000,883.6,0.001000
149600,0.030785,0.999362,0.037775,0.997237,884.2,0.001000
149700,0.000751,1.000000,0.000990,1.000000,884.8,0.001000
149800,0.000776,1.000000,0.000902,1.000000,885.4,0.001000
149900,0.005624,1.000000,0.008037,0.999575,886.0,0.001000
150000,0.000908,1.000000,0.001183,1.000000,886.6,0.001000
150100,0.000762,1.000000,0.000919,1.000000,887.2,0.001000
150200,0.003107,1.000000,0.005608,0.999362,887.8,0.001000
150300,0.000932,1.000000,0.001142,1.000000,888.4,0.001000
150400,0.000740,1.000000,0.000855,1.000000,889.0,0.001000
150500,0.003391,1.000000,0.004193,1.000000,889.6,0.001000
150600,0.000830,1.000000,0.000957,1.000000,890.2,0.001000
150700,0.000648,1.000000,0.000741,1.000000,890.7,0.001000
150800,0.000809,1.000000,0.001214,1.000000,891.3,0.001000
150900,0.000936,1.000000,0.001099,1.000000,891.9,0.001000
151000,0.000575,1.000000,0.000671,1.000000,892.4,0.001000
151100,0.000626,1.000000,0.001064,1.000000,893.0,0.001000
151200,0.000978,1.000000,0.001158,1.000000,893.7,0.001000
151300,0.040241,0.998512,0.047468,0.997662,894.2,0.001000
151400,0.000789,1.000000,0.001243,1.000000,894.8,0.001000
151500,0.001064,1.000000,0.001283,1.000000,895.3,0.001000
151600,0.035081,0.999150,0.043151,0.996812,895.9,0.001000
151700,0.000676,1.000000,0.000910,1.000000,896.5,0.001000
151800,0.000725,1.000000,0.000863,1.000000,897.1,0.001000
151900,0.003019,1.000000,0.003741,1.000000,897.7,0.001000
152000,0.000924,1.000000,0.001141,1.000000,898.3,0.001000
152100,0.000684,1.000000,0.000802,1.000000,898.9,0.001000
152200,0.000655,1.000000,0.000935,1.000000,899.5,0.001000
152300,0.000893,1.000000,0.001037,1.000000,900.1,0.001000
152400,0.000480,1.000000,0.000544,1.000000,900.7,0.001000
152500,0.000577,1.000000,0.000832,1.000000,901.3,0.001000
152600,0.000922,1.000000,0.001091,1.000000,901.8,0.001000
152700,0.195976,0.955570,0.214120,0.946652,902.5,0.001000
152800,0.000614,1.000000,0.000804,1.000000,903.1,0.001000
152900,0.000896,1.000000,0.001061,1.000000,903.8,0.001000
153000,0.015677,0.999787,0.022863,0.998512,904.4,0.001000
153100,0.000847,1.000000,0.001010,1.000000,905.0,0.001000
153200,0.000747,1.000000,0.000865,1.000000,905.6,0.001000
153300,0.002469,1.000000,0.004000,0.999787,906.2,0.001000
153400,0.000920,1.000000,0.001134,1.000000,906.8,0.001000
153500,0.000699,1.000000,0.000825,1.000000,907.4,0.001000
153600,0.001296,1.000000,0.002465,0.999787,908.0,0.001000
153700,0.000960,1.000000,0.001130,1.000000,908.6,0.001000
153800,0.000631,1.000000,0.000726,1.000000,909.1,0.001000
153900,0.000586,1.000000,0.000789,1.000000,909.7,0.001000
154000,0.000872,1.000000,0.001015,1.000000,910.3,0.001000
154100,0.039540,0.998087,0.049206,0.995537,910.8,0.001000
154200,0.000721,1.000000,0.000996,1.000000,911.4,0.001000
154300,0.000790,1.000000,0.000940,1.000000,912.1,0.001000
154400,0.002068,1.000000,0.003381,0.999787,912.7,0.001000
154500,0.000938,1.000000,0.001158,1.000000,913.3,0.001000
154600,0.000650,1.000000,0.000764,1.000000,913.9,0.001000
154700,0.000966,1.000000,0.001503,1.000000,914.5,0.001000
154800,0.000865,1.000000,0.001043,1.000000,915.1,0.001000
154900,0.000559,1.000000,0.000628,1.000000,915.7,0.001000
155000,0.000700,1.000000,0.001187,1.000000,916.3,0.001000
155100,0.000982,1.000000,0.001202,1.000000,916.8,0.001000
155200,0.152732,0.973214,0.169757,0.967694,917.4,0.001000
155300,0.000728,1.000000,0.000876,1.000000,918.0,0.001000
155400,0.000890,1.000000,0.001016,1.000000,918.6,0.001000
155500,0.011579,1.000000,0.016179,0.998725,919.2,0.001000
155600,0.000864,1.000000,0.001106,1.000000,919.8,0.001000
155700,0.000765,1.000000,0.000914,1.000000,920.3,0.001000
155800,0.002934,1.000000,0.003882,1.000000,920.9,0.001000
155900,0.000876,1.000000,0.001173,1.000000,921.6,0.001000
156000,0.000746,1.000000,0.000882,1.000000,922.2,0.001000
156100,0.001967,1.000000,0.002738,1.000000,922.8,0.001000
156200,0.000924,1.000000,0.001130,1.000000,923.4,0.001000
156300,0.000558,1.000000,0.000653,1.000000,924.0,0.001000
156400,0.000619,1.000000,0.000901,1.000000,924.6,0.001000
156500,0.000919,1.000000,0.001150,1.000000,925.2,0.001000
156600,0.000516,1.000000,0.000604,1.000000,925.8,0.001000
156700,0.000600,1.000000,0.000931,1.000000,926.4,0.001000
156800,0.000903,1.000000,0.001084,1.000000,927.0,0.001000
156900,0.014735,0.999787,0.021601,0.998937,927.6,0.001000
157000,0.000777,1.000000,0.000967,1.000000,928.2,0.001000
157100,0.000807,1.000000,0.000936,1.000000,928.8,0.001000
157200,0.001914,1.000000,0.003396,0.999787,929.5,0.001000
157300,0.000929,1.000000,0.001153,1.000000,930.1,0.001000
157400,0.000635,1.000000,0.000738,1.000000,930.7,0.001000
157500,0.000853,1.000000,0.001232,1.000000,931.3,0.001000
157600,0.000938,1.000000,0.001169,1.000000,931.9,0.001000
157700,0.000560,1.000000,0.000666,1.000000,932.5,0.001000
157800,0.000803,1.000000,0.001469,1.000000,933.2,0.001000
157900,0.000959,1.000000,0.001235,1.000000,933.8,0.001000
158000,0.000584,1.000000,0.000690,1.000000,934.4,0.001000
158100,0.000563,1.000000,0.000805,1.000000,935.0,0.001000
158200,0.000862,1.000000,0.001022,1.000000,935.6,0.001000
158300,0.080219,0.992772,0.092269,0.988735,936.2,0.001000
158400,0.000664,1.000000,0.001113,1.000000,936.8,0.001000
158500,0.000790,1.000000,0.000964,1.000000,937.4,0.001000
158600,0.006543,1.000000,0.010108,0.999150,938.0,0.001000
158700,0.000864,1.000000,0.001090,1.000000,938.6,0.001000
158800,0.000774,1.000000,0.000904,1.000000,939.2,0.001000
158900,0.000997,1.000000,0.001647,1.000000,939.8,0.001000
159000,0.000909,1.000000,0.001098,1.000000,940.3,0.001000
159100,0.000551,1.000000,0.000644,1.000000,940.9,0.001000
159200,0.000595,1.000000,0.000886,1.000000,941.6,0.001000
159300,0.000937,1.000000,0.001193,1.000000,942.2,0.001000
159400,0.000509,1.000000,0.000601,1.000000,942.7,0.001000
159500,0.000625,1.000000,0.000840,1.000000,943.3,0.001000
159600,0.000978,1.000000,0.001166,1.000000,943.9,0.001000
159700,0.093515,0.987670,0.099160,0.988948,944.6,0.001000
159800,0.000721,1.000000,0.000969,1.000000,945.2,0.001000
159900,0.000923,1.000000,0.001092,1.000000,945.8,0.001000
160000,0.003632,1.000000,0.005303,0.999575,946.4,0.001000
160100,0.000972,1.000000,0.001183,1.000000,947.0,0.001000
160200,0.000708,1.000000,0.000861,1.000000,947.6,0.001000
160300,0.000878,1.000000,0.001547,0.999787,948.2,0.001000
160400,0.001010,1.000000,0.001213,1.000000,948.8,0.001000
160500,0.000610,1.000000,0.000708,1.000000,949.5,0.001000
160600,0.000796,1.000000,0.001299,1.000000,950.0,0.001000
160700,0.001019,1.000000,0.001190,1.000000,950.7,0.001000
160800,0.000629,1.000000,0.000717,1.000000,951.3,0.001000
160900,0.000586,1.000000,0.000731,1.000000,951.8,0.001000
161000,0.000930,1.000000,0.001117,1.000000,952.4,0.001000
161100,0.000586,1.000000,0.000650,1.000000,953.1,0.001000
161200,0.000607,1.000000,0.000910,1.000000,953.7,0.001000
161300,0.000866,1.000000,0.001061,1.000000,954.3,0.001000
161400,0.065411,0.995111,0.075574,0.992986,954.9,0.001000
161500,0.000663,1.000000,0.000893,1.000000,955.5,0.001000
161600,0.000851,1.000000,0.001018,1.000000,956.1,0.001000
161700,0.009769,1.000000,0.014495,0.999150,956.7,0.001000
161800,0.000725,1.000000,0.001003,1.000000,957.3,0.001000
161900,0.000775,1.000000,0.000958,1.000000,957.9,0.001000
162000,0.001819,1.000000,0.002468,1.000000,958.5,0.001000
162100,0.000870,1.000000,0.001010,1.000000,959.1,0.001000
162200,0.000586,1.000000,0.000670,1.000000,959.7,0.001000
162300,0.002098,1.000000,0.003236,1.000000,960.3,0.001000
162400,0.000963,1.000000,0.001136,1.000000,961.0,0.001000
162500,0.000684,1.000000,0.000811,1.000000,961.6,0.001000
162600,0.000631,1.000000,0.000861,1.000000,962.2,0.001000
162700,0.000941,1.000000,0.001101,1.000000,962.8,0.001000
162800,0.145250,0.968963,0.147128,0.970882,963.4,0.001000
162900,0.000713,1.000000,0.001014,1.000000,964.0,0.001000
163000,0.001023,1.000000,0.001198,1.000000,964.6,0.001000
163100,0.027894,0.999787,0.032144,0.998937,965.2,0.001000
163200,0.000772,1.000000,0.000995,1.000000,965.8,0.001000
163300,0.000894,1.000000,0.001038,1.000000,966.4,0.001000
163400,0.006102,1.000000,0.009603,0.999150,967.0,0.001000
163500,0.000855,1.000000,0.001028,1.000000,967.6,0.001000
163600,0.000680,1.000000,0.000798,1.000000,968.2,0.001000
163700,0.000658,1.000000,0.000835,1.000000,968.8,0.001000
163800,0.000903,1.000000,0.001033,1.000000,969.4,0.001000
163900,0.000520,1.000000,0.000577,1.000000,970.0,0.001000
164000,0.000630,1.000000,0.000913,1.000000,970.6,0.001000
164100,0.000942,1.000000,0.001109,1.000000,971.2,0.001000
164200,0.000480,1.000000,0.000553,1.000000,971.7,0.001000
164300,0.000648,1.000000,0.001110,0.999787,972.3,0.001000
164400,0.001027,1.000000,0.001192,1.000000,972.9,0.001000
164500,0.015933,1.000000,0.020306,0.999362,973.5,0.001000
164600,0.000804,1.000000,0.000955,1.000000,974.1,0.001000
164700,0.000796,1.000000,0.000938,1.000000,974.7,0.001000
164800,0.011675,0.999787,0.016762,0.999150,975.3,0.001000
164900,0.000865,1.000000,0.001025,1.000000,975.9,0.001000
165000,0.000766,1.000000,0.000890,1.000000,976.5,0.001000
165100,0.001716,1.000000,0.002591,1.000000,977.1,0.001000
165200,0.000851,1.000000,0.000992,1.000000,977.7,0.001000
165300,0.000557,1.000000,0.000632,1.000000,978.3,0.001000
165400,0.000555,1.000000,0.000709,1.000000,979.0,0.001000
165500,0.000881,1.000000,0.001013,1.000000,979.6,0.001000
165600,0.069399,0.992134,0.072572,0.990011,980.2,0.001000
165700,0.000667,1.000000,0.000785,1.000000,980.8,0.001000
165800,0.000656,1.000000,0.000752,1.000000,981.5,0.001000
165900,0.002085,1.000000,0.002601,1.000000,982.1,0.001000
166000,0.000911,1.000000,0.001090,1.000000,982.7,0.001000
166100,0.000672,1.000000,0.000800,1.000000,983.3,0.001000
166200,0.001197,1.000000,0.002378,0.999787,983.9,0.001000
166300,0.000906,1.000000,0.001130,1.000000,984.5,0.001000
166400,0.000605,1.000000,0.000732,1.000000,985.1,0.001000
166500,0.001479,1.000000,0.002081,1.000000,985.7,0.001000
166600,0.000916,1.000000,0.001056,1.000000,986.3,0.001000
166700,0.000628,1.000000,0.000705,1.000000,986.8,0.001000
166800,0.003006,1.000000,0.004425,1.000000,987.4,0.001000
166900,0.000938,1.000000,0.001184,1.000000,988.0,0.001000
167000,0.000756,1.000000,0.000894,1.000000,988.6,0.001000
167100,0.001256,1.000000,0.001866,0.999787,989.2,0.001000
167200,0.000902,1.000000,0.001041,1.000000,989.8,0.001000
167300,0.000565,1.000000,0.000659,1.000000,990.4,0.001000
167400,0.000587,1.000000,0.000833,1.000000,991.0,0.001000
167500,0.000897,1.000000,0.001061,1.000000,991.5,0.001000
167600,0.000517,1.000000,0.000578,1.000000,992.1,0.001000
167700,0.000581,1.000000,0.000743,1.000000,992.7,0.001000
167800,0.000933,1.000000,0.001092,1.000000,993.3,0.001000
167900,0.000968,1.000000,0.001103,1.000000,993.9,0.001000
168000,0.000566,1.000000,0.000704,1.000000,994.4,0.001000
168100,0.000866,1.000000,0.000997,1.000000,995.0,0.001000
168200,0.018563,0.999362,0.022231,0.998937,995.6,0.001000
168300,0.000800,1.000000,0.000944,1.000000,996.2,0.001000
168400,0.000742,1.000000,0.000871,1.000000,996.8,0.001000
168500,0.001493,1.000000,0.002237,0.999787,997.3,0.001000
168600,0.000907,1.000000,0.001070,1.000000,997.9,0.001000
168700,0.000606,1.000000,0.000699,1.000000,998.5,0.001000
168800,0.002021,1.000000,0.002234,1.000000,999.1,0.001000
168900,0.000837,1.000000,0.000985,1.000000,999.7,0.001000
169000,0.000578,1.000000,0.000662,1.000000,1000.4,0.001000
169100,0.000918,1.000000,0.001285,1.000000,1000.9,0.001000
169200,0.000981,1.000000,0.001140,1.000000,1001.5,0.001000
169300,0.000632,1.000000,0.000730,1.000000,1002.1,0.001000
169400,0.000776,1.000000,0.001019,1.000000,1002.6,0.001000
169500,0.000942,1.000000,0.001079,1.000000,1003.3,0.001000
169600,0.001432,1.000000,0.001581,1.000000,1003.8,0.001000
169700,0.000639,1.000000,0.000809,1.000000,1004.5,0.001000
169800,0.000872,1.000000,0.001004,1.000000,1005.1,0.001000
169900,0.024260,0.999575,0.031697,0.997875,1005.7,0.001000
170000,0.000727,1.000000,0.000860,1.000000,1006.2,0.001000
170100,0.000846,1.000000,0.000981,1.000000,1006.9,0.001000
170200,0.005101,1.000000,0.006621,1.000000,1007.5,0.001000
170300,0.000820,1.000000,0.000952,1.000000,1008.1,0.001000
170400,0.000627,1.000000,0.000728,1.000000,1008.6,0.001000
170500,0.001252,1.000000,0.001973,1.000000,1009.2,0.001000
170600,0.000981,1.000000,0.001141,1.000000,1009.8,0.001000
170700,0.000654,1.000000,0.000731,1.000000,1010.4,0.001000
170800,0.000715,1.000000,0.001196,0.999787,1011.0,0.001000
170900,0.001033,1.000000,0.001220,1.000000,1011.6,0.001000
171000,0.000598,1.000000,0.000686,1.000000,1012.2,0.001000
171100,0.000652,1.000000,0.000824,1.000000,1012.8,0.001000
171200,0.000938,1.000000,0.001102,1.000000,1013.4,0.001000
171300,0.020070,0.999575,0.027194,0.998087,1014.0,0.001000
171400,0.000807,1.000000,0.000937,1.000000,1014.6,0.001000
171500,0.000762,1.000000,0.000876,1.000000,1015.2,0.001000
171600,0.001139,1.000000,0.001538,1.000000,1015.8,0.001000
171700,0.001016,1.000000,0.001209,1.000000,1016.3,0.001000
171800,0.000639,1.000000,0.000734,1.000000,1016.9,0.001000
171900,0.000686,1.000000,0.000999,1.000000,1017.5,0.001000
172000,0.000939,1.000000,0.001105,1.000000,1018.1,0.001000
172100,0.000527,1.000000,0.000609,1.000000,1018.7,0.001000
172200,0.000603,1.000000,0.000920,1.000000,1019.2,0.001000
172300,0.000915,1.000000,0.001089,1.000000,1019.9,0.001000
172400,0.043266,0.998937,0.051922,0.996174,1020.4,0.001000
172500,0.000699,1.000000,0.000913,1.000000,1021.0,0.001000
172600,0.000914,1.000000,0.001063,1.000000,1021.6,0.001000
172700,0.006674,0.999787,0.009415,0.999575,1022.2,0.001000
172800,0.000974,1.000000,0.001220,1.000000,1022.8,0.001000
172900,0.000778,1.000000,0.000910,1.000000,1023.4,0.001000
173000,0.000715,1.000000,0.000952,1.000000,1024.0,0.001000
173100,0.001040,1.000000,0.001205,1.000000,1024.6,0.001000
173200,0.047608,0.996599,0.060614,0.991923,1025.2,0.001000
173300,0.000794,1.000000,0.000970,1.000000,1025.9,0.001000
173400,0.000858,1.000000,0.000977,1.000000,1026.5,0.001000
173500,0.005269,0.999575,0.007430,0.999787,1027.0,0.001000
173600,0.000887,1.000000,0.001042,1.000000,1027.6,0.001000
173700,0.000707,1.000000,0.000813,1.000000,1028.2,0.001000
173800,0.000711,1.000000,0.001086,1.000000,1028.7,0.001000
173900,0.001022,1.000000,0.001181,1.000000,1029.4,0.001000
174000,0.834972,0.755952,0.851922,0.749628,1029.9,0.001000
174100,0.000741,1.000000,0.000979,1.000000,1030.5,0.001000
174200,0.000851,1.000000,0.000973,1.000000,1031.1,0.001000
174300,0.003307,1.000000,0.005126,1.000000,1031.7,0.001000
174400,0.001001,1.000000,0.001299,1.000000,1032.3,0.001000
174500,0.000716,1.000000,0.000833,1.000000,1032.9,0.001000
174600,0.000707,1.000000,0.001240,1.000000,1033.5,0.001000
174700,0.000962,1.000000,0.001158,1.000000,1034.0,0.001000
174800,0.000744,1.000000,0.000819,1.000000,1034.6,0.001000
174900,0.000581,1.000000,0.000823,1.000000,1035.2,0.001000
175000,0.000857,1.000000,0.001049,1.000000,1035.8,0.001000
175100,0.159835,0.975128,0.180701,0.964081,1036.4,0.001000
175200,0.000629,1.000000,0.000888,1.000000,1037.0,0.001000
175300,0.000796,1.000000,0.000960,1.000000,1037.6,0.001000
175400,0.010479,0.999575,0.014586,0.999150,1038.2,0.001000
175500,0.000795,1.000000,0.001028,1.000000,1038.8,0.001000
175600,0.000696,1.000000,0.000838,1.000000,1039.4,0.001000
175700,0.003539,1.000000,0.005210,1.000000,1040.0,0.001000
175800,0.000880,1.000000,0.001082,1.000000,1040.6,0.001000
175900,0.000701,1.000000,0.000809,1.000000,1041.1,0.001000
176000,0.000857,1.000000,0.001126,1.000000,1041.7,0.001000
176100,0.000858,1.000000,0.001001,1.000000,1042.4,0.001000
176200,0.000502,1.000000,0.000598,1.000000,1043.0,0.001000
176300,0.001069,1.000000,0.001787,0.999787,1043.6,0.001000
176400,0.000832,1.000000,0.001035,1.000000,1044.2,0.001000
176500,0.000550,1.000000,0.000643,1.000000,1044.8,0.001000
176600,0.000575,1.000000,0.000971,1.000000,1045.5,0.001000
176700,0.000914,1.000000,0.001094,1.000000,1046.1,0.001000
176800,0.000508,1.000000,0.000565,1.000000,1046.7,0.001000
176900,0.000629,1.000000,0.001047,1.000000,1047.3,0.001000
177000,0.000976,1.000000,0.001199,1.000000,1047.9,0.001000
177100,3.195963,0.294218,3.260023,0.293730,1048.5,0.001000
177200,0.000666,1.000000,0.000837,1.000000,1049.1,0.001000
177300,0.000822,1.000000,0.001002,1.000000,1049.7,0.001000
177400,0.006481,1.000000,0.009907,0.999150,1050.3,0.001000
177500,0.000851,1.000000,0.001143,1.000000,1050.9,0.001000
177600,0.000722,1.000000,0.000850,1.000000,1051.5,0.001000
177700,0.002262,1.000000,0.003589,0.999787,1052.1,0.001000
177800,0.000798,1.000000,0.000933,1.000000,1052.7,0.001000
177900,0.000562,1.000000,0.000659,1.000000,1053.3,0.001000
178000,0.000676,1.000000,0.001074,1.000000,1053.8,0.001000
178100,0.000955,1.000000,0.001163,1.000000,1054.4,0.001000
178200,0.000540,1.000000,0.000653,1.000000,1055.0,0.001000
178300,0.000569,1.000000,0.000787,1.000000,1055.6,0.001000
178400,0.000867,1.000000,0.001021,1.000000,1056.2,0.001000
178500,0.177224,0.967900,0.186972,0.967906,1056.8,0.001000
178600,0.000680,1.000000,0.000871,1.000000,1057.4,0.001000
178700,0.000923,1.000000,0.001082,1.000000,1058.0,0.001000
178800,0.030947,0.998299,0.035229,0.997662,1058.6,0.001000
178900,0.000833,1.000000,0.001057,1.000000,1059.2,0.001000
179000,0.000832,1.000000,0.000972,1.000000,1059.8,0.001000
179100,0.005000,1.000000,0.006957,0.999787,1060.4,0.001000
179200,0.000935,1.000000,0.001062,1.000000,1061.0,0.001000
179300,0.000727,1.000000,0.000812,1.000000,1061.6,0.001000
179400,0.001092,1.000000,0.001509,1.000000,1062.1,0.001000
179500,0.001037,1.000000,0.001265,1.000000,1062.7,0.001000
179600,0.000656,1.000000,0.000768,1.000000,1063.3,0.001000
179700,0.000653,1.000000,0.000935,1.000000,1063.9,0.001000
179800,0.000948,1.000000,0.001095,1.000000,1064.5,0.001000
179900,0.000476,1.000000,0.000529,1.000000,1065.1,0.001000
180000,0.000600,1.000000,0.001280,0.999787,1065.6,0.001000
180100,0.000948,1.000000,0.001107,1.000000,1066.3,0.001000
180200,0.000543,1.000000,0.000615,1.000000,1066.9,0.001000
180300,0.000628,1.000000,0.000835,1.000000,1067.5,0.001000
180400,0.000927,1.000000,0.001069,1.000000,1068.0,0.001000
180500,0.006262,0.999787,0.008654,0.999362,1068.6,0.001000
180600,0.000931,1.000000,0.001139,1.000000,1069.2,0.001000
180700,0.000703,1.000000,0.000849,1.000000,1069.9,0.001000
180800,0.000871,1.000000,0.001284,1.000000,1070.5,0.001000
180900,0.001029,1.000000,0.001193,1.000000,1071.0,0.001000
181000,0.000685,1.000000,0.000769,1.000000,1071.6,0.001000
181100,0.000658,1.000000,0.000915,1.000000,1072.2,0.001000
181200,0.001005,1.000000,0.001218,1.000000,1072.8,0.001000
181300,0.134513,0.977679,0.147704,0.975983,1073.4,0.001000
181400,0.000707,1.000000,0.000922,1.000000,1074.0,0.001000
181500,0.000804,1.000000,0.000940,1.000000,1074.6,0.001000
181600,0.012169,1.000000,0.016961,0.999150,1075.2,0.001000
181700,0.000741,1.000000,0.000978,1.000000,1075.8,0.001000
181800,0.000799,1.000000,0.000951,1.000000,1076.4,0.001000
181900,0.002042,1.000000,0.003386,0.999787,1077.0,0.001000
182000,0.000903,1.000000,0.001146,1.000000,1077.6,0.001000
182100,0.000630,1.000000,0.000737,1.000000,1078.3,0.001000
182200,0.000858,1.000000,0.001866,0.999787,1078.9,0.001000
182300,0.000993,1.000000,0.001240,1.000000,1079.6,0.001000
182400,0.000601,1.000000,0.000680,1.000000,1080.2,0.001000
182500,0.000713,1.000000,0.001057,1.000000,1080.9,0.001000
182600,0.001035,1.000000,0.001234,1.000000,1081.5,0.001000
182700,0.006891,1.000000,0.010880,0.999575,1082.1,0.001000
182800,0.000855,1.000000,0.001070,1.000000,1082.7,0.001000
182900,0.000670,1.000000,0.000776,1.000000,1083.2,0.001000
183000,0.001188,1.000000,0.002107,0.999575,1083.8,0.001000
183100,0.000991,1.000000,0.001195,1.000000,1084.4,0.001000
183200,0.000659,1.000000,0.000747,1.000000,1085.0,0.001000
183300,0.000650,1.000000,0.000943,1.000000,1085.6,0.001000
183400,0.001020,1.000000,0.001212,1.000000,1086.2,0.001000
183500,0.000580,1.000000,0.000683,1.000000,1086.8,0.001000
183600,0.000620,1.000000,0.000940,1.000000,1087.4,0.001000
183700,0.000920,1.000000,0.001109,1.000000,1088.0,0.001000
183800,0.035174,0.999150,0.043400,0.997237,1088.7,0.001000
183900,0.000743,1.000000,0.000879,1.000000,1089.2,0.001000
184000,0.000794,1.000000,0.000912,1.000000,1089.8,0.001000
184100,0.006544,0.999575,0.009493,0.999575,1090.4,0.001000
184200,0.000861,1.000000,0.001015,1.000000,1091.0,0.001000
184300,0.000730,1.000000,0.000856,1.000000,1091.7,0.001000
184400,0.005353,0.999575,0.007283,0.999575,1092.3,0.001000
184500,0.000899,1.000000,0.001130,1.000000,1092.8,0.001000
184600,0.000815,1.000000,0.000987,1.000000,1093.4,0.001000
184700,0.001554,1.000000,0.002274,1.000000,1094.0,0.001000
184800,0.001057,1.000000,0.001341,1.000000,1094.5,0.001000
184900,0.000696,1.000000,0.000805,1.000000,1095.1,0.001000
185000,0.000643,1.000000,0.000897,1.000000,1095.7,0.001000
185100,0.000992,1.000000,0.001157,1.000000,1096.3,0.001000
185200,0.034889,0.999150,0.041088,0.999150,1096.9,0.001000
185300,0.000702,1.000000,0.001120,1.000000,1097.6,0.001000
185400,0.000929,1.000000,0.001112,1.000000,1098.2,0.001000
185500,0.006993,0.999787,0.010213,0.999150,1098.8,0.001000
185600,0.000747,1.000000,0.000957,1.000000,1099.4,0.001000
185700,0.000675,1.000000,0.000799,1.000000,1100.0,0.001000
185800,0.007077,0.999575,0.008139,0.999362,1100.6,0.001000
185900,0.000749,1.000000,0.001072,1.000000,1101.3,0.001000
186000,0.000751,1.000000,0.000883,1.000000,1101.9,0.001000
186100,0.006844,0.999787,0.008777,1.000000,1102.5,0.001000
186200,0.000833,1.000000,0.001031,1.000000,1103.2,0.001000
186300,0.000711,1.000000,0.000834,1.000000,1103.7,0.001000
186400,0.000845,1.000000,0.001512,0.999787,1104.4,0.001000
186500,0.000977,1.000000,0.001189,1.000000,1104.9,0.001000
186600,0.000581,1.000000,0.000655,1.000000,1105.6,0.001000
186700,0.000711,1.000000,0.001236,1.000000,1106.2,0.001000
186800,0.000962,1.000000,0.001162,1.000000,1106.8,0.001000
186900,0.000586,1.000000,0.000666,1.000000,1107.4,0.001000
187000,0.000823,1.000000,0.001150,1.000000,1107.9,0.001000
187100,0.000953,1.000000,0.001157,1.000000,1108.5,0.001000
187200,3.446036,0.171344,3.467139,0.173007,1109.2,0.001000
187300,0.000712,1.000000,0.000942,1.000000,1109.8,0.001000
187400,0.001018,1.000000,0.001177,1.000000,1110.4,0.001000
187500,0.000610,1.000000,0.000727,1.000000,1111.0,0.001000
187600,0.000616,1.000000,0.000761,1.000000,1111.6,0.001000
187700,0.000792,1.000000,0.000904,1.000000,1112.2,0.001000
187800,0.016360,0.999787,0.020796,0.999150,1112.9,0.001000
187900,0.000781,1.000000,0.000987,1.000000,1113.4,0.001000
188000,0.000761,1.000000,0.000897,1.000000,1114.0,0.001000
188100,0.001316,1.000000,0.002003,1.000000,1114.7,0.001000
188200,0.001012,1.000000,0.001192,1.000000,1115.3,0.001000
188300,0.000890,1.000000,0.001069,1.000000,1115.9,0.001000
188400,0.000683,1.000000,0.000948,1.000000,1116.5,0.001000
188500,0.000808,1.000000,0.000968,1.000000,1117.1,0.001000
188600,0.175370,0.971514,0.194614,0.966206,1117.6,0.001000
188700,0.000695,1.000000,0.000915,1.000000,1118.2,0.001000
188800,0.000865,1.000000,0.001005,1.000000,1118.8,0.001000
188900,0.051114,0.994048,0.064443,0.993199,1119.4,0.001000
189000,0.000678,1.000000,0.000873,1.000000,1119.9,0.001000
189100,0.000827,1.000000,0.000971,1.000000,1120.5,0.001000
189200,0.002997,1.000000,0.004427,0.999787,1121.1,0.001000
189300,0.000864,1.000000,0.001014,1.000000,1121.7,0.001000
189400,0.000591,1.000000,0.000692,1.000000,1122.3,0.001000
189500,0.002028,1.000000,0.003479,0.999787,1122.9,0.001000
189600,0.000906,1.000000,0.001131,1.000000,1123.5,0.001000
189700,0.000669,1.000000,0.000789,1.000000,1124.1,0.001000
189800,0.001765,1.000000,0.002665,0.999787,1124.7,0.001000
189900,0.000988,1.000000,0.001181,1.000000,1125.3,0.001000
190000,0.000656,1.000000,0.000750,1.000000,1126.0,0.001000
190100,0.000795,1.000000,0.001223,0.999787,1126.5,0.001000
190200,0.000967,1.000000,0.001121,1.000000,1127.1,0.001000
190300,0.000912,1.000000,0.001200,1.000000,1127.7,0.001000
190400,0.000688,1.000000,0.000979,1.000000,1128.3,0.001000
190500,0.000904,1.000000,0.001090,1.000000,1128.9,0.001000
190600,2.384273,0.410502,2.418272,0.417428,1129.5,0.001000
190700,0.000650,1.000000,0.000791,1.000000,1130.0,0.001000
190800,0.000801,1.000000,0.000926,1.000000,1130.6,0.001000
190900,0.007299,1.000000,0.010494,0.999362,1131.3,0.001000
191000,0.000750,1.000000,0.000967,1.000000,1131.8,0.001000
191100,0.000687,1.000000,0.000819,1.000000,1132.5,0.001000
191200,0.003149,1.000000,0.004699,0.999787,1133.1,0.001000
191300,0.000864,1.000000,0.001062,1.000000,1133.7,0.001000
191400,0.000672,1.000000,0.000768,1.000000,1134.4,0.001000
191500,0.000952,1.000000,0.001600,0.999787,1135.0,0.001000
191600,0.000983,1.000000,0.001226,1.000000,1135.5,0.001000
191700,0.000617,1.000000,0.000720,1.000000,1136.2,0.001000
191800,0.001154,1.000000,0.001768,1.000000,1136.7,0.001000
191900,0.000924,1.000000,0.001091,1.000000,1137.3,0.001000
192000,0.000615,1.000000,0.000703,1.000000,1138.0,0.001000
192100,0.000551,1.000000,0.000766,1.000000,1138.6,0.001000
192200,0.000827,1.000000,0.000962,1.000000,1139.2,0.001000
192300,0.000485,1.000000,0.000530,1.000000,1139.7,0.001000
192400,0.000538,1.000000,0.000848,1.000000,1140.3,0.001000
192500,0.000825,1.000000,0.001052,1.000000,1141.0,0.001000
192600,0.008236,1.000000,0.012049,0.999575,1141.5,0.001000
192700,0.000755,1.000000,0.000902,1.000000,1142.1,0.001000
192800,0.000680,1.000000,0.000782,1.000000,1142.7,0.001000
192900,0.000898,1.000000,0.001166,1.000000,1143.4,0.001000
193000,0.000853,1.000000,0.000979,1.000000,1144.0,0.001000
193100,0.000518,1.000000,0.000579,1.000000,1144.5,0.001000
193200,0.000647,1.000000,0.000909,1.000000,1145.1,0.001000
193300,0.000966,1.000000,0.001137,1.000000,1145.7,0.001000
193400,0.039615,0.998937,0.045317,0.998725,1146.3,0.001000
193500,0.000759,1.000000,0.000967,1.000000,1146.9,0.001000
193600,0.000837,1.000000,0.000963,1.000000,1147.5,0.001000
193700,0.001028,1.000000,0.001761,1.000000,1148.1,0.001000
193800,0.000968,1.000000,0.001217,1.000000,1148.7,0.001000
193900,0.000580,1.000000,0.000662,1.000000,1149.3,0.001000
194000,0.000582,1.000000,0.000763,1.000000,1150.0,0.001000
194100,0.000911,1.000000,0.001056,1.000000,1150.6,0.001000
194200,0.094539,0.989371,0.108677,0.985760,1151.1,0.001000
194300,0.000778,1.000000,0.000961,1.000000,1151.7,0.001000
194400,0.000885,1.000000,0.001035,1.000000,1152.3,0.001000
194500,0.002392,1.000000,0.004045,0.999787,1152.9,0.001000
194600,0.001023,1.000000,0.001211,1.000000,1153.5,0.001000
194700,0.000714,1.000000,0.000825,1.000000,1154.1,0.001000
194800,0.001992,1.000000,0.002855,1.000000,1154.6,0.001000
194900,0.000898,1.000000,0.001061,1.000000,1155.2,0.001000
195000,0.000653,1.000000,0.000744,1.000000,1155.8,0.001000
195100,0.000695,1.000000,0.001355,0.999787,1156.4,0.001000
195200,0.001037,1.000000,0.001276,1.000000,1156.9,0.001000
195300,0.000550,1.000000,0.000628,1.000000,1157.5,0.001000
195400,0.000579,1.000000,0.000751,1.000000,1158.1,0.001000
195500,0.000812,1.000000,0.000965,1.000000,1158.7,0.001000
195600,0.028086,0.999787,0.036419,0.999150,1159.2,0.001000
195700,0.000814,1.000000,0.001149,1.000000,1159.8,0.001000
195800,0.000840,1.000000,0.000988,1.000000,1160.4,0.001000
195900,0.006994,1.000000,0.009447,0.999787,1161.0,0.001000
196000,0.000920,1.000000,0.001207,1.000000,1161.6,0.001000
196100,0.000828,1.000000,0.001025,1.000000,1162.2,0.001000
196200,0.003363,1.000000,0.005972,0.999575,1162.9,0.001000
196300,0.000979,1.000000,0.001239,1.000000,1163.5,0.001000
196400,0.000743,1.000000,0.000869,1.000000,1164.0,0.001000
196500,0.000774,1.000000,0.001180,1.000000,1164.6,0.001000
196600,0.001049,1.000000,0.001285,1.000000,1165.3,0.001000
196700,0.010237,0.999787,0.015021,0.999362,1165.8,0.001000
196800,0.000824,1.000000,0.001007,1.000000,1166.4,0.001000
196900,0.000723,1.000000,0.000835,1.000000,1167.1,0.001000
197000,0.000868,1.000000,0.001297,1.000000,1167.6,0.001000
197100,0.000925,1.000000,0.001094,1.000000,1168.3,0.001000
197200,0.000557,1.000000,0.000623,1.000000,1168.9,0.001000
197300,0.000553,1.000000,0.000699,1.000000,1169.6,0.001000
197400,0.000798,1.000000,0.000972,1.000000,1170.2,0.001000
197500,0.134128,0.975978,0.168599,0.965143,1170.7,0.001000
197600,0.000587,1.000000,0.000786,1.000000,1171.3,0.001000
197700,0.000823,1.000000,0.000951,1.000000,1171.9,0.001000
197800,0.044793,0.995536,0.053292,0.995112,1172.6,0.001000
197900,0.000665,1.000000,0.000854,1.000000,1173.2,0.001000
198000,0.000872,1.000000,0.001021,1.000000,1173.8,0.001000
198100,0.005507,1.000000,0.007158,0.999787,1174.4,0.001000
198200,0.000881,1.000000,0.001036,1.000000,1175.0,0.001000
198300,0.000678,1.000000,0.000777,1.000000,1175.6,0.001000
198400,0.002193,1.000000,0.004025,0.999787,1176.2,0.001000
198500,0.000941,1.000000,0.001150,1.000000,1176.8,0.001000
198600,0.000719,1.000000,0.000851,1.000000,1177.4,0.001000
198700,0.000977,1.000000,0.001503,1.000000,1178.0,0.001000
198800,0.000888,1.000000,0.001090,1.000000,1178.6,0.001000
198900,0.000546,1.000000,0.000643,1.000000,1179.2,0.001000
199000,0.000641,1.000000,0.001073,1.000000,1179.8,0.001000
199100,0.000940,1.000000,0.001115,1.000000,1180.4,0.001000
199200,1.072725,0.688350,1.101468,0.673114,1181.0,0.001000
199300,0.000671,1.000000,0.000902,1.000000,1181.6,0.001000
199400,0.000845,1.000000,0.000989,1.000000,1182.1,0.001000
199500,0.021754,0.998087,0.029455,0.997875,1182.7,0.001000
199600,0.000715,1.000000,0.000942,1.000000,1183.3,0.001000
199700,0.000724,1.000000,0.000849,1.000000,1184.0,0.001000
199800,0.002777,1.000000,0.004413,0.999787,1184.5,0.001000
199900,0.000943,1.000000,0.001299,1.000000,1185.1,0.001000
