step,train_loss,train_acc,test_loss,test_acc,elapsed_sec,lr
0,5.058271,0.006803,5.097974,0.005739,0.0,0.000020
100,4.542945,0.023810,4.726222,0.005951,0.6,0.001000
200,3.883528,0.175808,5.218094,0.014878,1.2,0.001000
300,2.621617,0.456207,4.439257,0.092455,1.7,0.001000
400,1.311032,0.778912,3.267394,0.274601,2.3,0.001000
500,0.502244,0.954082,2.213901,0.459086,2.8,0.001000
600,0.169794,0.996386,1.496996,0.577046,3.5,0.001000
700,0.062473,1.000000,0.920327,0.740701,4.1,0.001000
800,0.050111,0.999575,0.516684,0.881403,4.8,0.001000
900,0.022036,0.999787,0.203762,0.971307,5.5,0.001000
1000,0.032183,0.999362,0.140477,0.987460,6.0,0.001000
1100,0.004276,1.000000,0.016301,1.000000,6.7,0.001000
1200,0.003304,1.000000,0.012155,0.999787,7.3,0.001000
1300,0.001880,1.000000,0.005663,1.000000,7.9,0.001000
1400,0.002536,1.000000,0.003971,1.000000,8.5,0.001000
1500,0.002862,1.000000,0.004132,1.000000,9.1,0.001000
1600,0.001670,1.000000,0.002343,1.000000,9.6,0.001000
1700,0.005962,1.000000,0.007950,1.000000,10.2,0.001000
1800,0.002675,1.000000,0.003227,1.000000,10.7,0.001000
1900,0.001949,1.000000,0.002299,1.000000,11.4,0.001000
2000,0.017020,1.000000,0.020885,1.000000,11.9,0.001000
2100,0.002157,1.000000,0.002465,1.000000,12.5,0.001000
2200,0.001846,1.000000,0.002050,1.000000,13.0,0.001000
2300,0.036000,0.997449,0.044150,0.997024,13.6,0.001000
2400,0.001676,1.000000,0.001921,1.000000,14.2,0.001000
2500,0.001819,1.000000,0.002009,1.000000,14.7,0.001000
2600,0.001506,1.000000,0.001663,1.000000,15.4,0.001000
2700,0.000439,1.000000,0.000475,1.000000,16.0,0.001000
2800,0.020346,0.998724,0.024876,0.997662,16.5,0.001000
2900,0.001266,1.000000,0.001428,1.000000,17.2,0.001000
3000,0.001585,1.000000,0.001713,1.000000,17.7,0.001000
3100,0.041563,0.997236,0.049425,0.997662,18.3,0.001000
3200,0.001123,1.000000,0.001267,1.000000,18.8,0.001000
3300,0.001578,1.000000,0.001701,1.000000,19.3,0.001000
3400,0.000890,1.000000,0.000953,1.000000,19.9,0.001000
3500,0.009613,1.000000,0.011441,0.999575,20.4,0.001000
3600,0.001417,1.000000,0.001577,1.000000,21.0,0.001000
3700,0.001501,1.000000,0.001604,1.000000,21.6,0.001000
3800,0.024330,0.998937,0.032568,0.997237,22.2,0.001000
3900,0.001251,1.000000,0.001399,1.000000,22.8,0.001000
4000,0.001548,1.000000,0.001660,1.000000,23.4,0.001000
4100,0.072902,0.996386,0.083735,0.994049,24.0,0.001000
4200,0.003292,1.000000,0.004232,0.999575,24.5,0.001000
4300,0.001429,1.000000,0.001564,1.000000,25.0,0.001000
4400,0.001253,1.000000,0.001337,1.000000,25.6,0.001000
4500,0.030967,0.997236,0.031947,0.998300,26.2,0.001000
4600,0.001070,1.000000,0.001203,1.000000,26.7,0.001000
4700,0.001497,1.000000,0.001596,1.000000,27.3,0.001000
4800,0.118565,0.989371,0.130567,0.985972,27.8,0.001000
4900,0.010051,0.998512,0.009882,0.999150,28.5,0.001000
5000,0.001371,1.000000,0.001578,1.000000,29.1,0.001000
5100,0.001446,1.000000,0.001570,1.000000,29.7,0.001000
5200,0.000986,1.000000,0.001046,1.000000,30.3,0.001000
5300,0.007091,1.000000,0.008820,0.999575,30.9,0.001000
5400,0.001309,1.000000,0.001435,1.000000,31.5,0.001000
5500,0.001267,1.000000,0.001336,1.000000,32.1,0.001000
5600,0.045415,0.996173,0.054458,0.994049,32.7,0.001000
5700,0.011777,0.998299,0.012965,0.997875,33.3,0.001000
5800,0.006319,0.999787,0.007203,0.999575,33.8,0.001000
5900,0.001209,1.000000,0.001330,1.000000,34.5,0.001000
6000,0.001124,1.000000,0.001202,1.000000,35.1,0.001000
6100,0.027417,0.997024,0.029159,0.997450,35.7,0.001000
6200,0.009147,0.999362,0.009606,0.999787,36.3,0.001000
6300,0.001740,1.000000,0.002111,1.000000,36.9,0.001000
6400,0.001414,1.000000,0.001524,1.000000,37.4,0.001000
6500,0.000970,1.000000,0.001023,1.000000,38.0,0.001000
6600,0.019858,0.999362,0.024839,0.998087,38.6,0.001000
6700,0.001042,1.000000,0.001195,1.000000,39.2,0.001000
6800,0.001396,1.000000,0.001488,1.000000,39.8,0.001000
6900,0.000884,1.000000,0.000931,1.000000,40.3,0.001000
7000,0.005469,0.999787,0.006426,0.999787,40.9,0.001000
7100,0.001318,1.000000,0.001438,1.000000,41.5,0.001000
7200,0.001164,1.000000,0.001238,1.000000,42.1,0.001000
7300,0.000602,1.000000,0.000636,1.000000,42.7,0.001000
7400,0.013861,0.998724,0.014915,0.999787,43.3,0.001000
7500,0.001226,1.000000,0.001378,1.000000,43.9,0.001000
7600,0.001352,1.000000,0.001453,1.000000,44.5,0.001000
7700,0.027981,0.997236,0.032024,0.996174,45.1,0.001000
7800,0.002089,1.000000,0.002398,1.000000,45.7,0.001000
7900,0.001531,1.000000,0.001640,1.000000,46.2,0.001000
8000,0.000875,1.000000,0.000919,1.000000,46.8,0.001000
8100,0.016626,0.998724,0.023159,0.998087,47.4,0.001000
8200,0.018198,0.999575,0.021089,0.999575,48.0,0.001000
8300,0.001011,1.000000,0.001171,1.000000,48.6,0.001000
8400,0.001385,1.000000,0.001483,1.000000,49.2,0.001000
8500,0.000877,1.000000,0.000927,1.000000,49.8,0.001000
8600,0.012687,0.997874,0.011149,0.999787,50.4,0.001000
8700,0.001296,1.000000,0.001429,1.000000,51.0,0.001000
8800,0.001188,1.000000,0.001255,1.000000,51.6,0.001000
8900,0.036054,0.995323,0.037308,0.996387,52.1,0.001000
9000,0.001175,1.000000,0.001414,1.000000,52.7,0.001000
9100,0.001544,1.000000,0.001683,1.000000,53.3,0.001000
9200,0.001046,1.000000,0.001114,1.000000,53.9,0.001000
9300,0.025500,0.997024,0.035928,0.994899,54.4,0.001000
9400,0.001163,1.000000,0.001321,1.000000,55.0,0.001000
9500,0.001403,1.000000,0.001508,1.000000,55.6,0.001000
9600,0.000808,1.000000,0.000855,1.000000,56.2,0.001000
9700,0.005950,0.999362,0.008290,0.999150,56.8,0.001000
9800,0.001091,1.000000,0.001227,1.000000,57.4,0.001000
9900,0.001244,1.000000,0.001331,1.000000,58.0,0.001000
10000,2.504274,0.374362,2.517502,0.377471,58.5,0.001000
10100,0.005635,0.999362,0.006769,0.999787,59.1,0.001000
10200,0.001263,1.000000,0.001397,1.000000,59.7,0.001000
10300,0.001100,1.000000,0.001168,1.000000,60.3,0.001000
10400,0.021210,0.998512,0.027735,0.998087,60.9,0.001000
10500,0.009545,0.999150,0.015630,0.997237,61.4,0.001000
10600,0.001026,1.000000,0.001127,1.000000,62.0,0.001000
10700,0.001035,1.000000,0.001097,1.000000,62.6,0.001000
10800,0.030123,0.998724,0.035559,0.997875,63.1,0.001000
10900,0.001967,1.000000,0.002384,1.000000,63.7,0.001000
11000,0.001175,1.000000,0.001279,1.000000,64.3,0.001000
11100,0.000915,1.000000,0.000973,1.000000,64.8,0.001000
11200,0.043874,0.992347,0.048515,0.991711,65.4,0.001000
11300,0.000994,1.000000,0.001139,1.000000,66.0,0.001000
11400,0.001358,1.000000,0.001447,1.000000,66.5,0.001000
11500,0.000840,1.000000,0.000887,1.000000,67.0,0.001000
11600,0.014556,0.998937,0.016073,0.999150,67.6,0.001000
11700,0.001145,1.000000,0.001275,1.000000,68.1,0.001000
11800,0.001253,1.000000,0.001327,1.000000,68.7,0.001000
11900,0.115082,0.981292,0.125117,0.979384,69.3,0.001000
12000,0.001054,1.000000,0.001235,1.000000,69.9,0.001000
12100,0.001420,1.000000,0.001538,1.000000,70.5,0.001000
12200,0.000994,1.000000,0.001048,1.000000,71.2,0.001000
12300,0.013822,0.998512,0.015581,0.998725,71.8,0.001000
12400,0.001041,1.000000,0.001183,1.000000,72.4,0.001000
12500,0.001288,1.000000,0.001373,1.000000,72.9,0.001000
12600,0.000827,1.000000,0.000890,1.000000,73.6,0.001000
12700,0.020710,0.999362,0.025943,0.998512,74.2,0.001000
12800,0.000859,1.000000,0.000966,1.000000,74.8,0.001000
12900,0.001284,1.000000,0.001370,1.000000,75.4,0.001000
13000,0.233327,0.959184,0.250483,0.953454,76.0,0.001000
13100,0.001443,1.000000,0.001795,1.000000,76.6,0.001000
13200,0.001275,1.000000,0.001379,1.000000,77.1,0.001000
13300,0.000967,1.000000,0.001022,1.000000,77.7,0.001000
13400,0.062089,0.991284,0.074682,0.986185,78.3,0.001000
13500,0.000837,1.000000,0.000964,1.000000,78.9,0.001000
13600,0.001240,1.000000,0.001325,1.000000,79.4,0.001000
13700,0.000800,1.000000,0.000841,1.000000,80.0,0.001000
13800,0.004675,1.000000,0.005526,1.000000,80.5,0.001000
13900,0.001053,1.000000,0.001172,1.000000,81.1,0.001000
14000,0.001216,1.000000,0.001304,1.000000,81.7,0.001000
14100,0.073135,0.990008,0.082758,0.989586,82.3,0.001000
14200,0.003344,1.000000,0.004034,1.000000,82.8,0.001000
14300,0.002377,0.999787,0.002817,1.000000,83.4,0.001000
14400,0.001330,1.000000,0.001443,1.000000,84.0,0.001000
14500,0.001042,1.000000,0.001109,1.000000,84.6,0.001000
14600,0.036126,0.994685,0.042467,0.994474,85.2,0.001000
14700,0.000991,1.000000,0.001158,1.000000,85.7,0.001000
14800,0.001371,1.000000,0.001472,1.000000,86.3,0.001000
14900,0.000924,1.000000,0.000974,1.000000,86.9,0.001000
15000,0.015996,0.998087,0.019289,0.997450,87.5,0.001000
15100,0.009185,0.998937,0.009012,1.000000,88.1,0.001000
15200,0.001177,1.000000,0.001319,1.000000,88.6,0.001000
15300,0.001086,1.000000,0.001161,1.000000,89.2,0.001000
15400,0.019846,0.998512,0.025442,0.998087,89.8,0.001000
15500,0.000893,1.000000,0.001026,1.000000,90.3,0.001000
15600,0.001253,1.000000,0.001338,1.000000,90.9,0.001000
15700,0.077999,0.996173,0.096674,0.992349,91.5,0.001000
15800,0.001146,1.000000,0.001358,1.000000,92.1,0.001000
15900,0.001311,1.000000,0.001421,1.000000,92.7,0.001000
16000,0.000959,1.000000,0.001013,1.000000,93.3,0.001000
16100,0.030420,0.998724,0.032067,0.998937,93.8,0.001000
16200,0.001091,1.000000,0.001221,1.000000,94.4,0.001000
16300,0.001425,1.000000,0.001511,1.000000,95.0,0.001000
16400,0.053763,0.997449,0.059767,0.996387,95.6,0.001000
16500,0.001477,1.000000,0.001805,1.000000,96.2,0.001000
16600,0.001295,1.000000,0.001388,1.000000,96.8,0.001000
16700,0.000921,1.000000,0.000971,1.000000,97.3,0.001000
16800,0.026391,0.997662,0.028991,0.997024,97.9,0.001000
16900,0.000917,1.000000,0.001037,1.000000,98.4,0.001000
17000,0.001224,1.000000,0.001296,1.000000,99.0,0.001000
17100,0.001667,1.000000,0.001761,1.000000,99.6,0.001000
17200,0.005972,0.999787,0.007222,1.000000,100.1,0.001000
17300,0.001078,1.000000,0.001198,1.000000,100.7,0.001000
17400,0.001086,1.000000,0.001153,1.000000,101.3,0.001000
17500,0.044637,0.997024,0.047396,0.997662,101.8,0.001000
17600,0.008657,0.999787,0.012937,0.998512,102.4,0.001000
17700,0.000854,1.000000,0.000972,1.000000,103.0,0.001000
17800,0.001154,1.000000,0.001241,1.000000,103.6,0.001000
17900,0.086216,0.994898,0.099202,0.991073,104.2,0.001000
18000,0.007223,1.000000,0.008900,0.999362,104.8,0.001000
18100,0.010312,1.000000,0.011996,1.000000,105.3,0.001000
18200,0.001159,1.000000,0.001266,1.000000,105.9,0.001000
18300,0.001071,1.000000,0.001129,1.000000,106.5,0.001000
18400,0.024185,0.998937,0.034632,0.997024,107.1,0.001000
18500,0.002822,1.000000,0.003463,1.000000,107.6,0.001000
18600,0.001230,1.000000,0.001351,1.000000,108.2,0.001000
18700,0.001073,1.000000,0.001131,1.000000,108.7,0.001000
18800,0.049228,0.996173,0.055629,0.995112,109.4,0.001000
18900,0.000861,1.000000,0.001003,1.000000,110.0,0.001000
19000,0.001294,1.000000,0.001389,1.000000,110.6,0.001000
19100,0.000815,1.000000,0.000859,1.000000,111.1,0.001000
19200,0.007777,0.999575,0.010475,0.999150,111.7,0.001000
19300,0.001188,1.000000,0.001299,1.000000,112.2,0.001000
19400,0.001179,1.000000,0.001242,1.000000,112.8,0.001000
19500,0.043187,0.995323,0.052915,0.994474,113.5,0.001000
19600,0.000982,1.000000,0.001128,1.000000,114.1,0.001000
19700,0.001352,1.000000,0.001448,1.000000,114.7,0.001000
19800,0.181840,0.971939,0.206215,0.966844,115.2,0.001000
19900,0.001884,1.000000,0.002161,1.000000,115.8,0.001000
20000,0.001276,1.000000,0.001375,1.000000,116.4,0.001000
20100,0.000939,1.000000,0.000992,1.000000,117.0,0.001000
20200,0.005896,0.999787,0.007630,0.999787,117.7,0.001000
20300,0.001082,1.000000,0.001195,1.000000,118.2,0.001000
20400,0.001088,1.000000,0.001156,1.000000,118.8,0.001000
20500,0.040335,0.994473,0.044396,0.995112,119.4,0.001000
20600,0.001915,1.000000,0.002221,1.000000,119.9,0.001000
20700,0.001258,1.000000,0.001353,1.000000,120.5,0.001000
20800,0.000826,1.000000,0.000870,1.000000,121.0,0.001000
20900,0.011782,0.999362,0.015317,0.997450,121.6,0.001000
21000,0.001009,1.000000,0.001132,1.000000,122.2,0.001000
21100,0.001270,1.000000,0.001353,1.000000,122.7,0.001000
21200,0.034633,0.998724,0.039652,0.997024,123.3,0.001000
21300,0.001667,1.000000,0.002006,1.000000,123.9,0.001000
21400,0.001330,1.000000,0.001432,1.000000,124.5,0.001000
21500,0.000988,1.000000,0.001046,1.000000,125.0,0.001000
21600,0.021044,0.997236,0.022968,0.997450,125.6,0.001000
21700,0.001039,1.000000,0.001146,1.000000,126.2,0.001000
21800,0.001223,1.000000,0.001299,1.000000,126.7,0.001000
21900,0.031429,0.998937,0.038191,0.998087,127.3,0.001000
22000,0.006459,0.999787,0.008014,0.999150,127.9,0.001000
22100,0.001103,1.000000,0.001240,1.000000,128.4,0.001000
22200,0.001117,1.000000,0.001186,1.000000,129.0,0.001000
22300,0.039085,0.997236,0.039433,0.997024,129.6,0.001000
22400,0.003936,0.999787,0.004759,1.000000,130.2,0.001000
22500,0.001303,1.000000,0.001416,1.000000,130.8,0.001000
22600,0.001034,1.000000,0.001092,1.000000,131.3,0.001000
22700,0.020917,0.998724,0.023882,0.998512,131.9,0.001000
22800,0.000947,1.000000,0.001074,1.000000,132.4,0.001000
22900,0.001144,1.000000,0.001220,1.000000,133.0,0.001000
23000,0.032861,0.998937,0.034739,0.999575,133.6,0.001000
23100,0.002942,1.000000,0.003653,1.000000,134.1,0.001000
23200,0.001172,1.000000,0.001309,1.000000,134.7,0.001000
23300,0.001101,1.000000,0.001166,1.000000,135.3,0.001000
23400,0.035582,0.995536,0.044009,0.993836,135.9,0.001000
23500,0.001014,1.000000,0.001188,1.000000,136.5,0.001000
23600,0.001428,1.000000,0.001551,1.000000,137.1,0.001000
23700,0.000974,1.000000,0.001038,1.000000,137.6,0.001000
23800,0.016810,0.998937,0.020988,0.998087,138.2,0.001000
23900,0.000973,1.000000,0.001109,1.000000,138.8,0.001000
24000,0.001342,1.000000,0.001439,1.000000,139.4,0.001000
24100,0.000804,1.000000,0.000848,1.000000,140.0,0.001000
24200,0.013195,0.998724,0.013300,0.998725,140.5,0.001000
24300,0.001053,1.000000,0.001170,1.000000,141.1,0.001000
24400,0.001154,1.000000,0.001222,1.000000,141.7,0.001000
24500,0.021107,0.998724,0.025273,0.998512,142.3,0.001000
24600,0.020978,0.998087,0.033413,0.994049,142.9,0.001000
24700,0.003091,1.000000,0.003504,1.000000,143.5,0.001000
24800,0.001021,1.000000,0.001202,1.000000,144.0,0.001000
24900,0.001192,1.000000,0.001285,1.000000,144.6,0.001000
25000,0.000744,1.000000,0.000790,1.000000,145.3,0.001000
25100,0.012995,0.999150,0.014901,0.999362,145.8,0.001000
25200,0.001748,1.000000,0.002238,1.000000,146.4,0.001000
25300,0.001183,1.000000,0.001282,1.000000,147.0,0.001000
25400,0.000883,1.000000,0.000930,1.000000,147.5,0.001000
25500,0.019630,0.998299,0.025596,0.997237,148.1,0.001000
25600,0.000990,1.000000,0.001118,1.000000,148.7,0.001000
25700,0.001266,1.000000,0.001344,1.000000,149.5,0.001000
25800,0.000688,1.000000,0.000722,1.000000,150.2,0.001000
25900,0.005923,0.999787,0.007182,0.999787,150.8,0.001000
26000,0.001073,1.000000,0.001184,1.000000,151.4,0.001000
26100,0.001012,1.000000,0.001076,1.000000,152.1,0.001000
26200,0.026347,0.998724,0.032798,0.996174,152.7,0.001000
26300,0.000904,1.000000,0.001017,1.000000,153.2,0.001000
26400,0.001210,1.000000,0.001289,1.000000,153.8,0.001000
26500,0.089527,0.991709,0.101072,0.989160,154.4,0.001000
26600,0.026816,0.997236,0.036040,0.995324,155.0,0.001000
26700,0.001187,1.000000,0.001317,1.000000,155.6,0.001000
26800,0.001223,1.000000,0.001297,1.000000,156.2,0.001000
26900,0.024286,0.998724,0.030053,0.997875,156.7,0.001000
27000,0.010484,0.998937,0.011668,0.999575,157.3,0.001000
27100,0.001142,1.000000,0.001271,1.000000,157.9,0.001000
27200,0.001195,1.000000,0.001262,1.000000,158.5,0.001000
27300,0.038694,0.998087,0.038836,0.998087,159.1,0.001000
27400,0.001375,1.000000,0.001688,1.000000,159.7,0.001000
27500,0.001218,1.000000,0.001322,1.000000,160.2,0.001000
27600,0.000954,1.000000,0.001015,1.000000,160.9,0.001000
27700,0.010188,0.998937,0.012328,0.998725,161.5,0.001000
27800,0.006476,1.000000,0.008261,0.999362,162.0,0.001000
27900,0.000984,1.000000,0.001087,1.000000,162.6,0.001000
28000,0.000957,1.000000,0.001015,1.000000,163.2,0.001000
28100,0.037630,0.995536,0.045331,0.993836,163.7,0.001000
28200,0.001176,1.000000,0.001388,1.000000,164.3,0.001000
28300,0.001252,1.000000,0.001358,1.000000,164.9,0.001000
28400,0.000933,1.000000,0.000992,1.000000,165.5,0.001000
28500,0.013827,0.998937,0.016319,0.999362,166.0,0.001000
28600,0.012903,0.998937,0.015666,0.998512,166.6,0.001000
28700,0.000828,1.000000,0.000926,1.000000,167.2,0.001000
28800,0.000992,1.000000,0.001057,1.000000,167.7,0.001000
28900,0.225988,0.958971,0.249470,0.951966,168.3,0.001000
29000,0.008246,0.999150,0.009590,0.999575,168.9,0.001000
29100,0.000920,1.000000,0.001063,1.000000,169.5,0.001000
29200,0.001166,1.000000,0.001254,1.000000,170.0,0.001000
29300,0.000760,1.000000,0.000805,1.000000,170.6,0.001000
29400,0.002175,1.000000,0.002618,1.000000,171.2,0.001000
29500,0.001192,1.000000,0.001296,1.000000,171.7,0.001000
29600,0.000937,1.000000,0.000985,1.000000,172.3,0.001000
29700,0.019311,0.999150,0.019782,0.999787,172.9,0.001000
29800,0.000881,1.000000,0.001010,1.000000,173.6,0.001000
29900,0.001220,1.000000,0.001315,1.000000,174.2,0.001000
30000,0.000761,1.000000,0.000809,1.000000,174.8,0.001000
30100,0.057746,0.997662,0.066807,0.998087,175.4,0.001000
30200,0.003611,1.000000,0.005053,1.000000,175.9,0.001000
30300,0.001126,1.000000,0.001253,1.000000,176.5,0.001000
30400,0.001070,1.000000,0.001140,1.000000,177.1,0.001000
30500,0.066023,0.988308,0.077612,0.987248,177.7,0.001000
30600,0.001819,1.000000,0.001814,1.000000,178.2,0.001000
30700,0.001160,1.000000,0.001254,1.000000,178.8,0.001000
30800,0.000846,1.000000,0.000895,1.000000,179.5,0.001000
30900,0.006289,1.000000,0.009172,0.999150,180.1,0.001000
31000,0.001067,1.000000,0.001184,1.000000,180.6,0.001000
31100,0.001011,1.000000,0.001073,1.000000,181.2,0.001000
31200,0.031917,0.998724,0.037172,0.998512,181.7,0.001000
31300,0.005640,0.999787,0.006083,1.000000,182.3,0.001000
31400,0.000864,1.000000,0.000972,1.000000,182.9,0.001000
31500,0.001126,1.000000,0.001187,1.000000,183.5,0.001000
31600,0.323470,0.940051,0.363906,0.928374,184.1,0.001000
31700,0.001195,1.000000,0.001373,1.000000,184.6,0.001000
31800,0.001197,1.000000,0.001301,1.000000,185.2,0.001000
31900,0.000880,1.000000,0.000934,1.000000,185.8,0.001000
32000,0.018160,0.999575,0.023866,0.998937,186.3,0.001000
32100,0.001114,1.000000,0.001281,1.000000,187.0,0.001000
32200,0.001273,1.000000,0.001371,1.000000,187.6,0.001000
32300,0.508269,0.884991,0.552332,0.869288,188.1,0.001000
32400,0.005212,1.000000,0.005615,1.000000,188.8,0.001000
32500,0.000920,1.000000,0.001059,1.000000,189.4,0.001000
32600,0.001177,1.000000,0.001256,1.000000,190.0,0.001000
32700,0.000745,1.000000,0.000784,1.000000,190.5,0.001000
32800,0.011041,0.999362,0.012751,0.999575,191.2,0.001000
32900,0.000861,1.000000,0.000973,1.000000,191.7,0.001000
33000,0.001236,1.000000,0.001309,1.000000,192.3,0.001000
33100,0.000768,1.000000,0.000804,1.000000,192.9,0.001000
33200,0.014072,0.998512,0.017268,0.997875,193.5,0.001000
33300,0.001177,1.000000,0.001442,1.000000,194.1,0.001000
33400,0.001156,1.000000,0.001247,1.000000,194.7,0.001000
33500,0.000760,1.000000,0.000802,1.000000,195.3,0.001000
33600,0.349844,0.946854,0.394022,0.930287,195.9,0.001000
33700,0.001884,1.000000,0.002481,1.000000,196.6,0.001000
33800,0.001150,1.000000,0.001250,1.000000,197.2,0.001000
33900,0.001008,1.000000,0.001065,1.000000,197.8,0.001000
34000,0.039515,0.997236,0.042924,0.996174,198.5,0.001000
34100,0.006690,0.999575,0.007739,0.999787,199.4,0.001000
34200,0.001100,1.000000,0.001205,1.000000,200.1,0.001000
34300,0.000940,1.000000,0.000997,1.000000,200.8,0.001000
34400,0.032256,0.997662,0.037212,0.996387,201.5,0.001000
34500,0.001346,1.000000,0.001504,1.000000,202.2,0.001000
34600,0.001160,1.000000,0.001257,1.000000,202.9,0.001000
34700,0.000764,1.000000,0.000811,1.000000,203.5,0.001000
34800,0.015474,0.998937,0.022640,0.997450,204.2,0.001000
34900,0.000959,1.000000,0.001108,1.000000,204.8,0.001000
35000,0.001296,1.000000,0.001396,1.000000,205.4,0.001000
35100,0.000872,1.000000,0.000913,1.000000,206.0,0.001000
35200,0.009049,0.999362,0.011296,0.999362,206.6,0.001000
35300,0.001088,1.000000,0.001207,1.000000,207.2,0.001000
35400,0.001031,1.000000,0.001087,1.000000,207.8,0.001000
35500,0.060820,0.990646,0.066704,0.990011,208.4,0.001000
35600,0.002118,1.000000,0.002731,1.000000,209.0,0.001000
35700,0.001280,1.000000,0.001399,1.000000,209.6,0.001000
35800,0.000980,1.000000,0.001035,1.000000,210.2,0.001000
35900,0.031211,0.995748,0.038044,0.994261,210.8,0.001000
36000,0.004299,1.000000,0.006055,0.999787,211.4,0.001000
36100,0.006612,0.999787,0.008640,0.999150,212.0,0.001000
36200,0.001098,1.000000,0.001189,1.000000,212.6,0.001000
36300,0.000927,1.000000,0.000971,1.000000,213.2,0.001000
36400,0.021780,0.998512,0.023791,0.998300,213.8,0.001000
36500,0.000849,1.000000,0.000970,1.000000,214.3,0.001000
36600,0.001212,1.000000,0.001307,1.000000,214.9,0.001000
36700,0.000674,1.000000,0.000714,1.000000,215.5,0.001000
36800,0.002202,1.000000,0.002651,1.000000,216.1,0.001000
36900,0.001247,1.000000,0.001370,1.000000,216.7,0.001000
37000,0.000910,1.000000,0.000966,1.000000,217.3,0.001000
37100,0.019547,0.998724,0.025865,0.998300,217.8,0.001000
37200,0.001418,1.000000,0.001709,1.000000,218.4,0.001000
37300,0.001231,1.000000,0.001351,1.000000,219.0,0.001000
37400,0.000906,1.000000,0.000967,1.000000,219.6,0.001000
37500,0.012680,0.999575,0.015379,0.999575,220.2,0.001000
37600,0.001083,1.000000,0.001315,1.000000,220.7,0.001000
37700,0.001316,1.000000,0.001421,1.000000,221.3,0.001000
37800,0.000930,1.000000,0.000986,1.000000,221.9,0.001000
37900,0.012020,1.000000,0.019773,0.997450,222.4,0.001000
38000,0.009865,0.999362,0.012874,0.999150,223.0,0.001000
38100,0.000848,1.000000,0.000979,1.000000,223.6,0.001000
38200,0.001134,1.000000,0.001230,1.000000,224.2,0.001000
38300,0.000708,1.000000,0.000754,1.000000,224.8,0.001000
38400,0.011611,0.998937,0.014421,0.998937,225.4,0.001000
38500,0.002150,1.000000,0.002829,1.000000,226.0,0.001000
38600,0.001146,1.000000,0.001238,1.000000,226.5,0.001000
38700,0.000884,1.000000,0.000922,1.000000,227.1,0.001000
38800,0.010143,0.999575,0.014049,0.998725,227.7,0.001000
38900,0.000886,1.000000,0.001007,1.000000,228.3,0.001000
39000,0.001213,1.000000,0.001302,1.000000,228.9,0.001000
39100,0.042154,0.998512,0.048836,0.998087,229.5,0.001000
39200,0.002122,1.000000,0.002733,1.000000,230.1,0.001000
39300,0.001202,1.000000,0.001307,1.000000,230.6,0.001000
39400,0.000906,1.000000,0.000958,1.000000,231.2,0.001000
39500,0.026827,0.997662,0.033021,0.997450,231.8,0.001000
39600,0.003277,1.000000,0.003793,1.000000,232.4,0.001000
39700,0.001088,1.000000,0.001193,1.000000,232.9,0.001000
39800,0.000906,1.000000,0.000961,1.000000,233.5,0.001000
39900,0.023392,0.999362,0.028930,0.998725,234.1,0.001000
40000,0.001715,1.000000,0.002243,1.000000,234.7,0.001000
40100,0.001283,1.000000,0.001403,1.000000,235.3,0.001000
40200,0.000970,1.000000,0.001023,1.000000,235.9,0.001000
40300,0.030832,0.996386,0.032989,0.996812,236.4,0.001000
40400,0.000882,1.000000,0.000987,1.000000,237.0,0.001000
40500,0.001164,1.000000,0.001234,1.000000,237.6,0.001000
40600,0.039318,0.997874,0.047250,0.995962,238.2,0.001000
40700,0.001044,1.000000,0.001336,1.000000,238.8,0.001000
40800,0.001323,1.000000,0.001414,1.000000,239.4,0.001000
40900,0.000812,1.000000,0.000851,1.000000,239.9,0.001000
41000,0.018249,0.996599,0.018538,0.997875,240.5,0.001000
41100,0.000895,1.000000,0.001051,1.000000,241.1,0.001000
41200,0.001267,1.000000,0.001358,1.000000,241.7,0.001000
41300,0.000717,1.000000,0.000752,1.000000,242.2,0.001000
41400,0.021951,0.997236,0.027366,0.995537,242.8,0.001000
41500,0.005035,0.999787,0.006074,0.999787,243.4,0.001000
41600,0.001078,1.000000,0.001169,1.000000,244.0,0.001000
41700,0.000890,1.000000,0.000935,1.000000,244.6,0.001000
41800,0.029897,0.996811,0.033180,0.996599,245.1,0.001000
41900,0.000795,1.000000,0.000914,1.000000,245.7,0.001000
42000,0.001148,1.000000,0.001229,1.000000,246.3,0.001000
42100,0.000728,1.000000,0.000760,1.000000,246.9,0.001000
42200,0.009716,0.999787,0.011585,0.999575,247.5,0.001000
42300,0.000869,1.000000,0.000989,1.000000,248.0,0.001000
42400,0.001140,1.000000,0.001218,1.000000,248.6,0.001000
42500,0.082008,0.995536,0.090225,0.994686,249.2,0.001000
42600,0.008885,1.000000,0.010322,1.000000,249.8,0.001000
42700,0.001065,1.000000,0.001167,1.000000,250.4,0.001000
42800,0.001109,1.000000,0.001173,1.000000,250.9,0.001000
42900,0.018771,0.998724,0.024027,0.997875,251.5,0.001000
43000,0.000894,1.000000,0.001037,1.000000,252.1,0.001000
43100,0.001172,1.000000,0.001268,1.000000,252.7,0.001000
43200,0.056341,0.999362,0.063103,0.998937,253.3,0.001000
43300,0.001880,0.999787,0.002071,0.999787,253.9,0.001000
43400,0.001192,1.000000,0.001292,1.000000,254.4,0.001000
43500,0.000879,1.000000,0.000927,1.000000,255.0,0.001000
43600,0.024795,0.997236,0.029965,0.996387,255.6,0.001000
43700,0.000876,1.000000,0.001004,1.000000,256.2,0.001000
43800,0.001246,1.000000,0.001338,1.000000,256.8,0.001000
43900,0.000756,1.000000,0.000797,1.000000,257.3,0.001000
44000,0.003048,1.000000,0.003515,1.000000,257.9,0.001000
44100,0.001304,1.000000,0.001422,1.000000,258.5,0.001000
44200,0.001034,1.000000,0.001093,1.000000,259.1,0.001000
44300,0.037944,0.997236,0.042034,0.996174,259.6,0.001000
44400,0.001145,1.000000,0.001333,1.000000,260.3,0.001000
44500,0.001321,1.000000,0.001425,1.000000,261.3,0.001000
44600,0.000902,1.000000,0.000949,1.000000,262.0,0.001000
44700,0.007011,0.999787,0.008853,0.999787,262.7,0.001000
44800,0.001140,1.000000,0.001258,1.000000,263.3,0.001000
44900,0.001122,1.000000,0.001187,1.000000,264.0,0.001000
45000,0.034647,0.996599,0.041443,0.995112,264.7,0.001000
45100,0.000964,1.000000,0.001142,1.000000,265.5,0.001000
45200,0.001357,1.000000,0.001475,1.000000,266.6,0.001000
45300,0.000891,1.000000,0.000946,1.000000,267.4,0.001000
45400,0.012370,0.999575,0.015416,0.998937,268.1,0.001000
45500,0.001026,1.000000,0.001232,1.000000,268.9,0.001000
45600,0.001212,1.000000,0.001306,1.000000,269.6,0.001000
45700,0.000831,1.000000,0.000881,1.000000,270.2,0.001000
45800,0.011794,0.999150,0.014931,0.999575,270.9,0.001000
45900,0.001063,1.000000,0.001184,1.000000,271.5,0.001000
46000,0.001108,1.000000,0.001187,1.000000,272.1,0.001000
46100,0.019093,0.998724,0.022521,0.998087,272.7,0.001000
46200,0.002507,1.000000,0.003009,1.000000,273.3,0.001000
46300,0.001266,1.000000,0.001378,1.000000,273.9,0.001000
46400,0.000960,1.000000,0.001007,1.000000,274.5,0.001000
46500,0.021526,0.998299,0.023154,0.998725,275.0,0.001000
46600,0.001033,1.000000,0.001180,1.000000,275.6,0.001000
46700,0.001242,1.000000,0.001326,1.000000,276.2,0.001000
46800,0.189636,0.989796,0.226941,0.978321,276.8,0.001000
46900,0.001588,1.000000,0.001898,1.000000,277.4,0.001000
47000,0.001190,1.000000,0.001292,1.000000,278.0,0.001000
47100,0.000817,1.000000,0.000860,1.000000,278.5,0.001000
47200,0.018107,0.998937,0.021730,0.998512,279.1,0.001000
47300,0.000838,1.000000,0.000940,1.000000,279.7,0.001000
47400,0.001081,1.000000,0.001152,1.000000,280.3,0.001000
47500,0.028968,0.998512,0.041098,0.995537,280.9,0.001000
47600,0.002452,1.000000,0.003080,1.000000,281.5,0.001000
47700,0.001112,1.000000,0.001221,1.000000,282.0,0.001000
47800,0.000885,1.000000,0.000939,1.000000,282.6,0.001000
47900,0.022598,0.997449,0.025396,0.997875,283.2,0.001000
48000,0.000900,1.000000,0.001015,1.000000,283.8,0.001000
48100,0.001216,1.000000,0.001300,1.000000,284.3,0.001000
48200,0.083646,0.994048,0.099531,0.991498,284.9,0.001000
48300,0.003815,0.999787,0.004364,1.000000,285.5,0.001000
48400,0.000886,1.000000,0.001011,1.000000,286.1,0.001000
48500,0.001099,1.000000,0.001185,1.000000,286.7,0.001000
48600,0.000689,1.000000,0.000729,1.000000,287.2,0.001000
48700,0.056521,0.989158,0.067721,0.988310,287.8,0.001000
48800,0.009483,1.000000,0.011111,0.999787,288.4,0.001000
48900,0.001199,1.000000,0.001307,1.000000,289.0,0.001000
49000,0.000983,1.000000,0.001048,1.000000,289.5,0.001000
49100,0.027337,0.997024,0.037273,0.996174,290.1,0.001000
49200,0.003809,1.000000,0.005215,0.999575,290.7,0.001000
49300,0.001205,1.000000,0.001324,1.000000,291.3,0.001000
49400,0.000987,1.000000,0.001059,1.000000,291.9,0.001000
49500,0.012674,0.998937,0.017001,0.998087,292.5,0.001000
49600,0.000904,1.000000,0.001021,1.000000,293.1,0.001000
49700,0.001156,1.000000,0.001229,1.000000,293.6,0.001000
49800,0.093054,0.995323,0.102686,0.991498,294.2,0.001000
49900,0.002561,1.000000,0.003426,1.000000,294.8,0.001000
50000,0.001161,1.000000,0.001286,1.000000,295.4,0.001000
50100,0.000961,1.000000,0.001020,1.000000,295.9,0.001000
50200,0.025579,0.998512,0.031355,0.998725,296.5,0.001000
50300,0.000840,1.000000,0.000961,1.000000,297.1,0.001000
50400,0.001163,1.000000,0.001238,1.000000,297.7,0.001000
50500,4.251765,0.141369,4.295429,0.140489,298.3,0.001000
50600,0.010959,0.998512,0.010532,0.999575,298.9,0.001000
50700,0.001038,1.000000,0.001144,1.000000,299.5,0.001000
50800,0.001093,1.000000,0.001152,1.000000,300.0,0.001000
50900,0.035455,0.998937,0.044239,0.997450,300.6,0.001000
51000,0.001421,1.000000,0.001652,1.000000,301.2,0.001000
51100,0.001186,1.000000,0.001288,1.000000,301.8,0.001000
51200,0.000899,1.000000,0.000952,1.000000,302.4,0.001000
51300,0.013979,0.998299,0.018886,0.998087,302.9,0.001000
51400,0.003043,1.000000,0.003661,1.000000,303.5,0.001000
51500,0.001104,1.000000,0.001221,1.000000,304.1,0.001000
51600,0.000936,1.000000,0.000994,1.000000,304.7,0.001000
51700,0.024785,0.996811,0.027608,0.997237,305.2,0.001000
51800,0.007317,1.000000,0.008196,1.000000,305.8,0.001000
51900,0.000993,1.000000,0.001072,1.000000,306.4,0.001000
52000,0.000924,1.000000,0.000970,1.000000,307.0,0.001000
52100,0.057339,0.991284,0.067100,0.989373,307.6,0.001000
52200,0.000808,1.000000,0.000946,1.000000,308.1,0.001000
52300,0.001220,1.000000,0.001312,1.000000,308.7,0.001000
52400,0.000877,1.000000,0.000926,1.000000,309.3,0.001000
52500,0.005731,0.999575,0.006372,1.000000,309.9,0.001000
52600,0.006862,0.999575,0.007948,1.000000,310.5,0.001000
52700,0.000941,1.000000,0.001039,1.000000,311.0,0.001000
52800,0.000876,1.000000,0.000927,1.000000,311.6,0.001000
52900,0.036322,0.995536,0.039112,0.996174,312.2,0.001000
53000,0.007928,0.999787,0.009438,0.999787,312.7,0.001000
53100,0.001209,1.000000,0.001309,1.000000,313.3,0.001000
53200,0.001141,1.000000,0.001218,1.000000,313.9,0.001000
53300,0.054448,0.997024,0.062299,0.995324,314.5,0.001000
53400,0.003650,0.999787,0.004774,1.000000,315.0,0.001000
53500,0.001191,1.000000,0.001317,1.000000,315.6,0.001000
53600,0.001013,1.000000,0.001074,1.000000,316.2,0.001000
53700,0.018889,0.998937,0.024414,0.996599,316.8,0.001000
53800,0.001239,1.000000,0.001487,1.000000,317.3,0.001000
53900,0.001301,1.000000,0.001412,1.000000,317.9,0.001000
54000,0.000954,1.000000,0.001022,1.000000,318.5,0.001000
54100,0.019125,0.998087,0.022432,0.997450,319.1,0.001000
54200,0.000951,1.000000,0.001074,1.000000,319.7,0.001000
54300,0.001226,1.000000,0.001310,1.000000,320.2,0.001000
54400,0.805498,0.802296,0.887452,0.784059,320.8,0.001000
54500,0.007085,1.000000,0.009990,1.000000,321.4,0.001000
54600,0.004224,0.999787,0.005006,1.000000,321.9,0.001000
54700,0.001137,1.000000,0.001245,1.000000,322.5,0.001000
54800,0.000938,1.000000,0.000996,1.000000,323.1,0.001000
54900,0.032232,0.996386,0.051199,0.991711,323.7,0.001000
55000,0.001015,1.000000,0.001189,1.000000,324.3,0.001000
55100,0.001184,1.000000,0.001276,1.000000,324.9,0.001000
55200,0.000801,1.000000,0.000845,1.000000,325.5,0.001000
55300,0.005811,0.999362,0.006264,0.999362,326.0,0.001000
55400,0.001040,1.000000,0.001131,1.000000,326.6,0.001000
55500,0.000939,1.000000,0.000999,1.000000,327.2,0.001000
55600,0.028681,0.995961,0.038310,0.994049,327.8,0.001000
55700,0.019064,0.997236,0.021401,0.997662,328.3,0.001000
55800,0.009645,0.999150,0.010925,0.998937,328.9,0.001000
55900,0.000778,1.000000,0.000886,1.000000,329.5,0.001000
56000,0.001019,1.000000,0.001095,1.000000,330.1,0.001000
56100,0.000591,1.000000,0.000626,1.000000,330.6,0.001000
56200,0.011731,0.999787,0.017070,0.998725,331.2,0.001000
56300,0.000814,1.000000,0.000917,1.000000,331.8,0.001000
56400,0.001074,1.000000,0.001150,1.000000,332.4,0.001000
56500,0.129856,0.992559,0.146423,0.990223,333.0,0.001000
56600,0.001922,1.000000,0.002275,1.000000,333.6,0.001000
56700,0.002271,1.000000,0.003222,0.999787,334.1,0.001000
56800,0.001129,1.000000,0.001213,1.000000,334.7,0.001000
56900,0.000769,1.000000,0.000806,1.000000,335.3,0.001000
57000,1.520671,0.623937,1.580449,0.598937,335.8,0.001000
57100,0.001878,1.000000,0.002356,1.000000,336.4,0.001000
57200,0.001086,1.000000,0.001187,1.000000,337.0,0.001000
57300,0.000959,1.000000,0.001007,1.000000,337.5,0.001000
57400,0.010269,0.999787,0.014022,0.999575,338.1,0.001000
57500,0.000897,1.000000,0.001036,1.000000,338.7,0.001000
57600,0.001128,1.000000,0.001208,1.000000,339.3,0.001000
57700,0.000706,1.000000,0.000744,1.000000,339.9,0.001000
57800,0.012104,1.000000,0.015779,0.998937,340.4,0.001000
57900,0.002981,1.000000,0.003626,1.000000,341.0,0.001000
58000,0.001126,1.000000,0.001253,1.000000,341.6,0.001000
58100,0.000904,1.000000,0.000978,1.000000,342.2,0.001000
58200,0.000447,1.000000,0.000485,1.000000,342.8,0.001000
58300,0.013794,0.998087,0.013389,0.998725,343.3,0.001000
58400,0.000817,1.000000,0.000949,1.000000,343.9,0.001000
58500,0.001127,1.000000,0.001212,1.000000,344.5,0.001000
58600,0.109541,0.991497,0.118574,0.988098,345.1,0.001000
58700,0.007231,0.999787,0.009426,0.999150,345.7,0.001000
58800,0.000888,1.000000,0.001004,1.000000,346.2,0.001000
58900,0.001076,1.000000,0.001157,1.000000,346.8,0.001000
59000,0.046558,0.995961,0.051954,0.995112,347.4,0.001000
59100,0.001754,1.000000,0.002256,1.000000,348.0,0.001000
59200,0.001246,1.000000,0.001359,1.000000,348.6,0.001000
59300,0.000925,1.000000,0.000982,1.000000,349.1,0.001000
59400,0.010120,0.999787,0.013423,0.999362,349.7,0.001000
59500,0.000978,1.000000,0.001096,1.000000,350.3,0.001000
59600,0.001123,1.000000,0.001194,1.000000,350.8,0.001000
59700,0.049382,0.993835,0.058546,0.992561,351.4,0.001000
59800,0.005285,0.999787,0.005794,0.999787,352.0,0.001000
59900,0.000938,1.000000,0.001047,1.000000,352.6,0.001000
60000,0.000989,1.000000,0.001056,1.000000,353.1,0.001000
60100,0.000638,1.000000,0.000680,1.000000,353.7,0.001000
60200,0.012328,0.999575,0.016704,0.998512,354.3,0.001000
60300,0.001004,1.000000,0.001156,1.000000,354.9,0.001000
60400,0.001053,1.000000,0.001137,1.000000,355.5,0.001000
60500,0.000649,1.000000,0.000692,1.000000,356.0,0.001000
60600,0.004938,0.999787,0.006948,0.999362,356.6,0.001000
60700,0.000761,1.000000,0.000899,1.000000,357.2,0.001000
60800,0.001109,1.000000,0.001200,1.000000,357.7,0.001000
60900,0.000722,1.000000,0.000761,1.000000,358.3,0.001000
61000,0.018148,0.998299,0.024970,0.995749,358.9,0.001000
61100,0.000852,1.000000,0.000972,1.000000,359.5,0.001000
61200,0.001158,1.000000,0.001242,1.000000,360.0,0.001000
61300,0.000750,1.000000,0.000792,1.000000,360.6,0.001000
61400,0.004376,1.000000,0.005512,1.000000,361.2,0.001000
61500,0.001165,1.000000,0.001302,1.000000,361.8,0.001000
61600,0.001027,1.000000,0.001091,1.000000,362.4,0.001000
61700,0.015888,0.998937,0.019374,0.998937,362.9,0.001000
61800,0.000795,1.000000,0.000946,1.000000,363.5,0.001000
61900,0.001153,1.000000,0.001241,1.000000,364.1,0.001000
62000,0.000771,1.000000,0.000808,1.000000,364.7,0.001000
62100,0.013803,0.998087,0.015979,0.998937,365.2,0.001000
62200,0.003879,0.999575,0.004938,0.999575,365.8,0.001000
62300,0.000849,1.000000,0.000976,1.000000,366.4,0.001000
62400,0.001132,1.000000,0.001225,1.000000,366.9,0.001000
62500,0.000713,1.000000,0.000754,1.000000,367.5,0.001000
62600,0.026675,0.998087,0.033392,0.996387,368.1,0.001000
62700,0.001227,1.000000,0.001664,1.000000,368.7,0.001000
62800,0.001108,1.000000,0.001222,1.000000,369.3,0.001000
62900,0.000933,1.000000,0.000985,1.000000,369.9,0.001000
63000,0.022901,0.997662,0.026822,0.996599,370.5,0.001000
63100,0.000886,1.000000,0.000993,1.000000,371.1,0.001000
63200,0.001117,1.000000,0.001188,1.000000,371.6,0.001000
63300,0.235162,0.957696,0.260145,0.953241,372.2,0.001000
63400,0.000931,1.000000,0.001061,1.000000,372.8,0.001000
63500,0.001238,1.000000,0.001322,1.000000,373.3,0.001000
63600,0.000885,1.000000,0.000926,1.000000,373.9,0.001000
63700,0.009014,0.999150,0.012139,0.998300,374.5,0.001000
63800,0.060111,0.989796,0.062478,0.990011,375.1,0.001000
63900,0.006743,0.999575,0.007053,1.000000,375.7,0.001000
64000,0.001008,1.000000,0.001094,1.000000,376.2,0.001000
64100,0.000945,1.000000,0.000999,1.000000,376.8,0.001000
64200,0.033472,0.995961,0.041522,0.995537,377.4,0.001000
64300,0.002438,1.000000,0.003571,1.000000,378.0,0.001000
64400,0.001251,1.000000,0.001381,1.000000,378.5,0.001000
64500,0.001094,1.000000,0.001160,1.000000,379.1,0.001000
64600,0.027246,0.996173,0.033757,0.994049,379.7,0.001000
64700,0.012768,0.998937,0.013991,0.999362,380.3,0.001000
64800,0.001064,1.000000,0.001181,1.000000,380.8,0.001000
64900,0.000988,1.000000,0.001047,1.000000,381.4,0.001000
65000,0.043353,0.996386,0.051494,0.996599,382.0,0.001000
65100,0.006682,0.999787,0.008891,0.999787,382.6,0.001000
65200,0.000992,1.000000,0.001100,1.000000,383.2,0.001000
65300,0.001075,1.000000,0.001146,1.000000,383.7,0.001000
65400,0.033043,0.996599,0.039938,0.996387,384.3,0.001000
65500,0.010407,0.999362,0.012035,1.000000,384.9,0.001000
65600,0.001044,1.000000,0.001167,1.000000,385.5,0.001000
65700,0.001022,1.000000,0.001085,1.000000,386.0,0.001000
65800,1.405776,0.672194,1.487274,0.647184,386.6,0.001000
65900,0.001921,1.000000,0.002588,1.000000,387.2,0.001000
66000,0.000782,1.000000,0.000903,1.000000,387.8,0.001000
66100,0.001090,1.000000,0.001169,1.000000,388.4,0.001000
66200,0.000675,1.000000,0.000713,1.000000,389.0,0.001000
66300,0.017114,0.997449,0.019104,0.997875,389.7,0.001000
66400,0.000820,1.000000,0.000955,1.000000,390.4,0.001000
66500,0.001118,1.000000,0.001212,1.000000,391.0,0.001000
66600,0.279841,0.938350,0.286295,0.933688,391.5,0.001000
66700,0.009925,0.999575,0.015070,0.998512,392.1,0.001000
66800,0.000943,1.000000,0.001055,1.000000,392.7,0.001000
66900,0.000972,1.000000,0.001036,1.000000,393.3,0.001000
67000,0.231107,0.974277,0.272896,0.965994,393.9,0.001000
67100,0.003837,1.000000,0.004649,0.999787,394.4,0.001000
67200,0.001116,1.000000,0.001232,1.000000,395.0,0.001000
67300,0.001018,1.000000,0.001082,1.000000,395.6,0.001000
67400,0.022354,0.998937,0.029932,0.996599,396.1,0.001000
67500,0.001490,1.000000,0.001756,1.000000,396.7,0.001000
67600,0.001289,1.000000,0.001394,1.000000,397.3,0.001000
67700,0.000875,1.000000,0.000923,1.000000,397.9,0.001000
67800,0.023233,0.998937,0.026612,0.998512,398.4,0.001000
67900,0.000796,1.000000,0.000909,1.000000,399.0,0.001000
68000,0.001141,1.000000,0.001224,1.000000,399.6,0.001000
68100,1.821262,0.493835,1.838313,0.495218,400.2,0.001000
68200,0.012311,0.998937,0.015573,0.998087,400.8,0.001000
68300,0.000897,1.000000,0.001005,1.000000,401.3,0.001000
68400,0.001095,1.000000,0.001167,1.000000,401.9,0.001000
68500,1.453984,0.579294,1.539914,0.559617,402.5,0.001000
68600,0.002897,1.000000,0.003667,1.000000,403.0,0.001000
68700,0.001252,1.000000,0.001369,1.000000,403.6,0.001000
68800,0.000971,1.000000,0.001031,1.000000,404.2,0.001000
68900,0.009155,0.999575,0.011213,0.999787,404.8,0.001000
69000,0.000864,1.000000,0.001012,1.000000,405.3,0.001000
69100,0.001079,1.000000,0.001168,1.000000,405.9,0.001000
69200,0.000711,1.000000,0.000757,1.000000,406.5,0.001000
69300,0.011933,0.998937,0.014900,0.998512,407.1,0.001000
69400,0.000967,1.000000,0.001086,1.000000,407.7,0.001000
69500,0.001102,1.000000,0.001168,1.000000,408.3,0.001000
69600,0.027460,0.996599,0.031138,0.997237,408.8,0.001000
69700,0.000970,1.000000,0.001175,1.000000,409.4,0.001000
69800,0.001238,1.000000,0.001332,1.000000,410.0,0.001000
69900,0.000834,1.000000,0.000877,1.000000,410.6,0.001000
70000,0.006659,0.999575,0.008817,0.999150,411.2,0.001000
70100,0.000986,1.000000,0.001087,1.000000,411.7,0.001000
70200,0.000919,1.000000,0.000979,1.000000,412.3,0.001000
70300,0.000467,1.000000,0.000500,1.000000,412.9,0.001000
70400,0.018549,0.997024,0.018425,0.998937,413.5,0.001000
70500,0.001025,1.000000,0.001250,1.000000,414.0,0.001000
70600,0.001222,1.000000,0.001334,1.000000,414.6,0.001000
70700,0.000858,1.000000,0.000917,1.000000,415.2,0.001000
70800,0.018198,0.998512,0.023320,0.997237,415.8,0.001000
70900,0.006377,1.000000,0.008803,0.999575,416.4,0.001000
71000,0.001660,1.000000,0.001926,1.000000,416.9,0.001000
71100,0.001062,1.000000,0.001154,1.000000,417.5,0.001000
71200,0.000832,1.000000,0.000881,1.000000,418.1,0.001000
71300,0.028445,0.997236,0.034840,0.994899,418.7,0.001000
71400,0.000757,1.000000,0.000905,1.000000,419.3,0.001000
71500,0.001098,1.000000,0.001186,1.000000,419.8,0.001000
71600,0.001456,1.000000,0.001573,1.000000,420.4,0.001000
71700,0.005735,1.000000,0.008314,0.999575,421.0,0.001000
71800,0.001004,1.000000,0.001111,1.000000,421.6,0.001000
71900,0.000956,1.000000,0.001019,1.000000,422.2,0.001000
72000,0.056259,0.991709,0.072333,0.986610,422.7,0.001000
72100,0.005117,0.999787,0.007221,0.999787,423.3,0.001000
72200,0.001035,1.000000,0.001156,1.000000,423.9,0.001000
72300,0.000992,1.000000,0.001062,1.000000,424.5,0.001000
72400,0.000495,1.000000,0.000526,1.000000,425.1,0.001000
72500,0.023246,0.997024,0.030211,0.994474,425.6,0.001000
72600,0.002156,1.000000,0.002514,1.000000,426.2,0.001000
72700,0.001044,1.000000,0.001139,1.000000,426.8,0.001000
72800,0.000899,1.000000,0.000948,1.000000,427.4,0.001000
72900,0.065591,0.991922,0.077085,0.988310,428.0,0.001000
73000,0.001890,1.000000,0.002410,1.000000,428.5,0.001000
73100,0.011001,0.999150,0.016079,0.998937,429.1,0.001000
73200,0.000869,1.000000,0.000977,1.000000,429.7,0.001000
73300,0.001047,1.000000,0.001119,1.000000,430.3,0.001000
73400,1.747865,0.517432,1.806429,0.508608,430.8,0.001000
73500,0.010233,0.998937,0.014549,0.998512,431.4,0.001000
73600,0.000982,1.000000,0.001107,1.000000,432.0,0.001000
73700,0.001053,1.000000,0.001125,1.000000,432.5,0.001000
73800,0.000742,1.000000,0.000790,1.000000,433.1,0.001000
73900,0.005058,0.999787,0.007515,0.999150,433.7,0.001000
74000,0.016930,0.997236,0.017631,0.998512,434.2,0.001000
74100,0.000987,1.000000,0.001104,1.000000,434.8,0.001000
74200,0.001011,1.000000,0.001082,1.000000,435.4,0.001000
74300,0.000563,1.000000,0.000597,1.000000,435.9,0.001000
74400,0.025734,0.997024,0.027203,0.997450,436.5,0.001000
74500,0.000784,1.000000,0.000920,1.000000,437.1,0.001000
74600,0.001200,1.000000,0.001291,1.000000,437.7,0.001000
74700,0.000789,1.000000,0.000828,1.000000,438.3,0.001000
74800,0.013822,0.999150,0.020719,0.997875,438.9,0.001000
74900,0.000980,1.000000,0.001195,1.000000,439.4,0.001000
75000,0.001151,1.000000,0.001262,1.000000,440.0,0.001000
75100,0.000750,1.000000,0.000803,1.000000,440.6,0.001000
75200,0.009460,0.999362,0.011436,0.998937,441.1,0.001000
75300,0.002457,1.000000,0.003004,1.000000,441.7,0.001000
75400,0.001057,1.000000,0.001155,1.000000,442.3,0.001000
75500,0.000792,1.000000,0.000838,1.000000,442.9,0.001000
75600,0.053322,0.992559,0.063278,0.990648,443.5,0.001000
75700,0.000816,1.000000,0.000955,1.000000,444.0,0.001000
75800,0.001187,1.000000,0.001281,1.000000,444.6,0.001000
75900,0.000813,1.000000,0.000861,1.000000,445.2,0.001000
76000,0.007668,0.999787,0.011832,0.998300,445.8,0.001000
76100,0.012621,0.999787,0.017275,0.998937,446.3,0.001000
76200,0.009428,0.999150,0.010709,0.999575,446.9,0.001000
76300,0.000963,1.000000,0.001063,1.000000,447.5,0.001000
76400,0.000948,1.000000,0.001004,1.000000,448.1,0.001000
76500,0.020463,0.998937,0.026465,0.998300,448.7,0.001000
76600,0.013366,0.999150,0.019969,0.998300,449.3,0.001000
76700,0.000881,1.000000,0.000981,1.000000,449.8,0.001000
76800,0.001010,1.000000,0.001069,1.000000,450.4,0.001000
76900,0.021494,0.998087,0.023589,0.998300,451.0,0.001000
77000,0.012004,0.998724,0.013754,0.998937,451.6,0.001000
77100,0.000891,1.000000,0.001053,1.000000,452.1,0.001000
77200,0.001163,1.000000,0.001259,1.000000,452.7,0.001000
77300,0.000711,1.000000,0.000759,1.000000,453.3,0.001000
77400,0.006886,1.000000,0.010755,0.999575,453.9,0.001000
77500,0.000956,1.000000,0.001065,1.000000,454.5,0.001000
77600,0.001104,1.000000,0.001172,1.000000,455.1,0.001000
77700,0.053172,0.999787,0.060201,0.999362,455.6,0.001000
77800,0.002045,1.000000,0.002475,1.000000,456.2,0.001000
77900,0.001168,1.000000,0.001281,1.000000,456.8,0.001000
78000,0.000984,1.000000,0.001047,1.000000,457.4,0.001000
78100,0.022196,0.998937,0.024323,0.998512,458.0,0.001000
78200,0.000890,1.000000,0.001012,1.000000,458.5,0.001000
78300,0.001283,1.000000,0.001373,1.000000,459.1,0.001000
78400,0.001824,1.000000,0.001933,1.000000,459.7,0.001000
78500,0.004544,1.000000,0.007085,0.999787,460.3,0.001000
78600,0.001113,1.000000,0.001229,1.000000,460.8,0.001000
78700,0.001002,1.000000,0.001064,1.000000,461.4,0.001000
78800,0.036745,0.994473,0.041598,0.996387,462.0,0.001000
78900,0.000875,1.000000,0.000998,1.000000,462.5,0.001000
79000,0.001284,1.000000,0.001382,1.000000,463.1,0.001000
79100,0.000811,1.000000,0.000861,1.000000,463.7,0.001000
79200,0.010562,0.998937,0.014115,0.998725,464.3,0.001000
79300,0.001042,1.000000,0.001157,1.000000,464.9,0.001000
79400,0.001084,1.000000,0.001160,1.000000,465.5,0.001000
79500,1.584315,0.613095,1.678533,0.583634,466.0,0.001000
79600,0.001154,1.000000,0.001390,1.000000,466.6,0.001000
79700,0.001157,1.000000,0.001254,1.000000,467.2,0.001000
79800,0.000875,1.000000,0.000920,1.000000,467.8,0.001000
79900,0.006225,1.000000,0.008326,0.999787,468.4,0.001000
80000,0.001121,1.000000,0.001226,1.000000,468.9,0.001000
80100,0.000990,1.000000,0.001055,1.000000,469.5,0.001000
80200,0.031172,0.998512,0.036887,0.997237,470.1,0.001000
80300,0.001053,1.000000,0.001227,1.000000,470.6,0.001000
80400,0.001148,1.000000,0.001237,1.000000,471.2,0.001000
80500,0.035285,0.999150,0.040797,0.998725,471.8,0.001000
80600,0.001481,1.000000,0.001765,1.000000,472.3,0.001000
80700,0.001272,1.000000,0.001378,1.000000,472.9,0.001000
80800,0.000926,1.000000,0.000983,1.000000,473.5,0.001000
80900,0.029825,0.997874,0.037647,0.995962,474.1,0.001000
81000,0.000839,1.000000,0.000972,1.000000,474.7,0.001000
81100,0.001111,1.000000,0.001188,1.000000,475.3,0.001000
81200,0.000632,1.000000,0.000666,1.000000,475.8,0.001000
81300,0.007676,0.999362,0.010867,0.998937,476.4,0.001000
81400,0.000919,1.000000,0.001031,1.000000,477.0,0.001000
81500,0.001003,1.000000,0.001068,1.000000,477.5,0.001000
81600,0.035286,0.994473,0.046774,0.993411,478.1,0.001000
81700,0.015358,0.998299,0.020548,0.996599,478.7,0.001000
81800,0.000892,1.000000,0.000994,1.000000,479.3,0.001000
81900,0.001079,1.000000,0.001140,1.000000,479.8,0.001000
82000,0.025711,0.998937,0.032054,0.998725,480.4,0.001000
82100,0.002705,0.999787,0.004634,0.999362,481.0,0.001000
82200,0.000916,1.000000,0.001037,1.000000,481.6,0.001000
82300,0.001070,1.000000,0.001140,1.000000,482.1,0.001000
82400,0.123618,0.991497,0.138905,0.990648,482.7,0.001000
82500,0.002540,1.000000,0.002826,1.000000,483.3,0.001000
82600,0.001139,1.000000,0.001241,1.000000,483.9,0.001000
82700,0.000983,1.000000,0.001043,1.000000,484.4,0.001000
82800,0.025551,0.998299,0.033557,0.995962,485.0,0.001000
82900,0.006046,1.000000,0.009119,0.999575,485.6,0.001000
83000,0.000966,1.000000,0.001090,1.000000,486.2,0.001000
83100,0.001078,1.000000,0.001149,1.000000,486.7,0.001000
83200,0.000584,1.000000,0.000616,1.000000,487.3,0.001000
83300,0.011384,0.999362,0.014132,0.998725,487.9,0.001000
83400,0.000898,1.000000,0.001017,1.000000,488.5,0.001000
83500,0.001107,1.000000,0.001183,1.000000,489.0,0.001000
83600,0.108035,0.990434,0.123240,0.989798,489.6,0.001000
83700,0.014664,0.998299,0.015740,0.998087,490.2,0.001000
83800,0.005422,1.000000,0.007162,1.000000,490.8,0.001000
83900,0.000894,1.000000,0.000981,1.000000,491.3,0.001000
84000,0.000854,1.000000,0.000907,1.000000,491.9,0.001000
84100,0.069969,0.996386,0.082203,0.995112,492.5,0.001000
84200,0.006172,1.000000,0.008661,0.999362,493.1,0.001000
84300,0.001800,1.000000,0.002516,0.999787,493.7,0.001000
84400,0.001093,1.000000,0.001180,1.000000,494.2,0.001000
84500,0.000762,1.000000,0.000800,1.000000,494.8,0.001000
84600,0.017163,0.998937,0.021579,0.998725,495.4,0.001000
84700,0.003274,1.000000,0.004023,1.000000,496.0,0.001000
84800,0.001067,1.000000,0.001168,1.000000,496.5,0.001000
84900,0.000903,1.000000,0.000954,1.000000,497.1,0.001000
85000,0.023293,0.999362,0.031883,0.997237,497.7,0.001000
85100,0.000844,1.000000,0.000958,1.000000,498.3,0.001000
85200,0.000996,1.000000,0.001067,1.000000,498.8,0.001000
85300,0.000539,1.000000,0.000570,1.000000,499.4,0.001000
85400,0.017854,0.998087,0.022870,0.996812,500.0,0.001000
85500,0.000806,1.000000,0.000956,1.000000,500.5,0.001000
85600,0.001108,1.000000,0.001191,1.000000,501.1,0.001000
85700,0.000667,1.000000,0.000703,1.000000,501.7,0.001000
85800,0.003974,1.000000,0.005037,0.999787,502.3,0.001000
85900,0.001130,1.000000,0.001243,1.000000,502.8,0.001000
86000,0.000983,1.000000,0.001044,1.000000,503.4,0.001000
86100,0.042235,0.994898,0.049337,0.994899,504.0,0.001000
86200,0.000745,1.000000,0.000851,1.000000,504.6,0.001000
86300,0.001134,1.000000,0.001219,1.000000,505.1,0.001000
86400,0.000691,1.000000,0.000727,1.000000,505.7,0.001000
86500,0.016392,0.999362,0.020537,0.998512,506.3,0.001000
86600,0.000916,1.000000,0.001031,1.000000,506.9,0.001000
86700,0.001087,1.000000,0.001161,1.000000,507.5,0.001000
86800,0.000582,1.000000,0.000615,1.000000,508.1,0.001000
86900,0.003390,0.999787,0.004479,0.999575,508.6,0.001000
87000,0.000727,1.000000,0.000835,1.000000,509.3,0.001000
87100,0.000913,1.000000,0.000972,1.000000,509.9,0.001000
87200,0.041409,0.997662,0.047258,0.998300,510.5,0.001000
87300,0.000801,1.000000,0.000930,1.000000,511.1,0.001000
87400,0.001224,1.000000,0.001325,1.000000,511.7,0.001000
87500,0.000795,1.000000,0.000843,1.000000,512.3,0.001000
87600,0.010227,0.999787,0.012580,0.999362,512.9,0.001000
87700,0.000901,1.000000,0.001005,1.000000,513.5,0.001000
87800,0.001047,1.000000,0.001119,1.000000,514.1,0.001000
87900,0.076233,0.988308,0.088494,0.983847,514.6,0.001000
88000,0.000783,1.000000,0.000934,1.000000,515.2,0.001000
88100,0.001169,1.000000,0.001259,1.000000,515.8,0.001000
88200,0.000814,1.000000,0.000855,1.000000,516.4,0.001000
88300,0.020800,0.998512,0.023849,0.997875,517.0,0.001000
88400,0.001021,1.000000,0.001188,1.000000,517.5,0.001000
88500,0.001192,1.000000,0.001282,1.000000,518.1,0.001000
88600,0.000807,1.000000,0.000858,1.000000,518.7,0.001000
88700,0.042973,0.995323,0.050823,0.993624,519.2,0.001000
88800,0.010449,0.999575,0.012695,0.999575,519.8,0.001000
88900,0.000909,1.000000,0.001115,1.000000,520.4,0.001000
89000,0.001136,1.000000,0.001239,1.000000,520.9,0.001000
89100,0.000826,1.000000,0.000876,1.000000,521.5,0.001000
89200,0.014650,0.999787,0.019766,0.998725,522.1,0.001000
89300,0.004691,1.000000,0.006126,0.999787,522.7,0.001000
89400,0.007535,1.000000,0.009098,0.999787,523.3,0.001000
89500,0.003226,1.000000,0.003460,1.000000,523.8,0.001000
89600,0.000972,1.000000,0.001059,1.000000,524.4,0.001000
89700,0.000755,1.000000,0.000798,1.000000,525.0,0.001000
89800,0.033280,0.996386,0.041376,0.993624,525.5,0.001000
89900,0.012192,0.998087,0.012192,0.998300,526.1,0.001000
90000,0.000824,1.000000,0.000905,1.000000,526.7,0.001000
90100,0.000840,1.000000,0.000890,1.000000,527.2,0.001000
90200,0.044434,0.995961,0.054368,0.992986,527.8,0.001000
90300,0.001144,1.000000,0.001427,1.000000,528.4,0.001000
90400,0.001124,1.000000,0.001234,1.000000,529.0,0.001000
90500,0.000833,1.000000,0.000885,1.000000,529.6,0.001000
90600,0.016384,0.998724,0.019123,0.999362,530.2,0.001000
90700,0.000834,1.000000,0.000937,1.000000,530.7,0.001000
90800,0.001140,1.000000,0.001211,1.000000,531.3,0.001000
90900,0.000624,1.000000,0.000658,1.000000,531.9,0.001000
91000,0.016244,0.999575,0.020588,0.998725,532.5,0.001000
91100,0.000860,1.000000,0.001025,1.000000,533.1,0.001000
91200,0.001143,1.000000,0.001234,1.000000,533.7,0.001000
91300,0.000744,1.000000,0.000789,1.000000,534.2,0.001000
91400,0.057672,0.990221,0.067929,0.989586,534.8,0.001000
91500,0.000823,1.000000,0.000969,1.000000,535.4,0.001000
91600,0.001216,1.000000,0.001309,1.000000,535.9,0.001000
91700,0.000855,1.000000,0.000899,1.000000,536.5,0.001000
91800,0.010987,0.998937,0.015278,0.998087,537.1,0.001000
91900,0.001167,1.000000,0.001409,1.000000,537.6,0.001000
92000,0.001150,1.000000,0.001257,1.000000,538.2,0.001000
92100,0.000734,1.000000,0.000785,1.000000,538.8,0.001000
92200,0.004604,0.999575,0.005725,0.999575,539.4,0.001000
92300,0.000816,1.000000,0.000923,1.000000,540.0,0.001000
92400,0.001035,1.000000,0.001113,1.000000,540.5,0.001000
92500,0.000595,1.000000,0.000632,1.000000,541.1,0.001000
92600,0.007744,0.999787,0.010078,1.000000,541.7,0.001000
92700,0.004404,1.000000,0.005854,0.999575,542.2,0.001000
92800,0.000848,1.000000,0.001024,1.000000,542.8,0.001000
92900,0.001141,1.000000,0.001240,1.000000,543.4,0.001000
93000,0.000727,1.000000,0.000778,1.000000,544.0,0.001000
93100,0.008905,0.999575,0.011093,0.999362,544.5,0.001000
93200,0.000844,1.000000,0.000959,1.000000,545.1,0.001000
93300,0.001070,1.000000,0.001140,1.000000,545.7,0.001000
93400,0.000579,1.000000,0.000610,1.000000,546.3,0.001000
93500,0.015534,0.997449,0.021523,0.997024,546.9,0.001000
93600,0.000757,1.000000,0.000859,1.000000,547.5,0.001000
93700,0.001094,1.000000,0.001170,1.000000,548.0,0.001000
93800,0.054005,0.998087,0.061233,0.996599,548.6,0.001000
93900,0.016123,0.997236,0.024000,0.995324,549.2,0.001000
94000,0.006909,0.999787,0.009373,0.999787,549.8,0.001000
94100,0.000827,1.000000,0.000969,1.000000,550.4,0.001000
94200,0.001042,1.000000,0.001124,1.000000,551.0,0.001000
94300,0.000800,1.000000,0.000848,1.000000,551.5,0.001000
94400,0.008643,0.998724,0.010572,0.999362,552.1,0.001000
94500,0.000866,1.000000,0.001021,1.000000,552.7,0.001000
94600,0.001057,1.000000,0.001139,1.000000,553.3,0.001000
94700,0.000697,1.000000,0.000735,1.000000,553.8,0.001000
94800,0.011922,0.999575,0.016548,0.998725,554.4,0.001000
94900,0.000808,1.000000,0.000931,1.000000,555.0,0.001000
95000,0.001120,1.000000,0.001200,1.000000,555.6,0.001000
95100,0.001002,1.000000,0.001077,1.000000,556.1,0.001000
95200,0.011502,0.998724,0.015197,0.997662,556.7,0.001000
95300,0.000853,1.000000,0.000967,1.000000,557.3,0.001000
95400,0.001061,1.000000,0.001130,1.000000,557.8,0.001000
95500,1.190094,0.671769,1.235704,0.657598,558.4,0.001000
95600,0.001161,1.000000,0.001568,1.000000,559.0,0.001000
95700,0.001122,1.000000,0.001226,1.000000,559.6,0.001000
95800,0.000872,1.000000,0.000929,1.000000,560.1,0.001000
95900,0.000478,1.000000,0.000507,1.000000,560.7,0.001000
96000,0.002566,1.000000,0.004082,1.000000,561.3,0.001000
96100,0.001119,1.000000,0.001249,1.000000,561.8,0.001000
96200,0.000988,1.000000,0.001048,1.000000,562.4,0.001000
96300,0.038194,0.997449,0.047975,0.994261,563.0,0.001000
96400,0.006405,0.999575,0.006918,1.000000,563.6,0.001000
96500,0.001027,1.000000,0.001136,1.000000,564.1,0.001000
96600,0.001007,1.000000,0.001073,1.000000,564.7,0.001000
96700,0.048076,0.993410,0.056880,0.991923,565.3,0.001000
96800,0.001029,1.000000,0.001121,1.000000,565.9,0.001000
96900,0.001192,1.000000,0.001293,1.000000,566.4,0.001000
97000,0.000844,1.000000,0.000894,1.000000,567.0,0.001000
97100,0.018583,0.998724,0.020639,0.998300,567.6,0.001000
97200,0.008874,0.999575,0.009998,0.999575,568.2,0.001000
97300,0.000985,1.000000,0.001166,1.000000,568.7,0.001000
97400,0.001162,1.000000,0.001243,1.000000,569.3,0.001000
97500,0.000706,1.000000,0.000745,1.000000,569.9,0.001000
97600,0.010831,0.999362,0.015343,0.998512,570.5,0.001000
97700,0.002445,1.000000,0.003207,1.000000,571.1,0.001000
97800,0.001190,1.000000,0.001304,1.000000,571.6,0.001000
97900,0.000863,1.000000,0.000915,1.000000,572.2,0.001000
98000,0.018343,0.997874,0.023730,0.997450,572.8,0.001000
98100,0.000851,1.000000,0.000965,1.000000,573.3,0.001000
98200,0.001069,1.000000,0.001134,1.000000,573.9,0.001000
98300,0.030537,0.998299,0.034829,0.998512,574.5,0.001000
98400,0.000800,1.000000,0.000950,1.000000,575.1,0.001000
98500,0.001170,1.000000,0.001257,1.000000,575.6,0.001000
98600,0.000756,1.000000,0.000797,1.000000,576.2,0.001000
98700,0.014523,0.999787,0.021152,0.997237,576.8,0.001000
98800,0.000825,1.000000,0.000944,1.000000,577.4,0.001000
98900,0.001108,1.000000,0.001188,1.000000,577.9,0.001000
99000,0.629217,0.839073,0.698479,0.818278,578.5,0.001000
99100,0.007796,0.999787,0.010584,0.999575,579.1,0.001000
99200,0.000873,1.000000,0.000996,1.000000,579.7,0.001000
99300,0.001099,1.000000,0.001181,1.000000,580.2,0.001000
99400,0.071713,0.997449,0.077406,0.997237,580.8,0.001000
99500,0.005394,0.999787,0.008721,0.999150,581.4,0.001000
99600,0.001019,1.000000,0.001136,1.000000,582.0,0.001000
99700,0.001017,1.000000,0.001083,1.000000,582.5,0.001000
99800,0.032342,0.996386,0.043710,0.993199,583.1,0.001000
99900,0.010992,0.999150,0.012169,0.998725,583.7,0.001000
100000,0.000890,1.000000,0.001130,1.000000,584.3,0.001000
100100,0.001149,1.000000,0.001238,1.000000,584.9,0.001000
100200,0.000777,1.000000,0.000819,1.000000,585.4,0.001000
100300,0.013384,0.999362,0.018800,0.998300,586.1,0.001000
100400,0.000972,1.000000,0.001196,1.000000,586.7,0.001000
100500,0.001260,1.000000,0.001372,1.000000,587.4,0.001000
100600,0.000868,1.000000,0.000924,1.000000,588.0,0.001000
100700,0.609868,0.837585,0.668007,0.824867,588.9,0.001000
100800,0.010249,1.000000,0.015618,0.999362,589.6,0.001000
100900,0.000896,1.000000,0.001033,1.000000,590.3,0.001000
101000,0.001093,1.000000,0.001175,1.000000,591.0,0.001000
101100,0.000597,1.000000,0.000637,1.000000,591.7,0.001000
101200,0.000295,1.000000,0.000313,1.000000,592.4,0.001000
101300,0.003040,1.000000,0.004297,0.999787,593.0,0.001000
101400,0.000959,1.000000,0.001063,1.000000,593.7,0.001000
101500,0.000939,1.000000,0.001000,1.000000,594.3,0.001000
101600,0.031087,0.997662,0.036595,0.996812,595.0,0.001000
101700,0.016638,0.997874,0.018032,0.998087,595.6,0.001000
101800,0.001354,1.000000,0.001642,1.000000,596.3,0.001000
101900,0.001262,1.000000,0.001379,1.000000,596.9,0.001000
102000,0.000968,1.000000,0.001025,1.000000,597.6,0.001000
102100,0.012379,0.998937,0.014498,0.998937,598.3,0.001000
102200,0.001022,1.000000,0.001136,1.000000,599.0,0.001000
102300,0.001049,1.000000,0.001116,1.000000,599.7,0.001000
102400,0.021489,0.998724,0.025271,0.998937,600.4,0.001000
102500,0.012405,0.998724,0.013851,0.998300,601.1,0.001000
102600,0.001004,1.000000,0.001131,1.000000,601.7,0.001000
102700,0.001097,1.000000,0.001165,1.000000,602.5,0.001000
102800,0.043445,0.995111,0.047842,0.995537,603.1,0.001000
102900,0.007195,0.999787,0.010064,0.999362,603.8,0.001000
103000,0.001240,1.000000,0.001490,1.000000,604.5,0.001000
103100,0.001148,1.000000,0.001257,1.000000,605.2,0.001000
103200,0.000766,1.000000,0.000821,1.000000,605.8,0.001000
103300,0.021393,0.997874,0.025905,0.997662,606.5,0.001000
103400,0.000874,1.000000,0.000996,1.000000,607.2,0.001000
103500,0.001170,1.000000,0.001253,1.000000,607.9,0.001000
103600,0.161357,0.987245,0.179676,0.980021,608.6,0.001000
103700,0.001236,1.000000,0.001450,1.000000,609.2,0.001000
103800,0.001240,1.000000,0.001342,1.000000,609.9,0.001000
103900,0.000890,1.000000,0.000938,1.000000,610.6,0.001000
104000,0.011196,0.999150,0.016539,0.998087,611.3,0.001000
104100,0.001106,1.000000,0.001333,1.000000,611.9,0.001000
104200,0.001102,1.000000,0.001194,1.000000,612.6,0.001000
104300,0.000655,1.000000,0.000701,1.000000,613.3,0.001000
104400,0.330922,0.962585,0.381487,0.943039,614.0,0.001000
104500,0.001435,1.000000,0.001842,1.000000,614.6,0.001000
104600,0.001263,1.000000,0.001396,1.000000,615.3,0.001000
104700,0.001025,1.000000,0.001088,1.000000,616.0,0.001000
104800,0.011791,0.999362,0.015333,0.998937,616.7,0.001000
104900,0.014575,0.998724,0.019701,0.998300,617.4,0.001000
105000,0.000942,1.000000,0.001057,1.000000,618.1,0.001000
105100,0.001015,1.000000,0.001081,1.000000,618.8,0.001000
105200,0.033414,0.998724,0.039311,0.997662,619.7,0.001000
105300,0.000832,1.000000,0.000977,1.000000,620.4,0.001000
105400,0.001238,1.000000,0.001341,1.000000,621.1,0.001000
105500,0.000775,1.000000,0.000823,1.000000,621.8,0.001000
105600,0.017659,0.998512,0.024342,0.996812,622.5,0.001000
105700,0.001727,1.000000,0.002069,1.000000,623.1,0.001000
105800,0.001172,1.000000,0.001277,1.000000,623.8,0.001000
105900,0.000853,1.000000,0.000898,1.000000,624.4,0.001000
106000,0.018364,0.998299,0.021435,0.998512,625.1,0.001000
106100,0.000878,1.000000,0.000992,1.000000,625.8,0.001000
106200,0.001107,1.000000,0.001181,1.000000,626.5,0.001000
106300,0.069710,0.992772,0.078640,0.990223,627.1,0.001000
106400,0.001248,1.000000,0.001573,1.000000,627.8,0.001000
106500,0.001267,1.000000,0.001387,1.000000,628.5,0.001000
106600,0.000923,1.000000,0.000979,1.000000,629.2,0.001000
106700,0.014691,0.999787,0.022089,0.997237,629.8,0.001000
106800,0.003144,0.999787,0.003335,0.999787,630.5,0.001000
106900,0.001123,1.000000,0.001236,1.000000,631.2,0.001000
107000,0.000816,1.000000,0.000865,1.000000,631.9,0.001000
107100,0.013131,0.999362,0.017256,0.998512,632.6,0.001000
107200,0.000881,1.000000,0.001046,1.000000,633.3,0.001000
107300,0.001196,1.000000,0.001310,1.000000,634.0,0.001000
107400,0.000854,1.000000,0.000907,1.000000,634.7,0.001000
107500,0.012168,0.998299,0.015327,0.998300,635.4,0.001000
107600,0.000892,1.000000,0.001006,1.000000,636.1,0.001000
107700,0.001111,1.000000,0.001189,1.000000,636.7,0.001000
107800,0.584037,0.841412,0.624448,0.825505,637.4,0.001000
107900,0.003607,1.000000,0.004544,1.000000,638.1,0.001000
108000,0.001046,1.000000,0.001157,1.000000,638.8,0.001000
108100,0.000977,1.000000,0.001033,1.000000,639.5,0.001000
108200,0.057667,0.992985,0.074105,0.987885,640.1,0.001000
108300,0.017619,0.997662,0.026509,0.995324,640.8,0.001000
108400,0.000982,1.000000,0.001109,1.000000,641.4,0.001000
108500,0.001015,1.000000,0.001095,1.000000,642.2,0.001000
108600,0.034520,0.995536,0.041815,0.994686,642.8,0.001000
108700,0.001802,1.000000,0.002216,1.000000,643.5,0.001000
108800,0.001128,1.000000,0.001229,1.000000,644.2,0.001000
108900,0.000765,1.000000,0.000812,1.000000,644.9,0.001000
109000,0.007468,0.999575,0.009315,0.999787,645.6,0.001000
109100,0.000927,1.000000,0.001081,1.000000,646.2,0.001000
109200,0.001187,1.000000,0.001283,1.000000,646.9,0.001000
109300,0.000770,1.000000,0.000814,1.000000,647.6,0.001000
109400,0.139312,0.989158,0.161726,0.984272,648.2,0.001000
109500,0.003761,1.000000,0.004793,1.000000,648.9,0.001000
109600,0.000931,1.000000,0.001035,1.000000,649.5,0.001000
109700,0.001005,1.000000,0.001073,1.000000,650.5,0.001000
109800,0.040834,0.994473,0.042650,0.996174,651.1,0.001000
109900,0.011273,0.999787,0.013685,0.999575,651.7,0.001000
110000,0.000906,1.000000,0.001022,1.000000,652.3,0.001000
110100,0.001164,1.000000,0.001246,1.000000,652.9,0.001000
110200,0.031896,0.999787,0.041125,0.998725,653.6,0.001000
110300,0.007515,0.999787,0.009447,0.999575,654.2,0.001000
110400,0.000951,1.000000,0.001054,1.000000,654.9,0.001000
110500,0.000923,1.000000,0.000985,1.000000,655.5,0.001000
110600,0.000526,1.000000,0.000564,1.000000,656.1,0.001000
110700,0.037301,0.997449,0.041096,0.998512,656.6,0.001000
110800,0.000958,1.000000,0.001128,1.000000,657.3,0.001000
110900,0.001143,1.000000,0.001239,1.000000,657.9,0.001000
111000,0.000833,1.000000,0.000875,1.000000,658.5,0.001000
111100,0.015525,0.998512,0.021163,0.998087,659.1,0.001000
111200,0.009526,0.999362,0.012649,0.998512,659.7,0.001000
111300,0.001173,1.000000,0.001406,1.000000,660.3,0.001000
111400,0.001233,1.000000,0.001346,1.000000,660.9,0.001000
111500,0.000854,1.000000,0.000912,1.000000,661.5,0.001000
111600,0.013316,0.999362,0.019855,0.997024,662.1,0.001000
111700,0.000967,1.000000,0.001101,1.000000,662.7,0.001000
111800,0.001112,1.000000,0.001192,1.000000,663.3,0.001000
111900,0.000589,1.000000,0.000626,1.000000,663.9,0.001000
112000,0.012064,0.998299,0.014602,0.997875,664.5,0.001000
112100,0.000868,1.000000,0.000973,1.000000,665.1,0.001000
112200,0.001010,1.000000,0.001079,1.000000,665.7,0.001000
112300,0.000535,1.000000,0.000565,1.000000,666.4,0.001000
112400,0.019662,0.997874,0.022137,0.998300,667.0,0.001000
112500,0.000912,1.000000,0.001051,1.000000,667.6,0.001000
112600,0.001295,1.000000,0.001384,1.000000,668.2,0.001000
112700,0.000851,1.000000,0.000897,1.000000,668.7,0.001000
112800,0.009116,0.999575,0.011082,0.999575,669.4,0.001000
112900,0.001016,1.000000,0.001138,1.000000,669.9,0.001000
113000,0.001061,1.000000,0.001138,1.000000,670.6,0.001000
113100,0.047360,0.993622,0.055996,0.989798,671.2,0.001000
113200,0.013529,0.996811,0.012851,0.997450,671.8,0.001000
113300,0.006970,0.999575,0.012570,0.999150,672.4,0.001000
113400,0.001051,1.000000,0.001181,1.000000,673.0,0.001000
113500,0.000919,1.000000,0.000993,1.000000,673.6,0.001000
113600,0.040467,0.996173,0.047013,0.994261,674.2,0.001000
113700,0.000791,1.000000,0.000920,1.000000,674.9,0.001000
113800,0.001245,1.000000,0.001346,1.000000,675.5,0.001000
113900,0.000782,1.000000,0.000827,1.000000,676.1,0.001000
114000,0.022772,0.998724,0.031660,0.996599,676.7,0.001000
114100,0.001024,1.000000,0.001143,1.000000,677.3,0.001000
114200,0.001130,1.000000,0.001197,1.000000,678.0,0.001000
114300,0.032858,0.995536,0.037689,0.995962,678.5,0.001000
114400,0.018289,0.998512,0.023728,0.997024,679.2,0.001000
114500,0.010593,0.999362,0.011484,0.999575,679.9,0.001000
114600,0.005854,0.999787,0.007933,0.999787,680.5,0.001000
114700,0.000784,1.000000,0.000915,1.000000,681.1,0.001000
114800,0.001006,1.000000,0.001089,1.000000,681.8,0.001000
114900,0.000628,1.000000,0.000670,1.000000,682.4,0.001000
115000,0.014636,0.998724,0.018633,0.997450,683.0,0.001000
115100,0.000899,1.000000,0.001016,1.000000,683.6,0.001000
115200,0.001039,1.000000,0.001108,1.000000,684.3,0.001000
115300,0.000601,1.000000,0.000640,1.000000,685.0,0.001000
115400,0.050524,0.997024,0.057702,0.995324,685.7,0.001000
115500,0.002752,1.000000,0.003901,1.000000,686.3,0.001000
115600,0.001002,1.000000,0.001124,1.000000,686.9,0.001000
115700,0.000933,1.000000,0.000999,1.000000,687.5,0.001000
115800,0.094772,0.998512,0.107684,0.997450,688.1,0.001000
115900,0.001062,1.000000,0.001264,1.000000,688.7,0.001000
116000,0.001366,1.000000,0.001480,1.000000,689.3,0.001000
116100,0.000975,1.000000,0.001034,1.000000,689.9,0.001000
116200,0.012841,0.999150,0.016004,0.998937,690.6,0.001000
116300,0.000975,1.000000,0.001107,1.000000,691.2,0.001000
116400,0.001104,1.000000,0.001173,1.000000,691.8,0.001000
116500,0.058958,0.992772,0.066129,0.990648,692.4,0.001000
116600,0.003467,1.000000,0.004680,1.000000,693.0,0.001000
116700,0.002409,1.000000,0.003507,1.000000,693.6,0.001000
116800,0.001119,1.000000,0.001232,1.000000,694.2,0.001000
116900,0.000891,1.000000,0.000945,1.000000,694.8,0.001000
117000,0.022313,0.999362,0.026871,0.997237,695.4,0.001000
117100,0.010706,0.999362,0.014829,0.998512,696.0,0.001000
117200,0.001010,1.000000,0.001177,1.000000,696.6,0.001000
117300,0.001070,1.000000,0.001170,1.000000,697.2,0.001000
117400,0.000667,1.000000,0.000712,1.000000,697.9,0.001000
117500,0.011976,0.998512,0.014748,0.998725,698.5,0.001000
117600,0.000788,1.000000,0.000907,1.000000,699.1,0.001000
117700,0.001076,1.000000,0.001162,1.000000,699.7,0.001000
117800,0.028646,0.999362,0.033255,0.997237,700.3,0.001000
117900,0.000764,1.000000,0.000894,1.000000,701.0,0.001000
118000,0.001136,1.000000,0.001218,1.000000,701.7,0.001000
118100,0.000692,1.000000,0.000735,1.000000,702.4,0.001000
118200,0.055270,0.998937,0.067672,0.994261,703.2,0.001000
118300,0.001131,1.000000,0.001562,1.000000,704.0,0.001000
118400,0.001203,1.000000,0.001312,1.000000,704.7,0.001000
118500,0.000893,1.000000,0.000945,1.000000,705.4,0.001000
118600,0.004256,0.999787,0.004911,0.999787,706.0,0.001000
118700,0.006446,1.000000,0.008120,0.999787,706.7,0.001000
118800,0.009130,0.999787,0.013386,0.998512,707.4,0.001000
118900,0.000823,1.000000,0.000920,1.000000,708.0,0.001000
119000,0.001038,1.000000,0.001095,1.000000,708.6,0.001000
119100,0.088171,0.992347,0.099453,0.991073,709.2,0.001000
119200,0.001599,1.000000,0.002039,1.000000,709.8,0.001000
119300,0.001168,1.000000,0.001290,1.000000,710.4,0.001000
119400,0.000927,1.000000,0.000984,1.000000,711.0,0.001000
119500,0.029523,0.995961,0.031450,0.997237,711.6,0.001000
119600,0.000789,1.000000,0.000930,1.000000,712.2,0.001000
119700,0.001184,1.000000,0.001279,1.000000,712.8,0.001000
119800,0.064443,0.991709,0.074375,0.988523,713.4,0.001000
119900,0.014539,0.998087,0.020573,0.997024,714.0,0.001000
120000,0.009069,0.999787,0.013252,0.998512,714.6,0.001000
120100,0.000974,1.000000,0.001063,1.000000,715.2,0.001000
120200,0.000826,1.000000,0.000874,1.000000,715.8,0.001000
120300,0.000388,1.000000,0.000408,1.000000,716.4,0.001000
120400,0.008625,0.999787,0.012504,0.999787,717.1,0.001000
120500,0.001008,1.000000,0.001186,1.000000,717.7,0.001000
120600,0.001128,1.000000,0.001228,1.000000,718.3,0.001000
120700,0.000818,1.000000,0.000871,1.000000,718.9,0.001000
120800,0.052719,0.989371,0.066370,0.985972,719.5,0.001000
120900,0.000746,1.000000,0.000874,1.000000,720.1,0.001000
121000,0.001134,1.000000,0.001230,1.000000,720.8,0.001000
121100,0.000732,1.000000,0.000781,1.000000,721.4,0.001000
121200,0.006783,0.999787,0.008893,0.999575,722.0,0.001000
121300,0.015597,0.999150,0.015727,0.999150,722.6,0.001000
121400,0.007052,0.998937,0.006635,1.000000,723.3,0.001000
121500,0.000934,1.000000,0.001035,1.000000,723.9,0.001000
121600,0.000901,1.000000,0.000960,1.000000,724.5,0.001000
121700,0.035516,0.993835,0.044556,0.992774,725.2,0.001000
121800,0.003700,0.999787,0.005069,0.999575,725.8,0.001000
121900,0.001039,1.000000,0.001153,1.000000,726.5,0.001000
122000,0.000991,1.000000,0.001058,1.000000,727.1,0.001000
122100,0.046953,0.997024,0.056605,0.994899,727.8,0.001000
122200,0.003839,1.000000,0.005485,0.999575,728.4,0.001000
122300,0.001133,1.000000,0.001266,1.000000,729.1,0.001000
122400,0.001069,1.000000,0.001147,1.000000,729.7,0.001000
122500,0.000598,1.000000,0.000640,1.000000,730.4,0.001000
122600,0.008925,0.999362,0.012399,0.998725,731.1,0.001000
122700,0.000959,1.000000,0.001074,1.000000,731.7,0.001000
122800,0.001088,1.000000,0.001147,1.000000,732.3,0.001000
122900,0.038740,0.996386,0.050459,0.992774,733.0,0.001000
123000,0.004127,0.999787,0.005492,0.999787,733.6,0.001000
123100,0.001029,1.000000,0.001128,1.000000,734.2,0.001000
123200,0.000832,1.000000,0.000884,1.000000,734.9,0.001000
123300,0.015456,0.998512,0.016773,0.999362,735.5,0.001000
123400,0.007686,0.999787,0.009717,0.999575,736.1,0.001000
123500,0.005920,1.000000,0.007586,0.999787,736.8,0.001000
123600,0.010277,0.999787,0.013172,0.998937,737.4,0.001000
123700,0.001518,0.999787,0.001458,1.000000,738.1,0.001000
123800,0.001087,1.000000,0.001186,1.000000,738.8,0.001000
123900,0.000751,1.000000,0.000801,1.000000,739.5,0.001000
124000,0.014224,0.998299,0.016260,0.998725,740.1,0.001000
124100,0.003707,1.000000,0.004209,1.000000,740.6,0.001000
124200,0.001044,1.000000,0.001144,1.000000,741.2,0.001000
124300,0.000833,1.000000,0.000883,1.000000,741.8,0.001000
124400,0.000413,1.000000,0.000439,1.000000,742.5,0.001000
124500,0.002828,0.999787,0.003321,1.000000,743.1,0.001000
124600,0.001373,1.000000,0.001565,1.000000,743.8,0.001000
124700,0.001095,1.000000,0.001194,1.000000,744.6,0.001000
124800,0.000833,1.000000,0.000884,1.000000,745.2,0.001000
124900,0.041282,0.994898,0.048440,0.992561,745.8,0.001000
125000,0.004853,1.000000,0.005675,1.000000,746.5,0.001000
125100,0.000965,1.000000,0.001066,1.000000,747.2,0.001000
125200,0.000966,1.000000,0.001027,1.000000,747.9,0.001000
125300,0.030465,0.998299,0.033925,0.998937,748.7,0.001000
125400,0.001571,1.000000,0.002380,1.000000,749.6,0.001000
125500,0.001146,1.000000,0.001259,1.000000,750.6,0.001000
125600,0.000939,1.000000,0.001002,1.000000,751.5,0.001000
125700,0.029467,0.997874,0.034469,0.997024,752.4,0.001000
125800,0.001391,1.000000,0.001654,1.000000,753.2,0.001000
125900,0.001174,1.000000,0.001282,1.000000,754.0,0.001000
126000,0.000764,1.000000,0.000813,1.000000,754.8,0.001000
126100,0.020127,0.996811,0.025197,0.994474,755.4,0.001000
126200,0.001438,1.000000,0.001770,1.000000,756.1,0.001000
126300,0.001120,1.000000,0.001233,1.000000,757.1,0.001000
126400,0.000785,1.000000,0.000844,1.000000,757.8,0.001000
126500,0.023099,0.997874,0.029910,0.995962,758.4,0.001000
126600,0.011703,0.998512,0.015271,0.997450,759.1,0.001000
126700,0.001942,1.000000,0.002431,1.000000,759.7,0.001000
126800,0.001051,1.000000,0.001143,1.000000,760.4,0.001000
126900,0.000745,1.000000,0.000797,1.000000,761.1,0.001000
127000,0.035484,0.995748,0.043135,0.993836,761.8,0.001000
127100,0.010397,0.998937,0.014182,0.997662,762.6,0.001000
127200,0.000933,1.000000,0.001049,1.000000,763.3,0.001000
127300,0.001090,1.000000,0.001159,1.000000,764.0,0.001000
127400,0.096256,0.980230,0.106675,0.979171,764.7,0.001000
127500,0.001442,1.000000,0.001759,1.000000,765.4,0.001000
127600,0.001277,1.000000,0.001408,1.000000,766.1,0.001000
127700,0.000958,1.000000,0.001016,1.000000,766.9,0.001000
127800,0.015887,0.999787,0.019282,0.998937,767.6,0.001000
127900,0.000950,1.000000,0.001120,1.000000,768.3,0.001000
128000,0.001134,1.000000,0.001237,1.000000,769.0,0.001000
128100,0.000701,1.000000,0.000746,1.000000,769.9,0.001000
128200,0.011399,1.000000,0.015431,0.999150,770.6,0.001000
128300,0.000893,1.000000,0.001055,1.000000,771.3,0.001000
128400,0.001141,1.000000,0.001235,1.000000,772.0,0.001000
128500,0.000675,1.000000,0.000716,1.000000,772.7,0.001000
128600,0.008196,0.998724,0.008549,0.999575,773.4,0.001000
128700,0.001257,1.000000,0.001604,1.000000,774.1,0.001000
128800,0.001261,1.000000,0.001376,1.000000,774.9,0.001000
128900,0.000965,1.000000,0.001019,1.000000,775.6,0.001000
129000,0.021644,0.998724,0.029541,0.995749,776.3,0.001000
129100,0.000838,1.000000,0.000982,1.000000,777.0,0.001000
129200,0.001231,1.000000,0.001326,1.000000,777.7,0.001000
129300,0.000733,1.000000,0.000775,1.000000,778.5,0.001000
129400,0.004081,1.000000,0.005738,0.999787,779.2,0.001000
129500,0.001084,1.000000,0.001187,1.000000,780.0,0.001000
129600,0.000902,1.000000,0.000956,1.000000,780.7,0.001000
129700,0.000424,1.000000,0.000449,1.000000,781.4,0.001000
129800,0.006132,0.999787,0.009398,0.998300,782.1,0.001000
129900,0.000974,1.000000,0.001096,1.000000,782.9,0.001000
130000,0.001006,1.000000,0.001069,1.000000,783.6,0.001000
130100,0.053932,0.992347,0.063759,0.991286,784.4,0.001000
130200,0.015681,0.998512,0.019245,0.997875,785.0,0.001000
130300,0.000869,1.000000,0.000973,1.000000,785.7,0.001000
130400,0.001023,1.000000,0.001095,1.000000,786.4,0.001000
130500,0.038044,0.994685,0.045226,0.993624,787.1,0.001000
130600,0.005917,0.999575,0.007248,0.999575,787.9,0.001000
130700,0.001018,1.000000,0.001126,1.000000,788.6,0.001000
130800,0.000943,1.000000,0.001001,1.000000,789.4,0.001000
130900,0.021114,0.997449,0.024527,0.997875,790.0,0.001000
131000,0.001767,0.999787,0.001126,1.000000,790.7,0.001000
131100,0.001086,1.000000,0.001162,1.000000,791.4,0.001000
131200,0.000726,1.000000,0.000758,1.000000,791.9,0.001000
131300,0.000281,1.000000,0.000294,1.000000,792.6,0.001000
131400,0.025049,0.997449,0.031948,0.995537,793.2,0.001000
131500,0.000744,1.000000,0.000862,1.000000,793.8,0.001000
131600,0.001177,1.000000,0.001267,1.000000,794.4,0.001000
131700,0.000793,1.000000,0.000839,1.000000,795.1,0.001000
131800,0.005646,0.999362,0.006080,0.999787,795.9,0.001000
131900,0.000976,1.000000,0.001102,1.000000,796.6,0.001000
132000,0.001183,1.000000,0.001266,1.000000,797.4,0.001000
132100,0.000633,1.000000,0.000672,1.000000,798.3,0.001000
132200,0.008872,0.999787,0.013016,0.998725,799.1,0.001000
132300,0.000860,1.000000,0.000988,1.000000,799.8,0.001000
132400,0.001179,1.000000,0.001258,1.000000,800.6,0.001000
132500,0.000731,1.000000,0.000765,1.000000,801.2,0.001000
132600,0.008165,0.999787,0.010345,1.000000,802.0,0.001000
132700,0.000883,1.000000,0.001025,1.000000,802.7,0.001000
132800,0.001257,1.000000,0.001344,1.000000,803.4,0.001000
132900,0.000813,1.000000,0.000853,1.000000,804.1,0.001000
133000,0.008430,0.999575,0.012046,0.999150,804.8,0.001000
133100,0.000886,1.000000,0.000978,1.000000,805.5,0.001000
133200,0.000989,1.000000,0.001050,1.000000,806.2,0.001000
133300,0.051681,0.998087,0.059617,0.997662,806.9,0.001000
133400,0.003100,1.000000,0.004250,1.000000,807.6,0.001000
133500,0.001092,1.000000,0.001214,1.000000,808.3,0.001000
133600,0.001040,1.000000,0.001109,1.000000,809.1,0.001000
133700,0.033321,0.997024,0.038542,0.996174,809.8,0.001000
133800,0.009856,0.999150,0.013429,0.998937,810.5,0.001000
133900,0.006864,1.000000,0.008910,1.000000,811.2,0.001000
134000,0.001007,1.000000,0.001120,1.000000,811.9,0.001000
134100,0.000971,1.000000,0.001034,1.000000,812.6,0.001000
134200,0.000548,1.000000,0.000581,1.000000,813.3,0.001000
134300,0.008299,0.998937,0.008993,0.999150,814.1,0.001000
134400,0.000857,1.000000,0.000999,1.000000,814.8,0.001000
134500,0.001134,1.000000,0.001222,1.000000,815.5,0.001000
134600,0.000758,1.000000,0.000805,1.000000,816.2,0.001000
134700,0.005205,1.000000,0.006600,1.000000,817.0,0.001000
134800,0.001008,1.000000,0.001118,1.000000,817.7,0.001000
134900,0.000960,1.000000,0.001016,1.000000,818.4,0.001000
135000,0.032781,0.997449,0.038860,0.996812,819.1,0.001000
135100,0.001665,0.999787,0.002329,0.999575,819.8,0.001000
135200,0.001193,1.000000,0.001308,1.000000,820.5,0.001000
135300,0.000961,1.000000,0.001025,1.000000,821.2,0.001000
135400,0.037140,0.994898,0.043915,0.995112,821.8,0.001000
135500,0.000920,1.000000,0.001141,1.000000,822.4,0.001000
135600,0.001234,1.000000,0.001362,1.000000,823.1,0.001000
135700,0.000780,1.000000,0.000838,1.000000,823.7,0.001000
135800,0.025680,0.996173,0.032664,0.996174,824.3,0.001000
135900,0.005034,0.999787,0.007014,0.998937,825.0,0.001000
136000,0.001103,1.000000,0.001209,1.000000,825.7,0.001000
136100,0.000841,1.000000,0.000889,1.000000,826.5,0.001000
136200,0.022222,0.998937,0.031280,0.997237,827.1,0.001000
136300,0.001826,0.999787,0.002156,1.000000,827.9,0.001000
136400,0.001186,1.000000,0.001290,1.000000,828.6,0.001000
136500,0.000809,1.000000,0.000856,1.000000,829.3,0.001000
136600,0.014242,0.998299,0.016039,0.998300,830.1,0.001000
136700,0.005208,0.999362,0.007283,0.998725,830.9,0.001000
136800,0.001097,1.000000,0.001205,1.000000,831.7,0.001000
136900,0.000889,1.000000,0.000944,1.000000,832.4,0.001000
137000,0.024093,0.999150,0.030772,0.996812,833.2,0.001000
137100,0.022728,0.998087,0.031742,0.995112,834.0,0.001000
137200,0.002261,1.000000,0.002747,1.000000,834.7,0.001000
137300,0.001033,1.000000,0.001111,1.000000,835.4,0.001000
137400,0.000688,1.000000,0.000731,1.000000,836.0,0.001000
137500,0.015086,0.998299,0.018131,0.997875,836.7,0.001000
137600,0.000856,1.000000,0.000970,1.000000,837.3,0.001000
137700,0.001163,1.000000,0.001251,1.000000,838.0,0.001000
137800,0.233073,0.954932,0.253671,0.945590,838.6,0.001000
137900,0.027599,0.997236,0.036482,0.995537,839.2,0.001000
138000,0.000935,1.000000,0.001050,1.000000,839.8,0.001000
138100,0.001186,1.000000,0.001275,1.000000,840.5,0.001000
138200,0.000672,1.000000,0.000710,1.000000,841.1,0.001000
138300,0.014647,0.998937,0.019976,0.997237,841.7,0.001000
138400,0.017795,0.998299,0.019994,0.998512,842.5,0.001000
138500,0.000903,1.000000,0.001024,1.000000,843.2,0.001000
138600,0.001123,1.000000,0.001224,1.000000,843.8,0.001000
138700,0.000641,1.000000,0.000687,1.000000,844.5,0.001000
138800,0.009070,0.999787,0.012304,0.999787,845.2,0.001000
138900,0.001059,1.000000,0.001184,1.000000,846.0,0.001000
139000,0.001115,1.000000,0.001191,1.000000,846.7,0.001000
139100,0.000528,1.000000,0.000556,1.000000,847.4,0.001000
139200,0.008897,0.999575,0.013096,0.998087,848.0,0.001000
139300,0.000822,1.000000,0.000925,1.000000,848.7,0.001000
139400,0.001089,1.000000,0.001173,1.000000,849.3,0.001000
139500,0.000650,1.000000,0.000693,1.000000,849.9,0.001000
139600,0.047606,0.993835,0.062266,0.989586,850.6,0.001000
139700,0.015136,0.998512,0.017679,0.998512,851.3,0.001000
139800,0.000859,1.000000,0.000971,1.000000,851.8,0.001000
139900,0.000999,1.000000,0.001075,1.000000,852.5,0.001000
140000,2.960087,0.303997,3.011873,0.287566,853.0,0.001000
140100,0.021165,0.998299,0.027292,0.997450,853.6,0.001000
140200,0.003077,1.000000,0.004554,0.999787,854.2,0.001000
140300,0.001058,1.000000,0.001165,1.000000,854.9,0.001000
140400,0.000909,1.000000,0.000959,1.000000,855.6,0.001000
140500,0.062459,0.990859,0.067125,0.989586,856.3,0.001000
140600,0.001925,1.000000,0.002425,1.000000,857.0,0.001000
140700,0.001100,1.000000,0.001197,1.000000,857.7,0.001000
140800,0.000890,1.000000,0.000938,1.000000,858.4,0.001000
140900,0.020242,0.999150,0.027245,0.998300,859.1,0.001000
141000,0.000785,1.000000,0.000905,1.000000,859.7,0.001000
141100,0.001140,1.000000,0.001218,1.000000,860.4,0.001000
141200,0.000777,1.000000,0.000820,1.000000,861.0,0.001000
141300,0.041775,0.996811,0.053200,0.993836,861.7,0.001000
141400,0.001347,1.000000,0.001716,1.000000,862.3,0.001000
141500,0.001256,1.000000,0.001377,1.000000,863.0,0.001000
141600,0.000910,1.000000,0.000970,1.000000,863.6,0.001000
141700,0.015653,0.998724,0.018640,0.998512,864.3,0.001000
141800,0.019192,0.998087,0.021859,0.997450,864.9,0.001000
141900,0.000862,1.000000,0.000975,1.000000,865.5,0.001000
142000,0.001091,1.000000,0.001174,1.000000,866.2,0.001000
142100,0.054666,0.998299,0.058900,0.997875,866.8,0.001000
142200,0.001190,1.000000,0.001393,1.000000,867.5,0.001000
142300,0.001204,1.000000,0.001311,1.000000,868.1,0.001000
142400,0.000893,1.000000,0.000945,1.000000,868.7,0.001000
142500,0.014328,0.998937,0.017639,0.998725,869.4,0.001000
142600,0.000852,1.000000,0.000950,1.000000,870.0,0.001000
142700,0.001053,1.000000,0.001130,1.000000,870.7,0.001000
142800,0.000553,1.000000,0.000590,1.000000,871.3,0.001000
142900,0.004126,1.000000,0.006183,0.999575,872.0,0.001000
143000,0.001125,1.000000,0.001252,1.000000,872.7,0.001000
143100,0.001021,1.000000,0.001090,1.000000,873.3,0.001000
143200,0.019245,0.999362,0.022900,0.998937,874.0,0.001000
143300,0.000982,1.000000,0.001104,1.000000,874.7,0.001000
143400,0.001077,1.000000,0.001159,1.000000,875.4,0.001000
143500,0.000559,1.000000,0.000594,1.000000,876.1,0.001000
143600,0.014331,0.998724,0.020633,0.997024,876.7,0.001000
143700,0.000875,1.000000,0.001030,1.000000,877.4,0.001000
143800,0.001281,1.000000,0.001402,1.000000,878.1,0.001000
143900,0.709449,0.824192,0.752456,0.810840,878.8,0.001000
144000,0.002877,1.000000,0.003785,1.000000,879.4,0.001000
144100,0.001130,1.000000,0.001241,1.000000,880.1,0.001000
144200,0.000965,1.000000,0.001021,1.000000,880.8,0.001000
144300,0.043062,0.995961,0.054397,0.993199,881.4,0.001000
144400,0.004927,1.000000,0.007038,0.999787,882.1,0.001000
144500,0.000858,1.000000,0.000982,1.000000,882.7,0.001000
144600,0.001056,1.000000,0.001137,1.000000,883.4,0.001000
144700,0.056209,0.996599,0.066449,0.996812,884.1,0.001000
144800,0.008806,0.999787,0.010154,0.999362,884.7,0.001000
144900,0.001008,1.000000,0.001123,1.000000,885.4,0.001000
145000,0.000993,1.000000,0.001070,1.000000,886.1,0.001000
145100,0.038409,0.995748,0.042776,0.995324,886.8,0.001000
145200,0.000820,1.000000,0.000976,1.000000,887.4,0.001000
145300,0.001211,1.000000,0.001317,1.000000,888.1,0.001000
145400,0.000806,1.000000,0.000859,1.000000,888.8,0.001000
145500,0.011901,0.999787,0.014728,0.999362,889.5,0.001000
145600,0.000812,1.000000,0.000912,1.000000,890.3,0.001000
145700,0.001008,1.000000,0.001071,1.000000,891.0,0.001000
145800,0.070054,0.998724,0.079299,0.998300,891.6,0.001000
145900,0.002336,0.999787,0.002991,0.999787,892.3,0.001000
146000,0.001319,1.000000,0.001452,1.000000,893.0,0.001000
146100,0.000998,1.000000,0.001061,1.000000,893.7,0.001000
146200,0.019068,0.998299,0.023070,0.997450,894.4,0.001000
146300,0.001494,1.000000,0.001905,1.000000,895.1,0.001000
146400,0.001138,1.000000,0.001241,1.000000,895.8,0.001000
146500,0.000822,1.000000,0.000874,1.000000,896.5,0.001000
146600,0.031604,0.997024,0.037923,0.996174,897.1,0.001000
146700,0.000874,1.000000,0.001020,1.000000,897.8,0.001000
146800,0.001272,1.000000,0.001386,1.000000,898.6,0.001000
146900,0.000783,1.000000,0.000838,1.000000,899.5,0.001000
147000,0.012474,0.999575,0.016079,0.999362,900.3,0.001000
147100,0.000903,1.000000,0.001089,1.000000,901.1,0.001000
147200,0.001263,1.000000,0.001383,1.000000,901.8,0.001000
147300,0.000867,1.000000,0.000927,1.000000,902.6,0.001000
147400,0.010516,1.000000,0.013557,0.999575,903.3,0.001000
147500,0.000821,1.000000,0.000939,1.000000,904.1,0.001000
147600,0.001124,1.000000,0.001203,1.000000,904.8,0.001000
147700,0.947084,0.730867,1.030981,0.698193,905.5,0.001000
147800,0.002915,1.000000,0.004226,0.999787,906.2,0.001000
147900,0.001110,1.000000,0.001210,1.000000,906.9,0.001000
148000,0.000920,1.000000,0.000976,1.000000,907.4,0.001000
148100,0.012987,0.999787,0.016369,0.999362,908.0,0.001000
148200,0.011789,0.999787,0.015435,0.998725,908.6,0.001000
148300,0.001636,1.000000,0.001998,1.000000,909.2,0.001000
148400,0.001048,1.000000,0.001151,1.000000,909.8,0.001000
148500,0.000701,1.000000,0.000750,1.000000,910.4,0.001000
148600,0.002460,1.000000,0.003092,1.000000,911.1,0.001000
148700,0.000991,1.000000,0.001093,1.000000,911.7,0.001000
148800,0.000815,1.000000,0.000871,1.000000,912.3,0.001000
148900,0.071193,0.996386,0.079462,0.993624,912.9,0.001000
149000,0.004132,1.000000,0.005755,0.999787,913.5,0.001000
149100,0.011820,0.998512,0.016524,0.997662,914.1,0.001000
149200,0.000845,1.000000,0.000956,1.000000,914.7,0.001000
149300,0.000982,1.000000,0.001050,1.000000,915.3,0.001000
149400,0.034509,0.998087,0.039572,0.998300,915.9,0.001000
149500,0.003366,1.000000,0.003831,1.000000,916.5,0.001000
149600,0.001021,1.000000,0.001113,1.000000,917.1,0.001000
149700,0.000858,1.000000,0.000909,1.000000,917.7,0.001000
149800,0.016644,0.999362,0.020200,0.998300,918.3,0.001000
149900,0.000825,1.000000,0.000949,1.000000,918.9,0.001000
150000,0.001201,1.000000,0.001290,1.000000,919.6,0.001000
150100,0.000811,1.000000,0.000860,1.000000,920.2,0.001000
150200,0.015582,0.999575,0.019594,0.998937,920.8,0.001000
150300,0.001031,1.000000,0.001192,1.000000,921.4,0.001000
150400,0.001200,1.000000,0.001303,1.000000,922.0,0.001000
150500,0.000880,1.000000,0.000934,1.000000,922.6,0.001000
150600,0.048729,0.993835,0.059468,0.988098,923.2,0.001000
150700,0.000712,1.000000,0.000828,1.000000,923.8,0.001000
150800,0.001138,1.000000,0.001233,1.000000,924.5,0.001000
150900,0.000731,1.000000,0.000781,1.000000,925.1,0.001000
151000,0.018354,0.999575,0.025615,0.996812,925.7,0.001000
151100,0.000863,1.000000,0.000970,1.000000,926.4,0.001000
151200,0.001099,1.000000,0.001174,1.000000,927.0,0.001000
151300,0.576446,0.879039,0.576163,0.880340,927.6,0.001000
151400,0.030793,0.997449,0.039506,0.994686,928.3,0.001000
151500,0.000798,1.000000,0.000907,1.000000,928.9,0.001000
151600,0.001122,1.000000,0.001195,1.000000,929.5,0.001000
151700,0.145665,0.980230,0.156525,0.980446,930.1,0.001000
151800,0.003791,1.000000,0.005373,0.999575,930.8,0.001000
151900,0.001037,1.000000,0.001165,1.000000,931.4,0.001000
152000,0.001019,1.000000,0.001082,1.000000,932.0,0.001000
152100,0.051133,0.993197,0.063321,0.989798,932.7,0.001000
152200,0.000861,1.000000,0.001013,1.000000,933.3,0.001000
152300,0.001242,1.000000,0.001342,1.000000,933.9,0.001000
152400,0.000868,1.000000,0.000916,1.000000,934.5,0.001000
152500,0.012425,0.999575,0.016086,0.998937,935.1,0.001000
152600,0.007263,0.999787,0.008161,1.000000,935.8,0.001000
152700,0.001037,1.000000,0.001128,1.000000,936.4,0.001000
152800,0.000890,1.000000,0.000944,1.000000,937.0,0.001000
152900,0.029388,0.996599,0.037951,0.995537,937.6,0.001000
153000,0.000782,1.000000,0.000923,1.000000,938.2,0.001000
153100,0.001127,1.000000,0.001209,1.000000,938.8,0.001000
153200,0.000714,1.000000,0.000754,1.000000,939.4,0.001000
153300,0.004225,1.000000,0.004648,1.000000,940.0,0.001000
153400,0.001080,1.000000,0.001186,1.000000,940.7,0.001000
153500,0.000994,1.000000,0.001051,1.000000,941.4,0.001000
153600,0.037836,0.996173,0.042382,0.995749,942.1,0.001000
153700,0.002700,1.000000,0.003227,1.000000,942.7,0.001000
153800,0.001134,1.000000,0.001266,1.000000,943.4,0.001000
153900,0.000918,1.000000,0.000977,1.000000,944.0,0.001000
154000,0.039173,0.993622,0.043678,0.991286,944.6,0.001000
154100,0.000798,1.000000,0.000940,1.000000,945.2,0.001000
154200,0.001172,1.000000,0.001267,1.000000,945.9,0.001000
154300,0.000741,1.000000,0.000785,1.000000,946.5,0.001000
154400,0.000339,1.000000,0.000359,1.000000,947.2,0.001000
154500,0.006366,0.999575,0.007420,1.000000,947.9,0.001000
154600,0.002547,1.000000,0.003190,1.000000,948.5,0.001000
154700,0.001215,1.000000,0.001409,1.000000,949.1,0.001000
154800,0.001138,1.000000,0.001240,1.000000,949.8,0.001000
154900,0.000744,1.000000,0.000793,1.000000,950.5,0.001000
155000,0.016222,0.999787,0.020256,0.999787,951.3,0.001000
155100,0.016451,0.999150,0.020812,0.998725,952.1,0.001000
155200,0.009312,0.999575,0.011386,0.999362,952.9,0.001000
155300,0.014915,0.999150,0.019252,0.998300,953.6,0.001000
155400,0.000930,1.000000,0.001114,1.000000,954.3,0.001000
155500,0.001166,1.000000,0.001263,1.000000,955.0,0.001000
155600,0.000715,1.000000,0.000761,1.000000,955.7,0.001000
155700,0.013313,0.999787,0.017283,0.999787,956.5,0.001000
155800,0.001367,1.000000,0.001742,1.000000,957.3,0.001000
155900,0.001175,1.000000,0.001280,1.000000,958.2,0.001000
156000,0.000839,1.000000,0.000897,1.000000,959.0,0.001000
156100,0.006643,0.999575,0.008000,0.999362,959.8,0.001000
156200,0.000846,1.000000,0.000955,1.000000,960.6,0.001000
156300,0.001039,1.000000,0.001114,1.000000,961.3,0.001000
156400,0.000550,1.000000,0.000583,1.000000,962.0,0.001000
156500,0.004033,1.000000,0.005279,1.000000,962.8,0.001000
156600,0.002059,1.000000,0.002546,1.000000,963.6,0.001000
156700,0.001102,1.000000,0.001206,1.000000,964.3,0.001000
156800,0.000949,1.000000,0.000999,1.000000,965.0,0.001000
156900,0.023397,0.999150,0.027883,0.998937,965.7,0.001000
157000,0.000941,1.000000,0.001185,1.000000,966.4,0.001000
157100,0.001181,1.000000,0.001290,1.000000,967.0,0.001000
157200,0.000820,1.000000,0.000871,1.000000,967.7,0.001000
157300,0.017187,0.999362,0.017485,0.999150,968.4,0.001000
157400,0.001535,1.000000,0.001744,1.000000,969.1,0.001000
157500,0.001110,1.000000,0.001198,1.000000,969.9,0.001000
157600,0.000827,1.000000,0.000877,1.000000,970.6,0.001000
157700,0.020656,0.998512,0.026168,0.996812,971.3,0.001000
157800,0.000979,1.000000,0.001173,1.000000,972.0,0.001000
157900,0.001132,1.000000,0.001223,1.000000,972.7,0.001000
158000,0.000761,1.000000,0.000807,1.000000,973.5,0.001000
158100,0.008218,0.999787,0.011721,0.998937,974.2,0.001000
158200,0.006651,0.999575,0.009728,0.998512,974.9,0.001000
158300,0.000836,1.000000,0.000954,1.000000,975.6,0.001000
158400,0.001113,1.000000,0.001203,1.000000,976.3,0.001000
158500,0.056369,0.997874,0.071342,0.994686,977.1,0.001000
158600,0.002051,1.000000,0.002688,1.000000,977.8,0.001000
158700,0.001247,1.000000,0.001357,1.000000,978.4,0.001000
158800,0.000970,1.000000,0.001030,1.000000,979.1,0.001000
158900,0.023462,0.997024,0.026676,0.997662,979.8,0.001000
159000,0.000799,1.000000,0.000932,1.000000,980.5,0.001000
159100,0.001187,1.000000,0.001286,1.000000,981.2,0.001000
159200,0.000697,1.000000,0.000737,1.000000,981.9,0.001000
159300,0.004922,1.000000,0.007524,0.999575,982.5,0.001000
159400,0.001083,1.000000,0.001199,1.000000,983.1,0.001000
159500,0.000990,1.000000,0.001059,1.000000,983.8,0.001000
159600,0.059433,0.992772,0.077945,0.988735,984.5,0.001000
159700,0.008194,0.999575,0.010451,0.998937,985.3,0.001000
159800,0.000930,1.000000,0.001048,1.000000,986.1,0.001000
159900,0.000969,1.000000,0.001043,1.000000,986.8,0.001000
160000,0.047484,0.998937,0.056534,0.995962,987.6,0.001000
160100,0.005561,0.999575,0.006364,0.999787,988.3,0.001000
160200,0.006850,1.000000,0.008962,0.999575,989.1,0.001000
160300,0.014526,0.999150,0.016630,0.999150,989.9,0.001000
160400,0.000759,1.000000,0.000901,1.000000,990.7,0.001000
160500,0.001099,1.000000,0.001190,1.000000,991.5,0.001000
160600,0.000745,1.000000,0.000788,1.000000,992.2,0.001000
160700,0.000332,1.000000,0.000349,1.000000,992.9,0.001000
160800,0.019238,0.997662,0.028707,0.995324,993.6,0.001000
160900,0.000760,1.000000,0.000921,1.000000,994.3,0.001000
161000,0.001175,1.000000,0.001268,1.000000,995.1,0.001000
161100,0.000828,1.000000,0.000875,1.000000,995.8,0.001000
161200,0.008782,0.999787,0.014259,0.999150,996.5,0.001000
161300,0.001032,1.000000,0.001171,1.000000,997.2,0.001000
161400,0.001170,1.000000,0.001250,1.000000,997.8,0.001000
161500,0.044691,0.996173,0.053232,0.994049,998.5,0.001000
161600,0.000722,1.000000,0.000851,1.000000,999.2,0.001000
161700,0.001114,1.000000,0.001198,1.000000,1000.0,0.001000
161800,0.000728,1.000000,0.000775,1.000000,1000.7,0.001000
161900,0.007944,0.999787,0.010405,0.999575,1001.5,0.001000
162000,0.000922,1.000000,0.001017,1.000000,1002.2,0.001000
162100,0.000995,1.000000,0.001059,1.000000,1002.9,0.001000
162200,0.057238,0.995111,0.061635,0.997024,1003.6,0.001000
162300,0.006695,0.999362,0.008075,0.999362,1004.4,0.001000
162400,0.001033,1.000000,0.001129,1.000000,1005.1,0.001000
162500,0.000941,1.000000,0.000995,1.000000,1005.8,0.001000
162600,0.048711,0.993410,0.055422,0.993624,1006.5,0.001000
162700,0.010313,0.999787,0.012305,0.999575,1007.1,0.001000
162800,0.011279,0.999787,0.016772,0.998512,1007.8,0.001000
162900,0.005135,1.000000,0.005800,1.000000,1008.5,0.001000
163000,0.000731,1.000000,0.000810,1.000000,1009.2,0.001000
163100,0.000873,1.000000,0.000932,1.000000,1009.9,0.001000
163200,0.000520,1.000000,0.000553,1.000000,1010.6,0.001000
163300,0.019660,0.997874,0.027649,0.995962,1011.3,0.001000
163400,0.001500,0.999787,0.001734,0.999787,1011.9,0.001000
163500,0.001158,1.000000,0.001264,1.000000,1012.6,0.001000
163600,0.000883,1.000000,0.000940,1.000000,1013.3,0.001000
163700,0.015033,0.998724,0.017264,0.998725,1014.0,0.001000
163800,0.000927,1.000000,0.001050,1.000000,1014.7,0.001000
163900,0.001140,1.000000,0.001215,1.000000,1015.3,0.001000
164000,0.123302,0.995111,0.147159,0.988310,1016.0,0.001000
164100,0.003908,1.000000,0.005517,0.999787,1016.7,0.001000
164200,0.001134,1.000000,0.001261,1.000000,1017.4,0.001000
164300,0.001080,1.000000,0.001147,1.000000,1018.1,0.001000
164400,0.016274,0.999362,0.019929,0.998725,1018.7,0.001000
164500,0.000969,1.000000,0.001105,1.000000,1019.4,0.001000
164600,0.001213,1.000000,0.001312,1.000000,1020.0,0.001000
164700,0.000781,1.000000,0.000830,1.000000,1020.7,0.001000
164800,0.022046,0.997662,0.025246,0.997237,1021.5,0.001000
164900,0.001005,1.000000,0.001140,1.000000,1022.2,0.001000
165000,0.001178,1.000000,0.001264,1.000000,1023.0,0.001000
165100,0.163395,0.982355,0.183556,0.977258,1023.8,0.001000
165200,0.009242,0.999150,0.014560,0.998725,1024.5,0.001000
165300,0.000910,1.000000,0.001042,1.000000,1025.2,0.001000
165400,0.001132,1.000000,0.001210,1.000000,1025.9,0.001000
165500,0.377965,0.906250,0.426849,0.889692,1026.7,0.001000
165600,0.007007,0.999575,0.008220,0.999787,1027.4,0.001000
165700,0.001104,1.000000,0.001236,1.000000,1028.2,0.001000
165800,0.000982,1.000000,0.001063,1.000000,1028.9,0.001000
165900,0.017435,0.998724,0.018919,0.998725,1029.6,0.001000
166000,0.023364,0.996811,0.026681,0.995962,1030.3,0.001000
166100,0.000920,1.000000,0.001040,1.000000,1031.1,0.001000
166200,0.001069,1.000000,0.001143,1.000000,1031.8,0.001000
166300,0.000641,1.000000,0.000676,1.000000,1032.6,0.001000
166400,0.019458,0.997449,0.025149,0.996599,1033.3,0.001000
166500,0.000815,1.000000,0.000982,1.000000,1034.0,0.001000
166600,0.001152,1.000000,0.001257,1.000000,1034.7,0.001000
166700,0.000730,1.000000,0.000777,1.000000,1035.6,0.001000
166800,0.002950,1.000000,0.003496,1.000000,1036.4,0.001000
166900,0.000869,1.000000,0.000978,1.000000,1037.1,0.001000
167000,0.000922,1.000000,0.000982,1.000000,1037.9,0.001000
167100,0.091422,0.993410,0.105057,0.990436,1038.7,0.001000
167200,0.001280,1.000000,0.001540,1.000000,1039.6,0.001000
167300,0.001185,1.000000,0.001298,1.000000,1040.8,0.001000
167400,0.000915,1.000000,0.000974,1.000000,1041.5,0.001000
167500,0.022914,0.998724,0.030978,0.997024,1042.1,0.001000
167600,0.002204,1.000000,0.002955,1.000000,1042.8,0.001000
167700,0.001083,1.000000,0.001184,1.000000,1043.5,0.001000
167800,0.000807,1.000000,0.000853,1.000000,1044.4,0.001000
167900,0.019732,0.997662,0.026088,0.994899,1045.2,0.001000
168000,0.001019,1.000000,0.001165,1.000000,1046.0,0.001000
168100,0.001153,1.000000,0.001240,1.000000,1046.7,0.001000
168200,0.049968,0.995748,0.061338,0.992774,1047.5,0.001000
168300,0.003408,0.999575,0.002876,1.000000,1048.2,0.001000
168400,0.001221,1.000000,0.001344,1.000000,1049.1,0.001000
168500,0.000854,1.000000,0.000923,1.000000,1049.9,0.001000
168600,0.023905,0.998299,0.026978,0.998087,1050.7,0.001000
168700,0.000982,1.000000,0.001123,1.000000,1051.5,0.001000
168800,0.001178,1.000000,0.001270,1.000000,1052.3,0.001000
168900,0.000621,1.000000,0.000661,1.000000,1053.0,0.001000
169000,0.011364,0.999362,0.016383,0.998725,1053.7,0.001000
169100,0.000912,1.000000,0.001060,1.000000,1054.5,0.001000
169200,0.001110,1.000000,0.001189,1.000000,1055.2,0.001000
169300,0.000755,1.000000,0.000797,1.000000,1056.0,0.001000
169400,0.014464,0.999362,0.017549,0.999150,1056.8,0.001000
169500,0.000965,1.000000,0.001084,1.000000,1057.6,0.001000
169600,0.001153,1.000000,0.001234,1.000000,1058.4,0.001000
169700,0.092699,0.985332,0.117626,0.978108,1059.2,0.001000
169800,0.004927,1.000000,0.006645,1.000000,1060.1,0.001000
169900,0.001095,1.000000,0.001209,1.000000,1061.0,0.001000
170000,0.000963,1.000000,0.001029,1.000000,1061.8,0.001000
170100,0.027458,0.998087,0.033273,0.996812,1062.6,0.001000
170200,0.002269,1.000000,0.003122,1.000000,1063.4,0.001000
170300,0.001103,1.000000,0.001198,1.000000,1064.2,0.001000
170400,0.000859,1.000000,0.000902,1.000000,1064.9,0.001000
170500,0.055493,0.996173,0.064954,0.994899,1065.7,0.001000
170600,0.003303,0.999787,0.004619,0.999787,1066.6,0.001000
170700,0.020064,0.997662,0.019467,0.998512,1067.5,0.001000
170800,0.001092,1.000000,0.001477,0.999787,1068.2,0.001000
170900,0.001076,1.000000,0.001168,1.000000,1069.0,0.001000
171000,0.000719,1.000000,0.000759,1.000000,1069.7,0.001000
171100,0.015841,0.998937,0.020200,0.998937,1070.4,0.001000
171200,0.000945,1.000000,0.001057,1.000000,1071.1,0.001000
171300,0.001107,1.000000,0.001185,1.000000,1071.8,0.001000
171400,0.045894,0.995323,0.055715,0.994261,1072.5,0.001000
171500,0.001232,1.000000,0.001477,1.000000,1073.2,0.001000
171600,0.001286,1.000000,0.001390,1.000000,1074.0,0.001000
171700,0.000880,1.000000,0.000926,1.000000,1074.9,0.001000
171800,0.014482,0.998724,0.016756,0.998937,1075.8,0.001000
171900,0.001033,1.000000,0.001159,1.000000,1076.7,0.001000
172000,0.001079,1.000000,0.001159,1.000000,1077.5,0.001000
172100,0.025582,0.999362,0.029861,0.998300,1078.3,0.001000
172200,0.000922,1.000000,0.001098,1.000000,1079.1,0.001000
172300,0.001145,1.000000,0.001247,1.000000,1079.9,0.001000
172400,0.000787,1.000000,0.000841,1.000000,1080.7,0.001000
172500,0.016457,0.998724,0.019995,0.997237,1081.3,0.001000
172600,0.003574,1.000000,0.004755,1.000000,1082.0,0.001000
172700,0.001065,1.000000,0.001172,1.000000,1082.8,0.001000
172800,0.000874,1.000000,0.000930,1.000000,1083.6,0.001000
172900,0.034320,0.994048,0.038396,0.994261,1084.4,0.001000
173000,0.005761,0.999787,0.007740,0.998937,1085.2,0.001000
173100,0.000915,1.000000,0.001040,1.000000,1085.9,0.001000
173200,0.000983,1.000000,0.001060,1.000000,1086.6,0.001000
173300,0.033330,0.996599,0.037894,0.997237,1087.3,0.001000
173400,0.008399,0.999575,0.009684,0.999150,1088.0,0.001000
173500,0.001174,1.000000,0.001316,1.000000,1088.7,0.001000
173600,0.001085,1.000000,0.001170,1.000000,1089.4,0.001000
173700,0.427780,0.922406,0.472561,0.908608,1090.1,0.001000
173800,0.010932,0.997449,0.012766,0.997875,1090.9,0.001000
173900,0.000878,1.000000,0.001010,1.000000,1091.6,0.001000
174000,0.001137,1.000000,0.001230,1.000000,1092.3,0.001000
174100,0.000649,1.000000,0.000688,1.000000,1093.1,0.001000
174200,0.012554,0.999362,0.017404,0.998087,1093.8,0.001000
174300,0.000810,1.000000,0.000926,1.000000,1094.5,0.001000
174400,0.001156,1.000000,0.001253,1.000000,1095.2,0.001000
174500,0.806321,0.813563,0.816565,0.809139,1096.0,0.001000
174600,0.009525,1.000000,0.011647,0.999575,1096.6,0.001000
174700,0.001003,1.000000,0.001124,1.000000,1097.4,0.001000
174800,0.001057,1.000000,0.001131,1.000000,1098.1,0.001000
174900,0.096221,0.992347,0.110476,0.989798,1098.9,0.001000
175000,0.015114,0.997662,0.018263,0.998087,1099.6,0.001000
175100,0.000918,1.000000,0.001039,1.000000,1100.4,0.001000
175200,0.001108,1.000000,0.001205,1.000000,1101.2,0.001000
175300,0.000690,1.000000,0.000750,1.000000,1102.0,0.001000
175400,0.019856,0.996599,0.030054,0.995749,1102.7,0.001000
175500,0.000776,1.000000,0.000904,1.000000,1103.5,0.001000
175600,0.001004,1.000000,0.001090,1.000000,1104.2,0.001000
175700,0.098621,0.983206,0.106586,0.982359,1105.0,0.001000
175800,0.002574,0.999575,0.002594,1.000000,1105.7,0.001000
175900,0.001146,1.000000,0.001265,1.000000,1106.4,0.001000
176000,0.001018,1.000000,0.001088,1.000000,1107.3,0.001000
176100,0.057771,0.994685,0.067776,0.995749,1108.0,0.001000
176200,0.001076,1.000000,0.001314,1.000000,1108.7,0.001000
176300,0.001239,1.000000,0.001355,1.000000,1109.5,0.001000
176400,0.000816,1.000000,0.000866,1.000000,1110.1,0.001000
176500,0.011292,0.999362,0.013909,0.998725,1110.9,0.001000
176600,0.000816,1.000000,0.000982,1.000000,1111.5,0.001000
176700,0.001123,1.000000,0.001224,1.000000,1112.2,0.001000
176800,0.000701,1.000000,0.000742,1.000000,1112.9,0.001000
176900,0.009863,0.999362,0.012921,0.998300,1113.7,0.001000
177000,0.000800,1.000000,0.000916,1.000000,1114.5,0.001000
177100,0.001180,1.000000,0.001274,1.000000,1115.3,0.001000
177200,0.000680,1.000000,0.000719,1.000000,1116.2,0.001000
177300,0.010088,0.999150,0.012804,0.999787,1116.9,0.001000
177400,0.001017,1.000000,0.001138,1.000000,1117.7,0.001000
177500,0.001057,1.000000,0.001129,1.000000,1118.4,0.001000
177600,0.044908,0.993622,0.046851,0.993836,1119.2,0.001000
177700,0.000761,1.000000,0.000886,1.000000,1120.1,0.001000
177800,0.001117,1.000000,0.001198,1.000000,1120.8,0.001000
177900,0.000685,1.000000,0.000722,1.000000,1121.6,0.001000
178000,0.005219,1.000000,0.007184,0.999575,1122.5,0.001000
178100,0.001218,1.000000,0.001355,1.000000,1123.3,0.001000
178200,0.001091,1.000000,0.001162,1.000000,1124.1,0.001000
178300,0.031729,0.997662,0.039377,0.995962,1124.9,0.001000
178400,0.001573,1.000000,0.001886,1.000000,1125.8,0.001000
178500,0.001256,1.000000,0.001378,1.000000,1126.6,0.001000
178600,0.000928,1.000000,0.000991,1.000000,1127.4,0.001000
178700,0.026886,0.996811,0.027663,0.997450,1128.3,0.001000
178800,0.000793,1.000000,0.000959,1.000000,1129.1,0.001000
178900,0.001192,1.000000,0.001294,1.000000,1129.8,0.001000
179000,0.000810,1.000000,0.000860,1.000000,1130.6,0.001000
179100,0.036603,0.995536,0.048162,0.992349,1131.5,0.001000
179200,0.000811,1.000000,0.000939,1.000000,1132.3,0.001000
179300,0.001148,1.000000,0.001237,1.000000,1133.1,0.001000
179400,0.928764,0.732355,1.035346,0.697768,1133.9,0.001000
179500,0.009946,0.999787,0.013197,0.999575,1134.7,0.001000
179600,0.001100,1.000000,0.001227,1.000000,1135.5,0.001000
179700,0.001046,1.000000,0.001115,1.000000,1136.3,0.001000
179800,0.017224,0.999787,0.022697,0.998512,1137.1,0.001000
179900,0.001065,1.000000,0.001324,1.000000,1137.9,0.001000
180000,0.001158,1.000000,0.001260,1.000000,1138.7,0.001000
180100,0.000808,1.000000,0.000860,1.000000,1139.5,0.001000
180200,0.011742,0.999575,0.013208,0.999150,1140.4,0.001000
180300,0.004390,1.000000,0.005145,1.000000,1141.1,0.001000
180400,0.013322,0.998937,0.019143,0.997662,1141.9,0.001000
180500,0.000930,1.000000,0.001039,1.000000,1142.8,0.001000
180600,0.000932,1.000000,0.001004,1.000000,1143.6,0.001000
180700,0.034365,0.998087,0.043724,0.997237,1144.5,0.001000
180800,0.001788,1.000000,0.002144,1.000000,1145.4,0.001000
180900,0.001044,1.000000,0.001139,1.000000,1146.1,0.001000
181000,0.000756,1.000000,0.000802,1.000000,1146.9,0.001000
181100,0.018309,0.999362,0.022414,0.998300,1147.7,0.001000
181200,0.000916,1.000000,0.001077,1.000000,1148.4,0.001000
181300,0.001373,1.000000,0.001498,1.000000,1149.2,0.001000
181400,0.000877,1.000000,0.000935,1.000000,1150.0,0.001000
181500,0.003449,1.000000,0.004227,1.000000,1150.7,0.001000
181600,0.001027,1.000000,0.001138,1.000000,1151.5,0.001000
181700,0.000926,1.000000,0.000982,1.000000,1152.2,0.001000
181800,0.031197,0.997662,0.039178,0.994049,1152.8,0.001000
181900,0.001620,1.000000,0.002119,1.000000,1153.5,0.001000
182000,0.001234,1.000000,0.001348,1.000000,1154.2,0.001000
182100,0.000975,1.000000,0.001034,1.000000,1154.8,0.001000
182200,0.021985,0.997662,0.024856,0.997237,1155.4,0.001000
182300,0.000736,1.000000,0.000858,1.000000,1156.1,0.001000
182400,0.001129,1.000000,0.001213,1.000000,1156.8,0.001000
182500,0.000702,1.000000,0.000742,1.000000,1157.4,0.001000
182600,0.025090,0.998512,0.029480,0.996812,1158.1,0.001000
182700,0.004069,1.000000,0.004993,1.000000,1158.7,0.001000
182800,0.000959,1.000000,0.001049,1.000000,1159.4,0.001000
182900,0.000855,1.000000,0.000907,1.000000,1160.0,0.001000
183000,0.041022,0.994898,0.051541,0.991923,1160.6,0.001000
183100,0.000788,1.000000,0.000925,1.000000,1161.3,0.001000
183200,0.001162,1.000000,0.001267,1.000000,1162.1,0.001000
183300,0.000800,1.000000,0.000849,1.000000,1162.8,0.001000
183400,0.014857,0.999787,0.018437,0.998937,1163.4,0.001000
183500,0.000951,1.000000,0.001083,1.000000,1164.1,0.001000
183600,0.001157,1.000000,0.001234,1.000000,1164.8,0.001000
183700,0.062660,0.995961,0.069577,0.994686,1165.5,0.001000
183800,0.006602,0.998937,0.005472,0.999787,1166.2,0.001000
183900,0.001011,1.000000,0.001215,1.000000,1166.9,0.001000
184000,0.001216,1.000000,0.001328,1.000000,1167.5,0.001000
184100,0.000765,1.000000,0.000811,1.000000,1168.2,0.001000
184200,0.006321,1.000000,0.009814,0.999575,1168.9,0.001000
184300,0.001045,1.000000,0.001159,1.000000,1169.5,0.001000
184400,0.000942,1.000000,0.001004,1.000000,1170.3,0.001000
184500,0.039485,0.994898,0.044246,0.994049,1171.1,0.001000
184600,0.005543,0.999787,0.007886,0.999362,1171.8,0.001000
184700,0.001053,1.000000,0.001170,1.000000,1172.5,0.001000
184800,0.000976,1.000000,0.001049,1.000000,1173.2,0.001000
184900,0.027248,0.998724,0.033948,0.996174,1173.9,0.001000
185000,0.010396,0.999787,0.013313,0.998937,1174.5,0.001000
185100,0.000773,1.000000,0.000878,1.000000,1175.2,0.001000
185200,0.001002,1.000000,0.001079,1.000000,1175.9,0.001000
185300,0.000546,1.000000,0.000583,1.000000,1176.5,0.001000
185400,0.003700,1.000000,0.004702,1.000000,1177.3,0.001000
185500,0.000960,1.000000,0.001057,1.000000,1178.1,0.001000
185600,0.000952,1.000000,0.001010,1.000000,1178.9,0.001000
185700,0.019464,0.997662,0.023112,0.998512,1179.8,0.001000
185800,0.000789,1.000000,0.000911,1.000000,1180.7,0.001000
185900,0.001141,1.000000,0.001227,1.000000,1181.4,0.001000
186000,0.134161,0.982568,0.143097,0.981509,1182.1,0.001000
186100,0.001772,1.000000,0.002316,1.000000,1182.8,0.001000
186200,0.001078,1.000000,0.001184,1.000000,1183.5,0.001000
186300,0.000800,1.000000,0.000853,1.000000,1184.3,0.001000
186400,0.020541,0.997236,0.025592,0.996599,1185.0,0.001000
186500,0.009311,0.999787,0.011166,0.999575,1185.7,0.001000
186600,0.001524,1.000000,0.002007,1.000000,1186.4,0.001000
186700,0.001054,1.000000,0.001147,1.000000,1187.1,0.001000
186800,0.000791,1.000000,0.000845,1.000000,1187.7,0.001000
186900,0.013829,0.998724,0.016150,0.998087,1188.4,0.001000
187000,0.000824,1.000000,0.000945,1.000000,1189.1,0.001000
187100,0.001156,1.000000,0.001243,1.000000,1189.7,0.001000
187200,0.000705,1.000000,0.000754,1.000000,1190.4,0.001000
187300,0.018815,0.997236,0.023838,0.996599,1191.1,0.001000
187400,0.000914,1.000000,0.001047,1.000000,1191.8,0.001000
187500,0.001053,1.000000,0.001138,1.000000,1192.5,0.001000
187600,0.000572,1.000000,0.000613,1.000000,1193.2,0.001000
187700,0.002368,1.000000,0.002987,0.999787,1193.9,0.001000
187800,0.001121,1.000000,0.001235,1.000000,1194.6,0.001000
187900,0.000917,1.000000,0.000975,1.000000,1195.2,0.001000
188000,0.060691,0.994898,0.072520,0.991498,1196.0,0.001000
188100,0.015272,0.998299,0.016910,0.998087,1196.7,0.001000
188200,0.000817,1.000000,0.000929,1.000000,1197.4,0.001000
188300,0.001089,1.000000,0.001168,1.000000,1198.0,0.001000
188400,0.035363,0.997662,0.039267,0.997662,1198.7,0.001000
188500,0.002096,1.000000,0.002892,1.000000,1199.5,0.001000
188600,0.001026,1.000000,0.001139,1.000000,1200.2,0.001000
188700,0.000861,1.000000,0.000922,1.000000,1200.9,0.001000
188800,0.028605,0.997236,0.037225,0.995749,1201.5,0.001000
188900,0.000929,1.000000,0.001101,1.000000,1202.3,0.001000
189000,0.001241,1.000000,0.001360,1.000000,1203.0,0.001000
189100,0.000885,1.000000,0.000940,1.000000,1203.7,0.001000
189200,0.007580,0.999575,0.012065,0.998725,1204.3,0.001000
189300,0.015217,0.997024,0.013888,0.997450,1205.1,0.001000
189400,0.001102,1.000000,0.001309,1.000000,1205.8,0.001000
189500,0.001119,1.000000,0.001216,1.000000,1206.4,0.001000
189600,0.000751,1.000000,0.000797,1.000000,1207.1,0.001000
189700,0.054346,0.990008,0.062913,0.990861,1207.8,0.001000
189800,0.003989,0.999787,0.004757,0.999787,1208.5,0.001000
189900,0.000952,1.000000,0.001095,1.000000,1209.3,0.001000
190000,0.001052,1.000000,0.001133,1.000000,1210.1,0.001000
190100,0.000695,1.000000,0.000734,1.000000,1210.9,0.001000
190200,0.019136,0.998512,0.022412,0.997450,1211.8,0.001000
190300,0.000849,1.000000,0.000962,1.000000,1212.6,0.001000
190400,0.001161,1.000000,0.001240,1.000000,1213.4,0.001000
190500,0.000746,1.000000,0.000794,1.000000,1214.2,0.001000
190600,0.062964,0.992134,0.078238,0.987035,1214.9,0.001000
190700,0.000756,1.000000,0.000893,1.000000,1215.7,0.001000
190800,0.001064,1.000000,0.001150,1.000000,1216.3,0.001000
190900,0.000719,1.000000,0.000760,1.000000,1217.0,0.001000
191000,0.005958,1.000000,0.007738,1.000000,1217.7,0.001000
191100,0.000973,1.000000,0.001076,1.000000,1218.5,0.001000
191200,0.000991,1.000000,0.001048,1.000000,1219.3,0.001000
191300,0.027238,0.997874,0.034387,0.996599,1220.0,0.001000
191400,0.001629,1.000000,0.001926,1.000000,1220.8,0.001000
191500,0.001239,1.000000,0.001369,1.000000,1221.5,0.001000
191600,0.000911,1.000000,0.000979,1.000000,1222.3,0.001000
191700,0.018817,0.998724,0.024857,0.997450,1222.9,0.001000
191800,0.000909,1.000000,0.001036,1.000000,1223.6,0.001000
191900,0.001220,1.000000,0.001321,1.000000,1224.3,0.001000
192000,0.047010,0.997662,0.053678,0.997450,1225.0,0.001000
192100,0.000960,1.000000,0.001176,1.000000,1225.8,0.001000
192200,0.001192,1.000000,0.001303,1.000000,1226.5,0.001000
192300,0.000773,1.000000,0.000824,1.000000,1227.3,0.001000
192400,0.008369,0.999150,0.007454,1.000000,1228.0,0.001000
192500,0.000934,1.000000,0.001040,1.000000,1228.7,0.001000
192600,0.000966,1.000000,0.001028,1.000000,1229.4,0.001000
192700,0.042528,0.997874,0.052686,0.996599,1230.1,0.001000
192800,0.010108,0.998724,0.016949,0.997024,1230.7,0.001000
192900,0.000944,1.000000,0.001060,1.000000,1231.4,0.001000
193000,0.001122,1.000000,0.001187,1.000000,1232.2,0.001000
193100,0.257216,0.964286,0.288956,0.955367,1232.9,0.001000
193200,0.012194,0.998724,0.015802,0.998512,1233.5,0.001000
193300,0.000921,1.000000,0.001015,1.000000,1234.2,0.001000
193400,0.001125,1.000000,0.001200,1.000000,1234.9,0.001000
193500,0.166606,0.983418,0.186933,0.978959,1235.5,0.001000
193600,0.005922,1.000000,0.008479,0.999575,1236.2,0.001000
193700,0.002557,1.000000,0.002978,1.000000,1236.9,0.001000
193800,0.001058,1.000000,0.001144,1.000000,1237.6,0.001000
193900,0.000768,1.000000,0.000806,1.000000,1238.3,0.001000
194000,0.024767,0.997449,0.030359,0.995962,1239.0,0.001000
194100,0.003659,0.999787,0.004294,1.000000,1239.7,0.001000
194200,0.000989,1.000000,0.001101,1.000000,1240.5,0.001000
194300,0.000922,1.000000,0.000989,1.000000,1241.3,0.001000
194400,0.064713,0.987032,0.079204,0.982147,1242.0,0.001000
194500,0.000877,1.000000,0.000999,1.000000,1242.7,0.001000
194600,0.001122,1.000000,0.001206,1.000000,1243.5,0.001000
194700,0.942671,0.735757,0.953116,0.733262,1244.3,0.001000
194800,0.006207,0.999787,0.008185,0.999787,1244.9,0.001000
194900,0.000982,1.000000,0.001100,1.000000,1245.6,0.001000
195000,0.001053,1.000000,0.001120,1.000000,1246.3,0.001000
195100,0.000567,1.000000,0.000597,1.000000,1247.0,0.001000
195200,0.011096,0.999362,0.015669,0.998937,1247.8,0.001000
195300,0.000887,1.000000,0.001012,1.000000,1248.7,0.001000
195400,0.001046,1.000000,0.001117,1.000000,1249.4,0.001000
195500,0.062556,0.998299,0.074611,0.996812,1250.2,0.001000
195600,0.000743,1.000000,0.000866,1.000000,1251.0,0.001000
195700,0.001092,1.000000,0.001172,1.000000,1251.7,0.001000
195800,0.000660,1.000000,0.000697,1.000000,1252.6,0.001000
195900,0.006396,0.999362,0.008260,0.998725,1253.5,0.001000
196000,0.001044,1.000000,0.001156,1.000000,1254.5,0.001000
196100,0.001002,1.000000,0.001065,1.000000,1255.4,0.001000
196200,0.045602,0.999150,0.049698,0.999150,1256.2,0.001000
196300,0.003177,1.000000,0.003682,1.000000,1257.1,0.001000
196400,0.001159,1.000000,0.001268,1.000000,1257.9,0.001000
196500,0.000898,1.000000,0.000951,1.000000,1258.7,0.001000
196600,0.014907,1.000000,0.020407,0.999150,1259.6,0.001000
196700,0.012832,0.997874,0.014540,0.998512,1260.4,0.001000
196800,0.000817,1.000000,0.000921,1.000000,1261.2,0.001000
196900,0.001044,1.000000,0.001111,1.000000,1262.0,0.001000
197000,0.086519,0.995536,0.096843,0.991923,1262.7,0.001000
197100,0.001113,1.000000,0.001328,1.000000,1263.5,0.001000
197200,0.001269,1.000000,0.001384,1.000000,1264.4,0.001000
197300,0.000886,1.000000,0.000936,1.000000,1265.1,0.001000
197400,0.025340,0.997662,0.034772,0.995537,1265.8,0.001000
197500,0.002572,1.000000,0.003456,1.000000,1266.5,0.001000
197600,0.001087,1.000000,0.001186,1.000000,1267.2,0.001000
197700,0.000852,1.000000,0.000896,1.000000,1267.8,0.001000
197800,0.012244,0.999362,0.016322,0.998725,1268.5,0.001000
197900,0.000776,1.000000,0.000902,1.000000,1269.2,0.001000
198000,0.001155,1.000000,0.001240,1.000000,1269.8,0.001000
198100,0.000722,1.000000,0.000760,1.000000,1270.5,0.001000
198200,0.021330,0.997874,0.025823,0.997237,1271.3,0.001000
198300,0.000793,1.000000,0.000914,1.000000,1272.1,0.001000
198400,0.001177,1.000000,0.001270,1.000000,1272.8,0.001000
198500,0.000739,1.000000,0.000784,1.000000,1273.5,0.001000
198600,0.024637,0.997236,0.033168,0.994686,1274.3,0.001000
198700,0.007119,1.000000,0.008847,0.999787,1275.1,0.001000
198800,0.001049,1.000000,0.001166,1.000000,1275.9,0.001000
198900,0.001001,1.000000,0.001063,1.000000,1276.7,0.001000
199000,0.091901,0.996599,0.103298,0.996387,1277.4,0.001000
199100,0.009849,0.998724,0.013642,0.998300,1278.3,0.001000
199200,0.001033,1.000000,0.001285,1.000000,1279.0,0.001000
199300,0.001178,1.000000,0.001278,1.000000,1279.8,0.001000
199400,0.000794,1.000000,0.000842,1.000000,1280.6,0.001000
199500,0.002734,1.000000,0.004824,0.999150,1281.4,0.001000
199600,0.001144,1.000000,0.001267,1.000000,1282.2,0.001000
199700,0.001008,1.000000,0.001074,1.000000,1282.9,0.001000
199800,0.038654,0.992772,0.048858,0.990436,1283.9,0.001000
199900,0.006544,0.998937,0.008622,0.998725,1284.9,0.001000
