step,train_loss,train_acc,test_loss,test_acc,elapsed_sec,lr
0,5.228819,0.007440,5.256262,0.009139,0.0,0.000020
100,4.422131,0.042304,4.889959,0.001488,1.0,0.001000
200,2.113412,0.593537,4.688851,0.136663,2.1,0.001000
300,0.254011,0.993835,3.422739,0.483528,3.2,0.001000
400,0.052985,1.000000,3.231621,0.492455,4.3,0.001000
500,0.028262,1.000000,3.204369,0.494793,5.3,0.001000
600,0.007695,1.000000,3.135658,0.496493,6.3,0.001000
700,0.006233,1.000000,3.101594,0.496918,7.3,0.001000
800,0.004674,1.000000,2.899393,0.501594,8.4,0.001000
900,0.004377,1.000000,2.762130,0.507545,9.4,0.001000
1000,0.064781,0.998299,2.417702,0.510733,10.4,0.001000
1100,0.004562,1.000000,2.065820,0.539001,11.4,0.001000
1200,0.075779,0.996599,1.704681,0.575770,12.4,0.001000
1300,0.003774,1.000000,1.131406,0.671626,13.5,0.001000
1400,0.003940,1.000000,1.185876,0.661424,14.5,0.001000
1500,0.004223,1.000000,0.070983,0.996599,15.5,0.001000
1600,0.003294,1.000000,0.090529,0.994899,16.5,0.001000
1700,0.003664,1.000000,0.012235,0.999787,17.5,0.001000
1800,0.002571,1.000000,0.009327,1.000000,18.5,0.001000
1900,0.014344,1.000000,0.031732,0.998087,19.6,0.001000
2000,0.001574,1.000000,0.003334,1.000000,20.6,0.001000
2100,0.000972,1.000000,0.001775,1.000000,21.7,0.001000
2200,0.000928,1.000000,0.001689,1.000000,22.7,0.001000
2300,0.001063,1.000000,0.001674,1.000000,23.7,0.001000
2400,0.001355,1.000000,0.002283,1.000000,24.7,0.001000
2500,0.000940,1.000000,0.001434,1.000000,25.7,0.001000
2600,0.178239,0.966837,0.203570,0.961955,26.8,0.001000
2700,0.000749,1.000000,0.001117,1.000000,27.8,0.001000
2800,0.000742,1.000000,0.001002,1.000000,28.8,0.001000
2900,0.000841,1.000000,0.001272,1.000000,29.8,0.001000
3000,0.000835,1.000000,0.001135,1.000000,30.9,0.001000
3100,0.207496,0.956845,0.265538,0.946440,31.9,0.001000
3200,0.000705,1.000000,0.000972,1.000000,32.9,0.001000
3300,0.000689,1.000000,0.000890,1.000000,33.9,0.001000
3400,0.000667,1.000000,0.000935,1.000000,34.9,0.001000
3500,0.000727,1.000000,0.000964,1.000000,35.9,0.001000
3600,0.021024,0.999787,0.029172,0.998937,36.9,0.001000
3700,0.000655,1.000000,0.000887,1.000000,37.9,0.001000
3800,0.000654,1.000000,0.000835,1.000000,38.8,0.001000
3900,0.000599,1.000000,0.000830,1.000000,39.8,0.001000
4000,0.000700,1.000000,0.000901,1.000000,40.9,0.001000
4100,0.005362,1.000000,0.009185,0.999575,41.9,0.001000
4200,0.000638,1.000000,0.000869,1.000000,42.8,0.001000
4300,0.000522,1.000000,0.000682,1.000000,43.9,0.001000
4400,0.000520,1.000000,0.000751,1.000000,44.9,0.001000
4500,0.000596,1.000000,0.000766,1.000000,45.9,0.001000
4600,0.000750,1.000000,0.001046,1.000000,47.0,0.001000
4700,0.000734,1.000000,0.000972,1.000000,48.0,0.001000
4800,0.007943,0.999787,0.011427,0.999575,49.0,0.001000
4900,0.000672,1.000000,0.000958,1.000000,50.1,0.001000
5000,0.000513,1.000000,0.000661,1.000000,51.1,0.001000
5100,0.000546,1.000000,0.000769,1.000000,52.0,0.001000
5200,0.000745,1.000000,0.001008,1.000000,53.1,0.001000
5300,0.000647,1.000000,0.000916,1.000000,54.1,0.001000
5400,0.000751,1.000000,0.001000,1.000000,55.1,0.001000
5500,0.032087,0.998937,0.039802,0.999575,56.1,0.001000
5600,0.000535,1.000000,0.000712,1.000000,57.1,0.001000
5700,0.000684,1.000000,0.000851,1.000000,58.1,0.001000
5800,0.000627,1.000000,0.000911,1.000000,59.1,0.001000
5900,0.050851,0.997024,0.061997,0.995324,60.1,0.001000
6000,0.000706,1.000000,0.001015,1.000000,61.1,0.001000
6100,0.000572,1.000000,0.000735,1.000000,62.1,0.001000
6200,0.000564,1.000000,0.000857,1.000000,63.1,0.001000
6300,0.000627,1.000000,0.000841,1.000000,64.2,0.001000
6400,0.220498,0.955782,0.280645,0.937088,65.1,0.001000
6500,0.000492,1.000000,0.000714,1.000000,66.1,0.001000
6600,0.000450,1.000000,0.000589,1.000000,67.1,0.001000
6700,0.000383,1.000000,0.000579,1.000000,68.1,0.001000
6800,0.000532,1.000000,0.000701,1.000000,69.1,0.001000
6900,0.000539,1.000000,0.000748,1.000000,70.1,0.001000
7000,0.000686,1.000000,0.000885,1.000000,71.2,0.001000
7100,0.001530,1.000000,0.002471,0.999787,72.2,0.001000
7200,0.000734,1.000000,0.000953,1.000000,73.2,0.001000
7300,0.003857,1.000000,0.005019,1.000000,74.2,0.001000
7400,0.000686,1.000000,0.000935,1.000000,75.2,0.001000
7500,0.059695,0.989158,0.076252,0.987673,76.2,0.001000
7600,0.000605,1.000000,0.000867,1.000000,77.2,0.001000
7700,0.000514,1.000000,0.000671,1.000000,78.3,0.001000
7800,0.000584,1.000000,0.000836,1.000000,79.3,0.001000
7900,0.000554,1.000000,0.000747,1.000000,80.3,0.001000
8000,0.000519,1.000000,0.000770,1.000000,81.3,0.001000
8100,0.000703,1.000000,0.000947,1.000000,82.3,0.001000
8200,0.000875,1.000000,0.001276,1.000000,83.3,0.001000
8300,0.000675,1.000000,0.000889,1.000000,84.3,0.001000
8400,0.008773,1.000000,0.012187,0.999787,85.3,0.001000
8500,0.000784,1.000000,0.001045,1.000000,86.3,0.001000
8600,0.000605,1.000000,0.000776,1.000000,87.3,0.001000
8700,0.000564,1.000000,0.000788,1.000000,88.3,0.001000
8800,0.000590,1.000000,0.000757,1.000000,89.3,0.001000
8900,0.000531,1.000000,0.000723,1.000000,90.4,0.001000
9000,0.000696,1.000000,0.000944,1.000000,91.4,0.001000
9100,0.000623,1.000000,0.000957,1.000000,92.4,0.001000
9200,0.000664,1.000000,0.000921,1.000000,93.5,0.001000
9300,0.002969,1.000000,0.004081,1.000000,94.5,0.001000
9400,0.000664,1.000000,0.000892,1.000000,95.5,0.001000
9500,0.019741,0.999362,0.025573,0.998512,96.5,0.001000
9600,0.000612,1.000000,0.000856,1.000000,97.5,0.001000
9700,0.000518,1.000000,0.000671,1.000000,98.4,0.001000
9800,0.000429,1.000000,0.000599,1.000000,99.5,0.001000
9900,0.000601,1.000000,0.000778,1.000000,100.5,0.001000
10000,0.000696,1.000000,0.001037,1.000000,101.5,0.001000
10100,0.000675,1.000000,0.000887,1.000000,102.5,0.001000
10200,0.000701,1.000000,0.001084,1.000000,103.5,0.001000
10300,0.000636,1.000000,0.000804,1.000000,104.6,0.001000
10400,1.172248,0.661565,1.245006,0.632519,105.6,0.001000
10500,0.000567,1.000000,0.000796,1.000000,106.6,0.001000
10600,0.000606,1.000000,0.000766,1.000000,107.6,0.001000
10700,0.000728,1.000000,0.001051,1.000000,108.6,0.001000
10800,0.000700,1.000000,0.000914,1.000000,109.7,0.001000
10900,0.006942,1.000000,0.009096,1.000000,110.7,0.001000
11000,0.000669,1.000000,0.000924,1.000000,111.7,0.001000
11100,0.000520,1.000000,0.000654,1.000000,112.7,0.001000
11200,0.000568,1.000000,0.000785,1.000000,113.8,0.001000
11300,0.000553,1.000000,0.000694,1.000000,114.8,0.001000
11400,0.000479,1.000000,0.000647,1.000000,115.9,0.001000
11500,0.000611,1.000000,0.000788,1.000000,116.9,0.001000
11600,0.000544,1.000000,0.000782,1.000000,118.0,0.001000
11700,0.000600,1.000000,0.000807,1.000000,119.0,0.001000
11800,0.164635,0.968325,0.181900,0.963868,119.9,0.001000
11900,0.000538,1.000000,0.000741,1.000000,120.9,0.001000
12000,0.000537,1.000000,0.000692,1.000000,121.9,0.001000
12100,0.000451,1.000000,0.000640,1.000000,122.9,0.001000
12200,0.000616,1.000000,0.000794,1.000000,123.9,0.001000
12300,0.002661,1.000000,0.003780,1.000000,124.8,0.001000
12400,0.000654,1.000000,0.000876,1.000000,125.9,0.001000
12500,0.054862,0.999362,0.062728,0.998087,126.9,0.001000
12600,0.000653,1.000000,0.000899,1.000000,127.9,0.001000
12700,0.019477,1.000000,0.022958,0.999575,128.9,0.001000
12800,0.000704,1.000000,0.000916,1.000000,130.0,0.001000
12900,0.000524,1.000000,0.000656,1.000000,131.0,0.001000
13000,0.000449,1.000000,0.000632,1.000000,132.0,0.001000
13100,0.000638,1.000000,0.000844,1.000000,133.0,0.001000
13200,0.002156,1.000000,0.002856,1.000000,134.0,0.001000
13300,0.000636,1.000000,0.000860,1.000000,135.0,0.001000
13400,0.004888,1.000000,0.006153,1.000000,136.0,0.001000
13500,0.000636,1.000000,0.000877,1.000000,137.0,0.001000
13600,0.000454,1.000000,0.000568,1.000000,138.1,0.001000
13700,0.000385,1.000000,0.000549,1.000000,139.3,0.001000
13800,0.000571,1.000000,0.000741,1.000000,140.3,0.001000
13900,0.000544,1.000000,0.000747,1.000000,141.3,0.001000
14000,0.000632,1.000000,0.000838,1.000000,142.3,0.001000
14100,0.000351,1.000000,0.000434,1.000000,143.3,0.001000
14200,0.000506,1.000000,0.000699,1.000000,144.2,0.001000
14300,0.000586,1.000000,0.000739,1.000000,145.2,0.001000
14400,0.000526,1.000000,0.000706,1.000000,146.2,0.001000
14500,0.000594,1.000000,0.000750,1.000000,147.2,0.001000
14600,0.000495,1.000000,0.000681,1.000000,148.2,0.001000
14700,0.000701,1.000000,0.000910,1.000000,149.2,0.001000
14800,0.043834,0.998087,0.047857,0.996174,150.1,0.001000
14900,0.000523,1.000000,0.000717,1.000000,151.2,0.001000
15000,0.000429,1.000000,0.000540,1.000000,152.1,0.001000
15100,0.000465,1.000000,0.000601,1.000000,153.2,0.001000
15200,0.000646,1.000000,0.000817,1.000000,154.2,0.001000
15300,0.001060,1.000000,0.001348,1.000000,155.3,0.001000
15400,0.000697,1.000000,0.000882,1.000000,156.4,0.001000
15500,0.000713,1.000000,0.000966,1.000000,157.4,0.001000
15600,0.000657,1.000000,0.000835,1.000000,158.4,0.001000
15700,0.000830,1.000000,0.001123,1.000000,159.4,0.001000
15800,0.000674,1.000000,0.000906,1.000000,160.5,0.001000
15900,0.003548,1.000000,0.004450,1.000000,161.5,0.001000
16000,0.000708,1.000000,0.000967,1.000000,162.6,0.001000
16100,0.000532,1.000000,0.000691,1.000000,163.6,0.001000
16200,0.000502,1.000000,0.000722,1.000000,164.6,0.001000
16300,0.000591,1.000000,0.000764,1.000000,165.7,0.001000
16400,0.000646,1.000000,0.000904,1.000000,166.7,0.001000
16500,0.000665,1.000000,0.000856,1.000000,167.7,0.001000
16600,0.195439,0.961522,0.231608,0.950903,168.7,0.001000
16700,0.000537,1.000000,0.000718,1.000000,169.8,0.001000
16800,0.000514,1.000000,0.000648,1.000000,170.8,0.001000
16900,0.000536,1.000000,0.000742,1.000000,171.8,0.001000
17000,0.000573,1.000000,0.000740,1.000000,172.8,0.001000
17100,0.000477,1.000000,0.000704,1.000000,173.8,0.001000
17200,0.000651,1.000000,0.000835,1.000000,174.8,0.001000
17300,0.000669,1.000000,0.000900,1.000000,175.9,0.001000
17400,0.000714,1.000000,0.000917,1.000000,176.9,0.001000
17500,0.000954,1.000000,0.001219,1.000000,177.9,0.001000
17600,0.000758,1.000000,0.001005,1.000000,178.9,0.001000
17700,0.015552,1.000000,0.020104,0.999575,179.9,0.001000
17800,0.000693,1.000000,0.000905,1.000000,180.9,0.001000
17900,0.000531,1.000000,0.000664,1.000000,181.9,0.001000
18000,0.000551,1.000000,0.000732,1.000000,182.8,0.001000
18100,0.000630,1.000000,0.000797,1.000000,183.9,0.001000
18200,0.001122,1.000000,0.001628,1.000000,184.9,0.001000
18300,0.000627,1.000000,0.000802,1.000000,185.9,0.001000
18400,0.000406,1.000000,0.000507,1.000000,186.8,0.001000
18500,0.000491,1.000000,0.000667,1.000000,187.9,0.001000
18600,0.000643,1.000000,0.000819,1.000000,188.9,0.001000
18700,0.000842,1.000000,0.001403,1.000000,189.9,0.001000
18800,0.000776,1.000000,0.001017,1.000000,190.9,0.001000
18900,0.000468,1.000000,0.000574,1.000000,191.8,0.001000
19000,0.000497,1.000000,0.000679,1.000000,192.8,0.001000
19100,0.000577,1.000000,0.000752,1.000000,193.8,0.001000
19200,0.000590,1.000000,0.000782,1.000000,194.9,0.001000
19300,0.000667,1.000000,0.000861,1.000000,195.9,0.001000
19400,0.000386,1.000000,0.000483,1.000000,196.8,0.001000
19500,0.000440,1.000000,0.000613,1.000000,197.8,0.001000
19600,0.000497,1.000000,0.000649,1.000000,198.9,0.001000
19700,0.000458,1.000000,0.000601,1.000000,199.8,0.001000
19800,0.000626,1.000000,0.000800,1.000000,200.8,0.001000
19900,0.001054,1.000000,0.001337,1.000000,201.8,0.001000
20000,0.000732,1.000000,0.000931,1.000000,202.8,0.001000
20100,0.005548,1.000000,0.007365,1.000000,203.8,0.001000
20200,0.000688,1.000000,0.000891,1.000000,204.9,0.001000
20300,0.000476,1.000000,0.000592,1.000000,206.0,0.001000
20400,0.000487,1.000000,0.000627,1.000000,207.1,0.001000
20500,0.000524,1.000000,0.000670,1.000000,208.2,0.001000
20600,0.001970,1.000000,0.002648,1.000000,209.2,0.001000
20700,0.000781,1.000000,0.000986,1.000000,210.3,0.001000
20800,0.063488,0.994473,0.068335,0.994474,211.3,0.001000
20900,0.000647,1.000000,0.000821,1.000000,212.3,0.001000
21000,0.000545,1.000000,0.000686,1.000000,213.3,0.001000
21100,0.000479,1.000000,0.000641,1.000000,214.4,0.001000
21200,0.000611,1.000000,0.000781,1.000000,215.3,0.001000
21300,0.000595,1.000000,0.000790,1.000000,216.3,0.001000
21400,0.000670,1.000000,0.000863,1.000000,217.3,0.001000
21500,0.008845,1.000000,0.011771,1.000000,218.4,0.001000
21600,0.000555,1.000000,0.000722,1.000000,219.5,0.001000
21700,0.000432,1.000000,0.000557,1.000000,220.5,0.001000
21800,0.000492,1.000000,0.000636,1.000000,221.5,0.001000
21900,0.000737,1.000000,0.000955,1.000000,222.6,0.001000
22000,0.001061,1.000000,0.001340,1.000000,223.6,0.001000
22100,0.000740,1.000000,0.000929,1.000000,224.6,0.001000
22200,0.000449,1.000000,0.000556,1.000000,225.7,0.001000
22300,0.000505,1.000000,0.000636,1.000000,226.8,0.001000
22400,0.000544,1.000000,0.000672,1.000000,227.8,0.001000
22500,0.000881,1.000000,0.001114,1.000000,228.9,0.001000
22600,0.000717,1.000000,0.000895,1.000000,229.9,0.001000
22700,0.000455,1.000000,0.000560,1.000000,230.9,0.001000
22800,0.000537,1.000000,0.000707,1.000000,231.9,0.001000
22900,0.000604,1.000000,0.000771,1.000000,233.0,0.001000
23000,0.000541,1.000000,0.000773,1.000000,234.0,0.001000
23100,0.000680,1.000000,0.000864,1.000000,235.0,0.001000
23200,0.008645,1.000000,0.011024,1.000000,236.0,0.001000
23300,0.000627,1.000000,0.000815,1.000000,237.0,0.001000
23400,0.000498,1.000000,0.000625,1.000000,238.0,0.001000
23500,0.000473,1.000000,0.000627,1.000000,239.0,0.001000
23600,0.000586,1.000000,0.000752,1.000000,240.0,0.001000
23700,0.000483,1.000000,0.000614,1.000000,241.0,0.001000
23800,0.000638,1.000000,0.000804,1.000000,242.1,0.001000
23900,0.000619,1.000000,0.000851,1.000000,243.1,0.001000
24000,0.000689,1.000000,0.000892,1.000000,244.1,0.001000
24100,0.000566,1.000000,0.000813,1.000000,245.1,0.001000
24200,0.000645,1.000000,0.000845,1.000000,246.1,0.001000
24300,0.009570,1.000000,0.012880,0.999787,247.1,0.001000
24400,0.000574,1.000000,0.000744,1.000000,248.2,0.001000
24500,0.267583,0.941114,0.274713,0.939001,249.2,0.001000
24600,0.000517,1.000000,0.000667,1.000000,250.2,0.001000
24700,0.000422,1.000000,0.000533,1.000000,251.2,0.001000
24800,0.000499,1.000000,0.000642,1.000000,252.2,0.001000
24900,0.000731,1.000000,0.000917,1.000000,253.2,0.001000
25000,0.000907,1.000000,0.001303,1.000000,254.2,0.001000
25100,0.000691,1.000000,0.000872,1.000000,255.2,0.001000
25200,0.000572,1.000000,0.000778,1.000000,256.1,0.001000
25300,0.000720,1.000000,0.000927,1.000000,257.1,0.001000
25400,0.004592,1.000000,0.006254,1.000000,258.1,0.001000
25500,0.000664,1.000000,0.000856,1.000000,259.0,0.001000
25600,0.000504,1.000000,0.000631,1.000000,259.9,0.001000
25700,0.000456,1.000000,0.000612,1.000000,260.9,0.001000
25800,0.000541,1.000000,0.000681,1.000000,261.8,0.001000
25900,0.003026,1.000000,0.004109,1.000000,262.7,0.001000
26000,0.000599,1.000000,0.000750,1.000000,263.7,0.001000
26100,0.000452,1.000000,0.000561,1.000000,264.6,0.001000
26200,0.000470,1.000000,0.000629,1.000000,265.5,0.001000
26300,0.000580,1.000000,0.000744,1.000000,266.5,0.001000
26400,0.000748,1.000000,0.001049,1.000000,267.4,0.001000
26500,0.000759,1.000000,0.000999,1.000000,268.3,0.001000
26600,0.170223,0.969600,0.182741,0.973220,269.3,0.001000
26700,0.000542,1.000000,0.000672,1.000000,270.2,0.001000
26800,0.000541,1.000000,0.000685,1.000000,271.1,0.001000
26900,0.000634,1.000000,0.000866,1.000000,272.1,0.001000
27000,0.000735,1.000000,0.000936,1.000000,273.0,0.001000
27100,0.009939,1.000000,0.013727,1.000000,273.9,0.001000
27200,0.000593,1.000000,0.000747,1.000000,274.8,0.001000
27300,0.000446,1.000000,0.000559,1.000000,275.8,0.001000
27400,0.000471,1.000000,0.000618,1.000000,276.7,0.001000
27500,0.000627,1.000000,0.000777,1.000000,277.6,0.001000
27600,0.002117,1.000000,0.002865,1.000000,278.6,0.001000
27700,0.000592,1.000000,0.000753,1.000000,279.5,0.001000
27800,0.000375,1.000000,0.000464,1.000000,280.4,0.001000
27900,0.000456,1.000000,0.000606,1.000000,281.4,0.001000
28000,0.000649,1.000000,0.000834,1.000000,282.3,0.001000
28100,0.000948,1.000000,0.001241,1.000000,283.2,0.001000
28200,0.000691,1.000000,0.000874,1.000000,284.2,0.001000
28300,0.023315,0.999575,0.030655,0.997875,285.1,0.001000
28400,0.000664,1.000000,0.000859,1.000000,286.0,0.001000
28500,0.000619,1.000000,0.000788,1.000000,287.0,0.001000
28600,0.000551,1.000000,0.000722,1.000000,287.9,0.001000
28700,0.000540,1.000000,0.000693,1.000000,288.8,0.001000
28800,0.001167,1.000000,0.001676,1.000000,289.8,0.001000
28900,0.000541,1.000000,0.000718,1.000000,290.7,0.001000
29000,4.806711,0.169430,4.887734,0.166631,291.6,0.001000
29100,0.000554,1.000000,0.000705,1.000000,292.6,0.001000
29200,0.000556,1.000000,0.000699,1.000000,293.5,0.001000
29300,0.000478,1.000000,0.000626,1.000000,294.4,0.001000
29400,0.000611,1.000000,0.000765,1.000000,295.4,0.001000
29500,0.001288,1.000000,0.001790,1.000000,296.3,0.001000
29600,0.000538,1.000000,0.000681,1.000000,297.3,0.001000
29700,0.000332,1.000000,0.000424,1.000000,298.2,0.001000
29800,0.000396,1.000000,0.000518,1.000000,299.1,0.001000
29900,0.000475,1.000000,0.000605,1.000000,300.0,0.001000
30000,0.000474,1.000000,0.000636,1.000000,301.0,0.001000
30100,0.000562,1.000000,0.000712,1.000000,301.9,0.001000
30200,0.000422,1.000000,0.000561,1.000000,302.9,0.001000
30300,0.000593,1.000000,0.000757,1.000000,303.8,0.001000
30400,0.000451,1.000000,0.000578,1.000000,304.7,0.001000
30500,0.000554,1.000000,0.000711,1.000000,305.7,0.001000
30600,0.001426,1.000000,0.001931,1.000000,306.6,0.001000
30700,0.000686,1.000000,0.000900,1.000000,307.5,0.001000
30800,0.000456,1.000000,0.000592,1.000000,308.4,0.001000
30900,0.000565,1.000000,0.000754,1.000000,309.4,0.001000
31000,0.001745,1.000000,0.002295,1.000000,310.3,0.001000
31100,0.000622,1.000000,0.000813,1.000000,311.2,0.001000
31200,0.000597,1.000000,0.000755,1.000000,312.2,0.001000
31300,0.000464,1.000000,0.000664,1.000000,313.1,0.001000
31400,0.000635,1.000000,0.000818,1.000000,314.0,0.001000
31500,2.879930,0.349915,3.034091,0.321360,315.0,0.001000
31600,0.000506,1.000000,0.000655,1.000000,315.9,0.001000
31700,0.000524,1.000000,0.000663,1.000000,316.8,0.001000
31800,0.000456,1.000000,0.000587,1.000000,317.8,0.001000
31900,0.000607,1.000000,0.000762,1.000000,318.7,0.001000
32000,0.000882,1.000000,0.001316,1.000000,319.6,0.001000
32100,0.000616,1.000000,0.000761,1.000000,320.6,0.001000
32200,0.211106,0.963223,0.239299,0.957067,321.5,0.001000
32300,0.000520,1.000000,0.000702,1.000000,322.5,0.001000
32400,0.000535,1.000000,0.000684,1.000000,323.5,0.001000
32500,0.000533,1.000000,0.000695,1.000000,324.5,0.001000
32600,0.000527,1.000000,0.000672,1.000000,325.4,0.001000
32700,0.000461,1.000000,0.000580,1.000000,326.4,0.001000
32800,0.000655,1.000000,0.000823,1.000000,327.3,0.001000
32900,0.001843,1.000000,0.003146,0.999787,328.3,0.001000
33000,0.000623,1.000000,0.000850,1.000000,329.2,0.001000
33100,0.064325,0.996599,0.071983,0.996599,330.2,0.001000
33200,0.000641,1.000000,0.000842,1.000000,331.1,0.001000
33300,0.007263,1.000000,0.009850,0.999787,332.0,0.001000
33400,0.000699,1.000000,0.000898,1.000000,333.0,0.001000
33500,0.000510,1.000000,0.000637,1.000000,333.9,0.001000
33600,0.000501,1.000000,0.000648,1.000000,334.9,0.001000
33700,0.000632,1.000000,0.000812,1.000000,335.8,0.001000
33800,0.000600,1.000000,0.000787,1.000000,336.7,0.001000
33900,0.000742,1.000000,0.000934,1.000000,337.7,0.001000
34000,0.009674,1.000000,0.013185,1.000000,338.6,0.001000
34100,0.000672,1.000000,0.000889,1.000000,339.6,0.001000
34200,0.000520,1.000000,0.000650,1.000000,340.5,0.001000
34300,0.000445,1.000000,0.000579,1.000000,341.4,0.001000
34400,0.000629,1.000000,0.000812,1.000000,342.4,0.001000
34500,0.001961,1.000000,0.002638,1.000000,343.3,0.001000
34600,0.000639,1.000000,0.000808,1.000000,344.3,0.001000
34700,0.000424,1.000000,0.000533,1.000000,345.2,0.001000
34800,0.000456,1.000000,0.000611,1.000000,346.2,0.001000
34900,0.000654,1.000000,0.000826,1.000000,347.1,0.001000
35000,0.000504,1.000000,0.000767,1.000000,348.0,0.001000
35100,0.000623,1.000000,0.000813,1.000000,349.0,0.001000
35200,0.000685,1.000000,0.000826,1.000000,349.9,0.001000
35300,0.000444,1.000000,0.000572,1.000000,350.9,0.001000
35400,0.000476,1.000000,0.000594,1.000000,351.8,0.001000
35500,0.000446,1.000000,0.000578,1.000000,352.7,0.001000
35600,0.000565,1.000000,0.000708,1.000000,353.7,0.001000
35700,0.001367,1.000000,0.001815,1.000000,354.6,0.001000
35800,0.000745,1.000000,0.000912,1.000000,355.5,0.001000
35900,0.016193,1.000000,0.020016,1.000000,356.5,0.001000
36000,0.000703,1.000000,0.000889,1.000000,357.4,0.001000
36100,0.000576,1.000000,0.000706,1.000000,358.4,0.001000
36200,0.000470,1.000000,0.000608,1.000000,359.3,0.001000
36300,0.000595,1.000000,0.000728,1.000000,360.2,0.001000
36400,0.000800,1.000000,0.001029,1.000000,361.2,0.001000
36500,0.000641,1.000000,0.000779,1.000000,362.1,0.001000
36600,3.192887,0.260629,3.253926,0.260574,363.0,0.001000
36700,0.000500,1.000000,0.000628,1.000000,364.0,0.001000
36800,0.000514,1.000000,0.000613,1.000000,364.9,0.001000
36900,0.000576,1.000000,0.000738,1.000000,365.8,0.001000
37000,0.000701,1.000000,0.000836,1.000000,366.8,0.001000
37100,0.044300,0.997662,0.057194,0.995324,367.7,0.001000
37200,0.000566,1.000000,0.000692,1.000000,368.7,0.001000
37300,0.000483,1.000000,0.000568,1.000000,369.7,0.001000
37400,0.000520,1.000000,0.000660,1.000000,370.6,0.001000
37500,0.000651,1.000000,0.000790,1.000000,371.6,0.001000
37600,0.132837,0.975978,0.148485,0.971307,372.5,0.001000
37700,0.000467,1.000000,0.000597,1.000000,373.5,0.001000
37800,0.000545,1.000000,0.000651,1.000000,374.4,0.001000
37900,0.000701,1.000000,0.000939,1.000000,375.3,0.001000
38000,0.000651,1.000000,0.000785,1.000000,376.3,0.001000
38100,0.000426,1.000000,0.000495,1.000000,377.2,0.001000
38200,0.000482,1.000000,0.000592,1.000000,378.1,0.001000
38300,0.000533,1.000000,0.000626,1.000000,379.1,0.001000
38400,0.000443,1.000000,0.000588,1.000000,380.1,0.001000
38500,0.000585,1.000000,0.000693,1.000000,381.0,0.001000
38600,0.002568,1.000000,0.003505,1.000000,381.9,0.001000
38700,0.000655,1.000000,0.000797,1.000000,382.9,0.001000
38800,0.022289,1.000000,0.027539,0.999150,383.8,0.001000
38900,0.000550,1.000000,0.000688,1.000000,384.8,0.001000
39000,0.000503,1.000000,0.000590,1.000000,385.7,0.001000
39100,0.001239,1.000000,0.001681,1.000000,386.6,0.001000
39200,0.000655,1.000000,0.000796,1.000000,387.6,0.001000
39300,0.304591,0.923257,0.328066,0.916897,388.5,0.001000
39400,0.000573,1.000000,0.000724,1.000000,389.5,0.001000
39500,0.000537,1.000000,0.000643,1.000000,390.4,0.001000
39600,0.000464,1.000000,0.000603,1.000000,391.3,0.001000
39700,0.000678,1.000000,0.000806,1.000000,392.3,0.001000
39800,0.005914,1.000000,0.008074,0.999787,393.2,0.001000
39900,0.000680,1.000000,0.000841,1.000000,394.1,0.001000
40000,0.000522,1.000000,0.000620,1.000000,395.1,0.001000
40100,0.000435,1.000000,0.000555,1.000000,396.0,0.001000
40200,0.000520,1.000000,0.000615,1.000000,397.0,0.001000
40300,0.002058,1.000000,0.002886,1.000000,397.9,0.001000
40400,0.000556,1.000000,0.000704,1.000000,398.8,0.001000
40500,0.000450,1.000000,0.000542,1.000000,399.8,0.001000
40600,0.000497,1.000000,0.000634,1.000000,400.7,0.001000
40700,0.000542,1.000000,0.000644,1.000000,401.6,0.001000
40800,0.000891,1.000000,0.001158,1.000000,402.6,0.001000
40900,0.000652,1.000000,0.000791,1.000000,403.5,0.001000
41000,0.018353,0.999575,0.022781,0.999362,404.4,0.001000
41100,0.000552,1.000000,0.000685,1.000000,405.4,0.001000
41200,0.000445,1.000000,0.000527,1.000000,406.3,0.001000
41300,0.000430,1.000000,0.000580,1.000000,407.3,0.001000
41400,0.000639,1.000000,0.000765,1.000000,408.2,0.001000
41500,0.023847,1.000000,0.028948,0.999150,409.2,0.001000
41600,0.000549,1.000000,0.000680,1.000000,410.1,0.001000
41700,0.000504,1.000000,0.000593,1.000000,411.0,0.001000
41800,0.000435,1.000000,0.000558,1.000000,412.0,0.001000
41900,0.000640,1.000000,0.000773,1.000000,412.9,0.001000
42000,0.005610,0.999787,0.007568,0.999787,413.8,0.001000
42100,0.000612,1.000000,0.000762,1.000000,414.8,0.001000
42200,0.000451,1.000000,0.000531,1.000000,415.7,0.001000
42300,0.000597,1.000000,0.000813,1.000000,416.7,0.001000
42400,0.000687,1.000000,0.000839,1.000000,417.6,0.001000
42500,0.000455,1.000000,0.000591,1.000000,418.5,0.001000
42600,0.000614,1.000000,0.000740,1.000000,419.5,0.001000
42700,0.009643,1.000000,0.012772,0.999787,420.4,0.001000
42800,0.000690,1.000000,0.000858,1.000000,421.4,0.001000
42900,0.000593,1.000000,0.000708,1.000000,422.3,0.001000
43000,0.000509,1.000000,0.000668,1.000000,423.3,0.001000
43100,0.000600,1.000000,0.000719,1.000000,424.2,0.001000
43200,0.002127,1.000000,0.002791,1.000000,425.1,0.001000
43300,0.000584,1.000000,0.000743,1.000000,426.1,0.001000
43400,0.036762,0.997874,0.044619,0.996387,427.0,0.001000
43500,0.000441,1.000000,0.000551,1.000000,427.9,0.001000
43600,0.000410,1.000000,0.000495,1.000000,428.9,0.001000
43700,0.000465,1.000000,0.000622,1.000000,429.8,0.001000
43800,0.000697,1.000000,0.000863,1.000000,430.8,0.001000
43900,0.007141,1.000000,0.009486,1.000000,431.7,0.001000
44000,0.000575,1.000000,0.000732,1.000000,432.6,0.001000
44100,0.000437,1.000000,0.000531,1.000000,433.6,0.001000
44200,0.000465,1.000000,0.000638,1.000000,434.6,0.001000
44300,0.000701,1.000000,0.000863,1.000000,435.5,0.001000
44400,0.002207,1.000000,0.002851,1.000000,436.5,0.001000
44500,0.000640,1.000000,0.000797,1.000000,437.4,0.001000
44600,0.000716,1.000000,0.000858,1.000000,438.3,0.001000
44700,0.000514,1.000000,0.000667,1.000000,439.3,0.001000
44800,0.000507,1.000000,0.000617,1.000000,440.2,0.001000
44900,0.000569,1.000000,0.000767,1.000000,441.2,0.001000
45000,0.000729,1.000000,0.000919,1.000000,442.1,0.001000
45100,0.000493,1.000000,0.000606,1.000000,443.0,0.001000
45200,0.000516,1.000000,0.000707,1.000000,444.0,0.001000
45300,0.000530,1.000000,0.000649,1.000000,444.9,0.001000
45400,0.000591,1.000000,0.000758,1.000000,445.8,0.001000
45500,0.000695,1.000000,0.000853,1.000000,446.8,0.001000
45600,0.019196,0.999575,0.023595,0.999150,447.7,0.001000
45700,0.000544,1.000000,0.000693,1.000000,448.7,0.001000
45800,0.000507,1.000000,0.000614,1.000000,449.6,0.001000
45900,0.000938,1.000000,0.001219,1.000000,450.5,0.001000
46000,0.000724,1.000000,0.000896,1.000000,451.5,0.001000
46100,0.031393,0.999575,0.038124,0.999150,452.4,0.001000
46200,0.000567,1.000000,0.000753,1.000000,453.4,0.001000
46300,0.000523,1.000000,0.000649,1.000000,454.3,0.001000
46400,0.000435,1.000000,0.000569,1.000000,455.2,0.001000
46500,0.000602,1.000000,0.000730,1.000000,456.2,0.001000
46600,0.000455,1.000000,0.000653,1.000000,457.1,0.001000
46700,0.000630,1.000000,0.000766,1.000000,458.0,0.001000
46800,0.001177,1.000000,0.001564,1.000000,459.0,0.001000
46900,0.000603,1.000000,0.000745,1.000000,459.9,0.001000
47000,0.000377,1.000000,0.000448,1.000000,460.8,0.001000
47100,0.000462,1.000000,0.000606,1.000000,461.8,0.001000
47200,0.000547,1.000000,0.000677,1.000000,462.7,0.001000
47300,0.000526,1.000000,0.000678,1.000000,463.7,0.001000
47400,0.000625,1.000000,0.000774,1.000000,464.6,0.001000
47500,0.000634,1.000000,0.000870,1.000000,465.6,0.001000
47600,0.000624,1.000000,0.000788,1.000000,466.5,0.001000
47700,0.000356,1.000000,0.000421,1.000000,467.4,0.001000
47800,0.000458,1.000000,0.000721,1.000000,468.4,0.001000
47900,0.000660,1.000000,0.000820,1.000000,469.3,0.001000
48000,0.000869,1.000000,0.001127,1.000000,470.3,0.001000
48100,0.000705,1.000000,0.000886,1.000000,471.2,0.001000
48200,0.009930,1.000000,0.012593,0.999575,472.2,0.001000
48300,0.000704,1.000000,0.000927,1.000000,473.1,0.001000
48400,0.000547,1.000000,0.000668,1.000000,474.0,0.001000
48500,0.000549,1.000000,0.000730,1.000000,475.0,0.001000
48600,0.000555,1.000000,0.000689,1.000000,475.9,0.001000
48700,0.000458,1.000000,0.000619,1.000000,476.9,0.001000
48800,0.000631,1.000000,0.000757,1.000000,477.8,0.001000
48900,0.001015,1.000000,0.001382,1.000000,478.7,0.001000
49000,0.000706,1.000000,0.000876,1.000000,479.7,0.001000
49100,0.000435,1.000000,0.000519,1.000000,480.6,0.001000
49200,0.000519,1.000000,0.000707,1.000000,481.5,0.001000
49300,0.000627,1.000000,0.000760,1.000000,482.5,0.001000
49400,0.000619,1.000000,0.000811,1.000000,483.4,0.001000
49500,0.000672,1.000000,0.000817,1.000000,484.4,0.001000
49600,0.011926,1.000000,0.014784,1.000000,485.3,0.001000
49700,0.000660,1.000000,0.000833,1.000000,486.3,0.001000
49800,0.000532,1.000000,0.000640,1.000000,487.2,0.001000
49900,0.000416,1.000000,0.000530,1.000000,488.1,0.001000
50000,0.000515,1.000000,0.000614,1.000000,489.1,0.001000
50100,0.000996,1.000000,0.001357,1.000000,490.0,0.001000
50200,0.000700,1.000000,0.000876,1.000000,490.9,0.001000
50300,0.000468,1.000000,0.000551,1.000000,491.9,0.001000
50400,0.000462,1.000000,0.000618,1.000000,492.8,0.001000
50500,0.000429,1.000000,0.000525,1.000000,493.8,0.001000
50600,0.000439,1.000000,0.000586,1.000000,494.7,0.001000
50700,0.000546,1.000000,0.000682,1.000000,495.6,0.001000
50800,0.000910,1.000000,0.001240,1.000000,496.6,0.001000
50900,0.000663,1.000000,0.000828,1.000000,497.5,0.001000
51000,0.178902,0.966837,0.198371,0.964293,498.5,0.001000
51100,0.000523,1.000000,0.000675,1.000000,499.4,0.001000
51200,0.000542,1.000000,0.000660,1.000000,500.4,0.001000
51300,0.000499,1.000000,0.000651,1.000000,501.3,0.001000
51400,0.000665,1.000000,0.000818,1.000000,502.3,0.001000
51500,0.005315,1.000000,0.007521,0.999362,503.2,0.001000
51600,0.000653,1.000000,0.000820,1.000000,504.2,0.001000
51700,0.000477,1.000000,0.000581,1.000000,505.1,0.001000
51800,0.000521,1.000000,0.000688,1.000000,506.1,0.001000
51900,0.000663,1.000000,0.000818,1.000000,507.0,0.001000
52000,0.001159,1.000000,0.001475,1.000000,508.0,0.001000
52100,0.000692,1.000000,0.000869,1.000000,508.9,0.001000
52200,0.000660,1.000000,0.000760,1.000000,509.9,0.001000
52300,0.000520,1.000000,0.000662,1.000000,510.8,0.001000
52400,0.000498,1.000000,0.000603,1.000000,511.7,0.001000
52500,0.000452,1.000000,0.000645,1.000000,512.7,0.001000
52600,0.000683,1.000000,0.000858,1.000000,513.6,0.001000
52700,0.076868,0.989796,0.086794,0.986822,514.6,0.001000
52800,0.000500,1.000000,0.000640,1.000000,515.5,0.001000
52900,0.000478,1.000000,0.000574,1.000000,516.4,0.001000
53000,0.002091,1.000000,0.003691,0.999787,517.4,0.001000
53100,0.000621,1.000000,0.000807,1.000000,518.3,0.001000
53200,0.000494,1.000000,0.000610,1.000000,519.3,0.001000
53300,0.000427,1.000000,0.000588,1.000000,520.2,0.001000
53400,0.000590,1.000000,0.000746,1.000000,521.1,0.001000
53500,0.001010,1.000000,0.001396,1.000000,522.1,0.001000
53600,0.000621,1.000000,0.000805,1.000000,523.0,0.001000
53700,1.709894,0.515731,1.785549,0.515834,523.9,0.001000
53800,0.000532,1.000000,0.000677,1.000000,524.9,0.001000
53900,0.000547,1.000000,0.000665,1.000000,525.8,0.001000
54000,0.001151,1.000000,0.001717,1.000000,526.8,0.001000
54100,0.000654,1.000000,0.000837,1.000000,527.7,0.001000
54200,0.000410,1.000000,0.000506,1.000000,528.6,0.001000
54300,0.000448,1.000000,0.000590,1.000000,529.6,0.001000
54400,0.000610,1.000000,0.000749,1.000000,530.5,0.001000
54500,0.013001,0.999787,0.017227,0.999787,531.5,0.001000
54600,0.000625,1.000000,0.000794,1.000000,532.4,0.001000
54700,0.000537,1.000000,0.000652,1.000000,533.3,0.001000
54800,0.000491,1.000000,0.000681,1.000000,534.3,0.001000
54900,0.000671,1.000000,0.000836,1.000000,535.2,0.001000
55000,0.008401,1.000000,0.010964,0.999787,536.2,0.001000
55100,0.000575,1.000000,0.000725,1.000000,537.1,0.001000
55200,0.000439,1.000000,0.000529,1.000000,538.1,0.001000
55300,0.000572,1.000000,0.000773,1.000000,539.0,0.001000
55400,0.000604,1.000000,0.000732,1.000000,539.9,0.001000
55500,0.000382,1.000000,0.000445,1.000000,540.9,0.001000
55600,0.000438,1.000000,0.000569,1.000000,541.8,0.001000
55700,0.000568,1.000000,0.000678,1.000000,542.8,0.001000
55800,0.001070,1.000000,0.001588,1.000000,543.7,0.001000
55900,0.000626,1.000000,0.000807,1.000000,544.7,0.001000
56000,0.000476,1.000000,0.000605,1.000000,545.6,0.001000
56100,0.000556,1.000000,0.000726,1.000000,546.5,0.001000
56200,0.000573,1.000000,0.000706,1.000000,547.5,0.001000
56300,0.001194,1.000000,0.001672,1.000000,548.4,0.001000
56400,0.000654,1.000000,0.000833,1.000000,549.4,0.001000
56500,0.000531,1.000000,0.000631,1.000000,550.3,0.001000
56600,0.000495,1.000000,0.000648,1.000000,551.2,0.001000
56700,0.000489,1.000000,0.000598,1.000000,552.2,0.001000
56800,0.000480,1.000000,0.000680,1.000000,553.1,0.001000
56900,0.000640,1.000000,0.000793,1.000000,554.1,0.001000
57000,0.000949,1.000000,0.001133,1.000000,555.0,0.001000
57100,0.000434,1.000000,0.000604,1.000000,555.9,0.001000
57200,0.000557,1.000000,0.000686,1.000000,556.9,0.001000
57300,0.001854,1.000000,0.002625,1.000000,557.8,0.001000
57400,0.000542,1.000000,0.000732,1.000000,558.8,0.001000
57500,0.000379,1.000000,0.000468,1.000000,559.7,0.001000
57600,0.000330,1.000000,0.000431,1.000000,560.7,0.001000
57700,0.000452,1.000000,0.000566,1.000000,561.6,0.001000
57800,0.002854,1.000000,0.003890,1.000000,562.5,0.001000
57900,0.000602,1.000000,0.000775,1.000000,563.5,0.001000
58000,0.000485,1.000000,0.000596,1.000000,564.4,0.001000
58100,0.000492,1.000000,0.000626,1.000000,565.4,0.001000
58200,0.000527,1.000000,0.000642,1.000000,566.5,0.001000
58300,0.001684,1.000000,0.002516,1.000000,567.4,0.001000
58400,0.000570,1.000000,0.000723,1.000000,568.5,0.001000
58500,0.000398,1.000000,0.000483,1.000000,569.5,0.001000
58600,0.000468,1.000000,0.000597,1.000000,570.5,0.001000
58700,0.000755,1.000000,0.000919,1.000000,571.5,0.001000
58800,0.000538,1.000000,0.000632,1.000000,572.4,0.001000
58900,0.000475,1.000000,0.000611,1.000000,573.4,0.001000
59000,0.000455,1.000000,0.000556,1.000000,574.4,0.001000
59100,0.000588,1.000000,0.000882,1.000000,575.4,0.001000
59200,0.000587,1.000000,0.000720,1.000000,576.4,0.001000
59300,0.116731,0.974277,0.137089,0.966631,577.3,0.001000
59400,0.000504,1.000000,0.000639,1.000000,578.3,0.001000
59500,0.000546,1.000000,0.000654,1.000000,579.3,0.001000
59600,0.002173,1.000000,0.002989,0.999787,580.3,0.001000
59700,0.000526,1.000000,0.000699,1.000000,581.2,0.001000
59800,0.000363,1.000000,0.000446,1.000000,582.2,0.001000
59900,0.000427,1.000000,0.000569,1.000000,583.2,0.001000
60000,0.000565,1.000000,0.000709,1.000000,584.2,0.001000
60100,0.000706,1.000000,0.000988,1.000000,585.1,0.001000
60200,0.000697,1.000000,0.000857,1.000000,586.1,0.001000
60300,0.000414,1.000000,0.000495,1.000000,587.0,0.001000
60400,0.000446,1.000000,0.000600,1.000000,588.0,0.001000
60500,0.000526,1.000000,0.000656,1.000000,588.9,0.001000
60600,0.001186,1.000000,0.001635,1.000000,589.8,0.001000
60700,0.000599,1.000000,0.000753,1.000000,590.8,0.001000
60800,0.000386,1.000000,0.000470,1.000000,591.7,0.001000
60900,0.000405,1.000000,0.000569,1.000000,592.7,0.001000
61000,0.000616,1.000000,0.000761,1.000000,593.6,0.001000
61100,0.002545,1.000000,0.003288,1.000000,594.5,0.001000
61200,0.000676,1.000000,0.000881,1.000000,595.4,0.001000
61300,0.000632,1.000000,0.000806,1.000000,596.4,0.001000
61400,0.000555,1.000000,0.000747,1.000000,597.3,0.001000
61500,0.000571,1.000000,0.000715,1.000000,598.2,0.001000
61600,0.000793,1.000000,0.001069,1.000000,599.1,0.001000
61700,0.000604,1.000000,0.000762,1.000000,600.0,0.001000
61800,0.000372,1.000000,0.000460,1.000000,601.0,0.001000
61900,0.000389,1.000000,0.000521,1.000000,601.9,0.001000
62000,0.000572,1.000000,0.000705,1.000000,602.8,0.001000
62100,0.005972,1.000000,0.007733,1.000000,603.7,0.001000
62200,0.000622,1.000000,0.000786,1.000000,604.6,0.001000
62300,0.000516,1.000000,0.000625,1.000000,605.6,0.001000
62400,0.000458,1.000000,0.000632,1.000000,606.5,0.001000
62500,0.000638,1.000000,0.000784,1.000000,607.4,0.001000
62600,0.031419,0.997874,0.037198,0.997662,608.3,0.001000
62700,0.000481,1.000000,0.000616,1.000000,609.2,0.001000
62800,0.000468,1.000000,0.000565,1.000000,610.2,0.001000
62900,0.000484,1.000000,0.000627,1.000000,611.1,0.001000
63000,0.000696,1.000000,0.000863,1.000000,612.0,0.001000
63100,0.089641,0.988520,0.096049,0.988735,612.9,0.001000
63200,0.000481,1.000000,0.000625,1.000000,613.9,0.001000
63300,0.000483,1.000000,0.000591,1.000000,614.8,0.001000
63400,0.000521,1.000000,0.000700,1.000000,615.7,0.001000
63500,0.000573,1.000000,0.000698,1.000000,616.6,0.001000
63600,0.000344,1.000000,0.000406,1.000000,617.6,0.001000
63700,0.000375,1.000000,0.000562,1.000000,618.5,0.001000
63800,0.000563,1.000000,0.000697,1.000000,619.4,0.001000
63900,0.031307,0.998937,0.037261,0.998300,620.3,0.001000
64000,0.000577,1.000000,0.000738,1.000000,621.2,0.001000
64100,0.000591,1.000000,0.000711,1.000000,622.2,0.001000
64200,0.000439,1.000000,0.000563,1.000000,623.1,0.001000
64300,0.000529,1.000000,0.000639,1.000000,624.0,0.001000
64400,0.168931,0.972576,0.188126,0.963868,625.0,0.001000
64500,0.000482,1.000000,0.000670,1.000000,625.9,0.001000
64600,0.000562,1.000000,0.000701,1.000000,626.8,0.001000
64700,0.001075,1.000000,0.001449,1.000000,627.8,0.001000
64800,0.000656,1.000000,0.000839,1.000000,628.7,0.001000
64900,0.000422,1.000000,0.000518,1.000000,629.6,0.001000
65000,0.000402,1.000000,0.000546,1.000000,630.6,0.001000
65100,0.000546,1.000000,0.000681,1.000000,631.5,0.001000
65200,0.008864,0.999787,0.011780,0.999150,632.4,0.001000
65300,0.000533,1.000000,0.000685,1.000000,633.4,0.001000
65400,0.000462,1.000000,0.000564,1.000000,634.3,0.001000
65500,0.000408,1.000000,0.000545,1.000000,635.3,0.001000
65600,0.000633,1.000000,0.000780,1.000000,636.2,0.001000
65700,0.056207,0.996811,0.068844,0.994049,637.1,0.001000
65800,0.000505,1.000000,0.000636,1.000000,638.1,0.001000
65900,0.000468,1.000000,0.000565,1.000000,639.0,0.001000
66000,0.000858,1.000000,0.001238,1.000000,639.9,0.001000
66100,0.000663,1.000000,0.000839,1.000000,640.8,0.001000
66200,0.000442,1.000000,0.000535,1.000000,641.8,0.001000
66300,0.000429,1.000000,0.000589,1.000000,642.7,0.001000
66400,0.000568,1.000000,0.000701,1.000000,643.6,0.001000
66500,0.000776,1.000000,0.001189,0.999787,644.5,0.001000
66600,0.000633,1.000000,0.000803,1.000000,645.5,0.001000
66700,0.000385,1.000000,0.000483,1.000000,646.4,0.001000
66800,0.000344,1.000000,0.000453,1.000000,647.3,0.001000
66900,0.000555,1.000000,0.000692,1.000000,648.3,0.001000
67000,0.030338,0.999150,0.035647,0.999575,649.2,0.001000
67100,0.000490,1.000000,0.000624,1.000000,650.1,0.001000
67200,0.000453,1.000000,0.000554,1.000000,651.0,0.001000
67300,0.000640,1.000000,0.000893,1.000000,651.9,0.001000
67400,0.000724,1.000000,0.000914,1.000000,652.9,0.001000
67500,0.059359,0.994048,0.070600,0.991286,653.8,0.001000
67600,0.000572,1.000000,0.000716,1.000000,654.7,0.001000
67700,0.000562,1.000000,0.000671,1.000000,655.6,0.001000
67800,0.001101,1.000000,0.001569,1.000000,656.6,0.001000
67900,0.000718,1.000000,0.000891,1.000000,657.5,0.001000
68000,0.000486,1.000000,0.000592,1.000000,658.4,0.001000
68100,0.000412,1.000000,0.000526,1.000000,659.3,0.001000
68200,0.000589,1.000000,0.000712,1.000000,660.3,0.001000
68300,0.002941,1.000000,0.003936,1.000000,661.2,0.001000
68400,0.000657,1.000000,0.000832,1.000000,662.1,0.001000
68500,0.000481,1.000000,0.000584,1.000000,663.1,0.001000
68600,0.000487,1.000000,0.000647,1.000000,664.0,0.001000
68700,0.000655,1.000000,0.000802,1.000000,664.9,0.001000
68800,0.000956,1.000000,0.001264,1.000000,665.9,0.001000
68900,0.000650,1.000000,0.000812,1.000000,666.8,0.001000
69000,0.000389,1.000000,0.000464,1.000000,667.7,0.001000
69100,0.000387,1.000000,0.000497,1.000000,668.6,0.001000
69200,0.000567,1.000000,0.000683,1.000000,669.6,0.001000
69300,0.005058,1.000000,0.007129,1.000000,670.5,0.001000
69400,0.000574,1.000000,0.000728,1.000000,671.4,0.001000
69500,0.000452,1.000000,0.000555,1.000000,672.4,0.001000
69600,0.000407,1.000000,0.000534,1.000000,673.3,0.001000
69700,0.000665,1.000000,0.000821,1.000000,674.2,0.001000
69800,0.089264,0.990221,0.098385,0.989586,675.2,0.001000
69900,0.000626,1.000000,0.000831,1.000000,676.1,0.001000
70000,0.000566,1.000000,0.000722,1.000000,677.0,0.001000
70100,0.000464,1.000000,0.000629,1.000000,678.0,0.001000
70200,0.000663,1.000000,0.000805,1.000000,678.9,0.001000
70300,0.004109,1.000000,0.005848,1.000000,679.8,0.001000
70400,0.000617,1.000000,0.000777,1.000000,680.7,0.001000
70500,0.000474,1.000000,0.000575,1.000000,681.7,0.001000
70600,0.000409,1.000000,0.000535,1.000000,682.6,0.001000
70700,0.000614,1.000000,0.000757,1.000000,683.5,0.001000
70800,1.222789,0.694940,1.338903,0.662487,684.5,0.001000
70900,0.000600,1.000000,0.000810,1.000000,685.5,0.001000
71000,0.000651,1.000000,0.000816,1.000000,686.5,0.001000
71100,0.000506,1.000000,0.000676,1.000000,687.5,0.001000
71200,0.000674,1.000000,0.000823,1.000000,688.4,0.001000
71300,0.015745,0.999575,0.020728,0.999150,689.3,0.001000
71400,0.000534,1.000000,0.000700,1.000000,690.3,0.001000
71500,0.000440,1.000000,0.000550,1.000000,691.2,0.001000
71600,0.000409,1.000000,0.000539,1.000000,692.1,0.001000
71700,0.000629,1.000000,0.000784,1.000000,693.0,0.001000
71800,0.003452,1.000000,0.004866,1.000000,693.9,0.001000
71900,0.000613,1.000000,0.000796,1.000000,694.9,0.001000
72000,0.000446,1.000000,0.000561,1.000000,695.8,0.001000
72100,0.000536,1.000000,0.000757,1.000000,696.7,0.001000
72200,0.000672,1.000000,0.000845,1.000000,697.7,0.001000
72300,0.000716,1.000000,0.000983,1.000000,698.6,0.001000
72400,0.000678,1.000000,0.000845,1.000000,699.6,0.001000
72500,0.000377,1.000000,0.000459,1.000000,700.5,0.001000
72600,0.000445,1.000000,0.000635,1.000000,701.4,0.001000
72700,0.000468,1.000000,0.000580,1.000000,702.4,0.001000
72800,0.007830,0.999787,0.010175,1.000000,703.3,0.001000
72900,0.000437,1.000000,0.000571,1.000000,704.2,0.001000
73000,0.000569,1.000000,0.000715,1.000000,705.1,0.001000
73100,0.000521,1.000000,0.000670,1.000000,706.1,0.001000
73200,0.000684,1.000000,0.000858,1.000000,707.0,0.001000
73300,0.000381,1.000000,0.000459,1.000000,707.9,0.001000
73400,0.000462,1.000000,0.000613,1.000000,708.8,0.001000
73500,0.000592,1.000000,0.000740,1.000000,709.8,0.001000
73600,0.005312,0.999787,0.006882,0.999787,710.7,0.001000
73700,0.000538,1.000000,0.000701,1.000000,711.6,0.001000
73800,0.000511,1.000000,0.000632,1.000000,712.5,0.001000
73900,0.001193,1.000000,0.001919,1.000000,713.5,0.001000
74000,0.000734,1.000000,0.000973,1.000000,714.4,0.001000
74100,0.000495,1.000000,0.000625,1.000000,715.3,0.001000
74200,0.000469,1.000000,0.000650,1.000000,716.3,0.001000
74300,0.000510,1.000000,0.000644,1.000000,717.2,0.001000
74400,0.002023,1.000000,0.002583,1.000000,718.1,0.001000
74500,0.000611,1.000000,0.000758,1.000000,719.0,0.001000
74600,0.000435,1.000000,0.000528,1.000000,720.0,0.001000
74700,0.000468,1.000000,0.000616,1.000000,720.9,0.001000
74800,0.000564,1.000000,0.000690,1.000000,721.8,0.001000
74900,0.005533,1.000000,0.007391,0.999787,722.7,0.001000
75000,0.000589,1.000000,0.000734,1.000000,723.6,0.001000
75100,0.000507,1.000000,0.000614,1.000000,724.6,0.001000
75200,0.000406,1.000000,0.000504,1.000000,725.5,0.001000
75300,0.000576,1.000000,0.000691,1.000000,726.4,0.001000
75400,0.020989,0.999362,0.025957,0.999575,727.4,0.001000
75500,0.000515,1.000000,0.000670,1.000000,728.3,0.001000
75600,0.000473,1.000000,0.000584,1.000000,729.2,0.001000
75700,0.000474,1.000000,0.000630,1.000000,730.1,0.001000
75800,0.000536,1.000000,0.000659,1.000000,731.1,0.001000
75900,0.000496,1.000000,0.000625,1.000000,732.0,0.001000
76000,0.000626,1.000000,0.000792,1.000000,732.9,0.001000
76100,0.016957,0.999575,0.020620,0.999362,733.8,0.001000
76200,0.000518,1.000000,0.000657,1.000000,734.8,0.001000
76300,0.000467,1.000000,0.000570,1.000000,735.7,0.001000
76400,0.000544,1.000000,0.000719,1.000000,736.6,0.001000
76500,0.000699,1.000000,0.000875,1.000000,737.5,0.001000
76600,0.051295,0.995748,0.058982,0.995112,738.5,0.001000
76700,0.000584,1.000000,0.000781,1.000000,739.4,0.001000
76800,0.000519,1.000000,0.000648,1.000000,740.3,0.001000
76900,0.000417,1.000000,0.000554,1.000000,741.3,0.001000
77000,0.000626,1.000000,0.000772,1.000000,742.2,0.001000
77100,0.011430,0.999787,0.014567,1.000000,743.1,0.001000
77200,0.000589,1.000000,0.000795,1.000000,744.0,0.001000
77300,0.000516,1.000000,0.000626,1.000000,745.0,0.001000
77400,0.000401,1.000000,0.000628,1.000000,745.9,0.001000
77500,0.000594,1.000000,0.000757,1.000000,746.8,0.001000
77600,0.007408,0.999787,0.008922,0.999787,747.8,0.001000
77700,0.000520,1.000000,0.000714,1.000000,748.7,0.001000
77800,0.000474,1.000000,0.000607,1.000000,749.6,0.001000
77900,0.000477,1.000000,0.000644,1.000000,750.6,0.001000
78000,0.000672,1.000000,0.000850,1.000000,751.5,0.001000
78100,0.013265,1.000000,0.016943,0.999362,752.4,0.001000
78200,0.000559,1.000000,0.000718,1.000000,753.3,0.001000
78300,0.000456,1.000000,0.000574,1.000000,754.2,0.001000
78400,0.000642,1.000000,0.000885,1.000000,755.2,0.001000
78500,0.000586,1.000000,0.000737,1.000000,756.1,0.001000
78600,0.000363,1.000000,0.000445,1.000000,757.0,0.001000
78700,0.000527,1.000000,0.000724,1.000000,758.0,0.001000
78800,0.000670,1.000000,0.000841,1.000000,758.9,0.001000
78900,0.001370,1.000000,0.002086,1.000000,759.8,0.001000
79000,0.000597,1.000000,0.000791,1.000000,760.7,0.001000
79100,0.000379,1.000000,0.000493,1.000000,761.7,0.001000
79200,0.000401,1.000000,0.000543,1.000000,762.6,0.001000
79300,0.000659,1.000000,0.000806,1.000000,763.5,0.001000
79400,0.002905,1.000000,0.003656,1.000000,764.5,0.001000
79500,0.000660,1.000000,0.000827,1.000000,765.4,0.001000
79600,0.000708,1.000000,0.000872,1.000000,766.3,0.001000
79700,0.000588,1.000000,0.000775,1.000000,767.3,0.001000
79800,0.000646,1.000000,0.000793,1.000000,768.2,0.001000
79900,0.000872,1.000000,0.001220,1.000000,769.1,0.001000
80000,0.000691,1.000000,0.000898,1.000000,770.1,0.001000
80100,0.000419,1.000000,0.000517,1.000000,771.0,0.001000
80200,0.000431,1.000000,0.000580,1.000000,771.9,0.001000
80300,0.000616,1.000000,0.000764,1.000000,772.9,0.001000
80400,0.035483,0.998724,0.045393,0.997024,773.8,0.001000
80500,0.000611,1.000000,0.000825,1.000000,774.7,0.001000
80600,0.000548,1.000000,0.000693,1.000000,775.6,0.001000
80700,0.000431,1.000000,0.000580,1.000000,776.5,0.001000
80800,0.000630,1.000000,0.000775,1.000000,777.5,0.001000
80900,0.014284,1.000000,0.018572,1.000000,778.4,0.001000
81000,0.000524,1.000000,0.000675,1.000000,779.3,0.001000
81100,0.000453,1.000000,0.000558,1.000000,780.2,0.001000
81200,0.000467,1.000000,0.000646,1.000000,781.1,0.001000
81300,0.000625,1.000000,0.000780,1.000000,782.1,0.001000
81400,0.002413,1.000000,0.003254,1.000000,783.0,0.001000
81500,0.000578,1.000000,0.000748,1.000000,783.9,0.001000
81600,0.000402,1.000000,0.000505,1.000000,784.8,0.001000
81700,0.000438,1.000000,0.000618,1.000000,785.8,0.001000
81800,0.000653,1.000000,0.000819,1.000000,786.7,0.001000
81900,0.000598,1.000000,0.000778,1.000000,787.6,0.001000
82000,0.000702,1.000000,0.000878,1.000000,788.6,0.001000
82100,0.007916,1.000000,0.009814,1.000000,789.5,0.001000
82200,0.000678,1.000000,0.000849,1.000000,790.4,0.001000
82300,0.000553,1.000000,0.000679,1.000000,791.3,0.001000
82400,0.000444,1.000000,0.000591,1.000000,792.3,0.001000
82500,0.000625,1.000000,0.000777,1.000000,793.2,0.001000
82600,0.001956,1.000000,0.002549,1.000000,794.1,0.001000
82700,0.000699,1.000000,0.000894,1.000000,795.0,0.001000
82800,0.000488,1.000000,0.000597,1.000000,796.0,0.001000
82900,0.000437,1.000000,0.000601,1.000000,796.9,0.001000
83000,0.000631,1.000000,0.000776,1.000000,797.8,0.001000
83100,0.010499,1.000000,0.013615,0.999575,798.7,0.001000
83200,0.000521,1.000000,0.000686,1.000000,799.6,0.001000
83300,0.000457,1.000000,0.000565,1.000000,800.6,0.001000
83400,0.000545,1.000000,0.000784,1.000000,801.6,0.001000
83500,0.000632,1.000000,0.000798,1.000000,802.5,0.001000
83600,0.000964,1.000000,0.001200,1.000000,803.4,0.001000
83700,0.000474,1.000000,0.000677,1.000000,804.4,0.001000
83800,0.000513,1.000000,0.000649,1.000000,805.4,0.001000
83900,0.002230,0.999787,0.002909,0.999787,806.3,0.001000
84000,0.000565,1.000000,0.000725,1.000000,807.3,0.001000
84100,0.000401,1.000000,0.000493,1.000000,808.2,0.001000
84200,0.000472,1.000000,0.000616,1.000000,809.1,0.001000
84300,0.000699,1.000000,0.000855,1.000000,810.1,0.001000
84400,0.040594,0.997662,0.047688,0.995962,811.0,0.001000
84500,0.000593,1.000000,0.000766,1.000000,811.9,0.001000
84600,0.000530,1.000000,0.000633,1.000000,812.9,0.001000
84700,0.000449,1.000000,0.000605,1.000000,813.8,0.001000
84800,0.000645,1.000000,0.000778,1.000000,814.7,0.001000
84900,0.007369,0.999575,0.008866,0.999787,815.6,0.001000
85000,0.000565,1.000000,0.000710,1.000000,816.6,0.001000
85100,0.000442,1.000000,0.000545,1.000000,817.5,0.001000
85200,0.000414,1.000000,0.000536,1.000000,818.4,0.001000
85300,0.000607,1.000000,0.000739,1.000000,819.4,0.001000
85400,2.262941,0.467049,2.368489,0.450584,820.3,0.001000
85500,0.000473,1.000000,0.000643,1.000000,821.2,0.001000
85600,0.000522,1.000000,0.000641,1.000000,822.1,0.001000
85700,0.000443,1.000000,0.000661,1.000000,823.1,0.001000
85800,0.000663,1.000000,0.000837,1.000000,824.0,0.001000
85900,0.029919,0.998937,0.036326,0.998725,824.9,0.001000
86000,0.000565,1.000000,0.000717,1.000000,825.9,0.001000
86100,0.000509,1.000000,0.000619,1.000000,826.8,0.001000
86200,0.000443,1.000000,0.000604,1.000000,827.7,0.001000
86300,0.000572,1.000000,0.000708,1.000000,828.7,0.001000
86400,4.310527,0.172194,4.349960,0.173220,829.6,0.001000
86500,0.000480,1.000000,0.000664,1.000000,830.6,0.001000
86600,0.000576,1.000000,0.000706,1.000000,831.5,0.001000
86700,0.000429,1.000000,0.000578,1.000000,832.4,0.001000
86800,0.000631,1.000000,0.000781,1.000000,833.4,0.001000
86900,0.266366,0.941964,0.294004,0.936238,834.3,0.001000
87000,0.000441,1.000000,0.000597,1.000000,835.2,0.001000
87100,0.000455,1.000000,0.000566,1.000000,836.2,0.001000
87200,0.001075,1.000000,0.001467,1.000000,837.1,0.001000
87300,0.000650,1.000000,0.000811,1.000000,838.0,0.001000
87400,0.000470,1.000000,0.000557,1.000000,838.9,0.001000
87500,0.000596,1.000000,0.000772,1.000000,839.9,0.001000
87600,0.000620,1.000000,0.000755,1.000000,840.8,0.001000
87700,0.000625,1.000000,0.000840,1.000000,841.7,0.001000
87800,0.000706,1.000000,0.000865,1.000000,842.6,0.001000
87900,0.008815,1.000000,0.013456,0.999362,843.6,0.001000
88000,0.000658,1.000000,0.000858,1.000000,844.5,0.001000
88100,0.000536,1.000000,0.000659,1.000000,845.4,0.001000
88200,0.000452,1.000000,0.000588,1.000000,846.4,0.001000
88300,0.000671,1.000000,0.000835,1.000000,847.3,0.001000
88400,0.000654,1.000000,0.000903,1.000000,848.2,0.001000
88500,0.000631,1.000000,0.000772,1.000000,849.1,0.001000
88600,0.000348,1.000000,0.000415,1.000000,850.1,0.001000
88700,0.000421,1.000000,0.000574,1.000000,851.0,0.001000
88800,0.000525,1.000000,0.000670,1.000000,851.9,0.001000
88900,0.002631,1.000000,0.003319,1.000000,852.8,0.001000
89000,0.000634,1.000000,0.000835,1.000000,853.8,0.001000
89100,0.000473,1.000000,0.000573,1.000000,854.7,0.001000
89200,0.000485,1.000000,0.000660,1.000000,855.6,0.001000
89300,0.000556,1.000000,0.000690,1.000000,856.5,0.001000
89400,0.000699,1.000000,0.001063,1.000000,857.5,0.001000
89500,0.000594,1.000000,0.000755,1.000000,858.4,0.001000
89600,0.045990,0.997024,0.054041,0.995112,859.3,0.001000
89700,0.000462,1.000000,0.000602,1.000000,860.3,0.001000
89800,0.000407,1.000000,0.000502,1.000000,861.2,0.001000
89900,0.000433,1.000000,0.000558,1.000000,862.1,0.001000
90000,0.000556,1.000000,0.000697,1.000000,863.1,0.001000
90100,0.000326,1.000000,0.000392,1.000000,864.0,0.001000
90200,0.000456,1.000000,0.000600,1.000000,864.9,0.001000
90300,0.000582,1.000000,0.000715,1.000000,865.8,0.001000
90400,0.005512,1.000000,0.007109,1.000000,866.8,0.001000
90500,0.000628,1.000000,0.000786,1.000000,867.7,0.001000
90600,0.018541,0.999787,0.022815,1.000000,868.6,0.001000
90700,0.000618,1.000000,0.000779,1.000000,869.5,0.001000
90800,0.000499,1.000000,0.000604,1.000000,870.5,0.001000
90900,0.000417,1.000000,0.000604,1.000000,871.4,0.001000
91000,0.000595,1.000000,0.000740,1.000000,872.3,0.001000
91100,0.004332,1.000000,0.006511,0.999787,873.2,0.001000
91200,0.000554,1.000000,0.000689,1.000000,874.2,0.001000
91300,0.000431,1.000000,0.000512,1.000000,875.1,0.001000
91400,0.000594,1.000000,0.000816,1.000000,876.0,0.001000
91500,0.000728,1.000000,0.000889,1.000000,876.9,0.001000
91600,0.005840,1.000000,0.007574,1.000000,877.9,0.001000
91700,0.000752,1.000000,0.000949,1.000000,878.8,0.001000
91800,0.000557,1.000000,0.000701,1.000000,879.7,0.001000
91900,0.000556,1.000000,0.000768,1.000000,880.6,0.001000
92000,0.000689,1.000000,0.000861,1.000000,881.6,0.001000
92100,0.000553,1.000000,0.000773,1.000000,882.6,0.001000
92200,0.000676,1.000000,0.000843,1.000000,883.5,0.001000
92300,0.064746,0.994898,0.076067,0.991923,884.4,0.001000
92400,0.000528,1.000000,0.000734,1.000000,885.3,0.001000
92500,0.000494,1.000000,0.000604,1.000000,886.3,0.001000
92600,0.000495,1.000000,0.000688,1.000000,887.2,0.001000
92700,0.000614,1.000000,0.000811,1.000000,888.1,0.001000
92800,0.382408,0.900085,0.424221,0.887779,889.0,0.001000
92900,0.000483,1.000000,0.000642,1.000000,890.0,0.001000
93000,0.000509,1.000000,0.000626,1.000000,890.9,0.001000
93100,0.000580,1.000000,0.000857,1.000000,891.8,0.001000
93200,0.000635,1.000000,0.000827,1.000000,892.7,0.001000
93300,0.017487,1.000000,0.022988,1.000000,893.6,0.001000
93400,0.000612,1.000000,0.000821,1.000000,894.6,0.001000
93500,0.000492,1.000000,0.000611,1.000000,895.5,0.001000
93600,0.000410,1.000000,0.000534,1.000000,896.4,0.001000
93700,0.000631,1.000000,0.000784,1.000000,897.4,0.001000
93800,0.000319,1.000000,0.000386,1.000000,898.3,0.001000
93900,0.000497,1.000000,0.000634,1.000000,899.2,0.001000
94000,0.000679,1.000000,0.000827,1.000000,900.2,0.001000
94100,0.000859,1.000000,0.001129,1.000000,901.1,0.001000
94200,0.000664,1.000000,0.000839,1.000000,902.0,0.001000
94300,0.000395,1.000000,0.000482,1.000000,903.0,0.001000
94400,0.000432,1.000000,0.000567,1.000000,903.9,0.001000
94500,0.000608,1.000000,0.000752,1.000000,904.8,0.001000
94600,0.000620,1.000000,0.000843,1.000000,905.8,0.001000
94700,0.000679,1.000000,0.000844,1.000000,906.7,0.001000
94800,0.000389,1.000000,0.000469,1.000000,907.6,0.001000
94900,0.000424,1.000000,0.000601,1.000000,908.5,0.001000
95000,0.000526,1.000000,0.000644,1.000000,909.5,0.001000
95100,0.002808,1.000000,0.004034,1.000000,910.4,0.001000
95200,0.000567,1.000000,0.000723,1.000000,911.3,0.001000
95300,0.000430,1.000000,0.000522,1.000000,912.2,0.001000
95400,0.000450,1.000000,0.000599,1.000000,913.1,0.001000
95500,0.000677,1.000000,0.000848,1.000000,914.1,0.001000
95600,0.055130,0.995323,0.066117,0.993411,915.0,0.001000
95700,0.000537,1.000000,0.000676,1.000000,915.9,0.001000
95800,0.000592,1.000000,0.000719,1.000000,916.8,0.001000
95900,0.004683,1.000000,0.005977,1.000000,917.7,0.001000
96000,0.000632,1.000000,0.000813,1.000000,918.7,0.001000
96100,0.000511,1.000000,0.000635,1.000000,919.7,0.001000
96200,0.000425,1.000000,0.000557,1.000000,920.6,0.001000
96300,0.000630,1.000000,0.000794,1.000000,921.6,0.001000
96400,0.003005,1.000000,0.004189,1.000000,922.5,0.001000
96500,0.000688,1.000000,0.000899,1.000000,923.5,0.001000
96600,0.000493,1.000000,0.000597,1.000000,924.5,0.001000
96700,0.000442,1.000000,0.000584,1.000000,925.5,0.001000
96800,0.000662,1.000000,0.000843,1.000000,926.4,0.001000
96900,0.001367,1.000000,0.002019,1.000000,927.4,0.001000
97000,0.000621,1.000000,0.000805,1.000000,928.3,0.001000
97100,0.000390,1.000000,0.000492,1.000000,929.3,0.001000
97200,0.000405,1.000000,0.000536,1.000000,930.2,0.001000
97300,0.000548,1.000000,0.000683,1.000000,931.2,0.001000
97400,0.000632,1.000000,0.000991,1.000000,932.2,0.001000
97500,0.000643,1.000000,0.000811,1.000000,933.1,0.001000
97600,0.008796,1.000000,0.010405,0.999787,934.1,0.001000
97700,0.000640,1.000000,0.000820,1.000000,935.1,0.001000
97800,0.000490,1.000000,0.000599,1.000000,936.0,0.001000
97900,0.000515,1.000000,0.000663,1.000000,936.9,0.001000
98000,0.000721,1.000000,0.000884,1.000000,937.9,0.001000
98100,0.003824,1.000000,0.004559,1.000000,938.8,0.001000
98200,0.000684,1.000000,0.000881,1.000000,939.8,0.001000
98300,0.000514,1.000000,0.000616,1.000000,940.7,0.001000
98400,0.000672,1.000000,0.000881,1.000000,941.7,0.001000
98500,0.000755,1.000000,0.000930,1.000000,942.7,0.001000
98600,0.638612,0.825468,0.674165,0.813815,943.6,0.001000
98700,0.000558,1.000000,0.000708,1.000000,944.6,0.001000
98800,0.000563,1.000000,0.000674,1.000000,945.5,0.001000
98900,0.000892,1.000000,0.001225,1.000000,946.5,0.001000
99000,0.000745,1.000000,0.000915,1.000000,947.5,0.001000
99100,0.000472,1.000000,0.000571,1.000000,948.4,0.001000
99200,0.000429,1.000000,0.000581,1.000000,949.4,0.001000
99300,0.000646,1.000000,0.000803,1.000000,950.4,0.001000
99400,0.002515,1.000000,0.003295,1.000000,951.3,0.001000
99500,0.000556,1.000000,0.000711,1.000000,952.3,0.001000
99600,0.000376,1.000000,0.000459,1.000000,953.3,0.001000
99700,0.000399,1.000000,0.000517,1.000000,954.3,0.001000
99800,0.000603,1.000000,0.000731,1.000000,955.3,0.001000
99900,0.002316,1.000000,0.003333,0.999787,956.2,0.001000
100000,0.000606,1.000000,0.000764,1.000000,957.2,0.001000
100100,0.000416,1.000000,0.000507,1.000000,958.2,0.001000
100200,0.000468,1.000000,0.000584,1.000000,959.2,0.001000
100300,0.000627,1.000000,0.000755,1.000000,960.1,0.001000
100400,0.001220,1.000000,0.001634,1.000000,961.1,0.001000
100500,0.000648,1.000000,0.000823,1.000000,962.1,0.001000
100600,0.000413,1.000000,0.000502,1.000000,963.0,0.001000
100700,0.000462,1.000000,0.000598,1.000000,964.0,0.001000
100800,0.000489,1.000000,0.000603,1.000000,965.0,0.001000
100900,0.001053,1.000000,0.001395,1.000000,966.0,0.001000
101000,0.000619,1.000000,0.000761,1.000000,967.0,0.001000
101100,0.000419,1.000000,0.000509,1.000000,967.9,0.001000
101200,0.000422,1.000000,0.000570,1.000000,968.9,0.001000
101300,0.000492,1.000000,0.000600,1.000000,969.9,0.001000
101400,0.000769,1.000000,0.001020,1.000000,970.9,0.001000
101500,0.000645,1.000000,0.000801,1.000000,971.9,0.001000
101600,0.000405,1.000000,0.000492,1.000000,972.8,0.001000
101700,0.000417,1.000000,0.000536,1.000000,973.8,0.001000
101800,0.000596,1.000000,0.000728,1.000000,974.8,0.001000
101900,0.000746,1.000000,0.001123,1.000000,975.8,0.001000
102000,0.000575,1.000000,0.000733,1.000000,976.7,0.001000
102100,0.000328,1.000000,0.000406,1.000000,977.7,0.001000
102200,0.000364,1.000000,0.000507,1.000000,978.7,0.001000
102300,0.000609,1.000000,0.000748,1.000000,979.6,0.001000
102400,0.003441,1.000000,0.004334,1.000000,980.6,0.001000
102500,0.000600,1.000000,0.000754,1.000000,981.6,0.001000
102600,0.000475,1.000000,0.000580,1.000000,982.6,0.001000
102700,0.000500,1.000000,0.000699,1.000000,983.5,0.001000
102800,0.000774,1.000000,0.000945,1.000000,984.5,0.001000
102900,0.028152,0.999150,0.033998,0.999575,985.5,0.001000
103000,0.000665,1.000000,0.000849,1.000000,986.4,0.001000
103100,0.000565,1.000000,0.000684,1.000000,987.4,0.001000
103200,0.000638,1.000000,0.000841,1.000000,988.4,0.001000
103300,0.000697,1.000000,0.000874,1.000000,989.3,0.001000
103400,0.000552,1.000000,0.000658,1.000000,990.3,0.001000
103500,0.000482,1.000000,0.000628,1.000000,991.3,0.001000
103600,0.000542,1.000000,0.000679,1.000000,992.2,0.001000
103700,0.000466,1.000000,0.000656,1.000000,993.2,0.001000
103800,0.000661,1.000000,0.000837,1.000000,994.2,0.001000
103900,0.000419,1.000000,0.000510,1.000000,995.1,0.001000
104000,0.000574,1.000000,0.000778,1.000000,996.1,0.001000
104100,0.000663,1.000000,0.000830,1.000000,997.1,0.001000
104200,0.000523,1.000000,0.000728,1.000000,998.0,0.001000
104300,0.000639,1.000000,0.000804,1.000000,999.0,0.001000
104400,0.000341,1.000000,0.000425,1.000000,1000.0,0.001000
104500,0.000370,1.000000,0.000490,1.000000,1000.9,0.001000
104600,0.000536,1.000000,0.000668,1.000000,1001.9,0.001000
104700,0.003611,1.000000,0.004811,1.000000,1002.9,0.001000
104800,0.000562,1.000000,0.000701,1.000000,1003.8,0.001000
104900,0.000440,1.000000,0.000525,1.000000,1004.8,0.001000
105000,0.000389,1.000000,0.000512,1.000000,1005.8,0.001000
105100,0.000639,1.000000,0.000793,1.000000,1006.8,0.001000
105200,0.011150,1.000000,0.014324,0.999575,1007.7,0.001000
105300,0.000515,1.000000,0.000677,1.000000,1008.7,0.001000
105400,0.000460,1.000000,0.000574,1.000000,1009.7,0.001000
105500,0.000586,1.000000,0.000836,1.000000,1010.6,0.001000
105600,0.000692,1.000000,0.000866,1.000000,1011.6,0.001000
105700,0.000428,1.000000,0.000501,1.000000,1012.6,0.001000
105800,0.000513,1.000000,0.000644,1.000000,1013.5,0.001000
105900,0.000592,1.000000,0.000733,1.000000,1014.5,0.001000
106000,0.001230,1.000000,0.001800,1.000000,1015.5,0.001000
106100,0.000707,1.000000,0.000915,1.000000,1016.4,0.001000
106200,0.000474,1.000000,0.000569,1.000000,1017.4,0.001000
106300,0.000477,1.000000,0.000607,1.000000,1018.4,0.001000
106400,0.000556,1.000000,0.000686,1.000000,1019.4,0.001000
106500,0.000697,1.000000,0.000889,1.000000,1020.3,0.001000
106600,0.000643,1.000000,0.000791,1.000000,1021.3,0.001000
106700,0.000403,1.000000,0.000483,1.000000,1022.3,0.001000
106800,0.000474,1.000000,0.000596,1.000000,1023.3,0.001000
106900,0.000522,1.000000,0.000640,1.000000,1024.2,0.001000
107000,0.002388,1.000000,0.003481,0.999787,1025.2,0.001000
107100,0.000615,1.000000,0.000779,1.000000,1026.2,0.001000
107200,0.000457,1.000000,0.000548,1.000000,1027.2,0.001000
107300,0.000415,1.000000,0.000539,1.000000,1028.1,0.001000
107400,0.000640,1.000000,0.000783,1.000000,1029.1,0.001000
107500,0.022000,0.999787,0.031127,0.998300,1030.1,0.001000
107600,0.000531,1.000000,0.000681,1.000000,1031.1,0.001000
107700,0.000551,1.000000,0.000675,1.000000,1032.1,0.001000
107800,0.000831,1.000000,0.001293,1.000000,1033.1,0.001000
107900,0.000654,1.000000,0.000830,1.000000,1034.0,0.001000
108000,0.000419,1.000000,0.000504,1.000000,1035.0,0.001000
108100,0.000419,1.000000,0.000545,1.000000,1035.9,0.001000
108200,0.000589,1.000000,0.000729,1.000000,1036.9,0.001000
108300,0.000822,1.000000,0.001211,1.000000,1037.9,0.001000
108400,0.000732,1.000000,0.000912,1.000000,1038.8,0.001000
108500,0.000434,1.000000,0.000523,1.000000,1039.8,0.001000
108600,0.000523,1.000000,0.000682,1.000000,1040.7,0.001000
108700,0.000571,1.000000,0.000694,1.000000,1041.7,0.001000
108800,0.001662,1.000000,0.002180,1.000000,1042.6,0.001000
108900,0.000586,1.000000,0.000730,1.000000,1043.7,0.001000
109000,0.000397,1.000000,0.000479,1.000000,1044.7,0.001000
109100,0.000494,1.000000,0.000672,1.000000,1045.7,0.001000
109200,0.000754,1.000000,0.000942,1.000000,1046.6,0.001000
109300,0.006757,0.999575,0.008015,1.000000,1047.6,0.001000
109400,0.000629,1.000000,0.000792,1.000000,1048.6,0.001000
109500,0.000458,1.000000,0.000553,1.000000,1049.5,0.001000
109600,0.000442,1.000000,0.000571,1.000000,1050.5,0.001000
109700,0.000579,1.000000,0.000692,1.000000,1051.5,0.001000
109800,0.000964,1.000000,0.001333,1.000000,1052.4,0.001000
109900,0.000658,1.000000,0.000813,1.000000,1053.4,0.001000
110000,0.000414,1.000000,0.000494,1.000000,1054.3,0.001000
110100,0.000405,1.000000,0.000536,1.000000,1055.3,0.001000
110200,0.000599,1.000000,0.000736,1.000000,1056.2,0.001000
110300,0.090995,0.985757,0.104329,0.985122,1057.2,0.001000
110400,0.000513,1.000000,0.000654,1.000000,1058.2,0.001000
110500,0.000479,1.000000,0.000590,1.000000,1059.1,0.001000
110600,0.000686,1.000000,0.000970,1.000000,1060.1,0.001000
110700,0.000571,1.000000,0.000702,1.000000,1061.0,0.001000
110800,0.000349,1.000000,0.000414,1.000000,1062.0,0.001000
110900,0.000425,1.000000,0.000552,1.000000,1063.0,0.001000
111000,0.000589,1.000000,0.000717,1.000000,1063.9,0.001000
111100,0.002082,1.000000,0.002851,1.000000,1064.9,0.001000
111200,0.000642,1.000000,0.000787,1.000000,1065.9,0.001000
111300,0.000447,1.000000,0.000534,1.000000,1066.8,0.001000
111400,0.000443,1.000000,0.000581,1.000000,1067.8,0.001000
111500,0.000551,1.000000,0.000668,1.000000,1068.8,0.001000
111600,0.004035,1.000000,0.005643,1.000000,1069.7,0.001000
111700,0.000458,1.000000,0.000577,1.000000,1070.7,0.001000
111800,0.000389,1.000000,0.000477,1.000000,1071.7,0.001000
111900,0.000604,1.000000,0.000833,1.000000,1072.6,0.001000
112000,0.000573,1.000000,0.000722,1.000000,1073.6,0.001000
112100,1.554378,0.621386,1.537981,0.635919,1074.6,0.001000
112200,0.000427,1.000000,0.000552,1.000000,1075.6,0.001000
112300,0.000483,1.000000,0.000589,1.000000,1076.5,0.001000
112400,0.001298,1.000000,0.001838,1.000000,1077.5,0.001000
112500,0.000732,1.000000,0.000942,1.000000,1078.5,0.001000
112600,0.000502,1.000000,0.000605,1.000000,1079.5,0.001000
112700,0.000500,1.000000,0.000647,1.000000,1080.4,0.001000
112800,0.000568,1.000000,0.000676,1.000000,1081.4,0.001000
112900,0.003373,1.000000,0.004439,1.000000,1082.4,0.001000
113000,0.000655,1.000000,0.000815,1.000000,1083.4,0.001000
113100,0.000485,1.000000,0.000592,1.000000,1084.3,0.001000
113200,0.000443,1.000000,0.000559,1.000000,1085.3,0.001000
113300,0.000590,1.000000,0.000717,1.000000,1086.3,0.001000
113400,2.975471,0.349702,3.087397,0.331987,1087.3,0.001000
113500,0.000460,1.000000,0.000607,1.000000,1088.3,0.001000
113600,0.000553,1.000000,0.000689,1.000000,1089.2,0.001000
113700,0.002936,1.000000,0.003805,1.000000,1090.2,0.001000
113800,0.000582,1.000000,0.000732,1.000000,1091.2,0.001000
113900,0.000435,1.000000,0.000530,1.000000,1092.2,0.001000
114000,0.000518,1.000000,0.000686,1.000000,1093.1,0.001000
114100,0.000620,1.000000,0.000753,1.000000,1094.1,0.001000
114200,0.001105,1.000000,0.001484,1.000000,1095.1,0.001000
114300,0.000677,1.000000,0.000860,1.000000,1096.1,0.001000
114400,0.000429,1.000000,0.000524,1.000000,1097.1,0.001000
114500,0.000492,1.000000,0.000629,1.000000,1098.1,0.001000
114600,0.000646,1.000000,0.000782,1.000000,1099.0,0.001000
114700,0.001173,1.000000,0.001646,1.000000,1100.0,0.001000
114800,0.000676,1.000000,0.000835,1.000000,1101.0,0.001000
114900,0.000426,1.000000,0.000508,1.000000,1101.9,0.001000
115000,0.000431,1.000000,0.000585,1.000000,1102.9,0.001000
115100,0.000537,1.000000,0.000671,1.000000,1103.9,0.001000
115200,0.002843,1.000000,0.003623,1.000000,1104.8,0.001000
115300,0.000682,1.000000,0.000901,1.000000,1105.8,0.001000
115400,0.000538,1.000000,0.000674,1.000000,1106.8,0.001000
115500,0.000553,1.000000,0.000744,1.000000,1107.7,0.001000
115600,0.000625,1.000000,0.000782,1.000000,1108.7,0.001000
115700,0.000629,1.000000,0.000985,1.000000,1109.7,0.001000
115800,0.000686,1.000000,0.000880,1.000000,1110.6,0.001000
115900,0.033015,0.998937,0.041463,0.997875,1111.6,0.001000
116000,0.000591,1.000000,0.000756,1.000000,1112.6,0.001000
116100,0.000571,1.000000,0.000695,1.000000,1113.5,0.001000
116200,0.000455,1.000000,0.000649,1.000000,1114.5,0.001000
116300,0.000646,1.000000,0.000816,1.000000,1115.5,0.001000
116400,0.275591,0.931122,0.320144,0.921148,1116.4,0.001000
116500,0.000516,1.000000,0.000692,1.000000,1117.4,0.001000
116600,0.000556,1.000000,0.000693,1.000000,1118.4,0.001000
116700,0.000495,1.000000,0.000637,1.000000,1119.4,0.001000
116800,0.000611,1.000000,0.000757,1.000000,1120.3,0.001000
116900,0.018688,0.999787,0.023094,0.999362,1121.3,0.001000
117000,0.000529,1.000000,0.000699,1.000000,1122.3,0.001000
117100,0.000470,1.000000,0.000582,1.000000,1123.2,0.001000
117200,0.000429,1.000000,0.000556,1.000000,1124.2,0.001000
117300,0.000586,1.000000,0.000735,1.000000,1125.2,0.001000
117400,1.033774,0.705995,1.079726,0.704995,1126.2,0.001000
117500,0.000470,1.000000,0.000586,1.000000,1127.1,0.001000
117600,0.000556,1.000000,0.000685,1.000000,1128.1,0.001000
117700,0.000925,1.000000,0.001270,1.000000,1129.1,0.001000
117800,0.000686,1.000000,0.000852,1.000000,1130.0,0.001000
117900,0.000443,1.000000,0.000542,1.000000,1131.0,0.001000
118000,0.000479,1.000000,0.000636,1.000000,1132.0,0.001000
118100,0.000555,1.000000,0.000677,1.000000,1132.9,0.001000
118200,0.001377,1.000000,0.002029,0.999787,1133.9,0.001000
118300,0.000700,1.000000,0.000871,1.000000,1134.9,0.001000
118400,0.000469,1.000000,0.000571,1.000000,1135.8,0.001000
118500,0.000494,1.000000,0.000652,1.000000,1136.8,0.001000
118600,0.000591,1.000000,0.000741,1.000000,1137.8,0.001000
118700,0.000589,1.000000,0.000789,1.000000,1138.7,0.001000
118800,0.000670,1.000000,0.000842,1.000000,1139.7,0.001000
118900,0.006525,1.000000,0.009412,0.999787,1140.6,0.001000
119000,0.000627,1.000000,0.000794,1.000000,1141.6,0.001000
119100,0.000492,1.000000,0.000612,1.000000,1142.6,0.001000
119200,0.000448,1.000000,0.000592,1.000000,1143.5,0.001000
119300,0.000673,1.000000,0.000824,1.000000,1144.5,0.001000
119400,0.000424,1.000000,0.000506,1.000000,1145.5,0.001000
119500,0.000462,1.000000,0.000611,1.000000,1146.4,0.001000
119600,0.000499,1.000000,0.000615,1.000000,1147.4,0.001000
119700,0.002578,1.000000,0.003796,1.000000,1148.4,0.001000
119800,0.000551,1.000000,0.000731,1.000000,1149.4,0.001000
119900,0.000437,1.000000,0.000553,1.000000,1150.3,0.001000
120000,0.000428,1.000000,0.000589,1.000000,1151.3,0.001000
120100,0.000648,1.000000,0.000810,1.000000,1152.2,0.001000
120200,0.023992,0.999150,0.028153,0.999575,1153.2,0.001000
120300,0.000573,1.000000,0.000740,1.000000,1154.2,0.001000
120400,0.000534,1.000000,0.000666,1.000000,1155.1,0.001000
120500,0.000834,1.000000,0.001287,1.000000,1156.1,0.001000
120600,0.000680,1.000000,0.000875,1.000000,1157.0,0.001000
120700,0.000421,1.000000,0.000530,1.000000,1158.0,0.001000
120800,0.000489,1.000000,0.000616,1.000000,1159.0,0.001000
120900,0.000634,1.000000,0.000782,1.000000,1160.0,0.001000
121000,0.000568,1.000000,0.001031,1.000000,1160.9,0.001000
121100,0.000602,1.000000,0.000764,1.000000,1161.9,0.001000
121200,0.000335,1.000000,0.000408,1.000000,1162.9,0.001000
121300,0.000398,1.000000,0.000520,1.000000,1163.9,0.001000
121400,0.000479,1.000000,0.000580,1.000000,1164.8,0.001000
121500,0.002112,1.000000,0.003159,1.000000,1165.8,0.001000
121600,0.000564,1.000000,0.000730,1.000000,1166.8,0.001000
121700,0.000418,1.000000,0.000516,1.000000,1167.7,0.001000
121800,0.000362,1.000000,0.000468,1.000000,1168.7,0.001000
121900,0.000576,1.000000,0.000736,1.000000,1169.7,0.001000
122000,0.044620,0.998299,0.054826,0.996174,1170.6,0.001000
122100,0.000530,1.000000,0.000701,1.000000,1171.6,0.001000
122200,0.000482,1.000000,0.000601,1.000000,1172.5,0.001000
122300,0.000518,1.000000,0.000649,1.000000,1173.5,0.001000
122400,0.000574,1.000000,0.000730,1.000000,1174.5,0.001000
122500,0.000355,1.000000,0.000435,1.000000,1175.4,0.001000
122600,0.000498,1.000000,0.000679,1.000000,1176.4,0.001000
122700,0.000643,1.000000,0.000814,1.000000,1177.4,0.001000
122800,0.002254,1.000000,0.003018,1.000000,1178.3,0.001000
122900,0.000641,1.000000,0.000820,1.000000,1179.3,0.001000
123000,0.000475,1.000000,0.000594,1.000000,1180.3,0.001000
123100,0.000406,1.000000,0.000622,1.000000,1181.2,0.001000
123200,0.000630,1.000000,0.000805,1.000000,1182.2,0.001000
123300,0.005342,1.000000,0.007051,1.000000,1183.2,0.001000
123400,0.000567,1.000000,0.000726,1.000000,1184.2,0.001000
123500,0.000461,1.000000,0.000573,1.000000,1185.1,0.001000
123600,0.000447,1.000000,0.000612,1.000000,1186.1,0.001000
123700,0.000575,1.000000,0.000735,1.000000,1187.1,0.001000
123800,0.001022,1.000000,0.001397,1.000000,1188.1,0.001000
123900,0.000611,1.000000,0.000778,1.000000,1189.0,0.001000
124000,0.000381,1.000000,0.000468,1.000000,1190.0,0.001000
124100,0.000350,1.000000,0.000527,1.000000,1191.0,0.001000
124200,0.000516,1.000000,0.000647,1.000000,1191.9,0.001000
124300,0.042757,0.995961,0.053459,0.995537,1192.9,0.001000
124400,0.000528,1.000000,0.000696,1.000000,1193.9,0.001000
124500,0.000593,1.000000,0.000731,1.000000,1194.8,0.001000
124600,0.001226,1.000000,0.001779,1.000000,1195.8,0.001000
124700,0.000734,1.000000,0.000924,1.000000,1196.8,0.001000
124800,0.401123,0.894558,0.453039,0.877152,1197.7,0.001000
124900,0.000558,1.000000,0.000716,1.000000,1198.7,0.001000
125000,0.000508,1.000000,0.000625,1.000000,1199.7,0.001000
125100,0.000523,1.000000,0.000743,1.000000,1200.6,0.001000
125200,0.000583,1.000000,0.000728,1.000000,1201.6,0.001000
125300,0.000349,1.000000,0.000425,1.000000,1202.5,0.001000
125400,0.000482,1.000000,0.000603,1.000000,1203.5,0.001000
125500,0.000544,1.000000,0.000657,1.000000,1204.5,0.001000
125600,0.003371,1.000000,0.004361,1.000000,1205.4,0.001000
125700,0.000579,1.000000,0.000736,1.000000,1206.4,0.001000
125800,0.000457,1.000000,0.000559,1.000000,1207.3,0.001000
125900,0.000410,1.000000,0.000520,1.000000,1208.3,0.001000
126000,0.000617,1.000000,0.000764,1.000000,1209.3,0.001000
126100,0.001290,1.000000,0.001828,1.000000,1210.2,0.001000
126200,0.000607,1.000000,0.000764,1.000000,1211.2,0.001000
126300,0.000378,1.000000,0.000460,1.000000,1212.1,0.001000
126400,0.000398,1.000000,0.000532,1.000000,1213.1,0.001000
126500,0.000569,1.000000,0.000696,1.000000,1214.1,0.001000
126600,0.001504,1.000000,0.002263,0.999787,1215.0,0.001000
126700,0.000721,1.000000,0.000913,1.000000,1216.0,0.001000
126800,0.000463,1.000000,0.000564,1.000000,1216.9,0.001000
126900,0.000651,1.000000,0.000844,1.000000,1217.9,0.001000
127000,0.000608,1.000000,0.000742,1.000000,1218.9,0.001000
127100,0.000520,1.000000,0.000697,1.000000,1219.8,0.001000
127200,0.000726,1.000000,0.000890,1.000000,1220.8,0.001000
127300,0.001225,1.000000,0.001575,1.000000,1221.8,0.001000
127400,0.000665,1.000000,0.000813,1.000000,1222.8,0.001000
127500,0.000386,1.000000,0.000457,1.000000,1223.8,0.001000
127600,0.000421,1.000000,0.000548,1.000000,1224.7,0.001000
127700,0.000643,1.000000,0.000799,1.000000,1225.7,0.001000
127800,0.002104,1.000000,0.002812,1.000000,1226.7,0.001000
127900,0.000703,1.000000,0.000863,1.000000,1227.7,0.001000
128000,0.000471,1.000000,0.000551,1.000000,1228.7,0.001000
128100,0.000441,1.000000,0.000607,1.000000,1229.7,0.001000
128200,0.000579,1.000000,0.000700,1.000000,1230.7,0.001000
128300,0.002488,1.000000,0.003142,1.000000,1231.6,0.001000
128400,0.000627,1.000000,0.000770,1.000000,1232.6,0.001000
128500,0.000436,1.000000,0.000508,1.000000,1233.6,0.001000
128600,0.000507,1.000000,0.000657,1.000000,1234.5,0.001000
128700,0.000725,1.000000,0.000857,1.000000,1235.5,0.001000
128800,0.001515,1.000000,0.002142,1.000000,1236.5,0.001000
128900,0.000806,1.000000,0.000975,1.000000,1237.4,0.001000
129000,0.000521,1.000000,0.000606,1.000000,1238.4,0.001000
129100,0.000542,1.000000,0.000686,1.000000,1239.4,0.001000
129200,0.000607,1.000000,0.000736,1.000000,1240.4,0.001000
129300,0.000673,1.000000,0.000861,1.000000,1241.4,0.001000
129400,0.000706,1.000000,0.000857,1.000000,1242.3,0.001000
129500,0.000410,1.000000,0.000481,1.000000,1243.3,0.001000
129600,0.000466,1.000000,0.000594,1.000000,1244.3,0.001000
129700,0.000588,1.000000,0.000711,1.000000,1245.2,0.001000
129800,0.007119,1.000000,0.008898,1.000000,1246.2,0.001000
129900,0.000653,1.000000,0.000797,1.000000,1247.2,0.001000
130000,0.000518,1.000000,0.000610,1.000000,1248.2,0.001000
130100,0.000520,1.000000,0.000657,1.000000,1249.1,0.001000
130200,0.000571,1.000000,0.000678,1.000000,1250.1,0.001000
130300,0.000453,1.000000,0.000592,1.000000,1251.1,0.001000
130400,0.000647,1.000000,0.000787,1.000000,1252.1,0.001000
130500,0.004895,1.000000,0.006620,0.999787,1253.0,0.001000
130600,0.000698,1.000000,0.000866,1.000000,1254.0,0.001000
130700,0.000511,1.000000,0.000601,1.000000,1255.0,0.001000
130800,0.000458,1.000000,0.000591,1.000000,1256.0,0.001000
130900,0.000726,1.000000,0.000862,1.000000,1257.0,0.001000
131000,0.001897,1.000000,0.002397,1.000000,1258.0,0.001000
131100,0.000691,1.000000,0.000854,1.000000,1259.0,0.001000
131200,0.311919,0.935799,0.325972,0.929649,1260.0,0.001000
131300,0.000553,1.000000,0.000701,1.000000,1260.9,0.001000
131400,0.000531,1.000000,0.000636,1.000000,1261.9,0.001000
131500,0.000484,1.000000,0.000621,1.000000,1262.9,0.001000
131600,0.000696,1.000000,0.000824,1.000000,1263.9,0.001000
131700,0.005563,1.000000,0.007242,0.999787,1264.8,0.001000
131800,0.000669,1.000000,0.000857,1.000000,1265.8,0.001000
131900,0.000555,1.000000,0.000660,1.000000,1266.8,0.001000
132000,0.000529,1.000000,0.000728,1.000000,1267.7,0.001000
132100,0.000711,1.000000,0.000881,1.000000,1268.7,0.001000
132200,0.005561,1.000000,0.006836,1.000000,1269.7,0.001000
132300,0.000703,1.000000,0.000876,1.000000,1270.7,0.001000
132400,0.000537,1.000000,0.000637,1.000000,1271.6,0.001000
132500,0.000442,1.000000,0.000589,1.000000,1272.6,0.001000
132600,0.000631,1.000000,0.000776,1.000000,1273.8,0.001000
132700,0.003506,1.000000,0.004944,0.999787,1274.8,0.001000
132800,0.000638,1.000000,0.000813,1.000000,1275.7,0.001000
132900,0.000473,1.000000,0.000563,1.000000,1276.6,0.001000
133000,0.000468,1.000000,0.000609,1.000000,1277.6,0.001000
133100,0.000664,1.000000,0.000792,1.000000,1278.5,0.001000
133200,0.042086,0.998724,0.048706,0.997662,1279.4,0.001000
133300,0.000580,1.000000,0.000744,1.000000,1280.3,0.001000
133400,0.000531,1.000000,0.000633,1.000000,1281.3,0.001000
133500,0.000438,1.000000,0.000606,1.000000,1282.2,0.001000
133600,0.000619,1.000000,0.000759,1.000000,1283.1,0.001000
133700,0.002566,1.000000,0.003768,1.000000,1284.1,0.001000
133800,0.000650,1.000000,0.000805,1.000000,1285.2,0.001000
133900,0.000470,1.000000,0.000559,1.000000,1286.1,0.001000
134000,0.000431,1.000000,0.000588,1.000000,1287.0,0.001000
134100,0.000625,1.000000,0.000762,1.000000,1287.9,0.001000
134200,0.002317,1.000000,0.003569,1.000000,1288.9,0.001000
134300,0.000635,1.000000,0.000767,1.000000,1289.8,0.001000
134400,0.000437,1.000000,0.000516,1.000000,1290.7,0.001000
134500,0.000434,1.000000,0.000594,1.000000,1291.6,0.001000
134600,0.000624,1.000000,0.000750,1.000000,1292.6,0.001000
134700,0.007704,1.000000,0.009633,1.000000,1293.5,0.001000
134800,0.000639,1.000000,0.000813,1.000000,1294.4,0.001000
134900,0.000505,1.000000,0.000602,1.000000,1295.4,0.001000
135000,0.000527,1.000000,0.000694,1.000000,1296.3,0.001000
135100,0.000677,1.000000,0.000808,1.000000,1297.2,0.001000
135200,0.000637,1.000000,0.000846,1.000000,1298.2,0.001000
135300,0.000687,1.000000,0.000827,1.000000,1299.1,0.001000
135400,0.002615,1.000000,0.003309,1.000000,1300.0,0.001000
135500,0.000637,1.000000,0.000787,1.000000,1301.0,0.001000
135600,0.000442,1.000000,0.000527,1.000000,1301.9,0.001000
135700,0.000418,1.000000,0.000527,1.000000,1302.8,0.001000
135800,0.000660,1.000000,0.000809,1.000000,1303.7,0.001000
135900,0.012455,0.999575,0.015041,0.999575,1304.7,0.001000
136000,0.000569,1.000000,0.000738,1.000000,1305.6,0.001000
136100,0.000502,1.000000,0.000615,1.000000,1306.5,0.001000
136200,0.000502,1.000000,0.000652,1.000000,1307.5,0.001000
136300,0.000732,1.000000,0.000886,1.000000,1308.4,0.001000
136400,0.001800,1.000000,0.002059,1.000000,1309.3,0.001000
136500,0.000505,1.000000,0.000639,1.000000,1310.2,0.001000
136600,0.000561,1.000000,0.000674,1.000000,1311.2,0.001000
136700,0.000697,1.000000,0.000869,1.000000,1312.1,0.001000
136800,0.000598,1.000000,0.000729,1.000000,1313.0,0.001000
136900,0.000368,1.000000,0.000433,1.000000,1313.9,0.001000
137000,0.000413,1.000000,0.000527,1.000000,1314.9,0.001000
137100,0.000567,1.000000,0.000676,1.000000,1315.8,0.001000
137200,0.002677,1.000000,0.003902,1.000000,1316.7,0.001000
137300,0.000654,1.000000,0.000811,1.000000,1317.6,0.001000
137400,0.000486,1.000000,0.000575,1.000000,1318.6,0.001000
137500,0.000409,1.000000,0.000513,1.000000,1319.5,0.001000
137600,0.000613,1.000000,0.000723,1.000000,1320.4,0.001000
137700,0.004101,1.000000,0.005033,1.000000,1321.4,0.001000
137800,0.000686,1.000000,0.000877,1.000000,1322.3,0.001000
137900,0.000524,1.000000,0.000629,1.000000,1323.2,0.001000
138000,0.000490,1.000000,0.000607,1.000000,1324.1,0.001000
138100,0.000586,1.000000,0.000686,1.000000,1325.1,0.001000
138200,0.009680,0.999787,0.011256,0.999787,1326.0,0.001000
138300,0.000589,1.000000,0.000747,1.000000,1326.9,0.001000
138400,0.000513,1.000000,0.000608,1.000000,1327.8,0.001000
138500,0.000426,1.000000,0.000542,1.000000,1328.8,0.001000
138600,0.000586,1.000000,0.000722,1.000000,1329.7,0.001000
138700,0.000658,1.000000,0.000884,1.000000,1330.6,0.001000
138800,0.000756,1.000000,0.000905,1.000000,1331.5,0.001000
138900,0.073844,0.987883,0.085090,0.987035,1332.5,0.001000
139000,0.000616,1.000000,0.000764,1.000000,1333.4,0.001000
139100,0.000556,1.000000,0.000650,1.000000,1334.3,0.001000
139200,0.000434,1.000000,0.000576,1.000000,1335.2,0.001000
139300,0.000631,1.000000,0.000759,1.000000,1336.2,0.001000
139400,0.003979,1.000000,0.005254,1.000000,1337.1,0.001000
139500,0.000647,1.000000,0.000830,1.000000,1338.0,0.001000
139600,0.000498,1.000000,0.000598,1.000000,1339.0,0.001000
139700,0.000452,1.000000,0.000604,1.000000,1339.9,0.001000
139800,0.000577,1.000000,0.000691,1.000000,1340.8,0.001000
139900,0.001319,1.000000,0.001745,1.000000,1341.7,0.001000
140000,0.000750,1.000000,0.000909,1.000000,1342.7,0.001000
140100,0.000505,1.000000,0.000597,1.000000,1343.6,0.001000
140200,0.000487,1.000000,0.000630,1.000000,1344.5,0.001000
140300,0.000646,1.000000,0.000771,1.000000,1345.5,0.001000
140400,0.001938,1.000000,0.002330,1.000000,1346.4,0.001000
140500,0.000673,1.000000,0.000820,1.000000,1347.3,0.001000
140600,0.000456,1.000000,0.000546,1.000000,1348.2,0.001000
140700,0.000516,1.000000,0.000696,1.000000,1349.2,0.001000
140800,0.000653,1.000000,0.000795,1.000000,1350.1,0.001000
140900,0.000380,1.000000,0.000441,1.000000,1351.0,0.001000
141000,0.000445,1.000000,0.000571,1.000000,1352.0,0.001000
141100,0.000523,1.000000,0.000623,1.000000,1352.9,0.001000
141200,0.001992,1.000000,0.002521,1.000000,1353.8,0.001000
141300,0.000668,1.000000,0.000830,1.000000,1354.7,0.001000
141400,0.000484,1.000000,0.000565,1.000000,1355.7,0.001000
141500,0.000457,1.000000,0.000580,1.000000,1356.6,0.001000
141600,0.000553,1.000000,0.000658,1.000000,1357.5,0.001000
141700,0.001047,1.000000,0.001386,1.000000,1358.5,0.001000
141800,0.000657,1.000000,0.000785,1.000000,1359.4,0.001000
141900,0.000420,1.000000,0.000488,1.000000,1360.3,0.001000
142000,0.000419,1.000000,0.000517,1.000000,1361.3,0.001000
142100,0.000625,1.000000,0.000742,1.000000,1362.2,0.001000
142200,0.002044,1.000000,0.002647,1.000000,1363.1,0.001000
142300,0.000680,1.000000,0.000858,1.000000,1364.0,0.001000
142400,0.000477,1.000000,0.000566,1.000000,1365.0,0.001000
142500,0.000504,1.000000,0.000621,1.000000,1365.9,0.001000
142600,0.000548,1.000000,0.000647,1.000000,1366.8,0.001000
142700,0.001277,1.000000,0.001657,1.000000,1367.7,0.001000
142800,0.000687,1.000000,0.000845,1.000000,1368.7,0.001000
142900,0.000458,1.000000,0.000542,1.000000,1369.6,0.001000
143000,0.000464,1.000000,0.000621,1.000000,1370.5,0.001000
143100,0.000581,1.000000,0.000712,1.000000,1371.5,0.001000
143200,0.002984,1.000000,0.004077,1.000000,1372.4,0.001000
143300,0.000585,1.000000,0.000734,1.000000,1373.3,0.001000
143400,0.000430,1.000000,0.000511,1.000000,1374.3,0.001000
143500,0.000415,1.000000,0.000546,1.000000,1375.2,0.001000
143600,0.000679,1.000000,0.000819,1.000000,1376.1,0.001000
143700,0.004595,1.000000,0.006164,0.999787,1377.0,0.001000
143800,0.000646,1.000000,0.000801,1.000000,1378.0,0.001000
143900,0.000466,1.000000,0.000537,1.000000,1378.9,0.001000
144000,0.000492,1.000000,0.000615,1.000000,1379.8,0.001000
144100,0.000634,1.000000,0.000764,1.000000,1380.7,0.001000
144200,0.016102,0.999575,0.019677,0.998937,1381.7,0.001000
144300,0.000611,1.000000,0.000774,1.000000,1382.6,0.001000
144400,0.000527,1.000000,0.000625,1.000000,1383.5,0.001000
144500,0.000508,1.000000,0.000620,1.000000,1384.5,0.001000
144600,0.000695,1.000000,0.000820,1.000000,1385.4,0.001000
144700,0.004180,1.000000,0.005359,1.000000,1386.4,0.001000
144800,0.000708,1.000000,0.000862,1.000000,1387.3,0.001000
144900,0.000491,1.000000,0.000581,1.000000,1388.2,0.001000
145000,0.000510,1.000000,0.000681,1.000000,1389.1,0.001000
145100,0.000580,1.000000,0.000703,1.000000,1390.0,0.001000
145200,0.000442,1.000000,0.000549,1.000000,1391.0,0.001000
145300,0.000606,1.000000,0.000729,1.000000,1391.9,0.001000
145400,0.004500,1.000000,0.006157,1.000000,1392.8,0.001000
145500,0.000580,1.000000,0.000755,1.000000,1393.8,0.001000
145600,0.000432,1.000000,0.000516,1.000000,1394.7,0.001000
145700,0.000406,1.000000,0.000535,1.000000,1395.6,0.001000
145800,0.000601,1.000000,0.000735,1.000000,1396.6,0.001000
145900,0.002466,1.000000,0.003335,1.000000,1397.5,0.001000
146000,0.000637,1.000000,0.000801,1.000000,1398.6,0.001000
146100,0.000454,1.000000,0.000532,1.000000,1399.5,0.001000
146200,0.000459,1.000000,0.000636,1.000000,1400.5,0.001000
146300,0.000717,1.000000,0.000871,1.000000,1401.6,0.001000
146400,0.001875,1.000000,0.002820,0.999787,1402.5,0.001000
146500,0.000669,1.000000,0.000818,1.000000,1403.4,0.001000
146600,0.000433,1.000000,0.000507,1.000000,1404.4,0.001000
146700,0.000437,1.000000,0.000586,1.000000,1405.4,0.001000
146800,0.000626,1.000000,0.000752,1.000000,1406.4,0.001000
146900,0.001831,1.000000,0.002415,1.000000,1407.3,0.001000
147000,0.000635,1.000000,0.000787,1.000000,1408.2,0.001000
147100,0.000436,1.000000,0.000514,1.000000,1409.2,0.001000
147200,0.000427,1.000000,0.000542,1.000000,1410.1,0.001000
147300,0.000624,1.000000,0.000746,1.000000,1411.0,0.001000
147400,0.005168,1.000000,0.006939,0.999787,1412.0,0.001000
147500,0.000667,1.000000,0.000854,1.000000,1412.9,0.001000
147600,0.000523,1.000000,0.000619,1.000000,1413.8,0.001000
147700,0.000445,1.000000,0.000565,1.000000,1414.7,0.001000
147800,0.000566,1.000000,0.000676,1.000000,1415.6,0.001000
147900,0.003582,1.000000,0.004945,0.999787,1416.6,0.001000
148000,0.000605,1.000000,0.000744,1.000000,1417.5,0.001000
148100,0.000472,1.000000,0.000552,1.000000,1418.4,0.001000
148200,0.000386,1.000000,0.000496,1.000000,1419.3,0.001000
148300,0.000557,1.000000,0.000670,1.000000,1420.3,0.001000
148400,0.259176,0.946641,0.285557,0.937938,1421.2,0.001000
148500,0.000455,1.000000,0.000583,1.000000,1422.1,0.001000
148600,0.000584,1.000000,0.000696,1.000000,1423.1,0.001000
148700,0.002566,1.000000,0.003484,1.000000,1424.0,0.001000
148800,0.000589,1.000000,0.000720,1.000000,1425.0,0.001000
148900,0.000427,1.000000,0.000495,1.000000,1425.9,0.001000
149000,0.000420,1.000000,0.000528,1.000000,1426.8,0.001000
149100,0.000657,1.000000,0.000779,1.000000,1427.7,0.001000
149200,0.004056,1.000000,0.004896,1.000000,1428.7,0.001000
149300,0.000588,1.000000,0.000728,1.000000,1429.6,0.001000
149400,0.000420,1.000000,0.000498,1.000000,1430.5,0.001000
149500,0.000566,1.000000,0.000726,1.000000,1431.4,0.001000
149600,0.000733,1.000000,0.000868,1.000000,1432.4,0.001000
149700,0.001212,1.000000,0.001680,1.000000,1433.3,0.001000
149800,0.000668,1.000000,0.000821,1.000000,1434.2,0.001000
149900,0.000408,1.000000,0.000478,1.000000,1435.2,0.001000
150000,0.000458,1.000000,0.000601,1.000000,1436.1,0.001000
150100,0.000565,1.000000,0.000674,1.000000,1437.0,0.001000
150200,0.002514,0.999575,0.002540,0.999787,1437.9,0.001000
150300,0.000596,1.000000,0.000736,1.000000,1438.9,0.001000
150400,0.000465,1.000000,0.000552,1.000000,1439.8,0.001000
150500,0.000463,1.000000,0.000605,1.000000,1440.7,0.001000
150600,0.000710,1.000000,0.000845,1.000000,1441.6,0.001000
150700,0.000826,1.000000,0.001094,1.000000,1442.6,0.001000
150800,0.000640,1.000000,0.000763,1.000000,1443.5,0.001000
150900,0.000364,1.000000,0.000422,1.000000,1444.4,0.001000
151000,0.000374,1.000000,0.000466,1.000000,1445.3,0.001000
151100,0.000576,1.000000,0.000678,1.000000,1446.3,0.001000
151200,0.003686,1.000000,0.004821,1.000000,1447.2,0.001000
151300,0.000616,1.000000,0.000768,1.000000,1448.2,0.001000
151400,0.000459,1.000000,0.000545,1.000000,1449.1,0.001000
151500,0.000533,1.000000,0.000680,1.000000,1450.0,0.001000
151600,0.000739,1.000000,0.000888,1.000000,1450.9,0.001000
151700,0.001140,1.000000,0.001693,1.000000,1451.8,0.001000
151800,0.000730,1.000000,0.000908,1.000000,1452.8,0.001000
151900,0.032705,0.998087,0.037694,0.995749,1453.7,0.001000
152000,0.000610,1.000000,0.000781,1.000000,1454.6,0.001000
152100,0.000496,1.000000,0.000607,1.000000,1455.5,0.001000
152200,0.000405,1.000000,0.000528,1.000000,1456.5,0.001000
152300,0.000593,1.000000,0.000716,1.000000,1457.4,0.001000
152400,0.006151,1.000000,0.007930,1.000000,1458.3,0.001000
152500,0.000581,1.000000,0.000731,1.000000,1459.2,0.001000
152600,0.000493,1.000000,0.000596,1.000000,1460.2,0.001000
152700,0.000441,1.000000,0.000587,1.000000,1461.1,0.001000
152800,0.000634,1.000000,0.000758,1.000000,1462.0,0.001000
152900,0.001505,1.000000,0.002004,1.000000,1462.9,0.001000
153000,0.000651,1.000000,0.000800,1.000000,1463.9,0.001000
153100,0.000434,1.000000,0.000511,1.000000,1464.8,0.001000
153200,0.000495,1.000000,0.000612,1.000000,1465.7,0.001000
153300,0.000522,1.000000,0.000613,1.000000,1466.7,0.001000
153400,0.000599,1.000000,0.000861,1.000000,1467.6,0.001000
153500,0.000708,1.000000,0.000867,1.000000,1468.5,0.001000
153600,0.000425,1.000000,0.000492,1.000000,1469.4,0.001000
153700,0.000500,1.000000,0.000634,1.000000,1470.4,0.001000
153800,0.000598,1.000000,0.000703,1.000000,1471.3,0.001000
153900,0.000674,1.000000,0.000961,1.000000,1472.2,0.001000
154000,0.000591,1.000000,0.000711,1.000000,1473.2,0.001000
154100,0.078708,0.990859,0.091491,0.987673,1474.1,0.001000
154200,0.000498,1.000000,0.000622,1.000000,1475.0,0.001000
154300,0.000531,1.000000,0.000627,1.000000,1476.0,0.001000
154400,0.000626,1.000000,0.000850,1.000000,1476.9,0.001000
154500,0.000699,1.000000,0.000865,1.000000,1477.8,0.001000
154600,0.019852,0.999575,0.023315,0.998937,1478.7,0.001000
154700,0.000663,1.000000,0.000846,1.000000,1479.7,0.001000
154800,0.000601,1.000000,0.000731,1.000000,1480.6,0.001000
154900,0.000508,1.000000,0.000677,1.000000,1481.5,0.001000
155000,0.000692,1.000000,0.000825,1.000000,1482.5,0.001000
155100,1.644356,0.552083,1.720420,0.546440,1483.4,0.001000
155200,0.000504,1.000000,0.000679,1.000000,1484.3,0.001000
155300,0.000562,1.000000,0.000675,1.000000,1485.3,0.001000
155400,0.000532,1.000000,0.000721,1.000000,1486.2,0.001000
155500,0.000704,1.000000,0.000854,1.000000,1487.1,0.001000
155600,0.219617,0.975340,0.230112,0.970882,1488.0,0.001000
155700,0.000504,1.000000,0.000628,1.000000,1489.0,0.001000
155800,0.000517,1.000000,0.000630,1.000000,1489.9,0.001000
155900,0.000802,1.000000,0.001009,1.000000,1490.9,0.001000
156000,0.000655,1.000000,0.000805,1.000000,1491.8,0.001000
156100,0.000416,1.000000,0.000491,1.000000,1492.7,0.001000
156200,0.000474,1.000000,0.000643,1.000000,1493.7,0.001000
156300,0.000590,1.000000,0.000720,1.000000,1494.6,0.001000
156400,0.001018,1.000000,0.001477,1.000000,1495.5,0.001000
156500,0.000649,1.000000,0.000788,1.000000,1496.5,0.001000
156600,0.000404,1.000000,0.000481,1.000000,1497.4,0.001000
156700,0.000419,1.000000,0.000577,1.000000,1498.3,0.001000
156800,0.000533,1.000000,0.000647,1.000000,1499.2,0.001000
156900,0.002528,1.000000,0.003885,0.999787,1500.2,0.001000
157000,0.000591,1.000000,0.000759,1.000000,1501.1,0.001000
157100,0.000432,1.000000,0.000510,1.000000,1502.0,0.001000
157200,0.000487,1.000000,0.000667,1.000000,1502.9,0.001000
157300,0.000752,1.000000,0.000907,1.000000,1503.9,0.001000
157400,0.001798,1.000000,0.002401,1.000000,1504.8,0.001000
157500,0.000726,1.000000,0.000899,1.000000,1505.7,0.001000
157600,0.000482,1.000000,0.000570,1.000000,1506.6,0.001000
157700,0.000532,1.000000,0.000675,1.000000,1507.6,0.001000
157800,0.000506,1.000000,0.000611,1.000000,1508.5,0.001000
157900,0.000954,1.000000,0.001258,1.000000,1509.4,0.001000
158000,0.000781,1.000000,0.000967,1.000000,1510.3,0.001000
158100,0.000504,1.000000,0.000603,1.000000,1511.3,0.001000
158200,0.000506,1.000000,0.000637,1.000000,1512.2,0.001000
158300,0.000574,1.000000,0.000696,1.000000,1513.1,0.001000
158400,0.004155,1.000000,0.005044,1.000000,1514.0,0.001000
158500,0.000618,1.000000,0.000808,1.000000,1514.9,0.001000
158600,0.000479,1.000000,0.000570,1.000000,1515.9,0.001000
158700,0.000433,1.000000,0.000548,1.000000,1516.8,0.001000
158800,0.000571,1.000000,0.000691,1.000000,1517.7,0.001000
158900,0.003959,1.000000,0.005406,1.000000,1518.6,0.001000
159000,0.000587,1.000000,0.000728,1.000000,1519.5,0.001000
159100,0.000453,1.000000,0.000535,1.000000,1520.5,0.001000
159200,0.000493,1.000000,0.000652,1.000000,1521.4,0.001000
159300,0.000665,1.000000,0.000804,1.000000,1522.3,0.001000
159400,0.001784,1.000000,0.002518,1.000000,1523.2,0.001000
159500,0.000665,1.000000,0.000810,1.000000,1524.2,0.001000
159600,0.000444,1.000000,0.000522,1.000000,1525.2,0.001000
159700,0.000460,1.000000,0.000593,1.000000,1526.2,0.001000
159800,0.000653,1.000000,0.000796,1.000000,1527.1,0.001000
159900,0.001779,1.000000,0.002415,1.000000,1528.0,0.001000
160000,0.000668,1.000000,0.000811,1.000000,1528.9,0.001000
160100,0.000444,1.000000,0.000515,1.000000,1529.9,0.001000
160200,0.000410,1.000000,0.000550,1.000000,1530.8,0.001000
160300,0.000628,1.000000,0.000748,1.000000,1531.7,0.001000
160400,0.001764,1.000000,0.002418,1.000000,1532.6,0.001000
160500,0.000610,1.000000,0.000760,1.000000,1533.6,0.001000
160600,0.000407,1.000000,0.000474,1.000000,1534.5,0.001000
160700,0.000438,1.000000,0.000573,1.000000,1535.4,0.001000
160800,0.000599,1.000000,0.000747,1.000000,1536.3,0.001000
160900,0.001418,1.000000,0.001806,1.000000,1537.3,0.001000
161000,0.000661,1.000000,0.000807,1.000000,1538.2,0.001000
161100,0.000445,1.000000,0.000526,1.000000,1539.1,0.001000
161200,0.000508,1.000000,0.000660,1.000000,1540.1,0.001000
161300,0.000630,1.000000,0.000753,1.000000,1541.1,0.001000
161400,0.002870,1.000000,0.003840,1.000000,1542.1,0.001000
161500,0.000587,1.000000,0.000709,1.000000,1543.1,0.001000
161600,0.000440,1.000000,0.000510,1.000000,1544.2,0.001000
161700,0.000376,1.000000,0.000484,1.000000,1545.2,0.001000
161800,0.000595,1.000000,0.000727,1.000000,1546.1,0.001000
161900,0.000761,1.000000,0.001005,1.000000,1547.1,0.001000
162000,0.000646,1.000000,0.000795,1.000000,1548.1,0.001000
162100,0.000377,1.000000,0.000453,1.000000,1549.1,0.001000
162200,0.000394,1.000000,0.000527,1.000000,1550.1,0.001000
162300,0.000612,1.000000,0.000744,1.000000,1551.1,0.001000
162400,0.003947,1.000000,0.005070,0.999787,1552.0,0.001000
162500,0.000578,1.000000,0.000709,1.000000,1553.0,0.001000
162600,0.000438,1.000000,0.000513,1.000000,1554.0,0.001000
162700,0.000549,1.000000,0.000767,1.000000,1554.9,0.001000
162800,0.000617,1.000000,0.000760,1.000000,1555.9,0.001000
162900,0.042689,0.996173,0.050959,0.994049,1556.8,0.001000
163000,0.000548,1.000000,0.000724,1.000000,1557.8,0.001000
163100,0.000570,1.000000,0.000696,1.000000,1558.7,0.001000
163200,0.000497,1.000000,0.000647,1.000000,1559.7,0.001000
163300,0.000700,1.000000,0.000848,1.000000,1560.6,0.001000
163400,0.007455,1.000000,0.009193,1.000000,1561.6,0.001000
163500,0.000617,1.000000,0.000767,1.000000,1562.5,0.001000
163600,0.000475,1.000000,0.000563,1.000000,1563.5,0.001000
163700,0.000456,1.000000,0.000637,1.000000,1564.5,0.001000
163800,0.000690,1.000000,0.000838,1.000000,1565.4,0.001000
163900,0.002633,1.000000,0.003457,1.000000,1566.4,0.001000
164000,0.000717,1.000000,0.000896,1.000000,1567.3,0.001000
164100,0.000512,1.000000,0.000613,1.000000,1568.3,0.001000
164200,0.000498,1.000000,0.000675,1.000000,1569.2,0.001000
164300,0.000555,1.000000,0.000676,1.000000,1570.1,0.001000
164400,0.001253,1.000000,0.001780,1.000000,1571.1,0.001000
164500,0.000591,1.000000,0.000712,1.000000,1572.0,0.001000
164600,0.000384,1.000000,0.000446,1.000000,1572.9,0.001000
164700,0.000438,1.000000,0.000570,1.000000,1573.9,0.001000
164800,0.000597,1.000000,0.000712,1.000000,1574.8,0.001000
164900,1.467977,0.579932,1.529591,0.566206,1575.7,0.001000
165000,0.000469,1.000000,0.000576,1.000000,1576.6,0.001000
165100,0.000526,1.000000,0.000618,1.000000,1577.6,0.001000
165200,0.001227,1.000000,0.001558,1.000000,1578.5,0.001000
165300,0.000562,1.000000,0.000703,1.000000,1579.4,0.001000
165400,0.000363,1.000000,0.000425,1.000000,1580.4,0.001000
165500,0.000440,1.000000,0.000580,1.000000,1581.3,0.001000
165600,0.000672,1.000000,0.000824,1.000000,1582.2,0.001000
165700,0.001789,1.000000,0.002397,1.000000,1583.2,0.001000
165800,0.000685,1.000000,0.000831,1.000000,1584.1,0.001000
165900,0.000452,1.000000,0.000527,1.000000,1585.0,0.001000
166000,0.000405,1.000000,0.000515,1.000000,1586.0,0.001000
166100,0.000580,1.000000,0.000699,1.000000,1586.9,0.001000
166200,0.058966,0.996386,0.066361,0.996599,1587.8,0.001000
166300,0.000671,1.000000,0.000820,1.000000,1588.7,0.001000
166400,0.000624,1.000000,0.000728,1.000000,1589.6,0.001000
166500,0.000465,1.000000,0.000592,1.000000,1590.6,0.001000
166600,0.000656,1.000000,0.000779,1.000000,1591.5,0.001000
166700,0.002711,1.000000,0.003255,1.000000,1592.4,0.001000
166800,0.000659,1.000000,0.000845,1.000000,1593.3,0.001000
166900,0.000458,1.000000,0.000551,1.000000,1594.3,0.001000
167000,0.000443,1.000000,0.000581,1.000000,1595.2,0.001000
167100,0.000684,1.000000,0.000829,1.000000,1596.1,0.001000
167200,0.015250,1.000000,0.019709,0.999575,1597.0,0.001000
167300,0.000670,1.000000,0.000864,1.000000,1598.0,0.001000
167400,0.000582,1.000000,0.000694,1.000000,1598.9,0.001000
167500,0.000556,1.000000,0.000700,1.000000,1599.8,0.001000
167600,0.000598,1.000000,0.000714,1.000000,1600.8,0.001000
167700,0.006602,1.000000,0.009253,0.999575,1601.7,0.001000
167800,0.000558,1.000000,0.000686,1.000000,1602.6,0.001000
167900,0.000477,1.000000,0.000565,1.000000,1603.6,0.001000
168000,0.001050,1.000000,0.001363,1.000000,1604.5,0.001000
168100,0.000669,1.000000,0.000830,1.000000,1605.4,0.001000
168200,0.000450,1.000000,0.000534,1.000000,1606.4,0.001000
168300,0.000517,1.000000,0.000664,1.000000,1607.3,0.001000
168400,0.000625,1.000000,0.000752,1.000000,1608.2,0.001000
168500,0.000530,1.000000,0.000695,1.000000,1609.1,0.001000
168600,0.000728,1.000000,0.000884,1.000000,1610.1,0.001000
168700,0.022579,0.999787,0.029514,0.998725,1611.0,0.001000
168800,0.000599,1.000000,0.000749,1.000000,1611.9,0.001000
168900,0.000509,1.000000,0.000607,1.000000,1612.8,0.001000
169000,0.000474,1.000000,0.000599,1.000000,1613.8,0.001000
169100,0.000637,1.000000,0.000762,1.000000,1614.7,0.001000
169200,0.000364,1.000000,0.000428,1.000000,1615.6,0.001000
169300,0.000411,1.000000,0.000547,1.000000,1616.5,0.001000
169400,0.000531,1.000000,0.000649,1.000000,1617.5,0.001000
169500,0.001463,1.000000,0.002017,1.000000,1618.4,0.001000
169600,0.000606,1.000000,0.000763,1.000000,1619.3,0.001000
169700,0.000410,1.000000,0.000490,1.000000,1620.2,0.001000
169800,0.000519,1.000000,0.000703,1.000000,1621.2,0.001000
169900,0.000747,1.000000,0.000900,1.000000,1622.1,0.001000
170000,0.001230,1.000000,0.001865,1.000000,1623.0,0.001000
170100,0.000705,1.000000,0.000871,1.000000,1624.0,0.001000
170200,0.000422,1.000000,0.000505,1.000000,1624.9,0.001000
170300,0.000523,1.000000,0.000708,1.000000,1625.8,0.001000
170400,0.000634,1.000000,0.000786,1.000000,1626.7,0.001000
170500,0.000562,1.000000,0.000780,1.000000,1627.7,0.001000
170600,0.000676,1.000000,0.000836,1.000000,1628.6,0.001000
170700,0.000380,1.000000,0.000446,1.000000,1629.5,0.001000
170800,0.000472,1.000000,0.000604,1.000000,1630.4,0.001000
170900,0.000520,1.000000,0.000635,1.000000,1631.4,0.001000
171000,0.000660,1.000000,0.000922,1.000000,1632.3,0.001000
171100,0.000661,1.000000,0.000794,1.000000,1633.2,0.001000
171200,0.000401,1.000000,0.000472,1.000000,1634.1,0.001000
171300,0.000535,1.000000,0.000728,1.000000,1635.1,0.001000
171400,0.000670,1.000000,0.000827,1.000000,1636.0,0.001000
171500,0.000756,1.000000,0.000958,1.000000,1636.9,0.001000
171600,0.000620,1.000000,0.000766,1.000000,1637.8,0.001000
171700,0.000346,1.000000,0.000413,1.000000,1638.8,0.001000
171800,0.000515,1.000000,0.000727,1.000000,1639.7,0.001000
171900,0.000677,1.000000,0.000826,1.000000,1640.6,0.001000
172000,0.000598,1.000000,0.000778,1.000000,1641.6,0.001000
172100,0.000684,1.000000,0.000842,1.000000,1642.5,0.001000
172200,0.170572,0.968325,0.202195,0.957705,1643.4,0.001000
172300,0.000502,1.000000,0.000634,1.000000,1644.4,0.001000
172400,0.000521,1.000000,0.000630,1.000000,1645.4,0.001000
172500,0.001037,1.000000,0.001380,1.000000,1646.3,0.001000
172600,0.000669,1.000000,0.000822,1.000000,1647.2,0.001000
172700,0.000462,1.000000,0.000540,1.000000,1648.2,0.001000
172800,0.000502,1.000000,0.000660,1.000000,1649.1,0.001000
172900,0.000590,1.000000,0.000720,1.000000,1650.0,0.001000
173000,0.002892,1.000000,0.004079,1.000000,1650.9,0.001000
173100,0.000642,1.000000,0.000819,1.000000,1651.9,0.001000
173200,0.000482,1.000000,0.000590,1.000000,1652.8,0.001000
173300,0.000520,1.000000,0.000668,1.000000,1653.7,0.001000
173400,0.000606,1.000000,0.000741,1.000000,1654.7,0.001000
173500,0.004001,1.000000,0.005043,1.000000,1655.6,0.001000
173600,0.000562,1.000000,0.000714,1.000000,1656.5,0.001000
173700,0.000467,1.000000,0.000560,1.000000,1657.4,0.001000
173800,0.000405,1.000000,0.000531,1.000000,1658.3,0.001000
173900,0.000577,1.000000,0.000700,1.000000,1659.3,0.001000
174000,0.002635,1.000000,0.003177,1.000000,1660.2,0.001000
174100,0.000670,1.000000,0.000847,1.000000,1661.1,0.001000
174200,0.000488,1.000000,0.000587,1.000000,1662.0,0.001000
174300,0.000500,1.000000,0.000673,1.000000,1663.0,0.001000
174400,0.000641,1.000000,0.000772,1.000000,1663.9,0.001000
174500,0.008593,1.000000,0.010533,1.000000,1664.8,0.001000
174600,0.000542,1.000000,0.000684,1.000000,1665.7,0.001000
174700,0.000467,1.000000,0.000549,1.000000,1666.7,0.001000
174800,0.000659,1.000000,0.000925,1.000000,1667.6,0.001000
174900,0.000632,1.000000,0.000760,1.000000,1668.5,0.001000
175000,0.000459,1.000000,0.000544,1.000000,1669.5,0.001000
175100,0.000518,1.000000,0.000660,1.000000,1670.4,0.001000
175200,0.000576,1.000000,0.000690,1.000000,1671.3,0.001000
175300,0.000838,1.000000,0.001143,1.000000,1672.2,0.001000
175400,0.000699,1.000000,0.000857,1.000000,1673.2,0.001000
175500,0.015748,1.000000,0.018473,0.999787,1674.1,0.001000
175600,0.000688,1.000000,0.000857,1.000000,1675.0,0.001000
175700,0.000533,1.000000,0.000626,1.000000,1676.0,0.001000
175800,0.000471,1.000000,0.000606,1.000000,1676.9,0.001000
175900,0.000663,1.000000,0.000816,1.000000,1677.8,0.001000
176000,0.013295,0.999362,0.017099,0.999362,1678.8,0.001000
176100,0.000588,1.000000,0.000738,1.000000,1679.7,0.001000
176200,0.000536,1.000000,0.000643,1.000000,1680.6,0.001000
176300,0.000535,1.000000,0.000709,1.000000,1681.5,0.001000
176400,0.000681,1.000000,0.000828,1.000000,1682.5,0.001000
176500,0.000393,1.000000,0.000459,1.000000,1683.4,0.001000
176600,0.000416,1.000000,0.000527,1.000000,1684.3,0.001000
176700,0.000546,1.000000,0.000660,1.000000,1685.3,0.001000
176800,0.005462,1.000000,0.007531,0.999575,1686.2,0.001000
176900,0.000662,1.000000,0.000828,1.000000,1687.1,0.001000
177000,0.000555,1.000000,0.000674,1.000000,1688.0,0.001000
177100,0.000538,1.000000,0.000751,1.000000,1689.0,0.001000
177200,0.000655,1.000000,0.000796,1.000000,1689.9,0.001000
177300,0.002794,1.000000,0.003697,1.000000,1690.8,0.001000
177400,0.000706,1.000000,0.000875,1.000000,1691.8,0.001000
177500,0.000526,1.000000,0.000623,1.000000,1692.7,0.001000
177600,0.000504,1.000000,0.000625,1.000000,1693.6,0.001000
177700,0.000583,1.000000,0.000691,1.000000,1694.6,0.001000
177800,0.001530,1.000000,0.002072,1.000000,1695.5,0.001000
177900,0.000676,1.000000,0.000828,1.000000,1696.4,0.001000
178000,0.000459,1.000000,0.000542,1.000000,1697.3,0.001000
178100,0.000515,1.000000,0.000651,1.000000,1698.3,0.001000
178200,0.000698,1.000000,0.000862,1.000000,1699.2,0.001000
178300,0.002825,1.000000,0.003448,1.000000,1700.1,0.001000
178400,0.000707,1.000000,0.000873,1.000000,1701.1,0.001000
178500,0.000490,1.000000,0.000585,1.000000,1702.0,0.001000
178600,0.000414,1.000000,0.000543,1.000000,1702.9,0.001000
178700,0.000611,1.000000,0.000729,1.000000,1703.9,0.001000
178800,0.036346,0.997662,0.039344,0.997024,1704.8,0.001000
178900,0.000531,1.000000,0.000687,1.000000,1705.7,0.001000
179000,0.000537,1.000000,0.000655,1.000000,1706.6,0.001000
179100,0.000409,1.000000,0.000528,1.000000,1707.6,0.001000
179200,0.000604,1.000000,0.000746,1.000000,1708.5,0.001000
179300,0.427981,0.874787,0.481048,0.859086,1709.4,0.001000
179400,0.000506,1.000000,0.000642,1.000000,1710.3,0.001000
179500,0.000565,1.000000,0.000671,1.000000,1711.3,0.001000
179600,0.002161,1.000000,0.002766,1.000000,1712.2,0.001000
179700,0.000619,1.000000,0.000766,1.000000,1713.1,0.001000
179800,0.000430,1.000000,0.000503,1.000000,1714.0,0.001000
179900,0.000477,1.000000,0.000612,1.000000,1715.0,0.001000
180000,0.000721,1.000000,0.000879,1.000000,1715.9,0.001000
180100,0.000561,1.000000,0.000718,1.000000,1716.8,0.001000
180200,0.000699,1.000000,0.000841,1.000000,1717.7,0.001000
180300,0.076052,0.991071,0.089582,0.986822,1718.7,0.001000
180400,0.000616,1.000000,0.000800,1.000000,1719.6,0.001000
180500,0.000645,1.000000,0.000774,1.000000,1720.5,0.001000
180600,0.000447,1.000000,0.000609,1.000000,1721.5,0.001000
180700,0.000608,1.000000,0.000737,1.000000,1722.4,0.001000
180800,0.007144,1.000000,0.008780,0.999787,1723.3,0.001000
180900,0.000518,1.000000,0.000671,1.000000,1724.3,0.001000
181000,0.000452,1.000000,0.000546,1.000000,1725.2,0.001000
181100,0.000480,1.000000,0.000638,1.000000,1726.1,0.001000
181200,0.000666,1.000000,0.000803,1.000000,1727.0,0.001000
181300,0.024347,0.999362,0.029971,0.998937,1728.0,0.001000
181400,0.000491,1.000000,0.000606,1.000000,1728.9,0.001000
181500,0.000465,1.000000,0.000560,1.000000,1729.8,0.001000
181600,0.000600,1.000000,0.000827,1.000000,1730.8,0.001000
181700,0.000652,1.000000,0.000802,1.000000,1731.7,0.001000
181800,0.000401,1.000000,0.000477,1.000000,1732.6,0.001000
181900,0.000524,1.000000,0.000664,1.000000,1733.6,0.001000
182000,0.000709,1.000000,0.000848,1.000000,1734.5,0.001000
182100,0.000836,1.000000,0.001086,1.000000,1735.4,0.001000
182200,0.000708,1.000000,0.000860,1.000000,1736.3,0.001000
182300,0.677460,0.781675,0.697275,0.773432,1737.3,0.001000
182400,0.000495,1.000000,0.000660,1.000000,1738.2,0.001000
182500,0.000514,1.000000,0.000640,1.000000,1739.1,0.001000
182600,0.000506,1.000000,0.000776,1.000000,1740.1,0.001000
182700,0.000604,1.000000,0.000747,1.000000,1741.0,0.001000
182800,0.050616,0.996599,0.060574,0.994261,1741.9,0.001000
182900,0.000525,1.000000,0.000695,1.000000,1742.9,0.001000
183000,0.000492,1.000000,0.000592,1.000000,1743.8,0.001000
183100,0.000425,1.000000,0.000608,1.000000,1744.7,0.001000
183200,0.000584,1.000000,0.000715,1.000000,1745.6,0.001000
183300,0.000313,1.000000,0.000365,1.000000,1746.6,0.001000
183400,0.000381,1.000000,0.000527,1.000000,1747.5,0.001000
183500,0.000598,1.000000,0.000739,1.000000,1748.4,0.001000
183600,0.006139,1.000000,0.008470,1.000000,1749.3,0.001000
183700,0.000683,1.000000,0.000842,1.000000,1750.3,0.001000
183800,0.000569,1.000000,0.000681,1.000000,1751.2,0.001000
183900,0.000526,1.000000,0.000712,1.000000,1752.1,0.001000
184000,0.000665,1.000000,0.000820,1.000000,1753.0,0.001000
184100,0.001481,1.000000,0.002005,1.000000,1754.0,0.001000
184200,0.000691,1.000000,0.000838,1.000000,1754.9,0.001000
184300,0.000435,1.000000,0.000506,1.000000,1755.8,0.001000
184400,0.000446,1.000000,0.000578,1.000000,1756.8,0.001000
184500,0.000581,1.000000,0.000701,1.000000,1757.7,0.001000
184600,0.005937,0.999787,0.007753,0.999787,1758.6,0.001000
184700,0.000555,1.000000,0.000717,1.000000,1759.6,0.001000
184800,0.000463,1.000000,0.000557,1.000000,1760.5,0.001000
184900,0.000451,1.000000,0.000582,1.000000,1761.4,0.001000
185000,0.000694,1.000000,0.000845,1.000000,1762.3,0.001000
185100,0.015650,0.999787,0.020858,0.999575,1763.3,0.001000
185200,0.000674,1.000000,0.000859,1.000000,1764.2,0.001000
185300,0.000591,1.000000,0.000715,1.000000,1765.1,0.001000
185400,0.000499,1.000000,0.000646,1.000000,1766.1,0.001000
185500,0.000613,1.000000,0.000739,1.000000,1767.0,0.001000
185600,0.005848,1.000000,0.008325,0.999787,1767.9,0.001000
185700,0.000705,1.000000,0.000874,1.000000,1768.8,0.001000
185800,0.000556,1.000000,0.000661,1.000000,1769.8,0.001000
185900,0.000500,1.000000,0.000625,1.000000,1770.7,0.001000
186000,0.000723,1.000000,0.000871,1.000000,1771.6,0.001000
186100,0.003163,1.000000,0.004235,1.000000,1772.5,0.001000
186200,0.000613,1.000000,0.000755,1.000000,1773.5,0.001000
186300,0.000415,1.000000,0.000498,1.000000,1774.4,0.001000
186400,0.000443,1.000000,0.000558,1.000000,1775.3,0.001000
186500,0.000642,1.000000,0.000781,1.000000,1776.2,0.001000
186600,0.010044,0.999575,0.011861,0.999150,1777.2,0.001000
186700,0.000585,1.000000,0.000769,1.000000,1778.1,0.001000
186800,0.000496,1.000000,0.000596,1.000000,1779.0,0.001000
186900,0.000440,1.000000,0.000566,1.000000,1780.0,0.001000
187000,0.000627,1.000000,0.000765,1.000000,1780.9,0.001000
187100,0.000348,1.000000,0.000407,1.000000,1781.8,0.001000
187200,0.000432,1.000000,0.000556,1.000000,1782.7,0.001000
187300,0.000611,1.000000,0.000758,1.000000,1783.7,0.001000
187400,0.000946,1.000000,0.001400,1.000000,1784.6,0.001000
187500,0.000674,1.000000,0.000847,1.000000,1785.5,0.001000
187600,0.000410,1.000000,0.000489,1.000000,1786.5,0.001000
187700,0.000472,1.000000,0.000595,1.000000,1787.4,0.001000
187800,0.000628,1.000000,0.000751,1.000000,1788.3,0.001000
187900,0.003173,1.000000,0.003984,1.000000,1789.3,0.001000
188000,0.000583,1.000000,0.000729,1.000000,1790.2,0.001000
188100,0.000442,1.000000,0.000537,1.000000,1791.1,0.001000
188200,0.000436,1.000000,0.000560,1.000000,1792.0,0.001000
188300,0.000630,1.000000,0.000759,1.000000,1793.0,0.001000
188400,0.004194,1.000000,0.005727,1.000000,1793.9,0.001000
188500,0.000683,1.000000,0.000853,1.000000,1794.8,0.001000
188600,0.000532,1.000000,0.000641,1.000000,1795.7,0.001000
188700,0.000478,1.000000,0.000611,1.000000,1796.7,0.001000
188800,0.000687,1.000000,0.000828,1.000000,1797.6,0.001000
188900,0.004930,1.000000,0.005710,1.000000,1798.5,0.001000
189000,0.000577,1.000000,0.000729,1.000000,1799.5,0.001000
189100,0.000480,1.000000,0.000576,1.000000,1800.4,0.001000
189200,0.000436,1.000000,0.000561,1.000000,1801.3,0.001000
189300,0.000675,1.000000,0.000828,1.000000,1802.2,0.001000
189400,0.015024,1.000000,0.020890,0.998937,1803.2,0.001000
189500,0.000575,1.000000,0.000753,1.000000,1804.1,0.001000
189600,0.000520,1.000000,0.000647,1.000000,1805.0,0.001000
189700,0.000636,1.000000,0.000818,1.000000,1805.9,0.001000
189800,0.000723,1.000000,0.000907,1.000000,1806.9,0.001000
189900,0.032139,0.997236,0.035221,0.997237,1807.8,0.001000
190000,0.000546,1.000000,0.000676,1.000000,1808.7,0.001000
190100,0.000533,1.000000,0.000642,1.000000,1809.6,0.001000
190200,0.001653,1.000000,0.002437,0.999787,1810.6,0.001000
190300,0.000713,1.000000,0.000902,1.000000,1811.5,0.001000
190400,0.113755,0.986182,0.126445,0.984060,1812.4,0.001000
190500,0.000611,1.000000,0.000778,1.000000,1813.3,0.001000
190600,0.000537,1.000000,0.000644,1.000000,1814.3,0.001000
190700,0.000651,1.000000,0.000977,1.000000,1815.2,0.001000
190800,0.000648,1.000000,0.000800,1.000000,1816.2,0.001000
190900,0.000388,1.000000,0.000458,1.000000,1817.1,0.001000
191000,0.000471,1.000000,0.000597,1.000000,1818.0,0.001000
191100,0.000640,1.000000,0.000782,1.000000,1818.9,0.001000
191200,0.001096,1.000000,0.001494,1.000000,1819.9,0.001000
191300,0.000647,1.000000,0.000797,1.000000,1820.8,0.001000
191400,0.000406,1.000000,0.000477,1.000000,1821.7,0.001000
191500,0.000406,1.000000,0.000526,1.000000,1822.7,0.001000
191600,0.000622,1.000000,0.000754,1.000000,1823.6,0.001000
191700,0.009674,1.000000,0.012666,0.999787,1824.5,0.001000
191800,0.000570,1.000000,0.000714,1.000000,1825.5,0.001000
191900,0.000486,1.000000,0.000588,1.000000,1826.4,0.001000
192000,0.000387,1.000000,0.000486,1.000000,1827.3,0.001000
192100,0.000606,1.000000,0.000729,1.000000,1828.2,0.001000
192200,0.000320,1.000000,0.000367,1.000000,1829.2,0.001000
192300,0.000422,1.000000,0.000555,1.000000,1830.1,0.001000
192400,0.000549,1.000000,0.000667,1.000000,1831.0,0.001000
192500,0.002258,1.000000,0.003574,0.999787,1831.9,0.001000
192600,0.000673,1.000000,0.000831,1.000000,1832.9,0.001000
192700,0.000491,1.000000,0.000580,1.000000,1833.8,0.001000
192800,0.000475,1.000000,0.000603,1.000000,1834.7,0.001000
192900,0.000708,1.000000,0.000844,1.000000,1835.6,0.001000
193000,0.001977,1.000000,0.002641,1.000000,1836.6,0.001000
193100,0.000653,1.000000,0.000800,1.000000,1837.5,0.001000
193200,0.000434,1.000000,0.000512,1.000000,1838.4,0.001000
193300,0.000502,1.000000,0.000656,1.000000,1839.4,0.001000
193400,0.000752,1.000000,0.000911,1.000000,1840.3,0.001000
193500,0.001875,1.000000,0.002401,1.000000,1841.2,0.001000
193600,0.000757,1.000000,0.000922,1.000000,1842.1,0.001000
193700,0.000494,1.000000,0.000593,1.000000,1843.1,0.001000
193800,0.000575,1.000000,0.000737,1.000000,1844.0,0.001000
193900,0.000621,1.000000,0.000757,1.000000,1844.9,0.001000
194000,0.000600,1.000000,0.000827,1.000000,1845.8,0.001000
194100,0.000747,1.000000,0.000899,1.000000,1846.8,0.001000
194200,0.000499,1.000000,0.000584,1.000000,1847.7,0.001000
194300,0.000559,1.000000,0.000716,1.000000,1848.6,0.001000
194400,0.000626,1.000000,0.000762,1.000000,1849.6,0.001000
194500,0.001403,1.000000,0.001841,1.000000,1850.5,0.001000
194600,0.000740,1.000000,0.000907,1.000000,1851.4,0.001000
194700,0.000484,1.000000,0.000579,1.000000,1852.3,0.001000
194800,0.000499,1.000000,0.000682,1.000000,1853.3,0.001000
194900,0.000705,1.000000,0.000872,1.000000,1854.2,0.001000
195000,0.002234,0.999787,0.002669,1.000000,1855.1,0.001000
195100,0.000655,1.000000,0.000833,1.000000,1856.1,0.001000
195200,0.000454,1.000000,0.000545,1.000000,1857.0,0.001000
195300,0.000461,1.000000,0.000622,1.000000,1857.9,0.001000
195400,0.000576,1.000000,0.000722,1.000000,1858.8,0.001000
195500,0.000435,1.000000,0.000588,1.000000,1859.8,0.001000
195600,0.000595,1.000000,0.000725,1.000000,1860.7,0.001000
195700,0.003854,1.000000,0.005384,1.000000,1861.6,0.001000
195800,0.000697,1.000000,0.000861,1.000000,1862.5,0.001000
195900,0.000524,1.000000,0.000620,1.000000,1863.5,0.001000
196000,0.000466,1.000000,0.000603,1.000000,1864.4,0.001000
196100,0.000623,1.000000,0.000770,1.000000,1865.3,0.001000
196200,0.019411,0.999787,0.024456,0.998725,1866.3,0.001000
196300,0.000572,1.000000,0.000736,1.000000,1867.3,0.001000
196400,0.000504,1.000000,0.000611,1.000000,1868.2,0.001000
196500,0.000458,1.000000,0.000574,1.000000,1869.2,0.001000
196600,0.000689,1.000000,0.000833,1.000000,1870.2,0.001000
196700,0.002856,1.000000,0.003688,1.000000,1871.1,0.001000
196800,0.000701,1.000000,0.000855,1.000000,1872.1,0.001000
196900,0.000482,1.000000,0.000567,1.000000,1873.0,0.001000
197000,0.000438,1.000000,0.000555,1.000000,1874.0,0.001000
197100,0.000675,1.000000,0.000821,1.000000,1874.9,0.001000
197200,0.005328,1.000000,0.006506,1.000000,1875.8,0.001000
197300,0.000593,1.000000,0.000737,1.000000,1876.7,0.001000
197400,0.000443,1.000000,0.000526,1.000000,1877.6,0.001000
197500,0.000437,1.000000,0.000543,1.000000,1878.6,0.001000
197600,0.000709,1.000000,0.000847,1.000000,1879.5,0.001000
197700,0.048361,0.995748,0.049619,0.996174,1880.4,0.001000
197800,0.000579,1.000000,0.000710,1.000000,1881.3,0.001000
197900,0.000556,1.000000,0.000666,1.000000,1882.2,0.001000
198000,0.000474,1.000000,0.000638,1.000000,1883.1,0.001000
198100,0.000687,1.000000,0.000832,1.000000,1884.2,0.001000
198200,0.517049,0.858844,0.563622,0.846121,1885.2,0.001000
198300,0.000542,1.000000,0.000691,1.000000,1886.2,0.001000
198400,0.000530,1.000000,0.000650,1.000000,1887.2,0.001000
198500,0.000505,1.000000,0.000650,1.000000,1888.1,0.001000
198600,0.000733,1.000000,0.000899,1.000000,1889.0,0.001000
198700,0.025260,0.999787,0.031122,0.999362,1889.9,0.001000
198800,0.000572,1.000000,0.000713,1.000000,1890.9,0.001000
198900,0.000535,1.000000,0.000635,1.000000,1891.8,0.001000
199000,0.000784,1.000000,0.001026,1.000000,1892.7,0.001000
199100,0.000748,1.000000,0.000907,1.000000,1893.6,0.001000
199200,0.000456,1.000000,0.000526,1.000000,1894.6,0.001000
199300,0.000496,1.000000,0.000620,1.000000,1895.5,0.001000
199400,0.000638,1.000000,0.000758,1.000000,1896.4,0.001000
199500,0.004859,1.000000,0.006037,1.000000,1897.3,0.001000
199600,0.000683,1.000000,0.000850,1.000000,1898.3,0.001000
199700,0.000532,1.000000,0.000633,1.000000,1899.2,0.001000
199800,0.000434,1.000000,0.000555,1.000000,1900.1,0.001000
199900,0.000589,1.000000,0.000723,1.000000,1901.0,0.001000
