step,train_loss,train_acc,test_loss,test_acc,elapsed_sec,lr
0,5.053594,0.007015,5.093278,0.005739,0.0,0.000040
100,4.221428,0.095451,5.158937,0.008927,0.6,0.002000
200,1.409767,0.744685,3.261965,0.270563,1.2,0.002000
300,0.067522,1.000000,0.446946,0.931775,1.7,0.002000
400,0.020050,1.000000,0.066817,0.999150,2.3,0.002000
500,0.008464,1.000000,0.012522,1.000000,2.9,0.002000
600,1.025145,0.739371,1.161058,0.707333,3.5,0.002000
700,0.005474,1.000000,0.006262,1.000000,4.1,0.002000
800,0.467552,0.935162,0.525327,0.917109,4.6,0.002000
900,0.005004,1.000000,0.005410,1.000000,5.2,0.002000
1000,0.735872,0.816964,0.752465,0.805313,5.8,0.002000
1100,0.003004,1.000000,0.003188,1.000000,6.3,0.002000
1200,1.846432,0.599702,1.935707,0.578321,6.9,0.002000
1300,0.003180,1.000000,0.003347,1.000000,7.5,0.002000
1400,0.213323,0.967049,0.225627,0.964506,8.1,0.002000
1500,0.003184,1.000000,0.003333,1.000000,8.6,0.002000
1600,0.241833,0.966624,0.270897,0.954729,9.2,0.002000
1700,0.002017,1.000000,0.002232,1.000000,9.8,0.002000
1800,0.002444,1.000000,0.002548,1.000000,10.3,0.002000
1900,0.002768,1.000000,0.003105,1.000000,10.9,0.002000
2000,0.002591,1.000000,0.002686,1.000000,11.5,0.002000
2100,0.006344,1.000000,0.007641,1.000000,12.0,0.002000
2200,0.001704,1.000000,0.001818,1.000000,12.6,0.002000
2300,2.867987,0.281037,2.846578,0.278002,13.2,0.002000
2400,0.001750,1.000000,0.002196,0.999787,13.7,0.002000
2500,0.002528,1.000000,0.002623,1.000000,14.3,0.002000
2600,0.003359,1.000000,0.003687,1.000000,14.9,0.002000
2700,0.002955,1.000000,0.003051,1.000000,15.4,0.002000
2800,0.012155,0.998937,0.014364,0.998725,16.0,0.002000
2900,0.002049,1.000000,0.002156,1.000000,16.6,0.002000
3000,0.044832,0.994685,0.055710,0.992561,17.1,0.002000
3100,0.002307,1.000000,0.002435,1.000000,17.7,0.002000
3200,0.036972,0.997236,0.041785,0.996812,18.3,0.002000
3300,0.002377,1.000000,0.002485,1.000000,18.8,0.002000
3400,0.044212,0.997449,0.051288,0.995324,19.4,0.002000
3500,0.002683,1.000000,0.002816,1.000000,20.0,0.002000
3600,0.070531,0.987670,0.072905,0.990011,20.6,0.002000
3700,0.002050,1.000000,0.002186,1.000000,21.1,0.002000
3800,0.617231,0.854592,0.655383,0.842295,21.7,0.002000
3900,0.001735,1.000000,0.001935,1.000000,22.4,0.002000
4000,0.002651,1.000000,0.002750,1.000000,22.9,0.002000
4100,0.002209,1.000000,0.002584,1.000000,23.5,0.002000
4200,0.002393,1.000000,0.002499,1.000000,24.1,0.002000
4300,0.005279,0.999787,0.006091,0.999787,24.6,0.002000
4400,0.002947,1.000000,0.003071,1.000000,25.2,0.002000
4500,0.009350,0.999362,0.013390,0.998725,25.8,0.002000
4600,0.002987,1.000000,0.003075,1.000000,26.3,0.002000
4700,0.009056,0.999787,0.011526,0.999362,26.9,0.002000
4800,0.002811,1.000000,0.002923,1.000000,27.5,0.002000
4900,0.014597,0.998087,0.018922,0.997024,28.0,0.002000
5000,0.002432,1.000000,0.002536,1.000000,28.6,0.002000
5100,0.030541,0.998724,0.038477,0.996387,29.2,0.002000
5200,0.002481,1.000000,0.002619,1.000000,29.7,0.002000
5300,0.053368,0.993410,0.057034,0.995112,30.3,0.002000
5400,0.005863,1.000000,0.006504,0.999575,30.9,0.002000
5500,0.001968,1.000000,0.002049,1.000000,31.4,0.002000
5600,0.031425,0.996173,0.036620,0.994474,32.0,0.002000
5700,0.001975,1.000000,0.002100,1.000000,32.6,0.002000
5800,0.025658,0.999150,0.029314,0.999362,33.1,0.002000
5900,0.001857,1.000000,0.002003,1.000000,33.7,0.002000
6000,0.089083,0.997874,0.098629,0.997237,34.3,0.002000
6100,0.001538,1.000000,0.001705,1.000000,34.8,0.002000
6200,0.002195,1.000000,0.002265,1.000000,35.5,0.002000
6300,0.001618,1.000000,0.001786,1.000000,36.1,0.002000
6400,0.002407,1.000000,0.002473,1.000000,36.7,0.002000
6500,0.008912,0.999362,0.016427,0.997875,37.3,0.002000
6600,0.002267,1.000000,0.002368,1.000000,37.9,0.002000
6700,0.012997,0.999575,0.015389,0.999362,38.5,0.002000
6800,0.003944,1.000000,0.004099,1.000000,39.1,0.002000
6900,0.002758,1.000000,0.003162,1.000000,39.7,0.002000
7000,0.002378,1.000000,0.002466,1.000000,40.4,0.002000
7100,0.002387,1.000000,0.002637,1.000000,41.0,0.002000
7200,0.003792,1.000000,0.003919,1.000000,41.6,0.002000
7300,0.001919,1.000000,0.002030,1.000000,42.3,0.002000
7400,0.086028,0.993197,0.090182,0.993836,43.1,0.002000
7500,0.001814,1.000000,0.001945,1.000000,43.7,0.002000
7600,0.263072,0.997236,0.275668,0.996812,44.3,0.002000
7700,0.003093,1.000000,0.003190,1.000000,44.9,0.002000
7800,0.013243,0.999362,0.016280,0.998725,45.4,0.002000
7900,0.002560,1.000000,0.002628,1.000000,46.0,0.002000
8000,0.008620,1.000000,0.009934,1.000000,46.6,0.002000
8100,0.003443,1.000000,0.003544,1.000000,47.1,0.002000
8200,0.003220,1.000000,0.004514,0.999362,47.7,0.002000
8300,0.002072,1.000000,0.002147,1.000000,48.3,0.002000
8400,0.010387,0.999362,0.012977,0.998725,48.8,0.002000
8500,0.001714,1.000000,0.001823,1.000000,49.4,0.002000
8600,0.443150,0.993197,0.476510,0.990223,50.0,0.002000
8700,0.002998,1.000000,0.003123,1.000000,50.6,0.002000
8800,0.020666,0.998937,0.024591,0.998937,51.1,0.002000
8900,0.002120,1.000000,0.002231,1.000000,51.8,0.002000
9000,0.025030,0.997236,0.030570,0.996599,52.4,0.002000
9100,0.003011,1.000000,0.003113,1.000000,53.1,0.002000
9200,0.007910,1.000000,0.009523,1.000000,53.6,0.002000
9300,0.002549,1.000000,0.002652,1.000000,54.3,0.002000
9400,0.012187,0.999362,0.012704,0.999787,55.0,0.002000
9500,0.002706,1.000000,0.002811,1.000000,55.6,0.002000
9600,0.035881,0.994898,0.034047,0.997024,56.1,0.002000
9700,0.002049,1.000000,0.002135,1.000000,56.7,0.002000
9800,0.015805,0.999150,0.016596,0.999150,57.3,0.002000
9900,0.002374,1.000000,0.002483,1.000000,57.8,0.002000
10000,0.019377,0.998937,0.022732,0.999150,58.4,0.002000
10100,0.002330,1.000000,0.002441,1.000000,58.9,0.002000
10200,0.019966,0.998937,0.026245,0.997024,59.5,0.002000
10300,0.001604,1.000000,0.001715,1.000000,60.1,0.002000
10400,0.022063,0.999787,0.025738,0.998512,60.6,0.002000
10500,0.002146,1.000000,0.002247,1.000000,61.2,0.002000
10600,0.038545,0.995961,0.048813,0.991923,61.8,0.002000
10700,0.002094,1.000000,0.002208,1.000000,62.4,0.002000
10800,0.032212,0.998512,0.035910,0.997662,62.9,0.002000
10900,0.001507,1.000000,0.001618,1.000000,63.5,0.002000
11000,0.011821,1.000000,0.012152,1.000000,64.1,0.002000
11100,0.016490,0.997874,0.020783,0.996812,64.6,0.002000
11200,0.002331,1.000000,0.002435,1.000000,65.2,0.002000
11300,0.008292,0.999575,0.009675,0.998937,65.8,0.002000
11400,0.002334,1.000000,0.002415,1.000000,66.3,0.002000
11500,0.003720,1.000000,0.004490,1.000000,66.9,0.002000
11600,0.002525,1.000000,0.002607,1.000000,67.5,0.002000
11700,0.003218,1.000000,0.004503,0.999575,68.0,0.002000
11800,0.002466,1.000000,0.002544,1.000000,68.6,0.002000
11900,0.033208,0.995961,0.049096,0.989160,69.2,0.002000
12000,0.001861,1.000000,0.001977,1.000000,69.8,0.002000
12100,0.037916,0.997662,0.043238,0.997662,70.3,0.002000
12200,0.001666,1.000000,0.001753,1.000000,70.9,0.002000
12300,0.081599,0.996811,0.085749,0.996812,71.5,0.002000
12400,0.003118,1.000000,0.003229,1.000000,72.1,0.002000
12500,0.011851,0.999150,0.012150,0.999362,72.6,0.002000
12600,0.002209,1.000000,0.002292,1.000000,73.2,0.002000
12700,0.018255,0.998724,0.021667,0.998087,73.8,0.002000
12800,0.001686,1.000000,0.001793,1.000000,74.3,0.002000
12900,0.197071,0.980017,0.207052,0.978108,74.9,0.002000
13000,0.026898,0.997024,0.028780,0.996812,75.5,0.002000
13100,0.001537,1.000000,0.001613,1.000000,76.1,0.002000
13200,0.174364,0.997236,0.187140,0.998300,76.6,0.002000
13300,0.004034,1.000000,0.004183,1.000000,77.2,0.002000
13400,0.010616,0.999575,0.012154,1.000000,77.8,0.002000
13500,0.002425,1.000000,0.002509,1.000000,78.3,0.002000
13600,0.013789,0.999362,0.017062,0.998937,78.9,0.002000
13700,0.001625,1.000000,0.001735,1.000000,79.5,0.002000
13800,0.119358,0.996811,0.124159,0.995962,80.1,0.002000
13900,0.016380,0.998937,0.017889,0.998087,80.7,0.002000
14000,0.002099,1.000000,0.002192,1.000000,81.3,0.002000
14100,0.007548,1.000000,0.008383,1.000000,81.9,0.002000
14200,0.001310,1.000000,0.001435,1.000000,82.5,0.002000
14300,0.001795,1.000000,0.001849,1.000000,83.1,0.002000
14400,0.001934,1.000000,0.002057,1.000000,83.6,0.002000
14500,0.002499,1.000000,0.002563,1.000000,84.2,0.002000
14600,0.001551,1.000000,0.001743,1.000000,84.8,0.002000
14700,0.002182,1.000000,0.002246,1.000000,85.3,0.002000
14800,0.001863,1.000000,0.001969,1.000000,85.9,0.002000
14900,0.782705,0.832908,0.809260,0.821892,86.5,0.002000
15000,0.002606,1.000000,0.002962,1.000000,87.1,0.002000
15100,0.001893,1.000000,0.001951,1.000000,87.7,0.002000
15200,0.006837,0.999575,0.008745,0.999362,88.2,0.002000
15300,0.002210,1.000000,0.002319,1.000000,88.8,0.002000
15400,0.025652,0.996599,0.030568,0.996174,89.3,0.002000
15500,0.001842,1.000000,0.001984,1.000000,89.9,0.002000
15600,1.203642,0.775298,1.278360,0.740276,90.5,0.002000
15700,0.003008,1.000000,0.003185,1.000000,91.0,0.002000
15800,0.009171,1.000000,0.010481,0.999575,91.6,0.002000
15900,0.002511,1.000000,0.002612,1.000000,92.2,0.002000
16000,0.005884,0.999787,0.007010,1.000000,92.7,0.002000
16100,0.002199,1.000000,0.002289,1.000000,93.3,0.002000
16200,0.002886,1.000000,0.003150,1.000000,93.9,0.002000
16300,0.003208,1.000000,0.003297,1.000000,94.4,0.002000
16400,0.002189,1.000000,0.002337,1.000000,95.1,0.002000
16500,0.894486,0.767645,0.956698,0.752178,95.7,0.002000
16600,0.001594,1.000000,0.001694,1.000000,96.4,0.002000
16700,0.001972,1.000000,0.002014,1.000000,97.1,0.002000
16800,0.002424,1.000000,0.002543,1.000000,97.6,0.002000
16900,0.056681,0.999362,0.060073,0.997450,98.3,0.002000
17000,0.001937,1.000000,0.002020,1.000000,99.0,0.002000
17100,0.028103,0.998087,0.033932,0.996599,99.6,0.002000
17200,0.003178,1.000000,0.003313,1.000000,100.1,0.002000
17300,0.026034,0.997662,0.028613,0.997662,100.7,0.002000
17400,0.001560,1.000000,0.001657,1.000000,101.3,0.002000
17500,0.212908,0.985757,0.221584,0.984485,101.8,0.002000
17600,0.002448,1.000000,0.002582,1.000000,102.4,0.002000
17700,0.015595,0.999575,0.019462,0.998087,103.0,0.002000
17800,0.003041,1.000000,0.003172,1.000000,103.6,0.002000
17900,0.016739,0.998087,0.019489,0.997662,104.2,0.002000
18000,0.002474,1.000000,0.002576,1.000000,104.7,0.002000
18100,0.018870,0.998512,0.020088,0.998300,105.3,0.002000
18200,0.002348,1.000000,0.002448,1.000000,105.9,0.002000
18300,0.007026,1.000000,0.008400,1.000000,106.5,0.002000
18400,0.003295,1.000000,0.003384,1.000000,107.0,0.002000
18500,0.006163,0.999787,0.008421,0.999575,107.6,0.002000
18600,0.002555,1.000000,0.002625,1.000000,108.2,0.002000
18700,0.002271,1.000000,0.002536,1.000000,108.7,0.002000
18800,0.002121,1.000000,0.002192,1.000000,109.3,0.002000
18900,0.007842,0.999362,0.009474,0.998937,109.9,0.002000
19000,0.007407,1.000000,0.008216,1.000000,110.5,0.002000
19100,0.002257,1.000000,0.002329,1.000000,111.0,0.002000
19200,0.005280,1.000000,0.006282,1.000000,111.6,0.002000
19300,0.002676,1.000000,0.002793,1.000000,112.2,0.002000
19400,0.017242,0.999150,0.019378,0.999150,112.8,0.002000
19500,0.002274,1.000000,0.002378,1.000000,113.4,0.002000
19600,0.022046,0.998724,0.025220,0.997662,114.0,0.002000
19700,0.002200,1.000000,0.002301,1.000000,114.6,0.002000
19800,0.045945,0.995111,0.054325,0.992561,115.2,0.002000
19900,0.001642,1.000000,0.001721,1.000000,115.8,0.002000
20000,0.025101,0.999150,0.026453,0.998937,116.3,0.002000
20100,0.001550,1.000000,0.001654,1.000000,116.9,0.002000
20200,1.520903,0.687925,1.548419,0.680978,117.5,0.002000
20300,0.001636,1.000000,0.001796,1.000000,118.1,0.002000
20400,0.001924,1.000000,0.001973,1.000000,118.6,0.002000
20500,0.002088,1.000000,0.002228,1.000000,119.2,0.002000
20600,0.066661,0.999362,0.070431,0.999362,119.8,0.002000
20700,0.001722,1.000000,0.001862,1.000000,120.4,0.002000
20800,0.001876,1.000000,0.001927,1.000000,121.0,0.002000
20900,0.001965,1.000000,0.002188,1.000000,121.5,0.002000
21000,0.001721,1.000000,0.001788,1.000000,122.1,0.002000
21100,0.005092,0.999575,0.008431,0.998937,122.7,0.002000
21200,0.001249,1.000000,0.001366,1.000000,123.3,0.002000
21300,0.001739,1.000000,0.001802,1.000000,123.8,0.002000
21400,0.001604,1.000000,0.001710,1.000000,124.4,0.002000
21500,0.002474,1.000000,0.002556,1.000000,125.0,0.002000
21600,0.002147,1.000000,0.002314,1.000000,125.5,0.002000
21700,0.473703,0.947279,0.504519,0.935175,126.1,0.002000
21800,0.001636,1.000000,0.001727,1.000000,126.7,0.002000
21900,0.466826,0.953444,0.485610,0.948353,127.3,0.002000
22000,0.002537,1.000000,0.002641,1.000000,127.9,0.002000
22100,0.022640,0.999787,0.025207,0.998937,128.4,0.002000
22200,0.001677,1.000000,0.001798,1.000000,129.0,0.002000
22300,1.350613,0.686650,1.396870,0.684166,129.6,0.002000
22400,0.001916,1.000000,0.002023,1.000000,130.2,0.002000
22500,0.154355,0.995748,0.166304,0.991923,130.8,0.002000
22600,0.001376,1.000000,0.001460,1.000000,131.4,0.002000
22700,1.594490,0.617985,1.633324,0.597024,131.9,0.002000
22800,0.001472,1.000000,0.001571,1.000000,132.5,0.002000
22900,3.537242,0.235757,3.638221,0.214878,133.1,0.002000
23000,0.006248,0.999150,0.004451,1.000000,133.7,0.002000
23100,0.001852,1.000000,0.001931,1.000000,134.2,0.002000
23200,0.003378,1.000000,0.004366,0.999787,134.8,0.002000
23300,0.002270,1.000000,0.002356,1.000000,135.4,0.002000
23400,0.001971,1.000000,0.002137,1.000000,136.0,0.002000
23500,0.002819,1.000000,0.002896,1.000000,136.6,0.002000
23600,0.005673,1.000000,0.005986,1.000000,137.1,0.002000
23700,0.012890,0.998937,0.016806,0.999362,137.7,0.002000
23800,0.001433,1.000000,0.001549,1.000000,138.3,0.002000
23900,1.108985,0.824405,1.162525,0.818703,138.8,0.002000
24000,0.002957,1.000000,0.003094,1.000000,139.4,0.002000
24100,0.021042,0.999787,0.024717,0.998725,140.0,0.002000
24200,0.002089,1.000000,0.002174,1.000000,140.6,0.002000
24300,0.026573,0.996811,0.032847,0.995537,141.1,0.002000
24400,0.002046,1.000000,0.002168,1.000000,141.8,0.002000
24500,0.030294,0.999150,0.032718,0.999575,142.4,0.002000
24600,0.001328,1.000000,0.001478,1.000000,143.0,0.002000
24700,0.001966,1.000000,0.002031,1.000000,143.6,0.002000
24800,0.010112,0.999362,0.011951,0.999575,144.1,0.002000
24900,0.002265,1.000000,0.002390,1.000000,144.7,0.002000
25000,0.011005,0.999362,0.015810,0.998087,145.3,0.002000
25100,0.001366,1.000000,0.001561,1.000000,145.8,0.002000
25200,0.001713,1.000000,0.001788,1.000000,146.4,0.002000
25300,0.003942,1.000000,0.005256,0.999575,147.0,0.002000
25400,0.002398,1.000000,0.002475,1.000000,147.5,0.002000
25500,0.005231,1.000000,0.005869,1.000000,148.1,0.002000
25600,0.002634,1.000000,0.002727,1.000000,148.7,0.002000
25700,0.008645,0.998724,0.008150,0.999575,149.2,0.002000
25800,0.002077,1.000000,0.002150,1.000000,149.8,0.002000
25900,0.012954,0.999787,0.014962,0.999362,150.4,0.002000
26000,0.002835,1.000000,0.002925,1.000000,150.9,0.002000
26100,0.003806,1.000000,0.004332,1.000000,151.5,0.002000
26200,0.002107,1.000000,0.002174,1.000000,152.1,0.002000
26300,0.016557,0.996599,0.016162,0.998725,152.6,0.002000
26400,0.001703,1.000000,0.001826,1.000000,153.2,0.002000
26500,0.212450,0.998087,0.228190,0.996812,153.8,0.002000
26600,0.002688,1.000000,0.002833,1.000000,154.3,0.002000
26700,0.010673,0.999575,0.013348,0.998512,154.9,0.002000
26800,0.002221,1.000000,0.002300,1.000000,155.5,0.002000
26900,0.007864,1.000000,0.009355,0.999575,156.2,0.002000
27000,0.006678,0.999575,0.007746,1.000000,156.8,0.002000
27100,0.001728,1.000000,0.001799,1.000000,157.3,0.002000
27200,0.022375,0.996599,0.028993,0.994899,158.0,0.002000
27300,0.001707,1.000000,0.001841,1.000000,158.5,0.002000
27400,1.811623,0.593963,1.827423,0.576196,159.1,0.002000
27500,0.001225,1.000000,0.001317,1.000000,159.7,0.002000
27600,0.001608,1.000000,0.001660,1.000000,160.2,0.002000
27700,0.002759,1.000000,0.002892,1.000000,160.8,0.002000
27800,0.018243,1.000000,0.019488,0.999787,161.4,0.002000
27900,0.002439,1.000000,0.002516,1.000000,161.9,0.002000
28000,0.008228,0.999787,0.011298,0.998937,162.5,0.002000
28100,0.001726,1.000000,0.001810,1.000000,163.1,0.002000
28200,0.036955,1.000000,0.039804,0.999787,163.6,0.002000
28300,0.005113,1.000000,0.005270,1.000000,164.2,0.002000
28400,0.002464,1.000000,0.002605,1.000000,164.8,0.002000
28500,0.002811,1.000000,0.002883,1.000000,165.3,0.002000
28600,0.033353,0.997449,0.037810,0.994686,165.9,0.002000
28700,0.002261,1.000000,0.003489,0.999575,166.5,0.002000
28800,0.001685,1.000000,0.001823,1.000000,167.0,0.002000
28900,0.001702,1.000000,0.001752,1.000000,167.6,0.002000
29000,0.001876,1.000000,0.001989,1.000000,168.2,0.002000
29100,1.178811,0.688563,1.216966,0.673751,168.7,0.002000
29200,0.001752,1.000000,0.001837,1.000000,169.3,0.002000
29300,0.037111,0.999150,0.039221,0.998087,169.9,0.002000
29400,0.002934,0.999787,0.003286,0.999787,170.4,0.002000
29500,0.001872,1.000000,0.001934,1.000000,171.0,0.002000
29600,0.002493,1.000000,0.002763,1.000000,171.6,0.002000
29700,0.002157,1.000000,0.002216,1.000000,172.2,0.002000
29800,0.005460,1.000000,0.007172,1.000000,172.7,0.002000
29900,0.002509,1.000000,0.002606,1.000000,173.3,0.002000
30000,0.021090,0.997449,0.024138,0.996812,173.9,0.002000
30100,0.002064,1.000000,0.002132,1.000000,174.5,0.002000
30200,0.025381,0.997236,0.028149,0.998087,175.0,0.002000
30300,0.002205,1.000000,0.002303,1.000000,175.6,0.002000
30400,0.028962,0.997874,0.033142,0.996387,176.1,0.002000
30500,0.001777,1.000000,0.001861,1.000000,176.7,0.002000
30600,0.036470,0.995323,0.036302,0.996812,177.3,0.002000
30700,0.001853,1.000000,0.001934,1.000000,177.9,0.002000
30800,0.032715,0.999150,0.034659,0.998512,178.4,0.002000
30900,0.001403,1.000000,0.001502,1.000000,179.0,0.002000
31000,4.800962,0.055060,4.859334,0.046121,179.6,0.002000
31100,0.002069,1.000000,0.002165,1.000000,180.2,0.002000
31200,0.039994,0.998087,0.043374,0.997875,180.7,0.002000
31300,0.007430,1.000000,0.008190,0.999787,181.3,0.002000
31400,0.001396,1.000000,0.001539,1.000000,181.9,0.002000
31500,0.001632,1.000000,0.001684,1.000000,182.4,0.002000
31600,0.001707,1.000000,0.001814,1.000000,183.0,0.002000
31700,0.003658,1.000000,0.003727,1.000000,183.6,0.002000
31800,0.001288,1.000000,0.001383,1.000000,184.2,0.002000
31900,5.474354,0.056335,5.572272,0.048247,184.7,0.002000
32000,0.003102,1.000000,0.003207,1.000000,185.3,0.002000
32100,0.033019,0.998512,0.035600,0.998512,185.9,0.002000
32200,0.002474,1.000000,0.002548,1.000000,186.4,0.002000
32300,0.017266,0.998724,0.021205,0.998512,187.0,0.002000
32400,0.002216,1.000000,0.002300,1.000000,187.6,0.002000
32500,0.023954,0.996386,0.023812,0.997875,188.2,0.002000
32600,0.001995,1.000000,0.002092,1.000000,188.7,0.002000
32700,0.009006,1.000000,0.010069,1.000000,189.3,0.002000
32800,0.002560,1.000000,0.002642,1.000000,189.9,0.002000
32900,0.016863,0.997874,0.020559,0.997662,190.4,0.002000
33000,0.002555,1.000000,0.002638,1.000000,191.0,0.002000
33100,0.006643,1.000000,0.007458,1.000000,191.6,0.002000
33200,0.002251,1.000000,0.002318,1.000000,192.1,0.002000
33300,0.020665,0.998087,0.025391,0.997024,192.7,0.002000
33400,0.002472,1.000000,0.002567,1.000000,193.3,0.002000
33500,0.008647,1.000000,0.009829,1.000000,193.8,0.002000
33600,0.002854,1.000000,0.002938,1.000000,194.4,0.002000
33700,0.023961,0.996599,0.024145,0.996599,195.0,0.002000
33800,0.002106,1.000000,0.002177,1.000000,195.5,0.002000
33900,0.004592,1.000000,0.005486,1.000000,196.1,0.002000
34000,0.002687,1.000000,0.002763,1.000000,196.7,0.002000
34100,0.003372,1.000000,0.004276,1.000000,197.2,0.002000
34200,0.002508,1.000000,0.002588,1.000000,197.8,0.002000
34300,0.005240,1.000000,0.006031,1.000000,198.4,0.002000
34400,0.001387,1.000000,0.001514,1.000000,199.0,0.002000
34500,0.001880,1.000000,0.001931,1.000000,199.5,0.002000
34600,0.004426,1.000000,0.004576,0.999787,200.1,0.002000
34700,0.002035,1.000000,0.002096,1.000000,200.7,0.002000
34800,0.004079,1.000000,0.004822,1.000000,201.2,0.002000
34900,0.002173,1.000000,0.002223,1.000000,201.9,0.002000
35000,0.001299,1.000000,0.001505,1.000000,202.5,0.002000
35100,0.001616,1.000000,0.001661,1.000000,203.0,0.002000
35200,0.001455,1.000000,0.001544,1.000000,203.6,0.002000
35300,0.002019,1.000000,0.002065,1.000000,204.2,0.002000
35400,0.001767,1.000000,0.001851,1.000000,204.7,0.002000
35500,0.032959,0.998937,0.036205,0.998087,205.3,0.002000
35600,0.002608,1.000000,0.002921,1.000000,205.9,0.002000
35700,0.001950,1.000000,0.002000,1.000000,206.4,0.002000
35800,0.002627,1.000000,0.003005,1.000000,207.0,0.002000
35900,0.002595,1.000000,0.002666,1.000000,207.6,0.002000
36000,0.001757,1.000000,0.001951,1.000000,208.1,0.002000
36100,0.002247,1.000000,0.002307,1.000000,208.7,0.002000
36200,0.001906,1.000000,0.002110,1.000000,209.3,0.002000
36300,0.002058,1.000000,0.002099,1.000000,209.8,0.002000
36400,0.001588,1.000000,0.001665,1.000000,210.4,0.002000
36500,0.132113,0.997236,0.148768,0.994899,211.0,0.002000
36600,0.002803,1.000000,0.003053,1.000000,211.5,0.002000
36700,0.002129,1.000000,0.002189,1.000000,212.1,0.002000
36800,0.008033,0.999362,0.009819,0.998937,212.7,0.002000
36900,0.001616,1.000000,0.001818,1.000000,213.3,0.002000
37000,0.001980,1.000000,0.002032,1.000000,213.8,0.002000
37100,0.001529,1.000000,0.001687,1.000000,214.4,0.002000
37200,0.002178,1.000000,0.002260,1.000000,215.0,0.002000
37300,0.002207,1.000000,0.002408,1.000000,215.6,0.002000
37400,0.002241,1.000000,0.002293,1.000000,216.3,0.002000
37500,0.001285,1.000000,0.001324,1.000000,217.0,0.002000
37600,0.039004,0.997024,0.050287,0.992136,217.6,0.002000
37700,0.001984,1.000000,0.002089,1.000000,218.3,0.002000
37800,0.038364,0.996811,0.041022,0.998087,218.9,0.002000
37900,0.001644,1.000000,0.001731,1.000000,219.5,0.002000
38000,0.042131,0.997449,0.045725,0.997875,220.1,0.002000
38100,0.001589,1.000000,0.001721,1.000000,220.8,0.002000
38200,4.952503,0.128401,5.020182,0.124548,221.3,0.002000
38300,0.001618,1.000000,0.001693,1.000000,222.0,0.002000
38400,0.060992,0.997874,0.064657,0.996174,222.5,0.002000
38500,0.001665,1.000000,0.001760,1.000000,223.1,0.002000
38600,0.966999,0.801446,0.984183,0.796387,223.7,0.002000
38700,0.001888,1.000000,0.001951,1.000000,224.3,0.002000
38800,0.023398,0.998724,0.026683,0.997662,224.9,0.002000
38900,0.001957,1.000000,0.002052,1.000000,225.4,0.002000
39000,0.041207,0.994048,0.048039,0.992774,226.0,0.002000
39100,0.001840,1.000000,0.001939,1.000000,226.6,0.002000
39200,0.120541,0.979804,0.126980,0.980234,227.2,0.002000
39300,0.001540,1.000000,0.001633,1.000000,227.9,0.002000
39400,0.048065,0.999575,0.050010,1.000000,228.5,0.002000
39500,0.002137,1.000000,0.002385,1.000000,229.1,0.002000
39600,0.001787,1.000000,0.001844,1.000000,229.7,0.002000
39700,0.003027,1.000000,0.003623,1.000000,230.3,0.002000
39800,0.002042,1.000000,0.002113,1.000000,230.9,0.002000
39900,0.006174,1.000000,0.006472,1.000000,231.4,0.002000
40000,0.002162,1.000000,0.002221,1.000000,232.0,0.002000
40100,0.017117,0.998937,0.019752,0.998937,232.6,0.002000
40200,0.002519,1.000000,0.002629,1.000000,233.2,0.002000
40300,0.012745,0.999787,0.015399,0.999362,233.7,0.002000
40400,0.002140,1.000000,0.002226,1.000000,234.3,0.002000
40500,0.010642,1.000000,0.011154,1.000000,234.9,0.002000
40600,0.002623,1.000000,0.002725,1.000000,235.5,0.002000
40700,0.022328,0.995536,0.021513,0.996387,236.0,0.002000
40800,0.001654,1.000000,0.001746,1.000000,236.6,0.002000
40900,0.196905,0.984481,0.200893,0.984485,237.2,0.002000
41000,0.001385,1.000000,0.001486,1.000000,237.7,0.002000
41100,0.692927,0.877551,0.709238,0.871626,238.3,0.002000
41200,0.001804,1.000000,0.001873,1.000000,238.9,0.002000
41300,0.027622,0.998299,0.032281,0.998087,239.4,0.002000
41400,0.002136,1.000000,0.002228,1.000000,240.0,0.002000
41500,0.020969,0.998512,0.025834,0.998087,240.6,0.002000
41600,0.001678,1.000000,0.001779,1.000000,241.2,0.002000
41700,0.180353,0.991709,0.187086,0.991286,241.7,0.002000
41800,0.001442,1.000000,0.001548,1.000000,242.3,0.002000
41900,0.179512,0.977466,0.180583,0.976833,242.9,0.002000
42000,0.002058,1.000000,0.002135,1.000000,243.5,0.002000
42100,0.002062,1.000000,0.002136,1.000000,244.0,0.002000
42200,0.001971,1.000000,0.002183,1.000000,244.6,0.002000
42300,0.001839,1.000000,0.001884,1.000000,245.2,0.002000
42400,0.001758,1.000000,0.001891,1.000000,245.8,0.002000
42500,0.065855,0.999787,0.069522,0.999575,246.3,0.002000
42600,0.001884,1.000000,0.001958,1.000000,246.9,0.002000
42700,0.024785,0.996599,0.031256,0.995749,247.5,0.002000
42800,0.002241,1.000000,0.002352,1.000000,248.1,0.002000
42900,0.015180,0.999362,0.016185,0.999575,248.6,0.002000
43000,0.001540,1.000000,0.001595,1.000000,249.2,0.002000
43100,0.014358,0.999575,0.017326,0.999362,249.8,0.002000
43200,0.003219,1.000000,0.003359,1.000000,250.4,0.002000
43300,0.002338,1.000000,0.002592,1.000000,251.0,0.002000
43400,0.002044,1.000000,0.002115,1.000000,251.6,0.002000
43500,0.004966,1.000000,0.006323,0.999787,252.1,0.002000
43600,0.002277,1.000000,0.002352,1.000000,252.7,0.002000
43700,0.018243,0.997449,0.017231,0.998087,253.4,0.002000
43800,0.002230,1.000000,0.002312,1.000000,254.0,0.002000
43900,0.021990,0.998299,0.024086,0.998300,254.6,0.002000
44000,0.001773,1.000000,0.001876,1.000000,255.2,0.002000
44100,0.232556,0.983206,0.253052,0.978108,255.8,0.002000
44200,0.001288,1.000000,0.001370,1.000000,256.4,0.002000
44300,0.002065,1.000000,0.002131,1.000000,256.9,0.002000
44400,0.003618,1.000000,0.004216,1.000000,257.5,0.002000
44500,0.002065,1.000000,0.002137,1.000000,258.1,0.002000
44600,0.005464,0.999787,0.008529,0.998937,258.6,0.002000
44700,0.002422,1.000000,0.002512,1.000000,259.2,0.002000
44800,0.013495,0.999362,0.015507,0.999575,259.8,0.002000
44900,0.002034,1.000000,0.002114,1.000000,260.3,0.002000
45000,0.006882,0.999575,0.007431,0.999575,260.9,0.002000
45100,0.001740,1.000000,0.001810,1.000000,261.5,0.002000
45200,0.018847,0.997236,0.020793,0.997237,262.1,0.002000
45300,0.002267,1.000000,0.002371,1.000000,262.7,0.002000
45400,0.030436,0.993622,0.033523,0.993836,263.3,0.002000
45500,0.001325,1.000000,0.001428,1.000000,263.9,0.002000
45600,0.515917,0.947704,0.532538,0.948990,264.4,0.002000
45700,0.001400,1.000000,0.001547,1.000000,265.0,0.002000
45800,0.001725,1.000000,0.001763,1.000000,265.6,0.002000
45900,0.001845,1.000000,0.001929,1.000000,266.2,0.002000
46000,0.058015,0.999787,0.062178,0.999150,266.7,0.002000
46100,0.001372,1.000000,0.001440,1.000000,267.3,0.002000
46200,0.289093,0.957483,0.308836,0.951116,267.9,0.002000
46300,0.002845,1.000000,0.003359,1.000000,268.5,0.002000
46400,0.002088,1.000000,0.002144,1.000000,269.1,0.002000
46500,0.005083,1.000000,0.007383,0.999362,269.6,0.002000
46600,0.002194,1.000000,0.002263,1.000000,270.2,0.002000
46700,0.002245,1.000000,0.002466,1.000000,270.8,0.002000
46800,0.002480,1.000000,0.002550,1.000000,271.3,0.002000
46900,0.003705,0.999787,0.003890,1.000000,271.9,0.002000
47000,0.002230,1.000000,0.002297,1.000000,272.5,0.002000
47100,0.029883,0.996599,0.033635,0.995537,273.0,0.002000
47200,0.001586,1.000000,0.001678,1.000000,273.6,0.002000
47300,0.021394,0.999150,0.023951,0.999150,274.2,0.002000
47400,0.001942,1.000000,0.002021,1.000000,274.8,0.002000
47500,0.034331,0.997449,0.037335,0.996387,275.5,0.002000
47600,0.001669,1.000000,0.001755,1.000000,276.1,0.002000
47700,0.024269,0.998724,0.025215,0.998937,276.7,0.002000
47800,0.001474,1.000000,0.001558,1.000000,277.4,0.002000
47900,0.051252,0.997662,0.055687,0.997875,278.0,0.002000
48000,0.001510,1.000000,0.001686,1.000000,278.6,0.002000
48100,0.001881,1.000000,0.001924,1.000000,279.2,0.002000
48200,0.005741,1.000000,0.006005,0.999787,279.7,0.002000
48300,0.002081,1.000000,0.002138,1.000000,280.3,0.002000
48400,0.010210,0.999787,0.011426,0.999787,280.9,0.002000
48500,0.002243,1.000000,0.002298,1.000000,281.5,0.002000
48600,0.014714,0.999575,0.019966,0.997662,282.0,0.002000
48700,0.002255,1.000000,0.002340,1.000000,282.6,0.002000
48800,0.026221,0.996811,0.029604,0.996812,283.2,0.002000
48900,0.001493,1.000000,0.001583,1.000000,283.8,0.002000
49000,0.182466,0.980867,0.192239,0.981509,284.3,0.002000
49100,0.001302,1.000000,0.001427,1.000000,284.9,0.002000
49200,0.001972,1.000000,0.002023,1.000000,285.5,0.002000
49300,0.001429,1.000000,0.001577,1.000000,286.0,0.002000
49400,0.001965,1.000000,0.002026,1.000000,286.6,0.002000
49500,0.002932,1.000000,0.003143,1.000000,287.2,0.002000
49600,0.001978,1.000000,0.002036,1.000000,287.7,0.002000
49700,0.016990,0.998512,0.022079,0.997450,288.3,0.002000
49800,0.001864,1.000000,0.001977,1.000000,288.8,0.002000
49900,0.001794,1.000000,0.001850,1.000000,289.4,0.002000
50000,0.002486,1.000000,0.003747,0.999575,290.0,0.002000
50100,0.002087,1.000000,0.002154,1.000000,290.5,0.002000
50200,0.004937,1.000000,0.006935,0.999362,291.1,0.002000
50300,0.002080,1.000000,0.002146,1.000000,291.7,0.002000
50400,0.002428,1.000000,0.002718,1.000000,292.3,0.002000
50500,0.002674,1.000000,0.002736,1.000000,292.8,0.002000
50600,0.001497,1.000000,0.001584,1.000000,293.4,0.002000
50700,0.003372,1.000000,0.003475,1.000000,294.0,0.002000
50800,0.001886,1.000000,0.002180,1.000000,294.5,0.002000
50900,0.002044,1.000000,0.002104,1.000000,295.1,0.002000
51000,0.007664,0.999787,0.010009,0.999150,295.7,0.002000
51100,0.002364,1.000000,0.002467,1.000000,296.2,0.002000
51200,0.013979,0.998937,0.016351,0.998725,296.8,0.002000
51300,0.001261,1.000000,0.001365,1.000000,297.4,0.002000
51400,0.001780,1.000000,0.001846,1.000000,298.0,0.002000
51500,0.002057,1.000000,0.002332,1.000000,298.5,0.002000
51600,0.002194,1.000000,0.002267,1.000000,299.1,0.002000
51700,0.012884,0.998937,0.014257,0.999362,299.7,0.002000
51800,0.002044,1.000000,0.002130,1.000000,300.3,0.002000
51900,0.002821,1.000000,0.003245,1.000000,300.8,0.002000
52000,0.001910,1.000000,0.001958,1.000000,301.4,0.002000
52100,0.015613,0.998937,0.019294,0.997237,302.0,0.002000
52200,0.002146,1.000000,0.002221,1.000000,302.5,0.002000
52300,0.027115,0.997874,0.032497,0.996599,303.1,0.002000
52400,0.002009,1.000000,0.002115,1.000000,303.7,0.002000
52500,0.034116,0.997874,0.034724,0.998937,304.3,0.002000
52600,0.001448,1.000000,0.001594,1.000000,304.8,0.002000
52700,0.001920,1.000000,0.001968,1.000000,305.4,0.002000
52800,0.014980,0.997236,0.015475,0.998300,306.0,0.002000
52900,0.001899,1.000000,0.001969,1.000000,306.6,0.002000
53000,0.010530,0.999787,0.016115,0.997875,307.2,0.002000
53100,0.001838,1.000000,0.001902,1.000000,307.8,0.002000
53200,0.021037,0.996811,0.023011,0.997662,308.4,0.002000
53300,0.001699,1.000000,0.001781,1.000000,309.0,0.002000
53400,0.006877,1.000000,0.007265,1.000000,309.6,0.002000
53500,0.001724,1.000000,0.001787,1.000000,310.1,0.002000
53600,0.003004,1.000000,0.003322,1.000000,310.7,0.002000
53700,0.003796,1.000000,0.003895,1.000000,311.3,0.002000
53800,0.001822,1.000000,0.001950,1.000000,311.8,0.002000
53900,0.001919,1.000000,0.001961,1.000000,312.4,0.002000
54000,0.001745,1.000000,0.001894,1.000000,313.0,0.002000
54100,0.002365,1.000000,0.002433,1.000000,313.5,0.002000
54200,0.004084,0.999787,0.004488,0.999787,314.1,0.002000
54300,0.002093,1.000000,0.002166,1.000000,314.7,0.002000
54400,0.023167,0.997236,0.029885,0.995537,315.3,0.002000
54500,0.002173,1.000000,0.002255,1.000000,315.8,0.002000
54600,0.011098,0.999362,0.013329,0.999150,316.4,0.002000
54700,0.002365,1.000000,0.002640,1.000000,317.0,0.002000
54800,0.001792,1.000000,0.001833,1.000000,317.5,0.002000
54900,0.006327,1.000000,0.006116,1.000000,318.1,0.002000
55000,0.002534,1.000000,0.002591,1.000000,318.6,0.002000
55100,0.001443,1.000000,0.001538,1.000000,319.2,0.002000
55200,0.001838,1.000000,0.001885,1.000000,319.8,0.002000
55300,0.001768,1.000000,0.001879,1.000000,320.3,0.002000
55400,0.001995,1.000000,0.002054,1.000000,320.9,0.002000
55500,0.018756,0.997662,0.021229,0.996599,321.5,0.002000
55600,0.001459,1.000000,0.001524,1.000000,322.1,0.002000
55700,0.011782,1.000000,0.015548,0.999150,322.7,0.002000
55800,0.001330,1.000000,0.001401,1.000000,323.3,0.002000
55900,0.048063,0.996386,0.050940,0.995962,323.8,0.002000
56000,0.024026,0.998087,0.026385,0.997024,324.4,0.002000
56100,0.001961,1.000000,0.002038,1.000000,325.0,0.002000
56200,0.015417,0.999362,0.017177,0.999150,325.5,0.002000
56300,0.001547,1.000000,0.001659,1.000000,326.1,0.002000
56400,0.001598,1.000000,0.001637,1.000000,326.7,0.002000
56500,0.001594,1.000000,0.001689,1.000000,327.2,0.002000
56600,0.002157,1.000000,0.002212,1.000000,327.8,0.002000
56700,0.001647,1.000000,0.001722,1.000000,328.4,0.002000
56800,3.844604,0.262330,3.839676,0.267163,328.9,0.002000
56900,0.003135,1.000000,0.003370,1.000000,329.5,0.002000
57000,0.002014,1.000000,0.002092,1.000000,330.1,0.002000
57100,0.006036,0.999362,0.005527,0.999787,330.6,0.002000
57200,0.022667,0.999362,0.028818,0.997662,331.2,0.002000
57300,0.001712,1.000000,0.001816,1.000000,331.8,0.002000
57400,0.013624,0.998937,0.012949,0.999362,332.4,0.002000
57500,0.002153,1.000000,0.002220,1.000000,332.9,0.002000
57600,0.007456,0.999787,0.008940,0.999150,333.5,0.002000
57700,0.002235,1.000000,0.002314,1.000000,334.0,0.002000
57800,0.012220,0.999362,0.015041,0.999150,334.6,0.002000
57900,0.002085,1.000000,0.002177,1.000000,335.2,0.002000
58000,0.014752,0.999575,0.017172,0.999575,335.8,0.002000
58100,0.001959,1.000000,0.002038,1.000000,336.4,0.002000
58200,0.029494,1.000000,0.033128,0.998725,337.0,0.002000
58300,0.003363,1.000000,0.003435,1.000000,337.6,0.002000
58400,0.006213,0.998937,0.005902,0.999575,338.3,0.002000
58500,0.001349,1.000000,0.001424,1.000000,338.8,0.002000
58600,0.176463,0.984694,0.187753,0.981296,339.5,0.002000
58700,0.001390,1.000000,0.001496,1.000000,340.0,0.002000
58800,0.001812,1.000000,0.001844,1.000000,340.6,0.002000
58900,0.005557,1.000000,0.006064,1.000000,341.2,0.002000
59000,0.001157,1.000000,0.001231,1.000000,341.7,0.002000
59100,0.181390,0.998087,0.190858,0.998300,342.3,0.002000
59200,0.002263,1.000000,0.002350,1.000000,342.9,0.002000
59300,0.055585,0.990646,0.063570,0.991498,343.5,0.002000
59400,0.002278,1.000000,0.002359,1.000000,344.0,0.002000
59500,0.044421,0.994898,0.051652,0.994261,344.6,0.002000
59600,0.001635,1.000000,0.001701,1.000000,345.2,0.002000
59700,0.013251,0.998512,0.016784,0.998300,345.7,0.002000
59800,0.002384,1.000000,0.002697,1.000000,346.3,0.002000
59900,0.001677,1.000000,0.001736,1.000000,346.9,0.002000
60000,0.002317,1.000000,0.002689,1.000000,347.5,0.002000
60100,0.001997,1.000000,0.002053,1.000000,348.0,0.002000
60200,0.037790,0.994898,0.041921,0.995112,348.6,0.002000
60300,0.001834,1.000000,0.001929,1.000000,349.2,0.002000
60400,0.015992,0.999575,0.017333,0.999150,349.7,0.002000
60500,0.010453,0.998937,0.011057,0.999150,350.3,0.002000
60600,0.001969,1.000000,0.002053,1.000000,350.9,0.002000
60700,0.007595,0.999787,0.008836,0.999787,351.4,0.002000
60800,0.002269,1.000000,0.002345,1.000000,352.0,0.002000
60900,0.009696,0.999150,0.013106,0.999150,352.6,0.002000
61000,0.002368,1.000000,0.002464,1.000000,353.2,0.002000
61100,0.017831,0.998299,0.022098,0.997024,353.8,0.002000
61200,0.002091,1.000000,0.002166,1.000000,354.3,0.002000
61300,0.011121,1.000000,0.014456,0.998725,354.9,0.002000
61400,0.013944,0.996811,0.015558,0.997024,355.5,0.002000
61500,0.001812,1.000000,0.001893,1.000000,356.0,0.002000
61600,0.005706,1.000000,0.006761,1.000000,356.6,0.002000
61700,0.003460,1.000000,0.003595,1.000000,357.2,0.002000
61800,0.009501,0.999150,0.011414,0.998725,357.8,0.002000
61900,0.002112,1.000000,0.002180,1.000000,358.3,0.002000
62000,0.032572,0.995323,0.038390,0.994261,358.9,0.002000
62100,0.001721,1.000000,0.001799,1.000000,359.5,0.002000
62200,0.034320,0.998087,0.041202,0.996599,360.1,0.002000
62300,0.001299,1.000000,0.001367,1.000000,360.7,0.002000
62400,0.408836,0.924745,0.420938,0.923911,361.2,0.002000
62500,0.001356,1.000000,0.001455,1.000000,361.8,0.002000
62600,0.002012,1.000000,0.002058,1.000000,362.4,0.002000
62700,0.002663,1.000000,0.002932,1.000000,362.9,0.002000
62800,0.002182,1.000000,0.002261,1.000000,363.5,0.002000
62900,0.002231,1.000000,0.002390,1.000000,364.1,0.002000
63000,0.002576,1.000000,0.002635,1.000000,364.7,0.002000
63100,0.012967,0.998724,0.012714,1.000000,365.2,0.002000
63200,0.002117,1.000000,0.002173,1.000000,365.8,0.002000
63300,0.011841,0.998937,0.012033,0.999787,366.4,0.002000
63400,0.002507,1.000000,0.002604,1.000000,367.0,0.002000
63500,0.016650,0.997874,0.019575,0.997875,367.5,0.002000
63600,0.001834,1.000000,0.001914,1.000000,368.1,0.002000
63700,0.026470,0.997449,0.031190,0.996812,368.7,0.002000
63800,0.001999,1.000000,0.002086,1.000000,369.3,0.002000
63900,0.013112,0.999150,0.013877,0.999362,369.8,0.002000
64000,0.001526,1.000000,0.001610,1.000000,370.4,0.002000
64100,0.036198,0.996811,0.039555,0.996599,371.0,0.002000
64200,0.001569,1.000000,0.001687,1.000000,371.5,0.002000
64300,1.588650,0.617985,1.651127,0.605739,372.1,0.002000
64400,0.001786,1.000000,0.001888,1.000000,372.7,0.002000
64500,0.338000,0.950468,0.360589,0.943889,373.2,0.002000
64600,0.007965,1.000000,0.008447,1.000000,373.8,0.002000
64700,0.001925,1.000000,0.002011,1.000000,374.4,0.002000
64800,0.010144,0.999787,0.011444,0.999575,374.9,0.002000
64900,0.002343,1.000000,0.002421,1.000000,375.5,0.002000
65000,0.015924,0.999362,0.020605,0.998512,376.1,0.002000
65100,0.002039,1.000000,0.002116,1.000000,376.6,0.002000
65200,0.037217,0.993835,0.046031,0.991073,377.2,0.002000
65300,0.001509,1.000000,0.001593,1.000000,377.8,0.002000
65400,0.015142,1.000000,0.017021,1.000000,378.4,0.002000
65500,0.001709,1.000000,0.001991,1.000000,379.0,0.002000
65600,0.001763,1.000000,0.001817,1.000000,379.6,0.002000
65700,0.001573,1.000000,0.001651,1.000000,380.2,0.002000
65800,0.344133,0.983844,0.370825,0.981722,380.7,0.002000
65900,0.002110,1.000000,0.002222,1.000000,381.3,0.002000
66000,0.028947,0.998512,0.031953,0.998512,381.9,0.002000
66100,0.001499,1.000000,0.001594,1.000000,382.5,0.002000
66200,0.607560,0.907951,0.630077,0.898831,383.1,0.002000
66300,0.002172,1.000000,0.002269,1.000000,383.7,0.002000
66400,0.013854,0.998937,0.017296,0.998300,384.2,0.002000
66500,0.002222,1.000000,0.002312,1.000000,384.8,0.002000
66600,0.012140,0.999575,0.015525,0.998300,385.4,0.002000
66700,0.001464,1.000000,0.001527,1.000000,385.9,0.002000
66800,0.023901,0.998937,0.028214,0.998087,386.5,0.002000
66900,0.001311,1.000000,0.001402,1.000000,387.1,0.002000
67000,0.502930,0.894345,0.526598,0.882465,387.6,0.002000
67100,0.001229,1.000000,0.001304,1.000000,388.2,0.002000
67200,4.362479,0.194515,4.331264,0.202338,388.8,0.002000
67300,0.001274,1.000000,0.001361,1.000000,389.4,0.002000
67400,0.011268,1.000000,0.011689,1.000000,389.9,0.002000
67500,0.002002,1.000000,0.002091,1.000000,390.5,0.002000
67600,0.032052,0.998937,0.035693,0.997662,391.1,0.002000
67700,0.001898,1.000000,0.002022,1.000000,391.6,0.002000
67800,0.585782,0.930697,0.626080,0.920085,392.2,0.002000
67900,0.002746,1.000000,0.002855,1.000000,392.8,0.002000
68000,0.016511,0.999362,0.019068,0.998725,393.3,0.002000
68100,0.002424,1.000000,0.002524,1.000000,393.9,0.002000
68200,0.010018,0.999787,0.013842,0.998512,394.4,0.002000
68300,0.001617,1.000000,0.001710,1.000000,395.0,0.002000
68400,0.043859,0.999787,0.046642,0.999787,395.7,0.002000
68500,0.007693,0.999787,0.008031,0.999787,396.3,0.002000
68600,0.001392,1.000000,0.001465,1.000000,396.9,0.002000
68700,0.071168,0.997024,0.074733,0.996174,397.5,0.002000
68800,0.003248,1.000000,0.003329,1.000000,398.1,0.002000
68900,0.008386,0.999787,0.009308,0.999787,398.7,0.002000
69000,0.002219,1.000000,0.002295,1.000000,399.2,0.002000
69100,0.003920,1.000000,0.004625,1.000000,399.8,0.002000
69200,0.002361,1.000000,0.002431,1.000000,400.4,0.002000
69300,0.004252,0.999787,0.004603,1.000000,401.0,0.002000
69400,0.001487,1.000000,0.001652,1.000000,401.5,0.002000
69500,0.001949,1.000000,0.002030,1.000000,402.1,0.002000
69600,0.002821,0.999787,0.002623,1.000000,402.7,0.002000
69700,0.002077,1.000000,0.002149,1.000000,403.3,0.002000
69800,0.003900,1.000000,0.005859,0.998725,403.9,0.002000
69900,0.002028,1.000000,0.002093,1.000000,404.4,0.002000
70000,0.006614,0.999787,0.007594,1.000000,405.0,0.002000
70100,0.002041,1.000000,0.002126,1.000000,405.6,0.002000
70200,0.030761,0.996173,0.035635,0.994474,406.2,0.002000
70300,0.001977,1.000000,0.002068,1.000000,406.7,0.002000
70400,0.028723,0.997449,0.036755,0.993836,407.3,0.002000
70500,0.001807,1.000000,0.001901,1.000000,407.9,0.002000
70600,0.030011,0.998299,0.033680,0.997024,408.5,0.002000
70700,0.001348,1.000000,0.001462,1.000000,409.0,0.002000
70800,0.001829,1.000000,0.001879,1.000000,409.6,0.002000
70900,0.001656,1.000000,0.001739,1.000000,410.2,0.002000
71000,0.126611,0.972789,0.132567,0.971520,410.8,0.002000
71100,0.014013,0.999362,0.016854,0.998512,411.3,0.002000
71200,0.003818,1.000000,0.004924,0.999575,411.9,0.002000
71300,0.001817,1.000000,0.001890,1.000000,412.5,0.002000
71400,0.013580,0.998512,0.015335,0.998725,413.0,0.002000
71500,0.001953,1.000000,0.002047,1.000000,413.6,0.002000
71600,0.004023,1.000000,0.004653,1.000000,414.2,0.002000
71700,0.001651,1.000000,0.001700,1.000000,414.7,0.002000
71800,0.004222,1.000000,0.004857,1.000000,415.3,0.002000
71900,0.003331,1.000000,0.003418,1.000000,415.9,0.002000
72000,0.001589,1.000000,0.001741,1.000000,416.5,0.002000
72100,1.097440,0.789966,1.154593,0.776196,417.0,0.002000
72200,0.002121,1.000000,0.002286,1.000000,417.6,0.002000
72300,0.002023,1.000000,0.002078,1.000000,418.2,0.002000
72400,0.002016,1.000000,0.002240,1.000000,418.7,0.002000
72500,0.002151,1.000000,0.002227,1.000000,419.3,0.002000
72600,0.003278,1.000000,0.003432,1.000000,419.9,0.002000
72700,0.002114,1.000000,0.002185,1.000000,420.4,0.002000
72800,0.008909,0.999362,0.008724,0.999787,421.0,0.002000
72900,0.002227,1.000000,0.002303,1.000000,421.6,0.002000
73000,0.007971,0.999787,0.010616,0.998937,422.1,0.002000
73100,0.002299,1.000000,0.002390,1.000000,422.7,0.002000
73200,0.026196,0.997874,0.032383,0.997024,423.3,0.002000
73300,0.001561,1.000000,0.001635,1.000000,423.8,0.002000
73400,0.030198,0.999575,0.032180,0.999787,424.4,0.002000
73500,0.002790,1.000000,0.002878,1.000000,425.0,0.002000
73600,0.013057,0.999150,0.015943,0.998512,425.5,0.002000
73700,0.002327,1.000000,0.002438,1.000000,426.1,0.002000
73800,0.021825,0.999362,0.027854,0.997450,426.7,0.002000
73900,0.001814,1.000000,0.001899,1.000000,427.3,0.002000
74000,0.027015,0.998087,0.027965,0.998300,427.9,0.002000
74100,0.007541,0.999787,0.007720,0.999787,428.6,0.002000
74200,0.001784,1.000000,0.001849,1.000000,429.2,0.002000
74300,0.009903,1.000000,0.013641,0.998300,429.8,0.002000
74400,0.002147,1.000000,0.002242,1.000000,430.4,0.002000
74500,0.005699,1.000000,0.007759,0.999575,431.2,0.002000
74600,0.001427,1.000000,0.001483,1.000000,431.7,0.002000
74700,0.027373,0.998937,0.031025,0.998725,432.3,0.002000
74800,0.001872,1.000000,0.001953,1.000000,432.9,0.002000
74900,0.021630,1.000000,0.023344,1.000000,433.5,0.002000
75000,0.003224,1.000000,0.003321,1.000000,434.0,0.002000
75100,0.005001,1.000000,0.005835,0.999787,434.6,0.002000
75200,0.001540,1.000000,0.001633,1.000000,435.2,0.002000
75300,0.492203,0.894770,0.508619,0.893092,435.8,0.002000
75400,0.001288,1.000000,0.001425,1.000000,436.3,0.002000
75500,0.001925,1.000000,0.001979,1.000000,436.9,0.002000
75600,0.002158,1.000000,0.002314,1.000000,437.5,0.002000
75700,0.079886,0.997874,0.088017,0.998725,438.1,0.002000
75800,0.002022,1.000000,0.002106,1.000000,438.6,0.002000
75900,0.018912,0.999362,0.023830,0.997662,439.2,0.002000
76000,0.002265,1.000000,0.002351,1.000000,439.8,0.002000
76100,0.034284,0.996386,0.041181,0.993624,440.5,0.002000
76200,0.004667,0.999787,0.005229,0.999575,441.1,0.002000
76300,0.003053,1.000000,0.003585,1.000000,441.7,0.002000
76400,0.001539,1.000000,0.001592,1.000000,442.4,0.002000
76500,0.006700,0.999150,0.006025,0.999575,443.0,0.002000
76600,0.001798,1.000000,0.001864,1.000000,443.7,0.002000
76700,0.031531,0.995536,0.038490,0.992561,444.2,0.002000
76800,0.001751,1.000000,0.001873,1.000000,444.8,0.002000
76900,0.031894,0.996811,0.038676,0.994686,445.4,0.002000
77000,0.001382,1.000000,0.001470,1.000000,445.9,0.002000
77100,2.232590,0.475553,2.240955,0.476514,446.5,0.002000
77200,0.001368,1.000000,0.001465,1.000000,447.1,0.002000
77300,0.001945,1.000000,0.001995,1.000000,447.6,0.002000
77400,0.003341,1.000000,0.003999,1.000000,448.2,0.002000
77500,0.002184,1.000000,0.002262,1.000000,448.8,0.002000
77600,0.003224,0.999787,0.004979,0.999787,449.3,0.002000
77700,0.001961,1.000000,0.002019,1.000000,449.9,0.002000
77800,0.007380,1.000000,0.010239,0.999150,450.5,0.002000
77900,0.001970,1.000000,0.002047,1.000000,451.1,0.002000
78000,0.025017,0.997024,0.034392,0.995324,451.6,0.002000
78100,0.001232,1.000000,0.001328,1.000000,452.2,0.002000
78200,0.001865,1.000000,0.001928,1.000000,452.8,0.002000
78300,0.002091,0.999787,0.002294,0.999787,453.3,0.002000
78400,0.001787,1.000000,0.001841,1.000000,453.9,0.002000
78500,0.001763,1.000000,0.001874,1.000000,454.5,0.002000
78600,0.012191,1.000000,0.012586,1.000000,455.1,0.002000
78700,0.007368,0.999787,0.009878,0.999575,455.7,0.002000
78800,0.001860,1.000000,0.001939,1.000000,456.4,0.002000
78900,0.005250,0.999787,0.006382,0.999150,457.0,0.002000
79000,0.003204,1.000000,0.003303,1.000000,457.6,0.002000
79100,0.005536,1.000000,0.006101,1.000000,458.2,0.002000
79200,0.001499,1.000000,0.001585,1.000000,458.8,0.002000
79300,0.044169,0.993197,0.051158,0.991711,459.3,0.002000
79400,0.001160,1.000000,0.001255,1.000000,459.9,0.002000
79500,0.002168,1.000000,0.002236,1.000000,460.4,0.002000
79600,0.004481,0.999575,0.004729,0.999787,461.0,0.002000
79700,0.002101,1.000000,0.002181,1.000000,461.6,0.002000
79800,0.009633,0.999362,0.009990,0.999787,462.1,0.002000
79900,0.002039,1.000000,0.002123,1.000000,462.7,0.002000
80000,0.006883,1.000000,0.008438,1.000000,463.3,0.002000
80100,0.001426,1.000000,0.001513,1.000000,463.9,0.002000
80200,1.780800,0.578869,1.769118,0.583634,464.4,0.002000
80300,0.001291,1.000000,0.001418,1.000000,465.0,0.002000
80400,0.002048,1.000000,0.002107,1.000000,465.6,0.002000
80500,0.001548,1.000000,0.001744,1.000000,466.2,0.002000
80600,0.001887,1.000000,0.001948,1.000000,466.7,0.002000
80700,0.008356,0.999362,0.008208,0.999787,467.3,0.002000
80800,0.002093,1.000000,0.002187,1.000000,467.9,0.002000
80900,0.007178,0.999787,0.009346,0.999787,468.4,0.002000
81000,0.002598,1.000000,0.002674,1.000000,469.0,0.002000
81100,0.006505,1.000000,0.007754,0.999787,469.6,0.002000
81200,0.002093,1.000000,0.002161,1.000000,470.1,0.002000
81300,0.006710,0.999575,0.007862,0.999362,470.7,0.002000
81400,0.001172,1.000000,0.001260,1.000000,471.3,0.002000
81500,0.990232,0.698767,1.013884,0.683103,471.9,0.002000
81600,0.001943,1.000000,0.002287,1.000000,472.5,0.002000
81700,0.001915,1.000000,0.001978,1.000000,473.0,0.002000
81800,0.002191,1.000000,0.002360,1.000000,473.6,0.002000
81900,0.003133,1.000000,0.003222,1.000000,474.2,0.002000
82000,0.002208,1.000000,0.002936,0.999787,474.7,0.002000
82100,0.002145,1.000000,0.002213,1.000000,475.3,0.002000
82200,0.001848,1.000000,0.002274,1.000000,475.9,0.002000
82300,0.001992,1.000000,0.002063,1.000000,476.4,0.002000
82400,0.008915,0.999362,0.010293,0.999575,477.0,0.002000
82500,0.001637,1.000000,0.001712,1.000000,477.6,0.002000
82600,0.044697,0.999362,0.047795,0.999362,478.1,0.002000
82700,0.001404,1.000000,0.001527,1.000000,478.7,0.002000
82800,0.001945,1.000000,0.002008,1.000000,479.3,0.002000
82900,0.012055,0.999150,0.014289,0.998937,479.9,0.002000
83000,0.002003,1.000000,0.002079,1.000000,480.5,0.002000
83100,0.013207,0.999150,0.014549,0.999150,481.1,0.002000
83200,0.001522,1.000000,0.001632,1.000000,481.6,0.002000
83300,0.001777,1.000000,0.001839,1.000000,482.2,0.002000
83400,0.002079,1.000000,0.002195,1.000000,482.8,0.002000
83500,0.044389,0.996811,0.048519,0.995112,483.4,0.002000
83600,0.002239,1.000000,0.002329,1.000000,484.0,0.002000
83700,0.014103,0.998299,0.017947,0.997875,484.6,0.002000
83800,0.005066,1.000000,0.005551,1.000000,485.2,0.002000
83900,0.001601,1.000000,0.001649,1.000000,485.8,0.002000
84000,0.004129,1.000000,0.005109,0.999787,486.4,0.002000
84100,0.002078,1.000000,0.002154,1.000000,487.0,0.002000
84200,0.003377,1.000000,0.004127,1.000000,487.5,0.002000
84300,0.002446,1.000000,0.002532,1.000000,488.1,0.002000
84400,0.018915,0.997449,0.018322,0.997024,488.6,0.002000
84500,0.001612,1.000000,0.001693,1.000000,489.2,0.002000
84600,0.027712,0.998937,0.028579,0.998937,489.8,0.002000
84700,0.001376,1.000000,0.001511,1.000000,490.3,0.002000
84800,0.001833,1.000000,0.001902,1.000000,490.9,0.002000
84900,0.002026,1.000000,0.002314,1.000000,491.5,0.002000
85000,0.001996,1.000000,0.002070,1.000000,492.0,0.002000
85100,0.003969,0.999787,0.004818,0.999787,492.6,0.002000
85200,0.002061,1.000000,0.002129,1.000000,493.2,0.002000
85300,0.008320,1.000000,0.010305,0.999362,493.7,0.002000
85400,0.002230,1.000000,0.002302,1.000000,494.3,0.002000
85500,0.006172,1.000000,0.008606,0.999787,494.9,0.002000
85600,0.002283,1.000000,0.002365,1.000000,495.5,0.002000
85700,0.006258,0.999787,0.007637,0.999787,496.0,0.002000
85800,0.001503,1.000000,0.001609,1.000000,496.6,0.002000
85900,0.001566,1.000000,0.001598,1.000000,497.2,0.002000
86000,0.001513,1.000000,0.001590,1.000000,497.8,0.002000
86100,0.846079,0.793155,0.885809,0.768544,498.3,0.002000
86200,0.001614,1.000000,0.001706,1.000000,498.9,0.002000
86300,0.001985,1.000000,0.002041,1.000000,499.4,0.002000
86400,0.001561,1.000000,0.001765,1.000000,500.0,0.002000
86500,0.001635,1.000000,0.001689,1.000000,500.6,0.002000
86600,0.001765,1.000000,0.001973,1.000000,501.1,0.002000
86700,0.002096,1.000000,0.002159,1.000000,501.7,0.002000
86800,0.004140,1.000000,0.004839,1.000000,502.4,0.002000
86900,0.002074,1.000000,0.002148,1.000000,502.9,0.002000
87000,0.010550,0.998512,0.009373,0.999362,503.5,0.002000
87100,0.002148,1.000000,0.002221,1.000000,504.1,0.002000
87200,0.003328,1.000000,0.003906,1.000000,504.6,0.002000
87300,0.001732,1.000000,0.001794,1.000000,505.2,0.002000
87400,0.024368,0.996599,0.028245,0.996174,505.8,0.002000
87500,0.001862,1.000000,0.001968,1.000000,506.4,0.002000
87600,0.024671,0.998937,0.025825,0.999575,506.9,0.002000
87700,0.001868,1.000000,0.001928,1.000000,507.5,0.002000
87800,0.015744,0.999362,0.018137,0.998937,508.0,0.002000
87900,0.001999,1.000000,0.002074,1.000000,508.6,0.002000
88000,0.018020,0.999575,0.021582,0.998725,509.2,0.002000
88100,0.003103,1.000000,0.003207,1.000000,509.7,0.002000
88200,0.007336,1.000000,0.009656,0.999575,510.3,0.002000
88300,0.002118,1.000000,0.002200,1.000000,510.9,0.002000
88400,0.003895,1.000000,0.004887,0.999787,511.4,0.002000
88500,0.002405,1.000000,0.002474,1.000000,512.0,0.002000
88600,0.004180,1.000000,0.004991,1.000000,512.6,0.002000
88700,0.002162,1.000000,0.002231,1.000000,513.2,0.002000
88800,0.001406,1.000000,0.001547,1.000000,513.7,0.002000
88900,0.001416,1.000000,0.001459,1.000000,514.3,0.002000
89000,0.001500,1.000000,0.001671,1.000000,514.9,0.002000
89100,3.219189,0.296556,3.280020,0.282678,515.6,0.002000
89200,0.002131,1.000000,0.002534,1.000000,516.2,0.002000
89300,0.002299,1.000000,0.002372,1.000000,516.8,0.002000
89400,0.008594,0.999787,0.009811,0.999362,517.4,0.002000
89500,0.002316,1.000000,0.002405,1.000000,518.0,0.002000
89600,0.009503,0.999575,0.009453,0.999787,518.6,0.002000
89700,0.002556,1.000000,0.002640,1.000000,519.1,0.002000
89800,0.014528,0.999362,0.018758,0.997662,519.7,0.002000
89900,0.001272,1.000000,0.001363,1.000000,520.3,0.002000
90000,0.183925,0.983844,0.203801,0.978533,520.8,0.002000
90100,0.001588,1.000000,0.001669,1.000000,521.4,0.002000
90200,0.125382,0.977679,0.137293,0.974283,522.0,0.002000
90300,0.001536,1.000000,0.001648,1.000000,522.6,0.002000
90400,1.341185,0.655400,1.377396,0.642295,523.1,0.002000
90500,0.001284,1.000000,0.001406,1.000000,523.7,0.002000
90600,0.002534,1.000000,0.002609,1.000000,524.3,0.002000
90700,0.010853,0.999150,0.016058,0.997237,524.8,0.002000
90800,0.002117,1.000000,0.002200,1.000000,525.4,0.002000
90900,0.002528,1.000000,0.002878,1.000000,526.0,0.002000
91000,0.002101,1.000000,0.002149,1.000000,526.5,0.002000
91100,0.003411,1.000000,0.003927,1.000000,527.1,0.002000
91200,0.002204,1.000000,0.002281,1.000000,527.7,0.002000
91300,0.007912,1.000000,0.009355,1.000000,528.2,0.002000
91400,0.002380,1.000000,0.002488,1.000000,528.8,0.002000
91500,0.014519,0.999150,0.020775,0.997875,529.4,0.002000
91600,0.001681,1.000000,0.001856,1.000000,529.9,0.002000
91700,0.002039,1.000000,0.002113,1.000000,530.5,0.002000
91800,0.020052,0.997662,0.022851,0.995962,531.1,0.002000
91900,0.001308,1.000000,0.001423,1.000000,531.6,0.002000
92000,1.160714,0.652849,1.164177,0.659299,532.2,0.002000
92100,0.001408,1.000000,0.001470,1.000000,532.8,0.002000
92200,0.015053,0.999787,0.015768,0.999787,533.4,0.002000
92300,0.001350,1.000000,0.001458,1.000000,533.9,0.002000
92400,0.001916,1.000000,0.001973,1.000000,534.5,0.002000
92500,0.003049,1.000000,0.003825,1.000000,535.1,0.002000
92600,0.002077,1.000000,0.002131,1.000000,535.6,0.002000
92700,0.001969,1.000000,0.002202,1.000000,536.2,0.002000
92800,0.002200,1.000000,0.002257,1.000000,536.8,0.002000
92900,0.001797,1.000000,0.001925,1.000000,537.4,0.002000
93000,0.163145,0.961947,0.166043,0.961105,537.9,0.002000
93100,0.029121,0.997662,0.036422,0.996599,538.5,0.002000
93200,0.001630,1.000000,0.001709,1.000000,539.1,0.002000
93300,0.022246,0.998299,0.029233,0.997237,539.7,0.002000
93400,0.001478,1.000000,0.001563,1.000000,540.3,0.002000
93500,0.218482,0.974702,0.229154,0.972582,540.9,0.002000
93600,0.001430,1.000000,0.001523,1.000000,541.4,0.002000
93700,0.156232,0.980230,0.165857,0.975133,542.0,0.002000
93800,0.001565,1.000000,0.001645,1.000000,542.6,0.002000
93900,0.022917,0.998087,0.023026,0.999150,543.2,0.002000
94000,0.001239,1.000000,0.001319,1.000000,543.7,0.002000
94100,0.656232,0.904337,0.701264,0.890755,544.3,0.002000
94200,0.001314,1.000000,0.001408,1.000000,544.9,0.002000
94300,0.185861,0.986182,0.210585,0.980234,545.5,0.002000
94400,0.001463,1.000000,0.001537,1.000000,546.0,0.002000
94500,0.350746,0.957483,0.365583,0.956217,546.6,0.002000
94600,0.003249,0.999787,0.004045,0.999787,547.2,0.002000
94700,0.001886,1.000000,0.001942,1.000000,547.8,0.002000
94800,0.015308,0.998937,0.020632,0.996812,548.3,0.002000
94900,0.002103,1.000000,0.002200,1.000000,548.9,0.002000
95000,0.006329,0.999787,0.008153,0.999362,549.5,0.002000
95100,0.001282,1.000000,0.001462,1.000000,550.1,0.002000
95200,0.001797,1.000000,0.001854,1.000000,550.7,0.002000
95300,0.001689,1.000000,0.001941,1.000000,551.2,0.002000
95400,0.002089,1.000000,0.002141,1.000000,551.8,0.002000
95500,0.001865,1.000000,0.002079,1.000000,552.4,0.002000
95600,0.001899,1.000000,0.001952,1.000000,553.0,0.002000
95700,0.014279,0.998937,0.018131,0.997450,553.5,0.002000
95800,0.001990,1.000000,0.002084,1.000000,554.1,0.002000
95900,0.009176,0.999787,0.010455,1.000000,554.7,0.002000
96000,0.002883,1.000000,0.002967,1.000000,555.2,0.002000
96100,0.002281,1.000000,0.002714,1.000000,555.8,0.002000
96200,0.001895,1.000000,0.001940,1.000000,556.4,0.002000
96300,0.002826,1.000000,0.003337,1.000000,556.9,0.002000
96400,0.002186,1.000000,0.002255,1.000000,557.5,0.002000
96500,0.003647,0.999787,0.004167,0.999787,558.1,0.002000
96600,0.002195,1.000000,0.002253,1.000000,558.7,0.002000
96700,0.005974,0.999787,0.006829,1.000000,559.2,0.002000
96800,0.001369,1.000000,0.001453,1.000000,559.8,0.002000
96900,0.256977,0.989583,0.281116,0.986610,560.4,0.002000
97000,0.011957,0.999362,0.013131,0.999575,560.9,0.002000
97100,0.002116,1.000000,0.002201,1.000000,561.5,0.002000
97200,0.034541,0.994473,0.039476,0.994261,562.1,0.002000
97300,0.001368,1.000000,0.001453,1.000000,562.7,0.002000
97400,0.166126,0.986395,0.170063,0.988523,563.3,0.002000
97500,0.001137,1.000000,0.001244,1.000000,563.8,0.002000
97600,0.001818,1.000000,0.001874,1.000000,564.4,0.002000
97700,0.002339,1.000000,0.002932,1.000000,565.0,0.002000
97800,0.001980,1.000000,0.002036,1.000000,565.6,0.002000
97900,0.007268,0.999575,0.010435,0.999150,566.1,0.002000
98000,0.002009,1.000000,0.002080,1.000000,566.7,0.002000
98100,0.022309,0.997236,0.024933,0.996174,567.2,0.002000
98200,0.001693,1.000000,0.001791,1.000000,567.8,0.002000
98300,0.027959,0.998724,0.031351,0.997024,568.4,0.002000
98400,0.002229,1.000000,0.002316,1.000000,568.9,0.002000
98500,0.030030,0.998087,0.034650,0.996387,569.5,0.002000
98600,0.001846,1.000000,0.001919,1.000000,570.1,0.002000
98700,0.053169,0.991071,0.052149,0.993624,570.7,0.002000
98800,0.001577,1.000000,0.001675,1.000000,571.2,0.002000
98900,0.020896,0.998724,0.022387,0.998512,571.8,0.002000
99000,0.006508,0.999575,0.008806,0.999150,572.4,0.002000
99100,0.001866,1.000000,0.001947,1.000000,572.9,0.002000
99200,0.007723,1.000000,0.008896,1.000000,573.5,0.002000
99300,0.001515,1.000000,0.001603,1.000000,574.1,0.002000
99400,0.113501,0.996173,0.122203,0.994474,574.6,0.002000
99500,0.001122,1.000000,0.001227,1.000000,575.2,0.002000
99600,0.001780,1.000000,0.001834,1.000000,575.8,0.002000
99700,0.006467,0.999150,0.006246,0.999575,576.4,0.002000
99800,0.001647,1.000000,0.001720,1.000000,577.0,0.002000
99900,0.029827,0.998512,0.033184,0.997237,577.6,0.002000
100000,0.001720,1.000000,0.001792,1.000000,578.2,0.002000
100100,0.095214,0.977891,0.099507,0.978746,578.9,0.002000
100200,0.001571,1.000000,0.001664,1.000000,579.5,0.002000
100300,0.038948,0.995323,0.041950,0.995749,580.1,0.002000
100400,0.001410,1.000000,0.001495,1.000000,580.6,0.002000
100500,0.155176,0.991497,0.166106,0.991711,581.2,0.002000
100600,0.001216,1.000000,0.001336,1.000000,581.8,0.002000
100700,0.001746,1.000000,0.001800,1.000000,582.4,0.002000
100800,0.007052,0.999575,0.008689,0.999575,583.0,0.002000
100900,0.001601,1.000000,0.001842,1.000000,583.5,0.002000
101000,0.001743,1.000000,0.001802,1.000000,584.1,0.002000
101100,0.001272,1.000000,0.001405,1.000000,584.7,0.002000
101200,0.001889,1.000000,0.001953,1.000000,585.3,0.002000
101300,0.001943,1.000000,0.002052,1.000000,585.8,0.002000
101400,0.001728,1.000000,0.001775,1.000000,586.4,0.002000
101500,0.002222,1.000000,0.002421,1.000000,587.0,0.002000
101600,0.002169,1.000000,0.002239,1.000000,587.6,0.002000
101700,0.001646,1.000000,0.001904,1.000000,588.2,0.002000
101800,0.002151,1.000000,0.002221,1.000000,588.9,0.002000
101900,0.002551,1.000000,0.002855,1.000000,589.5,0.002000
102000,0.002178,1.000000,0.002259,1.000000,590.1,0.002000
102100,0.003832,0.999787,0.005781,0.999362,590.7,0.002000
102200,0.001940,1.000000,0.002015,1.000000,591.3,0.002000
102300,0.011945,0.999150,0.015139,0.999362,591.9,0.002000
102400,0.001720,1.000000,0.001795,1.000000,592.5,0.002000
102500,0.029276,0.997449,0.037808,0.995537,593.0,0.002000
102600,0.001750,1.000000,0.001826,1.000000,593.6,0.002000
102700,0.010524,0.999787,0.013168,0.999362,594.3,0.002000
102800,0.001531,1.000000,0.001581,1.000000,594.9,0.002000
102900,0.008260,0.999362,0.010587,0.999362,595.5,0.002000
103000,0.002174,1.000000,0.002243,1.000000,596.1,0.002000
103100,0.011089,0.998512,0.013347,0.998937,596.7,0.002000
103200,0.001874,1.000000,0.001956,1.000000,597.2,0.002000
103300,0.011043,0.999575,0.013662,0.998937,597.8,0.002000
103400,0.001757,1.000000,0.001987,1.000000,598.4,0.002000
103500,0.002049,1.000000,0.002099,1.000000,598.9,0.002000
103600,0.002988,1.000000,0.003167,1.000000,599.5,0.002000
103700,0.001902,1.000000,0.001976,1.000000,600.1,0.002000
103800,0.002612,1.000000,0.002704,1.000000,600.6,0.002000
103900,0.002133,1.000000,0.002190,1.000000,601.2,0.002000
104000,0.004713,1.000000,0.005214,1.000000,601.8,0.002000
104100,0.002018,1.000000,0.002086,1.000000,602.3,0.002000
104200,0.002919,1.000000,0.003323,1.000000,602.9,0.002000
104300,0.002164,1.000000,0.002227,1.000000,603.5,0.002000
104400,0.011221,0.999362,0.012099,0.999362,604.1,0.002000
104500,0.002057,1.000000,0.002143,1.000000,604.7,0.002000
104600,0.014967,0.998087,0.019703,0.996387,605.3,0.002000
104700,0.001468,1.000000,0.001620,1.000000,605.8,0.002000
104800,0.001803,1.000000,0.001861,1.000000,606.4,0.002000
104900,0.002251,1.000000,0.002370,1.000000,607.0,0.002000
105000,0.025047,0.999575,0.027567,0.998725,607.6,0.002000
105100,0.001927,1.000000,0.002014,1.000000,608.1,0.002000
105200,0.037728,0.996173,0.043966,0.994686,608.7,0.002000
105300,0.001661,1.000000,0.001748,1.000000,609.3,0.002000
105400,0.016477,1.000000,0.018041,1.000000,609.9,0.002000
105500,0.002358,1.000000,0.002748,1.000000,610.5,0.002000
105600,0.001995,1.000000,0.002071,1.000000,611.0,0.002000
105700,0.009484,0.999150,0.010372,0.999575,611.6,0.002000
105800,0.001669,1.000000,0.001742,1.000000,612.2,0.002000
105900,0.004390,0.999575,0.005389,0.999575,612.7,0.002000
106000,0.005899,1.000000,0.006737,1.000000,613.3,0.002000
106100,0.001662,1.000000,0.001742,1.000000,613.9,0.002000
106200,0.021628,0.998937,0.026589,0.997237,614.4,0.002000
106300,0.001315,1.000000,0.001406,1.000000,615.0,0.002000
106400,0.316208,0.934949,0.335338,0.926461,615.6,0.002000
106500,0.001150,1.000000,0.001237,1.000000,616.1,0.002000
106600,0.001724,1.000000,0.001761,1.000000,616.7,0.002000
106700,0.002545,1.000000,0.002689,1.000000,617.3,0.002000
106800,0.029532,0.998937,0.031596,0.999362,617.9,0.002000
106900,0.002118,1.000000,0.002197,1.000000,618.4,0.002000
107000,0.011312,0.999150,0.015655,0.997450,619.0,0.002000
107100,0.001423,1.000000,0.001495,1.000000,619.6,0.002000
107200,0.035397,0.996173,0.032659,0.997024,620.1,0.002000
107300,0.001445,1.000000,0.001519,1.000000,620.7,0.002000
107400,4.079309,0.217474,4.056182,0.226780,621.3,0.002000
107500,0.001610,1.000000,0.001675,1.000000,621.9,0.002000
107600,0.027175,0.998299,0.030154,0.998300,622.5,0.002000
107700,0.001618,1.000000,0.001719,1.000000,623.1,0.002000
107800,0.160149,0.994898,0.174461,0.993836,623.7,0.002000
107900,0.001799,1.000000,0.002108,1.000000,624.2,0.002000
108000,0.002073,1.000000,0.002137,1.000000,624.8,0.002000
108100,0.007696,1.000000,0.010641,0.999362,625.3,0.002000
108200,0.001829,1.000000,0.001901,1.000000,625.9,0.002000
108300,0.002765,1.000000,0.003175,1.000000,626.5,0.002000
108400,0.002332,1.000000,0.002394,1.000000,627.0,0.002000
108500,0.004591,0.999575,0.005359,0.999362,627.6,0.002000
108600,0.002236,1.000000,0.002313,1.000000,628.2,0.002000
108700,0.017032,0.998299,0.019313,0.998300,628.7,0.002000
108800,0.002085,1.000000,0.002162,1.000000,629.3,0.002000
108900,0.031051,0.994685,0.033686,0.995962,629.9,0.002000
109000,0.001811,1.000000,0.001902,1.000000,630.4,0.002000
109100,0.023367,0.998937,0.026685,0.997450,631.0,0.002000
109200,0.001897,1.000000,0.002134,1.000000,631.6,0.002000
109300,0.001664,1.000000,0.001713,1.000000,632.2,0.002000
109400,0.001358,1.000000,0.001504,1.000000,632.7,0.002000
109500,0.001683,1.000000,0.001734,1.000000,633.3,0.002000
109600,0.002226,1.000000,0.002472,1.000000,633.9,0.002000
109700,0.002241,1.000000,0.002290,1.000000,634.4,0.002000
109800,0.002142,1.000000,0.002358,1.000000,635.0,0.002000
109900,0.002290,1.000000,0.002358,1.000000,635.6,0.002000
110000,0.001595,1.000000,0.001974,0.999787,636.3,0.002000
110100,0.001941,1.000000,0.002000,1.000000,636.9,0.002000
110200,0.007786,1.000000,0.011038,0.999150,637.5,0.002000
110300,0.002299,1.000000,0.002378,1.000000,638.1,0.002000
110400,0.008403,0.999575,0.009593,0.999787,638.7,0.002000
110500,0.002229,1.000000,0.002311,1.000000,639.2,0.002000
110600,0.008494,0.999575,0.011928,0.998725,639.8,0.002000
110700,0.002365,1.000000,0.002435,1.000000,640.4,0.002000
110800,0.006651,1.000000,0.009760,0.999787,640.9,0.002000
110900,0.002073,1.000000,0.002147,1.000000,641.5,0.002000
111000,0.013444,0.998724,0.014670,0.998512,642.1,0.002000
111100,0.012506,0.998512,0.012426,0.999787,642.7,0.002000
111200,0.001371,1.000000,0.001532,1.000000,643.2,0.002000
111300,0.001769,1.000000,0.001835,1.000000,643.8,0.002000
111400,0.001359,1.000000,0.001501,1.000000,644.4,0.002000
111500,0.001940,1.000000,0.002010,1.000000,645.0,0.002000
111600,0.004962,0.999787,0.006135,0.999787,645.5,0.002000
111700,0.001859,1.000000,0.001929,1.000000,646.1,0.002000
111800,0.006112,1.000000,0.007487,1.000000,646.7,0.002000
111900,0.002105,1.000000,0.002165,1.000000,647.2,0.002000
112000,0.004694,1.000000,0.005131,1.000000,647.8,0.002000
112100,0.001998,1.000000,0.002042,1.000000,648.4,0.002000
112200,0.004440,1.000000,0.005951,0.999575,649.0,0.002000
112300,0.002376,1.000000,0.002458,1.000000,649.6,0.002000
112400,0.028797,0.995961,0.034179,0.995962,650.1,0.002000
112500,0.001864,1.000000,0.001966,1.000000,650.7,0.002000
112600,0.043944,0.999362,0.046271,0.998937,651.2,0.002000
112700,0.001576,1.000000,0.001668,1.000000,651.8,0.002000
112800,0.079412,0.999787,0.084908,0.998937,652.4,0.002000
112900,0.001743,1.000000,0.001811,1.000000,653.0,0.002000
113000,0.022039,0.999150,0.024155,0.999575,653.5,0.002000
113100,0.004173,1.000000,0.004315,1.000000,654.1,0.002000
113200,0.013754,0.999575,0.015544,0.999362,654.7,0.002000
113300,0.009215,0.999575,0.010390,0.999575,655.2,0.002000
113400,0.001676,1.000000,0.001733,1.000000,655.8,0.002000
113500,0.012216,1.000000,0.014976,0.999575,656.4,0.002000
113600,0.001417,1.000000,0.001493,1.000000,657.0,0.002000
113700,0.242868,0.972151,0.255493,0.974495,657.5,0.002000
113800,0.001892,1.000000,0.001963,1.000000,658.1,0.002000
113900,0.025746,0.997874,0.030736,0.996387,658.7,0.002000
114000,0.001645,1.000000,0.001728,1.000000,659.2,0.002000
114100,0.029293,0.999575,0.033855,0.998937,659.8,0.002000
114200,0.001534,1.000000,0.001625,1.000000,660.4,0.002000
114300,0.045473,0.999787,0.050157,0.999787,661.0,0.002000
114400,0.001259,1.000000,0.001360,1.000000,661.6,0.002000
114500,0.213939,0.973214,0.240998,0.970032,662.1,0.002000
114600,0.001406,1.000000,0.001572,1.000000,662.7,0.002000
114700,0.001850,1.000000,0.001908,1.000000,663.3,0.002000
114800,0.004065,1.000000,0.005077,0.999787,663.8,0.002000
114900,0.002114,1.000000,0.002182,1.000000,664.4,0.002000
115000,0.002195,1.000000,0.002412,1.000000,665.0,0.002000
115100,0.001893,1.000000,0.001956,1.000000,665.5,0.002000
115200,0.008471,0.999150,0.010410,0.998725,666.1,0.002000
115300,0.002007,1.000000,0.002093,1.000000,666.7,0.002000
115400,0.030431,0.996811,0.033686,0.996387,667.2,0.002000
115500,0.001725,1.000000,0.001815,1.000000,667.8,0.002000
115600,0.018398,0.998937,0.023666,0.998087,668.4,0.002000
115700,0.004173,0.999787,0.005504,0.999575,668.9,0.002000
115800,0.001815,1.000000,0.001894,1.000000,669.5,0.002000
115900,0.012287,0.998512,0.013427,0.998725,670.1,0.002000
116000,0.001765,1.000000,0.001841,1.000000,670.7,0.002000
116100,0.009552,1.000000,0.012138,0.999575,671.4,0.002000
116200,0.002225,1.000000,0.002277,1.000000,672.0,0.002000
116300,0.018227,0.998087,0.020762,0.998725,672.5,0.002000
116400,0.001998,1.000000,0.002078,1.000000,673.1,0.002000
116500,0.009162,0.999787,0.011388,0.999575,673.7,0.002000
116600,0.002228,1.000000,0.002311,1.000000,674.2,0.002000
116700,0.008921,0.999575,0.012635,0.998512,674.8,0.002000
116800,0.002062,1.000000,0.002141,1.000000,675.3,0.002000
116900,0.013425,0.999150,0.016939,0.999150,675.9,0.002000
117000,0.002426,1.000000,0.002529,1.000000,676.5,0.002000
117100,0.028957,0.997449,0.032493,0.997237,677.1,0.002000
117200,0.001409,1.000000,0.001492,1.000000,677.6,0.002000
117300,0.009442,1.000000,0.010244,1.000000,678.2,0.002000
117400,0.001103,1.000000,0.001205,1.000000,678.8,0.002000
117500,0.001723,1.000000,0.001781,1.000000,679.3,0.002000
117600,0.001154,1.000000,0.001287,1.000000,679.9,0.002000
117700,0.001824,1.000000,0.001900,1.000000,680.5,0.002000
117800,0.001604,1.000000,0.001751,1.000000,681.1,0.002000
117900,0.001927,1.000000,0.001988,1.000000,681.7,0.002000
118000,0.006874,0.999362,0.008107,0.999787,682.3,0.002000
118100,0.002050,1.000000,0.002149,1.000000,682.9,0.002000
118200,0.035790,0.995111,0.045830,0.991711,683.5,0.002000
118300,0.001627,1.000000,0.001708,1.000000,684.0,0.002000
118400,0.043493,0.999362,0.046357,0.999575,684.6,0.002000
118500,0.001693,1.000000,0.001795,1.000000,685.2,0.002000
118600,0.094501,0.998299,0.100345,0.997024,685.8,0.002000
118700,0.001320,1.000000,0.001392,1.000000,686.3,0.002000
118800,0.059935,0.999362,0.063633,0.999362,686.9,0.002000
118900,0.002081,1.000000,0.002296,1.000000,687.5,0.002000
119000,0.001934,1.000000,0.001976,1.000000,688.0,0.002000
119100,0.009694,0.999575,0.013557,0.998087,688.6,0.002000
119200,0.002082,1.000000,0.002152,1.000000,689.2,0.002000
119300,0.015738,0.999150,0.019279,0.998300,689.7,0.002000
119400,0.001549,1.000000,0.001606,1.000000,690.3,0.002000
119500,0.044534,0.994685,0.047066,0.994049,690.9,0.002000
119600,0.001538,1.000000,0.001618,1.000000,691.5,0.002000
119700,0.037787,0.999787,0.038751,0.999787,692.0,0.002000
119800,0.001435,1.000000,0.001546,1.000000,692.6,0.002000
119900,0.439604,0.895833,0.468906,0.883741,693.2,0.002000
120000,0.001279,1.000000,0.001427,1.000000,693.7,0.002000
120100,0.001860,1.000000,0.001915,1.000000,694.3,0.002000
120200,0.002622,1.000000,0.003163,1.000000,694.9,0.002000
120300,0.001920,1.000000,0.001975,1.000000,695.5,0.002000
120400,0.002588,1.000000,0.003005,1.000000,696.1,0.002000
120500,0.002147,1.000000,0.002213,1.000000,696.7,0.002000
120600,0.001920,1.000000,0.002149,1.000000,697.2,0.002000
120700,0.002169,1.000000,0.002245,1.000000,697.9,0.002000
120800,0.010242,0.998724,0.011898,0.999150,698.5,0.002000
120900,0.002088,1.000000,0.002160,1.000000,699.1,0.002000
121000,0.013129,0.999787,0.017377,0.999150,699.8,0.002000
121100,0.001696,1.000000,0.001768,1.000000,700.4,0.002000
121200,0.015515,1.000000,0.018330,0.999362,701.0,0.002000
121300,0.002551,1.000000,0.002639,1.000000,701.5,0.002000
121400,0.006365,1.000000,0.008663,1.000000,702.2,0.002000
121500,0.002213,1.000000,0.002271,1.000000,702.8,0.002000
121600,0.007487,0.999575,0.008140,0.999787,703.7,0.002000
121700,0.001987,1.000000,0.002054,1.000000,704.6,0.002000
121800,0.020857,0.997874,0.026231,0.995324,705.4,0.002000
121900,0.002212,1.000000,0.002308,1.000000,706.0,0.002000
122000,0.017936,0.998512,0.022253,0.998300,706.6,0.002000
122100,0.002274,1.000000,0.002534,1.000000,707.2,0.002000
122200,0.001671,1.000000,0.001734,1.000000,707.8,0.002000
122300,0.001974,1.000000,0.002309,1.000000,708.4,0.002000
122400,0.002031,1.000000,0.002097,1.000000,709.1,0.002000
122500,0.001754,1.000000,0.001958,1.000000,709.8,0.002000
122600,0.002280,1.000000,0.002360,1.000000,710.4,0.002000
122700,0.018324,0.997874,0.019242,0.997662,711.0,0.002000
122800,0.001934,1.000000,0.002013,1.000000,711.6,0.002000
122900,0.013697,0.999150,0.017603,0.998512,712.3,0.002000
123000,0.001365,1.000000,0.001528,1.000000,713.0,0.002000
123100,0.001808,1.000000,0.001877,1.000000,713.6,0.002000
123200,0.008118,0.999787,0.008697,1.000000,714.2,0.002000
123300,0.001891,1.000000,0.001955,1.000000,714.8,0.002000
123400,0.012771,0.998724,0.017500,0.997662,715.4,0.002000
123500,0.001824,1.000000,0.001892,1.000000,716.0,0.002000
123600,0.008895,1.000000,0.010595,1.000000,716.7,0.002000
123700,0.002555,1.000000,0.002630,1.000000,717.3,0.002000
123800,0.002525,1.000000,0.002902,1.000000,717.9,0.002000
123900,0.002200,1.000000,0.002267,1.000000,718.5,0.002000
124000,0.002219,1.000000,0.002705,1.000000,719.1,0.002000
124100,0.002172,1.000000,0.002241,1.000000,719.7,0.002000
124200,0.013190,0.998512,0.014549,0.998725,720.2,0.002000
124300,0.001521,1.000000,0.001574,1.000000,720.8,0.002000
124400,0.039539,0.995323,0.049149,0.994049,721.4,0.002000
124500,0.001569,1.000000,0.001667,1.000000,722.0,0.002000
124600,0.031333,0.998724,0.032259,0.998937,722.6,0.002000
124700,0.001507,1.000000,0.001584,1.000000,723.2,0.002000
124800,0.033416,0.998512,0.039020,0.996387,723.8,0.002000
124900,0.001954,1.000000,0.002036,1.000000,724.4,0.002000
125000,0.048432,0.992772,0.056101,0.990648,725.0,0.002000
125100,0.001657,1.000000,0.001755,1.000000,725.6,0.002000
125200,0.042087,0.997024,0.043275,0.996599,726.1,0.002000
125300,0.004557,0.999787,0.004981,1.000000,726.8,0.002000
125400,0.001943,1.000000,0.002003,1.000000,727.6,0.002000
125500,0.003219,1.000000,0.004360,1.000000,728.5,0.002000
125600,0.002298,1.000000,0.002392,1.000000,729.1,0.002000
125700,0.024159,0.997874,0.028903,0.996174,729.7,0.002000
125800,0.001750,1.000000,0.001837,1.000000,730.3,0.002000
125900,0.012244,0.999362,0.015082,0.998725,730.9,0.002000
126000,0.001467,1.000000,0.001534,1.000000,731.5,0.002000
126100,0.024699,0.999362,0.027447,0.999575,732.1,0.002000
126200,0.002775,1.000000,0.002881,1.000000,732.7,0.002000
126300,0.004928,1.000000,0.005722,1.000000,733.2,0.002000
126400,0.001985,1.000000,0.002047,1.000000,733.9,0.002000
126500,0.004364,0.999575,0.005054,0.999787,734.5,0.002000
126600,0.002427,1.000000,0.002492,1.000000,735.0,0.002000
126700,0.006717,1.000000,0.007863,1.000000,735.6,0.002000
126800,0.002177,1.000000,0.002262,1.000000,736.2,0.002000
126900,0.004751,1.000000,0.005836,1.000000,736.9,0.002000
127000,0.002175,1.000000,0.002256,1.000000,737.5,0.002000
127100,0.013525,0.999362,0.016351,0.999150,738.1,0.002000
127200,0.001894,1.000000,0.001992,1.000000,738.7,0.002000
127300,0.015966,0.999150,0.017799,0.998937,739.2,0.002000
127400,0.001468,1.000000,0.001532,1.000000,739.8,0.002000
127500,0.015576,0.999787,0.016843,0.999787,740.4,0.002000
127600,0.005324,1.000000,0.006874,0.999787,741.0,0.002000
127700,0.001901,1.000000,0.001972,1.000000,741.6,0.002000
127800,0.024982,0.997024,0.026495,0.995749,742.2,0.002000
127900,0.001629,1.000000,0.001708,1.000000,742.8,0.002000
128000,0.050011,0.991709,0.053132,0.991286,743.4,0.002000
128100,0.001866,1.000000,0.001957,1.000000,744.0,0.002000
128200,0.016592,0.999150,0.017146,0.999362,744.6,0.002000
128300,0.002057,1.000000,0.002145,1.000000,745.1,0.002000
128400,0.041903,0.994685,0.047952,0.991498,745.8,0.002000
128500,0.001741,1.000000,0.001840,1.000000,746.4,0.002000
128600,0.100256,0.999150,0.109970,0.997662,747.0,0.002000
128700,0.001550,1.000000,0.001605,1.000000,747.5,0.002000
128800,0.025116,0.997449,0.029019,0.996174,748.1,0.002000
128900,0.001955,1.000000,0.002038,1.000000,748.7,0.002000
129000,0.013174,0.999150,0.016555,0.998087,749.3,0.002000
129100,0.001895,1.000000,0.001967,1.000000,749.9,0.002000
129200,0.029067,0.994473,0.031496,0.993199,750.5,0.002000
129300,0.001705,1.000000,0.001782,1.000000,751.0,0.002000
129400,0.015886,0.998512,0.018298,0.998512,751.6,0.002000
129500,0.001400,1.000000,0.001521,1.000000,752.2,0.002000
129600,0.001844,1.000000,0.001905,1.000000,752.8,0.002000
129700,0.005554,1.000000,0.006765,0.999575,753.4,0.002000
129800,0.001867,1.000000,0.001961,1.000000,754.0,0.002000
129900,0.023572,0.996811,0.030237,0.992774,754.6,0.002000
130000,0.001523,1.000000,0.001611,1.000000,755.2,0.002000
130100,0.128698,0.987245,0.145183,0.984910,755.8,0.002000
130200,0.001308,1.000000,0.001425,1.000000,756.4,0.002000
130300,0.001918,1.000000,0.001972,1.000000,757.0,0.002000
130400,0.002053,1.000000,0.002177,1.000000,757.6,0.002000
130500,0.002021,1.000000,0.002079,1.000000,758.2,0.002000
130600,0.002884,1.000000,0.003523,1.000000,758.8,0.002000
130700,0.002335,1.000000,0.002427,1.000000,759.4,0.002000
130800,0.015959,0.998937,0.026220,0.997024,760.1,0.002000
130900,0.002060,1.000000,0.002158,1.000000,760.7,0.002000
131000,0.004790,1.000000,0.005617,1.000000,761.3,0.002000
131100,0.002653,1.000000,0.002746,1.000000,761.9,0.002000
131200,0.001973,1.000000,0.002244,1.000000,762.5,0.002000
131300,0.002034,1.000000,0.002101,1.000000,763.1,0.002000
131400,0.002752,1.000000,0.003416,1.000000,763.7,0.002000
131500,0.002192,1.000000,0.002271,1.000000,764.3,0.002000
131600,0.014341,0.998299,0.016074,0.998087,764.8,0.002000
131700,0.001574,1.000000,0.001668,1.000000,765.4,0.002000
131800,0.280195,0.988308,0.301127,0.989373,766.0,0.002000
131900,0.001745,1.000000,0.001821,1.000000,766.6,0.002000
132000,0.041457,0.997662,0.042103,0.998087,767.2,0.002000
132100,0.001612,1.000000,0.001672,1.000000,767.8,0.002000
132200,0.039039,0.994898,0.045935,0.992136,768.4,0.002000
132300,0.001738,1.000000,0.001837,1.000000,769.1,0.002000
132400,0.040836,0.998087,0.042341,0.998512,769.7,0.002000
132500,0.001100,1.000000,0.001212,1.000000,770.3,0.002000
132600,0.001720,1.000000,0.001774,1.000000,770.9,0.002000
132700,0.029687,0.994685,0.030328,0.995537,771.5,0.002000
132800,0.001995,1.000000,0.002066,1.000000,772.2,0.002000
132900,0.022156,0.998299,0.027297,0.996387,772.7,0.002000
133000,0.002033,1.000000,0.002124,1.000000,773.3,0.002000
133100,0.033335,0.995536,0.039359,0.994474,773.9,0.002000
133200,0.001780,1.000000,0.001881,1.000000,774.5,0.002000
133300,0.027109,0.998512,0.029698,0.998512,775.0,0.002000
133400,0.001873,1.000000,0.002029,1.000000,775.6,0.002000
133500,0.001757,1.000000,0.001818,1.000000,776.1,0.002000
133600,0.021803,0.997236,0.021708,0.997875,776.7,0.002000
133700,0.001500,1.000000,0.001576,1.000000,777.3,0.002000
133800,0.042679,0.996811,0.046802,0.994261,777.9,0.002000
133900,0.001377,1.000000,0.001520,1.000000,778.4,0.002000
134000,0.001918,1.000000,0.001985,1.000000,779.0,0.002000
134100,0.001446,1.000000,0.001631,1.000000,779.6,0.002000
134200,0.002115,1.000000,0.002183,1.000000,780.2,0.002000
134300,0.011460,0.999575,0.012174,0.999787,780.7,0.002000
134400,0.001921,1.000000,0.002000,1.000000,781.3,0.002000
134500,0.002863,1.000000,0.003185,1.000000,781.8,0.002000
134600,0.002727,1.000000,0.002796,1.000000,782.4,0.002000
134700,0.002119,1.000000,0.002260,1.000000,783.0,0.002000
134800,0.001690,1.000000,0.001726,1.000000,783.6,0.002000
134900,0.009856,0.998299,0.015599,0.997662,784.1,0.002000
135000,0.001809,1.000000,0.001877,1.000000,784.7,0.002000
135100,0.011653,0.998724,0.014006,0.999150,785.3,0.002000
135200,0.001702,1.000000,0.001768,1.000000,785.8,0.002000
135300,0.017695,0.999362,0.022141,0.998512,786.4,0.002000
135400,0.003257,1.000000,0.003365,1.000000,787.0,0.002000
135500,0.008361,0.999575,0.008172,1.000000,787.6,0.002000
135600,0.002251,1.000000,0.002321,1.000000,788.2,0.002000
135700,0.012957,0.999150,0.014341,0.998512,788.8,0.002000
135800,0.001295,1.000000,0.001425,1.000000,789.4,0.002000
135900,0.038441,1.000000,0.038300,1.000000,790.0,0.002000
136000,0.001412,1.000000,0.001510,1.000000,790.6,0.002000
136100,0.165004,0.993410,0.186409,0.983847,791.1,0.002000
136200,0.019823,0.998299,0.022170,0.998937,791.7,0.002000
136300,0.001542,1.000000,0.001627,1.000000,792.3,0.002000
136400,0.048911,1.000000,0.054011,0.999787,792.9,0.002000
136500,0.004870,1.000000,0.005013,1.000000,793.5,0.002000
136600,0.002206,1.000000,0.002289,1.000000,794.1,0.002000
136700,2.771538,0.294218,2.854468,0.279702,794.7,0.002000
136800,0.001705,1.000000,0.001815,1.000000,795.2,0.002000
136900,0.217091,0.984694,0.230413,0.980021,795.8,0.002000
137000,0.001520,1.000000,0.001598,1.000000,796.4,0.002000
137100,0.023269,0.999150,0.025438,0.999787,797.0,0.002000
137200,0.001421,1.000000,0.001534,1.000000,797.6,0.002000
137300,1.537833,0.577594,1.537418,0.575558,798.2,0.002000
137400,0.001279,1.000000,0.001368,1.000000,798.7,0.002000
137500,1.037498,0.761267,1.084857,0.758130,799.3,0.002000
137600,0.001255,1.000000,0.001384,1.000000,799.9,0.002000
137700,0.001800,1.000000,0.001854,1.000000,800.5,0.002000
137800,0.002757,1.000000,0.003166,1.000000,801.1,0.002000
137900,0.002091,1.000000,0.002152,1.000000,801.7,0.002000
138000,0.001850,1.000000,0.002010,1.000000,802.3,0.002000
138100,0.002680,1.000000,0.002741,1.000000,802.9,0.002000
138200,0.003993,1.000000,0.004450,1.000000,803.5,0.002000
138300,0.001925,1.000000,0.001985,1.000000,804.1,0.002000
138400,0.006853,0.999787,0.008696,0.999362,804.7,0.002000
138500,0.002179,1.000000,0.002272,1.000000,805.2,0.002000
138600,0.006958,0.999787,0.007442,0.999787,805.8,0.002000
138700,0.002128,1.000000,0.002208,1.000000,806.4,0.002000
138800,0.014568,0.998512,0.022676,0.996812,807.0,0.002000
138900,0.002156,1.000000,0.002238,1.000000,807.6,0.002000
139000,0.018619,0.998512,0.020594,0.998300,808.1,0.002000
139100,0.001969,1.000000,0.002065,1.000000,808.7,0.002000
139200,0.013576,0.999575,0.015909,0.999150,809.3,0.002000
139300,0.002292,1.000000,0.002365,1.000000,809.9,0.002000
139400,0.008200,0.999575,0.009488,0.999575,810.4,0.002000
139500,0.002402,1.000000,0.002486,1.000000,811.0,0.002000
139600,0.004389,1.000000,0.005154,1.000000,811.6,0.002000
139700,0.001924,1.000000,0.001999,1.000000,812.2,0.002000
139800,0.008974,0.999787,0.011907,0.999150,812.8,0.002000
139900,0.001918,1.000000,0.001996,1.000000,813.3,0.002000
140000,0.020116,0.997874,0.020924,0.998725,813.9,0.002000
140100,0.001993,1.000000,0.002081,1.000000,814.5,0.002000
140200,0.029006,0.997024,0.032542,0.996812,815.1,0.002000
140300,0.002012,1.000000,0.002113,1.000000,815.7,0.002000
140400,0.026974,0.999362,0.033656,0.998087,816.2,0.002000
140500,0.001308,1.000000,0.001391,1.000000,816.8,0.002000
140600,0.688724,0.911777,0.746710,0.900531,817.4,0.002000
140700,0.002365,1.000000,0.002464,1.000000,818.0,0.002000
140800,0.018282,0.999150,0.025412,0.997450,818.6,0.002000
140900,0.002303,1.000000,0.002394,1.000000,819.1,0.002000
141000,0.031379,0.995536,0.039724,0.992349,819.7,0.002000
141100,0.002266,1.000000,0.002375,1.000000,820.3,0.002000
141200,0.021021,0.998087,0.020971,0.999150,820.9,0.002000
141300,0.002213,1.000000,0.002310,1.000000,821.5,0.002000
141400,0.021855,0.998087,0.025981,0.998300,822.1,0.002000
141500,0.002098,1.000000,0.002179,1.000000,822.8,0.002000
141600,0.043378,0.995748,0.046183,0.997450,823.3,0.002000
141700,0.001684,1.000000,0.001784,1.000000,824.0,0.002000
141800,0.029575,0.998299,0.032334,0.998937,824.6,0.002000
141900,0.001184,1.000000,0.001288,1.000000,825.1,0.002000
142000,0.001826,1.000000,0.001876,1.000000,825.7,0.002000
142100,0.003473,0.999787,0.003954,1.000000,826.3,0.002000
142200,0.001827,1.000000,0.001877,1.000000,826.9,0.002000
142300,0.007716,1.000000,0.008257,0.999787,827.5,0.002000
142400,0.002286,1.000000,0.002368,1.000000,828.1,0.002000
142500,0.005865,1.000000,0.006488,0.999787,828.6,0.002000
142600,0.001883,1.000000,0.001955,1.000000,829.2,0.002000
142700,0.010775,0.998299,0.011733,0.999362,829.9,0.002000
142800,0.002137,1.000000,0.002205,1.000000,830.5,0.002000
142900,0.022259,0.997874,0.026068,0.997662,831.1,0.002000
143000,0.001826,1.000000,0.001918,1.000000,831.7,0.002000
143100,0.058477,0.992559,0.066420,0.990436,832.2,0.002000
143200,0.001682,1.000000,0.001783,1.000000,832.8,0.002000
143300,0.019110,0.998724,0.019908,0.998937,833.4,0.002000
143400,0.001825,1.000000,0.002053,1.000000,834.0,0.002000
143500,0.001941,1.000000,0.001999,1.000000,834.6,0.002000
143600,0.007551,0.999787,0.010169,0.999150,835.2,0.002000
143700,0.002199,1.000000,0.002281,1.000000,835.7,0.002000
143800,0.004069,1.000000,0.004551,1.000000,836.4,0.002000
143900,0.001859,1.000000,0.001920,1.000000,837.0,0.002000
144000,0.005133,0.999575,0.006277,1.000000,837.6,0.002000
144100,0.002332,1.000000,0.002400,1.000000,838.2,0.002000
144200,0.025565,0.994898,0.035449,0.993411,838.8,0.002000
144300,0.002127,1.000000,0.002228,1.000000,839.4,0.002000
144400,0.008798,0.998724,0.009857,0.999150,840.0,0.002000
144500,0.001243,1.000000,0.001345,1.000000,840.5,0.002000
144600,0.001851,1.000000,0.001903,1.000000,841.1,0.002000
144700,0.001612,1.000000,0.001898,1.000000,841.7,0.002000
144800,0.002055,1.000000,0.002113,1.000000,842.3,0.002000
144900,0.001525,1.000000,0.001712,1.000000,842.8,0.002000
145000,0.001955,1.000000,0.002005,1.000000,843.4,0.002000
145100,0.005349,0.999575,0.007313,0.999362,844.0,0.002000
145200,0.002165,1.000000,0.002249,1.000000,844.6,0.002000
145300,0.026132,0.996386,0.029985,0.995962,845.2,0.002000
145400,0.001959,1.000000,0.002050,1.000000,845.7,0.002000
145500,0.016889,0.998512,0.020139,0.998725,846.3,0.002000
145600,0.001756,1.000000,0.001832,1.000000,846.9,0.002000
145700,0.012666,1.000000,0.014619,0.999575,847.5,0.002000
145800,0.002281,1.000000,0.002372,1.000000,848.0,0.002000
145900,0.010362,0.999575,0.012851,0.999362,848.6,0.002000
146000,0.002166,1.000000,0.002253,1.000000,849.2,0.002000
146100,0.017286,0.998512,0.024484,0.996174,849.8,0.002000
146200,0.008926,0.999575,0.010130,0.999575,850.3,0.002000
146300,0.013907,0.998937,0.015416,0.998087,850.9,0.002000
146400,0.001661,1.000000,0.001737,1.000000,851.5,0.002000
146500,0.019337,0.997236,0.023766,0.996599,852.1,0.002000
146600,0.001934,1.000000,0.002011,1.000000,852.7,0.002000
146700,0.015322,0.999362,0.017929,0.999150,853.2,0.002000
146800,0.002010,1.000000,0.002080,1.000000,853.8,0.002000
146900,0.002531,1.000000,0.002921,1.000000,854.4,0.002000
147000,0.002305,1.000000,0.002364,1.000000,855.0,0.002000
147100,0.001979,1.000000,0.002262,1.000000,855.5,0.002000
147200,0.001949,1.000000,0.002007,1.000000,856.1,0.002000
147300,0.004727,1.000000,0.006229,0.999787,856.7,0.002000
147400,0.002087,1.000000,0.002172,1.000000,857.4,0.002000
147500,0.010482,0.999787,0.016046,0.999362,858.0,0.002000
147600,0.002484,1.000000,0.002584,1.000000,858.6,0.002000
147700,0.030328,0.996173,0.040287,0.994686,859.2,0.002000
147800,0.001990,1.000000,0.002066,1.000000,859.8,0.002000
147900,0.016932,0.998512,0.018443,0.998087,860.3,0.002000
148000,0.001294,1.000000,0.001405,1.000000,860.9,0.002000
148100,0.001895,1.000000,0.001943,1.000000,861.5,0.002000
148200,0.002249,1.000000,0.002382,1.000000,862.1,0.002000
148300,0.002699,1.000000,0.002757,1.000000,862.8,0.002000
148400,0.006059,0.999787,0.006426,0.999787,863.5,0.002000
148500,0.002059,1.000000,0.002119,1.000000,864.0,0.002000
148600,0.002868,1.000000,0.003330,1.000000,864.6,0.002000
148700,0.002185,1.000000,0.002245,1.000000,865.2,0.002000
148800,0.016300,0.998299,0.021347,0.997237,865.8,0.002000
148900,0.001733,1.000000,0.001893,1.000000,866.4,0.002000
149000,0.001690,1.000000,0.001753,1.000000,867.0,0.002000
149100,0.009081,1.000000,0.010352,1.000000,867.5,0.002000
149200,0.001337,1.000000,0.001425,1.000000,868.1,0.002000
149300,1.154792,0.691539,1.229156,0.659724,868.7,0.002000
149400,0.002414,1.000000,0.002949,1.000000,869.3,0.002000
149500,0.001924,1.000000,0.001991,1.000000,869.8,0.002000
149600,0.007993,1.000000,0.010710,0.999362,870.4,0.002000
149700,0.001916,1.000000,0.001995,1.000000,871.0,0.002000
149800,0.006137,1.000000,0.007697,1.000000,871.6,0.002000
149900,0.002200,1.000000,0.002280,1.000000,872.1,0.002000
150000,0.011868,0.999150,0.016306,0.998512,872.7,0.002000
150100,0.002121,1.000000,0.002209,1.000000,873.3,0.002000
150200,0.028087,0.997236,0.033134,0.997024,874.0,0.002000
150300,0.002134,1.000000,0.002225,1.000000,874.6,0.002000
150400,0.020039,0.998087,0.022525,0.998725,875.2,0.002000
150500,0.001242,1.000000,0.001333,1.000000,875.9,0.002000
150600,1.485133,0.621599,1.533195,0.596387,876.5,0.002000
150700,0.001345,1.000000,0.001475,1.000000,877.1,0.002000
150800,0.001870,1.000000,0.001920,1.000000,877.6,0.002000
150900,0.007629,1.000000,0.009864,0.999787,878.2,0.002000
151000,0.002200,1.000000,0.002274,1.000000,878.8,0.002000
151100,0.005734,1.000000,0.007501,0.999787,879.4,0.002000
151200,0.002036,1.000000,0.002116,1.000000,880.0,0.002000
151300,0.008569,0.999787,0.011870,0.998937,880.7,0.002000
151400,0.002113,1.000000,0.002190,1.000000,881.3,0.002000
151500,0.012812,0.998724,0.016257,0.998087,882.0,0.002000
151600,0.001921,1.000000,0.001997,1.000000,882.5,0.002000
151700,0.019866,0.999150,0.024924,0.998087,883.1,0.002000
151800,0.002557,1.000000,0.003071,1.000000,883.7,0.002000
151900,0.001820,1.000000,0.001888,1.000000,884.3,0.002000
152000,0.008335,0.999150,0.010778,0.998300,884.9,0.002000
152100,0.002011,1.000000,0.002082,1.000000,885.5,0.002000
152200,0.009129,0.999362,0.011198,0.999787,886.1,0.002000
152300,0.001164,1.000000,0.001258,1.000000,886.7,0.002000
152400,1.757418,0.536139,1.744262,0.531775,887.2,0.002000
152500,0.003046,1.000000,0.003437,1.000000,887.8,0.002000
152600,0.002017,1.000000,0.002066,1.000000,888.4,0.002000
152700,0.016215,0.998724,0.019477,0.996812,889.0,0.002000
152800,0.001762,1.000000,0.001829,1.000000,889.6,0.002000
152900,0.012840,0.999575,0.015971,0.999787,890.2,0.002000
153000,0.001632,1.000000,0.001700,1.000000,890.8,0.002000
153100,0.024297,0.997236,0.028012,0.997662,891.5,0.002000
153200,0.001816,1.000000,0.001901,1.000000,892.0,0.002000
153300,0.019298,0.999575,0.022434,0.999150,892.7,0.002000
153400,0.002424,1.000000,0.002861,1.000000,893.3,0.002000
153500,0.001746,1.000000,0.001807,1.000000,893.9,0.002000
153600,0.001482,1.000000,0.001599,1.000000,894.5,0.002000
153700,1.620375,0.584609,1.559358,0.602550,895.0,0.002000
153800,0.001493,1.000000,0.001572,1.000000,895.6,0.002000
153900,0.002783,1.000000,0.002859,1.000000,896.2,0.002000
154000,0.001321,1.000000,0.001443,1.000000,896.8,0.002000
154100,0.002049,1.000000,0.002114,1.000000,897.4,0.002000
154200,0.002186,1.000000,0.002376,1.000000,897.9,0.002000
154300,0.002009,1.000000,0.002064,1.000000,898.5,0.002000
154400,0.003492,1.000000,0.004033,1.000000,899.1,0.002000
154500,0.002084,1.000000,0.002163,1.000000,899.7,0.002000
154600,0.005285,1.000000,0.006685,1.000000,900.3,0.002000
154700,0.002173,1.000000,0.002235,1.000000,900.8,0.002000
154800,0.004407,1.000000,0.004836,1.000000,901.4,0.002000
154900,0.002274,1.000000,0.002350,1.000000,902.0,0.002000
155000,0.022427,0.997449,0.026052,0.996387,902.6,0.002000
155100,0.001997,1.000000,0.002089,1.000000,903.2,0.002000
155200,0.036242,0.995961,0.042844,0.994899,903.8,0.002000
155300,0.001476,1.000000,0.001567,1.000000,904.3,0.002000
155400,0.106110,0.992985,0.117599,0.989586,904.9,0.002000
155500,0.005390,0.999787,0.005351,0.999787,905.5,0.002000
155600,0.001749,1.000000,0.001804,1.000000,906.1,0.002000
155700,0.035613,0.993622,0.035340,0.995112,906.7,0.002000
155800,0.001768,1.000000,0.001865,1.000000,907.2,0.002000
155900,0.048141,1.000000,0.050141,1.000000,907.8,0.002000
156000,0.001511,1.000000,0.001591,1.000000,908.4,0.002000
156100,0.030611,1.000000,0.032743,0.999575,909.0,0.002000
156200,0.001187,1.000000,0.001289,1.000000,909.5,0.002000
156300,0.305388,0.898809,0.334425,0.895218,910.1,0.002000
156400,0.001154,1.000000,0.001301,1.000000,910.7,0.002000
156500,0.001847,1.000000,0.001904,1.000000,911.3,0.002000
156600,0.001834,1.000000,0.002068,1.000000,911.9,0.002000
156700,0.002106,1.000000,0.002171,1.000000,912.4,0.002000
156800,0.005153,1.000000,0.005346,1.000000,913.0,0.002000
156900,0.002122,1.000000,0.002201,1.000000,913.6,0.002000
157000,0.002354,1.000000,0.002686,1.000000,914.2,0.002000
157100,0.002234,1.000000,0.002292,1.000000,914.7,0.002000
157200,0.002814,1.000000,0.003188,1.000000,915.3,0.002000
157300,0.002068,1.000000,0.002133,1.000000,915.9,0.002000
157400,0.007366,0.998724,0.007587,0.999362,916.4,0.002000
157500,0.002085,1.000000,0.002152,1.000000,917.0,0.002000
157600,0.002290,1.000000,0.002550,1.000000,917.6,0.002000
157700,0.002455,1.000000,0.002511,1.000000,918.2,0.002000
157800,0.005791,0.999787,0.007014,0.999362,918.7,0.002000
157900,0.002246,1.000000,0.002312,1.000000,919.3,0.002000
158000,0.003606,1.000000,0.003573,1.000000,919.9,0.002000
158100,0.002526,1.000000,0.002614,1.000000,920.4,0.002000
158200,0.002874,1.000000,0.003343,1.000000,921.0,0.002000
158300,0.001880,1.000000,0.001938,1.000000,921.6,0.002000
158400,0.003845,1.000000,0.004547,1.000000,922.2,0.002000
158500,0.002170,1.000000,0.002246,1.000000,922.8,0.002000
158600,0.007593,0.999150,0.008230,0.999787,923.4,0.002000
158700,0.002115,1.000000,0.002179,1.000000,923.9,0.002000
158800,0.022956,0.998724,0.033719,0.995537,924.5,0.002000
158900,0.002509,1.000000,0.002897,1.000000,925.1,0.002000
159000,0.001934,1.000000,0.002013,1.000000,925.6,0.002000
159100,0.002118,1.000000,0.002300,1.000000,926.2,0.002000
159200,0.002454,1.000000,0.002527,1.000000,926.8,0.002000
159300,0.001675,1.000000,0.001759,1.000000,927.3,0.002000
159400,0.079087,0.997449,0.082364,0.998300,927.9,0.002000
159500,0.001588,1.000000,0.001674,1.000000,928.5,0.002000
159600,0.250271,0.986820,0.276479,0.980659,929.1,0.002000
159700,0.001263,1.000000,0.001364,1.000000,929.6,0.002000
159800,0.001970,1.000000,0.002027,1.000000,930.2,0.002000
159900,0.007398,0.999575,0.008945,0.999575,930.8,0.002000
160000,0.002102,1.000000,0.002175,1.000000,931.3,0.002000
160100,0.023850,0.997662,0.028809,0.995537,931.9,0.002000
160200,0.001647,1.000000,0.001775,1.000000,932.5,0.002000
160300,4.912132,0.166029,4.851695,0.169607,933.1,0.002000
160400,0.001648,1.000000,0.002114,0.999787,933.7,0.002000
160500,0.002021,1.000000,0.002082,1.000000,934.3,0.002000
160600,0.012952,0.998512,0.015351,0.998512,934.9,0.002000
160700,0.001706,1.000000,0.001781,1.000000,935.5,0.002000
160800,0.020563,0.998512,0.028916,0.994686,936.1,0.002000
160900,0.001759,1.000000,0.001834,1.000000,936.7,0.002000
161000,0.029905,0.996173,0.033632,0.994686,937.2,0.002000
161100,0.002693,1.000000,0.002876,1.000000,937.8,0.002000
161200,0.001666,1.000000,0.001716,1.000000,938.4,0.002000
161300,0.018083,0.997449,0.019998,0.998087,938.9,0.002000
161400,0.001598,1.000000,0.001695,1.000000,939.5,0.002000
161500,0.021502,0.999362,0.023957,0.999575,940.0,0.002000
161600,0.001290,1.000000,0.001406,1.000000,940.6,0.002000
161700,0.001962,1.000000,0.002027,1.000000,941.2,0.002000
161800,0.001880,1.000000,0.002073,1.000000,941.7,0.002000
161900,0.001939,1.000000,0.001993,1.000000,942.3,0.002000
162000,0.002610,0.999575,0.002634,1.000000,942.9,0.002000
162100,0.002091,1.000000,0.002171,1.000000,943.5,0.002000
162200,0.029673,0.995536,0.031094,0.996174,944.0,0.002000
162300,0.001615,1.000000,0.001694,1.000000,944.6,0.002000
162400,0.028061,0.997874,0.030765,0.997875,945.2,0.002000
162500,0.001880,1.000000,0.001949,1.000000,945.7,0.002000
162600,0.029454,0.996599,0.034325,0.995112,946.3,0.002000
162700,0.001725,1.000000,0.001824,1.000000,946.9,0.002000
162800,0.053364,0.998724,0.055926,0.998725,947.4,0.002000
162900,0.005679,1.000000,0.007499,0.999787,948.0,0.002000
163000,0.001955,1.000000,0.002026,1.000000,948.6,0.002000
163100,0.008313,0.999575,0.009048,0.999787,949.1,0.002000
163200,0.001831,1.000000,0.001891,1.000000,949.7,0.002000
163300,0.012481,0.998724,0.015411,0.999362,950.3,0.002000
163400,0.002204,1.000000,0.002278,1.000000,950.8,0.002000
163500,0.012985,0.998937,0.016675,0.998937,951.4,0.002000
163600,0.002356,1.000000,0.002457,1.000000,952.0,0.002000
163700,0.021047,0.998937,0.025450,0.997450,952.6,0.002000
163800,0.001633,1.000000,0.001769,1.000000,953.1,0.002000
163900,0.487867,0.904124,0.521962,0.895643,953.7,0.002000
164000,0.001529,1.000000,0.001653,1.000000,954.3,0.002000
164100,0.002094,1.000000,0.002162,1.000000,954.8,0.002000
164200,0.004009,1.000000,0.004357,1.000000,955.4,0.002000
164300,0.002166,1.000000,0.002237,1.000000,956.0,0.002000
164400,0.008176,0.998937,0.008936,0.999575,956.6,0.002000
164500,0.002120,1.000000,0.002197,1.000000,957.1,0.002000
164600,0.015565,0.997024,0.017145,0.997662,957.7,0.002000
164700,0.001343,1.000000,0.001488,1.000000,958.3,0.002000
164800,0.001905,1.000000,0.001981,1.000000,958.8,0.002000
164900,0.001223,1.000000,0.001292,1.000000,959.4,0.002000
165000,0.088147,0.998512,0.091464,0.998087,959.9,0.002000
165100,0.001553,1.000000,0.001642,1.000000,960.5,0.002000
165200,0.071314,0.995536,0.076995,0.995112,961.1,0.002000
165300,0.001407,1.000000,0.001506,1.000000,961.7,0.002000
165400,0.003411,1.000000,0.003541,1.000000,962.2,0.002000
165500,0.002149,1.000000,0.002676,0.999787,962.8,0.002000
165600,0.002084,1.000000,0.002143,1.000000,963.4,0.002000
165700,0.003717,0.999787,0.004646,0.999787,964.0,0.002000
165800,0.002179,1.000000,0.002247,1.000000,964.5,0.002000
165900,0.010120,0.999575,0.014271,0.998300,965.1,0.002000
166000,0.001356,1.000000,0.001466,1.000000,965.7,0.002000
166100,0.620584,0.864158,0.655711,0.853985,966.3,0.002000
166200,0.001330,1.000000,0.001421,1.000000,966.8,0.002000
166300,2.862373,0.302721,2.877620,0.306482,967.4,0.002000
166400,0.001349,1.000000,0.001426,1.000000,968.0,0.002000
166500,0.121334,0.995961,0.127048,0.996174,968.6,0.002000
166600,0.001598,1.000000,0.001805,1.000000,969.1,0.002000
166700,0.001799,1.000000,0.001851,1.000000,969.7,0.002000
166800,0.001775,1.000000,0.001998,1.000000,970.3,0.002000
166900,0.002239,1.000000,0.002295,1.000000,970.9,0.002000
167000,0.011324,0.998937,0.011210,0.999150,971.4,0.002000
167100,0.001896,1.000000,0.001819,1.000000,972.0,0.002000
167200,0.001696,1.000000,0.001743,1.000000,972.6,0.002000
167300,0.002245,1.000000,0.002634,1.000000,973.1,0.002000
167400,0.001891,1.000000,0.001956,1.000000,973.7,0.002000
167500,0.009354,0.999787,0.012965,0.999362,974.3,0.002000
167600,0.001723,1.000000,0.001808,1.000000,974.8,0.002000
167700,0.061380,0.999150,0.063678,0.999787,975.4,0.002000
167800,0.001572,1.000000,0.001707,1.000000,976.0,0.002000
167900,0.002165,1.000000,0.002213,1.000000,976.6,0.002000
168000,0.001665,1.000000,0.001776,1.000000,977.1,0.002000
168100,0.002053,1.000000,0.002115,1.000000,977.7,0.002000
168200,0.002028,1.000000,0.002352,1.000000,978.3,0.002000
168300,0.001856,1.000000,0.001908,1.000000,978.9,0.002000
168400,0.003092,1.000000,0.003517,1.000000,979.4,0.002000
168500,0.002137,1.000000,0.002204,1.000000,980.0,0.002000
168600,0.017528,0.997449,0.018396,0.998300,980.6,0.002000
168700,0.002022,1.000000,0.002109,1.000000,981.1,0.002000
168800,0.016474,0.997874,0.018443,0.998087,981.8,0.002000
168900,0.001506,1.000000,0.001599,1.000000,982.4,0.002000
169000,0.092483,0.999787,0.098790,0.999362,982.9,0.002000
169100,0.003548,1.000000,0.003683,1.000000,983.5,0.002000
169200,0.002324,1.000000,0.002506,1.000000,984.1,0.002000
169300,0.002153,1.000000,0.002209,1.000000,984.7,0.002000
169400,0.001424,1.000000,0.001528,1.000000,985.2,0.002000
169500,0.483013,0.922832,0.533888,0.905845,985.8,0.002000
169600,0.001685,1.000000,0.001803,1.000000,986.4,0.002000
169700,0.001974,1.000000,0.002035,1.000000,986.9,0.002000
169800,0.001392,1.000000,0.001521,1.000000,987.5,0.002000
169900,0.002048,1.000000,0.002113,1.000000,988.1,0.002000
170000,0.029296,0.996386,0.035820,0.995112,988.6,0.002000
170100,0.001435,1.000000,0.001542,1.000000,989.2,0.002000
170200,0.313932,0.981718,0.345053,0.975133,989.8,0.002000
170300,0.002201,1.000000,0.002277,1.000000,990.4,0.002000
170400,0.017088,0.998937,0.022217,0.997662,990.9,0.002000
170500,0.001923,1.000000,0.002013,1.000000,991.5,0.002000
170600,0.006774,0.999575,0.007788,1.000000,992.1,0.002000
170700,0.001725,1.000000,0.001775,1.000000,992.6,0.002000
170800,0.003112,1.000000,0.003465,1.000000,993.3,0.002000
170900,0.002213,1.000000,0.002282,1.000000,993.8,0.002000
171000,0.003645,1.000000,0.004314,0.999787,994.4,0.002000
171100,0.002419,1.000000,0.002490,1.000000,995.0,0.002000
171200,0.010218,0.998512,0.012372,0.998087,995.6,0.002000
171300,0.001923,1.000000,0.001979,1.000000,996.2,0.002000
171400,0.009908,0.999787,0.012199,0.998512,996.8,0.002000
171500,0.001810,1.000000,0.001900,1.000000,997.4,0.002000
171600,0.015439,0.998937,0.017751,0.998937,998.1,0.002000
171700,0.002562,1.000000,0.002650,1.000000,998.7,0.002000
171800,0.010804,0.999787,0.014611,0.999362,999.3,0.002000
171900,0.002241,1.000000,0.002322,1.000000,999.9,0.002000
172000,0.014538,0.998724,0.015742,0.999150,1000.5,0.002000
172100,0.002298,1.000000,0.002373,1.000000,1001.0,0.002000
172200,0.013842,0.999787,0.014399,0.999362,1001.6,0.002000
172300,0.002186,1.000000,0.002490,1.000000,1002.2,0.002000
172400,0.001939,1.000000,0.002008,1.000000,1002.8,0.002000
172500,0.018281,0.997449,0.021688,0.997662,1003.4,0.002000
172600,0.001938,1.000000,0.002025,1.000000,1004.1,0.002000
172700,0.027596,0.997236,0.032506,0.996387,1004.7,0.002000
172800,0.001475,1.000000,0.001575,1.000000,1005.3,0.002000
172900,0.027827,1.000000,0.030024,1.000000,1005.9,0.002000
173000,0.001454,1.000000,0.001514,1.000000,1006.5,0.002000
173100,0.016135,0.999362,0.017226,0.999787,1007.1,0.002000
173200,0.001961,1.000000,0.002032,1.000000,1007.7,0.002000
173300,0.006071,1.000000,0.007263,1.000000,1008.3,0.002000
173400,0.002201,1.000000,0.002284,1.000000,1009.0,0.002000
173500,0.004802,0.999787,0.005737,1.000000,1009.5,0.002000
173600,0.001901,1.000000,0.001959,1.000000,1010.2,0.002000
173700,0.005111,0.999787,0.006035,0.999787,1010.8,0.002000
173800,0.002044,1.000000,0.002133,1.000000,1011.4,0.002000
173900,0.016803,0.998937,0.019794,0.998087,1012.0,0.002000
174000,0.002187,1.000000,0.002274,1.000000,1012.6,0.002000
174100,0.028651,0.997236,0.033013,0.996812,1013.2,0.002000
174200,0.001613,1.000000,0.001693,1.000000,1013.8,0.002000
174300,0.024210,1.000000,0.025637,1.000000,1014.4,0.002000
174400,0.001776,1.000000,0.001843,1.000000,1014.9,0.002000
174500,0.032676,0.997236,0.042398,0.994899,1015.5,0.002000
174600,0.001775,1.000000,0.001889,1.000000,1016.1,0.002000
174700,0.049871,0.992134,0.047504,0.994686,1016.7,0.002000
174800,0.001405,1.000000,0.001505,1.000000,1017.3,0.002000
174900,0.023307,0.999362,0.024477,0.998937,1017.8,0.002000
175000,0.001280,1.000000,0.001365,1.000000,1018.4,0.002000
175100,5.426594,0.061224,5.412935,0.062912,1019.0,0.002000
175200,0.002535,1.000000,0.002656,1.000000,1019.6,0.002000
175300,0.020210,0.999362,0.023432,0.999150,1020.1,0.002000
175400,0.002075,1.000000,0.002156,1.000000,1020.7,0.002000
175500,0.023751,0.998724,0.029008,0.997875,1021.3,0.002000
175600,0.001680,1.000000,0.001789,1.000000,1021.8,0.002000
175700,0.789398,0.762542,0.814870,0.745377,1022.4,0.002000
175800,0.001157,1.000000,0.001261,1.000000,1023.0,0.002000
175900,2.378979,0.415816,2.511100,0.393624,1023.5,0.002000
176000,0.002113,1.000000,0.002240,1.000000,1024.1,0.002000
176100,0.001824,1.000000,0.001875,1.000000,1024.7,0.002000
176200,0.003503,1.000000,0.003965,1.000000,1025.3,0.002000
176300,0.002147,1.000000,0.002224,1.000000,1025.9,0.002000
176400,0.026173,0.997236,0.029127,0.996599,1026.4,0.002000
176500,0.002053,1.000000,0.002142,1.000000,1027.0,0.002000
176600,0.003148,1.000000,0.003812,1.000000,1027.6,0.002000
176700,0.001904,1.000000,0.001949,1.000000,1028.1,0.002000
176800,0.008489,0.999150,0.010378,0.998937,1028.7,0.002000
176900,0.002052,1.000000,0.002129,1.000000,1029.3,0.002000
177000,0.006768,1.000000,0.007168,1.000000,1029.9,0.002000
177100,0.001365,1.000000,0.001518,1.000000,1030.4,0.002000
177200,0.001877,1.000000,0.001935,1.000000,1031.0,0.002000
177300,0.001504,1.000000,0.001592,1.000000,1031.6,0.002000
177400,0.623713,0.843325,0.674969,0.827418,1032.1,0.002000
177500,0.001376,1.000000,0.001461,1.000000,1032.7,0.002000
177600,0.515976,0.931335,0.540606,0.928587,1033.3,0.002000
177700,0.001807,1.000000,0.001893,1.000000,1033.8,0.002000
177800,0.014669,0.998937,0.016888,0.998937,1034.4,0.002000
177900,0.001793,1.000000,0.001846,1.000000,1035.1,0.002000
178000,0.010677,0.999575,0.012964,0.999362,1035.6,0.002000
178100,0.002074,1.000000,0.002186,1.000000,1036.2,0.002000
178200,0.018635,0.998937,0.022557,0.998087,1036.8,0.002000
178300,0.001226,1.000000,0.001334,1.000000,1037.4,0.002000
178400,0.001797,1.000000,0.001858,1.000000,1037.9,0.002000
178500,0.002769,1.000000,0.003574,1.000000,1038.5,0.002000
178600,0.002197,1.000000,0.002283,1.000000,1039.1,0.002000
178700,0.003379,1.000000,0.003794,1.000000,1039.7,0.002000
178800,0.002143,1.000000,0.002199,1.000000,1040.2,0.002000
178900,0.006166,0.999150,0.007034,0.999362,1040.8,0.002000
179000,0.002079,1.000000,0.002143,1.000000,1041.4,0.002000
179100,0.018244,0.998512,0.024489,0.995962,1042.1,0.002000
179200,0.002135,1.000000,0.002218,1.000000,1042.6,0.002000
179300,0.009708,0.999787,0.011962,0.999575,1043.2,0.002000
179400,0.001920,1.000000,0.001994,1.000000,1043.8,0.002000
179500,0.015123,0.998724,0.018969,0.997450,1044.4,0.002000
179600,0.001828,1.000000,0.001914,1.000000,1044.9,0.002000
179700,0.032957,0.997236,0.031509,0.999150,1045.5,0.002000
179800,0.001750,1.000000,0.001850,1.000000,1046.1,0.002000
179900,0.045846,0.995748,0.048156,0.995749,1046.6,0.002000
180000,0.001793,1.000000,0.001876,1.000000,1047.2,0.002000
180100,0.036916,0.999362,0.040177,0.998300,1047.8,0.002000
180200,0.006518,0.999787,0.007881,1.000000,1048.3,0.002000
180300,0.001816,1.000000,0.001883,1.000000,1048.9,0.002000
180400,0.020740,0.998087,0.024796,0.997450,1049.5,0.002000
180500,0.001958,1.000000,0.002043,1.000000,1050.0,0.002000
180600,0.012104,0.999362,0.014284,0.999150,1050.6,0.002000
180700,0.001900,1.000000,0.001972,1.000000,1051.2,0.002000
180800,0.015720,0.998299,0.018113,0.998937,1051.7,0.002000
180900,0.002289,1.000000,0.002390,1.000000,1052.3,0.002000
181000,0.033246,0.997024,0.043619,0.994049,1052.9,0.002000
181100,0.001744,1.000000,0.001821,1.000000,1053.4,0.002000
181200,0.029223,0.997024,0.031938,0.997450,1054.0,0.002000
181300,0.001895,1.000000,0.001992,1.000000,1054.5,0.002000
181400,0.142714,0.996173,0.155920,0.993624,1055.1,0.002000
181500,0.002136,1.000000,0.002364,1.000000,1055.7,0.002000
181600,0.001911,1.000000,0.001970,1.000000,1056.3,0.002000
181700,0.001412,1.000000,0.001503,1.000000,1057.0,0.002000
181800,0.002026,1.000000,0.002081,1.000000,1057.6,0.002000
181900,0.002766,1.000000,0.002894,1.000000,1058.2,0.002000
182000,0.024768,0.999575,0.028323,0.999575,1058.8,0.002000
182100,0.002065,1.000000,0.002148,1.000000,1059.5,0.002000
182200,0.032641,0.995111,0.035033,0.994899,1060.2,0.002000
182300,0.001483,1.000000,0.001607,1.000000,1060.8,0.002000
182400,2.245414,0.368622,2.323329,0.367481,1061.3,0.002000
182500,0.001215,1.000000,0.001300,1.000000,1061.9,0.002000
182600,3.037497,0.384141,3.108423,0.360893,1062.5,0.002000
182700,0.004226,1.000000,0.006089,0.999787,1063.0,0.002000
182800,0.001902,1.000000,0.001974,1.000000,1063.6,0.002000
182900,0.011107,0.999575,0.011431,0.999575,1064.2,0.002000
183000,0.002217,1.000000,0.002306,1.000000,1064.7,0.002000
183100,0.012638,0.999787,0.016737,0.999787,1065.3,0.002000
183200,0.002027,1.000000,0.002122,1.000000,1065.9,0.002000
183300,0.019760,0.998299,0.021758,0.997875,1066.5,0.002000
183400,0.001304,1.000000,0.001382,1.000000,1067.0,0.002000
183500,0.043837,0.997236,0.050017,0.995962,1067.6,0.002000
183600,0.001289,1.000000,0.001401,1.000000,1068.2,0.002000
183700,0.001954,1.000000,0.002018,1.000000,1068.8,0.002000
183800,0.002392,1.000000,0.002864,1.000000,1069.5,0.002000
183900,0.002200,1.000000,0.002279,1.000000,1070.1,0.002000
184000,0.014581,0.999150,0.016718,0.999150,1070.7,0.002000
184100,0.002021,1.000000,0.002115,1.000000,1071.3,0.002000
184200,0.016063,0.999150,0.019180,0.998512,1071.9,0.002000
184300,0.001274,1.000000,0.001376,1.000000,1072.5,0.002000
184400,0.299363,0.964711,0.308439,0.954304,1073.1,0.002000
184500,0.003021,1.000000,0.003937,0.999575,1073.7,0.002000
184600,0.002024,1.000000,0.002105,1.000000,1074.2,0.002000
184700,0.004957,1.000000,0.005295,1.000000,1074.8,0.002000
184800,0.001328,1.000000,0.001434,1.000000,1075.4,0.002000
184900,0.127888,0.979804,0.129308,0.980659,1076.0,0.002000
185000,0.001261,1.000000,0.001371,1.000000,1076.5,0.002000
185100,0.001863,1.000000,0.001920,1.000000,1077.1,0.002000
185200,0.001885,1.000000,0.002098,1.000000,1077.7,0.002000
185300,0.001497,1.000000,0.001552,1.000000,1078.2,0.002000
185400,0.002253,1.000000,0.002466,1.000000,1078.8,0.002000
185500,3.355570,0.303146,3.402790,0.283953,1079.4,0.002000
185600,0.001912,1.000000,0.002015,1.000000,1079.9,0.002000
185700,0.476123,0.939626,0.524776,0.924973,1080.5,0.002000
185800,0.001550,1.000000,0.001668,1.000000,1081.1,0.002000
185900,0.001892,1.000000,0.001946,1.000000,1081.7,0.002000
186000,0.002727,1.000000,0.003115,1.000000,1082.2,0.002000
186100,0.001847,1.000000,0.001907,1.000000,1082.8,0.002000
186200,0.002409,1.000000,0.002869,1.000000,1083.4,0.002000
186300,0.002850,1.000000,0.002923,1.000000,1084.0,0.002000
186400,0.001611,1.000000,0.001697,1.000000,1084.5,0.002000
186500,0.139016,0.982781,0.153552,0.977471,1085.1,0.002000
186600,0.001422,1.000000,0.001533,1.000000,1085.7,0.002000
186700,0.001845,1.000000,0.001909,1.000000,1086.3,0.002000
186800,0.026002,0.996811,0.035420,0.993624,1086.9,0.002000
186900,0.001500,1.000000,0.001599,1.000000,1087.4,0.002000
187000,0.017086,0.999787,0.018997,0.999787,1088.0,0.002000
187100,0.003801,0.999575,0.002779,1.000000,1088.6,0.002000
187200,0.001734,1.000000,0.001781,1.000000,1089.1,0.002000
187300,0.008755,0.998937,0.010132,0.999575,1089.7,0.002000
187400,0.001986,1.000000,0.002053,1.000000,1090.3,0.002000
187500,0.012203,0.999787,0.015381,0.998725,1090.8,0.002000
187600,0.001737,1.000000,0.001824,1.000000,1091.4,0.002000
187700,0.026161,0.998512,0.029153,0.998300,1092.0,0.002000
187800,0.004238,0.999787,0.005263,0.999787,1092.5,0.002000
187900,0.001934,1.000000,0.002001,1.000000,1093.1,0.002000
188000,0.010245,0.999575,0.013529,0.998300,1093.7,0.002000
188100,0.001880,1.000000,0.001964,1.000000,1094.3,0.002000
188200,0.028825,0.995536,0.035592,0.993624,1094.8,0.002000
188300,0.001361,1.000000,0.001435,1.000000,1095.4,0.002000
188400,0.281108,0.991709,0.301165,0.988310,1096.0,0.002000
188500,0.002896,1.000000,0.003043,1.000000,1096.5,0.002000
188600,0.021397,0.998512,0.024237,0.997875,1097.1,0.002000
188700,0.002061,1.000000,0.002161,1.000000,1097.7,0.002000
188800,0.026089,0.998724,0.030950,0.998937,1098.2,0.002000
188900,0.001416,1.000000,0.001551,1.000000,1098.8,0.002000
189000,0.001707,1.000000,0.001750,1.000000,1099.4,0.002000
189100,0.002355,0.999787,0.002955,0.999787,1100.0,0.002000
189200,0.002017,1.000000,0.002097,1.000000,1100.5,0.002000
189300,0.011150,0.998724,0.012383,0.999150,1101.1,0.002000
189400,0.001837,1.000000,0.001916,1.000000,1101.7,0.002000
189500,0.026346,0.997024,0.031010,0.996174,1102.3,0.002000
189600,0.001965,1.000000,0.002050,1.000000,1102.9,0.002000
189700,0.010667,0.999787,0.013034,0.999575,1103.5,0.002000
189800,0.001392,1.000000,0.001578,1.000000,1104.1,0.002000
189900,0.002059,1.000000,0.002132,1.000000,1104.6,0.002000
190000,0.012718,0.998724,0.010797,0.999362,1105.2,0.002000
190100,0.001490,1.000000,0.001563,1.000000,1105.8,0.002000
190200,0.008996,1.000000,0.010666,1.000000,1106.3,0.002000
190300,0.002390,1.000000,0.002447,1.000000,1106.9,0.002000
190400,0.006429,1.000000,0.007592,1.000000,1107.5,0.002000
190500,0.002309,1.000000,0.002386,1.000000,1108.0,0.002000
190600,0.012148,0.998724,0.013893,0.999150,1108.6,0.002000
190700,0.001687,1.000000,0.001767,1.000000,1109.2,0.002000
190800,0.023439,0.998512,0.024157,0.998937,1109.7,0.002000
190900,0.001361,1.000000,0.001470,1.000000,1110.3,0.002000
191000,0.001821,1.000000,0.001881,1.000000,1110.8,0.002000
191100,0.001564,1.000000,0.001921,1.000000,1111.4,0.002000
191200,0.001887,1.000000,0.001934,1.000000,1112.0,0.002000
191300,0.001542,1.000000,0.001783,1.000000,1112.6,0.002000
191400,0.001871,1.000000,0.001932,1.000000,1113.1,0.002000
191500,0.002851,0.999787,0.003216,0.999787,1113.7,0.002000
191600,0.005397,0.999575,0.007886,0.999150,1114.3,0.002000
191700,0.002083,1.000000,0.002169,1.000000,1114.8,0.002000
191800,0.009508,0.999150,0.011086,0.999150,1115.4,0.002000
191900,0.001173,1.000000,0.001265,1.000000,1116.0,0.002000
192000,0.001697,1.000000,0.001735,1.000000,1116.5,0.002000
192100,0.001093,1.000000,0.001158,1.000000,1117.1,0.002000
192200,0.966881,0.850128,1.028633,0.831243,1117.7,0.002000
192300,0.001562,1.000000,0.001636,1.000000,1118.3,0.002000
192400,0.031135,0.997024,0.040764,0.994686,1118.8,0.002000
192500,0.001471,1.000000,0.001565,1.000000,1119.4,0.002000
192600,0.531824,0.899872,0.547956,0.897343,1120.0,0.002000
192700,0.001393,1.000000,0.001509,1.000000,1120.5,0.002000
192800,0.001806,1.000000,0.001862,1.000000,1121.1,0.002000
192900,0.002052,1.000000,0.002301,1.000000,1121.7,0.002000
193000,0.001882,1.000000,0.001934,1.000000,1122.3,0.002000
193100,0.001871,1.000000,0.001984,1.000000,1122.8,0.002000
193200,3.359345,0.418580,3.273894,0.428480,1123.4,0.002000
193300,0.001602,1.000000,0.001781,1.000000,1123.9,0.002000
193400,0.002076,1.000000,0.002133,1.000000,1124.5,0.002000
193500,0.002442,1.000000,0.003157,1.000000,1125.1,0.002000
193600,0.002134,1.000000,0.002201,1.000000,1125.6,0.002000
193700,0.012432,0.999150,0.015414,0.998725,1126.2,0.002000
193800,0.001766,1.000000,0.001840,1.000000,1126.8,0.002000
193900,0.029990,0.996599,0.032129,0.996174,1127.3,0.002000
194000,0.001677,1.000000,0.001945,1.000000,1127.9,0.002000
194100,0.001814,1.000000,0.001847,1.000000,1128.5,0.002000
194200,0.005728,0.999575,0.008831,0.998300,1129.1,0.002000
194300,0.002159,1.000000,0.002232,1.000000,1129.6,0.002000
194400,0.004910,0.999787,0.005794,0.999787,1130.2,0.002000
194500,0.002111,1.000000,0.002173,1.000000,1130.8,0.002000
194600,0.013600,0.998724,0.015770,0.998937,1131.3,0.002000
194700,0.002235,1.000000,0.002340,1.000000,1131.9,0.002000
194800,0.009065,0.999787,0.011211,0.999787,1132.5,0.002000
194900,0.002216,1.000000,0.002278,1.000000,1133.1,0.002000
195000,0.002376,1.000000,0.002682,1.000000,1133.6,0.002000
195100,0.002458,1.000000,0.002536,1.000000,1134.2,0.002000
195200,0.001993,1.000000,0.002125,1.000000,1134.8,0.002000
195300,0.002048,1.000000,0.002079,1.000000,1135.3,0.002000
195400,0.001353,1.000000,0.001480,1.000000,1135.9,0.002000
195500,0.001881,1.000000,0.001923,1.000000,1136.4,0.002000
195600,0.003965,0.999787,0.004668,0.999787,1137.0,0.002000
195700,0.001207,1.000000,0.001297,1.000000,1137.6,0.002000
195800,0.001830,1.000000,0.001896,1.000000,1138.2,0.002000
195900,0.004710,0.999787,0.005267,0.999787,1138.7,0.002000
196000,0.002191,1.000000,0.002267,1.000000,1139.3,0.002000
196100,0.010607,0.999150,0.009526,0.999362,1139.9,0.002000
196200,0.001713,1.000000,0.001796,1.000000,1140.4,0.002000
196300,0.027805,0.997236,0.028982,0.998300,1141.0,0.002000
196400,0.001459,1.000000,0.001549,1.000000,1141.6,0.002000
196500,1.239679,0.734056,1.277699,0.716897,1142.2,0.002000
196600,0.001234,1.000000,0.001356,1.000000,1142.7,0.002000
196700,0.019523,1.000000,0.021420,1.000000,1143.3,0.002000
196800,0.002029,1.000000,0.002116,1.000000,1143.9,0.002000
196900,0.030872,0.997662,0.035988,0.996599,1144.4,0.002000
197000,0.002013,1.000000,0.002122,1.000000,1145.0,0.002000
197100,0.021229,0.998937,0.022697,0.999362,1145.5,0.002000
197200,0.001699,1.000000,0.001785,1.000000,1146.1,0.002000
197300,0.015040,0.999362,0.020646,0.997024,1146.7,0.002000
197400,0.001268,1.000000,0.001356,1.000000,1147.3,0.002000
197500,0.201367,0.991071,0.220079,0.990648,1147.8,0.002000
197600,0.005816,0.999787,0.007800,0.999362,1148.4,0.002000
197700,0.001798,1.000000,0.001863,1.000000,1149.0,0.002000
197800,0.010609,0.999362,0.010069,0.999575,1149.6,0.002000
197900,0.002225,1.000000,0.002325,1.000000,1150.1,0.002000
198000,0.025663,0.997874,0.027501,0.998300,1150.7,0.002000
198100,0.001874,1.000000,0.001955,1.000000,1151.3,0.002000
198200,0.026306,0.997449,0.037712,0.995324,1151.8,0.002000
198300,0.001567,1.000000,0.001659,1.000000,1152.4,0.002000
198400,0.634803,0.844600,0.680145,0.829968,1152.9,0.002000
198500,0.001321,1.000000,0.001437,1.000000,1153.5,0.002000
198600,0.002009,1.000000,0.002085,1.000000,1154.1,0.002000
198700,0.007405,1.000000,0.007728,1.000000,1154.6,0.002000
198800,0.001937,1.000000,0.002014,1.000000,1155.2,0.002000
198900,0.056274,0.991071,0.067668,0.988098,1155.8,0.002000
199000,0.001713,1.000000,0.001802,1.000000,1156.4,0.002000
199100,0.021766,0.998087,0.025843,0.998512,1156.9,0.002000
199200,0.001859,1.000000,0.001921,1.000000,1157.5,0.002000
199300,0.030096,0.995111,0.033243,0.994474,1158.1,0.002000
199400,0.001580,1.000000,0.001674,1.000000,1158.6,0.002000
199500,2.576775,0.337585,2.646899,0.319660,1159.2,0.002000
199600,0.002065,1.000000,0.002164,1.000000,1159.8,0.002000
199700,0.029866,0.998087,0.032434,0.997875,1160.3,0.002000
199800,0.001882,1.000000,0.001961,1.000000,1160.9,0.002000
199900,0.028240,0.998299,0.037988,0.996599,1161.5,0.002000
