step,train_loss,train_acc,test_loss,test_acc,elapsed_sec,lr
0,5.112997,0.010842,5.117656,0.010627,0.0,0.000020
100,4.563021,0.017645,4.662990,0.007014,0.8,0.001000
200,4.220656,0.097364,4.923993,0.012540,1.6,0.001000
300,3.815929,0.227466,4.633897,0.030606,2.4,0.001000
400,2.706532,0.533163,3.086607,0.244846,3.2,0.001000
500,1.455772,0.955357,1.586294,0.914984,4.0,0.001000
600,1.217651,0.995536,1.286452,0.989586,4.7,0.001000
700,1.438777,0.993835,1.486930,0.991923,5.5,0.001000
800,1.183820,0.995536,1.222140,0.992986,6.2,0.001000
900,0.934869,0.997024,0.964572,0.995537,7.1,0.001000
1000,0.777722,0.990859,0.801932,0.987673,7.9,0.001000
1100,0.601640,0.999575,0.619784,0.999362,8.7,0.001000
1200,0.399983,0.999362,0.415626,0.998725,9.5,0.001000
1300,0.389831,1.000000,0.401450,1.000000,10.3,0.001000
1400,0.311783,0.998299,0.327072,0.998725,11.0,0.001000
1500,0.367133,0.998724,0.384008,0.997875,11.8,0.001000
1600,0.310742,0.999575,0.321987,0.999787,12.5,0.001000
1700,0.246016,0.999787,0.256323,0.999787,13.3,0.001000
1800,0.201524,1.000000,0.209884,1.000000,14.1,0.001000
1900,0.223153,0.999362,0.232399,0.999575,14.8,0.001000
2000,0.131864,1.000000,0.138041,1.000000,15.5,0.001000
2100,0.237542,0.999787,0.247717,0.999150,16.3,0.001000
2200,0.178426,0.999575,0.185610,0.999150,17.1,0.001000
2300,0.166848,1.000000,0.171215,1.000000,17.9,0.001000
2400,0.178023,1.000000,0.185123,1.000000,18.7,0.001000
2500,0.175815,1.000000,0.182431,1.000000,19.4,0.001000
2600,0.202333,0.998724,0.214543,0.998725,20.2,0.001000
2700,0.096823,1.000000,0.100745,1.000000,20.9,0.001000
2800,0.162040,0.999787,0.166165,1.000000,21.6,0.001000
2900,0.164426,0.998724,0.172121,0.997875,22.4,0.001000
3000,0.174551,0.999787,0.179936,1.000000,23.2,0.001000
3100,0.118147,1.000000,0.122579,1.000000,24.1,0.001000
3200,0.121456,1.000000,0.126609,1.000000,25.0,0.001000
3300,0.155933,1.000000,0.164029,0.999575,25.9,0.001000
3400,0.127860,1.000000,0.134485,1.000000,26.8,0.001000
3500,0.126676,1.000000,0.129787,1.000000,27.6,0.001000
3600,0.126722,1.000000,0.131732,1.000000,28.3,0.001000
3700,0.156231,1.000000,0.162575,1.000000,29.1,0.001000
3800,0.127573,1.000000,0.132760,1.000000,29.8,0.001000
3900,0.104467,1.000000,0.108866,1.000000,30.6,0.001000
4000,0.135621,0.999787,0.139979,0.999787,31.3,0.001000
4100,0.393586,0.980017,0.400680,0.978746,32.1,0.001000
4200,0.124696,1.000000,0.129794,1.000000,32.9,0.001000
4300,0.156304,1.000000,0.161705,1.000000,33.7,0.001000
4400,0.152968,1.000000,0.160464,1.000000,34.6,0.001000
4500,0.118201,1.000000,0.121601,1.000000,35.4,0.001000
4600,0.137485,1.000000,0.143740,0.999787,36.2,0.001000
4700,0.128301,1.000000,0.133156,1.000000,37.0,0.001000
4800,0.136956,1.000000,0.142278,1.000000,37.8,0.001000
4900,0.125734,1.000000,0.130557,1.000000,38.6,0.001000
5000,0.123977,1.000000,0.131050,1.000000,39.3,0.001000
5100,0.198554,0.999575,0.207321,0.999787,40.1,0.001000
5200,0.102806,1.000000,0.108365,1.000000,40.9,0.001000
5300,0.108623,1.000000,0.111890,1.000000,41.6,0.001000
5400,0.132470,1.000000,0.137884,1.000000,42.4,0.001000
5500,0.178700,1.000000,0.183798,1.000000,43.1,0.001000
5600,0.153189,1.000000,0.161957,0.999787,43.9,0.001000
5700,0.093423,0.999787,0.096694,1.000000,44.6,0.001000
5800,0.110903,0.999787,0.115205,1.000000,45.3,0.001000
5900,0.117848,0.999787,0.123065,0.999787,46.1,0.001000
6000,0.121736,1.000000,0.126360,1.000000,46.9,0.001000
6100,0.081990,1.000000,0.085092,1.000000,47.7,0.001000
6200,0.136691,1.000000,0.144606,0.999787,48.4,0.001000
6300,0.107325,1.000000,0.113222,1.000000,49.2,0.001000
6400,0.106768,0.999787,0.111655,1.000000,49.9,0.001000
6500,0.115739,1.000000,0.120795,1.000000,50.6,0.001000
6600,0.152765,1.000000,0.160712,0.999787,51.4,0.001000
6700,0.127485,1.000000,0.133736,1.000000,52.1,0.001000
6800,0.115494,0.999787,0.119679,0.999787,52.9,0.001000
6900,0.105844,1.000000,0.108471,1.000000,53.6,0.001000
7000,0.132051,1.000000,0.138680,1.000000,54.3,0.001000
7100,0.154903,1.000000,0.161563,0.999787,55.1,0.001000
7200,0.092589,0.999787,0.096242,1.000000,55.9,0.001000
7300,0.094228,1.000000,0.097832,1.000000,56.6,0.001000
7400,0.123178,1.000000,0.128229,1.000000,57.4,0.001000
7500,0.148717,0.999787,0.156899,1.000000,58.1,0.001000
7600,0.110140,1.000000,0.114037,1.000000,58.9,0.001000
7700,0.114761,1.000000,0.117543,1.000000,59.6,0.001000
7800,0.113890,1.000000,0.119019,1.000000,60.3,0.001000
7900,0.107195,1.000000,0.110830,1.000000,61.1,0.001000
8000,0.108122,1.000000,0.112784,1.000000,61.8,0.001000
8100,0.151491,1.000000,0.154688,1.000000,62.6,0.001000
8200,0.130044,1.000000,0.135044,1.000000,63.3,0.001000
8300,0.150878,1.000000,0.156501,1.000000,64.1,0.001000
8400,0.119266,1.000000,0.123400,1.000000,64.8,0.001000
8500,0.144087,1.000000,0.148559,1.000000,65.5,0.001000
8600,0.180604,0.999575,0.184913,0.999787,66.3,0.001000
8700,0.109168,1.000000,0.113016,1.000000,67.0,0.001000
8800,0.114647,1.000000,0.118167,1.000000,67.7,0.001000
8900,0.108539,1.000000,0.111748,1.000000,68.4,0.001000
9000,0.123873,1.000000,0.127272,1.000000,69.1,0.001000
9100,0.198598,1.000000,0.203157,0.999575,69.9,0.001000
9200,0.170738,0.999787,0.178565,0.999575,70.6,0.001000
9300,0.158704,1.000000,0.165764,1.000000,71.4,0.001000
9400,0.129351,1.000000,0.134353,1.000000,72.1,0.001000
9500,0.144500,1.000000,0.148109,1.000000,72.9,0.001000
9600,0.160401,1.000000,0.169218,1.000000,73.7,0.001000
9700,0.110177,1.000000,0.114856,1.000000,74.4,0.001000
9800,0.160071,1.000000,0.167746,0.999787,75.1,0.001000
9900,0.164242,0.999787,0.170595,1.000000,75.9,0.001000
10000,0.173586,1.000000,0.177912,0.999787,76.6,0.001000
10100,0.175076,0.998512,0.182974,0.997662,77.3,0.001000
10200,0.138264,1.000000,0.145632,1.000000,78.1,0.001000
10300,0.125530,1.000000,0.131902,1.000000,78.8,0.001000
10400,0.130090,1.000000,0.134408,1.000000,79.6,0.001000
10500,0.116023,1.000000,0.120089,1.000000,80.4,0.001000
10600,0.180528,0.999575,0.189481,0.999362,81.2,0.001000
10700,0.222647,0.999787,0.231784,0.998725,81.9,0.001000
10800,0.167493,1.000000,0.173790,1.000000,82.7,0.001000
10900,0.150663,0.999787,0.159271,0.999362,83.5,0.001000
11000,0.126445,1.000000,0.132164,1.000000,84.4,0.001000
11100,0.142457,0.999575,0.143996,1.000000,85.2,0.001000
11200,0.101133,1.000000,0.103871,1.000000,85.9,0.001000
11300,0.116013,1.000000,0.118929,1.000000,86.7,0.001000
11400,0.209187,0.999362,0.219147,0.998300,87.5,0.001000
11500,0.096675,1.000000,0.099442,1.000000,88.2,0.001000
11600,0.130436,1.000000,0.133495,0.999787,88.9,0.001000
11700,0.118068,1.000000,0.124083,1.000000,89.7,0.001000
11800,0.119089,1.000000,0.122525,1.000000,90.4,0.001000
11900,0.149727,1.000000,0.156143,1.000000,91.1,0.001000
12000,0.154819,0.999787,0.161270,1.000000,91.8,0.001000
12100,0.126622,1.000000,0.133293,1.000000,92.5,0.001000
12200,0.111675,1.000000,0.114472,0.999787,93.3,0.001000
12300,0.092960,1.000000,0.097017,1.000000,93.9,0.001000
12400,0.133125,1.000000,0.138568,1.000000,94.6,0.001000
12500,0.122110,1.000000,0.128102,1.000000,95.4,0.001000
12600,0.170238,0.998724,0.177564,0.999787,96.1,0.001000
12700,0.112899,1.000000,0.118936,1.000000,96.9,0.001000
12800,0.101387,1.000000,0.107290,1.000000,97.6,0.001000
12900,0.199002,0.997874,0.201730,0.998937,98.3,0.001000
13000,0.098826,1.000000,0.102319,1.000000,99.1,0.001000
13100,0.086689,1.000000,0.090169,1.000000,99.8,0.001000
13200,0.137489,0.999787,0.142525,0.999575,100.5,0.001000
13300,0.089241,1.000000,0.092320,1.000000,101.2,0.001000
13400,0.106259,1.000000,0.110908,1.000000,102.0,0.001000
13500,0.114143,1.000000,0.119532,1.000000,102.7,0.001000
13600,0.127955,1.000000,0.131936,1.000000,103.5,0.001000
13700,0.107138,1.000000,0.111732,1.000000,104.3,0.001000
13800,0.181754,0.999362,0.190318,0.999362,105.1,0.001000
13900,0.106693,1.000000,0.109710,1.000000,105.8,0.001000
14000,0.128686,1.000000,0.133972,1.000000,106.5,0.001000
14100,0.175264,1.000000,0.187442,0.999362,107.3,0.001000
14200,0.192203,0.997449,0.201493,0.996387,108.0,0.001000
14300,0.098307,1.000000,0.102668,1.000000,108.7,0.001000
14400,0.217513,0.999787,0.227744,0.999362,109.5,0.001000
14500,0.190965,1.000000,0.198222,1.000000,110.3,0.001000
14600,0.224530,0.999575,0.237599,0.998725,111.1,0.001000
14700,0.141437,1.000000,0.146758,1.000000,111.9,0.001000
14800,0.123905,1.000000,0.131273,1.000000,112.7,0.001000
14900,0.182256,1.000000,0.186489,1.000000,113.5,0.001000
15000,0.101208,1.000000,0.105219,1.000000,114.3,0.001000
15100,0.123284,1.000000,0.127369,1.000000,115.0,0.001000
15200,0.145898,1.000000,0.151531,0.999787,115.6,0.001000
15300,0.143621,1.000000,0.149348,1.000000,116.3,0.001000
15400,0.136370,1.000000,0.141570,1.000000,116.9,0.001000
15500,0.102884,1.000000,0.105889,1.000000,117.6,0.001000
15600,0.108807,1.000000,0.112489,1.000000,118.2,0.001000
15700,0.101344,1.000000,0.105621,0.999787,118.8,0.001000
15800,0.132097,1.000000,0.139230,0.999362,119.5,0.001000
15900,0.112220,1.000000,0.117266,1.000000,120.2,0.001000
16000,0.100787,1.000000,0.105962,1.000000,120.8,0.001000
16100,0.162431,1.000000,0.172508,0.999787,121.4,0.001000
16200,0.103199,1.000000,0.108223,1.000000,122.1,0.001000
16300,0.139055,0.999575,0.147147,0.999787,122.7,0.001000
16400,0.117501,1.000000,0.120713,1.000000,123.4,0.001000
16500,0.124786,1.000000,0.130106,1.000000,124.0,0.001000
16600,0.089115,1.000000,0.092604,1.000000,124.7,0.001000
16700,0.146622,0.998724,0.154097,0.998937,125.4,0.001000
16800,0.169513,0.999787,0.175716,0.999150,126.0,0.001000
16900,0.144282,1.000000,0.150395,1.000000,126.7,0.001000
17000,0.148248,0.999575,0.156462,0.998937,127.4,0.001000
17100,0.142435,0.999150,0.148502,0.999787,128.0,0.001000
17200,0.195736,0.999150,0.202052,0.997875,128.8,0.001000
17300,0.126408,1.000000,0.131784,1.000000,129.5,0.001000
17400,0.118398,1.000000,0.123461,1.000000,130.2,0.001000
17500,0.183728,1.000000,0.187567,1.000000,131.0,0.001000
17600,0.135308,1.000000,0.140992,1.000000,131.6,0.001000
17700,0.161931,0.999787,0.168549,1.000000,132.3,0.001000
17800,0.188471,0.999362,0.197587,0.998937,133.1,0.001000
17900,0.136174,1.000000,0.140371,1.000000,133.7,0.001000
18000,0.147041,0.999787,0.152863,0.999575,134.4,0.001000
18100,0.138764,0.999787,0.142135,1.000000,135.1,0.001000
18200,0.111221,1.000000,0.116019,1.000000,135.7,0.001000
18300,0.099984,1.000000,0.104345,1.000000,136.4,0.001000
18400,0.148770,1.000000,0.157923,0.999575,137.2,0.001000
18500,0.084145,1.000000,0.087686,1.000000,138.0,0.001000
18600,0.142518,1.000000,0.146113,1.000000,138.9,0.001000
18700,0.107517,1.000000,0.109994,1.000000,139.7,0.001000
18800,0.100416,1.000000,0.106210,1.000000,140.6,0.001000
18900,0.129997,1.000000,0.134357,1.000000,141.4,0.001000
19000,0.092350,1.000000,0.094672,1.000000,142.3,0.001000
19100,0.125626,1.000000,0.130967,1.000000,143.0,0.001000
19200,0.151964,1.000000,0.157770,1.000000,143.9,0.001000
19300,0.129368,0.999362,0.135135,0.999787,144.8,0.001000
19400,0.102842,1.000000,0.106955,1.000000,145.7,0.001000
19500,0.158724,0.999787,0.167649,0.999787,146.6,0.001000
19600,0.131220,1.000000,0.134144,1.000000,147.6,0.001000
19700,0.145036,1.000000,0.150447,1.000000,148.5,0.001000
19800,0.109367,1.000000,0.114066,1.000000,149.4,0.001000
19900,0.160665,0.999787,0.169837,0.999150,150.2,0.001000
20000,0.189404,0.998937,0.197135,0.999575,151.0,0.001000
20100,0.115606,1.000000,0.120623,1.000000,151.7,0.001000
20200,0.142595,1.000000,0.150131,1.000000,152.5,0.001000
20300,0.114759,1.000000,0.118563,0.999575,153.2,0.001000
20400,0.134650,1.000000,0.141406,0.999575,153.9,0.001000
20500,0.142631,0.999787,0.150766,0.999787,154.6,0.001000
20600,0.116557,1.000000,0.122902,1.000000,155.3,0.001000
20700,0.101837,1.000000,0.104935,1.000000,156.1,0.001000
20800,0.141893,1.000000,0.146241,0.999362,157.0,0.001000
20900,0.114151,1.000000,0.119215,1.000000,157.8,0.001000
21000,0.121717,1.000000,0.126046,1.000000,158.7,0.001000
21100,0.205685,0.997874,0.212032,0.998725,159.6,0.001000
21200,0.147651,1.000000,0.154096,1.000000,160.5,0.001000
21300,0.117424,1.000000,0.122376,1.000000,161.3,0.001000
21400,0.145395,0.999787,0.152021,0.999787,162.1,0.001000
21500,0.100800,1.000000,0.105832,1.000000,162.9,0.001000
21600,0.158095,1.000000,0.164513,1.000000,163.6,0.001000
21700,0.170427,0.998724,0.175970,0.998087,164.4,0.001000
21800,0.127236,1.000000,0.133757,1.000000,165.2,0.001000
21900,0.108577,1.000000,0.112672,1.000000,165.9,0.001000
22000,0.124156,1.000000,0.126952,1.000000,166.7,0.001000
22100,0.117441,1.000000,0.123712,0.999787,167.4,0.001000
22200,0.136987,1.000000,0.146106,0.999575,168.1,0.001000
22300,0.107978,1.000000,0.111679,1.000000,168.8,0.001000
22400,0.150676,1.000000,0.156078,1.000000,169.6,0.001000
22500,0.134561,0.999575,0.142407,0.999362,170.4,0.001000
22600,0.105243,1.000000,0.108860,1.000000,171.1,0.001000
22700,0.106873,1.000000,0.111053,1.000000,171.9,0.001000
22800,0.143515,1.000000,0.148948,0.999787,172.6,0.001000
22900,0.171813,0.998937,0.179364,0.998300,173.4,0.001000
23000,0.113334,1.000000,0.116932,1.000000,174.1,0.001000
23100,0.127208,1.000000,0.132326,0.999787,174.8,0.001000
23200,0.098674,1.000000,0.102431,1.000000,175.5,0.001000
23300,0.099823,1.000000,0.104325,1.000000,176.4,0.001000
23400,0.142781,0.999575,0.148923,0.999575,177.0,0.001000
23500,0.124195,1.000000,0.128470,1.000000,177.8,0.001000
23600,0.116802,1.000000,0.121211,1.000000,178.6,0.001000
23700,0.101227,1.000000,0.104137,1.000000,179.4,0.001000
23800,0.163755,0.998724,0.169433,0.999575,180.2,0.001000
23900,0.091717,1.000000,0.095252,1.000000,181.0,0.001000
24000,0.161927,1.000000,0.172201,0.999575,181.8,0.001000
24100,0.280046,0.999150,0.296727,0.996387,182.5,0.001000
24200,0.138221,0.999575,0.144206,0.999575,183.3,0.001000
24300,0.154537,1.000000,0.163733,0.999362,184.1,0.001000
24400,0.099080,1.000000,0.101589,1.000000,184.9,0.001000
24500,0.123661,0.999575,0.128024,0.999575,185.8,0.001000
24600,0.155007,1.000000,0.159134,0.999787,186.5,0.001000
24700,0.140806,1.000000,0.144066,0.999787,187.3,0.001000
24800,0.143644,1.000000,0.152794,1.000000,188.0,0.001000
24900,0.100138,1.000000,0.104109,1.000000,188.8,0.001000
25000,0.169298,1.000000,0.174904,1.000000,189.7,0.001000
25100,0.135722,1.000000,0.143072,0.999787,190.5,0.001000
25200,0.133177,0.999787,0.138487,1.000000,191.4,0.001000
25300,0.150961,1.000000,0.156474,0.999787,192.2,0.001000
25400,0.099082,1.000000,0.101451,1.000000,193.0,0.001000
25500,0.119543,1.000000,0.124858,1.000000,193.8,0.001000
25600,0.124851,0.999575,0.129138,1.000000,194.6,0.001000
25700,0.147409,1.000000,0.153159,1.000000,195.4,0.001000
25800,0.125524,1.000000,0.131486,1.000000,196.2,0.001000
25900,0.091765,1.000000,0.095563,1.000000,196.9,0.001000
26000,0.148472,1.000000,0.153009,0.999787,197.7,0.001000
26100,0.112923,1.000000,0.117785,1.000000,198.5,0.001000
26200,0.117375,1.000000,0.121614,1.000000,199.3,0.001000
26300,0.128900,1.000000,0.136848,1.000000,200.1,0.001000
26400,0.118945,1.000000,0.123577,1.000000,200.9,0.001000
26500,0.160390,0.999787,0.165619,0.999787,201.7,0.001000
26600,0.125869,1.000000,0.131378,1.000000,202.5,0.001000
26700,0.140153,0.999787,0.144895,1.000000,203.3,0.001000
26800,0.157864,0.998937,0.163891,0.999150,204.3,0.001000
26900,0.092059,1.000000,0.095856,1.000000,205.1,0.001000
27000,0.150142,1.000000,0.157092,0.999787,205.9,0.001000
27100,0.178705,0.999150,0.186368,0.999362,206.7,0.001000
27200,0.088237,1.000000,0.091717,1.000000,207.5,0.001000
27300,0.162349,0.999150,0.167717,0.998937,208.4,0.001000
27400,0.107708,1.000000,0.113330,1.000000,209.1,0.001000
27500,0.129718,1.000000,0.136166,1.000000,209.9,0.001000
27600,0.114932,0.999787,0.119696,0.999575,210.7,0.001000
27700,0.141788,0.999575,0.148264,0.999575,211.5,0.001000
27800,0.138089,1.000000,0.143854,0.999575,212.3,0.001000
27900,0.109172,1.000000,0.114420,1.000000,213.1,0.001000
28000,0.147311,0.999787,0.153170,1.000000,213.9,0.001000
28100,0.106609,1.000000,0.112214,1.000000,214.7,0.001000
28200,0.129077,1.000000,0.137750,0.999787,215.5,0.001000
28300,0.139195,0.999575,0.144237,0.999575,216.4,0.001000
28400,0.119446,1.000000,0.125992,1.000000,217.3,0.001000
28500,0.135821,1.000000,0.141632,1.000000,218.1,0.001000
28600,0.123360,1.000000,0.127729,1.000000,219.0,0.001000
28700,0.090593,1.000000,0.093181,1.000000,219.7,0.001000
28800,0.132003,1.000000,0.137394,1.000000,220.5,0.001000
28900,0.130935,1.000000,0.135967,1.000000,221.3,0.001000
29000,0.132843,1.000000,0.139926,1.000000,222.0,0.001000
29100,0.175987,0.999362,0.187283,0.998937,222.8,0.001000
29200,0.086127,1.000000,0.089595,1.000000,223.6,0.001000
29300,0.156558,0.999787,0.161550,0.999575,224.4,0.001000
29400,0.092819,1.000000,0.096773,1.000000,225.2,0.001000
29500,0.119753,1.000000,0.123318,0.999787,226.0,0.001000
29600,0.157777,0.998937,0.163560,0.999575,226.8,0.001000
29700,0.122150,1.000000,0.125630,1.000000,227.5,0.001000
29800,0.108116,1.000000,0.113899,1.000000,228.3,0.001000
29900,0.180052,1.000000,0.187165,0.999575,229.1,0.001000
30000,0.117636,1.000000,0.123390,1.000000,229.9,0.001000
30100,0.131484,1.000000,0.136737,0.999787,230.7,0.001000
30200,0.165311,1.000000,0.174340,0.999575,231.5,0.001000
30300,0.121007,1.000000,0.126143,1.000000,232.4,0.001000
30400,0.102163,1.000000,0.105731,1.000000,233.2,0.001000
30500,0.119201,0.999575,0.125359,0.999150,234.0,0.001000
30600,0.164638,0.998512,0.171458,0.998300,234.8,0.001000
30700,0.138108,0.999575,0.144014,0.998512,235.6,0.001000
30800,0.159967,0.999362,0.169827,0.998512,236.4,0.001000
30900,0.114119,1.000000,0.121378,1.000000,237.2,0.001000
31000,0.103729,1.000000,0.107765,0.999787,238.0,0.001000
31100,0.110378,1.000000,0.117068,0.999787,238.8,0.001000
31200,0.115912,1.000000,0.121208,1.000000,239.6,0.001000
31300,0.105710,1.000000,0.110543,1.000000,240.3,0.001000
31400,0.123601,1.000000,0.129778,0.999787,241.1,0.001000
31500,0.203877,0.997662,0.209926,0.996812,241.9,0.001000
31600,0.129372,1.000000,0.134300,1.000000,242.7,0.001000
31700,0.164482,1.000000,0.171703,1.000000,243.5,0.001000
31800,0.120549,1.000000,0.126001,1.000000,244.2,0.001000
31900,0.152832,1.000000,0.160280,0.999787,245.0,0.001000
32000,0.103649,1.000000,0.107172,0.999787,245.8,0.001000
32100,0.165556,1.000000,0.172737,0.999787,246.6,0.001000
32200,0.123512,1.000000,0.129272,1.000000,247.4,0.001000
32300,0.129117,1.000000,0.135720,1.000000,248.2,0.001000
32400,0.155082,1.000000,0.164482,1.000000,249.0,0.001000
32500,0.139859,1.000000,0.146887,0.999787,249.8,0.001000
32600,0.193965,0.997662,0.201433,0.997875,250.7,0.001000
32700,0.139636,1.000000,0.144354,1.000000,251.5,0.001000
32800,0.174524,0.999787,0.185972,0.999575,252.2,0.001000
32900,0.116584,1.000000,0.120255,1.000000,253.0,0.001000
33000,0.113614,1.000000,0.119053,1.000000,253.9,0.001000
33100,0.124213,1.000000,0.127919,1.000000,254.9,0.001000
33200,0.154495,0.999362,0.163049,0.999787,255.7,0.001000
33300,0.168335,0.999362,0.175589,0.999575,256.6,0.001000
33400,0.138848,1.000000,0.146755,1.000000,257.4,0.001000
33500,0.142448,1.000000,0.149027,0.999150,258.2,0.001000
33600,0.122814,0.999787,0.129089,0.999787,259.0,0.001000
33700,0.120540,1.000000,0.124838,1.000000,259.7,0.001000
33800,0.120846,1.000000,0.125740,1.000000,260.5,0.001000
33900,0.146701,1.000000,0.152600,1.000000,261.3,0.001000
34000,0.122446,1.000000,0.125789,0.999787,262.1,0.001000
34100,0.121592,1.000000,0.126163,1.000000,262.9,0.001000
34200,0.095433,1.000000,0.099734,1.000000,263.8,0.001000
34300,0.100690,1.000000,0.106176,0.999787,264.7,0.001000
34400,0.091212,1.000000,0.095685,1.000000,265.6,0.001000
34500,0.095378,1.000000,0.099717,1.000000,266.5,0.001000
34600,0.097184,1.000000,0.101612,1.000000,267.5,0.001000
34700,0.115040,1.000000,0.118968,1.000000,268.3,0.001000
34800,0.143632,1.000000,0.148879,1.000000,269.0,0.001000
34900,0.100328,1.000000,0.103501,1.000000,269.8,0.001000
35000,0.096812,1.000000,0.101609,1.000000,270.5,0.001000
35100,0.110173,1.000000,0.115324,1.000000,271.2,0.001000
35200,0.096652,1.000000,0.101132,1.000000,272.0,0.001000
35300,0.116551,1.000000,0.120699,1.000000,272.8,0.001000
35400,0.122600,1.000000,0.129309,1.000000,273.5,0.001000
35500,0.137634,1.000000,0.143465,1.000000,274.3,0.001000
35600,0.212869,0.997236,0.222902,0.996599,275.0,0.001000
35700,0.117223,1.000000,0.122660,1.000000,275.7,0.001000
35800,0.129892,1.000000,0.136696,1.000000,276.6,0.001000
35900,0.136454,1.000000,0.142088,0.999787,277.5,0.001000
36000,0.152413,0.999787,0.160504,1.000000,278.3,0.001000
36100,0.145409,0.999787,0.153234,0.999787,279.1,0.001000
36200,0.101859,1.000000,0.106358,1.000000,280.0,0.001000
36300,0.161642,0.999575,0.169398,0.999362,280.8,0.001000
36400,0.117307,1.000000,0.121852,1.000000,281.5,0.001000
36500,0.107066,1.000000,0.112207,1.000000,282.2,0.001000
36600,0.146400,1.000000,0.151041,1.000000,282.9,0.001000
36700,0.103370,1.000000,0.106817,1.000000,283.7,0.001000
36800,0.110500,1.000000,0.115052,1.000000,284.5,0.001000
36900,0.120280,1.000000,0.125565,1.000000,285.3,0.001000
37000,0.127708,1.000000,0.131364,1.000000,286.0,0.001000
37100,0.140430,1.000000,0.146387,0.999787,286.8,0.001000
37200,0.159508,1.000000,0.167441,0.998512,287.6,0.001000
37300,0.099003,1.000000,0.102107,1.000000,288.4,0.001000
37400,0.123816,0.999787,0.127561,1.000000,289.2,0.001000
37500,0.136405,1.000000,0.140868,1.000000,289.9,0.001000
37600,0.124944,0.998937,0.129085,0.999362,290.6,0.001000
37700,0.092988,1.000000,0.096378,1.000000,291.3,0.001000
37800,0.144053,1.000000,0.149021,1.000000,292.0,0.001000
37900,0.113644,1.000000,0.116968,1.000000,292.7,0.001000
38000,0.117099,1.000000,0.121163,0.999787,293.4,0.001000
38100,0.111456,1.000000,0.115870,1.000000,294.1,0.001000
38200,0.144640,0.999787,0.152160,0.999787,294.8,0.001000
38300,0.108173,1.000000,0.113553,1.000000,295.5,0.001000
38400,0.199702,0.998937,0.209444,0.999575,296.2,0.001000
38500,0.110033,1.000000,0.114325,1.000000,297.0,0.001000
38600,0.148844,1.000000,0.154088,1.000000,297.7,0.001000
38700,0.119565,1.000000,0.123818,1.000000,298.4,0.001000
38800,0.118032,1.000000,0.123149,1.000000,299.1,0.001000
38900,0.094701,1.000000,0.098981,1.000000,299.8,0.001000
39000,0.127795,1.000000,0.135882,1.000000,300.5,0.001000
39100,0.137645,1.000000,0.143765,1.000000,301.2,0.001000
39200,0.119586,0.999787,0.122915,1.000000,301.9,0.001000
39300,0.100993,1.000000,0.104868,0.999787,302.7,0.001000
39400,0.134820,1.000000,0.138841,1.000000,303.4,0.001000
39500,0.116791,1.000000,0.121476,1.000000,304.1,0.001000
39600,0.122531,1.000000,0.127384,1.000000,304.8,0.001000
39700,0.149011,1.000000,0.159344,0.999150,305.5,0.001000
39800,0.083030,1.000000,0.086270,0.999787,306.2,0.001000
39900,0.154363,1.000000,0.158559,0.999787,306.9,0.001000
40000,0.120804,1.000000,0.125044,1.000000,307.6,0.001000
40100,0.134081,0.999575,0.144387,0.998725,308.3,0.001000
40200,0.099766,0.999787,0.102927,1.000000,309.0,0.001000
40300,0.192354,0.999362,0.198196,0.998512,309.7,0.001000
40400,0.099057,1.000000,0.102769,1.000000,310.5,0.001000
40500,0.086520,1.000000,0.090433,1.000000,311.3,0.001000
40600,0.111178,1.000000,0.117229,0.999787,312.0,0.001000
40700,0.107422,1.000000,0.111152,1.000000,312.8,0.001000
40800,0.187116,0.999150,0.195914,0.999575,313.5,0.001000
40900,0.248090,0.997236,0.254462,0.997875,314.2,0.001000
41000,0.087715,1.000000,0.090944,1.000000,314.9,0.001000
41100,0.115553,1.000000,0.117497,1.000000,315.7,0.001000
41200,0.098113,1.000000,0.102050,1.000000,316.4,0.001000
41300,0.117436,1.000000,0.121840,1.000000,317.1,0.001000
41400,0.086559,1.000000,0.090907,1.000000,317.8,0.001000
41500,0.116112,1.000000,0.119856,1.000000,318.5,0.001000
41600,0.135251,1.000000,0.141160,0.999787,319.2,0.001000
41700,0.192380,0.997874,0.200271,0.997662,320.0,0.001000
41800,0.137308,1.000000,0.142449,0.999787,320.7,0.001000
41900,0.107900,1.000000,0.110761,1.000000,321.5,0.001000
42000,0.110085,1.000000,0.115232,1.000000,322.2,0.001000
42100,0.112897,1.000000,0.117750,1.000000,322.9,0.001000
42200,0.113351,1.000000,0.118873,0.999787,323.8,0.001000
42300,0.111881,1.000000,0.113925,1.000000,324.8,0.001000
42400,0.120622,1.000000,0.125271,1.000000,325.7,0.001000
42500,0.133767,1.000000,0.137549,1.000000,326.5,0.001000
42600,0.114544,1.000000,0.118389,1.000000,327.4,0.001000
42700,0.132534,1.000000,0.137321,1.000000,328.2,0.001000
42800,0.142890,1.000000,0.148502,1.000000,329.1,0.001000
42900,0.105507,1.000000,0.110842,1.000000,329.9,0.001000
43000,0.095340,1.000000,0.099416,1.000000,330.7,0.001000
43100,0.104564,1.000000,0.107407,0.999787,331.5,0.001000
43200,0.148849,1.000000,0.153515,0.999362,332.2,0.001000
43300,0.124034,0.999787,0.129530,1.000000,333.0,0.001000
43400,0.109558,1.000000,0.112992,1.000000,333.8,0.001000
43500,0.136180,1.000000,0.141285,1.000000,334.6,0.001000
43600,0.104936,0.999787,0.111743,1.000000,335.3,0.001000
43700,0.100030,1.000000,0.103175,1.000000,336.0,0.001000
43800,0.129363,1.000000,0.135939,1.000000,336.8,0.001000
43900,0.104237,1.000000,0.109457,1.000000,337.6,0.001000
44000,0.156173,0.999787,0.165103,0.998725,338.4,0.001000
44100,0.111982,1.000000,0.116339,1.000000,339.2,0.001000
44200,0.127933,1.000000,0.132163,1.000000,340.0,0.001000
44300,0.140186,0.999575,0.143382,1.000000,340.9,0.001000
44400,0.087058,1.000000,0.091352,1.000000,341.8,0.001000
44500,0.134299,0.999787,0.140388,0.999787,342.6,0.001000
44600,0.097031,1.000000,0.100852,1.000000,343.4,0.001000
44700,0.179811,0.993835,0.183232,0.994261,344.1,0.001000
44800,0.108794,1.000000,0.112759,1.000000,344.8,0.001000
44900,0.091446,1.000000,0.095533,1.000000,345.5,0.001000
45000,0.119546,1.000000,0.125535,1.000000,346.3,0.001000
45100,0.113092,1.000000,0.116844,1.000000,347.0,0.001000
45200,0.089822,1.000000,0.095238,1.000000,347.7,0.001000
45300,0.096999,1.000000,0.102256,1.000000,348.4,0.001000
45400,0.120815,1.000000,0.126378,1.000000,349.2,0.001000
45500,0.193650,0.998512,0.201603,0.997875,349.8,0.001000
45600,0.102328,1.000000,0.104981,1.000000,350.5,0.001000
45700,0.139229,0.999787,0.145333,1.000000,351.2,0.001000
45800,0.094905,1.000000,0.099602,0.999787,351.9,0.001000
45900,0.124312,1.000000,0.129212,1.000000,352.7,0.001000
46000,0.142257,1.000000,0.148005,1.000000,353.4,0.001000
46100,0.151928,1.000000,0.159722,1.000000,354.1,0.001000
46200,0.409718,0.969813,0.424516,0.967906,354.8,0.001000
46300,0.091167,1.000000,0.095036,1.000000,355.5,0.001000
46400,0.092034,1.000000,0.095134,1.000000,356.3,0.001000
46500,0.112093,1.000000,0.117013,0.999787,357.0,0.001000
46600,0.138554,1.000000,0.143800,1.000000,357.7,0.001000
46700,0.107654,1.000000,0.113007,0.999575,358.5,0.001000
46800,0.097856,1.000000,0.100626,1.000000,359.2,0.001000
46900,0.112799,1.000000,0.118494,1.000000,359.9,0.001000
47000,0.095888,1.000000,0.100871,1.000000,360.7,0.001000
47100,0.101066,1.000000,0.104465,1.000000,361.4,0.001000
47200,0.082877,1.000000,0.086047,1.000000,362.2,0.001000
47300,0.102863,1.000000,0.107920,1.000000,362.9,0.001000
47400,0.131444,1.000000,0.135813,1.000000,363.7,0.001000
47500,0.100636,1.000000,0.105033,1.000000,364.5,0.001000
47600,0.101917,1.000000,0.105869,1.000000,365.3,0.001000
47700,0.124566,1.000000,0.127579,0.999575,366.1,0.001000
47800,0.109978,1.000000,0.115565,1.000000,366.9,0.001000
47900,0.092253,1.000000,0.095208,1.000000,367.6,0.001000
48000,0.107090,1.000000,0.110441,1.000000,368.3,0.001000
48100,0.133528,1.000000,0.140424,0.999575,369.1,0.001000
48200,0.095503,1.000000,0.098155,1.000000,369.9,0.001000
48300,0.093369,1.000000,0.097261,1.000000,370.8,0.001000
48400,0.120643,1.000000,0.125482,1.000000,371.5,0.001000
48500,0.096753,1.000000,0.101660,1.000000,372.3,0.001000
48600,0.088017,1.000000,0.090684,1.000000,373.1,0.001000
48700,0.068902,1.000000,0.071677,1.000000,373.9,0.001000
48800,0.122673,1.000000,0.127223,0.999787,374.6,0.001000
48900,0.092063,1.000000,0.095957,1.000000,375.4,0.001000
49000,0.132039,1.000000,0.138284,0.999575,376.2,0.001000
49100,0.099859,1.000000,0.103635,1.000000,377.0,0.001000
49200,0.096099,1.000000,0.100879,1.000000,377.8,0.001000
49300,0.098290,1.000000,0.101894,1.000000,378.6,0.001000
49400,0.093226,1.000000,0.097486,1.000000,379.3,0.001000
49500,0.119966,1.000000,0.125063,0.999787,380.1,0.001000
49600,0.095513,1.000000,0.099647,1.000000,380.9,0.001000
49700,0.090179,1.000000,0.093343,1.000000,381.6,0.001000
49800,0.145842,0.999362,0.153892,0.999362,382.4,0.001000
49900,0.080448,1.000000,0.083936,1.000000,383.2,0.001000
50000,0.094997,1.000000,0.098452,1.000000,384.1,0.001000
50100,0.126905,0.999787,0.133216,1.000000,384.9,0.001000
50200,0.096143,1.000000,0.099019,1.000000,385.7,0.001000
50300,0.110003,1.000000,0.114214,1.000000,386.6,0.001000
50400,0.161016,1.000000,0.169361,1.000000,387.5,0.001000
50500,0.097492,1.000000,0.102894,1.000000,388.4,0.001000
50600,0.075773,1.000000,0.078115,1.000000,389.2,0.001000
50700,0.126985,1.000000,0.133584,1.000000,390.2,0.001000
50800,0.100117,1.000000,0.104675,1.000000,390.9,0.001000
50900,0.069081,1.000000,0.071981,1.000000,391.7,0.001000
51000,0.090256,1.000000,0.094406,1.000000,392.6,0.001000
51100,0.080190,1.000000,0.083641,1.000000,393.4,0.001000
51200,0.106088,1.000000,0.108521,1.000000,394.1,0.001000
51300,0.106054,1.000000,0.110375,1.000000,394.9,0.001000
51400,0.079147,1.000000,0.081980,1.000000,395.6,0.001000
51500,0.095910,1.000000,0.101615,0.999575,396.4,0.001000
51600,0.066513,1.000000,0.069252,1.000000,397.1,0.001000
51700,0.094681,1.000000,0.098628,1.000000,397.9,0.001000
51800,0.101050,1.000000,0.105387,1.000000,398.7,0.001000
51900,0.106698,1.000000,0.111054,1.000000,399.5,0.001000
52000,0.092887,1.000000,0.095840,1.000000,400.3,0.001000
52100,0.105066,1.000000,0.108142,1.000000,401.1,0.001000
52200,0.090282,1.000000,0.093123,1.000000,401.9,0.001000
52300,0.109129,1.000000,0.114209,1.000000,402.8,0.001000
52400,0.099576,1.000000,0.105187,1.000000,403.5,0.001000
52500,0.100590,1.000000,0.105834,1.000000,404.2,0.001000
52600,0.113740,0.999787,0.117161,0.999787,405.0,0.001000
52700,0.135457,1.000000,0.141815,1.000000,405.7,0.001000
52800,0.147615,0.998512,0.148909,0.999362,406.5,0.001000
52900,0.096910,1.000000,0.100808,1.000000,407.2,0.001000
53000,0.092091,1.000000,0.096258,1.000000,408.0,0.001000
53100,0.097504,1.000000,0.099411,1.000000,408.8,0.001000
53200,0.088496,1.000000,0.091899,1.000000,409.5,0.001000
53300,0.105379,1.000000,0.110913,1.000000,410.2,0.001000
53400,0.089480,1.000000,0.093880,1.000000,411.0,0.001000
53500,0.107375,1.000000,0.113087,1.000000,411.8,0.001000
53600,0.075357,1.000000,0.078007,1.000000,412.5,0.001000
53700,0.087387,1.000000,0.090166,1.000000,413.2,0.001000
53800,0.109419,1.000000,0.112424,1.000000,414.0,0.001000
53900,0.105632,1.000000,0.108786,1.000000,414.7,0.001000
54000,0.300414,0.985119,0.305778,0.982784,415.4,0.001000
54100,0.115953,1.000000,0.120453,0.999787,416.2,0.001000
54200,0.108481,0.999787,0.112566,0.999787,416.9,0.001000
54300,0.094117,1.000000,0.097685,1.000000,417.6,0.001000
54400,0.097606,1.000000,0.101753,1.000000,418.4,0.001000
54500,0.138980,1.000000,0.143456,1.000000,419.1,0.001000
54600,0.075530,1.000000,0.079747,1.000000,419.9,0.001000
54700,0.139217,1.000000,0.145657,1.000000,420.7,0.001000
54800,0.091806,1.000000,0.095087,1.000000,421.4,0.001000
54900,0.167091,0.999362,0.171879,0.999787,422.2,0.001000
55000,0.088741,1.000000,0.093990,1.000000,423.0,0.001000
55100,0.110109,1.000000,0.116667,0.999787,423.8,0.001000
55200,0.099875,1.000000,0.104259,1.000000,424.5,0.001000
55300,0.102873,1.000000,0.107616,1.000000,425.3,0.001000
55400,0.080652,1.000000,0.083670,1.000000,426.1,0.001000
55500,0.102405,1.000000,0.107007,1.000000,426.9,0.001000
55600,0.108581,1.000000,0.113805,1.000000,427.6,0.001000
55700,0.084670,1.000000,0.087639,1.000000,428.4,0.001000
55800,0.142919,1.000000,0.149950,1.000000,429.1,0.001000
55900,0.087110,1.000000,0.090815,1.000000,429.9,0.001000
56000,0.062821,1.000000,0.065616,1.000000,430.8,0.001000
56100,0.116715,1.000000,0.121731,0.999575,431.7,0.001000
56200,0.106300,1.000000,0.110846,1.000000,432.4,0.001000
56300,0.141127,1.000000,0.146380,1.000000,433.2,0.001000
56400,0.087444,1.000000,0.092200,1.000000,434.0,0.001000
56500,0.114415,1.000000,0.116997,1.000000,434.7,0.001000
56600,0.093522,1.000000,0.095751,1.000000,435.4,0.001000
56700,0.096035,1.000000,0.100135,1.000000,436.1,0.001000
56800,0.128255,1.000000,0.135625,1.000000,436.8,0.001000
56900,0.078096,1.000000,0.081772,1.000000,437.5,0.001000
57000,0.096373,1.000000,0.098391,1.000000,438.2,0.001000
57100,0.082060,1.000000,0.085240,1.000000,438.9,0.001000
57200,0.097189,1.000000,0.101373,1.000000,439.6,0.001000
57300,0.112866,1.000000,0.117571,1.000000,440.5,0.001000
57400,0.148891,0.999787,0.155374,0.999787,441.3,0.001000
57500,0.135582,1.000000,0.141165,0.999362,442.0,0.001000
57600,0.078120,1.000000,0.082004,1.000000,442.8,0.001000
57700,0.096944,1.000000,0.103456,1.000000,443.5,0.001000
57800,0.075937,1.000000,0.078117,1.000000,444.4,0.001000
57900,0.100925,1.000000,0.102551,1.000000,445.2,0.001000
58000,0.091082,1.000000,0.096422,1.000000,446.1,0.001000
58100,0.098929,1.000000,0.103382,1.000000,447.0,0.001000
58200,0.117303,1.000000,0.122088,1.000000,447.9,0.001000
58300,0.084638,1.000000,0.088513,1.000000,448.7,0.001000
58400,0.092136,1.000000,0.094983,1.000000,449.5,0.001000
58500,0.081907,1.000000,0.084855,1.000000,450.4,0.001000
58600,0.096903,1.000000,0.100855,1.000000,451.1,0.001000
58700,0.099079,1.000000,0.102749,1.000000,451.9,0.001000
58800,0.139348,0.999787,0.147964,0.999362,452.6,0.001000
58900,0.125247,1.000000,0.130042,1.000000,453.3,0.001000
59000,0.083268,1.000000,0.086395,1.000000,454.0,0.001000
59100,0.120916,0.999362,0.127788,0.997450,454.8,0.001000
59200,0.135852,0.999787,0.143326,0.999362,455.6,0.001000
59300,0.098193,1.000000,0.103312,1.000000,456.3,0.001000
59400,0.088654,1.000000,0.092912,1.000000,457.0,0.001000
59500,0.091006,1.000000,0.094699,1.000000,457.8,0.001000
59600,0.117198,0.999787,0.123197,1.000000,458.7,0.001000
59700,0.084465,1.000000,0.086910,1.000000,459.5,0.001000
59800,0.086763,1.000000,0.089547,1.000000,460.3,0.001000
59900,0.101833,1.000000,0.105777,1.000000,461.1,0.001000
60000,0.112515,1.000000,0.118947,1.000000,462.0,0.001000
60100,0.087464,1.000000,0.092071,1.000000,462.8,0.001000
60200,0.115394,1.000000,0.121392,1.000000,463.5,0.001000
60300,0.084644,1.000000,0.088961,1.000000,464.2,0.001000
60400,0.118420,1.000000,0.122764,0.999575,465.0,0.001000
60500,0.063953,1.000000,0.066116,1.000000,465.8,0.001000
60600,0.081457,1.000000,0.084224,1.000000,466.5,0.001000
60700,0.088787,1.000000,0.091534,1.000000,467.2,0.001000
60800,0.078601,1.000000,0.083054,1.000000,467.9,0.001000
60900,0.069832,1.000000,0.073202,1.000000,468.6,0.001000
61000,0.200787,0.998087,0.209743,0.997450,469.3,0.001000
61100,0.063782,1.000000,0.066080,1.000000,470.1,0.001000
61200,0.125737,0.999575,0.129079,0.999575,470.8,0.001000
61300,0.130735,1.000000,0.134371,1.000000,471.6,0.001000
61400,0.094008,1.000000,0.096782,1.000000,472.3,0.001000
61500,0.095854,1.000000,0.102318,1.000000,473.1,0.001000
61600,0.109272,1.000000,0.113712,1.000000,473.8,0.001000
61700,0.086198,1.000000,0.089973,1.000000,474.5,0.001000
61800,0.120969,1.000000,0.125776,1.000000,475.3,0.001000
61900,0.085957,1.000000,0.089539,1.000000,476.0,0.001000
62000,0.076516,1.000000,0.080110,0.999787,476.7,0.001000
62100,0.074306,1.000000,0.077716,1.000000,477.5,0.001000
62200,0.090613,1.000000,0.093501,1.000000,478.1,0.001000
62300,0.108943,1.000000,0.114170,0.999787,478.8,0.001000
62400,0.120000,1.000000,0.124553,0.999787,479.6,0.001000
62500,0.110027,1.000000,0.113887,1.000000,480.2,0.001000
62600,0.121713,0.999787,0.124081,0.999787,480.9,0.001000
62700,0.076120,1.000000,0.079951,1.000000,481.6,0.001000
62800,0.123502,1.000000,0.130480,0.998937,482.4,0.001000
62900,0.091641,1.000000,0.094268,1.000000,483.1,0.001000
63000,0.152348,0.999575,0.160080,0.998937,483.9,0.001000
63100,0.117044,1.000000,0.121331,1.000000,484.6,0.001000
63200,0.089432,1.000000,0.092521,1.000000,485.3,0.001000
63300,0.084617,1.000000,0.087861,1.000000,486.1,0.001000
63400,0.110423,1.000000,0.114173,1.000000,486.9,0.001000
63500,0.083552,1.000000,0.086386,1.000000,487.6,0.001000
63600,0.080337,1.000000,0.083977,1.000000,488.4,0.001000
63700,0.089517,1.000000,0.093289,1.000000,489.2,0.001000
63800,0.101168,1.000000,0.106012,1.000000,489.8,0.001000
63900,0.093371,1.000000,0.097298,1.000000,490.5,0.001000
64000,0.081613,1.000000,0.084564,1.000000,491.3,0.001000
64100,0.084542,1.000000,0.087276,1.000000,492.0,0.001000
64200,0.096042,1.000000,0.099925,1.000000,492.7,0.001000
64300,0.110972,1.000000,0.118869,1.000000,493.5,0.001000
64400,0.069466,1.000000,0.072576,1.000000,494.2,0.001000
64500,0.166272,0.999150,0.170185,0.999362,495.0,0.001000
64600,0.089840,1.000000,0.094046,1.000000,495.8,0.001000
64700,0.103857,1.000000,0.107663,1.000000,496.5,0.001000
64800,0.065737,1.000000,0.068071,1.000000,497.3,0.001000
64900,0.089154,1.000000,0.092832,1.000000,498.0,0.001000
65000,0.079357,1.000000,0.083326,1.000000,498.8,0.001000
65100,0.098403,1.000000,0.102622,1.000000,499.6,0.001000
65200,0.102923,1.000000,0.106615,1.000000,500.4,0.001000
65300,0.123054,1.000000,0.132214,0.999787,501.1,0.001000
65400,0.108045,1.000000,0.113308,1.000000,501.9,0.001000
65500,0.090827,1.000000,0.094034,1.000000,502.6,0.001000
65600,0.085645,1.000000,0.088589,1.000000,503.3,0.001000
65700,0.093279,1.000000,0.096414,1.000000,504.3,0.001000
65800,0.093603,1.000000,0.096677,1.000000,505.1,0.001000
65900,0.085157,1.000000,0.089515,1.000000,506.0,0.001000
66000,0.098481,1.000000,0.101247,1.000000,506.9,0.001000
66100,0.086116,1.000000,0.089958,1.000000,507.6,0.001000
66200,0.084209,1.000000,0.087895,1.000000,508.4,0.001000
66300,0.128037,1.000000,0.137109,0.999362,509.1,0.001000
66400,0.106361,1.000000,0.112541,1.000000,509.8,0.001000
66500,0.082559,1.000000,0.086272,1.000000,510.6,0.001000
66600,0.077242,1.000000,0.079951,1.000000,511.3,0.001000
66700,0.109331,1.000000,0.114468,1.000000,511.9,0.001000
66800,0.115077,1.000000,0.119555,1.000000,512.6,0.001000
66900,0.110180,0.999787,0.115541,0.999787,513.3,0.001000
67000,0.102570,1.000000,0.107482,1.000000,514.0,0.001000
67100,0.086494,1.000000,0.090415,1.000000,514.8,0.001000
67200,0.124004,1.000000,0.130447,1.000000,515.5,0.001000
67300,0.090684,1.000000,0.094592,0.999787,516.2,0.001000
67400,0.113448,1.000000,0.119778,1.000000,517.0,0.001000
67500,0.098995,0.999787,0.102198,1.000000,517.7,0.001000
67600,0.089422,1.000000,0.092920,1.000000,518.5,0.001000
67700,0.128347,1.000000,0.131912,1.000000,519.1,0.001000
67800,0.079498,1.000000,0.082240,1.000000,519.8,0.001000
67900,0.105423,1.000000,0.108600,1.000000,520.6,0.001000
68000,0.089075,1.000000,0.092114,1.000000,521.4,0.001000
68100,0.091402,1.000000,0.096551,1.000000,522.1,0.001000
68200,0.104269,0.999787,0.108714,1.000000,522.9,0.001000
68300,0.095155,1.000000,0.099151,1.000000,523.6,0.001000
68400,0.167323,0.996599,0.174009,0.997237,524.4,0.001000
68500,0.118212,0.999787,0.123193,0.999787,525.2,0.001000
68600,0.078264,1.000000,0.082330,1.000000,525.9,0.001000
68700,0.107969,1.000000,0.110554,0.999787,526.7,0.001000
68800,0.090109,1.000000,0.093035,1.000000,527.5,0.001000
68900,0.173096,1.000000,0.180494,0.999575,528.3,0.001000
69000,0.113099,1.000000,0.119319,1.000000,529.0,0.001000
69100,0.100434,1.000000,0.106987,1.000000,529.8,0.001000
69200,0.092493,1.000000,0.095545,1.000000,530.6,0.001000
69300,0.150242,0.999575,0.155196,1.000000,531.3,0.001000
69400,0.077547,1.000000,0.080447,1.000000,532.1,0.001000
69500,0.175004,0.997236,0.180617,0.997237,532.8,0.001000
69600,0.098707,1.000000,0.102458,1.000000,533.6,0.001000
69700,0.121009,0.999787,0.125567,1.000000,534.3,0.001000
69800,0.098478,1.000000,0.102521,1.000000,535.1,0.001000
69900,0.094585,1.000000,0.098586,1.000000,535.9,0.001000
70000,0.114159,1.000000,0.117173,1.000000,536.6,0.001000
70100,0.080019,1.000000,0.082570,1.000000,537.4,0.001000
70200,0.089124,1.000000,0.093172,1.000000,538.2,0.001000
70300,0.089149,1.000000,0.093982,1.000000,539.0,0.001000
70400,0.077170,1.000000,0.080218,1.000000,539.8,0.001000
70500,0.078778,1.000000,0.081342,1.000000,540.5,0.001000
70600,0.106026,1.000000,0.111859,0.999787,541.3,0.001000
70700,0.095509,1.000000,0.098840,1.000000,542.1,0.001000
70800,0.104435,1.000000,0.108273,1.000000,542.9,0.001000
70900,0.100251,1.000000,0.105774,1.000000,543.6,0.001000
71000,0.108068,1.000000,0.116258,1.000000,544.4,0.001000
71100,0.083676,1.000000,0.086941,1.000000,545.2,0.001000
71200,0.098245,1.000000,0.102674,1.000000,546.0,0.001000
71300,0.082361,1.000000,0.085931,1.000000,546.7,0.001000
71400,0.088069,1.000000,0.093565,1.000000,547.5,0.001000
71500,0.148003,0.999787,0.154637,1.000000,548.4,0.001000
71600,0.078512,1.000000,0.081948,1.000000,549.3,0.001000
71700,0.079381,1.000000,0.081742,1.000000,550.0,0.001000
71800,0.110606,1.000000,0.117365,0.999575,550.8,0.001000
71900,0.085215,1.000000,0.089199,1.000000,551.6,0.001000
72000,0.084060,1.000000,0.086912,1.000000,552.4,0.001000
72100,0.082176,1.000000,0.085483,1.000000,553.2,0.001000
72200,0.103073,0.999787,0.107043,1.000000,554.0,0.001000
72300,0.077336,1.000000,0.080398,1.000000,554.8,0.001000
72400,0.092666,1.000000,0.096805,1.000000,555.5,0.001000
72500,0.081736,1.000000,0.084501,1.000000,556.3,0.001000
72600,0.080182,1.000000,0.082900,1.000000,557.1,0.001000
72700,0.119137,1.000000,0.122190,0.999787,557.9,0.001000
72800,0.134719,0.999575,0.141227,0.999787,558.7,0.001000
72900,0.081329,1.000000,0.085950,1.000000,559.5,0.001000
73000,0.078543,1.000000,0.083045,1.000000,560.4,0.001000
73100,0.087191,1.000000,0.090815,1.000000,561.2,0.001000
73200,0.130393,0.999787,0.138524,0.999575,562.0,0.001000
73300,0.087075,1.000000,0.090354,1.000000,562.8,0.001000
73400,0.088068,1.000000,0.090217,1.000000,563.6,0.001000
73500,0.070078,1.000000,0.073085,1.000000,564.5,0.001000
73600,0.089302,1.000000,0.092594,1.000000,565.5,0.001000
73700,0.120758,1.000000,0.125787,1.000000,566.3,0.001000
73800,0.118782,1.000000,0.123573,1.000000,567.2,0.001000
73900,0.103437,1.000000,0.106331,1.000000,568.1,0.001000
74000,0.068431,1.000000,0.071665,1.000000,568.9,0.001000
74100,0.115696,1.000000,0.117652,1.000000,570.0,0.001000
74200,0.158390,0.997024,0.165102,0.996174,570.9,0.001000
74300,0.120308,1.000000,0.123866,1.000000,571.7,0.001000
74400,0.089142,1.000000,0.092598,1.000000,572.5,0.001000
74500,0.096313,1.000000,0.101042,1.000000,573.2,0.001000
74600,0.119875,1.000000,0.125270,1.000000,574.0,0.001000
74700,0.086579,1.000000,0.090351,1.000000,574.7,0.001000
74800,0.080577,1.000000,0.083660,1.000000,575.6,0.001000
74900,0.100955,1.000000,0.106715,1.000000,576.3,0.001000
75000,0.095215,1.000000,0.100269,1.000000,577.1,0.001000
75100,0.125748,1.000000,0.129868,1.000000,577.9,0.001000
75200,0.122011,1.000000,0.126412,1.000000,578.8,0.001000
75300,0.112029,1.000000,0.117794,1.000000,579.6,0.001000
75400,0.125115,0.999787,0.131066,0.999787,580.4,0.001000
75500,0.094237,1.000000,0.098538,1.000000,581.2,0.001000
75600,0.205268,0.998724,0.215117,0.998725,582.1,0.001000
75700,0.135848,0.999787,0.142685,1.000000,582.8,0.001000
75800,0.089768,1.000000,0.093258,1.000000,583.5,0.001000
75900,0.073087,1.000000,0.075874,1.000000,584.2,0.001000
76000,0.098503,1.000000,0.101381,1.000000,585.0,0.001000
76100,0.145450,0.999787,0.153430,0.999787,585.7,0.001000
76200,0.112110,1.000000,0.116676,1.000000,586.5,0.001000
76300,0.140115,1.000000,0.147417,1.000000,587.2,0.001000
76400,0.080751,1.000000,0.085075,1.000000,587.9,0.001000
76500,0.081273,1.000000,0.084659,1.000000,588.6,0.001000
76600,0.100511,1.000000,0.105792,1.000000,589.3,0.001000
76700,0.098139,1.000000,0.102395,1.000000,590.0,0.001000
76800,0.082759,1.000000,0.086416,0.999787,590.7,0.001000
76900,0.076419,1.000000,0.080154,1.000000,591.4,0.001000
77000,0.082398,1.000000,0.085666,1.000000,592.1,0.001000
77100,0.132621,1.000000,0.137454,1.000000,592.8,0.001000
77200,0.113365,1.000000,0.119342,1.000000,593.5,0.001000
77300,0.095343,1.000000,0.098794,1.000000,594.1,0.001000
77400,0.109601,0.999787,0.115499,0.999787,594.8,0.001000
77500,0.088031,0.999575,0.092277,0.999787,595.5,0.001000
77600,0.128038,1.000000,0.133855,1.000000,596.2,0.001000
77700,0.129503,1.000000,0.134947,1.000000,596.9,0.001000
77800,0.073574,1.000000,0.076332,1.000000,597.6,0.001000
77900,0.163393,0.999575,0.170206,0.998937,598.3,0.001000
78000,0.074129,1.000000,0.077453,1.000000,599.0,0.001000
78100,0.084496,1.000000,0.089527,1.000000,599.7,0.001000
78200,0.088193,1.000000,0.091380,1.000000,600.4,0.001000
78300,0.107391,1.000000,0.110781,1.000000,601.1,0.001000
78400,0.083762,1.000000,0.086476,1.000000,601.9,0.001000
78500,0.075191,1.000000,0.078583,1.000000,602.6,0.001000
78600,0.117947,0.999787,0.122321,0.999787,603.3,0.001000
78700,0.093319,1.000000,0.098314,1.000000,604.0,0.001000
78800,0.108750,0.999575,0.115052,0.999787,604.8,0.001000
78900,0.099563,1.000000,0.103693,1.000000,605.6,0.001000
79000,0.077313,1.000000,0.080883,1.000000,606.3,0.001000
79100,0.077329,1.000000,0.081405,1.000000,607.0,0.001000
79200,0.173098,0.997236,0.186767,0.994049,607.8,0.001000
79300,0.111238,1.000000,0.116095,1.000000,608.5,0.001000
79400,0.094132,1.000000,0.098449,1.000000,609.2,0.001000
79500,0.146764,0.998299,0.151712,0.998087,609.8,0.001000
79600,0.087287,1.000000,0.090492,1.000000,610.6,0.001000
79700,0.130887,0.999575,0.137659,1.000000,611.3,0.001000
79800,0.074694,1.000000,0.078669,1.000000,612.1,0.001000
79900,0.113410,1.000000,0.115103,1.000000,612.8,0.001000
80000,0.088181,1.000000,0.092179,1.000000,613.6,0.001000
80100,0.070714,1.000000,0.074020,1.000000,614.3,0.001000
80200,0.079483,1.000000,0.083312,1.000000,615.0,0.001000
80300,0.079656,1.000000,0.082784,1.000000,615.8,0.001000
80400,0.089413,1.000000,0.093151,1.000000,616.5,0.001000
80500,0.087781,1.000000,0.091431,1.000000,617.2,0.001000
80600,0.251905,0.988308,0.260309,0.988948,617.9,0.001000
80700,0.085143,1.000000,0.088413,1.000000,618.7,0.001000
80800,0.102052,1.000000,0.107748,1.000000,619.4,0.001000
80900,0.103381,0.999575,0.108022,1.000000,620.1,0.001000
81000,0.087959,0.999787,0.091583,1.000000,620.9,0.001000
81100,0.084541,1.000000,0.088070,1.000000,621.6,0.001000
81200,0.102814,1.000000,0.105791,1.000000,622.3,0.001000
81300,0.086311,1.000000,0.092221,1.000000,623.0,0.001000
81400,0.078226,1.000000,0.081436,1.000000,623.9,0.001000
81500,0.095448,1.000000,0.099327,1.000000,624.6,0.001000
81600,0.088744,1.000000,0.092026,1.000000,625.4,0.001000
81700,0.084687,1.000000,0.087374,1.000000,626.2,0.001000
81800,0.093933,1.000000,0.098095,1.000000,627.1,0.001000
81900,0.086070,1.000000,0.089197,1.000000,627.9,0.001000
82000,0.095039,0.999787,0.098336,1.000000,628.8,0.001000
82100,0.087297,1.000000,0.090510,1.000000,629.6,0.001000
82200,0.082930,1.000000,0.086692,1.000000,630.5,0.001000
82300,0.103142,1.000000,0.107331,1.000000,631.4,0.001000
82400,0.085518,1.000000,0.090254,1.000000,632.1,0.001000
82500,0.079312,1.000000,0.082671,1.000000,632.9,0.001000
82600,0.090933,1.000000,0.093598,1.000000,633.9,0.001000
82700,0.073062,1.000000,0.075267,1.000000,634.8,0.001000
82800,0.074109,1.000000,0.078535,1.000000,635.6,0.001000
82900,0.098504,1.000000,0.103993,0.999575,636.3,0.001000
83000,0.068394,1.000000,0.070953,1.000000,637.0,0.001000
83100,0.074307,1.000000,0.077127,1.000000,637.6,0.001000
83200,0.091167,1.000000,0.094699,1.000000,638.4,0.001000
83300,0.102819,1.000000,0.107541,1.000000,639.2,0.001000
83400,0.106161,1.000000,0.110837,1.000000,640.0,0.001000
83500,0.108311,1.000000,0.113270,1.000000,640.8,0.001000
83600,0.065045,1.000000,0.067530,1.000000,641.6,0.001000
83700,0.081349,1.000000,0.084257,1.000000,642.3,0.001000
83800,0.102144,0.999575,0.105143,1.000000,643.1,0.001000
83900,0.091292,1.000000,0.095443,1.000000,643.9,0.001000
84000,0.132427,0.999362,0.137341,0.999787,644.7,0.001000
84100,0.099802,1.000000,0.104105,1.000000,645.5,0.001000
84200,0.080272,1.000000,0.083955,1.000000,646.2,0.001000
84300,0.073644,1.000000,0.075726,1.000000,647.0,0.001000
84400,0.098792,1.000000,0.103145,1.000000,647.8,0.001000
84500,0.089717,0.999787,0.094914,1.000000,648.5,0.001000
84600,0.111498,1.000000,0.115495,1.000000,649.3,0.001000
84700,0.071597,1.000000,0.075480,1.000000,650.1,0.001000
84800,0.091809,1.000000,0.096124,0.999575,650.7,0.001000
84900,0.071124,1.000000,0.073833,1.000000,651.4,0.001000
85000,0.095617,1.000000,0.099623,1.000000,652.1,0.001000
85100,0.062149,1.000000,0.064580,1.000000,652.7,0.001000
85200,0.084777,1.000000,0.088835,1.000000,653.4,0.001000
85300,0.092781,1.000000,0.097491,1.000000,654.1,0.001000
85400,0.058143,1.000000,0.060375,1.000000,654.8,0.001000
85500,0.080958,1.000000,0.084121,1.000000,655.4,0.001000
85600,0.088954,1.000000,0.091406,1.000000,656.1,0.001000
85700,0.074845,1.000000,0.076990,1.000000,656.9,0.001000
85800,0.108919,1.000000,0.115441,1.000000,657.7,0.001000
85900,0.090052,1.000000,0.094410,1.000000,658.5,0.001000
86000,0.075260,1.000000,0.077519,1.000000,659.3,0.001000
86100,0.124191,0.999787,0.131041,1.000000,660.1,0.001000
86200,0.077986,1.000000,0.081922,1.000000,660.9,0.001000
86300,0.073771,1.000000,0.076136,1.000000,661.7,0.001000
86400,0.073668,1.000000,0.076803,1.000000,662.5,0.001000
86500,0.077022,1.000000,0.081642,1.000000,663.4,0.001000
86600,0.077813,1.000000,0.080736,1.000000,664.2,0.001000
86700,0.085033,1.000000,0.087487,1.000000,665.0,0.001000
86800,0.070548,1.000000,0.074169,1.000000,665.8,0.001000
86900,0.089651,1.000000,0.092870,1.000000,666.6,0.001000
87000,0.093485,1.000000,0.099284,1.000000,667.4,0.001000
87100,0.079546,1.000000,0.082505,1.000000,668.2,0.001000
87200,0.092459,1.000000,0.096634,1.000000,669.0,0.001000
87300,0.174210,0.996386,0.183121,0.995749,669.8,0.001000
87400,0.069729,1.000000,0.072450,1.000000,670.7,0.001000
87500,0.084849,1.000000,0.089074,1.000000,671.6,0.001000
87600,0.058608,1.000000,0.060480,1.000000,672.3,0.001000
87700,0.089556,1.000000,0.092971,1.000000,673.1,0.001000
87800,0.059526,1.000000,0.062000,1.000000,673.8,0.001000
87900,0.080851,1.000000,0.083825,1.000000,674.6,0.001000
88000,0.066493,1.000000,0.069101,1.000000,675.3,0.001000
88100,0.062460,1.000000,0.064812,1.000000,676.1,0.001000
88200,0.095441,0.999787,0.100638,0.999787,676.9,0.001000
88300,0.059773,1.000000,0.061653,1.000000,677.6,0.001000
88400,0.155389,0.998087,0.161026,0.998512,678.4,0.001000
88500,0.075400,1.000000,0.078853,1.000000,679.2,0.001000
88600,0.104224,0.999787,0.110405,0.999787,679.9,0.001000
88700,0.088459,1.000000,0.093183,1.000000,680.7,0.001000
88800,0.061683,1.000000,0.063340,1.000000,681.5,0.001000
88900,0.096947,1.000000,0.101391,1.000000,682.2,0.001000
89000,0.065295,1.000000,0.068024,1.000000,683.0,0.001000
89100,0.082332,1.000000,0.086801,1.000000,683.9,0.001000
89200,0.059299,1.000000,0.061524,1.000000,684.8,0.001000
89300,0.067294,1.000000,0.070352,1.000000,685.6,0.001000
89400,0.061763,1.000000,0.063731,1.000000,686.4,0.001000
89500,0.065897,1.000000,0.068496,1.000000,687.4,0.001000
89600,0.077259,1.000000,0.080927,1.000000,688.3,0.001000
89700,0.075391,1.000000,0.077284,1.000000,689.1,0.001000
89800,0.078280,1.000000,0.080854,1.000000,690.0,0.001000
89900,0.069693,1.000000,0.072482,1.000000,690.8,0.001000
90000,0.063073,1.000000,0.065822,1.000000,691.6,0.001000
90100,0.068868,0.999787,0.073840,0.999362,692.4,0.001000
90200,0.095495,1.000000,0.099236,1.000000,693.2,0.001000
90300,0.055821,1.000000,0.057805,1.000000,694.0,0.001000
90400,0.073815,1.000000,0.077586,1.000000,694.8,0.001000
90500,0.060910,1.000000,0.062684,1.000000,695.6,0.001000
90600,0.051142,1.000000,0.052822,1.000000,696.5,0.001000
90700,0.050313,1.000000,0.052156,1.000000,697.2,0.001000
90800,0.081199,1.000000,0.085108,1.000000,698.0,0.001000
90900,0.071137,1.000000,0.074165,1.000000,698.9,0.001000
91000,0.054758,1.000000,0.056269,1.000000,699.7,0.001000
91100,0.097916,1.000000,0.103024,1.000000,700.6,0.001000
91200,0.061249,1.000000,0.063648,1.000000,701.4,0.001000
91300,0.068018,1.000000,0.070358,1.000000,702.3,0.001000
91400,0.058702,1.000000,0.061112,1.000000,703.1,0.001000
91500,0.064780,1.000000,0.067075,1.000000,703.9,0.001000
91600,0.076077,1.000000,0.078667,1.000000,704.7,0.001000
91700,0.069431,1.000000,0.071989,1.000000,705.5,0.001000
91800,0.083395,1.000000,0.085671,1.000000,706.3,0.001000
91900,0.072551,1.000000,0.075558,1.000000,707.0,0.001000
92000,0.065358,1.000000,0.067990,1.000000,707.8,0.001000
92100,0.087206,0.999787,0.090254,1.000000,708.6,0.001000
92200,0.066469,1.000000,0.068330,1.000000,709.3,0.001000
92300,0.066785,1.000000,0.069900,1.000000,710.0,0.001000
92400,0.065241,1.000000,0.067729,1.000000,710.8,0.001000
92500,0.095299,1.000000,0.096887,1.000000,711.5,0.001000
92600,0.081246,0.999787,0.085511,0.999787,712.3,0.001000
92700,0.075684,1.000000,0.078579,1.000000,713.0,0.001000
92800,0.071237,1.000000,0.075444,1.000000,713.8,0.001000
92900,0.053794,1.000000,0.055912,1.000000,714.5,0.001000
93000,0.063101,1.000000,0.065600,1.000000,715.3,0.001000
93100,0.064817,1.000000,0.067784,1.000000,716.0,0.001000
93200,0.076163,1.000000,0.078808,1.000000,716.7,0.001000
93300,0.067849,1.000000,0.070698,1.000000,717.5,0.001000
93400,0.059882,1.000000,0.062452,1.000000,718.2,0.001000
93500,0.064190,1.000000,0.066571,1.000000,718.9,0.001000
93600,0.079637,0.999787,0.083630,0.999787,719.7,0.001000
93700,0.055211,1.000000,0.057446,1.000000,720.4,0.001000
93800,0.074146,1.000000,0.077591,1.000000,721.2,0.001000
93900,0.063585,1.000000,0.066341,1.000000,721.9,0.001000
94000,0.067061,1.000000,0.069656,1.000000,722.7,0.001000
94100,0.052728,1.000000,0.054641,1.000000,723.4,0.001000
94200,0.055769,1.000000,0.057892,1.000000,724.2,0.001000
94300,0.056081,1.000000,0.057885,1.000000,724.9,0.001000
94400,0.065166,1.000000,0.068042,1.000000,725.7,0.001000
94500,0.067272,1.000000,0.070100,1.000000,726.5,0.001000
94600,0.067489,1.000000,0.069953,1.000000,727.2,0.001000
94700,0.063608,1.000000,0.066431,1.000000,728.0,0.001000
94800,0.079400,1.000000,0.083830,1.000000,728.7,0.001000
94900,0.059620,1.000000,0.061776,1.000000,729.5,0.001000
95000,0.084533,1.000000,0.086768,1.000000,730.3,0.001000
95100,0.059540,1.000000,0.061782,1.000000,731.1,0.001000
95200,0.054559,1.000000,0.056297,1.000000,731.9,0.001000
95300,0.058402,1.000000,0.061141,1.000000,732.6,0.001000
95400,0.068859,1.000000,0.072851,1.000000,733.4,0.001000
95500,0.053984,1.000000,0.055579,1.000000,734.1,0.001000
95600,0.075288,1.000000,0.078413,1.000000,734.9,0.001000
95700,0.071043,1.000000,0.074776,1.000000,735.6,0.001000
95800,0.068776,1.000000,0.071322,1.000000,736.4,0.001000
95900,0.065940,1.000000,0.068050,1.000000,737.1,0.001000
96000,0.068617,1.000000,0.072028,1.000000,737.9,0.001000
96100,0.087331,0.999787,0.090795,0.999787,738.6,0.001000
96200,0.058401,1.000000,0.060485,1.000000,739.3,0.001000
96300,0.076274,1.000000,0.079182,1.000000,740.0,0.001000
96400,0.060678,1.000000,0.062498,1.000000,740.8,0.001000
96500,0.066453,1.000000,0.068396,1.000000,741.6,0.001000
96600,0.061451,1.000000,0.064152,1.000000,742.3,0.001000
96700,0.061454,1.000000,0.065030,1.000000,743.0,0.001000
96800,0.105023,1.000000,0.108853,0.999787,743.9,0.001000
96900,0.059892,1.000000,0.062295,1.000000,744.7,0.001000
97000,0.068342,1.000000,0.071654,1.000000,745.3,0.001000
97100,0.079396,1.000000,0.082517,1.000000,746.1,0.001000
97200,0.079541,1.000000,0.081436,1.000000,746.9,0.001000
97300,0.067633,1.000000,0.070455,1.000000,747.6,0.001000
97400,0.083936,1.000000,0.086047,1.000000,748.4,0.001000
97500,0.074410,1.000000,0.077250,1.000000,749.1,0.001000
97600,0.067503,1.000000,0.070159,1.000000,749.7,0.001000
97700,0.069192,1.000000,0.072099,1.000000,750.5,0.001000
97800,0.103300,0.999575,0.106534,1.000000,751.1,0.001000
97900,0.060063,1.000000,0.062160,1.000000,751.9,0.001000
98000,0.069676,1.000000,0.071416,1.000000,752.7,0.001000
98100,0.061997,1.000000,0.065633,1.000000,753.5,0.001000
98200,0.069706,1.000000,0.073125,1.000000,754.1,0.001000
98300,0.047244,1.000000,0.048993,1.000000,754.9,0.001000
98400,0.067213,1.000000,0.069927,1.000000,755.6,0.001000
98500,0.056164,1.000000,0.058498,1.000000,756.3,0.001000
98600,0.070434,1.000000,0.074106,1.000000,757.0,0.001000
98700,0.078012,1.000000,0.080549,1.000000,757.8,0.001000
98800,0.059948,1.000000,0.061524,1.000000,758.6,0.001000
98900,0.068411,1.000000,0.070881,1.000000,759.3,0.001000
99000,0.055561,1.000000,0.057263,1.000000,760.1,0.001000
99100,0.071931,1.000000,0.075055,1.000000,760.8,0.001000
99200,0.064027,1.000000,0.066823,1.000000,761.6,0.001000
99300,0.074445,1.000000,0.077154,1.000000,762.3,0.001000
99400,0.113291,1.000000,0.119178,0.999575,763.0,0.001000
99500,0.084138,1.000000,0.087113,1.000000,763.7,0.001000
99600,0.075710,1.000000,0.078396,1.000000,764.3,0.001000
99700,0.066369,1.000000,0.068640,1.000000,765.1,0.001000
99800,0.066123,1.000000,0.068259,1.000000,765.8,0.001000
99900,0.066354,1.000000,0.068871,1.000000,766.5,0.001000
100000,0.056351,1.000000,0.059022,1.000000,767.2,0.001000
100100,0.070172,1.000000,0.072736,1.000000,767.9,0.001000
100200,0.066813,1.000000,0.069340,1.000000,768.5,0.001000
100300,0.072022,1.000000,0.074247,1.000000,769.1,0.001000
100400,0.093098,0.999575,0.097844,0.999787,769.9,0.001000
100500,0.058388,1.000000,0.060312,1.000000,770.6,0.001000
100600,0.067850,1.000000,0.071060,1.000000,771.2,0.001000
100700,0.077055,1.000000,0.080204,1.000000,771.9,0.001000
100800,0.086650,1.000000,0.091752,0.999787,772.6,0.001000
100900,0.056283,1.000000,0.058385,1.000000,773.2,0.001000
101000,0.069277,1.000000,0.071162,1.000000,773.9,0.001000
101100,0.076456,1.000000,0.080497,1.000000,774.6,0.001000
101200,0.074421,1.000000,0.077092,1.000000,775.2,0.001000
101300,0.064365,1.000000,0.066545,1.000000,775.9,0.001000
101400,0.098516,0.999362,0.100793,0.999787,776.6,0.001000
101500,0.064056,1.000000,0.066453,1.000000,777.3,0.001000
101600,0.054920,1.000000,0.057234,1.000000,777.9,0.001000
101700,0.062277,1.000000,0.064219,1.000000,778.6,0.001000
101800,0.046600,1.000000,0.048339,1.000000,779.4,0.001000
101900,0.064588,1.000000,0.067429,1.000000,780.1,0.001000
102000,0.068205,1.000000,0.071337,1.000000,780.8,0.001000
102100,0.102206,1.000000,0.108794,1.000000,781.4,0.001000
102200,0.122123,0.999787,0.127762,0.999362,782.1,0.001000
102300,0.079364,1.000000,0.082672,1.000000,782.9,0.001000
102400,0.078061,1.000000,0.081055,1.000000,783.6,0.001000
102500,0.054556,1.000000,0.056752,1.000000,784.3,0.001000
102600,0.067606,1.000000,0.069828,1.000000,784.9,0.001000
102700,0.077232,1.000000,0.080902,1.000000,785.6,0.001000
102800,0.083551,1.000000,0.086776,1.000000,786.3,0.001000
102900,0.100047,1.000000,0.104315,1.000000,787.0,0.001000
103000,0.079261,1.000000,0.082356,1.000000,787.7,0.001000
103100,0.078114,1.000000,0.080670,1.000000,788.3,0.001000
103200,0.066826,1.000000,0.069769,1.000000,789.0,0.001000
103300,0.082527,1.000000,0.086209,1.000000,789.7,0.001000
103400,0.059224,1.000000,0.061482,1.000000,790.5,0.001000
103500,0.078729,1.000000,0.082069,1.000000,791.1,0.001000
103600,0.079707,1.000000,0.083526,1.000000,791.9,0.001000
103700,0.055531,1.000000,0.057095,1.000000,792.6,0.001000
103800,0.078341,1.000000,0.081982,1.000000,793.3,0.001000
103900,0.084783,1.000000,0.088048,1.000000,794.0,0.001000
104000,0.063642,1.000000,0.065753,1.000000,794.8,0.001000
104100,0.070437,1.000000,0.073465,1.000000,795.4,0.001000
104200,0.063122,1.000000,0.066199,1.000000,796.1,0.001000
104300,0.070643,1.000000,0.073068,1.000000,796.8,0.001000
104400,0.084169,1.000000,0.087455,1.000000,797.5,0.001000
104500,0.076039,1.000000,0.079812,1.000000,798.2,0.001000
104600,0.085085,1.000000,0.088004,1.000000,798.9,0.001000
104700,0.071644,1.000000,0.074390,1.000000,799.6,0.001000
104800,0.074197,1.000000,0.077201,1.000000,800.3,0.001000
104900,0.100641,1.000000,0.103746,1.000000,801.0,0.001000
105000,0.074669,1.000000,0.077305,1.000000,801.7,0.001000
105100,0.083349,1.000000,0.087188,1.000000,802.4,0.001000
105200,0.094759,1.000000,0.098422,1.000000,803.1,0.001000
105300,0.102989,1.000000,0.108730,0.999575,803.9,0.001000
105400,0.098440,1.000000,0.102988,1.000000,804.7,0.001000
105500,0.074413,1.000000,0.077521,1.000000,805.5,0.001000
105600,0.075779,1.000000,0.078215,1.000000,806.2,0.001000
105700,0.071346,1.000000,0.075781,1.000000,807.1,0.001000
105800,0.075679,1.000000,0.078675,1.000000,807.9,0.001000
105900,0.079500,1.000000,0.082631,1.000000,808.6,0.001000
106000,0.066724,1.000000,0.068952,1.000000,809.3,0.001000
106100,0.069744,1.000000,0.073095,1.000000,810.0,0.001000
106200,0.066565,1.000000,0.068707,1.000000,810.8,0.001000
106300,0.062662,1.000000,0.065810,1.000000,811.5,0.001000
106400,0.089363,1.000000,0.092999,1.000000,812.1,0.001000
106500,0.063986,1.000000,0.066781,1.000000,812.8,0.001000
106600,0.080443,1.000000,0.082890,1.000000,813.5,0.001000
106700,0.055503,1.000000,0.057932,1.000000,814.2,0.001000
106800,0.078716,1.000000,0.082334,1.000000,814.9,0.001000
106900,0.091608,0.999787,0.094209,0.999787,815.6,0.001000
107000,0.080317,1.000000,0.084017,1.000000,816.3,0.001000
107100,0.136624,0.999362,0.144607,0.999150,817.0,0.001000
107200,0.073145,1.000000,0.076977,1.000000,817.8,0.001000
107300,0.083427,1.000000,0.087967,1.000000,818.5,0.001000
107400,0.079294,1.000000,0.082802,1.000000,819.2,0.001000
107500,0.114319,0.999575,0.119814,0.999575,820.0,0.001000
107600,0.073141,1.000000,0.077515,1.000000,820.6,0.001000
107700,0.078281,1.000000,0.081133,1.000000,821.3,0.001000
107800,0.077348,1.000000,0.081758,1.000000,822.0,0.001000
107900,0.103841,1.000000,0.108689,0.999575,822.7,0.001000
108000,0.087023,0.999787,0.090217,1.000000,823.5,0.001000
108100,0.066846,1.000000,0.070012,1.000000,824.2,0.001000
108200,0.093578,1.000000,0.097244,1.000000,825.0,0.001000
108300,0.090510,1.000000,0.094561,1.000000,825.7,0.001000
108400,0.086363,1.000000,0.090348,1.000000,826.4,0.001000
108500,0.070655,1.000000,0.073847,1.000000,827.1,0.001000
108600,0.081709,1.000000,0.085417,1.000000,827.9,0.001000
108700,0.071975,0.999787,0.074477,1.000000,828.6,0.001000
108800,0.070002,1.000000,0.071759,1.000000,829.3,0.001000
108900,0.080928,1.000000,0.083980,1.000000,830.0,0.001000
109000,0.052516,1.000000,0.054415,1.000000,830.8,0.001000
109100,0.086377,1.000000,0.089538,1.000000,831.5,0.001000
109200,0.091165,1.000000,0.095542,1.000000,832.3,0.001000
109300,0.066859,1.000000,0.069216,1.000000,833.0,0.001000
109400,0.089742,1.000000,0.092282,1.000000,833.8,0.001000
109500,0.081792,1.000000,0.083941,1.000000,834.5,0.001000
109600,0.132963,1.000000,0.141959,0.999575,835.2,0.001000
109700,0.067018,1.000000,0.070325,1.000000,835.9,0.001000
109800,0.085387,1.000000,0.088241,1.000000,836.6,0.001000
109900,0.070884,1.000000,0.073574,1.000000,837.3,0.001000
110000,0.110591,0.997236,0.114998,0.996599,838.0,0.001000
110100,0.076293,1.000000,0.079402,1.000000,838.7,0.001000
110200,0.097710,1.000000,0.105306,0.999787,839.4,0.001000
110300,0.077912,1.000000,0.081116,1.000000,840.1,0.001000
110400,0.064775,1.000000,0.067388,1.000000,840.8,0.001000
110500,0.059155,1.000000,0.061815,1.000000,841.5,0.001000
110600,0.110492,1.000000,0.115720,1.000000,842.3,0.001000
110700,0.079590,1.000000,0.082478,1.000000,842.9,0.001000
110800,0.083761,1.000000,0.086304,0.999575,843.6,0.001000
110900,0.075245,1.000000,0.077909,1.000000,844.3,0.001000
111000,0.082274,1.000000,0.085689,1.000000,845.0,0.001000
111100,0.079443,1.000000,0.083901,1.000000,845.8,0.001000
111200,0.085017,1.000000,0.089032,1.000000,846.5,0.001000
111300,0.066342,1.000000,0.068586,1.000000,847.7,0.001000
111400,0.090843,1.000000,0.094569,1.000000,848.5,0.001000
111500,0.063527,1.000000,0.066506,1.000000,849.2,0.001000
111600,0.098129,1.000000,0.102059,1.000000,849.8,0.001000
111700,0.069741,1.000000,0.072876,1.000000,850.5,0.001000
111800,0.089154,1.000000,0.092632,1.000000,851.1,0.001000
111900,0.077292,1.000000,0.080729,1.000000,851.7,0.001000
112000,0.079643,1.000000,0.084049,1.000000,852.4,0.001000
112100,0.091637,1.000000,0.094651,1.000000,853.2,0.001000
112200,0.087803,1.000000,0.092697,1.000000,854.0,0.001000
112300,0.088624,1.000000,0.092135,1.000000,854.8,0.001000
112400,0.082436,1.000000,0.087183,1.000000,855.5,0.001000
112500,0.072071,1.000000,0.075640,1.000000,856.2,0.001000
112600,0.100280,1.000000,0.103708,1.000000,857.0,0.001000
112700,0.074558,1.000000,0.077587,1.000000,857.7,0.001000
112800,0.072823,1.000000,0.076203,1.000000,858.4,0.001000
112900,0.073877,1.000000,0.076785,1.000000,859.1,0.001000
113000,0.071052,1.000000,0.073144,1.000000,859.9,0.001000
113100,0.067479,1.000000,0.070449,1.000000,860.6,0.001000
113200,0.099335,1.000000,0.105929,1.000000,861.4,0.001000
113300,0.068482,1.000000,0.071092,1.000000,862.1,0.001000
113400,0.075104,1.000000,0.077417,1.000000,862.8,0.001000
113500,0.077066,1.000000,0.080791,1.000000,863.8,0.001000
113600,0.094453,1.000000,0.098793,1.000000,864.6,0.001000
113700,0.091023,1.000000,0.094130,1.000000,865.5,0.001000
113800,0.068354,1.000000,0.071744,1.000000,866.3,0.001000
113900,0.111063,1.000000,0.114940,1.000000,867.2,0.001000
114000,0.072666,1.000000,0.075011,1.000000,868.1,0.001000
114100,0.081671,1.000000,0.084941,1.000000,869.1,0.001000
114200,0.101115,0.999787,0.110602,0.998937,870.1,0.001000
114300,0.099097,1.000000,0.102552,1.000000,871.2,0.001000
114400,0.095974,1.000000,0.099836,1.000000,872.2,0.001000
114500,0.069093,1.000000,0.071981,1.000000,873.1,0.001000
114600,0.087615,1.000000,0.092019,1.000000,873.8,0.001000
114700,0.082400,1.000000,0.087076,1.000000,874.6,0.001000
114800,0.085352,1.000000,0.090224,1.000000,875.4,0.001000
114900,0.076659,1.000000,0.079587,1.000000,876.1,0.001000
115000,0.089381,0.999787,0.093326,1.000000,876.9,0.001000
115100,0.076480,1.000000,0.079940,1.000000,877.7,0.001000
115200,0.068498,1.000000,0.071777,1.000000,878.6,0.001000
115300,0.085992,1.000000,0.089639,1.000000,879.4,0.001000
115400,0.097417,1.000000,0.101164,1.000000,880.3,0.001000
115500,0.094748,1.000000,0.098478,1.000000,881.1,0.001000
115600,0.064642,1.000000,0.066938,1.000000,881.9,0.001000
115700,0.099644,1.000000,0.104926,1.000000,882.7,0.001000
115800,0.077461,1.000000,0.080756,1.000000,883.6,0.001000
115900,0.094417,1.000000,0.098682,1.000000,884.5,0.001000
116000,0.070123,1.000000,0.074567,1.000000,885.2,0.001000
116100,0.073822,1.000000,0.076200,1.000000,886.0,0.001000
116200,0.072731,1.000000,0.075966,1.000000,886.7,0.001000
116300,0.079834,1.000000,0.083880,1.000000,887.4,0.001000
116400,0.074781,1.000000,0.079070,1.000000,888.2,0.001000
116500,0.077502,1.000000,0.081441,1.000000,888.9,0.001000
116600,0.062011,1.000000,0.064959,1.000000,889.7,0.001000
116700,0.093391,1.000000,0.097957,1.000000,890.5,0.001000
116800,0.084051,1.000000,0.087123,1.000000,891.2,0.001000
116900,0.062939,1.000000,0.066553,1.000000,892.0,0.001000
117000,0.096045,1.000000,0.100424,1.000000,892.8,0.001000
117100,0.063227,1.000000,0.066041,1.000000,893.5,0.001000
117200,0.090839,1.000000,0.095343,1.000000,894.2,0.001000
117300,0.106710,1.000000,0.108852,1.000000,895.0,0.001000
117400,0.093500,1.000000,0.096218,1.000000,895.8,0.001000
117500,0.091614,1.000000,0.094470,1.000000,896.5,0.001000
117600,0.118785,1.000000,0.122429,0.999575,897.2,0.001000
117700,0.092707,1.000000,0.095536,1.000000,897.9,0.001000
117800,0.078275,1.000000,0.081992,1.000000,898.7,0.001000
117900,0.103774,1.000000,0.107602,1.000000,899.5,0.001000
118000,0.093722,1.000000,0.096846,1.000000,900.3,0.001000
118100,0.089721,1.000000,0.093105,1.000000,901.0,0.001000
118200,0.077737,1.000000,0.080781,1.000000,901.8,0.001000
118300,0.093312,1.000000,0.098508,1.000000,902.5,0.001000
118400,0.074008,1.000000,0.077006,1.000000,903.3,0.001000
118500,0.087133,1.000000,0.089611,1.000000,904.1,0.001000
118600,0.086654,1.000000,0.090294,1.000000,904.8,0.001000
118700,0.079989,1.000000,0.083968,1.000000,905.6,0.001000
118800,0.073954,1.000000,0.077491,1.000000,906.4,0.001000
118900,0.073714,1.000000,0.077096,1.000000,907.3,0.001000
119000,0.090830,1.000000,0.094165,1.000000,908.2,0.001000
119100,0.098570,1.000000,0.103601,1.000000,909.2,0.001000
119200,0.107492,1.000000,0.112355,0.999787,910.3,0.001000
119300,0.071852,1.000000,0.073855,1.000000,911.4,0.001000
119400,0.068647,1.000000,0.071547,1.000000,912.3,0.001000
119500,0.071039,1.000000,0.073575,1.000000,913.3,0.001000
119600,0.084721,1.000000,0.087999,1.000000,914.1,0.001000
119700,0.085205,1.000000,0.088741,1.000000,915.0,0.001000
119800,0.096636,1.000000,0.098299,1.000000,915.9,0.001000
119900,0.105787,1.000000,0.110583,1.000000,916.8,0.001000
120000,0.065126,1.000000,0.068174,1.000000,917.6,0.001000
120100,0.092620,1.000000,0.097349,1.000000,918.4,0.001000
120200,0.095930,1.000000,0.099899,1.000000,919.2,0.001000
120300,0.070146,1.000000,0.073256,1.000000,919.9,0.001000
120400,0.117275,0.999787,0.122514,0.999575,920.7,0.001000
120500,0.079876,1.000000,0.083561,1.000000,921.5,0.001000
120600,0.103159,1.000000,0.108654,0.999575,922.4,0.001000
120700,0.083693,1.000000,0.087084,1.000000,923.2,0.001000
120800,0.068044,1.000000,0.070546,1.000000,924.1,0.001000
120900,0.142745,1.000000,0.151238,1.000000,925.0,0.001000
121000,0.089317,1.000000,0.092275,1.000000,925.8,0.001000
121100,0.063892,1.000000,0.066078,1.000000,926.5,0.001000
121200,0.073310,1.000000,0.076244,1.000000,927.3,0.001000
121300,0.090327,1.000000,0.097195,1.000000,928.1,0.001000
121400,0.065667,1.000000,0.068814,1.000000,929.0,0.001000
121500,0.115078,1.000000,0.118781,1.000000,929.8,0.001000
121600,0.072008,1.000000,0.075055,1.000000,930.7,0.001000
121700,0.108481,1.000000,0.111846,1.000000,931.5,0.001000
121800,0.065427,1.000000,0.067767,1.000000,932.4,0.001000
121900,0.086079,1.000000,0.090023,1.000000,933.2,0.001000
122000,0.078275,1.000000,0.081940,1.000000,934.1,0.001000
122100,0.088077,1.000000,0.092595,1.000000,934.9,0.001000
122200,0.063357,1.000000,0.065695,1.000000,935.7,0.001000
122300,0.107684,0.999787,0.111510,0.999362,936.6,0.001000
122400,0.106972,1.000000,0.112921,1.000000,937.5,0.001000
122500,0.060258,1.000000,0.063042,1.000000,938.6,0.001000
122600,0.067428,1.000000,0.070078,1.000000,939.4,0.001000
122700,0.066428,1.000000,0.068852,1.000000,940.3,0.001000
122800,0.115507,1.000000,0.121007,1.000000,941.1,0.001000
122900,0.080009,1.000000,0.082930,1.000000,941.9,0.001000
123000,0.075929,1.000000,0.078423,1.000000,942.7,0.001000
123100,0.084288,1.000000,0.087016,1.000000,943.5,0.001000
123200,0.086469,1.000000,0.089194,1.000000,944.3,0.001000
123300,0.079056,1.000000,0.083140,1.000000,945.1,0.001000
123400,0.087363,1.000000,0.091442,1.000000,945.9,0.001000
123500,0.091785,1.000000,0.096528,1.000000,946.8,0.001000
123600,0.082733,1.000000,0.086616,1.000000,947.6,0.001000
123700,0.071419,1.000000,0.074009,1.000000,948.4,0.001000
123800,0.096580,1.000000,0.100537,1.000000,949.2,0.001000
123900,0.082590,1.000000,0.086645,1.000000,950.0,0.001000
124000,0.073739,1.000000,0.077880,1.000000,950.8,0.001000
124100,0.092976,1.000000,0.097647,1.000000,951.7,0.001000
124200,0.084534,1.000000,0.088201,1.000000,952.5,0.001000
124300,0.062450,1.000000,0.065838,1.000000,953.3,0.001000
124400,0.070230,1.000000,0.073071,1.000000,954.2,0.001000
124500,0.090012,1.000000,0.094586,1.000000,955.0,0.001000
124600,0.064881,1.000000,0.067740,1.000000,955.9,0.001000
124700,0.078459,1.000000,0.081229,1.000000,956.8,0.001000
124800,0.100309,1.000000,0.104093,1.000000,957.6,0.001000
124900,0.100711,1.000000,0.105616,1.000000,958.5,0.001000
125000,0.063558,1.000000,0.066448,1.000000,959.4,0.001000
125100,0.079442,0.999362,0.083111,0.999362,960.3,0.001000
125200,0.073002,1.000000,0.077034,1.000000,961.1,0.001000
125300,0.082146,1.000000,0.085738,1.000000,961.9,0.001000
125400,0.070864,1.000000,0.072868,1.000000,962.8,0.001000
125500,0.068361,1.000000,0.070629,1.000000,963.6,0.001000
125600,0.088687,1.000000,0.093076,1.000000,964.5,0.001000
125700,0.066708,1.000000,0.069141,1.000000,965.3,0.001000
125800,0.085006,1.000000,0.090026,0.999787,966.2,0.001000
125900,0.084144,1.000000,0.088304,1.000000,967.0,0.001000
126000,0.107279,1.000000,0.111093,1.000000,967.9,0.001000
126100,0.069518,1.000000,0.072074,1.000000,968.9,0.001000
126200,0.074911,1.000000,0.077679,1.000000,969.8,0.001000
126300,0.078945,1.000000,0.082920,1.000000,970.8,0.001000
126400,0.103306,0.999150,0.107504,1.000000,971.7,0.001000
126500,0.312279,0.980655,0.313841,0.982572,972.6,0.001000
126600,0.069287,1.000000,0.073062,1.000000,973.4,0.001000
126700,0.075010,1.000000,0.077988,1.000000,974.2,0.001000
126800,0.067422,1.000000,0.072292,1.000000,975.0,0.001000
126900,0.081489,1.000000,0.084178,1.000000,975.9,0.001000
127000,0.083350,1.000000,0.087801,1.000000,976.7,0.001000
127100,0.070317,1.000000,0.072680,1.000000,977.5,0.001000
127200,0.086158,1.000000,0.090000,1.000000,978.3,0.001000
127300,0.088317,1.000000,0.091478,1.000000,979.3,0.001000
127400,0.091644,1.000000,0.097258,1.000000,980.1,0.001000
127500,0.087386,1.000000,0.090827,1.000000,981.0,0.001000
127600,0.058992,1.000000,0.061192,1.000000,981.8,0.001000
127700,0.071402,1.000000,0.075132,1.000000,982.7,0.001000
127800,0.095345,1.000000,0.096098,1.000000,983.6,0.001000
127900,0.066710,1.000000,0.069484,1.000000,984.4,0.001000
128000,0.089188,1.000000,0.093429,1.000000,985.2,0.001000
128100,0.065982,1.000000,0.068663,1.000000,986.0,0.001000
128200,0.091513,1.000000,0.095892,1.000000,986.8,0.001000
128300,0.072924,1.000000,0.076415,1.000000,987.5,0.001000
128400,0.074870,1.000000,0.077372,1.000000,988.6,0.001000
128500,0.079920,1.000000,0.083724,1.000000,989.4,0.001000
128600,0.084680,1.000000,0.088053,1.000000,990.3,0.001000
128700,0.110713,0.999575,0.115233,1.000000,991.1,0.001000
128800,0.080483,1.000000,0.084168,1.000000,992.0,0.001000
128900,0.095470,1.000000,0.101139,0.999787,992.8,0.001000
129000,0.108467,0.999787,0.115554,1.000000,993.7,0.001000
129100,0.062974,1.000000,0.065203,1.000000,994.6,0.001000
129200,0.068633,1.000000,0.073439,1.000000,995.4,0.001000
129300,0.093947,1.000000,0.097916,0.999787,996.3,0.001000
129400,0.081804,1.000000,0.084025,1.000000,997.1,0.001000
129500,0.148793,0.999787,0.156473,0.999787,998.0,0.001000
129600,0.082454,1.000000,0.085937,1.000000,998.8,0.001000
129700,0.071664,1.000000,0.074223,1.000000,999.6,0.001000
129800,0.067695,1.000000,0.070529,1.000000,1000.5,0.001000
129900,0.165013,0.998724,0.172834,0.999575,1001.4,0.001000
130000,0.099798,1.000000,0.102812,1.000000,1002.2,0.001000
130100,0.087597,1.000000,0.092380,1.000000,1003.1,0.001000
130200,0.075129,1.000000,0.077831,1.000000,1003.9,0.001000
130300,0.125613,0.998512,0.132451,0.998087,1004.8,0.001000
130400,0.076998,1.000000,0.080549,1.000000,1005.6,0.001000
130500,0.049980,1.000000,0.051902,1.000000,1006.5,0.001000
130600,0.096532,1.000000,0.100757,1.000000,1007.3,0.001000
130700,0.072505,1.000000,0.075414,1.000000,1008.2,0.001000
130800,0.077627,1.000000,0.080023,1.000000,1009.0,0.001000
130900,0.071186,1.000000,0.074849,1.000000,1009.8,0.001000
131000,0.064850,1.000000,0.066595,1.000000,1010.6,0.001000
131100,0.070135,1.000000,0.072478,1.000000,1011.5,0.001000
131200,0.082550,1.000000,0.087173,1.000000,1012.4,0.001000
131300,0.084708,1.000000,0.088960,1.000000,1013.4,0.001000
131400,0.123122,1.000000,0.126859,1.000000,1014.3,0.001000
131500,0.080142,1.000000,0.084177,1.000000,1015.1,0.001000
131600,0.074834,1.000000,0.077075,1.000000,1015.8,0.001000
131700,0.094346,1.000000,0.097856,1.000000,1016.4,0.001000
131800,0.097698,1.000000,0.101750,1.000000,1017.1,0.001000
131900,0.108348,1.000000,0.114316,1.000000,1017.9,0.001000
132000,0.094487,1.000000,0.098359,1.000000,1018.7,0.001000
132100,0.072206,1.000000,0.075675,1.000000,1019.5,0.001000
132200,0.079809,1.000000,0.082625,1.000000,1020.2,0.001000
132300,0.069760,1.000000,0.072934,1.000000,1021.1,0.001000
132400,0.115225,0.999150,0.123839,0.999575,1021.9,0.001000
132500,0.086761,1.000000,0.090414,1.000000,1022.7,0.001000
132600,0.089808,1.000000,0.093021,1.000000,1023.5,0.001000
132700,0.091098,1.000000,0.094530,1.000000,1024.4,0.001000
132800,0.079841,1.000000,0.081785,1.000000,1025.2,0.001000
132900,0.087884,1.000000,0.091622,1.000000,1026.1,0.001000
133000,0.115398,0.999787,0.120114,0.999787,1026.9,0.001000
133100,0.079919,1.000000,0.083887,1.000000,1027.7,0.001000
133200,0.075277,1.000000,0.078911,1.000000,1028.5,0.001000
133300,0.079791,1.000000,0.083809,1.000000,1029.4,0.001000
133400,0.074694,1.000000,0.079386,1.000000,1030.2,0.001000
133500,0.082550,1.000000,0.085685,1.000000,1031.0,0.001000
133600,0.080232,1.000000,0.083155,1.000000,1031.9,0.001000
133700,0.062341,1.000000,0.064850,1.000000,1032.7,0.001000
133800,0.078453,1.000000,0.082206,1.000000,1033.6,0.001000
133900,0.056046,1.000000,0.058139,1.000000,1034.4,0.001000
134000,0.078144,1.000000,0.079810,1.000000,1035.2,0.001000
134100,0.086894,1.000000,0.090904,1.000000,1036.0,0.001000
134200,0.070787,1.000000,0.073248,1.000000,1036.8,0.001000
134300,0.074947,1.000000,0.077376,1.000000,1037.6,0.001000
134400,0.078656,1.000000,0.083388,1.000000,1038.4,0.001000
134500,0.083222,1.000000,0.086059,1.000000,1039.2,0.001000
134600,0.071547,1.000000,0.075391,1.000000,1040.0,0.001000
134700,0.081876,1.000000,0.085138,1.000000,1040.9,0.001000
134800,0.089802,1.000000,0.093515,1.000000,1041.7,0.001000
134900,0.075212,1.000000,0.078565,1.000000,1042.6,0.001000
135000,0.065619,1.000000,0.068464,1.000000,1043.4,0.001000
135100,0.065565,1.000000,0.069519,1.000000,1044.3,0.001000
135200,0.096718,1.000000,0.100455,1.000000,1045.2,0.001000
135300,0.082229,1.000000,0.086386,1.000000,1046.0,0.001000
135400,0.091581,1.000000,0.097520,1.000000,1046.8,0.001000
135500,0.086624,1.000000,0.090665,1.000000,1047.7,0.001000
135600,0.112250,1.000000,0.117923,1.000000,1048.5,0.001000
135700,0.189107,0.991071,0.197967,0.988948,1049.4,0.001000
135800,0.082941,1.000000,0.085781,1.000000,1050.2,0.001000
135900,0.084966,1.000000,0.088633,1.000000,1051.0,0.001000
136000,0.067171,1.000000,0.070146,1.000000,1051.9,0.001000
136100,0.170816,0.999575,0.176045,0.999787,1052.7,0.001000
136200,0.086632,1.000000,0.089825,1.000000,1053.6,0.001000
136300,0.091070,1.000000,0.095053,1.000000,1054.6,0.001000
136400,0.105370,1.000000,0.108227,1.000000,1055.8,0.001000
136500,0.075947,1.000000,0.079873,1.000000,1056.7,0.001000
136600,0.070645,1.000000,0.073583,1.000000,1057.7,0.001000
136700,0.074656,1.000000,0.077091,1.000000,1058.5,0.001000
136800,0.103334,1.000000,0.108933,1.000000,1059.3,0.001000
136900,0.069667,1.000000,0.072461,1.000000,1060.1,0.001000
137000,0.067530,1.000000,0.069716,1.000000,1061.0,0.001000
137100,0.079307,1.000000,0.082564,1.000000,1061.8,0.001000
137200,0.078980,1.000000,0.082402,1.000000,1062.6,0.001000
137300,0.097416,1.000000,0.102200,0.999787,1063.4,0.001000
137400,0.071793,1.000000,0.074511,1.000000,1064.2,0.001000
137500,0.087400,1.000000,0.091914,1.000000,1065.1,0.001000
137600,0.097177,1.000000,0.103325,1.000000,1065.9,0.001000
137700,0.090781,1.000000,0.094958,1.000000,1066.7,0.001000
137800,0.090972,1.000000,0.094005,1.000000,1067.5,0.001000
137900,0.079839,0.999787,0.084060,1.000000,1068.3,0.001000
138000,0.067371,1.000000,0.069238,1.000000,1069.1,0.001000
138100,0.079142,1.000000,0.082796,1.000000,1069.9,0.001000
138200,0.113203,1.000000,0.115952,1.000000,1070.7,0.001000
138300,0.094041,1.000000,0.099739,1.000000,1071.5,0.001000
138400,0.136888,0.999362,0.145208,0.998725,1072.3,0.001000
138500,0.086181,1.000000,0.089823,1.000000,1073.1,0.001000
138600,0.102809,1.000000,0.107846,1.000000,1073.9,0.001000
138700,0.090536,1.000000,0.093329,1.000000,1074.7,0.001000
138800,0.098613,1.000000,0.106152,1.000000,1075.5,0.001000
138900,0.085186,1.000000,0.089371,1.000000,1076.4,0.001000
139000,0.086028,1.000000,0.090795,1.000000,1077.3,0.001000
139100,0.068331,1.000000,0.071190,1.000000,1078.1,0.001000
139200,0.156960,0.998937,0.175247,0.994049,1079.0,0.001000
139300,0.082909,1.000000,0.086403,1.000000,1079.8,0.001000
139400,0.117212,0.999575,0.121206,1.000000,1080.6,0.001000
139500,0.097176,1.000000,0.102225,1.000000,1081.5,0.001000
139600,0.122925,1.000000,0.129962,1.000000,1082.3,0.001000
139700,0.130190,1.000000,0.136620,1.000000,1083.1,0.001000
139800,0.086516,1.000000,0.090037,1.000000,1083.9,0.001000
139900,0.111357,1.000000,0.117940,1.000000,1084.8,0.001000
140000,0.078302,1.000000,0.082001,1.000000,1085.6,0.001000
140100,0.084195,1.000000,0.086225,0.999787,1086.5,0.001000
140200,0.097761,1.000000,0.101705,1.000000,1087.3,0.001000
140300,0.169797,0.999150,0.177678,0.998512,1088.2,0.001000
140400,0.095812,1.000000,0.099681,0.999787,1089.1,0.001000
140500,0.106807,0.999787,0.110616,0.999787,1089.9,0.001000
140600,0.125325,0.999575,0.132203,0.999575,1090.9,0.001000
140700,0.089528,1.000000,0.093569,1.000000,1091.8,0.001000
140800,0.091952,1.000000,0.096342,1.000000,1092.8,0.001000
140900,0.101832,1.000000,0.106642,1.000000,1093.8,0.001000
141000,0.086776,1.000000,0.090589,1.000000,1094.7,0.001000
141100,0.069008,1.000000,0.071571,1.000000,1095.6,0.001000
141200,0.085969,1.000000,0.088876,1.000000,1096.5,0.001000
141300,0.091500,1.000000,0.095099,1.000000,1097.4,0.001000
141400,0.105924,1.000000,0.110805,1.000000,1098.2,0.001000
141500,0.118848,0.999787,0.126177,0.999575,1099.1,0.001000
141600,0.083063,1.000000,0.086084,1.000000,1099.9,0.001000
141700,0.138492,0.999787,0.144985,0.999150,1100.8,0.001000
141800,0.094825,1.000000,0.099312,1.000000,1101.6,0.001000
141900,0.154390,0.998937,0.164604,0.998512,1102.5,0.001000
142000,0.082598,1.000000,0.086117,1.000000,1103.4,0.001000
142100,0.104489,1.000000,0.108142,1.000000,1104.3,0.001000
142200,0.080675,1.000000,0.084033,1.000000,1105.2,0.001000
142300,0.113213,1.000000,0.119220,1.000000,1106.1,0.001000
142400,0.104912,1.000000,0.109581,0.999787,1106.9,0.001000
142500,0.072307,1.000000,0.076471,1.000000,1107.8,0.001000
142600,0.099005,1.000000,0.102676,1.000000,1108.6,0.001000
142700,0.085029,1.000000,0.088540,1.000000,1109.5,0.001000
142800,0.095930,1.000000,0.099452,1.000000,1110.4,0.001000
142900,0.072381,1.000000,0.074558,1.000000,1111.2,0.001000
143000,0.085421,1.000000,0.089514,1.000000,1112.0,0.001000
143100,0.084319,1.000000,0.088020,1.000000,1112.8,0.001000
143200,0.088972,1.000000,0.093557,1.000000,1113.6,0.001000
143300,0.097644,0.999787,0.100522,0.999787,1114.4,0.001000
143400,0.091775,1.000000,0.095357,1.000000,1115.3,0.001000
143500,0.066260,1.000000,0.069581,1.000000,1116.1,0.001000
143600,0.142514,0.999787,0.147883,0.999787,1116.9,0.001000
143700,0.078030,1.000000,0.082309,1.000000,1117.8,0.001000
143800,0.103428,1.000000,0.108690,1.000000,1118.6,0.001000
143900,0.083821,1.000000,0.087665,1.000000,1119.4,0.001000
144000,0.080063,1.000000,0.085270,1.000000,1120.2,0.001000
144100,0.078205,1.000000,0.081168,1.000000,1121.1,0.001000
144200,0.116620,1.000000,0.121117,1.000000,1121.9,0.001000
144300,0.082475,1.000000,0.086470,1.000000,1122.7,0.001000
144400,0.103844,1.000000,0.109402,1.000000,1123.6,0.001000
144500,0.115461,0.999362,0.116582,0.999362,1124.4,0.001000
144600,0.090339,1.000000,0.096388,1.000000,1125.2,0.001000
144700,0.088939,1.000000,0.092646,1.000000,1126.0,0.001000
144800,0.101272,1.000000,0.105532,1.000000,1126.9,0.001000
144900,0.080348,1.000000,0.083648,1.000000,1127.7,0.001000
145000,0.086179,1.000000,0.090532,1.000000,1128.6,0.001000
145100,0.098958,1.000000,0.103717,1.000000,1129.4,0.001000
145200,0.088267,1.000000,0.092086,1.000000,1130.2,0.001000
145300,0.102954,0.999787,0.106919,0.999787,1131.0,0.001000
145400,0.083479,1.000000,0.088000,0.999787,1131.9,0.001000
145500,0.116835,0.998512,0.127009,0.996387,1132.7,0.001000
145600,0.115827,0.999787,0.120659,0.999787,1133.5,0.001000
145700,0.098975,1.000000,0.102874,1.000000,1134.3,0.001000
145800,0.092037,1.000000,0.097244,1.000000,1135.1,0.001000
145900,0.076508,1.000000,0.080241,1.000000,1136.0,0.001000
146000,0.131624,0.999787,0.141943,1.000000,1136.8,0.001000
146100,0.098917,1.000000,0.103791,1.000000,1137.6,0.001000
146200,0.084706,1.000000,0.089653,1.000000,1138.3,0.001000
146300,0.124340,1.000000,0.129598,1.000000,1139.2,0.001000
146400,0.083139,1.000000,0.087419,1.000000,1140.0,0.001000
146500,0.092702,1.000000,0.096218,1.000000,1140.9,0.001000
146600,0.101734,1.000000,0.106526,1.000000,1141.6,0.001000
146700,0.092691,1.000000,0.095638,1.000000,1142.4,0.001000
146800,0.076982,1.000000,0.079521,1.000000,1143.2,0.001000
146900,0.105849,1.000000,0.111549,1.000000,1144.0,0.001000
147000,0.114066,1.000000,0.118773,1.000000,1144.8,0.001000
147100,0.079807,1.000000,0.082646,1.000000,1145.7,0.001000
147200,0.108502,1.000000,0.114337,1.000000,1146.5,0.001000
147300,0.069868,1.000000,0.073368,1.000000,1147.3,0.001000
147400,0.109275,0.999787,0.114979,1.000000,1148.1,0.001000
147500,0.091379,1.000000,0.096267,1.000000,1149.0,0.001000
147600,0.108605,1.000000,0.113716,1.000000,1149.8,0.001000
147700,0.106774,1.000000,0.110645,1.000000,1150.7,0.001000
147800,0.100778,1.000000,0.104606,1.000000,1151.6,0.001000
147900,0.108665,1.000000,0.111977,1.000000,1152.4,0.001000
148000,0.086518,1.000000,0.089145,1.000000,1153.3,0.001000
148100,0.087014,1.000000,0.092145,1.000000,1154.2,0.001000
148200,0.090035,1.000000,0.096564,1.000000,1155.0,0.001000
148300,0.151825,0.997449,0.158248,0.997875,1155.8,0.001000
148400,0.086973,1.000000,0.092272,1.000000,1156.7,0.001000
148500,0.121361,1.000000,0.127422,1.000000,1157.5,0.001000
148600,0.095991,0.999787,0.100517,0.999787,1158.4,0.001000
148700,0.070808,1.000000,0.074246,1.000000,1159.3,0.001000
148800,0.089357,1.000000,0.093523,1.000000,1160.2,0.001000
148900,0.090317,1.000000,0.093750,1.000000,1161.1,0.001000
149000,0.098398,1.000000,0.103201,1.000000,1161.9,0.001000
149100,0.107431,0.999787,0.110961,1.000000,1162.7,0.001000
149200,0.147356,0.997024,0.153458,0.997662,1163.6,0.001000
149300,0.060460,1.000000,0.062840,1.000000,1164.4,0.001000
149400,0.072081,1.000000,0.075332,1.000000,1165.3,0.001000
149500,0.089544,1.000000,0.095132,1.000000,1166.2,0.001000
149600,0.077351,1.000000,0.080963,1.000000,1167.2,0.001000
149700,0.098019,1.000000,0.103664,1.000000,1168.2,0.001000
149800,0.133118,1.000000,0.140882,0.999575,1169.3,0.001000
149900,0.098383,1.000000,0.103358,1.000000,1170.1,0.001000
150000,0.073909,1.000000,0.076872,1.000000,1171.0,0.001000
150100,0.095285,1.000000,0.099828,1.000000,1171.9,0.001000
150200,0.090669,1.000000,0.095786,1.000000,1172.8,0.001000
150300,0.090179,1.000000,0.094767,1.000000,1173.6,0.001000
150400,0.130975,1.000000,0.137422,0.999575,1174.5,0.001000
150500,0.088035,1.000000,0.091885,1.000000,1175.4,0.001000
150600,0.082856,1.000000,0.087303,1.000000,1176.2,0.001000
150700,0.090074,1.000000,0.094569,1.000000,1177.1,0.001000
150800,0.094666,1.000000,0.098828,1.000000,1178.1,0.001000
150900,0.090129,1.000000,0.094791,1.000000,1179.0,0.001000
151000,0.113757,1.000000,0.120771,1.000000,1179.8,0.001000
151100,0.063575,1.000000,0.066344,1.000000,1180.7,0.001000
151200,0.083048,1.000000,0.086420,1.000000,1181.6,0.001000
151300,0.087260,1.000000,0.091324,1.000000,1182.4,0.001000
151400,0.130635,0.998937,0.135542,0.998725,1183.3,0.001000
151500,0.094713,1.000000,0.098177,1.000000,1184.1,0.001000
151600,0.099757,1.000000,0.103983,1.000000,1185.0,0.001000
151700,0.098717,1.000000,0.103432,1.000000,1185.8,0.001000
151800,0.106869,0.999787,0.112333,1.000000,1186.5,0.001000
151900,0.081210,1.000000,0.085419,1.000000,1187.2,0.001000
152000,0.085491,1.000000,0.090021,1.000000,1187.8,0.001000
152100,0.114477,0.999575,0.120939,0.999575,1188.5,0.001000
152200,0.090782,1.000000,0.095526,1.000000,1189.2,0.001000
152300,0.070830,1.000000,0.074477,1.000000,1189.9,0.001000
152400,0.080076,1.000000,0.083640,1.000000,1190.6,0.001000
152500,0.073819,1.000000,0.077404,1.000000,1191.2,0.001000
152600,0.107186,1.000000,0.111692,1.000000,1192.0,0.001000
152700,0.091287,0.999787,0.097123,0.999575,1192.7,0.001000
152800,0.070562,1.000000,0.073009,1.000000,1193.3,0.001000
152900,0.101704,1.000000,0.107220,1.000000,1194.0,0.001000
153000,0.093283,1.000000,0.098377,1.000000,1194.7,0.001000
153100,0.090009,0.999787,0.092892,1.000000,1195.4,0.001000
153200,0.085689,1.000000,0.090537,1.000000,1196.1,0.001000
153300,0.144528,0.999787,0.153569,0.999575,1196.9,0.001000
153400,0.102887,1.000000,0.107054,1.000000,1197.6,0.001000
153500,0.112958,1.000000,0.117458,1.000000,1198.4,0.001000
153600,0.088835,1.000000,0.093593,1.000000,1199.2,0.001000
153700,0.104459,1.000000,0.108612,1.000000,1200.0,0.001000
153800,0.082606,1.000000,0.085047,1.000000,1200.9,0.001000
153900,0.106964,1.000000,0.108379,1.000000,1201.7,0.001000
154000,0.089810,1.000000,0.093209,1.000000,1202.5,0.001000
154100,0.088719,1.000000,0.093333,1.000000,1203.3,0.001000
154200,0.078341,1.000000,0.081992,1.000000,1204.1,0.001000
154300,0.091885,1.000000,0.096645,1.000000,1204.8,0.001000
154400,0.104609,1.000000,0.113439,0.999787,1205.7,0.001000
154500,0.084039,1.000000,0.088264,0.999787,1206.5,0.001000
154600,0.079868,1.000000,0.083671,1.000000,1207.3,0.001000
154700,0.071391,1.000000,0.076597,0.999787,1208.1,0.001000
154800,0.078453,1.000000,0.082333,1.000000,1209.0,0.001000
154900,0.082862,1.000000,0.086276,1.000000,1209.8,0.001000
155000,0.099350,1.000000,0.104167,1.000000,1210.7,0.001000
155100,0.068571,0.999787,0.071557,1.000000,1211.6,0.001000
155200,0.095163,1.000000,0.099081,1.000000,1212.4,0.001000
155300,0.090056,1.000000,0.094154,1.000000,1213.2,0.001000
155400,0.087002,1.000000,0.090930,1.000000,1214.0,0.001000
155500,0.130118,0.999787,0.137988,0.999575,1214.8,0.001000
155600,0.114802,0.999787,0.118463,1.000000,1215.7,0.001000
155700,0.154629,1.000000,0.158258,1.000000,1216.5,0.001000
155800,0.086070,1.000000,0.089781,1.000000,1217.3,0.001000
155900,0.112017,1.000000,0.117666,1.000000,1218.2,0.001000
156000,0.070718,1.000000,0.073693,1.000000,1219.0,0.001000
156100,0.126330,0.999787,0.132582,0.999787,1220.0,0.001000
156200,0.074139,1.000000,0.076919,1.000000,1220.8,0.001000
156300,0.096231,1.000000,0.102072,1.000000,1221.7,0.001000
156400,0.091589,1.000000,0.096367,1.000000,1222.6,0.001000
156500,0.111950,0.999787,0.117458,0.999787,1223.4,0.001000
156600,0.088547,1.000000,0.091184,1.000000,1224.4,0.001000
156700,0.098399,1.000000,0.104202,0.999575,1225.4,0.001000
156800,0.123674,0.999787,0.130060,1.000000,1226.3,0.001000
156900,0.075697,1.000000,0.078613,1.000000,1227.3,0.001000
157000,0.086271,1.000000,0.090676,1.000000,1228.1,0.001000
157100,0.082537,1.000000,0.087233,1.000000,1228.9,0.001000
157200,0.094486,1.000000,0.096779,1.000000,1229.7,0.001000
157300,0.095574,1.000000,0.100071,1.000000,1230.6,0.001000
157400,0.102509,1.000000,0.108191,1.000000,1231.4,0.001000
157500,0.095742,1.000000,0.097965,1.000000,1232.3,0.001000
157600,0.107589,0.999787,0.112348,0.999575,1233.2,0.001000
157700,0.092696,1.000000,0.095558,1.000000,1234.1,0.001000
157800,0.152102,0.998299,0.160378,0.998087,1235.0,0.001000
157900,0.116047,0.999150,0.121578,0.999575,1235.8,0.001000
158000,0.084899,1.000000,0.087199,1.000000,1236.7,0.001000
158100,0.088125,1.000000,0.092430,1.000000,1237.5,0.001000
158200,0.098737,1.000000,0.104143,1.000000,1238.4,0.001000
158300,0.094418,1.000000,0.098242,1.000000,1239.2,0.001000
158400,0.091446,1.000000,0.094603,1.000000,1240.0,0.001000
158500,0.101671,0.999575,0.106954,1.000000,1240.7,0.001000
158600,0.119520,0.999787,0.121002,0.999787,1241.4,0.001000
158700,0.084961,1.000000,0.088351,1.000000,1242.1,0.001000
158800,0.111362,1.000000,0.116538,1.000000,1242.8,0.001000
158900,0.081975,1.000000,0.085048,1.000000,1243.4,0.001000
159000,0.083621,1.000000,0.087539,1.000000,1244.1,0.001000
159100,0.109228,1.000000,0.113421,1.000000,1244.8,0.001000
159200,0.087040,1.000000,0.090859,1.000000,1245.4,0.001000
159300,0.088049,1.000000,0.092596,1.000000,1246.1,0.001000
159400,0.116149,0.999575,0.121377,1.000000,1246.8,0.001000
159500,0.114832,1.000000,0.120748,1.000000,1247.5,0.001000
159600,0.121367,1.000000,0.126588,1.000000,1248.2,0.001000
159700,0.091917,1.000000,0.094706,1.000000,1248.8,0.001000
159800,0.139376,0.997662,0.149412,0.996174,1249.5,0.001000
159900,0.100351,1.000000,0.103856,1.000000,1250.2,0.001000
160000,0.076518,1.000000,0.078875,1.000000,1250.9,0.001000
160100,0.085801,1.000000,0.089016,1.000000,1251.7,0.001000
160200,0.096034,1.000000,0.100560,1.000000,1252.4,0.001000
160300,0.092248,1.000000,0.095438,1.000000,1253.1,0.001000
160400,0.080246,1.000000,0.083520,1.000000,1253.8,0.001000
160500,0.091128,1.000000,0.095402,1.000000,1254.5,0.001000
160600,0.079041,1.000000,0.082945,1.000000,1255.3,0.001000
160700,0.082964,1.000000,0.087541,1.000000,1256.0,0.001000
160800,0.093416,1.000000,0.098462,1.000000,1256.8,0.001000
160900,0.080498,1.000000,0.085123,1.000000,1257.6,0.001000
161000,0.103934,1.000000,0.109516,1.000000,1258.4,0.001000
161100,0.068417,1.000000,0.071351,1.000000,1259.2,0.001000
161200,0.136322,0.999575,0.143486,0.999787,1260.1,0.001000
161300,0.099880,1.000000,0.105646,1.000000,1260.8,0.001000
161400,0.118641,1.000000,0.122180,0.999787,1261.6,0.001000
161500,0.070222,1.000000,0.072766,1.000000,1262.4,0.001000
161600,0.109496,1.000000,0.112185,1.000000,1263.2,0.001000
161700,0.084567,1.000000,0.087672,1.000000,1264.1,0.001000
161800,0.099832,1.000000,0.105707,1.000000,1264.9,0.001000
161900,0.125200,0.999362,0.132299,0.998725,1265.7,0.001000
162000,0.099414,1.000000,0.103898,1.000000,1266.6,0.001000
162100,0.085258,1.000000,0.088759,1.000000,1267.4,0.001000
162200,0.105626,0.998724,0.109333,0.998725,1268.2,0.001000
162300,0.073636,1.000000,0.077612,1.000000,1269.1,0.001000
162400,0.112085,1.000000,0.115270,1.000000,1269.9,0.001000
162500,0.073511,1.000000,0.077014,1.000000,1270.7,0.001000
162600,0.089583,1.000000,0.093428,1.000000,1271.6,0.001000
162700,0.113679,0.999575,0.115928,1.000000,1272.4,0.001000
162800,0.093810,1.000000,0.097214,1.000000,1273.3,0.001000
162900,0.092106,1.000000,0.094977,1.000000,1274.2,0.001000
163000,0.092985,1.000000,0.096853,1.000000,1275.0,0.001000
163100,0.096633,1.000000,0.099754,1.000000,1275.8,0.001000
163200,0.095264,1.000000,0.098282,1.000000,1276.7,0.001000
163300,0.095335,1.000000,0.100193,1.000000,1277.5,0.001000
163400,0.097670,1.000000,0.102924,1.000000,1278.4,0.001000
163500,0.096566,1.000000,0.102296,1.000000,1279.3,0.001000
163600,0.078530,1.000000,0.081891,1.000000,1280.1,0.001000
163700,0.093986,1.000000,0.099889,1.000000,1281.0,0.001000
163800,0.073976,1.000000,0.077267,1.000000,1281.8,0.001000
163900,0.096760,1.000000,0.099939,1.000000,1282.7,0.001000
164000,0.088911,1.000000,0.091764,1.000000,1283.6,0.001000
164100,0.091486,1.000000,0.099241,1.000000,1284.3,0.001000
164200,0.075830,1.000000,0.079629,1.000000,1285.0,0.001000
164300,0.095019,1.000000,0.098345,1.000000,1285.7,0.001000
164400,0.099514,1.000000,0.105643,1.000000,1286.4,0.001000
164500,0.116917,1.000000,0.122637,1.000000,1287.2,0.001000
164600,0.087367,1.000000,0.091625,1.000000,1288.0,0.001000
164700,0.103007,1.000000,0.107373,1.000000,1288.8,0.001000
164800,0.087812,1.000000,0.091097,1.000000,1289.7,0.001000
164900,0.089536,1.000000,0.093397,1.000000,1290.5,0.001000
165000,0.085209,1.000000,0.088405,1.000000,1291.2,0.001000
165100,0.088132,1.000000,0.093004,1.000000,1291.9,0.001000
165200,0.073748,1.000000,0.077000,1.000000,1292.7,0.001000
165300,0.082882,1.000000,0.085261,1.000000,1293.4,0.001000
165400,0.103160,1.000000,0.107047,1.000000,1294.1,0.001000
165500,0.114976,1.000000,0.120914,1.000000,1294.8,0.001000
165600,0.110833,1.000000,0.113893,1.000000,1295.5,0.001000
165700,0.089694,1.000000,0.092543,1.000000,1296.3,0.001000
165800,0.082441,1.000000,0.086180,1.000000,1297.1,0.001000
165900,0.142770,0.999575,0.153308,0.999150,1297.8,0.001000
166000,0.083056,1.000000,0.087250,1.000000,1298.7,0.001000
166100,0.076991,1.000000,0.080529,1.000000,1299.5,0.001000
166200,0.108962,1.000000,0.113357,1.000000,1300.2,0.001000
166300,0.082033,1.000000,0.085783,1.000000,1301.0,0.001000
166400,0.112094,1.000000,0.117077,1.000000,1301.8,0.001000
166500,0.098843,1.000000,0.103156,1.000000,1302.6,0.001000
166600,0.119735,1.000000,0.125478,1.000000,1303.3,0.001000
166700,0.102543,1.000000,0.108064,1.000000,1304.1,0.001000
166800,0.079490,1.000000,0.082755,1.000000,1304.9,0.001000
166900,0.088917,1.000000,0.092998,1.000000,1305.6,0.001000
167000,0.081366,1.000000,0.084939,1.000000,1306.4,0.001000
167100,0.154119,0.998299,0.161442,0.996599,1307.1,0.001000
167200,0.108997,0.999787,0.113923,0.999787,1307.8,0.001000
167300,0.113570,1.000000,0.120221,1.000000,1308.5,0.001000
167400,0.114301,0.999787,0.119551,1.000000,1309.3,0.001000
167500,0.083579,1.000000,0.086461,1.000000,1310.0,0.001000
167600,0.076635,1.000000,0.080973,1.000000,1310.8,0.001000
167700,0.109636,1.000000,0.116841,0.999787,1311.5,0.001000
167800,0.093256,1.000000,0.097482,1.000000,1312.2,0.001000
167900,0.068556,1.000000,0.073288,1.000000,1313.0,0.001000
168000,0.109007,0.999575,0.114131,1.000000,1313.7,0.001000
168100,0.080905,1.000000,0.085461,1.000000,1314.4,0.001000
168200,0.079627,1.000000,0.083582,1.000000,1315.1,0.001000
168300,0.095499,1.000000,0.100265,0.999787,1315.8,0.001000
168400,0.097838,1.000000,0.103929,0.999787,1316.5,0.001000
168500,0.096818,1.000000,0.100980,1.000000,1317.2,0.001000
168600,0.081614,1.000000,0.084516,1.000000,1317.9,0.001000
168700,0.073958,1.000000,0.077987,1.000000,1318.6,0.001000
168800,0.100376,0.999787,0.105609,0.999787,1319.3,0.001000
168900,0.094698,1.000000,0.097590,1.000000,1320.1,0.001000
169000,0.123462,0.999787,0.129164,0.999787,1320.8,0.001000
169100,0.093054,1.000000,0.095793,0.999787,1321.4,0.001000
169200,0.094559,1.000000,0.097777,1.000000,1322.2,0.001000
169300,0.132276,1.000000,0.136449,1.000000,1322.9,0.001000
169400,0.096530,1.000000,0.100438,1.000000,1323.6,0.001000
169500,0.085832,1.000000,0.088469,1.000000,1324.3,0.001000
169600,0.097321,1.000000,0.101501,1.000000,1325.0,0.001000
169700,0.121667,1.000000,0.131020,0.999787,1325.8,0.001000
169800,0.081059,1.000000,0.083460,1.000000,1326.5,0.001000
169900,0.107057,1.000000,0.112398,1.000000,1327.2,0.001000
170000,0.112161,0.999150,0.115829,0.999150,1327.9,0.001000
170100,0.097271,1.000000,0.101598,1.000000,1328.6,0.001000
170200,0.086625,1.000000,0.089771,1.000000,1329.3,0.001000
170300,0.076922,1.000000,0.079729,1.000000,1330.1,0.001000
170400,0.083624,1.000000,0.086523,1.000000,1331.0,0.001000
170500,0.136659,0.999362,0.144636,0.999575,1331.7,0.001000
170600,0.081819,1.000000,0.086805,1.000000,1332.4,0.001000
170700,0.094395,0.999575,0.097971,1.000000,1333.3,0.001000
170800,0.094078,1.000000,0.100063,1.000000,1334.0,0.001000
170900,0.083614,1.000000,0.086617,1.000000,1334.8,0.001000
171000,0.139420,0.999575,0.142835,0.999362,1335.6,0.001000
171100,0.113684,1.000000,0.119447,1.000000,1336.3,0.001000
171200,0.114284,1.000000,0.117621,1.000000,1337.0,0.001000
171300,0.099720,1.000000,0.103049,1.000000,1337.7,0.001000
171400,0.087816,1.000000,0.092359,0.999787,1338.4,0.001000
171500,0.096579,1.000000,0.100865,1.000000,1339.1,0.001000
171600,0.096974,1.000000,0.101467,1.000000,1339.8,0.001000
171700,0.068471,1.000000,0.071793,1.000000,1340.6,0.001000
171800,0.091757,1.000000,0.096489,1.000000,1341.4,0.001000
171900,0.195434,0.996811,0.206968,0.996174,1342.2,0.001000
172000,0.074074,1.000000,0.077130,1.000000,1342.9,0.001000
172100,0.103852,1.000000,0.108322,0.999787,1343.9,0.001000
172200,0.104695,1.000000,0.109650,1.000000,1344.8,0.001000
172300,0.121546,1.000000,0.127637,0.999575,1345.7,0.001000
172400,0.090399,1.000000,0.095642,1.000000,1346.5,0.001000
172500,0.073076,1.000000,0.076250,1.000000,1347.4,0.001000
172600,0.089945,1.000000,0.094136,1.000000,1348.2,0.001000
172700,0.087633,1.000000,0.092247,1.000000,1348.9,0.001000
172800,0.165647,0.998937,0.175726,0.998725,1349.6,0.001000
172900,0.100812,1.000000,0.105098,0.999787,1350.5,0.001000
173000,0.088610,1.000000,0.092815,1.000000,1351.3,0.001000
173100,0.136450,1.000000,0.139876,1.000000,1352.1,0.001000
173200,0.091921,1.000000,0.096548,1.000000,1352.9,0.001000
173300,0.133334,0.999787,0.139377,1.000000,1353.8,0.001000
173400,0.089347,1.000000,0.094091,1.000000,1354.6,0.001000
173500,0.088774,1.000000,0.093020,1.000000,1355.4,0.001000
173600,0.101014,1.000000,0.104916,1.000000,1356.0,0.001000
173700,0.095886,1.000000,0.097403,1.000000,1356.8,0.001000
173800,0.104199,1.000000,0.110266,1.000000,1357.6,0.001000
173900,0.090364,1.000000,0.094514,1.000000,1358.3,0.001000
174000,0.097706,1.000000,0.101732,1.000000,1359.0,0.001000
174100,0.092001,1.000000,0.097324,1.000000,1359.7,0.001000
174200,0.078451,1.000000,0.082516,1.000000,1360.5,0.001000
174300,0.118182,1.000000,0.122651,1.000000,1361.2,0.001000
174400,0.070178,1.000000,0.072867,1.000000,1361.9,0.001000
174500,0.086369,1.000000,0.090839,1.000000,1362.5,0.001000
174600,0.095934,1.000000,0.100047,1.000000,1363.2,0.001000
174700,0.091205,1.000000,0.094910,1.000000,1363.9,0.001000
174800,0.096781,1.000000,0.101446,1.000000,1364.7,0.001000
174900,0.076751,1.000000,0.080769,1.000000,1365.4,0.001000
175000,0.085647,1.000000,0.090439,1.000000,1366.1,0.001000
175100,0.108965,1.000000,0.114629,1.000000,1366.8,0.001000
175200,0.110153,1.000000,0.113049,1.000000,1367.6,0.001000
175300,0.090697,1.000000,0.094053,1.000000,1368.4,0.001000
175400,0.140543,0.999787,0.148186,0.999787,1369.1,0.001000
175500,0.095316,1.000000,0.098386,1.000000,1370.0,0.001000
175600,0.095787,1.000000,0.100136,1.000000,1370.9,0.001000
175700,0.080839,1.000000,0.083426,1.000000,1371.7,0.001000
175800,0.108271,1.000000,0.113245,1.000000,1372.5,0.001000
175900,0.088927,1.000000,0.092402,1.000000,1373.2,0.001000
176000,0.090217,1.000000,0.093751,1.000000,1374.0,0.001000
176100,0.083775,1.000000,0.087109,1.000000,1374.8,0.001000
176200,0.127847,1.000000,0.135609,1.000000,1375.5,0.001000
176300,0.107885,1.000000,0.114742,1.000000,1376.3,0.001000
176400,0.103351,1.000000,0.107183,1.000000,1377.0,0.001000
176500,0.070850,1.000000,0.073706,1.000000,1377.8,0.001000
176600,0.078236,1.000000,0.082282,1.000000,1378.6,0.001000
176700,0.074163,1.000000,0.078221,1.000000,1379.4,0.001000
176800,0.087543,1.000000,0.092196,0.999575,1380.2,0.001000
176900,0.086287,1.000000,0.090331,1.000000,1380.9,0.001000
177000,0.095036,1.000000,0.098298,1.000000,1381.6,0.001000
177100,0.080553,1.000000,0.083675,1.000000,1382.4,0.001000
177200,0.120447,1.000000,0.125628,0.999787,1383.2,0.001000
177300,0.089456,1.000000,0.093323,1.000000,1383.9,0.001000
177400,0.083856,1.000000,0.088026,1.000000,1384.7,0.001000
177500,0.090814,1.000000,0.094606,1.000000,1385.5,0.001000
177600,0.091417,1.000000,0.095733,1.000000,1386.3,0.001000
177700,0.103631,1.000000,0.109765,1.000000,1387.1,0.001000
177800,0.087645,1.000000,0.090212,1.000000,1388.1,0.001000
177900,0.104363,1.000000,0.110328,1.000000,1389.0,0.001000
178000,0.086626,1.000000,0.089885,1.000000,1389.8,0.001000
178100,0.085247,1.000000,0.089469,1.000000,1390.7,0.001000
178200,0.120628,0.999787,0.125081,1.000000,1391.4,0.001000
178300,0.086275,1.000000,0.090164,1.000000,1392.2,0.001000
178400,0.085641,1.000000,0.090024,1.000000,1392.9,0.001000
178500,0.077232,1.000000,0.080550,1.000000,1393.6,0.001000
178600,0.082250,1.000000,0.084643,1.000000,1394.3,0.001000
178700,0.159457,0.999575,0.166770,0.999362,1395.1,0.001000
178800,0.068304,1.000000,0.071830,1.000000,1395.9,0.001000
178900,0.082340,1.000000,0.085646,1.000000,1396.7,0.001000
179000,0.114561,1.000000,0.119785,0.999575,1397.5,0.001000
179100,0.084413,1.000000,0.088316,1.000000,1398.4,0.001000
179200,0.067832,1.000000,0.070812,1.000000,1399.1,0.001000
179300,0.079741,1.000000,0.083806,1.000000,1400.0,0.001000
179400,0.072601,1.000000,0.075847,1.000000,1400.8,0.001000
179500,0.087640,1.000000,0.091773,1.000000,1401.5,0.001000
179600,0.129509,0.998937,0.134611,0.999575,1402.3,0.001000
179700,0.087985,1.000000,0.092711,1.000000,1403.1,0.001000
179800,0.077151,1.000000,0.080069,1.000000,1404.0,0.001000
179900,0.090851,1.000000,0.095452,1.000000,1404.9,0.001000
180000,0.085982,1.000000,0.090162,1.000000,1405.8,0.001000
180100,0.084936,1.000000,0.088637,1.000000,1406.5,0.001000
180200,0.114998,1.000000,0.119854,1.000000,1407.4,0.001000
180300,0.084389,1.000000,0.088123,1.000000,1408.2,0.001000
180400,0.069392,1.000000,0.073788,1.000000,1409.0,0.001000
180500,0.078833,1.000000,0.083417,1.000000,1409.8,0.001000
180600,0.085651,1.000000,0.088497,1.000000,1410.6,0.001000
180700,0.121388,1.000000,0.126470,0.999787,1411.4,0.001000
180800,0.092362,1.000000,0.095266,1.000000,1412.2,0.001000
180900,0.072336,1.000000,0.074398,1.000000,1412.9,0.001000
181000,0.092244,1.000000,0.097333,1.000000,1413.7,0.001000
181100,0.077284,1.000000,0.080641,1.000000,1414.5,0.001000
181200,0.116568,1.000000,0.121517,1.000000,1415.3,0.001000
181300,0.088702,0.999787,0.092454,0.999575,1416.1,0.001000
181400,0.105761,1.000000,0.111274,1.000000,1416.9,0.001000
181500,0.110437,1.000000,0.114924,1.000000,1417.8,0.001000
181600,0.109007,1.000000,0.112190,1.000000,1418.6,0.001000
181700,0.089840,1.000000,0.092786,1.000000,1419.4,0.001000
181800,0.105221,0.999787,0.109497,1.000000,1420.2,0.001000
181900,0.095373,1.000000,0.099400,1.000000,1421.0,0.001000
182000,0.115435,1.000000,0.120255,1.000000,1421.8,0.001000
182100,0.079888,1.000000,0.082837,1.000000,1422.6,0.001000
182200,0.112107,1.000000,0.114719,1.000000,1423.4,0.001000
182300,0.104555,1.000000,0.111392,0.999575,1424.2,0.001000
182400,0.081661,1.000000,0.084974,1.000000,1425.0,0.001000
182500,0.144043,1.000000,0.147524,1.000000,1425.8,0.001000
182600,0.089585,0.999575,0.092657,1.000000,1426.5,0.001000
182700,0.097869,1.000000,0.100998,1.000000,1427.3,0.001000
182800,0.066392,1.000000,0.069256,1.000000,1428.1,0.001000
182900,0.112512,1.000000,0.116971,1.000000,1428.8,0.001000
183000,0.062005,1.000000,0.064668,1.000000,1429.6,0.001000
183100,0.096471,1.000000,0.100563,1.000000,1430.4,0.001000
183200,0.080408,1.000000,0.084029,1.000000,1431.3,0.001000
183300,0.080471,1.000000,0.084710,1.000000,1432.1,0.001000
183400,0.082437,1.000000,0.085423,1.000000,1432.8,0.001000
183500,0.078674,1.000000,0.081324,1.000000,1433.6,0.001000
183600,0.093677,0.999575,0.099052,0.999575,1434.4,0.001000
183700,0.068721,1.000000,0.072026,1.000000,1435.2,0.001000
183800,0.071710,1.000000,0.075194,1.000000,1436.0,0.001000
183900,0.075976,1.000000,0.079878,1.000000,1436.8,0.001000
184000,0.081485,1.000000,0.085623,1.000000,1437.6,0.001000
184100,0.103708,0.999150,0.108845,0.999575,1438.3,0.001000
184200,0.078116,1.000000,0.081537,1.000000,1439.1,0.001000
184300,0.099664,1.000000,0.104971,1.000000,1439.9,0.001000
184400,0.091193,1.000000,0.094672,1.000000,1440.7,0.001000
184500,0.109322,1.000000,0.112809,1.000000,1441.4,0.001000
184600,0.070432,1.000000,0.073173,1.000000,1442.2,0.001000
184700,0.074068,1.000000,0.077516,1.000000,1443.0,0.001000
184800,0.091844,1.000000,0.096457,1.000000,1443.9,0.001000
184900,0.122625,1.000000,0.127161,1.000000,1444.7,0.001000
185000,0.104473,0.999787,0.109784,0.999575,1445.5,0.001000
185100,0.084229,1.000000,0.088791,1.000000,1446.3,0.001000
185200,0.085865,1.000000,0.089829,1.000000,1447.1,0.001000
185300,0.089475,1.000000,0.093133,1.000000,1447.8,0.001000
185400,0.089367,1.000000,0.092591,1.000000,1448.6,0.001000
185500,0.088721,1.000000,0.094137,1.000000,1449.3,0.001000
185600,0.089866,1.000000,0.093743,1.000000,1450.0,0.001000
185700,0.108865,1.000000,0.114558,1.000000,1450.8,0.001000
185800,0.084968,1.000000,0.088666,1.000000,1451.6,0.001000
185900,0.079797,1.000000,0.082244,1.000000,1452.3,0.001000
186000,0.111539,1.000000,0.119558,1.000000,1453.2,0.001000
186100,0.109226,0.999787,0.114319,0.999787,1453.9,0.001000
186200,0.099704,1.000000,0.104439,1.000000,1454.6,0.001000
186300,0.097827,1.000000,0.102164,1.000000,1455.4,0.001000
186400,0.098761,1.000000,0.101389,1.000000,1456.1,0.001000
186500,0.072846,1.000000,0.075121,1.000000,1456.9,0.001000
186600,0.102371,1.000000,0.108249,1.000000,1457.6,0.001000
186700,0.083486,1.000000,0.087818,1.000000,1458.4,0.001000
186800,0.099088,1.000000,0.104880,0.999787,1459.1,0.001000
186900,0.088351,1.000000,0.092159,1.000000,1460.0,0.001000
187000,0.089744,1.000000,0.094315,1.000000,1460.8,0.001000
187100,0.077031,1.000000,0.080229,1.000000,1461.6,0.001000
187200,0.083641,1.000000,0.085846,1.000000,1462.5,0.001000
187300,0.077940,1.000000,0.082062,1.000000,1463.3,0.001000
187400,0.095615,1.000000,0.101117,1.000000,1464.4,0.001000
187500,0.082381,1.000000,0.085201,1.000000,1465.4,0.001000
187600,0.097532,1.000000,0.102100,1.000000,1466.5,0.001000
187700,0.081869,1.000000,0.084835,1.000000,1467.4,0.001000
187800,0.080517,1.000000,0.083444,1.000000,1468.3,0.001000
187900,0.119099,0.999362,0.123131,0.999787,1469.3,0.001000
188000,0.074077,1.000000,0.076508,1.000000,1470.1,0.001000
188100,0.098763,0.999787,0.103861,0.999362,1471.1,0.001000
188200,0.103332,1.000000,0.108692,1.000000,1472.0,0.001000
188300,0.096406,1.000000,0.100422,1.000000,1473.0,0.001000
188400,0.098040,1.000000,0.102571,1.000000,1473.9,0.001000
188500,0.128980,1.000000,0.135847,0.998725,1474.7,0.001000
188600,0.084362,1.000000,0.087798,1.000000,1475.6,0.001000
188700,0.080385,1.000000,0.082979,1.000000,1476.6,0.001000
188800,0.089520,1.000000,0.093155,1.000000,1477.8,0.001000
188900,0.074815,1.000000,0.077848,1.000000,1478.8,0.001000
189000,0.085956,1.000000,0.089173,1.000000,1479.7,0.001000
189100,0.083355,1.000000,0.088837,1.000000,1480.6,0.001000
189200,0.113722,0.999787,0.115646,0.999150,1481.5,0.001000
189300,0.073920,1.000000,0.076247,1.000000,1482.5,0.001000
189400,0.082769,1.000000,0.087109,1.000000,1483.3,0.001000
189500,0.086620,1.000000,0.090151,1.000000,1484.2,0.001000
189600,0.084761,1.000000,0.088982,1.000000,1485.1,0.001000
189700,0.087316,1.000000,0.090957,1.000000,1486.1,0.001000
189800,0.170740,0.999575,0.177842,0.999362,1487.0,0.001000
189900,0.063408,1.000000,0.066892,1.000000,1487.7,0.001000
190000,0.067934,1.000000,0.071179,1.000000,1488.5,0.001000
190100,0.091995,1.000000,0.094784,1.000000,1489.4,0.001000
190200,0.075539,1.000000,0.078762,1.000000,1490.2,0.001000
190300,0.101053,0.998724,0.105818,0.999150,1491.1,0.001000
190400,0.108278,0.999575,0.113152,1.000000,1492.0,0.001000
190500,0.085857,1.000000,0.088871,1.000000,1492.8,0.001000
190600,0.075722,1.000000,0.078244,1.000000,1493.7,0.001000
190700,0.111431,1.000000,0.118405,0.999362,1494.6,0.001000
190800,0.083561,1.000000,0.086728,1.000000,1495.5,0.001000
190900,0.096860,1.000000,0.101741,1.000000,1496.4,0.001000
191000,0.082817,1.000000,0.086769,1.000000,1497.3,0.001000
191100,0.079666,1.000000,0.083392,1.000000,1498.1,0.001000
191200,0.074342,1.000000,0.077601,1.000000,1499.0,0.001000
191300,0.070190,1.000000,0.074295,1.000000,1499.9,0.001000
191400,0.076104,1.000000,0.079538,1.000000,1500.8,0.001000
191500,0.083798,1.000000,0.088180,1.000000,1501.7,0.001000
191600,0.080155,1.000000,0.083944,1.000000,1502.5,0.001000
191700,0.097613,1.000000,0.101008,1.000000,1503.4,0.001000
191800,0.085909,1.000000,0.089450,0.999787,1504.2,0.001000
191900,0.126679,0.999787,0.132626,1.000000,1505.1,0.001000
192000,0.092553,0.999787,0.097081,1.000000,1506.0,0.001000
192100,0.072669,1.000000,0.074656,1.000000,1506.8,0.001000
192200,0.076950,1.000000,0.079766,1.000000,1507.6,0.001000
192300,0.071031,1.000000,0.073971,1.000000,1508.4,0.001000
192400,0.076916,1.000000,0.079616,1.000000,1509.1,0.001000
192500,0.082231,1.000000,0.086361,1.000000,1509.8,0.001000
192600,0.098206,1.000000,0.102319,1.000000,1510.7,0.001000
192700,0.093873,1.000000,0.097177,1.000000,1511.4,0.001000
192800,0.115687,0.998937,0.126612,0.997875,1512.1,0.001000
192900,0.112915,1.000000,0.118511,0.999787,1512.9,0.001000
193000,0.119472,1.000000,0.125537,1.000000,1513.6,0.001000
193100,0.092834,1.000000,0.097548,1.000000,1514.3,0.001000
193200,0.083976,1.000000,0.087002,1.000000,1515.1,0.001000
193300,0.119892,1.000000,0.127474,1.000000,1515.8,0.001000
193400,0.088062,1.000000,0.094799,0.999575,1516.6,0.001000
193500,0.091446,1.000000,0.094896,1.000000,1517.3,0.001000
193600,0.088902,1.000000,0.093732,1.000000,1518.1,0.001000
193700,0.088626,1.000000,0.093430,1.000000,1518.9,0.001000
193800,0.083421,1.000000,0.086752,1.000000,1519.8,0.001000
193900,0.063645,1.000000,0.066412,1.000000,1520.5,0.001000
194000,0.083163,1.000000,0.087592,1.000000,1521.2,0.001000
194100,0.084363,1.000000,0.086884,1.000000,1522.0,0.001000
194200,0.113396,1.000000,0.119333,1.000000,1522.8,0.001000
194300,0.085204,1.000000,0.089546,1.000000,1523.9,0.001000
194400,0.079552,1.000000,0.083208,1.000000,1524.8,0.001000
194500,0.099770,1.000000,0.104143,1.000000,1525.7,0.001000
194600,0.087257,1.000000,0.090203,1.000000,1526.6,0.001000
194700,0.094334,1.000000,0.098452,1.000000,1527.5,0.001000
194800,0.106086,1.000000,0.110168,1.000000,1528.3,0.001000
194900,0.076020,1.000000,0.078807,1.000000,1529.1,0.001000
195000,0.094236,1.000000,0.098198,1.000000,1529.9,0.001000
195100,0.069919,1.000000,0.072943,1.000000,1530.7,0.001000
195200,0.134774,0.999787,0.142798,0.998937,1531.4,0.001000
195300,0.091835,1.000000,0.095537,1.000000,1532.1,0.001000
195400,0.089908,1.000000,0.093386,1.000000,1532.9,0.001000
195500,0.086481,1.000000,0.089950,1.000000,1533.6,0.001000
195600,0.092243,1.000000,0.095694,1.000000,1534.3,0.001000
195700,0.100466,1.000000,0.106886,0.999787,1535.1,0.001000
195800,0.084505,1.000000,0.088357,0.999575,1535.8,0.001000
195900,0.088308,1.000000,0.091090,1.000000,1536.5,0.001000
196000,0.074686,1.000000,0.078356,1.000000,1537.2,0.001000
196100,0.095277,0.999787,0.100116,1.000000,1537.9,0.001000
196200,0.080374,1.000000,0.082762,1.000000,1538.6,0.001000
196300,0.087795,1.000000,0.090551,1.000000,1539.3,0.001000
196400,0.092614,1.000000,0.096067,1.000000,1540.0,0.001000
196500,0.067145,1.000000,0.070158,1.000000,1540.7,0.001000
196600,0.103897,1.000000,0.109501,1.000000,1541.4,0.001000
196700,0.093403,1.000000,0.097767,0.999787,1542.1,0.001000
196800,0.092560,1.000000,0.095904,1.000000,1542.8,0.001000
196900,0.098599,1.000000,0.101830,1.000000,1543.5,0.001000
197000,0.089713,1.000000,0.092852,1.000000,1544.2,0.001000
197100,0.101259,1.000000,0.104980,1.000000,1545.0,0.001000
197200,0.105867,1.000000,0.109161,1.000000,1545.7,0.001000
197300,0.079107,1.000000,0.082524,1.000000,1546.4,0.001000
197400,0.102371,1.000000,0.107684,1.000000,1547.1,0.001000
197500,0.100411,0.999787,0.103274,1.000000,1547.8,0.001000
197600,0.096701,1.000000,0.101458,1.000000,1548.5,0.001000
197700,0.080545,1.000000,0.083134,1.000000,1549.2,0.001000
197800,0.120741,0.999575,0.126403,0.999575,1549.9,0.001000
197900,0.162354,0.996599,0.167378,0.997662,1550.7,0.001000
198000,0.075570,1.000000,0.078328,1.000000,1551.4,0.001000
198100,0.094917,1.000000,0.098175,1.000000,1552.1,0.001000
198200,0.088997,1.000000,0.093334,1.000000,1552.8,0.001000
198300,0.080377,1.000000,0.084326,1.000000,1553.5,0.001000
198400,0.084104,1.000000,0.087710,1.000000,1554.3,0.001000
198500,0.100589,1.000000,0.105525,1.000000,1555.0,0.001000
198600,0.113513,1.000000,0.118911,1.000000,1555.8,0.001000
198700,0.077714,1.000000,0.081564,1.000000,1556.6,0.001000
198800,0.085488,1.000000,0.089547,1.000000,1557.4,0.001000
198900,0.080337,1.000000,0.083442,1.000000,1558.1,0.001000
199000,0.073502,1.000000,0.076113,1.000000,1558.9,0.001000
199100,0.098888,1.000000,0.105248,1.000000,1559.7,0.001000
199200,0.097662,0.999787,0.102123,1.000000,1560.3,0.001000
199300,0.102232,1.000000,0.108137,1.000000,1561.1,0.001000
199400,0.078179,1.000000,0.081605,1.000000,1561.7,0.001000
199500,0.097541,1.000000,0.101456,1.000000,1562.4,0.001000
199600,0.092019,1.000000,0.097173,1.000000,1563.1,0.001000
199700,0.085326,1.000000,0.088396,1.000000,1563.8,0.001000
199800,0.083726,1.000000,0.086975,1.000000,1564.5,0.001000
199900,0.102408,1.000000,0.107271,1.000000,1565.2,0.001000
