step,train_loss,train_acc,test_loss,test_acc,elapsed_sec,lr
0,5.113054,0.010842,5.117712,0.010627,0.0,0.000020
100,4.558223,0.020408,4.717829,0.007014,0.8,0.001000
200,3.842721,0.184524,5.344483,0.020404,1.5,0.001000
300,2.270131,0.545706,5.031386,0.126886,2.2,0.001000
400,0.771412,0.869898,4.353557,0.359617,2.9,0.001000
500,0.145354,0.988946,4.100414,0.478002,3.7,0.001000
600,0.056387,0.995748,4.227813,0.487141,4.4,0.001000
700,0.060379,0.991922,4.580111,0.483528,5.0,0.001000
800,0.037127,0.993835,4.727488,0.485866,5.9,0.001000
900,0.053442,0.989583,4.955731,0.480978,6.6,0.001000
1000,0.024047,0.996173,5.032459,0.489054,7.2,0.001000
1100,0.031872,0.993410,5.167726,0.486504,7.8,0.001000
1200,0.033709,0.993622,5.251403,0.488204,8.4,0.001000
1300,0.013894,0.997449,5.237022,0.489267,9.0,0.001000
1400,0.033742,0.992559,5.362697,0.485228,9.6,0.001000
1500,0.027338,0.992772,5.239127,0.488842,10.2,0.001000
1600,0.034083,0.991497,5.233910,0.486291,10.9,0.001000
1700,0.012892,0.997236,5.234327,0.490967,11.5,0.001000
1800,0.023266,0.995111,5.307828,0.490967,12.1,0.001000
1900,0.024515,0.995111,5.302046,0.490542,12.8,0.001000
2000,0.013311,0.997024,5.197578,0.495218,13.5,0.001000
2100,0.017188,0.996811,5.180254,0.495218,14.2,0.001000
2200,0.015897,0.995536,5.179568,0.493305,14.9,0.001000
2300,0.026024,0.993197,5.115862,0.490329,15.6,0.001000
2400,0.005445,0.998512,5.029194,0.495430,16.4,0.001000
2500,0.024722,0.993622,5.154583,0.491817,17.0,0.001000
2600,0.004891,0.998512,4.939023,0.496493,17.6,0.001000
2700,0.022048,0.996173,4.943605,0.497343,18.2,0.001000
2800,0.006438,0.998724,4.758789,0.500531,18.8,0.001000
2900,0.018940,0.994898,4.837852,0.500956,19.4,0.001000
3000,0.010256,0.997449,4.637978,0.501169,20.0,0.001000
3100,0.009277,0.997874,4.599966,0.501382,20.6,0.001000
3200,0.013253,0.997449,4.556595,0.504144,21.2,0.001000
3300,0.011614,0.997236,4.501647,0.503294,21.9,0.001000
3400,0.005986,0.997874,4.363731,0.504995,22.5,0.001000
3500,0.010264,0.997449,4.429133,0.503719,23.2,0.001000
3600,0.010041,0.997874,4.243148,0.507970,23.8,0.001000
3700,0.003850,0.999575,4.137747,0.513709,24.4,0.001000
3800,0.017636,0.995748,4.063247,0.515622,25.0,0.001000
3900,0.006990,0.998087,3.872776,0.516684,25.7,0.001000
4000,0.008434,0.997662,3.951984,0.518597,26.3,0.001000
4100,0.015821,0.994898,3.857439,0.520510,26.9,0.001000
4200,0.023347,0.996173,3.738923,0.522210,27.5,0.001000
4300,0.007741,0.998512,3.616253,0.525824,28.2,0.001000
4400,0.010946,0.997449,3.623273,0.526674,28.8,0.001000
4500,0.008693,0.998087,3.462517,0.535600,29.5,0.001000
4600,0.000163,1.000000,3.205033,0.543252,30.1,0.001000
4700,0.000059,1.000000,3.125673,0.546440,30.8,0.001000
4800,0.000028,1.000000,3.063740,0.551541,31.5,0.001000
4900,0.000013,1.000000,3.009960,0.556642,32.2,0.001000
5000,0.000006,1.000000,2.958788,0.562593,33.0,0.001000
5100,0.000003,1.000000,2.932480,0.564931,33.6,0.001000
5200,0.000001,1.000000,2.913418,0.568119,34.3,0.001000
5300,0.000000,1.000000,2.911169,0.572370,34.9,0.001000
5400,0.000000,1.000000,2.921331,0.573007,35.5,0.001000
5500,0.000000,1.000000,2.967523,0.571945,36.2,0.001000
5600,0.000000,1.000000,3.074199,0.569819,36.8,0.001000
5700,0.000000,1.000000,3.194468,0.561743,37.4,0.001000
5800,0.000000,1.000000,3.246959,0.554304,38.1,0.001000
5900,0.000000,1.000000,3.222421,0.550691,38.7,0.001000
6000,0.000000,1.000000,3.173787,0.550053,39.3,0.001000
6100,0.000000,1.000000,3.116409,0.550053,39.9,0.001000
6200,0.000000,1.000000,3.052521,0.548353,40.6,0.001000
6300,0.000000,1.000000,3.017146,0.548990,41.2,0.001000
6400,0.000000,1.000000,2.938600,0.548990,41.8,0.001000
6500,0.000000,1.000000,2.900573,0.548565,42.4,0.001000
6600,0.000000,1.000000,2.856779,0.548990,43.0,0.001000
6700,0.000000,1.000000,2.818233,0.549203,43.6,0.001000
6800,0.000000,1.000000,2.785121,0.547715,44.3,0.001000
6900,0.000000,1.000000,2.738145,0.549841,44.9,0.001000
7000,0.000000,1.000000,2.712935,0.548778,45.7,0.001000
7100,0.000000,1.000000,2.686272,0.549628,46.4,0.001000
7200,0.000000,1.000000,2.670784,0.550691,47.1,0.001000
7300,0.000000,1.000000,2.648533,0.548990,47.7,0.001000
7400,0.000000,1.000000,2.633923,0.548990,48.4,0.001000
7500,0.000000,1.000000,2.605994,0.551116,49.1,0.001000
7600,0.000000,1.000000,2.601645,0.548565,49.7,0.001000
7700,0.000000,1.000000,2.578301,0.549416,50.4,0.001000
7800,0.000000,1.000000,2.566770,0.547078,51.1,0.001000
7900,0.000000,1.000000,2.576525,0.545802,51.7,0.001000
8000,0.000000,1.000000,2.560427,0.546865,52.4,0.001000
8100,0.000000,1.000000,2.545768,0.549203,53.0,0.001000
8200,0.000000,1.000000,2.549015,0.547078,53.7,0.001000
8300,0.000000,1.000000,2.542787,0.545590,54.4,0.001000
8400,0.000000,1.000000,2.536262,0.545377,55.1,0.001000
8500,0.000000,1.000000,2.527088,0.547290,55.7,0.001000
8600,0.000000,1.000000,2.518178,0.544315,56.4,0.001000
8700,0.000000,1.000000,2.530783,0.547290,57.0,0.001000
8800,0.000000,1.000000,2.534376,0.546015,57.7,0.001000
8900,0.000000,1.000000,2.522228,0.544740,58.3,0.001000
9000,0.000000,1.000000,2.536378,0.546227,59.0,0.001000
9100,0.000000,1.000000,2.526140,0.544102,59.8,0.001000
9200,0.000000,1.000000,2.531162,0.541977,60.6,0.001000
9300,0.000000,1.000000,2.525563,0.542189,61.3,0.001000
9400,0.000000,1.000000,2.537081,0.540064,62.0,0.001000
9500,0.000000,1.000000,2.535310,0.540914,62.8,0.001000
9600,0.000000,1.000000,2.526737,0.540064,63.5,0.001000
9700,0.000000,1.000000,2.545709,0.539851,64.2,0.001000
9800,0.000000,1.000000,2.536724,0.540489,64.8,0.001000
9900,0.000000,1.000000,2.542718,0.536663,65.5,0.001000
10000,0.000000,1.000000,2.554685,0.536238,66.2,0.001000
10100,0.000000,1.000000,2.553712,0.538576,66.8,0.001000
10200,0.000000,1.000000,2.555994,0.536876,67.5,0.001000
10300,0.000000,1.000000,2.553478,0.536663,68.2,0.001000
10400,0.000000,1.000000,2.554763,0.537726,69.0,0.001000
10500,0.000000,1.000000,2.558171,0.536876,69.6,0.001000
10600,0.000000,1.000000,2.560142,0.539851,70.2,0.001000
10700,0.000000,1.000000,2.554848,0.538576,70.9,0.001000
10800,0.000000,1.000000,2.564298,0.540276,71.5,0.001000
10900,0.000000,1.000000,2.584894,0.536238,72.2,0.001000
11000,0.000000,1.000000,2.564243,0.539214,72.8,0.001000
11100,0.000000,1.000000,2.585414,0.536663,73.5,0.001000
11200,0.000000,1.000000,2.585550,0.538788,74.1,0.001000
11300,0.000000,1.000000,2.581216,0.540914,74.7,0.001000
11400,0.000000,1.000000,2.579813,0.536663,75.3,0.001000
11500,0.000000,1.000000,2.579282,0.540064,75.9,0.001000
11600,0.000000,1.000000,2.583432,0.537513,76.5,0.001000
11700,0.000000,1.000000,2.584060,0.538151,77.3,0.001000
11800,0.000000,1.000000,2.606091,0.540276,77.9,0.001000
11900,0.000000,1.000000,2.593037,0.537513,78.5,0.001000
12000,0.000000,1.000000,2.580193,0.538363,79.1,0.001000
12100,0.000000,1.000000,2.601937,0.538363,79.8,0.001000
12200,0.000000,1.000000,2.602864,0.536025,80.4,0.001000
12300,0.000000,1.000000,2.601244,0.537301,81.1,0.001000
12400,0.000000,1.000000,2.605483,0.535175,81.8,0.001000
12500,0.000000,1.000000,2.621251,0.537726,82.4,0.001000
12600,0.000000,1.000000,2.612420,0.538576,83.1,0.001000
12700,0.000000,1.000000,2.602468,0.539001,83.8,0.001000
12800,0.000000,1.000000,2.605933,0.535813,84.4,0.001000
12900,0.000000,1.000000,2.599340,0.539639,85.0,0.001000
13000,0.000000,1.000000,2.603935,0.538576,85.7,0.001000
13100,0.000000,1.000000,2.630878,0.537088,86.3,0.001000
13200,0.000000,1.000000,2.626399,0.539426,86.9,0.001000
13300,0.000000,1.000000,2.629603,0.537513,87.6,0.001000
13400,0.000000,1.000000,2.626671,0.537088,88.3,0.001000
13500,0.000000,1.000000,2.618340,0.539001,89.1,0.001000
13600,0.000000,1.000000,2.625157,0.539001,89.8,0.001000
13700,0.000000,1.000000,2.628174,0.538363,90.5,0.001000
13800,0.000000,1.000000,2.633608,0.537726,91.2,0.001000
13900,0.000000,1.000000,2.623102,0.539001,91.9,0.001000
14000,0.000000,1.000000,2.651336,0.539426,92.5,0.001000
14100,0.000000,1.000000,2.646165,0.535388,93.2,0.001000
14200,0.049769,0.987457,5.888981,0.514559,93.8,0.001000
14300,0.032111,0.991284,6.259172,0.521785,94.4,0.001000
14400,0.046124,0.990008,6.563164,0.528799,95.1,0.001000
14500,0.053034,0.992347,6.807250,0.536025,95.7,0.001000
14600,0.024693,0.992559,6.749311,0.547715,96.4,0.001000
14700,0.029278,0.991709,6.920564,0.545590,97.0,0.001000
14800,0.055403,0.990434,6.789044,0.555367,97.6,0.001000
14900,0.027329,0.993622,7.072653,0.559830,98.3,0.001000
15000,0.043112,0.990434,6.175382,0.584910,99.0,0.001000
15100,0.029312,0.993622,6.383491,0.583634,99.6,0.001000
15200,0.028560,0.993197,5.977603,0.596599,100.3,0.001000
15300,0.023884,0.994260,5.472642,0.615303,100.9,0.001000
15400,0.039467,0.992559,5.649912,0.605951,101.7,0.001000
15500,0.018770,0.994898,5.420320,0.629968,102.4,0.001000
15600,0.029233,0.992985,5.097639,0.641870,103.1,0.001000
15700,0.025657,0.993835,4.991897,0.649522,103.8,0.001000
15800,0.024786,0.994260,4.824060,0.642721,104.4,0.001000
15900,0.026765,0.993410,4.711589,0.648884,105.1,0.001000
16000,0.033619,0.993622,4.411135,0.664400,105.8,0.001000
16100,0.045930,0.993835,4.065447,0.680128,106.5,0.001000
16200,0.021695,0.996599,3.593609,0.709245,107.2,0.001000
16300,0.018362,0.996173,3.451094,0.714346,107.8,0.001000
16400,0.037893,0.993197,3.774497,0.703082,108.4,0.001000
16500,0.028200,0.995536,3.219825,0.726249,109.1,0.001000
16600,0.040097,0.994048,3.447878,0.718597,109.7,0.001000
16700,0.011850,0.997662,2.764019,0.754942,110.4,0.001000
16800,0.019302,0.995323,2.841579,0.756217,111.0,0.001000
16900,0.016709,0.996599,2.568180,0.770457,111.7,0.001000
17000,0.010034,0.997662,2.723460,0.763231,112.3,0.001000
17100,0.016731,0.996811,2.294074,0.777471,113.0,0.001000
17200,0.016622,0.995748,1.964206,0.802550,113.7,0.001000
17300,0.014559,0.997449,2.066202,0.807439,114.5,0.001000
17400,0.025930,0.995961,1.877435,0.820191,115.2,0.001000
17500,0.026576,0.996811,1.663845,0.829118,115.9,0.001000
17600,0.024750,0.996173,1.569649,0.846546,116.5,0.001000
17700,0.013724,0.997024,1.370321,0.851222,117.1,0.001000
17800,0.029681,0.995748,1.515224,0.840595,117.8,0.001000
17900,0.008843,0.998087,1.298886,0.858236,118.4,0.001000
18000,0.017207,0.997236,1.530048,0.847396,119.2,0.001000
18100,0.012126,0.997662,1.122140,0.890755,120.0,0.001000
18200,0.018089,0.996811,1.234148,0.876939,120.7,0.001000
18300,0.026513,0.996811,1.064114,0.889054,121.4,0.001000
18400,0.002633,0.999362,0.820876,0.907970,122.1,0.001000
18500,0.010299,0.997449,1.033384,0.896493,122.8,0.001000
18600,0.007548,0.998087,0.885062,0.899681,123.4,0.001000
18700,0.016637,0.997236,0.923054,0.894793,124.1,0.001000
18800,0.013935,0.998299,0.861912,0.902444,124.7,0.001000
18900,0.013700,0.997024,0.742356,0.908183,125.4,0.001000
19000,0.012104,0.998299,0.741903,0.916684,126.0,0.001000
19100,0.020596,0.996599,0.761470,0.912859,126.7,0.001000
19200,0.009430,0.998087,0.711468,0.923486,127.3,0.001000
19300,0.006192,0.998087,0.818951,0.912859,128.0,0.001000
19400,0.003988,0.998724,0.588286,0.926249,129.1,0.001000
19500,0.001589,0.999362,0.655096,0.928799,130.0,0.001000
19600,0.010529,0.997449,0.592151,0.925398,130.8,0.001000
19700,0.045681,0.995536,0.701275,0.922210,131.4,0.001000
19800,0.007794,0.999150,0.472303,0.939639,132.2,0.001000
19900,0.033840,0.995748,0.497830,0.939426,132.9,0.001000
20000,0.005788,0.998087,0.536005,0.932837,133.6,0.001000
20100,0.014401,0.998087,0.403357,0.947078,134.3,0.001000
20200,0.005876,0.998724,0.407347,0.946652,134.9,0.001000
20300,0.035368,0.995536,0.535068,0.938363,135.5,0.001000
20400,0.014068,0.996811,0.419251,0.947928,136.2,0.001000
20500,0.006516,0.998724,0.372523,0.958342,136.8,0.001000
20600,0.011692,0.997236,0.384631,0.948990,137.4,0.001000
20700,0.005099,0.999150,0.296532,0.960680,138.1,0.001000
20800,0.015024,0.997662,0.280239,0.965781,138.7,0.001000
20900,0.012828,0.998724,0.304067,0.964293,139.3,0.001000
21000,0.020270,0.995748,0.425302,0.948990,139.9,0.001000
21100,0.004533,0.999575,0.227269,0.968969,140.6,0.001000
21200,0.011725,0.998724,0.278454,0.962168,141.2,0.001000
21300,0.000423,1.000000,0.192375,0.975558,141.8,0.001000
21400,0.011540,0.998087,0.217791,0.974920,142.4,0.001000
21500,0.016506,0.996599,0.331548,0.960893,143.1,0.001000
21600,0.005417,0.998937,0.298594,0.961743,143.7,0.001000
21700,0.011464,0.997874,0.300882,0.961530,144.3,0.001000
21800,0.002991,0.999575,0.202318,0.973007,145.0,0.001000
21900,0.022322,0.995748,0.308770,0.964506,145.6,0.001000
22000,0.004357,0.998937,0.216368,0.969607,146.2,0.001000
22100,0.011379,0.998512,0.266057,0.968757,146.9,0.001000
22200,0.005664,0.998299,0.194117,0.975133,147.5,0.001000
22300,0.006166,0.998512,0.224162,0.969819,148.1,0.001000
22400,0.001318,0.999575,0.192549,0.975983,148.7,0.001000
22500,0.004441,0.998937,0.179844,0.972795,149.3,0.001000
22600,0.000722,0.999575,0.144518,0.980021,150.0,0.001000
22700,0.000618,0.999362,0.193218,0.973220,150.6,0.001000
22800,0.007977,0.998724,0.209227,0.971520,151.2,0.001000
22900,0.002445,0.999150,0.200335,0.975558,151.9,0.001000
23000,0.003843,0.999575,0.117599,0.982147,152.5,0.001000
23100,0.022290,0.997662,0.140485,0.979171,153.1,0.001000
23200,0.000004,1.000000,0.153688,0.977258,153.7,0.001000
23300,0.000000,1.000000,0.145933,0.979384,154.3,0.001000
23400,0.000000,1.000000,0.142065,0.979596,154.9,0.001000
23500,0.000000,1.000000,0.137630,0.980659,155.5,0.001000
23600,0.000000,1.000000,0.132373,0.980871,156.2,0.001000
23700,0.000000,1.000000,0.126774,0.981509,156.8,0.001000
23800,0.000000,1.000000,0.120854,0.982147,157.5,0.001000
23900,0.000000,1.000000,0.114155,0.983634,158.1,0.001000
24000,0.000000,1.000000,0.106842,0.984272,158.9,0.001000
24100,0.000000,1.000000,0.098526,0.984697,159.5,0.001000
24200,0.000000,1.000000,0.087785,0.987248,160.1,0.001000
24300,0.000000,1.000000,0.069750,0.989160,160.8,0.001000
24400,0.010918,0.996599,0.178450,0.972157,161.4,0.001000
24500,0.003473,0.999575,0.108812,0.982359,162.1,0.001000
24600,0.003927,0.999150,0.148048,0.978533,162.7,0.001000
24700,0.001177,0.999362,0.178073,0.973645,163.4,0.001000
24800,0.002357,0.998724,0.129184,0.980234,164.0,0.001000
24900,0.000520,0.999575,0.125162,0.981722,164.7,0.001000
25000,0.010657,0.997874,0.155139,0.980659,165.3,0.001000
25100,0.003699,0.999362,0.094987,0.982359,166.2,0.001000
25200,0.004650,0.999150,0.072685,0.984060,166.9,0.001000
25300,0.012445,0.998724,0.045611,0.991498,167.7,0.001000
25400,0.012909,0.997449,0.112317,0.981509,168.4,0.001000
25500,0.001039,0.999787,0.116105,0.984272,169.1,0.001000
25600,0.015864,0.996811,0.102501,0.980234,169.9,0.001000
25700,0.006356,0.998937,0.085401,0.985335,170.6,0.001000
25800,0.003160,0.998937,0.102866,0.984485,171.5,0.001000
25900,0.002328,0.999575,0.091500,0.985547,172.2,0.001000
26000,0.011890,0.997874,0.070476,0.987673,172.9,0.001000
26100,0.002928,0.999150,0.083812,0.988310,173.5,0.001000
26200,0.001302,0.999575,0.105013,0.989373,174.2,0.001000
26300,0.002026,0.999150,0.056878,0.990223,175.0,0.001000
26400,0.011290,0.998299,0.155386,0.980446,175.7,0.001000
26500,0.002967,0.998937,0.059093,0.988523,176.3,0.001000
26600,0.002640,0.999362,0.096105,0.985335,176.9,0.001000
26700,0.001516,0.999575,0.110273,0.984485,177.6,0.001000
26800,0.014117,0.997874,0.123891,0.981509,178.3,0.001000
26900,0.003148,0.998724,0.056374,0.990436,179.0,0.001000
27000,0.000995,0.999575,0.049556,0.992986,179.8,0.001000
27100,0.001314,0.999787,0.041457,0.991498,180.6,0.001000
27200,0.000480,0.999787,0.056466,0.991286,181.3,0.001000
27300,0.001526,0.999787,0.072933,0.989798,182.1,0.001000
27400,0.003308,0.999150,0.084996,0.988310,182.8,0.001000
27500,0.009951,0.998512,0.046759,0.991498,183.5,0.001000
27600,0.000796,0.999575,0.048645,0.990436,184.1,0.001000
27700,0.001303,0.999787,0.058318,0.989160,184.7,0.001000
27800,0.001114,0.999575,0.083892,0.989586,185.4,0.001000
27900,0.000165,1.000000,0.069900,0.989586,186.0,0.001000
28000,0.000350,1.000000,0.093172,0.986185,186.6,0.001000
28100,0.003714,0.999575,0.055514,0.992349,187.3,0.001000
28200,0.007421,0.999575,0.046723,0.993411,187.9,0.001000
28300,0.000152,1.000000,0.056113,0.992349,188.5,0.001000
28400,0.002078,0.999362,0.025904,0.994686,189.2,0.001000
28500,0.012598,0.999150,0.041884,0.992774,189.9,0.001000
28600,0.000374,1.000000,0.044265,0.994474,190.5,0.001000
28700,0.000360,0.999787,0.021212,0.995537,191.2,0.001000
28800,0.003584,0.999362,0.023528,0.994686,191.8,0.001000
28900,0.003810,0.998724,0.054878,0.990223,192.5,0.001000
29000,0.000938,0.999787,0.043273,0.991498,193.2,0.001000
29100,0.000236,1.000000,0.061344,0.992774,193.9,0.001000
29200,0.004440,0.999150,0.039973,0.993624,194.6,0.001000
29300,0.000004,1.000000,0.033362,0.994686,195.2,0.001000
29400,0.017692,0.998299,0.107452,0.987035,195.9,0.001000
29500,0.005126,0.999787,0.056370,0.988948,196.6,0.001000
29600,0.000569,0.999787,0.045065,0.992561,197.2,0.001000
29700,0.001669,0.999787,0.043662,0.993199,197.9,0.001000
29800,0.011168,0.998087,0.052096,0.991286,198.6,0.001000
29900,0.000035,1.000000,0.041023,0.994474,199.2,0.001000
30000,0.000001,1.000000,0.042646,0.994686,199.9,0.001000
30100,0.000000,1.000000,0.040552,0.994474,200.5,0.001000
30200,0.000000,1.000000,0.039037,0.994474,201.2,0.001000
30300,0.000000,1.000000,0.037157,0.995112,201.8,0.001000
30400,0.000000,1.000000,0.035322,0.995112,202.4,0.001000
30500,0.000000,1.000000,0.033588,0.995749,203.1,0.001000
30600,0.000000,1.000000,0.031761,0.995962,203.8,0.001000
30700,0.000000,1.000000,0.030559,0.996599,204.5,0.001000
30800,0.000000,1.000000,0.029860,0.996599,205.1,0.001000
30900,0.000000,1.000000,0.029567,0.996812,205.8,0.001000
31000,0.009095,0.999362,0.051428,0.993624,206.4,0.001000
31100,0.002051,0.999575,0.066794,0.990648,207.0,0.001000
31200,0.000001,1.000000,0.028865,0.993836,207.6,0.001000
31300,0.000000,1.000000,0.027557,0.994049,208.3,0.001000
31400,0.000000,1.000000,0.027196,0.994474,208.9,0.001000
31500,0.000000,1.000000,0.025763,0.994686,209.5,0.001000
31600,0.000000,1.000000,0.025065,0.995324,210.2,0.001000
31700,0.000000,1.000000,0.024362,0.995537,210.9,0.001000
31800,0.000000,1.000000,0.023522,0.995537,211.5,0.001000
31900,0.000000,1.000000,0.023419,0.995537,212.2,0.001000
32000,0.000000,1.000000,0.023963,0.995112,212.7,0.001000
32100,0.000000,1.000000,0.024900,0.995537,213.4,0.001000
32200,0.000000,1.000000,0.021371,0.996174,214.1,0.001000
32300,0.010787,0.998299,0.046285,0.992774,214.7,0.001000
32400,0.000204,0.999787,0.007967,0.997024,215.4,0.001000
32500,0.000000,1.000000,0.006020,0.998725,216.0,0.001000
32600,0.000000,1.000000,0.005453,0.998725,216.7,0.001000
32700,0.000000,1.000000,0.004889,0.998937,217.4,0.001000
32800,0.000000,1.000000,0.004387,0.998937,218.1,0.001000
32900,0.000000,1.000000,0.003810,0.998937,218.8,0.001000
33000,0.000000,1.000000,0.003335,0.999150,219.4,0.001000
33100,0.000000,1.000000,0.002857,0.999362,220.1,0.001000
33200,0.000000,1.000000,0.002765,0.999150,220.7,0.001000
33300,0.000000,1.000000,0.002947,0.999150,221.4,0.001000
33400,0.000000,1.000000,0.001922,0.999362,222.0,0.001000
33500,0.005678,0.998937,0.017756,0.996174,222.7,0.001000
33600,0.000083,1.000000,0.011706,0.997237,223.4,0.001000
33700,0.000001,1.000000,0.010018,0.997662,224.0,0.001000
33800,0.000000,1.000000,0.009241,0.997662,224.8,0.001000
33900,0.000000,1.000000,0.008471,0.997875,225.4,0.001000
34000,0.000000,1.000000,0.007585,0.997875,226.1,0.001000
34100,0.000000,1.000000,0.006739,0.997875,226.8,0.001000
34200,0.000000,1.000000,0.005494,0.998087,227.5,0.001000
34300,0.000000,1.000000,0.004380,0.998087,228.1,0.001000
34400,0.000000,1.000000,0.003241,0.998300,228.8,0.001000
34500,0.000000,1.000000,0.004124,0.998300,229.5,0.001000
34600,0.001003,0.999575,0.018477,0.994686,230.1,0.001000
34700,0.000132,1.000000,0.032102,0.992774,230.7,0.001000
34800,0.000000,1.000000,0.041746,0.992349,231.3,0.001000
34900,0.000000,1.000000,0.037986,0.992349,232.1,0.001000
35000,0.000000,1.000000,0.034029,0.992349,232.8,0.001000
35100,0.000000,1.000000,0.029695,0.993411,233.5,0.001000
35200,0.000000,1.000000,0.024913,0.993624,234.3,0.001000
35300,0.000000,1.000000,0.021009,0.994474,235.2,0.001000
35400,0.000000,1.000000,0.017639,0.995324,236.1,0.001000
35500,0.000000,1.000000,0.015029,0.995749,236.8,0.001000
35600,0.000000,1.000000,0.010074,0.996599,237.5,0.001000
35700,0.000000,1.000000,0.005182,0.998300,238.1,0.001000
35800,0.005077,0.998937,0.045276,0.990436,238.7,0.001000
35900,0.002077,0.999575,0.024696,0.994474,239.6,0.001000
36000,0.000170,0.999787,0.020904,0.995324,240.4,0.001000
36100,0.000001,1.000000,0.018489,0.996387,241.1,0.001000
36200,0.000000,1.000000,0.017092,0.996599,241.9,0.001000
36300,0.000000,1.000000,0.016452,0.996812,242.5,0.001000
36400,0.000000,1.000000,0.015205,0.997237,243.2,0.001000
36500,0.000000,1.000000,0.014237,0.997237,243.8,0.001000
36600,0.000000,1.000000,0.012832,0.997450,244.5,0.001000
36700,0.000000,1.000000,0.011729,0.997450,245.2,0.001000
36800,0.000000,1.000000,0.010502,0.997875,245.9,0.001000
36900,0.000000,1.000000,0.007372,0.998725,246.7,0.001000
37000,0.000000,1.000000,0.003904,0.999150,247.4,0.001000
37100,0.000478,0.999787,0.011453,0.997875,248.0,0.001000
37200,0.000328,0.999787,0.009658,0.996387,248.7,0.001000
37300,0.007757,0.998937,0.037471,0.993836,249.5,0.001000
37400,0.002291,0.998937,0.014011,0.997237,250.3,0.001000
37500,0.006278,0.998724,0.037598,0.994049,251.0,0.001000
37600,0.000524,0.999787,0.016885,0.995749,251.7,0.001000
37700,0.000001,1.000000,0.018169,0.996387,252.3,0.001000
37800,0.000000,1.000000,0.016855,0.996812,253.1,0.001000
37900,0.000000,1.000000,0.016102,0.997237,253.8,0.001000
38000,0.000000,1.000000,0.015408,0.997450,254.6,0.001000
38100,0.000000,1.000000,0.014547,0.997450,255.4,0.001000
38200,0.000000,1.000000,0.013678,0.997450,256.2,0.001000
38300,0.000000,1.000000,0.012459,0.997450,256.9,0.001000
38400,0.000000,1.000000,0.011116,0.997875,257.6,0.001000
38500,0.000000,1.000000,0.008669,0.997662,258.3,0.001000
38600,0.000000,1.000000,0.003624,0.998937,259.1,0.001000
38700,0.003298,0.999787,0.021373,0.998300,259.8,0.001000
38800,0.002446,0.998937,0.017465,0.994686,260.6,0.001000
38900,0.000309,0.999787,0.015731,0.997024,261.3,0.001000
39000,0.000036,1.000000,0.028373,0.994686,262.1,0.001000
39100,0.000034,1.000000,0.003736,0.998087,262.8,0.001000
39200,0.000000,1.000000,0.004264,0.998087,263.5,0.001000
39300,0.000000,1.000000,0.003651,0.998725,264.2,0.001000
39400,0.000000,1.000000,0.003059,0.998937,264.9,0.001000
39500,0.000000,1.000000,0.002545,0.999150,265.6,0.001000
39600,0.000000,1.000000,0.002367,0.998937,266.4,0.001000
39700,0.000000,1.000000,0.002111,0.999150,267.1,0.001000
39800,0.000000,1.000000,0.001826,0.999362,267.8,0.001000
39900,0.000000,1.000000,0.001468,0.999150,268.5,0.001000
40000,0.000000,1.000000,0.001050,0.999575,269.2,0.001000
40100,0.000000,1.000000,0.000294,1.000000,269.9,0.001000
40200,0.000000,1.000000,0.000066,1.000000,270.6,0.001000
40300,0.004693,0.999575,0.011913,0.997024,271.3,0.001000
40400,0.000002,1.000000,0.002671,0.999150,272.0,0.001000
40500,0.000000,1.000000,0.002443,0.999150,272.7,0.001000
40600,0.000000,1.000000,0.002183,0.999150,273.3,0.001000
40700,0.000000,1.000000,0.001718,0.999150,274.0,0.001000
40800,0.000000,1.000000,0.001384,0.999150,274.7,0.001000
40900,0.000000,1.000000,0.000938,0.999575,275.4,0.001000
41000,0.000000,1.000000,0.000556,0.999787,276.1,0.001000
41100,0.000000,1.000000,0.000359,1.000000,276.7,0.001000
41200,0.000000,1.000000,0.000100,1.000000,277.4,0.001000
41300,0.000000,1.000000,0.000024,1.000000,278.1,0.001000
41400,0.000000,1.000000,0.000019,1.000000,278.7,0.001000
41500,0.000000,1.000000,0.000005,1.000000,279.3,0.001000
41600,0.000000,1.000000,0.000002,1.000000,280.0,0.001000
41700,0.000000,1.000000,0.000001,1.000000,280.7,0.001000
41800,0.000000,1.000000,0.000001,1.000000,281.4,0.001000
41900,0.000000,1.000000,0.000001,1.000000,282.1,0.001000
42000,0.000000,1.000000,0.000001,1.000000,282.8,0.001000
42100,0.000000,1.000000,0.000001,1.000000,283.5,0.001000
42200,0.000000,1.000000,0.000001,1.000000,284.1,0.001000
42300,0.000000,1.000000,0.000001,1.000000,284.8,0.001000
42400,0.000000,1.000000,0.000000,1.000000,285.5,0.001000
42500,0.000000,1.000000,0.000000,1.000000,286.4,0.001000
42600,0.000000,1.000000,0.000000,1.000000,287.1,0.001000
42700,0.000000,1.000000,0.000000,1.000000,287.7,0.001000
42800,0.000000,1.000000,0.000000,1.000000,288.5,0.001000
42900,0.000000,1.000000,0.000000,1.000000,289.2,0.001000
43000,0.000000,1.000000,0.000000,1.000000,289.9,0.001000
43100,0.000000,1.000000,0.000000,1.000000,290.7,0.001000
43200,0.000000,1.000000,0.000000,1.000000,291.4,0.001000
43300,0.000000,1.000000,0.000000,1.000000,292.2,0.001000
43400,0.000000,1.000000,0.000000,1.000000,292.8,0.001000
43500,0.000000,1.000000,0.000000,1.000000,293.5,0.001000
43600,0.000000,1.000000,0.000000,1.000000,294.1,0.001000
43700,0.000000,1.000000,0.000000,1.000000,294.9,0.001000
43800,0.000000,1.000000,0.000000,1.000000,295.6,0.001000
43900,0.000000,1.000000,0.000000,1.000000,296.3,0.001000
44000,0.000000,1.000000,0.000000,1.000000,297.0,0.001000
44100,0.000000,1.000000,0.000000,1.000000,297.6,0.001000
44200,0.000000,1.000000,0.000000,1.000000,298.3,0.001000
44300,0.000000,1.000000,0.000000,1.000000,299.1,0.001000
44400,0.000000,1.000000,0.000000,1.000000,299.8,0.001000
44500,0.000000,1.000000,0.000000,1.000000,300.6,0.001000
44600,0.000000,1.000000,0.000000,1.000000,301.4,0.001000
44700,0.000000,1.000000,0.000000,1.000000,302.2,0.001000
44800,0.000000,1.000000,0.000000,1.000000,303.1,0.001000
44900,0.000000,1.000000,0.000000,1.000000,303.8,0.001000
45000,0.000000,1.000000,0.000000,1.000000,304.5,0.001000
45100,0.000000,1.000000,0.000000,1.000000,305.2,0.001000
45200,0.000000,1.000000,0.000000,1.000000,305.9,0.001000
45300,0.000000,1.000000,0.000000,1.000000,306.6,0.001000
45400,0.000000,1.000000,0.000000,1.000000,307.2,0.001000
45500,0.000000,1.000000,0.000000,1.000000,307.9,0.001000
45600,0.000000,1.000000,0.000000,1.000000,308.5,0.001000
45700,0.000000,1.000000,0.000000,1.000000,309.2,0.001000
45800,0.000000,1.000000,0.000000,1.000000,310.0,0.001000
45900,0.000000,1.000000,0.000000,1.000000,310.6,0.001000
46000,0.000000,1.000000,0.000000,1.000000,311.4,0.001000
46100,0.000000,1.000000,0.000000,1.000000,312.2,0.001000
46200,0.000000,1.000000,0.000000,1.000000,312.9,0.001000
46300,0.000000,1.000000,0.000000,1.000000,313.6,0.001000
46400,0.000000,1.000000,0.000000,1.000000,314.4,0.001000
46500,0.000000,1.000000,0.000000,1.000000,315.1,0.001000
46600,0.000000,1.000000,0.000000,1.000000,315.9,0.001000
46700,0.000000,1.000000,0.000000,1.000000,316.6,0.001000
46800,0.000000,1.000000,0.000000,1.000000,317.3,0.001000
46900,0.000000,1.000000,0.000000,1.000000,318.0,0.001000
47000,0.000000,1.000000,0.000000,1.000000,318.7,0.001000
47100,0.000000,1.000000,0.000000,1.000000,319.4,0.001000
47200,0.000000,1.000000,0.000000,1.000000,320.1,0.001000
47300,0.000000,1.000000,0.000000,1.000000,320.7,0.001000
47400,0.000000,1.000000,0.000000,1.000000,321.4,0.001000
47500,0.000000,1.000000,0.000000,1.000000,322.1,0.001000
47600,0.000000,1.000000,0.000000,1.000000,322.8,0.001000
47700,0.000000,1.000000,0.000000,1.000000,323.5,0.001000
47800,0.000000,1.000000,0.000000,1.000000,324.2,0.001000
47900,0.000000,1.000000,0.000000,1.000000,324.9,0.001000
48000,0.000000,1.000000,0.000000,1.000000,325.7,0.001000
48100,0.000000,1.000000,0.000000,1.000000,326.4,0.001000
48200,0.000000,1.000000,0.000000,1.000000,327.1,0.001000
48300,0.000000,1.000000,0.000000,1.000000,327.8,0.001000
48400,0.000000,1.000000,0.000000,1.000000,328.5,0.001000
48500,0.000000,1.000000,0.000000,1.000000,329.2,0.001000
48600,0.000000,1.000000,0.000000,1.000000,329.9,0.001000
48700,0.000000,1.000000,0.000000,1.000000,330.5,0.001000
48800,0.000000,1.000000,0.000000,1.000000,331.2,0.001000
48900,0.000000,1.000000,0.000000,1.000000,331.9,0.001000
49000,0.000000,1.000000,0.000000,1.000000,332.6,0.001000
49100,0.000000,1.000000,0.000000,1.000000,333.3,0.001000
49200,0.000000,1.000000,0.000000,1.000000,334.0,0.001000
49300,0.000000,1.000000,0.000000,1.000000,334.7,0.001000
49400,0.000000,1.000000,0.000000,1.000000,335.4,0.001000
49500,0.000000,1.000000,0.000000,1.000000,336.0,0.001000
49600,0.000000,1.000000,0.000000,1.000000,336.6,0.001000
49700,0.000000,1.000000,0.000000,1.000000,337.3,0.001000
49800,0.000000,1.000000,0.000000,1.000000,338.0,0.001000
49900,0.000000,1.000000,0.000000,1.000000,338.7,0.001000
50000,0.000000,1.000000,0.000000,1.000000,339.4,0.001000
50100,0.000000,1.000000,0.000000,1.000000,340.1,0.001000
50200,0.000000,1.000000,0.000000,1.000000,340.7,0.001000
50300,0.000000,1.000000,0.000000,1.000000,341.4,0.001000
50400,0.000000,1.000000,0.000000,1.000000,342.1,0.001000
50500,0.000000,1.000000,0.000000,1.000000,342.8,0.001000
50600,0.000000,1.000000,0.000000,1.000000,343.5,0.001000
50700,0.000000,1.000000,0.000000,1.000000,344.2,0.001000
50800,0.000000,1.000000,0.000000,1.000000,344.8,0.001000
50900,0.000000,1.000000,0.000000,1.000000,345.5,0.001000
51000,0.000000,1.000000,0.000000,1.000000,346.4,0.001000
51100,0.000000,1.000000,0.000000,1.000000,347.0,0.001000
51200,0.000000,1.000000,0.000000,1.000000,347.7,0.001000
51300,0.000000,1.000000,0.000000,1.000000,348.4,0.001000
51400,0.000000,1.000000,0.000000,1.000000,349.0,0.001000
51500,0.000000,1.000000,0.000000,1.000000,349.7,0.001000
51600,0.000000,1.000000,0.000000,1.000000,350.4,0.001000
51700,0.000000,1.000000,0.000000,1.000000,351.0,0.001000
51800,0.000000,1.000000,0.000000,1.000000,351.7,0.001000
51900,0.000000,1.000000,0.000000,1.000000,352.4,0.001000
52000,0.000000,1.000000,0.000000,1.000000,353.1,0.001000
52100,0.000000,1.000000,0.000000,1.000000,353.8,0.001000
52200,0.000000,1.000000,0.000000,1.000000,354.4,0.001000
52300,0.000000,1.000000,0.000000,1.000000,355.1,0.001000
52400,0.000000,1.000000,0.000000,1.000000,355.8,0.001000
52500,0.000000,1.000000,0.000000,1.000000,356.4,0.001000
52600,0.000000,1.000000,0.000000,1.000000,357.1,0.001000
52700,0.000000,1.000000,0.000000,1.000000,357.9,0.001000
52800,0.000000,1.000000,0.000000,1.000000,358.5,0.001000
52900,0.000000,1.000000,0.000000,1.000000,359.3,0.001000
53000,0.000000,1.000000,0.000000,1.000000,360.1,0.001000
53100,0.000000,1.000000,0.000000,1.000000,360.8,0.001000
53200,0.000000,1.000000,0.000000,1.000000,361.6,0.001000
53300,0.000000,1.000000,0.000000,1.000000,362.4,0.001000
53400,0.000000,1.000000,0.000000,1.000000,363.1,0.001000
53500,0.000000,1.000000,0.000000,1.000000,363.7,0.001000
53600,0.000000,1.000000,0.000000,1.000000,364.4,0.001000
53700,0.000000,1.000000,0.000000,1.000000,365.1,0.001000
53800,0.000000,1.000000,0.000000,1.000000,365.8,0.001000
53900,0.000000,1.000000,0.000000,1.000000,366.6,0.001000
54000,0.000000,1.000000,0.000000,1.000000,367.3,0.001000
54100,0.000000,1.000000,0.000000,1.000000,368.0,0.001000
54200,0.000000,1.000000,0.000000,1.000000,368.6,0.001000
54300,0.000000,1.000000,0.000000,1.000000,369.3,0.001000
54400,0.000000,1.000000,0.000000,1.000000,369.9,0.001000
54500,0.000000,1.000000,0.000000,1.000000,370.6,0.001000
54600,0.000000,1.000000,0.000000,1.000000,371.3,0.001000
54700,0.000000,1.000000,0.000000,1.000000,372.0,0.001000
54800,0.000000,1.000000,0.000000,1.000000,372.6,0.001000
54900,0.000000,1.000000,0.000000,1.000000,373.3,0.001000
55000,0.000000,1.000000,0.000000,1.000000,374.0,0.001000
55100,0.000000,1.000000,0.000000,1.000000,374.6,0.001000
55200,0.000000,1.000000,0.000000,1.000000,375.2,0.001000
55300,0.000000,1.000000,0.000000,1.000000,375.9,0.001000
55400,0.000000,1.000000,0.000000,1.000000,376.6,0.001000
55500,0.000000,1.000000,0.000000,1.000000,377.3,0.001000
55600,0.000000,1.000000,0.000000,1.000000,377.9,0.001000
55700,0.000000,1.000000,0.000000,1.000000,378.6,0.001000
55800,0.000000,1.000000,0.000000,1.000000,379.2,0.001000
55900,0.000000,1.000000,0.000000,1.000000,379.9,0.001000
56000,0.000000,1.000000,0.000000,1.000000,380.6,0.001000
56100,0.037945,0.993835,0.041569,0.989586,381.2,0.001000
56200,0.019932,0.997236,0.034090,0.995749,381.9,0.001000
56300,0.040900,0.998512,0.057212,0.995324,382.5,0.001000
56400,0.000808,0.999787,0.003160,0.998937,383.2,0.001000
56500,0.034049,0.997449,0.052421,0.997024,383.9,0.001000
56600,0.000015,1.000000,0.037328,0.998512,384.6,0.001000
56700,0.021684,0.997449,0.120903,0.993411,385.3,0.001000
56800,0.008564,0.998937,0.053176,0.995962,386.0,0.001000
56900,0.017703,0.998724,0.047943,0.997237,386.7,0.001000
57000,0.000487,0.999787,0.015828,0.999150,387.4,0.001000
57100,0.000390,0.999787,0.034200,0.998512,388.1,0.001000
57200,0.011092,0.998724,0.041314,0.998087,388.8,0.001000
57300,0.007362,0.999575,0.009897,0.999150,389.5,0.001000
57400,0.011444,0.999787,0.008419,0.999362,390.2,0.001000
57500,0.012608,0.998724,0.047390,0.997450,390.9,0.001000
57600,0.019741,0.997874,0.067773,0.995962,391.5,0.001000
57700,0.032274,0.999362,0.097482,0.996599,392.2,0.001000
57800,0.012094,0.999575,0.030387,0.998512,392.9,0.001000
57900,0.042693,0.998299,0.063122,0.995962,393.6,0.001000
58000,0.012266,0.999575,0.001363,0.999787,394.3,0.001000
58100,0.019846,0.999362,0.110863,0.998087,395.0,0.001000
58200,0.010350,0.999362,0.069112,0.996174,395.7,0.001000
58300,0.005844,0.999150,0.081385,0.996174,396.4,0.001000
58400,0.000914,0.999787,0.111091,0.996599,397.1,0.001000
58500,0.014753,0.999362,0.176222,0.994686,397.8,0.001000
58600,0.012667,0.999575,0.101410,0.996599,398.5,0.001000
58700,0.010952,0.999150,0.144832,0.994474,399.1,0.001000
58800,0.003006,0.999150,0.099120,0.996812,399.8,0.001000
58900,0.006312,0.999150,0.091370,0.995962,400.4,0.001000
59000,0.023984,0.999150,0.056261,0.997875,401.1,0.001000
59100,0.030570,0.998724,0.128832,0.995112,401.9,0.001000
59200,0.007294,0.999787,0.057074,0.998300,402.6,0.001000
59300,0.027329,0.999575,0.025523,0.998725,403.2,0.001000
59400,0.025213,0.999362,0.048759,0.998087,403.9,0.001000
59500,0.000001,1.000000,0.017636,0.998937,404.5,0.001000
59600,0.000259,0.999787,0.032422,0.998512,405.2,0.001000
59700,0.000000,1.000000,0.065718,0.997450,406.0,0.001000
59800,0.012660,0.999150,0.071439,0.995537,406.7,0.001000
59900,0.004543,0.999787,0.039812,0.997450,407.4,0.001000
60000,0.032945,0.997662,0.115818,0.995537,408.1,0.001000
60100,0.012440,0.999362,0.033384,0.997450,408.7,0.001000
60200,0.000716,0.999787,0.117385,0.995537,409.4,0.001000
60300,0.010650,0.999575,0.103563,0.995962,410.0,0.001000
60400,0.034402,0.998299,0.060384,0.997450,410.8,0.001000
60500,0.002393,0.999575,0.029781,0.998300,411.5,0.001000
60600,0.004415,0.999362,0.028354,0.997875,412.2,0.001000
60700,0.002333,0.999575,0.013796,0.998512,412.9,0.001000
60800,0.004737,0.999575,0.053698,0.997237,413.7,0.001000
60900,0.021045,0.998937,0.061993,0.996174,414.4,0.001000
61000,0.002020,0.999787,0.050055,0.997662,415.1,0.001000
61100,0.002484,0.999575,0.072911,0.998300,415.8,0.001000
61200,0.006998,0.999575,0.042451,0.999575,416.5,0.001000
61300,0.000000,1.000000,0.036392,0.997450,417.1,0.001000
61400,0.008957,0.999575,0.093972,0.996812,417.8,0.001000
61500,0.022618,0.998724,0.128916,0.994261,418.5,0.001000
61600,0.005088,0.999150,0.049318,0.998512,419.2,0.001000
61700,0.000000,1.000000,0.066300,0.997875,420.0,0.001000
61800,0.009228,0.999150,0.030858,0.998087,420.8,0.001000
61900,0.013857,0.999362,0.029612,0.997875,421.4,0.001000
62000,0.001415,0.999575,0.040865,0.997662,422.2,0.001000
62100,0.005573,0.999362,0.143544,0.996387,422.9,0.001000
62200,0.000000,1.000000,0.076560,0.997875,423.7,0.001000
62300,0.000000,1.000000,0.076430,0.997875,424.4,0.001000
62400,0.000000,1.000000,0.076263,0.997875,425.2,0.001000
62500,0.000000,1.000000,0.076129,0.997875,425.9,0.001000
62600,0.000000,1.000000,0.076003,0.997875,426.5,0.001000
62700,0.000000,1.000000,0.075844,0.997875,427.2,0.001000
62800,0.000000,1.000000,0.075674,0.997875,427.9,0.001000
62900,0.000000,1.000000,0.075574,0.997875,428.6,0.001000
63000,0.000000,1.000000,0.075792,0.997875,429.2,0.001000
63100,0.000000,1.000000,0.076003,0.997875,429.9,0.001000
63200,0.000000,1.000000,0.076272,0.997662,430.6,0.001000
63300,0.000000,1.000000,0.076900,0.997662,431.4,0.001000
63400,0.000000,1.000000,0.065754,0.997450,432.1,0.001000
63500,0.000000,1.000000,0.065493,0.997450,432.7,0.001000
63600,0.013330,0.999150,0.073666,0.996812,433.4,0.001000
63700,0.010927,0.999150,0.106029,0.996174,434.2,0.001000
63800,0.000001,1.000000,0.086476,0.996599,434.9,0.001000
63900,0.000000,1.000000,0.011156,0.998512,435.6,0.001000
64000,0.000000,1.000000,0.011921,0.998512,436.4,0.001000
64100,0.000000,1.000000,0.011906,0.998512,437.1,0.001000
64200,0.000000,1.000000,0.012276,0.998512,437.8,0.001000
64300,0.000000,1.000000,0.012612,0.998512,438.5,0.001000
64400,0.000000,1.000000,0.012603,0.998512,439.2,0.001000
64500,0.000000,1.000000,0.012550,0.998512,439.9,0.001000
64600,0.000000,1.000000,0.012566,0.998512,440.6,0.001000
64700,0.000000,1.000000,0.012575,0.998512,441.2,0.001000
64800,0.000000,1.000000,0.012477,0.998512,442.0,0.001000
64900,0.000000,1.000000,0.012475,0.998512,442.6,0.001000
65000,0.000000,1.000000,0.012441,0.998512,443.3,0.001000
65100,0.000000,1.000000,0.012327,0.998512,444.0,0.001000
65200,0.000000,1.000000,0.012292,0.998512,444.6,0.001000
65300,0.000000,1.000000,0.012840,0.998725,445.3,0.001000
65400,0.000000,1.000000,0.008682,0.998725,446.0,0.001000
65500,0.000000,1.000000,0.010485,0.998512,446.7,0.001000
65600,0.000000,1.000000,0.010281,0.998512,447.4,0.001000
65700,0.000000,1.000000,0.010103,0.998512,448.1,0.001000
65800,0.000000,1.000000,0.009947,0.998725,448.7,0.001000
65900,0.000000,1.000000,0.009798,0.998725,449.5,0.001000
66000,0.000000,1.000000,0.009661,0.998725,450.1,0.001000
66100,0.000000,1.000000,0.009527,0.998725,450.8,0.001000
66200,0.000000,1.000000,0.009397,0.998725,451.5,0.001000
66300,0.000000,1.000000,0.009272,0.998725,452.2,0.001000
66400,0.000000,1.000000,0.009145,0.998725,452.9,0.001000
66500,0.000000,1.000000,0.009036,0.998725,453.6,0.001000
66600,0.000000,1.000000,0.008932,0.998725,454.3,0.001000
66700,0.000000,1.000000,0.008850,0.998725,454.9,0.001000
66800,0.000000,1.000000,0.008814,0.998725,455.6,0.001000
66900,0.000000,1.000000,0.008794,0.998725,456.2,0.001000
67000,0.000000,1.000000,0.008801,0.998512,456.9,0.001000
67100,0.000000,1.000000,0.008877,0.998512,457.6,0.001000
67200,0.000000,1.000000,0.009033,0.998512,458.3,0.001000
67300,0.000000,1.000000,0.009110,0.998512,459.0,0.001000
67400,0.000000,1.000000,0.009480,0.998512,459.7,0.001000
67500,0.000000,1.000000,0.010006,0.998512,460.4,0.001000
67600,0.000000,1.000000,0.010854,0.998512,461.0,0.001000
67700,0.000000,1.000000,0.015315,0.998725,461.7,0.001000
67800,0.005899,0.999575,0.020106,0.998300,462.5,0.001000
67900,0.000000,1.000000,0.020284,0.998300,463.2,0.001000
68000,0.000013,1.000000,0.116465,0.994899,463.9,0.001000
68100,0.000000,1.000000,0.058967,0.997024,464.6,0.001000
68200,0.001868,0.999787,0.053379,0.997237,465.3,0.001000
68300,0.005830,0.999787,0.080278,0.996387,466.0,0.001000
68400,0.004279,0.999787,0.060429,0.997875,466.8,0.001000
68500,0.000001,1.000000,0.027456,0.998725,467.4,0.001000
68600,0.000000,1.000000,0.027576,0.998725,468.1,0.001000
68700,0.000000,1.000000,0.027517,0.998725,468.8,0.001000
68800,0.000000,1.000000,0.027459,0.998725,469.4,0.001000
68900,0.000000,1.000000,0.027404,0.998725,470.1,0.001000
69000,0.000000,1.000000,0.027352,0.998725,470.8,0.001000
69100,0.000000,1.000000,0.027308,0.998725,471.5,0.001000
69200,0.000000,1.000000,0.027274,0.998725,472.1,0.001000
69300,0.000000,1.000000,0.027251,0.998725,472.8,0.001000
69400,0.000000,1.000000,0.027236,0.998725,473.5,0.001000
69500,0.000000,1.000000,0.027227,0.998725,474.2,0.001000
69600,0.000000,1.000000,0.027235,0.998725,474.9,0.001000
69700,0.000000,1.000000,0.027247,0.998725,475.6,0.001000
69800,0.000000,1.000000,0.027337,0.998512,476.3,0.001000
69900,0.000000,1.000000,0.027360,0.998512,477.0,0.001000
70000,0.000000,1.000000,0.027465,0.998512,477.7,0.001000
70100,0.000000,1.000000,0.027525,0.998300,478.4,0.001000
70200,0.000000,1.000000,0.027609,0.998300,479.1,0.001000
70300,0.000000,1.000000,0.027790,0.998300,479.8,0.001000
70400,0.000000,1.000000,0.028494,0.998087,480.6,0.001000
70500,0.000000,1.000000,0.029449,0.998087,481.3,0.001000
70600,0.021371,0.998724,0.039841,0.997662,482.0,0.001000
70700,0.003476,0.999575,0.028268,0.997875,482.7,0.001000
70800,0.004868,0.999787,0.086927,0.997875,483.3,0.001000
70900,0.002188,0.999575,0.102895,0.995324,484.0,0.001000
71000,0.000137,1.000000,0.042870,0.997237,484.7,0.001000
71100,0.004052,0.999575,0.051241,0.997237,485.3,0.001000
71200,0.028788,0.998512,0.101616,0.995324,486.0,0.001000
71300,0.010717,0.999575,0.075350,0.997024,486.7,0.001000
71400,0.009770,0.998512,0.125584,0.994899,487.5,0.001000
71500,0.000000,1.000000,0.042123,0.997450,488.2,0.001000
71600,0.000000,1.000000,0.042747,0.997450,488.9,0.001000
71700,0.000000,1.000000,0.042629,0.997450,489.6,0.001000
71800,0.000000,1.000000,0.042518,0.997450,490.3,0.001000
71900,0.000000,1.000000,0.042404,0.997450,491.0,0.001000
72000,0.000000,1.000000,0.042302,0.997450,491.7,0.001000
72100,0.000000,1.000000,0.042202,0.997450,492.4,0.001000
72200,0.000000,1.000000,0.042043,0.997450,493.1,0.001000
72300,0.000000,1.000000,0.041839,0.997450,493.7,0.001000
72400,0.000000,1.000000,0.041734,0.997450,494.4,0.001000
72500,0.000000,1.000000,0.041709,0.997450,495.1,0.001000
72600,0.000000,1.000000,0.041744,0.997450,495.8,0.001000
72700,0.000000,1.000000,0.041959,0.997450,496.6,0.001000
72800,0.000000,1.000000,0.042507,0.997662,497.3,0.001000
72900,0.000000,1.000000,0.046466,0.997450,497.9,0.001000
73000,0.000000,1.000000,0.043142,0.997662,498.6,0.001000
73100,0.000000,1.000000,0.043171,0.997662,499.3,0.001000
73200,0.000000,1.000000,0.043332,0.997662,499.9,0.001000
73300,0.000000,1.000000,0.043497,0.997662,500.6,0.001000
73400,0.000000,1.000000,0.043732,0.997662,501.4,0.001000
73500,0.000000,1.000000,0.044272,0.997662,502.0,0.001000
73600,0.000000,1.000000,0.027851,0.998512,502.7,0.001000
73700,0.000000,1.000000,0.027302,0.998512,503.4,0.001000
73800,0.000000,1.000000,0.027173,0.998300,504.1,0.001000
73900,0.000000,1.000000,0.027097,0.998300,504.8,0.001000
74000,0.000000,1.000000,0.027014,0.998300,505.5,0.001000
74100,0.000000,1.000000,0.026924,0.998300,506.1,0.001000
74200,0.000000,1.000000,0.026863,0.998300,506.9,0.001000
74300,0.000000,1.000000,0.026802,0.998300,507.6,0.001000
74400,0.000000,1.000000,0.026739,0.998300,508.3,0.001000
74500,0.000000,1.000000,0.026686,0.998300,508.9,0.001000
74600,0.000000,1.000000,0.026632,0.998300,509.6,0.001000
74700,0.000000,1.000000,0.026585,0.998300,510.3,0.001000
74800,0.000000,1.000000,0.026535,0.998300,511.0,0.001000
74900,0.000000,1.000000,0.026491,0.998300,511.6,0.001000
75000,0.000000,1.000000,0.026449,0.998300,512.3,0.001000
75100,0.000000,1.000000,0.026408,0.998300,513.0,0.001000
75200,0.000000,1.000000,0.026367,0.998300,513.6,0.001000
75300,0.000000,1.000000,0.026331,0.998300,514.3,0.001000
75400,0.000000,1.000000,0.026300,0.998300,514.9,0.001000
75500,0.000000,1.000000,0.026291,0.998300,515.6,0.001000
75600,0.000000,1.000000,0.026278,0.998300,516.3,0.001000
75700,0.000000,1.000000,0.026305,0.998300,517.0,0.001000
75800,0.000000,1.000000,0.026359,0.998300,517.6,0.001000
75900,0.000000,1.000000,0.026415,0.998300,518.3,0.001000
76000,0.000000,1.000000,0.026699,0.998087,519.0,0.001000
76100,0.000000,1.000000,0.026869,0.998087,519.6,0.001000
76200,0.000000,1.000000,0.026656,0.998087,520.3,0.001000
76300,0.000000,1.000000,0.026457,0.998087,521.0,0.001000
76400,0.000000,1.000000,0.026254,0.998087,521.7,0.001000
76500,0.000000,1.000000,0.025994,0.998300,522.4,0.001000
76600,0.010072,0.998937,0.061167,0.995749,523.0,0.001000
76700,0.000079,1.000000,0.027485,0.997450,523.7,0.001000
76800,0.026706,0.999787,0.043477,0.997024,524.4,0.001000
76900,0.008355,0.999575,0.064398,0.996599,525.1,0.001000
77000,0.012060,0.999150,0.038942,0.996812,525.8,0.001000
77100,0.020343,0.999362,0.012049,0.998512,526.7,0.001000
77200,0.000009,1.000000,0.030650,0.997662,527.3,0.001000
77300,0.000114,1.000000,0.032366,0.996174,528.1,0.001000
77400,0.000000,1.000000,0.026732,0.997024,528.8,0.001000
77500,0.000000,1.000000,0.026614,0.997024,529.4,0.001000
77600,0.000000,1.000000,0.026481,0.997024,530.1,0.001000
77700,0.000000,1.000000,0.026346,0.997024,530.7,0.001000
77800,0.000000,1.000000,0.026225,0.997024,531.4,0.001000
77900,0.000000,1.000000,0.026065,0.997024,532.1,0.001000
78000,0.000000,1.000000,0.025947,0.997024,532.8,0.001000
78100,0.000000,1.000000,0.026069,0.997024,533.5,0.001000
78200,0.000000,1.000000,0.025274,0.997024,534.2,0.001000
78300,0.000000,1.000000,0.026066,0.997024,534.8,0.001000
78400,0.000000,1.000000,0.027468,0.997662,535.5,0.001000
78500,0.000696,0.999787,0.029311,0.997662,536.2,0.001000
78600,0.007858,0.999150,0.045521,0.998087,536.8,0.001000
78700,0.006765,0.999362,0.038976,0.997024,537.5,0.001000
78800,0.012135,0.999362,0.068072,0.996599,538.1,0.001000
78900,0.018582,0.998512,0.090951,0.994474,538.8,0.001000
79000,0.012379,0.998724,0.051669,0.997450,539.8,0.001000
79100,0.000002,1.000000,0.044449,0.998087,540.9,0.001000
79200,0.009327,0.998937,0.120651,0.995962,541.8,0.001000
79300,0.001625,0.999787,0.116563,0.995112,542.8,0.001000
79400,0.001604,0.999787,0.068357,0.997450,543.6,0.001000
79500,0.001752,0.999575,0.058071,0.996599,544.4,0.001000
79600,0.006923,0.999787,0.069387,0.996174,545.1,0.001000
79700,0.000001,1.000000,0.024507,0.998937,545.8,0.001000
79800,0.002315,0.999362,0.027404,0.998725,546.5,0.001000
79900,0.006286,0.999362,0.022868,0.997237,547.2,0.001000
80000,0.000022,1.000000,0.031178,0.997662,547.9,0.001000
80100,0.000001,1.000000,0.012767,0.997662,548.5,0.001000
80200,0.000000,1.000000,0.009391,0.998512,549.2,0.001000
80300,0.000000,1.000000,0.009281,0.998725,549.9,0.001000
80400,0.000000,1.000000,0.009210,0.998725,550.5,0.001000
80500,0.000000,1.000000,0.009222,0.998725,551.2,0.001000
80600,0.000000,1.000000,0.009202,0.998725,552.0,0.001000
80700,0.000000,1.000000,0.009364,0.998725,552.7,0.001000
80800,0.000000,1.000000,0.009588,0.998512,553.5,0.001000
80900,0.000000,1.000000,0.009816,0.998512,554.3,0.001000
81000,0.000000,1.000000,0.009920,0.998512,555.0,0.001000
81100,0.000000,1.000000,0.009919,0.998725,555.7,0.001000
81200,0.000000,1.000000,0.009828,0.998512,556.5,0.001000
81300,0.000000,1.000000,0.009351,0.998300,557.1,0.001000
81400,0.000159,1.000000,0.096340,0.995537,557.8,0.001000
81500,0.000736,0.999787,0.031238,0.998300,558.5,0.001000
81600,0.000001,1.000000,0.037082,0.997450,559.3,0.001000
81700,0.002792,0.999575,0.019388,0.998937,559.9,0.001000
81800,0.051542,0.996599,0.156871,0.992349,560.6,0.001000
81900,0.000000,1.000000,0.030202,0.997662,561.3,0.001000
82000,0.011960,0.999150,0.060925,0.996174,562.0,0.001000
82100,0.010282,0.998512,0.041650,0.997237,562.6,0.001000
82200,0.000000,1.000000,0.017143,0.998512,563.2,0.001000
82300,0.011630,0.998937,0.039865,0.997237,563.9,0.001000
82400,0.011039,0.998724,0.037851,0.997237,564.5,0.001000
82500,0.000000,1.000000,0.042622,0.998087,565.2,0.001000
82600,0.000000,1.000000,0.043667,0.997875,565.9,0.001000
82700,0.000000,1.000000,0.043403,0.997875,566.6,0.001000
82800,0.000000,1.000000,0.043114,0.997875,567.2,0.001000
82900,0.000000,1.000000,0.042731,0.997875,567.8,0.001000
83000,0.000000,1.000000,0.042369,0.998087,568.5,0.001000
83100,0.000000,1.000000,0.041824,0.998087,569.2,0.001000
83200,0.000000,1.000000,0.041526,0.998087,569.8,0.001000
83300,0.000000,1.000000,0.041205,0.998087,570.5,0.001000
83400,0.000000,1.000000,0.041041,0.998087,571.2,0.001000
83500,0.000000,1.000000,0.040745,0.998087,571.9,0.001000
83600,0.000000,1.000000,0.040039,0.998087,572.6,0.001000
83700,0.000000,1.000000,0.039496,0.998087,573.3,0.001000
83800,0.000000,1.000000,0.038719,0.998087,574.1,0.001000
83900,0.000000,1.000000,0.026680,0.998300,574.8,0.001000
84000,0.000000,1.000000,0.024441,0.998512,575.4,0.001000
84100,0.000000,1.000000,0.024580,0.998512,576.0,0.001000
84200,0.000000,1.000000,0.024621,0.998300,576.7,0.001000
84300,0.000000,1.000000,0.025035,0.998300,577.3,0.001000
84400,0.000000,1.000000,0.021313,0.998512,577.9,0.001000
84500,0.000000,1.000000,0.021809,0.998512,578.6,0.001000
84600,0.000000,1.000000,0.021597,0.998512,579.2,0.001000
84700,0.000000,1.000000,0.021306,0.998512,579.9,0.001000
84800,0.000000,1.000000,0.020919,0.998512,580.6,0.001000
84900,0.000000,1.000000,0.020597,0.998512,581.3,0.001000
85000,0.000000,1.000000,0.018618,0.998512,582.0,0.001000
85100,0.000000,1.000000,0.022551,0.998725,582.7,0.001000
85200,0.000000,1.000000,0.023328,0.998512,583.4,0.001000
85300,0.000000,1.000000,0.023983,0.998512,584.1,0.001000
85400,0.000000,1.000000,0.024707,0.998300,584.8,0.001000
85500,0.000000,1.000000,0.026127,0.998300,585.5,0.001000
85600,0.008584,0.999150,0.059586,0.997237,586.1,0.001000
85700,0.006155,0.999787,0.035188,0.997450,586.8,0.001000
85800,0.000000,1.000000,0.021536,0.998725,587.6,0.001000
85900,0.059242,0.997449,0.109171,0.995537,588.4,0.001000
86000,0.003046,0.999575,0.031783,0.998300,589.1,0.001000
86100,0.002233,0.999787,0.055393,0.997875,589.8,0.001000
86200,0.000371,0.999787,0.039952,0.996812,590.5,0.001000
86300,0.006534,0.998937,0.028610,0.997450,591.3,0.001000
86400,0.002671,0.999787,0.048404,0.995749,592.0,0.001000
86500,0.000716,0.999575,0.032347,0.996599,592.7,0.001000
86600,0.000000,1.000000,0.021308,0.998300,593.4,0.001000
86700,0.000000,1.000000,0.019579,0.998512,594.0,0.001000
86800,0.000000,1.000000,0.018931,0.998512,594.7,0.001000
86900,0.000000,1.000000,0.018259,0.998512,595.3,0.001000
87000,0.000000,1.000000,0.018156,0.998512,595.9,0.001000
87100,0.000000,1.000000,0.017949,0.998725,596.6,0.001000
87200,0.000000,1.000000,0.016938,0.998937,597.2,0.001000
87300,0.000000,1.000000,0.017017,0.999150,597.9,0.001000
87400,0.000000,1.000000,0.016579,0.999150,598.5,0.001000
87500,0.000000,1.000000,0.019606,0.998512,599.3,0.001000
87600,0.000000,1.000000,0.032367,0.997875,600.0,0.001000
87700,0.000000,1.000000,0.023755,0.998512,600.9,0.001000
87800,0.000000,1.000000,0.026256,0.998512,601.5,0.001000
87900,0.000000,1.000000,0.019262,0.998300,602.2,0.001000
88000,0.000003,1.000000,0.026773,0.998087,602.9,0.001000
88100,0.001386,0.999575,0.059459,0.995537,603.5,0.001000
88200,0.002573,0.999787,0.021776,0.997450,604.2,0.001000
88300,0.000026,1.000000,0.010580,0.998937,604.8,0.001000
88400,0.000000,1.000000,0.013567,0.999150,605.4,0.001000
88500,0.000000,1.000000,0.013433,0.999150,606.0,0.001000
88600,0.000000,1.000000,0.013302,0.999150,606.7,0.001000
88700,0.000000,1.000000,0.013173,0.999150,607.3,0.001000
88800,0.000000,1.000000,0.013040,0.999150,607.9,0.001000
88900,0.000000,1.000000,0.012816,0.999150,608.5,0.001000
89000,0.000000,1.000000,0.012550,0.999150,609.2,0.001000
89100,0.000000,1.000000,0.012111,0.999150,609.8,0.001000
89200,0.000000,1.000000,0.011718,0.999150,610.5,0.001000
89300,0.000000,1.000000,0.011238,0.999150,611.1,0.001000
89400,0.000000,1.000000,0.009111,0.999150,611.8,0.001000
89500,0.000000,1.000000,0.009062,0.999150,612.4,0.001000
89600,0.000000,1.000000,0.009587,0.999150,613.1,0.001000
89700,0.000000,1.000000,0.009746,0.998937,613.7,0.001000
89800,0.000000,1.000000,0.010060,0.998937,614.3,0.001000
89900,0.000000,1.000000,0.010385,0.998937,614.9,0.001000
90000,0.000000,1.000000,0.012007,0.999150,615.6,0.001000
90100,0.000000,1.000000,0.013315,0.999150,616.3,0.001000
90200,0.000000,1.000000,0.014242,0.999150,617.0,0.001000
90300,0.001629,0.999787,0.020255,0.998937,617.7,0.001000
90400,0.000011,1.000000,0.000255,0.999787,618.4,0.001000
90500,0.000000,1.000000,0.000242,0.999787,619.1,0.001000
90600,0.000000,1.000000,0.000208,0.999787,619.8,0.001000
90700,0.000000,1.000000,0.000177,0.999787,620.5,0.001000
90800,0.000000,1.000000,0.000148,0.999787,621.2,0.001000
90900,0.000000,1.000000,0.000123,1.000000,621.9,0.001000
91000,0.000000,1.000000,0.000087,1.000000,622.6,0.001000
91100,0.000000,1.000000,0.000072,1.000000,623.3,0.001000
91200,0.000000,1.000000,0.000056,1.000000,624.0,0.001000
91300,0.000000,1.000000,0.000049,1.000000,624.7,0.001000
91400,0.000000,1.000000,0.000044,1.000000,625.5,0.001000
91500,0.000000,1.000000,0.000036,1.000000,626.1,0.001000
91600,0.000000,1.000000,0.000030,1.000000,626.8,0.001000
91700,0.000000,1.000000,0.000024,1.000000,627.5,0.001000
91800,0.000000,1.000000,0.000054,1.000000,628.2,0.001000
91900,0.000000,1.000000,0.000156,0.999787,628.9,0.001000
92000,0.000009,1.000000,0.025280,0.998300,629.6,0.001000
92100,0.001101,0.999575,0.006907,0.998725,630.3,0.001000
92200,0.037406,0.999150,0.020001,0.998087,631.0,0.001000
92300,0.003333,0.999575,0.006976,0.998937,632.0,0.001000
92400,0.000017,1.000000,0.004366,0.998937,632.8,0.001000
92500,0.005771,0.999575,0.028747,0.997662,633.5,0.001000
92600,0.005082,0.999787,0.005233,0.998725,634.3,0.001000
92700,0.000112,1.000000,0.030492,0.997450,634.9,0.001000
92800,0.019537,0.998724,0.035673,0.997237,635.5,0.001000
92900,0.000001,1.000000,0.007756,0.998937,636.2,0.001000
93000,0.000000,1.000000,0.007469,0.998937,636.8,0.001000
93100,0.000000,1.000000,0.007358,0.998937,637.5,0.001000
93200,0.000000,1.000000,0.007204,0.998937,638.2,0.001000
93300,0.000000,1.000000,0.007038,0.998937,638.8,0.001000
93400,0.000000,1.000000,0.006892,0.998937,639.4,0.001000
93500,0.000000,1.000000,0.007050,0.998937,640.1,0.001000
93600,0.000000,1.000000,0.006938,0.999150,640.8,0.001000
93700,0.000000,1.000000,0.006908,0.999150,641.5,0.001000
93800,0.000000,1.000000,0.006996,0.999150,642.1,0.001000
93900,0.026136,0.999362,0.076023,0.997875,642.7,0.001000
94000,0.000003,1.000000,0.005994,0.999362,643.4,0.001000
94100,0.000000,1.000000,0.009465,0.999787,644.1,0.001000
94200,0.003568,0.999575,0.009691,0.999150,644.7,0.001000
94300,0.000000,1.000000,0.006645,0.999787,645.4,0.001000
94400,0.000000,1.000000,0.008037,0.998725,646.2,0.001000
94500,0.000000,1.000000,0.005216,0.999362,646.8,0.001000
94600,0.000000,1.000000,0.006495,0.999362,647.5,0.001000
94700,0.000000,1.000000,0.008313,0.999362,648.2,0.001000
94800,0.000000,1.000000,0.008940,0.999362,648.9,0.001000
94900,0.000000,1.000000,0.009883,0.999362,649.5,0.001000
95000,0.000000,1.000000,0.010316,0.999362,650.2,0.001000
95100,0.000000,1.000000,0.010683,0.999362,650.8,0.001000
95200,0.000000,1.000000,0.010222,0.999362,651.5,0.001000
95300,0.000000,1.000000,0.010529,0.999362,652.2,0.001000
95400,0.000000,1.000000,0.008970,0.999150,652.9,0.001000
95500,0.000000,1.000000,0.009250,0.998937,653.6,0.001000
95600,0.007735,0.998937,0.022068,0.997024,654.3,0.001000
95700,0.000025,1.000000,0.010873,0.998937,655.0,0.001000
95800,0.000541,0.999787,0.033731,0.998087,655.7,0.001000
95900,0.000087,1.000000,0.041333,0.997237,656.3,0.001000
96000,0.000140,1.000000,0.013370,0.998725,657.0,0.001000
96100,0.000000,1.000000,0.001478,0.999787,657.7,0.001000
96200,0.000000,1.000000,0.001343,0.999787,658.4,0.001000
96300,0.000000,1.000000,0.001235,0.999787,659.2,0.001000
96400,0.000000,1.000000,0.001163,0.999787,660.0,0.001000
96500,0.000000,1.000000,0.001176,0.999787,660.9,0.001000
96600,0.000000,1.000000,0.002090,0.999575,661.6,0.001000
96700,0.000000,1.000000,0.005851,0.999362,662.4,0.001000
96800,0.000000,1.000000,0.006740,0.999362,663.3,0.001000
96900,0.000000,1.000000,0.008017,0.999150,664.0,0.001000
97000,0.000000,1.000000,0.008831,0.999362,664.6,0.001000
97100,0.000000,1.000000,0.004886,0.999575,665.3,0.001000
97200,0.000000,1.000000,0.007111,0.999575,666.0,0.001000
97300,0.000000,1.000000,0.000182,0.999787,666.7,0.001000
97400,0.000000,1.000000,0.000199,0.999787,667.4,0.001000
97500,0.000000,1.000000,0.000222,0.999787,668.1,0.001000
97600,0.000000,1.000000,0.000259,0.999787,668.8,0.001000
97700,0.000000,1.000000,0.000733,0.999787,669.4,0.001000
97800,0.001608,0.999150,0.003877,0.999787,670.1,0.001000
97900,0.000062,1.000000,0.002339,0.999575,670.8,0.001000
98000,0.000000,1.000000,0.010127,0.999150,671.5,0.001000
98100,0.000000,1.000000,0.009915,0.999150,672.3,0.001000
98200,0.000000,1.000000,0.009737,0.999150,673.1,0.001000
98300,0.000000,1.000000,0.009551,0.999150,673.8,0.001000
98400,0.000000,1.000000,0.009371,0.999150,674.5,0.001000
98500,0.000000,1.000000,0.009197,0.999150,675.3,0.001000
98600,0.000000,1.000000,0.009021,0.999150,676.1,0.001000
98700,0.000000,1.000000,0.008868,0.999150,676.8,0.001000
98800,0.000000,1.000000,0.008482,0.999150,677.5,0.001000
98900,0.000000,1.000000,0.008492,0.999150,678.1,0.001000
99000,0.000000,1.000000,0.008521,0.999150,678.8,0.001000
99100,0.000000,1.000000,0.009302,0.998512,679.5,0.001000
99200,0.000000,1.000000,0.011498,0.998300,680.2,0.001000
99300,0.000000,1.000000,0.011915,0.998937,681.0,0.001000
99400,0.002360,0.999575,0.021694,0.997450,681.7,0.001000
99500,0.000000,1.000000,0.024615,0.998300,682.4,0.001000
99600,0.000000,1.000000,0.024572,0.998300,683.0,0.001000
99700,0.000000,1.000000,0.024801,0.998087,683.7,0.001000
99800,0.000000,1.000000,0.024609,0.998300,684.4,0.001000
99900,0.000000,1.000000,0.024619,0.998300,685.1,0.001000
100000,0.000000,1.000000,0.023659,0.998937,685.8,0.001000
100100,0.000000,1.000000,0.023444,0.999150,686.5,0.001000
100200,0.000000,1.000000,0.023356,0.999150,687.2,0.001000
100300,0.000000,1.000000,0.023242,0.998937,687.9,0.001000
100400,0.000000,1.000000,0.023350,0.998937,688.7,0.001000
100500,0.000000,1.000000,0.024031,0.998512,689.4,0.001000
100600,0.000000,1.000000,0.021227,0.998937,690.1,0.001000
100700,0.001078,0.999787,0.034231,0.996174,690.8,0.001000
100800,0.000679,0.999787,0.020374,0.998087,691.5,0.001000
100900,0.001321,0.999787,0.006887,0.998937,692.2,0.001000
101000,0.005910,0.999787,0.020102,0.998087,692.8,0.001000
101100,0.000007,1.000000,0.017955,0.997875,693.6,0.001000
101200,0.000000,1.000000,0.030496,0.996174,694.3,0.001000
101300,0.000000,1.000000,0.028878,0.996387,695.0,0.001000
101400,0.000000,1.000000,0.028767,0.996599,695.7,0.001000
101500,0.000000,1.000000,0.028428,0.996812,696.4,0.001000
101600,0.000000,1.000000,0.028339,0.996599,697.1,0.001000
101700,0.000000,1.000000,0.027412,0.996812,697.8,0.001000
101800,0.000000,1.000000,0.026600,0.997024,698.5,0.001000
101900,0.000000,1.000000,0.026299,0.997024,699.3,0.001000
102000,0.000000,1.000000,0.030712,0.996812,700.0,0.001000
102100,0.001212,0.999575,0.018506,0.996599,700.8,0.001000
102200,0.000238,0.999787,0.015846,0.998087,701.4,0.001000
102300,0.003885,0.999787,0.044001,0.997450,702.1,0.001000
102400,0.000057,1.000000,0.009493,0.997875,702.8,0.001000
102500,0.000001,1.000000,0.011706,0.998937,703.4,0.001000
102600,0.000039,1.000000,0.008170,0.998725,704.1,0.001000
102700,0.006201,0.999362,0.044367,0.995749,704.8,0.001000
102800,0.006018,0.999787,0.016555,0.998725,705.5,0.001000
102900,0.000000,1.000000,0.011885,0.998300,706.3,0.001000
103000,0.000000,1.000000,0.011801,0.998300,707.0,0.001000
103100,0.000000,1.000000,0.011613,0.998300,707.6,0.001000
103200,0.000000,1.000000,0.011432,0.998300,708.3,0.001000
103300,0.000000,1.000000,0.011247,0.998300,709.0,0.001000
103400,0.000000,1.000000,0.010930,0.998300,709.8,0.001000
103500,0.000000,1.000000,0.010338,0.998512,710.5,0.001000
103600,0.000000,1.000000,0.010230,0.998512,711.1,0.001000
103700,0.000000,1.000000,0.010107,0.998725,711.8,0.001000
103800,0.000000,1.000000,0.008471,0.998937,712.4,0.001000
103900,0.000000,1.000000,0.009154,0.998725,713.1,0.001000
104000,0.000000,1.000000,0.004027,0.998937,713.8,0.001000
104100,0.000000,1.000000,0.003391,0.999362,714.4,0.001000
104200,0.000000,1.000000,0.003255,0.999150,715.1,0.001000
104300,0.000000,1.000000,0.004285,0.999362,715.7,0.001000
104400,0.000000,1.000000,0.001236,0.999575,716.4,0.001000
104500,0.002702,0.999787,0.011871,0.998512,717.0,0.001000
104600,0.004597,0.999575,0.045887,0.995962,717.7,0.001000
104700,0.000001,1.000000,0.017620,0.997875,718.4,0.001000
104800,0.000000,1.000000,0.021543,0.997450,719.1,0.001000
104900,0.000000,1.000000,0.021455,0.997450,719.9,0.001000
105000,0.000000,1.000000,0.021427,0.997450,720.6,0.001000
105100,0.000000,1.000000,0.021480,0.997450,721.4,0.001000
105200,0.000000,1.000000,0.021694,0.997450,722.2,0.001000
105300,0.000000,1.000000,0.022032,0.997450,722.9,0.001000
105400,0.000000,1.000000,0.022510,0.997450,723.6,0.001000
105500,0.007574,0.998937,0.041680,0.994261,724.3,0.001000
105600,0.002225,0.999150,0.017572,0.997662,725.0,0.001000
105700,0.000000,1.000000,0.012521,0.997662,725.7,0.001000
105800,0.000117,1.000000,0.017200,0.997450,726.4,0.001000
105900,0.000000,1.000000,0.017047,0.998300,727.1,0.001000
106000,0.000000,1.000000,0.016820,0.998300,727.7,0.001000
106100,0.000000,1.000000,0.016598,0.998300,728.4,0.001000
106200,0.000000,1.000000,0.016369,0.998300,729.1,0.001000
106300,0.000000,1.000000,0.016181,0.998300,729.7,0.001000
106400,0.000000,1.000000,0.016015,0.998300,730.4,0.001000
106500,0.000000,1.000000,0.016711,0.997875,731.1,0.001000
106600,0.000000,1.000000,0.016536,0.998087,731.8,0.001000
106700,0.000000,1.000000,0.017398,0.998087,732.5,0.001000
106800,0.000000,1.000000,0.021422,0.997237,733.2,0.001000
106900,0.000000,1.000000,0.016196,0.997662,733.9,0.001000
107000,0.000438,0.999575,0.028234,0.996812,734.6,0.001000
107100,0.000004,1.000000,0.001775,0.999575,735.3,0.001000
107200,0.000000,1.000000,0.002477,0.999575,736.0,0.001000
107300,0.000000,1.000000,0.002024,0.999575,736.7,0.001000
107400,0.000000,1.000000,0.001726,0.999575,737.3,0.001000
107500,0.000000,1.000000,0.001625,0.999575,738.0,0.001000
107600,0.000000,1.000000,0.001387,0.999575,738.7,0.001000
107700,0.000000,1.000000,0.001113,0.999575,739.4,0.001000
107800,0.000000,1.000000,0.001135,0.999575,740.0,0.001000
107900,0.000000,1.000000,0.000877,0.999575,740.7,0.001000
108000,0.000000,1.000000,0.001032,0.998937,741.4,0.001000
108100,0.000000,1.000000,0.001068,0.999575,742.1,0.001000
108200,0.000000,1.000000,0.001168,0.999362,742.8,0.001000
108300,0.000000,1.000000,0.001955,0.999362,743.4,0.001000
108400,0.006073,0.999575,0.005952,0.999362,744.2,0.001000
108500,0.003194,0.999787,0.021699,0.997662,744.9,0.001000
108600,0.001014,0.999787,0.019900,0.997024,745.5,0.001000
108700,0.000006,1.000000,0.002817,0.999362,746.2,0.001000
108800,0.000000,1.000000,0.001990,0.999575,746.9,0.001000
108900,0.000000,1.000000,0.001939,0.999575,747.6,0.001000
109000,0.000000,1.000000,0.001864,0.999575,748.3,0.001000
109100,0.000000,1.000000,0.001809,0.999575,749.0,0.001000
109200,0.000000,1.000000,0.001707,0.999787,749.7,0.001000
109300,0.000000,1.000000,0.001693,0.999787,750.4,0.001000
109400,0.000000,1.000000,0.001698,0.999787,751.0,0.001000
109500,0.000000,1.000000,0.001754,0.999787,751.7,0.001000
109600,0.000000,1.000000,0.001617,0.999787,752.4,0.001000
109700,0.000000,1.000000,0.002895,0.999362,753.1,0.001000
109800,0.000000,1.000000,0.003035,0.999362,753.8,0.001000
109900,0.008967,0.998512,0.037114,0.997024,754.4,0.001000
110000,0.000989,0.999787,0.006438,0.998937,755.1,0.001000
110100,0.003836,0.998937,0.002282,0.999575,756.0,0.001000
110200,0.000003,1.000000,0.006274,0.998512,756.7,0.001000
110300,0.000000,1.000000,0.005401,0.998300,757.4,0.001000
110400,0.000000,1.000000,0.005245,0.998512,758.1,0.001000
110500,0.000000,1.000000,0.004945,0.998725,758.8,0.001000
110600,0.000000,1.000000,0.004657,0.998725,759.5,0.001000
110700,0.000000,1.000000,0.004469,0.998937,760.2,0.001000
110800,0.000000,1.000000,0.004292,0.999150,760.9,0.001000
110900,0.000000,1.000000,0.003872,0.998937,761.6,0.001000
111000,0.000000,1.000000,0.003618,0.998512,762.3,0.001000
111100,0.000000,1.000000,0.002671,0.999150,763.0,0.001000
111200,0.010660,0.999150,0.052823,0.996174,763.6,0.001000
111300,0.004845,0.999150,0.051008,0.995112,764.3,0.001000
111400,0.002033,0.999787,0.049376,0.995749,765.0,0.001000
111500,0.000007,1.000000,0.017054,0.997237,765.8,0.001000
111600,0.000090,1.000000,0.009631,0.998087,766.6,0.001000
111700,0.000001,1.000000,0.018344,0.997875,767.3,0.001000
111800,0.000000,1.000000,0.016061,0.997662,768.0,0.001000
111900,0.000000,1.000000,0.012567,0.998300,768.6,0.001000
112000,0.000000,1.000000,0.012219,0.998300,769.2,0.001000
112100,0.000000,1.000000,0.012087,0.998300,769.9,0.001000
112200,0.000000,1.000000,0.012282,0.998300,770.6,0.001000
112300,0.000000,1.000000,0.013045,0.998300,771.3,0.001000
112400,0.000000,1.000000,0.013457,0.998300,772.0,0.001000
112500,0.000000,1.000000,0.014134,0.998300,772.7,0.001000
112600,0.000000,1.000000,0.014133,0.998300,773.3,0.001000
112700,0.000000,1.000000,0.012772,0.998300,773.9,0.001000
112800,0.000011,1.000000,0.025888,0.998087,774.6,0.001000
112900,0.000883,0.999575,0.047482,0.997237,775.3,0.001000
113000,0.000000,1.000000,0.017989,0.998725,776.0,0.001000
113100,0.000000,1.000000,0.018607,0.998725,776.6,0.001000
113200,0.000000,1.000000,0.019141,0.998937,777.3,0.001000
113300,0.000000,1.000000,0.021236,0.998937,778.0,0.001000
113400,0.000000,1.000000,0.021139,0.998937,778.7,0.001000
113500,0.000000,1.000000,0.022395,0.998937,779.7,0.001000
113600,0.000000,1.000000,0.022869,0.998937,780.6,0.001000
113700,0.000000,1.000000,0.022882,0.998937,781.4,0.001000
113800,0.000000,1.000000,0.017074,0.998725,782.2,0.001000
113900,0.000000,1.000000,0.015275,0.998725,783.0,0.001000
114000,0.000000,1.000000,0.015289,0.998937,783.7,0.001000
114100,0.000000,1.000000,0.015527,0.998725,784.4,0.001000
114200,0.008851,0.999575,0.031935,0.996387,785.0,0.001000
114300,0.000014,1.000000,0.003114,0.999362,785.7,0.001000
114400,0.000000,1.000000,0.013288,0.998087,786.4,0.001000
114500,0.000000,1.000000,0.013081,0.998087,787.1,0.001000
114600,0.000000,1.000000,0.012976,0.998087,787.8,0.001000
114700,0.000000,1.000000,0.012986,0.998087,788.5,0.001000
114800,0.000000,1.000000,0.012940,0.998087,789.2,0.001000
114900,0.000000,1.000000,0.012865,0.998087,789.9,0.001000
115000,0.000000,1.000000,0.013173,0.998087,790.6,0.001000
115100,0.000000,1.000000,0.013359,0.998087,791.3,0.001000
115200,0.000000,1.000000,0.011682,0.997875,792.0,0.001000
115300,0.000693,0.999787,0.027340,0.996387,792.7,0.001000
115400,0.000017,1.000000,0.024608,0.996599,793.4,0.001000
115500,0.004325,0.999362,0.019314,0.998087,794.1,0.001000
115600,0.000003,1.000000,0.011630,0.999150,794.8,0.001000
115700,0.002642,0.999362,0.019632,0.998300,795.5,0.001000
115800,0.005783,0.999362,0.009551,0.999150,796.2,0.001000
115900,0.001318,0.999575,0.029578,0.997237,796.8,0.001000
116000,0.002760,0.999575,0.025919,0.997875,797.5,0.001000
116100,0.000002,1.000000,0.013618,0.999150,798.2,0.001000
116200,0.001218,0.999362,0.013339,0.998087,798.9,0.001000
116300,0.000021,1.000000,0.012104,0.999150,799.6,0.001000
116400,0.000000,1.000000,0.014884,0.998512,800.3,0.001000
116500,0.000000,1.000000,0.014684,0.998512,800.9,0.001000
116600,0.000000,1.000000,0.014365,0.998512,801.6,0.001000
116700,0.000000,1.000000,0.013992,0.998512,802.4,0.001000
116800,0.000000,1.000000,0.013666,0.998512,803.0,0.001000
116900,0.000000,1.000000,0.013434,0.998725,803.8,0.001000
117000,0.000000,1.000000,0.012865,0.998512,804.5,0.001000
117100,0.000000,1.000000,0.012941,0.998725,805.2,0.001000
117200,0.000000,1.000000,0.013653,0.998937,805.8,0.001000
117300,0.000000,1.000000,0.017017,0.998937,806.5,0.001000
117400,0.014677,0.998299,0.035636,0.997662,807.2,0.001000
117500,0.000913,0.999787,0.016803,0.998087,807.9,0.001000
117600,0.000000,1.000000,0.012198,0.998725,808.6,0.001000
117700,0.000191,0.999787,0.006638,0.999150,809.3,0.001000
117800,0.000000,1.000000,0.027102,0.998300,809.9,0.001000
117900,0.000000,1.000000,0.025993,0.998512,810.6,0.001000
118000,0.000000,1.000000,0.025625,0.998725,811.3,0.001000
118100,0.000000,1.000000,0.025219,0.998725,812.0,0.001000
118200,0.000000,1.000000,0.024956,0.998725,812.7,0.001000
118300,0.000000,1.000000,0.024594,0.998725,813.4,0.001000
118400,0.000000,1.000000,0.023824,0.998937,814.0,0.001000
118500,0.000000,1.000000,0.024271,0.998512,814.7,0.001000
118600,0.000000,1.000000,0.023028,0.998512,815.4,0.001000
118700,0.000000,1.000000,0.021546,0.998512,816.1,0.001000
118800,0.009756,0.998937,0.037331,0.995537,816.8,0.001000
118900,0.002169,0.999575,0.021009,0.998087,817.4,0.001000
119000,0.002194,0.999150,0.024278,0.996599,818.1,0.001000
119100,0.000000,1.000000,0.014147,0.998300,818.7,0.001000
119200,0.000000,1.000000,0.014255,0.998300,819.4,0.001000
119300,0.000000,1.000000,0.013695,0.998300,820.0,0.001000
119400,0.000000,1.000000,0.013239,0.998300,820.7,0.001000
119500,0.000000,1.000000,0.013228,0.998512,821.4,0.001000
119600,0.000000,1.000000,0.012697,0.998512,822.1,0.001000
119700,0.000000,1.000000,0.011652,0.998512,822.8,0.001000
119800,0.000000,1.000000,0.014348,0.998300,823.4,0.001000
119900,0.000000,1.000000,0.018453,0.998300,824.1,0.001000
120000,0.000000,1.000000,0.020519,0.998512,824.8,0.001000
120100,0.000000,1.000000,0.019601,0.998725,825.5,0.001000
120200,0.000000,1.000000,0.017724,0.999150,826.3,0.001000
120300,0.000025,1.000000,0.020206,0.995962,827.0,0.001000
120400,0.000000,1.000000,0.018868,0.996599,827.7,0.001000
120500,0.000000,1.000000,0.019540,0.996812,828.3,0.001000
120600,0.000000,1.000000,0.020655,0.996812,829.1,0.001000
120700,0.000000,1.000000,0.023130,0.996387,829.7,0.001000
120800,0.000000,1.000000,0.019670,0.997024,830.4,0.001000
120900,0.000000,1.000000,0.020975,0.997237,831.1,0.001000
121000,0.000000,1.000000,0.023183,0.996812,831.7,0.001000
121100,0.000000,1.000000,0.021732,0.997450,832.4,0.001000
121200,0.000015,1.000000,0.018519,0.996599,833.0,0.001000
121300,0.001464,0.999787,0.016654,0.997875,833.7,0.001000
121400,0.004366,0.999362,0.013540,0.996812,834.4,0.001000
121500,0.010394,0.999150,0.038385,0.996387,835.1,0.001000
121600,0.003216,0.998724,0.016761,0.997875,835.7,0.001000
121700,0.000001,1.000000,0.012344,0.998937,836.4,0.001000
121800,0.003159,0.999787,0.026864,0.997662,837.1,0.001000
121900,0.000043,1.000000,0.005778,0.999362,837.8,0.001000
122000,0.010905,0.998512,0.018534,0.997875,838.4,0.001000
122100,0.000511,0.999787,0.013767,0.998087,839.2,0.001000
122200,0.000000,1.000000,0.010453,0.999362,840.0,0.001000
122300,0.000000,1.000000,0.010235,0.999362,840.7,0.001000
122400,0.000000,1.000000,0.010076,0.999362,841.4,0.001000
122500,0.000000,1.000000,0.009724,0.999362,842.1,0.001000
122600,0.000000,1.000000,0.008877,0.999362,842.8,0.001000
122700,0.000000,1.000000,0.009299,0.999362,843.5,0.001000
122800,0.000000,1.000000,0.007779,0.999362,844.1,0.001000
122900,0.000000,1.000000,0.007473,0.999362,844.8,0.001000
123000,0.000000,1.000000,0.003838,0.998937,845.5,0.001000
123100,0.000000,1.000000,0.005947,0.998937,846.2,0.001000
123200,0.000000,1.000000,0.006263,0.998937,846.9,0.001000
123300,0.005006,0.999575,0.018267,0.997662,847.6,0.001000
123400,0.000034,1.000000,0.010013,0.999362,848.2,0.001000
123500,0.000000,1.000000,0.009749,0.999362,848.9,0.001000
123600,0.000000,1.000000,0.010661,0.999362,849.6,0.001000
123700,0.000000,1.000000,0.008810,0.999362,850.2,0.001000
123800,0.000000,1.000000,0.008910,0.999362,850.9,0.001000
123900,0.000000,1.000000,0.009415,0.999362,851.5,0.001000
124000,0.000000,1.000000,0.009942,0.999362,852.2,0.001000
124100,0.000000,1.000000,0.011150,0.999362,852.9,0.001000
124200,0.000007,1.000000,0.004624,0.998725,853.6,0.001000
124300,0.006637,0.999787,0.018642,0.997662,854.3,0.001000
124400,0.000059,1.000000,0.021686,0.997875,855.1,0.001000
124500,0.013322,0.999150,0.043351,0.996174,855.8,0.001000
124600,0.000021,1.000000,0.031014,0.997024,856.5,0.001000
124700,0.000001,1.000000,0.030000,0.997237,857.2,0.001000
124800,0.000000,1.000000,0.027835,0.997237,857.9,0.001000
124900,0.000000,1.000000,0.026928,0.997237,858.6,0.001000
125000,0.000000,1.000000,0.026274,0.997237,859.3,0.001000
125100,0.000000,1.000000,0.025782,0.997237,860.0,0.001000
125200,0.000000,1.000000,0.025043,0.997237,860.7,0.001000
125300,0.000000,1.000000,0.025273,0.997237,861.4,0.001000
125400,0.000000,1.000000,0.026096,0.997450,862.1,0.001000
125500,0.000000,1.000000,0.023183,0.997662,862.7,0.001000
125600,0.000008,1.000000,0.021727,0.998300,863.3,0.001000
125700,0.000665,0.999787,0.009573,0.998087,864.0,0.001000
125800,0.000703,0.999787,0.029815,0.995537,864.7,0.001000
125900,0.000217,0.999787,0.024267,0.997450,865.4,0.001000
126000,0.000000,1.000000,0.013987,0.998300,866.0,0.001000
126100,0.000000,1.000000,0.014125,0.998300,866.7,0.001000
126200,0.000000,1.000000,0.013188,0.998300,867.4,0.001000
126300,0.000000,1.000000,0.014049,0.998512,868.1,0.001000
126400,0.000000,1.000000,0.014778,0.998300,868.7,0.001000
126500,0.000000,1.000000,0.020167,0.997450,869.4,0.001000
126600,0.000011,1.000000,0.022835,0.998512,870.1,0.001000
126700,0.000065,1.000000,0.026147,0.997875,870.8,0.001000
126800,0.000000,1.000000,0.025415,0.998937,871.5,0.001000
126900,0.000000,1.000000,0.025607,0.998937,872.2,0.001000
127000,0.000000,1.000000,0.025638,0.998937,872.9,0.001000
127100,0.000000,1.000000,0.025360,0.999150,873.5,0.001000
127200,0.000000,1.000000,0.025256,0.999150,874.2,0.001000
127300,0.000000,1.000000,0.025124,0.998937,874.8,0.001000
127400,0.000000,1.000000,0.026892,0.998725,875.5,0.001000
127500,0.000000,1.000000,0.026955,0.998512,876.2,0.001000
127600,0.000582,0.999787,0.019001,0.997237,876.9,0.001000
127700,0.000105,1.000000,0.013996,0.998087,877.6,0.001000
127800,0.000127,1.000000,0.006705,0.998725,878.2,0.001000
127900,0.000000,1.000000,0.014319,0.997662,878.9,0.001000
128000,0.000000,1.000000,0.011863,0.997875,879.5,0.001000
128100,0.000000,1.000000,0.011972,0.998087,880.2,0.001000
128200,0.000000,1.000000,0.012323,0.997875,880.8,0.001000
128300,0.000000,1.000000,0.011650,0.997662,881.5,0.001000
128400,0.000000,1.000000,0.012188,0.997662,882.2,0.001000
128500,0.000000,1.000000,0.012892,0.998087,882.9,0.001000
128600,0.000000,1.000000,0.012382,0.998087,883.5,0.001000
128700,0.000000,1.000000,0.010948,0.998300,884.2,0.001000
128800,0.000000,1.000000,0.009723,0.997875,884.8,0.001000
128900,0.002081,0.998937,0.027593,0.996387,885.5,0.001000
129000,0.000009,1.000000,0.031803,0.996174,886.3,0.001000
129100,0.000000,1.000000,0.019699,0.997875,886.9,0.001000
129200,0.000000,1.000000,0.018851,0.998300,887.6,0.001000
129300,0.000000,1.000000,0.018248,0.998300,888.2,0.001000
129400,0.000000,1.000000,0.017365,0.998300,888.9,0.001000
129500,0.000000,1.000000,0.017775,0.998725,889.6,0.001000
129600,0.000000,1.000000,0.017643,0.998937,890.3,0.001000
129700,0.000000,1.000000,0.020540,0.998512,891.0,0.001000
129800,0.000000,1.000000,0.018599,0.998087,891.6,0.001000
129900,0.000000,1.000000,0.023256,0.997237,892.3,0.001000
130000,0.000000,1.000000,0.021362,0.997024,892.9,0.001000
130100,0.002097,0.999150,0.009640,0.998512,893.6,0.001000
130200,0.000137,1.000000,0.027114,0.995962,894.3,0.001000
130300,0.000000,1.000000,0.015667,0.997875,895.0,0.001000
130400,0.000000,1.000000,0.015338,0.997875,895.6,0.001000
130500,0.000000,1.000000,0.014701,0.997875,896.3,0.001000
130600,0.000000,1.000000,0.013525,0.998300,897.0,0.001000
130700,0.000000,1.000000,0.013954,0.998087,897.6,0.001000
130800,0.000000,1.000000,0.013768,0.997662,898.3,0.001000
130900,0.000000,1.000000,0.012696,0.998300,899.1,0.001000
131000,0.000000,1.000000,0.010953,0.998725,899.8,0.001000
131100,0.000000,1.000000,0.009233,0.998087,900.7,0.001000
131200,0.001551,0.999362,0.015431,0.997450,901.5,0.001000
131300,0.000007,1.000000,0.012197,0.998512,902.4,0.001000
131400,0.000487,0.999787,0.009050,0.998512,903.1,0.001000
131500,0.000104,1.000000,0.009128,0.998725,903.8,0.001000
131600,0.000000,1.000000,0.012967,0.998087,904.5,0.001000
131700,0.000006,1.000000,0.021411,0.997450,905.1,0.001000
131800,0.000492,0.999787,0.009755,0.998300,905.8,0.001000
131900,0.000000,1.000000,0.008376,0.998937,906.5,0.001000
132000,0.000000,1.000000,0.008197,0.998937,907.2,0.001000
132100,0.000000,1.000000,0.008866,0.998512,907.9,0.001000
132200,0.000000,1.000000,0.010839,0.998512,908.5,0.001000
132300,0.000000,1.000000,0.008861,0.998512,909.2,0.001000
132400,0.000000,1.000000,0.009975,0.998300,909.9,0.001000
132500,0.000000,1.000000,0.015042,0.997450,910.7,0.001000
132600,0.000000,1.000000,0.012859,0.997662,911.4,0.001000
132700,0.000000,1.000000,0.017538,0.997024,912.1,0.001000
132800,0.009601,0.999362,0.036384,0.996174,912.9,0.001000
132900,0.000993,0.999787,0.006951,0.998725,913.6,0.001000
133000,0.000103,1.000000,0.004511,0.999150,914.4,0.001000
133100,0.000002,1.000000,0.001025,0.999362,915.1,0.001000
133200,0.000290,0.999787,0.006017,0.999150,915.8,0.001000
133300,0.002354,0.999787,0.003003,0.999150,916.5,0.001000
133400,0.000001,1.000000,0.009146,0.998725,917.2,0.001000
133500,0.000000,1.000000,0.005809,0.998725,917.8,0.001000
133600,0.000000,1.000000,0.005386,0.998937,918.5,0.001000
133700,0.000000,1.000000,0.005256,0.998937,919.2,0.001000
133800,0.000000,1.000000,0.006236,0.998937,919.9,0.001000
133900,0.000000,1.000000,0.006879,0.998937,920.6,0.001000
134000,0.000000,1.000000,0.007929,0.998512,921.3,0.001000
134100,0.000000,1.000000,0.007716,0.998512,922.0,0.001000
134200,0.000004,1.000000,0.005928,0.998937,922.8,0.001000
134300,0.002981,0.999575,0.009851,0.997875,923.5,0.001000
134400,0.000005,1.000000,0.005083,0.999362,924.2,0.001000
134500,0.000000,1.000000,0.003786,0.999362,924.9,0.001000
134600,0.000000,1.000000,0.003307,0.999362,925.6,0.001000
134700,0.000000,1.000000,0.002626,0.999575,926.3,0.001000
134800,0.000000,1.000000,0.001874,0.999575,926.9,0.001000
134900,0.000000,1.000000,0.002746,0.999362,927.6,0.001000
135000,0.000000,1.000000,0.002341,0.999575,928.3,0.001000
135100,0.000000,1.000000,0.001940,0.999575,928.9,0.001000
135200,0.000000,1.000000,0.002778,0.999150,929.6,0.001000
135300,0.005021,0.998512,0.015125,0.996599,930.3,0.001000
135400,0.000337,0.999787,0.005118,0.998512,931.0,0.001000
135500,0.000000,1.000000,0.000853,0.999575,931.6,0.001000
135600,0.000000,1.000000,0.000833,0.999575,932.3,0.001000
135700,0.000000,1.000000,0.000808,0.999575,933.0,0.001000
135800,0.000000,1.000000,0.000779,0.999575,933.6,0.001000
135900,0.000000,1.000000,0.000743,0.999575,934.3,0.001000
136000,0.000000,1.000000,0.000740,0.999575,934.9,0.001000
136100,0.000000,1.000000,0.000438,0.999787,935.6,0.001000
136200,0.000000,1.000000,0.000661,0.999787,936.3,0.001000
136300,0.003200,0.999362,0.023135,0.997024,937.0,0.001000
136400,0.000038,1.000000,0.014057,0.997662,937.6,0.001000
136500,0.000000,1.000000,0.010499,0.997662,938.3,0.001000
136600,0.000000,1.000000,0.010519,0.997450,938.9,0.001000
136700,0.000000,1.000000,0.010634,0.997450,939.6,0.001000
136800,0.000000,1.000000,0.011119,0.997662,940.3,0.001000
136900,0.000000,1.000000,0.009614,0.998300,941.0,0.001000
137000,0.000000,1.000000,0.008216,0.998512,941.6,0.001000
137100,0.000000,1.000000,0.009201,0.998512,942.3,0.001000
137200,0.000000,1.000000,0.010316,0.997450,943.0,0.001000
137300,0.004888,0.998937,0.009734,0.998087,943.6,0.001000
137400,0.000560,0.999787,0.003094,0.999150,944.3,0.001000
137500,0.000000,1.000000,0.001759,0.999787,945.0,0.001000
137600,0.000000,1.000000,0.001707,0.999787,945.7,0.001000
137700,0.000000,1.000000,0.001685,0.999787,946.5,0.001000
137800,0.000000,1.000000,0.001679,0.999787,947.1,0.001000
137900,0.000000,1.000000,0.001570,0.999787,947.8,0.001000
138000,0.000000,1.000000,0.001645,0.999787,948.5,0.001000
138100,0.000000,1.000000,0.001927,0.999787,949.1,0.001000
138200,0.000000,1.000000,0.001732,0.999787,949.8,0.001000
138300,0.000000,1.000000,0.001859,0.999362,950.5,0.001000
138400,0.000000,1.000000,0.002161,0.999575,951.2,0.001000
138500,0.001914,0.999575,0.016784,0.995962,951.9,0.001000
138600,0.000001,1.000000,0.004394,0.999575,952.5,0.001000
138700,0.000000,1.000000,0.004699,0.999362,953.2,0.001000
138800,0.000000,1.000000,0.004540,0.999362,953.8,0.001000
138900,0.000000,1.000000,0.004383,0.999362,954.5,0.001000
139000,0.000000,1.000000,0.004244,0.999362,955.2,0.001000
139100,0.000000,1.000000,0.004101,0.999362,955.8,0.001000
139200,0.000000,1.000000,0.004155,0.999362,956.5,0.001000
139300,0.000000,1.000000,0.005022,0.999150,957.2,0.001000
139400,0.000000,1.000000,0.005247,0.999150,957.8,0.001000
139500,0.000000,1.000000,0.006601,0.998937,958.6,0.001000
139600,0.002647,0.999362,0.006806,0.998300,959.3,0.001000
139700,0.000000,1.000000,0.006426,0.998512,960.1,0.001000
139800,0.000000,1.000000,0.006032,0.998512,960.9,0.001000
139900,0.000000,1.000000,0.005735,0.998512,961.5,0.001000
140000,0.000000,1.000000,0.005374,0.998512,962.2,0.001000
140100,0.000000,1.000000,0.004699,0.998937,963.0,0.001000
140200,0.000000,1.000000,0.004115,0.998937,963.7,0.001000
140300,0.000000,1.000000,0.004243,0.998512,964.4,0.001000
140400,0.000000,1.000000,0.003149,0.998512,965.0,0.001000
140500,0.000049,1.000000,0.000223,1.000000,965.7,0.001000
140600,0.003085,0.999787,0.007448,0.998512,966.4,0.001000
140700,0.000000,1.000000,0.001112,0.999362,967.2,0.001000
140800,0.000000,1.000000,0.000950,0.999575,967.9,0.001000
140900,0.000000,1.000000,0.000908,0.999575,968.6,0.001000
141000,0.000000,1.000000,0.000771,0.999787,969.3,0.001000
141100,0.000000,1.000000,0.000658,0.999787,970.0,0.001000
141200,0.000000,1.000000,0.000733,0.999575,970.6,0.001000
141300,0.000000,1.000000,0.000638,0.999787,971.4,0.001000
141400,0.002119,0.999362,0.010788,0.997450,972.0,0.001000
141500,0.002589,0.999575,0.004880,0.999150,972.7,0.001000
141600,0.000088,1.000000,0.002492,0.999150,973.4,0.001000
141700,0.000000,1.000000,0.002340,0.999362,974.1,0.001000
141800,0.000000,1.000000,0.001898,0.999362,974.8,0.001000
141900,0.000000,1.000000,0.001611,0.999575,975.4,0.001000
142000,0.000000,1.000000,0.001530,0.999575,976.1,0.001000
142100,0.000000,1.000000,0.001456,0.999575,976.8,0.001000
142200,0.000000,1.000000,0.001704,0.999362,977.5,0.001000
142300,0.000000,1.000000,0.001477,0.999575,978.2,0.001000
142400,0.000000,1.000000,0.001233,0.999575,978.8,0.001000
142500,0.000000,1.000000,0.001346,0.999787,979.5,0.001000
142600,0.000317,0.999787,0.003516,0.999150,980.2,0.001000
142700,0.003992,0.999575,0.018861,0.997662,980.9,0.001000
142800,0.003282,0.999787,0.007701,0.998725,981.6,0.001000
142900,0.000000,1.000000,0.004765,0.999362,982.2,0.001000
143000,0.000000,1.000000,0.004658,0.999362,982.9,0.001000
143100,0.000000,1.000000,0.004392,0.999362,983.6,0.001000
143200,0.000000,1.000000,0.004320,0.999362,984.3,0.001000
143300,0.000000,1.000000,0.004125,0.999362,984.9,0.001000
143400,0.000000,1.000000,0.004042,0.999362,985.6,0.001000
143500,0.000000,1.000000,0.005595,0.998725,986.4,0.001000
143600,0.000000,1.000000,0.007267,0.998725,987.1,0.001000
143700,0.000000,1.000000,0.006997,0.998512,987.8,0.001000
143800,0.001509,0.999575,0.004080,0.998725,988.4,0.001000
143900,0.000001,1.000000,0.003740,0.999787,989.2,0.001000
144000,0.000000,1.000000,0.003931,0.999575,989.9,0.001000
144100,0.000000,1.000000,0.003525,0.999575,990.6,0.001000
144200,0.000000,1.000000,0.003667,0.999362,991.3,0.001000
144300,0.000000,1.000000,0.003891,0.999150,992.0,0.001000
144400,0.000000,1.000000,0.003575,0.999575,992.6,0.001000
144500,0.000000,1.000000,0.003372,0.999575,993.3,0.001000
144600,0.000007,1.000000,0.006371,0.999150,994.0,0.001000
144700,0.003665,0.999575,0.030343,0.996599,994.6,0.001000
144800,0.000002,1.000000,0.000674,0.999787,995.3,0.001000
144900,0.000001,1.000000,0.003531,0.999362,996.0,0.001000
145000,0.000000,1.000000,0.002187,0.999362,996.6,0.001000
145100,0.000000,1.000000,0.001991,0.999362,997.3,0.001000
145200,0.000000,1.000000,0.001560,0.999362,998.0,0.001000
145300,0.000000,1.000000,0.001422,0.999362,998.7,0.001000
145400,0.000000,1.000000,0.001010,0.999150,999.3,0.001000
145500,0.000000,1.000000,0.000785,0.999575,1000.0,0.001000
145600,0.000000,1.000000,0.000530,0.999787,1000.7,0.001000
145700,0.000000,1.000000,0.000330,0.999787,1001.4,0.001000
145800,0.000078,1.000000,0.000508,0.999787,1002.0,0.001000
145900,0.000000,1.000000,0.003871,0.999362,1002.7,0.001000
146000,0.000000,1.000000,0.003923,0.999362,1003.4,0.001000
146100,0.000000,1.000000,0.003649,0.999575,1004.1,0.001000
146200,0.000000,1.000000,0.003558,0.999575,1004.7,0.001000
146300,0.000000,1.000000,0.003461,0.999575,1005.4,0.001000
146400,0.000000,1.000000,0.003437,0.999575,1006.1,0.001000
146500,0.000000,1.000000,0.003551,0.999575,1006.8,0.001000
146600,0.000000,1.000000,0.004070,0.999362,1007.4,0.001000
146700,0.000000,1.000000,0.003577,0.999575,1008.1,0.001000
146800,0.000000,1.000000,0.004173,0.999362,1008.8,0.001000
146900,0.004317,0.999150,0.002723,0.998725,1009.4,0.001000
147000,0.000000,1.000000,0.001660,0.999362,1010.1,0.001000
147100,0.000000,1.000000,0.000799,0.999575,1010.8,0.001000
147200,0.000000,1.000000,0.000536,0.999787,1011.4,0.001000
147300,0.000000,1.000000,0.000340,1.000000,1012.1,0.001000
147400,0.000000,1.000000,0.000179,1.000000,1012.8,0.001000
147500,0.000000,1.000000,0.000120,1.000000,1013.5,0.001000
147600,0.000000,1.000000,0.000163,1.000000,1014.2,0.001000
147700,0.000000,1.000000,0.000179,1.000000,1014.8,0.001000
147800,0.000000,1.000000,0.000910,0.999787,1015.5,0.001000
147900,0.001464,0.999787,0.002580,0.999150,1016.2,0.001000
148000,0.000000,1.000000,0.002684,0.999362,1016.8,0.001000
148100,0.000000,1.000000,0.003780,0.999150,1017.5,0.001000
148200,0.000000,1.000000,0.003101,0.999362,1018.1,0.001000
148300,0.000000,1.000000,0.002418,0.999362,1018.8,0.001000
148400,0.000000,1.000000,0.002102,0.999362,1019.7,0.001000
148500,0.000000,1.000000,0.002126,0.999150,1020.6,0.001000
148600,0.000000,1.000000,0.002960,0.999150,1021.4,0.001000
148700,0.000000,1.000000,0.003443,0.999362,1022.2,0.001000
148800,0.000000,1.000000,0.001778,0.999575,1022.9,0.001000
148900,0.001868,0.999575,0.001005,0.999362,1023.5,0.001000
149000,0.000838,0.999575,0.010264,0.997662,1024.2,0.001000
149100,0.000000,1.000000,0.007412,0.998512,1024.9,0.001000
149200,0.000000,1.000000,0.006458,0.998725,1025.5,0.001000
149300,0.000000,1.000000,0.006134,0.999150,1026.2,0.001000
149400,0.000000,1.000000,0.005867,0.999150,1026.9,0.001000
149500,0.000000,1.000000,0.005976,0.998937,1027.6,0.001000
149600,0.000000,1.000000,0.006188,0.998512,1028.2,0.001000
149700,0.000000,1.000000,0.007309,0.998725,1028.9,0.001000
149800,0.000000,1.000000,0.005408,0.999150,1029.5,0.001000
149900,0.000517,0.999787,0.002534,0.999150,1030.2,0.001000
150000,0.000533,0.999787,0.008768,0.997875,1030.8,0.001000
150100,0.000001,1.000000,0.033303,0.997024,1031.5,0.001000
150200,0.000000,1.000000,0.032332,0.997024,1032.2,0.001000
150300,0.000000,1.000000,0.031344,0.997024,1032.9,0.001000
150400,0.000000,1.000000,0.031008,0.997024,1033.6,0.001000
150500,0.000000,1.000000,0.030445,0.997024,1034.2,0.001000
150600,0.000000,1.000000,0.029732,0.997024,1034.9,0.001000
150700,0.000000,1.000000,0.029210,0.997450,1035.6,0.001000
150800,0.000000,1.000000,0.025628,0.996599,1036.3,0.001000
150900,0.000000,1.000000,0.019035,0.997450,1037.0,0.001000
151000,0.000049,1.000000,0.003875,0.998512,1037.7,0.001000
151100,0.000069,1.000000,0.010311,0.997237,1038.4,0.001000
151200,0.000000,1.000000,0.004543,0.999150,1039.0,0.001000
151300,0.000000,1.000000,0.004515,0.999150,1039.7,0.001000
151400,0.000000,1.000000,0.004567,0.999362,1040.4,0.001000
151500,0.000000,1.000000,0.004420,0.999362,1041.1,0.001000
151600,0.000000,1.000000,0.004596,0.999150,1041.7,0.001000
151700,0.000000,1.000000,0.002353,0.999362,1042.4,0.001000
151800,0.000000,1.000000,0.001559,0.999150,1043.1,0.001000
151900,0.003883,0.998724,0.010160,0.998087,1043.7,0.001000
152000,0.000000,1.000000,0.004269,0.999150,1044.4,0.001000
152100,0.000000,1.000000,0.004452,0.998725,1045.1,0.001000
152200,0.000000,1.000000,0.003549,0.998725,1045.8,0.001000
152300,0.000000,1.000000,0.003564,0.998725,1046.5,0.001000
152400,0.000000,1.000000,0.003358,0.998725,1047.2,0.001000
152500,0.000000,1.000000,0.002343,0.998937,1048.0,0.001000
152600,0.000000,1.000000,0.003199,0.998725,1048.6,0.001000
152700,0.000000,1.000000,0.003912,0.998300,1049.3,0.001000
152800,0.000000,1.000000,0.003588,0.999362,1050.1,0.001000
152900,0.006497,0.998937,0.014422,0.997450,1050.8,0.001000
153000,0.002105,0.999150,0.002049,0.999362,1051.5,0.001000
153100,0.000009,1.000000,0.000403,0.999787,1052.3,0.001000
153200,0.000000,1.000000,0.000282,0.999787,1052.9,0.001000
153300,0.000000,1.000000,0.000459,0.999787,1053.7,0.001000
153400,0.000000,1.000000,0.000294,0.999787,1054.4,0.001000
153500,0.000000,1.000000,0.000228,0.999787,1055.1,0.001000
153600,0.000000,1.000000,0.000358,0.999787,1055.7,0.001000
153700,0.000000,1.000000,0.000347,0.999787,1056.4,0.001000
153800,0.000000,1.000000,0.000488,0.999787,1057.1,0.001000
153900,0.000000,1.000000,0.000579,0.999787,1057.8,0.001000
154000,0.000096,1.000000,0.012146,0.998300,1058.5,0.001000
154100,0.000763,0.999787,0.009543,0.997875,1059.2,0.001000
154200,0.000735,0.999787,0.010371,0.997024,1059.9,0.001000
154300,0.000225,0.999787,0.011098,0.998300,1060.6,0.001000
154400,0.000001,1.000000,0.003687,0.998937,1061.3,0.001000
154500,0.000000,1.000000,0.003159,0.999362,1062.0,0.001000
154600,0.000000,1.000000,0.002931,0.999362,1062.7,0.001000
154700,0.000000,1.000000,0.002727,0.999362,1063.4,0.001000
154800,0.000000,1.000000,0.002413,0.999362,1064.0,0.001000
154900,0.000000,1.000000,0.002730,0.999362,1064.7,0.001000
155000,0.000000,1.000000,0.003398,0.999362,1065.4,0.001000
155100,0.000000,1.000000,0.005283,0.999150,1066.2,0.001000
155200,0.000000,1.000000,0.005326,0.999150,1066.9,0.001000
155300,0.001797,0.999787,0.000552,0.999787,1067.6,0.001000
155400,0.000090,1.000000,0.007952,0.999150,1068.3,0.001000
155500,0.000003,1.000000,0.004499,0.999362,1068.9,0.001000
155600,0.000000,1.000000,0.004301,0.999575,1069.6,0.001000
155700,0.000000,1.000000,0.004166,0.999575,1070.3,0.001000
155800,0.000000,1.000000,0.004040,0.999575,1071.0,0.001000
155900,0.000000,1.000000,0.003767,0.999575,1071.7,0.001000
156000,0.000000,1.000000,0.003583,0.999362,1072.4,0.001000
156100,0.000000,1.000000,0.002920,0.999575,1073.1,0.001000
156200,0.000000,1.000000,0.001871,0.999787,1073.7,0.001000
156300,0.000481,0.999787,0.003553,0.999362,1074.4,0.001000
156400,0.000000,1.000000,0.002235,0.999575,1075.1,0.001000
156500,0.000000,1.000000,0.002143,0.999575,1075.8,0.001000
156600,0.000000,1.000000,0.002049,0.999575,1076.4,0.001000
156700,0.000000,1.000000,0.001975,0.999575,1077.1,0.001000
156800,0.000000,1.000000,0.001887,0.999575,1077.8,0.001000
156900,0.000000,1.000000,0.002033,0.999575,1078.5,0.001000
157000,0.000000,1.000000,0.002088,0.999575,1079.3,0.001000
157100,0.000000,1.000000,0.001352,0.999575,1080.0,0.001000
157200,0.000266,1.000000,0.007392,0.997024,1080.7,0.001000
157300,0.000000,1.000000,0.005288,0.998087,1081.4,0.001000
157400,0.000000,1.000000,0.005370,0.998300,1082.1,0.001000
157500,0.000000,1.000000,0.005464,0.998512,1082.9,0.001000
157600,0.000000,1.000000,0.006141,0.998512,1083.6,0.001000
157700,0.000000,1.000000,0.006176,0.998512,1084.4,0.001000
157800,0.000000,1.000000,0.006012,0.998300,1085.2,0.001000
157900,0.000000,1.000000,0.004396,0.998937,1086.1,0.001000
158000,0.000000,1.000000,0.002053,0.999150,1086.9,0.001000
158100,0.002663,0.999575,0.009319,0.998087,1087.7,0.001000
158200,0.001409,0.999787,0.002284,0.999150,1088.3,0.001000
158300,0.000000,1.000000,0.000849,0.999787,1089.1,0.001000
158400,0.000000,1.000000,0.000628,0.999787,1089.8,0.001000
158500,0.000000,1.000000,0.000604,0.999787,1090.5,0.001000
158600,0.000000,1.000000,0.000587,0.999787,1091.1,0.001000
158700,0.000000,1.000000,0.000547,0.999787,1091.8,0.001000
158800,0.000000,1.000000,0.000545,0.999787,1092.5,0.001000
158900,0.000000,1.000000,0.000498,0.999787,1093.2,0.001000
159000,0.000000,1.000000,0.001347,0.999362,1094.0,0.001000
159100,0.000376,0.999787,0.008832,0.999362,1094.7,0.001000
159200,0.000043,1.000000,0.009431,0.997875,1095.5,0.001000
159300,0.000000,1.000000,0.007463,0.998725,1096.3,0.001000
159400,0.000000,1.000000,0.007072,0.998725,1097.0,0.001000
159500,0.000000,1.000000,0.006721,0.998725,1097.7,0.001000
159600,0.000000,1.000000,0.006428,0.998725,1098.4,0.001000
159700,0.000000,1.000000,0.006956,0.998512,1099.0,0.001000
159800,0.000000,1.000000,0.006738,0.998512,1099.7,0.001000
159900,0.000000,1.000000,0.008215,0.998300,1100.5,0.001000
160000,0.000000,1.000000,0.007378,0.998300,1101.2,0.001000
160100,0.000000,1.000000,0.001632,0.999575,1101.9,0.001000
160200,0.008078,0.998937,0.011133,0.997875,1102.5,0.001000
160300,0.012005,0.998937,0.007305,0.998300,1103.2,0.001000
160400,0.000011,1.000000,0.000145,1.000000,1103.9,0.001000
160500,0.000008,1.000000,0.000703,0.999575,1104.6,0.001000
160600,0.000001,1.000000,0.005337,0.998512,1105.4,0.001000
160700,0.000000,1.000000,0.004665,0.998512,1106.1,0.001000
160800,0.000000,1.000000,0.004549,0.998512,1106.9,0.001000
160900,0.000000,1.000000,0.003922,0.998937,1107.5,0.001000
161000,0.000000,1.000000,0.003575,0.998937,1108.2,0.001000
161100,0.000000,1.000000,0.003299,0.998937,1108.8,0.001000
161200,0.000000,1.000000,0.002876,0.998937,1109.5,0.001000
161300,0.000000,1.000000,0.003035,0.999787,1110.2,0.001000
161400,0.000036,1.000000,0.006599,0.998937,1110.9,0.001000
161500,0.000001,1.000000,0.001757,0.999787,1111.5,0.001000
161600,0.000000,1.000000,0.001439,0.999787,1112.2,0.001000
161700,0.000000,1.000000,0.001349,0.999787,1112.9,0.001000
161800,0.000000,1.000000,0.001253,0.999787,1113.6,0.001000
161900,0.000000,1.000000,0.001112,0.999787,1114.2,0.001000
162000,0.000000,1.000000,0.002045,0.999362,1114.9,0.001000
162100,0.000000,1.000000,0.004309,0.999150,1115.6,0.001000
162200,0.002428,0.999150,0.006199,0.997875,1116.3,0.001000
162300,0.000067,1.000000,0.003914,0.998937,1117.1,0.001000
162400,0.000000,1.000000,0.000645,0.999787,1117.7,0.001000
162500,0.000000,1.000000,0.000354,0.999787,1118.4,0.001000
162600,0.000000,1.000000,0.002015,0.999362,1119.1,0.001000
162700,0.000000,1.000000,0.004057,0.998937,1119.8,0.001000
162800,0.000000,1.000000,0.008299,0.998937,1120.5,0.001000
162900,0.000000,1.000000,0.008584,0.998937,1121.2,0.001000
163000,0.000000,1.000000,0.006377,0.998725,1121.9,0.001000
163100,0.000000,1.000000,0.001885,0.999362,1122.6,0.001000
163200,0.000000,1.000000,0.000356,0.999787,1123.4,0.001000
163300,0.001595,0.998937,0.002523,0.998937,1124.1,0.001000
163400,0.000411,0.999787,0.001346,0.999575,1124.8,0.001000
163500,0.000000,1.000000,0.002471,0.999362,1125.5,0.001000
163600,0.000000,1.000000,0.001669,0.999787,1126.3,0.001000
163700,0.000000,1.000000,0.001628,0.999787,1127.0,0.001000
163800,0.000000,1.000000,0.001807,0.999787,1127.8,0.001000
163900,0.000000,1.000000,0.001651,0.999787,1128.5,0.001000
164000,0.000000,1.000000,0.001475,0.999787,1129.2,0.001000
164100,0.000000,1.000000,0.000973,0.999787,1130.0,0.001000
164200,0.000000,1.000000,0.000842,0.999787,1130.7,0.001000
164300,0.014416,0.998299,0.035840,0.996387,1131.3,0.001000
164400,0.000000,1.000000,0.004962,0.998937,1132.0,0.001000
164500,0.000000,1.000000,0.004624,0.998937,1132.7,0.001000
164600,0.000000,1.000000,0.004403,0.998937,1133.4,0.001000
164700,0.000000,1.000000,0.004124,0.998937,1134.0,0.001000
164800,0.000000,1.000000,0.003837,0.998937,1134.7,0.001000
164900,0.000000,1.000000,0.003430,0.998937,1135.4,0.001000
165000,0.000000,1.000000,0.003307,0.998937,1136.0,0.001000
165100,0.000000,1.000000,0.002643,0.999150,1136.7,0.001000
165200,0.000000,1.000000,0.000972,0.999787,1137.5,0.001000
165300,0.001712,0.999575,0.007290,0.998087,1138.4,0.001000
165400,0.000002,1.000000,0.000592,0.999787,1139.1,0.001000
165500,0.000000,1.000000,0.000246,0.999787,1139.8,0.001000
165600,0.000000,1.000000,0.000142,1.000000,1140.5,0.001000
165700,0.000000,1.000000,0.000074,1.000000,1141.2,0.001000
165800,0.000000,1.000000,0.000039,1.000000,1142.0,0.001000
165900,0.000000,1.000000,0.000022,1.000000,1142.7,0.001000
166000,0.000000,1.000000,0.000089,1.000000,1143.4,0.001000
166100,0.000000,1.000000,0.000022,1.000000,1144.2,0.001000
166200,0.005102,0.999150,0.017489,0.997662,1144.9,0.001000
166300,0.000002,1.000000,0.000516,0.999575,1145.6,0.001000
166400,0.000003,1.000000,0.001086,0.999575,1146.3,0.001000
166500,0.000000,1.000000,0.000872,0.999787,1147.0,0.001000
166600,0.000000,1.000000,0.000686,0.999787,1147.7,0.001000
166700,0.000000,1.000000,0.000452,0.999787,1148.3,0.001000
166800,0.000000,1.000000,0.000239,1.000000,1149.0,0.001000
166900,0.000000,1.000000,0.000154,1.000000,1149.6,0.001000
167000,0.000000,1.000000,0.000142,1.000000,1150.3,0.001000
167100,0.000000,1.000000,0.000308,0.999787,1151.0,0.001000
167200,0.000000,1.000000,0.000379,0.999787,1151.7,0.001000
167300,0.000133,1.000000,0.000297,1.000000,1152.4,0.001000
167400,0.000035,1.000000,0.003253,0.998937,1153.2,0.001000
167500,0.000000,1.000000,0.002785,0.999362,1153.9,0.001000
167600,0.000000,1.000000,0.002344,0.999362,1154.6,0.001000
167700,0.000000,1.000000,0.002086,0.999575,1155.3,0.001000
167800,0.000000,1.000000,0.001872,0.999575,1156.1,0.001000
167900,0.000000,1.000000,0.001710,0.999575,1156.8,0.001000
168000,0.000000,1.000000,0.001530,0.999575,1157.5,0.001000
168100,0.000000,1.000000,0.001306,0.999787,1158.2,0.001000
168200,0.000000,1.000000,0.000195,0.999787,1158.8,0.001000
168300,0.000005,1.000000,0.000015,1.000000,1159.5,0.001000
168400,0.000002,1.000000,0.001246,0.999575,1160.2,0.001000
168500,0.000002,1.000000,0.000216,1.000000,1160.9,0.001000
168600,0.000000,1.000000,0.000215,1.000000,1161.6,0.001000
168700,0.000000,1.000000,0.000164,1.000000,1162.2,0.001000
168800,0.000000,1.000000,0.000400,0.999787,1162.9,0.001000
168900,0.000000,1.000000,0.000138,1.000000,1163.5,0.001000
169000,0.000000,1.000000,0.000511,0.999787,1164.2,0.001000
169100,0.000000,1.000000,0.000303,1.000000,1164.8,0.001000
169200,0.000000,1.000000,0.000140,1.000000,1165.5,0.001000
169300,0.000001,1.000000,0.000006,1.000000,1166.1,0.001000
169400,0.000051,1.000000,0.003391,0.998725,1166.8,0.001000
169500,0.000095,1.000000,0.000591,0.999787,1167.5,0.001000
169600,0.000141,1.000000,0.001379,0.999575,1168.2,0.001000
169700,0.000001,1.000000,0.000403,0.999787,1168.8,0.001000
169800,0.000000,1.000000,0.000255,0.999787,1169.5,0.001000
169900,0.000000,1.000000,0.000216,0.999787,1170.2,0.001000
170000,0.000000,1.000000,0.000178,0.999787,1170.9,0.001000
170100,0.000000,1.000000,0.000148,1.000000,1171.5,0.001000
170200,0.000000,1.000000,0.000114,1.000000,1172.2,0.001000
170300,0.000000,1.000000,0.000067,1.000000,1172.9,0.001000
170400,0.000131,1.000000,0.000736,0.999787,1173.6,0.001000
170500,0.000000,1.000000,0.002542,0.998937,1174.3,0.001000
170600,0.000000,1.000000,0.001996,0.998725,1174.9,0.001000
170700,0.000000,1.000000,0.002035,0.998937,1175.6,0.001000
170800,0.000000,1.000000,0.002162,0.998937,1176.3,0.001000
170900,0.000000,1.000000,0.003535,0.998725,1176.9,0.001000
171000,0.000000,1.000000,0.003546,0.999150,1177.6,0.001000
171100,0.000020,1.000000,0.002208,0.999362,1178.2,0.001000
171200,0.000848,0.999575,0.004078,0.998937,1178.9,0.001000
171300,0.000000,1.000000,0.000597,0.999787,1179.5,0.001000
171400,0.000000,1.000000,0.000454,0.999787,1180.3,0.001000
171500,0.000000,1.000000,0.000276,0.999787,1181.0,0.001000
171600,0.000000,1.000000,0.000284,1.000000,1181.6,0.001000
171700,0.000000,1.000000,0.000537,0.999575,1182.3,0.001000
171800,0.000000,1.000000,0.000369,0.999575,1183.0,0.001000
171900,0.000000,1.000000,0.000471,0.999575,1183.7,0.001000
172000,0.000000,1.000000,0.000240,1.000000,1184.4,0.001000
172100,0.000000,1.000000,0.000010,1.000000,1185.1,0.001000
172200,0.008907,0.998724,0.008742,0.998512,1185.8,0.001000
172300,0.001510,0.999575,0.008920,0.998512,1186.4,0.001000
172400,0.000000,1.000000,0.002810,0.999362,1187.1,0.001000
172500,0.000000,1.000000,0.002680,0.999362,1187.8,0.001000
172600,0.000000,1.000000,0.002629,0.999362,1188.5,0.001000
172700,0.000000,1.000000,0.002630,0.999362,1189.2,0.001000
172800,0.000000,1.000000,0.002696,0.999362,1189.8,0.001000
172900,0.000000,1.000000,0.002683,0.999362,1190.5,0.001000
173000,0.000000,1.000000,0.002006,0.999362,1191.1,0.001000
173100,0.000000,1.000000,0.001276,0.999787,1191.8,0.001000
173200,0.000002,1.000000,0.000044,1.000000,1192.5,0.001000
173300,0.000167,1.000000,0.005598,0.998937,1193.1,0.001000
173400,0.000013,1.000000,0.004177,0.999787,1193.8,0.001000
173500,0.000000,1.000000,0.004391,0.999362,1194.5,0.001000
173600,0.000000,1.000000,0.004134,0.999362,1195.1,0.001000
173700,0.000000,1.000000,0.003870,0.999362,1195.8,0.001000
173800,0.000000,1.000000,0.003673,0.999575,1196.5,0.001000
173900,0.000000,1.000000,0.003473,0.999575,1197.1,0.001000
174000,0.000000,1.000000,0.003144,0.999575,1197.8,0.001000
174100,0.000000,1.000000,0.002441,0.999787,1198.5,0.001000
174200,0.007595,0.998512,0.011136,0.998512,1199.3,0.001000
174300,0.000102,1.000000,0.007145,0.998087,1200.0,0.001000
174400,0.000000,1.000000,0.003118,0.999150,1200.8,0.001000
174500,0.000000,1.000000,0.003061,0.999362,1201.4,0.001000
174600,0.000000,1.000000,0.002902,0.999362,1202.2,0.001000
174700,0.000000,1.000000,0.002948,0.999362,1202.9,0.001000
174800,0.000000,1.000000,0.002809,0.999362,1203.6,0.001000
174900,0.000000,1.000000,0.002634,0.999362,1204.4,0.001000
175000,0.000000,1.000000,0.003829,0.999150,1205.0,0.001000
175100,0.000000,1.000000,0.003047,0.999575,1205.7,0.001000
175200,0.003275,0.999787,0.003048,0.999787,1206.4,0.001000
175300,0.000013,1.000000,0.007261,0.998725,1207.1,0.001000
175400,0.000000,1.000000,0.004076,0.999362,1207.7,0.001000
175500,0.000000,1.000000,0.003193,0.999575,1208.4,0.001000
175600,0.000000,1.000000,0.003149,0.999575,1209.1,0.001000
175700,0.000000,1.000000,0.002985,0.999787,1209.8,0.001000
175800,0.000000,1.000000,0.003366,0.999362,1210.5,0.001000
175900,0.000000,1.000000,0.002808,0.999787,1211.2,0.001000
176000,0.000000,1.000000,0.004068,0.999575,1211.9,0.001000
176100,0.000097,1.000000,0.012839,0.998087,1212.5,0.001000
176200,0.000000,1.000000,0.011560,0.998937,1213.2,0.001000
176300,0.000000,1.000000,0.011052,0.998937,1214.0,0.001000
176400,0.000000,1.000000,0.010599,0.998937,1214.7,0.001000
176500,0.000000,1.000000,0.010085,0.998937,1215.4,0.001000
176600,0.000000,1.000000,0.009542,0.998937,1216.1,0.001000
176700,0.000000,1.000000,0.009092,0.998937,1216.8,0.001000
176800,0.000000,1.000000,0.008420,0.999150,1217.5,0.001000
176900,0.000000,1.000000,0.006862,0.998937,1218.1,0.001000
177000,0.000023,1.000000,0.002929,0.999575,1218.8,0.001000
177100,0.001147,0.999575,0.003259,0.999362,1219.5,0.001000
177200,0.000000,1.000000,0.002112,0.999150,1220.1,0.001000
177300,0.000000,1.000000,0.001684,0.999362,1220.8,0.001000
177400,0.000000,1.000000,0.001362,0.999575,1221.4,0.001000
177500,0.000000,1.000000,0.001969,0.999362,1222.2,0.001000
177600,0.000000,1.000000,0.001558,0.999362,1222.8,0.001000
177700,0.000000,1.000000,0.001284,0.999575,1223.5,0.001000
177800,0.000000,1.000000,0.001943,0.999150,1224.2,0.001000
177900,0.000000,1.000000,0.000684,0.999787,1224.9,0.001000
178000,0.000000,1.000000,0.000010,1.000000,1225.5,0.001000
178100,0.000340,1.000000,0.002095,0.999150,1226.2,0.001000
178200,0.000002,1.000000,0.003744,0.998937,1226.9,0.001000
178300,0.000001,1.000000,0.005015,0.998512,1227.6,0.001000
178400,0.000000,1.000000,0.004109,0.998937,1228.3,0.001000
178500,0.000000,1.000000,0.003444,0.998937,1229.0,0.001000
178600,0.000000,1.000000,0.002530,0.998937,1229.7,0.001000
178700,0.000000,1.000000,0.001892,0.999150,1230.4,0.001000
178800,0.000000,1.000000,0.001197,0.999575,1231.0,0.001000
178900,0.000000,1.000000,0.000684,0.999575,1231.8,0.001000
179000,0.000000,1.000000,0.000187,1.000000,1232.5,0.001000
179100,0.000000,1.000000,0.000005,1.000000,1233.2,0.001000
179200,0.001681,0.999150,0.005259,0.998087,1233.9,0.001000
179300,0.000014,1.000000,0.011188,0.997875,1234.6,0.001000
179400,0.000001,1.000000,0.004959,0.998937,1235.2,0.001000
179500,0.000000,1.000000,0.004450,0.999362,1235.9,0.001000
179600,0.000000,1.000000,0.004172,0.999362,1236.5,0.001000
179700,0.000000,1.000000,0.003920,0.999362,1237.2,0.001000
179800,0.000000,1.000000,0.003574,0.999362,1237.8,0.001000
179900,0.000000,1.000000,0.003114,0.999575,1238.5,0.001000
180000,0.000000,1.000000,0.002409,0.999575,1239.1,0.001000
180100,0.000000,1.000000,0.001433,0.999362,1239.8,0.001000
180200,0.000000,1.000000,0.000034,1.000000,1240.5,0.001000
180300,0.001725,0.999787,0.000379,1.000000,1241.2,0.001000
180400,0.000002,1.000000,0.000390,0.999787,1241.9,0.001000
180500,0.000000,1.000000,0.000240,0.999787,1242.6,0.001000
180600,0.000000,1.000000,0.000168,0.999787,1243.2,0.001000
180700,0.000000,1.000000,0.000140,1.000000,1243.9,0.001000
180800,0.000000,1.000000,0.000117,1.000000,1244.6,0.001000
180900,0.000000,1.000000,0.000078,1.000000,1245.3,0.001000
181000,0.000000,1.000000,0.000045,1.000000,1246.0,0.001000
181100,0.000000,1.000000,0.000028,1.000000,1246.7,0.001000
181200,0.000000,1.000000,0.000001,1.000000,1247.4,0.001000
181300,0.000000,1.000000,0.000000,1.000000,1248.1,0.001000
181400,0.000000,1.000000,0.000000,1.000000,1248.8,0.001000
181500,0.000000,1.000000,0.000000,1.000000,1249.5,0.001000
181600,0.000000,1.000000,0.000000,1.000000,1250.2,0.001000
181700,0.000000,1.000000,0.000000,1.000000,1250.9,0.001000
181800,0.000000,1.000000,0.000000,1.000000,1251.7,0.001000
181900,0.000000,1.000000,0.000000,1.000000,1252.5,0.001000
182000,0.000000,1.000000,0.000000,1.000000,1253.3,0.001000
182100,0.000000,1.000000,0.000000,1.000000,1254.1,0.001000
182200,0.000000,1.000000,0.000000,1.000000,1254.7,0.001000
182300,0.000000,1.000000,0.000000,1.000000,1255.4,0.001000
182400,0.000000,1.000000,0.000000,1.000000,1256.1,0.001000
182500,0.000000,1.000000,0.000000,1.000000,1256.8,0.001000
182600,0.000000,1.000000,0.000000,1.000000,1257.5,0.001000
182700,0.000000,1.000000,0.000000,1.000000,1258.1,0.001000
182800,0.000000,1.000000,0.000000,1.000000,1258.8,0.001000
182900,0.000000,1.000000,0.000000,1.000000,1259.5,0.001000
183000,0.000000,1.000000,0.000000,1.000000,1260.2,0.001000
183100,0.000000,1.000000,0.000000,1.000000,1260.9,0.001000
183200,0.000000,1.000000,0.000000,1.000000,1261.6,0.001000
183300,0.000000,1.000000,0.000000,1.000000,1262.4,0.001000
183400,0.000000,1.000000,0.000000,1.000000,1263.1,0.001000
183500,0.000000,1.000000,0.000000,1.000000,1263.8,0.001000
183600,0.000000,1.000000,0.000000,1.000000,1264.5,0.001000
183700,0.000000,1.000000,0.000000,1.000000,1265.3,0.001000
183800,0.000000,1.000000,0.000000,1.000000,1266.0,0.001000
183900,0.000000,1.000000,0.000000,1.000000,1266.7,0.001000
184000,0.000000,1.000000,0.000000,1.000000,1267.4,0.001000
184100,0.000000,1.000000,0.000000,1.000000,1268.1,0.001000
184200,0.000000,1.000000,0.000000,1.000000,1268.7,0.001000
184300,0.000000,1.000000,0.000000,1.000000,1269.4,0.001000
184400,0.000000,1.000000,0.000000,1.000000,1270.1,0.001000
184500,0.000000,1.000000,0.000000,1.000000,1270.8,0.001000
184600,0.000000,1.000000,0.000000,1.000000,1271.5,0.001000
184700,0.000000,1.000000,0.000000,1.000000,1272.2,0.001000
184800,0.000000,1.000000,0.000000,1.000000,1272.9,0.001000
184900,0.000000,1.000000,0.000000,1.000000,1273.6,0.001000
185000,0.000000,1.000000,0.000000,1.000000,1274.4,0.001000
185100,0.000000,1.000000,0.000000,1.000000,1275.1,0.001000
185200,0.000000,1.000000,0.000000,1.000000,1275.8,0.001000
185300,0.000000,1.000000,0.000000,1.000000,1276.5,0.001000
185400,0.000000,1.000000,0.000000,1.000000,1277.1,0.001000
185500,0.000000,1.000000,0.000000,1.000000,1277.9,0.001000
185600,0.000000,1.000000,0.000000,1.000000,1278.6,0.001000
185700,0.000000,1.000000,0.000000,1.000000,1279.3,0.001000
185800,0.000000,1.000000,0.000000,1.000000,1280.0,0.001000
185900,0.000000,1.000000,0.000000,1.000000,1280.7,0.001000
186000,0.000000,1.000000,0.000000,1.000000,1281.4,0.001000
186100,0.000000,1.000000,0.000000,1.000000,1282.1,0.001000
186200,0.000000,1.000000,0.000000,1.000000,1282.7,0.001000
186300,0.000000,1.000000,0.000000,1.000000,1283.5,0.001000
186400,0.000000,1.000000,0.000000,1.000000,1284.2,0.001000
186500,0.000000,1.000000,0.000000,1.000000,1284.9,0.001000
186600,0.000000,1.000000,0.000000,1.000000,1285.6,0.001000
186700,0.000000,1.000000,0.000000,1.000000,1286.3,0.001000
186800,0.000000,1.000000,0.000000,1.000000,1287.0,0.001000
186900,0.000000,1.000000,0.000000,1.000000,1287.6,0.001000
187000,0.000000,1.000000,0.000000,1.000000,1288.3,0.001000
187100,0.000000,1.000000,0.000000,1.000000,1288.9,0.001000
187200,0.000000,1.000000,0.000000,1.000000,1289.6,0.001000
187300,0.000000,1.000000,0.000000,1.000000,1290.3,0.001000
187400,0.000000,1.000000,0.000000,1.000000,1291.1,0.001000
187500,0.000000,1.000000,0.000000,1.000000,1291.8,0.001000
187600,0.000000,1.000000,0.000000,1.000000,1292.5,0.001000
187700,0.000000,1.000000,0.000000,1.000000,1293.2,0.001000
187800,0.000000,1.000000,0.000000,1.000000,1293.9,0.001000
187900,0.000000,1.000000,0.000000,1.000000,1294.5,0.001000
188000,0.000000,1.000000,0.000000,1.000000,1295.2,0.001000
188100,0.000000,1.000000,0.000000,1.000000,1295.9,0.001000
188200,0.000000,1.000000,0.000000,1.000000,1296.6,0.001000
188300,0.000000,1.000000,0.000000,1.000000,1297.3,0.001000
188400,0.000000,1.000000,0.000000,1.000000,1298.0,0.001000
188500,0.000000,1.000000,0.000000,1.000000,1298.6,0.001000
188600,0.000000,1.000000,0.000000,1.000000,1299.3,0.001000
188700,0.000000,1.000000,0.000000,1.000000,1300.0,0.001000
188800,0.000000,1.000000,0.000000,1.000000,1300.7,0.001000
188900,0.000000,1.000000,0.000000,1.000000,1301.3,0.001000
189000,0.000000,1.000000,0.000000,1.000000,1302.0,0.001000
189100,0.000000,1.000000,0.000000,1.000000,1302.7,0.001000
189200,0.000000,1.000000,0.000000,1.000000,1303.4,0.001000
189300,0.000000,1.000000,0.000000,1.000000,1304.0,0.001000
189400,0.000000,1.000000,0.000000,1.000000,1304.7,0.001000
189500,0.000000,1.000000,0.000000,1.000000,1305.4,0.001000
189600,0.000000,1.000000,0.000000,1.000000,1306.3,0.001000
189700,0.000000,1.000000,0.000000,1.000000,1307.0,0.001000
189800,0.000000,1.000000,0.000000,1.000000,1307.6,0.001000
189900,0.000000,1.000000,0.000000,1.000000,1308.3,0.001000
190000,0.000000,1.000000,0.000000,1.000000,1309.0,0.001000
190100,0.000000,1.000000,0.000000,1.000000,1309.6,0.001000
190200,0.000000,1.000000,0.000000,1.000000,1310.3,0.001000
190300,0.000000,1.000000,0.000000,1.000000,1310.9,0.001000
190400,0.000000,1.000000,0.000000,1.000000,1311.6,0.001000
190500,0.000000,1.000000,0.000000,1.000000,1312.3,0.001000
190600,0.000000,1.000000,0.000000,1.000000,1313.0,0.001000
190700,0.000000,1.000000,0.000000,1.000000,1313.7,0.001000
190800,0.000000,1.000000,0.000000,1.000000,1314.4,0.001000
190900,0.000000,1.000000,0.000000,1.000000,1315.1,0.001000
191000,0.000000,1.000000,0.000000,1.000000,1315.8,0.001000
191100,0.000000,1.000000,0.000000,1.000000,1316.5,0.001000
191200,0.000000,1.000000,0.000000,1.000000,1317.2,0.001000
191300,0.000000,1.000000,0.000000,1.000000,1318.0,0.001000
191400,0.000000,1.000000,0.000000,1.000000,1318.7,0.001000
191500,0.000000,1.000000,0.000000,1.000000,1319.6,0.001000
191600,0.000000,1.000000,0.000000,1.000000,1320.3,0.001000
191700,0.000000,1.000000,0.000000,1.000000,1321.0,0.001000
191800,0.000000,1.000000,0.000000,1.000000,1321.8,0.001000
191900,0.000000,1.000000,0.000000,1.000000,1322.4,0.001000
192000,0.000000,1.000000,0.000000,1.000000,1323.2,0.001000
192100,0.000000,1.000000,0.000000,1.000000,1323.8,0.001000
192200,0.000000,1.000000,0.000000,1.000000,1324.5,0.001000
192300,0.000000,1.000000,0.000000,1.000000,1325.2,0.001000
192400,0.000000,1.000000,0.000000,1.000000,1325.9,0.001000
192500,0.000000,1.000000,0.000000,1.000000,1326.6,0.001000
192600,0.000000,1.000000,0.000000,1.000000,1327.3,0.001000
192700,0.000000,1.000000,0.000000,1.000000,1328.0,0.001000
192800,0.000000,1.000000,0.000000,1.000000,1328.7,0.001000
192900,0.000000,1.000000,0.000000,1.000000,1329.3,0.001000
193000,0.000000,1.000000,0.000000,1.000000,1330.0,0.001000
193100,0.000000,1.000000,0.000000,1.000000,1330.7,0.001000
193200,0.000000,1.000000,0.000000,1.000000,1331.3,0.001000
193300,0.000000,1.000000,0.000000,1.000000,1332.0,0.001000
193400,0.000000,1.000000,0.000000,1.000000,1332.7,0.001000
193500,0.000000,1.000000,0.000000,1.000000,1333.4,0.001000
193600,0.000000,1.000000,0.000000,1.000000,1334.1,0.001000
193700,0.000000,1.000000,0.000000,1.000000,1334.8,0.001000
193800,0.000000,1.000000,0.000000,1.000000,1335.5,0.001000
193900,0.000000,1.000000,0.000000,1.000000,1336.1,0.001000
194000,0.000000,1.000000,0.000000,1.000000,1336.8,0.001000
194100,0.000000,1.000000,0.000000,1.000000,1337.5,0.001000
194200,0.000000,1.000000,0.000000,1.000000,1338.2,0.001000
194300,0.000000,1.000000,0.000000,1.000000,1338.9,0.001000
194400,0.000000,1.000000,0.000000,1.000000,1339.5,0.001000
194500,0.000000,1.000000,0.000000,1.000000,1340.3,0.001000
194600,0.000000,1.000000,0.000000,1.000000,1340.9,0.001000
194700,0.000000,1.000000,0.000000,1.000000,1341.6,0.001000
194800,0.000000,1.000000,0.000000,1.000000,1342.3,0.001000
194900,0.000000,1.000000,0.000000,1.000000,1343.0,0.001000
195000,0.000000,1.000000,0.000000,1.000000,1343.6,0.001000
195100,0.000000,1.000000,0.000000,1.000000,1344.3,0.001000
195200,0.000000,1.000000,0.000000,1.000000,1344.9,0.001000
195300,0.000000,1.000000,0.000000,1.000000,1345.6,0.001000
195400,0.000000,1.000000,0.000000,1.000000,1346.3,0.001000
195500,0.000000,1.000000,0.000000,1.000000,1346.9,0.001000
195600,0.000000,1.000000,0.000000,1.000000,1347.6,0.001000
195700,0.000000,1.000000,0.000000,1.000000,1348.3,0.001000
195800,0.000000,1.000000,0.000000,1.000000,1349.0,0.001000
195900,0.000000,1.000000,0.000000,1.000000,1349.7,0.001000
196000,0.000000,1.000000,0.000000,1.000000,1350.4,0.001000
196100,0.000000,1.000000,0.000000,1.000000,1351.0,0.001000
196200,0.000000,1.000000,0.000000,1.000000,1351.7,0.001000
196300,0.000000,1.000000,0.000000,1.000000,1352.4,0.001000
196400,0.000000,1.000000,0.000000,1.000000,1353.0,0.001000
196500,0.000000,1.000000,0.000000,1.000000,1353.7,0.001000
196600,0.000000,1.000000,0.000000,1.000000,1354.4,0.001000
196700,0.000000,1.000000,0.000000,1.000000,1355.1,0.001000
196800,0.000000,1.000000,0.000000,1.000000,1355.8,0.001000
196900,0.025720,0.995111,0.022008,0.994899,1356.5,0.001000
197000,0.004669,0.999150,0.011118,0.998512,1357.2,0.001000
197100,0.018335,0.999150,0.012505,0.998512,1357.8,0.001000
197200,0.000000,1.000000,0.000774,0.999787,1358.5,0.001000
197300,0.009291,0.999362,0.013404,0.998937,1359.2,0.001000
197400,0.000000,1.000000,0.043798,0.999575,1359.9,0.001000
197500,0.008813,0.999362,0.005619,0.998937,1360.6,0.001000
197600,0.024995,0.999575,0.011538,0.998937,1361.3,0.001000
197700,0.018499,0.999575,0.000016,1.000000,1361.9,0.001000
197800,0.005772,0.999787,0.020407,0.999150,1362.7,0.001000
197900,0.014312,0.999150,0.026172,0.998512,1363.4,0.001000
198000,0.004121,0.998937,0.050024,0.996812,1364.1,0.001000
198100,0.000000,1.000000,0.002104,0.999575,1364.8,0.001000
198200,0.000000,1.000000,0.002145,0.999575,1365.4,0.001000
198300,0.000000,1.000000,0.002193,0.999575,1366.3,0.001000
198400,0.000000,1.000000,0.002245,0.999575,1366.9,0.001000
198500,0.000000,1.000000,0.002288,0.999575,1367.6,0.001000
198600,0.000000,1.000000,0.002325,0.999575,1368.3,0.001000
198700,0.000000,1.000000,0.002236,0.999575,1369.0,0.001000
198800,0.000000,1.000000,0.002084,0.999575,1369.7,0.001000
198900,0.000000,1.000000,0.001301,0.999575,1370.4,0.001000
199000,0.000000,1.000000,0.000000,1.000000,1371.1,0.001000
199100,0.000000,1.000000,0.000001,1.000000,1371.7,0.001000
199200,0.008655,0.999787,0.031425,0.997450,1372.5,0.001000
199300,0.000976,0.999787,0.012686,0.999150,1373.2,0.001000
199400,0.000033,1.000000,0.014825,0.998937,1373.9,0.001000
199500,0.005521,0.999575,0.035585,0.998300,1374.7,0.001000
199600,0.000000,1.000000,0.038316,0.999150,1375.3,0.001000
199700,0.000000,1.000000,0.045656,0.998725,1376.1,0.001000
199800,0.003368,0.999575,0.020436,0.998725,1376.8,0.001000
199900,0.014037,0.999575,0.022048,0.999362,1377.4,0.001000
