step,train_loss,train_acc,test_loss,test_acc,elapsed_sec,lr
0,5.058287,0.006803,5.097991,0.005739,0.0,0.000020
100,4.540555,0.024235,4.750963,0.004888,0.8,0.001000
200,3.709167,0.215136,5.407106,0.020616,1.6,0.001000
300,2.051060,0.590774,4.877000,0.145377,2.4,0.001000
400,0.638049,0.903061,3.954273,0.376408,3.2,0.001000
500,0.128258,0.991922,3.667985,0.468863,3.9,0.001000
600,0.036659,0.999150,3.765552,0.480128,4.6,0.001000
700,0.108803,0.980017,4.030728,0.461424,5.3,0.001000
800,0.008623,0.999575,3.961771,0.481615,6.0,0.001000
900,0.069561,0.984906,4.210503,0.466950,6.8,0.001000
1000,0.014512,0.998724,4.025158,0.480765,7.5,0.001000
1100,0.033129,0.993410,4.209491,0.478002,8.2,0.001000
1200,0.045141,0.989583,4.178837,0.474601,8.8,0.001000
1300,0.017375,0.996811,3.989111,0.482465,9.5,0.001000
1400,0.030973,0.994685,3.953407,0.480553,10.2,0.001000
1500,0.022468,0.995536,3.874602,0.484378,10.9,0.001000
1600,0.019002,0.996173,3.838913,0.485016,11.6,0.001000
1700,0.029886,0.992985,3.722233,0.482465,12.3,0.001000
1800,0.021968,0.996173,3.546831,0.495430,13.0,0.001000
1900,0.018929,0.996173,3.459902,0.492667,13.7,0.001000
2000,0.017346,0.995323,3.316467,0.500956,14.5,0.001000
2100,0.012925,0.997662,3.130721,0.505420,15.2,0.001000
2200,0.027456,0.995111,3.196384,0.501807,15.9,0.001000
2300,0.003855,0.999362,2.850060,0.520723,16.6,0.001000
2400,0.007671,0.998087,2.829269,0.524336,17.3,0.001000
2500,0.017315,0.996386,2.730623,0.530925,18.0,0.001000
2600,0.004980,0.999787,2.355448,0.544102,18.7,0.001000
2700,0.014374,0.998087,2.270686,0.557492,19.3,0.001000
2800,0.012561,0.996173,2.006842,0.582359,20.0,0.001000
2900,0.015692,0.996811,1.954414,0.584697,20.8,0.001000
3000,0.000633,1.000000,1.482531,0.639320,21.5,0.001000
3100,0.000181,1.000000,1.325052,0.666525,22.3,0.001000
3200,0.000098,1.000000,1.254060,0.677152,23.0,0.001000
3300,0.000050,1.000000,1.203306,0.683103,23.7,0.001000
3400,0.000023,1.000000,1.180518,0.687354,24.3,0.001000
3500,0.000010,1.000000,1.169846,0.690754,25.0,0.001000
3600,0.000004,1.000000,1.179228,0.693305,25.7,0.001000
3700,0.000002,1.000000,1.185055,0.692667,26.5,0.001000
3800,0.000001,1.000000,1.202101,0.697556,27.3,0.001000
3900,0.000000,1.000000,1.223178,0.699469,28.1,0.001000
4000,0.000000,1.000000,1.301033,0.691817,28.9,0.001000
4100,0.000000,1.000000,1.429978,0.671413,29.7,0.001000
4200,0.000000,1.000000,1.571884,0.650584,30.3,0.001000
4300,0.000000,1.000000,1.688495,0.634431,31.1,0.001000
4400,0.000000,1.000000,1.797689,0.621679,31.7,0.001000
4500,0.000000,1.000000,1.882269,0.608502,32.4,0.001000
4600,0.000000,1.000000,1.914326,0.602976,33.1,0.001000
4700,0.000000,1.000000,1.956400,0.600000,33.8,0.001000
4800,0.000000,1.000000,1.974259,0.597662,34.5,0.001000
4900,0.000000,1.000000,1.989670,0.592561,35.2,0.001000
5000,0.000000,1.000000,2.012443,0.586185,35.8,0.001000
5100,0.000000,1.000000,1.992098,0.590011,36.5,0.001000
5200,0.000000,1.000000,2.000925,0.585972,37.2,0.001000
5300,0.017597,0.995323,2.064842,0.583422,37.9,0.001000
5400,0.008364,0.997874,1.644893,0.631243,38.6,0.001000
5500,0.033236,0.989796,1.464651,0.647184,39.3,0.001000
5600,0.002989,0.998937,0.969901,0.733262,39.9,0.001000
5700,0.016868,0.996173,0.902879,0.746227,40.6,0.001000
5800,0.008262,0.998299,0.578854,0.826355,41.2,0.001000
5900,0.017311,0.996173,0.568773,0.823804,41.9,0.001000
6000,0.017236,0.996173,0.543550,0.829331,42.5,0.001000
6100,0.004468,0.999150,0.266619,0.916897,43.2,0.001000
6200,0.008693,0.998937,0.241864,0.922210,43.9,0.001000
6300,0.002332,0.999575,0.140969,0.957067,44.5,0.001000
6400,0.003334,0.999787,0.116937,0.968332,45.2,0.001000
6500,0.003823,0.998937,0.056132,0.983847,45.9,0.001000
6600,0.009372,0.997449,0.095627,0.969182,46.5,0.001000
6700,0.000579,1.000000,0.032316,0.990223,47.2,0.001000
6800,0.000080,1.000000,0.008216,0.998300,48.0,0.001000
6900,0.000040,1.000000,0.003639,0.999787,48.7,0.001000
7000,0.000023,1.000000,0.001672,1.000000,49.4,0.001000
7100,0.000012,1.000000,0.000782,1.000000,50.1,0.001000
7200,0.000006,1.000000,0.000411,1.000000,50.7,0.001000
7300,0.000003,1.000000,0.000263,1.000000,51.4,0.001000
7400,0.000001,1.000000,0.000090,1.000000,52.1,0.001000
7500,0.000001,1.000000,0.000041,1.000000,52.7,0.001000
7600,0.000000,1.000000,0.000029,1.000000,53.4,0.001000
7700,0.000000,1.000000,0.000012,1.000000,54.1,0.001000
7800,0.000000,1.000000,0.000006,1.000000,54.8,0.001000
7900,0.000000,1.000000,0.000006,1.000000,55.4,0.001000
8000,0.000000,1.000000,0.000005,1.000000,56.1,0.001000
8100,0.000000,1.000000,0.000006,1.000000,56.8,0.001000
8200,0.000000,1.000000,0.000006,1.000000,57.5,0.001000
8300,0.000000,1.000000,0.000007,1.000000,58.2,0.001000
8400,0.000000,1.000000,0.000007,1.000000,58.9,0.001000
8500,0.000000,1.000000,0.000005,1.000000,59.6,0.001000
8600,0.000000,1.000000,0.000007,1.000000,60.3,0.001000
8700,0.000000,1.000000,0.000006,1.000000,61.0,0.001000
8800,0.000000,1.000000,0.000005,1.000000,61.8,0.001000
8900,0.000000,1.000000,0.000004,1.000000,62.6,0.001000
9000,0.005081,0.998512,0.030053,0.990648,63.4,0.001000
9100,0.004363,0.998512,0.014563,0.995537,64.3,0.001000
9200,0.011233,0.997024,0.049826,0.983847,65.1,0.001000
9300,0.001964,0.999362,0.007329,0.998300,65.8,0.001000
9400,0.008622,0.998087,0.026957,0.994899,66.5,0.001000
9500,0.004683,0.999150,0.020062,0.995537,67.2,0.001000
9600,0.007900,0.998937,0.019956,0.992986,67.9,0.001000
9700,0.000746,0.999787,0.002490,0.999362,68.5,0.001000
9800,0.001668,0.999150,0.011403,0.996599,69.3,0.001000
9900,0.008519,0.998937,0.015573,0.995537,70.0,0.001000
10000,0.000329,1.000000,0.004938,0.998512,70.7,0.001000
10100,0.000024,1.000000,0.001049,0.999787,71.4,0.001000
10200,0.000013,1.000000,0.000563,0.999787,72.1,0.001000
10300,0.000007,1.000000,0.000207,1.000000,72.8,0.001000
10400,0.000004,1.000000,0.000075,1.000000,73.5,0.001000
10500,0.000002,1.000000,0.000024,1.000000,74.3,0.001000
10600,0.000001,1.000000,0.000008,1.000000,75.0,0.001000
10700,0.000000,1.000000,0.000003,1.000000,75.7,0.001000
10800,0.000000,1.000000,0.000001,1.000000,76.5,0.001000
10900,0.000000,1.000000,0.000001,1.000000,77.2,0.001000
11000,0.000000,1.000000,0.000000,1.000000,77.9,0.001000
11100,0.000000,1.000000,0.000000,1.000000,78.6,0.001000
11200,0.000000,1.000000,0.000000,1.000000,79.3,0.001000
11300,0.000000,1.000000,0.000000,1.000000,79.9,0.001000
11400,0.000000,1.000000,0.000000,1.000000,80.5,0.001000
11500,0.000000,1.000000,0.000000,1.000000,81.3,0.001000
11600,0.000000,1.000000,0.000000,1.000000,82.0,0.001000
11700,0.000000,1.000000,0.000000,1.000000,82.6,0.001000
11800,0.000000,1.000000,0.000000,1.000000,83.3,0.001000
11900,0.000000,1.000000,0.000000,1.000000,84.0,0.001000
12000,0.000000,1.000000,0.000000,1.000000,84.6,0.001000
12100,0.000000,1.000000,0.000000,1.000000,85.3,0.001000
12200,0.000000,1.000000,0.000000,1.000000,86.0,0.001000
12300,0.000000,1.000000,0.000000,1.000000,86.6,0.001000
12400,0.000000,1.000000,0.000000,1.000000,87.3,0.001000
12500,0.000000,1.000000,0.000000,1.000000,88.0,0.001000
12600,0.000000,1.000000,0.000000,1.000000,88.7,0.001000
12700,0.000000,1.000000,0.000000,1.000000,89.4,0.001000
12800,0.000000,1.000000,0.000000,1.000000,90.1,0.001000
12900,0.000000,1.000000,0.000000,1.000000,90.7,0.001000
13000,0.000000,1.000000,0.000000,1.000000,91.5,0.001000
13100,0.000000,1.000000,0.000000,1.000000,92.2,0.001000
13200,0.000000,1.000000,0.000000,1.000000,92.9,0.001000
13300,0.000000,1.000000,0.000000,1.000000,93.6,0.001000
13400,0.000000,1.000000,0.000000,1.000000,94.2,0.001000
13500,0.000000,1.000000,0.000000,1.000000,94.9,0.001000
13600,0.000000,1.000000,0.000000,1.000000,95.6,0.001000
13700,0.000000,1.000000,0.000000,1.000000,96.3,0.001000
13800,0.000000,1.000000,0.000000,1.000000,97.0,0.001000
13900,0.000000,1.000000,0.000000,1.000000,97.7,0.001000
14000,0.000000,1.000000,0.000000,1.000000,98.3,0.001000
14100,0.000000,1.000000,0.000000,1.000000,99.0,0.001000
14200,0.000000,1.000000,0.000000,1.000000,99.6,0.001000
14300,0.000000,1.000000,0.000000,1.000000,100.3,0.001000
14400,0.000000,1.000000,0.000000,1.000000,100.9,0.001000
14500,0.000000,1.000000,0.000000,1.000000,101.6,0.001000
14600,0.000000,1.000000,0.000000,1.000000,102.3,0.001000
14700,0.000000,1.000000,0.000000,1.000000,103.0,0.001000
14800,0.000000,1.000000,0.000000,1.000000,103.6,0.001000
14900,0.000000,1.000000,0.000000,1.000000,104.3,0.001000
15000,0.000000,1.000000,0.000000,1.000000,105.0,0.001000
15100,0.000000,1.000000,0.000000,1.000000,105.6,0.001000
15200,0.000000,1.000000,0.000000,1.000000,106.3,0.001000
15300,0.000000,1.000000,0.000000,1.000000,107.0,0.001000
15400,0.000000,1.000000,0.000000,1.000000,107.7,0.001000
15500,0.000000,1.000000,0.000000,1.000000,108.4,0.001000
15600,0.000000,1.000000,0.000000,1.000000,109.1,0.001000
15700,0.000000,1.000000,0.000000,1.000000,109.7,0.001000
15800,0.000000,1.000000,0.000000,1.000000,110.4,0.001000
15900,0.000000,1.000000,0.000000,1.000000,111.1,0.001000
16000,0.000000,1.000000,0.000000,1.000000,111.7,0.001000
16100,0.000000,1.000000,0.000000,1.000000,112.4,0.001000
16200,0.000000,1.000000,0.000000,1.000000,113.1,0.001000
16300,0.000000,1.000000,0.000000,1.000000,113.8,0.001000
16400,0.000000,1.000000,0.000000,1.000000,114.5,0.001000
16500,0.000000,1.000000,0.000000,1.000000,115.2,0.001000
16600,0.000000,1.000000,0.000000,1.000000,115.8,0.001000
16700,0.000000,1.000000,0.000000,1.000000,116.5,0.001000
16800,0.000000,1.000000,0.000000,1.000000,117.2,0.001000
16900,0.000000,1.000000,0.000000,1.000000,117.8,0.001000
17000,0.000000,1.000000,0.000000,1.000000,118.5,0.001000
17100,0.000000,1.000000,0.000000,1.000000,119.1,0.001000
17200,0.000000,1.000000,0.000000,1.000000,119.8,0.001000
17300,0.000000,1.000000,0.000000,1.000000,120.5,0.001000
17400,0.000000,1.000000,0.000000,1.000000,121.3,0.001000
17500,0.000000,1.000000,0.000000,1.000000,122.1,0.001000
17600,0.000000,1.000000,0.000000,1.000000,122.8,0.001000
17700,0.000000,1.000000,0.000000,1.000000,123.5,0.001000
17800,0.000000,1.000000,0.000000,1.000000,124.3,0.001000
17900,0.000000,1.000000,0.000000,1.000000,124.9,0.001000
18000,0.000000,1.000000,0.000000,1.000000,125.6,0.001000
18100,0.000000,1.000000,0.000000,1.000000,126.3,0.001000
18200,0.000000,1.000000,0.000000,1.000000,127.0,0.001000
18300,0.000000,1.000000,0.000000,1.000000,127.6,0.001000
18400,0.000000,1.000000,0.000000,1.000000,128.4,0.001000
18500,0.000000,1.000000,0.000000,1.000000,129.1,0.001000
18600,0.000000,1.000000,0.000000,1.000000,129.8,0.001000
18700,0.000000,1.000000,0.000000,1.000000,130.4,0.001000
18800,0.000000,1.000000,0.000000,1.000000,131.1,0.001000
18900,0.000000,1.000000,0.000000,1.000000,131.7,0.001000
19000,0.000000,1.000000,0.000000,1.000000,132.4,0.001000
19100,0.000000,1.000000,0.000000,1.000000,133.0,0.001000
19200,0.000000,1.000000,0.000000,1.000000,133.7,0.001000
19300,0.065537,0.985757,0.122690,0.976833,134.4,0.001000
19400,0.063166,0.986820,0.100724,0.982359,135.1,0.001000
19500,0.039654,0.991284,0.109561,0.977046,135.9,0.001000
19600,0.054842,0.989158,0.080563,0.985335,136.6,0.001000
19700,0.018578,0.995748,0.058110,0.989798,137.2,0.001000
19800,0.017731,0.994898,0.047652,0.988948,137.9,0.001000
19900,0.005437,0.997662,0.050170,0.989586,138.6,0.001000
20000,0.014560,0.997449,0.043066,0.990648,139.3,0.001000
20100,0.013368,0.995748,0.038502,0.992349,140.0,0.001000
20200,0.021709,0.994898,0.046749,0.988523,140.7,0.001000
20300,0.009779,0.997024,0.043530,0.991286,141.3,0.001000
20400,0.009303,0.997024,0.038860,0.991711,142.0,0.001000
20500,0.020744,0.994898,0.037780,0.989798,142.6,0.001000
20600,0.006916,0.997236,0.026708,0.993836,143.3,0.001000
20700,0.002924,0.998724,0.019014,0.994686,144.0,0.001000
20800,0.009151,0.997449,0.020811,0.995324,144.6,0.001000
20900,0.008531,0.997024,0.021330,0.995112,145.3,0.001000
21000,0.000110,1.000000,0.012379,0.998300,145.9,0.001000
21100,0.016985,0.995961,0.037164,0.991711,146.6,0.001000
21200,0.001334,0.999575,0.018620,0.994686,147.3,0.001000
21300,0.014086,0.998512,0.030427,0.995749,148.0,0.001000
21400,0.006200,0.997874,0.025775,0.993624,148.7,0.001000
21500,0.023308,0.996173,0.030232,0.993199,149.4,0.001000
21600,0.004929,0.998724,0.009224,0.997662,150.1,0.001000
21700,0.005419,0.999150,0.011042,0.997024,150.8,0.001000
21800,0.011934,0.997236,0.027697,0.991923,151.4,0.001000
21900,0.000277,1.000000,0.016860,0.995537,152.1,0.001000
22000,0.000005,1.000000,0.004297,0.999150,152.8,0.001000
22100,0.000002,1.000000,0.003954,0.999150,153.5,0.001000
22200,0.000001,1.000000,0.003712,0.999150,154.2,0.001000
22300,0.000001,1.000000,0.003184,0.999362,154.9,0.001000
22400,0.000000,1.000000,0.002700,0.999362,155.6,0.001000
22500,0.000000,1.000000,0.001980,0.999362,156.3,0.001000
22600,0.000000,1.000000,0.001398,0.999787,157.0,0.001000
22700,0.000000,1.000000,0.000851,0.999787,157.6,0.001000
22800,0.021916,0.997449,0.012942,0.996812,158.3,0.001000
22900,0.011054,0.998299,0.017156,0.996387,159.0,0.001000
23000,0.003545,0.998512,0.016294,0.997662,159.6,0.001000
23100,0.006639,0.999362,0.025946,0.994686,160.3,0.001000
23200,0.002103,0.999362,0.017642,0.995112,161.0,0.001000
23300,0.014119,0.997236,0.008056,0.997450,161.7,0.001000
23400,0.004501,0.998299,0.008077,0.997024,162.4,0.001000
23500,0.000053,1.000000,0.000863,0.999787,163.1,0.001000
23600,0.001248,0.999787,0.002294,0.999150,163.7,0.001000
23700,0.006229,0.998512,0.007529,0.997875,164.4,0.001000
23800,0.000846,0.999787,0.002430,0.999575,165.1,0.001000
23900,0.003526,0.999150,0.039983,0.993199,165.7,0.001000
24000,0.001854,0.999362,0.008117,0.997662,166.4,0.001000
24100,0.000274,0.999787,0.001261,0.999575,167.1,0.001000
24200,0.002517,0.998937,0.006010,0.997875,167.9,0.001000
24300,0.005217,0.998724,0.008529,0.996812,168.5,0.001000
24400,0.000195,1.000000,0.004456,0.998087,169.2,0.001000
24500,0.000011,1.000000,0.000411,0.999787,169.9,0.001000
24600,0.000005,1.000000,0.000228,1.000000,170.6,0.001000
24700,0.000003,1.000000,0.000111,1.000000,171.3,0.001000
24800,0.000001,1.000000,0.000040,1.000000,172.0,0.001000
24900,0.000001,1.000000,0.000017,1.000000,172.7,0.001000
25000,0.000000,1.000000,0.000006,1.000000,173.4,0.001000
25100,0.000001,1.000000,0.000004,1.000000,174.1,0.001000
25200,0.000000,1.000000,0.000001,1.000000,174.7,0.001000
25300,0.000000,1.000000,0.000001,1.000000,175.4,0.001000
25400,0.000000,1.000000,0.000000,1.000000,176.1,0.001000
25500,0.000000,1.000000,0.000000,1.000000,176.8,0.001000
25600,0.000000,1.000000,0.000000,1.000000,177.5,0.001000
25700,0.000000,1.000000,0.000000,1.000000,178.2,0.001000
25800,0.000000,1.000000,0.000000,1.000000,178.9,0.001000
25900,0.000000,1.000000,0.000000,1.000000,179.5,0.001000
26000,0.000000,1.000000,0.000000,1.000000,180.2,0.001000
26100,0.000000,1.000000,0.000000,1.000000,181.0,0.001000
26200,0.000000,1.000000,0.000000,1.000000,181.8,0.001000
26300,0.000000,1.000000,0.000000,1.000000,182.6,0.001000
26400,0.000000,1.000000,0.000000,1.000000,183.4,0.001000
26500,0.000000,1.000000,0.000000,1.000000,184.3,0.001000
26600,0.000000,1.000000,0.000000,1.000000,185.0,0.001000
26700,0.000000,1.000000,0.000000,1.000000,185.7,0.001000
26800,0.000000,1.000000,0.000000,1.000000,186.4,0.001000
26900,0.000000,1.000000,0.000000,1.000000,187.1,0.001000
27000,0.000000,1.000000,0.000000,1.000000,187.8,0.001000
27100,0.000000,1.000000,0.000000,1.000000,188.5,0.001000
27200,0.000000,1.000000,0.000000,1.000000,189.2,0.001000
27300,0.000000,1.000000,0.000000,1.000000,189.9,0.001000
27400,0.000000,1.000000,0.000000,1.000000,190.5,0.001000
27500,0.000000,1.000000,0.000000,1.000000,191.2,0.001000
27600,0.000000,1.000000,0.000000,1.000000,191.9,0.001000
27700,0.000000,1.000000,0.000000,1.000000,192.6,0.001000
27800,0.000000,1.000000,0.000000,1.000000,193.3,0.001000
27900,0.000000,1.000000,0.000000,1.000000,194.1,0.001000
28000,0.000000,1.000000,0.000000,1.000000,194.8,0.001000
28100,0.000000,1.000000,0.000000,1.000000,195.6,0.001000
28200,0.000000,1.000000,0.000000,1.000000,196.4,0.001000
28300,0.000000,1.000000,0.000000,1.000000,197.2,0.001000
28400,0.000000,1.000000,0.000000,1.000000,197.9,0.001000
28500,0.000000,1.000000,0.000000,1.000000,198.5,0.001000
28600,0.000000,1.000000,0.000000,1.000000,199.2,0.001000
28700,0.000000,1.000000,0.000000,1.000000,200.0,0.001000
28800,0.000000,1.000000,0.000000,1.000000,200.7,0.001000
28900,0.000000,1.000000,0.000000,1.000000,201.3,0.001000
29000,0.000000,1.000000,0.000000,1.000000,202.1,0.001000
29100,0.000000,1.000000,0.000000,1.000000,202.8,0.001000
29200,0.000000,1.000000,0.000000,1.000000,203.5,0.001000
29300,0.000000,1.000000,0.000000,1.000000,204.2,0.001000
29400,0.000000,1.000000,0.000000,1.000000,204.9,0.001000
29500,0.000000,1.000000,0.000000,1.000000,205.6,0.001000
29600,0.000000,1.000000,0.000000,1.000000,206.3,0.001000
29700,0.000000,1.000000,0.000000,1.000000,207.0,0.001000
29800,0.000000,1.000000,0.000000,1.000000,207.7,0.001000
29900,0.000000,1.000000,0.000000,1.000000,208.6,0.001000
30000,0.000000,1.000000,0.000000,1.000000,209.6,0.001000
30100,0.000000,1.000000,0.000000,1.000000,210.5,0.001000
30200,0.000000,1.000000,0.000000,1.000000,211.4,0.001000
30300,0.000000,1.000000,0.000000,1.000000,212.4,0.001000
30400,0.000000,1.000000,0.000000,1.000000,213.3,0.001000
30500,0.000000,1.000000,0.000000,1.000000,214.0,0.001000
30600,0.000000,1.000000,0.000000,1.000000,215.0,0.001000
30700,0.000000,1.000000,0.000000,1.000000,215.9,0.001000
30800,0.000000,1.000000,0.000000,1.000000,216.6,0.001000
30900,0.000000,1.000000,0.000000,1.000000,217.3,0.001000
31000,0.000000,1.000000,0.000000,1.000000,218.1,0.001000
31100,0.000000,1.000000,0.000000,1.000000,218.8,0.001000
31200,0.000000,1.000000,0.000000,1.000000,219.5,0.001000
31300,0.000000,1.000000,0.000000,1.000000,220.2,0.001000
31400,0.000000,1.000000,0.000000,1.000000,221.0,0.001000
31500,0.000000,1.000000,0.000000,1.000000,221.7,0.001000
31600,0.000000,1.000000,0.000000,1.000000,222.4,0.001000
31700,0.000000,1.000000,0.000000,1.000000,223.1,0.001000
31800,0.000000,1.000000,0.000000,1.000000,223.8,0.001000
31900,0.000000,1.000000,0.000000,1.000000,224.5,0.001000
32000,0.000000,1.000000,0.000000,1.000000,225.2,0.001000
32100,0.000000,1.000000,0.000000,1.000000,225.9,0.001000
32200,0.000000,1.000000,0.000000,1.000000,226.6,0.001000
32300,0.000000,1.000000,0.000000,1.000000,227.5,0.001000
32400,0.000000,1.000000,0.000000,1.000000,228.2,0.001000
32500,0.000000,1.000000,0.000000,1.000000,229.0,0.001000
32600,0.000000,1.000000,0.000000,1.000000,229.9,0.001000
32700,0.000000,1.000000,0.000000,1.000000,230.6,0.001000
32800,0.000000,1.000000,0.000000,1.000000,231.4,0.001000
32900,0.000000,1.000000,0.000000,1.000000,232.1,0.001000
33000,0.000000,1.000000,0.000000,1.000000,232.8,0.001000
33100,0.000000,1.000000,0.000000,1.000000,233.7,0.001000
33200,0.000000,1.000000,0.000000,1.000000,234.5,0.001000
33300,0.000000,1.000000,0.000000,1.000000,235.4,0.001000
33400,0.000000,1.000000,0.000000,1.000000,236.2,0.001000
33500,0.000000,1.000000,0.000000,1.000000,237.0,0.001000
33600,0.000000,1.000000,0.000000,1.000000,237.7,0.001000
33700,0.000000,1.000000,0.000000,1.000000,238.4,0.001000
33800,0.000000,1.000000,0.000000,1.000000,239.1,0.001000
33900,0.000000,1.000000,0.000000,1.000000,239.9,0.001000
34000,0.000000,1.000000,0.000000,1.000000,240.6,0.001000
34100,0.000000,1.000000,0.000000,1.000000,241.3,0.001000
34200,0.000000,1.000000,0.000000,1.000000,242.1,0.001000
34300,0.000000,1.000000,0.000000,1.000000,242.8,0.001000
34400,0.000000,1.000000,0.000000,1.000000,243.5,0.001000
34500,0.000000,1.000000,0.000000,1.000000,244.2,0.001000
34600,0.000000,1.000000,0.000000,1.000000,244.9,0.001000
34700,0.000000,1.000000,0.000000,1.000000,245.5,0.001000
34800,0.137665,0.974277,0.197842,0.969182,246.2,0.001000
34900,0.036036,0.992772,0.097512,0.987248,246.9,0.001000
35000,0.046943,0.991497,0.138358,0.981722,247.6,0.001000
35100,0.007432,0.998512,0.045291,0.991073,248.4,0.001000
35200,0.015736,0.996173,0.028232,0.994261,249.1,0.001000
35300,0.017836,0.997024,0.048050,0.989586,249.7,0.001000
35400,0.028370,0.993622,0.070384,0.990011,250.3,0.001000
35500,0.015687,0.995323,0.040987,0.992136,251.0,0.001000
35600,0.015171,0.995748,0.060169,0.989373,251.7,0.001000
35700,0.015960,0.997874,0.035616,0.993411,252.4,0.001000
35800,0.009346,0.998087,0.034744,0.993411,253.1,0.001000
35900,0.003951,0.998724,0.021800,0.995749,253.7,0.001000
36000,0.006206,0.999150,0.013497,0.997024,254.4,0.001000
36100,0.008033,0.998087,0.025397,0.995112,255.1,0.001000
36200,0.011233,0.997874,0.033400,0.993411,255.7,0.001000
36300,0.007778,0.998724,0.030070,0.995112,256.5,0.001000
36400,0.008650,0.997874,0.015514,0.996812,257.2,0.001000
36500,0.004765,0.998512,0.024720,0.995112,257.9,0.001000
36600,0.006420,0.998299,0.017897,0.995537,258.6,0.001000
36700,0.004410,0.998299,0.016003,0.995962,259.3,0.001000
36800,0.034543,0.995323,0.048500,0.991923,260.0,0.001000
36900,0.002540,0.998724,0.019410,0.995749,260.6,0.001000
37000,0.006948,0.997874,0.032988,0.994261,261.3,0.001000
37100,0.017315,0.998724,0.017758,0.996599,262.0,0.001000
37200,0.007090,0.998299,0.018857,0.995749,262.7,0.001000
37300,0.011904,0.997449,0.031883,0.994686,263.4,0.001000
37400,0.005607,0.998512,0.010570,0.997024,264.1,0.001000
37500,0.000008,1.000000,0.010031,0.998300,264.7,0.001000
37600,0.000002,1.000000,0.008285,0.998725,265.4,0.001000
37700,0.000001,1.000000,0.007410,0.998937,266.1,0.001000
37800,0.000001,1.000000,0.006607,0.998937,266.8,0.001000
37900,0.000000,1.000000,0.005554,0.999362,267.6,0.001000
38000,0.000000,1.000000,0.004553,0.999362,268.3,0.001000
38100,0.000000,1.000000,0.003740,0.999362,269.0,0.001000
38200,0.000000,1.000000,0.002465,0.999362,269.7,0.001000
38300,0.000001,1.000000,0.000002,1.000000,270.3,0.001000
38400,0.005313,0.998087,0.024561,0.993199,271.0,0.001000
38500,0.000654,0.999575,0.008571,0.998087,271.6,0.001000
38600,0.001573,0.999150,0.005168,0.999150,272.2,0.001000
38700,0.005430,0.998937,0.009974,0.997024,272.9,0.001000
38800,0.001446,0.998937,0.005678,0.998512,273.5,0.001000
38900,0.000839,0.999787,0.005954,0.998512,274.2,0.001000
39000,0.001602,0.999787,0.004113,0.998300,274.8,0.001000
39100,0.000708,0.999787,0.009096,0.998300,275.5,0.001000
39200,0.000004,1.000000,0.001780,0.999150,276.2,0.001000
39300,0.000002,1.000000,0.001446,0.999150,276.9,0.001000
39400,0.000001,1.000000,0.001117,0.999362,277.5,0.001000
39500,0.000000,1.000000,0.000735,0.999575,278.2,0.001000
39600,0.000000,1.000000,0.000419,0.999787,278.8,0.001000
39700,0.000000,1.000000,0.000187,1.000000,279.5,0.001000
39800,0.000001,1.000000,0.000018,1.000000,280.1,0.001000
39900,0.000000,1.000000,0.000003,1.000000,280.8,0.001000
40000,0.000000,1.000000,0.000001,1.000000,281.5,0.001000
40100,0.000000,1.000000,0.000001,1.000000,282.1,0.001000
40200,0.000000,1.000000,0.000000,1.000000,282.8,0.001000
40300,0.000000,1.000000,0.000000,1.000000,283.5,0.001000
40400,0.000000,1.000000,0.000000,1.000000,284.2,0.001000
40500,0.000000,1.000000,0.000000,1.000000,284.9,0.001000
40600,0.000000,1.000000,0.000000,1.000000,285.6,0.001000
40700,0.000000,1.000000,0.000000,1.000000,286.3,0.001000
40800,0.000000,1.000000,0.000000,1.000000,286.9,0.001000
40900,0.000000,1.000000,0.000000,1.000000,287.6,0.001000
41000,0.000000,1.000000,0.000000,1.000000,288.3,0.001000
41100,0.000000,1.000000,0.000000,1.000000,288.9,0.001000
41200,0.000000,1.000000,0.000000,1.000000,289.6,0.001000
41300,0.000000,1.000000,0.000000,1.000000,290.3,0.001000
41400,0.000000,1.000000,0.000000,1.000000,291.0,0.001000
41500,0.000000,1.000000,0.000000,1.000000,291.6,0.001000
41600,0.000000,1.000000,0.000000,1.000000,292.3,0.001000
41700,0.000000,1.000000,0.000000,1.000000,293.0,0.001000
41800,0.000000,1.000000,0.000000,1.000000,293.7,0.001000
41900,0.000000,1.000000,0.000000,1.000000,294.3,0.001000
42000,0.000000,1.000000,0.000000,1.000000,295.0,0.001000
42100,0.000000,1.000000,0.000000,1.000000,295.7,0.001000
42200,0.000000,1.000000,0.000000,1.000000,296.3,0.001000
42300,0.000000,1.000000,0.000000,1.000000,297.0,0.001000
42400,0.000000,1.000000,0.000000,1.000000,297.7,0.001000
42500,0.000000,1.000000,0.000000,1.000000,298.4,0.001000
42600,0.000000,1.000000,0.000000,1.000000,299.1,0.001000
42700,0.000000,1.000000,0.000000,1.000000,299.8,0.001000
42800,0.000000,1.000000,0.000000,1.000000,300.5,0.001000
42900,0.000000,1.000000,0.000000,1.000000,301.2,0.001000
43000,0.000000,1.000000,0.000000,1.000000,301.9,0.001000
43100,0.000000,1.000000,0.000000,1.000000,302.6,0.001000
43200,0.000000,1.000000,0.000000,1.000000,303.3,0.001000
43300,0.000000,1.000000,0.000000,1.000000,304.0,0.001000
43400,0.000000,1.000000,0.000000,1.000000,304.8,0.001000
43500,0.000000,1.000000,0.000000,1.000000,305.4,0.001000
43600,0.000000,1.000000,0.000000,1.000000,306.1,0.001000
43700,0.000000,1.000000,0.000000,1.000000,306.8,0.001000
43800,0.000000,1.000000,0.000000,1.000000,307.5,0.001000
43900,0.000000,1.000000,0.000000,1.000000,308.2,0.001000
44000,0.000000,1.000000,0.000000,1.000000,308.9,0.001000
44100,0.000000,1.000000,0.000000,1.000000,309.6,0.001000
44200,0.000000,1.000000,0.000000,1.000000,310.3,0.001000
44300,0.000000,1.000000,0.000000,1.000000,311.0,0.001000
44400,0.000000,1.000000,0.000000,1.000000,311.6,0.001000
44500,0.000000,1.000000,0.000000,1.000000,312.3,0.001000
44600,0.000000,1.000000,0.000000,1.000000,313.0,0.001000
44700,0.000000,1.000000,0.000000,1.000000,313.7,0.001000
44800,0.000000,1.000000,0.000000,1.000000,314.5,0.001000
44900,0.000000,1.000000,0.000000,1.000000,315.2,0.001000
45000,0.000000,1.000000,0.000000,1.000000,315.9,0.001000
45100,0.000000,1.000000,0.000000,1.000000,316.7,0.001000
45200,0.000000,1.000000,0.000000,1.000000,317.4,0.001000
45300,0.000000,1.000000,0.000000,1.000000,318.1,0.001000
45400,0.000000,1.000000,0.000000,1.000000,318.8,0.001000
45500,0.000000,1.000000,0.000000,1.000000,319.5,0.001000
45600,0.000000,1.000000,0.000000,1.000000,320.2,0.001000
45700,0.000000,1.000000,0.000000,1.000000,320.8,0.001000
45800,0.000000,1.000000,0.000000,1.000000,321.5,0.001000
45900,0.000000,1.000000,0.000000,1.000000,322.1,0.001000
46000,0.000000,1.000000,0.000000,1.000000,322.8,0.001000
46100,0.000000,1.000000,0.000000,1.000000,323.4,0.001000
46200,0.000000,1.000000,0.000000,1.000000,324.1,0.001000
46300,0.000000,1.000000,0.000000,1.000000,324.7,0.001000
46400,0.000000,1.000000,0.000000,1.000000,325.4,0.001000
46500,0.000000,1.000000,0.000000,1.000000,326.0,0.001000
46600,0.000000,1.000000,0.000000,1.000000,326.7,0.001000
46700,0.000000,1.000000,0.000000,1.000000,327.4,0.001000
46800,0.000000,1.000000,0.000000,1.000000,328.1,0.001000
46900,0.000000,1.000000,0.000000,1.000000,328.7,0.001000
47000,0.000000,1.000000,0.000000,1.000000,329.4,0.001000
47100,0.000000,1.000000,0.000000,1.000000,330.1,0.001000
47200,0.000000,1.000000,0.000000,1.000000,330.7,0.001000
47300,0.000000,1.000000,0.000000,1.000000,331.4,0.001000
47400,0.000000,1.000000,0.000000,1.000000,332.3,0.001000
47500,0.000000,1.000000,0.000000,1.000000,333.0,0.001000
47600,0.000000,1.000000,0.000000,1.000000,333.6,0.001000
47700,0.000000,1.000000,0.000000,1.000000,334.3,0.001000
47800,0.000000,1.000000,0.000000,1.000000,335.0,0.001000
47900,0.000000,1.000000,0.000000,1.000000,335.6,0.001000
48000,0.000000,1.000000,0.000000,1.000000,336.3,0.001000
48100,0.000000,1.000000,0.000000,1.000000,337.0,0.001000
48200,0.000000,1.000000,0.000000,1.000000,337.6,0.001000
48300,0.000000,1.000000,0.000000,1.000000,338.3,0.001000
48400,0.000000,1.000000,0.000000,1.000000,338.9,0.001000
48500,0.000000,1.000000,0.000000,1.000000,339.6,0.001000
48600,0.000000,1.000000,0.000000,1.000000,340.2,0.001000
48700,0.000000,1.000000,0.000000,1.000000,340.9,0.001000
48800,0.000000,1.000000,0.000000,1.000000,341.6,0.001000
48900,0.000000,1.000000,0.000000,1.000000,342.2,0.001000
49000,0.000000,1.000000,0.000000,1.000000,342.9,0.001000
49100,0.000000,1.000000,0.000000,1.000000,343.6,0.001000
49200,0.000000,1.000000,0.000000,1.000000,344.2,0.001000
49300,0.000000,1.000000,0.000000,1.000000,344.9,0.001000
49400,0.000000,1.000000,0.000000,1.000000,345.5,0.001000
49500,0.000000,1.000000,0.000000,1.000000,346.2,0.001000
49600,0.000000,1.000000,0.000000,1.000000,346.9,0.001000
49700,0.000000,1.000000,0.000000,1.000000,347.5,0.001000
49800,0.000000,1.000000,0.000000,1.000000,348.2,0.001000
49900,0.000000,1.000000,0.000000,1.000000,348.8,0.001000
50000,0.000000,1.000000,0.000000,1.000000,349.5,0.001000
50100,0.000000,1.000000,0.000000,1.000000,350.1,0.001000
50200,0.000000,1.000000,0.000000,1.000000,350.8,0.001000
50300,0.000000,1.000000,0.000000,1.000000,351.4,0.001000
50400,0.000000,1.000000,0.000000,1.000000,352.1,0.001000
50500,0.000000,1.000000,0.000000,1.000000,352.7,0.001000
50600,0.000000,1.000000,0.000000,1.000000,353.4,0.001000
50700,0.000000,1.000000,0.000000,1.000000,354.0,0.001000
50800,0.000000,1.000000,0.000000,1.000000,354.7,0.001000
50900,0.000000,1.000000,0.000000,1.000000,355.3,0.001000
51000,0.000000,1.000000,0.000000,1.000000,356.0,0.001000
51100,0.000000,1.000000,0.000000,1.000000,356.7,0.001000
51200,0.000000,1.000000,0.000000,1.000000,357.3,0.001000
51300,0.000000,1.000000,0.000000,1.000000,358.0,0.001000
51400,0.000000,1.000000,0.000000,1.000000,358.6,0.001000
51500,0.000000,1.000000,0.000000,1.000000,359.3,0.001000
51600,0.000000,1.000000,0.000000,1.000000,359.9,0.001000
51700,0.000000,1.000000,0.000000,1.000000,360.6,0.001000
51800,0.000000,1.000000,0.000000,1.000000,361.4,0.001000
51900,0.000000,1.000000,0.000000,1.000000,362.1,0.001000
52000,0.083229,0.986820,0.116220,0.983422,362.8,0.001000
52100,0.130444,0.985119,0.183811,0.979384,363.5,0.001000
52200,0.031115,0.994260,0.091399,0.989373,364.2,0.001000
52300,0.008290,0.998087,0.035049,0.994686,364.8,0.001000
52400,0.024369,0.996173,0.032721,0.995324,365.5,0.001000
52500,0.009742,0.998299,0.039342,0.994261,366.1,0.001000
52600,0.018807,0.995748,0.043777,0.991923,366.8,0.001000
52700,0.015280,0.997449,0.036151,0.994261,367.4,0.001000
52800,0.001024,0.999575,0.033151,0.993836,368.1,0.001000
52900,0.013321,0.996811,0.041502,0.991923,368.8,0.001000
53000,0.015712,0.996599,0.031177,0.993199,369.5,0.001000
53100,0.012911,0.997024,0.029198,0.995112,370.2,0.001000
53200,0.003593,0.999150,0.010130,0.997450,370.9,0.001000
53300,0.000120,1.000000,0.002312,0.999150,371.5,0.001000
53400,0.001516,0.999787,0.004855,0.998725,372.2,0.001000
53500,0.004329,0.998724,0.011093,0.997024,372.9,0.001000
53600,0.004638,0.998724,0.017755,0.994261,373.5,0.001000
53700,0.005934,0.998724,0.031499,0.994686,374.2,0.001000
53800,0.019460,0.997024,0.030733,0.994899,374.8,0.001000
53900,0.009693,0.998087,0.020345,0.997024,375.5,0.001000
54000,0.008121,0.999150,0.005062,0.998725,376.1,0.001000
54100,0.020541,0.995961,0.036374,0.991923,376.8,0.001000
54200,0.005976,0.999150,0.011310,0.998087,377.4,0.001000
54300,0.000577,0.999787,0.007971,0.998087,378.1,0.001000
54400,0.002186,0.999362,0.007104,0.997875,378.7,0.001000
54500,0.003842,0.998937,0.009775,0.998300,379.4,0.001000
54600,0.008552,0.997236,0.030021,0.993199,380.0,0.001000
54700,0.008977,0.998512,0.015919,0.996387,380.6,0.001000
54800,0.007459,0.997662,0.014518,0.996174,381.4,0.001000
54900,0.000094,1.000000,0.004135,0.998725,382.0,0.001000
55000,0.018223,0.996811,0.017841,0.995324,382.7,0.001000
55100,0.000077,1.000000,0.001077,0.999575,383.3,0.001000
55200,0.000002,1.000000,0.000664,0.999575,384.0,0.001000
55300,0.000001,1.000000,0.000984,0.999787,384.6,0.001000
55400,0.000000,1.000000,0.001228,0.999575,385.2,0.001000
55500,0.000000,1.000000,0.001297,0.999575,385.9,0.001000
55600,0.000000,1.000000,0.001447,0.999575,386.6,0.001000
55700,0.000000,1.000000,0.001673,0.999575,387.2,0.001000
55800,0.000000,1.000000,0.001135,0.999362,387.8,0.001000
55900,0.007597,0.998512,0.011988,0.996599,388.5,0.001000
56000,0.000026,1.000000,0.000754,0.999575,389.1,0.001000
56100,0.000632,0.999787,0.016846,0.997237,389.8,0.001000
56200,0.010221,0.997662,0.017126,0.994899,390.4,0.001000
56300,0.000049,1.000000,0.005268,0.998937,391.1,0.001000
56400,0.000003,1.000000,0.003947,0.998937,391.7,0.001000
56500,0.000002,1.000000,0.004493,0.998937,392.4,0.001000
56600,0.000001,1.000000,0.004607,0.998937,393.1,0.001000
56700,0.000000,1.000000,0.004614,0.999150,393.8,0.001000
56800,0.000000,1.000000,0.004419,0.999150,394.4,0.001000
56900,0.000000,1.000000,0.003967,0.999362,395.0,0.001000
57000,0.000001,1.000000,0.001265,0.999787,395.7,0.001000
57100,0.000001,1.000000,0.000008,1.000000,396.3,0.001000
57200,0.000000,1.000000,0.000001,1.000000,397.0,0.001000
57300,0.000000,1.000000,0.000001,1.000000,397.7,0.001000
57400,0.000001,1.000000,0.000001,1.000000,398.3,0.001000
57500,0.000000,1.000000,0.000000,1.000000,399.0,0.001000
57600,0.000000,1.000000,0.000000,1.000000,399.7,0.001000
57700,0.000000,1.000000,0.000000,1.000000,400.3,0.001000
57800,0.000000,1.000000,0.000000,1.000000,401.0,0.001000
57900,0.000000,1.000000,0.000000,1.000000,401.7,0.001000
58000,0.000000,1.000000,0.000000,1.000000,402.3,0.001000
58100,0.000000,1.000000,0.000000,1.000000,402.9,0.001000
58200,0.000000,1.000000,0.000000,1.000000,403.6,0.001000
58300,0.000000,1.000000,0.000000,1.000000,404.2,0.001000
58400,0.000000,1.000000,0.000000,1.000000,404.9,0.001000
58500,0.000000,1.000000,0.000000,1.000000,405.5,0.001000
58600,0.000000,1.000000,0.000000,1.000000,406.1,0.001000
58700,0.000000,1.000000,0.000000,1.000000,406.8,0.001000
58800,0.000000,1.000000,0.000000,1.000000,407.5,0.001000
58900,0.000000,1.000000,0.000000,1.000000,408.2,0.001000
59000,0.000000,1.000000,0.000000,1.000000,408.8,0.001000
59100,0.000000,1.000000,0.000000,1.000000,409.5,0.001000
59200,0.000000,1.000000,0.000000,1.000000,410.1,0.001000
59300,0.000000,1.000000,0.000000,1.000000,410.8,0.001000
59400,0.000000,1.000000,0.000000,1.000000,411.4,0.001000
59500,0.000000,1.000000,0.000000,1.000000,412.0,0.001000
59600,0.000000,1.000000,0.000000,1.000000,412.7,0.001000
59700,0.000000,1.000000,0.000000,1.000000,413.3,0.001000
59800,0.000000,1.000000,0.000000,1.000000,414.0,0.001000
59900,0.000000,1.000000,0.000000,1.000000,414.6,0.001000
60000,0.000000,1.000000,0.000000,1.000000,415.3,0.001000
60100,0.000000,1.000000,0.000000,1.000000,415.9,0.001000
60200,0.000000,1.000000,0.000000,1.000000,416.6,0.001000
60300,0.000000,1.000000,0.000000,1.000000,417.2,0.001000
60400,0.000000,1.000000,0.000000,1.000000,417.9,0.001000
60500,0.000000,1.000000,0.000000,1.000000,418.5,0.001000
60600,0.000000,1.000000,0.000000,1.000000,419.2,0.001000
60700,0.000000,1.000000,0.000000,1.000000,419.8,0.001000
60800,0.000000,1.000000,0.000000,1.000000,420.4,0.001000
60900,0.000000,1.000000,0.000000,1.000000,421.1,0.001000
61000,0.000000,1.000000,0.000000,1.000000,421.8,0.001000
61100,0.000000,1.000000,0.000000,1.000000,422.4,0.001000
61200,0.000000,1.000000,0.000000,1.000000,423.1,0.001000
61300,0.000000,1.000000,0.000000,1.000000,423.8,0.001000
61400,0.000000,1.000000,0.000000,1.000000,424.4,0.001000
61500,0.000000,1.000000,0.000000,1.000000,425.1,0.001000
61600,0.000000,1.000000,0.000000,1.000000,425.9,0.001000
61700,0.000000,1.000000,0.000000,1.000000,426.6,0.001000
61800,0.000000,1.000000,0.000000,1.000000,427.2,0.001000
61900,0.000000,1.000000,0.000000,1.000000,427.9,0.001000
62000,0.000000,1.000000,0.000000,1.000000,428.5,0.001000
62100,0.000000,1.000000,0.000000,1.000000,429.2,0.001000
62200,0.000000,1.000000,0.000000,1.000000,429.8,0.001000
62300,0.000000,1.000000,0.000000,1.000000,430.5,0.001000
62400,0.000000,1.000000,0.000000,1.000000,431.1,0.001000
62500,0.000000,1.000000,0.000000,1.000000,431.8,0.001000
62600,0.000000,1.000000,0.000000,1.000000,432.4,0.001000
62700,0.000000,1.000000,0.000000,1.000000,433.1,0.001000
62800,0.000000,1.000000,0.000000,1.000000,433.8,0.001000
62900,0.000000,1.000000,0.000000,1.000000,434.5,0.001000
63000,0.000000,1.000000,0.000000,1.000000,435.2,0.001000
63100,0.000000,1.000000,0.000000,1.000000,435.9,0.001000
63200,0.000000,1.000000,0.000000,1.000000,436.6,0.001000
63300,0.000000,1.000000,0.000000,1.000000,437.3,0.001000
63400,0.000000,1.000000,0.000000,1.000000,438.1,0.001000
63500,0.000000,1.000000,0.000000,1.000000,438.7,0.001000
63600,0.000000,1.000000,0.000000,1.000000,439.3,0.001000
63700,0.000000,1.000000,0.000000,1.000000,440.0,0.001000
63800,0.000000,1.000000,0.000000,1.000000,440.7,0.001000
63900,0.000000,1.000000,0.000000,1.000000,441.3,0.001000
64000,0.000000,1.000000,0.000000,1.000000,442.0,0.001000
64100,0.000000,1.000000,0.000000,1.000000,442.6,0.001000
64200,0.000000,1.000000,0.000000,1.000000,443.3,0.001000
64300,0.000000,1.000000,0.000000,1.000000,444.0,0.001000
64400,0.000000,1.000000,0.000000,1.000000,444.6,0.001000
64500,0.000000,1.000000,0.000000,1.000000,445.3,0.001000
64600,0.000000,1.000000,0.000000,1.000000,445.9,0.001000
64700,0.000000,1.000000,0.000000,1.000000,446.6,0.001000
64800,0.000000,1.000000,0.000000,1.000000,447.2,0.001000
64900,0.000000,1.000000,0.000000,1.000000,447.9,0.001000
65000,0.000000,1.000000,0.000000,1.000000,448.5,0.001000
65100,0.000000,1.000000,0.000000,1.000000,449.2,0.001000
65200,0.000000,1.000000,0.000000,1.000000,449.8,0.001000
65300,0.000000,1.000000,0.000000,1.000000,450.5,0.001000
65400,0.000000,1.000000,0.000000,1.000000,451.2,0.001000
65500,0.000000,1.000000,0.000000,1.000000,451.8,0.001000
65600,0.000000,1.000000,0.000000,1.000000,452.5,0.001000
65700,0.000000,1.000000,0.000000,1.000000,453.1,0.001000
65800,0.000000,1.000000,0.000000,1.000000,453.9,0.001000
65900,0.000000,1.000000,0.000000,1.000000,454.6,0.001000
66000,0.000000,1.000000,0.000000,1.000000,455.2,0.001000
66100,0.000000,1.000000,0.000000,1.000000,455.9,0.001000
66200,0.000000,1.000000,0.000000,1.000000,456.5,0.001000
66300,0.000000,1.000000,0.000000,1.000000,457.2,0.001000
66400,0.000000,1.000000,0.000000,1.000000,457.9,0.001000
66500,0.000000,1.000000,0.000000,1.000000,458.6,0.001000
66600,0.000000,1.000000,0.000000,1.000000,459.2,0.001000
66700,0.000000,1.000000,0.000000,1.000000,459.8,0.001000
66800,0.000000,1.000000,0.000000,1.000000,460.5,0.001000
66900,0.000000,1.000000,0.000000,1.000000,461.1,0.001000
67000,0.000000,1.000000,0.000000,1.000000,461.8,0.001000
67100,0.000000,1.000000,0.000000,1.000000,462.5,0.001000
67200,0.000000,1.000000,0.000000,1.000000,463.1,0.001000
67300,0.000000,1.000000,0.000000,1.000000,463.8,0.001000
67400,0.000000,1.000000,0.000000,1.000000,464.5,0.001000
67500,0.000000,1.000000,0.000000,1.000000,465.2,0.001000
67600,0.000000,1.000000,0.000000,1.000000,465.8,0.001000
67700,0.000000,1.000000,0.000000,1.000000,466.5,0.001000
67800,0.000000,1.000000,0.000000,1.000000,467.2,0.001000
67900,0.000000,1.000000,0.000000,1.000000,467.8,0.001000
68000,0.000000,1.000000,0.000000,1.000000,468.5,0.001000
68100,0.000000,1.000000,0.000000,1.000000,469.1,0.001000
68200,0.000000,1.000000,0.000000,1.000000,469.8,0.001000
68300,0.000000,1.000000,0.000000,1.000000,470.4,0.001000
68400,0.000000,1.000000,0.000000,1.000000,471.1,0.001000
68500,0.000000,1.000000,0.000000,1.000000,471.8,0.001000
68600,0.000000,1.000000,0.000000,1.000000,472.4,0.001000
68700,0.000000,1.000000,0.000000,1.000000,473.1,0.001000
68800,0.000000,1.000000,0.000000,1.000000,473.7,0.001000
68900,0.000000,1.000000,0.000000,1.000000,474.4,0.001000
69000,0.000000,1.000000,0.000000,1.000000,475.0,0.001000
69100,0.000000,1.000000,0.000000,1.000000,475.7,0.001000
69200,0.000000,1.000000,0.000000,1.000000,476.4,0.001000
69300,0.000000,1.000000,0.000000,1.000000,477.0,0.001000
69400,0.000000,1.000000,0.000000,1.000000,477.7,0.001000
69500,0.000000,1.000000,0.000000,1.000000,478.3,0.001000
69600,0.000000,1.000000,0.000000,1.000000,479.0,0.001000
69700,0.000000,1.000000,0.000000,1.000000,479.6,0.001000
69800,0.000000,1.000000,0.000000,1.000000,480.2,0.001000
69900,0.000000,1.000000,0.000000,1.000000,480.9,0.001000
70000,0.000000,1.000000,0.000000,1.000000,481.7,0.001000
70100,0.000000,1.000000,0.000000,1.000000,482.4,0.001000
70200,0.000000,1.000000,0.000000,1.000000,483.0,0.001000
70300,0.000000,1.000000,0.000000,1.000000,483.7,0.001000
70400,0.000000,1.000000,0.000000,1.000000,484.4,0.001000
70500,0.000000,1.000000,0.000000,1.000000,485.0,0.001000
70600,0.000000,1.000000,0.000000,1.000000,485.7,0.001000
70700,0.000000,1.000000,0.000000,1.000000,486.4,0.001000
70800,0.000000,1.000000,0.000000,1.000000,487.0,0.001000
70900,0.000000,1.000000,0.000000,1.000000,487.7,0.001000
71000,0.000000,1.000000,0.000000,1.000000,488.3,0.001000
71100,0.000000,1.000000,0.000000,1.000000,489.0,0.001000
71200,0.000000,1.000000,0.000000,1.000000,489.7,0.001000
71300,0.000000,1.000000,0.000000,1.000000,490.3,0.001000
71400,0.000000,1.000000,0.000000,1.000000,491.0,0.001000
71500,0.000000,1.000000,0.000000,1.000000,491.6,0.001000
71600,0.000000,1.000000,0.000000,1.000000,492.2,0.001000
71700,0.000000,1.000000,0.000000,1.000000,492.9,0.001000
71800,0.000000,1.000000,0.000000,1.000000,493.5,0.001000
71900,0.000000,1.000000,0.000000,1.000000,494.2,0.001000
72000,0.000000,1.000000,0.000000,1.000000,494.8,0.001000
72100,0.000000,1.000000,0.000000,1.000000,495.5,0.001000
72200,0.000000,1.000000,0.000000,1.000000,496.1,0.001000
72300,0.000000,1.000000,0.000000,1.000000,496.8,0.001000
72400,0.000000,1.000000,0.000000,1.000000,497.4,0.001000
72500,0.000000,1.000000,0.000000,1.000000,498.1,0.001000
72600,0.000000,1.000000,0.000000,1.000000,498.7,0.001000
72700,0.000000,1.000000,0.000000,1.000000,499.3,0.001000
72800,0.000000,1.000000,0.000000,1.000000,500.0,0.001000
72900,0.000000,1.000000,0.000000,1.000000,500.6,0.001000
73000,0.000000,1.000000,0.000000,1.000000,501.2,0.001000
73100,0.000000,1.000000,0.000000,1.000000,501.9,0.001000
73200,0.000000,1.000000,0.000000,1.000000,502.5,0.001000
73300,0.000000,1.000000,0.000000,1.000000,503.2,0.001000
73400,0.000000,1.000000,0.000000,1.000000,503.8,0.001000
73500,0.000000,1.000000,0.000000,1.000000,504.5,0.001000
73600,0.000000,1.000000,0.000000,1.000000,505.1,0.001000
73700,0.000000,1.000000,0.000000,1.000000,505.7,0.001000
73800,0.000000,1.000000,0.000000,1.000000,506.4,0.001000
73900,0.000000,1.000000,0.000000,1.000000,507.0,0.001000
74000,0.000000,1.000000,0.000000,1.000000,507.7,0.001000
74100,0.000000,1.000000,0.000000,1.000000,508.3,0.001000
74200,0.000000,1.000000,0.000000,1.000000,509.0,0.001000
74300,0.000000,1.000000,0.000000,1.000000,509.6,0.001000
74400,0.000000,1.000000,0.000000,1.000000,510.2,0.001000
74500,0.000000,1.000000,0.000000,1.000000,510.9,0.001000
74600,0.000000,1.000000,0.000000,1.000000,511.5,0.001000
74700,0.000000,1.000000,0.000000,1.000000,512.2,0.001000
74800,0.000000,1.000000,0.000000,1.000000,512.9,0.001000
74900,0.000000,1.000000,0.000000,1.000000,513.5,0.001000
75000,0.000000,1.000000,0.000000,1.000000,514.2,0.001000
75100,0.000000,1.000000,0.000000,1.000000,514.8,0.001000
75200,0.000000,1.000000,0.000000,1.000000,515.4,0.001000
75300,0.000000,1.000000,0.000000,1.000000,516.1,0.001000
75400,0.000000,1.000000,0.000000,1.000000,516.7,0.001000
75500,0.000000,1.000000,0.000000,1.000000,517.4,0.001000
75600,0.000000,1.000000,0.000000,1.000000,518.0,0.001000
75700,0.000000,1.000000,0.000000,1.000000,518.7,0.001000
75800,0.000000,1.000000,0.000000,1.000000,519.3,0.001000
75900,0.000000,1.000000,0.000000,1.000000,520.0,0.001000
76000,0.000000,1.000000,0.000000,1.000000,520.6,0.001000
76100,0.000000,1.000000,0.000000,1.000000,521.3,0.001000
76200,0.000000,1.000000,0.000000,1.000000,521.9,0.001000
76300,0.000000,1.000000,0.000000,1.000000,522.6,0.001000
76400,0.000000,1.000000,0.000000,1.000000,523.2,0.001000
76500,0.000000,1.000000,0.000000,1.000000,523.8,0.001000
76600,0.000000,1.000000,0.000000,1.000000,524.5,0.001000
76700,0.000000,1.000000,0.000000,1.000000,525.1,0.001000
76800,0.000000,1.000000,0.000000,1.000000,525.8,0.001000
76900,0.000000,1.000000,0.000000,1.000000,526.4,0.001000
77000,0.000000,1.000000,0.000000,1.000000,527.1,0.001000
77100,0.000000,1.000000,0.000000,1.000000,527.8,0.001000
77200,0.000000,1.000000,0.000000,1.000000,528.5,0.001000
77300,0.000000,1.000000,0.000000,1.000000,529.1,0.001000
77400,0.000000,1.000000,0.000000,1.000000,529.8,0.001000
77500,0.000000,1.000000,0.000000,1.000000,530.4,0.001000
77600,0.000000,1.000000,0.000000,1.000000,531.1,0.001000
77700,0.000000,1.000000,0.000000,1.000000,531.7,0.001000
77800,0.000000,1.000000,0.000000,1.000000,532.4,0.001000
77900,0.000000,1.000000,0.000000,1.000000,533.0,0.001000
78000,0.000000,1.000000,0.000000,1.000000,533.7,0.001000
78100,0.000000,1.000000,0.000000,1.000000,534.3,0.001000
78200,0.000000,1.000000,0.000000,1.000000,535.0,0.001000
78300,0.000000,1.000000,0.000000,1.000000,535.7,0.001000
78400,0.000000,1.000000,0.000000,1.000000,536.5,0.001000
78500,0.074736,0.984056,0.059627,0.988735,537.4,0.001000
78600,0.142584,0.984694,0.117029,0.985760,538.2,0.001000
78700,0.047815,0.995748,0.058947,0.993624,539.0,0.001000
78800,0.062736,0.992347,0.090021,0.990861,539.7,0.001000
78900,0.027371,0.996386,0.071306,0.991711,540.7,0.001000
79000,0.041446,0.993410,0.093457,0.988948,541.7,0.001000
79100,0.062495,0.994473,0.102452,0.988098,542.5,0.001000
79200,0.042645,0.994473,0.085365,0.992136,543.3,0.001000
79300,0.027749,0.997449,0.077665,0.994686,544.0,0.001000
79400,0.041291,0.995111,0.083669,0.989160,544.7,0.001000
79500,0.027779,0.996173,0.048358,0.992774,545.4,0.001000
79600,0.016805,0.996811,0.032572,0.995112,546.2,0.001000
79700,0.006953,0.999150,0.013007,0.997662,546.9,0.001000
79800,0.010284,0.998512,0.036517,0.994261,547.6,0.001000
79900,0.012088,0.996811,0.057744,0.991923,548.3,0.001000
80000,0.006183,0.998087,0.018357,0.995749,549.1,0.001000
80100,0.008649,0.999362,0.033796,0.995749,549.7,0.001000
80200,0.006764,0.997874,0.031981,0.994899,550.4,0.001000
80300,0.010694,0.998299,0.044288,0.993624,551.1,0.001000
80400,0.000032,1.000000,0.009302,0.998300,551.8,0.001000
80500,0.020495,0.996386,0.028363,0.995749,552.6,0.001000
80600,0.011502,0.997874,0.019841,0.997024,553.3,0.001000
80700,0.001428,0.999362,0.021940,0.996174,554.0,0.001000
80800,0.010222,0.998299,0.022358,0.994474,554.6,0.001000
80900,0.004651,0.998937,0.009068,0.997875,555.3,0.001000
81000,0.005430,0.998937,0.016326,0.997237,556.0,0.001000
81100,0.002708,0.998937,0.006888,0.998087,556.8,0.001000
81200,0.000239,1.000000,0.004244,0.999150,557.5,0.001000
81300,0.000541,0.999787,0.024981,0.995749,558.2,0.001000
81400,0.012672,0.997024,0.021508,0.994474,558.8,0.001000
81500,0.000057,1.000000,0.007538,0.998300,559.5,0.001000
81600,0.000002,1.000000,0.003466,0.999150,560.2,0.001000
81700,0.000001,1.000000,0.002640,0.999575,560.9,0.001000
81800,0.000000,1.000000,0.002093,0.999575,561.7,0.001000
81900,0.000000,1.000000,0.002001,0.999150,562.5,0.001000
82000,0.000000,1.000000,0.002253,0.999150,563.2,0.001000
82100,0.000000,1.000000,0.002664,0.998937,564.0,0.001000
82200,0.000000,1.000000,0.003498,0.998937,564.6,0.001000
82300,0.017282,0.996173,0.035201,0.993411,565.5,0.001000
82400,0.009551,0.997449,0.017591,0.995112,566.2,0.001000
82500,0.007237,0.999150,0.015790,0.996174,566.9,0.001000
82600,0.006534,0.998087,0.025803,0.992774,567.5,0.001000
82700,0.000606,0.999787,0.003188,0.999150,568.2,0.001000
82800,0.008687,0.997662,0.026177,0.995749,568.9,0.001000
82900,0.000011,1.000000,0.005636,0.999362,569.6,0.001000
83000,0.002879,0.999150,0.023476,0.996599,570.2,0.001000
83100,0.001998,0.999575,0.023911,0.996812,570.9,0.001000
83200,0.001997,0.999787,0.010108,0.998087,571.6,0.001000
83300,0.002892,0.998937,0.008836,0.997875,572.3,0.001000
83400,0.000395,0.999787,0.004875,0.998937,573.0,0.001000
83500,0.002242,0.999362,0.005618,0.998300,573.7,0.001000
83600,0.000213,1.000000,0.008068,0.998300,574.4,0.001000
83700,0.000301,1.000000,0.006156,0.998725,575.0,0.001000
83800,0.003193,0.999150,0.007824,0.998300,575.7,0.001000
83900,0.002695,0.999787,0.006975,0.999150,576.4,0.001000
84000,0.000994,0.999362,0.003626,0.998725,577.1,0.001000
84100,0.000090,1.000000,0.003397,0.998937,577.8,0.001000
84200,0.006049,0.997874,0.021178,0.994686,578.4,0.001000
84300,0.000098,1.000000,0.003174,0.999150,579.1,0.001000
84400,0.000177,1.000000,0.004892,0.999150,579.8,0.001000
84500,0.002750,0.998937,0.009845,0.997024,580.5,0.001000
84600,0.000282,1.000000,0.005539,0.997875,581.1,0.001000
84700,0.004389,0.999575,0.006272,0.998300,581.8,0.001000
84800,0.002105,0.998937,0.005039,0.998512,582.5,0.001000
84900,0.000037,1.000000,0.002959,0.998300,583.2,0.001000
85000,0.000004,1.000000,0.001220,0.999362,583.8,0.001000
85100,0.000002,1.000000,0.000653,1.000000,584.5,0.001000
85200,0.000001,1.000000,0.000438,1.000000,585.2,0.001000
85300,0.000000,1.000000,0.000390,1.000000,585.9,0.001000
85400,0.000001,1.000000,0.000160,1.000000,586.6,0.001000
85500,0.000001,1.000000,0.000041,1.000000,587.3,0.001000
85600,0.000001,1.000000,0.000003,1.000000,588.0,0.001000
85700,0.000000,1.000000,0.000001,1.000000,588.7,0.001000
85800,0.000000,1.000000,0.000001,1.000000,589.4,0.001000
85900,0.000000,1.000000,0.000000,1.000000,590.1,0.001000
86000,0.000000,1.000000,0.000000,1.000000,590.8,0.001000
86100,0.000000,1.000000,0.000000,1.000000,591.4,0.001000
86200,0.000000,1.000000,0.000000,1.000000,592.1,0.001000
86300,0.000000,1.000000,0.000000,1.000000,592.7,0.001000
86400,0.000000,1.000000,0.000000,1.000000,593.3,0.001000
86500,0.000000,1.000000,0.000000,1.000000,594.0,0.001000
86600,0.000000,1.000000,0.000000,1.000000,594.7,0.001000
86700,0.000000,1.000000,0.000000,1.000000,595.3,0.001000
86800,0.000000,1.000000,0.000000,1.000000,596.0,0.001000
86900,0.000000,1.000000,0.000000,1.000000,596.7,0.001000
87000,0.000000,1.000000,0.000000,1.000000,597.3,0.001000
87100,0.000000,1.000000,0.000000,1.000000,598.0,0.001000
87200,0.000000,1.000000,0.000000,1.000000,598.7,0.001000
87300,0.000000,1.000000,0.000000,1.000000,599.4,0.001000
87400,0.000000,1.000000,0.000000,1.000000,600.0,0.001000
87500,0.000000,1.000000,0.000000,1.000000,600.8,0.001000
87600,0.000000,1.000000,0.000000,1.000000,601.6,0.001000
87700,0.000000,1.000000,0.000000,1.000000,602.4,0.001000
87800,0.000000,1.000000,0.000000,1.000000,603.2,0.001000
87900,0.000000,1.000000,0.000000,1.000000,603.9,0.001000
88000,0.000000,1.000000,0.000000,1.000000,604.7,0.001000
88100,0.000000,1.000000,0.000000,1.000000,605.5,0.001000
88200,0.000000,1.000000,0.000000,1.000000,606.2,0.001000
88300,0.000000,1.000000,0.000000,1.000000,606.9,0.001000
88400,0.000000,1.000000,0.000000,1.000000,607.5,0.001000
88500,0.000000,1.000000,0.000000,1.000000,608.2,0.001000
88600,0.000000,1.000000,0.000000,1.000000,608.8,0.001000
88700,0.000000,1.000000,0.000000,1.000000,609.4,0.001000
88800,0.000000,1.000000,0.000000,1.000000,610.1,0.001000
88900,0.000000,1.000000,0.000000,1.000000,610.8,0.001000
89000,0.000000,1.000000,0.000000,1.000000,611.4,0.001000
89100,0.000000,1.000000,0.000000,1.000000,612.1,0.001000
89200,0.000000,1.000000,0.000000,1.000000,612.8,0.001000
89300,0.000000,1.000000,0.000000,1.000000,613.5,0.001000
89400,0.000000,1.000000,0.000000,1.000000,614.2,0.001000
89500,0.000000,1.000000,0.000000,1.000000,614.9,0.001000
89600,0.000000,1.000000,0.000000,1.000000,615.7,0.001000
89700,0.000000,1.000000,0.000000,1.000000,616.4,0.001000
89800,0.000000,1.000000,0.000000,1.000000,617.1,0.001000
89900,0.000000,1.000000,0.000000,1.000000,617.8,0.001000
90000,0.000000,1.000000,0.000000,1.000000,618.5,0.001000
90100,0.000000,1.000000,0.000000,1.000000,619.1,0.001000
90200,0.000000,1.000000,0.000000,1.000000,619.8,0.001000
90300,0.000000,1.000000,0.000000,1.000000,620.5,0.001000
90400,0.000000,1.000000,0.000000,1.000000,621.1,0.001000
90500,0.000000,1.000000,0.000000,1.000000,621.8,0.001000
90600,0.000000,1.000000,0.000000,1.000000,622.5,0.001000
90700,0.000000,1.000000,0.000000,1.000000,623.2,0.001000
90800,0.000000,1.000000,0.000000,1.000000,623.9,0.001000
90900,0.000000,1.000000,0.000000,1.000000,624.5,0.001000
91000,0.000000,1.000000,0.000000,1.000000,625.2,0.001000
91100,0.000000,1.000000,0.000000,1.000000,625.9,0.001000
91200,0.000000,1.000000,0.000000,1.000000,626.6,0.001000
91300,0.000000,1.000000,0.000000,1.000000,627.3,0.001000
91400,0.000000,1.000000,0.000000,1.000000,628.0,0.001000
91500,0.000000,1.000000,0.000000,1.000000,628.7,0.001000
91600,0.000000,1.000000,0.000000,1.000000,629.3,0.001000
91700,0.000000,1.000000,0.000000,1.000000,630.1,0.001000
91800,0.000000,1.000000,0.000000,1.000000,630.8,0.001000
91900,0.000000,1.000000,0.000000,1.000000,631.5,0.001000
92000,0.000000,1.000000,0.000000,1.000000,632.2,0.001000
92100,0.000000,1.000000,0.000000,1.000000,632.8,0.001000
92200,0.000000,1.000000,0.000000,1.000000,633.5,0.001000
92300,0.000000,1.000000,0.000000,1.000000,634.2,0.001000
92400,0.000000,1.000000,0.000000,1.000000,634.8,0.001000
92500,0.000000,1.000000,0.000000,1.000000,635.5,0.001000
92600,0.000000,1.000000,0.000000,1.000000,636.2,0.001000
92700,0.000000,1.000000,0.000000,1.000000,636.8,0.001000
92800,0.000000,1.000000,0.000000,1.000000,637.5,0.001000
92900,0.000000,1.000000,0.000000,1.000000,638.2,0.001000
93000,0.000000,1.000000,0.000000,1.000000,638.9,0.001000
93100,0.000000,1.000000,0.000000,1.000000,639.6,0.001000
93200,0.000000,1.000000,0.000000,1.000000,640.3,0.001000
93300,0.000000,1.000000,0.000000,1.000000,641.0,0.001000
93400,0.000000,1.000000,0.000000,1.000000,641.6,0.001000
93500,0.000000,1.000000,0.000000,1.000000,642.3,0.001000
93600,0.000000,1.000000,0.000000,1.000000,642.9,0.001000
93700,0.000000,1.000000,0.000000,1.000000,643.6,0.001000
93800,0.000000,1.000000,0.000000,1.000000,644.3,0.001000
93900,0.000000,1.000000,0.000000,1.000000,644.9,0.001000
94000,0.000000,1.000000,0.000000,1.000000,645.6,0.001000
94100,0.000000,1.000000,0.000000,1.000000,646.4,0.001000
94200,0.000000,1.000000,0.000000,1.000000,647.2,0.001000
94300,0.000000,1.000000,0.000000,1.000000,648.0,0.001000
94400,0.000000,1.000000,0.000000,1.000000,648.8,0.001000
94500,0.000000,1.000000,0.000000,1.000000,649.4,0.001000
94600,0.000000,1.000000,0.000000,1.000000,650.1,0.001000
94700,0.000000,1.000000,0.000000,1.000000,650.8,0.001000
94800,0.000000,1.000000,0.000000,1.000000,651.4,0.001000
94900,0.000000,1.000000,0.000000,1.000000,652.1,0.001000
95000,0.000000,1.000000,0.000000,1.000000,652.8,0.001000
95100,0.000000,1.000000,0.000000,1.000000,653.5,0.001000
95200,0.000000,1.000000,0.000000,1.000000,654.2,0.001000
95300,0.000000,1.000000,0.000000,1.000000,654.9,0.001000
95400,0.000000,1.000000,0.000000,1.000000,655.5,0.001000
95500,0.000000,1.000000,0.000000,1.000000,656.2,0.001000
95600,0.000000,1.000000,0.000000,1.000000,656.9,0.001000
95700,0.000000,1.000000,0.000000,1.000000,657.5,0.001000
95800,0.000000,1.000000,0.000000,1.000000,658.2,0.001000
95900,0.000000,1.000000,0.000000,1.000000,658.9,0.001000
96000,0.000000,1.000000,0.000000,1.000000,659.6,0.001000
96100,0.000000,1.000000,0.000000,1.000000,660.3,0.001000
96200,0.000000,1.000000,0.000000,1.000000,661.1,0.001000
96300,0.000000,1.000000,0.000000,1.000000,661.8,0.001000
96400,0.000000,1.000000,0.000000,1.000000,662.4,0.001000
96500,0.000000,1.000000,0.000000,1.000000,663.3,0.001000
96600,0.000000,1.000000,0.000000,1.000000,664.0,0.001000
96700,0.000000,1.000000,0.000000,1.000000,664.8,0.001000
96800,0.000000,1.000000,0.000000,1.000000,665.4,0.001000
96900,0.000000,1.000000,0.000000,1.000000,666.2,0.001000
97000,0.000000,1.000000,0.000000,1.000000,666.9,0.001000
97100,0.000000,1.000000,0.000000,1.000000,667.6,0.001000
97200,0.000000,1.000000,0.000000,1.000000,668.3,0.001000
97300,0.000000,1.000000,0.000000,1.000000,669.0,0.001000
97400,0.000000,1.000000,0.000000,1.000000,669.6,0.001000
97500,0.000000,1.000000,0.000000,1.000000,670.3,0.001000
97600,0.000000,1.000000,0.000000,1.000000,671.0,0.001000
97700,0.000000,1.000000,0.000000,1.000000,671.8,0.001000
97800,0.000000,1.000000,0.000000,1.000000,672.5,0.001000
97900,0.000000,1.000000,0.000000,1.000000,673.1,0.001000
98000,0.000000,1.000000,0.000000,1.000000,673.8,0.001000
98100,0.000000,1.000000,0.000000,1.000000,674.5,0.001000
98200,0.000000,1.000000,0.000000,1.000000,675.1,0.001000
98300,0.000000,1.000000,0.000000,1.000000,675.7,0.001000
98400,0.000000,1.000000,0.000000,1.000000,676.4,0.001000
98500,0.000000,1.000000,0.000000,1.000000,677.1,0.001000
98600,0.000000,1.000000,0.000000,1.000000,677.8,0.001000
98700,0.000000,1.000000,0.000000,1.000000,678.5,0.001000
98800,0.000000,1.000000,0.000000,1.000000,679.1,0.001000
98900,0.000000,1.000000,0.000000,1.000000,679.8,0.001000
99000,0.000000,1.000000,0.000000,1.000000,680.5,0.001000
99100,0.000000,1.000000,0.000000,1.000000,681.2,0.001000
99200,0.000000,1.000000,0.000000,1.000000,682.0,0.001000
99300,0.000000,1.000000,0.000000,1.000000,682.7,0.001000
99400,0.000000,1.000000,0.000000,1.000000,683.4,0.001000
99500,0.000000,1.000000,0.000000,1.000000,684.1,0.001000
99600,0.000000,1.000000,0.000000,1.000000,684.8,0.001000
99700,0.000000,1.000000,0.000000,1.000000,685.5,0.001000
99800,0.000000,1.000000,0.000000,1.000000,686.1,0.001000
99900,0.000000,1.000000,0.000000,1.000000,686.8,0.001000
100000,0.000000,1.000000,0.000000,1.000000,687.5,0.001000
100100,0.000000,1.000000,0.000000,1.000000,688.1,0.001000
100200,0.000000,1.000000,0.000000,1.000000,688.8,0.001000
100300,0.000000,1.000000,0.000000,1.000000,689.4,0.001000
100400,0.000000,1.000000,0.000000,1.000000,690.1,0.001000
100500,0.000000,1.000000,0.000000,1.000000,690.7,0.001000
100600,0.000000,1.000000,0.000000,1.000000,691.4,0.001000
100700,0.000000,1.000000,0.000000,1.000000,692.1,0.001000
100800,0.000000,1.000000,0.000000,1.000000,692.7,0.001000
100900,0.000000,1.000000,0.000000,1.000000,693.4,0.001000
101000,0.000000,1.000000,0.000000,1.000000,694.0,0.001000
101100,0.000000,1.000000,0.000000,1.000000,694.7,0.001000
101200,0.000000,1.000000,0.000000,1.000000,695.4,0.001000
101300,0.000000,1.000000,0.000000,1.000000,696.0,0.001000
101400,0.000000,1.000000,0.000000,1.000000,696.7,0.001000
101500,0.000000,1.000000,0.000000,1.000000,697.4,0.001000
101600,0.000000,1.000000,0.000000,1.000000,698.0,0.001000
101700,0.000000,1.000000,0.000000,1.000000,698.7,0.001000
101800,0.000000,1.000000,0.000000,1.000000,699.4,0.001000
101900,0.000000,1.000000,0.000000,1.000000,700.0,0.001000
102000,0.000000,1.000000,0.000000,1.000000,700.7,0.001000
102100,0.000000,1.000000,0.000000,1.000000,701.4,0.001000
102200,0.000000,1.000000,0.000000,1.000000,702.1,0.001000
102300,0.000000,1.000000,0.000000,1.000000,702.8,0.001000
102400,0.000000,1.000000,0.000000,1.000000,703.5,0.001000
102500,0.000000,1.000000,0.000000,1.000000,704.2,0.001000
102600,0.000000,1.000000,0.000000,1.000000,704.9,0.001000
102700,0.000000,1.000000,0.000000,1.000000,705.5,0.001000
102800,0.000000,1.000000,0.000000,1.000000,706.2,0.001000
102900,0.000000,1.000000,0.000000,1.000000,706.8,0.001000
103000,0.000000,1.000000,0.000000,1.000000,707.5,0.001000
103100,0.000000,1.000000,0.000000,1.000000,708.3,0.001000
103200,0.000000,1.000000,0.000000,1.000000,708.9,0.001000
103300,0.000000,1.000000,0.000000,1.000000,709.7,0.001000
103400,0.000000,1.000000,0.000000,1.000000,710.4,0.001000
103500,0.000000,1.000000,0.000000,1.000000,711.1,0.001000
103600,0.000000,1.000000,0.000000,1.000000,711.7,0.001000
103700,0.000000,1.000000,0.000000,1.000000,712.3,0.001000
103800,0.000000,1.000000,0.000000,1.000000,713.0,0.001000
103900,0.000000,1.000000,0.000000,1.000000,713.7,0.001000
104000,0.000000,1.000000,0.000000,1.000000,714.3,0.001000
104100,0.000000,1.000000,0.000000,1.000000,715.0,0.001000
104200,0.000000,1.000000,0.000000,1.000000,715.7,0.001000
104300,0.000000,1.000000,0.000000,1.000000,716.3,0.001000
104400,0.000000,1.000000,0.000000,1.000000,717.0,0.001000
104500,0.000000,1.000000,0.000000,1.000000,717.6,0.001000
104600,0.000000,1.000000,0.000000,1.000000,718.3,0.001000
104700,0.000000,1.000000,0.000000,1.000000,719.0,0.001000
104800,0.000000,1.000000,0.000000,1.000000,719.6,0.001000
104900,0.000000,1.000000,0.000000,1.000000,720.3,0.001000
105000,0.000000,1.000000,0.000000,1.000000,721.0,0.001000
105100,0.000000,1.000000,0.000000,1.000000,721.8,0.001000
105200,0.000000,1.000000,0.000000,1.000000,722.6,0.001000
105300,0.000000,1.000000,0.000000,1.000000,723.3,0.001000
105400,0.000000,1.000000,0.000000,1.000000,724.0,0.001000
105500,0.000000,1.000000,0.000000,1.000000,724.8,0.001000
105600,0.000000,1.000000,0.000000,1.000000,725.5,0.001000
105700,0.000000,1.000000,0.000000,1.000000,726.3,0.001000
105800,0.000000,1.000000,0.000000,1.000000,727.1,0.001000
105900,0.000000,1.000000,0.000000,1.000000,727.8,0.001000
106000,0.000000,1.000000,0.000000,1.000000,728.5,0.001000
106100,0.000000,1.000000,0.000000,1.000000,729.2,0.001000
106200,0.000000,1.000000,0.000000,1.000000,729.9,0.001000
106300,0.000000,1.000000,0.000000,1.000000,730.6,0.001000
106400,0.000000,1.000000,0.000000,1.000000,731.3,0.001000
106500,0.000000,1.000000,0.000000,1.000000,732.0,0.001000
106600,0.000000,1.000000,0.000000,1.000000,732.6,0.001000
106700,0.000000,1.000000,0.000000,1.000000,733.3,0.001000
106800,0.000000,1.000000,0.000000,1.000000,734.0,0.001000
106900,0.000000,1.000000,0.000000,1.000000,734.7,0.001000
107000,0.000000,1.000000,0.000000,1.000000,735.4,0.001000
107100,0.000000,1.000000,0.000000,1.000000,736.2,0.001000
107200,0.000000,1.000000,0.000000,1.000000,736.9,0.001000
107300,0.000000,1.000000,0.000000,1.000000,737.7,0.001000
107400,0.000000,1.000000,0.000000,1.000000,738.4,0.001000
107500,0.000000,1.000000,0.000000,1.000000,739.2,0.001000
107600,0.000000,1.000000,0.000000,1.000000,739.9,0.001000
107700,0.000000,1.000000,0.000000,1.000000,740.6,0.001000
107800,0.000000,1.000000,0.000000,1.000000,741.2,0.001000
107900,0.000000,1.000000,0.000000,1.000000,741.9,0.001000
108000,0.000000,1.000000,0.000000,1.000000,742.6,0.001000
108100,0.000000,1.000000,0.000000,1.000000,743.3,0.001000
108200,0.000000,1.000000,0.000000,1.000000,744.0,0.001000
108300,0.000000,1.000000,0.000000,1.000000,744.7,0.001000
108400,0.000000,1.000000,0.000000,1.000000,745.3,0.001000
108500,0.000000,1.000000,0.000000,1.000000,746.0,0.001000
108600,0.000000,1.000000,0.000000,1.000000,746.6,0.001000
108700,0.000000,1.000000,0.000000,1.000000,747.3,0.001000
108800,0.000000,1.000000,0.000000,1.000000,747.9,0.001000
108900,0.000000,1.000000,0.000000,1.000000,748.6,0.001000
109000,0.000000,1.000000,0.000000,1.000000,749.3,0.001000
109100,0.000000,1.000000,0.000000,1.000000,750.0,0.001000
109200,0.000000,1.000000,0.000000,1.000000,750.7,0.001000
109300,0.000000,1.000000,0.000000,1.000000,751.4,0.001000
109400,0.000000,1.000000,0.000000,1.000000,752.1,0.001000
109500,0.000000,1.000000,0.000000,1.000000,752.8,0.001000
109600,0.000000,1.000000,0.000000,1.000000,753.5,0.001000
109700,0.000000,1.000000,0.000000,1.000000,754.2,0.001000
109800,0.000000,1.000000,0.000000,1.000000,754.8,0.001000
109900,0.000000,1.000000,0.000000,1.000000,755.5,0.001000
110000,0.000000,1.000000,0.000000,1.000000,756.2,0.001000
110100,0.000000,1.000000,0.000000,1.000000,756.9,0.001000
110200,0.000000,1.000000,0.000000,1.000000,757.5,0.001000
110300,0.000000,1.000000,0.000000,1.000000,758.3,0.001000
110400,0.000000,1.000000,0.000000,1.000000,759.0,0.001000
110500,0.000000,1.000000,0.000000,1.000000,759.6,0.001000
110600,0.000000,1.000000,0.000000,1.000000,760.3,0.001000
110700,0.000000,1.000000,0.000000,1.000000,760.9,0.001000
110800,0.000000,1.000000,0.000000,1.000000,761.6,0.001000
110900,0.000000,1.000000,0.000000,1.000000,762.2,0.001000
111000,0.000000,1.000000,0.000000,1.000000,762.9,0.001000
111100,0.000000,1.000000,0.000000,1.000000,763.5,0.001000
111200,0.000000,1.000000,0.000000,1.000000,764.1,0.001000
111300,0.000000,1.000000,0.000000,1.000000,764.8,0.001000
111400,0.000000,1.000000,0.000000,1.000000,765.4,0.001000
111500,0.000000,1.000000,0.000000,1.000000,766.1,0.001000
111600,0.000000,1.000000,0.000000,1.000000,766.7,0.001000
111700,0.000000,1.000000,0.000000,1.000000,767.4,0.001000
111800,0.000000,1.000000,0.000000,1.000000,768.0,0.001000
111900,0.000000,1.000000,0.000000,1.000000,768.6,0.001000
112000,0.000000,1.000000,0.000000,1.000000,769.3,0.001000
112100,0.000000,1.000000,0.000000,1.000000,769.9,0.001000
112200,0.000000,1.000000,0.000000,1.000000,770.6,0.001000
112300,0.000000,1.000000,0.000000,1.000000,771.2,0.001000
112400,0.000000,1.000000,0.000000,1.000000,771.8,0.001000
112500,0.000000,1.000000,0.000000,1.000000,772.5,0.001000
112600,0.000000,1.000000,0.000000,1.000000,773.1,0.001000
112700,0.000000,1.000000,0.000000,1.000000,773.8,0.001000
112800,0.000000,1.000000,0.000000,1.000000,774.4,0.001000
112900,0.000000,1.000000,0.000000,1.000000,775.0,0.001000
113000,0.000000,1.000000,0.000000,1.000000,775.7,0.001000
113100,0.000000,1.000000,0.000000,1.000000,776.3,0.001000
113200,0.000000,1.000000,0.000000,1.000000,777.0,0.001000
113300,0.000000,1.000000,0.000000,1.000000,777.6,0.001000
113400,0.000000,1.000000,0.000000,1.000000,778.3,0.001000
113500,0.000000,1.000000,0.000000,1.000000,778.9,0.001000
113600,0.000000,1.000000,0.000000,1.000000,779.5,0.001000
113700,0.000000,1.000000,0.000000,1.000000,780.2,0.001000
113800,0.000000,1.000000,0.000000,1.000000,780.8,0.001000
113900,0.000000,1.000000,0.000000,1.000000,781.5,0.001000
114000,0.000000,1.000000,0.000000,1.000000,782.1,0.001000
114100,0.000000,1.000000,0.000000,1.000000,782.8,0.001000
114200,0.000000,1.000000,0.000000,1.000000,783.4,0.001000
114300,0.000000,1.000000,0.000000,1.000000,784.1,0.001000
114400,0.000000,1.000000,0.000000,1.000000,784.7,0.001000
114500,0.000000,1.000000,0.000000,1.000000,785.4,0.001000
114600,0.000000,1.000000,0.000000,1.000000,786.0,0.001000
114700,0.000000,1.000000,0.000000,1.000000,786.6,0.001000
114800,0.000000,1.000000,0.000000,1.000000,787.3,0.001000
114900,0.000000,1.000000,0.000000,1.000000,787.9,0.001000
115000,0.000000,1.000000,0.000000,1.000000,788.6,0.001000
115100,0.000000,1.000000,0.000000,1.000000,789.2,0.001000
115200,0.000000,1.000000,0.000000,1.000000,789.9,0.001000
115300,0.000000,1.000000,0.000000,1.000000,790.5,0.001000
115400,0.000000,1.000000,0.000000,1.000000,791.2,0.001000
115500,0.000000,1.000000,0.000000,1.000000,791.8,0.001000
115600,0.000000,1.000000,0.000000,1.000000,792.5,0.001000
115700,0.000000,1.000000,0.000000,1.000000,793.1,0.001000
115800,0.000000,1.000000,0.000000,1.000000,793.8,0.001000
115900,0.000000,1.000000,0.000000,1.000000,794.4,0.001000
116000,0.000000,1.000000,0.000000,1.000000,795.1,0.001000
116100,0.000000,1.000000,0.000000,1.000000,795.7,0.001000
116200,0.000000,1.000000,0.000000,1.000000,796.4,0.001000
116300,0.046560,0.992985,0.098200,0.990861,797.0,0.001000
116400,0.047025,0.993622,0.089359,0.992986,797.7,0.001000
116500,0.055474,0.992985,0.093855,0.990436,798.3,0.001000
116600,0.035944,0.995323,0.080390,0.987248,799.0,0.001000
116700,0.014003,0.997236,0.034172,0.995112,799.6,0.001000
116800,0.007006,0.998937,0.019926,0.997450,800.3,0.001000
116900,0.010727,0.997449,0.018897,0.996387,800.9,0.001000
117000,0.005588,0.998724,0.035183,0.995112,801.5,0.001000
117100,0.010398,0.997874,0.022027,0.996174,802.2,0.001000
117200,0.011414,0.997024,0.028531,0.994261,802.8,0.001000
117300,0.006604,0.998512,0.057000,0.992349,803.5,0.001000
117400,0.032667,0.992985,0.074085,0.988735,804.1,0.001000
117500,0.011404,0.997874,0.036857,0.994686,804.7,0.001000
117600,0.007515,0.997662,0.022528,0.995749,805.4,0.001000
117700,0.004283,0.998937,0.009417,0.997450,806.0,0.001000
117800,0.027224,0.996811,0.070300,0.991498,806.7,0.001000
117900,0.017366,0.997236,0.030943,0.994261,807.3,0.001000
118000,0.021454,0.995536,0.035230,0.991498,807.9,0.001000
118100,0.003134,0.999362,0.013385,0.998512,808.6,0.001000
118200,0.003220,0.999575,0.007319,0.997662,809.2,0.001000
118300,0.010574,0.997236,0.016045,0.995537,809.9,0.001000
118400,0.020063,0.995536,0.037171,0.993411,810.5,0.001000
118500,0.004441,0.998724,0.029378,0.995324,811.1,0.001000
118600,0.007342,0.998512,0.025689,0.997450,811.8,0.001000
118700,0.017606,0.996811,0.037483,0.993199,812.4,0.001000
118800,0.000357,0.999787,0.002646,0.998937,813.1,0.001000
118900,0.005399,0.998724,0.022309,0.994261,813.7,0.001000
119000,0.000856,0.999575,0.014458,0.997662,814.3,0.001000
119100,0.003666,0.999575,0.013000,0.996812,815.0,0.001000
119200,0.005763,0.997662,0.017074,0.995324,815.6,0.001000
119300,0.005338,0.999150,0.010457,0.997875,816.3,0.001000
119400,0.008994,0.997874,0.006525,0.997450,816.9,0.001000
119500,0.002815,0.998937,0.009928,0.998300,817.5,0.001000
119600,0.000007,1.000000,0.008420,0.998300,818.2,0.001000
119700,0.000001,1.000000,0.007195,0.998087,818.8,0.001000
119800,0.000001,1.000000,0.006296,0.998087,819.5,0.001000
119900,0.000000,1.000000,0.005745,0.998087,820.1,0.001000
120000,0.000000,1.000000,0.005197,0.998300,820.8,0.001000
120100,0.000000,1.000000,0.005409,0.998300,821.5,0.001000
120200,0.014836,0.997236,0.015675,0.996812,822.1,0.001000
120300,0.000229,1.000000,0.011440,0.998937,822.7,0.001000
120400,0.000131,1.000000,0.006771,0.998725,823.4,0.001000
120500,0.000441,0.999787,0.004400,0.999150,824.0,0.001000
120600,0.007195,0.998512,0.015313,0.996387,824.7,0.001000
120700,0.009998,0.997874,0.019190,0.994474,825.3,0.001000
120800,0.000720,0.999787,0.008771,0.997875,825.9,0.001000
120900,0.001764,0.999362,0.012908,0.997237,826.6,0.001000
121000,0.004008,0.998299,0.009676,0.998087,827.2,0.001000
121100,0.000983,0.999787,0.004554,0.998937,827.9,0.001000
121200,0.000009,1.000000,0.005846,0.998725,828.5,0.001000
121300,0.000001,1.000000,0.004388,0.998937,829.2,0.001000
121400,0.000001,1.000000,0.003377,0.999362,829.8,0.001000
121500,0.000000,1.000000,0.002477,0.999362,830.4,0.001000
121600,0.000000,1.000000,0.002275,0.999362,831.1,0.001000
121700,0.000000,1.000000,0.000852,0.999575,831.7,0.001000
121800,0.012978,0.997449,0.008688,0.997662,832.3,0.001000
121900,0.001234,0.999787,0.003688,0.998725,833.0,0.001000
122000,0.000632,0.999575,0.002263,0.999150,833.7,0.001000
122100,0.004341,0.998512,0.016384,0.995962,834.4,0.001000
122200,0.000146,1.000000,0.004011,0.998512,835.1,0.001000
122300,0.000005,1.000000,0.001443,0.999362,835.8,0.001000
122400,0.000002,1.000000,0.001968,0.999362,836.4,0.001000
122500,0.000001,1.000000,0.002692,0.999362,837.1,0.001000
122600,0.000001,1.000000,0.003386,0.999362,837.7,0.001000
122700,0.000001,1.000000,0.002018,0.999575,838.3,0.001000
122800,0.000001,1.000000,0.000192,0.999787,839.0,0.001000
122900,0.000001,1.000000,0.000002,1.000000,839.6,0.001000
123000,0.000001,1.000000,0.000001,1.000000,840.3,0.001000
123100,0.000000,1.000000,0.000001,1.000000,841.0,0.001000
123200,0.000000,1.000000,0.000001,1.000000,841.7,0.001000
123300,0.000000,1.000000,0.000000,1.000000,842.5,0.001000
123400,0.000000,1.000000,0.000000,1.000000,843.1,0.001000
123500,0.000000,1.000000,0.000000,1.000000,843.8,0.001000
123600,0.000000,1.000000,0.000000,1.000000,844.5,0.001000
123700,0.000000,1.000000,0.000000,1.000000,845.1,0.001000
123800,0.000000,1.000000,0.000000,1.000000,845.8,0.001000
123900,0.000000,1.000000,0.000000,1.000000,846.4,0.001000
124000,0.000000,1.000000,0.000000,1.000000,847.1,0.001000
124100,0.000000,1.000000,0.000000,1.000000,847.7,0.001000
124200,0.000000,1.000000,0.000000,1.000000,848.4,0.001000
124300,0.000000,1.000000,0.000000,1.000000,849.0,0.001000
124400,0.000000,1.000000,0.000000,1.000000,849.6,0.001000
124500,0.000000,1.000000,0.000000,1.000000,850.3,0.001000
124600,0.000000,1.000000,0.000000,1.000000,850.9,0.001000
124700,0.000000,1.000000,0.000000,1.000000,851.6,0.001000
124800,0.000000,1.000000,0.000000,1.000000,852.2,0.001000
124900,0.000000,1.000000,0.000000,1.000000,852.9,0.001000
125000,0.000000,1.000000,0.000000,1.000000,853.5,0.001000
125100,0.000000,1.000000,0.000000,1.000000,854.1,0.001000
125200,0.000000,1.000000,0.000000,1.000000,854.8,0.001000
125300,0.000000,1.000000,0.000000,1.000000,855.4,0.001000
125400,0.000000,1.000000,0.000000,1.000000,856.1,0.001000
125500,0.000000,1.000000,0.000000,1.000000,856.7,0.001000
125600,0.000000,1.000000,0.000000,1.000000,857.3,0.001000
125700,0.000000,1.000000,0.000000,1.000000,858.0,0.001000
125800,0.000000,1.000000,0.000000,1.000000,858.6,0.001000
125900,0.000000,1.000000,0.000000,1.000000,859.3,0.001000
126000,0.000000,1.000000,0.000000,1.000000,859.9,0.001000
126100,0.000000,1.000000,0.000000,1.000000,860.6,0.001000
126200,0.000000,1.000000,0.000000,1.000000,861.3,0.001000
126300,0.000000,1.000000,0.000000,1.000000,861.9,0.001000
126400,0.000000,1.000000,0.000000,1.000000,862.5,0.001000
126500,0.000000,1.000000,0.000000,1.000000,863.2,0.001000
126600,0.000000,1.000000,0.000000,1.000000,863.8,0.001000
126700,0.000000,1.000000,0.000000,1.000000,864.5,0.001000
126800,0.000000,1.000000,0.000000,1.000000,865.1,0.001000
126900,0.000000,1.000000,0.000000,1.000000,865.7,0.001000
127000,0.000000,1.000000,0.000000,1.000000,866.4,0.001000
127100,0.000000,1.000000,0.000000,1.000000,867.0,0.001000
127200,0.000000,1.000000,0.000000,1.000000,867.6,0.001000
127300,0.000000,1.000000,0.000000,1.000000,868.3,0.001000
127400,0.000000,1.000000,0.000000,1.000000,868.9,0.001000
127500,0.000000,1.000000,0.000000,1.000000,869.6,0.001000
127600,0.000000,1.000000,0.000000,1.000000,870.2,0.001000
127700,0.000000,1.000000,0.000000,1.000000,870.9,0.001000
127800,0.000000,1.000000,0.000000,1.000000,871.5,0.001000
127900,0.000000,1.000000,0.000000,1.000000,872.1,0.001000
128000,0.000000,1.000000,0.000000,1.000000,872.8,0.001000
128100,0.000000,1.000000,0.000000,1.000000,873.4,0.001000
128200,0.000000,1.000000,0.000000,1.000000,874.1,0.001000
128300,0.000000,1.000000,0.000000,1.000000,874.7,0.001000
128400,0.000000,1.000000,0.000000,1.000000,875.3,0.001000
128500,0.000000,1.000000,0.000000,1.000000,876.0,0.001000
128600,0.000000,1.000000,0.000000,1.000000,876.6,0.001000
128700,0.000000,1.000000,0.000000,1.000000,877.3,0.001000
128800,0.000000,1.000000,0.000000,1.000000,877.9,0.001000
128900,0.000000,1.000000,0.000000,1.000000,878.6,0.001000
129000,0.000000,1.000000,0.000000,1.000000,879.2,0.001000
129100,0.000000,1.000000,0.000000,1.000000,879.8,0.001000
129200,0.000000,1.000000,0.000000,1.000000,880.5,0.001000
129300,0.000000,1.000000,0.000000,1.000000,881.1,0.001000
129400,0.000000,1.000000,0.000000,1.000000,881.8,0.001000
129500,0.000000,1.000000,0.000000,1.000000,882.4,0.001000
129600,0.000000,1.000000,0.000000,1.000000,883.0,0.001000
129700,0.000000,1.000000,0.000000,1.000000,883.7,0.001000
129800,0.000000,1.000000,0.000000,1.000000,884.3,0.001000
129900,0.000000,1.000000,0.000000,1.000000,885.0,0.001000
130000,0.000000,1.000000,0.000000,1.000000,885.6,0.001000
130100,0.000000,1.000000,0.000000,1.000000,886.2,0.001000
130200,0.000000,1.000000,0.000000,1.000000,886.9,0.001000
130300,0.000000,1.000000,0.000000,1.000000,887.6,0.001000
130400,0.000000,1.000000,0.000000,1.000000,888.3,0.001000
130500,0.000000,1.000000,0.000000,1.000000,888.9,0.001000
130600,0.000000,1.000000,0.000000,1.000000,889.5,0.001000
130700,0.000000,1.000000,0.000000,1.000000,890.2,0.001000
130800,0.000000,1.000000,0.000000,1.000000,890.8,0.001000
130900,0.000000,1.000000,0.000000,1.000000,891.5,0.001000
131000,0.000000,1.000000,0.000000,1.000000,892.1,0.001000
131100,0.000000,1.000000,0.000000,1.000000,892.7,0.001000
131200,0.000000,1.000000,0.000000,1.000000,893.4,0.001000
131300,0.000000,1.000000,0.000000,1.000000,894.0,0.001000
131400,0.000000,1.000000,0.000000,1.000000,894.7,0.001000
131500,0.000000,1.000000,0.000000,1.000000,895.3,0.001000
131600,0.000000,1.000000,0.000000,1.000000,896.0,0.001000
131700,0.000000,1.000000,0.000000,1.000000,896.7,0.001000
131800,0.000000,1.000000,0.000000,1.000000,897.4,0.001000
131900,0.000000,1.000000,0.000000,1.000000,898.0,0.001000
132000,0.000000,1.000000,0.000000,1.000000,898.7,0.001000
132100,0.000000,1.000000,0.000000,1.000000,899.4,0.001000
132200,0.000000,1.000000,0.000000,1.000000,900.0,0.001000
132300,0.000000,1.000000,0.000000,1.000000,900.6,0.001000
132400,0.387967,0.963223,0.488676,0.953879,901.4,0.001000
132500,0.030998,0.995111,0.063136,0.991923,902.1,0.001000
132600,0.029265,0.996811,0.054285,0.993624,902.7,0.001000
132700,0.027099,0.995111,0.063890,0.994261,903.4,0.001000
132800,0.013994,0.996386,0.044271,0.992349,904.2,0.001000
132900,0.023617,0.995111,0.055033,0.992349,904.8,0.001000
133000,0.015852,0.997236,0.026951,0.995749,905.5,0.001000
133100,0.029422,0.996173,0.060367,0.992349,906.1,0.001000
133200,0.001080,0.999787,0.013312,0.998087,906.8,0.001000
133300,0.012021,0.996599,0.028533,0.995324,907.4,0.001000
133400,0.035799,0.994898,0.042431,0.992561,908.0,0.001000
133500,0.004568,0.998512,0.017818,0.996387,908.7,0.001000
133600,0.011022,0.998937,0.007269,0.998087,909.3,0.001000
133700,0.009309,0.997874,0.011916,0.997237,910.0,0.001000
133800,0.020732,0.997449,0.019745,0.995112,910.6,0.001000
133900,0.004043,0.998512,0.024432,0.995112,911.2,0.001000
134000,0.014468,0.997874,0.028667,0.996387,911.9,0.001000
134100,0.013490,0.996811,0.033326,0.992774,912.6,0.001000
134200,0.003438,0.999362,0.015656,0.997024,913.3,0.001000
134300,0.002389,0.998937,0.011180,0.997450,914.0,0.001000
134400,0.006619,0.998724,0.008591,0.997450,914.7,0.001000
134500,0.003315,0.999362,0.007591,0.998725,915.4,0.001000
134600,0.000679,0.999787,0.015432,0.996812,916.1,0.001000
134700,0.001715,0.999150,0.007408,0.998087,916.7,0.001000
134800,0.007362,0.998724,0.035734,0.993836,917.4,0.001000
134900,0.003109,0.999362,0.028305,0.997024,918.0,0.001000
135000,0.005546,0.998937,0.022581,0.994899,918.7,0.001000
135100,0.009138,0.997874,0.020805,0.997024,919.3,0.001000
135200,0.000002,1.000000,0.004718,0.998937,920.0,0.001000
135300,0.000001,1.000000,0.004141,0.998937,920.6,0.001000
135400,0.000001,1.000000,0.003915,0.999150,921.2,0.001000
135500,0.000000,1.000000,0.003781,0.999150,921.9,0.001000
135600,0.000000,1.000000,0.003928,0.999362,922.5,0.001000
135700,0.000000,1.000000,0.004993,0.999150,923.1,0.001000
135800,0.000679,0.999787,0.005053,0.999362,923.8,0.001000
135900,0.011898,0.997236,0.027891,0.995112,924.4,0.001000
136000,0.006051,0.998724,0.014951,0.996812,925.1,0.001000
136100,0.005299,0.998724,0.005108,0.998937,925.8,0.001000
136200,0.014635,0.997874,0.014656,0.997024,926.4,0.001000
136300,0.000838,0.999787,0.005374,0.998725,927.1,0.001000
136400,0.000003,1.000000,0.001279,0.999575,927.7,0.001000
136500,0.000001,1.000000,0.001069,0.999575,928.4,0.001000
136600,0.000001,1.000000,0.000869,0.999575,929.0,0.001000
136700,0.000000,1.000000,0.000726,0.999575,929.7,0.001000
136800,0.000000,1.000000,0.000584,0.999575,930.4,0.001000
136900,0.000000,1.000000,0.000814,0.999575,931.1,0.001000
137000,0.000000,1.000000,0.001153,0.999787,931.7,0.001000
137100,0.006158,0.998299,0.016764,0.995749,932.3,0.001000
137200,0.007256,0.998937,0.018675,0.995324,933.0,0.001000
137300,0.003310,0.998724,0.008022,0.997875,933.6,0.001000
137400,0.000086,1.000000,0.004472,0.999150,934.3,0.001000
137500,0.001683,0.999575,0.007466,0.998725,934.9,0.001000
137600,0.000220,1.000000,0.006822,0.998725,935.6,0.001000
137700,0.002498,0.999362,0.005793,0.998725,936.2,0.001000
137800,0.000074,1.000000,0.001384,0.999575,936.9,0.001000
137900,0.000003,1.000000,0.000792,0.999787,937.5,0.001000
138000,0.000002,1.000000,0.000527,0.999787,938.1,0.001000
138100,0.000001,1.000000,0.000286,0.999787,938.8,0.001000
138200,0.000000,1.000000,0.000229,0.999787,939.4,0.001000
138300,0.000001,1.000000,0.000230,0.999787,940.1,0.001000
138400,0.000001,1.000000,0.000051,1.000000,940.7,0.001000
138500,0.000001,1.000000,0.000007,1.000000,941.3,0.001000
138600,0.000000,1.000000,0.000002,1.000000,942.0,0.001000
138700,0.000000,1.000000,0.000001,1.000000,942.6,0.001000
138800,0.000000,1.000000,0.000000,1.000000,943.3,0.001000
138900,0.003196,0.998937,0.009846,0.997875,943.9,0.001000
139000,0.000179,1.000000,0.003730,0.999150,944.6,0.001000
139100,0.002780,0.999150,0.021369,0.996174,945.2,0.001000
139200,0.000275,1.000000,0.009845,0.998300,945.8,0.001000
139300,0.005440,0.998937,0.015424,0.996599,946.5,0.001000
139400,0.000204,1.000000,0.011406,0.997875,947.1,0.001000
139500,0.001134,0.999575,0.008211,0.997450,947.8,0.001000
139600,0.005597,0.999150,0.015577,0.997450,948.5,0.001000
139700,0.004134,0.999362,0.012130,0.996812,949.1,0.001000
139800,0.001709,0.999150,0.013282,0.997024,949.8,0.001000
139900,0.001645,0.999787,0.004384,0.998725,950.4,0.001000
140000,0.003586,0.998087,0.009187,0.997024,951.1,0.001000
140100,0.000016,1.000000,0.006430,0.998512,951.7,0.001000
140200,0.000003,1.000000,0.004121,0.998937,952.4,0.001000
140300,0.000001,1.000000,0.003729,0.998725,953.0,0.001000
140400,0.000001,1.000000,0.003377,0.998725,953.6,0.001000
140500,0.000000,1.000000,0.002963,0.998937,954.3,0.001000
140600,0.000001,1.000000,0.001678,0.998937,954.9,0.001000
140700,0.000001,1.000000,0.000228,1.000000,955.6,0.001000
140800,0.000001,1.000000,0.000049,1.000000,956.2,0.001000
140900,0.000000,1.000000,0.000004,1.000000,956.9,0.001000
141000,0.000000,1.000000,0.000001,1.000000,957.6,0.001000
141100,0.000000,1.000000,0.000000,1.000000,958.3,0.001000
141200,0.000000,1.000000,0.000000,1.000000,959.0,0.001000
141300,0.000000,1.000000,0.000000,1.000000,959.8,0.001000
141400,0.000000,1.000000,0.000000,1.000000,960.5,0.001000
141500,0.000000,1.000000,0.000000,1.000000,961.3,0.001000
141600,0.000000,1.000000,0.000000,1.000000,962.3,0.001000
141700,0.000000,1.000000,0.000000,1.000000,963.2,0.001000
141800,0.000000,1.000000,0.000000,1.000000,964.0,0.001000
141900,0.000000,1.000000,0.000000,1.000000,964.7,0.001000
142000,0.000000,1.000000,0.000000,1.000000,965.4,0.001000
142100,0.000000,1.000000,0.000000,1.000000,966.1,0.001000
142200,0.000000,1.000000,0.000000,1.000000,966.8,0.001000
142300,0.000000,1.000000,0.000000,1.000000,967.5,0.001000
142400,0.000000,1.000000,0.000000,1.000000,968.1,0.001000
142500,0.000000,1.000000,0.000000,1.000000,968.8,0.001000
142600,0.000000,1.000000,0.000000,1.000000,969.4,0.001000
142700,0.000000,1.000000,0.000000,1.000000,970.1,0.001000
142800,0.000000,1.000000,0.000000,1.000000,970.8,0.001000
142900,0.000000,1.000000,0.000000,1.000000,971.5,0.001000
143000,0.000000,1.000000,0.000000,1.000000,972.1,0.001000
143100,0.000000,1.000000,0.000000,1.000000,972.7,0.001000
143200,0.000000,1.000000,0.000000,1.000000,973.4,0.001000
143300,0.000000,1.000000,0.000000,1.000000,974.0,0.001000
143400,0.000000,1.000000,0.000000,1.000000,974.7,0.001000
143500,0.000000,1.000000,0.000000,1.000000,975.4,0.001000
143600,0.000000,1.000000,0.000000,1.000000,976.1,0.001000
143700,0.000000,1.000000,0.000000,1.000000,976.8,0.001000
143800,0.000000,1.000000,0.000000,1.000000,977.5,0.001000
143900,0.000000,1.000000,0.000000,1.000000,978.2,0.001000
144000,0.000000,1.000000,0.000000,1.000000,978.8,0.001000
144100,0.000000,1.000000,0.000000,1.000000,979.5,0.001000
144200,0.000000,1.000000,0.000000,1.000000,980.1,0.001000
144300,0.000000,1.000000,0.000000,1.000000,980.8,0.001000
144400,0.000000,1.000000,0.000000,1.000000,981.4,0.001000
144500,0.000000,1.000000,0.000000,1.000000,982.1,0.001000
144600,0.000000,1.000000,0.000000,1.000000,982.7,0.001000
144700,0.000000,1.000000,0.000000,1.000000,983.4,0.001000
144800,0.000000,1.000000,0.000000,1.000000,984.0,0.001000
144900,0.000000,1.000000,0.000000,1.000000,984.7,0.001000
145000,0.000000,1.000000,0.000000,1.000000,985.3,0.001000
145100,0.000000,1.000000,0.000000,1.000000,986.0,0.001000
145200,0.000000,1.000000,0.000000,1.000000,986.6,0.001000
145300,0.000000,1.000000,0.000000,1.000000,987.2,0.001000
145400,0.000000,1.000000,0.000000,1.000000,987.9,0.001000
145500,0.000000,1.000000,0.000000,1.000000,988.5,0.001000
145600,0.000000,1.000000,0.000000,1.000000,989.2,0.001000
145700,0.000000,1.000000,0.000000,1.000000,989.8,0.001000
145800,0.000000,1.000000,0.000000,1.000000,990.5,0.001000
145900,0.000000,1.000000,0.000000,1.000000,991.1,0.001000
146000,0.000000,1.000000,0.000000,1.000000,991.8,0.001000
146100,0.000000,1.000000,0.000000,1.000000,992.4,0.001000
146200,0.000000,1.000000,0.000000,1.000000,993.1,0.001000
146300,0.000000,1.000000,0.000000,1.000000,993.7,0.001000
146400,0.000000,1.000000,0.000000,1.000000,994.4,0.001000
146500,0.000000,1.000000,0.000000,1.000000,995.1,0.001000
146600,0.000000,1.000000,0.000000,1.000000,995.7,0.001000
146700,0.000000,1.000000,0.000000,1.000000,996.3,0.001000
146800,0.000000,1.000000,0.000000,1.000000,997.0,0.001000
146900,0.000000,1.000000,0.000000,1.000000,997.6,0.001000
147000,0.000000,1.000000,0.000000,1.000000,998.3,0.001000
147100,0.000000,1.000000,0.000000,1.000000,998.9,0.001000
147200,0.000000,1.000000,0.000000,1.000000,999.5,0.001000
147300,0.000000,1.000000,0.000000,1.000000,1000.2,0.001000
147400,0.000000,1.000000,0.000000,1.000000,1000.8,0.001000
147500,0.000000,1.000000,0.000000,1.000000,1001.5,0.001000
147600,0.000000,1.000000,0.000000,1.000000,1002.2,0.001000
147700,0.000000,1.000000,0.000000,1.000000,1002.8,0.001000
147800,0.000000,1.000000,0.000000,1.000000,1003.5,0.001000
147900,0.000000,1.000000,0.000000,1.000000,1004.1,0.001000
148000,0.000000,1.000000,0.000000,1.000000,1004.8,0.001000
148100,0.000000,1.000000,0.000000,1.000000,1005.4,0.001000
148200,0.000000,1.000000,0.000000,1.000000,1006.0,0.001000
148300,0.000000,1.000000,0.000000,1.000000,1006.7,0.001000
148400,0.000000,1.000000,0.000000,1.000000,1007.3,0.001000
148500,0.000000,1.000000,0.000000,1.000000,1008.0,0.001000
148600,0.000000,1.000000,0.000000,1.000000,1008.6,0.001000
148700,0.000000,1.000000,0.000000,1.000000,1009.3,0.001000
148800,0.000000,1.000000,0.000000,1.000000,1009.9,0.001000
148900,0.000000,1.000000,0.000000,1.000000,1010.6,0.001000
149000,0.000000,1.000000,0.000000,1.000000,1011.2,0.001000
149100,0.000000,1.000000,0.000000,1.000000,1011.8,0.001000
149200,0.000000,1.000000,0.000000,1.000000,1012.5,0.001000
149300,0.000000,1.000000,0.000000,1.000000,1013.1,0.001000
149400,0.000000,1.000000,0.000000,1.000000,1013.7,0.001000
149500,0.000000,1.000000,0.000000,1.000000,1014.4,0.001000
149600,0.000000,1.000000,0.000000,1.000000,1015.0,0.001000
149700,0.000000,1.000000,0.000000,1.000000,1015.6,0.001000
149800,0.000000,1.000000,0.000000,1.000000,1016.3,0.001000
149900,0.000000,1.000000,0.000000,1.000000,1016.9,0.001000
150000,0.000000,1.000000,0.000000,1.000000,1017.5,0.001000
150100,0.000000,1.000000,0.000000,1.000000,1018.2,0.001000
150200,0.000000,1.000000,0.000000,1.000000,1018.8,0.001000
150300,0.000000,1.000000,0.000000,1.000000,1019.5,0.001000
150400,0.000000,1.000000,0.000000,1.000000,1020.1,0.001000
150500,0.000000,1.000000,0.000000,1.000000,1020.8,0.001000
150600,0.000000,1.000000,0.000000,1.000000,1021.5,0.001000
150700,0.000000,1.000000,0.000000,1.000000,1022.2,0.001000
150800,0.000000,1.000000,0.000000,1.000000,1022.9,0.001000
150900,0.000000,1.000000,0.000000,1.000000,1023.6,0.001000
151000,0.000000,1.000000,0.000000,1.000000,1024.5,0.001000
151100,0.000000,1.000000,0.000000,1.000000,1025.2,0.001000
151200,0.000000,1.000000,0.000000,1.000000,1025.9,0.001000
151300,0.000000,1.000000,0.000000,1.000000,1026.5,0.001000
151400,0.000000,1.000000,0.000000,1.000000,1027.2,0.001000
151500,0.000000,1.000000,0.000000,1.000000,1027.8,0.001000
151600,0.000000,1.000000,0.000000,1.000000,1028.4,0.001000
151700,0.000000,1.000000,0.000000,1.000000,1029.1,0.001000
151800,0.000000,1.000000,0.000000,1.000000,1029.8,0.001000
151900,0.000000,1.000000,0.000000,1.000000,1030.5,0.001000
152000,0.000000,1.000000,0.000000,1.000000,1031.2,0.001000
152100,0.000000,1.000000,0.000000,1.000000,1031.9,0.001000
152200,0.000000,1.000000,0.000000,1.000000,1032.6,0.001000
152300,0.000000,1.000000,0.000000,1.000000,1033.3,0.001000
152400,0.000000,1.000000,0.000000,1.000000,1033.9,0.001000
152500,0.000000,1.000000,0.000000,1.000000,1034.6,0.001000
152600,0.000000,1.000000,0.000000,1.000000,1035.5,0.001000
152700,0.000000,1.000000,0.000000,1.000000,1036.3,0.001000
152800,0.000000,1.000000,0.000000,1.000000,1037.1,0.001000
152900,0.000000,1.000000,0.000000,1.000000,1037.8,0.001000
153000,0.000000,1.000000,0.000000,1.000000,1038.5,0.001000
153100,0.000000,1.000000,0.000000,1.000000,1039.1,0.001000
153200,0.000000,1.000000,0.000000,1.000000,1039.8,0.001000
153300,0.000000,1.000000,0.000000,1.000000,1040.6,0.001000
153400,0.000000,1.000000,0.000000,1.000000,1041.3,0.001000
153500,0.000000,1.000000,0.000000,1.000000,1042.0,0.001000
153600,0.000000,1.000000,0.000000,1.000000,1042.7,0.001000
153700,0.089988,0.991071,0.199640,0.982997,1043.4,0.001000
153800,0.080309,0.990221,0.117759,0.987460,1044.1,0.001000
153900,0.033852,0.995748,0.062267,0.993199,1044.8,0.001000
154000,0.033026,0.995111,0.051327,0.992136,1045.5,0.001000
154100,0.021997,0.996386,0.024316,0.995749,1046.2,0.001000
154200,0.133883,0.986820,0.130853,0.988948,1046.9,0.001000
154300,0.023116,0.997236,0.034782,0.995749,1047.6,0.001000
154400,0.031589,0.997236,0.069575,0.993199,1048.3,0.001000
154500,0.028730,0.995323,0.092174,0.988310,1049.0,0.001000
154600,0.041079,0.994685,0.046291,0.995324,1049.6,0.001000
154700,0.008519,0.997449,0.041982,0.993836,1050.3,0.001000
154800,0.021161,0.996599,0.051225,0.992986,1051.1,0.001000
154900,0.011996,0.997662,0.053067,0.994049,1051.8,0.001000
155000,0.010980,0.996811,0.041358,0.994261,1052.5,0.001000
155100,0.006718,0.999575,0.015296,0.997875,1053.2,0.001000
155200,0.036989,0.995536,0.070518,0.992561,1054.0,0.001000
155300,0.013347,0.998087,0.023115,0.994899,1054.8,0.001000
155400,0.027801,0.995323,0.062524,0.992561,1055.5,0.001000
155500,0.003503,0.998937,0.019154,0.996174,1056.4,0.001000
155600,0.008388,0.998724,0.023314,0.996812,1057.4,0.001000
155700,0.030707,0.997662,0.047842,0.994474,1058.6,0.001000
155800,0.002386,0.999150,0.015501,0.997450,1059.5,0.001000
155900,0.021049,0.996386,0.037666,0.994261,1060.2,0.001000
156000,0.006628,0.998512,0.017137,0.996599,1060.9,0.001000
156100,0.000031,1.000000,0.004597,0.998937,1061.6,0.001000
156200,0.007498,0.997662,0.035951,0.994261,1062.4,0.001000
156300,0.013529,0.998299,0.034042,0.997024,1063.0,0.001000
156400,0.013466,0.998299,0.028991,0.994899,1063.7,0.001000
156500,0.001903,0.999362,0.006716,0.998512,1064.4,0.001000
156600,0.012410,0.998087,0.037885,0.995112,1065.1,0.001000
156700,0.007212,0.998087,0.016283,0.995537,1065.8,0.001000
156800,0.007129,0.997874,0.021675,0.997024,1066.5,0.001000
156900,0.003950,0.999150,0.015282,0.996812,1067.3,0.001000
157000,0.000258,0.999787,0.008875,0.999150,1068.0,0.001000
157100,0.006015,0.999150,0.017105,0.997662,1068.7,0.001000
157200,0.005623,0.999575,0.012963,0.999150,1069.4,0.001000
157300,0.011060,0.997874,0.024243,0.994899,1070.1,0.001000
157400,0.000545,0.999575,0.006508,0.998937,1070.8,0.001000
157500,0.007615,0.998299,0.012205,0.997875,1071.5,0.001000
157600,0.006056,0.997449,0.023829,0.995962,1072.2,0.001000
157700,0.002771,0.998937,0.016468,0.997662,1072.9,0.001000
157800,0.001492,0.999362,0.013958,0.996599,1073.7,0.001000
157900,0.001729,0.999150,0.020975,0.996812,1074.5,0.001000
158000,0.007795,0.998087,0.017729,0.996387,1075.2,0.001000
158100,0.000474,0.999787,0.009102,0.997450,1075.9,0.001000
158200,0.000008,1.000000,0.004143,0.998512,1076.7,0.001000
158300,0.004739,0.999362,0.012237,0.997450,1077.4,0.001000
158400,0.000452,0.999787,0.005694,0.999362,1078.0,0.001000
158500,0.002681,0.998512,0.009601,0.998300,1078.7,0.001000
158600,0.000394,0.999787,0.004679,0.998512,1079.4,0.001000
158700,0.000003,1.000000,0.001022,0.999362,1080.1,0.001000
158800,0.000001,1.000000,0.001017,0.999787,1080.9,0.001000
158900,0.000000,1.000000,0.001177,0.999787,1081.7,0.001000
159000,0.000000,1.000000,0.001492,0.999787,1082.6,0.001000
159100,0.000000,1.000000,0.001967,0.999575,1083.4,0.001000
159200,0.000000,1.000000,0.001879,0.999575,1084.3,0.001000
159300,0.000001,1.000000,0.000027,1.000000,1084.9,0.001000
159400,0.000000,1.000000,0.000002,1.000000,1085.6,0.001000
159500,0.000001,1.000000,0.000001,1.000000,1086.3,0.001000
159600,0.000000,1.000000,0.000000,1.000000,1087.1,0.001000
159700,0.000000,1.000000,0.000001,1.000000,1087.8,0.001000
159800,0.000000,1.000000,0.000000,1.000000,1088.5,0.001000
159900,0.000000,1.000000,0.000000,1.000000,1089.2,0.001000
160000,0.000000,1.000000,0.000000,1.000000,1089.9,0.001000
160100,0.000000,1.000000,0.000000,1.000000,1090.6,0.001000
160200,0.000000,1.000000,0.000000,1.000000,1091.3,0.001000
160300,0.000000,1.000000,0.000000,1.000000,1092.0,0.001000
160400,0.000000,1.000000,0.000000,1.000000,1092.6,0.001000
160500,0.000000,1.000000,0.000000,1.000000,1093.3,0.001000
160600,0.000000,1.000000,0.000000,1.000000,1094.0,0.001000
160700,0.000000,1.000000,0.000000,1.000000,1094.7,0.001000
160800,0.000000,1.000000,0.000000,1.000000,1095.4,0.001000
160900,0.000000,1.000000,0.000000,1.000000,1096.1,0.001000
161000,0.000000,1.000000,0.000000,1.000000,1096.8,0.001000
161100,0.000000,1.000000,0.000000,1.000000,1097.5,0.001000
161200,0.000000,1.000000,0.000000,1.000000,1098.2,0.001000
161300,0.000000,1.000000,0.000000,1.000000,1098.8,0.001000
161400,0.000000,1.000000,0.000000,1.000000,1099.5,0.001000
161500,0.000000,1.000000,0.000000,1.000000,1100.2,0.001000
161600,0.000000,1.000000,0.000000,1.000000,1100.9,0.001000
161700,0.000000,1.000000,0.000000,1.000000,1101.6,0.001000
161800,0.000000,1.000000,0.000000,1.000000,1102.3,0.001000
161900,0.000000,1.000000,0.000000,1.000000,1103.0,0.001000
162000,0.000000,1.000000,0.000000,1.000000,1103.7,0.001000
162100,0.000000,1.000000,0.000000,1.000000,1104.4,0.001000
162200,0.000000,1.000000,0.000000,1.000000,1105.1,0.001000
162300,0.000000,1.000000,0.000000,1.000000,1105.8,0.001000
162400,0.000000,1.000000,0.000000,1.000000,1106.4,0.001000
162500,0.000000,1.000000,0.000000,1.000000,1107.1,0.001000
162600,0.000000,1.000000,0.000000,1.000000,1107.8,0.001000
162700,0.000000,1.000000,0.000000,1.000000,1108.5,0.001000
162800,0.000000,1.000000,0.000000,1.000000,1109.2,0.001000
162900,0.000000,1.000000,0.000000,1.000000,1109.8,0.001000
163000,0.000000,1.000000,0.000000,1.000000,1110.5,0.001000
163100,0.000000,1.000000,0.000000,1.000000,1111.2,0.001000
163200,0.000000,1.000000,0.000000,1.000000,1111.9,0.001000
163300,0.000000,1.000000,0.000000,1.000000,1112.6,0.001000
163400,0.000000,1.000000,0.000000,1.000000,1113.4,0.001000
163500,0.000000,1.000000,0.000000,1.000000,1114.1,0.001000
163600,0.000000,1.000000,0.000000,1.000000,1114.8,0.001000
163700,0.000000,1.000000,0.000000,1.000000,1115.5,0.001000
163800,0.000000,1.000000,0.000000,1.000000,1116.2,0.001000
163900,0.000000,1.000000,0.000000,1.000000,1116.8,0.001000
164000,0.000000,1.000000,0.000000,1.000000,1117.5,0.001000
164100,0.000000,1.000000,0.000000,1.000000,1118.2,0.001000
164200,0.000000,1.000000,0.000000,1.000000,1118.9,0.001000
164300,0.000000,1.000000,0.000000,1.000000,1119.5,0.001000
164400,0.000000,1.000000,0.000000,1.000000,1120.2,0.001000
164500,0.000000,1.000000,0.000000,1.000000,1120.9,0.001000
164600,0.000000,1.000000,0.000000,1.000000,1121.6,0.001000
164700,0.000000,1.000000,0.000000,1.000000,1122.3,0.001000
164800,0.000000,1.000000,0.000000,1.000000,1123.0,0.001000
164900,0.000000,1.000000,0.000000,1.000000,1123.8,0.001000
165000,0.000000,1.000000,0.000000,1.000000,1124.4,0.001000
165100,0.000000,1.000000,0.000000,1.000000,1125.1,0.001000
165200,0.000000,1.000000,0.000000,1.000000,1125.9,0.001000
165300,0.000000,1.000000,0.000000,1.000000,1126.6,0.001000
165400,0.000000,1.000000,0.000000,1.000000,1127.3,0.001000
165500,0.000000,1.000000,0.000000,1.000000,1128.0,0.001000
165600,0.000000,1.000000,0.000000,1.000000,1128.7,0.001000
165700,0.000000,1.000000,0.000000,1.000000,1129.4,0.001000
165800,0.000000,1.000000,0.000000,1.000000,1130.1,0.001000
165900,0.000000,1.000000,0.000000,1.000000,1130.7,0.001000
166000,0.000000,1.000000,0.000000,1.000000,1131.4,0.001000
166100,0.000000,1.000000,0.000000,1.000000,1132.1,0.001000
166200,0.000000,1.000000,0.000000,1.000000,1132.7,0.001000
166300,0.000000,1.000000,0.000000,1.000000,1133.4,0.001000
166400,0.000000,1.000000,0.000000,1.000000,1134.1,0.001000
166500,0.000000,1.000000,0.000000,1.000000,1134.8,0.001000
166600,0.000000,1.000000,0.000000,1.000000,1135.5,0.001000
166700,0.000000,1.000000,0.000000,1.000000,1136.1,0.001000
166800,0.000000,1.000000,0.000000,1.000000,1136.8,0.001000
166900,0.000000,1.000000,0.000000,1.000000,1137.6,0.001000
167000,0.000000,1.000000,0.000000,1.000000,1138.3,0.001000
167100,0.000000,1.000000,0.000000,1.000000,1139.0,0.001000
167200,0.000000,1.000000,0.000000,1.000000,1139.7,0.001000
167300,0.000000,1.000000,0.000000,1.000000,1140.4,0.001000
167400,0.000000,1.000000,0.000000,1.000000,1141.2,0.001000
167500,0.000000,1.000000,0.000000,1.000000,1141.9,0.001000
167600,0.000000,1.000000,0.000000,1.000000,1142.7,0.001000
167700,0.000000,1.000000,0.000000,1.000000,1143.4,0.001000
167800,0.000000,1.000000,0.000000,1.000000,1144.1,0.001000
167900,0.000000,1.000000,0.000000,1.000000,1144.8,0.001000
168000,0.000000,1.000000,0.000000,1.000000,1145.5,0.001000
168100,0.000000,1.000000,0.000000,1.000000,1146.2,0.001000
168200,0.000000,1.000000,0.000000,1.000000,1146.9,0.001000
168300,0.000000,1.000000,0.000000,1.000000,1147.6,0.001000
168400,0.000000,1.000000,0.000000,1.000000,1148.3,0.001000
168500,0.000000,1.000000,0.000000,1.000000,1149.0,0.001000
168600,0.000000,1.000000,0.000000,1.000000,1149.7,0.001000
168700,0.000000,1.000000,0.000000,1.000000,1150.4,0.001000
168800,0.000000,1.000000,0.000000,1.000000,1151.1,0.001000
168900,0.000000,1.000000,0.000000,1.000000,1151.8,0.001000
169000,0.000000,1.000000,0.000000,1.000000,1152.5,0.001000
169100,0.000000,1.000000,0.000000,1.000000,1153.2,0.001000
169200,0.000000,1.000000,0.000000,1.000000,1153.9,0.001000
169300,0.000000,1.000000,0.000000,1.000000,1154.6,0.001000
169400,0.000000,1.000000,0.000000,1.000000,1155.3,0.001000
169500,0.000000,1.000000,0.000000,1.000000,1156.0,0.001000
169600,0.000000,1.000000,0.000000,1.000000,1156.7,0.001000
169700,0.000000,1.000000,0.000000,1.000000,1157.4,0.001000
169800,0.000000,1.000000,0.000000,1.000000,1158.1,0.001000
169900,0.000000,1.000000,0.000000,1.000000,1158.8,0.001000
170000,0.000000,1.000000,0.000000,1.000000,1159.5,0.001000
170100,0.000000,1.000000,0.000000,1.000000,1160.2,0.001000
170200,0.000000,1.000000,0.000000,1.000000,1160.9,0.001000
170300,0.000000,1.000000,0.000000,1.000000,1161.5,0.001000
170400,0.000000,1.000000,0.000000,1.000000,1162.3,0.001000
170500,0.000000,1.000000,0.000000,1.000000,1163.0,0.001000
170600,0.000000,1.000000,0.000000,1.000000,1163.6,0.001000
170700,0.000000,1.000000,0.000000,1.000000,1164.3,0.001000
170800,0.000000,1.000000,0.000000,1.000000,1165.0,0.001000
170900,0.000000,1.000000,0.000000,1.000000,1165.7,0.001000
171000,0.000000,1.000000,0.000000,1.000000,1166.4,0.001000
171100,0.076074,0.987883,0.163868,0.983634,1167.1,0.001000
171200,0.052795,0.990859,0.049669,0.992986,1167.8,0.001000
171300,0.083113,0.990646,0.175641,0.984697,1168.4,0.001000
171400,0.049563,0.995323,0.092625,0.991073,1169.2,0.001000
171500,0.020296,0.997449,0.051413,0.994899,1169.8,0.001000
171600,0.017711,0.997449,0.042415,0.995112,1170.5,0.001000
171700,0.058646,0.994898,0.112254,0.991923,1171.1,0.001000
171800,0.027455,0.996386,0.041226,0.993836,1171.8,0.001000
171900,0.018933,0.996173,0.030759,0.993836,1172.6,0.001000
172000,0.027937,0.996599,0.063527,0.993836,1173.2,0.001000
172100,0.009794,0.997874,0.019354,0.997024,1173.9,0.001000
172200,0.011221,0.998087,0.033826,0.994899,1174.6,0.001000
172300,0.013284,0.996811,0.036367,0.994261,1175.4,0.001000
172400,0.007909,0.998299,0.030969,0.995112,1176.2,0.001000
172500,0.010255,0.997236,0.031614,0.996174,1176.9,0.001000
172600,0.017827,0.997236,0.037596,0.995324,1177.7,0.001000
172700,0.024395,0.994898,0.040538,0.991711,1178.7,0.001000
172800,0.000266,1.000000,0.018381,0.998087,1179.4,0.001000
172900,0.012386,0.997449,0.029486,0.996174,1180.2,0.001000
173000,0.009507,0.997874,0.027664,0.994686,1181.0,0.001000
173100,0.017989,0.995323,0.040542,0.994261,1181.7,0.001000
173200,0.001132,0.999575,0.003496,0.999362,1182.4,0.001000
173300,0.008677,0.998087,0.012757,0.995962,1183.2,0.001000
173400,0.001347,0.999362,0.007883,0.997662,1183.8,0.001000
173500,0.017485,0.997662,0.030617,0.997450,1184.5,0.001000
173600,0.008039,0.998512,0.010012,0.997875,1185.2,0.001000
173700,0.004477,0.999362,0.021936,0.997024,1185.8,0.001000
173800,0.001008,0.999575,0.004251,0.998725,1186.5,0.001000
173900,0.009939,0.998299,0.024902,0.995112,1187.2,0.001000
174000,0.013854,0.998724,0.016574,0.996599,1188.0,0.001000
174100,0.012669,0.999150,0.016595,0.997024,1188.8,0.001000
174200,0.001551,0.999362,0.004471,0.998512,1189.6,0.001000
174300,0.018553,0.995748,0.022967,0.995112,1190.3,0.001000
174400,0.003543,0.999575,0.020081,0.996174,1191.1,0.001000
174500,0.001776,0.998937,0.021420,0.995537,1191.8,0.001000
174600,0.006135,0.999150,0.013083,0.997237,1192.6,0.001000
174700,0.000158,1.000000,0.008503,0.998725,1193.4,0.001000
174800,0.015812,0.997024,0.042479,0.990436,1194.2,0.001000
174900,0.000338,1.000000,0.004785,0.998512,1194.8,0.001000
175000,0.006896,0.998087,0.023044,0.995537,1195.5,0.001000
175100,0.000103,1.000000,0.005389,0.998300,1196.2,0.001000
175200,0.010951,0.997662,0.011298,0.996599,1196.9,0.001000
175300,0.012887,0.997662,0.022718,0.994686,1197.5,0.001000
175400,0.000087,1.000000,0.004520,0.998512,1198.2,0.001000
175500,0.013358,0.997024,0.016577,0.995962,1198.9,0.001000
175600,0.000071,1.000000,0.001903,0.999150,1199.5,0.001000
175700,0.000002,1.000000,0.001169,0.999575,1200.2,0.001000
175800,0.000001,1.000000,0.000927,0.999787,1201.0,0.001000
175900,0.000000,1.000000,0.000993,0.999787,1201.9,0.001000
176000,0.000000,1.000000,0.001213,0.999575,1202.7,0.001000
176100,0.000000,1.000000,0.001927,0.999362,1203.4,0.001000
176200,0.000001,1.000000,0.000771,0.999787,1204.2,0.001000
176300,0.000000,1.000000,0.000015,1.000000,1204.9,0.001000
176400,0.000001,1.000000,0.000003,1.000000,1205.6,0.001000
176500,0.000000,1.000000,0.000001,1.000000,1206.2,0.001000
176600,0.000000,1.000000,0.000000,1.000000,1206.9,0.001000
176700,0.009994,0.997874,0.026121,0.994261,1207.6,0.001000
176800,0.003834,0.998724,0.002813,0.999150,1208.3,0.001000
176900,0.001932,0.999362,0.010230,0.997662,1209.0,0.001000
177000,0.000581,0.999575,0.001546,0.999575,1209.7,0.001000
177100,0.003972,0.998724,0.009875,0.997662,1210.4,0.001000
177200,0.003192,0.999575,0.008911,0.997875,1211.1,0.001000
177300,0.009352,0.997874,0.009352,0.996387,1211.8,0.001000
177400,0.000054,1.000000,0.004583,0.997875,1212.4,0.001000
177500,0.000002,1.000000,0.005566,0.998512,1213.1,0.001000
177600,0.000001,1.000000,0.005346,0.998512,1213.8,0.001000
177700,0.000000,1.000000,0.005050,0.998725,1214.4,0.001000
177800,0.000000,1.000000,0.004536,0.999362,1215.1,0.001000
177900,0.000000,1.000000,0.004192,0.999150,1215.8,0.001000
178000,0.000000,1.000000,0.002408,0.999787,1216.7,0.001000
178100,0.000992,0.999787,0.002622,0.999787,1217.6,0.001000
178200,0.000648,0.999787,0.004613,0.998937,1218.6,0.001000
178300,0.000001,1.000000,0.004704,0.999150,1219.5,0.001000
178400,0.000001,1.000000,0.004744,0.999362,1220.3,0.001000
178500,0.000000,1.000000,0.004890,0.999362,1221.2,0.001000
178600,0.000000,1.000000,0.005108,0.999150,1221.9,0.001000
178700,0.000000,1.000000,0.002438,0.999362,1222.7,0.001000
178800,0.000000,1.000000,0.000925,0.999787,1223.4,0.001000
178900,0.000000,1.000000,0.000049,1.000000,1224.1,0.001000
179000,0.020844,0.994473,0.028327,0.992349,1224.8,0.001000
179100,0.000084,1.000000,0.003870,0.999150,1225.5,0.001000
179200,0.008456,0.998087,0.010979,0.996812,1226.1,0.001000
179300,0.005134,0.998724,0.016841,0.995112,1226.8,0.001000
179400,0.002929,0.999575,0.009975,0.997662,1227.6,0.001000
179500,0.000298,0.999787,0.004445,0.998087,1228.3,0.001000
179600,0.000455,0.999787,0.002966,0.999575,1229.1,0.001000
179700,0.000008,1.000000,0.002559,0.998937,1229.8,0.001000
179800,0.000002,1.000000,0.002597,0.999362,1230.7,0.001000
179900,0.000001,1.000000,0.002035,0.999362,1231.5,0.001000
180000,0.000000,1.000000,0.001621,0.999575,1232.4,0.001000
180100,0.000001,1.000000,0.000671,0.999575,1233.2,0.001000
180200,0.000001,1.000000,0.000084,1.000000,1234.0,0.001000
180300,0.000001,1.000000,0.000010,1.000000,1234.7,0.001000
180400,0.000000,1.000000,0.000002,1.000000,1235.4,0.001000
180500,0.000000,1.000000,0.000000,1.000000,1236.1,0.001000
180600,0.000000,1.000000,0.000000,1.000000,1236.8,0.001000
180700,0.000000,1.000000,0.000000,1.000000,1237.5,0.001000
180800,0.000000,1.000000,0.000000,1.000000,1238.3,0.001000
180900,0.000000,1.000000,0.000000,1.000000,1239.0,0.001000
181000,0.000000,1.000000,0.000000,1.000000,1239.8,0.001000
181100,0.000000,1.000000,0.000000,1.000000,1240.5,0.001000
181200,0.000000,1.000000,0.000000,1.000000,1241.2,0.001000
181300,0.000000,1.000000,0.000000,1.000000,1242.0,0.001000
181400,0.000000,1.000000,0.000000,1.000000,1242.7,0.001000
181500,0.000000,1.000000,0.000000,1.000000,1243.4,0.001000
181600,0.000000,1.000000,0.000000,1.000000,1244.1,0.001000
181700,0.000000,1.000000,0.000000,1.000000,1244.8,0.001000
181800,0.000000,1.000000,0.000000,1.000000,1245.4,0.001000
181900,0.000000,1.000000,0.000000,1.000000,1246.1,0.001000
182000,0.000000,1.000000,0.000000,1.000000,1246.8,0.001000
182100,0.000000,1.000000,0.000000,1.000000,1247.6,0.001000
182200,0.000000,1.000000,0.000000,1.000000,1248.4,0.001000
182300,0.000000,1.000000,0.000000,1.000000,1249.1,0.001000
182400,0.000000,1.000000,0.000000,1.000000,1249.8,0.001000
182500,0.000000,1.000000,0.000000,1.000000,1250.5,0.001000
182600,0.000000,1.000000,0.000000,1.000000,1251.2,0.001000
182700,0.000000,1.000000,0.000000,1.000000,1251.9,0.001000
182800,0.000000,1.000000,0.000000,1.000000,1252.6,0.001000
182900,0.000000,1.000000,0.000000,1.000000,1253.3,0.001000
183000,0.000000,1.000000,0.000000,1.000000,1254.0,0.001000
183100,0.000000,1.000000,0.000000,1.000000,1254.7,0.001000
183200,0.000000,1.000000,0.000000,1.000000,1255.5,0.001000
183300,0.000000,1.000000,0.000000,1.000000,1256.5,0.001000
183400,0.000000,1.000000,0.000000,1.000000,1257.3,0.001000
183500,0.000000,1.000000,0.000000,1.000000,1258.3,0.001000
183600,0.000000,1.000000,0.000000,1.000000,1259.2,0.001000
183700,0.000000,1.000000,0.000000,1.000000,1260.0,0.001000
183800,0.000000,1.000000,0.000000,1.000000,1260.8,0.001000
183900,0.000000,1.000000,0.000000,1.000000,1261.6,0.001000
184000,0.000000,1.000000,0.000000,1.000000,1262.5,0.001000
184100,0.000000,1.000000,0.000000,1.000000,1263.2,0.001000
184200,0.000000,1.000000,0.000000,1.000000,1263.9,0.001000
184300,0.000000,1.000000,0.000000,1.000000,1264.6,0.001000
184400,0.000000,1.000000,0.000000,1.000000,1265.3,0.001000
184500,0.000000,1.000000,0.000000,1.000000,1265.9,0.001000
184600,0.000000,1.000000,0.000000,1.000000,1266.7,0.001000
184700,0.000000,1.000000,0.000000,1.000000,1267.5,0.001000
184800,0.000000,1.000000,0.000000,1.000000,1268.3,0.001000
184900,0.000000,1.000000,0.000000,1.000000,1269.2,0.001000
185000,0.000000,1.000000,0.000000,1.000000,1269.9,0.001000
185100,0.000000,1.000000,0.000000,1.000000,1270.8,0.001000
185200,0.000000,1.000000,0.000000,1.000000,1271.9,0.001000
185300,0.000000,1.000000,0.000000,1.000000,1272.9,0.001000
185400,0.000000,1.000000,0.000000,1.000000,1273.6,0.001000
185500,0.000000,1.000000,0.000000,1.000000,1274.3,0.001000
185600,0.000000,1.000000,0.000000,1.000000,1275.1,0.001000
185700,0.000000,1.000000,0.000000,1.000000,1275.9,0.001000
185800,0.000000,1.000000,0.000000,1.000000,1276.6,0.001000
185900,0.000000,1.000000,0.000000,1.000000,1277.4,0.001000
186000,0.000000,1.000000,0.000000,1.000000,1278.4,0.001000
186100,0.000000,1.000000,0.000000,1.000000,1279.1,0.001000
186200,0.000000,1.000000,0.000000,1.000000,1280.0,0.001000
186300,0.000000,1.000000,0.000000,1.000000,1280.9,0.001000
186400,0.000000,1.000000,0.000000,1.000000,1281.8,0.001000
186500,0.000000,1.000000,0.000000,1.000000,1282.7,0.001000
186600,0.000000,1.000000,0.000000,1.000000,1283.5,0.001000
186700,0.000000,1.000000,0.000000,1.000000,1284.3,0.001000
186800,0.000000,1.000000,0.000000,1.000000,1285.1,0.001000
186900,0.000000,1.000000,0.000000,1.000000,1286.4,0.001000
187000,0.000000,1.000000,0.000000,1.000000,1287.2,0.001000
187100,0.000000,1.000000,0.000000,1.000000,1288.1,0.001000
187200,0.000000,1.000000,0.000000,1.000000,1289.0,0.001000
187300,0.000000,1.000000,0.000000,1.000000,1289.9,0.001000
187400,0.000000,1.000000,0.000000,1.000000,1290.8,0.001000
187500,0.000000,1.000000,0.000000,1.000000,1291.5,0.001000
187600,0.000000,1.000000,0.000000,1.000000,1292.3,0.001000
187700,0.000000,1.000000,0.000000,1.000000,1293.0,0.001000
187800,0.000000,1.000000,0.000000,1.000000,1293.8,0.001000
187900,0.000000,1.000000,0.000000,1.000000,1294.6,0.001000
188000,0.000000,1.000000,0.000000,1.000000,1295.7,0.001000
188100,0.000000,1.000000,0.000000,1.000000,1296.9,0.001000
188200,0.000000,1.000000,0.000000,1.000000,1297.9,0.001000
188300,0.000000,1.000000,0.000000,1.000000,1298.7,0.001000
188400,0.000000,1.000000,0.000000,1.000000,1299.6,0.001000
188500,0.000000,1.000000,0.000000,1.000000,1300.3,0.001000
188600,0.000000,1.000000,0.000000,1.000000,1301.0,0.001000
188700,0.000000,1.000000,0.000000,1.000000,1301.7,0.001000
188800,0.000000,1.000000,0.000000,1.000000,1302.4,0.001000
188900,0.000000,1.000000,0.000000,1.000000,1303.2,0.001000
189000,0.000000,1.000000,0.000000,1.000000,1303.9,0.001000
189100,0.000000,1.000000,0.000000,1.000000,1304.7,0.001000
189200,0.000000,1.000000,0.000000,1.000000,1305.4,0.001000
189300,0.000000,1.000000,0.000000,1.000000,1306.2,0.001000
189400,0.000000,1.000000,0.000000,1.000000,1307.0,0.001000
189500,0.000000,1.000000,0.000000,1.000000,1307.8,0.001000
189600,0.000000,1.000000,0.000000,1.000000,1308.5,0.001000
189700,0.000000,1.000000,0.000000,1.000000,1309.2,0.001000
189800,0.000000,1.000000,0.000000,1.000000,1310.0,0.001000
189900,0.000000,1.000000,0.000000,1.000000,1310.9,0.001000
190000,0.000000,1.000000,0.000000,1.000000,1311.7,0.001000
190100,0.000000,1.000000,0.000000,1.000000,1312.4,0.001000
190200,0.000000,1.000000,0.000000,1.000000,1313.2,0.001000
190300,0.000000,1.000000,0.000000,1.000000,1314.0,0.001000
190400,0.000000,1.000000,0.000000,1.000000,1314.8,0.001000
190500,0.000000,1.000000,0.000000,1.000000,1316.0,0.001000
190600,0.000000,1.000000,0.000000,1.000000,1317.1,0.001000
190700,0.000000,1.000000,0.000000,1.000000,1318.0,0.001000
190800,0.000000,1.000000,0.000000,1.000000,1318.9,0.001000
190900,0.000000,1.000000,0.000000,1.000000,1319.7,0.001000
191000,0.000000,1.000000,0.000000,1.000000,1320.5,0.001000
191100,0.000000,1.000000,0.000000,1.000000,1321.4,0.001000
191200,0.000000,1.000000,0.000000,1.000000,1322.2,0.001000
191300,0.000000,1.000000,0.000000,1.000000,1323.0,0.001000
191400,0.000000,1.000000,0.000000,1.000000,1323.7,0.001000
191500,0.000000,1.000000,0.000000,1.000000,1324.5,0.001000
191600,0.000000,1.000000,0.000000,1.000000,1325.3,0.001000
191700,0.000000,1.000000,0.000000,1.000000,1326.0,0.001000
191800,0.000000,1.000000,0.000000,1.000000,1326.7,0.001000
191900,0.000000,1.000000,0.000000,1.000000,1327.4,0.001000
192000,0.000000,1.000000,0.000000,1.000000,1328.1,0.001000
192100,0.000009,1.000000,0.000012,1.000000,1328.9,0.001000
192200,0.038693,0.994898,0.055195,0.994686,1329.5,0.001000
192300,0.082653,0.991071,0.127249,0.988948,1330.2,0.001000
192400,0.014688,0.997662,0.068660,0.994049,1330.9,0.001000
192500,0.053928,0.994260,0.081169,0.990648,1331.6,0.001000
192600,0.069639,0.992347,0.110078,0.990648,1332.4,0.001000
192700,0.037155,0.996386,0.080088,0.992349,1333.0,0.001000
192800,0.046035,0.993197,0.059670,0.993411,1333.7,0.001000
192900,0.008471,0.998087,0.069796,0.995112,1334.4,0.001000
193000,0.038126,0.994898,0.067321,0.990861,1335.1,0.001000
193100,0.019920,0.997024,0.050488,0.993624,1335.8,0.001000
193200,0.012358,0.998512,0.032189,0.995324,1336.5,0.001000
193300,0.032279,0.997662,0.052863,0.993836,1337.2,0.001000
193400,0.006633,0.998299,0.014517,0.997662,1337.9,0.001000
193500,0.000440,0.999787,0.022079,0.997237,1338.6,0.001000
193600,0.013000,0.997236,0.038362,0.995112,1339.2,0.001000
193700,0.007713,0.998937,0.013269,0.998725,1339.9,0.001000
193800,0.012922,0.998087,0.014959,0.997662,1340.5,0.001000
193900,0.013019,0.998299,0.035309,0.994474,1341.2,0.001000
194000,0.001915,0.999150,0.015227,0.998512,1341.9,0.001000
194100,0.004501,0.998724,0.014961,0.997024,1342.6,0.001000
194200,0.014682,0.998724,0.034366,0.995749,1343.3,0.001000
194300,0.020919,0.996599,0.039253,0.992774,1344.0,0.001000
194400,0.033801,0.996811,0.034057,0.994899,1344.7,0.001000
194500,0.004907,0.999575,0.016855,0.997237,1345.4,0.001000
194600,0.020534,0.996811,0.031411,0.996812,1346.1,0.001000
194700,0.012692,0.997874,0.025410,0.996174,1346.8,0.001000
194800,0.005900,0.999575,0.010346,0.997662,1347.5,0.001000
194900,0.005708,0.999150,0.019906,0.997024,1348.2,0.001000
195000,0.005154,0.998937,0.008676,0.997662,1348.9,0.001000
195100,0.016935,0.997024,0.035408,0.995324,1349.5,0.001000
195200,0.000855,0.999787,0.006116,0.997875,1350.2,0.001000
195300,0.008322,0.997874,0.026674,0.995537,1350.9,0.001000
195400,0.003443,0.999575,0.011167,0.997450,1351.6,0.001000
195500,0.004123,0.998724,0.011558,0.996387,1352.3,0.001000
195600,0.003365,0.998512,0.023833,0.995537,1353.1,0.001000
195700,0.003432,0.999362,0.009929,0.998300,1353.8,0.001000
195800,0.008179,0.998512,0.018896,0.996174,1354.4,0.001000
195900,0.008090,0.998087,0.011084,0.996599,1355.1,0.001000
196000,0.006041,0.998512,0.015484,0.996599,1355.8,0.001000
196100,0.000025,1.000000,0.008799,0.998512,1356.5,0.001000
196200,0.013053,0.997024,0.016281,0.995749,1357.2,0.001000
196300,0.003113,0.999362,0.011701,0.997450,1357.9,0.001000
196400,0.004395,0.999150,0.007091,0.997024,1358.6,0.001000
196500,0.001474,0.999787,0.010462,0.997662,1359.3,0.001000
196600,0.000003,1.000000,0.001601,0.999787,1360.0,0.001000
196700,0.000001,1.000000,0.000756,0.999787,1360.7,0.001000
196800,0.000000,1.000000,0.000250,0.999787,1361.5,0.001000
196900,0.000000,1.000000,0.000266,0.999787,1362.2,0.001000
197000,0.000000,1.000000,0.000668,0.999787,1362.8,0.001000
197100,0.000000,1.000000,0.001615,0.999575,1363.5,0.001000
197200,0.001190,0.999787,0.003189,0.999362,1364.2,0.001000
197300,0.003224,0.999150,0.016369,0.997237,1364.9,0.001000
197400,0.004139,0.999575,0.017032,0.998087,1365.6,0.001000
197500,0.008588,0.998512,0.015726,0.995962,1366.3,0.001000
197600,0.000328,1.000000,0.007073,0.998300,1367.0,0.001000
197700,0.000155,1.000000,0.001919,0.999575,1367.7,0.001000
197800,0.003277,0.998937,0.002584,0.999150,1368.5,0.001000
197900,0.002916,0.998724,0.004687,0.998725,1369.1,0.001000
198000,0.002157,0.998937,0.010482,0.996812,1369.8,0.001000
198100,0.000555,0.999787,0.002833,0.999150,1370.4,0.001000
198200,0.000004,1.000000,0.001974,0.999362,1371.1,0.001000
198300,0.000002,1.000000,0.001767,0.999362,1371.8,0.001000
198400,0.000001,1.000000,0.001775,0.999362,1372.5,0.001000
198500,0.000000,1.000000,0.001545,0.999362,1373.2,0.001000
198600,0.000001,1.000000,0.000823,0.999787,1373.9,0.001000
198700,0.000001,1.000000,0.000321,0.999787,1374.6,0.001000
198800,0.000001,1.000000,0.000053,1.000000,1375.3,0.001000
198900,0.000000,1.000000,0.000002,1.000000,1376.0,0.001000
199000,0.000001,1.000000,0.000001,1.000000,1376.7,0.001000
199100,0.000000,1.000000,0.000000,1.000000,1377.4,0.001000
199200,0.000000,1.000000,0.000000,1.000000,1378.1,0.001000
199300,0.000000,1.000000,0.000000,1.000000,1378.8,0.001000
199400,0.000000,1.000000,0.000000,1.000000,1379.5,0.001000
199500,0.000000,1.000000,0.000000,1.000000,1380.2,0.001000
199600,0.000000,1.000000,0.000000,1.000000,1381.0,0.001000
199700,0.000000,1.000000,0.000000,1.000000,1381.7,0.001000
199800,0.000000,1.000000,0.000000,1.000000,1382.4,0.001000
199900,0.000000,1.000000,0.000000,1.000000,1383.3,0.001000
