step,train_loss,train_acc,test_loss,test_acc,elapsed_sec,lr
0,5.229364,0.007440,5.256857,0.009139,0.1,0.000020
100,4.573752,0.015306,4.678166,0.005951,1.0,0.001000
200,4.223354,0.098639,4.947680,0.008714,1.8,0.001000
300,3.887527,0.211947,4.737740,0.025930,2.6,0.001000
400,3.397545,0.335034,4.216561,0.074601,3.5,0.001000
500,2.140880,0.806548,2.359736,0.604251,4.6,0.001000
600,1.630668,0.951318,1.730500,0.890117,5.4,0.001000
700,1.623928,0.976190,1.674031,0.961743,6.3,0.001000
800,1.502791,0.974277,1.542837,0.962593,7.0,0.001000
900,1.127598,0.983844,1.160780,0.983209,7.7,0.001000
1000,1.096512,0.978529,1.123168,0.975770,8.5,0.001000
1100,0.951917,0.973852,0.976325,0.972795,9.4,0.001000
1200,0.747222,0.988946,0.767937,0.986185,10.2,0.001000
1300,0.708122,0.982143,0.722895,0.978746,11.1,0.001000
1400,0.655675,0.982143,0.677800,0.973007,11.8,0.001000
1500,0.690243,0.963648,0.708899,0.962168,12.6,0.001000
1600,0.504691,0.997024,0.519778,0.994474,13.4,0.001000
1700,0.501866,0.996173,0.525313,0.990648,14.4,0.001000
1800,0.431179,0.995323,0.447161,0.992349,15.3,0.001000
1900,0.465182,0.990008,0.474709,0.989160,16.0,0.001000
2000,0.372621,0.999362,0.384986,0.997662,16.8,0.001000
2100,0.395947,0.994048,0.406663,0.993199,17.5,0.001000
2200,0.366696,0.996811,0.379409,0.996387,18.2,0.001000
2300,0.453544,0.987883,0.463562,0.985972,18.9,0.001000
2400,0.440727,0.973639,0.451282,0.975345,19.7,0.001000
2500,0.371469,0.998512,0.382513,0.997237,20.4,0.001000
2600,0.445926,0.980017,0.461885,0.976621,21.1,0.001000
2700,0.437216,0.975765,0.451782,0.972157,21.8,0.001000
2800,0.320309,0.998724,0.331251,0.997875,22.5,0.001000
2900,0.338008,0.996386,0.348999,0.996812,23.2,0.001000
3000,0.336494,0.994048,0.345113,0.990436,24.0,0.001000
3100,0.288006,0.998087,0.297952,0.996174,24.8,0.001000
3200,0.270565,0.998937,0.275258,0.999150,25.6,0.001000
3300,0.343643,0.998724,0.350907,0.998725,26.3,0.001000
3400,0.329244,0.991071,0.337445,0.992136,27.1,0.001000
3500,0.290904,0.997236,0.303252,0.995962,27.9,0.001000
3600,0.316875,0.992772,0.324203,0.994899,28.6,0.001000
3700,0.325443,0.997024,0.338713,0.994686,29.4,0.001000
3800,0.360971,0.995323,0.372236,0.996174,30.2,0.001000
3900,0.390332,0.982993,0.403738,0.983209,31.0,0.001000
4000,0.342885,0.992772,0.349954,0.992986,31.7,0.001000
4100,0.361935,0.993410,0.377427,0.991286,32.5,0.001000
4200,0.334844,0.991709,0.350842,0.990223,33.2,0.001000
4300,0.312199,0.993410,0.322785,0.992774,33.9,0.001000
4400,0.437642,0.967687,0.453592,0.964506,34.8,0.001000
4500,0.304809,0.999362,0.314338,0.999575,35.6,0.001000
4600,0.307309,0.998512,0.319209,0.998512,36.3,0.001000
4700,0.265233,1.000000,0.272582,1.000000,37.1,0.001000
4800,0.407416,0.986820,0.413559,0.989798,37.8,0.001000
4900,0.331189,0.993197,0.340727,0.993411,38.6,0.001000
5000,0.295914,0.995961,0.306140,0.996174,39.3,0.001000
5100,0.308542,0.997449,0.319875,0.996599,40.1,0.001000
5200,0.294059,0.997236,0.305789,0.996599,40.8,0.001000
5300,0.331035,0.993197,0.347016,0.990223,41.6,0.001000
5400,0.320941,0.997874,0.330084,0.998300,42.3,0.001000
5500,0.340129,0.996386,0.353205,0.994261,43.0,0.001000
5600,0.276713,0.998299,0.281243,0.998300,43.7,0.001000
5700,0.387726,0.985544,0.401884,0.982784,44.4,0.001000
5800,0.471413,0.967262,0.493956,0.963656,45.1,0.001000
5900,0.302219,0.998724,0.307371,0.999150,45.9,0.001000
6000,0.298918,0.994048,0.307511,0.993199,46.6,0.001000
6100,0.310861,0.997662,0.319427,0.995749,47.3,0.001000
6200,0.393951,0.981718,0.410626,0.978108,48.0,0.001000
6300,0.336642,0.993622,0.347117,0.993624,48.7,0.001000
6400,0.315366,0.997024,0.323995,0.995749,49.5,0.001000
6500,0.303077,0.995748,0.312353,0.996599,50.2,0.001000
6600,0.311229,0.997236,0.321562,0.997662,50.9,0.001000
6700,0.311198,0.997662,0.324399,0.997875,51.6,0.001000
6800,0.306922,0.999362,0.315137,0.999575,52.3,0.001000
6900,0.478534,0.970238,0.495435,0.964931,53.1,0.001000
7000,0.333842,0.990434,0.345221,0.989798,53.8,0.001000
7100,0.383872,0.985757,0.400848,0.983209,54.6,0.001000
7200,0.287083,0.997874,0.296997,0.997875,55.3,0.001000
7300,0.305343,0.993622,0.315183,0.993411,56.1,0.001000
7400,0.318163,0.995961,0.325389,0.994686,56.9,0.001000
7500,0.328091,0.992985,0.338627,0.991498,57.7,0.001000
7600,0.294452,0.997024,0.309571,0.996599,58.4,0.001000
7700,0.313892,0.995748,0.318671,0.997237,59.1,0.001000
7800,0.327499,0.988095,0.335711,0.985122,59.8,0.001000
7900,0.325936,0.993197,0.334314,0.994474,60.6,0.001000
8000,0.277675,0.999362,0.286927,0.999150,61.3,0.001000
8100,0.416901,0.980230,0.429831,0.983209,62.1,0.001000
8200,0.279969,0.997024,0.289649,0.998087,62.8,0.001000
8300,0.309682,0.993410,0.323347,0.994474,63.6,0.001000
8400,0.350830,0.996811,0.362673,0.995324,64.3,0.001000
8500,0.340476,0.994473,0.347946,0.994261,65.1,0.001000
8600,0.269567,0.999150,0.277197,0.999150,65.9,0.001000
8700,0.282938,0.999575,0.291892,0.999150,66.7,0.001000
8800,0.359714,0.991709,0.369867,0.991286,67.4,0.001000
8900,0.338863,0.982993,0.348429,0.982784,68.2,0.001000
9000,0.358144,0.987883,0.367781,0.988098,69.0,0.001000
9100,0.405692,0.984906,0.421641,0.980871,69.8,0.001000
9200,0.332056,0.991709,0.343269,0.990223,70.5,0.001000
9300,0.258487,1.000000,0.266403,1.000000,71.2,0.001000
9400,0.444560,0.972151,0.465070,0.964081,71.9,0.001000
9500,0.277372,0.999787,0.286278,0.999787,72.6,0.001000
9600,0.508561,0.941539,0.523790,0.934750,73.4,0.001000
9700,0.305544,0.997024,0.318377,0.996599,74.3,0.001000
9800,0.321748,0.990859,0.332104,0.991498,75.2,0.001000
9900,0.339861,0.996386,0.351501,0.995537,76.2,0.001000
10000,0.328461,0.993622,0.340389,0.992561,77.0,0.001000
10100,0.330624,0.995111,0.343861,0.995962,78.0,0.001000
10200,0.319232,0.998299,0.327904,0.996812,78.9,0.001000
10300,0.285243,0.999150,0.298592,0.998300,79.6,0.001000
10400,0.297161,0.998299,0.305631,0.997662,80.3,0.001000
10500,0.441904,0.970451,0.452635,0.968119,81.0,0.001000
10600,0.278553,0.999150,0.287025,0.998725,81.8,0.001000
10700,0.289278,0.997024,0.299886,0.996599,82.5,0.001000
10800,0.301165,0.996386,0.308371,0.997450,83.2,0.001000
10900,0.339797,0.990646,0.350518,0.990648,83.9,0.001000
11000,0.277078,0.995111,0.285845,0.995537,84.6,0.001000
11100,0.379368,0.978954,0.387985,0.983209,85.3,0.001000
11200,0.369216,0.989158,0.382566,0.986610,85.9,0.001000
11300,0.308810,0.998087,0.321389,0.998300,86.8,0.001000
11400,0.387960,0.990859,0.403768,0.989798,87.6,0.001000
11500,0.363564,0.991709,0.375012,0.990436,88.4,0.001000
11600,0.335046,0.993197,0.345260,0.991923,89.2,0.001000
11700,0.432188,0.991709,0.442886,0.989160,90.0,0.001000
11800,0.274561,0.998724,0.286089,0.998087,90.8,0.001000
11900,0.300052,0.998937,0.311451,0.998725,91.5,0.001000
12000,0.284543,0.998724,0.293384,0.996174,92.3,0.001000
12100,0.283702,0.998087,0.294966,0.998512,93.0,0.001000
12200,0.284989,0.997449,0.293895,0.996387,93.7,0.001000
12300,0.447370,0.962585,0.468313,0.955367,94.4,0.001000
12400,0.316775,0.997449,0.323610,0.997450,95.2,0.001000
12500,0.311034,0.996386,0.317879,0.996812,96.0,0.001000
12600,0.276581,0.998937,0.284919,0.998937,96.7,0.001000
12700,0.257261,0.999575,0.266329,0.998937,97.4,0.001000
12800,0.314202,0.989371,0.323600,0.989160,98.2,0.001000
12900,0.292507,0.998087,0.303498,0.998087,98.9,0.001000
13000,0.351715,0.991709,0.366113,0.988310,99.7,0.001000
13100,0.353793,0.980867,0.370476,0.982359,100.4,0.001000
13200,0.322212,0.994473,0.337584,0.990436,101.2,0.001000
13300,0.378779,0.978316,0.391349,0.977896,102.0,0.001000
13400,0.280319,0.997024,0.294403,0.996599,102.7,0.001000
13500,0.325449,0.997024,0.339224,0.996174,103.4,0.001000
13600,0.289655,0.994898,0.299711,0.994686,104.2,0.001000
13700,0.322921,0.991284,0.337008,0.986822,104.9,0.001000
13800,0.276490,0.998937,0.289934,0.998512,105.6,0.001000
13900,0.314772,0.993197,0.324892,0.992349,106.4,0.001000
14000,0.271325,1.000000,0.282044,0.999150,107.1,0.001000
14100,0.320058,0.998087,0.332940,0.996387,107.8,0.001000
14200,0.336620,0.997449,0.350208,0.996174,108.6,0.001000
14300,0.319568,0.995961,0.330907,0.995537,109.3,0.001000
14400,0.475001,0.942389,0.486666,0.948565,110.0,0.001000
14500,0.318278,0.995961,0.333914,0.990223,110.7,0.001000
14600,0.359349,0.981930,0.369739,0.977471,111.4,0.001000
14700,0.257710,0.999362,0.268153,0.998725,112.2,0.001000
14800,0.314631,0.997024,0.325962,0.996599,112.9,0.001000
14900,0.355906,0.993197,0.368109,0.990861,113.6,0.001000
15000,0.303005,0.995323,0.313325,0.993624,114.3,0.001000
15100,0.297511,0.997874,0.303779,0.997450,115.0,0.001000
15200,0.290053,0.995961,0.297859,0.996812,115.7,0.001000
15300,0.342890,0.993622,0.355610,0.993624,116.5,0.001000
15400,0.263742,0.998299,0.271924,0.997450,117.2,0.001000
15500,0.474144,0.947704,0.499134,0.940276,117.9,0.001000
15600,0.337047,0.995961,0.349040,0.994049,118.6,0.001000
15700,0.338645,0.995111,0.352035,0.995112,119.3,0.001000
15800,0.267083,0.999787,0.278959,1.000000,120.0,0.001000
15900,0.455558,0.970451,0.460260,0.971945,120.8,0.001000
16000,0.289722,0.998512,0.301703,0.997662,121.6,0.001000
16100,0.355497,0.995748,0.364641,0.993836,122.4,0.001000
16200,0.373976,0.988520,0.387920,0.986397,123.2,0.001000
16300,0.287076,0.996811,0.298868,0.997662,123.9,0.001000
16400,0.320502,0.993622,0.334507,0.990011,124.6,0.001000
16500,0.447544,0.966412,0.464479,0.964506,125.4,0.001000
16600,0.335903,0.989796,0.340339,0.991073,126.1,0.001000
16700,0.526774,0.951318,0.536790,0.953029,126.7,0.001000
16800,0.344387,0.990646,0.355454,0.990011,127.4,0.001000
16900,0.405592,0.982143,0.416880,0.981509,128.1,0.001000
17000,0.323149,0.991922,0.332461,0.994049,128.8,0.001000
17100,0.290003,0.995323,0.304421,0.997237,129.6,0.001000
17200,0.358397,0.995536,0.376007,0.989373,130.3,0.001000
17300,0.464198,0.958546,0.475484,0.958555,131.0,0.001000
17400,0.335665,0.998724,0.345517,0.998937,131.7,0.001000
17500,0.315997,0.996173,0.321938,0.997024,132.4,0.001000
17600,0.377393,0.986395,0.389029,0.986185,133.1,0.001000
17700,0.431540,0.967049,0.446088,0.964718,133.9,0.001000
17800,0.290466,0.999362,0.304359,0.997450,134.6,0.001000
17900,0.346461,0.992347,0.357149,0.990861,135.6,0.001000
18000,0.368328,0.975128,0.385765,0.970882,136.4,0.001000
18100,0.282133,0.997662,0.288004,0.997450,137.3,0.001000
18200,0.327086,0.985969,0.339890,0.987035,138.0,0.001000
18300,0.371153,0.985332,0.387415,0.987673,138.7,0.001000
18400,0.303196,0.998299,0.311354,0.997662,139.4,0.001000
18500,0.320724,0.992559,0.325839,0.994474,140.1,0.001000
18600,0.302088,0.996811,0.312600,0.993836,140.8,0.001000
18700,0.294169,0.996173,0.305655,0.995537,141.5,0.001000
18800,0.287226,0.997874,0.300243,0.998725,142.2,0.001000
18900,0.343489,0.989583,0.357431,0.986610,142.9,0.001000
19000,0.302598,0.995748,0.311578,0.995749,143.6,0.001000
19100,0.433552,0.972576,0.462907,0.966631,144.3,0.001000
19200,0.402685,0.964498,0.414483,0.962593,145.0,0.001000
19300,0.277539,0.997449,0.285690,0.996174,145.8,0.001000
19400,0.267761,0.999787,0.278841,1.000000,146.5,0.001000
19500,0.325198,0.995323,0.334905,0.995749,147.2,0.001000
19600,0.381319,0.984694,0.397114,0.982147,148.0,0.001000
19700,0.327928,0.992772,0.339240,0.991073,148.7,0.001000
19800,0.256069,1.000000,0.267780,0.999150,149.3,0.001000
19900,0.372903,0.991922,0.386578,0.987460,150.0,0.001000
20000,0.321513,0.993835,0.334694,0.990648,150.7,0.001000
20100,0.323332,0.988733,0.339079,0.985335,151.4,0.001000
20200,0.323376,0.995536,0.336863,0.996812,152.1,0.001000
20300,0.372112,0.994473,0.390847,0.987673,152.8,0.001000
20400,0.304626,0.997874,0.316236,0.997662,153.5,0.001000
20500,0.288366,0.999150,0.295710,0.998512,154.2,0.001000
20600,0.358525,0.995323,0.369802,0.993836,154.9,0.001000
20700,0.277030,0.999362,0.286468,0.998087,155.6,0.001000
20800,0.259888,0.999150,0.269748,0.999362,156.3,0.001000
20900,0.398491,0.987457,0.416042,0.985547,157.0,0.001000
21000,0.422724,0.981292,0.434523,0.980234,157.7,0.001000
21100,0.345352,0.986395,0.357440,0.984060,158.4,0.001000
21200,0.384974,0.991284,0.400147,0.985547,159.1,0.001000
21300,0.297957,0.994048,0.308994,0.996174,159.8,0.001000
21400,0.333562,0.988095,0.347975,0.987248,160.5,0.001000
21500,0.431264,0.977891,0.439761,0.981509,161.2,0.001000
21600,0.388034,0.977466,0.402199,0.972582,162.0,0.001000
21700,0.344506,0.993835,0.352162,0.990861,162.7,0.001000
21800,0.268530,0.997236,0.278510,0.996599,163.5,0.001000
21900,0.327391,0.997236,0.341910,0.993411,164.2,0.001000
22000,0.314258,0.991497,0.324506,0.990861,164.9,0.001000
22100,0.347185,0.990646,0.355400,0.989160,165.6,0.001000
22200,0.311270,0.993835,0.316786,0.996174,166.4,0.001000
22300,0.395124,0.980867,0.407768,0.978533,167.1,0.001000
22400,0.327154,0.997874,0.343354,0.996812,167.8,0.001000
22500,0.309355,0.995323,0.322752,0.995537,168.5,0.001000
22600,0.316939,0.999150,0.326520,0.998512,169.3,0.001000
22700,0.313698,0.993835,0.321348,0.994474,170.0,0.001000
22800,0.315299,0.995111,0.327547,0.992986,170.7,0.001000
22900,0.280818,0.998512,0.292472,0.996387,171.4,0.001000
23000,0.398423,0.988308,0.404632,0.991923,172.1,0.001000
23100,0.380729,0.973639,0.397934,0.967269,172.8,0.001000
23200,0.283569,0.998724,0.296024,0.998725,173.5,0.001000
23300,0.303532,0.997236,0.317322,0.993836,174.2,0.001000
23400,0.351962,0.993197,0.370103,0.993624,174.9,0.001000
23500,0.302689,0.995536,0.311522,0.995537,175.6,0.001000
23600,0.319263,0.994898,0.330554,0.994686,176.3,0.001000
23700,0.312849,0.996599,0.324248,0.994474,177.0,0.001000
23800,0.383234,0.982781,0.393217,0.980234,177.7,0.001000
23900,0.377580,0.992134,0.385063,0.990011,178.4,0.001000
24000,0.436660,0.994048,0.447590,0.991073,179.3,0.001000
24100,0.271354,1.000000,0.279938,1.000000,180.1,0.001000
24200,0.260808,0.999787,0.267818,0.999575,181.1,0.001000
24300,0.296298,0.996173,0.307419,0.996387,181.9,0.001000
24400,0.348387,0.990646,0.360971,0.988523,182.7,0.001000
24500,0.342833,0.990646,0.355259,0.989798,183.5,0.001000
24600,0.293781,0.996173,0.305616,0.997024,184.2,0.001000
24700,0.359804,0.987670,0.375773,0.984910,185.0,0.001000
24800,0.231696,1.000000,0.239097,1.000000,185.8,0.001000
24900,0.298826,0.996173,0.308923,0.995537,186.6,0.001000
25000,0.308462,0.997449,0.322738,0.997024,187.5,0.001000
25100,0.296673,0.996386,0.307828,0.997024,188.4,0.001000
25200,0.282195,0.994685,0.295094,0.992561,189.2,0.001000
25300,0.366026,0.983206,0.384868,0.980871,190.1,0.001000
25400,0.329082,0.993410,0.340876,0.991286,191.0,0.001000
25500,0.297520,0.991497,0.305082,0.994049,191.9,0.001000
25600,0.394295,0.973214,0.409051,0.968757,192.7,0.001000
25700,0.316160,0.998087,0.326406,0.998937,193.5,0.001000
25800,0.300299,0.995111,0.310564,0.996599,194.6,0.001000
25900,0.299717,0.997662,0.309927,0.996812,195.6,0.001000
26000,0.320699,0.998299,0.331463,0.997024,196.6,0.001000
26100,0.294490,0.996173,0.307321,0.997024,197.5,0.001000
26200,0.360166,0.994473,0.369410,0.993624,198.5,0.001000
26300,0.311444,0.994898,0.323868,0.992986,199.5,0.001000
26400,0.307533,0.994685,0.317616,0.995537,200.3,0.001000
26500,0.245055,0.999575,0.253840,0.999150,201.1,0.001000
26600,0.301410,0.997449,0.312251,0.999362,202.0,0.001000
26700,0.318648,0.992347,0.331092,0.991286,202.8,0.001000
26800,0.332381,0.996173,0.345343,0.994474,203.7,0.001000
26900,0.321789,0.994048,0.330903,0.993624,204.5,0.001000
27000,0.320044,0.995536,0.336451,0.988735,205.3,0.001000
27100,0.305041,0.995961,0.317404,0.996174,206.1,0.001000
27200,0.271320,0.998937,0.280189,0.999150,206.9,0.001000
27300,0.324271,0.991922,0.340203,0.991498,207.9,0.001000
27400,0.338384,0.985969,0.345380,0.986822,208.9,0.001000
27500,0.314244,0.996173,0.331758,0.993199,209.8,0.001000
27600,0.333043,0.990221,0.339706,0.990223,210.9,0.001000
27700,0.342844,0.993197,0.351838,0.993624,211.9,0.001000
27800,0.285895,0.999150,0.296463,0.999575,212.9,0.001000
27900,0.343734,0.993197,0.356785,0.990861,213.8,0.001000
28000,0.306908,0.993410,0.322433,0.992561,214.5,0.001000
28100,0.281893,0.998937,0.291325,0.998725,215.3,0.001000
28200,0.284090,0.997662,0.294344,0.996812,216.0,0.001000
28300,0.316737,0.991497,0.322662,0.993836,216.8,0.001000
28400,0.310714,0.990646,0.320177,0.993411,217.6,0.001000
28500,0.356445,0.992985,0.372184,0.988098,218.4,0.001000
28600,0.328228,0.990859,0.344532,0.989798,219.2,0.001000
28700,0.300393,0.997024,0.313304,0.997024,219.9,0.001000
28800,0.286783,0.998299,0.296209,0.997024,220.8,0.001000
28900,0.340452,0.996386,0.353666,0.997237,221.7,0.001000
29000,0.423315,0.970451,0.429474,0.971520,222.5,0.001000
29100,0.362537,0.993197,0.377247,0.987885,223.4,0.001000
29200,0.272810,0.999575,0.284004,0.998725,224.3,0.001000
29300,0.303740,0.997449,0.314603,0.996599,225.1,0.001000
29400,0.284068,0.999150,0.291699,0.998512,225.9,0.001000
29500,0.289974,0.998087,0.299145,0.998725,226.8,0.001000
29600,0.376195,0.985332,0.380011,0.984910,227.7,0.001000
29700,0.444391,0.950468,0.450289,0.952604,228.5,0.001000
29800,0.342495,0.987883,0.353025,0.988098,229.4,0.001000
29900,0.565258,0.967049,0.584366,0.965569,230.3,0.001000
30000,0.278605,0.998087,0.290610,0.997662,231.2,0.001000
30100,0.339210,0.989583,0.358504,0.987460,232.1,0.001000
30200,0.326005,0.995323,0.339542,0.994261,233.0,0.001000
30300,0.303210,0.992134,0.311470,0.992774,234.0,0.001000
30400,0.354663,0.988946,0.366155,0.988735,234.9,0.001000
30500,0.313688,0.993835,0.326123,0.992349,235.9,0.001000
30600,0.331995,0.996599,0.341515,0.995324,236.7,0.001000
30700,0.332823,0.988733,0.340730,0.987248,237.7,0.001000
30800,0.341475,0.990008,0.359214,0.990436,238.6,0.001000
30900,0.364519,0.988095,0.374960,0.986397,239.6,0.001000
31000,0.255576,0.999787,0.266000,0.998300,240.8,0.001000
31100,0.361062,0.991497,0.373301,0.990648,241.8,0.001000
31200,0.321892,0.995536,0.332457,0.992986,242.7,0.001000
31300,0.347135,0.975553,0.355714,0.980659,243.5,0.001000
31400,0.285020,0.998724,0.293096,0.999362,244.4,0.001000
31500,0.276156,0.996811,0.284538,0.997450,245.2,0.001000
31600,0.383418,0.980655,0.393294,0.983209,246.1,0.001000
31700,0.346316,0.986395,0.360093,0.983209,246.9,0.001000
31800,0.369920,0.981930,0.388850,0.975345,247.6,0.001000
31900,0.327450,0.992772,0.331458,0.990436,248.3,0.001000
32000,0.274860,0.999575,0.283531,0.999575,249.0,0.001000
32100,0.311087,0.991284,0.317777,0.991923,249.9,0.001000
32200,0.371559,0.988946,0.387709,0.987460,250.8,0.001000
32300,0.231236,1.000000,0.239984,1.000000,251.7,0.001000
32400,0.357516,0.991497,0.367177,0.991498,252.8,0.001000
32500,0.364316,0.992347,0.378500,0.994261,254.0,0.001000
32600,0.307452,0.991497,0.318146,0.992349,255.5,0.001000
32700,0.307432,0.999150,0.319379,0.998725,256.8,0.001000
32800,0.394151,0.990008,0.414950,0.985122,257.9,0.001000
32900,0.257484,1.000000,0.269150,0.999787,258.9,0.001000
33000,0.289756,0.995536,0.303326,0.993624,260.0,0.001000
33100,0.261090,0.999575,0.269564,0.999787,261.0,0.001000
33200,0.304485,0.994898,0.317660,0.995962,262.1,0.001000
33300,0.277160,0.998937,0.287175,0.999150,263.4,0.001000
33400,0.316161,0.998512,0.325752,0.998300,264.2,0.001000
33500,0.467373,0.973214,0.487523,0.968332,265.1,0.001000
33600,0.371201,0.994473,0.379300,0.994686,266.0,0.001000
33700,0.323973,0.994898,0.335075,0.994474,266.9,0.001000
33800,0.345955,0.985332,0.357567,0.986610,267.8,0.001000
33900,0.406900,0.979804,0.422787,0.975770,268.7,0.001000
34000,0.260690,0.998299,0.269901,0.997450,269.7,0.001000
34100,0.312580,0.989371,0.316774,0.992349,270.7,0.001000
34200,0.293219,0.993622,0.303799,0.992349,271.7,0.001000
34300,0.290727,0.998299,0.302724,0.997450,272.9,0.001000
34400,0.302585,0.993197,0.312230,0.995749,273.8,0.001000
34500,0.328542,0.991922,0.343206,0.990223,274.7,0.001000
34600,0.352677,0.990646,0.364203,0.988948,275.6,0.001000
34700,0.294837,0.998512,0.306856,0.998512,276.4,0.001000
34800,0.373446,0.979379,0.387962,0.975558,277.3,0.001000
34900,0.375172,0.989158,0.395599,0.986822,278.1,0.001000
35000,0.340644,0.994048,0.349911,0.994899,278.8,0.001000
35100,0.346635,0.990434,0.356745,0.991923,279.5,0.001000
35200,0.333387,0.995748,0.340953,0.996387,280.3,0.001000
35300,0.344777,0.992347,0.360101,0.990861,281.0,0.001000
35400,0.337483,0.998087,0.344195,0.998512,281.7,0.001000
35500,0.366937,0.987457,0.378089,0.986397,282.5,0.001000
35600,0.284081,0.992985,0.294053,0.992774,283.2,0.001000
35700,0.375220,0.993835,0.384649,0.991923,283.9,0.001000
35800,0.298747,0.998937,0.307620,0.998087,284.7,0.001000
35900,0.330537,0.995323,0.342612,0.995749,285.4,0.001000
36000,0.420202,0.971088,0.428102,0.969819,286.2,0.001000
36100,0.375837,0.991922,0.391039,0.990648,286.9,0.001000
36200,0.398984,0.972789,0.413043,0.973645,287.7,0.001000
36300,0.342641,0.993622,0.356864,0.993199,288.4,0.001000
36400,0.305709,0.997236,0.314668,0.997450,289.1,0.001000
36500,0.435983,0.964498,0.461008,0.955579,289.9,0.001000
36600,0.421487,0.965561,0.437487,0.964506,290.6,0.001000
36700,0.308917,0.997449,0.315630,0.997875,291.3,0.001000
36800,0.330873,0.997449,0.342398,0.994899,292.1,0.001000
36900,0.335675,0.992347,0.347599,0.990648,292.7,0.001000
37000,0.316130,0.996811,0.325315,0.994474,293.5,0.001000
37100,0.369199,0.984694,0.378762,0.987885,294.2,0.001000
37200,0.443001,0.969388,0.452411,0.971095,294.9,0.001000
37300,0.310554,0.998512,0.322231,0.997662,295.6,0.001000
37400,0.340994,0.989583,0.347900,0.994049,296.4,0.001000
37500,0.338424,0.984481,0.346652,0.986822,297.0,0.001000
37600,0.306211,0.998299,0.315017,0.998725,297.7,0.001000
37700,0.285588,0.994898,0.297281,0.995112,298.5,0.001000
37800,0.274010,0.999150,0.282621,0.998725,299.2,0.001000
37900,0.355150,0.992134,0.363730,0.993199,299.9,0.001000
38000,0.415417,0.967262,0.427609,0.969819,300.6,0.001000
38100,0.327883,0.990646,0.338730,0.991498,301.3,0.001000
38200,0.364329,0.987670,0.373778,0.985760,302.0,0.001000
38300,0.484175,0.960459,0.507083,0.952391,302.7,0.001000
38400,0.354757,0.984056,0.366636,0.983422,303.5,0.001000
38500,0.294401,0.996811,0.304558,0.997662,304.1,0.001000
38600,0.309711,0.997662,0.321376,0.994899,304.9,0.001000
38700,0.304914,0.998512,0.315347,0.998512,305.5,0.001000
38800,0.321818,0.996811,0.334108,0.998300,306.2,0.001000
38900,0.327110,0.992347,0.335432,0.992136,306.9,0.001000
39000,0.309790,0.997024,0.321343,0.995962,307.6,0.001000
39100,0.266103,0.999787,0.272284,1.000000,308.3,0.001000
39200,0.294404,0.998937,0.303730,0.998512,309.0,0.001000
39300,0.324965,0.995111,0.335948,0.993624,309.7,0.001000
39400,0.253636,0.999150,0.264198,0.998725,310.4,0.001000
39500,0.306327,0.998724,0.314697,0.998512,311.1,0.001000
39600,0.343836,0.996386,0.350966,0.996599,311.8,0.001000
39700,0.348080,0.990434,0.355899,0.990223,312.5,0.001000
39800,0.311381,0.995961,0.327132,0.995962,313.2,0.001000
39900,0.295914,0.996173,0.307881,0.997237,314.1,0.001000
40000,0.283877,0.995748,0.297071,0.994474,315.0,0.001000
40100,0.480171,0.964923,0.492276,0.965781,315.8,0.001000
40200,0.361909,0.980655,0.383618,0.973645,316.6,0.001000
40300,0.322706,0.998512,0.330455,0.998937,317.6,0.001000
40400,0.285593,0.997662,0.293922,0.997875,318.4,0.001000
40500,0.250437,0.998724,0.260215,0.999362,319.3,0.001000
40600,0.277465,0.999575,0.288602,0.998512,320.3,0.001000
40700,0.305321,0.995536,0.315433,0.994049,321.2,0.001000
40800,0.277629,0.997874,0.286014,0.998087,322.0,0.001000
40900,0.286261,0.998299,0.293746,0.997450,322.7,0.001000
41000,0.272358,0.996599,0.279335,0.996387,323.5,0.001000
41100,0.391001,0.980230,0.399528,0.979384,324.3,0.001000
41200,0.278616,0.994473,0.282064,0.995537,325.0,0.001000
41300,0.266968,0.998937,0.276578,0.999362,325.7,0.001000
41400,0.324714,0.994260,0.333875,0.993624,326.6,0.001000
41500,0.282455,1.000000,0.289991,0.999575,327.3,0.001000
41600,0.283364,0.999150,0.291385,0.999150,328.2,0.001000
41700,0.344791,0.982993,0.360413,0.980871,329.1,0.001000
41800,0.373749,0.982355,0.387936,0.982359,330.0,0.001000
41900,0.301326,0.992134,0.313112,0.989160,331.0,0.001000
42000,0.328435,0.995323,0.342408,0.995537,331.8,0.001000
42100,0.296010,0.998299,0.308318,0.997237,332.8,0.001000
42200,0.251749,0.999362,0.264296,0.997662,333.7,0.001000
42300,0.350193,0.983418,0.360770,0.986822,334.5,0.001000
42400,0.293131,0.999150,0.303647,0.998725,335.4,0.001000
42500,0.370417,0.982568,0.388030,0.980659,336.2,0.001000
42600,0.320938,0.994685,0.335246,0.993411,336.9,0.001000
42700,0.302273,0.995323,0.313553,0.993836,337.7,0.001000
42800,0.383002,0.988095,0.395154,0.989586,338.4,0.001000
42900,0.355991,0.995536,0.371008,0.989798,339.1,0.001000
43000,0.298162,0.994473,0.305623,0.996387,339.9,0.001000
43100,0.275734,0.997874,0.285819,0.996174,340.6,0.001000
43200,0.351787,0.994898,0.364323,0.995537,341.3,0.001000
43300,0.308723,0.997662,0.322145,0.995112,342.1,0.001000
43400,0.336635,0.987883,0.353132,0.984272,342.8,0.001000
43500,0.288134,0.999150,0.302849,0.997024,343.5,0.001000
43600,0.350050,0.994048,0.364774,0.990436,344.3,0.001000
43700,0.258282,0.999575,0.266487,0.999575,345.0,0.001000
43800,0.275773,0.999575,0.283195,1.000000,345.8,0.001000
43900,0.271642,0.997024,0.282178,0.994686,346.5,0.001000
44000,0.376311,0.984694,0.391018,0.983634,347.3,0.001000
44100,0.337610,0.993410,0.350925,0.991286,348.0,0.001000
44200,0.375182,0.987883,0.380667,0.985122,348.8,0.001000
44300,0.262907,0.998087,0.271285,0.997237,349.5,0.001000
44400,0.275278,0.998937,0.286001,0.998937,350.3,0.001000
44500,0.331949,0.995323,0.344713,0.995324,351.0,0.001000
44600,0.282988,0.998724,0.295639,0.996599,351.7,0.001000
44700,0.304457,0.990434,0.313855,0.991711,352.4,0.001000
44800,0.292950,0.999787,0.303159,0.999362,353.1,0.001000
44900,0.337391,0.991284,0.346267,0.990011,354.0,0.001000
45000,0.284522,0.998937,0.294190,0.998725,354.7,0.001000
45100,0.281036,0.997236,0.292145,0.998300,355.4,0.001000
45200,0.311836,0.994473,0.320129,0.995324,356.2,0.001000
45300,0.312698,0.993622,0.326870,0.992561,356.8,0.001000
45400,0.259737,0.999575,0.266874,0.999575,357.4,0.001000
45500,0.329426,0.998937,0.338592,0.998087,358.1,0.001000
45600,0.291150,0.995748,0.296676,0.994686,358.7,0.001000
45700,0.339129,0.987670,0.359313,0.983634,359.4,0.001000
45800,0.282009,0.995961,0.292085,0.997237,360.0,0.001000
45900,0.347700,0.989796,0.360350,0.988735,360.6,0.001000
46000,0.313581,0.995536,0.323132,0.994261,361.2,0.001000
46100,0.316138,0.996811,0.328442,0.995324,361.9,0.001000
46200,0.321192,0.994898,0.332525,0.994474,362.6,0.001000
46300,0.341697,0.990646,0.354768,0.989798,363.4,0.001000
46400,0.376501,0.990859,0.393449,0.986185,364.1,0.001000
46500,0.296429,0.989583,0.305802,0.990011,364.9,0.001000
46600,0.295672,0.997236,0.307706,0.996387,365.6,0.001000
46700,0.239460,0.999787,0.247648,0.999362,366.4,0.001000
46800,0.389489,0.984694,0.399866,0.985547,367.2,0.001000
46900,0.314726,0.999362,0.327606,0.999575,368.0,0.001000
47000,0.405895,0.988308,0.424635,0.985972,368.7,0.001000
47100,0.254409,1.000000,0.265341,1.000000,369.5,0.001000
47200,0.290108,0.999362,0.297751,0.998725,370.2,0.001000
47300,0.291890,0.993410,0.303425,0.992986,371.0,0.001000
47400,0.306379,0.992772,0.317765,0.991073,371.7,0.001000
47500,0.239024,0.999787,0.248146,0.999362,372.5,0.001000
47600,0.318583,0.992772,0.331414,0.989586,373.6,0.001000
47700,0.269192,0.999150,0.276529,0.999575,374.7,0.001000
47800,0.340111,0.994473,0.353849,0.992349,375.6,0.001000
47900,0.339748,0.992772,0.350942,0.990223,376.4,0.001000
48000,0.576416,0.936437,0.591498,0.933050,377.3,0.001000
48100,0.265089,0.999150,0.277556,0.997662,378.0,0.001000
48200,0.254845,0.999575,0.265661,0.998512,378.8,0.001000
48300,0.283829,0.999575,0.295721,1.000000,379.6,0.001000
48400,0.334589,0.992985,0.353346,0.989586,380.3,0.001000
48500,0.268293,0.999575,0.275787,1.000000,381.2,0.001000
48600,0.387080,0.990434,0.398649,0.989373,382.0,0.001000
48700,0.344638,0.995323,0.358252,0.992349,382.8,0.001000
48800,0.370900,0.984906,0.376635,0.984485,383.7,0.001000
48900,0.396661,0.981080,0.410239,0.980659,384.4,0.001000
49000,0.333929,0.994473,0.350495,0.992349,385.2,0.001000
49100,0.323849,0.995111,0.335997,0.993199,386.0,0.001000
49200,0.281047,0.999150,0.290396,0.998300,386.7,0.001000
49300,0.349713,0.995536,0.360996,0.994261,387.5,0.001000
49400,0.274454,0.997024,0.280483,0.997237,388.2,0.001000
49500,0.352934,0.991709,0.371702,0.991073,389.0,0.001000
49600,0.332435,0.992559,0.349294,0.990648,389.7,0.001000
49700,0.434662,0.955995,0.457825,0.950691,390.5,0.001000
49800,0.429055,0.968750,0.442943,0.960893,391.2,0.001000
49900,0.274892,0.999575,0.287635,0.999787,392.0,0.001000
50000,0.310532,0.992347,0.317325,0.994049,392.8,0.001000
50100,0.289576,0.993197,0.302232,0.995112,393.5,0.001000
50200,0.357015,0.984694,0.368756,0.982997,394.2,0.001000
50300,0.293019,0.996386,0.301844,0.996812,395.0,0.001000
50400,0.329874,0.990221,0.343147,0.987885,395.7,0.001000
50500,0.371979,0.980655,0.383808,0.981722,396.5,0.001000
50600,0.301705,0.997662,0.310768,0.996387,397.2,0.001000
50700,0.356675,0.991709,0.372934,0.988310,398.0,0.001000
50800,0.290301,0.995536,0.296072,0.994899,398.7,0.001000
50900,0.306890,0.997449,0.323587,0.994261,399.4,0.001000
51000,0.306966,0.994898,0.322343,0.995112,400.2,0.001000
51100,0.322108,0.995536,0.331564,0.994474,401.0,0.001000
51200,0.302633,0.997662,0.313975,0.995962,401.7,0.001000
51300,0.302862,0.992559,0.313379,0.991711,402.4,0.001000
51400,0.272371,0.999150,0.282192,0.998300,403.2,0.001000
51500,0.274147,0.999575,0.283857,0.999787,403.9,0.001000
51600,0.292555,0.997662,0.297548,0.994261,404.7,0.001000
51700,0.261389,0.999150,0.270023,0.998087,405.5,0.001000
51800,0.249360,0.998087,0.262690,0.996387,406.2,0.001000
51900,0.246817,0.999150,0.253584,0.999150,406.9,0.001000
52000,0.271679,0.998087,0.281495,0.998725,407.7,0.001000
52100,0.299080,0.995961,0.316133,0.994049,408.4,0.001000
52200,0.291785,0.997874,0.303816,0.996812,409.2,0.001000
52300,0.263657,0.998087,0.275475,0.998300,409.9,0.001000
52400,0.365813,0.987245,0.372147,0.992561,410.7,0.001000
52500,0.468060,0.962160,0.477339,0.963443,411.4,0.001000
52600,0.347038,0.988308,0.362768,0.985972,412.1,0.001000
52700,0.518801,0.943665,0.533476,0.942827,412.8,0.001000
52800,0.299460,0.997874,0.312130,0.996599,413.6,0.001000
52900,0.269075,0.997662,0.279929,0.996387,414.3,0.001000
53000,0.302237,0.996811,0.310835,0.996599,415.0,0.001000
53100,0.358322,0.985544,0.370471,0.987248,415.8,0.001000
53200,0.467229,0.965561,0.487463,0.958130,416.6,0.001000
53300,0.292864,0.997449,0.302045,0.996174,417.3,0.001000
53400,0.268268,0.999362,0.272411,0.999575,418.0,0.001000
53500,0.317474,0.992772,0.330624,0.994686,418.7,0.001000
53600,0.295404,0.994685,0.303526,0.994261,419.5,0.001000
53700,0.325700,0.987457,0.335319,0.990223,420.2,0.001000
53800,0.298935,0.995323,0.305798,0.994261,420.9,0.001000
53900,0.322114,0.997236,0.330953,0.995324,421.7,0.001000
54000,0.257808,0.998512,0.265825,0.998725,422.4,0.001000
54100,0.257382,0.999150,0.268643,0.999150,423.1,0.001000
54200,0.339701,0.991497,0.349466,0.992136,423.9,0.001000
54300,0.322721,0.988946,0.332808,0.990861,424.5,0.001000
54400,0.302375,0.998512,0.314129,0.998725,425.3,0.001000
54500,0.327253,0.986607,0.341519,0.981084,426.0,0.001000
54600,0.277569,0.998724,0.288133,0.998937,426.8,0.001000
54700,0.263964,0.996811,0.274010,0.996387,427.5,0.001000
54800,0.264393,0.996811,0.274996,0.995537,428.3,0.001000
54900,0.329965,0.995111,0.347533,0.992561,429.0,0.001000
55000,0.269078,0.998724,0.278556,0.998937,429.8,0.001000
55100,0.296478,0.998299,0.308098,0.997875,430.5,0.001000
55200,0.278693,0.990434,0.288585,0.990648,431.2,0.001000
55300,0.367515,0.988095,0.383925,0.985335,432.0,0.001000
55400,0.291481,0.998299,0.304950,0.998300,432.8,0.001000
55500,0.288940,0.998299,0.301925,0.997450,433.5,0.001000
55600,0.230445,1.000000,0.237863,0.999575,434.4,0.001000
55700,0.368302,0.974702,0.381503,0.977258,435.3,0.001000
55800,0.314718,0.992134,0.324304,0.991711,436.2,0.001000
55900,0.375403,0.985332,0.390357,0.984060,437.1,0.001000
56000,0.237952,0.998937,0.246377,0.999150,437.9,0.001000
56100,0.388231,0.967687,0.404567,0.966631,438.9,0.001000
56200,0.310952,0.995536,0.325432,0.995324,439.8,0.001000
56300,0.297098,0.993622,0.306711,0.993624,440.5,0.001000
56400,0.312104,0.998937,0.322251,0.998512,441.3,0.001000
56500,0.338937,0.987883,0.349362,0.986822,442.1,0.001000
56600,0.363857,0.984481,0.378628,0.982997,442.8,0.001000
56700,0.308163,0.999150,0.321895,0.998937,443.5,0.001000
56800,0.423004,0.971088,0.432350,0.972370,444.3,0.001000
56900,0.376385,0.977466,0.387533,0.975558,445.1,0.001000
57000,0.317128,0.998937,0.330246,0.998300,445.8,0.001000
57100,0.251910,0.999575,0.259992,1.000000,446.5,0.001000
57200,0.316356,0.992985,0.326081,0.990223,447.3,0.001000
57300,0.292696,0.999362,0.301166,0.999362,448.1,0.001000
57400,0.268660,0.999150,0.279290,0.997662,449.0,0.001000
57500,0.345255,0.991497,0.356937,0.992136,449.8,0.001000
57600,0.362599,0.995748,0.374600,0.996174,450.5,0.001000
57700,0.339626,0.995748,0.348518,0.993836,451.4,0.001000
57800,0.380108,0.991709,0.387247,0.991498,452.1,0.001000
57900,0.317425,0.998724,0.328720,0.998300,452.8,0.001000
58000,0.350627,0.990221,0.362852,0.988098,453.6,0.001000
58100,0.404708,0.987245,0.423268,0.981722,454.3,0.001000
58200,0.343081,0.982781,0.358493,0.976833,455.1,0.001000
58300,0.322996,0.994685,0.336680,0.991923,455.8,0.001000
58400,0.309640,0.999362,0.321024,0.999362,456.6,0.001000
58500,0.280930,0.998724,0.289241,0.998300,457.3,0.001000
58600,0.306386,0.994048,0.315362,0.995112,458.1,0.001000
58700,0.289643,0.999362,0.298711,0.998087,458.8,0.001000
58800,0.340954,0.997449,0.353458,0.997237,459.6,0.001000
58900,0.287476,0.998087,0.300777,0.996812,460.3,0.001000
59000,0.276755,0.998299,0.285320,0.999150,461.1,0.001000
59100,0.299096,0.999362,0.308340,0.998937,461.9,0.001000
59200,0.398187,0.965349,0.402871,0.970032,462.7,0.001000
59300,0.265503,0.999787,0.278161,0.999362,463.4,0.001000
59400,0.359694,0.988308,0.371728,0.986610,464.2,0.001000
59500,0.299415,0.997874,0.313473,0.997024,465.0,0.001000
59600,0.456307,0.957483,0.469229,0.950266,465.8,0.001000
59700,0.354876,0.980867,0.368341,0.977683,466.6,0.001000
59800,0.322422,0.993197,0.332030,0.989586,467.3,0.001000
59900,0.289630,0.998087,0.298706,0.997450,468.0,0.001000
60000,0.323801,0.996173,0.334479,0.995962,468.8,0.001000
60100,0.283634,0.998087,0.288047,0.998087,469.5,0.001000
60200,0.277514,1.000000,0.285784,1.000000,470.3,0.001000
60300,0.287892,0.996173,0.298530,0.994474,471.0,0.001000
60400,0.468931,0.976190,0.492157,0.974495,471.8,0.001000
60500,0.340590,0.992347,0.352804,0.991073,472.5,0.001000
60600,0.369929,0.986395,0.384889,0.983847,473.2,0.001000
60700,0.369469,0.987670,0.382636,0.987248,474.0,0.001000
60800,0.325143,0.993835,0.339892,0.989586,474.8,0.001000
60900,0.283140,0.999150,0.293803,0.998725,475.6,0.001000
61000,0.285029,0.998512,0.295867,0.998937,476.6,0.001000
61100,0.306186,0.995111,0.312918,0.996387,477.4,0.001000
61200,0.257021,1.000000,0.267431,1.000000,478.2,0.001000
61300,0.278231,0.996599,0.288865,0.996812,479.1,0.001000
61400,0.267516,0.999787,0.275585,0.999787,479.8,0.001000
61500,0.577723,0.940901,0.595344,0.939851,480.6,0.001000
61600,0.286703,0.999575,0.296669,0.998512,481.4,0.001000
61700,0.336488,0.999150,0.343098,0.999362,482.1,0.001000
61800,0.395862,0.982993,0.404054,0.984272,482.8,0.001000
61900,0.346756,0.987883,0.355446,0.987035,483.5,0.001000
62000,0.235557,0.999362,0.245227,0.999150,484.2,0.001000
62100,0.334480,0.994685,0.351639,0.993624,484.9,0.001000
62200,0.258146,0.997874,0.269730,0.997875,485.5,0.001000
62300,0.284500,1.000000,0.292858,1.000000,486.2,0.001000
62400,0.443172,0.970876,0.454452,0.971732,486.9,0.001000
62500,0.321699,0.998087,0.331503,0.998087,487.6,0.001000
62600,0.321523,0.996811,0.334677,0.994899,488.3,0.001000
62700,0.271496,0.998299,0.277542,0.998512,489.0,0.001000
62800,0.412569,0.991497,0.430569,0.989160,489.7,0.001000
62900,0.261171,0.997874,0.272472,0.997875,490.4,0.001000
63000,0.275789,0.997874,0.286190,0.997662,491.1,0.001000
63100,0.346404,0.996811,0.362259,0.996599,491.8,0.001000
63200,0.301331,0.996811,0.314319,0.996599,492.5,0.001000
63300,0.424621,0.961735,0.438419,0.960893,493.2,0.001000
63400,0.285690,0.997024,0.295868,0.997450,493.9,0.001000
63500,0.268077,0.998087,0.280562,0.996812,494.6,0.001000
63600,0.340944,0.996811,0.353578,0.996812,495.3,0.001000
63700,0.260602,0.997874,0.269503,0.997450,496.1,0.001000
63800,0.349707,0.991497,0.364002,0.989160,496.8,0.001000
63900,0.280644,0.999362,0.292953,0.998512,497.5,0.001000
64000,0.312922,0.992347,0.321797,0.987248,498.2,0.001000
64100,0.299151,0.996386,0.313055,0.994686,498.9,0.001000
64200,0.468812,0.962160,0.476853,0.965994,499.6,0.001000
64300,0.277878,0.997874,0.288352,0.998300,500.4,0.001000
64400,0.292107,0.990008,0.305175,0.988098,501.2,0.001000
64500,0.361773,0.992347,0.369620,0.995537,501.9,0.001000
64600,0.291070,0.996811,0.298775,0.997024,502.5,0.001000
64700,0.291469,0.997449,0.300271,0.998512,503.2,0.001000
64800,0.284410,0.997449,0.296002,0.997662,503.9,0.001000
64900,0.322840,0.996599,0.338912,0.994261,504.6,0.001000
65000,0.330953,0.993622,0.346810,0.991923,505.3,0.001000
65100,0.359678,0.985119,0.373052,0.980234,506.0,0.001000
65200,0.306765,0.994685,0.319217,0.992774,506.7,0.001000
65300,0.632774,0.897959,0.662925,0.889267,507.4,0.001000
65400,0.340415,0.996173,0.351654,0.996599,508.1,0.001000
65500,0.271155,0.995748,0.283944,0.995324,508.9,0.001000
65600,0.305555,0.989583,0.315043,0.988735,509.6,0.001000
65700,0.285677,0.998512,0.294715,0.999362,510.3,0.001000
65800,0.365928,0.984269,0.375239,0.985122,511.0,0.001000
65900,0.508006,0.948767,0.520020,0.946440,511.7,0.001000
66000,0.359709,0.989796,0.372999,0.987460,512.4,0.001000
66100,0.239431,1.000000,0.249807,0.999787,513.1,0.001000
66200,0.277553,0.996599,0.284821,0.996174,513.8,0.001000
66300,0.343475,0.991922,0.354379,0.992774,514.5,0.001000
66400,0.270834,0.998299,0.283091,0.997024,515.2,0.001000
66500,0.287703,0.998087,0.297094,0.997662,515.9,0.001000
66600,0.281886,0.998724,0.292213,0.998937,516.6,0.001000
66700,0.302387,0.998087,0.311535,0.998087,517.3,0.001000
66800,0.299726,0.998299,0.310422,0.999362,518.0,0.001000
66900,0.286462,0.995748,0.297287,0.996599,518.6,0.001000
67000,0.355487,0.989796,0.367168,0.987460,519.3,0.001000
67100,0.303715,0.994685,0.314556,0.992774,520.0,0.001000
67200,0.341293,0.991922,0.350083,0.992986,520.7,0.001000
67300,0.354196,0.980442,0.362963,0.978959,521.4,0.001000
67400,0.276063,0.998299,0.282590,0.998725,522.2,0.001000
67500,0.378095,0.984906,0.391566,0.984060,522.9,0.001000
67600,0.349920,0.981718,0.364641,0.979384,523.6,0.001000
67700,0.273392,0.998937,0.282646,0.999150,524.3,0.001000
67800,0.284955,0.996811,0.298513,0.993199,525.0,0.001000
67900,0.301968,0.997449,0.310364,0.996174,525.7,0.001000
68000,0.306048,0.998512,0.315875,0.998937,526.4,0.001000
68100,0.249435,0.999575,0.257706,0.999150,527.1,0.001000
68200,0.307454,0.994898,0.315210,0.994686,527.8,0.001000
68300,0.422001,0.985332,0.437139,0.981509,528.5,0.001000
68400,0.379249,0.992134,0.396146,0.992349,529.2,0.001000
68500,0.357912,0.992772,0.370133,0.992349,530.0,0.001000
68600,0.316999,0.991071,0.328776,0.991073,530.7,0.001000
68700,0.354679,0.991922,0.365194,0.988098,531.4,0.001000
68800,0.329500,0.989796,0.346303,0.985547,532.2,0.001000
68900,0.288590,0.999575,0.297935,0.998512,532.9,0.001000
69000,0.360639,0.987245,0.377047,0.986822,533.6,0.001000
69100,0.398599,0.967049,0.414420,0.960042,534.3,0.001000
69200,0.270783,0.997662,0.279670,0.998725,535.1,0.001000
69300,0.289317,0.997874,0.300237,0.997450,535.8,0.001000
69400,0.331754,0.993197,0.337066,0.994899,536.6,0.001000
69500,0.266910,0.999362,0.278264,0.999362,537.3,0.001000
69600,0.280022,0.997449,0.292115,0.995112,538.0,0.001000
69700,0.394332,0.990646,0.413004,0.992136,538.7,0.001000
69800,0.280289,0.997874,0.287983,0.998937,539.4,0.001000
69900,0.312878,0.992772,0.323659,0.991711,540.1,0.001000
70000,0.307017,0.998724,0.317828,0.998725,541.0,0.001000
70100,0.277198,0.994898,0.288237,0.995112,541.8,0.001000
70200,0.324486,0.995536,0.337121,0.992774,542.5,0.001000
70300,0.324868,0.993410,0.335044,0.994686,543.3,0.001000
70400,0.421203,0.969600,0.440759,0.961105,544.0,0.001000
70500,0.301359,0.984906,0.310249,0.987673,544.7,0.001000
70600,0.227892,0.999575,0.236642,0.999575,545.4,0.001000
70700,0.295861,0.998299,0.307415,0.995962,546.1,0.001000
70800,0.243724,0.998299,0.255397,0.996599,546.8,0.001000
70900,0.345151,0.992134,0.352301,0.991711,547.6,0.001000
71000,0.439335,0.969600,0.442999,0.966206,548.5,0.001000
71100,0.325458,0.991709,0.341403,0.989798,549.2,0.001000
71200,0.322017,0.990434,0.332153,0.989373,550.0,0.001000
71300,0.331866,0.993410,0.339058,0.995112,550.8,0.001000
71400,0.403276,0.991709,0.415370,0.989160,551.6,0.001000
71500,0.222689,1.000000,0.231441,1.000000,552.3,0.001000
71600,0.278332,0.999787,0.285947,0.999787,553.0,0.001000
71700,0.370647,0.993622,0.384779,0.992349,553.9,0.001000
71800,0.344573,0.982143,0.359623,0.981296,554.8,0.001000
71900,0.423836,0.993197,0.435926,0.992986,555.6,0.001000
72000,0.264058,0.999150,0.271795,0.998937,556.4,0.001000
72100,0.324443,0.995111,0.335647,0.996174,557.2,0.001000
72200,0.260093,0.998724,0.267975,0.999150,558.0,0.001000
72300,0.305645,0.997662,0.314092,0.996599,558.8,0.001000
72400,0.467500,0.962798,0.481486,0.958130,559.7,0.001000
72500,0.343707,0.990008,0.348734,0.994261,560.5,0.001000
72600,0.327119,0.996599,0.337818,0.997450,561.2,0.001000
72700,0.393365,0.981930,0.402421,0.982359,562.0,0.001000
72800,0.347152,0.991497,0.359517,0.990011,562.7,0.001000
72900,0.392749,0.993622,0.410894,0.993836,563.5,0.001000
73000,0.389018,0.994048,0.404246,0.992561,564.2,0.001000
73100,0.288762,0.998087,0.299904,0.996599,564.9,0.001000
73200,0.417350,0.966412,0.426851,0.965781,565.6,0.001000
73300,0.326681,0.988946,0.334475,0.990223,566.3,0.001000
73400,0.256925,0.997236,0.267401,0.997237,567.0,0.001000
73500,0.328246,0.991922,0.339581,0.989160,567.7,0.001000
73600,0.389924,0.994685,0.407051,0.991286,568.5,0.001000
73700,0.462547,0.956845,0.476622,0.954304,569.3,0.001000
73800,0.300164,0.995961,0.316101,0.990861,570.0,0.001000
73900,0.311288,0.995748,0.325059,0.996599,570.8,0.001000
74000,0.342081,0.996599,0.357611,0.993836,571.6,0.001000
74100,0.357928,0.985969,0.367536,0.987035,572.4,0.001000
74200,0.303655,0.996599,0.313666,0.994899,573.1,0.001000
74300,0.272144,0.999150,0.285113,0.997875,573.8,0.001000
74400,0.352412,0.984269,0.368952,0.977896,574.5,0.001000
74500,0.267828,0.998087,0.273758,0.998725,575.2,0.001000
74600,0.327489,0.991071,0.341894,0.990223,575.9,0.001000
74700,0.283303,0.998937,0.294840,0.997450,576.6,0.001000
74800,0.332166,0.989371,0.341082,0.988310,577.3,0.001000
74900,0.250329,0.999362,0.260642,0.998300,578.0,0.001000
75000,0.301261,0.998937,0.311013,0.998937,578.6,0.001000
75100,0.260379,0.999150,0.271217,0.999575,579.3,0.001000
75200,0.327999,0.994048,0.342487,0.989373,580.0,0.001000
75300,0.275066,0.999575,0.284394,0.999362,580.7,0.001000
75400,0.306849,0.997024,0.318089,0.995962,581.3,0.001000
75500,0.307795,0.995111,0.323099,0.993411,582.0,0.001000
75600,0.380086,0.990221,0.395121,0.990011,582.7,0.001000
75700,0.330666,0.992772,0.341752,0.990011,583.4,0.001000
75800,0.278420,0.997662,0.290393,0.997237,584.1,0.001000
75900,0.342626,0.991709,0.357114,0.990011,584.8,0.001000
76000,0.360337,0.984269,0.365936,0.986185,585.5,0.001000
76100,0.279492,0.994685,0.288050,0.994261,586.2,0.001000
76200,0.344849,0.978104,0.357262,0.981084,586.9,0.001000
76300,0.285884,0.998087,0.298328,0.997875,587.6,0.001000
76400,0.384441,0.986182,0.392853,0.987885,588.4,0.001000
76500,0.376759,0.986607,0.385001,0.985547,589.1,0.001000
76600,0.320414,0.985757,0.331859,0.986185,589.9,0.001000
76700,0.327882,0.995961,0.339221,0.996174,590.5,0.001000
76800,0.281777,0.996599,0.291687,0.995962,591.2,0.001000
76900,0.308107,0.990221,0.317987,0.989373,591.9,0.001000
77000,0.298294,0.993197,0.312492,0.990648,592.6,0.001000
77100,0.332336,0.993835,0.342598,0.996599,593.3,0.001000
77200,0.310310,0.994898,0.322883,0.993624,594.0,0.001000
77300,0.341142,0.995323,0.354741,0.995537,594.7,0.001000
77400,0.344523,0.988520,0.356763,0.987885,595.4,0.001000
77500,0.320841,0.999787,0.331947,1.000000,596.1,0.001000
77600,0.287697,0.997024,0.296513,0.996174,596.8,0.001000
77700,0.269797,0.995536,0.275182,0.995962,597.6,0.001000
77800,0.291081,0.998087,0.301364,0.997662,598.3,0.001000
77900,0.393743,0.978741,0.409445,0.973645,599.1,0.001000
78000,0.287056,0.992985,0.295522,0.994049,599.7,0.001000
78100,0.266388,0.998724,0.274069,0.999150,600.5,0.001000
78200,0.267853,0.998724,0.276015,0.999787,601.3,0.001000
78300,0.280479,0.991709,0.287916,0.991923,602.0,0.001000
78400,0.278802,0.997874,0.284963,0.999150,602.7,0.001000
78500,0.297391,0.998087,0.312082,0.997875,603.4,0.001000
78600,0.240497,0.999787,0.251778,0.999787,604.1,0.001000
78700,0.350254,0.983631,0.364962,0.981296,604.8,0.001000
78800,0.292896,0.998724,0.306735,0.997024,605.5,0.001000
78900,0.279382,0.998299,0.289465,0.997237,606.2,0.001000
79000,0.298420,0.995323,0.308343,0.992349,606.9,0.001000
79100,0.336229,0.987670,0.340926,0.992349,607.5,0.001000
79200,0.330328,0.992772,0.339225,0.993836,608.2,0.001000
79300,0.366581,0.991922,0.374661,0.992349,608.9,0.001000
79400,0.352586,0.986607,0.363240,0.985972,609.6,0.001000
79500,0.352504,0.992772,0.361360,0.994049,610.3,0.001000
79600,0.472782,0.965774,0.495301,0.958767,611.0,0.001000
79700,0.341062,0.985969,0.345800,0.987460,611.6,0.001000
79800,0.265913,0.999362,0.274424,0.998937,612.3,0.001000
79900,0.300461,0.997449,0.310725,0.996174,613.0,0.001000
80000,0.325854,0.990646,0.337674,0.990011,613.9,0.001000
80100,0.298676,0.997874,0.310209,0.998087,614.7,0.001000
80200,0.320135,0.991071,0.332415,0.990223,615.7,0.001000
80300,0.300702,0.998512,0.313476,0.996812,616.5,0.001000
80400,0.268524,0.996599,0.281314,0.995112,617.4,0.001000
80500,0.391282,0.982143,0.403694,0.978108,618.3,0.001000
80600,0.353129,0.997236,0.364836,0.997024,619.2,0.001000
80700,0.469883,0.931335,0.497400,0.919447,620.0,0.001000
80800,0.282281,0.995323,0.290325,0.995537,620.8,0.001000
80900,0.264007,0.996386,0.271606,0.997237,621.7,0.001000
81000,0.293054,0.998512,0.301312,0.997237,622.4,0.001000
81100,0.274609,0.997874,0.287188,0.994474,623.2,0.001000
81200,0.251824,1.000000,0.262269,0.999787,624.0,0.001000
81300,0.266892,0.997874,0.274839,0.998725,624.6,0.001000
81400,0.302679,0.997874,0.316067,0.994261,625.3,0.001000
81500,0.305010,0.996386,0.317172,0.995749,626.0,0.001000
81600,0.344247,0.994048,0.354567,0.993624,626.8,0.001000
81700,0.321840,0.995748,0.331661,0.994474,627.5,0.001000
81800,0.363853,0.988733,0.377726,0.987248,628.3,0.001000
81900,0.313552,0.986182,0.331475,0.983847,629.1,0.001000
82000,0.331592,0.985969,0.339673,0.989373,630.0,0.001000
82100,0.297734,0.997449,0.307586,0.997662,630.9,0.001000
82200,0.275833,0.998724,0.285314,0.999150,631.8,0.001000
82300,0.304371,0.995111,0.313964,0.994261,632.6,0.001000
82400,0.405868,0.971301,0.420208,0.965781,633.5,0.001000
82500,0.306220,0.999362,0.315757,0.999362,634.4,0.001000
82600,0.255653,0.999575,0.263938,0.999150,635.2,0.001000
82700,0.311574,0.987245,0.325777,0.985972,636.0,0.001000
82800,0.349909,0.990221,0.361727,0.985760,636.7,0.001000
82900,0.358513,0.992134,0.372274,0.990648,637.4,0.001000
83000,0.285902,0.996386,0.301956,0.994049,638.1,0.001000
83100,0.272724,0.998299,0.284695,0.997662,638.8,0.001000
83200,0.335431,0.990221,0.349857,0.984910,639.5,0.001000
83300,0.299673,0.995961,0.308285,0.997024,640.2,0.001000
83400,0.320303,0.997236,0.330283,0.996812,640.9,0.001000
83500,0.270877,0.999362,0.283314,0.999575,641.6,0.001000
83600,0.275352,0.995961,0.285055,0.994474,642.4,0.001000
83700,0.316254,0.996811,0.328883,0.997450,643.1,0.001000
83800,0.445974,0.971939,0.456465,0.971945,643.9,0.001000
83900,0.292789,0.996811,0.304616,0.995537,644.6,0.001000
84000,0.344818,0.997236,0.359198,0.996812,645.4,0.001000
84100,0.320370,0.996173,0.335630,0.995537,646.1,0.001000
84200,0.290329,0.999150,0.299688,0.999362,646.9,0.001000
84300,0.307821,0.997449,0.322424,0.994686,647.6,0.001000
84400,0.302598,0.980230,0.312639,0.980446,648.4,0.001000
84500,0.304225,0.999362,0.313977,0.997024,649.2,0.001000
84600,0.261483,0.999787,0.272437,0.999787,649.9,0.001000
84700,0.244649,0.999150,0.257146,0.999575,650.6,0.001000
84800,0.320851,0.992347,0.326837,0.994049,651.4,0.001000
84900,0.274282,0.997874,0.288794,0.998512,652.1,0.001000
85000,0.304528,0.992772,0.319749,0.985972,652.8,0.001000
85100,0.312945,0.991497,0.325528,0.990436,653.5,0.001000
85200,0.264382,0.997662,0.276966,0.997875,654.3,0.001000
85300,0.321699,0.992559,0.332343,0.993836,655.1,0.001000
85400,0.376620,0.994048,0.394038,0.986397,655.9,0.001000
85500,0.288343,0.996811,0.298472,0.998087,656.7,0.001000
85600,0.302478,0.997236,0.311213,0.996174,657.5,0.001000
85700,0.345553,0.992134,0.358219,0.990436,658.2,0.001000
85800,0.299478,0.997236,0.313659,0.995749,658.9,0.001000
85900,0.261001,0.994898,0.271446,0.993836,659.6,0.001000
86000,0.446444,0.963010,0.465390,0.957067,660.4,0.001000
86100,0.354366,0.988308,0.368286,0.982572,661.3,0.001000
86200,0.327968,0.991709,0.338957,0.990436,662.2,0.001000
86300,0.276240,0.997874,0.291197,0.996599,663.0,0.001000
86400,0.308207,0.994898,0.315773,0.995749,663.8,0.001000
86500,0.369976,0.985969,0.378497,0.987885,664.6,0.001000
86600,0.308330,0.998937,0.322746,0.996812,665.4,0.001000
86700,0.267276,0.996386,0.274709,0.995962,666.2,0.001000
86800,0.336767,0.997449,0.346737,0.997024,667.0,0.001000
86900,0.328382,0.987245,0.334754,0.988098,667.9,0.001000
87000,0.296264,0.991709,0.307822,0.993199,668.7,0.001000
87100,0.280765,0.999575,0.291426,0.999362,669.6,0.001000
87200,0.284922,0.999575,0.294083,0.999362,670.4,0.001000
87300,0.276585,0.999575,0.286067,0.999575,671.2,0.001000
87400,0.322802,0.992985,0.332158,0.992136,672.0,0.001000
87500,0.364104,0.990221,0.379789,0.990436,672.8,0.001000
87600,0.264673,0.998724,0.275434,0.998725,673.7,0.001000
87700,0.411545,0.977891,0.424884,0.977896,674.6,0.001000
87800,0.304030,0.998087,0.311118,0.998300,675.5,0.001000
87900,0.317098,0.987457,0.333142,0.982997,676.3,0.001000
88000,0.363639,0.979379,0.382419,0.977046,677.1,0.001000
88100,0.296846,0.996173,0.308277,0.994686,678.0,0.001000
88200,0.368763,0.982993,0.382126,0.982784,678.8,0.001000
88300,0.288155,0.993410,0.297396,0.993836,679.6,0.001000
88400,0.323763,0.992985,0.330720,0.993199,680.4,0.001000
88500,0.272037,0.999362,0.281279,0.999575,681.4,0.001000
88600,0.306691,0.998299,0.317030,0.995749,682.1,0.001000
88700,0.424580,0.986395,0.437730,0.983422,682.9,0.001000
88800,0.258807,0.999150,0.266067,0.999362,683.6,0.001000
88900,0.324390,0.990434,0.334317,0.989586,684.3,0.001000
89000,0.355877,0.987883,0.368946,0.982572,685.0,0.001000
89100,0.252887,0.995961,0.263945,0.995962,685.7,0.001000
89200,0.324630,0.997024,0.336859,0.995324,686.4,0.001000
89300,0.297692,0.995748,0.306768,0.995962,687.1,0.001000
89400,0.369152,0.980230,0.378826,0.978746,687.8,0.001000
89500,0.321966,0.996173,0.337722,0.995112,688.5,0.001000
89600,0.322396,0.995536,0.338731,0.990436,689.3,0.001000
89700,0.262550,0.997874,0.269755,0.999575,690.2,0.001000
89800,0.310556,0.996386,0.322477,0.997024,691.0,0.001000
89900,0.292361,0.999362,0.302859,0.998725,691.8,0.001000
90000,0.262594,0.996811,0.271688,0.997450,692.7,0.001000
90100,0.398878,0.986182,0.419341,0.983209,693.5,0.001000
90200,0.332686,0.992134,0.346839,0.994261,694.2,0.001000
90300,0.278481,0.998937,0.285499,0.998512,695.0,0.001000
90400,0.436052,0.968537,0.460735,0.966206,695.7,0.001000
90500,0.382326,0.982143,0.398609,0.982572,696.4,0.001000
90600,0.361036,0.991284,0.375292,0.992986,697.1,0.001000
90700,0.360600,0.986395,0.372388,0.985972,697.8,0.001000
90800,0.264227,0.998724,0.274955,0.998725,698.5,0.001000
90900,0.294972,0.996386,0.304033,0.995537,699.2,0.001000
91000,0.276712,0.998937,0.288425,0.998087,700.0,0.001000
91100,0.289533,0.993622,0.294737,0.994261,700.7,0.001000
91200,0.273115,0.997874,0.282349,0.998300,701.5,0.001000
91300,0.317537,0.999787,0.326608,0.999575,702.2,0.001000
91400,0.294880,0.995748,0.305693,0.996812,702.9,0.001000
91500,0.345986,0.989796,0.362814,0.986822,703.7,0.001000
91600,0.310109,0.993410,0.321622,0.994686,704.4,0.001000
91700,0.326171,0.999150,0.337003,0.998087,705.1,0.001000
91800,0.243571,1.000000,0.252130,1.000000,705.8,0.001000
91900,0.263629,0.996599,0.273704,0.998087,706.5,0.001000
92000,0.361634,0.992134,0.375901,0.989798,707.3,0.001000
92100,0.286581,0.993622,0.298738,0.994261,708.1,0.001000
92200,0.316907,0.996386,0.331505,0.995962,708.8,0.001000
92300,0.299697,0.992559,0.311915,0.994261,709.6,0.001000
92400,0.332547,0.992134,0.345010,0.990861,710.2,0.001000
92500,0.345810,0.987670,0.361683,0.981084,710.8,0.001000
92600,0.288013,0.998087,0.295362,0.998725,711.5,0.001000
92700,0.306174,0.995748,0.317343,0.992136,712.2,0.001000
92800,0.348202,0.990859,0.362704,0.986397,712.8,0.001000
92900,0.365952,0.982781,0.375627,0.980446,713.5,0.001000
93000,0.371269,0.990859,0.386227,0.989373,714.2,0.001000
93100,0.274654,0.998299,0.286263,0.997662,714.8,0.001000
93200,0.279939,0.997662,0.290588,0.996812,715.5,0.001000
93300,0.441535,0.959609,0.457108,0.956217,716.2,0.001000
93400,0.296474,0.998087,0.307080,0.997024,716.9,0.001000
93500,0.337502,0.996811,0.349117,0.994049,717.6,0.001000
93600,0.291196,0.997449,0.302254,0.996812,718.3,0.001000
93700,0.305951,0.990859,0.317784,0.993411,719.0,0.001000
93800,0.383109,0.979167,0.400394,0.975133,719.7,0.001000
93900,0.376030,0.991071,0.389842,0.992986,720.4,0.001000
94000,0.387621,0.984694,0.401273,0.982997,721.3,0.001000
94100,0.276312,0.995748,0.284695,0.995749,722.0,0.001000
94200,0.305608,0.996173,0.314567,0.995749,722.8,0.001000
94300,0.273622,0.995536,0.284065,0.997237,723.6,0.001000
94400,0.317055,0.992559,0.327113,0.992774,724.3,0.001000
94500,0.303287,0.995961,0.319632,0.990648,725.1,0.001000
94600,0.278709,0.999150,0.287806,0.998512,725.8,0.001000
94700,0.312594,0.996811,0.320804,0.998087,726.4,0.001000
94800,0.248865,0.999575,0.259628,0.999362,727.2,0.001000
94900,0.327343,0.993197,0.338287,0.992774,727.9,0.001000
95000,0.462475,0.960034,0.490214,0.950266,728.6,0.001000
95100,0.293071,0.997449,0.299958,0.998937,729.3,0.001000
95200,0.296664,0.991922,0.303459,0.994474,730.2,0.001000
95300,0.342859,0.985332,0.357122,0.981722,731.1,0.001000
95400,0.305891,0.998299,0.313540,0.998725,731.8,0.001000
95500,0.369027,0.983631,0.380705,0.982784,732.5,0.001000
95600,0.317849,0.994048,0.324747,0.993836,733.2,0.001000
95700,0.469103,0.958971,0.486748,0.953879,734.0,0.001000
95800,0.323325,0.991709,0.330545,0.992986,735.0,0.001000
95900,0.325879,0.997024,0.336991,0.998300,735.8,0.001000
96000,0.349723,0.991497,0.360589,0.990861,736.6,0.001000
96100,0.254762,0.999150,0.265018,0.999150,737.4,0.001000
96200,0.282655,0.998724,0.293501,0.997662,738.2,0.001000
96300,0.270383,0.998937,0.284716,0.997875,739.0,0.001000
96400,0.277843,0.998512,0.284548,0.997662,739.9,0.001000
96500,0.313685,0.997449,0.329138,0.992561,740.7,0.001000
96600,0.367830,0.987245,0.377137,0.988523,741.5,0.001000
96700,0.262522,0.998512,0.275339,0.997662,742.3,0.001000
96800,0.258487,0.999787,0.266487,0.999787,743.0,0.001000
96900,0.290045,0.996173,0.301569,0.995112,743.7,0.001000
97000,0.328065,0.986607,0.336816,0.987035,744.4,0.001000
97100,0.515765,0.942602,0.530011,0.942189,745.3,0.001000
97200,0.325390,0.990221,0.346892,0.985547,746.1,0.001000
97300,0.384543,0.985969,0.398240,0.986822,746.9,0.001000
97400,0.282709,0.997874,0.295698,0.996812,747.6,0.001000
97500,0.309635,0.989796,0.321759,0.988523,748.4,0.001000
97600,0.272677,0.997874,0.285061,0.995324,749.1,0.001000
97700,0.466742,0.977041,0.477226,0.980021,749.9,0.001000
97800,0.286756,0.996386,0.298839,0.997875,750.7,0.001000
97900,0.286915,0.999575,0.296351,0.999362,751.5,0.001000
98000,0.259502,0.999575,0.264470,0.999787,752.3,0.001000
98100,0.326835,0.989796,0.341916,0.986822,753.1,0.001000
98200,0.325119,0.999362,0.338358,0.997237,753.9,0.001000
98300,0.237570,1.000000,0.247003,1.000000,754.8,0.001000
98400,0.282929,0.998299,0.292304,0.997662,755.5,0.001000
98500,0.265610,0.997662,0.276329,0.996174,756.3,0.001000
98600,0.279812,0.998087,0.287244,0.997662,757.0,0.001000
98700,0.278775,0.998512,0.290835,0.998512,757.8,0.001000
98800,0.269435,0.999150,0.278442,0.998725,758.6,0.001000
98900,0.313968,0.994048,0.324474,0.993199,759.3,0.001000
99000,0.345999,0.991497,0.356723,0.990648,760.1,0.001000
99100,0.287792,0.998724,0.294564,0.998087,760.8,0.001000
99200,0.300584,0.999150,0.312783,0.997875,761.6,0.001000
99300,0.260568,0.998724,0.269924,0.998937,762.5,0.001000
99400,0.386178,0.973214,0.404277,0.970032,763.4,0.001000
99500,0.338021,0.991922,0.352293,0.986610,764.2,0.001000
99600,0.370459,0.997449,0.382184,0.995962,765.0,0.001000
99700,0.315743,0.991284,0.333483,0.984485,765.7,0.001000
99800,0.381279,0.977891,0.387785,0.977258,766.6,0.001000
99900,0.268864,0.998512,0.284230,0.996599,767.3,0.001000
100000,0.348437,0.990008,0.356244,0.990011,768.1,0.001000
100100,0.240372,0.998724,0.254329,0.998725,768.9,0.001000
100200,0.353412,0.989371,0.359108,0.992986,769.6,0.001000
100300,0.350161,0.988733,0.357786,0.989798,770.4,0.001000
100400,0.325960,0.993410,0.334578,0.992349,771.2,0.001000
100500,0.316104,0.995748,0.326683,0.996599,771.9,0.001000
100600,0.301186,0.990859,0.307601,0.992349,772.7,0.001000
100700,0.307845,0.995536,0.322847,0.994474,773.4,0.001000
100800,0.429419,0.950893,0.445189,0.947503,774.2,0.001000
100900,0.314404,0.999787,0.321396,0.999575,775.0,0.001000
101000,0.293509,0.989796,0.305495,0.989160,775.8,0.001000
101100,0.233979,1.000000,0.243797,0.999575,776.5,0.001000
101200,0.386851,0.988308,0.397539,0.987248,777.3,0.001000
101300,0.374028,0.989371,0.384578,0.989373,778.0,0.001000
101400,0.363779,0.993622,0.371857,0.992561,778.8,0.001000
101500,0.277524,0.998512,0.285608,0.999150,779.5,0.001000
101600,0.295088,0.997236,0.306499,0.996812,780.3,0.001000
101700,0.326427,0.986607,0.337061,0.986397,781.1,0.001000
101800,0.325587,0.991922,0.340349,0.989586,781.9,0.001000
101900,0.235605,1.000000,0.244816,0.999787,782.6,0.001000
102000,0.407288,0.968963,0.420262,0.972157,783.4,0.001000
102100,0.331073,0.988733,0.346402,0.987673,784.1,0.001000
102200,0.274159,0.998512,0.285030,0.997237,784.8,0.001000
102300,0.272656,0.996386,0.280170,0.995749,785.6,0.001000
102400,0.341449,0.996173,0.348277,0.996599,786.3,0.001000
102500,0.331488,0.994473,0.339304,0.993836,787.0,0.001000
102600,0.372571,0.992985,0.391153,0.990648,787.7,0.001000
102700,0.449185,0.950255,0.459364,0.950903,788.5,0.001000
102800,0.335603,0.992559,0.350891,0.990861,789.2,0.001000
102900,0.370928,0.977253,0.384377,0.973858,790.0,0.001000
103000,0.382087,0.976616,0.399968,0.970882,790.7,0.001000
103100,0.299999,0.999150,0.311325,0.999150,791.5,0.001000
103200,0.310551,0.991071,0.318984,0.987248,792.3,0.001000
103300,0.287708,0.993197,0.299346,0.993411,793.1,0.001000
103400,0.327897,0.996386,0.337663,0.994474,793.9,0.001000
103500,0.365236,0.997236,0.374600,0.994899,794.8,0.001000
103600,0.360867,0.982568,0.377608,0.981509,795.7,0.001000
103700,0.385486,0.982355,0.402228,0.978746,796.5,0.001000
103800,0.275332,0.998299,0.283832,0.997024,797.3,0.001000
103900,0.298407,0.996811,0.312779,0.997024,797.9,0.001000
104000,0.352151,0.994473,0.361581,0.994049,798.6,0.001000
104100,0.280194,0.998087,0.291016,0.997662,799.4,0.001000
104200,0.307968,0.996599,0.318042,0.997450,800.2,0.001000
104300,0.305407,0.995536,0.317113,0.994261,801.0,0.001000
104400,0.344853,0.997236,0.356226,0.998512,801.8,0.001000
104500,0.316344,0.997449,0.328865,0.996387,802.6,0.001000
104600,0.312437,0.996173,0.325247,0.993624,803.4,0.001000
104700,0.318044,0.993197,0.329341,0.991498,804.1,0.001000
104800,0.361215,0.988733,0.370977,0.989160,804.9,0.001000
104900,0.256752,1.000000,0.268075,1.000000,805.6,0.001000
105000,0.295284,0.994898,0.303084,0.994049,806.4,0.001000
105100,0.344188,0.992772,0.353169,0.991711,807.0,0.001000
105200,0.343545,0.992559,0.350707,0.994899,807.7,0.001000
105300,0.366323,0.979167,0.385321,0.974495,808.5,0.001000
105400,0.297784,0.996811,0.309219,0.996174,809.2,0.001000
105500,0.263635,0.997236,0.273996,0.999362,809.9,0.001000
105600,0.260936,0.999575,0.269975,0.999575,810.7,0.001000
105700,0.305712,0.998087,0.317113,0.995962,811.6,0.001000
105800,0.296570,0.997236,0.307560,0.994261,812.4,0.001000
105900,0.294758,0.999787,0.303619,1.000000,813.2,0.001000
106000,0.445373,0.984694,0.461909,0.983209,814.0,0.001000
106100,0.269435,0.998087,0.280227,0.998300,814.8,0.001000
106200,0.277291,0.995748,0.288678,0.994261,815.6,0.001000
106300,0.539546,0.949830,0.559537,0.941764,816.3,0.001000
106400,0.324032,0.995748,0.335324,0.996812,817.0,0.001000
106500,0.442155,0.965986,0.460197,0.961530,817.7,0.001000
106600,0.337644,0.994685,0.350395,0.993624,818.5,0.001000
106700,0.309786,0.993835,0.323707,0.993199,819.2,0.001000
106800,0.349569,0.982568,0.363397,0.984697,820.0,0.001000
106900,0.373820,0.987457,0.389406,0.987885,820.6,0.001000
107000,0.320652,0.992985,0.336353,0.990648,821.3,0.001000
107100,0.289977,0.996386,0.301228,0.995962,822.1,0.001000
107200,0.240437,0.997449,0.250850,0.995537,822.7,0.001000
107300,0.334906,0.996811,0.345465,0.996174,823.4,0.001000
107400,0.259515,0.998724,0.265976,0.999362,824.2,0.001000
107500,0.278745,0.997662,0.290615,0.995112,824.9,0.001000
107600,0.356542,0.994473,0.370647,0.990648,825.7,0.001000
107700,0.262818,0.999362,0.272682,0.999575,826.4,0.001000
107800,0.282282,0.998937,0.292666,0.997450,827.1,0.001000
107900,0.283652,0.995748,0.295254,0.996387,827.9,0.001000
108000,0.274054,0.998299,0.281701,0.998937,828.6,0.001000
108100,0.447597,0.957696,0.460321,0.955579,829.3,0.001000
108200,0.452609,0.984906,0.466204,0.984060,830.0,0.001000
108300,0.286234,0.995323,0.295017,0.994899,830.7,0.001000
108400,0.340193,0.994685,0.350878,0.992774,831.5,0.001000
108500,0.372588,0.981718,0.386704,0.980234,832.2,0.001000
108600,0.399662,0.978316,0.408728,0.983422,832.8,0.001000
108700,0.336003,0.991284,0.349718,0.990648,833.6,0.001000
108800,0.505025,0.933461,0.511903,0.931987,834.3,0.001000
108900,0.407422,0.986820,0.429430,0.980871,835.0,0.001000
109000,0.339611,0.988733,0.352957,0.986185,835.8,0.001000
109100,0.249735,0.999787,0.261393,0.999575,836.5,0.001000
109200,0.285567,0.997449,0.294204,0.995537,837.2,0.001000
109300,0.312233,0.997662,0.323481,0.996174,837.9,0.001000
109400,0.294241,0.996599,0.303650,0.993411,838.6,0.001000
109500,0.364227,0.988095,0.376728,0.988948,839.3,0.001000
109600,0.313044,0.992985,0.323932,0.995962,840.1,0.001000
109700,0.275844,0.999362,0.287657,0.999362,840.9,0.001000
109800,0.353764,0.992134,0.359730,0.994899,841.7,0.001000
109900,0.293462,0.995961,0.304737,0.994899,842.4,0.001000
110000,0.387862,0.975765,0.404387,0.970032,843.2,0.001000
110100,0.279176,0.999150,0.286739,0.999150,843.9,0.001000
110200,0.255481,0.995536,0.265285,0.995324,844.6,0.001000
110300,0.288880,0.996173,0.294201,0.995324,845.4,0.001000
110400,0.269753,0.999575,0.279338,0.999787,846.1,0.001000
110500,0.366209,0.979804,0.385909,0.974495,846.8,0.001000
110600,0.297319,0.996173,0.307121,0.996812,847.5,0.001000
110700,0.290634,0.996811,0.302927,0.996812,848.2,0.001000
110800,0.290191,0.999150,0.298671,0.999362,849.0,0.001000
110900,0.298791,0.994048,0.310247,0.992986,849.7,0.001000
111000,0.268621,0.999787,0.277262,0.999575,850.5,0.001000
111100,0.362848,0.984056,0.374859,0.982147,851.2,0.001000
111200,0.342323,0.988308,0.361379,0.989373,851.9,0.001000
111300,0.355921,0.990434,0.371891,0.985972,852.6,0.001000
111400,0.310492,0.989796,0.321272,0.987673,853.3,0.001000
111500,0.294497,0.994898,0.305673,0.993199,854.2,0.001000
111600,0.283960,0.997449,0.296738,0.997024,855.1,0.001000
111700,0.463344,0.962585,0.482850,0.955154,856.0,0.001000
111800,0.386961,0.985757,0.393652,0.984697,856.7,0.001000
111900,0.326745,0.987245,0.335504,0.987248,857.5,0.001000
112000,0.278935,0.997236,0.287998,0.997024,858.3,0.001000
112100,0.357665,0.981080,0.373721,0.977896,859.1,0.001000
112200,0.313839,0.995748,0.325712,0.996174,859.9,0.001000
112300,0.318189,0.993410,0.331073,0.994899,860.7,0.001000
112400,0.398153,0.981080,0.408011,0.979809,861.6,0.001000
112500,0.323200,0.994898,0.334432,0.992561,862.3,0.001000
112600,0.287090,0.999150,0.297511,0.998937,863.0,0.001000
112700,0.445984,0.946003,0.449073,0.947928,863.8,0.001000
112800,0.331349,0.996386,0.343302,0.996174,864.5,0.001000
112900,0.306820,0.997236,0.320369,0.996387,865.3,0.001000
113000,0.286322,0.999150,0.296138,0.998725,866.0,0.001000
113100,0.480275,0.952168,0.498372,0.942614,866.8,0.001000
113200,0.306429,0.997236,0.315147,0.997024,867.5,0.001000
113300,0.315637,0.990008,0.333251,0.985335,868.3,0.001000
113400,0.339352,0.992134,0.349255,0.992774,869.0,0.001000
113500,0.342359,0.991284,0.352327,0.990648,869.7,0.001000
113600,0.419505,0.972789,0.432261,0.972582,870.5,0.001000
113700,0.285130,0.997874,0.295073,0.998725,871.3,0.001000
113800,0.320295,0.996599,0.330965,0.996812,872.0,0.001000
113900,0.360630,0.990859,0.374449,0.989160,872.8,0.001000
114000,0.321078,0.994898,0.332939,0.996387,873.5,0.001000
114100,0.342809,0.995536,0.360597,0.996812,874.2,0.001000
114200,0.315116,0.994473,0.325439,0.994899,875.0,0.001000
114300,0.280524,0.998299,0.290060,0.998087,875.7,0.001000
114400,0.289215,0.997662,0.301664,0.995749,876.4,0.001000
114500,0.268069,0.998512,0.278066,0.997875,877.1,0.001000
114600,0.269851,0.999575,0.279318,0.998937,877.9,0.001000
114700,0.328557,0.991709,0.342146,0.990011,878.7,0.001000
114800,0.261821,0.997236,0.273045,0.997450,879.4,0.001000
114900,0.313907,0.996599,0.322795,0.995324,880.1,0.001000
115000,0.399065,0.986607,0.409145,0.983847,880.9,0.001000
115100,0.298239,0.996811,0.306613,0.996387,881.8,0.001000
115200,0.296867,0.997024,0.309527,0.997024,882.6,0.001000
115300,0.350600,0.993835,0.360359,0.993411,883.3,0.001000
115400,0.297155,0.997236,0.310350,0.996599,884.1,0.001000
115500,0.302584,0.995536,0.314440,0.991923,884.8,0.001000
115600,0.310854,0.998512,0.322605,0.997662,885.5,0.001000
115700,0.314162,0.998937,0.324418,0.998300,886.2,0.001000
115800,0.363982,0.988733,0.377924,0.985335,887.0,0.001000
115900,0.309150,0.998299,0.319195,0.998725,887.8,0.001000
116000,0.336372,0.987032,0.348494,0.989373,888.5,0.001000
116100,0.427708,0.969600,0.438272,0.969394,889.2,0.001000
116200,0.311830,0.993410,0.325247,0.992561,889.9,0.001000
116300,0.260117,0.998087,0.268169,0.999362,890.7,0.001000
116400,0.262014,0.998299,0.270399,0.998725,891.4,0.001000
116500,0.324850,0.996811,0.335582,0.996387,892.2,0.001000
116600,0.296521,0.998512,0.311449,0.998512,893.0,0.001000
116700,0.285865,0.997449,0.299237,0.996812,893.7,0.001000
116800,0.322688,0.994898,0.334096,0.990861,894.5,0.001000
116900,0.311320,0.991922,0.322948,0.991498,895.3,0.001000
117000,0.443134,0.973852,0.458105,0.968969,896.1,0.001000
117100,0.251523,0.998299,0.262135,0.999575,896.9,0.001000
117200,0.317340,0.992134,0.328928,0.991711,897.6,0.001000
117300,0.343267,0.988733,0.353159,0.989586,898.4,0.001000
117400,0.299440,0.996173,0.307621,0.995537,899.1,0.001000
117500,0.328631,0.990008,0.336568,0.989373,899.9,0.001000
117600,0.310857,0.994048,0.321656,0.992349,900.6,0.001000
117700,0.261198,0.999787,0.271381,0.999787,901.4,0.001000
117800,0.309999,0.998724,0.322401,0.997450,902.2,0.001000
117900,0.326770,0.991284,0.337994,0.989586,903.0,0.001000
118000,0.356113,0.987883,0.371153,0.987885,903.7,0.001000
118100,0.413508,0.959821,0.416277,0.963443,904.5,0.001000
118200,0.277552,0.999787,0.288595,0.999787,905.3,0.001000
118300,0.317969,0.992347,0.322761,0.995112,906.0,0.001000
118400,0.290295,0.998512,0.303767,0.998725,906.8,0.001000
118500,0.257334,0.999575,0.267166,1.000000,907.5,0.001000
118600,0.342490,0.981718,0.355730,0.980871,908.3,0.001000
118700,0.391601,0.985332,0.403338,0.981296,909.1,0.001000
118800,0.282386,0.998512,0.294857,0.996174,909.8,0.001000
118900,0.312138,0.993197,0.325897,0.988948,910.6,0.001000
119000,0.306292,0.995111,0.321618,0.994049,911.4,0.001000
119100,0.263390,0.998937,0.272084,0.997450,912.2,0.001000
119200,0.270418,0.998512,0.280544,0.997450,913.0,0.001000
119300,0.287832,0.992772,0.296452,0.991498,913.8,0.001000
119400,0.319709,0.993410,0.333707,0.994474,914.7,0.001000
119500,0.267154,0.998724,0.276614,0.998725,915.6,0.001000
119600,0.303892,0.994473,0.317314,0.994474,916.4,0.001000
119700,0.411912,0.960884,0.428138,0.961743,917.2,0.001000
119800,0.331192,0.989583,0.347456,0.980871,918.1,0.001000
119900,0.345581,0.984694,0.353227,0.988523,918.9,0.001000
120000,0.249876,0.998937,0.260064,0.998725,919.7,0.001000
120100,0.261361,0.998512,0.270866,0.998725,920.5,0.001000
120200,0.302605,0.997662,0.315000,0.995537,921.4,0.001000
120300,0.274056,0.997874,0.284428,0.998087,922.3,0.001000
120400,0.298922,0.994898,0.310354,0.993199,923.2,0.001000
120500,0.401645,0.977891,0.415792,0.978959,924.0,0.001000
120600,0.250379,1.000000,0.258663,0.999575,924.8,0.001000
120700,0.280508,0.996811,0.289278,0.998725,925.6,0.001000
120800,0.345161,0.994473,0.359056,0.994686,926.4,0.001000
120900,0.319420,0.997874,0.331345,0.998087,927.2,0.001000
121000,0.288242,0.996386,0.297040,0.997875,928.0,0.001000
121100,0.303491,0.999362,0.317218,0.998087,928.8,0.001000
121200,0.422404,0.966837,0.441055,0.964293,929.7,0.001000
121300,0.356026,0.996173,0.370591,0.994261,930.5,0.001000
121400,0.348846,0.995536,0.363560,0.994261,931.3,0.001000
121500,0.317735,0.995323,0.327065,0.995324,932.2,0.001000
121600,0.374904,0.992347,0.388918,0.987673,933.1,0.001000
121700,0.328014,0.996599,0.341990,0.994474,933.9,0.001000
121800,0.347401,0.985969,0.362764,0.983634,934.8,0.001000
121900,0.323663,0.997449,0.337304,0.997450,935.6,0.001000
122000,0.241903,0.999362,0.251173,0.999575,936.5,0.001000
122100,0.339848,0.987032,0.351732,0.985335,937.3,0.001000
122200,0.325052,0.993835,0.337617,0.992349,938.1,0.001000
122300,0.338892,0.998724,0.352960,0.996599,939.0,0.001000
122400,0.260735,0.997236,0.267602,0.996812,939.8,0.001000
122500,0.365958,0.981718,0.384856,0.975770,940.6,0.001000
122600,0.269491,0.996386,0.276384,0.996387,941.3,0.001000
122700,0.307050,0.996599,0.320423,0.995962,942.1,0.001000
122800,0.308477,0.995536,0.323699,0.990861,942.9,0.001000
122900,0.272520,0.996599,0.281522,0.996599,943.6,0.001000
123000,0.319521,0.995111,0.330011,0.995749,944.4,0.001000
123100,0.366980,0.977466,0.382671,0.977258,945.1,0.001000
123200,0.297170,0.996811,0.307166,0.994686,945.9,0.001000
123300,0.387099,0.981718,0.394916,0.982359,946.7,0.001000
123400,0.382526,0.987670,0.399329,0.982997,947.4,0.001000
123500,0.295370,0.994473,0.305117,0.990861,948.2,0.001000
123600,0.287662,0.999575,0.294828,0.999362,948.9,0.001000
123700,0.294001,0.996811,0.304957,0.994261,949.7,0.001000
123800,0.330837,0.987883,0.339823,0.990011,950.4,0.001000
123900,0.361016,0.994048,0.370612,0.990011,951.2,0.001000
124000,0.264888,0.999575,0.274900,0.999362,951.9,0.001000
124100,0.414224,0.986607,0.430224,0.979809,952.6,0.001000
124200,0.340335,0.984056,0.352606,0.983422,953.3,0.001000
124300,0.307403,0.994048,0.317750,0.994899,954.1,0.001000
124400,0.323281,0.990859,0.332529,0.989160,954.8,0.001000
124500,0.343840,0.993622,0.355136,0.992986,955.5,0.001000
124600,0.375300,0.990434,0.390809,0.986822,956.3,0.001000
124700,0.299255,0.994898,0.310630,0.994261,957.0,0.001000
124800,0.273678,0.998937,0.284910,0.997662,957.7,0.001000
124900,0.286452,0.997024,0.298840,0.995962,958.5,0.001000
125000,0.281560,0.999575,0.291617,0.998300,959.2,0.001000
125100,0.297050,0.998937,0.306252,0.997662,959.9,0.001000
125200,0.290486,0.993835,0.301036,0.994899,960.6,0.001000
125300,0.389926,0.987457,0.396641,0.989160,961.5,0.001000
125400,0.253320,1.000000,0.260729,1.000000,962.3,0.001000
125500,0.364548,0.990221,0.379215,0.989160,963.2,0.001000
125600,0.336199,0.993835,0.350272,0.992136,964.0,0.001000
125700,0.331913,0.988520,0.349983,0.984485,964.7,0.001000
125800,0.238776,0.999575,0.246910,0.999362,965.5,0.001000
125900,0.294899,0.998299,0.305663,0.997875,966.2,0.001000
126000,0.278343,0.999150,0.284985,0.998300,966.9,0.001000
126100,0.313554,0.983844,0.326019,0.979809,967.7,0.001000
126200,0.306868,0.994685,0.312145,0.994686,968.4,0.001000
126300,0.298775,0.994048,0.315444,0.996812,969.2,0.001000
126400,0.285238,0.998724,0.294603,0.999575,970.0,0.001000
126500,0.302302,0.994898,0.311506,0.994686,970.7,0.001000
126600,0.303523,0.997662,0.315534,0.997024,971.5,0.001000
126700,0.384949,0.995748,0.396265,0.995962,972.3,0.001000
126800,0.295150,0.998724,0.304521,0.998725,973.0,0.001000
126900,0.303641,0.996599,0.319234,0.991498,973.9,0.001000
127000,0.301532,0.998299,0.314180,0.996174,974.7,0.001000
127100,0.447592,0.980230,0.465780,0.978533,975.5,0.001000
127200,0.239671,1.000000,0.247063,1.000000,976.3,0.001000
127300,0.356860,0.997874,0.370208,0.995537,977.0,0.001000
127400,0.316010,0.997024,0.321680,0.997024,977.8,0.001000
127500,0.285925,0.997449,0.296307,0.997662,978.5,0.001000
127600,0.243166,1.000000,0.252812,0.999575,979.3,0.001000
127700,0.296478,0.995111,0.308642,0.995537,980.2,0.001000
127800,0.341127,0.996599,0.352247,0.996387,981.0,0.001000
127900,0.276228,0.999787,0.284929,1.000000,981.8,0.001000
128000,0.250679,0.998512,0.260666,0.997450,982.5,0.001000
128100,0.353685,0.982143,0.365416,0.981934,983.3,0.001000
128200,0.291957,0.998087,0.305355,0.998512,984.0,0.001000
128300,0.307004,0.994685,0.318333,0.994474,984.8,0.001000
128400,0.278379,0.998724,0.287719,0.997875,985.5,0.001000
128500,0.291405,0.996173,0.303437,0.995749,986.3,0.001000
128600,0.289334,0.996173,0.295931,0.996599,987.0,0.001000
128700,0.262932,0.998937,0.272942,0.997662,987.8,0.001000
128800,0.322515,0.996386,0.336346,0.995324,988.6,0.001000
128900,0.390589,0.975128,0.408553,0.968332,989.4,0.001000
129000,0.301751,0.994685,0.311908,0.994686,990.2,0.001000
129100,0.269436,0.997449,0.278638,0.996599,991.0,0.001000
129200,0.360127,0.991071,0.372170,0.989160,991.7,0.001000
129300,0.288024,0.998937,0.301887,0.998087,992.5,0.001000
129400,0.304355,0.991497,0.311280,0.992774,993.3,0.001000
129500,0.252688,0.999575,0.266517,0.999150,994.1,0.001000
129600,0.322988,0.996173,0.338707,0.992774,994.8,0.001000
129700,0.317142,0.995748,0.328722,0.994474,995.6,0.001000
129800,0.322239,0.994685,0.332368,0.995324,996.4,0.001000
129900,0.374330,0.994685,0.388425,0.993836,997.2,0.001000
130000,0.337481,0.982143,0.346128,0.981296,997.9,0.001000
130100,0.337517,0.991284,0.348592,0.990436,998.7,0.001000
130200,0.277955,0.999575,0.288429,0.998087,999.5,0.001000
130300,0.280281,0.999787,0.289458,0.999575,1000.2,0.001000
130400,0.276104,0.997662,0.288127,0.999150,1001.0,0.001000
130500,0.261801,0.997449,0.273077,0.996599,1001.8,0.001000
130600,0.393175,0.980867,0.406958,0.976408,1002.6,0.001000
130700,0.274443,1.000000,0.283892,0.999575,1003.4,0.001000
130800,0.346765,0.992347,0.359004,0.991073,1004.1,0.001000
130900,0.385809,0.990646,0.393658,0.992349,1004.9,0.001000
131000,0.215152,1.000000,0.223454,1.000000,1005.7,0.001000
131100,0.415939,0.975978,0.440591,0.973007,1006.5,0.001000
131200,0.309704,0.997024,0.322019,0.996812,1007.3,0.001000
131300,0.280824,0.998512,0.291672,0.997024,1008.1,0.001000
131400,0.350865,0.992985,0.369088,0.988735,1008.9,0.001000
131500,0.271519,0.998724,0.281296,0.997875,1009.6,0.001000
131600,0.272779,0.997874,0.281776,0.997237,1010.4,0.001000
131700,0.311596,0.995961,0.327009,0.994261,1011.1,0.001000
131800,0.290323,0.997024,0.303873,0.995537,1011.7,0.001000
131900,0.318626,0.993622,0.328576,0.993836,1012.4,0.001000
132000,0.290084,0.998512,0.299704,0.998512,1013.1,0.001000
132100,0.320037,0.990434,0.327689,0.987248,1013.9,0.001000
132200,0.269658,0.999787,0.278478,0.999575,1014.6,0.001000
132300,0.260002,0.997662,0.265735,0.998937,1015.2,0.001000
132400,0.331198,0.991071,0.338365,0.991498,1016.0,0.001000
132500,0.323861,0.990646,0.340718,0.989160,1016.8,0.001000
132600,0.263375,1.000000,0.274044,1.000000,1017.4,0.001000
132700,0.279369,0.998087,0.290880,0.997450,1018.1,0.001000
132800,0.277536,1.000000,0.285804,1.000000,1018.8,0.001000
132900,0.326188,0.986182,0.341229,0.983634,1019.5,0.001000
133000,0.339225,0.987670,0.346743,0.987673,1020.2,0.001000
133100,0.272858,0.998299,0.280908,0.998087,1021.0,0.001000
133200,0.313209,0.991071,0.327379,0.990011,1021.8,0.001000
133300,0.327593,0.994898,0.341714,0.994474,1022.5,0.001000
133400,0.241350,0.999787,0.251782,0.999575,1023.3,0.001000
133500,0.294005,0.998724,0.303991,0.998300,1024.1,0.001000
133600,0.308459,0.994685,0.326265,0.991923,1024.9,0.001000
133700,0.393940,0.984906,0.416027,0.984060,1025.7,0.001000
133800,0.340899,0.986820,0.357034,0.984060,1026.5,0.001000
133900,0.228340,0.999787,0.234932,0.999787,1027.3,0.001000
134000,0.393437,0.984694,0.402396,0.983209,1028.1,0.001000
134100,0.384328,0.983206,0.396527,0.980659,1029.0,0.001000
134200,0.457447,0.954719,0.474899,0.942189,1029.7,0.001000
134300,0.317157,0.994048,0.333201,0.992774,1030.5,0.001000
134400,0.313551,0.998299,0.326403,0.993624,1031.3,0.001000
134500,0.364683,0.985757,0.376878,0.985972,1032.0,0.001000
134600,0.266280,0.998724,0.276744,0.998937,1032.7,0.001000
134700,0.271616,0.998724,0.281666,0.998300,1033.4,0.001000
134800,0.330292,0.993835,0.336792,0.995749,1034.2,0.001000
134900,0.331996,0.992347,0.346888,0.990861,1035.0,0.001000
135000,0.282677,0.997236,0.290830,0.997237,1035.9,0.001000
135100,0.303429,0.998299,0.315851,0.998512,1036.7,0.001000
135200,0.305560,0.994685,0.322022,0.992774,1037.5,0.001000
135300,0.421302,0.959609,0.449592,0.947928,1038.4,0.001000
135400,0.269950,0.998299,0.277659,0.998512,1039.2,0.001000
135500,0.351611,0.991284,0.364396,0.987460,1040.0,0.001000
135600,0.341801,0.987670,0.350284,0.986822,1040.8,0.001000
135700,0.298847,0.998299,0.306725,0.997450,1041.6,0.001000
135800,0.411202,0.976616,0.427232,0.968544,1042.5,0.001000
135900,0.295965,0.997024,0.308311,0.997024,1043.4,0.001000
136000,0.297600,0.995961,0.309978,0.993199,1044.2,0.001000
136100,0.269970,0.998512,0.279525,0.998087,1044.9,0.001000
136200,0.365658,0.992772,0.372359,0.992349,1045.7,0.001000
136300,0.314720,0.993197,0.324022,0.992136,1046.6,0.001000
136400,0.291694,0.994048,0.301078,0.994049,1047.4,0.001000
136500,0.310960,0.997874,0.320602,0.994474,1048.2,0.001000
136600,0.328669,0.990221,0.341766,0.986185,1049.1,0.001000
136700,0.254313,0.998724,0.263433,0.999362,1050.0,0.001000
136800,0.337285,0.989158,0.350092,0.987035,1050.8,0.001000
136900,0.289368,0.998512,0.302457,0.998300,1051.7,0.001000
137000,0.357270,0.999362,0.366365,0.998300,1052.5,0.001000
137100,0.311123,0.994260,0.324149,0.990648,1053.3,0.001000
137200,0.340160,0.991284,0.356972,0.991711,1054.1,0.001000
137300,0.270152,0.997662,0.274613,0.998300,1054.9,0.001000
137400,0.235351,1.000000,0.245098,0.999787,1055.7,0.001000
137500,0.308311,0.990434,0.318173,0.991711,1056.5,0.001000
137600,0.279465,0.997874,0.289101,0.997237,1057.3,0.001000
137700,0.334257,0.992772,0.350283,0.992136,1058.0,0.001000
137800,0.304646,0.991071,0.313217,0.992349,1058.8,0.001000
137900,0.372700,0.983844,0.386901,0.983634,1059.6,0.001000
138000,0.320340,0.989158,0.333338,0.987035,1060.4,0.001000
138100,0.283341,0.997449,0.294286,0.998725,1061.1,0.001000
138200,0.280575,0.995748,0.287069,0.998087,1061.9,0.001000
138300,0.279593,0.998724,0.295850,0.998087,1062.7,0.001000
138400,0.350658,0.987670,0.363925,0.987248,1063.5,0.001000
138500,0.286325,0.997874,0.298927,0.996174,1064.3,0.001000
138600,0.308525,0.999362,0.322392,0.998300,1065.1,0.001000
138700,0.364227,0.975553,0.387613,0.975345,1065.9,0.001000
138800,0.270269,0.999362,0.281242,1.000000,1066.7,0.001000
138900,0.339481,0.998512,0.354287,0.997024,1067.5,0.001000
139000,0.291169,0.999362,0.303062,0.998512,1068.3,0.001000
139100,0.329253,0.995323,0.340789,0.996812,1069.1,0.001000
139200,0.439852,0.955570,0.450510,0.955792,1069.9,0.001000
139300,0.328173,0.991071,0.342777,0.987673,1070.6,0.001000
139400,0.293471,0.993197,0.306044,0.993199,1071.4,0.001000
139500,0.241589,0.998724,0.249802,0.998512,1072.3,0.001000
139600,0.364953,0.984481,0.371872,0.988098,1073.1,0.001000
139700,0.299704,0.994048,0.315125,0.992349,1073.9,0.001000
139800,0.296648,0.998512,0.309737,0.998300,1074.7,0.001000
139900,0.298679,0.998087,0.309039,0.994899,1075.5,0.001000
140000,0.261051,1.000000,0.270684,1.000000,1076.3,0.001000
140100,0.391292,0.970025,0.402865,0.971307,1077.1,0.001000
140200,0.305348,0.997874,0.316515,0.998087,1077.9,0.001000
140300,0.331119,0.990646,0.339234,0.992136,1078.7,0.001000
140400,0.344046,0.994685,0.358329,0.992986,1079.5,0.001000
140500,0.279102,0.997449,0.286876,0.997450,1080.3,0.001000
140600,0.297888,0.994260,0.305153,0.995962,1081.2,0.001000
140700,0.279043,0.998937,0.287760,0.997662,1082.1,0.001000
140800,0.314494,0.992559,0.327241,0.992774,1083.0,0.001000
140900,0.294677,0.996599,0.306185,0.996387,1083.8,0.001000
141000,0.348107,0.990646,0.359152,0.989160,1084.6,0.001000
141100,0.337297,0.996173,0.356334,0.992561,1085.4,0.001000
141200,0.277629,0.999575,0.287039,0.999575,1086.2,0.001000
141300,0.323902,0.995323,0.336088,0.995962,1087.0,0.001000
141400,0.241207,0.998512,0.249007,0.998937,1087.8,0.001000
141500,0.328288,0.987883,0.340102,0.987673,1088.6,0.001000
141600,0.381492,0.978104,0.394715,0.975983,1089.4,0.001000
141700,0.292189,0.993197,0.299410,0.995324,1090.3,0.001000
141800,0.338238,0.993197,0.354641,0.990436,1091.1,0.001000
141900,0.298607,0.993197,0.308452,0.992986,1091.9,0.001000
142000,0.253684,0.999575,0.263079,0.999575,1092.6,0.001000
142100,0.435439,0.962160,0.453062,0.954729,1093.4,0.001000
142200,0.332764,0.995111,0.342992,0.993411,1094.4,0.001000
142300,0.256811,0.997874,0.265551,0.998300,1095.2,0.001000
142400,0.243218,1.000000,0.253996,0.999150,1096.0,0.001000
142500,0.378007,0.988733,0.396828,0.987460,1096.8,0.001000
142600,0.337492,0.991497,0.355037,0.989160,1097.6,0.001000
142700,0.290829,0.998087,0.301170,0.997875,1098.4,0.001000
142800,0.306794,0.994898,0.315282,0.994686,1099.2,0.001000
142900,0.265245,0.998512,0.273524,0.999150,1100.0,0.001000
143000,0.321684,0.993197,0.332836,0.993624,1100.9,0.001000
143100,0.315995,0.987457,0.322949,0.987673,1101.7,0.001000
143200,0.277090,0.996386,0.288533,0.994899,1102.4,0.001000
143300,0.261681,0.999575,0.270313,0.999362,1103.2,0.001000
143400,0.348682,0.994048,0.358277,0.994261,1104.0,0.001000
143500,0.429460,0.978316,0.441505,0.968757,1104.9,0.001000
143600,0.284986,0.998724,0.295487,0.997875,1105.7,0.001000
143700,0.315236,0.995323,0.324467,0.994899,1106.5,0.001000
143800,0.295256,0.994898,0.303373,0.994049,1107.3,0.001000
143900,0.273728,0.999150,0.280994,0.999575,1108.2,0.001000
144000,0.272571,0.999362,0.278762,0.999362,1108.9,0.001000
144100,0.369624,0.990434,0.382684,0.988735,1109.7,0.001000
144200,0.275948,0.997449,0.284799,0.997450,1110.5,0.001000
144300,0.260161,0.997024,0.268492,0.996812,1111.3,0.001000
144400,0.272005,0.998087,0.283020,0.998300,1112.0,0.001000
144500,0.396187,0.975978,0.401430,0.977683,1112.8,0.001000
144600,0.268624,0.997449,0.279091,0.997024,1113.7,0.001000
144700,0.288529,0.997449,0.300432,0.994474,1114.5,0.001000
144800,0.277204,0.999787,0.286011,0.999362,1115.3,0.001000
144900,0.280695,0.997662,0.291822,0.996174,1116.1,0.001000
145000,0.281542,0.996599,0.295462,0.996387,1116.8,0.001000
145100,0.351498,0.987457,0.365177,0.988735,1117.6,0.001000
145200,0.284368,0.997024,0.292767,0.997875,1118.4,0.001000
145300,0.299223,0.998299,0.307553,0.995749,1119.2,0.001000
145400,0.259897,0.998937,0.269409,0.998300,1120.0,0.001000
145500,0.317908,0.992347,0.324372,0.992986,1120.8,0.001000
145600,0.330208,0.993410,0.338138,0.994899,1121.6,0.001000
145700,0.480753,0.957483,0.490872,0.950266,1122.5,0.001000
145800,0.277597,0.998724,0.287602,0.998937,1123.3,0.001000
145900,0.307953,0.995111,0.318871,0.991923,1124.1,0.001000
146000,0.291616,0.994898,0.303525,0.993624,1125.0,0.001000
146100,0.277077,0.997874,0.288783,0.997024,1125.8,0.001000
146200,0.316915,0.992772,0.326095,0.994686,1126.6,0.001000
146300,0.383682,0.979379,0.397573,0.976621,1127.4,0.001000
146400,0.253859,0.999787,0.265393,0.998512,1128.2,0.001000
146500,0.260686,0.999787,0.269987,0.999787,1129.0,0.001000
146600,0.255142,0.999150,0.266710,0.998725,1129.8,0.001000
146700,0.278761,0.998087,0.291549,0.996812,1130.6,0.001000
146800,0.282836,0.995536,0.296016,0.991711,1131.4,0.001000
146900,0.321682,0.991709,0.334436,0.991711,1132.2,0.001000
147000,0.310324,0.995961,0.322144,0.995112,1132.9,0.001000
147100,0.426697,0.964498,0.442791,0.963443,1133.8,0.001000
147200,0.323310,0.988308,0.329300,0.989160,1134.6,0.001000
147300,0.259106,0.995323,0.268704,0.997237,1135.4,0.001000
147400,0.301259,0.997449,0.315881,0.995962,1136.2,0.001000
147500,0.233610,0.999362,0.244003,0.999787,1137.0,0.001000
147600,0.344702,0.990646,0.351926,0.989160,1137.8,0.001000
147700,0.298979,0.998512,0.314355,0.998087,1138.7,0.001000
147800,0.249077,1.000000,0.258331,0.999575,1139.6,0.001000
147900,0.345403,0.984481,0.359361,0.984272,1140.4,0.001000
148000,0.311240,0.995748,0.325435,0.993624,1141.4,0.001000
148100,0.300966,0.994048,0.303119,0.997450,1142.2,0.001000
148200,0.312171,0.993410,0.324611,0.990223,1143.0,0.001000
148300,0.292751,0.995536,0.302125,0.993624,1143.7,0.001000
148400,0.234714,0.995961,0.245439,0.993836,1144.3,0.001000
148500,0.281045,0.999787,0.292591,0.999362,1145.0,0.001000
148600,0.310528,0.992559,0.326428,0.989586,1145.6,0.001000
148700,0.429516,0.968963,0.432264,0.972157,1146.3,0.001000
148800,0.315736,0.992134,0.324186,0.991923,1146.9,0.001000
148900,0.274759,0.994685,0.282196,0.995112,1147.6,0.001000
149000,0.353575,0.982355,0.373436,0.978108,1148.3,0.001000
149100,0.320790,0.997024,0.332459,0.994049,1149.1,0.001000
149200,0.303499,0.992772,0.310928,0.991073,1149.9,0.001000
149300,0.467807,0.939626,0.476569,0.940701,1150.7,0.001000
149400,0.321204,0.994473,0.337588,0.991498,1151.5,0.001000
149500,0.331510,0.987032,0.347245,0.984272,1152.4,0.001000
149600,0.326290,0.988946,0.337285,0.988310,1153.2,0.001000
149700,0.274690,0.995323,0.284918,0.995962,1154.2,0.001000
149800,0.362884,0.986607,0.379960,0.982359,1155.1,0.001000
149900,0.249429,0.998299,0.260297,0.998937,1156.0,0.001000
150000,0.259225,0.999150,0.268568,0.999150,1156.8,0.001000
150100,0.280843,0.996386,0.291041,0.996387,1157.7,0.001000
150200,0.396554,0.984269,0.406973,0.984485,1158.6,0.001000
150300,0.435745,0.960459,0.454382,0.957917,1159.4,0.001000
150400,0.263788,0.999575,0.272512,0.998937,1160.3,0.001000
150500,0.299375,0.996173,0.305337,0.997662,1161.1,0.001000
150600,0.341577,0.988308,0.354631,0.990223,1162.0,0.001000
150700,0.283508,0.999362,0.297055,0.998300,1162.8,0.001000
150800,0.277660,0.992347,0.286857,0.993624,1163.6,0.001000
150900,0.302077,0.994685,0.316400,0.993199,1164.3,0.001000
151000,0.362999,0.985969,0.376811,0.981296,1165.0,0.001000
151100,0.276921,1.000000,0.288824,0.998725,1165.7,0.001000
151200,0.306152,0.994473,0.313022,0.992774,1166.4,0.001000
151300,0.284323,0.995111,0.296538,0.991923,1167.0,0.001000
151400,0.218638,0.999362,0.223650,0.999787,1167.6,0.001000
151500,0.280413,0.996173,0.291466,0.995537,1168.3,0.001000
151600,0.236542,1.000000,0.245198,0.999575,1169.0,0.001000
151700,0.310078,0.993622,0.319879,0.993836,1169.6,0.001000
151800,0.282977,0.998724,0.293209,0.998725,1170.3,0.001000
151900,0.280817,0.999150,0.288965,0.998725,1171.0,0.001000
152000,0.354904,0.980442,0.362953,0.982147,1171.7,0.001000
152100,0.371826,0.980017,0.384438,0.978746,1172.5,0.001000
152200,0.279491,0.994685,0.289619,0.992561,1173.4,0.001000
152300,0.258340,0.999787,0.268323,0.999150,1174.2,0.001000
152400,0.277378,0.994685,0.289448,0.995112,1174.9,0.001000
152500,0.332652,0.984269,0.341724,0.982997,1175.7,0.001000
152600,0.239202,0.999150,0.248368,0.998725,1176.6,0.001000
152700,0.266513,0.999150,0.275216,0.999362,1177.3,0.001000
152800,0.356767,0.988733,0.376587,0.977046,1178.0,0.001000
152900,0.317958,0.987457,0.331019,0.987885,1178.7,0.001000
153000,0.236464,0.998512,0.245929,0.998512,1179.5,0.001000
153100,0.270085,0.998724,0.279559,0.997237,1180.2,0.001000
153200,0.338771,0.991284,0.353151,0.990648,1181.0,0.001000
153300,0.314671,0.993197,0.322357,0.993836,1181.7,0.001000
153400,0.264933,0.996386,0.275366,0.997237,1182.5,0.001000
153500,0.299067,0.995748,0.312483,0.994474,1183.3,0.001000
153600,0.248356,0.999787,0.256404,0.999150,1184.1,0.001000
153700,0.339884,0.988308,0.349797,0.990648,1184.9,0.001000
153800,0.274959,0.994473,0.281777,0.995749,1185.7,0.001000
153900,0.352325,0.991071,0.364090,0.988948,1186.5,0.001000
154000,0.279144,0.997662,0.288507,0.997450,1187.2,0.001000
154100,0.304626,0.996811,0.317568,0.996599,1188.0,0.001000
154200,0.258752,0.997449,0.266472,0.997237,1188.8,0.001000
154300,0.284315,0.999362,0.296343,0.998937,1189.7,0.001000
154400,0.296184,0.994898,0.308295,0.993411,1190.5,0.001000
154500,0.284423,0.990646,0.296633,0.991286,1191.2,0.001000
154600,0.271609,0.997874,0.283766,0.996812,1192.0,0.001000
154700,0.297893,0.995111,0.306260,0.996599,1192.8,0.001000
154800,0.316751,0.994685,0.330870,0.991286,1193.5,0.001000
154900,0.283568,0.995111,0.295091,0.991923,1194.3,0.001000
155000,0.432773,0.953231,0.453152,0.945590,1195.1,0.001000
155100,0.242217,0.999150,0.254124,0.999575,1195.9,0.001000
155200,0.251008,0.999787,0.260911,0.999787,1196.7,0.001000
155300,0.274377,0.998937,0.286809,0.996599,1197.5,0.001000
155400,0.317511,0.988095,0.327133,0.990011,1198.3,0.001000
155500,0.318755,0.991497,0.327738,0.991498,1199.1,0.001000
155600,0.277906,0.998299,0.290657,0.995324,1199.9,0.001000
155700,0.281124,0.997874,0.294276,0.998087,1200.7,0.001000
155800,0.307161,0.987245,0.321870,0.985335,1201.6,0.001000
155900,0.305620,0.993197,0.311722,0.994049,1202.4,0.001000
156000,0.300731,0.998512,0.312144,0.996387,1203.1,0.001000
156100,0.323718,0.987457,0.337757,0.987035,1203.8,0.001000
156200,0.242349,0.999787,0.249971,0.999787,1204.4,0.001000
156300,0.329446,0.988946,0.339304,0.991073,1205.1,0.001000
156400,0.256796,0.998087,0.266577,0.998512,1205.9,0.001000
156500,0.272913,0.997449,0.284263,0.994474,1206.6,0.001000
156600,0.428136,0.969175,0.449128,0.965143,1207.2,0.001000
156700,0.296234,0.992559,0.306627,0.992561,1207.9,0.001000
156800,0.242259,0.996173,0.250590,0.995537,1208.7,0.001000
156900,0.283756,0.999575,0.289802,0.999787,1209.3,0.001000
157000,0.426158,0.990221,0.438315,0.988948,1210.1,0.001000
157100,0.274732,0.998299,0.282526,0.998087,1210.8,0.001000
157200,0.360502,0.986182,0.370236,0.987460,1211.5,0.001000
157300,0.281585,0.996811,0.288638,0.997450,1212.2,0.001000
157400,0.298575,0.989583,0.306283,0.989373,1212.9,0.001000
157500,0.270292,0.997449,0.279892,0.996812,1213.5,0.001000
157600,0.306984,0.997449,0.316024,0.998512,1214.4,0.001000
157700,0.264381,0.997662,0.275227,0.997450,1215.3,0.001000
157800,0.287630,0.998937,0.297491,0.998512,1216.0,0.001000
157900,0.308172,0.996599,0.322615,0.992136,1216.8,0.001000
158000,0.302145,0.995323,0.315765,0.994474,1217.5,0.001000
158100,0.280764,0.995748,0.290076,0.995962,1218.3,0.001000
158200,0.247758,1.000000,0.255249,1.000000,1219.1,0.001000
158300,0.274933,0.999362,0.284001,1.000000,1219.9,0.001000
158400,0.277688,0.995748,0.289714,0.995537,1220.7,0.001000
158500,0.318557,0.991497,0.332929,0.991073,1221.6,0.001000
158600,0.276828,0.998724,0.289062,0.998087,1222.4,0.001000
158700,0.277618,0.998087,0.287682,0.998937,1223.3,0.001000
158800,0.252002,0.999575,0.260761,0.999362,1224.2,0.001000
158900,0.268864,0.998937,0.278902,0.999575,1225.2,0.001000
159000,0.319834,0.989371,0.328281,0.989373,1226.0,0.001000
159100,0.409422,0.991284,0.418904,0.989586,1226.8,0.001000
159200,0.259411,0.999150,0.265958,0.998512,1227.5,0.001000
159300,0.264616,0.997024,0.273231,0.997662,1228.4,0.001000
159400,0.299362,0.992559,0.307615,0.994049,1229.1,0.001000
159500,0.248047,0.999362,0.259446,0.999150,1229.9,0.001000
159600,0.250569,0.997236,0.257885,0.997875,1230.7,0.001000
159700,0.255618,0.999787,0.265643,0.999150,1231.5,0.001000
159800,0.289377,0.994473,0.297008,0.995324,1232.3,0.001000
159900,0.318187,0.989583,0.327289,0.990223,1233.2,0.001000
160000,0.263921,0.998299,0.273888,0.997662,1234.2,0.001000
160100,0.311425,0.995323,0.323253,0.994261,1235.1,0.001000
160200,0.479313,0.933886,0.494765,0.932412,1236.0,0.001000
160300,0.268118,0.997449,0.277845,0.997450,1236.9,0.001000
160400,0.327918,0.990434,0.339767,0.990223,1237.8,0.001000
160500,0.276950,0.998512,0.285704,0.997662,1238.6,0.001000
160600,0.318472,0.992559,0.326909,0.993199,1239.4,0.001000
160700,0.330293,0.993197,0.338777,0.994474,1240.2,0.001000
160800,0.378480,0.977891,0.394357,0.970669,1241.0,0.001000
160900,0.280821,0.999787,0.292291,0.999787,1241.8,0.001000
161000,0.255982,0.997024,0.267801,0.995962,1242.5,0.001000
161100,0.363668,0.985969,0.377866,0.980871,1243.3,0.001000
161200,0.255485,0.999362,0.266243,0.998725,1244.1,0.001000
161300,0.285040,0.997449,0.293819,0.997237,1244.9,0.001000
161400,0.362585,0.984906,0.367641,0.983209,1245.6,0.001000
161500,0.305861,0.993835,0.319032,0.992774,1246.4,0.001000
161600,0.325075,0.994473,0.337922,0.993411,1247.2,0.001000
161700,0.306251,0.995323,0.318505,0.991711,1247.9,0.001000
161800,0.261908,0.998724,0.271306,0.999150,1248.6,0.001000
161900,0.255405,0.999150,0.264636,0.998725,1249.3,0.001000
162000,0.327533,0.992347,0.335762,0.990436,1250.0,0.001000
162100,0.330115,0.989158,0.346574,0.985547,1250.7,0.001000
162200,0.287547,0.991071,0.298552,0.990861,1251.5,0.001000
162300,0.283216,0.999362,0.293853,0.999575,1252.2,0.001000
162400,0.297579,0.989371,0.311386,0.988098,1252.9,0.001000
162500,0.365590,0.984056,0.376559,0.981296,1253.7,0.001000
162600,0.309609,0.991071,0.315227,0.992561,1254.4,0.001000
162700,0.282175,0.988520,0.291461,0.987673,1255.2,0.001000
162800,0.341884,0.994898,0.354189,0.994899,1256.0,0.001000
162900,0.262992,0.997662,0.273149,0.996387,1256.7,0.001000
163000,0.239932,0.999787,0.249782,0.999362,1257.4,0.001000
163100,0.315791,0.988520,0.326000,0.989160,1258.2,0.001000
163200,0.295245,0.997236,0.308504,0.995537,1258.9,0.001000
163300,0.285173,0.997236,0.298767,0.996599,1259.6,0.001000
163400,0.289318,0.993197,0.300265,0.990436,1260.4,0.001000
163500,0.305599,0.996599,0.315415,0.996387,1261.2,0.001000
163600,0.272109,1.000000,0.280977,0.998937,1261.9,0.001000
163700,0.366908,0.974490,0.379792,0.971945,1262.7,0.001000
163800,0.267425,0.997449,0.276248,0.998300,1263.4,0.001000
163900,0.299717,0.997874,0.313064,0.997024,1264.2,0.001000
164000,0.315718,0.990434,0.325989,0.989373,1264.9,0.001000
164100,0.359456,0.980442,0.368384,0.977896,1265.6,0.001000
164200,0.268514,1.000000,0.279478,0.999150,1266.4,0.001000
164300,0.306939,0.991284,0.313142,0.990861,1267.1,0.001000
164400,0.303137,0.994260,0.316613,0.994261,1267.9,0.001000
164500,0.371421,0.995748,0.386412,0.990011,1268.6,0.001000
164600,0.339643,0.984481,0.343817,0.983634,1269.3,0.001000
164700,0.262502,0.997874,0.270140,0.997875,1270.1,0.001000
164800,0.286771,0.998299,0.300330,0.994049,1270.9,0.001000
164900,0.273282,0.995536,0.287140,0.996174,1271.6,0.001000
165000,0.298408,0.995111,0.308391,0.994261,1272.2,0.001000
165100,0.299106,0.995323,0.313640,0.992986,1272.9,0.001000
165200,0.268099,0.998512,0.276971,0.997662,1273.6,0.001000
165300,0.304710,0.983844,0.308102,0.988098,1274.5,0.001000
165400,0.327568,0.993622,0.342273,0.992986,1275.4,0.001000
165500,0.237369,0.999575,0.243785,0.999787,1276.3,0.001000
165600,0.267367,0.996811,0.277382,0.997237,1277.1,0.001000
165700,0.372143,0.975765,0.386647,0.972582,1278.0,0.001000
165800,0.263026,0.998937,0.274018,0.998300,1278.7,0.001000
165900,0.307937,0.989796,0.320693,0.988735,1279.5,0.001000
166000,0.299214,0.989371,0.309124,0.991711,1280.3,0.001000
166100,0.309975,0.995536,0.322814,0.993836,1281.1,0.001000
166200,0.303881,0.986395,0.311786,0.986822,1281.9,0.001000
166300,0.324945,0.992134,0.337591,0.989798,1282.7,0.001000
166400,0.272329,0.998937,0.281384,0.997875,1283.5,0.001000
166500,0.314611,0.994898,0.329343,0.995112,1284.3,0.001000
166600,0.237237,0.999150,0.247016,0.998725,1285.1,0.001000
166700,0.376542,0.985969,0.383076,0.984485,1285.8,0.001000
166800,0.274843,0.997662,0.288324,0.997662,1286.6,0.001000
166900,0.338129,0.987883,0.343585,0.988310,1287.4,0.001000
167000,0.334644,0.987883,0.348642,0.989373,1288.3,0.001000
167100,0.268741,0.994260,0.277313,0.994899,1289.0,0.001000
167200,0.330961,0.989796,0.344051,0.984060,1289.8,0.001000
167300,0.254105,0.999575,0.266350,0.999575,1290.6,0.001000
167400,0.261644,0.998937,0.268196,0.999575,1291.4,0.001000
167500,0.321719,0.993410,0.338479,0.989160,1292.1,0.001000
167600,0.293409,0.998724,0.306641,0.997662,1292.9,0.001000
167700,0.287682,0.996386,0.292575,0.997450,1293.6,0.001000
167800,0.242038,0.998299,0.250997,0.998087,1294.4,0.001000
167900,0.259436,0.999575,0.267523,0.999362,1295.1,0.001000
168000,0.280905,0.996386,0.293947,0.995324,1295.9,0.001000
168100,0.329795,0.992134,0.339684,0.989586,1296.6,0.001000
168200,0.294290,0.995961,0.310076,0.994899,1297.3,0.001000
168300,0.221437,1.000000,0.231583,0.999787,1298.0,0.001000
168400,0.234672,0.999150,0.241805,0.998725,1298.7,0.001000
168500,0.310430,0.995961,0.321130,0.996387,1299.4,0.001000
168600,0.270118,0.999362,0.282773,0.998725,1300.2,0.001000
168700,0.254745,0.999150,0.265659,0.997450,1300.9,0.001000
168800,0.262678,0.998937,0.273302,0.998300,1301.6,0.001000
168900,0.312087,0.992985,0.320841,0.993199,1302.3,0.001000
169000,0.267760,0.997236,0.276788,0.995112,1303.1,0.001000
169100,0.299565,0.996599,0.311460,0.993836,1303.8,0.001000
169200,0.310038,0.995323,0.314796,0.995537,1304.6,0.001000
169300,0.250456,0.998724,0.260830,0.998300,1305.3,0.001000
169400,0.288168,0.996811,0.297266,0.997024,1306.0,0.001000
169500,0.351677,0.981080,0.366990,0.978321,1306.7,0.001000
169600,0.253044,0.998512,0.263007,0.997662,1307.5,0.001000
169700,0.349215,0.990008,0.363356,0.988310,1308.2,0.001000
169800,0.316742,0.990221,0.328659,0.989160,1309.0,0.001000
169900,0.312851,0.990859,0.321158,0.991498,1309.7,0.001000
170000,0.337608,0.990008,0.347509,0.988735,1310.4,0.001000
170100,0.292764,0.996599,0.306340,0.992561,1311.2,0.001000
170200,0.367492,0.983631,0.379104,0.983847,1311.9,0.001000
170300,0.314088,0.991922,0.326145,0.991711,1312.7,0.001000
170400,0.335607,0.994473,0.349612,0.993624,1313.5,0.001000
170500,0.228435,0.999787,0.236375,0.999787,1314.3,0.001000
170600,0.311416,0.998087,0.323697,0.997875,1315.0,0.001000
170700,0.351947,0.987670,0.367932,0.984060,1315.9,0.001000
170800,0.264027,0.999150,0.272608,0.999362,1316.7,0.001000
170900,0.350611,0.988733,0.359671,0.987460,1317.5,0.001000
171000,0.266542,1.000000,0.276186,1.000000,1318.2,0.001000
171100,0.248083,0.998937,0.257292,0.997450,1318.9,0.001000
171200,0.242690,0.998299,0.254854,0.997662,1319.6,0.001000
171300,0.296383,0.998512,0.306759,0.997875,1320.5,0.001000
171400,0.247456,0.999362,0.257030,0.999362,1321.4,0.001000
171500,0.267361,0.997874,0.281431,0.998087,1322.3,0.001000
171600,0.256452,0.999362,0.265314,0.998512,1323.1,0.001000
171700,0.232377,0.999362,0.241179,0.999362,1323.9,0.001000
171800,0.369883,0.987245,0.380412,0.988523,1324.7,0.001000
171900,0.345106,0.987883,0.357599,0.985335,1325.7,0.001000
172000,0.314454,0.995536,0.326146,0.997662,1326.5,0.001000
172100,0.320751,0.997449,0.332845,0.997024,1327.2,0.001000
172200,0.339082,0.985119,0.350234,0.986610,1328.0,0.001000
172300,0.405303,0.978529,0.412706,0.976833,1328.8,0.001000
172400,0.323024,0.984269,0.339558,0.983847,1329.6,0.001000
172500,0.232593,0.999575,0.244122,0.999362,1330.4,0.001000
172600,0.229938,0.999787,0.239337,0.999362,1331.2,0.001000
172700,0.316917,0.995536,0.329207,0.994049,1332.0,0.001000
172800,0.263326,0.999150,0.271226,0.998725,1332.8,0.001000
172900,0.292841,0.997449,0.306027,0.996599,1333.6,0.001000
173000,0.235615,0.999575,0.243557,1.000000,1334.6,0.001000
173100,0.313208,0.995111,0.320850,0.993411,1335.5,0.001000
173200,0.314231,0.995111,0.325568,0.994899,1336.3,0.001000
173300,0.236859,0.999575,0.244845,0.999575,1337.2,0.001000
173400,0.276626,0.999575,0.289183,0.999787,1338.0,0.001000
173500,0.309477,0.994685,0.322257,0.995749,1338.8,0.001000
173600,0.255730,0.999787,0.263831,1.000000,1339.6,0.001000
173700,0.382807,0.979379,0.399493,0.978108,1340.4,0.001000
173800,0.235924,0.999575,0.245139,0.999575,1341.3,0.001000
173900,0.254398,1.000000,0.262678,0.999787,1342.1,0.001000
174000,0.295143,0.992772,0.302253,0.992349,1343.0,0.001000
174100,0.422163,0.968963,0.431010,0.972582,1343.9,0.001000
174200,0.349653,0.985119,0.358467,0.986185,1344.8,0.001000
174300,0.350698,0.997874,0.363069,0.997875,1345.7,0.001000
174400,0.266190,0.995536,0.273217,0.996812,1346.4,0.001000
174500,0.249729,0.998512,0.256872,0.998937,1347.2,0.001000
174600,0.253466,0.998512,0.265577,0.998512,1348.0,0.001000
174700,0.284013,0.995536,0.295084,0.994686,1348.8,0.001000
174800,0.300195,0.992559,0.316502,0.989798,1349.5,0.001000
174900,0.344558,0.981930,0.349294,0.985547,1350.3,0.001000
175000,0.289491,0.997449,0.296693,0.997662,1351.0,0.001000
175100,0.309030,0.992772,0.318657,0.994686,1351.8,0.001000
175200,0.306964,0.993197,0.315447,0.994049,1352.6,0.001000
175300,0.261728,0.999150,0.271497,0.999150,1353.4,0.001000
175400,0.320964,0.988946,0.338738,0.982572,1354.3,0.001000
175500,0.356258,0.989583,0.376690,0.987885,1355.2,0.001000
175600,0.419870,0.971726,0.435472,0.974283,1356.1,0.001000
175700,0.270989,0.999787,0.282233,0.999787,1357.0,0.001000
175800,0.349484,0.993197,0.363246,0.989373,1357.9,0.001000
175900,0.266222,0.999575,0.276750,0.997875,1358.7,0.001000
176000,0.424138,0.964073,0.439777,0.964081,1359.5,0.001000
176100,0.307186,0.997236,0.317004,0.993624,1360.3,0.001000
176200,0.268132,0.996173,0.276931,0.995537,1361.1,0.001000
176300,0.279570,0.999362,0.288445,0.999362,1361.8,0.001000
176400,0.294236,0.996599,0.304536,0.995537,1362.6,0.001000
176500,0.326587,0.994260,0.340949,0.990436,1363.4,0.001000
176600,0.254869,0.999150,0.265744,0.999150,1364.2,0.001000
176700,0.379403,0.971514,0.406559,0.963018,1365.0,0.001000
176800,0.296831,0.994473,0.307155,0.992986,1365.8,0.001000
176900,0.255228,0.998724,0.265134,0.998087,1366.6,0.001000
177000,0.288522,0.998087,0.295552,0.995749,1367.3,0.001000
177100,0.336886,0.987032,0.347816,0.985122,1368.1,0.001000
177200,0.258959,0.999150,0.269312,0.998300,1368.9,0.001000
177300,0.329056,0.990221,0.344376,0.985972,1369.7,0.001000
177400,0.271030,1.000000,0.280535,0.999787,1370.4,0.001000
177500,0.276311,0.998512,0.285525,0.997875,1371.2,0.001000
177600,0.293431,0.999150,0.304166,0.997662,1372.0,0.001000
177700,0.260461,0.999150,0.267847,0.999575,1372.8,0.001000
177800,0.300322,0.993410,0.310690,0.993411,1373.5,0.001000
177900,0.325054,0.995111,0.335816,0.994474,1374.3,0.001000
178000,0.343628,0.996173,0.356432,0.994686,1375.1,0.001000
178100,0.381995,0.966412,0.401576,0.959617,1376.0,0.001000
178200,0.281188,0.999150,0.290358,0.999150,1376.7,0.001000
178300,0.278506,0.996599,0.286972,0.996599,1377.5,0.001000
178400,0.275429,0.994260,0.287439,0.992986,1378.3,0.001000
178500,0.307230,0.990859,0.321238,0.984697,1379.0,0.001000
178600,0.262486,0.997662,0.272133,0.998087,1379.8,0.001000
178700,0.304063,0.992985,0.316179,0.992986,1380.6,0.001000
178800,0.277297,0.999150,0.286431,0.998300,1381.5,0.001000
178900,0.356076,0.984056,0.370706,0.979809,1382.3,0.001000
179000,0.399475,0.984481,0.419915,0.977683,1383.1,0.001000
179100,0.325778,0.985969,0.340273,0.982359,1383.9,0.001000
179200,0.267286,0.998087,0.277962,0.997450,1384.7,0.001000
179300,0.273690,0.998724,0.287077,0.996812,1385.5,0.001000
179400,0.412427,0.964498,0.430120,0.964506,1386.3,0.001000
179500,0.380286,0.968325,0.390434,0.967906,1387.1,0.001000
179600,0.269149,0.996173,0.279872,0.996387,1387.9,0.001000
179700,0.301436,0.998937,0.308318,0.997662,1388.7,0.001000
179800,0.312821,0.990434,0.328458,0.986397,1389.5,0.001000
179900,0.385380,0.975340,0.409585,0.969182,1390.3,0.001000
180000,0.293956,0.994685,0.307985,0.992774,1391.1,0.001000
180100,0.319989,0.988308,0.324326,0.990436,1391.9,0.001000
180200,0.258661,0.999362,0.264140,1.000000,1392.7,0.001000
180300,0.549305,0.928146,0.565662,0.924336,1393.5,0.001000
180400,0.246604,0.997236,0.258034,0.996599,1394.4,0.001000
180500,0.249569,0.999787,0.258222,0.999150,1395.2,0.001000
180600,0.276930,0.999150,0.284132,0.998300,1396.1,0.001000
180700,0.328744,0.991071,0.347585,0.982997,1397.0,0.001000
180800,0.264670,0.998299,0.278128,0.998087,1397.8,0.001000
180900,0.392703,0.976828,0.410810,0.974283,1398.5,0.001000
181000,0.419486,0.980655,0.431000,0.977258,1399.3,0.001000
181100,0.340519,0.996386,0.351311,0.995962,1400.1,0.001000
181200,0.254550,0.999575,0.262839,0.998087,1401.0,0.001000
181300,0.394050,0.978104,0.417712,0.968757,1401.8,0.001000
181400,0.307523,0.999150,0.318612,0.999362,1402.6,0.001000
181500,0.299555,0.989371,0.312212,0.988948,1403.4,0.001000
181600,0.372589,0.982993,0.382875,0.981722,1404.2,0.001000
181700,0.299938,0.994685,0.307804,0.996174,1404.9,0.001000
181800,0.338999,0.996173,0.350750,0.994899,1405.7,0.001000
181900,0.262886,0.999362,0.277166,0.998087,1406.5,0.001000
182000,0.312292,0.991709,0.323220,0.992774,1407.3,0.001000
182100,0.367096,0.997874,0.385676,0.997662,1408.1,0.001000
182200,0.357551,0.980017,0.372134,0.973007,1408.9,0.001000
182300,0.322744,0.991284,0.334118,0.988310,1409.7,0.001000
182400,0.254622,0.998724,0.264772,0.999150,1410.5,0.001000
182500,0.269545,0.997662,0.277044,0.996387,1411.2,0.001000
182600,0.324760,0.993410,0.335822,0.990648,1412.0,0.001000
182700,0.267488,0.994048,0.279147,0.991498,1412.8,0.001000
182800,0.323180,0.992347,0.335973,0.993624,1413.5,0.001000
182900,0.304224,0.992985,0.312468,0.992986,1414.3,0.001000
183000,0.273614,0.998299,0.285728,0.994899,1415.1,0.001000
183100,0.326404,0.983418,0.337359,0.983209,1415.9,0.001000
183200,0.295350,0.993835,0.310145,0.992136,1416.6,0.001000
183300,0.273997,0.999150,0.282677,0.999575,1417.4,0.001000
183400,0.312621,0.985757,0.328008,0.985122,1418.2,0.001000
183500,0.314336,0.996386,0.325275,0.995324,1418.9,0.001000
183600,0.246952,0.999362,0.251446,0.999575,1419.7,0.001000
183700,0.284204,0.995323,0.296325,0.992561,1420.5,0.001000
183800,0.328561,0.988946,0.334898,0.989160,1421.2,0.001000
183900,0.406495,0.982993,0.420398,0.978321,1422.1,0.001000
184000,0.328059,0.992559,0.338912,0.992561,1422.9,0.001000
184100,0.273490,0.998087,0.282874,0.998725,1423.6,0.001000
184200,0.357128,0.988095,0.369347,0.986610,1424.4,0.001000
184300,0.350226,0.986820,0.365166,0.984910,1425.2,0.001000
184400,0.316975,0.994260,0.327242,0.989586,1425.9,0.001000
184500,0.308756,0.995536,0.325399,0.992136,1426.7,0.001000
184600,0.383401,0.982568,0.398051,0.978746,1427.5,0.001000
184700,0.281697,0.998724,0.293016,0.999150,1428.2,0.001000
184800,0.368242,0.980017,0.381511,0.981509,1429.0,0.001000
184900,0.294060,0.997024,0.302803,0.994899,1429.8,0.001000
185000,0.269381,0.998512,0.281355,0.997450,1430.5,0.001000
185100,0.336738,0.997236,0.347384,0.996812,1431.2,0.001000
185200,0.305147,0.997236,0.313090,0.996599,1432.0,0.001000
185300,0.315265,0.994685,0.326098,0.990436,1432.7,0.001000
185400,0.258743,0.994048,0.268523,0.994049,1433.5,0.001000
185500,0.378184,0.976403,0.387299,0.980021,1434.3,0.001000
185600,0.330756,0.989371,0.338732,0.987673,1435.0,0.001000
185700,0.283351,0.999362,0.295225,0.997450,1435.8,0.001000
185800,0.260288,0.997024,0.267123,0.996387,1436.6,0.001000
185900,0.317452,0.992559,0.329554,0.990436,1437.4,0.001000
186000,0.292986,0.995961,0.304706,0.992774,1438.2,0.001000
186100,0.464993,0.956845,0.489209,0.950691,1438.9,0.001000
186200,0.247998,1.000000,0.257189,0.999362,1439.7,0.001000
186300,0.339879,0.988733,0.356761,0.985122,1440.5,0.001000
186400,0.298086,0.991922,0.306483,0.989798,1441.3,0.001000
186500,0.285716,0.999575,0.298629,0.999575,1442.1,0.001000
186600,0.311492,0.998087,0.321026,0.997450,1442.9,0.001000
186700,0.248999,1.000000,0.255390,1.000000,1443.7,0.001000
186800,0.369677,0.982143,0.382270,0.977046,1444.5,0.001000
186900,0.267879,0.996173,0.271450,0.996812,1445.3,0.001000
187000,0.298074,0.997449,0.312773,0.995749,1446.1,0.001000
187100,0.303103,0.997874,0.316508,0.997875,1446.9,0.001000
187200,0.265558,0.998087,0.274788,0.998300,1447.6,0.001000
187300,0.286306,1.000000,0.299434,0.999787,1448.5,0.001000
187400,0.313663,0.987457,0.323988,0.986185,1449.3,0.001000
187500,0.256963,0.997874,0.268038,0.998300,1450.1,0.001000
187600,0.316378,0.991497,0.334597,0.989160,1450.8,0.001000
187700,0.301022,0.994898,0.317455,0.989798,1451.6,0.001000
187800,0.292242,0.995323,0.306020,0.993836,1452.4,0.001000
187900,0.337209,0.987670,0.344469,0.987673,1453.2,0.001000
188000,0.322129,0.990859,0.332279,0.991711,1454.1,0.001000
188100,0.237045,0.999362,0.242783,0.999362,1455.0,0.001000
188200,0.316689,0.997236,0.332095,0.997237,1456.0,0.001000
188300,0.326619,0.980017,0.334446,0.981084,1456.8,0.001000
188400,0.348471,0.983418,0.357743,0.983634,1457.6,0.001000
188500,0.315458,0.998299,0.326934,0.997024,1458.4,0.001000
188600,0.410929,0.967900,0.427439,0.969182,1459.3,0.001000
188700,0.278593,1.000000,0.289543,0.999362,1460.1,0.001000
188800,0.368835,0.985119,0.376985,0.984272,1460.9,0.001000
188900,0.267006,0.999362,0.276095,0.998300,1461.7,0.001000
189000,0.277681,0.995536,0.286381,0.997662,1462.5,0.001000
189100,0.275147,0.997024,0.280673,0.999362,1463.4,0.001000
189200,0.314822,0.990008,0.326054,0.989160,1464.3,0.001000
189300,0.300533,0.996173,0.313257,0.994049,1465.2,0.001000
189400,0.295173,0.998937,0.306663,0.996387,1466.0,0.001000
189500,0.278903,0.998937,0.286434,0.998937,1467.0,0.001000
189600,0.286966,0.996599,0.295361,0.995112,1467.9,0.001000
189700,0.357234,0.980230,0.367890,0.981296,1468.8,0.001000
189800,0.372790,0.982355,0.377776,0.981934,1469.6,0.001000
189900,0.289978,0.998512,0.298186,0.997875,1470.5,0.001000
190000,0.351848,0.990434,0.369689,0.987673,1471.3,0.001000
190100,0.455021,0.955995,0.480216,0.941126,1472.1,0.001000
190200,0.324425,0.998299,0.337047,0.996812,1472.9,0.001000
190300,0.358273,0.981292,0.372245,0.976408,1473.7,0.001000
190400,0.377858,0.989158,0.394531,0.983847,1474.5,0.001000
190500,0.294065,0.999787,0.306309,0.998512,1475.4,0.001000
190600,0.336432,0.987670,0.351093,0.984697,1476.3,0.001000
190700,0.300530,0.998937,0.309298,0.998937,1477.2,0.001000
190800,0.285720,0.996173,0.294185,0.996174,1478.1,0.001000
190900,0.307978,0.989583,0.314476,0.988523,1479.0,0.001000
191000,0.266223,0.999362,0.273714,0.999787,1479.8,0.001000
191100,0.294337,0.998299,0.308166,0.997875,1480.6,0.001000
191200,0.267863,0.998724,0.281083,0.998725,1481.4,0.001000
191300,0.352709,0.978954,0.368982,0.972370,1482.2,0.001000
191400,0.263130,0.998087,0.271894,0.997450,1483.0,0.001000
191500,0.257052,0.998724,0.263151,0.998937,1483.8,0.001000
191600,0.221870,0.999787,0.228944,0.999787,1484.6,0.001000
191700,0.259679,0.997874,0.270801,0.997662,1485.4,0.001000
191800,0.323355,0.992347,0.333406,0.995112,1486.2,0.001000
191900,0.370013,0.980017,0.379561,0.984910,1487.0,0.001000
192000,0.298907,0.994473,0.308362,0.990648,1487.8,0.001000
192100,0.338361,0.996173,0.348780,0.994261,1488.6,0.001000
192200,0.266583,0.999150,0.278050,0.998512,1489.4,0.001000
192300,0.290363,0.995323,0.298987,0.992561,1490.2,0.001000
192400,0.290420,0.996599,0.304076,0.995324,1491.0,0.001000
192500,0.359120,0.990221,0.373225,0.986610,1491.7,0.001000
192600,0.315657,0.997874,0.331889,0.996599,1492.5,0.001000
192700,0.494831,0.946216,0.517355,0.942614,1493.3,0.001000
192800,0.303518,0.994685,0.313907,0.994474,1494.1,0.001000
192900,0.328151,0.993622,0.338318,0.992136,1494.8,0.001000
193000,0.286642,0.995536,0.300183,0.992561,1495.6,0.001000
193100,0.333019,0.984481,0.344481,0.984697,1496.4,0.001000
193200,0.222609,0.999150,0.232074,0.998725,1497.2,0.001000
193300,0.280519,0.998512,0.294309,0.998300,1498.0,0.001000
193400,0.382569,0.982568,0.400214,0.977896,1498.8,0.001000
193500,0.301970,0.990221,0.314628,0.991286,1499.6,0.001000
193600,0.250837,0.999150,0.260460,0.999150,1500.5,0.001000
193700,0.287071,0.994473,0.296923,0.994049,1501.3,0.001000
193800,0.283983,0.998512,0.292770,0.998937,1502.1,0.001000
193900,0.308397,0.993197,0.321766,0.991073,1502.9,0.001000
194000,0.313989,0.997024,0.323388,0.996174,1503.7,0.001000
194100,0.311706,0.993622,0.323558,0.992774,1504.4,0.001000
194200,0.346672,0.985332,0.360045,0.982147,1505.2,0.001000
194300,0.245967,0.999575,0.253745,0.999575,1506.0,0.001000
194400,0.271159,0.999787,0.279049,0.999362,1506.7,0.001000
194500,0.280776,0.998937,0.292087,0.997875,1507.5,0.001000
194600,0.291230,0.995111,0.304641,0.992774,1508.3,0.001000
194700,0.331071,0.992134,0.338138,0.990861,1509.1,0.001000
194800,0.303976,0.996811,0.313406,0.996387,1509.8,0.001000
194900,0.308827,0.992985,0.322672,0.991711,1510.6,0.001000
195000,0.242375,0.999787,0.249472,0.998937,1511.4,0.001000
195100,0.350232,0.996173,0.358345,0.996174,1512.1,0.001000
195200,0.281606,0.994260,0.295445,0.991711,1512.9,0.001000
195300,0.265524,0.998724,0.276162,0.999362,1513.6,0.001000
195400,0.310313,0.991497,0.313993,0.992986,1514.6,0.001000
195500,0.305970,0.996599,0.315788,0.995749,1515.5,0.001000
195600,0.280182,0.999150,0.289106,0.998512,1516.2,0.001000
195700,0.323974,0.991922,0.337633,0.990223,1517.1,0.001000
195800,0.312546,1.000000,0.323766,1.000000,1518.0,0.001000
195900,0.272725,0.993197,0.287738,0.991073,1518.7,0.001000
196000,0.265498,0.999787,0.279367,0.999787,1519.5,0.001000
196100,0.349013,0.988095,0.366903,0.985760,1520.3,0.001000
196200,0.333557,0.990646,0.348491,0.988735,1521.1,0.001000
196300,0.269645,0.998512,0.279288,0.998300,1521.9,0.001000
196400,0.263011,0.998937,0.271376,0.998725,1522.7,0.001000
196500,0.271621,0.997449,0.283778,0.993411,1523.4,0.001000
196600,0.367817,0.973639,0.375861,0.976196,1524.2,0.001000
196700,0.358342,0.990646,0.375789,0.987885,1525.0,0.001000
196800,0.313712,0.994685,0.317760,0.995112,1525.8,0.001000
196900,0.324805,0.997024,0.333892,0.992349,1526.7,0.001000
197000,0.298544,0.992347,0.307401,0.994261,1527.5,0.001000
197100,0.399590,0.979804,0.414169,0.978746,1528.4,0.001000
197200,0.385998,0.973427,0.402138,0.967694,1529.1,0.001000
197300,0.266068,0.997449,0.276049,0.997024,1529.8,0.001000
197400,0.231601,1.000000,0.238308,1.000000,1530.5,0.001000
197500,0.323150,0.987670,0.336470,0.984060,1531.3,0.001000
197600,0.294886,0.997874,0.306958,0.997024,1532.0,0.001000
197700,0.264274,0.998087,0.273657,0.998087,1532.7,0.001000
197800,0.363074,0.990008,0.378539,0.989798,1533.5,0.001000
197900,0.248217,0.999150,0.253735,0.999362,1534.2,0.001000
198000,0.295297,0.994473,0.306612,0.995112,1534.9,0.001000
198100,0.273785,0.998087,0.282195,0.999787,1535.6,0.001000
198200,0.293491,0.996811,0.302530,0.996387,1536.5,0.001000
198300,0.346520,0.983844,0.362111,0.979171,1537.3,0.001000
198400,0.330582,0.993410,0.341642,0.992349,1538.1,0.001000
198500,0.332205,0.994898,0.339330,0.994261,1538.9,0.001000
198600,0.336419,0.988095,0.351414,0.984697,1539.7,0.001000
198700,0.328136,0.989158,0.342991,0.985760,1540.5,0.001000
198800,0.388190,0.977679,0.393495,0.980871,1541.2,0.001000
198900,0.423901,0.979379,0.438661,0.981934,1542.0,0.001000
199000,0.337413,0.988308,0.355897,0.987885,1542.7,0.001000
199100,0.265014,0.999362,0.272946,0.998937,1543.4,0.001000
199200,0.390054,0.983631,0.401709,0.982147,1544.2,0.001000
199300,0.267003,0.997662,0.274824,0.998725,1544.9,0.001000
199400,0.295829,0.998724,0.304828,0.998087,1545.8,0.001000
199500,0.342449,0.985757,0.357910,0.982572,1546.5,0.001000
199600,0.304789,0.995748,0.316524,0.997875,1547.2,0.001000
199700,0.298192,0.992134,0.308934,0.992349,1548.0,0.001000
199800,0.313682,0.997024,0.325459,0.994261,1548.7,0.001000
199900,0.284186,0.998512,0.297000,0.998300,1549.5,0.001000
