step,train_loss,train_acc,test_loss,test_acc,elapsed_sec,lr
0,5.488772,0.005045,5.492407,0.005495,0.1,0.000020
100,5.002656,0.010270,5.076873,0.004414,0.6,0.001000
200,4.717604,0.060991,5.433055,0.006035,1.2,0.001000
300,4.091722,0.195586,5.339549,0.021349,1.8,0.001000
400,3.111885,0.406306,4.755970,0.077200,2.3,0.001000
500,1.765875,0.706396,3.364072,0.244482,2.9,0.001000
600,0.897276,0.899279,2.333885,0.435096,3.6,0.001000
700,0.297835,0.993784,1.043578,0.757499,4.1,0.001000
800,0.104132,0.999730,0.415133,0.954148,4.7,0.001000
900,0.035488,1.000000,0.112862,0.998469,5.2,0.001000
1000,0.013367,1.000000,0.028060,1.000000,5.8,0.001000
1100,0.005865,1.000000,0.009669,1.000000,6.3,0.001000
1200,0.003433,1.000000,0.005077,1.000000,6.9,0.001000
1300,0.008131,1.000000,0.010469,1.000000,7.4,0.001000
1400,0.007717,1.000000,0.009650,1.000000,8.0,0.001000
1500,0.005223,1.000000,0.006391,1.000000,8.5,0.001000
1600,0.016167,1.000000,0.019072,1.000000,9.1,0.001000
1700,0.017824,1.000000,0.020826,1.000000,9.6,0.001000
1800,2.853633,0.276216,2.886117,0.267093,10.2,0.001000
1900,0.020647,1.000000,0.022766,1.000000,10.7,0.001000
2000,0.016602,1.000000,0.018161,1.000000,11.3,0.001000
2100,0.023309,1.000000,0.025661,1.000000,11.9,0.001000
2200,0.019139,1.000000,0.020797,1.000000,12.4,0.001000
2300,0.028384,1.000000,0.030804,1.000000,12.9,0.001000
2400,0.022448,1.000000,0.023908,1.000000,13.5,0.001000
2500,0.641228,0.886216,0.684428,0.871003,14.0,0.001000
2600,0.023527,1.000000,0.024857,1.000000,14.5,0.001000
2700,0.018422,1.000000,0.019147,1.000000,15.0,0.001000
2800,0.024810,1.000000,0.026227,1.000000,15.6,0.001000
2900,0.021773,1.000000,0.022585,1.000000,16.1,0.001000
3000,0.031231,1.000000,0.033220,1.000000,16.7,0.001000
3100,0.026079,1.000000,0.027120,1.000000,17.3,0.001000
3200,0.040689,1.000000,0.043943,1.000000,17.8,0.001000
3300,0.024540,1.000000,0.025652,1.000000,18.4,0.001000
3400,0.072119,0.999820,0.078711,0.999730,18.9,0.001000
3500,0.027620,1.000000,0.028888,1.000000,19.5,0.001000
3600,3.009974,0.368559,3.063035,0.359427,20.0,0.001000
3700,0.028315,1.000000,0.029663,1.000000,20.6,0.001000
3800,0.122784,0.998198,0.134488,0.996397,21.1,0.001000
3900,0.029644,1.000000,0.030753,1.000000,21.7,0.001000
4000,0.103490,0.999640,0.112028,0.999460,22.2,0.001000
4100,0.025495,1.000000,0.026492,1.000000,22.7,0.001000
4200,0.078973,0.999910,0.084425,0.999550,23.3,0.001000
4300,0.027471,1.000000,0.028409,1.000000,23.9,0.001000
4400,0.059734,1.000000,0.063519,1.000000,24.5,0.001000
4500,0.023700,1.000000,0.024694,1.000000,25.0,0.001000
4600,0.041136,1.000000,0.043917,1.000000,25.6,0.001000
4700,0.025872,1.000000,0.026777,1.000000,26.2,0.001000
4800,0.044145,1.000000,0.047441,1.000000,26.8,0.001000
4900,0.024564,1.000000,0.025503,1.000000,27.3,0.001000
5000,0.041014,1.000000,0.043869,0.999910,27.9,0.001000
5100,0.026830,1.000000,0.027810,1.000000,28.4,0.001000
5200,0.167947,0.994505,0.184395,0.990812,28.9,0.001000
5300,0.026600,1.000000,0.027783,1.000000,29.5,0.001000
5400,0.205466,0.992793,0.222806,0.989550,30.1,0.001000
5500,0.024371,1.000000,0.025336,1.000000,30.6,0.001000
5600,0.658901,0.881532,0.665589,0.884064,31.2,0.001000
5700,0.026684,1.000000,0.027836,1.000000,31.7,0.001000
5800,3.016068,0.365496,3.031935,0.367534,32.3,0.001000
5900,0.029982,1.000000,0.031268,1.000000,32.8,0.001000
6000,0.151272,0.999009,0.165707,0.998739,33.4,0.001000
6100,0.026677,1.000000,0.027722,1.000000,34.0,0.001000
6200,0.313309,0.979009,0.337295,0.973606,34.6,0.001000
6300,0.025511,1.000000,0.026617,1.000000,35.2,0.001000
6400,0.115751,0.999550,0.127959,0.998829,35.7,0.001000
6500,0.026149,1.000000,0.027234,1.000000,36.3,0.001000
6600,0.810037,0.820541,0.823302,0.820467,36.7,0.001000
6700,0.025008,1.000000,0.026186,1.000000,37.3,0.001000
6800,0.022667,1.000000,0.023468,1.000000,37.9,0.001000
6900,0.025415,1.000000,0.026574,1.000000,38.4,0.001000
7000,0.019509,1.000000,0.020210,1.000000,39.0,0.001000
7100,0.024281,1.000000,0.025726,1.000000,39.6,0.001000
7200,0.024711,1.000000,0.025473,1.000000,40.1,0.001000
7300,0.038080,1.000000,0.040880,1.000000,40.7,0.001000
7400,0.027238,1.000000,0.028222,1.000000,41.2,0.001000
7500,0.230382,0.986937,0.241254,0.985136,41.8,0.001000
7600,0.026605,1.000000,0.027556,1.000000,42.4,0.001000
7700,0.020870,1.000000,0.021393,1.000000,43.0,0.001000
7800,0.026268,1.000000,0.027452,1.000000,43.5,0.001000
7900,0.024316,1.000000,0.025066,1.000000,44.1,0.001000
8000,0.029011,1.000000,0.030494,1.000000,44.7,0.001000
8100,0.025299,1.000000,0.026189,1.000000,45.2,0.001000
8200,0.028354,1.000000,0.029907,1.000000,45.7,0.001000
8300,0.025345,1.000000,0.026228,1.000000,46.3,0.001000
8400,0.029119,1.000000,0.030912,1.000000,46.8,0.001000
8500,0.024606,1.000000,0.025428,1.000000,47.3,0.001000
8600,0.037348,1.000000,0.039992,1.000000,47.9,0.001000
8700,0.025054,1.000000,0.025854,1.000000,48.4,0.001000
8800,0.131344,0.999279,0.140383,0.998018,48.9,0.001000
8900,0.028168,1.000000,0.029424,1.000000,49.5,0.001000
9000,0.019472,1.000000,0.020077,1.000000,50.1,0.001000
9100,0.025114,1.000000,0.026215,1.000000,50.6,0.001000
9200,0.022257,1.000000,0.022834,1.000000,51.2,0.001000
9300,0.028542,1.000000,0.029925,1.000000,51.9,0.001000
9400,0.025091,1.000000,0.025899,1.000000,52.5,0.001000
9500,0.034545,1.000000,0.036577,1.000000,53.0,0.001000
9600,0.025825,1.000000,0.026648,1.000000,53.6,0.001000
9700,0.116680,0.998919,0.125282,0.998649,54.2,0.001000
9800,0.027294,1.000000,0.028289,1.000000,54.8,0.001000
9900,3.786476,0.138468,3.847606,0.136744,55.4,0.001000
10000,0.028042,1.000000,0.029197,1.000000,56.0,0.001000
10100,0.022380,1.000000,0.023096,1.000000,56.5,0.001000
10200,0.031179,1.000000,0.032935,1.000000,57.1,0.001000
10300,0.026789,1.000000,0.027666,1.000000,57.6,0.001000
10400,0.054392,1.000000,0.058835,1.000000,58.1,0.001000
10500,0.028123,1.000000,0.029484,1.000000,58.6,0.001000
10600,0.570819,0.927658,0.592177,0.921989,59.2,0.001000
10700,0.028811,1.000000,0.030069,1.000000,59.7,0.001000
10800,0.024679,1.000000,0.025250,1.000000,60.3,0.001000
10900,0.028592,1.000000,0.029817,1.000000,60.9,0.001000
11000,0.022574,1.000000,0.023272,1.000000,61.4,0.001000
11100,0.033325,1.000000,0.035538,1.000000,61.9,0.001000
11200,0.025955,1.000000,0.026831,1.000000,62.5,0.001000
11300,0.034153,1.000000,0.036219,1.000000,63.0,0.001000
11400,0.025894,1.000000,0.026751,1.000000,63.6,0.001000
11500,0.042013,1.000000,0.044767,1.000000,64.1,0.001000
11600,0.024814,1.000000,0.025679,1.000000,64.7,0.001000
11700,0.098666,0.999460,0.105119,0.999009,65.3,0.001000
11800,0.026023,1.000000,0.027166,1.000000,65.8,0.001000
11900,0.456672,0.933604,0.469447,0.930907,66.4,0.001000
12000,0.027574,1.000000,0.028955,1.000000,66.9,0.001000
12100,0.022961,1.000000,0.023773,1.000000,67.5,0.001000
12200,0.027593,1.000000,0.028918,1.000000,68.0,0.001000
12300,0.022107,1.000000,0.022778,1.000000,68.5,0.001000
12400,0.027524,1.000000,0.028909,1.000000,69.2,0.001000
12500,0.021647,1.000000,0.022431,1.000000,69.8,0.001000
12600,0.026944,1.000000,0.028184,1.000000,70.4,0.001000
12700,0.021368,1.000000,0.021975,1.000000,70.9,0.001000
12800,0.026022,1.000000,0.027173,1.000000,71.5,0.001000
12900,0.021685,1.000000,0.022483,1.000000,72.0,0.001000
13000,0.027027,1.000000,0.028422,1.000000,72.6,0.001000
13100,0.022121,1.000000,0.022837,1.000000,73.2,0.001000
13200,0.030070,1.000000,0.031656,1.000000,73.7,0.001000
13300,0.024448,1.000000,0.025309,1.000000,74.4,0.001000
13400,0.027679,1.000000,0.029187,1.000000,74.9,0.001000
13500,0.021822,1.000000,0.022597,1.000000,75.5,0.001000
13600,0.030415,1.000000,0.032518,1.000000,76.0,0.001000
13700,0.022480,1.000000,0.023342,1.000000,76.6,0.001000
13800,0.042626,1.000000,0.045723,0.999910,77.1,0.001000
13900,0.025609,1.000000,0.026608,1.000000,77.7,0.001000
14000,0.215440,0.991351,0.224853,0.991442,78.3,0.001000
14100,0.025579,1.000000,0.026700,1.000000,78.9,0.001000
14200,0.050650,0.999910,0.051652,0.999910,79.5,0.001000
14300,0.028501,1.000000,0.029973,1.000000,80.0,0.001000
14400,0.023742,1.000000,0.024681,1.000000,80.6,0.001000
14500,0.030212,1.000000,0.031892,1.000000,81.1,0.001000
14600,0.025408,1.000000,0.026331,1.000000,81.6,0.001000
14700,0.032994,1.000000,0.034660,1.000000,82.2,0.001000
14800,0.027660,1.000000,0.028752,1.000000,82.8,0.001000
14900,0.173959,0.996486,0.187779,0.994505,83.3,0.001000
15000,0.030805,1.000000,0.032364,1.000000,83.9,0.001000
15100,0.286764,0.988739,0.303966,0.987479,84.4,0.001000
15200,0.026800,1.000000,0.028017,1.000000,85.0,0.001000
15300,0.406118,0.952432,0.418492,0.948383,85.5,0.001000
15400,0.023814,1.000000,0.024839,1.000000,86.1,0.001000
15500,0.018585,1.000000,0.019133,1.000000,86.7,0.001000
15600,0.022060,1.000000,0.023265,1.000000,87.2,0.001000
15700,0.386812,0.951351,0.407394,0.945590,87.8,0.001000
15800,0.025777,1.000000,0.027097,1.000000,88.4,0.001000
15900,4.046284,0.304234,4.068165,0.304927,88.9,0.001000
16000,0.027882,1.000000,0.029423,1.000000,89.4,0.001000
16100,4.225170,0.155856,4.229853,0.153410,90.0,0.001000
16200,0.025918,1.000000,0.027129,1.000000,90.5,0.001000
16300,0.252276,0.988378,0.263565,0.985677,91.1,0.001000
16400,0.025051,1.000000,0.026292,1.000000,91.6,0.001000
16500,0.326907,0.971171,0.344878,0.967210,92.2,0.001000
16600,0.025269,1.000000,0.026406,1.000000,92.7,0.001000
16700,0.019135,1.000000,0.019750,1.000000,93.3,0.001000
16800,0.028497,1.000000,0.030283,1.000000,93.8,0.001000
16900,0.021607,1.000000,0.022369,1.000000,94.4,0.001000
17000,0.095173,0.999099,0.103243,0.998469,95.0,0.001000
17100,0.025067,1.000000,0.026328,1.000000,95.5,0.001000
17200,0.238869,0.991622,0.247473,0.992073,96.1,0.001000
17300,0.025688,1.000000,0.027118,1.000000,96.7,0.001000
17400,0.896213,0.801622,0.933968,0.793352,97.2,0.001000
17500,0.026710,1.000000,0.028053,1.000000,97.8,0.001000
17600,1.470335,0.675045,1.463671,0.671561,98.4,0.001000
17700,0.024324,1.000000,0.025590,1.000000,99.0,0.001000
17800,1.003239,0.792523,1.000412,0.789298,99.6,0.001000
17900,0.026433,1.000000,0.027618,1.000000,100.1,0.001000
18000,0.089411,1.000000,0.093837,1.000000,100.7,0.001000
18100,0.026504,1.000000,0.027884,1.000000,101.2,0.001000
18200,0.020031,1.000000,0.020739,1.000000,101.8,0.001000
18300,0.026545,1.000000,0.027944,1.000000,102.4,0.001000
18400,1.520755,0.651622,1.557569,0.647870,103.0,0.001000
18500,0.025501,1.000000,0.026840,1.000000,103.5,0.001000
18600,0.018654,1.000000,0.019341,1.000000,104.1,0.001000
18700,0.026226,1.000000,0.027620,1.000000,104.7,0.001000
18800,0.022058,1.000000,0.022911,1.000000,105.2,0.001000
18900,0.032476,1.000000,0.034666,1.000000,105.8,0.001000
19000,0.025071,1.000000,0.026017,1.000000,106.3,0.001000
19100,0.034647,1.000000,0.036513,1.000000,106.9,0.001000
19200,0.025184,1.000000,0.025988,1.000000,107.4,0.001000
19300,0.052948,1.000000,0.058482,0.999820,108.0,0.001000
19400,0.025867,1.000000,0.027025,1.000000,108.5,0.001000
19500,0.043087,1.000000,0.045503,0.999910,109.1,0.001000
19600,0.024779,1.000000,0.025759,1.000000,109.6,0.001000
19700,0.038030,1.000000,0.040992,1.000000,110.2,0.001000
19800,0.023043,1.000000,0.023981,1.000000,110.7,0.001000
19900,0.045193,1.000000,0.048628,0.999910,111.3,0.001000
20000,0.023940,1.000000,0.024990,1.000000,111.8,0.001000
20100,0.034029,1.000000,0.036161,1.000000,112.4,0.001000
20200,0.024096,1.000000,0.025096,1.000000,112.9,0.001000
20300,0.109437,0.999369,0.118343,0.999099,113.5,0.001000
20400,0.027649,1.000000,0.028856,1.000000,114.0,0.001000
20500,0.092322,0.999910,0.100776,0.999730,114.6,0.001000
20600,0.026988,1.000000,0.028280,1.000000,115.2,0.001000
20700,0.243208,0.990721,0.255454,0.986127,115.7,0.001000
20800,0.024720,1.000000,0.025703,1.000000,116.3,0.001000
20900,0.304176,0.989550,0.322538,0.987298,116.8,0.001000
21000,0.027332,1.000000,0.028753,1.000000,117.5,0.001000
21100,0.166870,0.997387,0.177759,0.997117,118.1,0.001000
21200,0.026278,1.000000,0.027378,1.000000,118.7,0.001000
21300,0.215549,0.994324,0.228355,0.993064,119.3,0.001000
21400,0.023192,1.000000,0.024428,1.000000,119.8,0.001000
21500,0.016582,1.000000,0.017194,1.000000,120.4,0.001000
21600,0.021383,1.000000,0.022613,1.000000,121.0,0.001000
21700,0.021223,1.000000,0.021917,1.000000,121.6,0.001000
21800,0.031567,1.000000,0.033763,1.000000,122.1,0.001000
21900,0.024328,1.000000,0.025195,1.000000,122.7,0.001000
22000,0.041638,1.000000,0.044697,1.000000,123.3,0.001000
22100,0.025542,1.000000,0.026555,1.000000,123.9,0.001000
22200,0.030372,1.000000,0.032424,1.000000,124.4,0.001000
22300,0.023570,1.000000,0.024355,1.000000,125.0,0.001000
22400,0.027522,1.000000,0.029039,1.000000,125.5,0.001000
22500,0.023066,1.000000,0.023788,1.000000,126.0,0.001000
22600,0.027572,1.000000,0.029679,1.000000,126.6,0.001000
22700,0.022330,1.000000,0.023194,1.000000,127.1,0.001000
22800,0.060525,1.000000,0.066012,0.999820,127.7,0.001000
22900,0.026307,1.000000,0.027535,1.000000,128.3,0.001000
23000,0.044531,1.000000,0.048196,1.000000,128.9,0.001000
23100,0.026688,1.000000,0.027717,1.000000,129.5,0.001000
23200,0.041714,1.000000,0.044589,0.999910,130.0,0.001000
23300,0.023874,1.000000,0.024719,1.000000,130.5,0.001000
23400,0.069523,1.000000,0.075413,0.999640,131.0,0.001000
23500,0.023213,1.000000,0.024219,1.000000,131.6,0.001000
23600,0.075329,1.000000,0.080307,1.000000,132.2,0.001000
23700,0.025490,1.000000,0.026478,1.000000,132.8,0.001000
23800,0.139536,0.999009,0.152500,0.997298,133.3,0.001000
23900,0.025102,1.000000,0.026189,1.000000,133.8,0.001000
24000,0.141359,0.998198,0.150862,0.997748,134.4,0.001000
24100,0.024779,1.000000,0.025817,1.000000,134.9,0.001000
24200,0.076935,0.999820,0.082949,0.999820,135.5,0.001000
24300,0.024187,1.000000,0.025170,1.000000,136.1,0.001000
24400,0.227506,0.993243,0.242087,0.992793,136.7,0.001000
24500,0.027933,1.000000,0.029258,1.000000,137.3,0.001000
24600,0.086422,0.999820,0.091714,0.999910,137.8,0.001000
24700,0.024929,1.000000,0.025899,1.000000,138.3,0.001000
24800,0.088256,0.999730,0.096774,0.999550,138.9,0.001000
24900,0.025901,1.000000,0.026991,1.000000,139.5,0.001000
25000,0.116589,0.999550,0.124730,0.999369,140.0,0.001000
25100,0.025289,1.000000,0.026396,1.000000,140.6,0.001000
25200,0.081212,1.000000,0.087471,1.000000,141.2,0.001000
25300,0.025441,1.000000,0.026579,1.000000,141.7,0.001000
25400,0.048009,1.000000,0.051811,1.000000,142.3,0.001000
25500,0.023837,1.000000,0.024868,1.000000,142.9,0.001000
25600,0.110373,0.999730,0.120860,0.999820,143.4,0.001000
25700,0.025638,1.000000,0.026732,1.000000,144.0,0.001000
25800,0.202586,0.994955,0.216915,0.992523,144.5,0.001000
25900,0.025191,1.000000,0.026371,1.000000,145.1,0.001000
26000,0.629358,0.879009,0.629752,0.874065,145.6,0.001000
26100,0.028972,1.000000,0.030417,1.000000,146.2,0.001000
26200,0.023893,1.000000,0.024600,1.000000,146.8,0.001000
26300,0.026476,1.000000,0.027762,1.000000,147.4,0.001000
26400,0.024090,1.000000,0.024719,1.000000,148.0,0.001000
26500,0.033814,1.000000,0.036222,1.000000,148.6,0.001000
26600,0.024375,1.000000,0.025268,1.000000,149.1,0.001000
26700,0.030136,1.000000,0.032261,1.000000,149.7,0.001000
26800,0.023829,1.000000,0.024844,1.000000,150.3,0.001000
26900,0.029487,1.000000,0.031649,1.000000,150.9,0.001000
27000,0.024430,1.000000,0.025384,1.000000,151.4,0.001000
27100,0.037977,1.000000,0.040944,1.000000,152.0,0.001000
27200,0.023976,1.000000,0.024977,1.000000,152.5,0.001000
27300,0.082406,0.999820,0.090354,0.999730,153.1,0.001000
27400,0.026572,1.000000,0.027834,1.000000,153.6,0.001000
27500,0.271554,0.988739,0.293938,0.983335,154.2,0.001000
27600,0.026899,1.000000,0.028329,1.000000,154.8,0.001000
27700,0.019801,1.000000,0.020480,1.000000,155.4,0.001000
27800,0.029271,1.000000,0.030724,1.000000,156.0,0.001000
27900,0.024770,1.000000,0.025525,1.000000,156.6,0.001000
28000,0.027409,1.000000,0.028703,1.000000,157.2,0.001000
28100,0.022365,1.000000,0.023207,1.000000,157.8,0.001000
28200,0.028529,1.000000,0.029970,1.000000,158.3,0.001000
28300,0.023783,1.000000,0.024522,1.000000,158.9,0.001000
28400,0.030417,1.000000,0.032229,1.000000,159.4,0.001000
28500,0.024000,1.000000,0.024668,1.000000,159.9,0.001000
28600,0.031700,1.000000,0.033446,1.000000,160.5,0.001000
28700,0.025906,1.000000,0.026904,1.000000,161.0,0.001000
28800,0.029189,1.000000,0.031261,1.000000,161.6,0.001000
28900,0.023701,1.000000,0.024675,1.000000,162.1,0.001000
29000,0.026846,1.000000,0.028226,1.000000,162.7,0.001000
29100,0.022492,1.000000,0.023337,1.000000,163.3,0.001000
29200,0.026014,1.000000,0.027597,1.000000,163.8,0.001000
29300,0.020625,1.000000,0.021271,1.000000,164.3,0.001000
29400,0.024552,1.000000,0.025918,1.000000,164.9,0.001000
29500,0.020716,1.000000,0.021405,1.000000,165.5,0.001000
29600,0.028001,1.000000,0.029937,1.000000,166.0,0.001000
29700,0.023134,1.000000,0.023973,1.000000,166.6,0.001000
29800,0.083031,0.999820,0.090172,0.999910,167.2,0.001000
29900,0.025293,1.000000,0.026349,1.000000,167.8,0.001000
30000,0.043928,1.000000,0.047976,1.000000,168.4,0.001000
30100,0.024319,1.000000,0.025405,1.000000,168.9,0.001000
30200,0.045730,1.000000,0.048605,0.999910,169.4,0.001000
30300,0.026343,1.000000,0.027230,1.000000,170.0,0.001000
30400,0.045382,1.000000,0.049342,1.000000,170.5,0.001000
30500,0.026032,1.000000,0.027169,1.000000,171.1,0.001000
30600,0.068100,1.000000,0.073648,1.000000,171.6,0.001000
30700,0.025368,1.000000,0.026371,1.000000,172.2,0.001000
30800,0.016710,1.000000,0.017234,1.000000,172.7,0.001000
30900,0.023862,1.000000,0.025176,1.000000,173.3,0.001000
31000,0.020774,1.000000,0.021457,1.000000,173.9,0.001000
31100,0.027141,1.000000,0.028866,1.000000,174.5,0.001000
31200,0.024207,1.000000,0.025181,1.000000,175.0,0.001000
31300,0.034657,1.000000,0.037607,1.000000,175.6,0.001000
31400,0.026892,1.000000,0.028022,1.000000,176.1,0.001000
31500,0.030805,1.000000,0.032829,1.000000,176.7,0.001000
31600,0.024896,1.000000,0.025811,1.000000,177.2,0.001000
31700,0.032739,1.000000,0.035183,1.000000,177.8,0.001000
31800,0.025381,1.000000,0.026340,1.000000,178.3,0.001000
31900,0.441694,0.957568,0.461226,0.954599,178.9,0.001000
32000,0.030334,1.000000,0.031832,1.000000,179.4,0.001000
32100,0.023132,1.000000,0.023902,1.000000,180.0,0.001000
32200,0.026739,1.000000,0.028179,1.000000,180.6,0.001000
32300,0.023466,1.000000,0.024319,1.000000,181.2,0.001000
32400,0.028861,1.000000,0.030513,1.000000,181.7,0.001000
32500,0.024176,1.000000,0.024921,1.000000,182.3,0.001000
32600,0.032480,1.000000,0.034354,1.000000,182.8,0.001000
32700,0.023835,1.000000,0.024648,1.000000,183.4,0.001000
32800,0.028246,1.000000,0.029782,1.000000,184.0,0.001000
32900,0.023689,1.000000,0.024543,1.000000,184.5,0.001000
33000,0.029174,1.000000,0.030989,1.000000,185.1,0.001000
33100,0.024953,1.000000,0.025829,1.000000,185.7,0.001000
33200,0.043682,1.000000,0.046745,0.999910,186.3,0.001000
33300,0.025797,1.000000,0.026676,1.000000,186.8,0.001000
33400,0.104072,0.999640,0.114158,0.999099,187.4,0.001000
33500,0.025093,1.000000,0.026051,1.000000,188.0,0.001000
33600,0.409733,0.958559,0.426941,0.954509,188.6,0.001000
33700,0.024026,1.000000,0.025035,1.000000,189.1,0.001000
33800,0.244590,0.995045,0.263648,0.991442,189.7,0.001000
33900,0.025769,1.000000,0.027042,1.000000,190.2,0.001000
34000,4.184547,0.227477,4.198242,0.227007,190.8,0.001000
34100,0.026173,1.000000,0.027631,1.000000,191.4,0.001000
34200,0.020610,1.000000,0.021322,1.000000,192.0,0.001000
34300,0.028146,1.000000,0.029644,1.000000,192.6,0.001000
34400,0.022513,1.000000,0.023171,1.000000,193.2,0.001000
34500,0.026576,1.000000,0.027974,1.000000,193.8,0.001000
34600,0.020481,1.000000,0.021116,1.000000,194.4,0.001000
34700,0.024948,1.000000,0.026330,1.000000,194.9,0.001000
34800,0.022416,1.000000,0.023224,1.000000,195.5,0.001000
34900,0.034500,1.000000,0.037233,1.000000,196.0,0.001000
35000,0.024680,1.000000,0.025645,1.000000,196.6,0.001000
35100,0.035400,1.000000,0.037711,1.000000,197.1,0.001000
35200,0.026690,1.000000,0.027762,1.000000,197.7,0.001000
35300,0.168843,0.996577,0.179953,0.994505,198.2,0.001000
35400,0.026551,1.000000,0.027927,1.000000,198.8,0.001000
35500,2.796702,0.330631,2.804758,0.332402,199.3,0.001000
35600,0.026274,1.000000,0.027453,1.000000,199.9,0.001000
35700,0.020520,1.000000,0.021198,1.000000,200.4,0.001000
35800,0.027025,1.000000,0.028668,1.000000,201.0,0.001000
35900,0.022121,1.000000,0.022800,1.000000,201.5,0.001000
36000,0.028231,1.000000,0.030027,1.000000,202.1,0.001000
36100,0.024193,1.000000,0.025267,1.000000,202.6,0.001000
36200,0.041950,1.000000,0.044925,1.000000,203.2,0.001000
36300,0.025904,1.000000,0.026897,1.000000,203.8,0.001000
36400,0.042740,1.000000,0.045631,1.000000,204.3,0.001000
36500,0.026557,1.000000,0.027625,1.000000,204.9,0.001000
36600,0.037983,1.000000,0.040745,0.999910,205.4,0.001000
36700,0.024617,1.000000,0.025579,1.000000,205.9,0.001000
36800,0.040814,1.000000,0.043489,1.000000,206.5,0.001000
36900,0.025240,1.000000,0.026331,1.000000,207.1,0.001000
37000,0.045185,1.000000,0.049394,0.999910,207.6,0.001000
37100,0.025815,1.000000,0.027012,1.000000,208.1,0.001000
37200,0.061192,1.000000,0.066259,0.999730,208.7,0.001000
37300,0.025675,1.000000,0.026754,1.000000,209.2,0.001000
37400,0.107220,0.999009,0.114868,0.998829,209.8,0.001000
37500,0.026103,1.000000,0.027387,1.000000,210.3,0.001000
37600,0.626583,0.912252,0.648595,0.906945,210.9,0.001000
37700,0.028567,1.000000,0.029913,1.000000,211.4,0.001000
37800,0.022576,1.000000,0.023282,1.000000,212.0,0.001000
37900,0.027988,1.000000,0.029748,1.000000,212.5,0.001000
38000,0.023766,1.000000,0.024553,1.000000,213.1,0.001000
38100,0.030707,1.000000,0.032747,1.000000,213.6,0.001000
38200,0.025470,1.000000,0.026439,1.000000,214.2,0.001000
38300,0.030094,1.000000,0.031928,1.000000,214.7,0.001000
38400,0.023214,1.000000,0.023919,1.000000,215.3,0.001000
38500,0.028768,1.000000,0.030448,1.000000,215.8,0.001000
38600,0.023409,1.000000,0.024240,1.000000,216.4,0.001000
38700,0.039937,1.000000,0.043074,1.000000,217.0,0.001000
38800,0.025533,1.000000,0.026600,1.000000,217.4,0.001000
38900,0.045913,1.000000,0.049267,1.000000,218.1,0.001000
39000,0.026038,1.000000,0.027111,1.000000,218.6,0.001000
39100,0.224752,0.989730,0.241577,0.988199,219.2,0.001000
39200,0.024830,1.000000,0.025885,1.000000,219.8,0.001000
39300,0.018802,1.000000,0.019353,1.000000,220.3,0.001000
39400,0.026401,1.000000,0.027728,1.000000,220.9,0.001000
39500,0.023157,1.000000,0.023922,1.000000,221.4,0.001000
39600,0.030202,1.000000,0.032012,1.000000,222.0,0.001000
39700,0.025050,1.000000,0.025939,1.000000,222.6,0.001000
39800,0.027635,1.000000,0.028969,1.000000,223.1,0.001000
39900,0.021723,1.000000,0.022389,1.000000,223.7,0.001000
40000,0.027035,1.000000,0.028456,1.000000,224.3,0.001000
40100,0.021543,1.000000,0.022289,1.000000,224.8,0.001000
40200,0.031924,1.000000,0.033978,1.000000,225.4,0.001000
40300,0.025385,1.000000,0.026362,1.000000,226.0,0.001000
40400,0.038991,1.000000,0.042287,0.999910,226.5,0.001000
40500,0.023909,1.000000,0.024842,1.000000,227.1,0.001000
40600,0.077620,1.000000,0.082185,0.999910,227.7,0.001000
40700,0.025725,1.000000,0.026732,1.000000,228.2,0.001000
40800,0.037463,1.000000,0.040120,1.000000,228.8,0.001000
40900,0.025909,1.000000,0.026904,1.000000,229.3,0.001000
41000,0.044902,1.000000,0.047899,1.000000,229.9,0.001000
41100,0.025714,1.000000,0.026614,1.000000,230.5,0.001000
41200,0.085094,0.999550,0.094697,0.999820,231.0,0.001000
41300,0.024753,1.000000,0.025916,1.000000,231.6,0.001000
41400,1.233531,0.698018,1.279899,0.688046,232.2,0.001000
41500,0.026732,1.000000,0.027987,1.000000,232.7,0.001000
41600,0.021740,1.000000,0.022417,1.000000,233.2,0.001000
41700,0.028472,1.000000,0.030206,1.000000,233.7,0.001000
41800,0.022435,1.000000,0.023133,1.000000,234.3,0.001000
41900,0.031273,1.000000,0.032973,1.000000,234.9,0.001000
42000,0.024647,1.000000,0.025466,1.000000,235.4,0.001000
42100,0.026034,1.000000,0.027350,1.000000,236.0,0.001000
42200,0.021364,1.000000,0.022012,1.000000,236.5,0.001000
42300,0.025404,1.000000,0.026536,1.000000,237.1,0.001000
42400,0.130741,0.999189,0.139606,0.998919,237.7,0.001000
42500,0.024632,1.000000,0.025755,1.000000,238.2,0.001000
42600,0.021544,1.000000,0.022305,1.000000,238.7,0.001000
42700,0.024672,1.000000,0.025882,1.000000,239.3,0.001000
42800,0.020246,1.000000,0.020909,1.000000,239.9,0.001000
42900,0.028121,1.000000,0.029580,1.000000,240.4,0.001000
43000,0.022345,1.000000,0.023003,1.000000,241.0,0.001000
43100,0.029730,1.000000,0.031245,1.000000,241.5,0.001000
43200,0.024961,1.000000,0.025805,1.000000,242.1,0.001000
43300,0.028302,1.000000,0.029875,1.000000,242.6,0.001000
43400,0.022062,1.000000,0.022790,1.000000,243.3,0.001000
43500,0.026246,1.000000,0.027644,1.000000,243.8,0.001000
43600,0.021808,1.000000,0.022539,1.000000,244.4,0.001000
43700,0.027829,1.000000,0.029724,1.000000,244.9,0.001000
43800,0.023377,1.000000,0.024256,1.000000,245.4,0.001000
43900,0.026359,1.000000,0.027694,1.000000,246.0,0.001000
44000,0.021252,1.000000,0.021999,1.000000,246.6,0.001000
44100,0.026863,1.000000,0.028545,1.000000,247.1,0.001000
44200,0.022475,1.000000,0.023240,1.000000,247.6,0.001000
44300,0.060260,1.000000,0.066049,0.999910,248.2,0.001000
44400,0.024183,1.000000,0.025299,1.000000,248.8,0.001000
44500,1.680788,0.540721,1.722940,0.525718,249.5,0.001000
44600,0.026767,1.000000,0.028207,1.000000,250.1,0.001000
44700,0.021410,1.000000,0.022093,1.000000,250.6,0.001000
44800,0.025986,1.000000,0.027554,1.000000,251.2,0.001000
44900,0.024010,1.000000,0.024770,1.000000,251.8,0.001000
45000,0.029779,1.000000,0.031442,1.000000,252.3,0.001000
45100,0.025563,1.000000,0.026395,1.000000,252.9,0.001000
45200,0.029287,1.000000,0.030885,1.000000,253.5,0.001000
45300,0.024863,1.000000,0.025696,1.000000,254.0,0.001000
45400,0.028939,1.000000,0.030561,1.000000,254.6,0.001000
45500,0.025970,1.000000,0.026952,1.000000,255.1,0.001000
45600,0.030405,1.000000,0.032114,1.000000,255.7,0.001000
45700,0.025911,1.000000,0.026785,1.000000,256.4,0.001000
45800,0.036013,1.000000,0.038564,1.000000,257.0,0.001000
45900,0.027110,1.000000,0.028063,1.000000,257.6,0.001000
46000,0.054514,0.999910,0.058666,1.000000,258.1,0.001000
46100,0.026443,1.000000,0.027529,1.000000,258.7,0.001000
46200,0.334982,0.970991,0.360055,0.965949,259.2,0.001000
46300,0.030079,1.000000,0.031468,1.000000,259.8,0.001000
46400,0.023949,1.000000,0.024790,1.000000,260.3,0.001000
46500,0.026657,1.000000,0.027987,1.000000,260.8,0.001000
46600,0.023803,1.000000,0.024609,1.000000,261.4,0.001000
46700,0.027824,1.000000,0.029219,1.000000,262.0,0.001000
46800,0.022576,1.000000,0.023348,1.000000,262.5,0.001000
46900,0.027700,1.000000,0.029345,1.000000,263.2,0.001000
47000,0.024070,1.000000,0.024902,1.000000,263.7,0.001000
47100,0.033232,1.000000,0.035434,1.000000,264.3,0.001000
47200,0.027248,1.000000,0.028289,1.000000,264.9,0.001000
47300,0.016989,1.000000,0.017516,1.000000,265.5,0.001000
47400,0.023896,1.000000,0.025261,1.000000,266.0,0.001000
47500,0.021523,1.000000,0.022253,1.000000,266.6,0.001000
47600,0.028465,1.000000,0.030373,1.000000,267.2,0.001000
47700,0.025973,1.000000,0.026894,1.000000,267.7,0.001000
47800,0.029777,1.000000,0.031745,1.000000,268.4,0.001000
47900,0.023867,1.000000,0.024742,1.000000,268.9,0.001000
48000,0.034537,1.000000,0.036869,1.000000,269.5,0.001000
48100,0.024140,1.000000,0.025074,1.000000,270.1,0.001000
48200,0.096401,0.999910,0.106220,0.999550,270.7,0.001000
48300,0.025296,1.000000,0.026526,1.000000,271.2,0.001000
48400,0.257836,0.991261,0.274291,0.989370,271.8,0.001000
48500,0.024991,1.000000,0.026168,1.000000,272.3,0.001000
48600,0.090407,0.999910,0.099187,0.999730,272.9,0.001000
48700,0.024377,1.000000,0.025410,1.000000,273.4,0.001000
48800,0.200553,0.993784,0.213405,0.992073,274.0,0.001000
48900,0.025491,1.000000,0.026409,1.000000,274.6,0.001000
49000,0.338154,0.963694,0.350553,0.963337,275.2,0.001000
49100,0.026890,1.000000,0.028244,1.000000,275.8,0.001000
49200,0.020036,1.000000,0.020599,1.000000,276.4,0.001000
49300,0.029697,1.000000,0.031839,1.000000,276.9,0.001000
49400,0.025456,1.000000,0.026327,1.000000,277.5,0.001000
49500,0.025922,1.000000,0.027147,1.000000,278.1,0.001000
49600,0.021473,1.000000,0.022137,1.000000,278.7,0.001000
49700,0.027495,1.000000,0.029237,1.000000,279.3,0.001000
49800,0.023716,1.000000,0.024370,1.000000,279.8,0.001000
49900,0.064334,0.999910,0.069734,0.999730,280.4,0.001000
50000,0.028210,1.000000,0.029320,1.000000,280.9,0.001000
50100,0.137721,0.999820,0.149475,0.999550,281.4,0.001000
50200,0.027667,1.000000,0.028981,1.000000,282.0,0.001000
50300,0.040483,1.000000,0.043427,1.000000,282.6,0.001000
50400,0.023356,1.000000,0.024234,1.000000,283.2,0.001000
50500,0.074508,0.999820,0.081445,0.999640,283.8,0.001000
50600,0.027441,1.000000,0.028569,1.000000,284.3,0.001000
50700,0.057174,1.000000,0.061677,0.999730,284.8,0.001000
50800,0.024617,1.000000,0.025634,1.000000,285.4,0.001000
50900,0.107285,0.999640,0.117083,0.999640,285.9,0.001000
51000,0.024505,1.000000,0.025560,1.000000,286.5,0.001000
51100,3.099107,0.291441,3.096988,0.289523,287.1,0.001000
51200,0.026747,1.000000,0.028115,1.000000,287.6,0.001000
51300,0.021858,1.000000,0.022718,1.000000,288.2,0.001000
51400,0.029366,1.000000,0.031211,1.000000,288.8,0.001000
51500,0.026591,1.000000,0.027482,1.000000,289.3,0.001000
51600,0.032934,1.000000,0.035273,1.000000,289.9,0.001000
51700,0.024859,1.000000,0.025614,1.000000,290.4,0.001000
51800,0.171598,0.996667,0.186166,0.995045,291.0,0.001000
51900,0.029908,1.000000,0.031345,1.000000,291.6,0.001000
52000,0.023599,1.000000,0.024328,1.000000,292.2,0.001000
52100,0.026800,1.000000,0.028354,1.000000,292.7,0.001000
52200,0.022692,1.000000,0.023547,1.000000,293.3,0.001000
52300,0.030717,1.000000,0.032867,1.000000,293.9,0.001000
52400,0.023749,1.000000,0.024779,1.000000,294.4,0.001000
52500,0.450947,0.944595,0.476422,0.938564,295.0,0.001000
52600,0.027902,1.000000,0.029426,1.000000,295.6,0.001000
52700,0.022884,1.000000,0.023691,1.000000,296.1,0.001000
52800,0.031228,1.000000,0.032825,1.000000,296.7,0.001000
52900,0.026893,1.000000,0.027797,1.000000,297.3,0.001000
53000,0.033448,1.000000,0.036366,1.000000,297.9,0.001000
53100,0.025873,1.000000,0.026869,1.000000,298.5,0.001000
53200,0.034794,1.000000,0.037322,1.000000,299.1,0.001000
53300,0.025306,1.000000,0.026261,1.000000,299.6,0.001000
53400,0.028449,1.000000,0.030263,1.000000,300.1,0.001000
53500,0.025637,1.000000,0.026443,1.000000,300.7,0.001000
53600,0.704029,0.865946,0.724982,0.861184,301.2,0.001000
53700,0.025668,1.000000,0.026970,1.000000,301.8,0.001000
53800,0.830847,0.831081,0.834883,0.834790,302.3,0.001000
53900,0.026819,1.000000,0.028130,1.000000,302.9,0.001000
54000,1.316440,0.669279,1.321652,0.672552,303.4,0.001000
54100,0.027017,1.000000,0.028175,1.000000,304.0,0.001000
54200,0.020619,1.000000,0.021316,1.000000,304.5,0.001000
54300,0.025960,1.000000,0.027678,1.000000,305.1,0.001000
54400,0.022163,1.000000,0.023046,1.000000,305.7,0.001000
54500,0.031087,1.000000,0.033282,1.000000,306.2,0.001000
54600,0.023759,1.000000,0.024836,1.000000,306.8,0.001000
54700,0.048931,1.000000,0.053628,0.999820,307.4,0.001000
54800,0.026351,1.000000,0.027397,1.000000,307.9,0.001000
54900,0.051232,1.000000,0.054729,1.000000,308.5,0.001000
55000,0.026485,1.000000,0.027555,1.000000,309.1,0.001000
55100,0.105050,0.999460,0.114034,0.999550,309.7,0.001000
55200,0.028001,1.000000,0.029347,1.000000,310.3,0.001000
55300,0.325408,0.975496,0.338287,0.971894,310.8,0.001000
55400,0.026784,1.000000,0.027914,1.000000,311.3,0.001000
55500,0.357287,0.982252,0.372986,0.980452,311.8,0.001000
55600,0.025627,1.000000,0.026912,1.000000,312.4,0.001000
55700,0.020976,1.000000,0.021681,1.000000,313.0,0.001000
55800,0.027055,1.000000,0.028517,1.000000,313.7,0.001000
55900,0.596096,0.899099,0.607986,0.899468,314.2,0.001000
56000,0.026421,1.000000,0.027625,1.000000,314.8,0.001000
56100,0.019835,1.000000,0.020439,1.000000,315.4,0.001000
56200,0.025079,1.000000,0.026317,1.000000,316.0,0.001000
56300,0.020010,1.000000,0.020713,1.000000,316.6,0.001000
56400,0.025713,1.000000,0.027100,1.000000,317.3,0.001000
56500,0.021005,1.000000,0.021715,1.000000,317.9,0.001000
56600,0.024116,1.000000,0.025380,1.000000,318.5,0.001000
56700,0.021410,1.000000,0.022153,1.000000,319.1,0.001000
56800,0.026827,1.000000,0.028411,1.000000,319.6,0.001000
56900,0.023268,1.000000,0.024147,1.000000,320.2,0.001000
57000,0.057351,1.000000,0.062677,1.000000,320.8,0.001000
57100,0.029841,1.000000,0.031064,1.000000,321.3,0.001000
57200,0.074675,1.000000,0.080615,0.999820,321.9,0.001000
57300,0.025562,1.000000,0.026477,1.000000,322.4,0.001000
57400,0.213582,0.989459,0.224919,0.990091,323.0,0.001000
57500,0.026862,1.000000,0.027979,1.000000,323.6,0.001000
57600,0.202880,0.994414,0.220019,0.992163,324.1,0.001000
57700,0.027744,1.000000,0.029048,1.000000,324.6,0.001000
57800,1.313164,0.676126,1.329843,0.669129,325.2,0.001000
57900,0.027619,1.000000,0.029014,1.000000,325.7,0.001000
58000,0.122646,0.999820,0.132442,0.999279,326.3,0.001000
58100,0.025706,1.000000,0.026735,1.000000,326.8,0.001000
58200,4.401144,0.192072,4.391069,0.195027,327.4,0.001000
58300,0.024357,1.000000,0.025518,1.000000,328.0,0.001000
58400,0.197005,0.994324,0.204821,0.995406,328.6,0.001000
58500,0.025455,1.000000,0.026693,1.000000,329.2,0.001000
58600,3.195173,0.186577,3.202224,0.187911,329.7,0.001000
58700,0.025620,1.000000,0.026873,1.000000,330.4,0.001000
58800,0.019978,1.000000,0.020754,1.000000,330.9,0.001000
58900,0.023646,1.000000,0.024894,1.000000,331.4,0.001000
59000,0.019040,1.000000,0.019654,1.000000,332.0,0.001000
59100,0.030277,1.000000,0.032452,1.000000,332.5,0.001000
59200,0.023078,1.000000,0.023862,1.000000,333.1,0.001000
59300,0.063033,0.999820,0.067422,1.000000,333.7,0.001000
59400,0.025207,1.000000,0.026230,1.000000,334.3,0.001000
59500,0.402841,0.970270,0.419323,0.969823,334.8,0.001000
59600,0.027563,1.000000,0.028889,1.000000,335.3,0.001000
59700,0.411640,0.949279,0.430998,0.947843,335.9,0.001000
59800,0.027041,1.000000,0.028225,1.000000,336.4,0.001000
59900,0.020135,1.000000,0.020750,1.000000,337.0,0.001000
60000,0.025624,1.000000,0.026909,1.000000,337.5,0.001000
60100,0.022711,1.000000,0.023555,1.000000,338.2,0.001000
60200,0.035417,1.000000,0.038055,1.000000,338.7,0.001000
60300,0.025303,1.000000,0.026189,1.000000,339.2,0.001000
60400,0.029930,1.000000,0.031561,1.000000,339.8,0.001000
60500,0.025289,1.000000,0.026181,1.000000,340.3,0.001000
60600,0.026254,1.000000,0.027802,1.000000,340.9,0.001000
60700,0.021058,1.000000,0.021804,1.000000,341.4,0.001000
60800,0.038169,0.999910,0.041670,1.000000,342.0,0.001000
60900,0.021347,1.000000,0.022106,1.000000,342.5,0.001000
61000,0.035439,1.000000,0.038182,1.000000,343.1,0.001000
61100,0.025738,1.000000,0.026654,1.000000,343.6,0.001000
61200,0.032317,1.000000,0.034713,1.000000,344.2,0.001000
61300,0.023376,1.000000,0.024385,1.000000,344.7,0.001000
61400,0.029778,1.000000,0.031862,1.000000,345.3,0.001000
61500,0.022627,1.000000,0.023390,1.000000,345.8,0.001000
61600,0.013631,1.000000,0.013979,1.000000,346.4,0.001000
61700,0.025772,1.000000,0.027364,1.000000,347.0,0.001000
61800,0.021982,1.000000,0.022762,1.000000,347.5,0.001000
61900,0.027293,1.000000,0.028716,1.000000,348.1,0.001000
62000,0.022536,1.000000,0.023249,1.000000,348.7,0.001000
62100,0.027257,1.000000,0.028880,1.000000,349.2,0.001000
62200,0.023180,1.000000,0.023934,1.000000,349.8,0.001000
62300,0.025140,1.000000,0.026453,1.000000,350.3,0.001000
62400,0.023081,1.000000,0.023915,1.000000,350.9,0.001000
62500,0.027141,1.000000,0.028600,1.000000,351.5,0.001000
62600,0.022820,1.000000,0.023484,1.000000,352.0,0.001000
62700,0.026910,1.000000,0.028235,1.000000,352.6,0.001000
62800,0.022864,1.000000,0.023594,1.000000,353.1,0.001000
62900,0.027368,1.000000,0.028819,1.000000,353.7,0.001000
63000,1.498554,0.657027,1.522404,0.650032,354.3,0.001000
63100,0.028030,1.000000,0.029376,1.000000,354.9,0.001000
63200,2.454555,0.473423,2.496730,0.465814,355.4,0.001000
63300,0.026102,1.000000,0.027470,1.000000,356.0,0.001000
63400,0.020743,1.000000,0.021361,1.000000,356.5,0.001000
63500,0.035023,1.000000,0.037531,1.000000,357.1,0.001000
63600,0.025200,1.000000,0.026093,1.000000,357.6,0.001000
63700,0.074868,1.000000,0.081901,0.999910,358.2,0.001000
63800,0.027872,1.000000,0.029008,1.000000,358.8,0.001000
63900,3.742713,0.229099,3.721400,0.231871,359.3,0.001000
64000,0.026682,1.000000,0.027864,1.000000,359.9,0.001000
64100,0.021492,1.000000,0.022154,1.000000,360.4,0.001000
64200,0.026567,1.000000,0.028151,1.000000,361.0,0.001000
64300,0.022432,1.000000,0.023271,1.000000,361.6,0.001000
64400,0.029785,1.000000,0.031418,1.000000,362.1,0.001000
64500,0.024890,1.000000,0.025693,1.000000,362.7,0.001000
64600,0.029278,1.000000,0.030827,1.000000,363.3,0.001000
64700,0.024122,1.000000,0.024799,1.000000,363.9,0.001000
64800,0.023725,1.000000,0.024756,1.000000,364.6,0.001000
64900,0.019799,1.000000,0.020342,1.000000,365.2,0.001000
65000,0.025404,1.000000,0.026696,1.000000,365.8,0.001000
65100,0.583767,0.916126,0.606283,0.907396,366.3,0.001000
65200,0.025414,1.000000,0.026498,1.000000,366.9,0.001000
65300,0.259711,0.986396,0.267906,0.987479,367.5,0.001000
65400,0.026219,1.000000,0.027456,1.000000,368.1,0.001000
65500,0.155587,0.998649,0.165192,0.997838,368.6,0.001000
65600,0.024775,1.000000,0.025890,1.000000,369.2,0.001000
65700,0.264725,0.981351,0.270216,0.982524,369.7,0.001000
65800,0.026613,1.000000,0.027876,1.000000,370.3,0.001000
65900,1.904777,0.483694,1.922406,0.475543,370.8,0.001000
66000,0.028821,1.000000,0.030084,1.000000,371.4,0.001000
66100,0.022179,1.000000,0.022937,1.000000,371.9,0.001000
66200,0.025438,1.000000,0.026724,1.000000,372.5,0.001000
66300,0.021692,1.000000,0.022517,1.000000,373.1,0.001000
66400,0.030023,1.000000,0.031887,1.000000,373.8,0.001000
66500,0.025958,1.000000,0.026823,1.000000,374.4,0.001000
66600,0.104674,0.999460,0.114321,0.999369,374.9,0.001000
66700,0.028371,1.000000,0.029500,1.000000,375.4,0.001000
66800,0.286518,0.979099,0.302333,0.977209,376.0,0.001000
66900,0.023704,1.000000,0.024785,1.000000,376.7,0.001000
67000,0.233800,0.984955,0.247930,0.981713,377.2,0.001000
67100,0.023047,1.000000,0.023993,1.000000,377.7,0.001000
67200,0.144388,0.998198,0.155306,0.998649,378.4,0.001000
67300,0.026892,1.000000,0.028091,1.000000,379.0,0.001000
67400,0.389120,0.966126,0.407305,0.962526,379.5,0.001000
67500,0.027166,1.000000,0.028468,1.000000,380.1,0.001000
67600,0.021324,1.000000,0.021877,1.000000,380.7,0.001000
67700,0.026222,1.000000,0.027324,1.000000,381.3,0.001000
67800,0.030339,1.000000,0.031077,1.000000,381.9,0.001000
67900,0.025209,1.000000,0.026412,1.000000,382.4,0.001000
68000,0.019137,1.000000,0.019711,1.000000,383.1,0.001000
68100,0.030065,1.000000,0.031596,1.000000,383.6,0.001000
68200,0.025663,1.000000,0.026498,1.000000,384.2,0.001000
68300,0.026439,1.000000,0.027646,1.000000,384.8,0.001000
68400,0.021137,1.000000,0.021804,1.000000,385.3,0.001000
68500,0.026535,1.000000,0.027904,1.000000,385.9,0.001000
68600,0.024979,1.000000,0.025795,1.000000,386.5,0.001000
68700,0.031247,1.000000,0.032999,1.000000,387.0,0.001000
68800,0.026721,1.000000,0.027701,1.000000,387.6,0.001000
68900,4.672303,0.150901,4.647045,0.153139,388.1,0.001000
69000,0.024203,1.000000,0.025435,1.000000,388.8,0.001000
69100,0.020533,1.000000,0.021240,1.000000,389.3,0.001000
69200,0.030587,1.000000,0.032972,1.000000,389.8,0.001000
69300,0.026126,1.000000,0.027106,1.000000,390.4,0.001000
69400,0.057939,1.000000,0.061799,0.999820,391.0,0.001000
69500,0.026900,1.000000,0.027964,1.000000,391.5,0.001000
69600,0.091525,0.999820,0.100301,0.999820,392.1,0.001000
69700,0.028744,1.000000,0.029831,1.000000,392.6,0.001000
69800,0.073710,0.999820,0.079634,1.000000,393.1,0.001000
69900,0.028774,1.000000,0.029994,1.000000,393.7,0.001000
70000,1.346316,0.668378,1.393431,0.648230,394.3,0.001000
70100,0.024955,1.000000,0.026263,1.000000,394.9,0.001000
70200,0.019867,1.000000,0.020506,1.000000,395.5,0.001000
70300,0.060619,0.999730,0.065680,0.999910,396.0,0.001000
70400,0.023880,1.000000,0.024871,1.000000,396.6,0.001000
70500,0.020825,1.000000,0.021457,1.000000,397.1,0.001000
70600,0.026379,1.000000,0.027685,1.000000,397.7,0.001000
70700,0.027137,1.000000,0.028221,1.000000,398.3,0.001000
70800,0.026813,1.000000,0.028213,1.000000,398.9,0.001000
70900,0.021773,1.000000,0.022488,1.000000,399.4,0.001000
71000,0.026003,1.000000,0.027374,1.000000,400.0,0.001000
71100,0.020721,1.000000,0.021404,1.000000,400.5,0.001000
71200,0.024039,1.000000,0.025472,1.000000,401.0,0.001000
71300,0.020875,1.000000,0.021611,1.000000,401.6,0.001000
71400,0.048946,1.000000,0.052279,1.000000,402.1,0.001000
71500,0.025649,1.000000,0.026610,1.000000,402.7,0.001000
71600,0.162004,0.996306,0.176732,0.993244,403.3,0.001000
71700,0.026581,1.000000,0.027737,1.000000,403.8,0.001000
71800,0.045333,1.000000,0.048584,1.000000,404.4,0.001000
71900,0.025450,1.000000,0.026394,1.000000,404.9,0.001000
72000,0.048330,1.000000,0.052289,0.999910,405.5,0.001000
72100,0.025703,1.000000,0.026777,1.000000,406.0,0.001000
72200,0.935346,0.801802,0.973722,0.790559,406.6,0.001000
72300,0.025077,1.000000,0.026415,1.000000,407.1,0.001000
72400,0.020718,1.000000,0.021592,1.000000,407.7,0.001000
72500,0.027471,1.000000,0.029142,1.000000,408.3,0.001000
72600,0.033921,1.000000,0.035167,1.000000,408.9,0.001000
72700,0.027747,1.000000,0.029067,1.000000,409.5,0.001000
72800,0.022112,1.000000,0.022696,1.000000,410.0,0.001000
72900,0.029274,1.000000,0.030925,1.000000,410.6,0.001000
73000,0.023369,1.000000,0.024088,1.000000,411.2,0.001000
73100,0.025300,1.000000,0.026779,1.000000,411.7,0.001000
73200,0.021106,1.000000,0.021838,1.000000,412.3,0.001000
73300,0.027058,1.000000,0.028529,1.000000,412.8,0.001000
73400,0.022017,1.000000,0.022707,1.000000,413.3,0.001000
73500,0.032430,1.000000,0.034023,1.000000,413.9,0.001000
73600,0.023676,1.000000,0.024485,1.000000,414.5,0.001000
73700,0.025945,1.000000,0.027472,1.000000,415.1,0.001000
73800,0.021373,1.000000,0.022133,1.000000,415.7,0.001000
73900,0.025683,1.000000,0.026964,1.000000,416.2,0.001000
74000,0.020848,1.000000,0.021564,1.000000,416.8,0.001000
74100,0.025651,1.000000,0.027049,1.000000,417.3,0.001000
74200,0.021191,1.000000,0.021976,1.000000,417.9,0.001000
74300,0.025550,1.000000,0.026876,1.000000,418.4,0.001000
74400,0.023475,1.000000,0.024248,1.000000,419.0,0.001000
74500,0.025131,1.000000,0.026403,1.000000,419.6,0.001000
74600,3.256330,0.303694,3.297836,0.296190,420.2,0.001000
74700,0.025143,1.000000,0.026380,1.000000,420.7,0.001000
74800,0.118612,0.999460,0.128768,0.998649,421.3,0.001000
74900,0.025280,1.000000,0.026320,1.000000,421.8,0.001000
75000,0.230805,0.991802,0.247567,0.987569,422.3,0.001000
75100,0.028845,1.000000,0.030097,1.000000,422.9,0.001000
75200,0.266311,0.985676,0.279240,0.983425,423.5,0.001000
75300,0.025856,1.000000,0.027059,1.000000,424.1,0.001000
75400,0.242566,0.991982,0.262695,0.988560,424.6,0.001000
75500,0.027318,1.000000,0.028632,1.000000,425.1,0.001000
75600,0.020744,1.000000,0.021399,1.000000,425.6,0.001000
75700,0.026567,1.000000,0.028106,1.000000,426.2,0.001000
75800,0.021554,1.000000,0.022298,1.000000,426.8,0.001000
75900,0.027644,1.000000,0.029448,1.000000,427.3,0.001000
76000,0.024489,1.000000,0.025321,1.000000,427.9,0.001000
76100,0.030362,1.000000,0.032345,1.000000,428.4,0.001000
76200,0.024362,1.000000,0.025269,1.000000,429.0,0.001000
76300,0.037706,1.000000,0.040435,1.000000,429.6,0.001000
76400,0.026429,1.000000,0.027413,1.000000,430.1,0.001000
76500,0.055188,0.999910,0.060419,1.000000,430.8,0.001000
76600,0.024808,1.000000,0.025816,1.000000,431.4,0.001000
76700,0.309086,0.978468,0.328147,0.975137,431.9,0.001000
76800,0.026630,1.000000,0.027661,1.000000,432.5,0.001000
76900,1.111566,0.750090,1.126601,0.743717,433.0,0.001000
77000,0.028687,1.000000,0.029842,1.000000,433.6,0.001000
77100,0.022470,1.000000,0.023046,1.000000,434.2,0.001000
77200,0.027921,1.000000,0.029217,1.000000,434.7,0.001000
77300,0.022301,1.000000,0.022966,1.000000,435.3,0.001000
77400,0.028823,1.000000,0.030583,1.000000,435.8,0.001000
77500,0.023410,1.000000,0.024116,1.000000,436.3,0.001000
77600,0.802488,0.831712,0.821722,0.828034,436.9,0.001000
77700,0.028619,1.000000,0.030139,1.000000,437.5,0.001000
77800,0.028550,1.000000,0.029417,1.000000,438.0,0.001000
77900,0.029779,1.000000,0.031340,1.000000,438.6,0.001000
78000,0.023078,1.000000,0.023879,1.000000,439.1,0.001000
78100,0.025939,1.000000,0.027281,1.000000,439.7,0.001000
78200,0.021021,1.000000,0.021718,1.000000,440.3,0.001000
78300,0.027052,1.000000,0.028709,1.000000,440.9,0.001000
78400,0.024024,1.000000,0.024727,1.000000,441.4,0.001000
78500,0.028216,1.000000,0.029846,1.000000,442.0,0.001000
78600,0.024602,1.000000,0.025492,1.000000,442.5,0.001000
78700,0.029973,1.000000,0.032043,1.000000,443.1,0.001000
78800,0.025078,1.000000,0.026030,1.000000,443.6,0.001000
78900,0.031779,1.000000,0.033896,1.000000,444.1,0.001000
79000,0.023633,1.000000,0.024658,1.000000,444.7,0.001000
79100,0.044935,1.000000,0.047861,1.000000,445.2,0.001000
79200,0.026111,1.000000,0.027238,1.000000,445.8,0.001000
79300,0.354629,0.971712,0.375403,0.969012,446.3,0.001000
79400,0.025666,1.000000,0.026944,1.000000,447.0,0.001000
79500,0.030877,1.000000,0.031551,1.000000,447.5,0.001000
79600,0.026495,1.000000,0.027886,1.000000,448.1,0.001000
79700,0.182192,0.992973,0.193537,0.992793,448.7,0.001000
79800,0.024259,1.000000,0.025387,1.000000,449.2,0.001000
79900,0.438280,0.934775,0.468830,0.926763,449.8,0.001000
80000,0.022737,1.000000,0.023954,1.000000,450.4,0.001000
80100,0.318499,0.978468,0.334666,0.975948,450.9,0.001000
80200,0.023471,1.000000,0.024648,1.000000,451.5,0.001000
80300,0.018491,1.000000,0.019139,1.000000,452.1,0.001000
80400,0.028272,1.000000,0.029900,1.000000,452.6,0.001000
80500,0.024153,1.000000,0.025087,1.000000,453.1,0.001000
80600,0.025559,1.000000,0.026963,1.000000,453.7,0.001000
80700,0.021152,1.000000,0.021956,1.000000,454.3,0.001000
80800,0.027360,1.000000,0.028999,1.000000,454.8,0.001000
80900,0.023938,1.000000,0.024850,1.000000,455.3,0.001000
81000,0.032988,1.000000,0.035268,1.000000,455.9,0.001000
81100,0.025566,1.000000,0.026455,1.000000,456.4,0.001000
81200,0.043787,1.000000,0.047020,1.000000,456.9,0.001000
81300,0.026867,1.000000,0.027863,1.000000,457.5,0.001000
81400,0.200513,0.993874,0.218500,0.991262,458.1,0.001000
81500,0.027168,1.000000,0.028470,1.000000,458.7,0.001000
81600,1.215333,0.717838,1.250796,0.705432,459.3,0.001000
81700,0.028620,1.000000,0.029839,1.000000,459.9,0.001000
81800,0.022560,1.000000,0.023240,1.000000,460.5,0.001000
81900,0.026259,1.000000,0.027590,1.000000,461.0,0.001000
82000,0.379690,0.952703,0.393674,0.947933,461.6,0.001000
82100,0.027049,1.000000,0.028212,1.000000,462.2,0.001000
82200,0.020669,1.000000,0.021223,1.000000,462.7,0.001000
82300,0.028211,1.000000,0.029550,1.000000,463.3,0.001000
82400,0.024577,1.000000,0.025212,1.000000,463.8,0.001000
82500,0.027241,1.000000,0.028458,1.000000,464.3,0.001000
82600,0.020848,1.000000,0.021489,1.000000,464.8,0.001000
82700,0.027631,1.000000,0.029037,1.000000,465.4,0.001000
82800,0.022895,1.000000,0.023615,1.000000,465.9,0.001000
82900,0.038687,1.000000,0.041832,1.000000,466.5,0.001000
83000,0.026270,1.000000,0.027237,1.000000,467.1,0.001000
83100,0.093842,0.999820,0.102394,0.999460,467.7,0.001000
83200,0.025582,1.000000,0.026735,1.000000,468.2,0.001000
83300,0.139858,0.999189,0.152812,0.998649,468.8,0.001000
83400,0.026228,1.000000,0.027477,1.000000,469.3,0.001000
83500,0.153310,0.997297,0.163280,0.996847,469.9,0.001000
83600,0.024594,1.000000,0.025695,1.000000,470.5,0.001000
83700,1.870192,0.571802,1.898783,0.560400,471.0,0.001000
83800,0.025642,1.000000,0.027028,1.000000,471.6,0.001000
83900,0.566975,0.906306,0.601136,0.890550,472.1,0.001000
84000,0.025082,1.000000,0.026397,1.000000,472.7,0.001000
84100,0.019811,1.000000,0.020442,1.000000,473.2,0.001000
84200,0.025620,1.000000,0.026941,1.000000,473.8,0.001000
84300,0.022135,1.000000,0.022810,1.000000,474.4,0.001000
84400,0.027108,1.000000,0.028722,1.000000,475.0,0.001000
84500,0.021819,1.000000,0.022612,1.000000,475.5,0.001000
84600,0.026537,1.000000,0.028042,1.000000,476.1,0.001000
84700,0.023780,1.000000,0.024653,1.000000,476.7,0.001000
84800,0.027495,1.000000,0.029238,1.000000,477.2,0.001000
84900,0.023207,1.000000,0.024028,1.000000,477.8,0.001000
85000,0.030210,1.000000,0.032136,1.000000,478.4,0.001000
85100,0.024561,1.000000,0.025468,1.000000,478.9,0.001000
85200,0.172945,0.997117,0.188724,0.994145,479.5,0.001000
85300,0.028071,1.000000,0.029577,1.000000,480.0,0.001000
85400,0.021096,1.000000,0.021937,1.000000,480.6,0.001000
85500,0.025112,1.000000,0.026526,1.000000,481.2,0.001000
85600,0.022616,1.000000,0.023391,1.000000,481.7,0.001000
85700,0.027547,1.000000,0.029377,1.000000,482.2,0.001000
85800,0.024571,1.000000,0.025483,1.000000,482.8,0.001000
85900,0.030008,1.000000,0.032281,1.000000,483.3,0.001000
86000,0.025305,1.000000,0.026211,1.000000,483.9,0.001000
86100,0.038809,1.000000,0.041979,1.000000,484.5,0.001000
86200,0.025352,1.000000,0.026226,1.000000,485.0,0.001000
86300,0.142085,0.998829,0.154705,0.997748,485.5,0.001000
86400,0.026245,1.000000,0.027523,1.000000,486.1,0.001000
86500,0.019586,1.000000,0.020201,1.000000,486.7,0.001000
86600,0.030062,1.000000,0.031900,1.000000,487.3,0.001000
86700,0.024051,1.000000,0.024894,1.000000,487.8,0.001000
86800,0.028857,1.000000,0.030533,1.000000,488.4,0.001000
86900,0.024915,1.000000,0.025698,1.000000,488.9,0.001000
87000,0.030370,1.000000,0.032590,1.000000,489.5,0.001000
87100,0.024515,1.000000,0.025403,1.000000,490.0,0.001000
87200,0.028331,1.000000,0.030276,1.000000,490.5,0.001000
87300,0.024341,1.000000,0.025302,1.000000,491.1,0.001000
87400,0.030145,1.000000,0.032653,1.000000,491.7,0.001000
87500,0.025399,1.000000,0.026415,1.000000,492.2,0.001000
87600,0.037831,1.000000,0.040587,1.000000,492.7,0.001000
87700,0.024663,1.000000,0.025611,1.000000,493.3,0.001000
87800,0.032562,1.000000,0.034882,1.000000,493.8,0.001000
87900,0.023922,1.000000,0.024866,1.000000,494.4,0.001000
88000,0.039910,1.000000,0.042294,1.000000,494.9,0.001000
88100,0.025419,1.000000,0.026499,1.000000,495.5,0.001000
88200,0.343898,0.970360,0.365615,0.967120,496.1,0.001000
88300,0.025014,1.000000,0.026303,1.000000,496.6,0.001000
88400,0.019758,1.000000,0.020471,1.000000,497.2,0.001000
88500,0.029811,1.000000,0.031301,1.000000,497.8,0.001000
88600,0.023701,1.000000,0.024256,1.000000,498.3,0.001000
88700,0.026600,1.000000,0.028193,1.000000,498.9,0.001000
88800,0.024026,1.000000,0.024855,1.000000,499.4,0.001000
88900,0.044205,1.000000,0.048051,0.999910,499.9,0.001000
89000,0.026499,1.000000,0.027687,1.000000,500.5,0.001000
89100,0.049389,1.000000,0.053413,1.000000,501.0,0.001000
89200,0.026531,1.000000,0.027625,1.000000,501.6,0.001000
89300,0.087995,0.999730,0.094948,0.999730,502.1,0.001000
89400,0.026275,1.000000,0.027600,1.000000,502.7,0.001000
89500,0.130774,0.998919,0.142063,0.998379,503.3,0.001000
89600,0.024878,1.000000,0.025915,1.000000,503.9,0.001000
89700,0.103488,0.999550,0.113235,0.999640,504.4,0.001000
89800,0.025540,1.000000,0.026650,1.000000,505.0,0.001000
89900,1.999560,0.515766,2.030603,0.503468,505.6,0.001000
90000,0.024913,1.000000,0.026393,1.000000,506.2,0.001000
90100,0.410276,0.960270,0.422705,0.955139,506.8,0.001000
90200,0.026812,1.000000,0.028244,1.000000,507.3,0.001000
90300,0.020847,1.000000,0.021623,1.000000,507.9,0.001000
90400,0.027647,1.000000,0.029209,1.000000,508.4,0.001000
90500,0.023061,1.000000,0.023838,1.000000,509.0,0.001000
90600,0.027101,1.000000,0.028936,1.000000,509.6,0.001000
90700,0.022511,1.000000,0.023347,1.000000,510.2,0.001000
90800,0.033249,1.000000,0.035917,1.000000,510.8,0.001000
90900,0.027217,1.000000,0.028372,1.000000,511.4,0.001000
91000,0.030315,1.000000,0.032609,1.000000,511.9,0.001000
91100,0.024945,1.000000,0.025935,1.000000,512.5,0.001000
91200,0.069468,1.000000,0.075366,0.999910,513.1,0.001000
91300,0.025123,1.000000,0.026240,1.000000,513.7,0.001000
91400,0.063085,1.000000,0.068220,0.999820,514.3,0.001000
91500,0.024349,1.000000,0.025384,1.000000,514.8,0.001000
91600,0.300592,0.977117,0.320694,0.973156,515.4,0.001000
91700,0.023948,1.000000,0.025163,1.000000,516.0,0.001000
91800,0.419500,0.954505,0.433905,0.952977,516.6,0.001000
91900,0.025529,1.000000,0.026899,1.000000,517.1,0.001000
92000,0.020030,1.000000,0.020681,1.000000,517.7,0.001000
92100,0.026670,1.000000,0.028387,1.000000,518.2,0.001000
92200,0.023950,1.000000,0.024858,1.000000,518.8,0.001000
92300,0.030003,1.000000,0.032150,1.000000,519.3,0.001000
92400,0.026256,1.000000,0.027140,1.000000,519.8,0.001000
92500,0.030488,1.000000,0.032607,1.000000,520.4,0.001000
92600,0.024201,1.000000,0.025113,1.000000,521.0,0.001000
92700,0.027578,1.000000,0.029315,1.000000,521.5,0.001000
92800,0.023749,1.000000,0.024561,1.000000,522.1,0.001000
92900,0.043317,1.000000,0.046766,1.000000,522.7,0.001000
93000,0.025477,1.000000,0.026480,1.000000,523.2,0.001000
93100,0.097407,0.999820,0.108115,0.999640,523.8,0.001000
93200,0.025667,1.000000,0.026938,1.000000,524.4,0.001000
93300,0.263191,0.984144,0.278130,0.982164,524.9,0.001000
93400,0.027822,1.000000,0.029284,1.000000,525.5,0.001000
93500,3.232477,0.356757,3.270807,0.348797,526.0,0.001000
93600,0.025903,1.000000,0.027419,1.000000,526.6,0.001000
93700,0.024040,1.000000,0.024816,1.000000,527.2,0.001000
93800,0.271342,0.989459,0.296790,0.985046,527.7,0.001000
93900,0.034535,1.000000,0.036687,1.000000,528.2,0.001000
94000,0.027444,1.000000,0.028382,1.000000,528.9,0.001000
94100,0.029453,1.000000,0.031039,1.000000,529.4,0.001000
94200,0.024262,1.000000,0.025016,1.000000,530.0,0.001000
94300,0.027260,1.000000,0.029058,1.000000,530.6,0.001000
94400,0.023745,1.000000,0.024567,1.000000,531.1,0.001000
94500,0.026814,1.000000,0.028382,1.000000,531.7,0.001000
94600,0.023477,1.000000,0.024297,1.000000,532.2,0.001000
94700,0.024602,1.000000,0.025928,1.000000,532.8,0.001000
94800,0.020234,1.000000,0.020947,1.000000,533.4,0.001000
94900,0.026764,1.000000,0.028511,1.000000,533.9,0.001000
95000,0.022924,1.000000,0.023858,1.000000,534.5,0.001000
95100,0.031055,1.000000,0.033276,1.000000,535.1,0.001000
95200,0.024806,1.000000,0.025790,1.000000,535.6,0.001000
95300,0.536185,0.910180,0.567749,0.901540,536.2,0.001000
95400,0.026750,1.000000,0.028183,1.000000,536.8,0.001000
95500,0.021819,1.000000,0.022515,1.000000,537.3,0.001000
95600,0.030343,1.000000,0.032433,1.000000,537.8,0.001000
95700,0.024279,1.000000,0.025176,1.000000,538.4,0.001000
95800,0.031115,1.000000,0.033562,0.999910,538.9,0.001000
95900,0.026070,1.000000,0.027060,1.000000,539.5,0.001000
96000,0.088737,0.999730,0.097033,0.999189,540.1,0.001000
96100,0.025758,1.000000,0.026837,1.000000,540.7,0.001000
96200,0.147432,0.998018,0.157320,0.997207,541.3,0.001000
96300,0.027374,1.000000,0.028755,1.000000,541.8,0.001000
96400,0.744411,0.858288,0.766181,0.846771,542.3,0.001000
96500,0.028453,1.000000,0.029689,1.000000,542.9,0.001000
96600,0.023867,1.000000,0.024482,1.000000,543.5,0.001000
96700,0.025049,1.000000,0.026321,1.000000,544.0,0.001000
96800,0.018510,1.000000,0.018997,1.000000,544.5,0.001000
96900,0.027939,1.000000,0.029928,1.000000,545.1,0.001000
97000,2.646142,0.408108,2.651812,0.408882,545.7,0.001000
97100,0.027440,1.000000,0.029021,1.000000,546.2,0.001000
97200,0.416443,0.957117,0.434826,0.954058,546.8,0.001000
97300,0.025906,1.000000,0.027008,1.000000,547.3,0.001000
97400,0.251742,0.991171,0.260607,0.990541,547.9,0.001000
97500,0.024040,1.000000,0.025238,1.000000,548.5,0.001000
97600,0.066988,1.000000,0.071871,1.000000,549.0,0.001000
97700,0.027017,1.000000,0.028181,1.000000,549.6,0.001000
97800,0.143282,0.998469,0.155155,0.997838,550.1,0.001000
97900,0.028068,1.000000,0.029341,1.000000,550.6,0.001000
98000,0.020607,1.000000,0.021237,1.000000,551.2,0.001000
98100,0.026114,1.000000,0.027871,1.000000,551.7,0.001000
98200,0.021455,1.000000,0.022313,1.000000,552.3,0.001000
98300,0.049360,1.000000,0.054354,0.999910,552.9,0.001000
98400,0.026383,1.000000,0.027607,1.000000,553.4,0.001000
98500,0.063525,1.000000,0.068463,1.000000,554.0,0.001000
98600,0.027382,1.000000,0.028425,1.000000,554.6,0.001000
98700,0.053782,1.000000,0.058790,0.999910,555.1,0.001000
98800,0.027780,1.000000,0.028881,1.000000,555.7,0.001000
98900,0.018540,1.000000,0.019120,1.000000,556.3,0.001000
99000,0.024557,1.000000,0.025782,1.000000,556.9,0.001000
99100,0.261098,0.997568,0.268667,0.997298,557.4,0.001000
99200,0.026414,1.000000,0.027841,1.000000,557.9,0.001000
99300,0.409295,0.947928,0.426222,0.943338,558.6,0.001000
99400,0.026657,1.000000,0.027894,1.000000,559.1,0.001000
99500,0.081329,1.000000,0.087104,1.000000,559.7,0.001000
99600,0.025888,1.000000,0.027025,1.000000,560.2,0.001000
99700,0.017079,1.000000,0.017657,1.000000,560.7,0.001000
99800,0.026809,1.000000,0.028833,1.000000,561.3,0.001000
99900,0.023765,1.000000,0.024572,1.000000,561.8,0.001000
100000,0.053836,1.000000,0.058331,0.999820,562.3,0.001000
100100,0.025666,1.000000,0.026674,1.000000,562.9,0.001000
100200,0.066121,1.000000,0.071749,0.999910,563.5,0.001000
100300,0.029385,1.000000,0.030667,1.000000,564.1,0.001000
100400,0.097851,0.999910,0.106140,0.999550,564.6,0.001000
100500,0.026199,1.000000,0.027343,1.000000,565.2,0.001000
100600,0.079731,0.999910,0.086686,0.999730,565.7,0.001000
100700,0.026822,1.000000,0.028093,1.000000,566.3,0.001000
100800,0.704182,0.853333,0.724550,0.843978,566.8,0.001000
100900,0.026437,1.000000,0.027913,1.000000,567.4,0.001000
101000,0.611541,0.901171,0.633644,0.895955,567.9,0.001000
101100,0.026598,1.000000,0.028090,1.000000,568.5,0.001000
101200,0.020609,1.000000,0.021374,1.000000,569.0,0.001000
101300,0.029942,1.000000,0.031845,1.000000,569.6,0.001000
101400,0.024951,1.000000,0.025796,1.000000,570.1,0.001000
101500,0.033869,1.000000,0.036053,1.000000,570.7,0.001000
101600,0.027172,1.000000,0.028189,1.000000,571.2,0.001000
101700,0.043223,1.000000,0.046212,1.000000,571.8,0.001000
101800,0.025856,1.000000,0.026854,1.000000,572.3,0.001000
101900,0.135180,0.998198,0.145640,0.996847,572.8,0.001000
102000,0.025583,1.000000,0.026806,1.000000,573.4,0.001000
102100,0.019951,1.000000,0.020672,1.000000,573.9,0.001000
102200,0.027265,1.000000,0.028636,1.000000,574.5,0.001000
102300,0.093732,0.999910,0.102447,0.999640,575.0,0.001000
102400,0.025960,1.000000,0.027039,1.000000,575.5,0.001000
102500,0.054979,1.000000,0.059419,0.999820,576.0,0.001000
102600,0.025626,1.000000,0.026704,1.000000,576.6,0.001000
102700,0.031690,1.000000,0.034203,1.000000,577.1,0.001000
102800,0.023779,1.000000,0.024720,1.000000,577.7,0.001000
102900,0.037795,0.999910,0.040665,0.999910,578.2,0.001000
103000,0.023883,1.000000,0.024807,1.000000,578.8,0.001000
103100,0.029119,1.000000,0.031311,1.000000,579.4,0.001000
103200,0.023713,1.000000,0.024633,1.000000,580.0,0.001000
103300,0.033846,1.000000,0.036398,1.000000,580.6,0.001000
103400,0.025477,1.000000,0.026475,1.000000,581.1,0.001000
103500,0.032581,1.000000,0.035030,1.000000,581.7,0.001000
103600,0.025317,1.000000,0.026304,1.000000,582.3,0.001000
103700,0.030690,1.000000,0.032632,1.000000,582.9,0.001000
103800,0.025284,1.000000,0.026287,1.000000,583.4,0.001000
103900,0.029157,1.000000,0.030941,1.000000,584.0,0.001000
104000,0.022254,1.000000,0.023021,1.000000,584.5,0.001000
104100,0.027010,1.000000,0.028311,1.000000,585.1,0.001000
104200,0.861603,0.832342,0.881804,0.827313,585.7,0.001000
104300,0.023882,1.000000,0.025093,1.000000,586.3,0.001000
104400,0.241622,0.989099,0.259482,0.986578,586.9,0.001000
104500,0.025407,1.000000,0.026632,1.000000,587.4,0.001000
104600,0.061680,0.999910,0.067633,0.999910,588.0,0.001000
104700,0.025687,1.000000,0.026831,1.000000,588.5,0.001000
104800,0.063366,1.000000,0.068961,1.000000,589.1,0.001000
104900,0.025430,1.000000,0.026386,1.000000,589.7,0.001000
105000,0.045083,1.000000,0.048683,1.000000,590.3,0.001000
105100,0.025041,1.000000,0.026218,1.000000,590.8,0.001000
105200,0.036814,1.000000,0.039484,1.000000,591.3,0.001000
105300,0.023310,1.000000,0.024242,1.000000,591.9,0.001000
105400,0.039092,1.000000,0.041924,1.000000,592.4,0.001000
105500,0.025007,1.000000,0.026065,1.000000,593.0,0.001000
105600,0.113054,0.999550,0.122451,0.998919,593.5,0.001000
105700,0.026332,1.000000,0.027526,1.000000,594.1,0.001000
105800,0.108960,0.999550,0.116521,0.998469,594.7,0.001000
105900,0.025578,1.000000,0.026712,1.000000,595.3,0.001000
106000,0.243981,0.988108,0.264525,0.985767,595.9,0.001000
106100,0.027186,1.000000,0.028405,1.000000,596.5,0.001000
106200,1.111150,0.737477,1.135066,0.732186,597.0,0.001000
106300,0.028283,1.000000,0.029728,1.000000,597.6,0.001000
106400,0.024116,1.000000,0.024834,1.000000,598.2,0.001000
106500,0.074955,1.000000,0.082271,0.999820,598.7,0.001000
106600,0.028131,1.000000,0.029550,1.000000,599.3,0.001000
106700,1.156680,0.755676,1.193742,0.746780,599.9,0.001000
106800,0.029239,1.000000,0.030747,1.000000,600.5,0.001000
106900,0.023107,1.000000,0.023950,1.000000,601.0,0.001000
107000,0.026408,1.000000,0.027910,1.000000,601.6,0.001000
107100,0.366833,0.972072,0.377586,0.972165,602.1,0.001000
107200,0.026657,1.000000,0.027825,1.000000,602.7,0.001000
107300,0.105834,0.999550,0.114226,0.999189,603.2,0.001000
107400,0.024723,1.000000,0.025906,1.000000,603.9,0.001000
107500,0.113890,0.999550,0.122457,0.999369,604.5,0.001000
107600,0.026793,1.000000,0.028053,1.000000,605.0,0.001000
107700,0.245666,0.983964,0.257646,0.983695,605.6,0.001000
107800,0.026440,1.000000,0.027854,1.000000,606.1,0.001000
107900,0.118705,0.999640,0.130470,0.998559,606.7,0.001000
108000,0.025799,1.000000,0.027109,1.000000,607.2,0.001000
108100,0.017774,1.000000,0.018532,1.000000,607.7,0.001000
108200,0.023822,1.000000,0.025326,1.000000,608.3,0.001000
108300,0.145973,0.999099,0.150707,0.999009,608.8,0.001000
108400,0.024316,1.000000,0.025343,1.000000,609.3,0.001000
108500,0.018522,1.000000,0.019101,1.000000,609.9,0.001000
108600,0.027987,1.000000,0.029556,1.000000,610.5,0.001000
108700,0.026672,1.000000,0.027503,1.000000,611.1,0.001000
108800,0.027759,1.000000,0.029086,1.000000,611.7,0.001000
108900,0.021561,1.000000,0.022214,1.000000,612.2,0.001000
109000,0.027125,1.000000,0.028500,1.000000,612.8,0.001000
109100,0.022703,1.000000,0.023360,1.000000,613.4,0.001000
109200,0.038262,1.000000,0.041706,1.000000,614.0,0.001000
109300,0.023679,1.000000,0.024620,1.000000,614.6,0.001000
109400,0.171976,0.996306,0.188320,0.994505,615.1,0.001000
109500,0.029059,1.000000,0.030583,1.000000,615.6,0.001000
109600,0.398782,0.950270,0.433145,0.941627,616.2,0.001000
109700,0.025587,1.000000,0.026939,1.000000,616.7,0.001000
109800,0.019732,1.000000,0.020321,1.000000,617.3,0.001000
109900,0.025507,1.000000,0.026831,1.000000,617.8,0.001000
110000,0.021143,1.000000,0.021808,1.000000,618.3,0.001000
110100,0.026992,1.000000,0.028637,1.000000,618.9,0.001000
110200,0.023918,1.000000,0.024605,1.000000,619.4,0.001000
110300,0.029773,1.000000,0.031873,1.000000,620.0,0.001000
110400,0.025127,1.000000,0.025982,1.000000,620.5,0.001000
110500,0.037779,1.000000,0.040655,1.000000,621.1,0.001000
110600,0.028526,1.000000,0.029717,1.000000,621.7,0.001000
110700,0.064526,0.999910,0.070168,0.999910,622.2,0.001000
110800,0.028569,1.000000,0.029701,1.000000,622.8,0.001000
110900,0.028432,1.000000,0.030384,0.999910,623.3,0.001000
111000,0.021328,1.000000,0.022051,1.000000,623.9,0.001000
111100,0.028610,1.000000,0.030736,1.000000,624.5,0.001000
111200,0.023381,1.000000,0.024257,1.000000,625.1,0.001000
111300,0.028621,1.000000,0.030690,1.000000,625.6,0.001000
111400,0.023395,1.000000,0.024279,1.000000,626.2,0.001000
111500,0.029946,1.000000,0.032177,1.000000,626.7,0.001000
111600,0.023689,1.000000,0.024660,1.000000,627.3,0.001000
111700,0.043442,0.999910,0.046798,1.000000,627.9,0.001000
111800,0.022410,1.000000,0.023157,1.000000,628.4,0.001000
111900,0.097619,0.999460,0.106359,0.999189,629.0,0.001000
112000,0.026995,1.000000,0.028250,1.000000,629.5,0.001000
112100,1.623609,0.612252,1.666467,0.602738,630.2,0.001000
112200,0.028680,1.000000,0.030256,1.000000,630.7,0.001000
112300,0.022451,1.000000,0.023249,1.000000,631.3,0.001000
112400,0.037603,1.000000,0.041180,0.999910,631.8,0.001000
112500,0.027395,1.000000,0.028574,1.000000,632.3,0.001000
112600,0.075993,0.999910,0.083844,1.000000,632.8,0.001000
112700,0.027766,1.000000,0.028963,1.000000,633.4,0.001000
112800,3.265456,0.272523,3.296365,0.269165,634.0,0.001000
112900,0.028102,1.000000,0.029508,1.000000,634.6,0.001000
113000,0.022452,1.000000,0.023205,1.000000,635.1,0.001000
113100,0.026604,1.000000,0.027990,1.000000,635.7,0.001000
113200,0.022790,1.000000,0.023541,1.000000,636.3,0.001000
113300,0.029239,1.000000,0.030869,1.000000,636.9,0.001000
113400,0.024954,1.000000,0.025783,1.000000,637.4,0.001000
113500,0.030361,1.000000,0.032535,1.000000,638.0,0.001000
113600,0.025762,1.000000,0.026852,1.000000,638.5,0.001000
113700,0.029339,1.000000,0.031506,1.000000,639.0,0.001000
113800,0.025356,1.000000,0.026385,1.000000,639.6,0.001000
113900,0.037931,1.000000,0.041071,1.000000,640.1,0.001000
114000,0.027550,1.000000,0.028619,1.000000,640.7,0.001000
114100,0.031052,1.000000,0.032811,1.000000,641.2,0.001000
114200,0.024300,1.000000,0.025152,1.000000,641.8,0.001000
114300,0.029271,1.000000,0.031292,1.000000,642.4,0.001000
114400,0.023900,1.000000,0.024713,1.000000,643.0,0.001000
114500,0.032139,1.000000,0.034393,1.000000,643.6,0.001000
114600,0.027217,1.000000,0.028185,1.000000,644.2,0.001000
114700,0.084163,0.999550,0.091900,0.999279,644.8,0.001000
114800,0.026665,1.000000,0.027761,1.000000,645.4,0.001000
114900,0.151812,0.998469,0.163067,0.997838,645.9,0.001000
115000,0.028241,1.000000,0.029424,1.000000,646.6,0.001000
115100,0.024751,1.000000,0.025386,1.000000,647.2,0.001000
115200,0.028015,1.000000,0.029431,1.000000,647.8,0.001000
115300,0.022883,1.000000,0.023494,1.000000,648.4,0.001000
115400,0.028586,1.000000,0.030387,1.000000,649.0,0.001000
115500,0.024233,1.000000,0.025095,1.000000,649.5,0.001000
115600,0.042215,1.000000,0.045775,1.000000,650.1,0.001000
115700,0.026161,1.000000,0.027315,1.000000,650.7,0.001000
115800,0.053616,1.000000,0.058394,0.999820,651.3,0.001000
115900,0.024600,1.000000,0.025516,1.000000,651.8,0.001000
116000,0.058769,1.000000,0.063789,1.000000,652.4,0.001000
116100,0.026269,1.000000,0.027350,1.000000,652.9,0.001000
116200,0.259685,0.978198,0.280830,0.975678,653.5,0.001000
116300,0.024276,1.000000,0.025483,1.000000,654.1,0.001000
116400,1.093280,0.762973,1.144049,0.746329,654.7,0.001000
116500,0.026874,1.000000,0.028296,1.000000,655.3,0.001000
116600,0.022050,1.000000,0.022749,1.000000,655.8,0.001000
116700,0.027843,1.000000,0.029629,1.000000,656.4,0.001000
116800,0.022087,1.000000,0.022739,1.000000,657.0,0.001000
116900,0.025803,1.000000,0.027235,1.000000,657.6,0.001000
117000,0.019364,1.000000,0.020061,1.000000,658.1,0.001000
117100,0.023854,1.000000,0.025223,1.000000,658.7,0.001000
117200,0.019510,1.000000,0.020154,1.000000,659.3,0.001000
117300,0.025719,1.000000,0.027548,1.000000,659.8,0.001000
117400,0.023401,1.000000,0.024335,1.000000,660.4,0.001000
117500,0.032098,1.000000,0.034643,1.000000,660.9,0.001000
117600,0.025710,1.000000,0.026807,1.000000,661.5,0.001000
117700,0.067486,0.999910,0.072299,1.000000,662.1,0.001000
117800,0.025388,1.000000,0.026352,1.000000,662.6,0.001000
117900,0.790154,0.844234,0.794113,0.841366,663.2,0.001000
118000,0.027510,1.000000,0.028784,1.000000,663.8,0.001000
118100,0.022348,1.000000,0.022999,1.000000,664.3,0.001000
118200,0.027235,1.000000,0.028707,1.000000,664.9,0.001000
118300,0.023650,1.000000,0.024285,1.000000,665.4,0.001000
118400,0.032161,1.000000,0.034415,1.000000,666.0,0.001000
118500,0.025664,1.000000,0.026576,1.000000,666.5,0.001000
118600,0.084390,0.999550,0.091785,0.999460,667.1,0.001000
118700,0.024603,1.000000,0.025739,1.000000,667.7,0.001000
118800,0.100252,0.999730,0.105377,0.999910,668.3,0.001000
118900,0.027745,1.000000,0.028819,1.000000,668.8,0.001000
119000,0.045513,1.000000,0.049488,1.000000,669.3,0.001000
119100,0.022572,1.000000,0.023486,1.000000,669.9,0.001000
119200,0.014334,1.000000,0.014766,1.000000,670.4,0.001000
119300,0.028094,1.000000,0.029857,1.000000,670.9,0.001000
119400,0.022078,1.000000,0.022972,1.000000,671.5,0.001000
119500,0.029913,1.000000,0.032054,1.000000,672.0,0.001000
119600,0.026641,1.000000,0.027652,1.000000,672.6,0.001000
119700,0.154183,0.998018,0.171553,0.997568,673.2,0.001000
119800,0.030368,1.000000,0.031840,1.000000,673.8,0.001000
119900,0.040252,1.000000,0.041321,1.000000,674.3,0.001000
120000,0.027757,1.000000,0.029244,1.000000,674.8,0.001000
120100,0.021260,1.000000,0.021928,1.000000,675.4,0.001000
120200,0.025350,1.000000,0.027004,1.000000,675.9,0.001000
120300,0.021985,1.000000,0.022857,1.000000,676.5,0.001000
120400,0.029189,1.000000,0.031210,1.000000,677.1,0.001000
120500,0.022738,1.000000,0.023617,1.000000,677.6,0.001000
120600,0.031293,1.000000,0.033591,1.000000,678.2,0.001000
120700,0.026799,1.000000,0.027919,1.000000,678.8,0.001000
120800,0.738223,0.857658,0.768284,0.850554,679.3,0.001000
120900,0.028686,1.000000,0.030420,1.000000,679.9,0.001000
121000,0.023676,1.000000,0.024377,1.000000,680.5,0.001000
121100,0.028595,1.000000,0.030414,1.000000,681.0,0.001000
121200,0.022120,1.000000,0.022900,1.000000,681.6,0.001000
121300,0.024945,1.000000,0.026394,1.000000,682.1,0.001000
121400,0.022817,1.000000,0.023722,1.000000,682.7,0.001000
121500,0.027205,1.000000,0.029051,1.000000,683.3,0.001000
121600,0.024012,1.000000,0.024874,1.000000,683.9,0.001000
121700,0.041269,1.000000,0.044671,1.000000,684.4,0.001000
121800,0.024735,1.000000,0.025736,1.000000,684.9,0.001000
121900,0.047617,1.000000,0.052825,1.000000,685.5,0.001000
122000,0.025306,1.000000,0.026472,1.000000,686.1,0.001000
122100,0.031038,1.000000,0.033084,1.000000,686.7,0.001000
122200,0.026115,1.000000,0.027050,1.000000,687.2,0.001000
122300,0.027475,1.000000,0.029158,1.000000,687.8,0.001000
122400,0.023288,1.000000,0.023972,1.000000,688.4,0.001000
122500,0.033340,1.000000,0.034902,1.000000,688.9,0.001000
122600,0.023200,1.000000,0.023969,1.000000,689.5,0.001000
122700,0.025708,1.000000,0.027278,1.000000,690.0,0.001000
122800,0.020793,1.000000,0.021444,1.000000,690.6,0.001000
122900,0.028717,1.000000,0.030533,1.000000,691.1,0.001000
123000,0.025938,1.000000,0.026992,1.000000,691.7,0.001000
123100,0.045043,1.000000,0.048382,1.000000,692.2,0.001000
123200,0.025177,1.000000,0.026104,1.000000,692.8,0.001000
123300,0.043406,1.000000,0.046375,1.000000,693.3,0.001000
123400,0.026134,1.000000,0.027198,1.000000,693.8,0.001000
123500,0.029042,1.000000,0.031100,1.000000,694.4,0.001000
123600,0.022456,1.000000,0.023221,1.000000,694.9,0.001000
123700,0.027378,1.000000,0.029261,1.000000,695.5,0.001000
123800,0.023100,1.000000,0.023990,1.000000,696.0,0.001000
123900,0.032386,1.000000,0.034873,1.000000,696.6,0.001000
124000,0.023654,1.000000,0.024656,1.000000,697.1,0.001000
124100,0.027665,1.000000,0.029404,1.000000,697.7,0.001000
124200,0.022603,1.000000,0.023438,1.000000,698.3,0.001000
124300,0.029405,1.000000,0.031205,1.000000,698.8,0.001000
124400,0.024541,1.000000,0.025363,1.000000,699.4,0.001000
124500,0.026267,1.000000,0.027859,1.000000,699.9,0.001000
124600,0.022459,1.000000,0.023278,1.000000,700.5,0.001000
124700,0.028097,1.000000,0.030273,1.000000,701.0,0.001000
124800,0.023693,1.000000,0.024484,1.000000,701.5,0.001000
124900,0.037470,1.000000,0.040332,1.000000,702.1,0.001000
125000,0.025605,1.000000,0.026678,1.000000,702.6,0.001000
125100,0.042780,1.000000,0.046165,0.999910,703.2,0.001000
125200,0.025923,1.000000,0.026943,1.000000,703.8,0.001000
125300,0.032272,1.000000,0.034499,1.000000,704.3,0.001000
125400,0.025581,1.000000,0.026523,1.000000,704.9,0.001000
125500,0.027650,1.000000,0.029333,1.000000,705.5,0.001000
125600,0.022205,1.000000,0.022853,1.000000,706.1,0.001000
125700,0.025471,1.000000,0.026986,1.000000,706.6,0.001000
125800,0.022052,1.000000,0.022718,1.000000,707.2,0.001000
125900,0.026930,1.000000,0.028826,1.000000,707.8,0.001000
126000,0.022792,1.000000,0.023618,1.000000,708.3,0.001000
126100,0.035273,1.000000,0.037442,1.000000,708.9,0.001000
126200,0.026519,1.000000,0.027516,1.000000,709.5,0.001000
126300,0.033072,1.000000,0.035603,1.000000,710.0,0.001000
126400,0.025462,1.000000,0.026443,1.000000,710.6,0.001000
126500,0.044629,1.000000,0.048346,1.000000,711.2,0.001000
126600,0.026369,1.000000,0.027431,1.000000,711.8,0.001000
126700,0.034611,1.000000,0.037233,1.000000,712.3,0.001000
126800,0.024046,1.000000,0.025026,1.000000,712.9,0.001000
126900,0.044895,1.000000,0.048510,1.000000,713.4,0.001000
127000,0.026620,1.000000,0.027735,1.000000,714.0,0.001000
127100,0.049489,1.000000,0.053726,0.999910,714.6,0.001000
127200,0.026334,1.000000,0.027478,1.000000,715.2,0.001000
127300,0.121851,0.998739,0.135224,0.997478,715.8,0.001000
127400,0.027803,1.000000,0.029154,1.000000,716.3,0.001000
127500,0.044288,1.000000,0.047925,0.999910,716.9,0.001000
127600,0.025458,1.000000,0.026401,1.000000,717.4,0.001000
127700,0.031362,1.000000,0.033366,1.000000,718.0,0.001000
127800,0.025813,1.000000,0.026789,1.000000,718.5,0.001000
127900,0.027813,1.000000,0.029461,1.000000,719.0,0.001000
128000,0.023267,1.000000,0.023982,1.000000,719.6,0.001000
128100,0.026963,1.000000,0.028718,1.000000,720.2,0.001000
128200,0.023064,1.000000,0.023969,1.000000,720.8,0.001000
128300,0.026979,1.000000,0.028802,1.000000,721.3,0.001000
128400,0.022662,1.000000,0.023445,1.000000,721.9,0.001000
128500,0.026581,1.000000,0.028419,1.000000,722.5,0.001000
128600,0.023185,1.000000,0.023974,1.000000,723.2,0.001000
128700,0.030520,1.000000,0.032884,1.000000,723.7,0.001000
128800,0.024919,1.000000,0.025867,1.000000,724.3,0.001000
128900,0.046570,1.000000,0.049540,1.000000,724.9,0.001000
129000,0.025201,1.000000,0.026071,1.000000,725.4,0.001000
129100,0.035728,1.000000,0.038309,1.000000,726.0,0.001000
129200,0.027969,1.000000,0.028981,1.000000,726.6,0.001000
129300,0.067159,1.000000,0.073820,0.999730,727.1,0.001000
129400,0.028387,1.000000,0.029572,1.000000,727.6,0.001000
129500,0.139840,0.998919,0.148699,0.998379,728.2,0.001000
129600,0.026769,1.000000,0.028024,1.000000,728.8,0.001000
129700,0.021828,1.000000,0.022432,1.000000,729.3,0.001000
129800,0.025694,1.000000,0.027052,1.000000,729.9,0.001000
129900,0.168001,0.998018,0.178989,0.996577,730.4,0.001000
130000,0.026155,1.000000,0.027267,1.000000,730.9,0.001000
130100,0.083823,0.999550,0.091723,0.999460,731.5,0.001000
130200,0.025151,1.000000,0.026227,1.000000,732.1,0.001000
130300,0.036787,1.000000,0.039961,0.999910,732.7,0.001000
130400,0.024728,1.000000,0.025795,1.000000,733.2,0.001000
130500,0.033136,1.000000,0.035368,1.000000,733.7,0.001000
130600,0.025458,1.000000,0.026395,1.000000,734.3,0.001000
130700,0.070429,1.000000,0.076367,0.999820,734.8,0.001000
130800,0.027779,1.000000,0.029034,1.000000,735.3,0.001000
130900,0.068465,1.000000,0.072560,0.999910,735.9,0.001000
131000,0.027271,1.000000,0.028356,1.000000,736.4,0.001000
131100,0.120905,0.999369,0.129974,0.998198,737.0,0.001000
131200,0.026479,1.000000,0.027689,1.000000,737.6,0.001000
131300,0.019439,1.000000,0.020108,1.000000,738.2,0.001000
131400,0.027051,1.000000,0.028559,1.000000,738.8,0.001000
131500,0.022463,1.000000,0.023238,1.000000,739.3,0.001000
131600,0.027722,1.000000,0.029434,1.000000,739.9,0.001000
131700,0.022673,1.000000,0.023467,1.000000,740.5,0.001000
131800,0.028779,1.000000,0.030525,1.000000,741.0,0.001000
131900,0.026088,1.000000,0.027013,1.000000,741.6,0.001000
132000,0.031786,1.000000,0.034186,1.000000,742.2,0.001000
132100,0.026799,1.000000,0.027775,1.000000,742.7,0.001000
132200,0.109887,0.999189,0.121150,0.997838,743.3,0.001000
132300,0.028242,1.000000,0.029464,1.000000,743.9,0.001000
132400,0.132445,0.999460,0.143590,0.998379,744.5,0.001000
132500,0.027531,1.000000,0.028685,1.000000,745.1,0.001000
132600,0.019497,1.000000,0.020133,1.000000,745.7,0.001000
132700,0.028669,1.000000,0.030017,1.000000,746.3,0.001000
132800,0.300856,0.977658,0.314366,0.974327,746.8,0.001000
132900,0.028381,1.000000,0.029444,1.000000,747.4,0.001000
133000,0.303970,0.978198,0.319947,0.973426,747.9,0.001000
133100,0.028233,1.000000,0.029394,1.000000,748.5,0.001000
133200,0.125812,0.997478,0.130604,0.998018,749.1,0.001000
133300,0.027084,1.000000,0.028247,1.000000,749.7,0.001000
133400,0.026420,1.000000,0.027403,1.000000,750.2,0.001000
133500,0.086070,0.999550,0.098346,0.998919,750.7,0.001000
133600,0.022758,1.000000,0.023930,1.000000,751.2,0.001000
133700,0.018660,1.000000,0.019321,1.000000,751.8,0.001000
133800,0.027585,1.000000,0.029068,1.000000,752.4,0.001000
133900,0.023801,1.000000,0.024387,1.000000,753.0,0.001000
134000,0.028708,1.000000,0.030158,1.000000,753.5,0.001000
134100,0.024704,1.000000,0.025412,1.000000,754.0,0.001000
134200,0.028289,1.000000,0.029986,1.000000,754.5,0.001000
134300,0.024309,1.000000,0.025177,1.000000,755.1,0.001000
134400,0.026936,1.000000,0.028499,1.000000,755.6,0.001000
134500,0.023197,1.000000,0.023957,1.000000,756.2,0.001000
134600,0.027077,1.000000,0.028435,1.000000,756.8,0.001000
134700,0.023542,1.000000,0.024271,1.000000,757.3,0.001000
134800,0.028260,1.000000,0.029598,1.000000,757.9,0.001000
134900,0.024744,1.000000,0.025498,1.000000,758.5,0.001000
135000,0.029454,1.000000,0.031266,1.000000,759.0,0.001000
135100,0.025758,1.000000,0.026668,1.000000,759.6,0.001000
135200,0.028641,1.000000,0.030223,1.000000,760.2,0.001000
135300,0.023065,1.000000,0.023809,1.000000,760.7,0.001000
135400,0.028150,1.000000,0.029909,1.000000,761.3,0.001000
135500,3.669336,0.314054,3.684883,0.309432,761.9,0.001000
135600,0.028468,1.000000,0.029928,1.000000,762.4,0.001000
135700,0.376148,0.953514,0.388101,0.948563,763.0,0.001000
135800,0.025957,1.000000,0.027225,1.000000,763.6,0.001000
135900,0.019494,1.000000,0.020022,1.000000,764.1,0.001000
136000,0.027677,1.000000,0.029259,1.000000,764.7,0.001000
136100,0.022522,1.000000,0.023348,1.000000,765.3,0.001000
136200,0.026584,1.000000,0.028330,1.000000,765.9,0.001000
136300,0.023266,1.000000,0.024177,1.000000,766.5,0.001000
136400,0.026962,1.000000,0.028359,1.000000,767.0,0.001000
136500,0.022467,1.000000,0.023195,1.000000,767.5,0.001000
136600,0.026281,1.000000,0.027885,1.000000,768.1,0.001000
136700,0.020251,1.000000,0.020934,1.000000,768.7,0.001000
136800,0.031856,1.000000,0.033794,1.000000,769.2,0.001000
136900,0.026603,1.000000,0.027565,1.000000,769.8,0.001000
137000,0.033156,1.000000,0.035286,1.000000,770.4,0.001000
137100,0.026609,1.000000,0.027533,1.000000,770.9,0.001000
137200,0.032223,1.000000,0.034296,1.000000,771.5,0.001000
137300,0.024423,1.000000,0.025297,1.000000,772.1,0.001000
137400,0.029915,1.000000,0.032210,1.000000,772.6,0.001000
137500,0.024372,1.000000,0.025262,1.000000,773.2,0.001000
137600,0.093641,0.999910,0.101485,0.999279,773.8,0.001000
137700,0.026916,1.000000,0.028450,1.000000,774.4,0.001000
137800,2.719838,0.392523,2.734979,0.397081,775.1,0.001000
137900,0.026241,1.000000,0.027502,1.000000,775.7,0.001000
138000,0.021299,1.000000,0.021990,1.000000,776.3,0.001000
138100,0.026355,1.000000,0.028042,1.000000,776.8,0.001000
138200,0.025318,1.000000,0.026235,1.000000,777.5,0.001000
138300,0.028586,1.000000,0.030008,1.000000,778.1,0.001000
138400,0.022513,1.000000,0.023278,1.000000,778.7,0.001000
138500,0.027598,1.000000,0.029281,1.000000,779.3,0.001000
138600,0.021937,1.000000,0.022718,1.000000,779.9,0.001000
138700,0.026749,1.000000,0.028264,1.000000,780.5,0.001000
138800,0.023395,1.000000,0.024236,1.000000,781.0,0.001000
138900,0.033673,1.000000,0.036654,1.000000,781.6,0.001000
139000,0.024424,1.000000,0.025515,1.000000,782.2,0.001000
139100,0.030303,1.000000,0.032144,1.000000,782.7,0.001000
139200,0.024894,1.000000,0.025789,1.000000,783.3,0.001000
139300,0.027074,1.000000,0.028604,1.000000,783.8,0.001000
139400,0.021811,1.000000,0.022570,1.000000,784.4,0.001000
139500,0.025556,1.000000,0.026995,1.000000,784.9,0.001000
139600,0.021759,1.000000,0.022593,1.000000,785.5,0.001000
139700,0.025741,1.000000,0.027320,1.000000,786.1,0.001000
139800,0.020778,1.000000,0.021504,1.000000,786.7,0.001000
139900,0.029888,1.000000,0.031841,1.000000,787.3,0.001000
140000,0.024839,1.000000,0.025669,1.000000,787.8,0.001000
140100,0.030404,1.000000,0.032523,1.000000,788.3,0.001000
140200,0.025680,1.000000,0.026493,1.000000,788.9,0.001000
140300,0.050008,1.000000,0.053403,1.000000,789.4,0.001000
140400,0.027449,1.000000,0.028348,1.000000,790.0,0.001000
140500,0.498237,0.925766,0.511546,0.921809,790.7,0.001000
140600,0.026904,1.000000,0.028169,1.000000,791.2,0.001000
140700,0.262760,0.992432,0.276972,0.989550,791.8,0.001000
140800,0.027923,1.000000,0.029209,1.000000,792.4,0.001000
140900,0.155400,0.997117,0.164444,0.996217,792.9,0.001000
141000,0.026999,1.000000,0.028099,1.000000,793.5,0.001000
141100,0.214400,0.988829,0.230837,0.985677,794.0,0.001000
141200,0.025177,1.000000,0.026249,1.000000,794.6,0.001000
141300,0.093867,0.999369,0.102349,0.999910,795.2,0.001000
141400,0.023835,1.000000,0.024963,1.000000,795.7,0.001000
141500,0.086086,0.999730,0.093539,0.999460,796.2,0.001000
141600,0.025523,1.000000,0.026648,1.000000,796.8,0.001000
141700,0.017456,1.000000,0.018031,1.000000,797.4,0.001000
141800,0.025481,1.000000,0.026845,1.000000,798.0,0.001000
141900,0.022357,1.000000,0.023006,1.000000,798.6,0.001000
142000,0.028045,1.000000,0.029802,1.000000,799.1,0.001000
142100,0.024823,1.000000,0.025721,1.000000,799.7,0.001000
142200,0.032977,1.000000,0.035071,1.000000,800.3,0.001000
142300,0.026435,1.000000,0.027209,1.000000,800.8,0.001000
142400,0.210938,0.990360,0.232951,0.986848,801.4,0.001000
142500,0.026271,1.000000,0.027760,1.000000,802.0,0.001000
142600,0.020113,1.000000,0.020905,1.000000,802.5,0.001000
142700,0.025941,1.000000,0.027600,1.000000,803.1,0.001000
142800,0.023250,1.000000,0.024086,1.000000,803.6,0.001000
142900,0.033100,1.000000,0.035568,1.000000,804.3,0.001000
143000,0.026529,1.000000,0.027505,1.000000,804.9,0.001000
143100,0.035088,1.000000,0.037275,1.000000,805.5,0.001000
143200,0.025075,1.000000,0.025862,1.000000,806.0,0.001000
143300,0.054876,0.999910,0.059011,1.000000,806.6,0.001000
143400,0.027544,1.000000,0.028675,1.000000,807.2,0.001000
143500,0.019237,1.000000,0.019779,1.000000,807.8,0.001000
143600,0.026743,1.000000,0.028104,1.000000,808.4,0.001000
143700,0.603152,0.894144,0.616007,0.891001,809.0,0.001000
143800,0.026937,1.000000,0.028308,1.000000,809.5,0.001000
143900,0.020059,1.000000,0.020722,1.000000,810.0,0.001000
144000,0.029544,1.000000,0.031311,1.000000,810.6,0.001000
144100,0.024326,1.000000,0.025152,1.000000,811.2,0.001000
144200,0.030096,1.000000,0.031859,1.000000,811.7,0.001000
144300,0.025497,1.000000,0.026265,1.000000,812.3,0.001000
144400,0.032275,1.000000,0.034452,1.000000,812.8,0.001000
144500,0.025655,1.000000,0.026587,1.000000,813.4,0.001000
144600,0.046950,1.000000,0.051333,1.000000,813.9,0.001000
144700,0.026195,1.000000,0.027395,1.000000,814.5,0.001000
144800,0.042465,1.000000,0.045273,0.999910,815.1,0.001000
144900,0.023654,1.000000,0.024674,1.000000,815.6,0.001000
145000,0.034765,1.000000,0.037296,1.000000,816.2,0.001000
145100,0.024468,1.000000,0.025413,1.000000,816.8,0.001000
145200,0.036769,1.000000,0.039343,1.000000,817.4,0.001000
145300,0.025287,1.000000,0.026233,1.000000,817.9,0.001000
145400,0.036325,1.000000,0.039375,1.000000,818.5,0.001000
145500,0.024314,1.000000,0.025415,1.000000,819.0,0.001000
145600,0.050864,1.000000,0.054885,1.000000,819.6,0.001000
145700,0.023015,1.000000,0.023867,1.000000,820.2,0.001000
145800,0.109436,0.999369,0.118871,0.998469,820.7,0.001000
145900,0.025016,1.000000,0.026190,1.000000,821.2,0.001000
146000,0.635886,0.894324,0.659685,0.892442,821.8,0.001000
146100,0.025866,1.000000,0.027204,1.000000,822.4,0.001000
146200,0.068059,1.000000,0.073430,1.000000,822.9,0.001000
146300,0.024749,1.000000,0.025916,1.000000,823.5,0.001000
146400,0.321509,0.979640,0.349982,0.972885,824.0,0.001000
146500,0.026436,1.000000,0.027630,1.000000,824.6,0.001000
146600,0.255780,0.988468,0.271810,0.982524,825.1,0.001000
146700,0.025204,1.000000,0.026562,1.000000,825.6,0.001000
146800,1.155687,0.735045,1.193212,0.726781,826.3,0.001000
146900,0.027467,1.000000,0.029113,1.000000,826.8,0.001000
147000,1.790755,0.573153,1.824890,0.569408,827.4,0.001000
147100,0.024925,1.000000,0.026183,1.000000,828.0,0.001000
147200,0.022449,1.000000,0.023343,1.000000,828.7,0.001000
147300,0.025712,1.000000,0.027233,1.000000,829.2,0.001000
147400,0.021476,1.000000,0.022352,1.000000,829.8,0.001000
147500,0.024464,1.000000,0.025890,1.000000,830.3,0.001000
147600,0.020474,1.000000,0.021113,1.000000,830.9,0.001000
147700,0.027638,1.000000,0.029283,1.000000,831.5,0.001000
147800,0.023178,1.000000,0.023937,1.000000,832.1,0.001000
147900,0.025963,1.000000,0.027635,1.000000,832.6,0.001000
148000,0.022939,1.000000,0.023715,1.000000,833.2,0.001000
148100,0.034413,1.000000,0.036727,1.000000,833.8,0.001000
148200,0.025771,1.000000,0.026790,1.000000,834.3,0.001000
148300,0.032493,1.000000,0.035074,1.000000,834.8,0.001000
148400,0.024871,1.000000,0.025773,1.000000,835.4,0.001000
148500,0.048326,1.000000,0.051909,1.000000,835.9,0.001000
148600,0.025737,1.000000,0.026905,1.000000,836.5,0.001000
148700,0.145185,0.998559,0.156712,0.998469,837.1,0.001000
148800,0.026168,1.000000,0.027272,1.000000,837.6,0.001000
148900,0.019870,1.000000,0.020395,1.000000,838.2,0.001000
149000,0.028012,1.000000,0.029872,1.000000,838.8,0.001000
149100,0.024932,1.000000,0.025849,1.000000,839.3,0.001000
149200,0.035493,1.000000,0.038069,1.000000,839.9,0.001000
149300,0.026121,1.000000,0.027161,1.000000,840.4,0.001000
149400,0.071793,0.999820,0.077065,0.999640,841.0,0.001000
149500,0.026024,1.000000,0.027106,1.000000,841.6,0.001000
149600,0.327051,0.971622,0.343098,0.967661,842.1,0.001000
149700,0.026808,1.000000,0.028178,1.000000,842.8,0.001000
149800,0.020380,1.000000,0.021007,1.000000,843.4,0.001000
149900,0.028805,1.000000,0.030703,1.000000,844.0,0.001000
150000,0.024778,1.000000,0.025547,1.000000,844.6,0.001000
150100,0.029074,1.000000,0.030829,1.000000,845.2,0.001000
150200,0.025703,1.000000,0.026527,1.000000,845.8,0.001000
150300,0.031508,1.000000,0.033593,1.000000,846.4,0.001000
150400,0.025631,1.000000,0.026531,1.000000,847.1,0.001000
150500,0.065984,1.000000,0.070616,1.000000,847.6,0.001000
150600,0.026477,1.000000,0.027682,1.000000,848.1,0.001000
150700,0.206586,0.996577,0.219775,0.994775,848.7,0.001000
150800,0.028523,1.000000,0.029935,1.000000,849.3,0.001000
150900,0.065943,1.000000,0.072017,0.999910,849.8,0.001000
151000,0.026417,1.000000,0.027794,1.000000,850.4,0.001000
151100,0.103468,0.999550,0.113973,0.998919,851.0,0.001000
151200,0.027401,1.000000,0.028642,1.000000,851.5,0.001000
151300,0.098663,0.999640,0.110986,0.998739,852.1,0.001000
151400,0.025921,1.000000,0.027085,1.000000,852.6,0.001000
151500,0.103205,1.000000,0.110417,0.999369,853.2,0.001000
151600,0.026718,1.000000,0.027821,1.000000,853.7,0.001000
151700,0.428750,0.955225,0.453991,0.950995,854.3,0.001000
151800,0.028498,1.000000,0.030200,1.000000,854.8,0.001000
151900,0.022503,1.000000,0.023339,1.000000,855.3,0.001000
152000,0.024620,1.000000,0.025977,1.000000,855.9,0.001000
152100,1.833361,0.549369,1.864658,0.549860,856.4,0.001000
152200,0.026128,1.000000,0.027521,1.000000,857.0,0.001000
152300,0.019707,1.000000,0.020459,1.000000,857.5,0.001000
152400,0.024791,1.000000,0.026222,1.000000,858.1,0.001000
152500,0.022066,1.000000,0.022837,1.000000,858.7,0.001000
152600,0.024251,1.000000,0.025515,1.000000,859.2,0.001000
152700,0.020535,1.000000,0.021076,1.000000,859.8,0.001000
152800,0.027221,1.000000,0.028841,1.000000,860.3,0.001000
152900,0.023700,1.000000,0.024618,1.000000,860.9,0.001000
153000,0.026750,1.000000,0.028314,1.000000,861.4,0.001000
153100,0.022243,1.000000,0.023002,1.000000,861.9,0.001000
153200,0.026501,1.000000,0.028235,1.000000,862.5,0.001000
153300,0.022927,1.000000,0.023750,1.000000,863.1,0.001000
153400,0.028108,1.000000,0.029916,1.000000,863.7,0.001000
153500,0.023550,1.000000,0.024430,1.000000,864.3,0.001000
153600,0.030266,1.000000,0.032254,1.000000,864.9,0.001000
153700,0.025678,1.000000,0.026578,1.000000,865.4,0.001000
153800,0.029315,1.000000,0.031405,1.000000,866.0,0.001000
153900,0.023038,1.000000,0.023890,1.000000,866.5,0.001000
154000,0.022874,1.000000,0.024015,1.000000,867.1,0.001000
154100,0.019767,1.000000,0.020354,1.000000,867.6,0.001000
154200,0.024553,1.000000,0.026063,1.000000,868.2,0.001000
154300,0.273111,0.971171,0.277850,0.968832,868.8,0.001000
154400,0.022130,1.000000,0.023082,1.000000,869.4,0.001000
154500,0.235746,0.986486,0.257308,0.982434,869.9,0.001000
154600,0.026925,1.000000,0.028311,1.000000,870.5,0.001000
154700,2.241457,0.464234,2.249740,0.462571,871.1,0.001000
154800,0.026870,1.000000,0.028178,1.000000,871.7,0.001000
154900,4.181979,0.234595,4.187683,0.236465,872.2,0.001000
155000,0.026031,1.000000,0.027424,1.000000,872.7,0.001000
155100,0.497685,0.932883,0.500126,0.937303,873.3,0.001000
155200,0.026201,1.000000,0.027323,1.000000,873.9,0.001000
155300,0.019416,1.000000,0.019932,1.000000,874.4,0.001000
155400,0.026118,1.000000,0.027583,1.000000,875.0,0.001000
155500,0.021508,1.000000,0.022233,1.000000,875.6,0.001000
155600,0.026833,1.000000,0.028181,1.000000,876.1,0.001000
155700,0.022995,1.000000,0.023731,1.000000,876.6,0.001000
155800,0.026871,1.000000,0.028405,1.000000,877.2,0.001000
155900,0.021070,1.000000,0.021800,1.000000,877.8,0.001000
156000,0.029145,1.000000,0.030787,1.000000,878.4,0.001000
156100,0.025671,1.000000,0.026393,1.000000,879.0,0.001000
156200,0.030284,1.000000,0.032064,1.000000,879.5,0.001000
156300,0.025241,1.000000,0.026143,1.000000,880.0,0.001000
156400,0.027568,1.000000,0.029434,1.000000,880.6,0.001000
156500,0.024209,1.000000,0.025110,1.000000,881.1,0.001000
156600,0.034631,1.000000,0.037887,1.000000,881.7,0.001000
156700,0.025943,1.000000,0.026964,1.000000,882.2,0.001000
156800,0.074853,1.000000,0.082202,1.000000,882.8,0.001000
156900,0.025760,1.000000,0.026904,1.000000,883.3,0.001000
157000,3.036437,0.223784,3.084454,0.218088,883.9,0.001000
157100,0.025425,1.000000,0.026741,1.000000,884.5,0.001000
157200,0.019974,1.000000,0.020612,1.000000,885.1,0.001000
157300,0.027500,1.000000,0.029518,1.000000,885.7,0.001000
157400,0.024067,1.000000,0.024945,1.000000,886.2,0.001000
157500,0.035074,1.000000,0.037998,1.000000,886.8,0.001000
157600,0.026363,1.000000,0.027407,1.000000,887.4,0.001000
157700,0.066355,0.999820,0.071183,0.999550,887.9,0.001000
157800,0.027513,1.000000,0.028562,1.000000,888.4,0.001000
157900,0.104897,0.999910,0.112387,0.999910,889.0,0.001000
158000,0.024456,1.000000,0.025434,1.000000,889.5,0.001000
158100,0.068740,1.000000,0.073994,1.000000,890.1,0.001000
158200,0.026619,1.000000,0.027757,1.000000,890.6,0.001000
158300,0.381973,0.963874,0.407137,0.960364,891.2,0.001000
158400,0.025465,1.000000,0.026675,1.000000,891.8,0.001000
158500,0.256554,0.989099,0.270956,0.986668,892.3,0.001000
158600,0.026293,1.000000,0.027531,1.000000,892.8,0.001000
158700,0.019730,1.000000,0.020348,1.000000,893.4,0.001000
158800,0.027035,1.000000,0.028592,1.000000,893.9,0.001000
158900,0.022715,1.000000,0.023489,1.000000,894.5,0.001000
159000,0.028305,1.000000,0.030334,1.000000,895.1,0.001000
159100,0.024752,1.000000,0.025552,1.000000,895.6,0.001000
159200,0.026780,1.000000,0.028286,1.000000,896.2,0.001000
159300,0.021110,1.000000,0.021939,1.000000,896.7,0.001000
159400,0.026436,1.000000,0.028142,1.000000,897.3,0.001000
159500,0.023302,1.000000,0.024076,1.000000,897.9,0.001000
159600,0.028008,1.000000,0.029711,1.000000,898.5,0.001000
159700,0.023709,1.000000,0.024506,1.000000,899.1,0.001000
159800,0.030606,1.000000,0.032649,1.000000,899.6,0.001000
159900,0.024984,1.000000,0.025844,1.000000,900.2,0.001000
160000,0.029086,1.000000,0.030822,1.000000,900.7,0.001000
160100,0.024165,1.000000,0.024969,1.000000,901.4,0.001000
160200,0.024425,1.000000,0.025850,1.000000,902.0,0.001000
160300,0.019802,1.000000,0.020494,1.000000,902.5,0.001000
160400,0.029338,1.000000,0.031266,1.000000,903.1,0.001000
160500,0.026233,1.000000,0.027250,1.000000,903.6,0.001000
160600,0.039592,1.000000,0.043010,1.000000,904.2,0.001000
160700,0.026031,1.000000,0.027064,1.000000,904.7,0.001000
160800,0.048833,1.000000,0.052509,1.000000,905.2,0.001000
160900,0.027638,1.000000,0.028623,1.000000,905.8,0.001000
161000,0.188882,0.995946,0.208917,0.995766,906.4,0.001000
161100,0.027982,1.000000,0.029262,1.000000,906.9,0.001000
161200,1.214916,0.708559,1.261353,0.697595,907.5,0.001000
161300,0.029538,1.000000,0.030977,1.000000,908.1,0.001000
161400,0.023407,1.000000,0.024130,1.000000,908.7,0.001000
161500,0.025716,1.000000,0.027078,1.000000,909.3,0.001000
161600,0.021286,1.000000,0.021999,1.000000,909.9,0.001000
161700,0.027313,1.000000,0.028715,1.000000,910.4,0.001000
161800,0.023576,1.000000,0.024303,1.000000,911.0,0.001000
161900,0.030846,1.000000,0.032798,1.000000,911.6,0.001000
162000,0.026251,1.000000,0.027135,1.000000,912.3,0.001000
162100,0.074254,1.000000,0.080396,0.999730,912.8,0.001000
162200,0.026197,1.000000,0.027304,1.000000,913.3,0.001000
162300,0.537922,0.932883,0.551070,0.932348,913.9,0.001000
162400,0.028192,1.000000,0.029478,1.000000,914.5,0.001000
162500,0.441868,0.961441,0.462304,0.958292,915.0,0.001000
162600,0.028635,1.000000,0.029869,1.000000,915.5,0.001000
162700,0.495683,0.946667,0.513951,0.939555,916.0,0.001000
162800,0.026937,1.000000,0.028171,1.000000,916.6,0.001000
162900,0.075212,0.999910,0.079170,1.000000,917.1,0.001000
163000,0.024399,1.000000,0.025399,1.000000,917.7,0.001000
163100,0.094722,0.999550,0.101262,0.999910,918.2,0.001000
163200,0.026593,1.000000,0.027701,1.000000,918.7,0.001000
163300,0.113407,0.999640,0.122832,0.999279,919.2,0.001000
163400,0.024313,1.000000,0.025476,1.000000,919.8,0.001000
163500,0.115685,0.998198,0.125673,0.998288,920.3,0.001000
163600,0.025538,1.000000,0.026548,1.000000,920.9,0.001000
163700,0.178814,0.998469,0.191732,0.997928,921.5,0.001000
163800,0.026112,1.000000,0.027441,1.000000,922.1,0.001000
163900,0.166465,0.997297,0.174669,0.998018,922.6,0.001000
164000,0.024946,1.000000,0.025878,1.000000,923.2,0.001000
164100,0.067484,1.000000,0.072706,0.999820,923.8,0.001000
164200,0.025865,1.000000,0.026915,1.000000,924.3,0.001000
164300,0.123069,0.998829,0.131332,0.998469,924.9,0.001000
164400,0.026145,1.000000,0.027158,1.000000,925.4,0.001000
164500,0.018894,1.000000,0.019364,1.000000,926.0,0.001000
164600,0.026303,1.000000,0.027749,1.000000,926.6,0.001000
164700,0.022058,1.000000,0.022762,1.000000,927.2,0.001000
164800,0.028268,1.000000,0.029967,1.000000,927.8,0.001000
164900,0.026160,1.000000,0.027090,1.000000,928.3,0.001000
165000,0.035954,1.000000,0.038704,1.000000,928.8,0.001000
165100,0.026654,1.000000,0.027477,1.000000,929.4,0.001000
165200,0.055621,1.000000,0.060357,0.999910,930.0,0.001000
165300,0.026843,1.000000,0.027952,1.000000,930.6,0.001000
165400,0.182696,0.996667,0.196700,0.994865,931.1,0.001000
165500,0.026649,1.000000,0.027729,1.000000,931.7,0.001000
165600,0.025087,1.000000,0.025929,1.000000,932.3,0.001000
165700,0.029730,1.000000,0.031138,1.000000,932.8,0.001000
165800,0.025387,1.000000,0.026177,1.000000,933.4,0.001000
165900,0.027208,1.000000,0.028670,1.000000,933.9,0.001000
166000,1.873287,0.576757,1.861035,0.582650,934.5,0.001000
166100,0.027750,1.000000,0.029059,1.000000,935.0,0.001000
166200,0.371070,0.971622,0.379056,0.971174,935.7,0.001000
166300,0.025798,1.000000,0.026939,1.000000,936.2,0.001000
166400,0.046937,1.000000,0.050010,1.000000,936.8,0.001000
166500,0.022920,1.000000,0.023684,1.000000,937.4,0.001000
166600,0.095723,0.999640,0.103728,0.999550,938.0,0.001000
166700,0.022274,1.000000,0.023236,1.000000,938.5,0.001000
166800,0.054639,1.000000,0.058892,1.000000,939.1,0.001000
166900,0.023959,1.000000,0.024985,1.000000,939.6,0.001000
167000,0.106737,0.998739,0.114184,0.999009,940.2,0.001000
167100,0.025465,1.000000,0.026793,1.000000,940.7,0.001000
167200,0.210364,0.991532,0.218944,0.990812,941.3,0.001000
167300,0.023765,1.000000,0.024829,1.000000,941.8,0.001000
167400,0.353235,0.967297,0.365372,0.963427,942.4,0.001000
167500,0.025704,1.000000,0.027066,1.000000,943.0,0.001000
167600,0.019334,1.000000,0.019984,1.000000,943.5,0.001000
167700,0.025899,1.000000,0.027304,1.000000,944.1,0.001000
167800,0.023264,1.000000,0.023946,1.000000,944.7,0.001000
167900,0.028566,1.000000,0.030480,1.000000,945.2,0.001000
168000,0.024800,1.000000,0.025631,1.000000,945.8,0.001000
168100,0.055601,1.000000,0.060584,0.999820,946.3,0.001000
168200,0.030626,1.000000,0.031592,1.000000,946.9,0.001000
168300,0.100571,0.999910,0.107404,0.999820,947.4,0.001000
168400,0.027239,1.000000,0.028197,1.000000,948.0,0.001000
168500,0.064127,1.000000,0.068137,0.999910,948.5,0.001000
168600,0.026376,1.000000,0.027467,1.000000,949.0,0.001000
168700,0.071669,0.999820,0.077258,0.999820,949.6,0.001000
168800,0.026158,1.000000,0.027281,1.000000,950.2,0.001000
168900,0.359206,0.978829,0.378602,0.974687,950.7,0.001000
169000,0.028299,1.000000,0.029899,1.000000,951.3,0.001000
169100,2.729127,0.438739,2.766876,0.429241,951.9,0.001000
169200,0.028425,1.000000,0.029931,1.000000,952.5,0.001000
169300,0.021659,1.000000,0.022469,1.000000,953.0,0.001000
169400,0.026935,1.000000,0.028484,1.000000,953.5,0.001000
169500,0.023357,1.000000,0.024209,1.000000,954.0,0.001000
169600,0.031198,1.000000,0.033417,1.000000,954.6,0.001000
169700,0.022560,1.000000,0.023429,1.000000,955.2,0.001000
169800,0.030103,1.000000,0.031855,1.000000,955.7,0.001000
169900,0.024037,1.000000,0.024872,1.000000,956.2,0.001000
170000,0.026734,1.000000,0.028211,1.000000,956.8,0.001000
170100,0.021818,1.000000,0.022443,1.000000,957.4,0.001000
170200,0.027996,1.000000,0.029409,1.000000,957.9,0.001000
170300,0.023576,1.000000,0.024246,1.000000,958.6,0.001000
170400,0.027218,1.000000,0.028474,1.000000,959.1,0.001000
170500,0.021446,1.000000,0.022051,1.000000,959.6,0.001000
170600,0.076016,0.999640,0.084975,0.999550,960.2,0.001000
170700,0.023930,1.000000,0.024958,1.000000,960.7,0.001000
170800,0.155872,0.997838,0.165226,0.997207,961.3,0.001000
170900,0.028199,1.000000,0.029503,1.000000,961.9,0.001000
171000,2.791025,0.337207,2.800981,0.337897,962.5,0.001000
171100,0.027987,1.000000,0.029309,1.000000,963.0,0.001000
171200,0.171793,0.997207,0.179691,0.996757,963.6,0.001000
171300,0.026494,1.000000,0.027596,1.000000,964.2,0.001000
171400,0.096500,1.000000,0.103026,0.999820,964.8,0.001000
171500,0.025640,1.000000,0.026573,1.000000,965.4,0.001000
171600,0.041006,1.000000,0.044439,1.000000,965.9,0.001000
171700,0.023631,1.000000,0.024523,1.000000,966.4,0.001000
171800,0.014180,1.000000,0.014580,1.000000,966.9,0.001000
171900,0.024489,1.000000,0.025920,1.000000,967.5,0.001000
172000,0.021570,1.000000,0.022294,1.000000,968.1,0.001000
172100,0.028665,1.000000,0.030661,1.000000,968.6,0.001000
172200,0.025119,1.000000,0.026011,1.000000,969.2,0.001000
172300,0.041930,1.000000,0.045669,1.000000,969.8,0.001000
172400,0.026188,1.000000,0.027092,1.000000,970.3,0.001000
172500,0.085641,1.000000,0.091519,0.999910,970.9,0.001000
172600,0.029280,1.000000,0.030419,1.000000,971.5,0.001000
172700,0.323147,0.983784,0.341297,0.975768,972.1,0.001000
172800,0.027433,1.000000,0.028437,1.000000,972.7,0.001000
172900,0.234455,0.994234,0.253167,0.991893,973.2,0.001000
173000,0.029950,1.000000,0.031227,1.000000,973.9,0.001000
173100,0.372593,0.973694,0.394786,0.969462,974.5,0.001000
173200,0.029181,1.000000,0.030575,1.000000,975.1,0.001000
173300,0.203139,0.992883,0.218799,0.988650,975.6,0.001000
173400,0.027494,1.000000,0.028736,1.000000,976.2,0.001000
173500,0.246540,0.989369,0.261332,0.986938,976.8,0.001000
173600,0.026931,1.000000,0.028117,1.000000,977.3,0.001000
173700,0.960121,0.802883,0.980954,0.795964,977.9,0.001000
173800,0.025708,1.000000,0.027074,1.000000,978.5,0.001000
173900,0.164265,0.998739,0.175488,0.998108,979.1,0.001000
174000,0.025702,1.000000,0.026730,1.000000,979.6,0.001000
174100,2.769246,0.420270,2.815280,0.408522,980.2,0.001000
174200,0.027642,1.000000,0.029117,1.000000,980.7,0.001000
174300,0.022649,1.000000,0.023312,1.000000,981.3,0.001000
174400,0.026476,1.000000,0.027859,1.000000,981.8,0.001000
174500,0.021325,1.000000,0.022056,1.000000,982.4,0.001000
174600,0.025787,1.000000,0.027258,1.000000,982.9,0.001000
174700,0.021380,1.000000,0.022131,1.000000,983.4,0.001000
174800,0.027422,1.000000,0.028936,1.000000,984.0,0.001000
174900,0.022591,1.000000,0.023385,1.000000,984.5,0.001000
175000,0.109779,0.999189,0.119129,0.999009,985.0,0.001000
175100,0.024490,1.000000,0.025581,1.000000,985.6,0.001000
175200,0.019413,1.000000,0.019885,1.000000,986.1,0.001000
175300,0.027111,1.000000,0.028518,1.000000,986.7,0.001000
175400,0.023374,1.000000,0.024188,1.000000,987.2,0.001000
175500,0.028572,1.000000,0.030043,1.000000,987.8,0.001000
175600,0.024214,1.000000,0.024956,1.000000,988.3,0.001000
175700,0.028798,1.000000,0.030190,1.000000,988.9,0.001000
175800,0.022404,1.000000,0.022998,1.000000,989.4,0.001000
175900,0.027775,1.000000,0.029299,1.000000,990.0,0.001000
176000,0.023140,1.000000,0.023986,1.000000,990.6,0.001000
176100,0.029914,1.000000,0.031915,1.000000,991.2,0.001000
176200,0.024971,1.000000,0.025926,1.000000,991.8,0.001000
176300,0.035408,1.000000,0.038588,1.000000,992.3,0.001000
176400,0.027163,1.000000,0.028393,1.000000,992.9,0.001000
176500,0.106097,0.999730,0.114518,0.998829,993.5,0.001000
176600,0.026454,1.000000,0.027660,1.000000,994.0,0.001000
176700,0.081135,0.999910,0.089601,0.999910,994.7,0.001000
176800,0.024482,1.000000,0.025553,1.000000,995.3,0.001000
176900,0.191100,0.995225,0.203813,0.994595,995.9,0.001000
177000,0.027424,1.000000,0.028789,1.000000,996.4,0.001000
177100,0.096051,1.000000,0.101574,0.999820,997.0,0.001000
177200,0.028114,1.000000,0.029118,1.000000,997.5,0.001000
177300,0.222198,0.992432,0.233403,0.991712,998.1,0.001000
177400,0.027502,1.000000,0.028790,1.000000,998.6,0.001000
177500,0.272352,0.992703,0.282982,0.993244,999.2,0.001000
177600,0.028645,1.000000,0.029931,1.000000,999.8,0.001000
177700,0.061105,1.000000,0.065224,0.999820,1000.3,0.001000
177800,0.025781,1.000000,0.026722,1.000000,1000.8,0.001000
177900,0.016965,1.000000,0.017523,1.000000,1001.4,0.001000
178000,0.025886,1.000000,0.027514,1.000000,1002.0,0.001000
178100,0.023141,1.000000,0.023878,1.000000,1002.6,0.001000
178200,0.029080,1.000000,0.031048,1.000000,1003.1,0.001000
178300,0.024402,1.000000,0.025202,1.000000,1003.7,0.001000
178400,0.029620,1.000000,0.031791,1.000000,1004.2,0.001000
178500,0.024850,1.000000,0.025795,1.000000,1004.7,0.001000
178600,0.027155,1.000000,0.028961,1.000000,1005.3,0.001000
178700,0.022890,1.000000,0.023694,1.000000,1005.8,0.001000
178800,0.031000,1.000000,0.033004,1.000000,1006.4,0.001000
178900,0.025934,1.000000,0.026751,1.000000,1007.0,0.001000
179000,0.027064,1.000000,0.028800,1.000000,1007.5,0.001000
179100,0.022864,1.000000,0.023599,1.000000,1008.1,0.001000
179200,0.026995,1.000000,0.028405,1.000000,1008.6,0.001000
179300,0.022278,1.000000,0.023006,1.000000,1009.2,0.001000
179400,0.027824,1.000000,0.029519,1.000000,1009.7,0.001000
179500,0.021956,1.000000,0.022818,1.000000,1010.3,0.001000
179600,0.028211,1.000000,0.030051,1.000000,1010.9,0.001000
179700,0.024583,1.000000,0.025446,1.000000,1011.4,0.001000
179800,0.024995,1.000000,0.026349,1.000000,1012.0,0.001000
179900,0.020856,1.000000,0.021492,1.000000,1012.5,0.001000
180000,0.023727,1.000000,0.024984,1.000000,1013.1,0.001000
180100,0.572993,0.902703,0.592894,0.894244,1013.7,0.001000
180200,0.024662,1.000000,0.026117,1.000000,1014.3,0.001000
180300,0.192258,0.992973,0.204368,0.992523,1014.9,0.001000
180400,0.025176,1.000000,0.026339,1.000000,1015.4,0.001000
180500,0.201128,0.993694,0.211780,0.992974,1016.0,0.001000
180600,0.027083,1.000000,0.028376,1.000000,1016.5,0.001000
180700,0.308827,0.981441,0.329125,0.977750,1017.1,0.001000
180800,0.027687,1.000000,0.028834,1.000000,1017.7,0.001000
180900,0.057922,0.999910,0.062187,0.999910,1018.3,0.001000
181000,0.025533,1.000000,0.026438,1.000000,1018.8,0.001000
181100,0.449130,0.941982,0.477704,0.934150,1019.4,0.001000
181200,0.025998,1.000000,0.027278,1.000000,1019.9,0.001000
181300,0.193453,0.996667,0.207261,0.994865,1020.5,0.001000
181400,0.025896,1.000000,0.027040,1.000000,1021.1,0.001000
181500,0.915017,0.792342,0.925948,0.795604,1021.6,0.001000
181600,0.028984,1.000000,0.030202,1.000000,1022.2,0.001000
181700,0.056566,1.000000,0.060536,0.999910,1022.8,0.001000
181800,0.023944,1.000000,0.024902,1.000000,1023.3,0.001000
181900,0.092981,0.999730,0.100113,0.999550,1023.9,0.001000
182000,0.023973,1.000000,0.025009,1.000000,1024.4,0.001000
182100,0.112228,0.999730,0.121875,0.999369,1025.0,0.001000
182200,0.026053,1.000000,0.027219,1.000000,1025.6,0.001000
182300,0.049704,1.000000,0.053208,1.000000,1026.1,0.001000
182400,0.025365,1.000000,0.026349,1.000000,1026.6,0.001000
182500,0.034622,1.000000,0.037079,1.000000,1027.1,0.001000
182600,0.024235,1.000000,0.025053,1.000000,1027.7,0.001000
182700,0.039012,1.000000,0.041972,1.000000,1028.3,0.001000
182800,0.025599,1.000000,0.026660,1.000000,1028.8,0.001000
182900,0.043393,1.000000,0.047124,1.000000,1029.5,0.001000
183000,0.025360,1.000000,0.026300,1.000000,1030.0,0.001000
183100,0.080802,0.999910,0.087593,0.999910,1030.6,0.001000
183200,0.025465,1.000000,0.026670,1.000000,1031.1,0.001000
183300,3.797302,0.160360,3.830992,0.145843,1031.7,0.001000
183400,0.027569,1.000000,0.029014,1.000000,1032.2,0.001000
183500,0.023052,1.000000,0.023739,1.000000,1032.7,0.001000
183600,0.028814,1.000000,0.030575,1.000000,1033.3,0.001000
183700,0.024208,1.000000,0.025111,1.000000,1033.9,0.001000
183800,0.028578,1.000000,0.030259,1.000000,1034.4,0.001000
183900,0.023737,1.000000,0.024477,1.000000,1034.9,0.001000
184000,0.047489,1.000000,0.051620,1.000000,1035.4,0.001000
184100,0.025537,1.000000,0.026558,1.000000,1036.0,0.001000
184200,0.321114,0.986577,0.341259,0.984326,1036.6,0.001000
184300,0.027925,1.000000,0.029345,1.000000,1037.2,0.001000
184400,0.036633,1.000000,0.037589,1.000000,1037.8,0.001000
184500,0.027263,1.000000,0.028520,1.000000,1038.3,0.001000
184600,0.021176,1.000000,0.021819,1.000000,1038.8,0.001000
184700,0.027974,1.000000,0.029539,1.000000,1039.4,0.001000
184800,0.023082,1.000000,0.023943,1.000000,1040.0,0.001000
184900,0.026607,1.000000,0.028075,1.000000,1040.6,0.001000
185000,1.603366,0.640000,1.645592,0.630664,1041.2,0.001000
185100,0.026130,1.000000,0.027354,1.000000,1041.8,0.001000
185200,0.020226,1.000000,0.020801,1.000000,1042.4,0.001000
185300,0.025750,1.000000,0.027023,1.000000,1043.0,0.001000
185400,0.021001,1.000000,0.021712,1.000000,1043.7,0.001000
185500,0.029367,1.000000,0.031305,1.000000,1044.2,0.001000
185600,0.023298,1.000000,0.024032,1.000000,1044.8,0.001000
185700,0.028437,1.000000,0.030017,1.000000,1045.4,0.001000
185800,2.005452,0.492703,2.035732,0.483470,1045.9,0.001000
185900,0.028905,1.000000,0.030582,1.000000,1046.5,0.001000
186000,0.020321,1.000000,0.020992,1.000000,1047.0,0.001000
186100,0.033014,1.000000,0.035286,1.000000,1047.6,0.001000
186200,0.024676,1.000000,0.025488,1.000000,1048.1,0.001000
186300,0.045268,1.000000,0.049068,1.000000,1048.7,0.001000
186400,0.025215,1.000000,0.026193,1.000000,1049.2,0.001000
186500,0.477003,0.940991,0.509805,0.926943,1049.8,0.001000
186600,0.027169,1.000000,0.028740,1.000000,1050.3,0.001000
186700,0.022226,1.000000,0.023077,1.000000,1050.9,0.001000
186800,0.030707,1.000000,0.032525,1.000000,1051.5,0.001000
186900,0.024696,1.000000,0.025552,1.000000,1052.0,0.001000
187000,0.029605,1.000000,0.031446,1.000000,1052.6,0.001000
187100,0.023637,1.000000,0.024414,1.000000,1053.1,0.001000
187200,0.036513,1.000000,0.039237,1.000000,1053.7,0.001000
187300,0.026700,1.000000,0.027655,1.000000,1054.2,0.001000
187400,0.045000,1.000000,0.048408,1.000000,1054.7,0.001000
187500,0.025710,1.000000,0.026589,1.000000,1055.3,0.001000
187600,0.045988,1.000000,0.049710,1.000000,1055.8,0.001000
187700,0.027381,1.000000,0.028492,1.000000,1056.4,0.001000
187800,0.045551,1.000000,0.050007,1.000000,1056.9,0.001000
187900,0.026975,1.000000,0.028185,1.000000,1057.5,0.001000
188000,0.049186,1.000000,0.052996,0.999910,1058.0,0.001000
188100,0.026365,1.000000,0.027300,1.000000,1058.6,0.001000
188200,0.034552,1.000000,0.037385,1.000000,1059.1,0.001000
188300,0.024909,1.000000,0.025809,1.000000,1059.7,0.001000
188400,0.032343,1.000000,0.034521,1.000000,1060.2,0.001000
188500,0.026031,1.000000,0.027139,1.000000,1060.8,0.001000
188600,0.027601,1.000000,0.029575,1.000000,1061.3,0.001000
188700,0.023306,1.000000,0.024136,1.000000,1061.9,0.001000
188800,0.027781,1.000000,0.029748,1.000000,1062.4,0.001000
188900,0.023786,1.000000,0.024575,1.000000,1063.0,0.001000
189000,0.204718,0.987838,0.222430,0.984686,1063.6,0.001000
189100,0.023979,1.000000,0.025262,1.000000,1064.2,0.001000
189200,0.106684,0.999640,0.111544,0.999009,1064.8,0.001000
189300,0.027353,1.000000,0.028681,1.000000,1065.3,0.001000
189400,0.022661,1.000000,0.023339,1.000000,1066.0,0.001000
189500,0.026838,1.000000,0.028361,1.000000,1066.5,0.001000
189600,0.024653,1.000000,0.025490,1.000000,1067.0,0.001000
189700,0.027480,1.000000,0.029046,1.000000,1067.6,0.001000
189800,0.023143,1.000000,0.023735,1.000000,1068.2,0.001000
189900,0.029520,1.000000,0.031694,1.000000,1068.8,0.001000
190000,0.023796,1.000000,0.024779,1.000000,1069.3,0.001000
190100,0.032756,1.000000,0.035302,1.000000,1069.9,0.001000
190200,0.025322,1.000000,0.026171,1.000000,1070.4,0.001000
190300,0.032421,1.000000,0.034459,1.000000,1071.0,0.001000
190400,0.023813,1.000000,0.024613,1.000000,1071.6,0.001000
190500,0.028999,1.000000,0.030963,1.000000,1072.2,0.001000
190600,0.023854,1.000000,0.024662,1.000000,1072.7,0.001000
190700,0.177556,0.996126,0.189517,0.994415,1073.3,0.001000
190800,0.029138,1.000000,0.030304,1.000000,1073.9,0.001000
190900,0.022684,1.000000,0.023180,1.000000,1074.4,0.001000
191000,0.026363,1.000000,0.027562,1.000000,1075.0,0.001000
191100,0.021577,1.000000,0.022207,1.000000,1075.6,0.001000
191200,0.024449,1.000000,0.025973,1.000000,1076.2,0.001000
191300,0.020647,1.000000,0.021347,1.000000,1076.8,0.001000
191400,0.024599,1.000000,0.026206,1.000000,1077.3,0.001000
191500,0.022688,1.000000,0.023454,1.000000,1077.9,0.001000
191600,0.027649,1.000000,0.029376,1.000000,1078.5,0.001000
191700,0.025216,1.000000,0.026079,1.000000,1079.0,0.001000
191800,0.124695,0.998378,0.136007,0.997928,1079.6,0.001000
191900,0.023400,1.000000,0.024311,1.000000,1080.2,0.001000
192000,0.400251,0.946126,0.427213,0.939014,1080.8,0.001000
192100,0.026922,1.000000,0.028313,1.000000,1081.4,0.001000
192200,0.020065,1.000000,0.020726,1.000000,1081.9,0.001000
192300,0.028277,1.000000,0.030162,1.000000,1082.5,0.001000
192400,0.022856,1.000000,0.023607,1.000000,1083.0,0.001000
192500,0.027263,1.000000,0.029047,1.000000,1083.6,0.001000
192600,0.023818,1.000000,0.024597,1.000000,1084.1,0.001000
192700,0.026085,1.000000,0.028038,1.000000,1084.7,0.001000
192800,0.021155,1.000000,0.021927,1.000000,1085.2,0.001000
192900,0.024862,1.000000,0.026339,1.000000,1085.8,0.001000
193000,0.021249,1.000000,0.022022,1.000000,1086.3,0.001000
193100,0.024147,1.000000,0.025820,1.000000,1086.8,0.001000
193200,0.021862,1.000000,0.022509,1.000000,1087.4,0.001000
193300,0.025274,1.000000,0.026503,1.000000,1088.0,0.001000
193400,0.021433,1.000000,0.022184,1.000000,1088.5,0.001000
193500,0.024829,1.000000,0.026128,1.000000,1089.1,0.001000
193600,0.948613,0.787117,0.982124,0.781281,1089.7,0.001000
193700,0.025858,1.000000,0.027118,1.000000,1090.2,0.001000
193800,0.020169,1.000000,0.020924,1.000000,1090.8,0.001000
193900,0.025711,1.000000,0.027122,1.000000,1091.4,0.001000
194000,1.006998,0.763964,1.020161,0.761823,1091.9,0.001000
194100,0.026752,1.000000,0.028082,1.000000,1092.4,0.001000
194200,0.020290,1.000000,0.021013,1.000000,1093.0,0.001000
194300,0.024625,1.000000,0.026212,1.000000,1093.5,0.001000
194400,0.023185,1.000000,0.024079,1.000000,1094.2,0.001000
194500,0.028835,1.000000,0.030849,1.000000,1094.7,0.001000
194600,0.024053,1.000000,0.024980,1.000000,1095.3,0.001000
194700,0.029866,1.000000,0.031707,1.000000,1095.9,0.001000
194800,0.023736,1.000000,0.024496,1.000000,1096.5,0.001000
194900,0.025622,1.000000,0.027209,1.000000,1097.0,0.001000
195000,0.020290,1.000000,0.021062,1.000000,1097.5,0.001000
195100,0.028276,1.000000,0.030478,1.000000,1098.1,0.001000
195200,0.024155,1.000000,0.025157,1.000000,1098.7,0.001000
195300,0.034168,1.000000,0.037134,1.000000,1099.2,0.001000
195400,0.023605,1.000000,0.024555,1.000000,1099.7,0.001000
195500,0.298527,0.970811,0.323244,0.965499,1100.3,0.001000
195600,0.024217,1.000000,0.025363,1.000000,1100.8,0.001000
195700,0.137572,0.998378,0.147657,0.997478,1101.4,0.001000
195800,0.024088,1.000000,0.025067,1.000000,1102.0,0.001000
195900,0.130898,1.000000,0.139034,0.999550,1102.6,0.001000
196000,0.025753,1.000000,0.026900,1.000000,1103.1,0.001000
196100,0.038743,1.000000,0.042120,1.000000,1103.7,0.001000
196200,0.024802,1.000000,0.025748,1.000000,1104.2,0.001000
196300,0.121385,0.999460,0.129623,0.999009,1104.7,0.001000
196400,0.026061,1.000000,0.027139,1.000000,1105.3,0.001000
196500,0.089333,1.000000,0.095698,0.999910,1105.9,0.001000
196600,0.026688,1.000000,0.027784,1.000000,1106.5,0.001000
196700,0.322286,0.973694,0.347505,0.968201,1107.1,0.001000
196800,0.028040,1.000000,0.029557,1.000000,1107.6,0.001000
196900,0.020433,1.000000,0.021237,1.000000,1108.3,0.001000
197000,0.028998,1.000000,0.030754,1.000000,1108.9,0.001000
197100,0.025046,1.000000,0.025894,1.000000,1109.5,0.001000
197200,0.032425,1.000000,0.034632,1.000000,1110.1,0.001000
197300,0.025745,1.000000,0.026774,1.000000,1110.7,0.001000
197400,0.031495,1.000000,0.033957,1.000000,1111.2,0.001000
197500,0.023888,1.000000,0.024887,1.000000,1111.8,0.001000
197600,0.217494,0.992432,0.237433,0.987118,1112.4,0.001000
197700,0.025962,1.000000,0.027203,1.000000,1113.0,0.001000
197800,0.022385,1.000000,0.022952,1.000000,1113.6,0.001000
197900,0.028383,1.000000,0.030016,1.000000,1114.1,0.001000
198000,0.023684,1.000000,0.024411,1.000000,1114.7,0.001000
198100,0.029641,1.000000,0.031392,1.000000,1115.3,0.001000
198200,0.026704,1.000000,0.027712,1.000000,1115.9,0.001000
198300,0.040151,1.000000,0.043495,1.000000,1116.4,0.001000
198400,0.026448,1.000000,0.027386,1.000000,1117.0,0.001000
198500,0.514158,0.936667,0.529443,0.937483,1117.5,0.001000
198600,0.029438,1.000000,0.030947,1.000000,1118.1,0.001000
198700,0.246151,0.999009,0.254191,0.998288,1118.6,0.001000
198800,0.027822,1.000000,0.029056,1.000000,1119.2,0.001000
198900,0.021063,1.000000,0.021610,1.000000,1119.7,0.001000
199000,0.029100,1.000000,0.030804,1.000000,1120.2,0.001000
199100,0.023032,1.000000,0.023872,1.000000,1120.8,0.001000
199200,0.027782,1.000000,0.029765,1.000000,1121.3,0.001000
199300,0.024519,1.000000,0.025375,1.000000,1121.9,0.001000
199400,0.268080,0.986036,0.287825,0.983335,1122.4,0.001000
199500,0.026416,1.000000,0.027743,1.000000,1123.0,0.001000
199600,0.020126,1.000000,0.020762,1.000000,1123.5,0.001000
199700,0.028111,1.000000,0.029828,1.000000,1124.1,0.001000
199800,0.023214,1.000000,0.023923,1.000000,1124.7,0.001000
199900,0.042399,1.000000,0.045910,1.000000,1125.3,0.001000
