step,train_loss,train_acc,test_loss,test_acc,elapsed_sec,lr
0,5.488732,0.005045,5.492367,0.005495,0.1,0.000020
100,5.001843,0.009640,5.055677,0.004955,0.6,0.001000
200,4.824628,0.044324,5.255765,0.003964,1.1,0.001000
300,4.603101,0.111712,5.144387,0.010450,1.6,0.001000
400,3.620119,0.243694,3.849073,0.096658,2.2,0.001000
500,2.418265,0.672883,2.490493,0.552202,2.7,0.001000
600,1.778975,0.901802,1.820572,0.869111,3.2,0.001000
700,1.510701,0.947748,1.537534,0.932619,3.7,0.001000
800,1.354592,0.964955,1.373920,0.960454,4.2,0.001000
900,1.371073,0.840180,1.385847,0.832177,4.7,0.001000
1000,1.278596,0.936306,1.298438,0.928115,5.2,0.001000
1100,1.281927,0.899640,1.299138,0.888118,5.7,0.001000
1200,1.295664,0.886216,1.308291,0.881452,6.3,0.001000
1300,1.292577,0.882703,1.309472,0.874516,6.8,0.001000
1400,1.266857,0.904414,1.284861,0.897937,7.3,0.001000
1500,1.284741,0.904775,1.300096,0.900279,7.9,0.001000
1600,1.249849,0.925856,1.266721,0.909287,8.4,0.001000
1700,1.314613,0.843153,1.326358,0.836591,8.9,0.001000
1800,1.243100,0.914505,1.258789,0.905954,9.4,0.001000
1900,1.333374,0.866577,1.349115,0.853166,10.0,0.001000
2000,1.282748,0.902523,1.297327,0.892262,10.5,0.001000
2100,1.205998,0.962613,1.220104,0.957211,11.0,0.001000
2200,1.241285,0.929550,1.260369,0.915863,11.5,0.001000
2300,1.202323,0.918829,1.216052,0.912440,12.0,0.001000
2400,1.226496,0.925856,1.241663,0.922259,12.6,0.001000
2500,1.291363,0.898829,1.310590,0.878389,13.1,0.001000
2600,1.182414,0.954955,1.197971,0.947662,13.6,0.001000
2700,1.260428,0.905766,1.275514,0.893433,14.2,0.001000
2800,1.221563,0.928919,1.239301,0.920638,14.7,0.001000
2900,1.196235,0.959640,1.213397,0.951716,15.2,0.001000
3000,1.203380,0.942793,1.219367,0.940366,15.7,0.001000
3100,1.248458,0.889820,1.265584,0.881632,16.2,0.001000
3200,1.269330,0.832883,1.284832,0.811729,16.7,0.001000
3300,1.203924,0.927117,1.222311,0.921448,17.3,0.001000
3400,1.184998,0.939820,1.199672,0.934871,17.8,0.001000
3500,1.163242,0.966036,1.177855,0.962526,18.3,0.001000
3600,1.215941,0.906847,1.229916,0.903612,18.8,0.001000
3700,1.187343,0.947658,1.205879,0.940366,19.3,0.001000
3800,1.541258,0.690631,1.555245,0.681020,19.8,0.001000
3900,1.168090,0.966667,1.183524,0.959283,20.4,0.001000
4000,1.164936,0.955766,1.183249,0.946311,20.9,0.001000
4100,1.218623,0.868559,1.236768,0.855959,21.4,0.001000
4200,1.165100,0.949730,1.184334,0.943338,21.9,0.001000
4300,1.138197,0.973423,1.154775,0.969102,22.4,0.001000
4400,1.178141,0.938919,1.196977,0.926043,22.9,0.001000
4500,1.212956,0.900360,1.235563,0.882443,23.5,0.001000
4600,1.125654,0.975315,1.142830,0.970093,24.0,0.001000
4700,1.182613,0.941261,1.201139,0.931898,24.5,0.001000
4800,1.200305,0.903153,1.223065,0.883794,25.0,0.001000
4900,1.155797,0.948108,1.171560,0.943158,25.5,0.001000
5000,1.163038,0.957748,1.180326,0.950365,26.0,0.001000
5100,1.151544,0.956036,1.166518,0.951536,26.5,0.001000
5200,1.195006,0.918288,1.215760,0.912350,27.1,0.001000
5300,1.346709,0.780721,1.363765,0.766958,27.6,0.001000
5400,1.093450,0.987207,1.109734,0.984866,28.1,0.001000
5500,1.120440,0.982342,1.134853,0.980722,28.6,0.001000
5600,1.128843,0.977568,1.144866,0.969282,29.1,0.001000
5700,1.141832,0.943964,1.158510,0.934871,29.6,0.001000
5800,1.148483,0.948469,1.165394,0.942798,30.1,0.001000
5900,1.176552,0.924775,1.193510,0.920728,30.6,0.001000
6000,1.107746,0.981171,1.126229,0.974146,31.1,0.001000
6100,1.102965,0.987297,1.118391,0.986398,31.6,0.001000
6200,1.247405,0.888018,1.263299,0.879200,32.2,0.001000
6300,1.115083,0.957478,1.129486,0.957031,32.7,0.001000
6400,1.093391,0.990000,1.109567,0.987298,33.2,0.001000
6500,1.095833,0.989189,1.114786,0.984596,33.7,0.001000
6600,1.821700,0.474414,1.844313,0.465454,34.2,0.001000
6700,1.160247,0.956577,1.178229,0.949554,34.7,0.001000
6800,1.243816,0.890180,1.260896,0.875056,35.2,0.001000
6900,1.170310,0.926757,1.189330,0.919557,35.7,0.001000
7000,1.255082,0.883423,1.273716,0.868570,36.2,0.001000
7100,1.139899,0.977117,1.156467,0.976398,36.7,0.001000
7200,1.140080,0.968739,1.158053,0.964778,37.2,0.001000
7300,1.100256,0.983874,1.116910,0.981713,37.8,0.001000
7400,1.120362,0.968288,1.137435,0.963787,38.3,0.001000
7500,1.171365,0.957117,1.184566,0.956130,38.8,0.001000
7600,1.176094,0.946126,1.193418,0.941357,39.3,0.001000
7700,1.146406,0.952162,1.163242,0.950365,39.8,0.001000
7800,1.153684,0.956396,1.169081,0.952437,40.3,0.001000
7900,1.180308,0.940090,1.196705,0.929646,40.8,0.001000
8000,1.224025,0.893063,1.244822,0.873705,41.4,0.001000
8100,1.198497,0.912432,1.218424,0.898387,41.9,0.001000
8200,1.113121,0.982613,1.131116,0.981533,42.4,0.001000
8300,1.126307,0.975946,1.144068,0.970093,42.9,0.001000
8400,1.146361,0.981982,1.164862,0.975047,43.4,0.001000
8500,1.177448,0.957207,1.196732,0.949104,43.9,0.001000
8600,1.279275,0.875946,1.293519,0.871183,44.4,0.001000
8700,1.412689,0.742432,1.431461,0.723448,44.9,0.001000
8800,1.238708,0.888108,1.254094,0.883704,45.5,0.001000
8900,1.158713,0.926216,1.176221,0.914963,46.0,0.001000
9000,1.130825,0.964505,1.151296,0.957031,46.5,0.001000
9100,1.157787,0.936216,1.173388,0.936132,47.0,0.001000
9200,1.132845,0.956937,1.152401,0.952076,47.5,0.001000
9300,1.152248,0.946847,1.171240,0.938564,48.0,0.001000
9400,1.397176,0.772252,1.414294,0.763625,48.6,0.001000
9500,1.155443,0.960270,1.170398,0.960544,49.1,0.001000
9600,1.158827,0.947478,1.175863,0.939915,49.6,0.001000
9700,1.172075,0.952523,1.189764,0.948293,50.1,0.001000
9800,1.144049,0.963964,1.159443,0.955590,50.6,0.001000
9900,1.083838,0.988018,1.100065,0.984236,51.1,0.001000
10000,1.135441,0.976577,1.150629,0.972525,51.6,0.001000
10100,1.233296,0.886306,1.250077,0.877038,52.2,0.001000
10200,1.097662,0.990180,1.114557,0.986848,52.7,0.001000
10300,1.174892,0.944685,1.190826,0.942438,53.2,0.001000
10400,1.266902,0.879730,1.283337,0.864517,53.7,0.001000
10500,1.089816,0.990721,1.106242,0.987479,54.2,0.001000
10600,1.093487,0.985045,1.110565,0.979191,54.8,0.001000
10700,1.147763,0.964505,1.163923,0.955499,55.3,0.001000
10800,1.229829,0.930901,1.246538,0.920187,55.8,0.001000
10900,1.194303,0.892613,1.213015,0.882353,56.3,0.001000
11000,1.225442,0.899099,1.242332,0.890280,56.8,0.001000
11100,1.109431,0.984054,1.123561,0.983155,57.3,0.001000
11200,1.110538,0.985405,1.127159,0.982614,57.8,0.001000
11300,1.224250,0.909279,1.240016,0.895685,58.3,0.001000
11400,1.118564,0.976757,1.136422,0.972795,58.8,0.001000
11500,1.147695,0.967387,1.165532,0.961175,59.4,0.001000
11600,1.207477,0.891622,1.222504,0.889379,59.9,0.001000
11700,1.087407,0.984505,1.101790,0.983605,60.4,0.001000
11800,1.078425,0.995766,1.095839,0.993604,60.9,0.001000
11900,1.134322,0.940721,1.149136,0.939465,61.5,0.001000
12000,1.183352,0.916126,1.197589,0.912080,62.0,0.001000
12100,1.155792,0.945135,1.169151,0.939735,62.5,0.001000
12200,1.184873,0.910901,1.201105,0.903883,63.0,0.001000
12300,1.151959,0.952883,1.166317,0.948023,63.5,0.001000
12400,1.149981,0.937297,1.167505,0.933429,64.0,0.001000
12500,1.129852,0.938469,1.145328,0.934510,64.5,0.001000
12600,1.129780,0.940991,1.144365,0.939645,65.0,0.001000
12700,1.102203,0.979910,1.117543,0.977119,65.5,0.001000
12800,1.147509,0.948469,1.163061,0.941537,66.0,0.001000
12900,1.143935,0.950360,1.162520,0.948743,66.6,0.001000
13000,1.185550,0.927027,1.207456,0.914242,67.1,0.001000
13100,1.088265,0.986577,1.108868,0.980903,67.6,0.001000
13200,1.080502,0.989009,1.098553,0.988740,68.1,0.001000
13300,1.250633,0.883243,1.266903,0.875146,68.6,0.001000
13400,1.125059,0.972613,1.142163,0.965679,69.1,0.001000
13500,1.323233,0.830450,1.341142,0.809116,69.6,0.001000
13600,1.131015,0.964414,1.149364,0.961535,70.2,0.001000
13700,1.095729,0.977027,1.112951,0.972885,70.7,0.001000
13800,1.127573,0.928108,1.143407,0.922890,71.2,0.001000
13900,1.114858,0.972523,1.129788,0.966489,71.7,0.001000
14000,1.099823,0.974685,1.117869,0.966670,72.3,0.001000
14100,1.068564,0.993874,1.086901,0.990902,72.8,0.001000
14200,1.137051,0.953514,1.153192,0.945590,73.3,0.001000
14300,1.232460,0.899910,1.251171,0.885866,73.9,0.001000
14400,1.260040,0.888108,1.276174,0.878840,74.4,0.001000
14500,1.150345,0.936486,1.167150,0.927844,74.9,0.001000
14600,1.148753,0.929189,1.163721,0.921358,75.5,0.001000
14700,1.109262,0.978468,1.125432,0.973426,76.0,0.001000
14800,1.141100,0.961351,1.157168,0.959913,76.5,0.001000
14900,1.136944,0.932432,1.157324,0.922620,77.0,0.001000
15000,1.178183,0.934955,1.196690,0.921268,77.5,0.001000
15100,1.172484,0.933964,1.189616,0.928115,78.0,0.001000
15200,1.139793,0.963604,1.156711,0.958292,78.6,0.001000
15300,1.246722,0.883694,1.263892,0.872984,79.1,0.001000
15400,1.193280,0.923874,1.210211,0.913701,79.6,0.001000
15500,1.126174,0.957117,1.145272,0.947392,80.1,0.001000
15600,1.133449,0.949369,1.152038,0.943609,80.6,0.001000
15700,1.181649,0.938288,1.198711,0.934150,81.1,0.001000
15800,1.092094,0.983243,1.108637,0.975948,81.7,0.001000
15900,1.128444,0.955135,1.145409,0.951806,82.2,0.001000
16000,1.167799,0.948469,1.182943,0.943338,82.7,0.001000
16100,1.156069,0.933063,1.173320,0.926943,83.2,0.001000
16200,1.263272,0.876667,1.275952,0.871363,83.7,0.001000
16300,1.246822,0.875766,1.266353,0.856229,84.2,0.001000
16400,1.132358,0.974505,1.148567,0.967751,84.7,0.001000
16500,1.144486,0.962973,1.161904,0.954689,85.2,0.001000
16600,1.113411,0.983423,1.130280,0.980452,85.7,0.001000
16700,1.184278,0.948378,1.201507,0.939285,86.2,0.001000
16800,1.140228,0.974234,1.155442,0.969462,86.7,0.001000
16900,1.269299,0.889279,1.287959,0.872534,87.3,0.001000
17000,1.181290,0.954595,1.196549,0.948923,87.8,0.001000
17100,1.223904,0.912252,1.240772,0.906225,88.3,0.001000
17200,1.186443,0.945045,1.204283,0.935231,88.8,0.001000
17300,1.301036,0.858559,1.321930,0.840915,89.3,0.001000
17400,1.172616,0.948469,1.188030,0.939735,89.8,0.001000
17500,1.297135,0.870090,1.313859,0.853617,90.4,0.001000
17600,1.240542,0.877478,1.256407,0.868030,90.9,0.001000
17700,1.148479,0.960270,1.164954,0.947122,91.4,0.001000
17800,1.197061,0.915676,1.211878,0.913251,92.0,0.001000
17900,1.275647,0.860270,1.290483,0.851995,92.5,0.001000
18000,1.167201,0.943784,1.185122,0.938294,93.0,0.001000
18100,1.195832,0.909369,1.217217,0.892352,93.5,0.001000
18200,1.202149,0.925766,1.217968,0.921989,94.0,0.001000
18300,1.142535,0.948739,1.157028,0.941897,94.6,0.001000
18400,1.185363,0.947027,1.205524,0.937033,95.1,0.001000
18500,1.114197,0.984144,1.127661,0.981713,95.6,0.001000
18600,1.261081,0.890270,1.274575,0.878029,96.1,0.001000
18700,1.114317,0.976216,1.131298,0.972885,96.6,0.001000
18800,1.112558,0.974324,1.128696,0.973966,97.1,0.001000
18900,1.280621,0.873784,1.295509,0.867129,97.6,0.001000
19000,1.137959,0.933514,1.157507,0.924872,98.1,0.001000
19100,1.105525,0.975946,1.121100,0.971534,98.6,0.001000
19200,1.153216,0.941892,1.169086,0.937843,99.2,0.001000
19300,1.193422,0.909369,1.211568,0.899378,99.7,0.001000
19400,1.111474,0.977838,1.128145,0.973336,100.2,0.001000
19500,1.157299,0.926486,1.172629,0.916134,100.7,0.001000
19600,1.194237,0.891982,1.214609,0.876498,101.2,0.001000
19700,1.136450,0.946396,1.157480,0.934150,101.7,0.001000
19800,1.143384,0.967748,1.160938,0.965679,102.2,0.001000
19900,1.170448,0.956487,1.186622,0.950185,102.7,0.001000
20000,1.219792,0.884054,1.238851,0.870372,103.2,0.001000
20100,1.116154,0.976577,1.132269,0.973516,103.7,0.001000
20200,1.253558,0.876306,1.268189,0.872534,104.3,0.001000
20300,1.107042,0.979189,1.122855,0.974146,104.8,0.001000
20400,1.109589,0.951081,1.127493,0.940816,105.3,0.001000
20500,1.237654,0.881351,1.250883,0.876047,105.8,0.001000
20600,1.146143,0.922883,1.167505,0.906675,106.4,0.001000
20700,1.147589,0.945766,1.163041,0.941447,106.9,0.001000
20800,1.099475,0.980360,1.117526,0.975137,107.4,0.001000
20900,1.118093,0.952703,1.132282,0.954418,107.9,0.001000
21000,1.097424,0.975856,1.113164,0.974957,108.4,0.001000
21100,1.077402,0.984054,1.092748,0.980812,108.9,0.001000
21200,1.125180,0.972793,1.141608,0.966489,109.4,0.001000
21300,1.177388,0.911532,1.195897,0.909378,110.0,0.001000
21400,1.210094,0.906396,1.224766,0.897307,110.5,0.001000
21500,1.112576,0.974234,1.131009,0.969372,111.0,0.001000
21600,1.091327,0.975766,1.109006,0.968201,111.5,0.001000
21700,1.132784,0.960270,1.149739,0.950275,112.0,0.001000
21800,1.137069,0.936216,1.153309,0.925502,112.6,0.001000
21900,1.240067,0.856757,1.259103,0.839654,113.1,0.001000
22000,1.119985,0.973243,1.136111,0.966760,113.6,0.001000
22100,1.084741,0.980360,1.100311,0.980812,114.1,0.001000
22200,1.211287,0.867477,1.231488,0.853887,114.6,0.001000
22300,1.127055,0.941261,1.144368,0.935321,115.2,0.001000
22400,1.224183,0.869460,1.243707,0.849113,115.7,0.001000
22500,1.133199,0.966847,1.151968,0.963156,116.2,0.001000
22600,1.152048,0.935586,1.167897,0.927844,116.7,0.001000
22700,1.104617,0.967748,1.122329,0.960904,117.2,0.001000
22800,1.126399,0.951261,1.143693,0.946581,117.7,0.001000
22900,1.158095,0.939730,1.171909,0.935501,118.2,0.001000
23000,1.186063,0.892793,1.203601,0.885326,118.8,0.001000
23100,1.310470,0.819369,1.330935,0.810648,119.3,0.001000
23200,1.113847,0.984685,1.130034,0.982524,119.8,0.001000
23300,1.141509,0.934505,1.158590,0.930006,120.3,0.001000
23400,1.167341,0.909640,1.185830,0.898117,120.8,0.001000
23500,1.178074,0.946396,1.194161,0.938474,121.4,0.001000
23600,1.095192,0.990811,1.110831,0.990451,121.9,0.001000
23700,1.133444,0.984505,1.149151,0.982434,122.4,0.001000
23800,1.191663,0.919279,1.207624,0.910368,122.9,0.001000
23900,1.192358,0.900360,1.211040,0.892442,123.4,0.001000
24000,1.108971,0.987658,1.121279,0.988379,123.9,0.001000
24100,1.164073,0.948919,1.180730,0.943609,124.4,0.001000
24200,1.126244,0.974505,1.143918,0.969732,124.9,0.001000
24300,1.177453,0.953153,1.193134,0.947662,125.5,0.001000
24400,1.170729,0.954595,1.187814,0.949374,126.0,0.001000
24500,1.181714,0.910450,1.198368,0.895595,126.5,0.001000
24600,1.229345,0.877387,1.250857,0.864066,127.0,0.001000
24700,1.268189,0.900450,1.285565,0.888659,127.5,0.001000
24800,1.158967,0.959730,1.177722,0.950815,128.0,0.001000
24900,1.203375,0.905856,1.218703,0.898207,128.6,0.001000
25000,1.173319,0.938649,1.193190,0.928835,129.1,0.001000
25100,1.173456,0.947297,1.191145,0.935321,129.6,0.001000
25200,1.175461,0.951261,1.194418,0.944960,130.1,0.001000
25300,1.249261,0.898919,1.266932,0.894694,130.7,0.001000
25400,1.182573,0.938288,1.199243,0.931267,131.2,0.001000
25500,1.248997,0.892613,1.261598,0.885145,131.7,0.001000
25600,1.196308,0.929640,1.216086,0.914332,132.2,0.001000
25700,1.236597,0.927207,1.257407,0.912440,132.7,0.001000
25800,1.200553,0.948469,1.213765,0.944419,133.3,0.001000
25900,1.213076,0.902072,1.230310,0.892983,133.8,0.001000
26000,1.152312,0.949009,1.169564,0.940726,134.3,0.001000
26100,1.344387,0.813333,1.362948,0.799838,134.8,0.001000
26200,1.245441,0.908559,1.264047,0.900279,135.4,0.001000
26300,1.151124,0.968288,1.169742,0.959463,135.9,0.001000
26400,1.199965,0.933423,1.216609,0.931988,136.4,0.001000
26500,1.338050,0.862342,1.352287,0.851275,136.9,0.001000
26600,1.144152,0.976216,1.162723,0.970003,137.4,0.001000
26700,1.148833,0.958378,1.166966,0.950095,137.9,0.001000
26800,1.214739,0.927117,1.236190,0.916314,138.4,0.001000
26900,1.222520,0.886126,1.235825,0.880551,139.0,0.001000
27000,1.172266,0.936486,1.187457,0.932348,139.5,0.001000
27100,1.196840,0.931171,1.213100,0.923430,140.0,0.001000
27200,1.191115,0.924414,1.208333,0.914062,140.5,0.001000
27300,1.312121,0.792973,1.328174,0.787226,141.1,0.001000
27400,1.157379,0.949730,1.174184,0.943699,141.6,0.001000
27500,1.179811,0.928468,1.189943,0.929556,142.1,0.001000
27600,1.238837,0.911802,1.257458,0.902531,142.6,0.001000
27700,1.194781,0.928468,1.213003,0.920187,143.1,0.001000
27800,1.166796,0.950000,1.182183,0.944870,143.7,0.001000
27900,1.156937,0.956937,1.173710,0.952347,144.2,0.001000
28000,1.103181,0.984775,1.120490,0.980993,144.7,0.001000
28100,1.168018,0.954505,1.185202,0.944239,145.2,0.001000
28200,1.158154,0.962523,1.172089,0.961175,145.7,0.001000
28300,1.123900,0.971441,1.141594,0.965589,146.2,0.001000
28400,1.177458,0.939009,1.193601,0.929826,146.7,0.001000
28500,1.125264,0.974414,1.141540,0.970273,147.3,0.001000
28600,1.149717,0.951892,1.166479,0.945590,147.8,0.001000
28700,1.329979,0.828739,1.353266,0.813710,148.3,0.001000
28800,1.138587,0.961892,1.155586,0.961355,148.8,0.001000
28900,1.135878,0.954595,1.153310,0.949374,149.3,0.001000
29000,1.244484,0.851532,1.261057,0.843257,149.8,0.001000
29100,1.150413,0.947207,1.169602,0.936853,150.3,0.001000
29200,1.239579,0.909730,1.257160,0.901811,150.9,0.001000
29300,1.125994,0.970901,1.143893,0.961625,151.4,0.001000
29400,1.098409,0.993784,1.114125,0.991622,151.9,0.001000
29500,1.249272,0.880721,1.264480,0.862445,152.5,0.001000
29600,1.218996,0.922432,1.238515,0.915503,153.0,0.001000
29700,1.108013,0.990360,1.124917,0.985677,153.5,0.001000
29800,1.156410,0.963514,1.169947,0.959823,154.0,0.001000
29900,1.274144,0.912432,1.287534,0.906675,154.5,0.001000
30000,1.258595,0.920360,1.276623,0.906405,155.0,0.001000
30100,1.326677,0.842613,1.340379,0.832087,155.5,0.001000
30200,1.169834,0.954234,1.187322,0.948113,156.0,0.001000
30300,1.309938,0.848108,1.326468,0.847041,156.6,0.001000
30400,1.130128,0.981802,1.145752,0.979732,157.1,0.001000
30500,1.142346,0.973243,1.157917,0.967661,157.6,0.001000
30600,1.170620,0.961802,1.192686,0.951536,158.1,0.001000
30700,1.206273,0.912072,1.227008,0.898838,158.6,0.001000
30800,1.170143,0.960721,1.185251,0.959103,159.1,0.001000
30900,1.198350,0.949640,1.215866,0.945320,159.7,0.001000
31000,1.288548,0.849550,1.308261,0.830376,160.2,0.001000
31100,1.174109,0.963784,1.189564,0.958202,160.7,0.001000
31200,1.145636,0.961171,1.161786,0.956941,161.2,0.001000
31300,1.196851,0.926937,1.215355,0.915593,161.7,0.001000
31400,1.190024,0.940000,1.209828,0.934060,162.2,0.001000
31500,1.200815,0.910000,1.218425,0.894244,162.7,0.001000
31600,1.153908,0.971441,1.168465,0.967480,163.2,0.001000
31700,1.186875,0.940360,1.205713,0.934060,163.7,0.001000
31800,1.418768,0.764144,1.440188,0.751734,164.2,0.001000
31900,1.211184,0.912342,1.229584,0.899378,164.8,0.001000
32000,1.216418,0.894775,1.233149,0.884605,165.3,0.001000
32100,1.232892,0.923874,1.253578,0.910549,165.8,0.001000
32200,1.162659,0.961351,1.179475,0.958472,166.3,0.001000
32300,1.200016,0.930991,1.221473,0.923610,166.8,0.001000
32400,1.164054,0.953063,1.180096,0.950365,167.3,0.001000
32500,1.153430,0.971532,1.170849,0.964418,167.8,0.001000
32600,1.185227,0.928468,1.200400,0.924421,168.3,0.001000
32700,1.212020,0.919099,1.228742,0.913251,168.8,0.001000
32800,1.167357,0.963423,1.182832,0.957571,169.3,0.001000
32900,1.114405,0.989369,1.132107,0.987388,169.9,0.001000
33000,1.366203,0.731351,1.386567,0.712098,170.4,0.001000
33100,1.164518,0.975405,1.180489,0.975047,170.9,0.001000
33200,1.132477,0.977658,1.150769,0.974146,171.4,0.001000
33300,1.152635,0.964054,1.171860,0.957391,171.9,0.001000
33400,1.185920,0.937297,1.201404,0.934060,172.4,0.001000
33500,1.179445,0.939550,1.195451,0.930457,173.0,0.001000
33600,1.190351,0.940270,1.207029,0.934420,173.5,0.001000
33700,1.236937,0.888198,1.252305,0.887217,174.0,0.001000
33800,1.181293,0.951441,1.200241,0.944960,174.5,0.001000
33900,1.289767,0.879189,1.310679,0.863165,175.1,0.001000
34000,1.405337,0.760090,1.422895,0.754887,175.6,0.001000
34100,1.204748,0.914865,1.221716,0.909017,176.1,0.001000
34200,1.221896,0.902432,1.238834,0.890010,176.6,0.001000
34300,1.207509,0.918378,1.223720,0.911179,177.1,0.001000
34400,1.206076,0.939820,1.220302,0.938474,177.6,0.001000
34500,1.143647,0.965045,1.161266,0.959373,178.2,0.001000
34600,1.184498,0.947568,1.202177,0.940005,178.7,0.001000
34700,1.154557,0.965766,1.174272,0.958742,179.2,0.001000
34800,1.138665,0.980541,1.155378,0.976489,179.7,0.001000
34900,1.195801,0.957838,1.211748,0.954148,180.2,0.001000
35000,1.236616,0.937478,1.256197,0.923971,180.7,0.001000
35100,1.341563,0.833333,1.355199,0.821728,181.2,0.001000
35200,1.225505,0.932162,1.241035,0.925412,181.8,0.001000
35300,1.216957,0.929369,1.233467,0.924782,182.3,0.001000
35400,1.183539,0.940991,1.197888,0.941267,182.8,0.001000
35500,1.236846,0.905946,1.256483,0.894604,183.3,0.001000
35600,1.201408,0.948018,1.218979,0.942077,183.8,0.001000
35700,1.143008,0.978559,1.159440,0.971714,184.3,0.001000
35800,1.264860,0.882613,1.281650,0.877218,184.9,0.001000
35900,1.207219,0.938198,1.224577,0.934420,185.5,0.001000
36000,1.201166,0.930991,1.220152,0.923070,186.0,0.001000
36100,1.191242,0.936577,1.207228,0.931628,186.5,0.001000
36200,1.150380,0.962432,1.167148,0.957031,187.0,0.001000
36300,1.221695,0.913423,1.239106,0.897126,187.6,0.001000
36400,1.319265,0.840721,1.335001,0.831907,188.1,0.001000
36500,1.201098,0.937117,1.215593,0.929376,188.6,0.001000
36600,1.171252,0.957568,1.187995,0.951176,189.1,0.001000
36700,1.208189,0.938919,1.225109,0.931538,189.6,0.001000
36800,1.196791,0.936396,1.212233,0.931448,190.2,0.001000
36900,1.196126,0.954234,1.210030,0.956310,190.7,0.001000
37000,1.215368,0.937928,1.231169,0.930727,191.2,0.001000
37100,1.186766,0.928739,1.206069,0.918296,191.7,0.001000
37200,1.240051,0.912342,1.259291,0.901450,192.2,0.001000
37300,1.157357,0.959730,1.172425,0.955950,192.7,0.001000
37400,1.318151,0.841982,1.333945,0.830646,193.2,0.001000
37500,1.247998,0.912703,1.265788,0.898748,193.8,0.001000
37600,1.211508,0.931261,1.227545,0.924061,194.3,0.001000
37700,1.159274,0.951622,1.177287,0.950185,194.8,0.001000
37800,1.148486,0.974054,1.163839,0.971624,195.3,0.001000
37900,1.223202,0.893153,1.239300,0.883434,195.8,0.001000
38000,1.176729,0.923604,1.194932,0.916404,196.3,0.001000
38100,1.180205,0.952883,1.194885,0.945320,196.9,0.001000
38200,1.208352,0.909550,1.225850,0.906044,197.4,0.001000
38300,1.233855,0.921261,1.252532,0.912440,197.9,0.001000
38400,1.242552,0.860811,1.260642,0.853887,198.4,0.001000
38500,1.260100,0.900270,1.276607,0.896406,198.9,0.001000
38600,1.215948,0.922613,1.235280,0.911720,199.4,0.001000
38700,1.225215,0.926757,1.243506,0.917755,199.9,0.001000
38800,1.221727,0.920450,1.240026,0.912801,200.4,0.001000
38900,1.167180,0.952072,1.184420,0.950545,200.9,0.001000
39000,1.333565,0.858108,1.358746,0.838213,201.4,0.001000
39100,1.222711,0.900721,1.239490,0.896496,201.9,0.001000
39200,1.239510,0.910991,1.260446,0.899108,202.4,0.001000
39300,1.177943,0.951171,1.195902,0.943338,203.0,0.001000
39400,1.381928,0.781712,1.403303,0.762904,203.5,0.001000
39500,1.319386,0.826396,1.340206,0.812990,204.0,0.001000
39600,1.216182,0.934505,1.231811,0.928925,204.5,0.001000
39700,1.178485,0.945045,1.196372,0.939825,205.0,0.001000
39800,1.234020,0.899820,1.253686,0.883614,205.6,0.001000
39900,1.253553,0.903333,1.269228,0.901630,206.1,0.001000
40000,1.154387,0.972523,1.171620,0.967300,206.6,0.001000
40100,1.231620,0.918559,1.248462,0.905684,207.2,0.001000
40200,1.258813,0.909009,1.276897,0.904423,207.7,0.001000
40300,1.183189,0.939369,1.196481,0.933249,208.2,0.001000
40400,1.160335,0.973514,1.175542,0.970273,208.7,0.001000
40500,1.228372,0.933964,1.245650,0.922800,209.3,0.001000
40600,1.204566,0.959279,1.222198,0.950365,209.8,0.001000
40700,1.231738,0.916937,1.245255,0.910368,210.3,0.001000
40800,1.153833,0.960721,1.172590,0.952527,210.8,0.001000
40900,1.145286,0.978018,1.159744,0.976398,211.3,0.001000
41000,1.548262,0.656306,1.563000,0.641744,211.8,0.001000
41100,1.265775,0.901351,1.283394,0.892442,212.3,0.001000
41200,1.209878,0.937478,1.227450,0.929286,212.9,0.001000
41300,1.169268,0.952613,1.183881,0.948833,213.4,0.001000
41400,1.227292,0.936036,1.246373,0.929286,213.9,0.001000
41500,1.285129,0.792342,1.301319,0.788668,214.4,0.001000
41600,1.414170,0.740631,1.438325,0.718764,214.9,0.001000
41700,1.195445,0.944504,1.208419,0.940186,215.4,0.001000
41800,1.151600,0.946126,1.167504,0.941086,215.9,0.001000
41900,1.208194,0.934775,1.225878,0.927394,216.4,0.001000
42000,1.143613,0.958288,1.161222,0.951085,217.0,0.001000
42100,1.287188,0.856126,1.305112,0.846500,217.5,0.001000
42200,1.140883,0.964234,1.160128,0.959013,218.0,0.001000
42300,1.202041,0.938288,1.222430,0.930997,218.5,0.001000
42400,1.285016,0.909730,1.305472,0.896045,219.1,0.001000
42500,1.194183,0.957478,1.213268,0.954148,219.6,0.001000
42600,1.239463,0.908559,1.257783,0.900820,220.1,0.001000
42700,1.160828,0.943784,1.185041,0.930817,220.6,0.001000
42800,1.160672,0.964595,1.180329,0.961625,221.1,0.001000
42900,1.245112,0.897928,1.259513,0.888208,221.6,0.001000
43000,1.206785,0.934324,1.224375,0.927304,222.1,0.001000
43100,1.190311,0.933333,1.207412,0.926493,222.7,0.001000
43200,1.194794,0.959009,1.211077,0.951536,223.2,0.001000
43300,1.157728,0.950450,1.175507,0.943789,223.8,0.001000
43400,1.248705,0.843694,1.268651,0.825421,224.3,0.001000
43500,1.160468,0.969730,1.179526,0.966039,224.8,0.001000
43600,1.460062,0.754054,1.477824,0.744437,225.3,0.001000
43700,1.236915,0.905496,1.252490,0.900459,225.9,0.001000
43800,1.186659,0.952703,1.205549,0.940636,226.4,0.001000
43900,1.141845,0.973063,1.159065,0.967661,226.9,0.001000
44000,1.336374,0.834865,1.358929,0.812269,227.4,0.001000
44100,1.148620,0.976216,1.165521,0.975227,227.9,0.001000
44200,1.203739,0.936577,1.222533,0.925953,228.4,0.001000
44300,1.156910,0.970360,1.173656,0.966129,229.0,0.001000
44400,1.212556,0.926396,1.231068,0.917215,229.5,0.001000
44500,1.203270,0.944324,1.220349,0.936943,230.0,0.001000
44600,1.219721,0.887387,1.239996,0.870732,230.5,0.001000
44700,1.195217,0.935946,1.214959,0.932799,231.0,0.001000
44800,1.215756,0.929910,1.233472,0.921899,231.5,0.001000
44900,1.183519,0.955135,1.202038,0.943699,232.0,0.001000
45000,1.326195,0.863333,1.349153,0.848933,232.6,0.001000
45100,1.288159,0.880180,1.310483,0.859292,233.1,0.001000
45200,1.154910,0.975315,1.173730,0.967210,233.6,0.001000
45300,1.201010,0.941622,1.220749,0.936042,234.1,0.001000
45400,1.243236,0.911532,1.261001,0.907936,234.6,0.001000
45500,1.163146,0.960901,1.180201,0.954779,235.1,0.001000
45600,1.173664,0.943874,1.188334,0.938654,235.7,0.001000
45700,1.249274,0.897838,1.268265,0.887938,236.2,0.001000
45800,1.176239,0.956306,1.192842,0.949464,236.7,0.001000
45900,1.177144,0.941261,1.196220,0.932799,237.2,0.001000
46000,1.247270,0.902523,1.265998,0.892892,237.7,0.001000
46100,1.276360,0.893333,1.300980,0.872624,238.2,0.001000
46200,1.219666,0.902162,1.238034,0.891001,238.7,0.001000
46300,1.178388,0.944595,1.196788,0.934060,239.2,0.001000
46400,1.180848,0.954595,1.201753,0.943248,239.8,0.001000
46500,1.219137,0.933153,1.233218,0.928024,240.3,0.001000
46600,1.280699,0.805225,1.296808,0.793532,240.8,0.001000
46700,1.217589,0.932523,1.234377,0.923160,241.3,0.001000
46800,1.201392,0.922252,1.217179,0.919377,241.8,0.001000
46900,1.176569,0.946847,1.197544,0.937663,242.3,0.001000
47000,1.331469,0.840541,1.349180,0.828304,242.9,0.001000
47100,1.306588,0.868649,1.320141,0.867760,243.4,0.001000
47200,1.200809,0.926847,1.213003,0.925682,243.9,0.001000
47300,1.180518,0.959910,1.199729,0.951176,244.4,0.001000
47400,1.163021,0.974234,1.180862,0.967751,245.0,0.001000
47500,1.174212,0.934685,1.192069,0.924782,245.5,0.001000
47600,1.333882,0.872613,1.355721,0.855599,246.0,0.001000
47700,1.220769,0.935856,1.238953,0.924691,246.5,0.001000
47800,1.224559,0.947658,1.243651,0.938384,247.1,0.001000
47900,1.262782,0.900450,1.283614,0.890550,247.6,0.001000
48000,1.244241,0.920450,1.259466,0.911089,248.1,0.001000
48100,1.275686,0.885766,1.290451,0.876588,248.6,0.001000
48200,1.208326,0.926847,1.227842,0.918566,249.1,0.001000
48300,1.208323,0.918198,1.229414,0.910008,249.6,0.001000
48400,1.256290,0.898739,1.272939,0.887488,250.2,0.001000
48500,1.220248,0.882793,1.239268,0.874786,250.7,0.001000
48600,1.419148,0.776667,1.434762,0.762093,251.2,0.001000
48700,1.186321,0.954595,1.203342,0.950004,251.7,0.001000
48800,1.232459,0.927658,1.247061,0.926133,252.3,0.001000
48900,1.225874,0.930270,1.242961,0.922890,252.8,0.001000
49000,1.183194,0.947838,1.203875,0.939375,253.3,0.001000
49100,1.246918,0.852703,1.264837,0.838483,253.8,0.001000
49200,1.541767,0.658559,1.565321,0.634537,254.3,0.001000
49300,1.147857,0.963784,1.167897,0.953878,254.8,0.001000
49400,1.235282,0.877117,1.251465,0.867039,255.4,0.001000
49500,1.188533,0.948018,1.203334,0.942077,255.9,0.001000
49600,1.330140,0.817748,1.350848,0.802180,256.4,0.001000
49700,1.233071,0.924234,1.249817,0.918115,256.9,0.001000
49800,1.230583,0.910000,1.249292,0.900640,257.4,0.001000
49900,1.237570,0.919189,1.255113,0.905504,258.0,0.001000
50000,1.188064,0.937478,1.206152,0.927394,258.5,0.001000
50100,1.298283,0.879279,1.322981,0.866228,259.1,0.001000
50200,1.441941,0.766757,1.459453,0.757860,259.6,0.001000
50300,1.274745,0.878018,1.292469,0.869741,260.1,0.001000
50400,1.190549,0.930270,1.206733,0.918746,260.6,0.001000
50500,1.261790,0.891712,1.279448,0.880101,261.1,0.001000
50600,1.133309,0.969550,1.151052,0.966580,261.6,0.001000
50700,1.250484,0.869820,1.268343,0.858391,262.2,0.001000
50800,1.234409,0.911171,1.249830,0.902531,262.7,0.001000
50900,1.209174,0.947478,1.226160,0.938114,263.2,0.001000
51000,1.161092,0.964234,1.181588,0.957481,263.7,0.001000
51100,1.257829,0.892883,1.275588,0.882803,264.3,0.001000
51200,1.441661,0.760901,1.460929,0.745699,264.8,0.001000
51300,1.185827,0.945225,1.202592,0.941447,265.3,0.001000
51400,1.243636,0.895946,1.264686,0.876948,265.8,0.001000
51500,1.210653,0.928378,1.231042,0.918926,266.3,0.001000
51600,1.168817,0.954955,1.185369,0.948293,266.8,0.001000
51700,1.352376,0.820541,1.368665,0.803171,267.4,0.001000
51800,1.169250,0.970180,1.189429,0.962616,267.9,0.001000
51900,1.307944,0.858559,1.328539,0.843077,268.4,0.001000
52000,1.186724,0.939730,1.201581,0.933700,268.9,0.001000
52100,1.177417,0.960450,1.193606,0.954509,269.4,0.001000
52200,1.169177,0.940991,1.187405,0.935411,269.9,0.001000
52300,1.351657,0.809460,1.375081,0.792451,270.5,0.001000
52400,1.233251,0.919279,1.251782,0.905144,271.0,0.001000
52500,1.231872,0.908919,1.250044,0.895505,271.5,0.001000
52600,1.156020,0.969099,1.173762,0.965499,272.0,0.001000
52700,1.219543,0.938829,1.235809,0.934510,272.5,0.001000
52800,1.199843,0.922703,1.215467,0.921899,273.1,0.001000
52900,1.205108,0.930360,1.221103,0.925232,273.6,0.001000
53000,1.169056,0.952973,1.185702,0.952076,274.1,0.001000
53100,1.135822,0.979550,1.153630,0.978831,274.6,0.001000
53200,1.289936,0.880450,1.310282,0.869381,275.2,0.001000
53300,1.459292,0.692883,1.480215,0.675435,275.7,0.001000
53400,1.209225,0.946396,1.226546,0.939555,276.2,0.001000
53500,1.206096,0.933874,1.221212,0.926673,276.7,0.001000
53600,1.167832,0.955586,1.184290,0.948473,277.2,0.001000
53700,1.203409,0.948018,1.221777,0.941717,277.8,0.001000
53800,1.246342,0.902883,1.264320,0.890550,278.3,0.001000
53900,1.211774,0.934685,1.228938,0.932438,278.8,0.001000
54000,1.205707,0.959640,1.222949,0.951356,279.3,0.001000
54100,1.198350,0.950450,1.214371,0.945140,279.8,0.001000
54200,1.256835,0.902072,1.274047,0.896406,280.4,0.001000
54300,1.185071,0.956937,1.202216,0.956310,280.9,0.001000
54400,1.189334,0.943063,1.208634,0.934961,281.4,0.001000
54500,1.162700,0.961622,1.182022,0.951446,281.9,0.001000
54600,1.181486,0.944775,1.197496,0.943338,282.4,0.001000
54700,1.260635,0.889910,1.274344,0.883344,282.9,0.001000
54800,1.153818,0.973153,1.174027,0.967390,283.5,0.001000
54900,1.254042,0.894775,1.272382,0.877038,284.0,0.001000
55000,1.171074,0.956396,1.190472,0.948563,284.5,0.001000
55100,1.182353,0.952162,1.199149,0.945500,285.0,0.001000
55200,1.195889,0.950180,1.215425,0.940095,285.5,0.001000
55300,1.224230,0.925496,1.242863,0.918746,286.0,0.001000
55400,1.309637,0.845405,1.326760,0.833889,286.6,0.001000
55500,1.168169,0.949099,1.187972,0.938204,287.1,0.001000
55600,1.162187,0.968559,1.178751,0.963247,287.6,0.001000
55700,1.350290,0.816847,1.368735,0.807044,288.1,0.001000
55800,1.140545,0.978378,1.160438,0.976849,288.6,0.001000
55900,1.192098,0.918378,1.212546,0.907936,289.2,0.001000
56000,1.245117,0.882793,1.263428,0.876137,289.7,0.001000
56100,1.191351,0.955045,1.211962,0.944870,290.2,0.001000
56200,1.147365,0.970631,1.164170,0.964508,290.7,0.001000
56300,1.225664,0.894685,1.243017,0.886587,291.2,0.001000
56400,1.157515,0.970901,1.171099,0.967931,291.7,0.001000
56500,1.221982,0.900000,1.240948,0.891001,292.2,0.001000
56600,1.228548,0.917748,1.246974,0.906225,292.8,0.001000
56700,1.248032,0.917207,1.263627,0.911089,293.3,0.001000
56800,1.236689,0.907117,1.252569,0.901811,293.8,0.001000
56900,1.205713,0.942703,1.226293,0.929015,294.3,0.001000
57000,1.241297,0.919369,1.260379,0.908026,294.8,0.001000
57100,1.198885,0.935766,1.217935,0.928925,295.3,0.001000
57200,1.228537,0.911081,1.248583,0.900820,295.9,0.001000
57300,1.178763,0.965315,1.195961,0.961895,296.4,0.001000
57400,1.172037,0.963153,1.188803,0.960274,296.9,0.001000
57500,1.153898,0.967297,1.173112,0.958652,297.4,0.001000
57600,1.215457,0.928739,1.232283,0.923971,298.0,0.001000
57700,1.153312,0.957928,1.169408,0.949644,298.5,0.001000
57800,1.181355,0.963604,1.198827,0.955499,299.0,0.001000
57900,1.212263,0.907568,1.231836,0.890460,299.5,0.001000
58000,1.167740,0.952162,1.186792,0.945681,300.0,0.001000
58100,1.232284,0.900901,1.253351,0.885145,300.5,0.001000
58200,1.137446,0.970270,1.156588,0.966670,301.0,0.001000
58300,1.193952,0.949009,1.214812,0.940095,301.6,0.001000
58400,1.156070,0.957027,1.173550,0.952707,302.1,0.001000
58500,1.158412,0.958919,1.174750,0.952887,302.6,0.001000
58600,1.217723,0.928198,1.233199,0.917575,303.1,0.001000
58700,1.330324,0.859189,1.351455,0.844338,303.6,0.001000
58800,1.175943,0.961892,1.196353,0.955229,304.1,0.001000
58900,1.308457,0.878018,1.332253,0.856319,304.6,0.001000
59000,1.181658,0.943514,1.196050,0.933880,305.2,0.001000
59100,1.190148,0.960180,1.203697,0.956130,305.7,0.001000
59200,1.142257,0.976487,1.159302,0.974327,306.2,0.001000
59300,1.197673,0.935495,1.215903,0.930277,306.7,0.001000
59400,1.310582,0.834144,1.328863,0.824791,307.2,0.001000
59500,1.163563,0.971351,1.183145,0.963517,307.7,0.001000
59600,1.172919,0.950991,1.190848,0.942438,308.2,0.001000
59700,1.119058,0.978649,1.135172,0.976849,308.8,0.001000
59800,1.149589,0.962883,1.165044,0.957121,309.3,0.001000
59900,1.317400,0.862523,1.337401,0.847221,309.8,0.001000
60000,1.203645,0.943333,1.217647,0.938744,310.3,0.001000
60100,1.174765,0.956396,1.193414,0.944600,310.8,0.001000
60200,1.245839,0.906036,1.260160,0.899559,311.3,0.001000
60300,1.162546,0.959189,1.182832,0.951806,311.8,0.001000
60400,1.257502,0.900090,1.277731,0.890100,312.3,0.001000
60500,1.222109,0.947928,1.240799,0.942167,312.8,0.001000
60600,1.341880,0.812432,1.363818,0.800649,313.3,0.001000
60700,1.280923,0.840811,1.306304,0.824700,313.9,0.001000
60800,1.211300,0.932523,1.228911,0.918836,314.4,0.001000
60900,1.191144,0.949820,1.210111,0.940456,314.9,0.001000
61000,1.154297,0.958829,1.170583,0.957211,315.4,0.001000
61100,1.134923,0.979550,1.150758,0.972075,315.9,0.001000
61200,1.125615,0.985766,1.145459,0.982254,316.4,0.001000
61300,1.179830,0.958018,1.196451,0.952707,316.9,0.001000
61400,1.154950,0.955856,1.173228,0.949284,317.5,0.001000
61500,1.261927,0.873333,1.277576,0.869741,318.0,0.001000
61600,1.166248,0.941351,1.183420,0.930186,318.5,0.001000
61700,1.172991,0.941351,1.194006,0.934150,319.0,0.001000
61800,1.205090,0.936036,1.223312,0.931898,319.5,0.001000
61900,1.171129,0.969820,1.185651,0.966580,320.0,0.001000
62000,1.205758,0.931982,1.222354,0.924782,320.6,0.001000
62100,1.136945,0.979189,1.153561,0.974867,321.1,0.001000
62200,1.204298,0.947387,1.223851,0.942528,321.6,0.001000
62300,1.302097,0.844685,1.325168,0.831276,322.1,0.001000
62400,1.186546,0.912072,1.205217,0.902982,322.6,0.001000
62500,1.225809,0.920631,1.244114,0.910008,323.1,0.001000
62600,1.123553,0.980270,1.141232,0.975588,323.7,0.001000
62700,1.334487,0.813333,1.360157,0.793532,324.2,0.001000
62800,1.182230,0.961441,1.195550,0.957932,324.7,0.001000
62900,1.211233,0.935315,1.232123,0.928835,325.2,0.001000
63000,1.184758,0.920090,1.203325,0.915593,325.7,0.001000
63100,1.252760,0.895856,1.267249,0.894964,326.3,0.001000
63200,1.358433,0.785856,1.376033,0.768129,326.8,0.001000
63300,1.342836,0.801892,1.361519,0.782362,327.3,0.001000
63400,1.285943,0.807117,1.304142,0.796685,327.8,0.001000
63500,1.305550,0.839820,1.326397,0.822178,328.3,0.001000
63600,1.136789,0.976396,1.154182,0.972975,328.8,0.001000
63700,1.453535,0.715586,1.466865,0.702099,329.3,0.001000
63800,1.183803,0.953784,1.202086,0.950004,329.9,0.001000
63900,1.326976,0.779369,1.344776,0.771012,330.4,0.001000
64000,1.163384,0.964505,1.183410,0.958472,330.9,0.001000
64100,1.184144,0.954414,1.204167,0.943609,331.4,0.001000
64200,1.248772,0.915676,1.269643,0.903072,331.9,0.001000
64300,1.200161,0.936216,1.218842,0.933700,332.4,0.001000
64400,1.159822,0.967207,1.176594,0.958923,332.9,0.001000
64500,1.218489,0.911982,1.234791,0.904873,333.5,0.001000
64600,1.199558,0.912523,1.214019,0.905594,334.0,0.001000
64700,1.174107,0.944054,1.192286,0.938384,334.5,0.001000
64800,1.400767,0.786306,1.419565,0.775786,335.0,0.001000
64900,1.206656,0.939730,1.223090,0.935681,335.5,0.001000
65000,1.258564,0.875766,1.273934,0.868570,336.1,0.001000
65100,1.420232,0.760000,1.440824,0.739663,336.6,0.001000
65200,1.178235,0.938649,1.197080,0.933159,337.1,0.001000
65300,1.183461,0.947297,1.199993,0.943519,337.7,0.001000
65400,1.180791,0.932432,1.200109,0.919737,338.2,0.001000
65500,1.192505,0.955676,1.208617,0.949284,338.7,0.001000
65600,1.316791,0.865766,1.337350,0.856139,339.3,0.001000
65700,1.221297,0.890991,1.241508,0.876317,339.8,0.001000
65800,1.237589,0.866577,1.254892,0.857040,340.3,0.001000
65900,1.185076,0.965315,1.205136,0.958292,340.8,0.001000
66000,1.131848,0.983423,1.147686,0.979732,341.4,0.001000
66100,1.228627,0.909730,1.249181,0.899468,341.9,0.001000
66200,1.308343,0.868018,1.323834,0.857761,342.4,0.001000
66300,1.159554,0.965315,1.175175,0.963697,342.9,0.001000
66400,1.248201,0.914144,1.262990,0.907125,343.5,0.001000
66500,1.282439,0.858739,1.303963,0.847761,344.0,0.001000
66600,1.229024,0.892973,1.248413,0.878119,344.6,0.001000
66700,1.326190,0.853514,1.346570,0.843167,345.1,0.001000
66800,1.211246,0.940000,1.229075,0.933880,345.6,0.001000
66900,1.199132,0.930721,1.219988,0.917035,346.1,0.001000
67000,1.192580,0.937928,1.212283,0.931808,346.6,0.001000
67100,1.156572,0.956757,1.173612,0.952076,347.1,0.001000
67200,1.221203,0.882703,1.237998,0.872264,347.6,0.001000
67300,1.226518,0.924234,1.242856,0.921178,348.1,0.001000
67400,1.128608,0.982703,1.145200,0.977389,348.6,0.001000
67500,1.186290,0.930270,1.202769,0.928295,349.1,0.001000
67600,1.469827,0.732342,1.482109,0.729123,349.6,0.001000
67700,1.170566,0.951351,1.190006,0.945771,350.1,0.001000
67800,1.276508,0.895135,1.296703,0.882353,350.7,0.001000
67900,1.165297,0.967117,1.182622,0.962796,351.2,0.001000
68000,1.137404,0.967207,1.152318,0.964958,351.7,0.001000
68100,1.187791,0.951441,1.205076,0.940906,352.2,0.001000
68200,1.290803,0.913423,1.307024,0.911269,352.7,0.001000
68300,1.257372,0.901892,1.274479,0.889469,353.3,0.001000
68400,1.189807,0.942973,1.207269,0.937033,353.8,0.001000
68500,1.151486,0.968829,1.167661,0.963877,354.3,0.001000
68600,1.218194,0.932342,1.234107,0.926133,354.8,0.001000
68700,1.693450,0.542432,1.719356,0.518872,355.3,0.001000
68800,1.257029,0.896577,1.274359,0.884785,355.8,0.001000
68900,1.174021,0.959820,1.190204,0.954328,356.4,0.001000
69000,1.178694,0.946667,1.196074,0.941627,356.9,0.001000
69100,1.327263,0.802793,1.344327,0.788848,357.4,0.001000
69200,1.171440,0.967838,1.190037,0.960634,357.9,0.001000
69300,1.255305,0.885856,1.271204,0.874426,358.4,0.001000
69400,1.261100,0.903964,1.280004,0.892172,358.9,0.001000
69500,1.263743,0.883964,1.286882,0.865417,359.4,0.001000
69600,1.165612,0.961532,1.184094,0.955590,360.0,0.001000
69700,1.159451,0.967117,1.179220,0.962166,360.5,0.001000
69800,1.219763,0.946126,1.241837,0.939465,361.0,0.001000
69900,1.227239,0.888018,1.243524,0.880551,361.5,0.001000
70000,1.261187,0.853874,1.280896,0.839834,362.1,0.001000
70100,1.126517,0.987568,1.143871,0.982434,362.6,0.001000
70200,1.174159,0.954775,1.194355,0.942978,363.1,0.001000
70300,1.231182,0.913423,1.249405,0.905234,363.6,0.001000
70400,1.168144,0.922342,1.187403,0.915954,364.1,0.001000
70500,1.210005,0.919189,1.235231,0.899829,364.6,0.001000
70600,1.219209,0.908559,1.239869,0.888749,365.2,0.001000
70700,1.203749,0.909730,1.224128,0.900459,365.7,0.001000
70800,1.200867,0.916396,1.220615,0.906225,366.2,0.001000
70900,1.180312,0.950631,1.196620,0.951896,366.7,0.001000
71000,1.132913,0.983423,1.150902,0.980362,367.2,0.001000
71100,1.228040,0.932793,1.246375,0.925502,367.7,0.001000
71200,1.260219,0.886216,1.279282,0.879110,368.2,0.001000
71300,1.166239,0.969640,1.184101,0.963066,368.7,0.001000
71400,1.130848,0.981802,1.147790,0.978741,369.3,0.001000
71500,1.241117,0.911261,1.260825,0.901090,369.8,0.001000
71600,1.275320,0.890090,1.291605,0.879831,370.3,0.001000
71700,1.201725,0.927568,1.217583,0.925142,370.8,0.001000
71800,1.313900,0.836937,1.333826,0.826412,371.3,0.001000
71900,1.257471,0.909099,1.274633,0.903432,371.8,0.001000
72000,1.295920,0.835946,1.313466,0.825061,372.4,0.001000
72100,1.218193,0.925856,1.234620,0.913431,372.9,0.001000
72200,1.167667,0.952432,1.184470,0.945320,373.4,0.001000
72300,1.215463,0.930721,1.233321,0.921899,373.9,0.001000
72400,1.208730,0.924775,1.229082,0.922620,374.4,0.001000
72500,1.160016,0.950811,1.182439,0.939555,374.9,0.001000
72600,1.154963,0.980000,1.170752,0.978741,375.5,0.001000
72700,1.164199,0.964865,1.183200,0.959283,376.0,0.001000
72800,1.193557,0.950991,1.211130,0.947843,376.5,0.001000
72900,1.253541,0.862342,1.275751,0.849563,377.0,0.001000
73000,1.238502,0.911532,1.260835,0.903792,377.6,0.001000
73100,1.181515,0.951261,1.199167,0.944780,378.1,0.001000
73200,1.219831,0.930090,1.239647,0.923701,378.6,0.001000
73300,1.181749,0.957117,1.202139,0.948923,379.1,0.001000
73400,1.719792,0.539189,1.742962,0.518782,379.6,0.001000
73500,1.210271,0.925496,1.229889,0.912620,380.2,0.001000
73600,1.197603,0.913423,1.214410,0.903342,380.7,0.001000
73700,1.246694,0.914595,1.267662,0.904423,381.2,0.001000
73800,1.189100,0.953874,1.210862,0.942708,381.7,0.001000
73900,1.169895,0.968468,1.186324,0.967570,382.2,0.001000
74000,1.185119,0.941712,1.203318,0.932438,382.7,0.001000
74100,1.198452,0.934054,1.215666,0.927124,383.2,0.001000
74200,1.260746,0.874775,1.279678,0.870012,383.8,0.001000
74300,1.224608,0.905135,1.244721,0.888479,384.3,0.001000
74400,1.186771,0.945856,1.207085,0.938114,384.8,0.001000
74500,1.194279,0.950541,1.212276,0.944960,385.3,0.001000
74600,1.176544,0.932703,1.192871,0.930457,385.8,0.001000
74700,1.176080,0.955225,1.191358,0.949554,386.3,0.001000
74800,1.333012,0.833063,1.347878,0.825962,386.8,0.001000
74900,1.184797,0.938559,1.203618,0.931177,387.4,0.001000
75000,1.190225,0.948378,1.207305,0.944600,387.9,0.001000
75100,1.181807,0.950541,1.199457,0.947933,388.4,0.001000
75200,1.161807,0.960541,1.178173,0.957842,388.9,0.001000
75300,1.255954,0.903874,1.276235,0.894334,389.5,0.001000
75400,1.166880,0.954505,1.184159,0.950455,390.0,0.001000
75500,1.289611,0.900721,1.305235,0.895325,390.5,0.001000
75600,1.207858,0.931622,1.228880,0.921088,391.0,0.001000
75700,1.152529,0.976667,1.170584,0.971264,391.5,0.001000
75800,1.410435,0.781982,1.424836,0.773624,392.1,0.001000
75900,1.248963,0.880901,1.267303,0.867850,392.6,0.001000
76000,1.277539,0.852252,1.299161,0.838033,393.1,0.001000
76100,1.311039,0.792973,1.333249,0.776326,393.6,0.001000
76200,1.173553,0.954324,1.193079,0.941447,394.2,0.001000
76300,1.398739,0.788108,1.415968,0.776236,394.7,0.001000
76400,1.170653,0.952523,1.191646,0.946221,395.2,0.001000
76500,1.211131,0.933784,1.231313,0.923701,395.8,0.001000
76600,1.249063,0.899730,1.264883,0.892802,396.3,0.001000
76700,1.232612,0.916577,1.248166,0.905054,396.8,0.001000
76800,1.193250,0.948288,1.208562,0.944059,397.3,0.001000
76900,1.364942,0.799820,1.378881,0.790830,397.8,0.001000
77000,1.168199,0.963694,1.186985,0.958472,398.4,0.001000
77100,1.345263,0.810090,1.364872,0.798577,398.9,0.001000
77200,1.185607,0.922342,1.204107,0.916224,399.4,0.001000
77300,1.227404,0.908559,1.246365,0.896406,399.9,0.001000
77400,1.450593,0.732973,1.466457,0.726871,400.5,0.001000
77500,1.193622,0.962342,1.209799,0.959013,401.0,0.001000
77600,1.174559,0.965315,1.191762,0.963066,401.5,0.001000
77700,1.241480,0.945676,1.258123,0.936943,402.0,0.001000
77800,1.151534,0.959820,1.170578,0.957571,402.5,0.001000
77900,1.160688,0.967207,1.179350,0.958833,403.0,0.001000
78000,1.250335,0.855225,1.270230,0.848302,403.6,0.001000
78100,1.259964,0.871712,1.283079,0.856589,404.1,0.001000
78200,1.311978,0.891441,1.332851,0.875146,404.6,0.001000
78300,1.215343,0.926577,1.235951,0.913341,405.2,0.001000
78400,1.251388,0.906667,1.273531,0.892983,405.7,0.001000
78500,1.254011,0.897207,1.271714,0.883524,406.2,0.001000
78600,1.216075,0.929459,1.234616,0.921809,406.8,0.001000
78700,1.301788,0.865766,1.314982,0.854968,407.3,0.001000
78800,1.183737,0.963964,1.204977,0.956040,407.8,0.001000
78900,1.211658,0.939820,1.231781,0.928385,408.3,0.001000
79000,1.147149,0.964324,1.165484,0.959013,408.9,0.001000
79100,1.201826,0.954324,1.215739,0.949014,409.4,0.001000
79200,1.244923,0.918559,1.265514,0.909287,409.9,0.001000
79300,1.311986,0.829459,1.329173,0.821998,410.4,0.001000
79400,1.192244,0.945405,1.211952,0.936943,410.9,0.001000
79500,1.256676,0.894414,1.274501,0.882893,411.4,0.001000
79600,1.291020,0.870450,1.306954,0.858751,412.0,0.001000
79700,1.189362,0.951712,1.205428,0.944870,412.5,0.001000
79800,1.211408,0.948649,1.231186,0.945050,413.0,0.001000
79900,1.211605,0.910721,1.229767,0.902892,413.5,0.001000
80000,1.226060,0.895676,1.244298,0.889650,414.0,0.001000
80100,1.330555,0.828018,1.348568,0.812720,414.5,0.001000
80200,1.225973,0.901982,1.243553,0.892892,415.0,0.001000
80300,1.300066,0.871622,1.319393,0.867670,415.5,0.001000
80400,1.180348,0.958108,1.196436,0.954148,416.1,0.001000
80500,1.239602,0.911081,1.257941,0.901721,416.6,0.001000
80600,1.158165,0.974324,1.178198,0.966399,417.1,0.001000
80700,1.199497,0.923514,1.216585,0.911449,417.6,0.001000
80800,1.247523,0.875405,1.268009,0.869832,418.2,0.001000
80900,1.214523,0.902252,1.236408,0.890911,418.7,0.001000
81000,1.225554,0.893874,1.244011,0.886677,419.2,0.001000
81100,1.140732,0.983604,1.159117,0.980903,419.8,0.001000
81200,1.384994,0.826216,1.404135,0.809927,420.3,0.001000
81300,1.193114,0.950360,1.212862,0.944960,420.8,0.001000
81400,1.275144,0.886306,1.290557,0.877849,421.3,0.001000
81500,1.352907,0.819730,1.374873,0.800288,421.8,0.001000
81600,1.225571,0.925496,1.243548,0.914512,422.3,0.001000
81700,1.178045,0.964595,1.195909,0.963697,422.8,0.001000
81800,1.159372,0.973694,1.176770,0.967931,423.4,0.001000
81900,1.158902,0.963423,1.176077,0.959463,423.9,0.001000
82000,1.189404,0.952523,1.206525,0.944329,424.4,0.001000
82100,1.268465,0.895496,1.288819,0.884605,424.9,0.001000
82200,1.159638,0.976126,1.178065,0.970273,425.5,0.001000
82300,1.243678,0.920721,1.264004,0.909017,426.0,0.001000
82400,1.185356,0.916757,1.206786,0.906044,426.5,0.001000
82500,1.177386,0.946487,1.195908,0.940546,427.1,0.001000
82600,1.147768,0.957928,1.166228,0.954058,427.6,0.001000
82700,1.277774,0.876757,1.297848,0.860913,428.2,0.001000
82800,1.338344,0.850811,1.359976,0.830916,428.7,0.001000
82900,1.189570,0.960991,1.207147,0.950545,429.2,0.001000
83000,1.230842,0.885045,1.249350,0.872264,429.7,0.001000
83100,1.213810,0.936306,1.230451,0.931177,430.2,0.001000
83200,1.305206,0.865946,1.327950,0.847311,430.7,0.001000
83300,1.202100,0.923604,1.222721,0.913611,431.2,0.001000
83400,1.289172,0.864955,1.305713,0.854067,431.7,0.001000
83500,1.164000,0.955045,1.181672,0.944059,432.2,0.001000
83600,1.230134,0.897478,1.244891,0.890100,432.7,0.001000
83700,1.191311,0.923333,1.207499,0.917035,433.2,0.001000
83800,1.214347,0.935405,1.233367,0.927304,433.7,0.001000
83900,1.216979,0.926757,1.237794,0.912080,434.3,0.001000
84000,1.182997,0.958378,1.201366,0.951896,434.8,0.001000
84100,1.239553,0.921532,1.256053,0.916584,435.3,0.001000
84200,1.192331,0.939730,1.211968,0.928835,435.8,0.001000
84300,1.169047,0.955496,1.188752,0.948473,436.3,0.001000
84400,1.393332,0.796937,1.415006,0.784164,436.8,0.001000
84500,1.164821,0.979099,1.182933,0.972885,437.3,0.001000
84600,1.179832,0.967297,1.198184,0.958833,437.8,0.001000
84700,1.375607,0.796306,1.397911,0.775786,438.3,0.001000
84800,1.232821,0.931622,1.254063,0.921719,438.8,0.001000
84900,1.186249,0.909550,1.205509,0.901360,439.3,0.001000
85000,1.298549,0.858739,1.319068,0.845419,439.9,0.001000
85100,1.245619,0.883514,1.260831,0.876858,440.4,0.001000
85200,1.353610,0.851982,1.372057,0.837402,440.9,0.001000
85300,1.223139,0.910721,1.244570,0.900279,441.4,0.001000
85400,1.304430,0.856667,1.323722,0.844699,441.9,0.001000
85500,1.234452,0.882613,1.248700,0.877398,442.4,0.001000
85600,1.201466,0.950360,1.222861,0.937573,443.0,0.001000
85700,1.276393,0.879189,1.295183,0.862985,443.5,0.001000
85800,1.243611,0.920180,1.260953,0.910909,444.0,0.001000
85900,1.247057,0.890180,1.266707,0.881722,444.5,0.001000
86000,1.262027,0.888108,1.280774,0.881632,445.0,0.001000
86100,1.288181,0.885225,1.302793,0.882713,445.5,0.001000
86200,1.277611,0.904324,1.295932,0.895955,446.1,0.001000
86300,1.143654,0.974685,1.162611,0.967841,446.6,0.001000
86400,1.236778,0.900631,1.259120,0.881542,447.1,0.001000
86500,1.273632,0.866667,1.293597,0.859562,447.6,0.001000
86600,1.211496,0.909459,1.230729,0.895595,448.1,0.001000
86700,1.219254,0.943964,1.240017,0.936582,448.7,0.001000
86800,1.181586,0.943964,1.199083,0.942528,449.2,0.001000
86900,1.181743,0.941351,1.202916,0.931988,449.7,0.001000
87000,1.329806,0.831261,1.349848,0.815962,450.2,0.001000
87100,1.134083,0.975676,1.152016,0.973336,450.7,0.001000
87200,1.165032,0.962973,1.188266,0.953518,451.2,0.001000
87300,1.149293,0.982252,1.168794,0.975948,451.7,0.001000
87400,1.174648,0.948108,1.194058,0.938924,452.3,0.001000
87500,1.174247,0.946667,1.191665,0.942167,452.8,0.001000
87600,1.236294,0.921081,1.254996,0.915233,453.3,0.001000
87700,1.243214,0.906847,1.261273,0.897667,453.9,0.001000
87800,1.217420,0.917748,1.236555,0.908477,454.4,0.001000
87900,1.174828,0.952883,1.194492,0.945861,454.9,0.001000
88000,1.283358,0.884144,1.304274,0.871993,455.4,0.001000
88100,1.163586,0.973063,1.182432,0.968922,455.9,0.001000
88200,1.244759,0.926667,1.259007,0.919827,456.4,0.001000
88300,1.309019,0.854865,1.330016,0.837222,456.9,0.001000
88400,1.177656,0.936126,1.199333,0.926403,457.4,0.001000
88500,1.198647,0.946577,1.218585,0.938924,458.0,0.001000
88600,1.450155,0.717387,1.465591,0.713359,458.5,0.001000
88700,1.185804,0.955405,1.202310,0.955409,459.0,0.001000
88800,1.238179,0.939189,1.260934,0.921989,459.5,0.001000
88900,1.149708,0.981622,1.167269,0.978290,460.0,0.001000
89000,1.179448,0.964775,1.199054,0.956851,460.5,0.001000
89100,1.206630,0.937838,1.228440,0.927484,461.0,0.001000
89200,1.198398,0.936216,1.217530,0.928024,461.5,0.001000
89300,1.212568,0.921261,1.232385,0.915143,462.0,0.001000
89400,1.279966,0.857027,1.297058,0.849203,462.6,0.001000
89500,1.211004,0.945135,1.230020,0.937934,463.1,0.001000
89600,1.272740,0.877658,1.286293,0.874786,463.6,0.001000
89700,1.213364,0.902342,1.234669,0.886407,464.1,0.001000
89800,1.483201,0.729459,1.497493,0.716512,464.6,0.001000
89900,1.218772,0.938559,1.240339,0.924511,465.1,0.001000
90000,1.194786,0.968468,1.216347,0.959463,465.6,0.001000
90100,1.173368,0.953604,1.187750,0.952887,466.2,0.001000
90200,1.204149,0.922072,1.222592,0.915593,466.7,0.001000
90300,1.174760,0.972793,1.193323,0.966940,467.2,0.001000
90400,1.465182,0.735676,1.490268,0.718134,467.7,0.001000
90500,1.198887,0.950901,1.215825,0.943879,468.2,0.001000
90600,1.275990,0.906216,1.299113,0.893163,468.7,0.001000
90700,1.171771,0.958919,1.194879,0.949104,469.3,0.001000
90800,1.251765,0.916036,1.273039,0.904063,469.8,0.001000
90900,1.157755,0.969279,1.177255,0.963427,470.3,0.001000
91000,1.212368,0.935676,1.230830,0.926403,470.9,0.001000
91100,1.348828,0.819730,1.369576,0.801910,471.4,0.001000
91200,1.213740,0.916577,1.230975,0.910459,471.9,0.001000
91300,1.190162,0.937568,1.205398,0.930727,472.4,0.001000
91400,1.228783,0.889099,1.248867,0.878029,472.9,0.001000
91500,1.283581,0.877928,1.299300,0.867399,473.5,0.001000
91600,1.174596,0.965766,1.193403,0.962436,474.0,0.001000
91700,1.192113,0.928559,1.213817,0.919737,474.5,0.001000
91800,1.272382,0.874054,1.293214,0.853977,475.0,0.001000
91900,1.267695,0.876937,1.286138,0.869021,475.5,0.001000
92000,1.267140,0.871622,1.287085,0.856770,476.1,0.001000
92100,1.153037,0.967928,1.171299,0.963427,476.6,0.001000
92200,1.145510,0.953153,1.164450,0.949824,477.2,0.001000
92300,1.204359,0.942523,1.225086,0.931628,477.7,0.001000
92400,1.227397,0.903063,1.244633,0.895415,478.2,0.001000
92500,1.332744,0.853243,1.351110,0.844969,478.7,0.001000
92600,1.218292,0.942793,1.235943,0.935862,479.2,0.001000
92700,1.238814,0.923964,1.255423,0.913882,479.7,0.001000
92800,1.187956,0.938559,1.208475,0.929196,480.2,0.001000
92900,1.192307,0.933784,1.211993,0.927844,480.8,0.001000
93000,1.183158,0.965225,1.198843,0.961985,481.3,0.001000
93100,1.277316,0.884054,1.297179,0.872534,481.8,0.001000
93200,1.246357,0.910721,1.267003,0.895775,482.3,0.001000
93300,1.208266,0.926757,1.226343,0.916764,482.8,0.001000
93400,1.202973,0.909910,1.221980,0.906225,483.3,0.001000
93500,1.199110,0.935405,1.216777,0.924962,483.8,0.001000
93600,1.258161,0.911261,1.279497,0.892442,484.3,0.001000
93700,1.170208,0.968018,1.189873,0.960274,484.8,0.001000
93800,1.209517,0.927027,1.227785,0.920638,485.4,0.001000
93900,1.220255,0.930090,1.239386,0.926673,485.9,0.001000
94000,1.166829,0.970631,1.186917,0.962526,486.4,0.001000
94100,1.189705,0.950360,1.205059,0.944960,486.9,0.001000
94200,1.179685,0.954054,1.200266,0.946221,487.4,0.001000
94300,1.182679,0.963514,1.205397,0.951176,487.9,0.001000
94400,1.251873,0.897748,1.270319,0.886136,488.4,0.001000
94500,1.225852,0.913423,1.248810,0.900730,488.9,0.001000
94600,1.198579,0.928739,1.217053,0.922800,489.5,0.001000
94700,1.244462,0.922252,1.258471,0.919106,490.0,0.001000
94800,1.186094,0.961622,1.205265,0.959013,490.5,0.001000
94900,1.189793,0.933153,1.208585,0.924421,491.0,0.001000
95000,1.213910,0.928018,1.236431,0.915053,491.6,0.001000
95100,1.228697,0.904685,1.244423,0.901811,492.1,0.001000
95200,1.253933,0.880450,1.276415,0.863436,492.6,0.001000
95300,1.419496,0.756847,1.436525,0.743807,493.1,0.001000
95400,1.194671,0.942613,1.213417,0.934150,493.6,0.001000
95500,1.163788,0.970631,1.182883,0.963967,494.1,0.001000
95600,1.204075,0.960631,1.219757,0.957211,494.7,0.001000
95700,1.296839,0.833153,1.312148,0.831727,495.2,0.001000
95800,1.187812,0.953964,1.209607,0.947843,495.7,0.001000
95900,1.199061,0.951712,1.220621,0.944510,496.2,0.001000
96000,1.237027,0.915315,1.261019,0.901901,496.7,0.001000
96100,1.240117,0.906036,1.261855,0.893703,497.2,0.001000
96200,1.252008,0.888559,1.274047,0.877038,497.7,0.001000
96300,1.159872,0.965496,1.178731,0.958202,498.2,0.001000
96400,1.248046,0.908739,1.264764,0.902802,498.7,0.001000
96500,1.153329,0.978198,1.170437,0.974957,499.2,0.001000
96600,1.549485,0.687568,1.575324,0.671201,499.8,0.001000
96700,1.177505,0.972973,1.192149,0.970273,500.3,0.001000
96800,1.374782,0.785856,1.395169,0.768669,500.8,0.001000
96900,1.214446,0.942252,1.235439,0.936312,501.3,0.001000
97000,1.187772,0.935946,1.211149,0.924601,501.9,0.001000
97100,1.192766,0.939099,1.215062,0.931267,502.4,0.001000
97200,1.140768,0.976487,1.159610,0.973696,502.9,0.001000
97300,1.247872,0.891081,1.267142,0.875056,503.4,0.001000
97400,1.193511,0.962793,1.213160,0.954959,503.9,0.001000
97500,1.445603,0.670360,1.467292,0.651923,504.4,0.001000
97600,1.162616,0.970270,1.183381,0.962616,505.0,0.001000
97700,1.250899,0.911171,1.271457,0.905054,505.5,0.001000
97800,1.299693,0.856937,1.317186,0.846861,506.0,0.001000
97900,1.250437,0.922342,1.270031,0.911539,506.5,0.001000
98000,1.158713,0.967838,1.178887,0.959463,507.1,0.001000
98100,1.134073,0.960811,1.152552,0.952257,507.6,0.001000
98200,1.161194,0.958739,1.181507,0.946852,508.1,0.001000
98300,1.296380,0.859279,1.310816,0.857490,508.6,0.001000
98400,1.242538,0.878829,1.263999,0.863256,509.1,0.001000
98500,1.400911,0.816937,1.422788,0.803801,509.6,0.001000
98600,1.155919,0.970901,1.173605,0.965589,510.1,0.001000
98700,1.187358,0.923784,1.208851,0.918025,510.6,0.001000
98800,1.205746,0.886667,1.226537,0.868300,511.1,0.001000
98900,1.225239,0.923423,1.245313,0.918115,511.6,0.001000
99000,1.267595,0.893153,1.285514,0.879741,512.2,0.001000
99100,1.219450,0.932162,1.237657,0.928295,512.7,0.001000
99200,1.254385,0.907297,1.276708,0.896856,513.2,0.001000
99300,1.200134,0.928108,1.223550,0.919196,513.7,0.001000
99400,1.247788,0.919009,1.267168,0.908297,514.2,0.001000
99500,1.173776,0.957928,1.192879,0.947843,514.7,0.001000
99600,1.261033,0.862613,1.279465,0.848752,515.2,0.001000
99700,1.359340,0.798198,1.378505,0.789028,515.7,0.001000
99800,1.161352,0.964234,1.182098,0.958292,516.3,0.001000
99900,1.240516,0.930360,1.258948,0.919467,516.8,0.001000
100000,1.199095,0.948559,1.218219,0.940906,517.3,0.001000
100100,1.201925,0.933964,1.221905,0.924511,517.8,0.001000
100200,1.178559,0.960721,1.200599,0.953067,518.3,0.001000
100300,1.171474,0.975225,1.188795,0.967390,518.8,0.001000
100400,1.329225,0.823784,1.349022,0.807765,519.3,0.001000
100500,1.207724,0.931351,1.228101,0.919647,519.9,0.001000
100600,1.176537,0.952432,1.193309,0.952257,520.4,0.001000
100700,1.182013,0.961441,1.198753,0.956220,520.9,0.001000
100800,1.151701,0.952883,1.169219,0.948113,521.4,0.001000
100900,1.199272,0.962432,1.219796,0.951356,521.9,0.001000
101000,1.178316,0.949459,1.196607,0.938564,522.4,0.001000
101100,1.163248,0.962973,1.185199,0.951896,522.9,0.001000
101200,1.158404,0.971081,1.175186,0.967931,523.4,0.001000
101300,1.332407,0.864865,1.349225,0.847761,524.0,0.001000
101400,1.282389,0.874505,1.303230,0.860643,524.5,0.001000
101500,1.146219,0.967027,1.165868,0.963066,525.0,0.001000
101600,1.251071,0.870360,1.271067,0.860463,525.5,0.001000
101700,1.192240,0.928559,1.211447,0.920277,526.1,0.001000
101800,1.184487,0.924865,1.205758,0.916764,526.6,0.001000
101900,1.364458,0.800180,1.380868,0.789388,527.1,0.001000
102000,1.290905,0.867748,1.312764,0.850194,527.6,0.001000
102100,1.303978,0.862703,1.321932,0.853166,528.2,0.001000
102200,1.260953,0.914865,1.278862,0.905594,528.7,0.001000
102300,1.238807,0.908919,1.256577,0.902621,529.2,0.001000
102400,1.215564,0.925586,1.233465,0.918386,529.7,0.001000
102500,1.194923,0.935315,1.211388,0.930907,530.2,0.001000
102600,1.164377,0.971892,1.182576,0.965859,530.7,0.001000
102700,1.175230,0.952342,1.192764,0.949284,531.3,0.001000
102800,1.271132,0.903243,1.290882,0.896676,531.8,0.001000
102900,1.219458,0.937027,1.239987,0.931808,532.3,0.001000
103000,1.273099,0.851892,1.291439,0.841816,532.8,0.001000
103100,1.450252,0.744505,1.470855,0.727502,533.3,0.001000
103200,1.198481,0.942703,1.216972,0.936492,533.8,0.001000
103300,1.227342,0.923063,1.243813,0.916314,534.4,0.001000
103400,1.229266,0.874595,1.251361,0.861904,534.9,0.001000
103500,1.201112,0.946036,1.217687,0.938924,535.4,0.001000
103600,1.259174,0.899820,1.280396,0.889199,536.0,0.001000
103700,1.185343,0.955045,1.202876,0.945681,536.5,0.001000
103800,1.185468,0.933874,1.204185,0.927934,537.0,0.001000
103900,1.161540,0.971982,1.179345,0.968201,537.5,0.001000
104000,1.315201,0.889279,1.333429,0.870372,538.0,0.001000
104100,1.139019,0.966126,1.158142,0.960274,538.6,0.001000
104200,1.145850,0.974595,1.164221,0.964868,539.1,0.001000
104300,1.271390,0.895045,1.291143,0.881632,539.6,0.001000
104400,1.298938,0.843333,1.316108,0.833078,540.1,0.001000
104500,1.190149,0.943514,1.207534,0.940005,540.7,0.001000
104600,1.189048,0.956036,1.208505,0.950725,541.2,0.001000
104700,1.383651,0.748559,1.403600,0.734078,541.7,0.001000
104800,1.188705,0.933604,1.210667,0.923701,542.2,0.001000
104900,1.220729,0.932432,1.239992,0.926853,542.7,0.001000
105000,1.212776,0.931081,1.229543,0.925953,543.3,0.001000
105100,1.318702,0.835315,1.341197,0.818305,543.8,0.001000
105200,1.224026,0.907477,1.241637,0.897937,544.3,0.001000
105300,1.166700,0.962703,1.185654,0.958472,544.8,0.001000
105400,1.235706,0.909910,1.254074,0.905144,545.3,0.001000
105500,1.226510,0.918108,1.243822,0.911179,545.8,0.001000
105600,1.188576,0.936577,1.209859,0.928024,546.4,0.001000
105700,1.369484,0.830360,1.389257,0.812810,546.9,0.001000
105800,1.227724,0.918288,1.247985,0.908387,547.4,0.001000
105900,1.176023,0.957297,1.196042,0.952166,547.9,0.001000
106000,1.249854,0.893514,1.270488,0.878479,548.4,0.001000
106100,1.308174,0.846306,1.326549,0.826953,549.0,0.001000
106200,1.184656,0.936937,1.200851,0.929376,549.5,0.001000
106300,1.146629,0.958018,1.165451,0.953608,550.0,0.001000
106400,1.141853,0.965766,1.162108,0.962976,550.5,0.001000
106500,1.198607,0.951802,1.215204,0.947933,551.1,0.001000
106600,1.253768,0.885405,1.274761,0.866949,551.6,0.001000
106700,1.239275,0.926757,1.261257,0.917035,552.1,0.001000
106800,1.153026,0.976937,1.170765,0.973065,552.6,0.001000
106900,1.200736,0.950991,1.216684,0.949644,553.1,0.001000
107000,1.132632,0.976306,1.151597,0.971354,553.6,0.001000
107100,1.147637,0.971982,1.166225,0.963247,554.2,0.001000
107200,1.144721,0.953063,1.164665,0.941987,554.7,0.001000
107300,1.153066,0.970991,1.172148,0.966129,555.2,0.001000
107400,1.249527,0.910450,1.268040,0.895955,555.7,0.001000
107500,1.117697,0.982252,1.137158,0.976308,556.2,0.001000
107600,1.178053,0.942523,1.194510,0.937213,556.7,0.001000
107700,1.198764,0.939820,1.216355,0.937663,557.3,0.001000
107800,1.281109,0.847748,1.302064,0.833438,557.8,0.001000
107900,1.271158,0.872072,1.293530,0.858571,558.3,0.001000
108000,1.244425,0.846847,1.264303,0.838033,558.8,0.001000
108100,1.333415,0.824595,1.356528,0.809837,559.3,0.001000
108200,1.134683,0.977117,1.152021,0.971444,559.8,0.001000
108300,1.263771,0.905045,1.284698,0.888839,560.3,0.001000
108400,1.190422,0.952162,1.212498,0.938744,560.9,0.001000
108500,1.268868,0.879820,1.293877,0.863165,561.3,0.001000
108600,1.149215,0.972523,1.167838,0.964418,561.9,0.001000
108700,1.125801,0.985946,1.142317,0.981083,562.4,0.001000
108800,1.228461,0.910991,1.251171,0.902081,562.9,0.001000
108900,1.130754,0.972072,1.149212,0.968381,563.4,0.001000
109000,1.189116,0.947478,1.208723,0.941897,563.9,0.001000
109100,1.250713,0.893333,1.270604,0.881002,564.4,0.001000
109200,1.290060,0.843063,1.311908,0.831727,564.9,0.001000
109300,1.236983,0.900541,1.257367,0.887668,565.5,0.001000
109400,1.226522,0.920631,1.241653,0.916944,566.0,0.001000
109500,1.148561,0.970631,1.165150,0.968922,566.5,0.001000
109600,1.285102,0.883874,1.301365,0.878569,567.0,0.001000
109700,1.295978,0.861802,1.316158,0.850374,567.5,0.001000
109800,1.178496,0.926036,1.196985,0.916944,568.0,0.001000
109900,1.245096,0.906036,1.262303,0.891992,568.5,0.001000
110000,1.187841,0.945766,1.207406,0.935862,569.0,0.001000
110100,1.214482,0.911622,1.232379,0.898478,569.5,0.001000
110200,1.238372,0.916847,1.258193,0.902171,570.1,0.001000
110300,1.266589,0.847568,1.285253,0.839384,570.6,0.001000
110400,1.170364,0.954865,1.187555,0.951716,571.1,0.001000
110500,1.181223,0.961351,1.201239,0.955590,571.6,0.001000
110600,1.181882,0.942793,1.199523,0.939014,572.1,0.001000
110700,1.279563,0.907838,1.298990,0.898027,572.6,0.001000
110800,1.168645,0.955315,1.186240,0.950455,573.2,0.001000
110900,1.193361,0.936396,1.213600,0.925052,573.7,0.001000
111000,1.236288,0.910270,1.260063,0.894334,574.3,0.001000
111100,1.188080,0.942523,1.209200,0.932078,574.8,0.001000
111200,1.247541,0.888288,1.265781,0.881002,575.3,0.001000
111300,1.374830,0.800270,1.395695,0.783983,575.8,0.001000
111400,1.195048,0.937838,1.214013,0.931898,576.3,0.001000
111500,1.220686,0.923514,1.242273,0.914782,576.8,0.001000
111600,1.210138,0.918108,1.229415,0.905594,577.4,0.001000
111700,1.316271,0.813153,1.336619,0.800198,577.9,0.001000
111800,1.180334,0.914865,1.199200,0.903432,578.4,0.001000
111900,1.221942,0.947928,1.238641,0.938024,578.9,0.001000
112000,1.261328,0.887297,1.283963,0.877308,579.4,0.001000
112100,1.282503,0.867207,1.305783,0.851185,579.9,0.001000
112200,1.233659,0.911441,1.253768,0.895505,580.4,0.001000
112300,1.147251,0.960631,1.168890,0.953067,580.9,0.001000
112400,1.176855,0.959550,1.193822,0.955499,581.4,0.001000
112500,1.179511,0.965135,1.198354,0.958562,581.9,0.001000
112600,1.166415,0.955405,1.186751,0.943338,582.4,0.001000
112700,1.204630,0.952523,1.224102,0.947482,582.9,0.001000
112800,1.215526,0.929640,1.236926,0.918926,583.5,0.001000
112900,1.188074,0.943604,1.207996,0.933519,584.0,0.001000
113000,1.293831,0.860090,1.310913,0.847581,584.5,0.001000
113100,1.190322,0.949640,1.208467,0.941627,585.0,0.001000
113200,1.188312,0.932793,1.210578,0.925052,585.5,0.001000
113300,1.155430,0.963423,1.173661,0.954689,586.1,0.001000
113400,1.140395,0.974775,1.161807,0.967841,586.6,0.001000
113500,1.127464,0.986396,1.144527,0.980903,587.2,0.001000
113600,1.528521,0.677297,1.553611,0.658229,587.7,0.001000
113700,1.159130,0.964054,1.175452,0.960724,588.2,0.001000
113800,1.212891,0.912342,1.235009,0.902351,588.7,0.001000
113900,1.224705,0.933243,1.246068,0.922259,589.2,0.001000
114000,1.221269,0.877748,1.240873,0.869021,589.7,0.001000
114100,1.194584,0.949459,1.211615,0.940816,590.2,0.001000
114200,1.151722,0.975676,1.169589,0.973606,590.7,0.001000
114300,1.210937,0.929009,1.231812,0.916674,591.2,0.001000
114400,1.211185,0.933604,1.231155,0.921809,591.8,0.001000
114500,1.162530,0.962883,1.179726,0.957391,592.3,0.001000
114600,1.226143,0.916757,1.246603,0.902711,592.8,0.001000
114700,1.215166,0.907748,1.234141,0.899018,593.4,0.001000
114800,1.240111,0.892883,1.261365,0.882173,593.9,0.001000
114900,1.154526,0.960541,1.172414,0.955409,594.4,0.001000
115000,1.260154,0.885045,1.280407,0.873885,594.9,0.001000
115100,1.325272,0.858559,1.347797,0.844609,595.4,0.001000
115200,1.222317,0.906847,1.241963,0.894694,595.9,0.001000
115300,1.203002,0.947478,1.220722,0.939195,596.5,0.001000
115400,1.145416,0.979459,1.164824,0.972975,597.0,0.001000
115500,1.127544,0.982973,1.145627,0.977840,597.5,0.001000
115600,1.165658,0.968288,1.181776,0.964688,598.0,0.001000
115700,1.151365,0.968649,1.170268,0.964688,598.5,0.001000
115800,1.269168,0.902523,1.287788,0.886677,599.1,0.001000
115900,1.275271,0.883784,1.291235,0.876948,599.6,0.001000
116000,1.377155,0.783514,1.401529,0.761373,600.1,0.001000
116100,1.186181,0.946667,1.203135,0.943338,600.7,0.001000
116200,1.294931,0.869099,1.314771,0.844068,601.2,0.001000
116300,1.384721,0.801982,1.409670,0.788848,601.7,0.001000
116400,1.159193,0.969099,1.179971,0.962616,602.3,0.001000
116500,1.197642,0.932523,1.215280,0.925953,602.8,0.001000
116600,1.227440,0.927568,1.244129,0.922529,603.3,0.001000
116700,1.141735,0.977748,1.160595,0.973516,603.8,0.001000
116800,1.429838,0.740180,1.457279,0.723628,604.3,0.001000
116900,1.201891,0.893514,1.221152,0.887758,604.8,0.001000
117000,1.250319,0.889640,1.269690,0.880461,605.4,0.001000
117100,1.273292,0.847568,1.297864,0.832808,605.9,0.001000
117200,1.165710,0.965405,1.183289,0.958472,606.4,0.001000
117300,1.142789,0.973423,1.163521,0.966039,606.9,0.001000
117400,1.185650,0.939910,1.203885,0.929916,607.4,0.001000
117500,1.145858,0.978468,1.161764,0.971624,607.9,0.001000
117600,1.215142,0.916847,1.234879,0.907216,608.5,0.001000
117700,1.207676,0.890541,1.224289,0.884425,609.0,0.001000
117800,1.162912,0.966577,1.182532,0.958472,609.5,0.001000
117900,1.179583,0.953153,1.199249,0.945140,610.0,0.001000
118000,1.422279,0.756126,1.449066,0.739213,610.5,0.001000
118100,1.237700,0.880180,1.262796,0.861724,611.0,0.001000
118200,1.203998,0.927207,1.221922,0.917395,611.6,0.001000
118300,1.204931,0.931351,1.224385,0.918836,612.1,0.001000
118400,1.174850,0.955676,1.191278,0.952797,612.6,0.001000
118500,1.179288,0.957027,1.195038,0.951446,613.1,0.001000
118600,1.409187,0.791351,1.425854,0.785154,613.7,0.001000
118700,1.260113,0.823153,1.278298,0.811909,614.2,0.001000
118800,1.173167,0.958198,1.191222,0.950455,614.7,0.001000
118900,1.193336,0.949910,1.206371,0.947752,615.2,0.001000
119000,1.202706,0.941261,1.223909,0.935862,615.7,0.001000
119100,1.189691,0.958018,1.208703,0.949014,616.2,0.001000
119200,1.211893,0.922523,1.230215,0.915683,616.8,0.001000
119300,1.169278,0.962072,1.185703,0.957121,617.3,0.001000
119400,1.194668,0.945135,1.212062,0.942888,617.8,0.001000
119500,1.151280,0.962432,1.170959,0.952076,618.3,0.001000
119600,1.196404,0.919550,1.213169,0.920638,618.8,0.001000
119700,1.283119,0.881261,1.298072,0.873975,619.4,0.001000
119800,1.394630,0.782703,1.414333,0.774074,619.9,0.001000
119900,1.181929,0.955856,1.200635,0.950275,620.4,0.001000
120000,1.206429,0.924234,1.222187,0.916404,620.9,0.001000
120100,1.186708,0.958018,1.206959,0.955139,621.5,0.001000
120200,1.250989,0.898288,1.268860,0.889559,622.0,0.001000
120300,1.482358,0.699910,1.499156,0.691199,622.5,0.001000
120400,1.214405,0.937748,1.234049,0.930367,623.0,0.001000
120500,1.207441,0.921081,1.227201,0.914062,623.5,0.001000
120600,1.219188,0.899369,1.238218,0.881452,624.1,0.001000
120700,1.235092,0.909369,1.254987,0.899468,624.6,0.001000
120800,1.289564,0.808378,1.312666,0.789298,625.1,0.001000
120900,1.133462,0.977658,1.153105,0.974237,625.6,0.001000
121000,1.287064,0.879910,1.305797,0.861634,626.2,0.001000
121100,1.417642,0.803874,1.439550,0.782182,626.7,0.001000
121200,1.271140,0.882072,1.289584,0.871903,627.2,0.001000
121300,1.182777,0.919189,1.200160,0.908657,627.7,0.001000
121400,1.160800,0.960090,1.178092,0.954509,628.2,0.001000
121500,1.159236,0.947928,1.178838,0.940816,628.7,0.001000
121600,1.249482,0.898739,1.270908,0.892802,629.3,0.001000
121700,1.194261,0.929009,1.215663,0.918386,629.8,0.001000
121800,1.204491,0.942342,1.226767,0.930096,630.3,0.001000
121900,1.225824,0.918468,1.244499,0.909738,630.8,0.001000
122000,1.255285,0.876486,1.276505,0.861814,631.3,0.001000
122100,1.155794,0.949550,1.176548,0.941357,631.8,0.001000
122200,1.176809,0.941802,1.200772,0.928385,632.3,0.001000
122300,1.232609,0.914414,1.250919,0.902171,632.9,0.001000
122400,1.347953,0.840090,1.367845,0.829295,633.4,0.001000
122500,1.243108,0.906396,1.258229,0.900279,633.9,0.001000
122600,1.165682,0.948378,1.185282,0.939825,634.4,0.001000
122700,1.155333,0.961802,1.172181,0.956130,634.9,0.001000
122800,1.227853,0.874054,1.244528,0.861094,635.5,0.001000
122900,1.228909,0.890811,1.246202,0.881452,636.0,0.001000
123000,1.172042,0.938469,1.191877,0.933249,636.5,0.001000
123100,1.182296,0.938649,1.201109,0.931718,637.0,0.001000
123200,1.234902,0.907477,1.251861,0.897937,637.5,0.001000
123300,1.159323,0.941351,1.179114,0.931808,638.0,0.001000
123400,1.203233,0.926937,1.222177,0.923430,638.6,0.001000
123500,1.233568,0.899009,1.253503,0.886136,639.1,0.001000
123600,1.129754,0.980541,1.146717,0.978921,639.6,0.001000
123700,1.197692,0.939820,1.221040,0.929105,640.1,0.001000
123800,1.155051,0.970000,1.173824,0.962886,640.7,0.001000
123900,1.227124,0.878198,1.245905,0.868841,641.2,0.001000
124000,1.185062,0.951982,1.204695,0.945951,641.7,0.001000
124100,1.248517,0.888108,1.265140,0.881903,642.2,0.001000
124200,1.306772,0.866757,1.327261,0.861544,642.7,0.001000
124300,1.193120,0.956216,1.212530,0.950275,643.2,0.001000
124400,1.330699,0.811982,1.351945,0.796955,643.7,0.001000
124500,1.174262,0.947387,1.195847,0.933790,644.3,0.001000
124600,1.177071,0.954505,1.197802,0.943429,644.8,0.001000
124700,1.245887,0.895766,1.268965,0.879650,645.3,0.001000
124800,1.364982,0.836036,1.388992,0.812629,645.8,0.001000
124900,1.185539,0.960991,1.202148,0.954779,646.3,0.001000
125000,1.231657,0.921622,1.248863,0.919467,646.8,0.001000
125100,1.207820,0.899640,1.230520,0.883614,647.3,0.001000
125200,1.239191,0.911441,1.259724,0.903072,647.8,0.001000
125300,1.274209,0.887117,1.295909,0.869832,648.3,0.001000
125400,1.176485,0.945496,1.195150,0.939645,648.9,0.001000
125500,1.265876,0.894685,1.284958,0.881452,649.4,0.001000
125600,1.191381,0.947928,1.210888,0.940636,649.9,0.001000
125700,1.241459,0.907477,1.258512,0.894514,650.4,0.001000
125800,1.134132,0.967478,1.152211,0.959463,650.9,0.001000
125900,1.189580,0.948018,1.208358,0.943969,651.4,0.001000
126000,1.233916,0.870721,1.250991,0.859923,652.0,0.001000
126100,1.276241,0.886396,1.300862,0.871183,652.5,0.001000
126200,1.168788,0.955586,1.187012,0.951986,653.0,0.001000
126300,1.398233,0.754324,1.424423,0.727952,653.5,0.001000
126400,1.147337,0.974234,1.164436,0.967390,654.0,0.001000
126500,1.288374,0.901982,1.312531,0.891181,654.6,0.001000
126600,1.201405,0.937387,1.220606,0.931808,655.1,0.001000
126700,1.232972,0.921982,1.249452,0.911539,655.6,0.001000
126800,1.169221,0.939369,1.189280,0.935051,656.1,0.001000
126900,1.221274,0.930631,1.237403,0.925232,656.6,0.001000
127000,1.267740,0.893153,1.286043,0.883974,657.1,0.001000
127100,1.179768,0.951622,1.199954,0.945140,657.6,0.001000
127200,1.318368,0.784414,1.339498,0.764616,658.1,0.001000
127300,1.320174,0.838559,1.345098,0.812810,658.7,0.001000
127400,1.164838,0.950090,1.185046,0.939645,659.2,0.001000
127500,1.205078,0.949459,1.222660,0.941267,659.7,0.001000
127600,1.218001,0.914144,1.236868,0.902351,660.2,0.001000
127700,1.146831,0.964144,1.165184,0.958382,660.7,0.001000
127800,1.192113,0.940541,1.210187,0.936042,661.2,0.001000
127900,1.165516,0.968378,1.183256,0.961535,661.8,0.001000
128000,1.152161,0.948198,1.169422,0.942348,662.3,0.001000
128100,1.222845,0.889099,1.239826,0.883974,662.8,0.001000
128200,1.204443,0.925676,1.220734,0.923070,663.3,0.001000
128300,1.206587,0.920541,1.221698,0.916854,663.9,0.001000
128400,1.274145,0.889910,1.288668,0.880191,664.4,0.001000
128500,1.217950,0.918018,1.236523,0.904603,664.9,0.001000
128600,1.183693,0.944955,1.200716,0.941447,665.4,0.001000
128700,1.107869,0.990811,1.125072,0.990541,665.9,0.001000
128800,1.158347,0.971982,1.178777,0.963967,666.4,0.001000
128900,1.131537,0.987477,1.147985,0.983335,666.9,0.001000
129000,1.268618,0.870811,1.292902,0.859022,667.4,0.001000
129100,1.189572,0.942252,1.208582,0.939014,668.0,0.001000
129200,1.191273,0.945045,1.208787,0.941807,668.5,0.001000
129300,1.226068,0.878559,1.241243,0.872174,669.0,0.001000
129400,1.296480,0.836126,1.317983,0.820286,669.6,0.001000
129500,1.215250,0.932072,1.236988,0.915593,670.1,0.001000
129600,1.191959,0.916126,1.210699,0.908297,670.6,0.001000
129700,1.176451,0.959550,1.192175,0.957752,671.1,0.001000
129800,1.182134,0.952973,1.200211,0.946581,671.6,0.001000
129900,1.280268,0.877478,1.299338,0.874426,672.1,0.001000
130000,1.198210,0.929189,1.216157,0.923881,672.6,0.001000
130100,1.500879,0.715405,1.526562,0.695163,673.1,0.001000
130200,1.220391,0.938108,1.244432,0.926313,673.6,0.001000
130300,1.170355,0.962973,1.189791,0.956580,674.2,0.001000
130400,1.173486,0.966306,1.195032,0.959463,674.7,0.001000
130500,1.149788,0.982793,1.166421,0.981083,675.2,0.001000
130600,1.187496,0.952703,1.205616,0.947302,675.7,0.001000
130700,1.195410,0.936216,1.218269,0.924782,676.2,0.001000
130800,1.240779,0.908018,1.261753,0.898838,676.7,0.001000
130900,1.177695,0.970631,1.197281,0.964147,677.2,0.001000
131000,1.209699,0.930450,1.227677,0.924151,677.7,0.001000
131100,1.199995,0.945676,1.223634,0.933700,678.3,0.001000
131200,1.154970,0.963243,1.174302,0.957932,678.8,0.001000
131300,1.208501,0.941982,1.227404,0.932709,679.3,0.001000
131400,1.244835,0.898198,1.266184,0.882893,679.8,0.001000
131500,1.124084,0.982613,1.144157,0.974867,680.3,0.001000
131600,1.178518,0.928739,1.200130,0.918746,680.8,0.001000
131700,1.149702,0.969730,1.170658,0.964778,681.3,0.001000
131800,1.147639,0.946937,1.166579,0.939645,681.9,0.001000
131900,1.249227,0.901441,1.270146,0.889379,682.4,0.001000
132000,1.186034,0.952342,1.207019,0.944960,682.9,0.001000
132100,1.266335,0.907297,1.289927,0.891271,683.4,0.001000
132200,1.203457,0.931712,1.221653,0.922620,684.0,0.001000
132300,1.412144,0.754324,1.431197,0.734258,684.5,0.001000
132400,1.213678,0.935495,1.231723,0.932979,685.0,0.001000
132500,1.337240,0.751892,1.358782,0.736240,685.5,0.001000
132600,1.186153,0.927387,1.204377,0.923340,686.1,0.001000
132700,1.223925,0.881982,1.239090,0.877849,686.6,0.001000
132800,1.269986,0.837027,1.291407,0.822989,687.1,0.001000
132900,1.135541,0.963423,1.151996,0.960814,687.6,0.001000
133000,1.294106,0.874505,1.310048,0.864156,688.2,0.001000
133100,1.283520,0.872072,1.299457,0.860103,688.7,0.001000
133200,1.228205,0.906487,1.248091,0.898117,689.2,0.001000
133300,1.239444,0.893333,1.260699,0.883074,689.7,0.001000
133400,1.189438,0.958288,1.212309,0.948473,690.2,0.001000
133500,1.239583,0.899910,1.258957,0.891091,690.7,0.001000
133600,1.130116,0.982162,1.147870,0.978290,691.3,0.001000
133700,1.181505,0.949910,1.200406,0.940456,691.8,0.001000
133800,1.165887,0.960360,1.182863,0.953698,692.3,0.001000
133900,1.278552,0.802432,1.299480,0.784524,692.9,0.001000
134000,1.259653,0.906487,1.278221,0.895955,693.4,0.001000
134100,1.207035,0.946667,1.226294,0.940546,693.9,0.001000
134200,1.417851,0.716757,1.441997,0.693091,694.4,0.001000
134300,1.207636,0.935315,1.226535,0.922980,694.9,0.001000
134400,1.244043,0.935045,1.260243,0.929916,695.4,0.001000
134500,1.134172,0.976937,1.154593,0.971084,695.9,0.001000
134600,1.414234,0.748649,1.429533,0.740294,696.5,0.001000
134700,1.235153,0.864595,1.250108,0.857670,697.0,0.001000
134800,1.643288,0.598739,1.665210,0.584362,697.5,0.001000
134900,1.156417,0.968198,1.174366,0.963247,698.0,0.001000
135000,1.168114,0.954685,1.187176,0.947933,698.5,0.001000
135100,1.154304,0.949820,1.173154,0.942528,699.1,0.001000
135200,1.245919,0.917297,1.261343,0.911449,699.6,0.001000
135300,1.410810,0.725766,1.432889,0.706783,700.1,0.001000
135400,1.254261,0.856577,1.269772,0.850464,700.6,0.001000
135500,1.233768,0.860811,1.255118,0.848212,701.1,0.001000
135600,1.168483,0.957117,1.186712,0.950995,701.6,0.001000
135700,1.313990,0.799189,1.336592,0.774525,702.2,0.001000
135800,1.222559,0.929099,1.241872,0.923250,702.7,0.001000
135900,1.153626,0.969009,1.172011,0.960274,703.2,0.001000
136000,1.179165,0.951351,1.200408,0.945861,703.7,0.001000
136100,1.347072,0.849640,1.358060,0.839474,704.2,0.001000
136200,1.184336,0.944775,1.203592,0.935591,704.7,0.001000
136300,1.191266,0.945315,1.210905,0.934420,705.2,0.001000
136400,1.239828,0.858829,1.258005,0.848482,705.8,0.001000
136500,1.436006,0.754414,1.452418,0.743987,706.3,0.001000
136600,1.194007,0.938559,1.214498,0.930817,706.8,0.001000
136700,1.177206,0.938108,1.193670,0.933790,707.3,0.001000
136800,1.141296,0.973153,1.162326,0.965138,707.8,0.001000
136900,1.269761,0.882883,1.290172,0.875777,708.3,0.001000
137000,1.142595,0.980541,1.159794,0.976218,708.8,0.001000
137100,1.195563,0.915676,1.213354,0.909197,709.3,0.001000
137200,1.145086,0.966396,1.164387,0.961805,709.8,0.001000
137300,1.233245,0.921171,1.250564,0.910459,710.4,0.001000
137400,1.141618,0.964955,1.160212,0.960004,710.9,0.001000
137500,1.170559,0.932162,1.186723,0.930186,711.4,0.001000
137600,1.141170,0.969099,1.157211,0.960904,711.9,0.001000
137700,1.159460,0.955315,1.179487,0.946762,712.5,0.001000
137800,1.159024,0.969369,1.179005,0.959913,713.0,0.001000
137900,1.123404,0.975135,1.143278,0.973065,713.5,0.001000
138000,1.154680,0.971622,1.172075,0.962256,714.0,0.001000
138100,1.161753,0.956937,1.179605,0.948023,714.5,0.001000
138200,1.237594,0.911261,1.254874,0.906495,715.0,0.001000
138300,1.264562,0.836036,1.280455,0.821007,715.6,0.001000
138400,1.141941,0.971622,1.160725,0.966850,716.1,0.001000
138500,1.162231,0.967658,1.183197,0.960904,716.6,0.001000
138600,1.545769,0.584324,1.568610,0.568687,717.1,0.001000
138700,1.268818,0.839820,1.292544,0.816863,717.6,0.001000
138800,1.353109,0.829009,1.371111,0.818845,718.1,0.001000
138900,1.180874,0.946847,1.198848,0.935591,718.6,0.001000
139000,1.173189,0.941351,1.193157,0.932078,719.2,0.001000
139100,1.133460,0.973604,1.153564,0.966760,719.7,0.001000
139200,1.134705,0.964955,1.155607,0.957301,720.2,0.001000
139300,1.120267,0.988559,1.136878,0.988560,720.7,0.001000
139400,1.216099,0.909099,1.236597,0.893163,721.2,0.001000
139500,1.265080,0.870991,1.286010,0.862715,721.7,0.001000
139600,1.287225,0.886667,1.305300,0.875597,722.2,0.001000
139700,1.191423,0.926847,1.210839,0.920728,722.8,0.001000
139800,1.230752,0.911081,1.251376,0.899378,723.3,0.001000
139900,1.303588,0.867928,1.321383,0.854247,723.8,0.001000
140000,1.211599,0.923063,1.233021,0.910729,724.3,0.001000
140100,1.187867,0.955586,1.208423,0.944059,724.8,0.001000
140200,1.166473,0.955856,1.188390,0.949554,725.3,0.001000
140300,1.204134,0.929459,1.225208,0.920368,725.8,0.001000
140400,1.198956,0.949189,1.219796,0.939735,726.4,0.001000
140500,1.186083,0.942162,1.204261,0.931988,726.9,0.001000
140600,1.173923,0.955946,1.189769,0.948203,727.4,0.001000
140700,1.268966,0.899279,1.284214,0.892262,727.9,0.001000
140800,1.155234,0.953784,1.177053,0.942348,728.5,0.001000
140900,1.191153,0.950631,1.210473,0.944690,729.0,0.001000
141000,1.163277,0.967658,1.183730,0.960004,729.5,0.001000
141100,1.234478,0.867568,1.258372,0.853256,730.0,0.001000
141200,1.182796,0.955315,1.203715,0.947392,730.6,0.001000
141300,1.172603,0.957387,1.188004,0.958022,731.1,0.001000
141400,1.115744,0.982883,1.135006,0.978470,731.6,0.001000
141500,1.159477,0.971622,1.177351,0.966399,732.1,0.001000
141600,1.149460,0.971622,1.170026,0.966129,732.7,0.001000
141700,1.175809,0.947838,1.197627,0.936853,733.2,0.001000
141800,1.168055,0.962973,1.185667,0.955229,733.7,0.001000
141900,1.187540,0.953784,1.205967,0.946311,734.3,0.001000
142000,1.196738,0.951982,1.216267,0.949014,734.8,0.001000
142100,1.197263,0.935586,1.218108,0.927664,735.4,0.001000
142200,1.186167,0.925676,1.206440,0.916134,735.9,0.001000
142300,1.202041,0.918468,1.221505,0.912530,736.4,0.001000
142400,1.143414,0.976216,1.166207,0.969282,736.9,0.001000
142500,1.185981,0.935856,1.200703,0.932889,737.5,0.001000
142600,1.138754,0.976036,1.155682,0.971444,738.0,0.001000
142700,1.402863,0.784054,1.424320,0.767048,738.5,0.001000
142800,1.181379,0.946577,1.198347,0.940005,739.0,0.001000
142900,1.182798,0.932793,1.199754,0.926223,739.5,0.001000
143000,1.148744,0.963153,1.171692,0.952076,740.0,0.001000
143100,1.183839,0.933874,1.204022,0.926313,740.6,0.001000
143200,1.218140,0.922162,1.230316,0.925232,741.1,0.001000
143300,1.205168,0.902523,1.227138,0.890460,741.6,0.001000
143400,1.179539,0.952342,1.197819,0.944870,742.1,0.001000
143500,1.173659,0.969369,1.192675,0.962976,742.6,0.001000
143600,1.168344,0.960901,1.191389,0.951536,743.1,0.001000
143700,1.403475,0.784414,1.428525,0.773894,743.7,0.001000
143800,1.331594,0.840090,1.351443,0.825061,744.2,0.001000
143900,1.205854,0.923604,1.224163,0.915863,744.8,0.001000
144000,1.191502,0.934414,1.207672,0.924241,745.3,0.001000
144100,1.403484,0.798559,1.425857,0.786326,745.9,0.001000
144200,1.359139,0.821712,1.384006,0.798757,746.4,0.001000
144300,1.224942,0.910631,1.247531,0.901991,746.9,0.001000
144400,1.165626,0.947748,1.181969,0.943699,747.4,0.001000
144500,1.181370,0.936306,1.201002,0.925142,747.9,0.001000
144600,1.149508,0.960541,1.167667,0.949554,748.5,0.001000
144700,1.230576,0.880631,1.248798,0.871003,749.0,0.001000
144800,1.197312,0.932883,1.216697,0.925232,749.5,0.001000
144900,1.136934,0.969369,1.157151,0.963427,750.0,0.001000
145000,1.175232,0.956396,1.195996,0.944510,750.6,0.001000
145100,1.165770,0.971802,1.184489,0.963247,751.1,0.001000
145200,1.189872,0.936216,1.213137,0.927034,751.6,0.001000
145300,1.166923,0.956757,1.187853,0.950455,752.2,0.001000
145400,1.148189,0.979189,1.168182,0.976038,752.7,0.001000
145500,1.171711,0.950270,1.191796,0.942257,753.2,0.001000
145600,1.163204,0.970541,1.183128,0.959913,753.7,0.001000
145700,1.136798,0.976036,1.158592,0.968111,754.3,0.001000
145800,1.195406,0.952432,1.213930,0.950275,754.8,0.001000
145900,1.164181,0.961441,1.185750,0.953698,755.3,0.001000
146000,1.200681,0.935405,1.218898,0.923791,755.8,0.001000
146100,1.171748,0.954144,1.192786,0.946311,756.3,0.001000
146200,1.247080,0.910991,1.266897,0.899559,756.8,0.001000
146300,1.184186,0.926486,1.206320,0.909828,757.4,0.001000
146400,1.365626,0.817748,1.383984,0.807225,757.9,0.001000
146500,1.166670,0.954144,1.183865,0.951176,758.4,0.001000
146600,1.341059,0.843964,1.368280,0.822629,758.9,0.001000
146700,1.243771,0.893243,1.264587,0.874155,759.4,0.001000
146800,1.173185,0.968649,1.194419,0.962706,760.0,0.001000
146900,1.207930,0.931622,1.225944,0.929015,760.5,0.001000
147000,1.216576,0.936937,1.236237,0.923881,761.0,0.001000
147100,1.147081,0.978288,1.165933,0.975678,761.5,0.001000
147200,1.178066,0.940991,1.195589,0.932979,762.1,0.001000
147300,1.199461,0.920270,1.219901,0.907576,762.6,0.001000
147400,1.138092,0.962613,1.155557,0.954058,763.1,0.001000
147500,1.250414,0.843784,1.272545,0.827403,763.6,0.001000
147600,1.136073,0.977207,1.156045,0.971084,764.1,0.001000
147700,1.869250,0.426216,1.892660,0.405729,764.7,0.001000
147800,1.144587,0.958649,1.164832,0.951266,765.2,0.001000
147900,1.268996,0.914955,1.291263,0.900820,765.7,0.001000
148000,1.185736,0.959820,1.203087,0.954959,766.2,0.001000
148100,1.166866,0.947478,1.185818,0.935952,766.8,0.001000
148200,1.254219,0.878198,1.279761,0.858481,767.3,0.001000
148300,1.211426,0.892793,1.230460,0.884425,767.8,0.001000
148400,1.283885,0.884414,1.303100,0.875417,768.4,0.001000
148500,1.244969,0.857658,1.258855,0.859292,768.9,0.001000
148600,1.165790,0.969459,1.184805,0.962706,769.4,0.001000
148700,1.200377,0.926757,1.218935,0.919737,770.0,0.001000
148800,1.208636,0.930360,1.228539,0.920638,770.6,0.001000
148900,1.191825,0.945856,1.213343,0.936582,771.1,0.001000
149000,1.153882,0.967748,1.171195,0.963247,771.6,0.001000
149100,1.559861,0.653153,1.588609,0.623007,772.2,0.001000
149200,1.218754,0.917207,1.240567,0.905864,772.7,0.001000
149300,1.574191,0.646396,1.603763,0.615170,773.2,0.001000
149400,1.198220,0.956487,1.221024,0.951446,773.7,0.001000
149500,1.200158,0.947297,1.217465,0.942077,774.3,0.001000
149600,1.191708,0.945405,1.212144,0.936312,774.8,0.001000
149700,1.310354,0.800541,1.331975,0.779659,775.3,0.001000
149800,1.131315,0.987117,1.147804,0.985947,775.8,0.001000
149900,1.324275,0.855496,1.341195,0.846951,776.4,0.001000
150000,1.154785,0.967928,1.171779,0.964237,776.9,0.001000
150100,1.173034,0.967027,1.190384,0.959013,777.4,0.001000
150200,1.236525,0.899459,1.256283,0.891721,777.9,0.001000
150300,1.198322,0.947838,1.214937,0.938384,778.5,0.001000
150400,1.169080,0.957568,1.188272,0.949644,779.0,0.001000
150500,1.395625,0.747297,1.415128,0.733537,779.5,0.001000
150600,1.286753,0.867838,1.303237,0.857761,780.0,0.001000
150700,1.203515,0.923423,1.223950,0.904963,780.5,0.001000
150800,1.171083,0.948018,1.191426,0.944510,781.1,0.001000
150900,1.172164,0.964685,1.188632,0.959103,781.6,0.001000
151000,1.182035,0.945496,1.200793,0.938834,782.1,0.001000
151100,1.145363,0.960991,1.162284,0.951536,782.6,0.001000
151200,1.231642,0.914505,1.251370,0.904603,783.1,0.001000
151300,1.193666,0.926847,1.210974,0.916494,783.7,0.001000
151400,1.246190,0.877748,1.268731,0.860013,784.2,0.001000
151500,1.262254,0.895766,1.288546,0.884245,784.7,0.001000
151600,1.239705,0.891081,1.258194,0.882353,785.2,0.001000
151700,1.237643,0.923874,1.258869,0.911089,785.7,0.001000
151800,1.287370,0.874955,1.308064,0.865147,786.3,0.001000
151900,1.260690,0.883063,1.283017,0.866408,786.8,0.001000
152000,1.206620,0.946216,1.220971,0.942708,787.4,0.001000
152100,1.328633,0.850000,1.344413,0.844699,787.9,0.001000
152200,1.698571,0.587748,1.725011,0.569048,788.4,0.001000
152300,1.294522,0.796486,1.314955,0.783173,788.9,0.001000
152400,1.320120,0.817207,1.343709,0.797676,789.4,0.001000
152500,1.204386,0.939550,1.221057,0.936042,790.0,0.001000
152600,1.272552,0.811892,1.295615,0.795604,790.5,0.001000
152700,1.195779,0.921261,1.218214,0.910368,791.0,0.001000
152800,1.235196,0.900450,1.251409,0.897757,791.5,0.001000
152900,1.172732,0.961532,1.194682,0.952617,792.1,0.001000
153000,1.199281,0.927838,1.215403,0.924151,792.6,0.001000
153100,1.264269,0.894685,1.283671,0.886407,793.1,0.001000
153200,1.183644,0.953784,1.203014,0.943248,793.6,0.001000
153300,1.344627,0.834775,1.371001,0.812449,794.1,0.001000
153400,1.149361,0.970180,1.167252,0.965499,794.7,0.001000
153500,1.256371,0.902162,1.277868,0.895235,795.2,0.001000
153600,1.213236,0.934054,1.231984,0.923340,795.7,0.001000
153700,1.338231,0.813063,1.351910,0.806144,796.2,0.001000
153800,1.145856,0.956847,1.163460,0.956310,796.7,0.001000
153900,1.222622,0.926126,1.242767,0.918386,797.3,0.001000
154000,1.148295,0.966487,1.169068,0.960904,797.8,0.001000
154100,1.183487,0.953604,1.199561,0.942708,798.3,0.001000
154200,1.188867,0.960180,1.212276,0.946221,798.9,0.001000
154300,1.190151,0.923874,1.208897,0.912620,799.4,0.001000
154400,1.171910,0.955496,1.191634,0.949464,799.9,0.001000
154500,1.174132,0.963964,1.189789,0.963066,800.4,0.001000
154600,1.458834,0.734505,1.474343,0.721737,801.0,0.001000
154700,1.121724,0.977387,1.142277,0.971714,801.5,0.001000
154800,1.152170,0.971892,1.169638,0.968021,802.0,0.001000
154900,1.263528,0.908649,1.281263,0.901360,802.5,0.001000
155000,1.191759,0.927928,1.209157,0.916314,803.1,0.001000
155100,1.174447,0.960090,1.193106,0.954418,803.6,0.001000
155200,1.179712,0.964054,1.199510,0.955770,804.1,0.001000
155300,1.171165,0.966306,1.189770,0.957842,804.6,0.001000
155400,1.256593,0.875045,1.275070,0.864787,805.2,0.001000
155500,1.197199,0.943874,1.213957,0.937573,805.7,0.001000
155600,1.298574,0.850180,1.319036,0.838843,806.2,0.001000
155700,1.160143,0.966757,1.179614,0.961625,806.7,0.001000
155800,1.183753,0.947568,1.201787,0.944690,807.2,0.001000
155900,1.214674,0.911351,1.235095,0.902531,807.8,0.001000
156000,1.238233,0.903423,1.257650,0.895054,808.3,0.001000
156100,1.348168,0.804324,1.368579,0.786055,808.8,0.001000
156200,1.327515,0.876036,1.351300,0.857310,809.3,0.001000
156300,1.177483,0.952793,1.197687,0.945500,809.9,0.001000
156400,1.223926,0.878378,1.249104,0.859652,810.4,0.001000
156500,1.272821,0.877568,1.298979,0.857490,810.9,0.001000
156600,1.179665,0.943514,1.198060,0.936402,811.4,0.001000
156700,1.364547,0.825315,1.385573,0.818305,811.9,0.001000
156800,1.221107,0.934685,1.239308,0.924061,812.4,0.001000
156900,1.701972,0.575856,1.727818,0.562472,812.9,0.001000
157000,1.207021,0.936126,1.225458,0.924331,813.4,0.001000
157100,1.170419,0.950270,1.186174,0.944960,814.0,0.001000
157200,1.238070,0.900180,1.253457,0.890821,814.5,0.001000
157300,1.184217,0.950541,1.204377,0.941717,815.0,0.001000
157400,1.243400,0.929640,1.259768,0.925412,815.6,0.001000
157500,1.240042,0.869369,1.255709,0.859742,816.1,0.001000
157600,1.188224,0.913423,1.207519,0.896045,816.6,0.001000
157700,1.262091,0.904595,1.283334,0.892892,817.1,0.001000
157800,1.213453,0.941622,1.231208,0.934600,817.6,0.001000
157900,1.159095,0.953063,1.177204,0.950815,818.1,0.001000
158000,1.262918,0.881982,1.280036,0.869832,818.6,0.001000
158100,1.231030,0.898378,1.252624,0.882803,819.1,0.001000
158200,1.159078,0.958018,1.175043,0.948473,819.7,0.001000
158300,1.249297,0.886577,1.271037,0.868300,820.2,0.001000
158400,1.182076,0.923423,1.201562,0.913251,820.7,0.001000
158500,1.176766,0.959009,1.196166,0.951626,821.2,0.001000
158600,1.192593,0.950360,1.209088,0.944239,821.7,0.001000
158700,1.281521,0.871351,1.301237,0.853977,822.2,0.001000
158800,1.227008,0.895225,1.249523,0.885145,822.7,0.001000
158900,1.191838,0.924685,1.212258,0.915683,823.3,0.001000
159000,1.206692,0.929099,1.224713,0.922980,823.8,0.001000
159100,1.137313,0.980991,1.155396,0.979281,824.3,0.001000
159200,1.190069,0.948559,1.211240,0.942348,824.8,0.001000
159300,1.238591,0.883694,1.260980,0.868210,825.3,0.001000
159400,1.194912,0.935315,1.212780,0.931267,825.9,0.001000
159500,1.168980,0.963964,1.189902,0.954869,826.4,0.001000
159600,1.164371,0.959099,1.184495,0.955319,826.9,0.001000
159700,1.216973,0.927748,1.233488,0.922980,827.4,0.001000
159800,1.160610,0.958378,1.181377,0.949104,827.9,0.001000
159900,1.170797,0.954595,1.190247,0.949284,828.4,0.001000
160000,1.157622,0.954414,1.177029,0.946401,828.9,0.001000
160100,1.353361,0.816216,1.378325,0.799478,829.4,0.001000
160200,1.268343,0.901261,1.288365,0.881632,830.0,0.001000
160300,1.208963,0.940541,1.231686,0.931358,830.5,0.001000
160400,1.214350,0.898288,1.229416,0.893253,831.0,0.001000
160500,1.149297,0.970270,1.167558,0.964508,831.5,0.001000
160600,1.188444,0.949550,1.209736,0.944329,832.0,0.001000
160700,1.161160,0.957658,1.185966,0.948653,832.5,0.001000
160800,1.185609,0.938739,1.206201,0.926763,833.0,0.001000
160900,1.180930,0.939820,1.198393,0.937213,833.6,0.001000
161000,1.290554,0.871532,1.309413,0.856499,834.1,0.001000
161100,1.149894,0.963604,1.170278,0.956220,834.6,0.001000
161200,1.141225,0.968559,1.159330,0.960184,835.1,0.001000
161300,1.157204,0.940541,1.178620,0.930186,835.6,0.001000
161400,1.163750,0.969820,1.182157,0.960094,836.2,0.001000
161500,1.161571,0.964414,1.180139,0.956130,836.7,0.001000
161600,1.149060,0.971982,1.168208,0.968742,837.2,0.001000
161700,1.238152,0.908649,1.257485,0.896406,837.7,0.001000
161800,1.295690,0.872162,1.318071,0.851545,838.2,0.001000
161900,1.232495,0.912162,1.247942,0.903792,838.7,0.001000
162000,1.233129,0.910541,1.257836,0.898117,839.3,0.001000
162100,1.137374,0.970631,1.156199,0.965228,839.8,0.001000
162200,1.267614,0.879460,1.286697,0.868030,840.3,0.001000
162300,1.181963,0.965496,1.199836,0.959283,840.8,0.001000
162400,1.163007,0.962793,1.179579,0.953698,841.3,0.001000
162500,1.184574,0.952523,1.203992,0.942888,841.8,0.001000
162600,1.197578,0.909459,1.216960,0.900730,842.4,0.001000
162700,1.165451,0.963514,1.187679,0.953518,842.9,0.001000
162800,1.142313,0.980631,1.161149,0.976218,843.4,0.001000
162900,1.179618,0.967207,1.199690,0.960184,844.0,0.001000
163000,1.320188,0.845135,1.337593,0.832267,844.5,0.001000
163100,1.183288,0.969640,1.200840,0.964147,845.0,0.001000
163200,1.267116,0.884865,1.286349,0.869291,845.5,0.001000
163300,1.210566,0.941982,1.230186,0.930817,846.0,0.001000
163400,1.237094,0.922432,1.256655,0.915773,846.5,0.001000
163500,1.143140,0.982883,1.161746,0.980632,847.0,0.001000
163600,1.140588,0.963784,1.160162,0.956400,847.6,0.001000
163700,1.404316,0.788468,1.420829,0.778669,848.1,0.001000
163800,1.110815,0.991081,1.128029,0.988740,848.6,0.001000
163900,1.145655,0.971171,1.165683,0.962796,849.1,0.001000
164000,1.161665,0.960090,1.179015,0.952437,849.6,0.001000
164100,1.365285,0.779099,1.384352,0.761643,850.1,0.001000
164200,1.171785,0.973604,1.189112,0.966039,850.7,0.001000
164300,1.483772,0.726396,1.506049,0.707594,851.2,0.001000
164400,1.275477,0.879279,1.298186,0.871633,851.7,0.001000
164500,1.194118,0.943604,1.214656,0.938924,852.2,0.001000
164600,1.208375,0.942523,1.227737,0.929916,852.7,0.001000
164700,1.342168,0.827117,1.365731,0.810197,853.2,0.001000
164800,1.217977,0.917207,1.236942,0.910549,853.8,0.001000
164900,1.187939,0.949369,1.208183,0.943158,854.3,0.001000
165000,1.213009,0.913604,1.232064,0.898387,854.8,0.001000
165100,1.271566,0.880450,1.295702,0.871183,855.3,0.001000
165200,1.231371,0.934054,1.250523,0.923610,855.8,0.001000
165300,1.284594,0.855946,1.304531,0.834609,856.3,0.001000
165400,1.273101,0.889009,1.294513,0.877579,856.8,0.001000
165500,1.174791,0.966937,1.194106,0.961175,857.4,0.001000
165600,1.244746,0.904144,1.264910,0.893973,857.9,0.001000
165700,1.184303,0.956487,1.205673,0.948023,858.4,0.001000
165800,1.282604,0.882162,1.307421,0.868570,858.9,0.001000
165900,1.209973,0.940000,1.233193,0.926853,859.4,0.001000
166000,1.194508,0.952883,1.215101,0.944510,860.0,0.001000
166100,1.189304,0.943604,1.208498,0.941447,860.5,0.001000
166200,1.209834,0.898559,1.228547,0.885956,861.0,0.001000
166300,1.141295,0.986937,1.159294,0.984326,861.6,0.001000
166400,1.209624,0.929099,1.231146,0.915773,862.1,0.001000
166500,1.227271,0.916847,1.243816,0.910368,862.6,0.001000
166600,1.150032,0.967297,1.166129,0.961715,863.1,0.001000
166700,1.285637,0.857297,1.308974,0.842627,863.6,0.001000
166800,1.385544,0.781171,1.405931,0.768129,864.1,0.001000
166900,1.166240,0.957748,1.185097,0.950545,864.7,0.001000
167000,1.161116,0.954144,1.180677,0.948113,865.2,0.001000
167100,1.178296,0.964685,1.195733,0.961175,865.7,0.001000
167200,1.236764,0.869820,1.255798,0.857400,866.3,0.001000
167300,1.171795,0.959459,1.190538,0.948563,866.8,0.001000
167400,1.198755,0.936577,1.222048,0.920728,867.3,0.001000
167500,1.159104,0.958468,1.181476,0.950185,867.8,0.001000
167600,1.202760,0.950541,1.225258,0.936042,868.3,0.001000
167700,1.193379,0.940270,1.211787,0.933519,868.8,0.001000
167800,1.298801,0.875856,1.317079,0.864156,869.4,0.001000
167900,1.165339,0.973784,1.184095,0.967570,869.9,0.001000
168000,1.225408,0.905496,1.243819,0.900099,870.4,0.001000
168100,1.229896,0.922252,1.252352,0.911720,870.9,0.001000
168200,1.175036,0.961982,1.195433,0.949734,871.4,0.001000
168300,1.311202,0.867117,1.330030,0.856409,871.9,0.001000
168400,1.192098,0.895135,1.214535,0.882083,872.4,0.001000
168500,1.455816,0.747027,1.476688,0.729574,872.9,0.001000
168600,1.138896,0.977838,1.157471,0.974867,873.4,0.001000
168700,1.177636,0.940090,1.197659,0.930907,873.9,0.001000
168800,1.227967,0.923784,1.244353,0.915413,874.5,0.001000
168900,1.195229,0.941351,1.213459,0.932619,875.0,0.001000
169000,1.177590,0.952162,1.196454,0.940546,875.5,0.001000
169100,1.314118,0.864595,1.339474,0.848662,876.0,0.001000
169200,1.192653,0.933964,1.212846,0.925502,876.5,0.001000
169300,1.195563,0.935586,1.215688,0.928655,877.0,0.001000
169400,1.270519,0.891081,1.287895,0.881722,877.6,0.001000
169500,1.153176,0.965225,1.171621,0.960274,878.1,0.001000
169600,1.211944,0.946216,1.231891,0.939195,878.6,0.001000
169700,1.227014,0.924144,1.248372,0.915143,879.1,0.001000
169800,1.453529,0.668559,1.477144,0.643996,879.6,0.001000
169900,1.176824,0.952162,1.195692,0.947752,880.1,0.001000
170000,1.175794,0.955766,1.198558,0.943519,880.6,0.001000
170100,1.222623,0.944685,1.242821,0.936853,881.1,0.001000
170200,1.302186,0.852793,1.322219,0.840375,881.6,0.001000
170300,1.266476,0.909099,1.285433,0.900009,882.2,0.001000
170400,1.178237,0.940991,1.198514,0.935411,882.7,0.001000
170500,1.271327,0.893694,1.289723,0.883074,883.2,0.001000
170600,1.152821,0.960541,1.169783,0.958112,883.7,0.001000
170700,1.155559,0.960541,1.174027,0.954238,884.2,0.001000
170800,1.225850,0.924324,1.242121,0.913341,884.7,0.001000
170900,1.172442,0.928288,1.191596,0.924331,885.3,0.001000
171000,1.231301,0.912793,1.251061,0.903432,885.8,0.001000
171100,1.333524,0.842523,1.359074,0.820467,886.3,0.001000
171200,1.236371,0.895676,1.257468,0.880822,886.8,0.001000
171300,1.313626,0.824054,1.333228,0.808306,887.3,0.001000
171400,1.202826,0.946487,1.223251,0.934871,887.8,0.001000
171500,1.159787,0.955045,1.180248,0.947392,888.3,0.001000
171600,1.148022,0.957387,1.167791,0.951536,888.9,0.001000
171700,1.185759,0.940090,1.205661,0.931448,889.4,0.001000
171800,1.169971,0.960991,1.190107,0.956130,889.9,0.001000
171900,1.262247,0.884234,1.283383,0.873525,890.4,0.001000
172000,1.266203,0.878829,1.287586,0.866679,890.9,0.001000
172100,1.179561,0.957478,1.202099,0.945500,891.4,0.001000
172200,1.229063,0.902072,1.248421,0.895235,891.9,0.001000
172300,1.240145,0.857297,1.259110,0.841185,892.5,0.001000
172400,1.278755,0.896847,1.298179,0.882713,893.0,0.001000
172500,1.145661,0.970811,1.163544,0.967390,893.5,0.001000
172600,1.218711,0.891982,1.240455,0.883254,894.0,0.001000
172700,1.174349,0.965856,1.191496,0.957661,894.5,0.001000
172800,1.203637,0.919730,1.224396,0.907756,895.0,0.001000
172900,1.210159,0.934414,1.230978,0.924872,895.5,0.001000
173000,1.202209,0.923153,1.221426,0.916584,896.0,0.001000
173100,1.191244,0.944324,1.209363,0.940005,896.6,0.001000
173200,1.158422,0.970360,1.176838,0.967030,897.1,0.001000
173300,1.154536,0.945045,1.174922,0.933519,897.6,0.001000
173400,1.286554,0.876667,1.298793,0.870372,898.1,0.001000
173500,1.319411,0.884054,1.333444,0.879290,898.6,0.001000
173600,1.300604,0.870631,1.321924,0.854247,899.1,0.001000
173700,1.168897,0.963333,1.185792,0.957752,899.7,0.001000
173800,1.191610,0.944775,1.211277,0.936943,900.2,0.001000
173900,1.128215,0.983964,1.146477,0.981893,900.7,0.001000
174000,1.365787,0.809189,1.383755,0.793622,901.2,0.001000
174100,1.290232,0.830180,1.306164,0.822088,901.7,0.001000
174200,1.146466,0.973153,1.167145,0.967390,902.2,0.001000
174300,1.257650,0.876757,1.271790,0.874426,902.7,0.001000
174400,1.181061,0.922793,1.201136,0.914782,903.2,0.001000
174500,1.299504,0.848829,1.322515,0.834069,903.8,0.001000
174600,1.213248,0.945946,1.230550,0.942077,904.3,0.001000
174700,1.181961,0.938378,1.200561,0.933880,904.8,0.001000
174800,1.176154,0.949820,1.195501,0.943429,905.3,0.001000
174900,1.259441,0.901081,1.279160,0.885145,905.8,0.001000
175000,1.229030,0.922973,1.246179,0.916404,906.3,0.001000
175100,1.196820,0.952973,1.213611,0.945861,906.8,0.001000
175200,1.152228,0.969640,1.168862,0.965949,907.4,0.001000
175300,1.179978,0.950991,1.200157,0.946131,907.9,0.001000
175400,1.191391,0.948649,1.210312,0.939375,908.4,0.001000
175500,1.289575,0.860631,1.307541,0.850914,908.9,0.001000
175600,1.262644,0.866396,1.287217,0.851365,909.4,0.001000
175700,1.163010,0.964144,1.182358,0.955229,909.9,0.001000
175800,1.498208,0.666216,1.507533,0.657688,910.4,0.001000
175900,1.262785,0.880721,1.284735,0.868570,910.9,0.001000
176000,1.341496,0.822523,1.363005,0.808396,911.5,0.001000
176100,1.225169,0.857928,1.242206,0.851455,912.0,0.001000
176200,1.296370,0.872072,1.317556,0.860553,912.5,0.001000
176300,1.178670,0.945225,1.198264,0.934240,913.1,0.001000
176400,1.146549,0.974324,1.166696,0.970543,913.6,0.001000
176500,1.135733,0.972793,1.154343,0.970453,914.2,0.001000
176600,1.170202,0.968468,1.191599,0.959643,914.7,0.001000
176700,1.213907,0.943423,1.232472,0.935231,915.2,0.001000
176800,1.189245,0.942973,1.210174,0.931718,915.7,0.001000
176900,1.115784,0.991171,1.134376,0.987208,916.3,0.001000
177000,1.206535,0.926036,1.225741,0.913431,916.8,0.001000
177100,1.217302,0.933243,1.240467,0.916044,917.3,0.001000
177200,1.149398,0.973874,1.164515,0.972615,917.8,0.001000
177300,1.208901,0.937928,1.229875,0.924872,918.3,0.001000
177400,1.119666,0.976937,1.138007,0.975858,918.8,0.001000
177500,1.246164,0.851351,1.268461,0.843618,919.3,0.001000
177600,1.157316,0.975045,1.177091,0.968561,919.8,0.001000
177700,1.153716,0.963694,1.168887,0.957752,920.4,0.001000
177800,1.258241,0.828919,1.277618,0.812539,920.9,0.001000
177900,1.159118,0.960991,1.177670,0.950365,921.4,0.001000
178000,1.177133,0.937117,1.196282,0.931718,921.9,0.001000
178100,1.236122,0.908559,1.257609,0.901991,922.4,0.001000
178200,1.200451,0.927748,1.215085,0.930277,922.9,0.001000
178300,1.206613,0.928288,1.225394,0.911810,923.5,0.001000
178400,1.292130,0.839820,1.312709,0.830376,924.0,0.001000
178500,1.152237,0.961261,1.170128,0.955229,924.5,0.001000
178600,1.238572,0.918198,1.256729,0.912440,925.0,0.001000
178700,1.193481,0.936486,1.213567,0.931448,925.6,0.001000
178800,1.385936,0.757117,1.406734,0.734438,926.1,0.001000
178900,1.139698,0.978108,1.156811,0.978200,926.6,0.001000
179000,1.201504,0.946396,1.218392,0.942618,927.1,0.001000
179100,1.203048,0.916577,1.222924,0.902892,927.6,0.001000
179200,1.250999,0.912523,1.273905,0.894154,928.2,0.001000
179300,1.218677,0.936667,1.239982,0.927484,928.7,0.001000
179400,1.222991,0.917207,1.242018,0.906044,929.2,0.001000
179500,1.160850,0.964054,1.178048,0.956490,929.7,0.001000
179600,1.196404,0.943333,1.216827,0.943158,930.2,0.001000
179700,1.211359,0.945856,1.231938,0.935051,930.8,0.001000
179800,1.140733,0.973333,1.155544,0.971264,931.3,0.001000
179900,1.180867,0.936757,1.200263,0.927574,931.8,0.001000
180000,1.204261,0.928288,1.222790,0.919737,932.3,0.001000
180100,1.200101,0.900090,1.222058,0.887307,932.9,0.001000
180200,1.196338,0.910180,1.218177,0.899198,933.4,0.001000
180300,1.193254,0.925405,1.212722,0.918115,933.9,0.001000
180400,1.172626,0.923243,1.191109,0.918296,934.4,0.001000
180500,1.149474,0.966216,1.169651,0.961445,935.0,0.001000
180600,1.285068,0.856036,1.303904,0.841005,935.5,0.001000
180700,1.199220,0.913243,1.216693,0.903162,936.0,0.001000
180800,1.145783,0.963514,1.165636,0.957842,936.5,0.001000
180900,1.126461,0.962432,1.144506,0.958562,937.0,0.001000
181000,1.275579,0.877297,1.293305,0.865508,937.5,0.001000
181100,1.241345,0.905225,1.260690,0.891271,938.1,0.001000
181200,1.227873,0.889550,1.246696,0.880011,938.6,0.001000
181300,1.194986,0.959550,1.215178,0.952797,939.1,0.001000
181400,1.213930,0.925766,1.236812,0.914963,939.6,0.001000
181500,1.215101,0.922432,1.232692,0.915143,940.1,0.001000
181600,1.211049,0.922703,1.234028,0.913701,940.6,0.001000
181700,1.323522,0.854144,1.344255,0.839474,941.1,0.001000
181800,1.242460,0.891261,1.259449,0.882083,941.7,0.001000
181900,1.290321,0.883333,1.310478,0.868480,942.2,0.001000
182000,1.195448,0.934595,1.216897,0.923070,942.7,0.001000
182100,1.168618,0.961802,1.185857,0.956040,943.2,0.001000
182200,1.207938,0.907658,1.223773,0.903072,943.7,0.001000
182300,1.192256,0.918739,1.209661,0.906585,944.2,0.001000
182400,1.266918,0.861261,1.287652,0.850824,944.7,0.001000
182500,1.116498,0.985135,1.132872,0.982794,945.3,0.001000
182600,1.260397,0.893604,1.274825,0.885776,945.8,0.001000
182700,1.130088,0.976306,1.148373,0.974867,946.3,0.001000
182800,1.194899,0.921622,1.214424,0.912350,946.8,0.001000
182900,1.245816,0.906306,1.267280,0.887307,947.3,0.001000
183000,1.242360,0.904144,1.259106,0.894694,947.8,0.001000
183100,1.396759,0.777568,1.419452,0.760382,948.3,0.001000
183200,1.204802,0.928649,1.224838,0.920728,948.8,0.001000
183300,1.294094,0.878469,1.309923,0.873435,949.4,0.001000
183400,1.227571,0.862613,1.248011,0.851275,949.8,0.001000
183500,1.346141,0.772072,1.364226,0.759301,950.4,0.001000
183600,1.236288,0.848649,1.255680,0.833709,950.9,0.001000
183700,1.184118,0.944955,1.206102,0.935862,951.4,0.001000
183800,1.366410,0.794144,1.384795,0.775606,951.9,0.001000
183900,1.168709,0.961712,1.187786,0.957391,952.4,0.001000
184000,1.306254,0.857658,1.326041,0.847852,953.0,0.001000
184100,1.195683,0.907838,1.215092,0.893523,953.5,0.001000
184200,1.311774,0.820270,1.336998,0.805693,954.0,0.001000
184300,1.131268,0.976306,1.151070,0.968742,954.5,0.001000
184400,1.201398,0.924324,1.219117,0.908747,955.0,0.001000
184500,1.162706,0.958378,1.179495,0.951446,955.5,0.001000
184600,1.229682,0.894324,1.250897,0.882984,956.1,0.001000
184700,1.202101,0.909189,1.221039,0.899739,956.6,0.001000
184800,1.264655,0.883694,1.284490,0.874876,957.1,0.001000
184900,1.199975,0.933874,1.218949,0.924331,957.7,0.001000
185000,1.197276,0.946126,1.216321,0.937753,958.2,0.001000
185100,1.324120,0.799820,1.351115,0.769300,958.7,0.001000
185200,1.204411,0.938739,1.221981,0.932168,959.3,0.001000
185300,1.206124,0.950360,1.224841,0.943158,959.8,0.001000
185400,1.169840,0.952703,1.186810,0.951536,960.3,0.001000
185500,1.276541,0.854595,1.294615,0.844068,960.8,0.001000
185600,1.227536,0.915946,1.249104,0.907216,961.3,0.001000
185700,1.264947,0.895405,1.288946,0.879560,961.8,0.001000
185800,1.198081,0.923604,1.219159,0.916674,962.3,0.001000
185900,1.115408,0.987568,1.132732,0.982704,962.8,0.001000
186000,1.218344,0.935676,1.238347,0.925412,963.3,0.001000
186100,1.187044,0.965135,1.207764,0.957571,963.9,0.001000
186200,1.293310,0.833694,1.313724,0.819656,964.4,0.001000
186300,1.370321,0.790991,1.390275,0.776146,964.9,0.001000
186400,1.192236,0.948559,1.213635,0.943969,965.4,0.001000
186500,1.147106,0.977838,1.166166,0.972975,965.9,0.001000
186600,1.188951,0.948288,1.207834,0.939555,966.4,0.001000
186700,1.159704,0.957117,1.179028,0.949014,967.0,0.001000
186800,1.187704,0.923153,1.209299,0.902982,967.5,0.001000
186900,1.176523,0.935405,1.198554,0.925592,968.0,0.001000
187000,1.193259,0.928739,1.213533,0.916494,968.5,0.001000
187100,1.208941,0.929009,1.229646,0.920638,969.0,0.001000
187200,1.203962,0.944234,1.221545,0.942257,969.5,0.001000
187300,1.220660,0.909820,1.239856,0.901811,970.0,0.001000
187400,1.156682,0.962523,1.174272,0.955139,970.6,0.001000
187500,1.178864,0.954505,1.199510,0.950545,971.1,0.001000
187600,1.182542,0.939099,1.200973,0.931898,971.6,0.001000
187700,1.219082,0.892793,1.238283,0.877669,972.1,0.001000
187800,1.148945,0.957838,1.167296,0.951536,972.6,0.001000
187900,1.237142,0.882703,1.260008,0.869651,973.1,0.001000
188000,1.151338,0.974775,1.169503,0.972165,973.6,0.001000
188100,1.139483,0.985135,1.158743,0.980182,974.1,0.001000
188200,1.233953,0.917568,1.250978,0.912711,974.6,0.001000
188300,1.259823,0.891622,1.280462,0.882533,975.2,0.001000
188400,1.225095,0.886126,1.248892,0.868751,975.7,0.001000
188500,1.161700,0.964955,1.181038,0.959733,976.2,0.001000
188600,1.248641,0.930541,1.267106,0.923430,976.7,0.001000
188700,1.176155,0.951802,1.196444,0.946221,977.2,0.001000
188800,1.236302,0.907117,1.257038,0.901270,977.8,0.001000
188900,1.225413,0.878919,1.246840,0.866048,978.3,0.001000
189000,1.256940,0.904144,1.274961,0.895505,978.8,0.001000
189100,1.228535,0.938649,1.255556,0.929196,979.4,0.001000
189200,1.198001,0.931532,1.215264,0.930277,979.9,0.001000
189300,1.153592,0.950811,1.169531,0.949824,980.4,0.001000
189400,1.174193,0.944324,1.193032,0.938384,980.9,0.001000
189500,1.212034,0.908739,1.227732,0.900820,981.4,0.001000
189600,1.249596,0.889099,1.270622,0.873795,981.9,0.001000
189700,1.180667,0.946937,1.198592,0.938654,982.4,0.001000
189800,1.385715,0.799369,1.403451,0.787046,982.9,0.001000
189900,1.256049,0.905135,1.276041,0.896226,983.4,0.001000
190000,1.128985,0.984054,1.148504,0.979371,984.0,0.001000
190100,1.322876,0.830270,1.338869,0.822088,984.5,0.001000
190200,1.171488,0.953604,1.187451,0.943879,985.0,0.001000
190300,1.295990,0.883423,1.315107,0.874516,985.5,0.001000
190400,1.234619,0.935586,1.251984,0.925412,986.0,0.001000
190500,1.162584,0.962523,1.179878,0.955229,986.6,0.001000
190600,1.340236,0.806036,1.361133,0.793802,987.1,0.001000
190700,1.205044,0.938919,1.226902,0.928835,987.6,0.001000
190800,1.354379,0.826847,1.371946,0.811548,988.1,0.001000
190900,1.184570,0.913333,1.204395,0.897487,988.7,0.001000
191000,1.170520,0.958919,1.187205,0.955319,989.2,0.001000
191100,1.144884,0.972703,1.165329,0.968471,989.7,0.001000
191200,1.148671,0.963243,1.168067,0.955139,990.2,0.001000
191300,1.166090,0.942162,1.186231,0.938294,990.8,0.001000
191400,1.179684,0.971261,1.199968,0.966760,991.3,0.001000
191500,1.253251,0.913964,1.274436,0.902531,991.8,0.001000
191600,1.151239,0.946757,1.172073,0.936672,992.3,0.001000
191700,1.263314,0.861802,1.282523,0.849383,992.8,0.001000
191800,1.141016,0.970721,1.160528,0.967390,993.3,0.001000
191900,1.192648,0.937117,1.206720,0.933970,993.8,0.001000
192000,1.267845,0.859730,1.287456,0.848212,994.3,0.001000
192100,1.362329,0.740090,1.382174,0.715251,994.9,0.001000
192200,1.208926,0.922793,1.223295,0.920818,995.4,0.001000
192300,1.406320,0.762162,1.433663,0.740384,995.9,0.001000
192400,1.459828,0.702973,1.478465,0.687686,996.4,0.001000
192500,1.235169,0.937207,1.251636,0.929646,996.9,0.001000
192600,1.147407,0.968288,1.167130,0.963427,997.5,0.001000
192700,1.113046,0.983243,1.131257,0.979641,998.0,0.001000
192800,1.184466,0.940090,1.204380,0.928565,998.5,0.001000
192900,1.160879,0.954595,1.178755,0.952527,999.1,0.001000
193000,1.210767,0.929369,1.229167,0.925682,999.6,0.001000
193100,1.196561,0.926847,1.218926,0.913792,1000.1,0.001000
193200,1.202986,0.935676,1.221989,0.933610,1000.6,0.001000
193300,1.210127,0.933874,1.230208,0.926313,1001.1,0.001000
193400,1.174428,0.948649,1.195210,0.947302,1001.7,0.001000
193500,1.349894,0.786487,1.371494,0.765787,1002.2,0.001000
193600,1.177159,0.939910,1.197017,0.933339,1002.7,0.001000
193700,1.258000,0.908018,1.276986,0.899288,1003.2,0.001000
193800,1.240880,0.897117,1.257998,0.884965,1003.7,0.001000
193900,1.283586,0.838378,1.302193,0.828484,1004.2,0.001000
194000,1.216088,0.919910,1.232368,0.918746,1004.7,0.001000
194100,1.146462,0.967297,1.164727,0.961355,1005.3,0.001000
194200,1.310429,0.877207,1.332547,0.867940,1005.8,0.001000
194300,1.112615,0.989009,1.131120,0.986398,1006.3,0.001000
194400,1.181849,0.957027,1.203460,0.953608,1006.8,0.001000
194500,1.223018,0.895225,1.241698,0.882443,1007.3,0.001000
194600,1.468238,0.724595,1.486409,0.707594,1007.8,0.001000
194700,1.199452,0.944414,1.220624,0.940636,1008.4,0.001000
194800,1.327440,0.844414,1.348511,0.828664,1008.9,0.001000
194900,1.218749,0.926396,1.237974,0.917845,1009.4,0.001000
195000,1.232040,0.907928,1.253912,0.892983,1009.9,0.001000
195100,1.190607,0.958559,1.208501,0.954418,1010.4,0.001000
195200,1.253473,0.869369,1.276194,0.855148,1010.9,0.001000
195300,1.173778,0.936396,1.195965,0.924962,1011.4,0.001000
195400,1.413594,0.752793,1.431655,0.743356,1012.0,0.001000
195500,1.167369,0.954234,1.184665,0.949914,1012.5,0.001000
195600,1.178654,0.955586,1.198803,0.950815,1013.0,0.001000
195700,1.185839,0.956577,1.211310,0.941627,1013.5,0.001000
195800,1.227993,0.851351,1.243283,0.840825,1014.1,0.001000
195900,1.190230,0.945856,1.209722,0.938654,1014.6,0.001000
196000,1.259803,0.920541,1.277670,0.919016,1015.1,0.001000
196100,1.263677,0.898288,1.283987,0.887578,1015.6,0.001000
196200,1.190803,0.968378,1.204931,0.963517,1016.2,0.001000
196300,1.241710,0.867658,1.265204,0.850554,1016.7,0.001000
196400,1.156508,0.952252,1.173563,0.945951,1017.2,0.001000
196500,1.265328,0.839640,1.287847,0.829745,1017.7,0.001000
196600,1.172056,0.946757,1.189604,0.945050,1018.2,0.001000
196700,1.157404,0.947478,1.176213,0.940816,1018.7,0.001000
196800,1.264531,0.842883,1.276903,0.840375,1019.3,0.001000
196900,1.289425,0.818288,1.314216,0.787947,1019.8,0.001000
197000,1.220862,0.885586,1.243101,0.874966,1020.3,0.001000
197100,1.712756,0.535405,1.729165,0.518872,1020.8,0.001000
197200,1.182114,0.963964,1.202860,0.954509,1021.3,0.001000
197300,1.238249,0.845496,1.254404,0.839204,1021.8,0.001000
197400,1.224928,0.934775,1.241424,0.927214,1022.4,0.001000
197500,1.239667,0.914595,1.259693,0.903432,1022.9,0.001000
197600,1.267084,0.874775,1.287245,0.861454,1023.4,0.001000
197700,1.180713,0.950090,1.198540,0.941537,1023.9,0.001000
197800,1.187518,0.964685,1.204855,0.957031,1024.5,0.001000
197900,1.183679,0.946757,1.204089,0.936492,1025.0,0.001000
198000,1.181978,0.951261,1.202386,0.940456,1025.5,0.001000
198100,1.153659,0.972703,1.174070,0.964418,1026.0,0.001000
198200,1.190786,0.948378,1.208022,0.944600,1026.5,0.001000
198300,1.235115,0.911351,1.258575,0.900459,1027.0,0.001000
198400,1.211887,0.935856,1.229764,0.930367,1027.5,0.001000
198500,1.178574,0.946937,1.196714,0.939014,1028.0,0.001000
198600,1.185206,0.929099,1.202362,0.925142,1028.6,0.001000
198700,1.166118,0.951171,1.189025,0.940996,1029.1,0.001000
198800,1.201983,0.934234,1.218198,0.931898,1029.6,0.001000
198900,1.201427,0.945856,1.219597,0.937663,1030.1,0.001000
199000,1.296649,0.813694,1.318503,0.791550,1030.6,0.001000
199100,1.566731,0.663243,1.585339,0.653545,1031.1,0.001000
199200,1.181600,0.943514,1.201418,0.935681,1031.6,0.001000
199300,1.171226,0.956577,1.189660,0.952527,1032.1,0.001000
199400,1.198094,0.936486,1.219337,0.926493,1032.6,0.001000
199500,1.166430,0.950901,1.187338,0.943338,1033.2,0.001000
199600,1.396798,0.777658,1.414285,0.764346,1033.7,0.001000
199700,1.177000,0.951802,1.195356,0.947212,1034.2,0.001000
199800,1.123500,0.983604,1.141168,0.976579,1034.7,0.001000
199900,1.162718,0.950541,1.183827,0.942978,1035.2,0.001000
