step,train_loss,train_acc,test_loss,test_acc,elapsed_sec,lr
0,4.110657,0.031250,4.083180,0.031185,0.0,0.000020
100,0.918365,0.820833,4.433151,0.266112,0.5,0.001000
200,0.041328,1.000000,2.922733,0.471933,1.0,0.001000
300,0.133613,1.000000,2.963896,0.471933,1.5,0.001000
400,0.168734,1.000000,2.786920,0.471933,2.0,0.001000
500,0.178983,1.000000,2.608526,0.471933,2.5,0.001000
600,0.077717,1.000000,2.471471,0.476091,3.0,0.001000
700,0.105151,1.000000,2.173974,0.503119,3.4,0.001000
800,0.706199,0.902083,2.013791,0.496882,3.9,0.001000
900,0.271792,0.997917,1.266811,0.638254,4.4,0.001000
1000,0.080560,1.000000,0.727103,0.812890,4.9,0.001000
1100,0.071767,1.000000,0.349833,0.950104,5.4,0.001000
1200,0.104377,1.000000,0.269539,0.983368,5.9,0.001000
1300,0.089052,1.000000,0.170175,0.995842,6.4,0.001000
1400,0.164580,1.000000,0.229745,0.997921,6.9,0.001000
1500,0.132655,1.000000,0.175391,1.000000,7.4,0.001000
1600,0.099467,1.000000,0.124961,1.000000,7.9,0.001000
1700,0.105461,1.000000,0.128228,1.000000,8.4,0.001000
1800,0.640719,0.941667,0.849621,0.864865,8.9,0.001000
1900,0.194960,1.000000,0.252427,1.000000,9.4,0.001000
2000,0.184465,1.000000,0.228026,1.000000,9.9,0.001000
2100,0.335961,0.993750,0.465599,0.966736,10.4,0.001000
2200,0.362143,1.000000,0.462244,0.987526,10.9,0.001000
2300,0.987845,0.843750,1.199327,0.750520,11.4,0.001000
2400,0.131728,1.000000,0.153696,1.000000,11.9,0.001000
2500,0.132171,1.000000,0.152598,1.000000,12.4,0.001000
2600,0.196379,1.000000,0.254440,1.000000,12.9,0.001000
2700,0.141386,1.000000,0.170105,1.000000,13.3,0.001000
2800,0.472409,0.995833,0.559104,0.983368,13.8,0.001000
2900,1.001186,0.862500,1.225912,0.738046,14.3,0.001000
3000,0.165932,1.000000,0.202807,1.000000,14.8,0.001000
3100,0.896484,0.858333,1.069258,0.790021,15.3,0.001000
3200,0.158274,1.000000,0.192999,1.000000,15.8,0.001000
3300,0.470504,0.985417,0.633246,0.923077,16.2,0.001000
3400,0.149309,1.000000,0.184335,1.000000,16.7,0.001000
3500,0.775763,0.897917,0.996126,0.787942,17.2,0.001000
3600,0.139089,1.000000,0.181195,1.000000,17.7,0.001000
3700,0.263716,1.000000,0.362399,0.989605,18.2,0.001000
3800,0.148741,1.000000,0.187279,1.000000,18.7,0.001000
3900,0.172986,1.000000,0.243444,0.993763,19.2,0.001000
4000,0.768610,0.860417,0.949357,0.810811,19.7,0.001000
4100,0.184764,1.000000,0.239965,0.993763,20.2,0.001000
4200,0.142144,1.000000,0.168122,1.000000,20.7,0.001000
4300,0.227298,1.000000,0.306290,0.987526,21.2,0.001000
4400,0.144757,1.000000,0.189424,1.000000,21.7,0.001000
4500,0.465755,0.995833,0.606082,0.964657,22.2,0.001000
4600,0.142913,1.000000,0.165744,1.000000,22.7,0.001000
4700,0.274441,0.997917,0.379773,0.960499,23.2,0.001000
4800,0.136280,1.000000,0.177825,1.000000,23.6,0.001000
4900,1.090324,0.833333,1.349576,0.704782,24.1,0.001000
5000,0.159253,1.000000,0.207352,0.997921,24.6,0.001000
5100,0.137833,1.000000,0.164882,1.000000,25.1,0.001000
5200,0.142661,1.000000,0.181797,0.997921,25.6,0.001000
5300,0.464262,0.970833,0.615540,0.929314,26.1,0.001000
5400,0.156729,1.000000,0.218255,0.995842,26.6,0.001000
5500,0.161790,1.000000,0.208715,1.000000,27.1,0.001000
5600,0.434242,1.000000,0.567437,0.943867,27.6,0.001000
5700,0.187314,1.000000,0.246138,1.000000,28.1,0.001000
5800,0.199986,1.000000,0.243244,0.997921,28.6,0.001000
5900,0.156663,1.000000,0.219496,0.997921,29.1,0.001000
6000,0.167021,1.000000,0.228053,1.000000,29.6,0.001000
6100,0.891899,0.893750,1.038647,0.844075,30.1,0.001000
6200,0.223373,1.000000,0.303855,0.991684,30.6,0.001000
6300,0.152197,1.000000,0.204351,1.000000,31.1,0.001000
6400,0.133876,1.000000,0.165283,1.000000,31.6,0.001000
6500,0.426246,0.993750,0.557291,0.958420,32.1,0.001000
6600,0.138420,1.000000,0.179230,1.000000,32.6,0.001000
6700,0.421913,0.995833,0.544018,0.958420,33.1,0.001000
6800,0.132035,1.000000,0.171982,1.000000,33.6,0.001000
6900,0.636715,0.877083,0.762458,0.833680,34.1,0.001000
7000,0.158669,1.000000,0.237808,0.995842,34.5,0.001000
7100,0.145905,1.000000,0.183729,1.000000,35.0,0.001000
7200,0.310600,0.997917,0.423728,0.945946,35.5,0.001000
7300,0.166552,1.000000,0.226924,0.993763,36.0,0.001000
7400,0.134700,1.000000,0.165801,1.000000,36.5,0.001000
7500,2.590677,0.306250,2.774846,0.278586,37.0,0.001000
7600,0.229763,1.000000,0.301692,1.000000,37.5,0.001000
7700,0.145104,1.000000,0.193156,1.000000,38.0,0.001000
7800,1.423419,0.664583,1.639248,0.575884,38.5,0.001000
7900,0.163421,1.000000,0.213299,1.000000,39.0,0.001000
8000,0.139079,1.000000,0.174316,1.000000,39.5,0.001000
8100,0.252446,1.000000,0.331546,0.989605,39.9,0.001000
8200,0.149951,1.000000,0.199650,1.000000,40.4,0.001000
8300,0.356058,0.997917,0.447266,0.970894,40.9,0.001000
8400,0.142308,1.000000,0.188353,1.000000,41.4,0.001000
8500,1.295179,0.664583,1.544788,0.561331,41.9,0.001000
8600,0.201688,1.000000,0.252389,1.000000,42.3,0.001000
8700,0.146857,1.000000,0.190813,1.000000,42.8,0.001000
8800,0.636755,0.981250,0.801225,0.920998,43.3,0.001000
8900,0.381950,0.997917,0.496133,0.968815,43.9,0.001000
9000,0.154532,1.000000,0.197953,1.000000,44.3,0.001000
9100,0.238260,1.000000,0.323905,0.995842,44.8,0.001000
9200,0.131822,1.000000,0.182709,1.000000,45.4,0.001000
9300,0.127741,1.000000,0.159592,1.000000,45.8,0.001000
9400,0.699032,0.975000,0.889397,0.896050,46.3,0.001000
9500,0.195119,1.000000,0.259738,1.000000,46.8,0.001000
9600,0.138256,1.000000,0.177210,1.000000,47.3,0.001000
9700,1.289222,0.660417,1.521066,0.548857,47.8,0.001000
9800,0.186130,0.997917,0.257698,0.993763,48.3,0.001000
9900,0.132580,1.000000,0.173286,1.000000,48.8,0.001000
10000,0.420709,1.000000,0.524799,0.975052,49.3,0.001000
10100,0.206393,1.000000,0.272518,0.991684,49.8,0.001000
10200,0.144625,1.000000,0.183196,1.000000,50.3,0.001000
10300,0.487545,0.960417,0.700996,0.864865,50.7,0.001000
10400,0.208345,1.000000,0.281754,1.000000,51.2,0.001000
10500,0.138596,1.000000,0.167142,1.000000,51.7,0.001000
10600,0.426653,0.997917,0.539583,0.987526,52.2,0.001000
10700,0.169064,1.000000,0.224134,1.000000,52.7,0.001000
10800,0.172221,1.000000,0.224161,1.000000,53.2,0.001000
10900,0.290637,1.000000,0.383800,0.991684,53.7,0.001000
11000,0.190771,1.000000,0.271063,0.987526,54.2,0.001000
11100,0.139700,1.000000,0.169167,1.000000,54.6,0.001000
11200,0.355838,0.997917,0.473157,0.977131,55.1,0.001000
11300,0.141606,1.000000,0.199683,1.000000,55.6,0.001000
11400,0.699280,0.879167,0.799521,0.839917,56.1,0.001000
11500,0.196593,1.000000,0.266226,0.997921,56.6,0.001000
11600,0.135749,1.000000,0.170160,1.000000,57.1,0.001000
11700,0.708173,0.922917,0.877397,0.858628,57.6,0.001000
11800,0.227912,1.000000,0.309159,0.981289,58.1,0.001000
11900,0.137327,1.000000,0.173795,1.000000,58.5,0.001000
12000,0.710931,0.958333,0.822090,0.923077,59.0,0.001000
12100,0.270743,1.000000,0.347321,1.000000,59.5,0.001000
12200,0.162126,1.000000,0.214569,1.000000,60.0,0.001000
12300,0.144786,1.000000,0.183134,1.000000,60.5,0.001000
12400,1.071911,0.722917,1.236128,0.671518,61.0,0.001000
12500,0.159114,1.000000,0.216586,1.000000,61.5,0.001000
12600,0.127303,1.000000,0.159144,1.000000,62.0,0.001000
12700,0.457832,0.985417,0.593247,0.935551,62.5,0.001000
12800,0.131022,1.000000,0.176047,1.000000,63.0,0.001000
12900,0.457746,0.975000,0.567149,0.925156,63.4,0.001000
13000,0.230922,0.997917,0.316495,0.991684,63.9,0.001000
13100,0.118256,1.000000,0.158412,1.000000,64.4,0.001000
13200,0.134894,1.000000,0.167267,1.000000,64.9,0.001000
13300,0.627709,0.989583,0.803455,0.902287,65.4,0.001000
13400,0.142434,1.000000,0.190718,1.000000,65.9,0.001000
13500,0.132310,1.000000,0.164049,1.000000,66.4,0.001000
13600,0.690231,0.922917,0.902926,0.823285,66.8,0.001000
13700,0.157054,1.000000,0.212907,1.000000,67.3,0.001000
13800,0.143633,1.000000,0.176571,1.000000,67.8,0.001000
13900,0.504461,0.981250,0.652578,0.966736,68.3,0.001000
14000,0.157001,1.000000,0.212508,1.000000,68.8,0.001000
14100,0.129782,1.000000,0.164861,1.000000,69.3,0.001000
14200,0.870350,0.833333,1.117310,0.731809,69.8,0.001000
14300,0.421776,0.991667,0.546502,0.952183,70.2,0.001000
14400,0.162563,1.000000,0.218225,0.997921,70.7,0.001000
14500,0.158999,1.000000,0.223481,1.000000,71.2,0.001000
14600,0.201218,1.000000,0.240724,1.000000,71.7,0.001000
14700,0.299153,1.000000,0.437316,0.962578,72.2,0.001000
14800,0.127159,1.000000,0.170099,1.000000,72.7,0.001000
14900,0.153389,1.000000,0.194810,1.000000,73.1,0.001000
15000,0.344107,1.000000,0.449816,0.987526,73.6,0.001000
15100,0.213409,1.000000,0.280482,0.997921,74.1,0.001000
15200,0.348476,0.985417,0.456415,0.962578,74.6,0.001000
15300,0.232200,1.000000,0.309034,0.997921,75.1,0.001000
15400,0.134138,1.000000,0.163669,1.000000,75.6,0.001000
15500,1.594504,0.495833,1.835670,0.415800,76.1,0.001000
15600,0.351243,1.000000,0.446880,0.985447,76.5,0.001000
15700,0.172793,1.000000,0.223447,1.000000,77.0,0.001000
15800,0.849016,0.858333,1.015816,0.787942,77.5,0.001000
15900,0.142172,1.000000,0.190128,1.000000,78.0,0.001000
16000,0.121840,1.000000,0.147925,1.000000,78.5,0.001000
16100,0.424451,1.000000,0.541651,0.985447,79.0,0.001000
16200,0.141803,1.000000,0.192209,1.000000,79.5,0.001000
16300,0.251402,1.000000,0.305673,0.991684,80.0,0.001000
16400,0.556808,0.991667,0.709476,0.927235,80.5,0.001000
16500,0.154165,1.000000,0.203400,1.000000,81.0,0.001000
16600,0.180220,1.000000,0.221637,1.000000,81.5,0.001000
16700,0.318135,1.000000,0.429390,0.983368,82.0,0.001000
16800,0.120875,1.000000,0.164147,1.000000,82.5,0.001000
16900,0.120485,1.000000,0.157771,1.000000,83.0,0.001000
17000,0.397105,0.983333,0.530557,0.945946,83.4,0.001000
17100,0.173035,1.000000,0.239604,1.000000,83.9,0.001000
17200,0.128750,1.000000,0.161197,1.000000,84.4,0.001000
17300,1.126664,0.797917,1.345038,0.692308,84.9,0.001000
17400,0.158171,1.000000,0.202924,1.000000,85.4,0.001000
17500,0.164690,1.000000,0.220746,0.995842,85.8,0.001000
17600,0.509072,0.979167,0.672513,0.939709,86.3,0.001000
17700,0.163686,1.000000,0.212489,1.000000,86.8,0.001000
17800,0.186278,1.000000,0.222187,1.000000,87.3,0.001000
17900,1.902732,0.454167,2.262283,0.259875,87.8,0.001000
18000,0.203778,1.000000,0.267266,1.000000,88.3,0.001000
18100,0.135723,1.000000,0.164979,1.000000,88.7,0.001000
18200,0.162429,1.000000,0.216073,0.995842,89.2,0.001000
18300,0.134428,1.000000,0.171562,1.000000,89.7,0.001000
18400,0.145063,1.000000,0.177463,1.000000,90.2,0.001000
18500,0.253601,1.000000,0.324393,0.997921,90.6,0.001000
18600,0.146091,1.000000,0.197828,1.000000,91.2,0.001000
18700,0.143682,1.000000,0.180730,1.000000,91.6,0.001000
18800,0.492004,0.985417,0.620744,0.968815,92.1,0.001000
18900,0.140455,1.000000,0.180795,1.000000,92.6,0.001000
19000,0.129973,1.000000,0.160266,1.000000,93.1,0.001000
19100,1.701356,0.508333,1.947825,0.426195,93.6,0.001000
19200,0.187941,1.000000,0.252284,0.995842,94.1,0.001000
19300,0.131361,1.000000,0.157451,1.000000,94.6,0.001000
19400,0.174011,1.000000,0.231984,0.997921,95.1,0.001000
19500,0.128515,1.000000,0.167527,1.000000,95.6,0.001000
19600,0.137625,1.000000,0.176671,1.000000,96.1,0.001000
19700,0.180274,1.000000,0.247140,0.995842,96.6,0.001000
19800,0.291158,1.000000,0.400181,0.981289,97.1,0.001000
19900,0.143524,1.000000,0.184590,1.000000,97.6,0.001000
20000,0.135947,1.000000,0.181220,1.000000,98.1,0.001000
20100,1.545321,0.675000,1.663145,0.646570,98.6,0.001000
20200,0.262841,1.000000,0.329906,0.995842,99.1,0.001000
20300,0.129122,1.000000,0.161164,1.000000,99.6,0.001000
20400,0.135567,1.000000,0.164707,1.000000,100.1,0.001000
20500,0.258647,1.000000,0.336668,0.993763,100.6,0.001000
20600,0.135047,1.000000,0.181004,1.000000,101.1,0.001000
20700,0.153189,1.000000,0.187507,1.000000,101.6,0.001000
20800,0.236220,1.000000,0.315223,0.995842,102.1,0.001000
20900,0.132371,1.000000,0.170693,1.000000,102.6,0.001000
21000,0.147153,1.000000,0.181837,1.000000,103.1,0.001000
21100,0.208581,1.000000,0.294135,0.995842,103.6,0.001000
21200,0.131206,1.000000,0.172852,1.000000,104.1,0.001000
21300,0.131706,1.000000,0.162788,1.000000,104.6,0.001000
21400,0.172139,1.000000,0.235083,0.989605,105.1,0.001000
21500,0.127034,1.000000,0.161330,1.000000,105.5,0.001000
21600,0.586563,0.981250,0.761214,0.923077,106.0,0.001000
21700,0.439887,0.997917,0.586210,0.970894,106.5,0.001000
21800,0.223129,1.000000,0.310345,0.997921,107.0,0.001000
21900,0.135752,1.000000,0.166628,1.000000,107.5,0.001000
22000,0.150348,1.000000,0.181603,1.000000,108.0,0.001000
22100,0.269315,1.000000,0.345806,1.000000,108.5,0.001000
22200,0.123584,1.000000,0.155224,1.000000,109.0,0.001000
22300,0.861790,0.918750,1.073649,0.819127,109.5,0.001000
22400,0.161395,1.000000,0.208825,1.000000,109.9,0.001000
22500,0.123051,1.000000,0.151269,1.000000,110.4,0.001000
22600,0.379253,0.991667,0.522602,0.962578,110.9,0.001000
22700,0.189204,1.000000,0.261734,0.995842,111.4,0.001000
22800,0.130508,1.000000,0.161395,1.000000,111.9,0.001000
22900,0.330203,0.995833,0.448728,0.962578,112.4,0.001000
23000,0.129461,1.000000,0.167274,1.000000,112.9,0.001000
23100,2.363897,0.293750,2.548056,0.239085,113.4,0.001000
23200,0.357557,1.000000,0.460738,0.993763,113.9,0.001000
23300,0.180622,1.000000,0.241046,1.000000,114.3,0.001000
23400,0.141697,1.000000,0.170325,1.000000,114.8,0.001000
23500,0.229934,1.000000,0.304140,0.997921,115.3,0.001000
23600,0.143156,1.000000,0.189019,1.000000,115.8,0.001000
23700,0.147217,1.000000,0.189571,1.000000,116.3,0.001000
23800,1.558065,0.675000,1.754727,0.573805,116.8,0.001000
23900,0.236697,1.000000,0.319654,1.000000,117.2,0.001000
24000,0.137498,1.000000,0.173864,1.000000,117.7,0.001000
24100,0.178384,1.000000,0.226952,0.997921,118.2,0.001000
24200,0.576043,0.995833,0.718377,0.939709,118.7,0.001000
24300,0.183841,1.000000,0.247896,1.000000,119.2,0.001000
24400,0.147211,1.000000,0.190494,1.000000,119.8,0.001000
24500,0.141879,1.000000,0.169321,1.000000,120.2,0.001000
24600,0.428767,0.989583,0.588471,0.939709,120.8,0.001000
24700,0.128547,1.000000,0.166307,1.000000,121.2,0.001000
24800,2.582178,0.268750,2.675168,0.241164,121.7,0.001000
24900,0.167484,1.000000,0.221411,1.000000,122.2,0.001000
25000,0.131193,1.000000,0.157642,1.000000,122.7,0.001000
25100,0.195241,1.000000,0.264738,0.997921,123.2,0.001000
25200,0.124523,1.000000,0.153897,1.000000,123.7,0.001000
25300,0.704625,0.922917,0.879932,0.864865,124.2,0.001000
25400,0.278888,1.000000,0.356893,0.997921,124.7,0.001000
25500,0.132684,1.000000,0.166176,1.000000,125.2,0.001000
25600,0.448378,0.995833,0.559186,0.989605,125.6,0.001000
25700,0.142759,1.000000,0.176736,1.000000,126.1,0.001000
25800,0.930310,0.822917,1.182706,0.748441,126.6,0.001000
25900,0.240960,0.997917,0.314688,0.993763,127.1,0.001000
26000,0.131365,1.000000,0.164511,1.000000,127.6,0.001000
26100,0.206159,1.000000,0.284026,0.995842,128.1,0.001000
26200,0.500274,1.000000,0.617123,0.970894,128.5,0.001000
26300,0.148967,1.000000,0.179848,1.000000,129.0,0.001000
26400,0.684521,0.939583,0.849865,0.869023,129.6,0.001000
26500,0.138854,1.000000,0.176133,1.000000,130.0,0.001000
26600,0.235633,0.997917,0.332039,0.989605,130.5,0.001000
26700,0.127767,1.000000,0.170485,1.000000,131.0,0.001000
26800,0.169146,1.000000,0.225553,1.000000,131.5,0.001000
26900,0.264292,1.000000,0.357139,0.991684,132.0,0.001000
27000,0.149126,1.000000,0.196988,1.000000,132.5,0.001000
27100,0.140099,1.000000,0.175231,1.000000,132.9,0.001000
27200,0.839282,0.912500,1.039082,0.804574,133.4,0.001000
27300,0.160611,1.000000,0.228454,0.991684,133.9,0.001000
27400,0.140107,1.000000,0.179302,1.000000,134.4,0.001000
27500,0.732409,0.914583,0.847748,0.873181,134.9,0.001000
27600,0.132560,1.000000,0.168609,1.000000,135.4,0.001000
27700,2.566732,0.291667,2.711171,0.276507,135.8,0.001000
27800,0.293817,1.000000,0.383679,0.993763,136.3,0.001000
27900,0.137173,1.000000,0.178744,1.000000,136.8,0.001000
28000,0.151450,1.000000,0.189665,1.000000,137.3,0.001000
28100,0.992138,0.912500,1.229917,0.773389,137.8,0.001000
28200,0.144472,1.000000,0.179681,1.000000,138.2,0.001000
28300,1.106441,0.791667,1.207832,0.740125,138.8,0.001000
28400,0.295291,0.997917,0.401620,0.975052,139.2,0.001000
28500,0.137547,1.000000,0.179669,1.000000,139.8,0.001000
28600,0.127825,1.000000,0.157067,1.000000,140.2,0.001000
28700,0.243578,1.000000,0.332568,0.987526,140.7,0.001000
28800,0.119642,1.000000,0.148531,1.000000,141.3,0.001000
28900,2.134095,0.339583,2.347869,0.297297,141.9,0.001000
29000,0.381350,1.000000,0.520111,0.981289,142.4,0.001000
29100,0.153626,1.000000,0.200578,1.000000,142.9,0.001000
29200,0.135698,1.000000,0.169263,1.000000,143.3,0.001000
29300,0.169544,1.000000,0.237905,0.997921,143.8,0.001000
29400,0.248062,1.000000,0.315816,1.000000,144.3,0.001000
29500,1.852738,0.616667,2.127346,0.542620,144.8,0.001000
29600,0.176530,1.000000,0.232180,1.000000,145.3,0.001000
29700,0.907712,0.839583,1.063871,0.756757,145.8,0.001000
29800,0.211211,1.000000,0.293202,0.993763,146.3,0.001000
29900,0.124640,1.000000,0.151659,1.000000,146.7,0.001000
30000,0.380047,0.997917,0.485772,0.995842,147.2,0.001000
30100,0.144860,1.000000,0.185283,1.000000,147.7,0.001000
30200,0.443201,0.975000,0.584810,0.912682,148.2,0.001000
30300,0.139931,1.000000,0.191526,1.000000,148.7,0.001000
30400,0.168438,1.000000,0.218885,1.000000,149.1,0.001000
30500,0.511736,0.989583,0.638664,0.970894,149.6,0.001000
30600,0.183306,1.000000,0.257892,1.000000,150.1,0.001000
30700,0.130940,1.000000,0.161076,1.000000,150.6,0.001000
30800,0.394645,0.997917,0.540413,0.956341,151.1,0.001000
30900,0.147143,1.000000,0.195017,1.000000,151.6,0.001000
31000,0.124766,1.000000,0.148894,1.000000,152.1,0.001000
31100,0.404066,0.997917,0.502832,0.981289,152.6,0.001000
31200,0.135112,1.000000,0.176271,1.000000,153.1,0.001000
31300,0.134607,1.000000,0.163661,1.000000,153.6,0.001000
31400,0.182981,1.000000,0.258246,0.995842,154.1,0.001000
31500,0.188803,1.000000,0.243965,0.997921,154.6,0.001000
31600,0.145997,1.000000,0.183227,1.000000,155.1,0.001000
31700,0.348783,0.995833,0.439807,0.972973,155.6,0.001000
31800,0.186613,1.000000,0.248483,1.000000,156.1,0.001000
31900,0.124885,1.000000,0.158435,1.000000,156.6,0.001000
32000,1.010371,0.816667,1.145890,0.750520,157.1,0.001000
32100,0.220547,1.000000,0.289288,0.997921,157.6,0.001000
32200,0.121899,1.000000,0.151299,1.000000,158.1,0.001000
32300,0.139977,1.000000,0.173011,1.000000,158.6,0.001000
32400,0.395407,0.997917,0.492198,0.983368,159.1,0.001000
32500,0.176041,1.000000,0.226424,0.997921,159.6,0.001000
32600,0.141366,1.000000,0.179044,1.000000,160.1,0.001000
32700,0.151127,1.000000,0.188380,1.000000,160.6,0.001000
32800,0.272129,1.000000,0.352712,0.995842,161.1,0.001000
32900,0.130397,1.000000,0.170862,1.000000,161.6,0.001000
33000,0.129869,1.000000,0.157984,1.000000,162.1,0.001000
33100,1.424206,0.622917,1.626772,0.559252,162.6,0.001000
33200,0.328134,0.997917,0.427652,0.985447,163.1,0.001000
33300,0.142860,1.000000,0.183108,1.000000,163.6,0.001000
33400,0.174217,1.000000,0.224337,1.000000,164.1,0.001000
33500,0.265791,1.000000,0.358369,0.983368,164.6,0.001000
33600,0.203252,1.000000,0.255904,1.000000,165.1,0.001000
33700,0.380554,0.989583,0.468250,0.979210,165.6,0.001000
33800,0.125024,1.000000,0.154963,1.000000,166.1,0.001000
33900,0.656910,0.914583,0.845939,0.841996,166.6,0.001000
34000,0.233804,1.000000,0.313345,0.997921,167.0,0.001000
34100,0.137035,1.000000,0.176199,1.000000,167.5,0.001000
34200,0.387566,0.995833,0.517671,0.948025,168.0,0.001000
34300,0.170398,1.000000,0.246230,0.991684,168.5,0.001000
34400,0.134071,1.000000,0.176518,1.000000,169.0,0.001000
34500,0.611144,0.972917,0.756039,0.925156,169.5,0.001000
34600,0.229690,1.000000,0.310833,0.997921,170.0,0.001000
34700,0.132088,1.000000,0.163977,1.000000,170.5,0.001000
34800,3.602807,0.087500,3.717227,0.079002,171.0,0.001000
34900,0.186663,1.000000,0.258188,0.989605,171.5,0.001000
35000,0.137931,1.000000,0.168699,1.000000,172.0,0.001000
35100,0.228726,1.000000,0.308365,0.993763,172.5,0.001000
35200,0.136635,1.000000,0.178353,1.000000,173.0,0.001000
35300,0.135342,1.000000,0.167978,1.000000,173.5,0.001000
35400,0.506534,0.981250,0.618447,0.935551,174.0,0.001000
35500,0.181071,1.000000,0.245903,1.000000,174.5,0.001000
35600,0.142261,1.000000,0.192240,1.000000,175.0,0.001000
35700,2.033810,0.470833,2.197909,0.417879,175.5,0.001000
35800,0.151572,1.000000,0.206264,1.000000,176.0,0.001000
35900,0.145730,1.000000,0.183284,1.000000,176.5,0.001000
36000,0.209091,1.000000,0.292127,0.997921,177.0,0.001000
36100,0.124691,1.000000,0.160361,1.000000,177.5,0.001000
36200,0.143163,1.000000,0.178636,1.000000,178.0,0.001000
36300,0.538011,0.972917,0.687847,0.941788,178.4,0.001000
36400,0.158475,1.000000,0.216424,1.000000,178.9,0.001000
36500,0.130348,1.000000,0.159149,1.000000,179.4,0.001000
36600,1.541900,0.633333,1.671271,0.573805,180.0,0.001000
36700,0.501988,0.997917,0.645432,0.977131,180.4,0.001000
36800,0.179160,1.000000,0.241240,1.000000,180.9,0.001000
36900,0.132838,1.000000,0.170184,1.000000,181.4,0.001000
37000,0.290310,1.000000,0.400470,0.972973,181.9,0.001000
37100,0.153511,1.000000,0.202830,1.000000,182.4,0.001000
37200,0.136715,1.000000,0.185062,1.000000,182.9,0.001000
37300,0.152761,1.000000,0.188750,1.000000,183.4,0.001000
37400,0.404185,0.995833,0.524295,0.970894,183.9,0.001000
37500,0.139799,1.000000,0.184768,1.000000,184.4,0.001000
37600,0.136993,1.000000,0.172469,1.000000,184.9,0.001000
37700,1.635775,0.595833,1.823141,0.517672,185.3,0.001000
37800,0.173759,1.000000,0.236732,0.995842,185.8,0.001000
37900,0.123170,1.000000,0.149044,1.000000,186.3,0.001000
38000,0.908356,0.789583,1.072004,0.708940,186.8,0.001000
38100,0.847940,0.931250,1.030552,0.850312,187.3,0.001000
38200,0.204947,1.000000,0.263145,1.000000,187.8,0.001000
38300,0.142314,1.000000,0.182566,1.000000,188.3,0.001000
38400,0.146212,1.000000,0.190708,1.000000,188.7,0.001000
38500,0.209996,1.000000,0.287313,0.997921,189.2,0.001000
38600,0.119735,1.000000,0.146213,1.000000,189.7,0.001000
38700,0.180964,1.000000,0.243545,0.993763,190.2,0.001000
38800,0.137767,1.000000,0.177402,1.000000,190.7,0.001000
38900,0.424900,0.997917,0.535409,0.979210,191.2,0.001000
39000,0.161507,1.000000,0.216615,1.000000,191.7,0.001000
39100,0.139675,1.000000,0.167546,1.000000,192.2,0.001000
39200,0.400878,0.993750,0.495053,0.966736,192.7,0.001000
39300,0.140235,1.000000,0.186954,1.000000,193.1,0.001000
39400,0.134223,1.000000,0.167539,1.000000,193.6,0.001000
39500,0.172543,1.000000,0.214229,1.000000,194.1,0.001000
39600,0.925420,0.885417,1.157468,0.750520,194.6,0.001000
39700,0.227559,1.000000,0.282973,1.000000,195.1,0.001000
39800,0.134261,1.000000,0.167623,1.000000,195.6,0.001000
39900,0.415060,0.995833,0.540765,0.952183,196.0,0.001000
40000,0.175650,1.000000,0.239067,1.000000,196.5,0.001000
40100,0.143010,1.000000,0.182125,1.000000,197.0,0.001000
40200,0.589969,0.943750,0.751640,0.900208,197.5,0.001000
40300,0.133059,1.000000,0.175792,1.000000,197.9,0.001000
40400,0.133132,1.000000,0.159478,1.000000,198.4,0.001000
40500,0.445264,0.970833,0.623069,0.925156,198.9,0.001000
40600,0.151711,1.000000,0.204369,1.000000,199.4,0.001000
40700,0.170363,1.000000,0.231156,1.000000,199.9,0.001000
40800,0.137565,1.000000,0.168261,1.000000,200.3,0.001000
40900,0.689166,0.891667,0.857260,0.802495,200.8,0.001000
41000,0.157432,1.000000,0.207362,1.000000,201.3,0.001000
41100,0.154814,1.000000,0.200563,1.000000,201.8,0.001000
41200,0.986624,0.814583,1.231697,0.706861,202.3,0.001000
41300,0.199441,1.000000,0.251884,1.000000,202.8,0.001000
41400,0.140232,1.000000,0.168316,1.000000,203.2,0.001000
41500,0.334287,1.000000,0.430384,0.993763,203.8,0.001000
41600,0.341086,1.000000,0.437459,0.997921,204.2,0.001000
41700,0.139449,1.000000,0.171025,1.000000,204.7,0.001000
41800,0.250182,1.000000,0.340536,0.995842,205.2,0.001000
41900,0.211777,1.000000,0.298722,0.993763,205.7,0.001000
42000,0.140286,1.000000,0.172561,1.000000,206.2,0.001000
42100,0.275918,1.000000,0.350608,0.987526,206.7,0.001000
42200,0.124659,1.000000,0.151923,1.000000,207.2,0.001000
42300,0.631587,0.952083,0.807416,0.893971,207.7,0.001000
42400,0.210520,1.000000,0.282290,1.000000,208.2,0.001000
42500,0.132218,1.000000,0.166567,1.000000,208.7,0.001000
42600,0.849775,0.839583,1.073782,0.731809,209.1,0.001000
42700,0.204939,1.000000,0.282539,0.993763,209.7,0.001000
42800,0.131400,1.000000,0.170955,1.000000,210.2,0.001000
42900,0.125253,1.000000,0.154567,1.000000,210.7,0.001000
43000,0.359292,1.000000,0.487509,0.981289,211.2,0.001000
43100,0.148017,1.000000,0.194353,1.000000,211.7,0.001000
43200,0.141074,1.000000,0.180877,1.000000,212.2,0.001000
43300,0.140065,1.000000,0.172370,1.000000,212.6,0.001000
43400,0.449553,0.993750,0.558599,0.972973,213.1,0.001000
43500,0.139035,1.000000,0.182545,1.000000,213.6,0.001000
43600,0.133057,1.000000,0.168120,1.000000,214.1,0.001000
43700,0.416956,0.997917,0.556492,0.970894,214.6,0.001000
43800,0.182582,1.000000,0.244338,1.000000,215.1,0.001000
43900,0.139628,1.000000,0.175983,1.000000,215.6,0.001000
44000,0.135629,1.000000,0.164929,1.000000,216.1,0.001000
44100,0.280828,1.000000,0.382182,0.991684,216.6,0.001000
44200,0.160891,1.000000,0.220566,1.000000,217.1,0.001000
44300,0.141328,1.000000,0.188193,1.000000,217.6,0.001000
44400,2.829133,0.258333,3.058146,0.185031,218.0,0.001000
44500,0.367359,0.997917,0.468350,0.993763,218.5,0.001000
44600,0.159583,1.000000,0.216154,0.995842,219.0,0.001000
44700,0.137127,1.000000,0.172677,1.000000,219.5,0.001000
44800,1.693003,0.514583,1.867531,0.407484,220.0,0.001000
44900,0.546866,0.989583,0.716583,0.948025,220.5,0.001000
45000,0.232112,1.000000,0.301900,1.000000,221.0,0.001000
45100,0.149275,1.000000,0.184159,1.000000,221.5,0.001000
45200,0.333452,0.997917,0.449916,0.981289,222.0,0.001000
45300,0.160248,1.000000,0.208076,1.000000,222.5,0.001000
45400,0.139005,1.000000,0.177587,1.000000,223.0,0.001000
45500,0.754972,0.858333,0.897598,0.785863,223.4,0.001000
45600,0.159229,1.000000,0.214486,1.000000,223.9,0.001000
45700,0.132578,1.000000,0.172225,1.000000,224.4,0.001000
45800,1.114944,0.702083,1.327993,0.613306,224.9,0.001000
45900,0.496330,0.987500,0.651658,0.931393,225.4,0.001000
46000,0.281945,1.000000,0.375427,0.991684,225.9,0.001000
46100,0.129750,1.000000,0.162325,1.000000,226.4,0.001000
46200,1.178857,0.695833,1.325642,0.619543,226.9,0.001000
46300,0.169428,1.000000,0.233953,0.991684,227.4,0.001000
46400,0.118616,1.000000,0.150724,1.000000,227.9,0.001000
46500,1.997680,0.383333,2.150800,0.324324,228.4,0.001000
46600,0.307717,1.000000,0.399337,0.989605,228.9,0.001000
46700,0.125269,1.000000,0.154738,1.000000,229.4,0.001000
46800,0.341218,0.995833,0.478233,0.941788,229.9,0.001000
46900,0.141547,1.000000,0.193583,1.000000,230.3,0.001000
47000,2.138389,0.414583,2.387156,0.357588,230.8,0.001000
47100,0.510555,0.991667,0.713482,0.916840,231.3,0.001000
47200,0.146998,1.000000,0.189671,1.000000,231.8,0.001000
47300,0.129726,1.000000,0.155235,1.000000,232.3,0.001000
47400,0.714292,0.862500,0.877067,0.794179,232.8,0.001000
47500,0.270632,1.000000,0.368773,0.991684,233.3,0.001000
47600,0.130468,1.000000,0.163012,1.000000,233.8,0.001000
47700,1.565947,0.479167,1.711495,0.432432,234.3,0.001000
47800,0.322841,1.000000,0.424280,0.991684,234.8,0.001000
47900,0.149307,1.000000,0.193493,1.000000,235.2,0.001000
48000,0.132329,1.000000,0.162828,1.000000,235.7,0.001000
48100,0.486451,0.975000,0.661978,0.900208,236.2,0.001000
48200,0.192627,1.000000,0.264209,1.000000,236.7,0.001000
48300,0.128529,1.000000,0.158580,1.000000,237.2,0.001000
48400,1.074666,0.787500,1.216929,0.704782,237.7,0.001000
48500,0.522058,0.987500,0.699842,0.929314,238.2,0.001000
48600,0.171248,1.000000,0.227801,1.000000,238.7,0.001000
48700,0.154838,1.000000,0.197668,1.000000,239.2,0.001000
48800,1.454193,0.708333,1.713316,0.586279,239.7,0.001000
48900,0.308957,1.000000,0.404709,0.997921,240.2,0.001000
49000,0.140190,1.000000,0.176623,1.000000,240.7,0.001000
49100,0.165106,1.000000,0.205498,1.000000,241.2,0.001000
49200,0.263720,1.000000,0.347620,0.993763,241.7,0.001000
49300,0.146750,1.000000,0.191392,1.000000,242.1,0.001000
49400,0.133197,1.000000,0.169654,1.000000,242.6,0.001000
49500,0.146459,1.000000,0.176370,1.000000,243.1,0.001000
49600,0.459155,0.993750,0.573520,0.979210,243.6,0.001000
49700,0.143291,1.000000,0.184946,0.997921,244.1,0.001000
49800,0.135111,1.000000,0.169975,1.000000,244.6,0.001000
49900,0.411757,0.989583,0.541026,0.960499,245.1,0.001000
50000,0.189122,1.000000,0.251907,0.997921,245.6,0.001000
50100,0.133854,1.000000,0.166469,1.000000,246.1,0.001000
50200,1.029621,0.760417,1.213405,0.675676,246.6,0.001000
50300,0.223977,1.000000,0.308148,0.995842,247.1,0.001000
50400,0.243913,1.000000,0.318720,0.993763,247.5,0.001000
50500,0.137934,1.000000,0.165358,1.000000,248.0,0.001000
50600,0.268763,1.000000,0.387015,0.977131,248.5,0.001000
50700,0.279543,1.000000,0.338502,0.979210,249.0,0.001000
50800,0.161161,1.000000,0.206570,1.000000,249.5,0.001000
50900,2.039848,0.479167,2.186837,0.428274,250.0,0.001000
51000,0.531554,0.979167,0.692851,0.925156,250.5,0.001000
51100,0.146155,1.000000,0.190044,1.000000,250.9,0.001000
51200,0.142360,1.000000,0.174987,1.000000,251.4,0.001000
51300,0.422722,0.985417,0.540659,0.962578,251.9,0.001000
51400,0.144242,1.000000,0.185125,1.000000,252.4,0.001000
51500,0.978739,0.764583,1.139009,0.704782,252.9,0.001000
51600,0.134295,1.000000,0.179701,1.000000,253.4,0.001000
51700,0.140099,1.000000,0.177910,1.000000,253.9,0.001000
51800,0.298148,1.000000,0.418803,0.970894,254.4,0.001000
51900,0.127874,1.000000,0.164593,1.000000,254.9,0.001000
52000,0.134272,1.000000,0.164264,1.000000,255.4,0.001000
52100,0.491746,0.956250,0.650387,0.896050,255.8,0.001000
52200,0.229205,1.000000,0.302258,0.997921,256.3,0.001000
52300,0.121422,1.000000,0.149911,1.000000,256.8,0.001000
52400,0.429032,0.985417,0.595404,0.931393,257.3,0.001000
52500,0.260013,1.000000,0.337380,0.993763,257.8,0.001000
52600,0.131406,1.000000,0.163133,1.000000,258.3,0.001000
52700,0.140776,1.000000,0.171865,1.000000,258.7,0.001000
52800,0.385178,1.000000,0.515462,0.983368,259.2,0.001000
52900,0.123403,1.000000,0.148909,1.000000,259.7,0.001000
53000,0.123858,1.000000,0.147369,1.000000,260.2,0.001000
53100,0.231879,1.000000,0.323089,0.989605,260.7,0.001000
53200,0.158738,1.000000,0.229854,0.993763,261.2,0.001000
53300,0.347603,1.000000,0.449751,0.991684,261.7,0.001000
53400,0.174493,1.000000,0.232209,0.997921,262.2,0.001000
53500,0.866042,0.908333,1.119259,0.781705,262.7,0.001000
53600,0.132351,1.000000,0.173780,1.000000,263.2,0.001000
53700,0.137912,1.000000,0.166844,1.000000,263.7,0.001000
53800,0.817224,0.939583,1.002192,0.839917,264.2,0.001000
53900,0.146122,1.000000,0.187347,1.000000,264.7,0.001000
54000,0.317357,0.997917,0.444871,0.968815,265.2,0.001000
54100,0.114949,1.000000,0.145059,1.000000,265.7,0.001000
54200,0.321899,1.000000,0.422554,0.975052,266.2,0.001000
54300,0.183130,1.000000,0.241280,1.000000,266.6,0.001000
54400,0.129519,1.000000,0.158906,1.000000,267.1,0.001000
54500,2.013992,0.435417,2.004422,0.478170,267.6,0.001000
54600,0.440109,0.991667,0.551524,0.987526,268.1,0.001000
54700,0.115363,1.000000,0.146654,1.000000,268.6,0.001000
54800,0.339231,0.991667,0.448380,0.970894,269.1,0.001000
54900,0.231055,1.000000,0.307991,0.997921,269.6,0.001000
55000,0.140896,1.000000,0.176394,1.000000,270.0,0.001000
55100,0.132899,1.000000,0.168764,1.000000,270.6,0.001000
55200,0.996072,0.802083,1.157629,0.717256,271.0,0.001000
55300,0.268922,1.000000,0.364811,0.983368,271.5,0.001000
55400,0.137668,1.000000,0.186466,0.995842,272.0,0.001000
55500,0.141304,1.000000,0.178960,1.000000,272.5,0.001000
55600,0.311794,1.000000,0.429007,0.989605,273.0,0.001000
55700,0.136060,1.000000,0.170580,1.000000,273.5,0.001000
55800,0.142445,1.000000,0.185558,1.000000,274.0,0.001000
55900,0.435822,0.985417,0.553220,0.964657,274.5,0.001000
56000,0.163391,1.000000,0.221660,0.995842,275.0,0.001000
56100,0.143547,1.000000,0.185750,1.000000,275.5,0.001000
56200,0.136284,1.000000,0.164585,1.000000,275.9,0.001000
56300,0.594859,0.966667,0.762750,0.885655,276.4,0.001000
56400,0.185646,1.000000,0.244104,1.000000,276.9,0.001000
56500,0.129308,1.000000,0.155457,1.000000,277.4,0.001000
56600,0.205832,1.000000,0.270626,0.997921,277.9,0.001000
56700,0.121744,1.000000,0.155321,1.000000,278.4,0.001000
56800,0.135124,1.000000,0.172674,1.000000,278.8,0.001000
56900,0.701634,0.947917,0.833977,0.898129,279.3,0.001000
57000,0.503143,1.000000,0.630280,0.960499,279.8,0.001000
57100,1.572391,0.650000,1.719260,0.596674,280.3,0.001000
57200,0.185431,1.000000,0.258817,1.000000,280.8,0.001000
57300,0.141265,1.000000,0.184929,1.000000,281.3,0.001000
57400,0.133563,1.000000,0.161863,1.000000,281.8,0.001000
57500,0.292033,1.000000,0.381043,0.987526,282.3,0.001000
57600,0.126905,1.000000,0.156320,1.000000,282.8,0.001000
57700,0.136096,1.000000,0.163205,1.000000,283.3,0.001000
57800,0.610118,0.958333,0.753028,0.875260,283.7,0.001000
57900,0.161080,1.000000,0.215433,0.993763,284.2,0.001000
58000,0.130867,1.000000,0.162821,1.000000,284.7,0.001000
58100,1.189175,0.637500,1.290428,0.625780,285.2,0.001000
58200,0.237473,1.000000,0.339438,0.985447,285.7,0.001000
58300,0.130673,1.000000,0.171462,1.000000,286.1,0.001000
58400,0.414917,0.983333,0.526796,0.958420,286.6,0.001000
58500,0.122703,1.000000,0.155620,1.000000,287.1,0.001000
58600,0.144088,1.000000,0.176322,1.000000,287.6,0.001000
58700,0.569079,0.989583,0.684115,0.939709,288.1,0.001000
58800,0.238059,1.000000,0.315624,0.989605,288.5,0.001000
58900,0.139448,1.000000,0.183137,1.000000,289.0,0.001000
59000,0.472170,0.972917,0.597215,0.935551,289.5,0.001000
59100,0.358687,1.000000,0.455328,0.995842,290.0,0.001000
59200,0.137332,1.000000,0.172843,1.000000,290.5,0.001000
59300,2.332663,0.435417,2.473353,0.345114,291.0,0.001000
59400,0.197926,1.000000,0.271277,1.000000,291.5,0.001000
59500,0.129665,1.000000,0.173663,1.000000,291.9,0.001000
59600,0.137671,1.000000,0.171264,1.000000,292.4,0.001000
59700,0.328359,1.000000,0.420310,0.989605,292.9,0.001000
59800,0.149081,1.000000,0.198434,1.000000,293.4,0.001000
59900,0.140707,1.000000,0.176768,1.000000,293.9,0.001000
60000,0.648938,0.927083,0.860872,0.856549,294.4,0.001000
60100,0.143758,1.000000,0.192432,1.000000,294.9,0.001000
60200,0.154767,1.000000,0.208334,1.000000,295.4,0.001000
60300,0.183240,1.000000,0.224264,1.000000,295.9,0.001000
60400,0.219062,1.000000,0.290753,0.997921,296.4,0.001000
60500,0.123453,1.000000,0.164336,1.000000,296.9,0.001000
60600,0.131357,1.000000,0.170949,1.000000,297.3,0.001000
60700,0.487708,0.979167,0.594616,0.945946,297.8,0.001000
60800,0.146830,1.000000,0.193149,1.000000,298.3,0.001000
60900,0.133251,1.000000,0.166198,1.000000,298.8,0.001000
61000,0.500330,0.979167,0.686041,0.889813,299.3,0.001000
61100,0.200819,1.000000,0.281256,0.997921,299.8,0.001000
61200,0.144352,1.000000,0.193412,1.000000,300.3,0.001000
61300,1.191773,0.702083,1.435592,0.679834,300.8,0.001000
61400,0.270450,0.997917,0.365494,0.993763,301.3,0.001000
61500,0.146275,1.000000,0.199310,0.995842,301.7,0.001000
61600,0.732706,0.885417,0.940673,0.829522,302.2,0.001000
61700,0.132880,1.000000,0.178190,1.000000,302.7,0.001000
61800,0.128877,1.000000,0.164760,1.000000,303.2,0.001000
61900,0.140508,1.000000,0.167026,1.000000,303.7,0.001000
62000,1.014419,0.812500,1.270672,0.686071,304.2,0.001000
62100,0.206671,1.000000,0.270849,1.000000,304.7,0.001000
62200,0.129635,1.000000,0.165473,1.000000,305.2,0.001000
62300,0.454582,0.989583,0.614044,0.941788,305.7,0.001000
62400,0.146166,1.000000,0.192535,1.000000,306.2,0.001000
62500,0.131647,1.000000,0.166857,1.000000,306.7,0.001000
62600,0.910838,0.850000,1.071001,0.794179,307.2,0.001000
62700,0.190635,1.000000,0.248912,1.000000,307.7,0.001000
62800,0.311020,1.000000,0.384164,1.000000,308.2,0.001000
62900,0.839879,0.891667,1.062314,0.804574,308.7,0.001000
63000,0.237461,1.000000,0.307657,1.000000,309.2,0.001000
63100,0.127861,1.000000,0.155745,1.000000,309.7,0.001000
63200,0.472765,0.991667,0.662412,0.927235,310.2,0.001000
63300,0.198837,1.000000,0.273184,1.000000,310.7,0.001000
63400,0.150508,1.000000,0.199515,1.000000,311.2,0.001000
63500,0.168804,1.000000,0.212510,0.997921,311.7,0.001000
63600,0.446057,0.993750,0.573589,0.958420,312.1,0.001000
63700,0.157163,1.000000,0.223581,0.995842,312.6,0.001000
63800,0.138341,1.000000,0.179641,1.000000,313.1,0.001000
63900,0.223441,1.000000,0.298132,0.993763,313.6,0.001000
64000,0.135564,1.000000,0.174840,1.000000,314.1,0.001000
64100,0.142428,1.000000,0.172281,1.000000,314.6,0.001000
64200,1.353993,0.652083,1.490683,0.569647,315.1,0.001000
64300,0.212682,1.000000,0.289965,0.997921,315.6,0.001000
64400,0.134805,1.000000,0.174756,1.000000,316.1,0.001000
64500,0.747356,0.887500,0.848747,0.877339,316.6,0.001000
64600,0.166498,1.000000,0.226361,1.000000,317.1,0.001000
64700,0.128944,1.000000,0.174166,0.995842,317.5,0.001000
64800,0.131951,1.000000,0.161766,1.000000,318.1,0.001000
64900,0.519391,0.977083,0.643393,0.958420,318.5,0.001000
65000,0.156948,1.000000,0.208837,1.000000,319.1,0.001000
65100,0.133805,1.000000,0.168451,1.000000,319.5,0.001000
65200,0.260654,1.000000,0.336737,0.993763,320.0,0.001000
65300,0.140019,1.000000,0.184161,1.000000,320.5,0.001000
65400,0.130498,1.000000,0.165499,1.000000,321.0,0.001000
65500,0.183151,1.000000,0.219893,1.000000,321.5,0.001000
65600,0.312863,1.000000,0.404465,0.995842,322.0,0.001000
65700,0.135294,1.000000,0.176267,1.000000,322.5,0.001000
65800,0.148893,1.000000,0.193740,1.000000,323.0,0.001000
65900,0.705489,0.927083,0.909968,0.841996,323.5,0.001000
66000,0.281013,1.000000,0.378154,0.989605,324.0,0.001000
66100,0.148374,1.000000,0.192961,1.000000,324.5,0.001000
66200,0.134810,1.000000,0.161558,1.000000,325.0,0.001000
66300,0.753364,0.931250,0.922900,0.856549,325.5,0.001000
66400,0.137289,1.000000,0.177484,1.000000,326.0,0.001000
66500,0.134470,1.000000,0.163995,1.000000,326.5,0.001000
66600,0.271735,1.000000,0.378504,0.989605,327.0,0.001000
66700,0.158911,1.000000,0.206270,1.000000,327.5,0.001000
66800,0.151705,1.000000,0.185473,1.000000,328.0,0.001000
66900,0.149526,1.000000,0.197889,1.000000,328.4,0.001000
67000,0.147378,1.000000,0.176437,1.000000,328.9,0.001000
67100,0.817993,0.839583,1.047122,0.760915,329.4,0.001000
67200,0.132429,1.000000,0.163018,1.000000,329.9,0.001000
67300,0.120462,1.000000,0.147045,1.000000,330.4,0.001000
67400,2.054812,0.368750,2.203186,0.328482,330.9,0.001000
67500,0.247737,1.000000,0.322292,0.989605,331.4,0.001000
67600,0.121945,1.000000,0.156724,1.000000,331.9,0.001000
67700,0.133927,1.000000,0.169978,1.000000,332.4,0.001000
67800,0.481332,0.989583,0.644481,0.950104,332.9,0.001000
67900,0.142473,1.000000,0.185368,1.000000,333.4,0.001000
68000,0.217350,1.000000,0.272439,0.995842,333.9,0.001000
68100,0.148245,1.000000,0.201314,0.997921,334.3,0.001000
68200,0.129790,1.000000,0.172639,1.000000,334.8,0.001000
68300,0.145727,1.000000,0.184051,1.000000,335.3,0.001000
68400,0.574304,0.970833,0.687694,0.952183,335.8,0.001000
68500,0.167628,1.000000,0.230682,1.000000,336.3,0.001000
68600,0.127085,1.000000,0.156167,1.000000,336.8,0.001000
68700,0.522889,0.979167,0.668918,0.945946,337.3,0.001000
68800,0.141547,1.000000,0.182788,1.000000,337.8,0.001000
68900,0.148477,1.000000,0.197844,1.000000,338.3,0.001000
69000,0.394396,1.000000,0.514439,0.983368,338.7,0.001000
69100,0.225388,1.000000,0.298797,0.995842,339.2,0.001000
69200,0.141901,1.000000,0.178465,1.000000,339.7,0.001000
69300,0.433634,0.993750,0.547240,0.968815,340.2,0.001000
69400,0.142775,1.000000,0.188142,1.000000,340.7,0.001000
69500,0.127651,1.000000,0.157551,1.000000,341.2,0.001000
69600,0.938889,0.918750,1.110147,0.817048,341.7,0.001000
69700,0.171829,1.000000,0.225041,1.000000,342.2,0.001000
69800,0.129056,1.000000,0.161874,1.000000,342.7,0.001000
69900,2.347137,0.420833,2.465246,0.411642,343.2,0.001000
70000,0.265473,1.000000,0.354393,0.995842,343.6,0.001000
70100,0.130354,1.000000,0.166175,1.000000,344.1,0.001000
70200,0.855370,0.868750,1.012176,0.817048,344.6,0.001000
70300,0.154501,1.000000,0.218117,0.991684,345.1,0.001000
70400,0.125949,1.000000,0.154887,1.000000,345.6,0.001000
70500,0.631692,0.968750,0.787711,0.900208,346.1,0.001000
70600,0.131181,1.000000,0.171809,1.000000,346.6,0.001000
70700,0.941333,0.783333,1.125720,0.677755,347.1,0.001000
70800,0.354785,1.000000,0.459637,0.989605,347.6,0.001000
70900,1.714198,0.575000,2.023482,0.486486,348.0,0.001000
71000,0.139129,1.000000,0.179500,1.000000,348.5,0.001000
71100,0.132375,1.000000,0.157751,1.000000,349.0,0.001000
71200,0.341674,1.000000,0.424601,0.989605,349.5,0.001000
71300,0.136140,1.000000,0.171845,1.000000,350.0,0.001000
71400,0.119449,1.000000,0.145038,1.000000,350.5,0.001000
71500,0.201705,1.000000,0.253139,1.000000,351.0,0.001000
71600,0.317048,0.993750,0.432819,0.985447,351.5,0.001000
71700,0.243680,1.000000,0.310259,1.000000,352.0,0.001000
71800,0.278114,0.997917,0.378995,0.983368,352.5,0.001000
71900,0.165252,1.000000,0.221401,1.000000,352.9,0.001000
72000,0.135522,1.000000,0.166940,1.000000,353.4,0.001000
72100,0.355310,0.989583,0.467938,0.956341,353.9,0.001000
72200,0.168628,1.000000,0.238177,1.000000,354.4,0.001000
72300,0.159891,1.000000,0.220071,0.993763,354.9,0.001000
72400,0.142974,1.000000,0.179818,1.000000,355.4,0.001000
72500,0.610985,0.943750,0.774782,0.866944,355.9,0.001000
72600,0.159972,1.000000,0.212017,1.000000,356.3,0.001000
72700,0.132044,1.000000,0.162420,1.000000,356.8,0.001000
72800,0.614027,0.943750,0.757149,0.879418,357.3,0.001000
72900,0.197817,1.000000,0.277728,0.993763,357.8,0.001000
73000,0.122420,1.000000,0.146007,1.000000,358.3,0.001000
73100,0.236872,1.000000,0.314860,0.997921,358.8,0.001000
73200,0.156493,1.000000,0.221696,0.993763,359.3,0.001000
73300,0.136379,1.000000,0.162455,1.000000,359.8,0.001000
73400,0.235423,1.000000,0.289950,0.995842,360.3,0.001000
73500,0.262171,1.000000,0.350058,0.985447,360.8,0.001000
73600,0.127787,1.000000,0.167061,1.000000,361.3,0.001000
73700,0.718027,0.868750,0.921538,0.775468,361.8,0.001000
73800,0.214257,1.000000,0.290041,0.991684,362.3,0.001000
73900,0.128373,1.000000,0.162671,1.000000,362.8,0.001000
74000,1.447061,0.585417,1.604298,0.484407,363.3,0.001000
74100,0.288865,1.000000,0.398078,0.995842,363.8,0.001000
74200,0.128502,1.000000,0.171424,0.995842,364.3,0.001000
74300,0.142561,1.000000,0.188286,1.000000,364.8,0.001000
74400,1.079460,0.777083,1.296605,0.750520,365.3,0.001000
74500,0.225100,1.000000,0.294378,1.000000,365.8,0.001000
74600,0.137157,1.000000,0.175146,1.000000,366.2,0.001000
74700,0.892483,0.870833,1.083418,0.794179,366.7,0.001000
74800,0.184510,1.000000,0.261030,0.985447,367.2,0.001000
74900,0.152622,1.000000,0.201444,0.995842,367.7,0.001000
75000,0.139125,1.000000,0.168432,1.000000,368.2,0.001000
75100,0.527192,0.997917,0.644893,0.968815,368.7,0.001000
75200,0.173584,1.000000,0.223794,1.000000,369.2,0.001000
75300,0.144187,1.000000,0.185604,1.000000,369.7,0.001000
75400,0.639001,0.931250,0.839812,0.858628,370.2,0.001000
75500,0.173329,1.000000,0.233992,1.000000,370.7,0.001000
75600,0.124661,1.000000,0.150309,1.000000,371.2,0.001000
75700,0.928826,0.847917,1.170864,0.754678,371.7,0.001000
75800,0.172192,1.000000,0.219876,1.000000,372.2,0.001000
75900,0.124181,1.000000,0.152681,1.000000,372.7,0.001000
76000,0.347533,0.997917,0.467396,0.981289,373.1,0.001000
76100,0.291905,1.000000,0.377224,0.989605,373.6,0.001000
76200,0.168190,1.000000,0.203367,1.000000,374.1,0.001000
76300,0.119815,1.000000,0.155841,1.000000,374.6,0.001000
76400,0.127045,1.000000,0.156498,1.000000,375.1,0.001000
76500,0.465276,0.995833,0.586224,0.979210,375.6,0.001000
76600,0.132151,1.000000,0.164683,1.000000,376.1,0.001000
76700,0.527855,0.972917,0.686568,0.908524,376.6,0.001000
76800,0.120960,1.000000,0.153629,1.000000,377.1,0.001000
76900,0.146390,1.000000,0.194854,1.000000,377.6,0.001000
77000,0.131479,1.000000,0.172469,1.000000,378.1,0.001000
77100,0.845984,0.862500,1.131723,0.744283,378.6,0.001000
77200,0.167968,1.000000,0.228868,1.000000,379.1,0.001000
77300,0.128787,1.000000,0.169328,1.000000,379.6,0.001000
77400,2.706265,0.266667,2.901164,0.205821,380.1,0.001000
77500,0.406764,1.000000,0.504605,0.979210,380.5,0.001000
77600,0.161954,1.000000,0.208528,1.000000,381.0,0.001000
77700,0.131151,1.000000,0.163299,1.000000,381.5,0.001000
77800,0.472876,0.970833,0.613321,0.916840,382.0,0.001000
77900,0.116958,1.000000,0.144622,1.000000,382.5,0.001000
78000,0.908227,0.783333,1.080510,0.746362,383.0,0.001000
78100,0.154752,1.000000,0.219280,0.997921,383.5,0.001000
78200,0.122667,1.000000,0.151867,1.000000,384.0,0.001000
78300,0.489690,0.968750,0.606518,0.918919,384.5,0.001000
78400,0.228842,1.000000,0.315135,0.997921,385.0,0.001000
78500,0.125844,1.000000,0.158822,1.000000,385.5,0.001000
78600,2.405806,0.377083,2.657006,0.320166,386.0,0.001000
78700,0.251554,1.000000,0.341027,0.993763,386.4,0.001000
78800,0.158020,1.000000,0.207088,1.000000,386.9,0.001000
78900,0.142051,1.000000,0.175255,1.000000,387.4,0.001000
79000,0.719364,0.910417,0.941424,0.814969,387.9,0.001000
79100,0.200519,1.000000,0.260429,0.995842,388.4,0.001000
79200,0.128377,1.000000,0.160058,1.000000,388.9,0.001000
79300,0.130504,1.000000,0.157769,1.000000,389.3,0.001000
79400,0.603243,0.956250,0.791330,0.869023,389.8,0.001000
79500,0.156998,1.000000,0.218271,1.000000,390.3,0.001000
79600,0.143630,1.000000,0.190395,1.000000,390.8,0.001000
79700,0.521937,0.962500,0.664877,0.927235,391.3,0.001000
79800,0.176361,1.000000,0.256574,0.989605,391.8,0.001000
79900,0.118268,1.000000,0.151711,1.000000,392.3,0.001000
80000,1.533557,0.612500,1.738507,0.567568,392.8,0.001000
80100,0.285622,0.995833,0.396370,0.972973,393.3,0.001000
80200,0.127094,1.000000,0.167454,1.000000,393.8,0.001000
80300,2.151720,0.358333,2.284597,0.280665,394.3,0.001000
80400,0.191665,1.000000,0.267631,0.991684,394.8,0.001000
80500,0.125448,1.000000,0.162876,1.000000,395.3,0.001000
80600,0.128917,1.000000,0.161911,1.000000,395.8,0.001000
80700,2.427004,0.352083,2.511785,0.303534,396.2,0.001000
80800,0.337842,0.995833,0.448486,0.993763,396.7,0.001000
80900,0.163815,1.000000,0.221045,0.997921,397.2,0.001000
81000,0.142420,1.000000,0.179897,1.000000,397.7,0.001000
81100,0.654527,0.927083,0.798678,0.858628,398.2,0.001000
81200,0.320226,1.000000,0.431464,0.977131,398.7,0.001000
81300,0.140635,1.000000,0.184706,1.000000,399.2,0.001000
81400,0.130059,1.000000,0.158751,1.000000,399.7,0.001000
81500,0.963891,0.912500,1.133912,0.812890,400.2,0.001000
81600,0.150356,1.000000,0.194865,1.000000,400.7,0.001000
81700,0.135926,1.000000,0.170647,1.000000,401.2,0.001000
81800,0.475556,0.981250,0.612384,0.941788,401.6,0.001000
81900,0.182046,1.000000,0.248652,1.000000,402.1,0.001000
82000,0.146792,1.000000,0.201331,1.000000,402.6,0.001000
82100,0.480229,0.929167,0.553977,0.912682,403.1,0.001000
82200,0.357680,1.000000,0.470604,0.981289,403.6,0.001000
82300,0.127619,1.000000,0.161021,1.000000,404.0,0.001000
82400,0.858167,0.781250,1.058864,0.715177,404.6,0.001000
82500,0.439372,0.993750,0.563093,0.970894,405.0,0.001000
82600,0.121697,1.000000,0.145850,1.000000,405.6,0.001000
82700,0.796513,0.860417,1.013263,0.762994,406.0,0.001000
82800,0.131828,1.000000,0.169872,1.000000,406.6,0.001000
82900,0.122240,1.000000,0.150726,1.000000,407.1,0.001000
83000,0.294024,1.000000,0.388901,0.989605,407.6,0.001000
83100,0.135886,1.000000,0.169838,1.000000,408.1,0.001000
83200,0.242400,1.000000,0.328342,0.989605,408.6,0.001000
83300,0.132050,1.000000,0.172202,1.000000,409.1,0.001000
83400,0.128393,1.000000,0.161655,1.000000,409.6,0.001000
83500,0.462309,0.995833,0.583752,0.966736,410.1,0.001000
83600,0.173033,1.000000,0.242280,1.000000,410.7,0.001000
83700,0.145497,1.000000,0.182902,1.000000,411.1,0.001000
83800,0.145800,1.000000,0.176343,1.000000,411.7,0.001000
83900,0.173948,1.000000,0.232686,1.000000,412.2,0.001000
84000,0.124234,1.000000,0.155335,1.000000,412.7,0.001000
84100,0.168756,1.000000,0.247430,0.993763,413.2,0.001000
84200,0.211681,0.997917,0.296755,0.985447,413.7,0.001000
84300,0.120364,1.000000,0.153408,1.000000,414.1,0.001000
84400,0.126358,1.000000,0.156212,1.000000,414.6,0.001000
84500,1.161684,0.691667,1.358160,0.617464,415.1,0.001000
84600,0.231738,1.000000,0.304267,0.997921,415.6,0.001000
84700,0.119925,1.000000,0.153607,1.000000,416.1,0.001000
84800,0.174516,1.000000,0.218183,0.995842,416.6,0.001000
84900,0.587379,0.981250,0.707879,0.956341,417.1,0.001000
85000,0.156843,1.000000,0.214950,0.995842,417.6,0.001000
85100,0.442696,0.975000,0.554957,0.935551,418.1,0.001000
85200,0.371138,0.997917,0.483358,0.964657,418.6,0.001000
85300,0.161093,1.000000,0.219461,1.000000,419.1,0.001000
85400,0.141005,1.000000,0.180617,1.000000,419.6,0.001000
85500,0.555830,0.983333,0.725336,0.931393,420.1,0.001000
85600,0.146338,1.000000,0.190565,1.000000,420.6,0.001000
85700,2.719403,0.293750,2.923233,0.185031,421.1,0.001000
85800,0.164013,1.000000,0.230266,1.000000,421.6,0.001000
85900,0.134303,1.000000,0.169939,1.000000,422.1,0.001000
86000,0.680897,0.910417,0.834401,0.873181,422.6,0.001000
86100,0.142462,1.000000,0.188808,1.000000,423.1,0.001000
86200,2.367264,0.164583,2.576219,0.147609,423.6,0.001000
86300,0.190327,1.000000,0.295829,0.977131,424.1,0.001000
86400,0.133877,1.000000,0.177983,1.000000,424.6,0.001000
86500,0.132242,1.000000,0.164097,1.000000,425.1,0.001000
86600,0.158603,1.000000,0.190916,1.000000,425.6,0.001000
86700,0.231559,1.000000,0.322128,0.985447,426.1,0.001000
86800,0.128684,1.000000,0.163823,1.000000,426.6,0.001000
86900,1.309816,0.785417,1.585239,0.623701,427.1,0.001000
87000,0.153430,1.000000,0.194162,1.000000,427.6,0.001000
87100,0.132401,1.000000,0.159695,1.000000,428.1,0.001000
87200,0.454822,0.995833,0.577350,0.972973,428.6,0.001000
87300,0.155300,1.000000,0.211486,1.000000,429.1,0.001000
87400,0.123050,1.000000,0.151731,1.000000,429.6,0.001000
87500,1.548789,0.581250,1.698998,0.532225,430.1,0.001000
87600,0.491931,0.989583,0.639880,0.945946,430.6,0.001000
87700,0.131025,1.000000,0.176532,1.000000,431.1,0.001000
87800,0.124742,1.000000,0.159527,1.000000,431.6,0.001000
87900,0.878425,0.829167,0.994401,0.756757,432.1,0.001000
88000,0.123448,1.000000,0.157082,1.000000,432.6,0.001000
88100,2.930448,0.204167,3.107833,0.139293,433.1,0.001000
88200,0.332001,1.000000,0.432645,0.989605,433.5,0.001000
88300,0.151799,1.000000,0.202030,0.997921,434.0,0.001000
88400,0.127577,1.000000,0.153308,1.000000,434.5,0.001000
88500,0.895272,0.822917,1.044921,0.773389,435.0,0.001000
88600,0.366018,0.991667,0.493448,0.960499,435.5,0.001000
88700,0.144226,1.000000,0.194615,1.000000,435.9,0.001000
88800,0.135115,1.000000,0.167371,1.000000,436.4,0.001000
88900,0.181414,1.000000,0.221809,1.000000,436.9,0.001000
89000,0.349484,0.997917,0.472966,0.985447,437.4,0.001000
89100,0.146095,1.000000,0.187205,1.000000,437.9,0.001000
89200,0.124069,1.000000,0.153020,1.000000,438.4,0.001000
89300,0.497330,0.987500,0.693940,0.900208,438.9,0.001000
89400,0.157634,1.000000,0.210136,1.000000,439.4,0.001000
89500,0.131840,1.000000,0.164939,1.000000,439.9,0.001000
89600,0.164414,1.000000,0.197355,1.000000,440.4,0.001000
89700,0.255268,1.000000,0.331886,0.993763,440.9,0.001000
89800,0.130758,1.000000,0.175341,0.995842,441.4,0.001000
89900,0.128432,1.000000,0.162097,1.000000,441.9,0.001000
90000,0.314592,1.000000,0.431333,0.983368,442.4,0.001000
90100,0.135887,1.000000,0.185709,1.000000,442.8,0.001000
90200,0.125596,1.000000,0.162303,1.000000,443.3,0.001000
90300,0.186912,1.000000,0.234512,1.000000,443.8,0.001000
90400,0.332780,1.000000,0.419285,0.995842,444.3,0.001000
90500,0.134838,1.000000,0.178476,1.000000,444.8,0.001000
90600,0.133402,1.000000,0.169150,1.000000,445.3,0.001000
90700,2.051057,0.333333,2.180684,0.274428,445.8,0.001000
90800,0.454033,0.997917,0.574008,0.983368,446.3,0.001000
90900,0.166847,1.000000,0.218663,1.000000,446.7,0.001000
91000,0.134412,1.000000,0.172841,1.000000,447.2,0.001000
91100,0.140029,1.000000,0.168417,1.000000,447.7,0.001000
91200,0.444981,0.985417,0.611801,0.925156,448.2,0.001000
91300,0.131648,1.000000,0.170082,1.000000,448.7,0.001000
91400,2.744687,0.222917,2.912614,0.226611,449.2,0.001000
91500,0.478107,0.995833,0.628524,0.964657,449.7,0.001000
91600,0.286733,1.000000,0.375887,0.989605,450.2,0.001000
91700,0.134963,1.000000,0.166659,1.000000,450.7,0.001000
91800,0.972707,0.837500,1.214682,0.758836,451.2,0.001000
91900,0.164387,1.000000,0.219133,1.000000,451.7,0.001000
92000,0.122618,1.000000,0.150509,1.000000,452.2,0.001000
92100,0.547646,0.964583,0.701377,0.902287,452.7,0.001000
92200,0.123285,1.000000,0.158098,1.000000,453.2,0.001000
92300,0.454687,0.981250,0.611967,0.920998,453.6,0.001000
92400,0.148202,1.000000,0.205771,0.997921,454.1,0.001000
92500,0.130334,1.000000,0.166492,1.000000,454.6,0.001000
92600,0.554011,0.952083,0.670692,0.900208,455.1,0.001000
92700,0.138321,1.000000,0.178672,1.000000,455.6,0.001000
92800,0.127047,1.000000,0.160434,1.000000,456.1,0.001000
92900,1.236582,0.766667,1.470876,0.652807,456.6,0.001000
93000,0.242091,1.000000,0.315668,0.995842,457.0,0.001000
93100,0.128818,1.000000,0.160653,1.000000,457.5,0.001000
93200,2.073245,0.383333,2.321614,0.305613,458.0,0.001000
93300,0.221745,1.000000,0.290029,0.995842,458.5,0.001000
93400,0.116448,1.000000,0.143082,1.000000,459.0,0.001000
93500,0.240784,1.000000,0.323078,0.989605,459.5,0.001000
93600,0.135716,1.000000,0.175193,1.000000,460.0,0.001000
93700,0.129351,1.000000,0.159129,1.000000,460.5,0.001000
93800,0.610503,0.964583,0.782151,0.887734,460.9,0.001000
93900,0.155266,1.000000,0.218819,0.991684,461.4,0.001000
94000,0.140796,1.000000,0.189831,1.000000,461.9,0.001000
94100,0.145971,1.000000,0.179464,1.000000,462.4,0.001000
94200,0.639778,0.943750,0.858217,0.864865,462.9,0.001000
94300,0.306919,1.000000,0.419008,0.972973,463.4,0.001000
94400,0.139356,1.000000,0.177448,1.000000,463.9,0.001000
94500,0.425460,0.987500,0.567281,0.945946,464.4,0.001000
94600,0.306085,1.000000,0.396398,0.997921,464.8,0.001000
94700,0.151351,1.000000,0.198302,1.000000,465.3,0.001000
94800,0.135283,1.000000,0.169650,1.000000,465.9,0.001000
94900,0.801749,0.895833,1.029497,0.765073,466.4,0.001000
95000,0.124992,1.000000,0.155055,1.000000,466.8,0.001000
95100,0.876842,0.825000,1.132302,0.738046,467.3,0.001000
95200,0.218999,1.000000,0.308911,0.991684,467.8,0.001000
95300,0.138109,1.000000,0.172036,1.000000,468.3,0.001000
95400,0.128019,1.000000,0.151220,1.000000,468.8,0.001000
95500,0.235653,1.000000,0.327721,0.985447,469.3,0.001000
95600,0.130830,1.000000,0.169372,1.000000,469.8,0.001000
95700,0.125042,1.000000,0.156559,1.000000,470.2,0.001000
95800,1.233561,0.750000,1.390346,0.727651,470.7,0.001000
95900,0.201722,1.000000,0.281082,0.993763,471.2,0.001000
96000,0.132473,1.000000,0.170101,1.000000,471.7,0.001000
96100,1.130139,0.758333,1.387179,0.621622,472.2,0.001000
96200,0.228209,0.997917,0.325476,0.985447,472.7,0.001000
96300,0.215827,1.000000,0.308894,0.995842,473.1,0.001000
96400,0.130424,1.000000,0.160174,1.000000,473.6,0.001000
96500,0.481609,0.983333,0.613809,0.950104,474.1,0.001000
96600,0.457150,0.997917,0.572520,0.960499,474.6,0.001000
96700,0.304223,0.991667,0.386164,0.962578,475.1,0.001000
96800,0.122649,1.000000,0.155782,1.000000,475.6,0.001000
96900,0.117370,1.000000,0.143929,1.000000,476.1,0.001000
97000,0.843290,0.860417,1.128640,0.750520,476.6,0.001000
97100,0.567545,1.000000,0.718420,0.962578,477.0,0.001000
97200,0.124527,1.000000,0.153303,1.000000,477.5,0.001000
97300,0.969589,0.787500,1.143622,0.677755,478.0,0.001000
97400,0.205582,1.000000,0.279994,0.993763,478.5,0.001000
97500,0.125637,1.000000,0.156240,1.000000,478.9,0.001000
97600,0.134987,1.000000,0.165119,1.000000,479.4,0.001000
97700,0.233233,1.000000,0.319560,0.993763,479.9,0.001000
97800,0.169428,1.000000,0.219256,0.997921,480.4,0.001000
97900,0.135555,1.000000,0.164995,1.000000,480.9,0.001000
98000,0.779750,0.870833,0.940228,0.790021,481.4,0.001000
98100,0.377680,0.997917,0.492249,0.979210,481.9,0.001000
98200,0.134319,1.000000,0.171489,1.000000,482.4,0.001000
98300,1.535647,0.552083,1.775868,0.480249,482.9,0.001000
98400,0.386563,0.997917,0.493809,0.989605,483.4,0.001000
98500,0.326387,1.000000,0.425604,0.987526,483.9,0.001000
98600,0.159585,1.000000,0.194007,1.000000,484.4,0.001000
98700,0.146856,1.000000,0.179281,1.000000,484.9,0.001000
98800,0.293264,1.000000,0.385603,0.991684,485.4,0.001000
98900,0.172578,1.000000,0.237275,0.995842,485.9,0.001000
99000,0.133068,1.000000,0.164544,1.000000,486.3,0.001000
99100,0.320669,1.000000,0.428053,0.985447,486.8,0.001000
99200,0.187720,1.000000,0.260214,1.000000,487.3,0.001000
99300,0.156786,1.000000,0.203868,1.000000,487.8,0.001000
99400,0.132010,1.000000,0.162533,1.000000,488.3,0.001000
99500,1.291496,0.702083,1.478613,0.629938,488.8,0.001000
99600,0.332777,1.000000,0.434062,0.993763,489.3,0.001000
99700,0.137285,1.000000,0.168557,1.000000,489.8,0.001000
99800,0.160263,1.000000,0.194009,1.000000,490.3,0.001000
99900,0.330541,1.000000,0.432592,0.991684,490.8,0.001000
100000,0.156940,1.000000,0.200244,1.000000,491.2,0.001000
100100,0.920944,0.847917,1.100649,0.779626,491.8,0.001000
100200,0.248145,1.000000,0.337186,0.987526,492.3,0.001000
100300,0.150188,1.000000,0.199692,1.000000,492.7,0.001000
100400,0.193521,1.000000,0.245047,1.000000,493.2,0.001000
100500,0.622738,0.983333,0.767352,0.914761,493.7,0.001000
100600,0.142609,1.000000,0.177582,1.000000,494.2,0.001000
100700,0.340432,1.000000,0.439578,0.979210,494.7,0.001000
100800,0.149882,1.000000,0.200084,1.000000,495.2,0.001000
100900,0.130402,1.000000,0.166696,1.000000,495.6,0.001000
101000,0.874842,0.881250,1.098392,0.773389,496.1,0.001000
101100,0.167652,1.000000,0.223873,0.997921,496.6,0.001000
101200,0.134070,1.000000,0.162416,1.000000,497.1,0.001000
101300,0.797999,0.872917,0.986101,0.804574,497.6,0.001000
101400,0.139585,1.000000,0.176520,1.000000,498.0,0.001000
101500,0.522523,0.931250,0.623369,0.891892,498.5,0.001000
101600,0.376210,0.995833,0.508164,0.952183,499.0,0.001000
101700,0.119835,1.000000,0.154891,1.000000,499.5,0.001000
101800,1.259489,0.654167,1.437667,0.557173,500.0,0.001000
101900,0.264699,1.000000,0.363569,0.985447,500.5,0.001000
102000,0.197126,1.000000,0.258592,1.000000,501.0,0.001000
102100,0.142040,1.000000,0.172520,1.000000,501.5,0.001000
102200,0.338669,0.997917,0.450438,0.968815,502.0,0.001000
102300,0.136716,1.000000,0.190629,1.000000,502.4,0.001000
102400,0.119797,1.000000,0.153609,1.000000,502.9,0.001000
102500,0.204780,1.000000,0.245634,1.000000,503.5,0.001000
102600,0.182663,1.000000,0.247542,0.989605,503.9,0.001000
102700,0.228916,1.000000,0.289701,1.000000,504.5,0.001000
102800,0.133128,1.000000,0.157902,1.000000,504.9,0.001000
102900,0.528092,0.941667,0.654608,0.891892,505.4,0.001000
103000,0.118801,1.000000,0.155664,1.000000,505.9,0.001000
103100,0.133603,1.000000,0.177627,1.000000,506.4,0.001000
103200,0.461045,0.983333,0.598673,0.945946,506.9,0.001000
103300,0.127636,1.000000,0.163812,1.000000,507.3,0.001000
103400,0.149347,1.000000,0.186224,1.000000,507.8,0.001000
103500,0.696765,0.952083,0.875288,0.841996,508.3,0.001000
103600,0.140671,1.000000,0.190900,0.997921,508.8,0.001000
103700,0.124583,1.000000,0.149755,1.000000,509.3,0.001000
103800,0.194494,1.000000,0.261836,0.993763,509.8,0.001000
103900,0.115135,1.000000,0.148120,1.000000,510.3,0.001000
104000,0.129824,1.000000,0.166628,1.000000,510.8,0.001000
104100,1.115141,0.704167,1.294720,0.636175,511.3,0.001000
104200,0.703800,0.954167,0.871607,0.906445,511.7,0.001000
104300,0.201681,1.000000,0.276483,0.995842,512.2,0.001000
104400,0.150566,1.000000,0.195700,1.000000,512.7,0.001000
104500,0.557516,0.964583,0.693814,0.912682,513.2,0.001000
104600,0.269658,1.000000,0.354631,1.000000,513.7,0.001000
104700,0.237484,1.000000,0.318017,0.993763,514.2,0.001000
104800,0.144210,1.000000,0.182862,1.000000,514.7,0.001000
104900,0.212687,1.000000,0.288946,0.989605,515.2,0.001000
105000,0.326827,1.000000,0.420423,0.995842,515.6,0.001000
105100,0.146650,1.000000,0.186623,1.000000,516.1,0.001000
105200,0.139598,1.000000,0.167117,1.000000,516.6,0.001000
105300,0.218906,1.000000,0.321293,0.991684,517.1,0.001000
105400,0.126805,1.000000,0.160108,1.000000,517.6,0.001000
105500,0.160733,1.000000,0.224519,0.995842,518.1,0.001000
105600,0.657605,0.927083,0.826401,0.864865,518.6,0.001000
105700,0.187100,1.000000,0.267791,0.991684,519.0,0.001000
105800,0.312902,0.987500,0.387665,0.972973,519.5,0.001000
105900,0.922627,0.883333,1.145329,0.750520,520.0,0.001000
106000,0.168371,1.000000,0.219979,1.000000,520.5,0.001000
106100,0.133309,1.000000,0.164244,1.000000,521.0,0.001000
106200,0.494004,0.958333,0.636928,0.925156,521.4,0.001000
106300,0.139527,1.000000,0.185599,1.000000,521.9,0.001000
106400,0.122235,1.000000,0.149197,1.000000,522.4,0.001000
106500,1.454973,0.612500,1.711921,0.548857,522.9,0.001000
106600,0.184997,1.000000,0.222022,1.000000,523.4,0.001000
106700,0.149556,1.000000,0.193746,1.000000,523.9,0.001000
106800,0.387085,0.995833,0.509633,0.972973,524.4,0.001000
106900,0.129402,1.000000,0.167315,1.000000,524.9,0.001000
107000,0.131688,1.000000,0.159364,1.000000,525.4,0.001000
107100,0.569312,0.981250,0.718119,0.937630,525.8,0.001000
107200,0.197828,1.000000,0.272410,0.995842,526.3,0.001000
107300,0.128300,1.000000,0.159200,1.000000,526.8,0.001000
107400,0.638656,0.918750,0.748794,0.875260,527.3,0.001000
107500,0.202158,1.000000,0.273830,0.991684,527.8,0.001000
107600,0.124487,1.000000,0.155693,1.000000,528.3,0.001000
107700,0.218598,1.000000,0.258889,0.995842,528.8,0.001000
107800,0.354803,1.000000,0.458412,0.995842,529.3,0.001000
107900,0.281787,1.000000,0.371652,0.989605,529.8,0.001000
108000,0.126110,1.000000,0.152102,1.000000,530.3,0.001000
108100,0.146507,1.000000,0.173586,1.000000,530.8,0.001000
108200,0.514285,0.993750,0.656156,0.954262,531.2,0.001000
108300,0.145177,1.000000,0.189128,1.000000,531.7,0.001000
108400,2.337255,0.458333,2.462694,0.430353,532.2,0.001000
108500,0.189649,1.000000,0.268666,0.997921,532.7,0.001000
108600,0.136234,1.000000,0.177546,1.000000,533.2,0.001000
108700,0.136464,1.000000,0.165964,1.000000,533.7,0.001000
108800,0.348212,0.995833,0.453657,0.987526,534.1,0.001000
108900,0.156478,1.000000,0.208195,1.000000,534.6,0.001000
109000,0.141010,1.000000,0.171126,1.000000,535.1,0.001000
109100,0.710532,0.922917,0.919629,0.808732,535.6,0.001000
109200,0.250774,1.000000,0.331197,0.997921,536.1,0.001000
109300,0.119863,1.000000,0.148323,1.000000,536.6,0.001000
109400,0.202225,1.000000,0.279325,0.991684,537.0,0.001000
109500,0.125854,1.000000,0.161546,1.000000,537.5,0.001000
109600,0.137248,1.000000,0.168026,1.000000,538.0,0.001000
109700,0.309834,1.000000,0.394869,0.991684,538.5,0.001000
109800,0.128709,1.000000,0.166386,1.000000,539.0,0.001000
109900,1.173992,0.597917,1.353429,0.557173,539.4,0.001000
110000,0.244253,1.000000,0.331861,0.985447,539.9,0.001000
110100,0.330489,1.000000,0.440677,0.993763,540.4,0.001000
110200,0.153402,1.000000,0.191923,1.000000,540.9,0.001000
110300,0.621697,0.979167,0.815477,0.908524,541.4,0.001000
110400,0.186894,1.000000,0.244416,0.993763,541.9,0.001000
110500,0.129886,1.000000,0.159723,1.000000,542.4,0.001000
110600,0.383013,0.991667,0.505255,0.966736,542.9,0.001000
110700,0.122779,1.000000,0.159288,1.000000,543.4,0.001000
110800,0.136219,1.000000,0.180192,1.000000,543.9,0.001000
110900,0.143353,1.000000,0.183012,1.000000,544.4,0.001000
111000,0.170072,1.000000,0.221275,1.000000,544.9,0.001000
111100,0.125777,1.000000,0.153011,1.000000,545.4,0.001000
111200,0.298204,0.997917,0.390996,0.981289,545.8,0.001000
111300,0.171981,1.000000,0.232489,1.000000,546.3,0.001000
111400,0.123692,1.000000,0.153441,1.000000,546.8,0.001000
111500,0.563025,0.964583,0.755112,0.877339,547.3,0.001000
111600,0.144685,1.000000,0.196802,1.000000,547.8,0.001000
111700,0.128251,1.000000,0.162804,1.000000,548.3,0.001000
111800,0.325038,1.000000,0.453776,0.962578,548.8,0.001000
111900,0.265066,1.000000,0.341355,0.997921,549.3,0.001000
112000,0.131319,1.000000,0.164808,1.000000,549.8,0.001000
112100,0.140184,1.000000,0.172630,1.000000,550.3,0.001000
112200,0.211582,1.000000,0.278438,1.000000,550.8,0.001000
112300,0.131397,1.000000,0.169330,1.000000,551.3,0.001000
112400,0.126822,1.000000,0.151663,1.000000,551.8,0.001000
112500,0.157105,1.000000,0.210209,1.000000,552.3,0.001000
112600,0.160500,1.000000,0.205195,1.000000,552.8,0.001000
112700,1.027566,0.737500,1.129611,0.694387,553.3,0.001000
112800,0.168044,1.000000,0.230544,0.997921,553.8,0.001000
112900,0.132074,1.000000,0.164210,1.000000,554.3,0.001000
113000,0.139546,1.000000,0.167037,1.000000,554.8,0.001000
113100,0.475987,0.975000,0.610620,0.960499,555.3,0.001000
113200,0.156294,1.000000,0.209421,0.995842,555.8,0.001000
113300,0.130448,1.000000,0.170799,1.000000,556.3,0.001000
113400,0.440016,0.997917,0.584569,0.954262,556.8,0.001000
113500,0.138742,1.000000,0.180754,1.000000,557.3,0.001000
113600,0.127204,1.000000,0.159346,1.000000,557.7,0.001000
113700,0.259267,1.000000,0.343027,0.983368,558.2,0.001000
113800,0.125068,1.000000,0.164463,1.000000,558.7,0.001000
113900,0.162191,1.000000,0.214434,1.000000,559.2,0.001000
114000,0.335843,1.000000,0.450093,0.993763,559.7,0.001000
114100,0.131463,1.000000,0.163979,1.000000,560.2,0.001000
114200,0.133295,1.000000,0.162548,1.000000,560.7,0.001000
114300,0.663794,0.893750,0.832008,0.790021,561.2,0.001000
114400,0.232758,1.000000,0.327509,0.997921,561.7,0.001000
114500,0.135655,1.000000,0.174454,1.000000,562.3,0.001000
114600,0.134227,1.000000,0.169793,1.000000,562.7,0.001000
114700,0.683354,0.933333,0.869167,0.837838,563.2,0.001000
114800,0.154791,1.000000,0.204613,1.000000,563.7,0.001000
114900,0.132747,1.000000,0.168329,1.000000,564.2,0.001000
115000,0.703373,0.897917,0.838760,0.835759,564.7,0.001000
115100,0.143655,1.000000,0.193805,0.997921,565.2,0.001000
115200,0.125180,1.000000,0.162816,1.000000,565.7,0.001000
115300,1.794920,0.464583,1.920067,0.409563,566.2,0.001000
115400,1.374854,0.716667,1.618828,0.594595,566.7,0.001000
115500,0.324283,1.000000,0.388495,0.997921,567.2,0.001000
115600,0.145753,1.000000,0.187794,1.000000,567.7,0.001000
115700,0.136559,1.000000,0.171564,1.000000,568.1,0.001000
115800,0.132341,1.000000,0.157021,1.000000,568.6,0.001000
115900,0.413590,0.985417,0.538868,0.964657,569.1,0.001000
116000,0.134211,1.000000,0.172969,1.000000,569.6,0.001000
116100,0.124119,1.000000,0.148368,1.000000,570.1,0.001000
116200,0.908275,0.839583,1.169049,0.669439,570.6,0.001000
116300,0.216761,1.000000,0.291960,0.987526,571.1,0.001000
116400,0.177878,1.000000,0.244822,1.000000,571.5,0.001000
116500,0.136411,1.000000,0.162838,1.000000,572.0,0.001000
116600,1.202365,0.656250,1.384428,0.604990,572.5,0.001000
116700,0.186214,1.000000,0.250380,0.995842,573.0,0.001000
116800,0.145489,1.000000,0.191914,1.000000,573.5,0.001000
116900,0.127109,1.000000,0.158863,1.000000,574.0,0.001000
117000,0.141109,1.000000,0.169358,1.000000,574.5,0.001000
117100,0.552677,0.977083,0.701743,0.945946,575.0,0.001000
117200,0.129964,1.000000,0.165281,1.000000,575.5,0.001000
117300,0.129639,1.000000,0.154127,1.000000,576.0,0.001000
117400,0.950451,0.808333,1.149931,0.702703,576.5,0.001000
117500,0.220643,1.000000,0.288574,1.000000,577.0,0.001000
117600,0.144243,1.000000,0.190026,1.000000,577.5,0.001000
117700,0.144220,1.000000,0.175791,1.000000,577.9,0.001000
117800,0.487538,0.997917,0.614080,0.968815,578.4,0.001000
117900,0.157391,1.000000,0.201598,1.000000,578.9,0.001000
118000,0.132908,1.000000,0.160155,1.000000,579.4,0.001000
118100,0.322992,1.000000,0.436729,0.977131,579.9,0.001000
118200,0.198795,1.000000,0.276889,0.991684,580.4,0.001000
118300,0.249645,1.000000,0.327013,0.997921,580.9,0.001000
118400,1.376378,0.550000,1.566228,0.471933,581.4,0.001000
118500,0.237545,1.000000,0.329174,0.977131,581.9,0.001000
118600,0.130996,1.000000,0.170644,1.000000,582.4,0.001000
118700,0.124468,1.000000,0.148464,1.000000,582.9,0.001000
118800,0.290153,1.000000,0.377609,0.995842,583.4,0.001000
118900,0.130363,1.000000,0.174436,1.000000,583.9,0.001000
119000,0.830523,0.770833,0.958832,0.671518,584.4,0.001000
119100,0.179225,1.000000,0.247258,1.000000,584.9,0.001000
119200,0.121136,1.000000,0.145933,1.000000,585.4,0.001000
119300,0.130684,1.000000,0.156901,1.000000,585.9,0.001000
119400,0.777169,0.891667,0.995540,0.794179,586.3,0.001000
119500,0.195104,1.000000,0.255216,0.997921,586.8,0.001000
119600,0.125261,1.000000,0.152453,1.000000,587.3,0.001000
119700,0.726523,0.941667,0.905012,0.871102,587.8,0.001000
119800,0.156926,1.000000,0.225570,0.995842,588.3,0.001000
119900,0.119492,1.000000,0.147388,1.000000,588.8,0.001000
120000,0.132923,1.000000,0.162031,1.000000,589.3,0.001000
120100,0.257051,1.000000,0.320498,1.000000,589.8,0.001000
120200,0.128281,1.000000,0.163479,1.000000,590.3,0.001000
120300,0.503920,0.962500,0.681302,0.904366,590.8,0.001000
120400,0.218164,1.000000,0.286499,1.000000,591.3,0.001000
120500,0.136461,1.000000,0.169986,1.000000,591.7,0.001000
120600,3.073680,0.210417,3.257757,0.153846,592.2,0.001000
120700,0.709167,0.933333,0.860442,0.860707,592.7,0.001000
120800,0.296837,1.000000,0.375361,0.995842,593.2,0.001000
120900,0.119829,1.000000,0.142871,1.000000,593.7,0.001000
121000,0.553500,0.983333,0.701606,0.931393,594.2,0.001000
121100,0.137427,1.000000,0.185540,1.000000,594.7,0.001000
121200,0.147989,1.000000,0.201592,1.000000,595.2,0.001000
121300,1.865427,0.493750,1.855623,0.517672,595.7,0.001000
121400,0.189594,1.000000,0.233722,1.000000,596.2,0.001000
121500,0.131824,1.000000,0.161370,1.000000,596.7,0.001000
121600,0.380173,0.993750,0.497997,0.962578,597.2,0.001000
121700,0.123845,1.000000,0.162109,1.000000,597.7,0.001000
121800,0.133243,1.000000,0.158951,1.000000,598.1,0.001000
121900,2.038052,0.475000,2.225282,0.372141,598.6,0.001000
122000,0.143832,1.000000,0.180826,0.997921,599.1,0.001000
122100,0.133078,1.000000,0.159886,1.000000,599.6,0.001000
122200,0.897754,0.818750,1.049642,0.762994,600.1,0.001000
122300,0.376562,1.000000,0.482027,0.991684,600.6,0.001000
122400,0.132783,1.000000,0.163596,1.000000,601.1,0.001000
122500,1.207420,0.662500,1.350659,0.634096,601.6,0.001000
122600,0.268053,1.000000,0.373002,0.983368,602.1,0.001000
122700,0.125880,1.000000,0.161610,1.000000,602.6,0.001000
122800,0.129151,1.000000,0.160896,1.000000,603.1,0.001000
122900,0.237298,0.997917,0.333849,0.979210,603.6,0.001000
123000,0.155474,1.000000,0.208859,0.995842,604.1,0.001000
123100,0.151813,1.000000,0.201673,1.000000,604.6,0.001000
123200,0.139659,1.000000,0.168935,1.000000,605.1,0.001000
123300,0.366671,0.993750,0.451723,0.970894,605.6,0.001000
123400,0.161013,1.000000,0.221599,0.995842,606.1,0.001000
123500,0.150161,1.000000,0.194310,1.000000,606.6,0.001000
123600,0.128580,1.000000,0.155922,1.000000,607.1,0.001000
123700,0.660364,0.922917,0.929140,0.794179,607.6,0.001000
123800,0.130226,1.000000,0.161996,1.000000,608.1,0.001000
123900,0.127096,1.000000,0.152723,1.000000,608.5,0.001000
124000,0.162999,1.000000,0.216275,1.000000,609.0,0.001000
124100,0.136477,1.000000,0.171739,1.000000,609.5,0.001000
124200,0.148454,1.000000,0.197568,1.000000,610.0,0.001000
124300,0.118248,1.000000,0.139452,1.000000,610.5,0.001000
124400,0.415541,0.991667,0.520960,0.956341,611.0,0.001000
124500,0.159452,1.000000,0.211189,0.997921,611.5,0.001000
124600,0.147949,1.000000,0.182485,1.000000,612.0,0.001000
124700,0.532080,0.975000,0.692509,0.925156,612.5,0.001000
124800,0.275805,1.000000,0.360073,1.000000,613.0,0.001000
124900,0.122290,1.000000,0.148687,1.000000,613.5,0.001000
125000,1.120589,0.727083,1.333409,0.613306,614.0,0.001000
125100,0.300010,1.000000,0.390696,0.991684,614.5,0.001000
125200,0.127600,1.000000,0.163227,1.000000,615.0,0.001000
125300,0.127998,1.000000,0.158276,1.000000,615.5,0.001000
125400,1.163352,0.783333,1.400731,0.665281,616.0,0.001000
125500,0.210769,1.000000,0.289674,0.995842,616.5,0.001000
125600,0.146163,1.000000,0.198762,0.997921,617.0,0.001000
125700,0.159921,1.000000,0.207468,1.000000,617.4,0.001000
125800,0.147716,1.000000,0.180373,1.000000,618.0,0.001000
125900,0.223018,1.000000,0.294440,1.000000,618.4,0.001000
126000,0.144728,1.000000,0.180158,1.000000,619.0,0.001000
126100,0.481644,0.983333,0.596047,0.948025,619.4,0.001000
126200,0.292872,1.000000,0.374983,0.995842,620.0,0.001000
126300,0.138340,1.000000,0.173439,1.000000,620.4,0.001000
126400,1.444159,0.625000,1.645488,0.569647,620.9,0.001000
126500,0.417958,0.995833,0.559313,0.964657,621.4,0.001000
126600,0.307817,1.000000,0.397341,0.989605,622.0,0.001000
126700,0.129572,1.000000,0.165838,1.000000,622.5,0.001000
126800,0.888709,0.822917,1.066172,0.758836,623.0,0.001000
126900,0.462517,0.997917,0.614663,0.960499,623.5,0.001000
127000,0.202182,1.000000,0.261934,1.000000,624.0,0.001000
127100,0.131401,1.000000,0.162639,1.000000,624.4,0.001000
127200,0.341034,0.991667,0.492350,0.948025,624.9,0.001000
127300,0.130422,1.000000,0.182797,1.000000,625.4,0.001000
127400,0.131300,1.000000,0.166246,1.000000,625.9,0.001000
127500,0.468752,0.972917,0.614819,0.918919,626.4,0.001000
127600,0.205501,1.000000,0.271720,0.991684,626.9,0.001000
127700,0.124212,1.000000,0.150272,1.000000,627.4,0.001000
127800,0.273987,0.997917,0.351206,0.997921,627.9,0.001000
127900,0.137279,1.000000,0.185031,1.000000,628.4,0.001000
128000,0.122711,1.000000,0.153464,1.000000,628.9,0.001000
128100,0.496040,0.983333,0.642533,0.923077,629.3,0.001000
128200,0.181039,1.000000,0.253914,0.995842,629.8,0.001000
128300,0.127408,1.000000,0.163658,1.000000,630.3,0.001000
128400,0.228736,1.000000,0.282890,0.995842,630.8,0.001000
128500,0.675438,0.966667,0.857532,0.887734,631.3,0.001000
128600,0.293807,1.000000,0.382543,0.991684,631.8,0.001000
128700,0.147142,1.000000,0.187604,1.000000,632.3,0.001000
128800,0.134399,1.000000,0.167937,1.000000,632.8,0.001000
128900,0.432954,0.997917,0.552272,0.993763,633.3,0.001000
129000,0.180372,1.000000,0.244963,1.000000,633.8,0.001000
129100,0.178113,1.000000,0.240439,0.997921,634.3,0.001000
129200,0.137512,1.000000,0.172357,1.000000,634.8,0.001000
129300,0.676369,0.941667,0.836773,0.881497,635.3,0.001000
129400,0.467583,0.997917,0.582235,0.977131,635.8,0.001000
129500,0.147336,1.000000,0.188580,1.000000,636.2,0.001000
129600,0.422686,0.960417,0.517619,0.952183,636.7,0.001000
129700,0.136260,1.000000,0.184852,1.000000,637.2,0.001000
129800,0.137481,1.000000,0.166256,1.000000,637.7,0.001000
129900,0.344621,0.993750,0.470172,0.972973,638.2,0.001000
130000,0.182029,1.000000,0.257015,0.991684,638.7,0.001000
130100,0.137172,1.000000,0.165708,1.000000,639.2,0.001000
130200,0.816868,0.885417,1.011987,0.781705,639.7,0.001000
130300,0.143943,1.000000,0.190490,1.000000,640.2,0.001000
130400,0.128123,1.000000,0.159625,1.000000,640.6,0.001000
130500,0.348474,1.000000,0.468534,0.960499,641.1,0.001000
130600,0.148391,1.000000,0.204778,1.000000,641.6,0.001000
130700,0.138890,1.000000,0.179392,1.000000,642.1,0.001000
130800,0.897261,0.831250,1.052712,0.779626,642.6,0.001000
130900,0.179708,1.000000,0.254223,1.000000,643.1,0.001000
131000,0.122456,1.000000,0.150141,1.000000,643.6,0.001000
131100,0.916482,0.864583,1.087063,0.777547,644.0,0.001000
131200,0.189748,1.000000,0.244722,1.000000,644.5,0.001000
131300,0.125986,1.000000,0.155034,1.000000,645.0,0.001000
131400,0.151599,1.000000,0.184519,1.000000,645.5,0.001000
131500,0.630148,0.981250,0.780889,0.929314,646.0,0.001000
131600,0.223181,1.000000,0.284578,1.000000,646.5,0.001000
131700,0.142038,1.000000,0.177747,1.000000,647.0,0.001000
131800,2.139261,0.385417,2.142063,0.380457,647.5,0.001000
131900,0.198824,1.000000,0.269885,0.995842,648.0,0.001000
132000,0.121818,1.000000,0.154144,1.000000,648.5,0.001000
132100,0.433280,0.985417,0.548867,0.943867,649.0,0.001000
132200,0.172261,1.000000,0.241731,0.997921,649.5,0.001000
132300,0.146680,1.000000,0.199368,1.000000,649.9,0.001000
132400,0.261919,1.000000,0.343778,0.991684,650.4,0.001000
132500,0.118713,1.000000,0.148975,1.000000,650.9,0.001000
132600,0.140831,1.000000,0.167797,1.000000,651.4,0.001000
132700,0.385978,1.000000,0.508189,0.991684,651.9,0.001000
132800,0.135403,1.000000,0.178077,1.000000,652.4,0.001000
132900,0.133359,1.000000,0.165699,1.000000,652.9,0.001000
133000,3.157748,0.195833,3.237509,0.174636,653.3,0.001000
133100,0.303199,1.000000,0.390758,0.993763,653.8,0.001000
133200,0.135619,1.000000,0.170495,1.000000,654.3,0.001000
133300,0.127465,1.000000,0.156754,1.000000,654.8,0.001000
133400,0.282767,0.997917,0.385502,0.981289,655.3,0.001000
133500,0.137301,1.000000,0.182881,1.000000,655.8,0.001000
133600,0.715332,0.897917,0.883780,0.787942,656.2,0.001000
133700,0.213785,1.000000,0.289705,0.993763,656.7,0.001000
133800,0.126708,1.000000,0.163017,1.000000,657.3,0.001000
133900,0.138254,1.000000,0.172269,1.000000,657.8,0.001000
134000,0.818555,0.856250,0.955623,0.798337,658.3,0.001000
134100,0.142741,1.000000,0.187744,1.000000,658.8,0.001000
134200,0.119723,1.000000,0.152058,1.000000,659.2,0.001000
134300,1.158538,0.735417,1.360549,0.667360,659.7,0.001000
134400,0.253568,1.000000,0.353019,0.991684,660.2,0.001000
134500,0.147833,1.000000,0.200811,1.000000,660.7,0.001000
134600,0.123110,1.000000,0.156739,1.000000,661.2,0.001000
134700,0.380573,1.000000,0.478472,0.987526,661.7,0.001000
134800,0.256491,1.000000,0.336310,0.991684,662.2,0.001000
134900,0.127573,1.000000,0.154668,1.000000,662.6,0.001000
135000,0.137564,1.000000,0.167068,1.000000,663.1,0.001000
135100,0.850602,0.922917,1.004870,0.860707,663.6,0.001000
135200,0.270500,1.000000,0.343791,0.993763,664.1,0.001000
135300,0.147281,1.000000,0.184610,1.000000,664.6,0.001000
135400,0.132693,1.000000,0.164708,1.000000,665.1,0.001000
135500,0.311733,1.000000,0.412007,0.975052,665.6,0.001000
135600,0.165677,1.000000,0.225534,1.000000,666.1,0.001000
135700,0.142027,1.000000,0.172412,1.000000,666.6,0.001000
135800,1.031478,0.785417,1.207638,0.750520,667.1,0.001000
135900,0.154175,1.000000,0.213788,0.993763,667.6,0.001000
136000,0.130818,1.000000,0.163928,1.000000,668.1,0.001000
136100,0.145490,1.000000,0.181300,1.000000,668.6,0.001000
136200,0.260261,1.000000,0.345298,0.991684,669.1,0.001000
136300,0.208142,1.000000,0.276399,0.997921,669.5,0.001000
136400,0.133860,1.000000,0.168513,1.000000,670.0,0.001000
136500,0.631313,0.964583,0.850094,0.858628,670.5,0.001000
136600,0.132968,1.000000,0.168674,1.000000,671.0,0.001000
136700,0.233948,1.000000,0.300116,1.000000,671.5,0.001000
136800,0.153165,1.000000,0.194830,1.000000,672.0,0.001000
136900,0.126112,1.000000,0.153067,1.000000,672.5,0.001000
137000,0.253927,1.000000,0.360783,0.985447,673.0,0.001000
137100,0.171856,1.000000,0.219924,1.000000,673.5,0.001000
137200,0.132107,1.000000,0.166472,1.000000,674.0,0.001000
137300,0.345736,0.997917,0.447093,0.989605,674.5,0.001000
137400,0.120461,1.000000,0.150537,1.000000,674.9,0.001000
137500,0.797039,0.922917,1.005607,0.833680,675.4,0.001000
137600,0.161044,1.000000,0.229077,0.997921,675.9,0.001000
137700,0.126825,1.000000,0.157546,1.000000,676.4,0.001000
137800,1.031017,0.797917,1.308245,0.667360,676.9,0.001000
137900,0.229542,1.000000,0.307427,0.983368,677.4,0.001000
138000,0.145216,1.000000,0.189213,1.000000,677.9,0.001000
138100,0.136036,1.000000,0.171051,1.000000,678.4,0.001000
138200,0.263974,1.000000,0.354511,0.981289,678.8,0.001000
138300,0.238909,1.000000,0.313842,0.995842,679.3,0.001000
138400,0.149629,1.000000,0.193762,1.000000,679.8,0.001000
138500,0.137498,1.000000,0.164570,1.000000,680.3,0.001000
138600,0.511389,0.970833,0.688565,0.902287,680.8,0.001000
138700,0.145570,1.000000,0.199131,0.995842,681.3,0.001000
138800,0.127267,1.000000,0.160515,1.000000,681.8,0.001000
138900,0.181696,1.000000,0.223573,1.000000,682.2,0.001000
139000,0.177159,1.000000,0.244883,0.997921,682.7,0.001000
139100,0.115228,1.000000,0.143022,1.000000,683.2,0.001000
139200,0.145675,1.000000,0.194456,1.000000,683.7,0.001000
139300,0.211392,1.000000,0.278291,1.000000,684.2,0.001000
139400,0.123622,1.000000,0.158950,1.000000,684.7,0.001000
139500,0.830845,0.825000,0.984994,0.773389,685.2,0.001000
139600,0.440371,1.000000,0.532049,0.987526,685.6,0.001000
139700,0.154099,1.000000,0.198461,1.000000,686.1,0.001000
139800,0.156419,1.000000,0.196493,1.000000,686.6,0.001000
139900,1.911403,0.562500,2.221801,0.430353,687.1,0.001000
140000,0.257951,1.000000,0.349702,1.000000,687.6,0.001000
140100,0.134075,1.000000,0.169903,1.000000,688.1,0.001000
140200,0.125166,1.000000,0.150621,1.000000,688.6,0.001000
140300,0.715390,0.941667,0.891702,0.827443,689.1,0.001000
140400,0.308687,0.997917,0.376959,0.993763,689.6,0.001000
140500,0.132009,1.000000,0.158668,1.000000,690.1,0.001000
140600,0.432533,0.989583,0.586177,0.935551,690.6,0.001000
140700,0.296533,1.000000,0.374895,0.995842,691.1,0.001000
140800,0.140593,1.000000,0.189293,0.995842,691.6,0.001000
140900,0.127601,1.000000,0.158720,1.000000,692.1,0.001000
141000,0.680582,0.954167,0.868444,0.891892,692.5,0.001000
141100,0.153246,1.000000,0.206617,0.997921,693.0,0.001000
141200,0.132327,1.000000,0.165265,1.000000,693.5,0.001000
141300,2.245976,0.408333,2.368328,0.359667,694.0,0.001000
141400,0.313736,1.000000,0.417525,0.993763,694.5,0.001000
141500,0.132528,1.000000,0.159383,1.000000,695.0,0.001000
141600,2.798049,0.266667,2.936777,0.203742,695.4,0.001000
141700,0.352396,0.991667,0.487359,0.962578,695.9,0.001000
141800,0.212648,1.000000,0.262186,1.000000,696.4,0.001000
141900,0.131428,1.000000,0.158131,1.000000,696.9,0.001000
142000,0.531441,0.987500,0.715343,0.908524,697.4,0.001000
142100,0.229855,1.000000,0.300253,0.997921,697.9,0.001000
142200,0.125556,1.000000,0.148921,1.000000,698.4,0.001000
142300,0.288656,1.000000,0.369702,0.995842,698.9,0.001000
142400,0.125299,1.000000,0.160615,1.000000,699.3,0.001000
142500,1.107949,0.835417,1.359648,0.717256,699.8,0.001000
142600,0.544240,0.989583,0.710224,0.931393,700.3,0.001000
142700,0.158470,1.000000,0.227278,1.000000,700.8,0.001000
142800,0.130133,1.000000,0.164698,1.000000,701.3,0.001000
142900,0.128811,1.000000,0.157015,1.000000,701.8,0.001000
143000,0.203545,1.000000,0.243459,1.000000,702.3,0.001000
143100,0.230834,1.000000,0.311498,0.987526,702.8,0.001000
143200,0.161731,1.000000,0.205238,1.000000,703.3,0.001000
143300,0.133976,1.000000,0.164369,1.000000,703.7,0.001000
143400,1.222501,0.741667,1.460773,0.638254,704.2,0.001000
143500,0.243093,1.000000,0.314707,0.995842,704.7,0.001000
143600,0.144090,1.000000,0.187010,1.000000,705.2,0.001000
143700,0.141184,1.000000,0.176465,1.000000,705.6,0.001000
143800,0.711649,0.912500,0.930971,0.833680,706.1,0.001000
143900,0.385122,1.000000,0.500285,0.983368,706.6,0.001000
144000,0.152217,1.000000,0.199946,1.000000,707.1,0.001000
144100,0.132029,1.000000,0.165839,1.000000,707.6,0.001000
144200,1.122925,0.687500,1.421344,0.567568,708.1,0.001000
144300,0.645495,0.956250,0.812203,0.908524,708.6,0.001000
144400,0.136395,1.000000,0.179439,1.000000,709.0,0.001000
144500,2.194921,0.366667,2.281899,0.357588,709.5,0.001000
144600,0.293040,1.000000,0.396644,0.991684,710.0,0.001000
144700,0.124217,1.000000,0.160040,1.000000,710.5,0.001000
144800,0.127138,1.000000,0.152439,1.000000,710.9,0.001000
144900,0.499499,1.000000,0.634471,0.960499,711.4,0.001000
145000,0.150383,1.000000,0.200628,1.000000,711.9,0.001000
145100,0.123103,1.000000,0.151186,1.000000,712.4,0.001000
145200,0.772101,0.939583,0.915414,0.881497,712.9,0.001000
145300,0.247366,1.000000,0.311664,1.000000,713.3,0.001000
145400,0.216480,1.000000,0.278917,0.997921,713.8,0.001000
145500,0.141816,1.000000,0.179664,1.000000,714.3,0.001000
145600,0.802994,0.847917,1.061127,0.746362,714.8,0.001000
145700,0.516616,0.991667,0.650183,0.975052,715.3,0.001000
145800,0.129708,1.000000,0.158869,1.000000,715.8,0.001000
145900,0.140569,1.000000,0.166595,1.000000,716.2,0.001000
146000,0.467178,0.997917,0.593154,0.977131,716.7,0.001000
146100,0.134298,1.000000,0.175122,1.000000,717.2,0.001000
146200,0.129147,1.000000,0.160029,1.000000,717.7,0.001000
146300,0.652355,0.966667,0.855570,0.887734,718.1,0.001000
146400,0.156467,1.000000,0.207068,1.000000,718.6,0.001000
146500,0.129302,1.000000,0.160250,1.000000,719.1,0.001000
146600,0.506225,0.952083,0.688749,0.900208,719.6,0.001000
146700,0.134127,1.000000,0.183037,0.995842,720.1,0.001000
146800,2.497619,0.250000,2.616919,0.218295,720.6,0.001000
146900,0.194640,1.000000,0.252448,0.997921,721.0,0.001000
147000,0.129063,1.000000,0.163659,1.000000,721.5,0.001000
147100,0.133127,1.000000,0.162337,1.000000,722.0,0.001000
147200,0.398902,0.995833,0.513212,0.962578,722.5,0.001000
147300,0.129642,1.000000,0.166680,1.000000,723.0,0.001000
147400,0.129611,1.000000,0.166756,1.000000,723.5,0.001000
147500,0.143353,1.000000,0.175005,1.000000,724.0,0.001000
147600,0.342883,1.000000,0.464706,0.983368,724.4,0.001000
147700,0.138616,1.000000,0.176360,1.000000,724.9,0.001000
147800,0.127871,1.000000,0.159801,1.000000,725.4,0.001000
147900,1.426891,0.681250,1.745491,0.534304,725.9,0.001000
148000,0.356211,0.997917,0.465282,0.975052,726.4,0.001000
148100,0.141566,1.000000,0.183727,1.000000,726.9,0.001000
148200,0.131838,1.000000,0.163293,1.000000,727.3,0.001000
148300,1.067383,0.731250,1.200929,0.659044,727.8,0.001000
148400,0.154774,1.000000,0.205510,0.997921,728.3,0.001000
148500,0.116929,1.000000,0.144390,1.000000,728.8,0.001000
148600,0.551697,0.977083,0.737012,0.893971,729.2,0.001000
148700,0.235466,1.000000,0.316141,0.993763,729.7,0.001000
148800,0.125854,1.000000,0.151723,1.000000,730.2,0.001000
148900,0.582416,0.910417,0.730713,0.860707,730.7,0.001000
149000,0.172871,1.000000,0.240458,0.995842,731.2,0.001000
149100,0.117668,1.000000,0.147765,1.000000,731.7,0.001000
149200,0.464334,0.981250,0.622260,0.941788,732.2,0.001000
149300,0.256705,1.000000,0.328171,0.991684,732.6,0.001000
149400,1.104669,0.741667,1.360633,0.604990,733.1,0.001000
149500,0.331559,0.997917,0.439802,0.993763,733.6,0.001000
149600,0.132582,1.000000,0.170495,1.000000,734.1,0.001000
149700,0.128579,1.000000,0.163150,1.000000,734.6,0.001000
149800,0.269986,1.000000,0.318772,0.995842,735.1,0.001000
149900,0.375161,0.997917,0.509618,0.972973,735.6,0.001000
150000,0.133947,1.000000,0.173085,1.000000,736.1,0.001000
150100,1.732976,0.502083,1.976579,0.436590,736.5,0.001000
150200,0.258880,1.000000,0.339381,0.995842,737.0,0.001000
150300,0.125206,1.000000,0.161770,1.000000,737.5,0.001000
150400,1.259140,0.683333,1.447972,0.621622,738.0,0.001000
150500,0.129436,1.000000,0.167966,1.000000,738.4,0.001000
150600,0.133753,1.000000,0.169487,1.000000,738.9,0.001000
150700,0.620262,0.966667,0.786393,0.887734,739.4,0.001000
150800,0.140449,1.000000,0.175125,1.000000,739.9,0.001000
150900,0.131728,1.000000,0.158440,1.000000,740.4,0.001000
151000,0.669420,0.972917,0.827471,0.904366,740.9,0.001000
151100,0.228652,1.000000,0.294358,0.997921,741.4,0.001000
151200,0.129489,1.000000,0.162024,1.000000,741.9,0.001000
151300,0.574833,0.977083,0.707350,0.950104,742.3,0.001000
151400,0.138123,1.000000,0.182251,1.000000,742.8,0.001000
151500,0.128425,1.000000,0.162193,1.000000,743.3,0.001000
151600,0.237270,1.000000,0.278212,0.991684,743.8,0.001000
151700,0.364663,0.997917,0.444267,1.000000,744.3,0.001000
151800,0.162454,1.000000,0.216688,1.000000,744.8,0.001000
151900,0.132443,1.000000,0.159305,1.000000,745.2,0.001000
152000,0.742173,0.914583,0.953411,0.814969,745.7,0.001000
152100,0.237840,1.000000,0.314124,0.993763,746.2,0.001000
152200,0.147109,1.000000,0.189599,1.000000,746.7,0.001000
152300,0.211275,1.000000,0.255787,1.000000,747.2,0.001000
152400,0.191578,1.000000,0.261678,0.997921,747.6,0.001000
152500,0.130378,1.000000,0.174464,1.000000,748.1,0.001000
152600,0.132354,1.000000,0.163372,1.000000,748.6,0.001000
152700,0.535417,0.985417,0.693045,0.929314,749.1,0.001000
152800,0.132992,1.000000,0.181379,1.000000,749.6,0.001000
152900,0.304779,0.991667,0.390115,0.977131,750.1,0.001000
153000,0.374044,1.000000,0.475646,0.979210,750.6,0.001000
153100,0.185703,1.000000,0.236057,0.995842,751.1,0.001000
153200,0.126483,1.000000,0.149810,1.000000,751.6,0.001000
153300,0.536158,0.983333,0.689583,0.931393,752.0,0.001000
153400,0.244849,1.000000,0.327895,0.997921,752.5,0.001000
153500,0.172152,1.000000,0.230237,1.000000,753.0,0.001000
153600,1.887924,0.500000,2.166756,0.422037,753.5,0.001000
153700,0.143723,1.000000,0.199595,1.000000,754.0,0.001000
153800,0.122892,1.000000,0.153405,1.000000,754.5,0.001000
153900,0.234621,1.000000,0.306309,0.991684,755.0,0.001000
154000,0.142700,1.000000,0.193311,1.000000,755.5,0.001000
154100,0.139797,1.000000,0.180988,1.000000,756.0,0.001000
154200,1.392021,0.635417,1.578980,0.600832,756.5,0.001000
154300,0.265497,1.000000,0.353111,0.989605,757.0,0.001000
154400,0.136752,1.000000,0.180947,1.000000,757.5,0.001000
154500,0.137094,1.000000,0.165632,1.000000,758.0,0.001000
154600,0.159315,1.000000,0.191394,1.000000,758.5,0.001000
154700,0.339727,0.995833,0.449527,0.981289,759.0,0.001000
154800,0.147465,1.000000,0.190744,1.000000,759.5,0.001000
154900,0.123914,1.000000,0.154652,1.000000,760.0,0.001000
155000,0.279064,0.995833,0.346777,0.981289,760.5,0.001000
155100,0.336093,0.995833,0.455458,0.966736,761.0,0.001000
155200,0.137581,1.000000,0.182032,0.997921,761.4,0.001000
155300,0.127510,1.000000,0.161252,1.000000,761.9,0.001000
155400,2.767539,0.275000,2.922480,0.232848,762.4,0.001000
155500,0.272261,1.000000,0.355878,0.993763,762.9,0.001000
155600,0.140707,1.000000,0.190469,0.997921,763.4,0.001000
155700,0.133386,1.000000,0.166060,1.000000,763.9,0.001000
155800,1.678271,0.535417,1.853481,0.484407,764.4,0.001000
155900,0.874687,0.920833,0.999335,0.850312,764.9,0.001000
156000,0.137137,1.000000,0.173642,1.000000,765.4,0.001000
156100,0.132369,1.000000,0.160518,1.000000,765.9,0.001000
156200,0.738633,0.891667,0.893251,0.829522,766.4,0.001000
156300,0.324073,1.000000,0.435528,0.985447,766.8,0.001000
156400,0.141834,1.000000,0.188691,1.000000,767.3,0.001000
156500,0.123959,1.000000,0.148668,1.000000,767.8,0.001000
156600,0.877479,0.827083,1.014558,0.790021,768.3,0.001000
156700,0.230330,1.000000,0.307802,1.000000,768.8,0.001000
156800,0.132802,1.000000,0.166456,1.000000,769.3,0.001000
156900,3.007115,0.183333,3.220290,0.093555,769.8,0.001000
157000,0.689358,0.941667,0.795280,0.902287,770.3,0.001000
157100,0.253805,1.000000,0.356845,0.991684,770.8,0.001000
157200,0.252543,1.000000,0.329458,1.000000,771.2,0.001000
157300,0.151190,1.000000,0.195592,1.000000,771.7,0.001000
157400,0.475600,0.995833,0.593351,0.991684,772.2,0.001000
157500,0.129029,1.000000,0.166493,1.000000,772.7,0.001000
157600,0.383623,0.983333,0.478564,0.941788,773.2,0.001000
157700,0.214295,1.000000,0.298185,1.000000,773.7,0.001000
157800,0.123224,1.000000,0.155732,1.000000,774.2,0.001000
157900,0.157730,1.000000,0.191279,1.000000,774.7,0.001000
158000,0.188562,1.000000,0.252311,1.000000,775.2,0.001000
158100,0.131489,1.000000,0.157423,1.000000,775.7,0.001000
158200,0.136317,1.000000,0.165242,1.000000,776.2,0.001000
158300,0.501646,0.995833,0.655507,0.929314,776.7,0.001000
158400,0.162756,1.000000,0.230526,1.000000,777.1,0.001000
158500,0.141384,1.000000,0.178140,1.000000,777.6,0.001000
158600,0.205509,1.000000,0.259124,1.000000,778.1,0.001000
158700,0.123568,1.000000,0.148288,1.000000,778.6,0.001000
158800,0.221493,1.000000,0.308799,0.993763,779.1,0.001000
158900,0.151708,1.000000,0.215036,1.000000,779.6,0.001000
159000,0.127884,1.000000,0.157698,1.000000,780.1,0.001000
159100,0.564582,0.954167,0.736589,0.893971,780.6,0.001000
159200,0.138244,1.000000,0.181990,1.000000,781.1,0.001000
159300,0.138092,1.000000,0.174883,1.000000,781.5,0.001000
159400,0.865846,0.910417,1.087444,0.783784,782.0,0.001000
159500,0.451488,0.997917,0.576236,0.975052,782.5,0.001000
159600,0.151567,1.000000,0.190408,1.000000,783.0,0.001000
159700,0.137438,1.000000,0.162770,1.000000,783.5,0.001000
159800,0.666683,0.920833,0.828556,0.864865,784.0,0.001000
159900,0.256054,1.000000,0.329471,1.000000,784.5,0.001000
160000,0.138721,1.000000,0.173190,1.000000,784.9,0.001000
160100,0.126088,1.000000,0.150592,1.000000,785.5,0.001000
160200,0.160826,1.000000,0.221056,0.993763,785.9,0.001000
160300,0.131132,1.000000,0.168531,1.000000,786.4,0.001000
160400,0.131575,1.000000,0.161857,1.000000,786.9,0.001000
160500,0.167540,1.000000,0.213618,1.000000,787.4,0.001000
160600,0.126439,1.000000,0.159233,1.000000,787.9,0.001000
160700,0.139007,1.000000,0.181601,1.000000,788.4,0.001000
160800,0.624982,0.964583,0.780261,0.908524,788.9,0.001000
160900,0.298959,1.000000,0.396205,0.997921,789.4,0.001000
161000,0.125542,1.000000,0.158861,1.000000,789.9,0.001000
161100,0.132644,1.000000,0.161936,1.000000,790.4,0.001000
161200,0.459923,0.989583,0.599369,0.950104,790.9,0.001000
161300,0.233954,1.000000,0.323709,0.991684,791.4,0.001000
161400,0.151009,1.000000,0.200091,1.000000,791.8,0.001000
161500,0.139582,1.000000,0.174113,1.000000,792.3,0.001000
161600,0.315740,0.997917,0.425005,0.991684,792.8,0.001000
161700,0.130182,1.000000,0.164668,1.000000,793.3,0.001000
161800,0.850321,0.875000,1.018150,0.827443,793.8,0.001000
161900,0.160636,1.000000,0.218098,0.997921,794.3,0.001000
162000,0.137734,1.000000,0.177935,1.000000,794.8,0.001000
162100,0.132411,1.000000,0.160532,1.000000,795.3,0.001000
162200,0.199837,1.000000,0.268241,0.995842,795.8,0.001000
162300,0.138247,1.000000,0.179634,1.000000,796.3,0.001000
162400,1.141174,0.716667,1.223841,0.706861,796.8,0.001000
162500,0.320630,0.997917,0.431452,0.972973,797.3,0.001000
162600,0.136559,1.000000,0.178586,1.000000,797.8,0.001000
162700,0.127902,1.000000,0.158032,1.000000,798.2,0.001000
162800,0.501011,0.966667,0.646013,0.933472,798.7,0.001000
162900,0.175754,1.000000,0.242458,1.000000,799.2,0.001000
163000,0.138020,1.000000,0.177103,1.000000,799.7,0.001000
163100,0.140170,1.000000,0.169438,1.000000,800.2,0.001000
163200,0.479868,0.991667,0.606750,0.979210,800.7,0.001000
163300,0.179641,1.000000,0.251212,0.993763,801.2,0.001000
163400,0.123069,1.000000,0.151239,1.000000,801.7,0.001000
163500,0.958156,0.787500,1.184599,0.692308,802.2,0.001000
163600,0.218270,1.000000,0.298665,0.995842,802.7,0.001000
163700,0.134491,1.000000,0.169850,1.000000,803.2,0.001000
163800,0.422987,0.975000,0.622313,0.885655,803.7,0.001000
163900,0.227070,1.000000,0.312790,0.993763,804.2,0.001000
164000,0.128537,1.000000,0.158285,1.000000,804.6,0.001000
164100,2.171284,0.418750,2.370728,0.384615,805.1,0.001000
164200,0.284754,0.995833,0.388221,0.968815,805.6,0.001000
164300,0.132323,1.000000,0.183259,1.000000,806.1,0.001000
164400,0.133416,1.000000,0.162677,1.000000,806.6,0.001000
164500,0.272463,1.000000,0.365327,0.991684,807.1,0.001000
164600,0.120604,1.000000,0.156057,1.000000,807.6,0.001000
164700,0.136160,1.000000,0.173957,1.000000,808.1,0.001000
164800,1.525947,0.610417,1.683237,0.569647,808.6,0.001000
164900,0.252566,1.000000,0.355971,0.991684,809.0,0.001000
165000,0.239669,1.000000,0.296187,1.000000,809.5,0.001000
165100,0.180485,1.000000,0.228104,1.000000,810.0,0.001000
165200,0.136862,1.000000,0.168101,1.000000,810.5,0.001000
165300,0.391398,0.997917,0.557710,0.945946,811.0,0.001000
165400,0.235023,1.000000,0.313595,1.000000,811.5,0.001000
165500,0.130812,1.000000,0.165148,1.000000,812.0,0.001000
165600,0.138174,1.000000,0.172463,1.000000,812.5,0.001000
165700,0.272754,1.000000,0.360310,0.995842,813.0,0.001000
165800,0.130461,1.000000,0.166539,1.000000,813.4,0.001000
165900,0.136463,1.000000,0.165322,1.000000,813.9,0.001000
166000,1.003824,0.822917,1.279164,0.669439,814.4,0.001000
166100,0.178864,1.000000,0.242939,1.000000,814.9,0.001000
166200,0.130071,1.000000,0.156203,1.000000,815.4,0.001000
166300,0.256018,1.000000,0.334223,0.993763,815.9,0.001000
166400,0.157164,1.000000,0.202757,1.000000,816.4,0.001000
166500,0.158436,1.000000,0.197028,1.000000,816.9,0.001000
166600,0.237470,1.000000,0.326313,0.995842,817.4,0.001000
166700,0.141136,1.000000,0.177072,1.000000,817.9,0.001000
166800,3.080463,0.222917,3.264931,0.118503,818.4,0.001000
166900,0.260745,1.000000,0.362353,0.995842,818.9,0.001000
167000,0.131793,1.000000,0.167323,1.000000,819.4,0.001000
167100,1.085184,0.787500,1.294250,0.698545,819.9,0.001000
167200,0.209780,1.000000,0.288865,0.993763,820.4,0.001000
167300,0.125561,1.000000,0.159705,1.000000,820.9,0.001000
167400,0.371202,0.993750,0.516781,0.966736,821.4,0.001000
167500,0.170913,1.000000,0.242052,0.993763,821.9,0.001000
167600,0.159274,1.000000,0.211706,0.993763,822.4,0.001000
167700,0.144144,1.000000,0.174904,1.000000,822.9,0.001000
167800,0.440070,0.989583,0.567467,0.964657,823.3,0.001000
167900,0.181373,1.000000,0.228991,0.997921,823.8,0.001000
168000,0.133610,1.000000,0.166567,1.000000,824.3,0.001000
168100,0.395386,0.979167,0.476976,0.972973,824.8,0.001000
168200,0.203409,1.000000,0.271652,0.995842,825.3,0.001000
168300,0.680334,0.918750,0.813924,0.860707,825.8,0.001000
168400,0.256480,1.000000,0.339997,1.000000,826.2,0.001000
168500,0.131011,1.000000,0.163230,1.000000,826.7,0.001000
168600,0.295512,0.997917,0.428179,0.983368,827.2,0.001000
168700,0.130374,1.000000,0.175739,1.000000,827.7,0.001000
168800,0.128101,1.000000,0.158650,1.000000,828.2,0.001000
168900,0.372002,0.993750,0.479809,0.983368,828.6,0.001000
169000,0.307423,1.000000,0.398745,0.989605,829.1,0.001000
169100,0.157465,1.000000,0.198696,1.000000,829.6,0.001000
169200,0.302150,0.983333,0.372119,0.964657,830.1,0.001000
169300,0.412285,0.995833,0.531185,0.977131,830.6,0.001000
169400,0.177684,1.000000,0.241545,0.995842,831.0,0.001000
169500,0.624734,0.943750,0.783938,0.889813,831.5,0.001000
169600,0.168925,1.000000,0.237197,0.995842,832.0,0.001000
169700,0.200939,1.000000,0.281280,1.000000,832.5,0.001000
169800,0.156515,1.000000,0.201266,1.000000,833.0,0.001000
169900,0.246120,1.000000,0.333470,1.000000,833.5,0.001000
170000,0.126314,1.000000,0.162721,1.000000,834.0,0.001000
170100,0.823742,0.852083,0.980045,0.783784,834.5,0.001000
170200,0.364348,1.000000,0.486907,0.987526,835.0,0.001000
170300,0.125021,1.000000,0.155729,1.000000,835.5,0.001000
170400,0.133281,1.000000,0.163512,1.000000,836.0,0.001000
170500,0.217549,1.000000,0.321146,0.983368,836.5,0.001000
170600,0.141767,1.000000,0.187228,1.000000,837.0,0.001000
170700,0.148944,1.000000,0.197731,1.000000,837.5,0.001000
170800,0.654074,0.941667,0.831490,0.864865,838.0,0.001000
170900,0.127327,1.000000,0.160917,1.000000,838.5,0.001000
171000,0.127959,1.000000,0.158468,1.000000,838.9,0.001000
171100,0.844244,0.931250,1.024508,0.841996,839.4,0.001000
171200,0.258439,1.000000,0.322972,0.997921,839.9,0.001000
171300,0.149162,1.000000,0.188426,1.000000,840.4,0.001000
171400,1.357929,0.633333,1.529608,0.584200,840.9,0.001000
171500,0.217060,1.000000,0.297244,0.989605,841.4,0.001000
171600,0.131356,1.000000,0.165764,1.000000,841.9,0.001000
171700,0.271909,1.000000,0.367541,0.981289,842.3,0.001000
171800,0.116385,1.000000,0.144202,1.000000,842.8,0.001000
171900,1.191480,0.658333,1.381884,0.588358,843.3,0.001000
172000,0.253782,1.000000,0.346934,0.991684,843.8,0.001000
172100,0.160775,1.000000,0.220851,1.000000,844.3,0.001000
172200,0.145869,1.000000,0.190829,1.000000,844.7,0.001000
172300,0.567130,0.987500,0.688211,0.962578,845.2,0.001000
172400,0.154636,1.000000,0.208701,1.000000,845.7,0.001000
172500,0.133851,1.000000,0.165364,1.000000,846.2,0.001000
172600,2.537412,0.220833,2.623783,0.174636,846.7,0.001000
172700,0.345077,0.989583,0.447928,0.981289,847.2,0.001000
172800,0.139154,1.000000,0.184960,0.995842,847.7,0.001000
172900,0.138287,1.000000,0.175235,1.000000,848.2,0.001000
173000,2.568561,0.325000,2.857175,0.280665,848.7,0.001000
173100,0.158472,1.000000,0.204419,1.000000,849.1,0.001000
173200,0.129312,1.000000,0.159321,1.000000,849.6,0.001000
173300,0.459936,0.985417,0.602173,0.952183,850.1,0.001000
173400,0.133195,1.000000,0.182470,1.000000,850.6,0.001000
173500,0.130676,1.000000,0.164057,1.000000,851.1,0.001000
173600,0.365983,1.000000,0.491716,0.981289,851.6,0.001000
173700,0.137397,1.000000,0.178410,1.000000,852.1,0.001000
173800,0.127227,1.000000,0.155761,1.000000,852.6,0.001000
173900,0.450119,0.995833,0.625925,0.941788,853.1,0.001000
174000,0.216397,1.000000,0.280928,1.000000,853.5,0.001000
174100,0.137829,1.000000,0.164048,1.000000,854.0,0.001000
174200,0.215050,1.000000,0.304124,0.991684,854.5,0.001000
174300,0.126025,1.000000,0.157853,1.000000,855.0,0.001000
174400,0.452155,0.977083,0.600999,0.925156,855.5,0.001000
174500,0.453176,1.000000,0.600384,0.968815,856.0,0.001000
174600,0.146968,1.000000,0.199885,1.000000,856.5,0.001000
174700,0.436271,0.993750,0.588469,0.927235,856.9,0.001000
174800,0.157016,1.000000,0.214547,1.000000,857.4,0.001000
174900,0.137189,1.000000,0.176734,1.000000,857.9,0.001000
175000,1.369096,0.656250,1.535858,0.590437,858.4,0.001000
175100,0.156320,1.000000,0.211115,1.000000,858.9,0.001000
175200,0.135288,1.000000,0.177248,1.000000,859.4,0.001000
175300,0.137249,1.000000,0.172154,1.000000,859.8,0.001000
175400,0.311560,1.000000,0.413898,0.979210,860.3,0.001000
175500,0.154386,1.000000,0.203882,0.997921,860.8,0.001000
175600,0.133601,1.000000,0.168977,1.000000,861.3,0.001000
175700,1.026015,0.847917,1.194181,0.794179,861.8,0.001000
175800,0.149879,1.000000,0.186626,1.000000,862.3,0.001000
175900,0.130160,1.000000,0.161112,1.000000,862.8,0.001000
176000,0.377403,0.983333,0.517634,0.952183,863.3,0.001000
176100,0.203104,1.000000,0.277483,1.000000,863.8,0.001000
176200,0.138651,1.000000,0.171776,1.000000,864.3,0.001000
176300,1.011350,0.806250,1.253200,0.675676,864.8,0.001000
176400,0.227385,1.000000,0.298262,0.993763,865.3,0.001000
176500,0.140405,1.000000,0.180837,1.000000,865.8,0.001000
176600,0.140345,1.000000,0.170970,1.000000,866.3,0.001000
176700,0.336827,0.995833,0.442872,0.981289,866.8,0.001000
176800,0.364480,1.000000,0.459186,0.997921,867.3,0.001000
176900,0.136951,1.000000,0.167715,1.000000,867.7,0.001000
177000,0.510621,0.970833,0.607289,0.929314,868.2,0.001000
177100,0.222775,1.000000,0.280833,0.997921,868.7,0.001000
177200,0.132220,1.000000,0.166572,1.000000,869.2,0.001000
177300,1.362046,0.658333,1.560970,0.563410,869.7,0.001000
177400,0.295078,0.993750,0.394781,0.975052,870.2,0.001000
177500,0.133728,1.000000,0.170476,1.000000,870.7,0.001000
177600,0.822948,0.835417,1.064908,0.742204,871.2,0.001000
177700,0.381352,0.997917,0.488201,0.979210,871.7,0.001000
177800,0.173238,1.000000,0.216070,1.000000,872.2,0.001000
177900,0.162101,1.000000,0.195960,1.000000,872.6,0.001000
178000,0.209616,1.000000,0.287942,0.995842,873.1,0.001000
178100,0.134922,1.000000,0.176153,1.000000,873.6,0.001000
178200,0.133593,1.000000,0.158795,1.000000,874.1,0.001000
178300,2.016270,0.468750,2.398881,0.316008,874.6,0.001000
178400,0.200133,1.000000,0.259994,0.997921,875.1,0.001000
178500,0.129169,1.000000,0.155758,1.000000,875.6,0.001000
178600,2.985592,0.202083,3.026183,0.199584,876.1,0.001000
178700,0.304112,0.995833,0.421713,0.987526,876.6,0.001000
178800,0.144605,1.000000,0.200038,1.000000,877.0,0.001000
178900,0.126522,1.000000,0.154247,1.000000,877.5,0.001000
179000,0.374852,0.995833,0.507971,0.966736,878.0,0.001000
179100,0.126642,1.000000,0.166877,1.000000,878.5,0.001000
179200,1.137716,0.695833,1.422114,0.571726,879.0,0.001000
179300,0.192005,1.000000,0.267645,0.987526,879.5,0.001000
179400,0.130220,1.000000,0.173215,1.000000,880.0,0.001000
179500,0.791336,0.885417,0.980683,0.817048,880.5,0.001000
179600,0.228912,1.000000,0.311431,0.989605,880.9,0.001000
179700,0.135133,1.000000,0.171375,1.000000,881.4,0.001000
179800,2.050567,0.412500,2.265003,0.349272,881.9,0.001000
179900,0.220062,1.000000,0.314850,0.995842,882.4,0.001000
180000,0.149363,1.000000,0.183690,1.000000,882.9,0.001000
180100,0.139539,1.000000,0.173407,1.000000,883.4,0.001000
180200,0.494051,0.962500,0.598470,0.948025,883.8,0.001000
180300,0.203276,1.000000,0.261476,1.000000,884.3,0.001000
180400,0.131785,1.000000,0.159318,1.000000,884.8,0.001000
180500,0.423551,0.991667,0.572106,0.966736,885.3,0.001000
180600,0.133356,1.000000,0.168806,1.000000,885.8,0.001000
180700,0.209931,1.000000,0.267738,0.997921,886.3,0.001000
180800,0.157922,1.000000,0.221492,0.991684,886.8,0.001000
180900,1.974754,0.466667,2.150046,0.390852,887.3,0.001000
181000,0.450659,0.995833,0.584914,0.977131,887.8,0.001000
181100,0.134434,1.000000,0.166264,1.000000,888.3,0.001000
181200,0.150165,1.000000,0.181678,1.000000,888.8,0.001000
181300,0.425706,1.000000,0.554109,0.983368,889.3,0.001000
181400,0.139562,1.000000,0.177589,1.000000,889.8,0.001000
181500,0.142379,1.000000,0.174974,1.000000,890.3,0.001000
181600,0.591099,0.979167,0.737579,0.941788,890.8,0.001000
181700,0.143303,1.000000,0.180289,1.000000,891.3,0.001000
181800,0.161584,1.000000,0.203695,1.000000,891.7,0.001000
181900,0.220464,1.000000,0.284261,0.997921,892.2,0.001000
182000,0.139129,1.000000,0.184039,1.000000,892.7,0.001000
182100,1.418093,0.683333,1.569122,0.607069,893.2,0.001000
182200,0.249261,1.000000,0.346964,0.987526,893.7,0.001000
182300,0.129590,1.000000,0.169583,1.000000,894.2,0.001000
182400,0.587328,0.906250,0.742984,0.860707,894.7,0.001000
182500,0.186992,1.000000,0.253974,0.997921,895.1,0.001000
182600,0.137600,1.000000,0.172780,1.000000,895.6,0.001000
182700,0.447338,0.983333,0.598917,0.923077,896.1,0.001000
182800,0.131649,1.000000,0.181584,1.000000,896.6,0.001000
182900,0.146416,1.000000,0.190646,1.000000,897.1,0.001000
183000,1.433725,0.616667,1.685691,0.536383,897.6,0.001000
183100,0.192553,1.000000,0.273599,0.989605,898.1,0.001000
183200,0.136764,1.000000,0.175752,1.000000,898.6,0.001000
183300,0.148585,1.000000,0.182078,1.000000,899.1,0.001000
183400,0.172121,1.000000,0.221751,1.000000,899.6,0.001000
183500,0.135113,1.000000,0.172487,1.000000,900.1,0.001000
183600,0.129278,1.000000,0.154720,1.000000,900.5,0.001000
183700,0.197037,1.000000,0.265310,0.991684,901.0,0.001000
183800,0.130896,1.000000,0.167322,1.000000,901.5,0.001000
183900,0.802472,0.914583,0.989485,0.827443,902.0,0.001000
184000,0.190993,1.000000,0.269302,0.993763,902.5,0.001000
184100,0.131675,1.000000,0.176105,1.000000,903.0,0.001000
184200,0.136275,1.000000,0.170914,1.000000,903.4,0.001000
184300,0.160662,1.000000,0.199781,1.000000,903.9,0.001000
184400,0.720601,0.952083,0.947388,0.858628,904.4,0.001000
184500,0.156311,1.000000,0.210595,0.995842,904.9,0.001000
184600,0.128808,1.000000,0.154205,1.000000,905.4,0.001000
184700,0.219942,1.000000,0.276457,0.993763,905.9,0.001000
184800,0.171129,1.000000,0.247298,0.995842,906.4,0.001000
184900,0.142185,1.000000,0.184666,1.000000,906.9,0.001000
185000,0.775854,0.935417,0.949215,0.856549,907.4,0.001000
185100,0.286532,1.000000,0.384799,0.987526,907.9,0.001000
185200,0.180240,1.000000,0.241013,1.000000,908.4,0.001000
185300,1.381370,0.641667,1.561791,0.580042,908.9,0.001000
185400,0.159890,1.000000,0.202149,1.000000,909.4,0.001000
185500,0.124608,1.000000,0.157503,1.000000,909.9,0.001000
185600,1.061833,0.750000,1.252940,0.659044,910.3,0.001000
185700,0.254376,1.000000,0.347715,0.991684,910.8,0.001000
185800,0.132321,1.000000,0.170737,1.000000,911.3,0.001000
185900,0.449428,0.993750,0.619355,0.941788,911.8,0.001000
186000,0.209932,1.000000,0.300617,0.995842,912.3,0.001000
186100,0.136369,1.000000,0.180666,1.000000,912.8,0.001000
186200,2.749332,0.183333,2.958960,0.153846,913.4,0.001000
186300,0.175524,1.000000,0.261678,1.000000,913.9,0.001000
186400,2.440471,0.325000,2.502451,0.297297,914.4,0.001000
186500,0.232574,1.000000,0.340989,0.991684,914.8,0.001000
186600,0.140794,1.000000,0.188714,1.000000,915.3,0.001000
186700,0.343451,0.997917,0.472389,0.960499,915.8,0.001000
186800,0.286422,1.000000,0.391796,0.981289,916.3,0.001000
186900,0.135717,1.000000,0.171327,1.000000,916.8,0.001000
187000,0.486643,0.997917,0.593890,0.983368,917.3,0.001000
187100,0.137537,1.000000,0.165915,1.000000,917.7,0.001000
187200,1.689607,0.562500,1.818068,0.521830,918.2,0.001000
187300,0.144265,1.000000,0.175537,1.000000,918.7,0.001000
187400,0.216644,1.000000,0.261449,1.000000,919.2,0.001000
187500,0.166324,1.000000,0.217015,1.000000,919.7,0.001000
187600,0.126248,1.000000,0.153554,1.000000,920.2,0.001000
187700,0.139071,1.000000,0.168533,1.000000,920.7,0.001000
187800,1.776891,0.568750,2.064016,0.397089,921.2,0.001000
187900,0.159233,1.000000,0.200293,0.997921,921.7,0.001000
188000,0.187017,1.000000,0.228096,1.000000,922.2,0.001000
188100,0.263100,1.000000,0.370368,0.977131,922.7,0.001000
188200,0.149149,1.000000,0.201525,1.000000,923.1,0.001000
188300,0.125492,1.000000,0.152098,1.000000,923.6,0.001000
188400,0.749642,0.906250,0.932323,0.835759,924.1,0.001000
188500,0.151020,1.000000,0.199114,1.000000,924.6,0.001000
188600,0.127526,1.000000,0.151776,1.000000,925.1,0.001000
188700,0.392791,0.997917,0.530980,0.972973,925.6,0.001000
188800,0.149947,1.000000,0.199213,1.000000,926.1,0.001000
188900,0.229127,1.000000,0.323104,0.987526,926.6,0.001000
189000,0.274372,1.000000,0.359380,0.995842,927.1,0.001000
189100,0.124400,1.000000,0.151248,1.000000,927.6,0.001000
189200,0.229353,1.000000,0.332400,0.985447,928.1,0.001000
189300,0.124321,1.000000,0.168895,1.000000,928.6,0.001000
189400,0.136823,1.000000,0.173696,1.000000,929.0,0.001000
189500,0.145912,1.000000,0.174824,1.000000,929.5,0.001000
189600,0.433315,0.995833,0.534581,0.979210,930.0,0.001000
189700,0.146196,1.000000,0.193846,1.000000,930.5,0.001000
189800,0.435386,0.983333,0.598190,0.943867,930.9,0.001000
189900,0.130784,1.000000,0.174185,1.000000,931.4,0.001000
190000,0.140397,1.000000,0.177711,1.000000,931.9,0.001000
190100,0.365099,0.993750,0.508181,0.948025,932.4,0.001000
190200,0.164294,1.000000,0.225836,0.995842,932.9,0.001000
190300,0.124232,1.000000,0.152248,1.000000,933.4,0.001000
190400,0.630416,0.908333,0.751580,0.891892,933.9,0.001000
190500,0.443481,0.995833,0.592480,0.948025,934.4,0.001000
190600,0.129502,1.000000,0.166289,1.000000,934.9,0.001000
190700,0.432912,0.997917,0.540377,0.975052,935.4,0.001000
190800,0.138432,1.000000,0.183797,1.000000,935.9,0.001000
190900,0.129564,1.000000,0.161394,1.000000,936.3,0.001000
191000,0.780988,0.904167,1.026266,0.773389,936.8,0.001000
191100,0.194130,1.000000,0.262405,1.000000,937.3,0.001000
191200,0.177906,1.000000,0.242891,1.000000,937.8,0.001000
191300,0.138672,1.000000,0.165261,1.000000,938.3,0.001000
191400,0.570282,0.964583,0.703691,0.931393,938.8,0.001000
191500,0.150600,1.000000,0.201110,1.000000,939.2,0.001000
191600,0.135659,1.000000,0.167165,1.000000,939.7,0.001000
191700,1.305988,0.658333,1.491149,0.600832,940.2,0.001000
191800,0.575292,0.989583,0.715495,0.972973,940.7,0.001000
191900,0.303161,1.000000,0.394579,1.000000,941.2,0.001000
192000,0.193719,1.000000,0.268348,0.995842,941.6,0.001000
192100,1.129245,0.662500,1.275902,0.638254,942.1,0.001000
192200,0.184432,1.000000,0.259804,0.989605,942.6,0.001000
192300,0.123591,1.000000,0.155698,1.000000,943.1,0.001000
192400,1.955624,0.408333,2.165477,0.388773,943.6,0.001000
192500,0.264019,1.000000,0.342408,0.991684,944.1,0.001000
192600,0.149132,1.000000,0.185857,1.000000,944.5,0.001000
192700,0.135043,1.000000,0.161934,1.000000,945.0,0.001000
192800,0.403399,0.997917,0.531152,0.966736,945.5,0.001000
192900,0.138918,1.000000,0.187800,1.000000,946.0,0.001000
193000,0.130261,1.000000,0.156592,1.000000,946.6,0.001000
193100,0.327587,0.997917,0.420663,0.983368,947.0,0.001000
193200,0.138938,1.000000,0.196695,0.997921,947.5,0.001000
193300,0.141888,1.000000,0.181558,1.000000,948.0,0.001000
193400,0.581142,0.977083,0.711105,0.937630,948.5,0.001000
193500,0.138793,1.000000,0.176793,1.000000,949.0,0.001000
193600,0.143039,1.000000,0.169950,1.000000,949.5,0.001000
193700,0.367045,1.000000,0.488776,0.983368,950.0,0.001000
193800,0.133389,1.000000,0.185174,0.997921,950.5,0.001000
193900,1.390176,0.714583,1.589221,0.659044,951.0,0.001000
194000,0.192612,1.000000,0.268126,0.995842,951.5,0.001000
194100,0.135551,1.000000,0.185066,1.000000,952.0,0.001000
194200,0.985134,0.772917,1.179723,0.708940,952.4,0.001000
194300,0.184736,1.000000,0.256941,0.995842,952.9,0.001000
194400,0.134091,1.000000,0.163109,1.000000,953.4,0.001000
194500,0.748472,0.929167,0.911644,0.850312,953.9,0.001000
194600,0.148235,1.000000,0.201639,1.000000,954.4,0.001000
194700,0.182884,1.000000,0.227620,1.000000,954.9,0.001000
194800,2.027829,0.352083,2.177211,0.320166,955.4,0.001000
194900,0.355561,1.000000,0.475474,0.995842,955.9,0.001000
195000,0.143162,1.000000,0.197827,1.000000,956.4,0.001000
195100,0.131136,1.000000,0.158816,1.000000,956.9,0.001000
195200,0.410868,0.991667,0.555075,0.952183,957.4,0.001000
195300,0.173888,1.000000,0.248487,0.997921,957.9,0.001000
195400,0.138147,1.000000,0.173429,1.000000,958.4,0.001000
195500,1.461687,0.600000,1.662080,0.559252,958.9,0.001000
195600,0.208398,1.000000,0.275781,0.997921,959.4,0.001000
195700,0.120761,1.000000,0.157668,1.000000,959.8,0.001000
195800,0.526412,0.975000,0.663797,0.927235,960.3,0.001000
195900,0.131540,1.000000,0.176630,1.000000,960.8,0.001000
196000,0.133223,1.000000,0.174054,1.000000,961.3,0.001000
196100,0.216195,1.000000,0.285928,1.000000,961.8,0.001000
196200,0.127701,1.000000,0.157992,1.000000,962.3,0.001000
196300,1.279657,0.591667,1.586522,0.521830,962.8,0.001000
196400,0.232936,1.000000,0.306648,0.993763,963.3,0.001000
196500,0.126859,1.000000,0.155623,1.000000,963.8,0.001000
196600,0.278771,0.993750,0.369569,0.993763,964.3,0.001000
196700,0.254847,0.997917,0.357770,0.985447,964.7,0.001000
196800,0.156752,1.000000,0.217927,1.000000,965.3,0.001000
196900,0.155407,1.000000,0.194045,1.000000,965.7,0.001000
197000,0.218235,1.000000,0.283113,0.995842,966.2,0.001000
197100,0.121725,1.000000,0.147679,1.000000,966.7,0.001000
197200,0.131246,1.000000,0.157116,1.000000,967.2,0.001000
197300,0.495679,0.989583,0.624524,0.952183,967.7,0.001000
197400,0.145774,1.000000,0.197588,1.000000,968.2,0.001000
197500,0.135158,1.000000,0.165743,1.000000,968.6,0.001000
197600,0.312864,0.995833,0.409787,0.968815,969.1,0.001000
197700,0.134123,1.000000,0.172038,1.000000,969.6,0.001000
197800,0.190135,1.000000,0.256025,1.000000,970.1,0.001000
197900,0.713116,0.960417,0.896491,0.906445,970.6,0.001000
198000,0.213125,1.000000,0.287616,0.993763,971.1,0.001000
198100,0.145074,1.000000,0.185830,1.000000,971.6,0.001000
198200,0.135623,1.000000,0.161862,1.000000,972.1,0.001000
198300,0.532098,0.981250,0.668218,0.952183,972.6,0.001000
198400,0.403828,1.000000,0.510000,0.995842,973.1,0.001000
198500,0.160528,1.000000,0.193749,1.000000,973.5,0.001000
198600,0.134522,1.000000,0.171450,1.000000,974.0,0.001000
198700,0.129476,1.000000,0.154740,1.000000,974.5,0.001000
198800,0.259669,1.000000,0.333552,0.995842,975.0,0.001000
198900,0.128577,1.000000,0.165738,1.000000,975.5,0.001000
199000,0.250021,1.000000,0.347784,0.989605,976.0,0.001000
199100,0.118593,1.000000,0.148089,1.000000,976.5,0.001000
199200,0.206145,1.000000,0.302284,0.993763,977.1,0.001000
199300,0.699575,0.983333,0.893671,0.904366,977.5,0.001000
199400,0.146809,1.000000,0.186490,1.000000,978.0,0.001000
199500,0.146383,1.000000,0.187948,1.000000,978.5,0.001000
199600,0.342483,1.000000,0.473956,0.995842,979.0,0.001000
199700,0.166257,1.000000,0.204563,1.000000,979.5,0.001000
199800,0.232071,1.000000,0.302112,0.991684,979.9,0.001000
199900,0.185568,1.000000,0.269480,0.995842,980.4,0.001000
