step,train_loss,train_acc,test_loss,test_acc,elapsed_sec,lr
0,4.110713,0.031250,4.083237,0.031185,0.0,0.000020
100,0.503700,0.935417,4.750148,0.399168,0.5,0.001000
200,0.004555,1.000000,4.622573,0.471933,1.0,0.001000
300,0.001547,1.000000,4.505362,0.471933,1.5,0.001000
400,0.000570,1.000000,4.401320,0.471933,2.0,0.001000
500,0.000229,1.000000,4.373939,0.471933,2.5,0.001000
600,0.000097,1.000000,4.391962,0.471933,3.0,0.001000
700,0.000042,1.000000,4.491784,0.471933,3.5,0.001000
800,0.000018,1.000000,4.641549,0.471933,3.9,0.001000
900,0.019594,1.000000,4.861400,0.471933,4.4,0.001000
1000,0.001022,1.000000,4.823336,0.471933,4.9,0.001000
1100,0.000507,1.000000,4.642721,0.471933,5.4,0.001000
1200,0.000254,1.000000,4.469342,0.471933,5.9,0.001000
1300,0.000130,1.000000,4.366069,0.471933,6.3,0.001000
1400,0.000063,1.000000,4.387653,0.471933,6.8,0.001000
1500,0.000028,1.000000,4.500350,0.471933,7.3,0.001000
1600,0.000011,1.000000,4.690922,0.476091,7.8,0.001000
1700,0.000004,1.000000,4.896581,0.476091,8.3,0.001000
1800,0.000002,1.000000,5.163884,0.476091,8.8,0.001000
1900,0.012732,1.000000,5.320654,0.471933,9.3,0.001000
2000,0.000856,1.000000,5.344028,0.471933,9.7,0.001000
2100,0.000427,1.000000,5.117052,0.471933,10.2,0.001000
2200,0.000196,1.000000,4.871481,0.471933,10.7,0.001000
2300,0.000092,1.000000,4.654672,0.471933,11.2,0.001000
2400,0.000047,1.000000,4.545166,0.471933,11.7,0.001000
2500,0.000025,1.000000,4.558757,0.471933,12.2,0.001000
2600,0.000012,1.000000,4.674913,0.471933,12.7,0.001000
2700,0.000005,1.000000,4.879042,0.476091,13.1,0.001000
2800,0.008264,1.000000,5.107749,0.471933,13.6,0.001000
2900,0.002186,1.000000,4.942513,0.471933,14.1,0.001000
3000,0.000885,1.000000,4.735662,0.471933,14.6,0.001000
3100,0.000365,1.000000,4.563795,0.471933,15.1,0.001000
3200,0.000165,1.000000,4.489497,0.471933,15.6,0.001000
3300,0.000087,1.000000,4.474148,0.476091,16.1,0.001000
3400,0.000046,1.000000,4.542824,0.474012,16.6,0.001000
3500,0.003140,1.000000,4.529796,0.471933,17.0,0.001000
3600,0.001269,1.000000,4.432858,0.471933,17.5,0.001000
3700,0.000553,1.000000,4.356148,0.471933,18.0,0.001000
3800,0.000233,1.000000,4.356020,0.471933,18.5,0.001000
3900,0.000104,1.000000,4.470829,0.471933,19.0,0.001000
4000,0.000048,1.000000,4.614746,0.471933,19.5,0.001000
4100,0.000021,1.000000,4.834145,0.471933,19.9,0.001000
4200,0.009398,1.000000,4.568737,0.476091,20.4,0.001000
4300,0.001845,1.000000,4.526566,0.471933,20.9,0.001000
4400,0.000833,1.000000,4.437557,0.471933,21.4,0.001000
4500,0.000351,1.000000,4.440606,0.471933,21.9,0.001000
4600,0.000143,1.000000,4.515106,0.471933,22.4,0.001000
4700,0.000067,1.000000,4.684155,0.471933,22.9,0.001000
4800,0.000033,1.000000,4.906590,0.474012,23.3,0.001000
4900,0.003223,1.000000,4.508708,0.471933,23.8,0.001000
5000,0.001388,1.000000,4.392782,0.471933,24.3,0.001000
5100,0.000639,1.000000,4.334939,0.471933,24.8,0.001000
5200,0.000300,1.000000,4.354253,0.471933,25.3,0.001000
5300,0.000150,1.000000,4.476608,0.471933,25.8,0.001000
5400,0.000070,1.000000,4.665651,0.471933,26.3,0.001000
5500,0.000029,1.000000,4.908982,0.471933,26.8,0.001000
5600,0.000011,1.000000,5.173025,0.471933,27.2,0.001000
5700,0.000004,1.000000,5.443269,0.471933,27.8,0.001000
5800,0.000002,1.000000,5.726436,0.474012,28.3,0.001000
5900,0.000002,1.000000,5.886958,0.476091,28.7,0.001000
6000,0.003454,1.000000,4.402566,0.476091,29.2,0.001000
6100,0.001308,1.000000,4.317338,0.474012,29.7,0.001000
6200,0.000497,1.000000,4.261786,0.474012,30.2,0.001000
6300,0.000206,1.000000,4.261588,0.476091,30.7,0.001000
6400,0.000077,1.000000,4.386556,0.476091,31.2,0.001000
6500,0.000032,1.000000,4.596677,0.474012,31.6,0.001000
6600,1.290723,0.747917,3.823086,0.320166,32.1,0.001000
6700,0.002577,1.000000,3.871243,0.474012,32.6,0.001000
6800,0.001109,1.000000,3.843690,0.471933,33.1,0.001000
6900,0.000488,1.000000,3.868163,0.474012,33.6,0.001000
7000,0.000208,1.000000,3.971504,0.471933,34.0,0.001000
7100,0.000096,1.000000,4.161246,0.471933,34.5,0.001000
7200,0.026862,1.000000,3.455437,0.476091,35.0,0.001000
7300,0.001935,1.000000,3.490207,0.476091,35.5,0.001000
7400,0.000879,1.000000,3.479388,0.474012,36.0,0.001000
7500,0.000401,1.000000,3.579685,0.474012,36.5,0.001000
7600,0.000184,1.000000,3.763182,0.478170,37.0,0.001000
7700,0.000087,1.000000,3.950113,0.478170,37.4,0.001000
7800,0.000038,1.000000,4.163738,0.482328,37.9,0.001000
7900,0.003637,1.000000,2.967938,0.484407,38.5,0.001000
8000,0.001311,1.000000,2.969466,0.480249,39.0,0.001000
8100,0.000562,1.000000,3.009718,0.480249,39.5,0.001000
8200,0.000241,1.000000,3.162676,0.480249,40.0,0.001000
8300,0.000105,1.000000,3.380776,0.480249,40.5,0.001000
8400,0.000048,1.000000,3.620206,0.484407,41.0,0.001000
8500,0.000021,1.000000,3.802682,0.494803,41.5,0.001000
8600,0.007206,1.000000,2.840611,0.498960,41.9,0.001000
8700,0.001721,1.000000,2.678355,0.498960,42.4,0.001000
8800,0.000814,1.000000,2.659600,0.501040,42.9,0.001000
8900,0.000369,1.000000,2.739087,0.505198,43.4,0.001000
9000,0.000183,1.000000,2.929020,0.498960,43.9,0.001000
9100,0.000102,1.000000,3.105966,0.498960,44.4,0.001000
9200,0.000048,1.000000,3.276800,0.519751,44.9,0.001000
9300,0.000019,1.000000,3.463626,0.515593,45.4,0.001000
9400,0.005907,1.000000,2.106984,0.555094,45.8,0.001000
9500,0.001501,1.000000,1.979669,0.582121,46.3,0.001000
9600,0.000739,1.000000,1.990260,0.573805,46.8,0.001000
9700,0.000329,1.000000,2.107973,0.571726,47.3,0.001000
9800,0.000159,1.000000,2.235663,0.571726,47.8,0.001000
9900,0.000089,1.000000,2.335051,0.588358,48.3,0.001000
10000,0.050506,0.995833,1.703334,0.609148,48.8,0.001000
10100,0.001581,1.000000,1.427270,0.654886,49.2,0.001000
10200,0.000730,1.000000,1.436344,0.667360,49.7,0.001000
10300,0.000309,1.000000,1.536461,0.648649,50.2,0.001000
10400,0.000152,1.000000,1.618573,0.646570,50.7,0.001000
10500,0.000080,1.000000,1.611647,0.659044,51.2,0.001000
10600,0.000035,1.000000,1.575963,0.679834,51.7,0.001000
10700,0.003933,1.000000,0.612911,0.787942,52.2,0.001000
10800,0.001499,1.000000,0.508878,0.821206,52.6,0.001000
10900,0.000680,1.000000,0.467583,0.844075,53.1,0.001000
11000,0.000270,1.000000,0.482941,0.844075,53.6,0.001000
11100,0.000132,1.000000,0.541256,0.835759,54.1,0.001000
11200,0.000081,1.000000,0.538960,0.848233,54.6,0.001000
11300,0.004233,1.000000,0.312750,0.898129,55.0,0.001000
11400,0.001968,1.000000,0.195173,0.935551,55.5,0.001000
11500,0.000857,1.000000,0.132158,0.958420,56.0,0.001000
11600,0.000369,1.000000,0.105801,0.962578,56.5,0.001000
11700,0.000182,1.000000,0.098874,0.962578,57.0,0.001000
11800,0.000084,1.000000,0.080438,0.970894,57.5,0.001000
11900,0.000035,1.000000,0.060848,0.981289,58.0,0.001000
12000,0.000013,1.000000,0.049583,0.983368,58.5,0.001000
12100,0.000005,1.000000,0.040307,0.987526,59.0,0.001000
12200,0.024616,1.000000,0.486635,0.879418,59.4,0.001000
12300,0.002171,1.000000,0.174419,0.952183,59.9,0.001000
12400,0.001093,1.000000,0.081756,0.985447,60.4,0.001000
12500,0.000481,1.000000,0.026872,0.995842,60.9,0.001000
12600,0.000181,1.000000,0.004825,1.000000,61.4,0.001000
12700,0.000076,1.000000,0.001363,1.000000,61.9,0.001000
12800,0.799225,0.852083,1.151593,0.773389,62.3,0.001000
12900,0.002405,1.000000,0.074064,0.981289,62.8,0.001000
13000,0.001107,1.000000,0.040721,0.985447,63.3,0.001000
13100,0.000438,1.000000,0.015456,0.995842,63.8,0.001000
13200,0.000178,1.000000,0.003487,1.000000,64.3,0.001000
13300,0.000098,1.000000,0.000673,1.000000,64.8,0.001000
13400,0.000048,1.000000,0.000154,1.000000,65.3,0.001000
13500,0.000020,1.000000,0.000052,1.000000,65.8,0.001000
13600,0.000007,1.000000,0.000020,1.000000,66.3,0.001000
13700,0.000003,1.000000,0.000007,1.000000,66.8,0.001000
13800,0.009922,1.000000,0.117731,0.979210,67.3,0.001000
13900,0.002336,1.000000,0.035466,0.989605,67.7,0.001000
14000,0.001080,1.000000,0.013608,0.997921,68.2,0.001000
14100,0.000455,1.000000,0.003863,1.000000,68.7,0.001000
14200,0.000168,1.000000,0.001115,1.000000,69.2,0.001000
14300,0.000062,1.000000,0.000315,1.000000,69.7,0.001000
14400,0.000037,1.000000,0.000157,1.000000,70.1,0.001000
14500,0.000020,1.000000,0.000059,1.000000,70.6,0.001000
14600,1.636001,0.604167,2.060921,0.480249,71.1,0.001000
14700,0.002877,1.000000,0.025350,0.993763,71.6,0.001000
14800,0.001329,1.000000,0.009568,0.997921,72.1,0.001000
14900,0.000509,1.000000,0.003148,1.000000,72.6,0.001000
15000,0.000169,1.000000,0.000944,1.000000,73.1,0.001000
15100,0.000079,1.000000,0.000431,1.000000,73.5,0.001000
15200,0.000052,1.000000,0.000202,1.000000,74.0,0.001000
15300,0.000026,1.000000,0.000055,1.000000,74.5,0.001000
15400,0.000011,1.000000,0.000026,1.000000,75.0,0.001000
15500,0.015947,1.000000,0.089749,0.983368,75.5,0.001000
15600,0.003570,1.000000,0.030499,0.995842,75.9,0.001000
15700,0.001341,1.000000,0.009255,0.997921,76.4,0.001000
15800,0.000474,1.000000,0.002511,1.000000,77.0,0.001000
15900,0.000149,1.000000,0.000943,1.000000,77.4,0.001000
16000,0.000072,1.000000,0.000431,1.000000,78.0,0.001000
16100,0.002397,1.000000,0.015368,0.997921,78.4,0.001000
16200,0.001169,1.000000,0.006539,1.000000,78.9,0.001000
16300,0.000498,1.000000,0.003335,1.000000,79.4,0.001000
16400,0.000210,1.000000,0.001606,1.000000,79.9,0.001000
16500,0.000120,1.000000,0.001216,1.000000,80.4,0.001000
16600,0.000058,1.000000,0.000445,1.000000,80.9,0.001000
16700,0.000024,1.000000,0.000126,1.000000,81.4,0.001000
16800,0.000009,1.000000,0.000027,1.000000,81.9,0.001000
16900,0.000003,1.000000,0.000006,1.000000,82.4,0.001000
17000,0.000001,1.000000,0.000002,1.000000,82.9,0.001000
17100,0.000000,1.000000,0.000001,1.000000,83.4,0.001000
17200,0.003384,1.000000,0.060237,0.979210,83.9,0.001000
17300,0.001497,1.000000,0.024429,0.995842,84.4,0.001000
17400,0.000657,1.000000,0.007963,0.997921,84.9,0.001000
17500,0.000271,1.000000,0.002440,1.000000,85.4,0.001000
17600,0.000096,1.000000,0.000654,1.000000,85.8,0.001000
17700,0.118201,0.979167,0.441099,0.875260,86.3,0.001000
17800,0.001972,1.000000,0.023928,0.997921,86.8,0.001000
17900,0.000832,1.000000,0.010748,0.997921,87.3,0.001000
18000,0.000299,1.000000,0.005163,0.997921,87.8,0.001000
18100,0.000113,1.000000,0.001910,1.000000,88.3,0.001000
18200,0.000063,1.000000,0.000621,1.000000,88.7,0.001000
18300,0.000032,1.000000,0.000230,1.000000,89.2,0.001000
18400,0.000014,1.000000,0.000049,1.000000,89.7,0.001000
18500,0.000005,1.000000,0.000022,1.000000,90.2,0.001000
18600,0.000002,1.000000,0.000005,1.000000,90.7,0.001000
18700,0.201033,0.968750,0.618631,0.848233,91.2,0.001000
18800,0.002542,1.000000,0.029092,0.995842,91.7,0.001000
18900,0.001135,1.000000,0.016687,0.997921,92.2,0.001000
19000,0.000506,1.000000,0.006901,0.997921,92.7,0.001000
19100,0.000191,1.000000,0.001183,1.000000,93.2,0.001000
19200,0.000063,1.000000,0.000335,1.000000,93.7,0.001000
19300,0.000034,1.000000,0.000165,1.000000,94.2,0.001000
19400,0.008424,1.000000,0.077886,0.989605,94.7,0.001000
19500,0.003341,1.000000,0.033766,0.993763,95.1,0.001000
19600,0.001163,1.000000,0.017692,0.993763,95.6,0.001000
19700,0.000357,1.000000,0.006537,0.995842,96.1,0.001000
19800,0.000128,1.000000,0.001735,1.000000,96.6,0.001000
19900,0.000073,1.000000,0.000336,1.000000,97.1,0.001000
20000,0.002158,1.000000,0.030216,0.995842,97.6,0.001000
20100,0.001027,1.000000,0.012768,0.997921,98.1,0.001000
20200,0.000487,1.000000,0.004584,0.997921,98.5,0.001000
20300,0.000223,1.000000,0.001161,1.000000,99.0,0.001000
20400,0.000117,1.000000,0.000324,1.000000,99.5,0.001000
20500,0.000054,1.000000,0.000106,1.000000,100.0,0.001000
20600,0.000021,1.000000,0.000034,1.000000,100.4,0.001000
20700,0.000008,1.000000,0.000012,1.000000,101.0,0.001000
20800,0.004906,1.000000,0.089562,0.981289,101.4,0.001000
20900,0.001895,1.000000,0.046081,0.985447,101.9,0.001000
21000,0.000834,1.000000,0.016219,0.997921,102.4,0.001000
21100,0.000339,1.000000,0.002896,1.000000,102.9,0.001000
21200,0.000131,1.000000,0.000575,1.000000,103.4,0.001000
21300,0.000078,1.000000,0.000166,1.000000,103.9,0.001000
21400,0.002825,1.000000,0.015129,0.997921,104.4,0.001000
21500,0.001170,1.000000,0.005582,1.000000,104.9,0.001000
21600,0.000520,1.000000,0.001910,1.000000,105.4,0.001000
21700,0.000212,1.000000,0.000618,1.000000,105.8,0.001000
21800,0.000116,1.000000,0.000259,1.000000,106.3,0.001000
21900,0.000060,1.000000,0.000104,1.000000,106.8,0.001000
22000,0.000025,1.000000,0.000038,1.000000,107.3,0.001000
22100,0.000010,1.000000,0.000014,1.000000,107.8,0.001000
22200,0.000004,1.000000,0.000005,1.000000,108.3,0.001000
22300,0.000001,1.000000,0.000002,1.000000,108.8,0.001000
22400,2.820514,0.350000,3.287337,0.216216,109.2,0.001000
22500,0.003600,1.000000,0.068454,0.983368,109.7,0.001000
22600,0.001435,1.000000,0.035955,0.993763,110.2,0.001000
22700,0.000601,1.000000,0.014456,0.993763,110.7,0.001000
22800,0.000250,1.000000,0.003021,1.000000,111.2,0.001000
22900,0.000098,1.000000,0.000572,1.000000,111.6,0.001000
23000,0.056762,1.000000,0.234111,0.958420,112.1,0.001000
23100,0.002084,1.000000,0.013336,0.997921,112.6,0.001000
23200,0.001044,1.000000,0.005594,0.997921,113.1,0.001000
23300,0.000386,1.000000,0.002039,1.000000,113.6,0.001000
23400,0.000128,1.000000,0.000520,1.000000,114.1,0.001000
23500,0.000064,1.000000,0.000173,1.000000,114.5,0.001000
23600,0.000033,1.000000,0.000067,1.000000,115.0,0.001000
23700,0.000014,1.000000,0.000023,1.000000,115.5,0.001000
23800,1.211223,0.681250,1.349486,0.642412,116.0,0.001000
23900,0.002102,1.000000,0.017536,0.997921,116.5,0.001000
24000,0.000989,1.000000,0.007446,1.000000,117.0,0.001000
24100,0.000429,1.000000,0.003187,1.000000,117.4,0.001000
24200,0.000173,1.000000,0.000993,1.000000,117.9,0.001000
24300,0.000081,1.000000,0.000366,1.000000,118.4,0.001000
24400,0.000050,1.000000,0.000152,1.000000,118.9,0.001000
24500,0.016359,1.000000,0.104471,0.977131,119.4,0.001000
24600,0.001489,1.000000,0.010167,0.997921,119.9,0.001000
24700,0.000727,1.000000,0.004012,1.000000,120.3,0.001000
24800,0.000278,1.000000,0.001319,1.000000,120.8,0.001000
24900,0.000114,1.000000,0.000405,1.000000,121.3,0.001000
25000,0.000070,1.000000,0.000151,1.000000,121.8,0.001000
25100,0.000035,1.000000,0.000058,1.000000,122.3,0.001000
25200,0.000014,1.000000,0.000021,1.000000,122.8,0.001000
25300,0.000005,1.000000,0.000008,1.000000,123.2,0.001000
25400,0.000002,1.000000,0.000003,1.000000,123.7,0.001000
25500,0.000001,1.000000,0.000002,1.000000,124.2,0.001000
25600,0.003032,1.000000,0.031362,0.995842,124.7,0.001000
25700,0.001408,1.000000,0.009825,1.000000,125.2,0.001000
25800,0.000645,1.000000,0.002980,1.000000,125.7,0.001000
25900,0.000254,1.000000,0.000917,1.000000,126.2,0.001000
26000,0.000087,1.000000,0.000270,1.000000,126.7,0.001000
26100,0.011363,1.000000,0.100195,0.979210,127.1,0.001000
26200,0.004120,1.000000,0.048401,0.989605,127.6,0.001000
26300,0.000955,1.000000,0.014982,0.997921,128.1,0.001000
26400,0.000285,1.000000,0.002551,1.000000,128.6,0.001000
26500,0.000114,1.000000,0.000730,1.000000,129.1,0.001000
26600,0.000061,1.000000,0.000225,1.000000,129.6,0.001000
26700,0.000031,1.000000,0.000081,1.000000,130.0,0.001000
26800,0.000015,1.000000,0.000031,1.000000,130.5,0.001000
26900,0.000005,1.000000,0.000009,1.000000,131.0,0.001000
27000,0.000002,1.000000,0.000004,1.000000,131.5,0.001000
27100,0.001892,1.000000,0.028346,0.991684,132.0,0.001000
27200,0.000893,1.000000,0.014088,0.995842,132.5,0.001000
27300,0.000430,1.000000,0.004331,1.000000,133.0,0.001000
27400,0.000170,1.000000,0.001167,1.000000,133.5,0.001000
27500,0.000061,1.000000,0.000308,1.000000,134.1,0.001000
27600,0.000032,1.000000,0.000204,1.000000,134.6,0.001000
27700,0.000022,1.000000,0.000066,1.000000,135.1,0.001000
27800,0.000011,1.000000,0.000032,1.000000,135.6,0.001000
27900,0.003188,1.000000,0.022648,0.997921,136.1,0.001000
28000,0.001533,1.000000,0.008980,0.997921,136.6,0.001000
28100,0.000619,1.000000,0.002507,1.000000,137.0,0.001000
28200,0.000201,1.000000,0.000611,1.000000,137.5,0.001000
28300,0.000074,1.000000,0.000172,1.000000,138.0,0.001000
28400,0.000048,1.000000,0.000102,1.000000,138.5,0.001000
28500,0.000026,1.000000,0.000044,1.000000,139.0,0.001000
28600,0.000011,1.000000,0.000019,1.000000,139.5,0.001000
28700,0.000004,1.000000,0.000007,1.000000,140.0,0.001000
28800,0.000002,1.000000,0.000002,1.000000,140.5,0.001000
28900,0.004217,1.000000,0.034889,0.995842,141.0,0.001000
29000,0.001707,1.000000,0.013298,0.995842,141.5,0.001000
29100,0.000670,1.000000,0.003964,1.000000,142.0,0.001000
29200,0.000203,1.000000,0.001038,1.000000,142.4,0.001000
29300,0.000072,1.000000,0.000251,1.000000,142.9,0.001000
29400,0.560187,0.908333,0.759279,0.852391,143.4,0.001000
29500,0.002707,1.000000,0.016272,0.997921,143.9,0.001000
29600,0.001087,1.000000,0.005346,1.000000,144.4,0.001000
29700,0.000375,1.000000,0.001363,1.000000,144.8,0.001000
29800,0.000126,1.000000,0.000341,1.000000,145.3,0.001000
29900,0.000063,1.000000,0.000125,1.000000,145.8,0.001000
30000,0.000034,1.000000,0.000055,1.000000,146.3,0.001000
30100,0.000015,1.000000,0.000022,1.000000,146.7,0.001000
30200,0.000006,1.000000,0.000008,1.000000,147.2,0.001000
30300,0.006983,1.000000,0.052263,0.991684,147.7,0.001000
30400,0.001930,1.000000,0.024817,0.997921,148.2,0.001000
30500,0.000718,1.000000,0.015324,0.997921,148.7,0.001000
30600,0.000257,1.000000,0.001298,1.000000,149.2,0.001000
30700,0.000093,1.000000,0.000242,1.000000,149.6,0.001000
30800,0.000049,1.000000,0.000111,1.000000,150.1,0.001000
30900,0.000031,1.000000,0.000050,1.000000,150.6,0.001000
31000,0.000015,1.000000,0.000020,1.000000,151.1,0.001000
31100,0.000006,1.000000,0.000008,1.000000,151.6,0.001000
31200,0.000002,1.000000,0.000003,1.000000,152.1,0.001000
31300,0.000001,1.000000,0.000001,1.000000,152.6,0.001000
31400,0.000000,1.000000,0.000000,1.000000,153.0,0.001000
31500,0.305947,0.939583,1.018839,0.762994,153.5,0.001000
31600,0.004183,1.000000,0.081266,0.968815,154.0,0.001000
31700,0.001449,1.000000,0.037286,0.989605,154.5,0.001000
31800,0.000399,1.000000,0.007640,1.000000,155.0,0.001000
31900,0.000152,1.000000,0.000947,1.000000,155.5,0.001000
32000,0.000061,1.000000,0.000256,1.000000,156.0,0.001000
32100,0.690345,0.856250,1.028036,0.779626,156.5,0.001000
32200,0.003704,1.000000,0.033369,0.995842,157.0,0.001000
32300,0.001639,1.000000,0.009452,0.997921,157.5,0.001000
32400,0.000654,1.000000,0.002390,1.000000,158.0,0.001000
32500,0.000219,1.000000,0.000688,1.000000,158.5,0.001000
32600,0.000082,1.000000,0.000199,1.000000,159.0,0.001000
32700,0.000039,1.000000,0.000069,1.000000,159.5,0.001000
32800,0.011225,1.000000,0.065255,0.989605,160.0,0.001000
32900,0.001957,1.000000,0.012953,0.997921,160.5,0.001000
33000,0.000886,1.000000,0.004433,1.000000,161.0,0.001000
33100,0.000331,1.000000,0.001266,1.000000,161.5,0.001000
33200,0.000128,1.000000,0.000339,1.000000,162.0,0.001000
33300,0.000065,1.000000,0.000127,1.000000,162.4,0.001000
33400,0.000033,1.000000,0.000053,1.000000,162.9,0.001000
33500,0.000014,1.000000,0.000020,1.000000,163.4,0.001000
33600,0.000006,1.000000,0.000007,1.000000,163.9,0.001000
33700,0.000002,1.000000,0.000003,1.000000,164.4,0.001000
33800,0.000001,1.000000,0.000001,1.000000,164.9,0.001000
33900,0.005999,1.000000,0.051681,0.993763,165.4,0.001000
34000,0.002060,1.000000,0.018252,0.997921,165.8,0.001000
34100,0.000688,1.000000,0.005811,1.000000,166.3,0.001000
34200,0.000277,1.000000,0.001672,1.000000,166.8,0.001000
34300,0.000103,1.000000,0.000302,1.000000,167.3,0.001000
34400,0.005536,1.000000,0.066175,0.987526,167.8,0.001000
34500,0.002236,1.000000,0.036984,0.989605,168.2,0.001000
34600,0.000924,1.000000,0.014999,0.995842,168.7,0.001000
34700,0.000309,1.000000,0.003965,0.997921,169.2,0.001000
34800,0.000113,1.000000,0.000955,1.000000,169.7,0.001000
34900,0.000062,1.000000,0.000127,1.000000,170.2,0.001000
35000,0.000031,1.000000,0.000043,1.000000,170.7,0.001000
35100,0.001363,1.000000,0.009975,0.997921,171.2,0.001000
35200,0.000559,1.000000,0.004066,0.997921,171.7,0.001000
35300,0.000266,1.000000,0.001166,1.000000,172.2,0.001000
35400,0.000110,1.000000,0.000311,1.000000,172.7,0.001000
35500,0.000054,1.000000,0.000119,1.000000,173.2,0.001000
35600,0.000029,1.000000,0.000054,1.000000,173.6,0.001000
35700,0.000012,1.000000,0.000020,1.000000,174.1,0.001000
35800,0.000005,1.000000,0.000007,1.000000,174.6,0.001000
35900,0.000002,1.000000,0.000003,1.000000,175.1,0.001000
36000,0.000001,1.000000,0.000001,1.000000,175.6,0.001000
36100,0.000000,1.000000,0.000000,1.000000,176.1,0.001000
36200,0.003016,1.000000,0.040476,0.983368,176.5,0.001000
36300,0.001073,1.000000,0.020603,0.993763,177.0,0.001000
36400,0.000501,1.000000,0.006869,1.000000,177.5,0.001000
36500,0.000225,1.000000,0.001283,1.000000,178.1,0.001000
36600,0.000088,1.000000,0.000304,1.000000,178.6,0.001000
36700,0.000032,1.000000,0.000079,1.000000,179.2,0.001000
36800,0.000020,1.000000,0.000035,1.000000,179.7,0.001000
36900,0.000014,1.000000,0.000019,1.000000,180.2,0.001000
37000,0.000006,1.000000,0.000008,1.000000,180.7,0.001000
37100,0.000002,1.000000,0.000003,1.000000,181.2,0.001000
37200,0.000001,1.000000,0.000001,1.000000,181.6,0.001000
37300,0.000000,1.000000,0.000000,1.000000,182.1,0.001000
37400,0.039593,1.000000,0.249270,0.935551,182.6,0.001000
37500,0.001854,1.000000,0.034844,0.989605,183.1,0.001000
37600,0.000851,1.000000,0.018633,0.991684,183.6,0.001000
37700,0.000353,1.000000,0.006343,1.000000,184.1,0.001000
37800,0.000117,1.000000,0.001628,1.000000,184.6,0.001000
37900,0.000041,1.000000,0.000461,1.000000,185.1,0.001000
38000,0.000030,1.000000,0.000290,1.000000,185.6,0.001000
38100,0.006175,1.000000,0.046000,0.997921,186.1,0.001000
38200,0.002124,1.000000,0.014538,0.997921,186.6,0.001000
38300,0.000705,1.000000,0.005076,0.997921,187.1,0.001000
38400,0.000208,1.000000,0.002394,0.997921,187.6,0.001000
38500,0.000081,1.000000,0.000895,1.000000,188.1,0.001000
38600,0.000051,1.000000,0.000338,1.000000,188.5,0.001000
38700,0.032461,1.000000,0.150543,0.970894,189.0,0.001000
38800,0.002999,1.000000,0.019517,0.995842,189.5,0.001000
38900,0.001233,1.000000,0.006781,1.000000,190.0,0.001000
39000,0.000439,1.000000,0.002078,1.000000,190.5,0.001000
39100,0.000173,1.000000,0.000701,1.000000,191.0,0.001000
39200,0.000100,1.000000,0.000252,1.000000,191.5,0.001000
39300,0.000051,1.000000,0.000092,1.000000,192.0,0.001000
39400,0.000021,1.000000,0.000035,1.000000,192.5,0.001000
39500,0.246288,0.956250,0.497886,0.877339,192.9,0.001000
39600,0.002231,1.000000,0.019202,0.995842,193.4,0.001000
39700,0.001114,1.000000,0.006942,1.000000,194.0,0.001000
39800,0.000481,1.000000,0.002259,1.000000,194.5,0.001000
39900,0.000167,1.000000,0.000740,1.000000,195.0,0.001000
40000,0.000082,1.000000,0.000228,1.000000,195.5,0.001000
40100,0.000050,1.000000,0.000085,1.000000,196.0,0.001000
40200,0.000023,1.000000,0.000035,1.000000,196.5,0.001000
40300,0.000009,1.000000,0.000015,1.000000,196.9,0.001000
40400,0.000004,1.000000,0.000006,1.000000,197.4,0.001000
40500,0.078551,0.995833,0.307700,0.939709,197.9,0.001000
40600,0.002844,1.000000,0.033670,0.993763,198.4,0.001000
40700,0.001126,1.000000,0.011212,0.995842,198.9,0.001000
40800,0.000420,1.000000,0.004171,0.997921,199.4,0.001000
40900,0.000137,1.000000,0.001201,1.000000,199.9,0.001000
41000,0.000061,1.000000,0.000297,1.000000,200.3,0.001000
41100,0.000046,1.000000,0.000125,1.000000,200.8,0.001000
41200,0.004324,1.000000,0.022500,0.997921,201.3,0.001000
41300,0.001837,1.000000,0.007424,1.000000,201.8,0.001000
41400,0.000699,1.000000,0.002763,1.000000,202.3,0.001000
41500,0.000212,1.000000,0.001074,1.000000,202.8,0.001000
41600,0.000084,1.000000,0.000442,1.000000,203.2,0.001000
41700,0.000050,1.000000,0.000229,1.000000,203.7,0.001000
41800,0.000024,1.000000,0.000059,1.000000,204.2,0.001000
41900,0.000010,1.000000,0.000021,1.000000,204.7,0.001000
42000,1.972098,0.575000,2.319157,0.440748,205.2,0.001000
42100,0.003881,1.000000,0.032483,0.995842,205.7,0.001000
42200,0.001431,1.000000,0.013654,0.997921,206.2,0.001000
42300,0.000528,1.000000,0.004435,0.997921,206.6,0.001000
42400,0.000194,1.000000,0.000867,1.000000,207.1,0.001000
42500,0.000089,1.000000,0.000327,1.000000,207.6,0.001000
42600,0.013809,1.000000,0.086055,0.983368,208.1,0.001000
42700,0.002687,1.000000,0.029779,0.995842,208.6,0.001000
42800,0.001149,1.000000,0.012919,0.995842,209.1,0.001000
42900,0.000423,1.000000,0.003477,1.000000,209.6,0.001000
43000,0.000180,1.000000,0.000917,1.000000,210.0,0.001000
43100,0.000094,1.000000,0.000350,1.000000,210.5,0.001000
43200,0.074476,0.995833,0.179221,0.966736,211.0,0.001000
43300,0.001646,1.000000,0.013272,0.997921,211.5,0.001000
43400,0.000837,1.000000,0.005358,0.997921,212.0,0.001000
43500,0.000371,1.000000,0.001518,1.000000,212.5,0.001000
43600,0.000180,1.000000,0.000506,1.000000,212.9,0.001000
43700,0.000098,1.000000,0.000224,1.000000,213.4,0.001000
43800,0.093809,0.991667,0.248691,0.939709,213.9,0.001000
43900,0.001288,1.000000,0.018256,0.995842,214.4,0.001000
44000,0.000632,1.000000,0.007275,0.997921,214.9,0.001000
44100,0.000285,1.000000,0.001983,1.000000,215.3,0.001000
44200,0.000145,1.000000,0.000577,1.000000,215.8,0.001000
44300,0.000080,1.000000,0.000202,1.000000,216.3,0.001000
44400,0.000036,1.000000,0.000073,1.000000,216.8,0.001000
44500,0.000014,1.000000,0.000029,1.000000,217.3,0.001000
44600,0.000006,1.000000,0.000010,1.000000,217.7,0.001000
44700,0.003158,1.000000,0.041755,0.991684,218.2,0.001000
44800,0.001593,1.000000,0.020158,0.995842,218.7,0.001000
44900,0.000793,1.000000,0.006666,0.997921,219.2,0.001000
45000,0.000323,1.000000,0.002669,1.000000,219.7,0.001000
45100,0.000136,1.000000,0.000840,1.000000,220.2,0.001000
45200,0.000090,1.000000,0.000203,1.000000,220.7,0.001000
45300,0.002265,1.000000,0.019565,0.995842,221.2,0.001000
45400,0.000931,1.000000,0.006714,0.997921,221.7,0.001000
45500,0.000351,1.000000,0.002171,1.000000,222.1,0.001000
45600,0.000153,1.000000,0.000427,1.000000,222.6,0.001000
45700,0.000093,1.000000,0.000181,1.000000,223.1,0.001000
45800,0.000045,1.000000,0.000071,1.000000,223.6,0.001000
45900,0.000018,1.000000,0.000027,1.000000,224.1,0.001000
46000,0.000007,1.000000,0.000010,1.000000,224.6,0.001000
46100,0.000003,1.000000,0.000004,1.000000,225.1,0.001000
46200,7.447690,0.160417,7.598866,0.174636,225.6,0.001000
46300,0.002143,1.000000,0.023396,0.995842,226.1,0.001000
46400,0.001101,1.000000,0.010702,0.997921,226.6,0.001000
46500,0.000528,1.000000,0.002983,1.000000,227.0,0.001000
46600,0.000191,1.000000,0.000780,1.000000,227.5,0.001000
46700,0.000061,1.000000,0.000243,1.000000,228.0,0.001000
46800,0.000038,1.000000,0.000085,1.000000,228.5,0.001000
46900,0.001674,1.000000,0.018207,0.995842,229.0,0.001000
47000,0.000753,1.000000,0.005122,1.000000,229.4,0.001000
47100,0.000318,1.000000,0.001362,1.000000,229.9,0.001000
47200,0.000128,1.000000,0.000388,1.000000,230.4,0.001000
47300,0.000074,1.000000,0.000171,1.000000,230.9,0.001000
47400,0.000039,1.000000,0.000068,1.000000,231.4,0.001000
47500,0.000017,1.000000,0.000026,1.000000,231.9,0.001000
47600,0.000007,1.000000,0.000010,1.000000,232.3,0.001000
47700,0.000003,1.000000,0.000004,1.000000,232.8,0.001000
47800,1.199488,0.718750,1.850562,0.519751,233.3,0.001000
47900,0.002444,1.000000,0.058192,0.981289,233.8,0.001000
48000,0.001139,1.000000,0.018323,0.995842,234.3,0.001000
48100,0.000426,1.000000,0.003445,1.000000,234.8,0.001000
48200,0.000142,1.000000,0.000677,1.000000,235.3,0.001000
48300,0.000059,1.000000,0.000190,1.000000,235.8,0.001000
48400,0.000044,1.000000,0.000086,1.000000,236.3,0.001000
48500,0.006381,1.000000,0.059969,0.985447,236.7,0.001000
48600,0.001072,1.000000,0.009456,0.997921,237.2,0.001000
48700,0.000435,1.000000,0.003048,1.000000,237.7,0.001000
48800,0.000164,1.000000,0.000682,1.000000,238.2,0.001000
48900,0.000087,1.000000,0.000221,1.000000,238.7,0.001000
49000,0.000051,1.000000,0.000091,1.000000,239.2,0.001000
49100,0.000023,1.000000,0.000037,1.000000,239.7,0.001000
49200,0.000009,1.000000,0.000014,1.000000,240.1,0.001000
49300,0.000004,1.000000,0.000005,1.000000,240.6,0.001000
49400,0.000001,1.000000,0.000002,1.000000,241.1,0.001000
49500,0.000001,1.000000,0.000001,1.000000,241.6,0.001000
49600,0.003075,1.000000,0.070854,0.983368,242.1,0.001000
49700,0.001354,1.000000,0.041210,0.993763,242.5,0.001000
49800,0.000544,1.000000,0.024299,0.995842,243.0,0.001000
49900,0.000180,1.000000,0.013604,0.995842,243.6,0.001000
50000,0.000062,1.000000,0.006071,0.997921,244.1,0.001000
50100,0.000038,1.000000,0.001359,1.000000,244.6,0.001000
50200,0.619833,0.895833,0.884472,0.804574,245.0,0.001000
50300,0.002576,1.000000,0.030049,0.993763,245.5,0.001000
50400,0.001086,1.000000,0.012413,0.995842,246.0,0.001000
50500,0.000372,1.000000,0.004517,0.997921,246.5,0.001000
50600,0.000126,1.000000,0.001523,1.000000,247.0,0.001000
50700,0.000071,1.000000,0.000563,1.000000,247.5,0.001000
50800,0.000041,1.000000,0.000115,1.000000,247.9,0.001000
50900,0.000018,1.000000,0.000034,1.000000,248.5,0.001000
51000,0.000007,1.000000,0.000012,1.000000,249.0,0.001000
51100,0.000003,1.000000,0.000005,1.000000,249.5,0.001000
51200,0.005926,1.000000,0.057164,0.993763,250.0,0.001000
51300,0.002065,1.000000,0.024638,0.993763,250.5,0.001000
51400,0.000820,1.000000,0.008547,0.997921,251.0,0.001000
51500,0.000305,1.000000,0.002135,1.000000,251.5,0.001000
51600,0.000094,1.000000,0.000548,1.000000,252.0,0.001000
51700,0.000048,1.000000,0.000168,1.000000,252.4,0.001000
51800,0.016341,1.000000,0.083174,0.987526,253.0,0.001000
51900,0.002351,1.000000,0.012748,0.997921,253.5,0.001000
52000,0.000949,1.000000,0.005072,0.997921,254.0,0.001000
52100,0.000326,1.000000,0.001752,1.000000,254.4,0.001000
52200,0.000134,1.000000,0.000396,1.000000,254.9,0.001000
52300,0.000083,1.000000,0.000148,1.000000,255.4,0.001000
52400,0.000042,1.000000,0.000063,1.000000,255.9,0.001000
52500,0.000017,1.000000,0.000024,1.000000,256.4,0.001000
52600,0.000007,1.000000,0.000008,1.000000,256.9,0.001000
52700,0.000003,1.000000,0.000003,1.000000,257.4,0.001000
52800,0.010794,1.000000,0.086911,0.975052,257.9,0.001000
52900,0.001264,1.000000,0.017103,0.993763,258.3,0.001000
53000,0.000604,1.000000,0.006130,0.997921,258.8,0.001000
53100,0.000269,1.000000,0.001431,1.000000,259.3,0.001000
53200,0.000108,1.000000,0.000403,1.000000,259.8,0.001000
53300,0.000045,1.000000,0.000099,1.000000,260.3,0.001000
53400,0.000028,1.000000,0.000046,1.000000,260.7,0.001000
53500,0.000016,1.000000,0.000021,1.000000,261.2,0.001000
53600,0.000007,1.000000,0.000008,1.000000,261.7,0.001000
53700,0.000003,1.000000,0.000003,1.000000,262.2,0.001000
53800,0.000001,1.000000,0.000001,1.000000,262.6,0.001000
53900,0.004355,1.000000,0.048731,0.985447,263.2,0.001000
54000,0.001612,1.000000,0.018599,0.991684,263.7,0.001000
54100,0.000628,1.000000,0.004815,1.000000,264.2,0.001000
54200,0.000237,1.000000,0.001183,1.000000,264.6,0.001000
54300,0.000089,1.000000,0.000327,1.000000,265.1,0.001000
54400,0.000039,1.000000,0.000128,1.000000,265.6,0.001000
54500,0.142938,0.987500,0.454945,0.885655,266.1,0.001000
54600,0.003027,1.000000,0.029758,0.995842,266.6,0.001000
54700,0.001430,1.000000,0.012529,0.995842,267.1,0.001000
54800,0.000542,1.000000,0.002995,1.000000,267.6,0.001000
54900,0.000211,1.000000,0.000924,1.000000,268.0,0.001000
55000,0.000112,1.000000,0.000272,1.000000,268.5,0.001000
55100,0.044411,1.000000,0.148924,0.966736,269.0,0.001000
55200,0.001314,1.000000,0.009913,0.997921,269.5,0.001000
55300,0.000585,1.000000,0.002760,1.000000,270.0,0.001000
55400,0.000249,1.000000,0.001094,1.000000,270.5,0.001000
55500,0.000132,1.000000,0.000517,1.000000,271.0,0.001000
55600,0.000072,1.000000,0.000189,1.000000,271.5,0.001000
55700,0.000032,1.000000,0.000077,1.000000,272.0,0.001000
55800,0.000013,1.000000,0.000028,1.000000,272.4,0.001000
55900,0.000005,1.000000,0.000010,1.000000,272.9,0.001000
56000,0.000002,1.000000,0.000003,1.000000,273.4,0.001000
56100,0.000001,1.000000,0.000001,1.000000,273.9,0.001000
56200,0.251840,0.954167,0.687085,0.810811,274.4,0.001000
56300,0.002145,1.000000,0.042493,0.989605,274.9,0.001000
56400,0.000916,1.000000,0.013357,0.995842,275.4,0.001000
56500,0.000354,1.000000,0.002928,1.000000,275.8,0.001000
56600,0.000141,1.000000,0.000850,1.000000,276.3,0.001000
56700,0.000052,1.000000,0.000264,1.000000,276.8,0.001000
56800,0.009873,1.000000,0.046303,0.993763,277.3,0.001000
56900,0.002071,1.000000,0.010332,1.000000,277.8,0.001000
57000,0.000863,1.000000,0.004232,1.000000,278.3,0.001000
57100,0.000308,1.000000,0.001351,1.000000,278.7,0.001000
57200,0.000125,1.000000,0.000446,1.000000,279.2,0.001000
57300,0.000075,1.000000,0.000153,1.000000,279.8,0.001000
57400,0.000041,1.000000,0.000060,1.000000,280.3,0.001000
57500,0.000018,1.000000,0.000023,1.000000,280.7,0.001000
57600,0.000007,1.000000,0.000009,1.000000,281.2,0.001000
57700,0.000003,1.000000,0.000003,1.000000,281.7,0.001000
57800,0.000001,1.000000,0.000001,1.000000,282.2,0.001000
57900,0.004028,1.000000,0.062017,0.975052,282.7,0.001000
58000,0.001394,1.000000,0.025194,0.995842,283.2,0.001000
58100,0.000606,1.000000,0.009593,0.995842,283.6,0.001000
58200,0.000244,1.000000,0.002543,1.000000,284.1,0.001000
58300,0.000096,1.000000,0.000687,1.000000,284.6,0.001000
58400,0.000042,1.000000,0.000162,1.000000,285.1,0.001000
58500,0.000025,1.000000,0.000057,1.000000,285.6,0.001000
58600,0.000015,1.000000,0.000022,1.000000,286.1,0.001000
58700,0.000006,1.000000,0.000009,1.000000,286.6,0.001000
58800,0.000003,1.000000,0.000003,1.000000,287.1,0.001000
58900,0.045555,1.000000,0.243039,0.933472,287.6,0.001000
59000,0.001642,1.000000,0.019993,0.997921,288.1,0.001000
59100,0.000761,1.000000,0.007353,0.997921,288.5,0.001000
59200,0.000308,1.000000,0.001324,1.000000,289.0,0.001000
59300,0.000107,1.000000,0.000274,1.000000,289.5,0.001000
59400,0.000046,1.000000,0.000091,1.000000,290.0,0.001000
59500,0.000032,1.000000,0.000051,1.000000,290.5,0.001000
59600,0.000020,1.000000,0.000028,1.000000,291.0,0.001000
59700,0.000009,1.000000,0.000012,1.000000,291.5,0.001000
59800,0.000004,1.000000,0.000005,1.000000,292.0,0.001000
59900,0.000007,1.000000,0.000010,1.000000,292.5,0.001000
60000,0.003404,1.000000,0.036743,0.993763,293.0,0.001000
60100,0.001335,1.000000,0.016616,0.995842,293.5,0.001000
60200,0.000502,1.000000,0.004667,1.000000,294.0,0.001000
60300,0.000178,1.000000,0.000883,1.000000,294.4,0.001000
60400,0.000066,1.000000,0.000181,1.000000,294.9,0.001000
60500,0.000038,1.000000,0.000074,1.000000,295.4,0.001000
60600,0.000026,1.000000,0.000040,1.000000,295.9,0.001000
60700,0.064393,0.995833,0.214660,0.956341,296.4,0.001000
60800,0.002177,1.000000,0.011820,0.997921,296.9,0.001000
60900,0.000887,1.000000,0.004234,1.000000,297.4,0.001000
61000,0.000283,1.000000,0.001306,1.000000,297.9,0.001000
61100,0.000115,1.000000,0.000509,1.000000,298.4,0.001000
61200,0.000077,1.000000,0.000182,1.000000,298.9,0.001000
61300,0.000044,1.000000,0.000072,1.000000,299.4,0.001000
61400,0.000019,1.000000,0.000027,1.000000,299.8,0.001000
61500,0.000008,1.000000,0.000010,1.000000,300.3,0.001000
61600,0.000003,1.000000,0.000004,1.000000,300.8,0.001000
61700,0.004458,1.000000,0.028105,0.995842,301.3,0.001000
61800,0.001632,1.000000,0.013685,0.997921,301.8,0.001000
61900,0.000603,1.000000,0.005686,0.997921,302.3,0.001000
62000,0.000205,1.000000,0.001410,1.000000,302.8,0.001000
62100,0.000080,1.000000,0.000769,1.000000,303.2,0.001000
62200,0.000055,1.000000,0.000143,1.000000,303.7,0.001000
62300,0.003942,1.000000,0.028172,0.997921,304.2,0.001000
62400,0.001419,1.000000,0.013294,0.997921,304.7,0.001000
62500,0.000511,1.000000,0.007393,0.997921,305.2,0.001000
62600,0.000180,1.000000,0.004285,0.997921,305.7,0.001000
62700,0.000103,1.000000,0.001324,1.000000,306.2,0.001000
62800,0.000058,1.000000,0.000136,1.000000,306.6,0.001000
62900,0.000026,1.000000,0.000039,1.000000,307.1,0.001000
63000,0.000010,1.000000,0.000014,1.000000,307.6,0.001000
63100,0.006685,1.000000,0.046407,0.991684,308.1,0.001000
63200,0.001177,1.000000,0.013247,0.995842,308.6,0.001000
63300,0.000552,1.000000,0.004393,1.000000,309.0,0.001000
63400,0.000213,1.000000,0.001498,1.000000,309.5,0.001000
63500,0.000090,1.000000,0.001110,1.000000,310.0,0.001000
63600,0.000060,1.000000,0.000278,1.000000,310.5,0.001000
63700,0.000035,1.000000,0.000104,1.000000,311.0,0.001000
63800,0.000015,1.000000,0.000035,1.000000,311.5,0.001000
63900,0.000006,1.000000,0.000013,1.000000,312.0,0.001000
64000,0.000002,1.000000,0.000004,1.000000,312.5,0.001000
64100,0.000001,1.000000,0.000001,1.000000,313.0,0.001000
64200,0.000000,1.000000,0.000000,1.000000,313.5,0.001000
64300,0.006045,1.000000,0.049684,0.991684,314.0,0.001000
64400,0.001213,1.000000,0.010949,0.997921,314.5,0.001000
64500,0.000517,1.000000,0.004060,1.000000,314.9,0.001000
64600,0.000197,1.000000,0.003638,0.997921,315.4,0.001000
64700,0.000071,1.000000,0.002828,0.997921,315.9,0.001000
64800,0.000029,1.000000,0.002068,0.997921,316.4,0.001000
64900,0.000022,1.000000,0.000234,1.000000,316.9,0.001000
65000,0.030077,1.000000,0.158857,0.962578,317.4,0.001000
65100,0.001791,1.000000,0.009232,0.997921,317.9,0.001000
65200,0.000753,1.000000,0.006172,0.997921,318.4,0.001000
65300,0.000251,1.000000,0.005534,0.997921,318.9,0.001000
65400,0.000096,1.000000,0.003854,0.997921,319.4,0.001000
65500,0.000064,1.000000,0.001526,1.000000,319.9,0.001000
65600,0.000036,1.000000,0.000125,1.000000,320.4,0.001000
65700,0.000016,1.000000,0.000030,1.000000,320.9,0.001000
65800,0.000006,1.000000,0.000010,1.000000,321.4,0.001000
65900,0.000002,1.000000,0.000004,1.000000,321.8,0.001000
66000,0.000001,1.000000,0.000001,1.000000,322.3,0.001000
66100,0.000000,1.000000,0.000000,1.000000,322.8,0.001000
66200,1.048420,0.708333,1.813706,0.461538,323.3,0.001000
66300,0.003391,1.000000,0.035001,0.987526,323.8,0.001000
66400,0.001195,1.000000,0.011766,0.997921,324.3,0.001000
66500,0.000416,1.000000,0.004149,1.000000,324.7,0.001000
66600,0.000141,1.000000,0.003232,1.000000,325.2,0.001000
66700,0.000048,1.000000,0.003567,0.997921,325.7,0.001000
66800,0.016022,1.000000,0.092669,0.991684,326.2,0.001000
66900,0.001239,1.000000,0.013015,0.993763,326.7,0.001000
67000,0.000540,1.000000,0.004466,1.000000,327.1,0.001000
67100,0.000197,1.000000,0.001895,1.000000,327.6,0.001000
67200,0.000094,1.000000,0.001937,0.997921,328.1,0.001000
67300,0.000061,1.000000,0.002068,0.997921,328.6,0.001000
67400,0.000031,1.000000,0.000770,1.000000,329.1,0.001000
67500,0.000013,1.000000,0.000171,1.000000,329.5,0.001000
67600,0.000005,1.000000,0.000027,1.000000,330.0,0.001000
67700,0.000002,1.000000,0.000005,1.000000,330.5,0.001000
67800,0.000001,1.000000,0.000002,1.000000,331.0,0.001000
67900,0.000000,1.000000,0.000000,1.000000,331.5,0.001000
68000,0.012067,1.000000,0.102008,0.981289,332.0,0.001000
68100,0.001722,1.000000,0.020507,0.995842,332.5,0.001000
68200,0.000772,1.000000,0.004984,1.000000,332.9,0.001000
68300,0.000289,1.000000,0.001314,1.000000,333.4,0.001000
68400,0.000083,1.000000,0.000476,1.000000,333.9,0.001000
68500,0.000031,1.000000,0.000289,1.000000,334.4,0.001000
68600,0.001965,1.000000,0.023404,0.995842,334.8,0.001000
68700,0.000656,1.000000,0.008918,0.997921,335.3,0.001000
68800,0.000277,1.000000,0.005824,0.997921,335.8,0.001000
68900,0.000108,1.000000,0.004905,0.997921,336.3,0.001000
69000,0.000063,1.000000,0.003123,0.997921,336.8,0.001000
69100,0.000037,1.000000,0.000606,1.000000,337.3,0.001000
69200,0.000017,1.000000,0.000135,1.000000,337.7,0.001000
69300,0.000007,1.000000,0.000029,1.000000,338.2,0.001000
69400,0.000003,1.000000,0.000008,1.000000,338.7,0.001000
69500,0.000001,1.000000,0.000002,1.000000,339.2,0.001000
69600,0.000000,1.000000,0.000001,1.000000,339.7,0.001000
69700,2.378162,0.352083,2.823848,0.185031,340.2,0.001000
69800,0.002883,1.000000,0.092669,0.966736,340.7,0.001000
69900,0.001112,1.000000,0.032569,0.987526,341.2,0.001000
70000,0.000391,1.000000,0.006700,1.000000,341.6,0.001000
70100,0.000130,1.000000,0.001410,1.000000,342.1,0.001000
70200,0.000044,1.000000,0.000772,1.000000,342.6,0.001000
70300,0.000023,1.000000,0.000207,1.000000,343.1,0.001000
70400,0.000019,1.000000,0.000100,1.000000,343.6,0.001000
70500,1.427789,0.654167,1.981389,0.432432,344.1,0.001000
70600,0.004565,1.000000,0.037439,0.995842,344.6,0.001000
70700,0.001680,1.000000,0.010788,0.997921,345.1,0.001000
70800,0.000548,1.000000,0.003305,0.997921,345.5,0.001000
70900,0.000181,1.000000,0.001428,1.000000,346.0,0.001000
71000,0.000091,1.000000,0.000475,1.000000,346.5,0.001000
71100,0.614006,0.866667,0.680423,0.839917,347.0,0.001000
71200,0.001281,1.000000,0.007162,1.000000,347.5,0.001000
71300,0.000547,1.000000,0.003090,1.000000,348.0,0.001000
71400,0.000221,1.000000,0.002071,1.000000,348.4,0.001000
71500,0.000120,1.000000,0.001873,0.997921,349.0,0.001000
71600,0.000068,1.000000,0.000912,1.000000,349.5,0.001000
71700,0.000031,1.000000,0.000087,1.000000,350.0,0.001000
71800,0.000013,1.000000,0.000025,1.000000,350.4,0.001000
71900,0.000005,1.000000,0.000008,1.000000,351.0,0.001000
72000,0.000002,1.000000,0.000003,1.000000,351.4,0.001000
72100,0.000001,1.000000,0.000001,1.000000,352.0,0.001000
72200,1.856230,0.608333,1.966167,0.598753,352.5,0.001000
72300,0.003846,1.000000,0.063401,0.983368,352.9,0.001000
72400,0.001414,1.000000,0.029163,0.995842,353.4,0.001000
72500,0.000458,1.000000,0.010245,0.997921,353.9,0.001000
72600,0.000165,1.000000,0.001490,1.000000,354.4,0.001000
72700,0.000069,1.000000,0.000610,1.000000,354.9,0.001000
72800,0.000032,1.000000,0.000253,1.000000,355.4,0.001000
72900,0.003850,1.000000,0.035039,0.993763,355.9,0.001000
73000,0.001672,1.000000,0.012652,0.997921,356.4,0.001000
73100,0.000702,1.000000,0.004514,0.997921,356.9,0.001000
73200,0.000266,1.000000,0.002044,1.000000,357.4,0.001000
73300,0.000117,1.000000,0.000826,1.000000,357.9,0.001000
73400,0.000063,1.000000,0.000280,1.000000,358.4,0.001000
73500,0.000032,1.000000,0.000065,1.000000,358.9,0.001000
73600,0.000014,1.000000,0.000020,1.000000,359.4,0.001000
73700,0.000005,1.000000,0.000007,1.000000,359.8,0.001000
73800,0.000002,1.000000,0.000003,1.000000,360.3,0.001000
73900,0.118006,0.987500,0.461894,0.866944,360.8,0.001000
74000,0.001892,1.000000,0.029196,0.987526,361.3,0.001000
74100,0.000847,1.000000,0.009165,0.997921,361.8,0.001000
74200,0.000359,1.000000,0.002492,1.000000,362.3,0.001000
74300,0.000150,1.000000,0.001018,1.000000,362.8,0.001000
74400,0.000060,1.000000,0.000470,1.000000,363.3,0.001000
74500,0.000035,1.000000,0.000525,1.000000,363.7,0.001000
74600,0.000021,1.000000,0.000048,1.000000,364.2,0.001000
74700,0.056180,1.000000,0.249768,0.956341,364.7,0.001000
74800,0.003138,1.000000,0.034902,0.991684,365.2,0.001000
74900,0.001229,1.000000,0.008173,0.997921,365.7,0.001000
75000,0.000418,1.000000,0.004584,0.997921,366.3,0.001000
75100,0.000157,1.000000,0.001763,1.000000,366.8,0.001000
75200,0.000093,1.000000,0.000665,1.000000,367.3,0.001000
75300,0.000069,1.000000,0.000250,1.000000,367.7,0.001000
75400,0.001869,1.000000,0.018783,0.993763,368.2,0.001000
75500,0.000757,1.000000,0.008995,0.995842,368.7,0.001000
75600,0.000295,1.000000,0.003527,0.997921,369.2,0.001000
75700,0.000136,1.000000,0.001372,1.000000,369.7,0.001000
75800,0.000075,1.000000,0.000352,1.000000,370.2,0.001000
75900,0.000036,1.000000,0.000082,1.000000,370.6,0.001000
76000,0.000015,1.000000,0.000026,1.000000,371.1,0.001000
76100,0.000006,1.000000,0.000009,1.000000,371.6,0.001000
76200,0.000002,1.000000,0.000003,1.000000,372.1,0.001000
76300,0.000001,1.000000,0.000001,1.000000,372.6,0.001000
76400,0.211521,0.977083,0.703967,0.821206,373.1,0.001000
76500,0.002395,1.000000,0.037927,0.993763,373.6,0.001000
76600,0.000968,1.000000,0.017459,0.997921,374.1,0.001000
76700,0.000348,1.000000,0.007712,0.997921,374.5,0.001000
76800,0.000116,1.000000,0.002515,1.000000,375.0,0.001000
76900,0.000045,1.000000,0.000980,1.000000,375.5,0.001000
77000,0.096468,0.997917,0.385666,0.912682,376.0,0.001000
77100,0.002117,1.000000,0.021404,0.989605,376.5,0.001000
77200,0.000838,1.000000,0.005733,0.997921,377.0,0.001000
77300,0.000282,1.000000,0.001740,1.000000,377.5,0.001000
77400,0.000112,1.000000,0.000897,1.000000,378.0,0.001000
77500,0.000070,1.000000,0.000571,1.000000,378.5,0.001000
77600,0.000039,1.000000,0.000451,1.000000,378.9,0.001000
77700,0.000017,1.000000,0.000083,1.000000,379.4,0.001000
77800,0.000007,1.000000,0.000019,1.000000,379.9,0.001000
77900,0.000003,1.000000,0.000007,1.000000,380.4,0.001000
78000,0.000001,1.000000,0.000001,1.000000,380.9,0.001000
78100,0.033140,1.000000,0.190524,0.945946,381.4,0.001000
78200,0.002019,1.000000,0.028188,0.991684,381.9,0.001000
78300,0.000848,1.000000,0.010686,0.995842,382.4,0.001000
78400,0.000301,1.000000,0.007875,0.995842,382.9,0.001000
78500,0.000098,1.000000,0.006349,0.997921,383.4,0.001000
78600,0.000040,1.000000,0.006201,0.997921,383.9,0.001000
78700,0.018366,1.000000,0.119317,0.977131,384.4,0.001000
78800,0.001197,1.000000,0.012037,0.995842,384.9,0.001000
78900,0.000494,1.000000,0.004653,1.000000,385.4,0.001000
79000,0.000180,1.000000,0.002145,1.000000,385.9,0.001000
79100,0.000086,1.000000,0.001866,1.000000,386.4,0.001000
79200,0.000054,1.000000,0.001061,1.000000,386.9,0.001000
79300,0.000026,1.000000,0.000478,1.000000,387.4,0.001000
79400,0.000011,1.000000,0.000100,1.000000,387.9,0.001000
79500,0.000004,1.000000,0.000031,1.000000,388.4,0.001000
79600,0.000002,1.000000,0.000009,1.000000,388.9,0.001000
79700,0.000001,1.000000,0.000003,1.000000,389.3,0.001000
79800,3.071547,0.125000,3.221915,0.087318,389.8,0.001000
79900,0.002008,1.000000,0.036729,0.991684,390.3,0.001000
80000,0.000929,1.000000,0.018263,0.993763,390.8,0.001000
80100,0.000378,1.000000,0.007432,0.995842,391.3,0.001000
80200,0.000133,1.000000,0.002072,1.000000,391.8,0.001000
80300,0.000045,1.000000,0.000658,1.000000,392.3,0.001000
80400,0.027578,1.000000,0.160608,0.970894,392.8,0.001000
80500,0.000927,1.000000,0.014728,0.995842,393.3,0.001000
80600,0.000401,1.000000,0.006676,0.997921,393.8,0.001000
80700,0.000147,1.000000,0.003060,0.997921,394.3,0.001000
80800,0.000065,1.000000,0.001409,1.000000,394.8,0.001000
80900,0.000041,1.000000,0.000789,1.000000,395.2,0.001000
81000,0.000020,1.000000,0.000302,1.000000,395.7,0.001000
81100,0.000009,1.000000,0.000066,1.000000,396.2,0.001000
81200,0.000003,1.000000,0.000022,1.000000,396.7,0.001000
81300,0.000001,1.000000,0.000004,1.000000,397.3,0.001000
81400,0.000000,1.000000,0.000001,1.000000,397.8,0.001000
81500,0.000000,1.000000,0.000000,1.000000,398.2,0.001000
81600,0.002814,1.000000,0.075074,0.979210,398.7,0.001000
81700,0.000951,1.000000,0.026637,0.985447,399.2,0.001000
81800,0.000405,1.000000,0.007930,0.997921,399.7,0.001000
81900,0.000158,1.000000,0.003576,0.997921,400.2,0.001000
82000,0.000055,1.000000,0.002773,0.997921,400.6,0.001000
82100,0.000025,1.000000,0.002470,0.997921,401.1,0.001000
82200,0.000019,1.000000,0.000311,1.000000,401.6,0.001000
82300,0.000012,1.000000,0.000196,1.000000,402.1,0.001000
82400,0.000006,1.000000,0.000029,1.000000,402.6,0.001000
82500,0.000002,1.000000,0.000008,1.000000,403.1,0.001000
82600,0.000001,1.000000,0.000002,1.000000,403.6,0.001000
82700,0.000000,1.000000,0.000001,1.000000,404.1,0.001000
82800,0.003703,1.000000,0.047847,0.987526,404.6,0.001000
82900,0.001537,1.000000,0.019199,0.993763,405.0,0.001000
83000,0.000526,1.000000,0.003645,1.000000,405.5,0.001000
83100,0.000171,1.000000,0.000628,1.000000,406.0,0.001000
83200,0.000061,1.000000,0.000154,1.000000,406.5,0.001000
83300,3.501824,0.197917,3.540772,0.209979,407.0,0.001000
83400,0.002216,1.000000,0.022047,0.993763,407.4,0.001000
83500,0.000975,1.000000,0.010531,0.995842,407.9,0.001000
83600,0.000387,1.000000,0.002093,1.000000,408.4,0.001000
83700,0.000146,1.000000,0.000547,1.000000,408.9,0.001000
83800,0.000073,1.000000,0.000201,1.000000,409.4,0.001000
83900,0.000044,1.000000,0.000088,1.000000,409.9,0.001000
84000,0.000021,1.000000,0.000029,1.000000,410.4,0.001000
84100,0.000009,1.000000,0.000011,1.000000,410.9,0.001000
84200,0.000003,1.000000,0.000004,1.000000,411.4,0.001000
84300,0.000001,1.000000,0.000002,1.000000,411.9,0.001000
84400,0.000001,1.000000,0.000001,1.000000,412.4,0.001000
84500,0.002669,1.000000,0.057084,0.985447,412.8,0.001000
84600,0.001143,1.000000,0.026774,0.991684,413.3,0.001000
84700,0.000456,1.000000,0.007253,1.000000,413.8,0.001000
84800,0.000163,1.000000,0.002535,1.000000,414.3,0.001000
84900,0.000057,1.000000,0.001047,1.000000,414.8,0.001000
85000,0.008935,1.000000,0.056845,0.983368,415.3,0.001000
85100,0.000831,1.000000,0.008725,0.997921,415.8,0.001000
85200,0.000344,1.000000,0.004277,0.997921,416.3,0.001000
85300,0.000128,1.000000,0.001148,1.000000,416.8,0.001000
85400,0.000062,1.000000,0.000523,1.000000,417.3,0.001000
85500,0.000037,1.000000,0.000156,1.000000,417.7,0.001000
85600,0.000018,1.000000,0.000046,1.000000,418.2,0.001000
85700,0.000007,1.000000,0.000014,1.000000,418.7,0.001000
85800,0.000003,1.000000,0.000005,1.000000,419.2,0.001000
85900,0.000001,1.000000,0.000002,1.000000,419.7,0.001000
86000,0.000000,1.000000,0.000001,1.000000,420.3,0.001000
86100,0.000000,1.000000,0.000000,1.000000,420.7,0.001000
86200,0.002225,1.000000,0.035345,0.993763,421.2,0.001000
86300,0.000966,1.000000,0.013373,0.997921,421.7,0.001000
86400,0.000426,1.000000,0.004458,0.997921,422.2,0.001000
86500,0.000165,1.000000,0.002113,0.997921,422.7,0.001000
86600,0.000055,1.000000,0.002362,0.997921,423.2,0.001000
86700,0.000025,1.000000,0.002252,0.997921,423.7,0.001000
86800,0.000020,1.000000,0.001019,1.000000,424.2,0.001000
86900,0.000013,1.000000,0.000210,1.000000,424.7,0.001000
87000,0.000006,1.000000,0.000019,1.000000,425.2,0.001000
87100,0.000002,1.000000,0.000003,1.000000,425.7,0.001000
87200,0.000001,1.000000,0.000001,1.000000,426.2,0.001000
87300,0.000000,1.000000,0.000000,1.000000,426.7,0.001000
87400,0.008264,1.000000,0.061093,0.989605,427.2,0.001000
87500,0.001765,1.000000,0.016373,0.995842,427.7,0.001000
87600,0.000642,1.000000,0.004832,1.000000,428.2,0.001000
87700,0.000222,1.000000,0.001497,1.000000,428.7,0.001000
87800,0.000082,1.000000,0.000450,1.000000,429.2,0.001000
87900,0.000035,1.000000,0.000177,1.000000,429.6,0.001000
88000,0.000023,1.000000,0.000103,1.000000,430.1,0.001000
88100,0.019874,1.000000,0.096979,0.977131,430.6,0.001000
88200,0.001770,1.000000,0.007546,1.000000,431.1,0.001000
88300,0.000731,1.000000,0.003464,1.000000,431.6,0.001000
88400,0.000256,1.000000,0.001487,1.000000,432.0,0.001000
88500,0.000100,1.000000,0.000527,1.000000,432.5,0.001000
88600,0.000059,1.000000,0.000339,1.000000,433.0,0.001000
88700,0.000033,1.000000,0.000083,1.000000,433.5,0.001000
88800,0.000015,1.000000,0.000025,1.000000,434.0,0.001000
88900,0.000006,1.000000,0.000008,1.000000,434.5,0.001000
89000,0.000002,1.000000,0.000003,1.000000,435.0,0.001000
89100,0.000001,1.000000,0.000001,1.000000,435.5,0.001000
89200,0.000000,1.000000,0.000000,1.000000,435.9,0.001000
89300,2.923769,0.247917,3.323728,0.155925,436.4,0.001000
89400,0.001870,1.000000,0.044682,0.987526,436.9,0.001000
89500,0.000832,1.000000,0.028825,0.989605,437.4,0.001000
89600,0.000323,1.000000,0.011457,0.995842,437.9,0.001000
89700,0.000110,1.000000,0.001498,1.000000,438.4,0.001000
89800,0.000039,1.000000,0.000275,1.000000,438.9,0.001000
89900,0.000024,1.000000,0.000112,1.000000,439.4,0.001000
90000,0.000018,1.000000,0.000041,1.000000,439.9,0.001000
90100,0.000010,1.000000,0.000016,1.000000,440.4,0.001000
90200,0.000004,1.000000,0.000006,1.000000,440.9,0.001000
90300,0.000002,1.000000,0.000002,1.000000,441.4,0.001000
90400,0.000001,1.000000,0.000001,1.000000,441.9,0.001000
90500,0.027515,1.000000,0.161202,0.956341,442.3,0.001000
90600,0.002510,1.000000,0.055977,0.989605,442.8,0.001000
90700,0.000790,1.000000,0.020875,0.995842,443.3,0.001000
90800,0.000238,1.000000,0.009897,0.997921,443.8,0.001000
90900,0.000084,1.000000,0.006928,0.997921,444.3,0.001000
91000,0.000039,1.000000,0.003493,0.997921,444.7,0.001000
91100,0.032078,1.000000,0.166715,0.964657,445.2,0.001000
91200,0.002184,1.000000,0.021324,0.993763,445.7,0.001000
91300,0.000806,1.000000,0.009578,0.997921,446.2,0.001000
91400,0.000279,1.000000,0.004247,0.997921,446.7,0.001000
91500,0.000116,1.000000,0.001103,1.000000,447.1,0.001000
91600,0.000067,1.000000,0.000266,1.000000,447.6,0.001000
91700,0.000036,1.000000,0.000068,1.000000,448.1,0.001000
91800,0.038989,0.997917,0.180070,0.960499,448.7,0.001000
91900,0.000718,1.000000,0.008519,0.997921,449.2,0.001000
92000,0.000351,1.000000,0.004543,0.997921,449.6,0.001000
92100,0.000155,1.000000,0.002245,0.997921,450.1,0.001000
92200,0.000090,1.000000,0.000958,1.000000,450.6,0.001000
92300,0.000056,1.000000,0.000282,1.000000,451.1,0.001000
92400,0.000027,1.000000,0.000087,1.000000,451.6,0.001000
92500,0.000011,1.000000,0.000024,1.000000,452.0,0.001000
92600,0.000004,1.000000,0.000007,1.000000,452.5,0.001000
92700,0.000002,1.000000,0.000003,1.000000,453.0,0.001000
92800,0.000001,1.000000,0.000001,1.000000,453.5,0.001000
92900,0.000000,1.000000,0.000000,1.000000,454.0,0.001000
93000,1.868884,0.500000,2.813725,0.234927,454.5,0.001000
93100,0.001976,1.000000,0.037275,0.995842,455.0,0.001000
93200,0.000786,1.000000,0.019475,0.995842,455.4,0.001000
93300,0.000274,1.000000,0.007343,0.995842,455.9,0.001000
93400,0.000092,1.000000,0.003222,0.997921,456.4,0.001000
93500,0.000042,1.000000,0.001837,1.000000,456.9,0.001000
93600,0.006419,1.000000,0.046243,0.987526,457.4,0.001000
93700,0.001771,1.000000,0.012318,0.997921,457.9,0.001000
93800,0.000681,1.000000,0.005591,0.997921,458.4,0.001000
93900,0.000201,1.000000,0.002867,0.997921,458.9,0.001000
94000,0.000079,1.000000,0.001312,1.000000,459.4,0.001000
94100,0.000050,1.000000,0.000433,1.000000,459.9,0.001000
94200,0.000027,1.000000,0.000123,1.000000,460.4,0.001000
94300,0.002416,1.000000,0.016891,0.997921,460.9,0.001000
94400,0.000982,1.000000,0.007266,0.997921,461.4,0.001000
94500,0.000440,1.000000,0.002619,1.000000,461.8,0.001000
94600,0.000177,1.000000,0.001301,1.000000,462.3,0.001000
94700,0.000101,1.000000,0.000513,1.000000,462.8,0.001000
94800,0.000062,1.000000,0.000213,1.000000,463.3,0.001000
94900,0.000028,1.000000,0.000067,1.000000,463.8,0.001000
95000,0.000011,1.000000,0.000020,1.000000,464.3,0.001000
95100,0.000004,1.000000,0.000007,1.000000,464.7,0.001000
95200,0.000002,1.000000,0.000002,1.000000,465.2,0.001000
95300,0.000001,1.000000,0.000001,1.000000,465.7,0.001000
95400,0.021248,1.000000,0.127249,0.972973,466.2,0.001000
95500,0.002794,1.000000,0.046941,0.985447,466.7,0.001000
95600,0.000916,1.000000,0.022085,0.991684,467.2,0.001000
95700,0.000282,1.000000,0.009704,0.995842,467.7,0.001000
95800,0.000091,1.000000,0.002113,1.000000,468.2,0.001000
95900,0.000043,1.000000,0.000217,1.000000,468.6,0.001000
96000,0.151913,0.985417,0.336416,0.937630,469.1,0.001000
96100,0.002205,1.000000,0.012993,1.000000,469.6,0.001000
96200,0.000901,1.000000,0.003984,1.000000,470.1,0.001000
96300,0.000319,1.000000,0.001462,1.000000,470.6,0.001000
96400,0.000124,1.000000,0.000530,1.000000,471.1,0.001000
96500,0.000070,1.000000,0.000177,1.000000,471.5,0.001000
96600,0.000036,1.000000,0.000058,1.000000,472.0,0.001000
96700,0.000016,1.000000,0.000021,1.000000,472.5,0.001000
96800,0.000006,1.000000,0.000008,1.000000,473.0,0.001000
96900,0.000002,1.000000,0.000003,1.000000,473.5,0.001000
97000,0.000001,1.000000,0.000001,1.000000,474.0,0.001000
97100,0.000000,1.000000,0.000000,1.000000,474.4,0.001000
97200,0.009899,1.000000,0.082139,0.981289,474.9,0.001000
97300,0.001905,1.000000,0.034368,0.995842,475.4,0.001000
97400,0.000786,1.000000,0.017786,0.995842,475.9,0.001000
97500,0.000276,1.000000,0.009551,0.997921,476.4,0.001000
97600,0.000098,1.000000,0.005636,0.997921,476.9,0.001000
97700,0.000037,1.000000,0.003493,0.997921,477.3,0.001000
97800,0.004429,1.000000,0.036349,0.993763,477.8,0.001000
97900,0.001734,1.000000,0.016995,0.995842,478.3,0.001000
98000,0.000622,1.000000,0.007911,0.997921,478.8,0.001000
98100,0.000189,1.000000,0.002611,0.997921,479.3,0.001000
98200,0.000075,1.000000,0.000504,1.000000,479.8,0.001000
98300,0.000046,1.000000,0.000113,1.000000,480.3,0.001000
98400,0.000025,1.000000,0.000036,1.000000,480.8,0.001000
98500,0.000011,1.000000,0.000013,1.000000,481.3,0.001000
98600,0.000004,1.000000,0.000005,1.000000,481.8,0.001000
98700,0.000002,1.000000,0.000002,1.000000,482.3,0.001000
98800,0.000001,1.000000,0.000001,1.000000,482.7,0.001000
98900,0.002849,1.000000,0.044699,0.989605,483.2,0.001000
99000,0.001357,1.000000,0.025070,0.991684,483.7,0.001000
99100,0.000570,1.000000,0.010857,0.997921,484.2,0.001000
99200,0.000222,1.000000,0.004614,0.997921,484.7,0.001000
99300,0.000077,1.000000,0.002316,0.997921,485.1,0.001000
99400,0.000034,1.000000,0.000425,1.000000,485.6,0.001000
99500,0.000024,1.000000,0.000047,1.000000,486.1,0.001000
99600,0.004929,1.000000,0.041908,0.991684,486.6,0.001000
99700,0.002004,1.000000,0.016612,0.997921,487.1,0.001000
99800,0.000762,1.000000,0.008749,0.997921,487.6,0.001000
99900,0.000219,1.000000,0.005452,0.997921,488.0,0.001000
100000,0.000085,1.000000,0.002885,0.997921,488.5,0.001000
100100,0.000056,1.000000,0.000547,1.000000,489.0,0.001000
100200,0.000030,1.000000,0.000095,1.000000,489.5,0.001000
100300,0.000013,1.000000,0.000035,1.000000,490.0,0.001000
100400,0.000005,1.000000,0.000007,1.000000,490.5,0.001000
100500,0.000002,1.000000,0.000003,1.000000,491.0,0.001000
100600,0.017755,1.000000,0.168407,0.968815,491.5,0.001000
100700,0.001714,1.000000,0.038266,0.993763,492.0,0.001000
100800,0.000797,1.000000,0.021515,0.995842,492.5,0.001000
100900,0.000322,1.000000,0.012205,0.997921,493.0,0.001000
101000,0.000115,1.000000,0.006160,0.997921,493.5,0.001000
101100,0.000055,1.000000,0.003184,0.997921,494.0,0.001000
101200,0.000039,1.000000,0.002300,0.997921,494.4,0.001000
101300,0.000023,1.000000,0.000100,1.000000,494.9,0.001000
101400,0.000010,1.000000,0.000023,1.000000,495.4,0.001000
101500,0.000004,1.000000,0.000006,1.000000,495.9,0.001000
101600,0.000002,1.000000,0.000002,1.000000,496.4,0.001000
101700,2.577202,0.389583,2.869443,0.216216,496.9,0.001000
101800,0.002969,1.000000,0.067080,0.985447,497.3,0.001000
101900,0.001191,1.000000,0.034506,0.993763,497.9,0.001000
102000,0.000427,1.000000,0.019399,0.997921,498.3,0.001000
102100,0.000147,1.000000,0.014188,0.997921,498.8,0.001000
102200,0.000055,1.000000,0.011763,0.997921,499.3,0.001000
102300,0.000030,1.000000,0.007306,0.997921,499.8,0.001000
102400,0.904135,0.845833,1.232319,0.729730,500.3,0.001000
102500,0.003600,1.000000,0.029202,0.993763,500.8,0.001000
102600,0.001388,1.000000,0.016445,0.995842,501.3,0.001000
102700,0.000492,1.000000,0.010697,0.997921,501.7,0.001000
102800,0.000158,1.000000,0.005520,0.997921,502.2,0.001000
102900,0.000084,1.000000,0.003568,0.997921,502.7,0.001000
103000,0.000053,1.000000,0.000914,1.000000,503.2,0.001000
103100,0.000025,1.000000,0.000316,1.000000,503.7,0.001000
103200,0.049709,1.000000,0.182420,0.954262,504.1,0.001000
103300,0.001268,1.000000,0.014742,0.993763,504.6,0.001000
103400,0.000548,1.000000,0.006032,0.997921,505.1,0.001000
103500,0.000208,1.000000,0.003062,0.997921,505.6,0.001000
103600,0.000095,1.000000,0.001743,1.000000,506.1,0.001000
103700,0.000055,1.000000,0.000518,1.000000,506.6,0.001000
103800,0.000030,1.000000,0.000261,1.000000,507.1,0.001000
103900,0.000013,1.000000,0.000043,1.000000,507.6,0.001000
104000,0.000005,1.000000,0.000019,1.000000,508.1,0.001000
104100,0.000002,1.000000,0.000004,1.000000,508.6,0.001000
104200,0.000001,1.000000,0.000001,1.000000,509.1,0.001000
104300,0.000000,1.000000,0.000000,1.000000,509.6,0.001000
104400,0.005127,1.000000,0.055742,0.983368,510.0,0.001000
104500,0.001717,1.000000,0.018435,0.993763,510.5,0.001000
104600,0.000615,1.000000,0.004549,1.000000,511.0,0.001000
104700,0.000222,1.000000,0.001028,1.000000,511.5,0.001000
104800,0.000075,1.000000,0.000424,1.000000,512.0,0.001000
104900,0.000033,1.000000,0.000300,1.000000,512.5,0.001000
105000,0.005224,1.000000,0.036192,0.989605,513.0,0.001000
105100,0.002216,1.000000,0.014983,0.997921,513.5,0.001000
105200,0.000821,1.000000,0.007156,0.997921,513.9,0.001000
105300,0.000225,1.000000,0.002940,0.997921,514.5,0.001000
105400,0.000072,1.000000,0.000334,1.000000,514.9,0.001000
105500,0.000042,1.000000,0.000079,1.000000,515.4,0.001000
105600,0.000024,1.000000,0.000034,1.000000,515.9,0.001000
105700,0.000010,1.000000,0.000013,1.000000,516.4,0.001000
105800,0.000004,1.000000,0.000005,1.000000,516.9,0.001000
105900,0.011453,1.000000,0.064464,0.989605,517.4,0.001000
106000,0.001465,1.000000,0.011239,0.997921,517.9,0.001000
106100,0.000644,1.000000,0.005209,0.997921,518.4,0.001000
106200,0.000256,1.000000,0.001018,1.000000,518.9,0.001000
106300,0.000100,1.000000,0.000581,1.000000,519.4,0.001000
106400,0.000049,1.000000,0.000442,1.000000,519.9,0.001000
106500,0.000032,1.000000,0.000114,1.000000,520.3,0.001000
106600,0.038651,1.000000,0.134694,0.966736,520.8,0.001000
106700,0.001266,1.000000,0.008985,0.997921,521.3,0.001000
106800,0.000557,1.000000,0.004831,0.997921,521.8,0.001000
106900,0.000219,1.000000,0.002532,0.997921,522.3,0.001000
107000,0.000099,1.000000,0.002524,0.997921,522.7,0.001000
107100,0.000065,1.000000,0.000541,1.000000,523.2,0.001000
107200,0.000034,1.000000,0.000333,1.000000,523.7,0.001000
107300,0.000014,1.000000,0.000044,1.000000,524.2,0.001000
107400,0.000006,1.000000,0.000012,1.000000,524.7,0.001000
107500,0.000002,1.000000,0.000005,1.000000,525.2,0.001000
107600,0.000001,1.000000,0.000002,1.000000,525.7,0.001000
107700,0.000000,1.000000,0.000001,1.000000,526.2,0.001000
107800,0.926826,0.772917,1.670545,0.478170,526.6,0.001000
107900,0.001822,1.000000,0.034722,0.989605,527.1,0.001000
108000,0.000774,1.000000,0.014225,0.995842,527.6,0.001000
108100,0.000305,1.000000,0.004482,0.997921,528.1,0.001000
108200,0.000116,1.000000,0.001373,1.000000,528.6,0.001000
108300,0.000051,1.000000,0.000779,1.000000,529.1,0.001000
108400,0.006765,1.000000,0.049769,0.991684,529.6,0.001000
108500,0.001595,1.000000,0.008152,1.000000,530.0,0.001000
108600,0.000633,1.000000,0.002691,1.000000,530.5,0.001000
108700,0.000204,1.000000,0.000971,1.000000,531.0,0.001000
108800,0.000089,1.000000,0.000680,1.000000,531.5,0.001000
108900,0.000052,1.000000,0.000292,1.000000,532.0,0.001000
109000,0.000027,1.000000,0.000141,1.000000,532.4,0.001000
109100,0.000011,1.000000,0.000038,1.000000,532.9,0.001000
109200,0.000005,1.000000,0.000010,1.000000,533.4,0.001000
109300,0.000002,1.000000,0.000003,1.000000,533.9,0.001000
109400,0.000001,1.000000,0.000001,1.000000,534.4,0.001000
109500,1.660609,0.570833,2.322073,0.326403,534.9,0.001000
109600,0.001814,1.000000,0.037624,0.991684,535.4,0.001000
109700,0.000909,1.000000,0.013230,0.995842,535.8,0.001000
109800,0.000377,1.000000,0.002947,1.000000,536.3,0.001000
109900,0.000130,1.000000,0.000603,1.000000,536.8,0.001000
110000,0.000043,1.000000,0.000197,1.000000,537.3,0.001000
110100,0.000027,1.000000,0.000109,1.000000,537.8,0.001000
110200,0.590515,0.887500,0.879595,0.779626,538.3,0.001000
110300,0.001738,1.000000,0.009963,0.997921,538.8,0.001000
110400,0.000786,1.000000,0.002735,1.000000,539.3,0.001000
110500,0.000294,1.000000,0.000726,1.000000,539.8,0.001000
110600,0.000124,1.000000,0.000287,1.000000,540.3,0.001000
110700,0.000083,1.000000,0.000176,1.000000,540.8,0.001000
110800,0.000047,1.000000,0.000072,1.000000,541.2,0.001000
110900,0.000020,1.000000,0.000028,1.000000,541.7,0.001000
111000,0.000008,1.000000,0.000010,1.000000,542.2,0.001000
111100,0.000003,1.000000,0.000004,1.000000,542.7,0.001000
111200,0.000001,1.000000,0.000001,1.000000,543.2,0.001000
111300,0.015913,1.000000,0.131809,0.964657,543.6,0.001000
111400,0.001142,1.000000,0.015214,0.995842,544.1,0.001000
111500,0.000557,1.000000,0.007289,0.997921,544.6,0.001000
111600,0.000237,1.000000,0.001835,1.000000,545.1,0.001000
111700,0.000093,1.000000,0.000461,1.000000,545.6,0.001000
111800,0.000042,1.000000,0.000205,1.000000,546.0,0.001000
111900,0.000029,1.000000,0.000076,1.000000,546.5,0.001000
112000,0.000018,1.000000,0.000027,1.000000,547.1,0.001000
112100,0.000008,1.000000,0.000010,1.000000,547.5,0.001000
112200,0.000003,1.000000,0.000004,1.000000,548.0,0.001000
112300,0.000001,1.000000,0.000002,1.000000,548.5,0.001000
112400,0.000000,1.000000,0.000001,1.000000,549.0,0.001000
112500,0.003601,1.000000,0.057631,0.985447,549.5,0.001000
112600,0.001420,1.000000,0.029006,0.989605,550.0,0.001000
112700,0.000549,1.000000,0.007306,0.997921,550.5,0.001000
112800,0.000182,1.000000,0.000870,1.000000,551.0,0.001000
112900,0.000057,1.000000,0.000164,1.000000,551.5,0.001000
113000,1.035733,0.775000,1.231409,0.725572,552.0,0.001000
113100,0.002049,1.000000,0.009592,1.000000,552.5,0.001000
113200,0.000808,1.000000,0.003310,1.000000,552.9,0.001000
113300,0.000263,1.000000,0.001035,1.000000,553.4,0.001000
113400,0.000090,1.000000,0.000314,1.000000,553.9,0.001000
113500,0.000059,1.000000,0.000132,1.000000,554.4,0.001000
113600,0.000034,1.000000,0.000056,1.000000,554.9,0.001000
113700,0.000015,1.000000,0.000020,1.000000,555.4,0.001000
113800,0.000441,1.000000,0.004184,0.997921,555.9,0.001000
113900,0.000215,1.000000,0.001464,1.000000,556.4,0.001000
114000,0.000100,1.000000,0.000621,1.000000,556.9,0.001000
114100,0.000054,1.000000,0.000264,1.000000,557.3,0.001000
114200,0.000036,1.000000,0.000138,1.000000,557.8,0.001000
114300,0.000018,1.000000,0.000049,1.000000,558.3,0.001000
114400,0.000008,1.000000,0.000012,1.000000,558.9,0.001000
114500,0.000003,1.000000,0.000004,1.000000,559.4,0.001000
114600,0.000001,1.000000,0.000002,1.000000,559.8,0.001000
114700,0.000000,1.000000,0.000001,1.000000,560.3,0.001000
114800,0.000000,1.000000,0.000000,1.000000,560.8,0.001000
114900,0.000000,1.000000,0.000000,1.000000,561.3,0.001000
115000,0.001843,1.000000,0.037904,0.987526,561.7,0.001000
115100,0.000858,1.000000,0.014950,0.995842,562.2,0.001000
115200,0.000381,1.000000,0.004763,1.000000,562.7,0.001000
115300,0.000156,1.000000,0.001026,1.000000,563.2,0.001000
115400,0.000055,1.000000,0.000249,1.000000,563.7,0.001000
115500,0.000025,1.000000,0.000096,1.000000,564.2,0.001000
115600,0.002857,1.000000,0.041865,0.991684,564.6,0.001000
115700,0.001279,1.000000,0.017575,0.995842,565.1,0.001000
115800,0.000470,1.000000,0.007645,0.997921,565.6,0.001000
115900,0.000151,1.000000,0.002557,0.997921,566.1,0.001000
116000,0.000073,1.000000,0.000563,1.000000,566.6,0.001000
116100,0.000047,1.000000,0.000094,1.000000,567.0,0.001000
116200,0.000024,1.000000,0.000034,1.000000,567.5,0.001000
116300,0.000010,1.000000,0.000013,1.000000,568.0,0.001000
116400,0.000004,1.000000,0.000005,1.000000,568.5,0.001000
116500,0.000002,1.000000,0.000002,1.000000,569.0,0.001000
116600,0.000001,1.000000,0.000001,1.000000,569.5,0.001000
116700,3.081122,0.231250,3.326392,0.147609,570.0,0.001000
116800,0.002159,1.000000,0.043543,0.993763,570.5,0.001000
116900,0.000974,1.000000,0.017751,0.995842,571.0,0.001000
117000,0.000413,1.000000,0.008944,0.995842,571.5,0.001000
117100,0.000155,1.000000,0.003302,0.997921,572.0,0.001000
117200,0.000053,1.000000,0.000697,1.000000,572.4,0.001000
117300,0.454789,0.914583,0.713594,0.833680,572.9,0.001000
117400,0.002874,1.000000,0.018796,0.997921,573.4,0.001000
117500,0.001151,1.000000,0.005737,1.000000,573.9,0.001000
117600,0.000387,1.000000,0.001603,1.000000,574.4,0.001000
117700,0.000131,1.000000,0.000777,1.000000,574.9,0.001000
117800,0.000072,1.000000,0.000269,1.000000,575.4,0.001000
117900,0.000043,1.000000,0.000084,1.000000,575.8,0.001000
118000,0.000020,1.000000,0.000027,1.000000,576.3,0.001000
118100,0.000008,1.000000,0.000010,1.000000,576.8,0.001000
118200,0.000003,1.000000,0.000004,1.000000,577.3,0.001000
118300,0.000001,1.000000,0.000001,1.000000,577.8,0.001000
118400,0.000000,1.000000,0.000001,1.000000,578.2,0.001000
118500,0.008455,1.000000,0.074315,0.981289,578.7,0.001000
118600,0.001505,1.000000,0.014772,0.995842,579.2,0.001000
118700,0.000672,1.000000,0.004110,1.000000,579.7,0.001000
118800,0.000279,1.000000,0.000937,1.000000,580.2,0.001000
118900,0.000100,1.000000,0.000226,1.000000,580.7,0.001000
119000,0.000038,1.000000,0.000070,1.000000,581.2,0.001000
119100,0.000026,1.000000,0.000038,1.000000,581.7,0.001000
119200,0.384551,0.912500,0.815011,0.794179,582.2,0.001000
119300,0.002798,1.000000,0.011614,1.000000,582.7,0.001000
119400,0.001127,1.000000,0.003447,1.000000,583.1,0.001000
119500,0.000381,1.000000,0.000894,1.000000,583.6,0.001000
119600,0.000139,1.000000,0.000271,1.000000,584.1,0.001000
119700,0.000083,1.000000,0.000122,1.000000,584.6,0.001000
119800,0.000051,1.000000,0.000065,1.000000,585.1,0.001000
119900,0.000023,1.000000,0.000028,1.000000,585.6,0.001000
120000,0.000009,1.000000,0.000011,1.000000,586.1,0.001000
120100,0.000004,1.000000,0.000004,1.000000,586.5,0.001000
120200,0.000001,1.000000,0.000002,1.000000,587.1,0.001000
120300,0.000001,1.000000,0.000001,1.000000,587.6,0.001000
120400,0.003302,1.000000,0.027948,0.993763,588.1,0.001000
120500,0.001102,1.000000,0.007475,0.997921,588.6,0.001000
120600,0.000411,1.000000,0.002863,0.997921,589.0,0.001000
120700,0.000143,1.000000,0.001303,1.000000,589.5,0.001000
120800,0.000059,1.000000,0.000704,1.000000,590.0,0.001000
120900,0.000040,1.000000,0.000173,1.000000,590.5,0.001000
121000,0.002548,1.000000,0.014409,0.997921,591.0,0.001000
121100,0.000928,1.000000,0.003956,1.000000,591.5,0.001000
121200,0.000351,1.000000,0.001667,1.000000,592.0,0.001000
121300,0.000140,1.000000,0.000846,1.000000,592.5,0.001000
121400,0.000083,1.000000,0.000479,1.000000,593.0,0.001000
121500,0.000046,1.000000,0.000189,1.000000,593.5,0.001000
121600,0.000020,1.000000,0.000044,1.000000,594.0,0.001000
121700,0.000008,1.000000,0.000013,1.000000,594.4,0.001000
121800,0.000003,1.000000,0.000004,1.000000,594.9,0.001000
121900,0.000001,1.000000,0.000002,1.000000,595.4,0.001000
122000,0.000000,1.000000,0.000001,1.000000,595.9,0.001000
122100,0.054451,1.000000,0.292507,0.927235,596.4,0.001000
122200,0.001951,1.000000,0.031898,0.991684,596.9,0.001000
122300,0.000834,1.000000,0.013001,0.993763,597.3,0.001000
122400,0.000316,1.000000,0.004038,0.997921,597.8,0.001000
122500,0.000105,1.000000,0.001397,1.000000,598.3,0.001000
122600,0.000043,1.000000,0.000421,1.000000,598.8,0.001000
122700,0.003105,1.000000,0.023232,0.997921,599.3,0.001000
122800,0.001116,1.000000,0.014685,0.997921,599.8,0.001000
122900,0.000400,1.000000,0.007873,0.997921,600.2,0.001000
123000,0.000132,1.000000,0.003602,0.997921,600.7,0.001000
123100,0.000067,1.000000,0.001193,1.000000,601.3,0.001000
123200,0.000042,1.000000,0.000200,1.000000,601.8,0.001000
123300,0.000020,1.000000,0.000050,1.000000,602.3,0.001000
123400,0.000009,1.000000,0.000012,1.000000,602.8,0.001000
123500,0.000003,1.000000,0.000004,1.000000,603.3,0.001000
123600,0.000001,1.000000,0.000002,1.000000,603.8,0.001000
123700,0.000001,1.000000,0.000001,1.000000,604.2,0.001000
123800,0.008255,1.000000,0.068805,0.983368,604.7,0.001000
123900,0.001629,1.000000,0.015270,0.997921,605.2,0.001000
124000,0.000653,1.000000,0.003125,1.000000,605.7,0.001000
124100,0.000274,1.000000,0.000730,1.000000,606.2,0.001000
124200,0.000098,1.000000,0.000278,1.000000,606.7,0.001000
124300,0.002565,1.000000,0.012782,1.000000,607.2,0.001000
124400,0.000928,1.000000,0.003477,1.000000,607.7,0.001000
124500,0.000369,1.000000,0.001179,1.000000,608.2,0.001000
124600,0.000118,1.000000,0.000363,1.000000,608.7,0.001000
124700,0.000053,1.000000,0.000153,1.000000,609.1,0.001000
124800,0.000030,1.000000,0.000070,1.000000,609.6,0.001000
124900,0.000014,1.000000,0.000029,1.000000,610.1,0.001000
125000,0.000006,1.000000,0.000009,1.000000,610.6,0.001000
125100,0.000002,1.000000,0.000003,1.000000,611.0,0.001000
125200,0.000001,1.000000,0.000001,1.000000,611.5,0.001000
125300,0.000000,1.000000,0.000000,1.000000,612.0,0.001000
125400,0.003152,1.000000,0.062372,0.985447,612.5,0.001000
125500,0.001186,1.000000,0.034184,0.989605,612.9,0.001000
125600,0.000517,1.000000,0.013561,0.995842,613.4,0.001000
125700,0.000200,1.000000,0.004086,0.997921,613.9,0.001000
125800,0.000065,1.000000,0.001233,1.000000,614.4,0.001000
125900,0.000031,1.000000,0.000423,1.000000,614.9,0.001000
126000,0.002168,1.000000,0.019421,0.993763,615.4,0.001000
126100,0.000830,1.000000,0.006006,1.000000,615.8,0.001000
126200,0.000304,1.000000,0.001473,1.000000,616.3,0.001000
126300,0.000109,1.000000,0.000457,1.000000,616.8,0.001000
126400,0.000066,1.000000,0.000249,1.000000,617.3,0.001000
126500,0.000039,1.000000,0.000120,1.000000,617.8,0.001000
126600,0.000018,1.000000,0.000039,1.000000,618.3,0.001000
126700,0.000007,1.000000,0.000012,1.000000,618.8,0.001000
126800,0.000003,1.000000,0.000004,1.000000,619.2,0.001000
126900,0.000001,1.000000,0.000001,1.000000,619.7,0.001000
127000,0.000000,1.000000,0.000001,1.000000,620.2,0.001000
127100,0.003306,1.000000,0.055737,0.989605,620.7,0.001000
127200,0.001131,1.000000,0.024617,0.993763,621.2,0.001000
127300,0.000476,1.000000,0.008716,0.995842,621.7,0.001000
127400,0.000187,1.000000,0.001253,1.000000,622.2,0.001000
127500,0.000064,1.000000,0.000215,1.000000,622.7,0.001000
127600,0.000032,1.000000,0.000095,1.000000,623.1,0.001000
127700,0.000025,1.000000,0.000050,1.000000,623.6,0.001000
127800,0.000014,1.000000,0.000022,1.000000,624.1,0.001000
127900,0.000006,1.000000,0.000008,1.000000,624.6,0.001000
128000,0.000002,1.000000,0.000003,1.000000,625.1,0.001000
128100,0.000001,1.000000,0.000001,1.000000,625.5,0.001000
128200,0.000000,1.000000,0.000000,1.000000,626.0,0.001000
128300,0.000000,1.000000,0.000000,1.000000,626.5,0.001000
128400,0.005156,1.000000,0.067920,0.983368,627.0,0.001000
128500,0.001143,1.000000,0.020795,0.993763,627.5,0.001000
128600,0.000524,1.000000,0.005741,0.997921,627.9,0.001000
128700,0.000228,1.000000,0.000940,1.000000,628.4,0.001000
128800,0.000081,1.000000,0.000208,1.000000,628.9,0.001000
128900,0.000029,1.000000,0.000058,1.000000,629.4,0.001000
129000,0.003368,1.000000,0.027001,0.993763,629.9,0.001000
129100,0.001254,1.000000,0.012083,0.997921,630.3,0.001000
129200,0.000453,1.000000,0.005125,0.997921,630.8,0.001000
129300,0.000137,1.000000,0.001302,1.000000,631.3,0.001000
129400,0.000057,1.000000,0.000181,1.000000,631.8,0.001000
129500,0.000037,1.000000,0.000071,1.000000,632.3,0.001000
129600,0.000019,1.000000,0.000027,1.000000,632.7,0.001000
129700,0.000008,1.000000,0.000011,1.000000,633.2,0.001000
129800,0.000003,1.000000,0.000004,1.000000,633.7,0.001000
129900,0.000001,1.000000,0.000002,1.000000,634.2,0.001000
130000,0.000001,1.000000,0.000001,1.000000,634.7,0.001000
130100,0.002724,1.000000,0.023802,0.993763,635.2,0.001000
130200,0.001032,1.000000,0.005372,1.000000,635.6,0.001000
130300,0.000414,1.000000,0.001271,1.000000,636.1,0.001000
130400,0.000158,1.000000,0.000350,1.000000,636.6,0.001000
130500,0.000057,1.000000,0.000107,1.000000,637.1,0.001000
130600,0.000032,1.000000,0.000049,1.000000,637.6,0.001000
130700,0.291280,0.939583,0.453179,0.910603,638.1,0.001000
130800,0.001203,1.000000,0.010833,0.995842,638.5,0.001000
130900,0.000552,1.000000,0.005412,0.997921,639.0,0.001000
131000,0.000218,1.000000,0.002959,0.997921,639.5,0.001000
131100,0.000110,1.000000,0.000355,1.000000,640.0,0.001000
131200,0.000072,1.000000,0.000137,1.000000,640.5,0.001000
131300,0.000036,1.000000,0.000052,1.000000,641.0,0.001000
131400,0.000015,1.000000,0.000018,1.000000,641.4,0.001000
131500,0.000006,1.000000,0.000007,1.000000,641.9,0.001000
131600,0.000002,1.000000,0.000003,1.000000,642.4,0.001000
131700,0.000001,1.000000,0.000001,1.000000,642.9,0.001000
131800,0.000000,1.000000,0.000000,1.000000,643.4,0.001000
131900,0.002512,1.000000,0.025525,0.993763,643.9,0.001000
132000,0.001072,1.000000,0.008459,1.000000,644.3,0.001000
132100,0.000432,1.000000,0.002109,1.000000,644.8,0.001000
132200,0.000160,1.000000,0.000515,1.000000,645.3,0.001000
132300,0.000056,1.000000,0.000144,1.000000,645.8,0.001000
132400,0.000032,1.000000,0.000059,1.000000,646.3,0.001000
132500,0.001714,1.000000,0.008437,1.000000,646.8,0.001000
132600,0.000740,1.000000,0.003066,1.000000,647.3,0.001000
132700,0.000269,1.000000,0.001073,1.000000,647.8,0.001000
132800,0.000110,1.000000,0.000457,1.000000,648.3,0.001000
132900,0.000067,1.000000,0.000327,1.000000,648.8,0.001000
133000,0.000038,1.000000,0.000084,1.000000,649.2,0.001000
133100,0.000017,1.000000,0.000026,1.000000,649.7,0.001000
133200,0.000007,1.000000,0.000010,1.000000,650.2,0.001000
133300,0.000003,1.000000,0.000003,1.000000,650.7,0.001000
133400,0.000001,1.000000,0.000001,1.000000,651.1,0.001000
133500,0.000000,1.000000,0.000000,1.000000,651.6,0.001000
133600,0.083261,0.995833,0.360779,0.923077,652.1,0.001000
133700,0.002499,1.000000,0.029365,0.997921,652.6,0.001000
133800,0.000936,1.000000,0.011485,0.997921,653.1,0.001000
133900,0.000361,1.000000,0.001587,1.000000,653.6,0.001000
134000,0.000135,1.000000,0.000352,1.000000,654.0,0.001000
134100,0.000043,1.000000,0.000101,1.000000,654.5,0.001000
134200,0.149608,0.995833,0.456829,0.902287,655.0,0.001000
134300,0.003620,1.000000,0.037162,0.991684,655.5,0.001000
134400,0.001456,1.000000,0.012839,0.997921,656.0,0.001000
134500,0.000468,1.000000,0.004480,0.997921,656.4,0.001000
134600,0.000130,1.000000,0.001244,1.000000,656.9,0.001000
134700,0.000066,1.000000,0.000561,1.000000,657.4,0.001000
134800,0.000043,1.000000,0.000085,1.000000,657.9,0.001000
134900,0.000021,1.000000,0.000029,1.000000,658.3,0.001000
135000,0.000009,1.000000,0.000011,1.000000,658.8,0.001000
135100,0.000003,1.000000,0.000004,1.000000,659.3,0.001000
135200,0.010243,1.000000,0.060487,0.989605,659.8,0.001000
135300,0.001502,1.000000,0.007558,1.000000,660.3,0.001000
135400,0.000679,1.000000,0.002429,1.000000,660.8,0.001000
135500,0.000256,1.000000,0.000683,1.000000,661.2,0.001000
135600,0.000087,1.000000,0.000182,1.000000,661.7,0.001000
135700,0.000047,1.000000,0.000095,1.000000,662.2,0.001000
135800,0.000033,1.000000,0.000048,1.000000,662.7,0.001000
135900,0.002103,1.000000,0.015103,0.995842,663.2,0.001000
136000,0.000930,1.000000,0.006442,0.997921,663.7,0.001000
136100,0.000359,1.000000,0.002135,1.000000,664.1,0.001000
136200,0.000139,1.000000,0.000568,1.000000,664.6,0.001000
136300,0.000086,1.000000,0.000237,1.000000,665.1,0.001000
136400,0.000048,1.000000,0.000101,1.000000,665.6,0.001000
136500,0.000021,1.000000,0.000035,1.000000,666.1,0.001000
136600,0.000008,1.000000,0.000012,1.000000,666.6,0.001000
136700,0.000003,1.000000,0.000004,1.000000,667.0,0.001000
136800,0.000001,1.000000,0.000002,1.000000,667.5,0.001000
136900,0.000000,1.000000,0.000001,1.000000,668.0,0.001000
137000,0.004048,1.000000,0.064554,0.981289,668.5,0.001000
137100,0.001282,1.000000,0.025156,0.993763,669.0,0.001000
137200,0.000567,1.000000,0.010886,0.995842,669.4,0.001000
137300,0.000215,1.000000,0.004130,1.000000,669.9,0.001000
137400,0.000074,1.000000,0.001272,1.000000,670.4,0.001000
137500,0.000039,1.000000,0.000632,1.000000,670.9,0.001000
137600,0.000031,1.000000,0.000225,1.000000,671.4,0.001000
137700,0.004350,1.000000,0.027120,0.993763,671.9,0.001000
137800,0.001650,1.000000,0.008398,1.000000,672.5,0.001000
137900,0.000564,1.000000,0.002219,1.000000,673.0,0.001000
138000,0.000197,1.000000,0.001028,1.000000,673.5,0.001000
138100,0.000117,1.000000,0.000543,1.000000,673.9,0.001000
138200,0.000075,1.000000,0.000250,1.000000,674.4,0.001000
138300,0.000035,1.000000,0.000081,1.000000,674.9,0.001000
138400,0.000014,1.000000,0.000036,1.000000,675.4,0.001000
138500,0.000006,1.000000,0.000008,1.000000,675.9,0.001000
138600,0.000002,1.000000,0.000003,1.000000,676.4,0.001000
138700,0.000001,1.000000,0.000001,1.000000,676.9,0.001000
138800,0.009437,1.000000,0.127908,0.968815,677.3,0.001000
138900,0.002196,1.000000,0.041933,0.989605,677.8,0.001000
139000,0.000861,1.000000,0.018772,0.993763,678.3,0.001000
139100,0.000242,1.000000,0.006266,1.000000,678.8,0.001000
139200,0.000072,1.000000,0.001295,1.000000,679.3,0.001000
139300,0.000032,1.000000,0.000600,1.000000,679.8,0.001000
139400,0.000025,1.000000,0.000346,1.000000,680.3,0.001000
139500,0.002805,1.000000,0.019536,0.995842,680.8,0.001000
139600,0.001100,1.000000,0.008466,0.995842,681.3,0.001000
139700,0.000402,1.000000,0.002973,1.000000,681.8,0.001000
139800,0.000144,1.000000,0.000695,1.000000,682.2,0.001000
139900,0.000073,1.000000,0.000369,1.000000,682.7,0.001000
140000,0.000044,1.000000,0.000103,1.000000,683.2,0.001000
140100,0.000020,1.000000,0.000028,1.000000,683.7,0.001000
140200,0.000008,1.000000,0.000012,1.000000,684.2,0.001000
140300,0.000003,1.000000,0.000004,1.000000,684.7,0.001000
140400,0.000001,1.000000,0.000002,1.000000,685.3,0.001000
140500,0.000000,1.000000,0.000001,1.000000,685.8,0.001000
140600,0.006683,1.000000,0.079063,0.981289,686.3,0.001000
140700,0.001573,1.000000,0.028374,0.993763,686.8,0.001000
140800,0.000682,1.000000,0.008790,0.995842,687.2,0.001000
140900,0.000277,1.000000,0.001408,1.000000,687.7,0.001000
141000,0.000095,1.000000,0.000518,1.000000,688.2,0.001000
141100,0.000042,1.000000,0.000160,1.000000,688.8,0.001000
141200,0.007956,1.000000,0.055127,0.987526,689.2,0.001000
141300,0.001535,1.000000,0.007814,0.997921,689.7,0.001000
141400,0.000603,1.000000,0.001844,1.000000,690.2,0.001000
141500,0.000208,1.000000,0.000547,1.000000,690.7,0.001000
141600,0.000102,1.000000,0.000253,1.000000,691.2,0.001000
141700,0.000064,1.000000,0.000135,1.000000,691.7,0.001000
141800,0.000031,1.000000,0.000049,1.000000,692.1,0.001000
141900,0.000013,1.000000,0.000019,1.000000,692.6,0.001000
142000,0.000005,1.000000,0.000007,1.000000,693.1,0.001000
142100,0.000002,1.000000,0.000002,1.000000,693.6,0.001000
142200,0.000001,1.000000,0.000001,1.000000,694.1,0.001000
142300,0.000000,1.000000,0.000000,1.000000,694.6,0.001000
142400,0.021512,1.000000,0.107371,0.985447,695.1,0.001000
142500,0.001499,1.000000,0.020354,0.993763,695.6,0.001000
142600,0.000738,1.000000,0.007959,0.997921,696.1,0.001000
142700,0.000309,1.000000,0.002425,1.000000,696.5,0.001000
142800,0.000106,1.000000,0.001002,1.000000,697.0,0.001000
142900,0.000036,1.000000,0.000279,1.000000,697.5,0.001000
143000,0.010256,1.000000,0.062192,0.991684,698.0,0.001000
143100,0.001632,1.000000,0.015238,0.993763,698.5,0.001000
143200,0.000705,1.000000,0.003918,1.000000,699.0,0.001000
143300,0.000247,1.000000,0.001208,1.000000,699.5,0.001000
143400,0.000103,1.000000,0.000362,1.000000,700.0,0.001000
143500,0.000068,1.000000,0.000312,1.000000,700.4,0.001000
143600,0.000035,1.000000,0.000052,1.000000,700.9,0.001000
143700,0.000015,1.000000,0.000019,1.000000,701.4,0.001000
143800,0.000006,1.000000,0.000007,1.000000,701.9,0.001000
143900,0.000002,1.000000,0.000003,1.000000,702.4,0.001000
144000,0.000001,1.000000,0.000001,1.000000,702.9,0.001000
144100,0.000000,1.000000,0.000000,1.000000,703.3,0.001000
144200,0.005277,1.000000,0.062985,0.983368,703.8,0.001000
144300,0.001945,1.000000,0.033812,0.987526,704.3,0.001000
144400,0.000644,1.000000,0.012467,0.995842,704.8,0.001000
144500,0.000193,1.000000,0.001699,1.000000,705.3,0.001000
144600,0.000063,1.000000,0.000384,1.000000,705.8,0.001000
144700,0.000026,1.000000,0.000292,1.000000,706.3,0.001000
144800,0.007314,1.000000,0.067576,0.987526,706.8,0.001000
144900,0.001605,1.000000,0.019124,0.993763,707.3,0.001000
145000,0.000717,1.000000,0.006097,0.997921,707.8,0.001000
145100,0.000251,1.000000,0.000965,1.000000,708.3,0.001000
145200,0.000097,1.000000,0.000522,1.000000,708.7,0.001000
145300,0.000065,1.000000,0.000372,1.000000,709.3,0.001000
145400,0.000035,1.000000,0.000075,1.000000,709.8,0.001000
145500,0.000015,1.000000,0.000023,1.000000,710.3,0.001000
145600,0.000006,1.000000,0.000008,1.000000,710.8,0.001000
145700,0.000002,1.000000,0.000003,1.000000,711.3,0.001000
145800,0.505975,0.895833,0.924220,0.775468,711.8,0.001000
145900,0.002304,1.000000,0.023333,0.997921,712.3,0.001000
146000,0.000976,1.000000,0.007694,0.997921,712.8,0.001000
146100,0.000371,1.000000,0.001674,1.000000,713.2,0.001000
146200,0.000125,1.000000,0.000638,1.000000,713.7,0.001000
146300,0.000053,1.000000,0.000279,1.000000,714.2,0.001000
146400,0.000040,1.000000,0.000097,1.000000,714.6,0.001000
146500,0.008646,1.000000,0.040952,0.995842,715.1,0.001000
146600,0.001093,1.000000,0.004542,1.000000,715.6,0.001000
146700,0.000432,1.000000,0.001248,1.000000,716.1,0.001000
146800,0.000157,1.000000,0.000363,1.000000,716.6,0.001000
146900,0.000087,1.000000,0.000183,1.000000,717.1,0.001000
147000,0.000054,1.000000,0.000087,1.000000,717.6,0.001000
147100,0.000025,1.000000,0.000032,1.000000,718.1,0.001000
147200,0.000010,1.000000,0.000013,1.000000,718.6,0.001000
147300,0.000004,1.000000,0.000005,1.000000,719.0,0.001000
147400,0.000002,1.000000,0.000002,1.000000,719.5,0.001000
147500,0.000001,1.000000,0.000001,1.000000,720.0,0.001000
147600,1.936044,0.489583,2.495436,0.311850,720.5,0.001000
147700,0.001787,1.000000,0.019345,0.995842,721.0,0.001000
147800,0.000848,1.000000,0.007061,1.000000,721.4,0.001000
147900,0.000353,1.000000,0.002199,1.000000,721.9,0.001000
148000,0.000128,1.000000,0.000606,1.000000,722.4,0.001000
148100,0.000044,1.000000,0.000220,1.000000,722.9,0.001000
148200,0.000028,1.000000,0.000155,1.000000,723.4,0.001000
148300,0.208428,0.981250,0.532744,0.898129,723.9,0.001000
148400,0.002875,1.000000,0.024527,0.993763,724.4,0.001000
148500,0.001147,1.000000,0.009021,0.995842,724.9,0.001000
148600,0.000422,1.000000,0.001706,1.000000,725.4,0.001000
148700,0.000160,1.000000,0.000685,1.000000,725.8,0.001000
148800,0.000110,1.000000,0.000350,1.000000,726.3,0.001000
148900,0.000063,1.000000,0.000122,1.000000,726.8,0.001000
149000,0.000027,1.000000,0.000036,1.000000,727.3,0.001000
149100,0.000011,1.000000,0.000014,1.000000,727.8,0.001000
149200,0.000004,1.000000,0.000005,1.000000,728.3,0.001000
149300,0.000002,1.000000,0.000002,1.000000,728.8,0.001000
149400,0.000001,1.000000,0.000001,1.000000,729.3,0.001000
149500,0.300089,0.927083,0.707977,0.800416,729.8,0.001000
149600,0.001795,1.000000,0.061961,0.987526,730.2,0.001000
149700,0.000822,1.000000,0.030622,0.993763,730.7,0.001000
149800,0.000335,1.000000,0.015546,0.995842,731.2,0.001000
149900,0.000130,1.000000,0.007119,0.997921,731.7,0.001000
150000,0.000052,1.000000,0.003516,0.997921,732.2,0.001000
150100,0.000030,1.000000,0.001294,1.000000,732.7,0.001000
150200,0.026142,1.000000,0.145387,0.964657,733.2,0.001000
150300,0.001917,1.000000,0.017717,0.997921,733.7,0.001000
150400,0.000767,1.000000,0.009713,0.997921,734.1,0.001000
150500,0.000249,1.000000,0.006029,0.997921,734.6,0.001000
150600,0.000101,1.000000,0.003767,0.997921,735.1,0.001000
150700,0.000063,1.000000,0.001579,1.000000,735.6,0.001000
150800,0.000035,1.000000,0.000193,1.000000,736.0,0.001000
150900,0.000015,1.000000,0.000037,1.000000,736.5,0.001000
151000,0.000006,1.000000,0.000010,1.000000,737.0,0.001000
151100,0.000002,1.000000,0.000003,1.000000,737.5,0.001000
151200,0.000001,1.000000,0.000001,1.000000,738.0,0.001000
151300,0.000000,1.000000,0.000000,1.000000,738.5,0.001000
151400,0.004645,1.000000,0.060300,0.985447,738.9,0.001000
151500,0.001436,1.000000,0.019823,0.997921,739.4,0.001000
151600,0.000552,1.000000,0.009674,0.997921,739.9,0.001000
151700,0.000197,1.000000,0.005515,0.997921,740.4,0.001000
151800,0.000068,1.000000,0.002386,0.997921,740.9,0.001000
151900,0.000039,1.000000,0.000473,1.000000,741.4,0.001000
152000,0.002688,1.000000,0.015139,0.997921,741.9,0.001000
152100,0.001076,1.000000,0.007545,0.997921,742.4,0.001000
152200,0.000388,1.000000,0.002795,1.000000,742.9,0.001000
152300,0.000129,1.000000,0.001060,1.000000,743.3,0.001000
152400,0.000069,1.000000,0.000574,1.000000,743.8,0.001000
152500,0.000042,1.000000,0.000176,1.000000,744.3,0.001000
152600,0.000020,1.000000,0.000037,1.000000,744.8,0.001000
152700,0.000008,1.000000,0.000012,1.000000,745.3,0.001000
152800,0.000003,1.000000,0.000004,1.000000,745.8,0.001000
152900,0.000001,1.000000,0.000002,1.000000,746.3,0.001000
153000,0.000000,1.000000,0.000001,1.000000,746.8,0.001000
153100,0.707511,0.852083,1.349983,0.673597,747.2,0.001000
153200,0.002029,1.000000,0.030454,0.993763,747.7,0.001000
153300,0.000886,1.000000,0.012530,0.995842,748.2,0.001000
153400,0.000367,1.000000,0.005296,0.997921,748.7,0.001000
153500,0.000131,1.000000,0.002412,1.000000,749.2,0.001000
153600,0.000041,1.000000,0.000488,1.000000,749.7,0.001000
153700,0.000022,1.000000,0.000273,1.000000,750.2,0.001000
153800,0.004013,1.000000,0.036016,0.989605,750.6,0.001000
153900,0.001709,1.000000,0.012255,0.997921,751.1,0.001000
154000,0.000682,1.000000,0.005088,0.997921,751.7,0.001000
154100,0.000238,1.000000,0.002909,0.997921,752.1,0.001000
154200,0.000124,1.000000,0.003192,0.997921,752.6,0.001000
154300,0.000082,1.000000,0.000605,1.000000,753.1,0.001000
154400,0.000041,1.000000,0.000089,1.000000,753.6,0.001000
154500,0.000017,1.000000,0.000024,1.000000,754.1,0.001000
154600,0.000007,1.000000,0.000009,1.000000,754.6,0.001000
154700,0.000003,1.000000,0.000003,1.000000,755.1,0.001000
154800,0.000001,1.000000,0.000001,1.000000,755.6,0.001000
154900,0.003936,1.000000,0.079562,0.981289,756.1,0.001000
155000,0.001338,1.000000,0.037817,0.989605,756.6,0.001000
155100,0.000535,1.000000,0.013560,0.995842,757.1,0.001000
155200,0.000202,1.000000,0.001700,1.000000,757.5,0.001000
155300,0.000069,1.000000,0.000288,1.000000,758.0,0.001000
155400,0.000036,1.000000,0.000102,1.000000,758.5,0.001000
155500,0.000028,1.000000,0.000064,1.000000,759.0,0.001000
155600,0.005213,1.000000,0.061635,0.983368,759.5,0.001000
155700,0.001356,1.000000,0.023443,0.993763,759.9,0.001000
155800,0.000554,1.000000,0.009149,0.997921,760.4,0.001000
155900,0.000191,1.000000,0.005056,0.997921,760.9,0.001000
156000,0.000087,1.000000,0.002287,0.997921,761.4,0.001000
156100,0.000057,1.000000,0.001371,1.000000,761.9,0.001000
156200,0.000029,1.000000,0.000099,1.000000,762.4,0.001000
156300,0.000012,1.000000,0.000022,1.000000,762.8,0.001000
156400,0.000005,1.000000,0.000006,1.000000,763.4,0.001000
156500,0.000002,1.000000,0.000002,1.000000,763.9,0.001000
156600,0.000001,1.000000,0.000001,1.000000,764.4,0.001000
156700,0.000000,1.000000,0.000000,1.000000,764.9,0.001000
156800,0.004754,1.000000,0.042334,0.989605,765.4,0.001000
156900,0.001329,1.000000,0.011452,1.000000,765.9,0.001000
157000,0.000603,1.000000,0.004748,1.000000,766.4,0.001000
157100,0.000256,1.000000,0.001680,1.000000,766.8,0.001000
157200,0.000094,1.000000,0.000347,1.000000,767.3,0.001000
157300,0.000034,1.000000,0.000132,1.000000,767.8,0.001000
157400,0.000501,1.000000,0.001992,1.000000,768.4,0.001000
157500,0.002669,1.000000,0.022047,0.995842,768.9,0.001000
157600,0.001157,1.000000,0.008521,0.997921,769.4,0.001000
157700,0.000410,1.000000,0.002853,1.000000,769.9,0.001000
157800,0.000147,1.000000,0.000656,1.000000,770.4,0.001000
157900,0.000089,1.000000,0.000275,1.000000,770.9,0.001000
158000,0.031955,1.000000,0.147862,0.966736,771.4,0.001000
158100,0.001569,1.000000,0.013932,0.995842,771.8,0.001000
158200,0.000773,1.000000,0.004952,1.000000,772.3,0.001000
158300,0.000316,1.000000,0.001380,1.000000,772.8,0.001000
158400,0.000177,1.000000,0.000904,1.000000,773.3,0.001000
158500,0.000105,1.000000,0.000397,1.000000,773.8,0.001000
158600,0.000047,1.000000,0.000124,1.000000,774.3,0.001000
158700,0.000019,1.000000,0.000035,1.000000,774.8,0.001000
158800,0.000007,1.000000,0.000012,1.000000,775.3,0.001000
158900,0.000003,1.000000,0.000004,1.000000,775.8,0.001000
159000,0.000001,1.000000,0.000001,1.000000,776.3,0.001000
159100,0.000000,1.000000,0.000001,1.000000,776.8,0.001000
159200,0.048851,1.000000,0.250780,0.937630,777.3,0.001000
159300,0.002478,1.000000,0.056759,0.987526,777.8,0.001000
159400,0.000911,1.000000,0.029818,0.993763,778.2,0.001000
159500,0.000299,1.000000,0.014878,0.995842,778.7,0.001000
159600,0.000111,1.000000,0.007176,0.997921,779.2,0.001000
159700,0.000051,1.000000,0.003312,0.997921,779.7,0.001000
159800,0.000026,1.000000,0.001059,1.000000,780.1,0.001000
159900,0.759929,0.800000,1.257041,0.625780,780.6,0.001000
160000,0.003561,1.000000,0.040002,0.991684,781.1,0.001000
160100,0.001524,1.000000,0.016009,0.997921,781.6,0.001000
160200,0.000510,1.000000,0.005330,0.997921,782.1,0.001000
160300,0.000168,1.000000,0.001687,1.000000,782.6,0.001000
160400,0.000100,1.000000,0.000724,1.000000,783.1,0.001000
160500,0.000063,1.000000,0.000305,1.000000,783.5,0.001000
160600,0.000030,1.000000,0.000104,1.000000,784.0,0.001000
160700,0.000012,1.000000,0.000018,1.000000,784.5,0.001000
160800,0.000005,1.000000,0.000006,1.000000,785.0,0.001000
160900,0.000002,1.000000,0.000003,1.000000,785.5,0.001000
161000,0.009887,1.000000,0.075625,0.981289,786.0,0.001000
161100,0.002440,1.000000,0.031957,0.993763,786.5,0.001000
161200,0.000761,1.000000,0.013080,0.997921,786.9,0.001000
161300,0.000296,1.000000,0.005634,0.997921,787.4,0.001000
161400,0.000098,1.000000,0.002590,1.000000,787.9,0.001000
161500,0.000036,1.000000,0.000974,1.000000,788.4,0.001000
161600,0.000027,1.000000,0.000170,1.000000,788.9,0.001000
161700,0.011874,1.000000,0.091592,0.985447,789.4,0.001000
161800,0.002156,1.000000,0.019988,0.995842,789.9,0.001000
161900,0.000918,1.000000,0.006673,0.997921,790.3,0.001000
162000,0.000329,1.000000,0.001552,1.000000,790.8,0.001000
162100,0.000119,1.000000,0.000402,1.000000,791.3,0.001000
162200,0.000070,1.000000,0.000167,1.000000,791.8,0.001000
162300,0.000039,1.000000,0.000068,1.000000,792.3,0.001000
162400,0.000017,1.000000,0.000026,1.000000,792.8,0.001000
162500,0.000007,1.000000,0.000009,1.000000,793.3,0.001000
162600,0.000003,1.000000,0.000004,1.000000,793.8,0.001000
162700,0.000001,1.000000,0.000001,1.000000,794.3,0.001000
162800,6.790316,0.156250,6.689239,0.162162,794.8,0.001000
162900,0.002681,1.000000,0.060781,0.989605,795.3,0.001000
163000,0.001186,1.000000,0.030682,0.993763,795.7,0.001000
163100,0.000495,1.000000,0.008702,0.995842,796.2,0.001000
163200,0.000195,1.000000,0.001900,1.000000,796.7,0.001000
163300,0.000069,1.000000,0.000573,1.000000,797.2,0.001000
163400,0.379472,0.925000,0.628687,0.879418,797.7,0.001000
163500,0.003061,1.000000,0.024847,0.995842,798.2,0.001000
163600,0.001246,1.000000,0.007789,0.997921,798.6,0.001000
163700,0.000440,1.000000,0.002103,1.000000,799.1,0.001000
163800,0.000177,1.000000,0.000623,1.000000,799.6,0.001000
163900,0.000104,1.000000,0.000422,1.000000,800.1,0.001000
164000,0.000060,1.000000,0.000122,1.000000,800.6,0.001000
164100,0.000027,1.000000,0.000040,1.000000,801.0,0.001000
164200,0.000011,1.000000,0.000015,1.000000,801.5,0.001000
164300,0.000004,1.000000,0.000005,1.000000,802.0,0.001000
164400,0.000002,1.000000,0.000002,1.000000,802.5,0.001000
164500,0.384682,0.922917,0.874642,0.796258,803.0,0.001000
164600,0.002002,1.000000,0.053916,0.989605,803.5,0.001000
164700,0.000951,1.000000,0.028434,0.993763,804.0,0.001000
164800,0.000428,1.000000,0.010765,0.995842,804.4,0.001000
164900,0.000163,1.000000,0.002456,1.000000,804.9,0.001000
165000,0.000059,1.000000,0.000787,1.000000,805.4,0.001000
165100,0.000031,1.000000,0.000243,1.000000,805.9,0.001000
165200,0.001314,1.000000,0.016618,0.995842,806.4,0.001000
165300,0.000545,1.000000,0.008741,0.997921,806.8,0.001000
165400,0.000257,1.000000,0.005032,0.997921,807.3,0.001000
165500,0.000114,1.000000,0.003031,0.997921,807.8,0.001000
165600,0.000067,1.000000,0.001807,1.000000,808.3,0.001000
165700,0.000037,1.000000,0.000535,1.000000,808.8,0.001000
165800,0.000016,1.000000,0.000104,1.000000,809.2,0.001000
165900,0.000007,1.000000,0.000028,1.000000,809.7,0.001000
166000,0.000003,1.000000,0.000006,1.000000,810.2,0.001000
166100,0.000001,1.000000,0.000002,1.000000,810.7,0.001000
166200,0.000000,1.000000,0.000001,1.000000,811.2,0.001000
166300,0.005862,1.000000,0.077511,0.985447,811.6,0.001000
166400,0.001360,1.000000,0.037502,0.987526,812.1,0.001000
166500,0.000542,1.000000,0.018509,0.993763,812.6,0.001000
166600,0.000199,1.000000,0.008941,0.995842,813.1,0.001000
166700,0.000071,1.000000,0.006593,0.997921,813.6,0.001000
166800,0.014391,1.000000,0.086743,0.983368,814.1,0.001000
166900,0.002180,1.000000,0.023869,0.995842,814.6,0.001000
167000,0.000935,1.000000,0.008936,0.997921,815.0,0.001000
167100,0.000308,1.000000,0.004127,0.997921,815.5,0.001000
167200,0.000138,1.000000,0.002759,0.997921,816.0,0.001000
167300,0.000093,1.000000,0.001107,1.000000,816.5,0.001000
167400,0.000049,1.000000,0.000131,1.000000,817.0,0.001000
167500,0.000021,1.000000,0.000034,1.000000,817.5,0.001000
167600,0.000008,1.000000,0.000012,1.000000,818.0,0.001000
167700,0.000003,1.000000,0.000004,1.000000,818.5,0.001000
167800,0.000007,1.000000,0.000015,1.000000,819.0,0.001000
167900,0.002337,1.000000,0.055843,0.983368,819.6,0.001000
168000,0.001013,1.000000,0.022556,0.993763,820.1,0.001000
168100,0.000400,1.000000,0.003634,1.000000,820.5,0.001000
168200,0.000151,1.000000,0.000458,1.000000,821.0,0.001000
168300,0.000064,1.000000,0.000162,1.000000,821.5,0.001000
168400,0.000043,1.000000,0.000090,1.000000,822.0,0.001000
168500,0.000028,1.000000,0.000046,1.000000,822.5,0.001000
168600,0.000013,1.000000,0.000017,1.000000,823.0,0.001000
168700,0.000005,1.000000,0.000007,1.000000,823.5,0.001000
168800,0.000002,1.000000,0.000002,1.000000,824.0,0.001000
168900,0.000001,1.000000,0.000001,1.000000,824.4,0.001000
169000,0.000000,1.000000,0.000000,1.000000,824.9,0.001000
169100,0.039846,1.000000,0.208244,0.952183,825.4,0.001000
169200,0.001915,1.000000,0.038134,0.989605,825.9,0.001000
169300,0.000688,1.000000,0.016444,0.995842,826.4,0.001000
169400,0.000225,1.000000,0.007238,0.997921,826.9,0.001000
169500,0.000081,1.000000,0.004206,0.997921,827.4,0.001000
169600,0.000042,1.000000,0.001122,1.000000,827.8,0.001000
169700,0.002842,1.000000,0.020384,0.997921,828.3,0.001000
169800,0.001139,1.000000,0.006289,1.000000,828.8,0.001000
169900,0.000381,1.000000,0.002086,1.000000,829.3,0.001000
170000,0.000130,1.000000,0.000661,1.000000,829.8,0.001000
170100,0.000076,1.000000,0.000227,1.000000,830.2,0.001000
170200,0.000046,1.000000,0.000094,1.000000,830.7,0.001000
170300,0.000022,1.000000,0.000033,1.000000,831.2,0.001000
170400,0.000009,1.000000,0.000012,1.000000,831.7,0.001000
170500,0.000004,1.000000,0.000004,1.000000,832.2,0.001000
170600,0.000001,1.000000,0.000002,1.000000,832.6,0.001000
170700,0.002823,1.000000,0.037068,0.991684,833.1,0.001000
170800,0.001258,1.000000,0.020206,0.993763,833.6,0.001000
170900,0.000521,1.000000,0.010568,0.995842,834.1,0.001000
171000,0.000188,1.000000,0.005722,0.997921,834.6,0.001000
171100,0.000068,1.000000,0.002042,1.000000,835.1,0.001000
171200,0.000043,1.000000,0.000371,1.000000,835.5,0.001000
171300,0.002981,1.000000,0.026321,0.993763,836.0,0.001000
171400,0.001087,1.000000,0.011646,0.995842,836.5,0.001000
171500,0.000407,1.000000,0.004722,1.000000,837.0,0.001000
171600,0.000164,1.000000,0.001875,1.000000,837.5,0.001000
171700,0.000101,1.000000,0.000698,1.000000,838.0,0.001000
171800,0.000055,1.000000,0.000242,1.000000,838.5,0.001000
171900,0.000024,1.000000,0.000096,1.000000,839.0,0.001000
172000,0.000010,1.000000,0.000027,1.000000,839.4,0.001000
172100,0.000004,1.000000,0.000008,1.000000,839.9,0.001000
172200,0.000001,1.000000,0.000002,1.000000,840.4,0.001000
172300,0.000001,1.000000,0.000001,1.000000,840.9,0.001000
172400,0.000000,1.000000,0.000000,1.000000,841.4,0.001000
172500,0.003405,1.000000,0.073621,0.981289,841.9,0.001000
172600,0.001379,1.000000,0.032587,0.989605,842.4,0.001000
172700,0.000577,1.000000,0.012174,0.995842,842.9,0.001000
172800,0.000219,1.000000,0.002347,1.000000,843.4,0.001000
172900,0.000076,1.000000,0.000581,1.000000,843.9,0.001000
173000,0.000034,1.000000,0.000226,1.000000,844.4,0.001000
173100,0.037190,1.000000,0.196144,0.958420,844.9,0.001000
173200,0.003133,1.000000,0.035322,0.989605,845.4,0.001000
173300,0.001186,1.000000,0.019268,0.995842,845.9,0.001000
173400,0.000396,1.000000,0.001897,1.000000,846.4,0.001000
173500,0.000163,1.000000,0.000576,1.000000,846.9,0.001000
173600,0.000102,1.000000,0.000241,1.000000,847.3,0.001000
173700,0.000057,1.000000,0.000109,1.000000,847.8,0.001000
173800,0.000025,1.000000,0.000043,1.000000,848.3,0.001000
173900,1.563698,0.587500,1.747268,0.553015,848.8,0.001000
174000,0.001422,1.000000,0.009576,1.000000,849.3,0.001000
174100,0.000756,1.000000,0.003196,1.000000,849.8,0.001000
174200,0.000332,1.000000,0.001230,1.000000,850.3,0.001000
174300,0.000120,1.000000,0.000402,1.000000,850.7,0.001000
174400,0.000065,1.000000,0.000246,1.000000,851.2,0.001000
174500,0.000039,1.000000,0.000096,1.000000,851.7,0.001000
174600,0.000018,1.000000,0.000035,1.000000,852.3,0.001000
174700,0.000007,1.000000,0.000011,1.000000,852.7,0.001000
174800,0.000003,1.000000,0.000006,1.000000,853.2,0.001000
174900,0.000001,1.000000,0.000002,1.000000,853.7,0.001000
175000,0.000000,1.000000,0.000001,1.000000,854.2,0.001000
175100,0.004174,1.000000,0.078637,0.989605,854.7,0.001000
175200,0.001356,1.000000,0.029750,0.989605,855.1,0.001000
175300,0.000595,1.000000,0.006305,1.000000,855.6,0.001000
175400,0.000254,1.000000,0.001881,1.000000,856.1,0.001000
175500,0.000105,1.000000,0.000547,1.000000,856.5,0.001000
175600,0.000041,1.000000,0.000135,1.000000,857.0,0.001000
175700,0.006425,1.000000,0.049201,0.991684,857.5,0.001000
175800,0.002057,1.000000,0.023148,0.997921,858.0,0.001000
175900,0.000728,1.000000,0.008900,0.997921,858.5,0.001000
176000,0.000247,1.000000,0.002326,1.000000,859.0,0.001000
176100,0.000093,1.000000,0.000604,1.000000,859.5,0.001000
176200,0.000047,1.000000,0.000250,1.000000,860.0,0.001000
176300,0.000026,1.000000,0.000059,1.000000,860.5,0.001000
176400,0.000012,1.000000,0.000016,1.000000,861.0,0.001000
176500,0.000005,1.000000,0.000006,1.000000,861.4,0.001000
176600,0.031020,1.000000,0.157140,0.972973,861.9,0.001000
176700,0.001196,1.000000,0.015448,0.993763,862.4,0.001000
176800,0.000585,1.000000,0.005663,0.997921,862.9,0.001000
176900,0.000250,1.000000,0.001292,1.000000,863.4,0.001000
177000,0.000103,1.000000,0.000392,1.000000,863.9,0.001000
177100,0.000060,1.000000,0.000316,1.000000,864.3,0.001000
177200,0.000044,1.000000,0.000083,1.000000,864.8,0.001000
177300,0.000022,1.000000,0.000029,1.000000,865.3,0.001000
177400,0.000009,1.000000,0.000011,1.000000,865.8,0.001000
177500,0.000004,1.000000,0.000004,1.000000,866.3,0.001000
177600,0.000001,1.000000,0.000002,1.000000,866.8,0.001000
177700,0.000001,1.000000,0.000001,1.000000,867.3,0.001000
177800,0.000000,1.000000,0.000000,1.000000,867.8,0.001000
177900,0.002702,1.000000,0.060144,0.993763,868.2,0.001000
178000,0.001089,1.000000,0.032815,0.995842,868.7,0.001000
178100,0.000452,1.000000,0.012094,0.997921,869.2,0.001000
178200,0.000180,1.000000,0.002702,1.000000,869.7,0.001000
178300,0.000063,1.000000,0.000806,1.000000,870.2,0.001000
178400,0.006767,1.000000,0.069758,0.989605,870.7,0.001000
178500,0.001486,1.000000,0.019407,0.997921,871.2,0.001000
178600,0.000609,1.000000,0.008168,0.997921,871.7,0.001000
178700,0.000202,1.000000,0.003403,0.997921,872.2,0.001000
178800,0.000078,1.000000,0.001613,1.000000,872.6,0.001000
178900,0.000051,1.000000,0.000510,1.000000,873.1,0.001000
179000,0.000028,1.000000,0.000129,1.000000,873.6,0.001000
179100,0.000012,1.000000,0.000036,1.000000,874.1,0.001000
179200,0.000005,1.000000,0.000008,1.000000,874.6,0.001000
179300,0.000002,1.000000,0.000003,1.000000,875.1,0.001000
179400,0.000001,1.000000,0.000001,1.000000,875.6,0.001000
179500,0.007931,1.000000,0.084937,0.975052,876.0,0.001000
179600,0.001857,1.000000,0.034012,0.989605,876.5,0.001000
179700,0.000718,1.000000,0.014917,0.993763,877.1,0.001000
179800,0.000248,1.000000,0.005033,0.997921,877.5,0.001000
179900,0.000078,1.000000,0.000821,1.000000,878.0,0.001000
180000,0.000030,1.000000,0.000178,1.000000,878.5,0.001000
180100,0.019589,1.000000,0.102183,0.985447,879.0,0.001000
180200,0.002267,1.000000,0.026268,0.993763,879.4,0.001000
180300,0.000908,1.000000,0.011747,0.995842,879.9,0.001000
180400,0.000316,1.000000,0.003963,1.000000,880.4,0.001000
180500,0.000117,1.000000,0.001687,1.000000,880.9,0.001000
180600,0.000068,1.000000,0.001115,1.000000,881.4,0.001000
180700,0.000039,1.000000,0.000410,1.000000,881.9,0.001000
180800,0.000017,1.000000,0.000120,1.000000,882.5,0.001000
180900,0.000007,1.000000,0.000041,1.000000,882.9,0.001000
181000,0.000003,1.000000,0.000006,1.000000,883.4,0.001000
181100,0.000001,1.000000,0.000002,1.000000,883.9,0.001000
181200,0.005605,1.000000,0.093432,0.972973,884.4,0.001000
181300,0.001654,1.000000,0.044120,0.991684,884.9,0.001000
181400,0.000615,1.000000,0.023224,0.991684,885.4,0.001000
181500,0.000230,1.000000,0.011209,0.997921,885.9,0.001000
181600,0.000090,1.000000,0.005729,0.997921,886.4,0.001000
181700,0.000043,1.000000,0.003365,0.997921,886.9,0.001000
181800,0.000027,1.000000,0.000940,1.000000,887.3,0.001000
181900,0.004937,1.000000,0.046344,0.991684,887.8,0.001000
182000,0.001782,1.000000,0.027189,0.991684,888.3,0.001000
182100,0.000594,1.000000,0.013280,0.995842,888.8,0.001000
182200,0.000207,1.000000,0.004704,0.997921,889.3,0.001000
182300,0.000098,1.000000,0.001837,1.000000,889.8,0.001000
182400,0.000058,1.000000,0.000686,1.000000,890.3,0.001000
182500,0.000027,1.000000,0.000107,1.000000,890.8,0.001000
182600,0.007659,1.000000,0.059703,0.989605,891.2,0.001000
182700,0.001594,1.000000,0.023925,0.993763,891.7,0.001000
182800,0.000727,1.000000,0.012530,0.995842,892.2,0.001000
182900,0.000264,1.000000,0.006192,0.997921,892.7,0.001000
183000,0.000105,1.000000,0.002660,1.000000,893.2,0.001000
183100,0.000063,1.000000,0.001106,1.000000,893.7,0.001000
183200,0.000033,1.000000,0.000212,1.000000,894.2,0.001000
183300,0.000014,1.000000,0.000038,1.000000,894.7,0.001000
183400,0.000006,1.000000,0.000009,1.000000,895.1,0.001000
183500,0.000002,1.000000,0.000003,1.000000,895.6,0.001000
183600,10.506906,0.035417,10.475549,0.029106,896.1,0.001000
183700,0.002045,1.000000,0.039181,0.991684,896.6,0.001000
183800,0.000957,1.000000,0.018313,0.993763,897.1,0.001000
183900,0.000445,1.000000,0.005435,0.997921,897.6,0.001000
184000,0.000189,1.000000,0.001855,1.000000,898.0,0.001000
184100,0.000077,1.000000,0.000806,1.000000,898.5,0.001000
184200,0.000045,1.000000,0.000669,1.000000,899.0,0.001000
184300,0.000031,1.000000,0.000303,1.000000,899.5,0.001000
184400,0.000015,1.000000,0.000041,1.000000,900.0,0.001000
184500,0.000006,1.000000,0.000011,1.000000,900.5,0.001000
184600,0.000002,1.000000,0.000005,1.000000,901.0,0.001000
184700,0.000001,1.000000,0.000001,1.000000,901.5,0.001000
184800,2.718993,0.337500,3.012373,0.234927,902.0,0.001000
184900,0.006179,1.000000,0.092004,0.979210,902.5,0.001000
185000,0.002671,1.000000,0.047334,0.987526,902.9,0.001000
185100,0.000760,1.000000,0.046498,0.991684,903.4,0.001000
185200,0.000174,1.000000,0.034601,0.995842,903.9,0.001000
185300,0.000067,1.000000,0.003426,1.000000,904.4,0.001000
185400,0.000035,1.000000,0.000785,1.000000,904.9,0.001000
185500,0.011794,1.000000,0.115105,0.972973,905.4,0.001000
185600,0.001808,1.000000,0.025230,0.993763,905.9,0.001000
185700,0.000741,1.000000,0.007567,0.995842,906.4,0.001000
185800,0.000250,1.000000,0.001603,1.000000,906.9,0.001000
185900,0.000097,1.000000,0.000468,1.000000,907.3,0.001000
186000,0.000057,1.000000,0.000279,1.000000,907.8,0.001000
186100,0.000031,1.000000,0.000065,1.000000,908.3,0.001000
186200,0.000014,1.000000,0.000018,1.000000,908.8,0.001000
186300,0.000006,1.000000,0.000007,1.000000,909.3,0.001000
186400,0.000002,1.000000,0.000003,1.000000,909.8,0.001000
186500,0.000002,1.000000,0.000003,1.000000,910.2,0.001000
186600,0.003477,1.000000,0.049850,0.991684,910.7,0.001000
186700,0.001375,1.000000,0.014431,0.997921,911.2,0.001000
186800,0.000489,1.000000,0.001745,1.000000,911.7,0.001000
186900,0.000156,1.000000,0.000349,1.000000,912.2,0.001000
187000,0.000057,1.000000,0.000111,1.000000,912.7,0.001000
187100,0.000036,1.000000,0.000066,1.000000,913.2,0.001000
187200,0.002956,1.000000,0.032520,0.991684,913.7,0.001000
187300,0.001042,1.000000,0.006278,1.000000,914.2,0.001000
187400,0.000383,1.000000,0.001431,1.000000,914.7,0.001000
187500,0.000141,1.000000,0.000413,1.000000,915.2,0.001000
187600,0.000078,1.000000,0.000200,1.000000,915.7,0.001000
187700,0.000046,1.000000,0.000077,1.000000,916.2,0.001000
187800,0.000021,1.000000,0.000028,1.000000,916.7,0.001000
187900,0.000008,1.000000,0.000011,1.000000,917.1,0.001000
188000,0.000003,1.000000,0.000004,1.000000,917.6,0.001000
188100,0.000001,1.000000,0.000002,1.000000,918.1,0.001000
188200,0.000000,1.000000,0.000001,1.000000,918.6,0.001000
188300,0.547448,0.895833,1.106217,0.719335,919.1,0.001000
188400,0.002040,1.000000,0.042725,0.993763,919.6,0.001000
188500,0.000864,1.000000,0.012799,0.997921,920.1,0.001000
188600,0.000349,1.000000,0.001852,1.000000,920.6,0.001000
188700,0.000120,1.000000,0.000367,1.000000,921.0,0.001000
188800,0.000039,1.000000,0.000109,1.000000,921.5,0.001000
188900,0.444027,0.891667,0.601309,0.871102,922.0,0.001000
189000,0.002290,1.000000,0.016584,0.997921,922.5,0.001000
189100,0.001016,1.000000,0.006271,1.000000,923.0,0.001000
189200,0.000367,1.000000,0.002065,1.000000,923.5,0.001000
189300,0.000126,1.000000,0.000741,1.000000,924.0,0.001000
189400,0.000070,1.000000,0.000303,1.000000,924.5,0.001000
189500,0.000043,1.000000,0.000083,1.000000,925.0,0.001000
189600,0.000020,1.000000,0.000027,1.000000,925.5,0.001000
189700,0.000008,1.000000,0.000010,1.000000,926.0,0.001000
189800,0.000003,1.000000,0.000004,1.000000,926.4,0.001000
189900,0.000001,1.000000,0.000002,1.000000,926.9,0.001000
190000,0.000000,1.000000,0.000001,1.000000,927.4,0.001000
190100,0.004207,1.000000,0.059001,0.985447,927.9,0.001000
190200,0.001419,1.000000,0.025270,0.991684,928.4,0.001000
190300,0.000560,1.000000,0.011001,0.997921,928.9,0.001000
190400,0.000217,1.000000,0.002622,1.000000,929.4,0.001000
190500,0.000079,1.000000,0.000375,1.000000,929.9,0.001000
190600,0.000038,1.000000,0.000287,1.000000,930.4,0.001000
190700,0.000027,1.000000,0.000118,1.000000,930.9,0.001000
190800,0.000016,1.000000,0.000038,1.000000,931.4,0.001000
190900,0.000007,1.000000,0.000009,1.000000,931.9,0.001000
191000,0.000003,1.000000,0.000003,1.000000,932.4,0.001000
191100,1.086732,0.712500,1.763692,0.507277,932.9,0.001000
191200,0.003319,1.000000,0.024574,0.993763,933.4,0.001000
191300,0.001012,1.000000,0.005849,1.000000,933.9,0.001000
191400,0.000461,1.000000,0.002351,1.000000,934.4,0.001000
191500,0.000153,1.000000,0.000675,1.000000,934.9,0.001000
191600,0.006397,1.000000,0.056576,0.991684,935.4,0.001000
191700,0.000897,1.000000,0.005947,1.000000,935.9,0.001000
191800,0.000382,1.000000,0.001522,1.000000,936.4,0.001000
191900,0.000125,1.000000,0.000419,1.000000,936.9,0.001000
192000,0.000054,1.000000,0.000152,1.000000,937.4,0.001000
192100,0.000033,1.000000,0.000097,1.000000,937.9,0.001000
192200,0.000016,1.000000,0.000034,1.000000,938.4,0.001000
192300,0.000007,1.000000,0.000011,1.000000,938.9,0.001000
192400,0.000003,1.000000,0.000004,1.000000,939.4,0.001000
192500,0.000001,1.000000,0.000001,1.000000,939.9,0.001000
192600,0.000000,1.000000,0.000001,1.000000,940.4,0.001000
192700,0.024866,0.997917,0.217379,0.948025,940.8,0.001000
192800,0.002436,1.000000,0.062903,0.981289,941.4,0.001000
192900,0.000740,1.000000,0.034714,0.991684,941.8,0.001000
193000,0.000238,1.000000,0.016595,0.995842,942.3,0.001000
193100,0.000084,1.000000,0.001283,1.000000,942.8,0.001000
193200,0.000033,1.000000,0.000100,1.000000,943.4,0.001000
193300,0.000020,1.000000,0.000037,1.000000,943.8,0.001000
193400,0.002860,1.000000,0.024577,0.995842,944.3,0.001000
193500,0.001227,1.000000,0.007286,0.997921,944.8,0.001000
193600,0.000479,1.000000,0.001886,1.000000,945.3,0.001000
193700,0.000171,1.000000,0.000521,1.000000,945.8,0.001000
193800,0.000082,1.000000,0.000199,1.000000,946.3,0.001000
193900,0.000052,1.000000,0.000100,1.000000,946.8,0.001000
194000,0.000025,1.000000,0.000037,1.000000,947.4,0.001000
194100,0.000011,1.000000,0.000014,1.000000,947.9,0.001000
194200,0.000004,1.000000,0.000005,1.000000,948.4,0.001000
194300,0.000002,1.000000,0.000002,1.000000,948.9,0.001000
194400,0.000001,1.000000,0.000001,1.000000,949.4,0.001000
194500,0.002558,1.000000,0.055852,0.985447,949.9,0.001000
194600,0.001020,1.000000,0.018658,0.995842,950.4,0.001000
194700,0.000458,1.000000,0.004678,0.997921,951.0,0.001000
194800,0.000190,1.000000,0.000925,1.000000,951.5,0.001000
194900,0.000063,1.000000,0.000273,1.000000,952.0,0.001000
195000,0.000032,1.000000,0.000113,1.000000,952.5,0.001000
195100,0.025482,1.000000,0.112431,0.968815,953.0,0.001000
195200,0.001096,1.000000,0.007170,1.000000,953.5,0.001000
195300,0.000478,1.000000,0.002319,1.000000,954.0,0.001000
195400,0.000185,1.000000,0.000627,1.000000,954.6,0.001000
195500,0.000088,1.000000,0.000268,1.000000,955.0,0.001000
195600,0.000060,1.000000,0.000143,1.000000,955.5,0.001000
195700,0.000029,1.000000,0.000053,1.000000,956.0,0.001000
195800,0.000012,1.000000,0.000019,1.000000,956.5,0.001000
195900,0.000005,1.000000,0.000006,1.000000,957.0,0.001000
196000,0.000002,1.000000,0.000002,1.000000,957.5,0.001000
196100,0.000001,1.000000,0.000001,1.000000,958.0,0.001000
196200,2.975959,0.239583,3.401323,0.085239,958.5,0.001000
196300,0.002000,1.000000,0.038070,0.993763,959.0,0.001000
196400,0.000917,1.000000,0.011379,0.995842,959.5,0.001000
196500,0.000385,1.000000,0.002511,1.000000,960.0,0.001000
196600,0.000150,1.000000,0.000692,1.000000,960.5,0.001000
196700,0.000056,1.000000,0.000205,1.000000,961.0,0.001000
196800,0.000028,1.000000,0.000093,1.000000,961.5,0.001000
196900,0.003364,1.000000,0.035005,0.993763,962.0,0.001000
197000,0.001269,1.000000,0.016247,0.995842,962.5,0.001000
197100,0.000509,1.000000,0.009378,0.997921,962.9,0.001000
197200,0.000170,1.000000,0.003829,0.997921,963.4,0.001000
197300,0.000078,1.000000,0.001278,1.000000,963.9,0.001000
197400,0.000050,1.000000,0.000437,1.000000,964.4,0.001000
197500,0.000025,1.000000,0.000068,1.000000,964.9,0.001000
197600,0.000010,1.000000,0.000018,1.000000,965.4,0.001000
197700,0.000004,1.000000,0.000006,1.000000,965.9,0.001000
197800,0.000002,1.000000,0.000002,1.000000,966.4,0.001000
197900,0.000001,1.000000,0.000001,1.000000,966.9,0.001000
198000,0.025022,1.000000,0.164618,0.952183,967.4,0.001000
198100,0.001323,1.000000,0.014542,0.997921,967.9,0.001000
198200,0.000633,1.000000,0.003678,1.000000,968.4,0.001000
198300,0.000274,1.000000,0.001045,1.000000,968.9,0.001000
198400,0.000110,1.000000,0.000364,1.000000,969.3,0.001000
198500,0.000044,1.000000,0.000115,1.000000,969.9,0.001000
198600,0.000029,1.000000,0.000062,1.000000,970.3,0.001000
198700,0.008533,1.000000,0.044694,0.993763,970.8,0.001000
198800,0.002010,1.000000,0.008930,1.000000,971.3,0.001000
198900,0.000712,1.000000,0.002495,1.000000,971.8,0.001000
199000,0.000244,1.000000,0.000662,1.000000,972.3,0.001000
199100,0.000116,1.000000,0.000268,1.000000,972.8,0.001000
199200,0.000078,1.000000,0.000176,1.000000,973.2,0.001000
199300,0.000040,1.000000,0.000069,1.000000,973.7,0.001000
199400,0.000017,1.000000,0.000027,1.000000,974.2,0.001000
199500,0.000007,1.000000,0.000010,1.000000,974.7,0.001000
199600,0.000003,1.000000,0.000003,1.000000,975.2,0.001000
199700,0.000001,1.000000,0.000001,1.000000,975.6,0.001000
199800,0.046507,0.997917,0.272819,0.925156,976.1,0.001000
199900,0.001422,1.000000,0.046195,0.989605,976.6,0.001000
