step,train_loss,train_acc,test_loss,test_acc,elapsed_sec,lr
0,5.025826,0.010476,5.027073,0.010048,1.6,0.000020
100,4.593723,0.010868,4.595128,0.010108,3.6,0.001000
200,4.588649,0.010392,4.589797,0.010260,5.7,0.001000
300,4.583530,0.010424,4.585320,0.010204,7.8,0.001000
400,4.581135,0.010552,4.583877,0.010732,9.9,0.001000
500,4.578578,0.011420,4.581451,0.010208,12.0,0.001000
600,4.580143,0.011040,4.583464,0.010768,14.1,0.001000
700,4.576895,0.011608,4.581432,0.010604,16.2,0.001000
800,4.575086,0.011404,4.580519,0.010332,18.4,0.001000
900,4.574698,0.011928,4.582371,0.010388,20.5,0.001000
1000,4.574118,0.011852,4.580916,0.009948,22.6,0.001000
1100,4.572748,0.012612,4.579951,0.010280,24.7,0.001000
1200,4.572511,0.012700,4.579495,0.010308,26.8,0.001000
1300,4.572350,0.012476,4.578838,0.010312,28.9,0.001000
1400,4.572167,0.012544,4.579844,0.010548,31.0,0.001000
1500,4.572256,0.012564,4.578489,0.010412,33.2,0.001000
1600,4.572499,0.012288,4.579055,0.010480,35.3,0.001000
1700,4.572142,0.012428,4.578546,0.010608,37.4,0.001000
1800,4.572346,0.012504,4.579072,0.010344,39.6,0.001000
1900,4.572025,0.012592,4.578089,0.010520,41.7,0.001000
2000,4.572107,0.012724,4.577587,0.010344,43.8,0.001000
2100,4.572189,0.012584,4.577963,0.009740,45.9,0.001000
2200,4.571855,0.012748,4.577974,0.010432,48.0,0.001000
2300,4.572134,0.012244,4.578067,0.010360,50.1,0.001000
2400,4.572073,0.012596,4.577820,0.010284,52.2,0.001000
2500,4.572257,0.012088,4.577984,0.010332,54.3,0.001000
2600,4.572254,0.012584,4.577594,0.010212,56.4,0.001000
2700,4.573199,0.012360,4.577781,0.010216,58.5,0.001000
2800,4.572278,0.012096,4.577576,0.010320,60.7,0.001000
2900,4.572433,0.012156,4.577473,0.010408,62.8,0.001000
3000,4.572211,0.012032,4.577888,0.010528,64.9,0.001000
3100,4.572322,0.012268,4.577819,0.010424,67.0,0.001000
3200,4.572433,0.012356,4.577669,0.010220,69.1,0.001000
3300,4.572055,0.012136,4.577662,0.010332,71.2,0.001000
3400,4.572124,0.012628,4.577279,0.010284,73.4,0.001000
3500,4.572860,0.012112,4.577709,0.010140,75.5,0.001000
3600,4.572587,0.012512,4.577940,0.010284,77.6,0.001000
3700,4.572882,0.012020,4.577870,0.010020,79.7,0.001000
3800,4.572550,0.012616,4.577249,0.010432,81.8,0.001000
3900,4.572381,0.012412,4.577525,0.010392,83.9,0.001000
4000,4.573040,0.012032,4.577756,0.010000,86.0,0.001000
4100,4.572457,0.012216,4.577403,0.009908,88.1,0.001000
4200,4.572651,0.011880,4.577532,0.009844,90.2,0.001000
4300,4.572921,0.012268,4.578005,0.010192,92.3,0.001000
4400,4.572855,0.011944,4.576713,0.010228,94.4,0.001000
4500,4.572453,0.012164,4.577429,0.010076,96.5,0.001000
4600,4.572700,0.012248,4.577297,0.010440,98.6,0.001000
4700,4.572601,0.012080,4.577123,0.010272,100.8,0.001000
4800,4.573606,0.011936,4.577812,0.010280,102.8,0.001000
4900,4.572930,0.011948,4.577257,0.010092,104.9,0.001000
5000,4.572346,0.012220,4.577506,0.010116,107.0,0.001000
5100,4.572690,0.012328,4.577563,0.010136,109.1,0.001000
5200,4.572618,0.012080,4.576960,0.010264,111.2,0.001000
5300,4.572692,0.011832,4.576953,0.010300,113.3,0.001000
5400,4.572900,0.012260,4.577086,0.010312,115.4,0.001000
5500,4.572847,0.011760,4.577215,0.010368,117.5,0.001000
5600,4.572769,0.012176,4.577403,0.010144,119.6,0.001000
5700,4.572717,0.011956,4.577598,0.010032,121.8,0.001000
5800,4.572596,0.012580,4.577496,0.010148,123.9,0.001000
5900,4.572651,0.011940,4.577454,0.010180,126.0,0.001000
6000,4.572530,0.012524,4.576902,0.010244,128.1,0.001000
6100,4.572712,0.012464,4.577225,0.010700,130.2,0.001000
6200,4.572714,0.011856,4.576855,0.010172,132.3,0.001000
6300,4.572844,0.012456,4.577420,0.010028,134.4,0.001000
6400,4.572596,0.012080,4.577538,0.009880,136.5,0.001000
6500,4.572563,0.012300,4.577477,0.010428,138.6,0.001000
6600,4.572259,0.012220,4.577575,0.009940,140.7,0.001000
6700,4.572670,0.012056,4.577202,0.010132,142.8,0.001000
6800,4.572580,0.012464,4.577298,0.010624,144.9,0.001000
6900,4.572482,0.012392,4.577476,0.009752,147.0,0.001000
7000,4.573118,0.012528,4.577796,0.010200,149.1,0.001000
7100,4.573248,0.012104,4.577168,0.010464,151.2,0.001000
7200,4.572818,0.012048,4.577454,0.010072,153.3,0.001000
7300,4.573000,0.011552,4.577959,0.010032,155.4,0.001000
7400,4.573250,0.012032,4.577712,0.010264,157.5,0.001000
7500,4.572479,0.012432,4.577394,0.010180,159.6,0.001000
7600,4.572330,0.012428,4.577164,0.010108,161.7,0.001000
7700,4.572636,0.012384,4.577355,0.010172,163.8,0.001000
7800,4.572612,0.012212,4.577200,0.010068,165.9,0.001000
7900,4.572924,0.012104,4.577845,0.009868,168.0,0.001000
8000,4.572699,0.012224,4.577394,0.010200,170.1,0.001000
8100,4.572761,0.011980,4.577180,0.010348,172.2,0.001000
8200,4.572735,0.012448,4.577096,0.010408,174.3,0.001000
8300,4.572671,0.011884,4.577082,0.010220,176.4,0.001000
8400,4.572449,0.012472,4.576970,0.010568,178.5,0.001000
8500,4.573113,0.011624,4.576927,0.010292,180.6,0.001000
8600,4.572503,0.012328,4.577131,0.010096,182.7,0.001000
8700,4.572823,0.012244,4.577460,0.010176,184.8,0.001000
8800,4.572542,0.012524,4.576853,0.009904,186.9,0.001000
8900,4.572478,0.012268,4.577412,0.010084,189.0,0.001000
9000,4.572916,0.012196,4.577432,0.010008,191.1,0.001000
9100,4.572415,0.011872,4.577361,0.010056,193.2,0.001000
9200,4.572556,0.012108,4.577287,0.010008,195.3,0.001000
9300,4.572661,0.012508,4.577379,0.010224,197.4,0.001000
9400,4.572535,0.012224,4.577466,0.010268,199.5,0.001000
9500,4.572715,0.012252,4.577376,0.010160,201.6,0.001000
9600,4.572440,0.012392,4.577275,0.009984,203.7,0.001000
9700,4.572434,0.012276,4.577339,0.010144,205.8,0.001000
9800,4.572725,0.012004,4.577490,0.010436,207.9,0.001000
9900,4.572916,0.012256,4.577608,0.010084,210.0,0.001000
10000,4.572548,0.012348,4.577165,0.010308,212.1,0.001000
10100,4.572506,0.012028,4.577098,0.010156,214.2,0.001000
10200,4.572523,0.012096,4.577207,0.010284,216.3,0.001000
10300,4.572657,0.012420,4.576754,0.010332,218.4,0.001000
10400,4.572744,0.012224,4.577154,0.010316,220.5,0.001000
10500,4.572813,0.012324,4.577158,0.009864,222.6,0.001000
10600,4.572758,0.012436,4.577270,0.010220,224.7,0.001000
10700,4.572987,0.012276,4.577283,0.010104,226.8,0.001000
10800,4.572800,0.012640,4.577280,0.009660,228.9,0.001000
10900,4.573338,0.011904,4.576951,0.009936,231.0,0.001000
11000,4.572735,0.012232,4.577041,0.010048,233.1,0.001000
11100,4.572612,0.012084,4.577066,0.010376,235.2,0.001000
11200,4.573544,0.012152,4.576892,0.010360,237.3,0.001000
11300,4.572971,0.012096,4.577023,0.010396,239.4,0.001000
11400,4.572938,0.012072,4.577178,0.009940,241.5,0.001000
11500,4.572645,0.012316,4.577181,0.010476,243.6,0.001000
11600,4.572693,0.012128,4.576920,0.010168,245.7,0.001000
11700,4.573036,0.011812,4.576894,0.010112,247.9,0.001000
11800,4.573142,0.012096,4.576714,0.010588,250.0,0.001000
11900,4.573078,0.012328,4.577367,0.010084,252.1,0.001000
12000,4.572828,0.012460,4.576884,0.010436,254.2,0.001000
12100,4.572967,0.012168,4.577409,0.010076,256.3,0.001000
12200,4.573122,0.011836,4.577788,0.010208,258.4,0.001000
12300,4.572787,0.012172,4.577045,0.010576,260.5,0.001000
12400,4.572946,0.012316,4.577510,0.010064,262.6,0.001000
12500,4.572531,0.012172,4.577445,0.010152,264.7,0.001000
12600,4.572987,0.012112,4.577426,0.009900,266.8,0.001000
12700,4.573236,0.011716,4.577396,0.010216,268.9,0.001000
12800,4.572801,0.012124,4.577192,0.010076,271.0,0.001000
12900,4.572686,0.012212,4.576756,0.010132,273.1,0.001000
13000,4.572586,0.012324,4.576839,0.010196,275.3,0.001000
13100,4.572715,0.012524,4.577226,0.010184,277.4,0.001000
13200,4.572859,0.012308,4.576910,0.010404,279.5,0.001000
13300,4.572660,0.012448,4.576927,0.010064,281.6,0.001000
13400,4.572689,0.012324,4.577141,0.010128,283.7,0.001000
13500,4.573615,0.011412,4.577380,0.010072,285.8,0.001000
13600,4.572906,0.012228,4.577190,0.010252,287.9,0.001000
13700,4.572923,0.011844,4.577055,0.010168,290.1,0.001000
13800,4.572985,0.011972,4.577068,0.010264,292.2,0.001000
13900,4.573011,0.011812,4.577172,0.009908,294.3,0.001000
14000,4.572937,0.011964,4.576943,0.010200,296.4,0.001000
14100,4.573008,0.011636,4.577158,0.010160,298.5,0.001000
14200,4.573050,0.012148,4.577068,0.010372,300.6,0.001000
14300,4.572848,0.011756,4.576988,0.009668,302.7,0.001000
14400,4.572985,0.011928,4.577670,0.010024,304.8,0.001000
14500,4.572729,0.012028,4.577348,0.010200,306.9,0.001000
14600,4.572591,0.012124,4.577477,0.010364,309.0,0.001000
14700,4.573096,0.012048,4.577223,0.010028,311.2,0.001000
14800,4.572852,0.011680,4.576736,0.010296,313.3,0.001000
14900,4.572775,0.012460,4.577428,0.010424,315.4,0.001000
15000,4.572680,0.012076,4.577554,0.010228,317.5,0.001000
15100,4.572764,0.012324,4.577094,0.009760,319.6,0.001000
15200,4.572552,0.012044,4.577129,0.010244,321.6,0.001000
15300,4.572775,0.011944,4.577110,0.010708,323.8,0.001000
15400,4.572896,0.011892,4.577300,0.010576,325.9,0.001000
15500,4.572708,0.012188,4.577016,0.010580,328.0,0.001000
15600,4.572774,0.012268,4.576741,0.010440,330.1,0.001000
15700,4.572878,0.012296,4.576788,0.010036,332.2,0.001000
15800,4.573068,0.012272,4.576946,0.010216,334.3,0.001000
15900,4.573232,0.012016,4.577577,0.010316,336.4,0.001000
16000,4.573075,0.011768,4.577120,0.010160,338.5,0.001000
16100,4.572741,0.012208,4.577705,0.010376,340.6,0.001000
16200,4.572795,0.012232,4.577005,0.010456,342.7,0.001000
16300,4.572958,0.012072,4.576903,0.010572,344.8,0.001000
16400,4.573245,0.011840,4.576925,0.010680,346.9,0.001000
16500,4.573036,0.011916,4.576806,0.010140,349.1,0.001000
16600,4.572903,0.011988,4.576855,0.010168,351.2,0.001000
16700,4.573111,0.012164,4.576808,0.010304,353.2,0.001000
16800,4.573053,0.011352,4.576621,0.010092,355.3,0.001000
16900,4.573061,0.011624,4.576451,0.010200,357.4,0.001000
17000,4.572848,0.012224,4.576459,0.010244,359.5,0.001000
17100,4.572796,0.012488,4.576842,0.009960,361.6,0.001000
17200,4.573014,0.011928,4.577381,0.010308,363.7,0.001000
17300,4.572877,0.011892,4.577400,0.010004,365.8,0.001000
17400,4.572701,0.012476,4.577053,0.010272,368.0,0.001000
17500,4.573325,0.012320,4.577022,0.010156,370.1,0.001000
17600,4.573102,0.011760,4.576886,0.010232,372.2,0.001000
17700,4.573001,0.012036,4.577275,0.010108,374.3,0.001000
17800,4.573208,0.011972,4.577139,0.010032,376.4,0.001000
17900,4.573072,0.011960,4.577002,0.010484,378.6,0.001000
18000,4.572978,0.012028,4.577198,0.010416,380.7,0.001000
18100,4.572733,0.011904,4.577188,0.010000,382.8,0.001000
18200,4.572757,0.012292,4.577109,0.010164,384.9,0.001000
18300,4.572855,0.012100,4.576836,0.010332,387.0,0.001000
18400,4.572658,0.011976,4.577258,0.010412,389.1,0.001000
18500,4.573354,0.012000,4.577298,0.010196,391.2,0.001000
18600,4.572872,0.012076,4.577371,0.009888,393.3,0.001000
18700,4.572908,0.012252,4.577312,0.009740,395.4,0.001000
18800,4.572790,0.012164,4.577407,0.009952,397.5,0.001000
18900,4.572789,0.012020,4.577043,0.010336,399.6,0.001000
19000,4.572847,0.012260,4.577057,0.010200,401.7,0.001000
19100,4.572960,0.011840,4.576587,0.010504,403.8,0.001000
19200,4.573155,0.012024,4.577032,0.010420,405.9,0.001000
19300,4.572740,0.011952,4.577139,0.009736,408.0,0.001000
19400,4.573384,0.011884,4.577438,0.009996,410.1,0.001000
19500,4.572710,0.012268,4.577049,0.010252,412.2,0.001000
19600,4.573159,0.012072,4.577311,0.010068,414.3,0.001000
19700,4.572861,0.012264,4.577195,0.010100,416.4,0.001000
19800,4.572796,0.012240,4.577004,0.009980,418.5,0.001000
19900,4.572791,0.012040,4.577365,0.010124,420.6,0.001000
20000,4.572733,0.011752,4.577352,0.010220,422.7,0.001000
20100,4.573190,0.011056,4.577642,0.010388,424.8,0.001000
20200,4.572835,0.012120,4.577444,0.010372,426.9,0.001000
20300,4.572739,0.012132,4.577144,0.010736,429.0,0.001000
20400,4.573006,0.012188,4.577362,0.010316,431.2,0.001000
20500,4.572843,0.012076,4.577155,0.010676,433.3,0.001000
20600,4.572652,0.012148,4.577350,0.010492,435.4,0.001000
20700,4.573014,0.012052,4.576986,0.010760,437.5,0.001000
20800,4.572958,0.012516,4.577024,0.010196,439.6,0.001000
20900,4.573037,0.011924,4.577383,0.010032,441.8,0.001000
21000,4.572907,0.012284,4.576863,0.010264,443.8,0.001000
21100,4.572676,0.012208,4.577190,0.010320,446.0,0.001000
21200,4.572893,0.011956,4.576839,0.010224,448.1,0.001000
21300,4.572903,0.012240,4.576849,0.010428,450.2,0.001000
21400,4.573079,0.011832,4.577350,0.010444,452.3,0.001000
21500,4.572827,0.011692,4.576764,0.010400,454.4,0.001000
21600,4.573397,0.011664,4.577507,0.010856,456.5,0.001000
21700,4.573148,0.012120,4.576838,0.010668,458.6,0.001000
21800,4.572579,0.011908,4.577032,0.010228,460.7,0.001000
21900,4.572783,0.012000,4.577100,0.010496,462.8,0.001000
22000,4.572774,0.012028,4.577056,0.010332,464.9,0.001000
22100,4.572653,0.012304,4.577473,0.010184,467.1,0.001000
22200,4.573032,0.012000,4.576467,0.010576,469.2,0.001000
22300,4.572374,0.012288,4.577161,0.010656,471.3,0.001000
22400,4.572766,0.012236,4.577135,0.010588,473.4,0.001000
22500,4.572839,0.012056,4.577269,0.010188,475.5,0.001000
22600,4.573125,0.012128,4.577273,0.010384,477.6,0.001000
22700,4.573139,0.012000,4.577078,0.010556,479.7,0.001000
22800,4.572997,0.011852,4.577099,0.010336,481.8,0.001000
22900,4.573393,0.012304,4.576879,0.010432,483.9,0.001000
23000,4.572629,0.012312,4.577370,0.010172,486.0,0.001000
23100,4.573215,0.012072,4.577531,0.010356,488.1,0.001000
23200,4.572842,0.012348,4.576981,0.010664,490.2,0.001000
23300,4.572487,0.012580,4.576797,0.010548,492.3,0.001000
23400,4.572875,0.012208,4.576595,0.010100,494.4,0.001000
23500,4.572999,0.011976,4.577092,0.010432,496.5,0.001000
23600,4.572861,0.012360,4.577361,0.010144,498.6,0.001000
23700,4.572785,0.011952,4.577203,0.010036,500.7,0.001000
23800,4.572464,0.012140,4.577260,0.010212,502.9,0.001000
23900,4.573065,0.011692,4.577386,0.010144,505.0,0.001000
24000,4.572683,0.011956,4.576944,0.010440,507.1,0.001000
24100,4.572752,0.012392,4.576963,0.010332,509.2,0.001000
24200,4.572754,0.011828,4.577175,0.010552,511.3,0.001000
24300,4.572865,0.012076,4.576989,0.010444,513.4,0.001000
24400,4.572716,0.012092,4.577050,0.010344,515.5,0.001000
24500,4.572766,0.012244,4.577487,0.010500,517.6,0.001000
24600,4.572884,0.011884,4.577261,0.010332,519.7,0.001000
24700,4.572652,0.012092,4.577095,0.010324,521.9,0.001000
24800,4.573120,0.011744,4.577149,0.010108,524.0,0.001000
24900,4.572940,0.012280,4.577290,0.010716,526.1,0.001000
25000,4.572937,0.012156,4.577480,0.010012,528.2,0.001000
25100,4.572602,0.012424,4.576832,0.010284,530.3,0.001000
25200,4.572685,0.012640,4.577109,0.010176,532.4,0.001000
25300,4.572881,0.011696,4.577108,0.010392,534.5,0.001000
25400,4.572964,0.011796,4.577166,0.010396,536.6,0.001000
25500,4.572773,0.012092,4.576970,0.010208,538.7,0.001000
25600,4.572849,0.011896,4.577386,0.010064,540.8,0.001000
25700,4.573513,0.011620,4.577620,0.010088,542.9,0.001000
25800,4.572728,0.012252,4.577184,0.010152,545.0,0.001000
25900,4.572952,0.011808,4.577087,0.010348,547.2,0.001000
26000,4.572893,0.012176,4.577025,0.009976,549.3,0.001000
26100,4.573058,0.011848,4.576779,0.010392,551.4,0.001000
26200,4.572645,0.012008,4.576890,0.010320,553.5,0.001000
26300,4.572736,0.012120,4.577157,0.010672,555.6,0.001000
26400,4.572482,0.012612,4.577101,0.010388,557.7,0.001000
26500,4.572665,0.012192,4.577013,0.010308,559.9,0.001000
26600,4.572434,0.012264,4.577040,0.010424,562.0,0.001000
26700,4.573307,0.011960,4.577065,0.010728,564.1,0.001000
26800,4.572900,0.012204,4.576921,0.010316,566.2,0.001000
26900,4.572926,0.012524,4.577372,0.010360,568.3,0.001000
27000,4.572755,0.012272,4.577392,0.010112,570.4,0.001000
27100,4.572536,0.012620,4.577184,0.010396,572.5,0.001000
27200,4.572890,0.012304,4.577171,0.010184,574.6,0.001000
27300,4.572915,0.011984,4.576657,0.010064,576.7,0.001000
27400,4.572722,0.011996,4.577259,0.010168,578.9,0.001000
27500,4.572591,0.011992,4.577534,0.010092,581.0,0.001000
27600,4.572643,0.012288,4.577310,0.010336,583.1,0.001000
27700,4.572859,0.012100,4.577197,0.010272,585.2,0.001000
27800,4.572957,0.012396,4.577062,0.010272,587.3,0.001000
27900,4.572733,0.011908,4.577569,0.010204,589.4,0.001000
28000,4.572635,0.012448,4.577442,0.010224,591.5,0.001000
28100,4.572624,0.012076,4.577468,0.010184,593.6,0.001000
28200,4.572663,0.012200,4.577053,0.010188,595.7,0.001000
28300,4.572588,0.012068,4.577226,0.010432,597.8,0.001000
28400,4.572782,0.011696,4.577098,0.010344,599.9,0.001000
28500,4.572869,0.012428,4.577147,0.010528,602.0,0.001000
28600,4.572873,0.012120,4.577538,0.009976,604.1,0.001000
28700,4.572773,0.012424,4.577130,0.010272,606.2,0.001000
28800,4.572709,0.012152,4.577002,0.010608,608.4,0.001000
28900,4.572708,0.012136,4.577197,0.010496,610.5,0.001000
29000,4.572448,0.012168,4.576968,0.010468,612.6,0.001000
29100,4.572541,0.012092,4.577364,0.010152,614.8,0.001000
29200,4.572794,0.012240,4.577314,0.009688,616.9,0.001000
29300,4.572816,0.012152,4.576943,0.010296,619.0,0.001000
29400,4.572806,0.011940,4.576884,0.010420,621.1,0.001000
29500,4.572971,0.012508,4.576900,0.010620,623.2,0.001000
29600,4.572926,0.012592,4.577277,0.010272,625.3,0.001000
29700,4.572580,0.012608,4.577024,0.010468,627.4,0.001000
29800,4.572944,0.011924,4.576914,0.009804,629.5,0.001000
29900,4.573366,0.011544,4.576976,0.010164,631.6,0.001000
30000,4.573100,0.012104,4.577340,0.010340,633.7,0.001000
30100,4.573093,0.012524,4.577326,0.010304,635.8,0.001000
30200,4.572837,0.012052,4.576996,0.010352,637.9,0.001000
30300,4.572422,0.012384,4.577249,0.010076,640.0,0.001000
30400,4.572854,0.012060,4.577269,0.010140,642.1,0.001000
30500,4.572629,0.012124,4.577355,0.010080,644.2,0.001000
30600,4.572479,0.012204,4.577238,0.009916,646.4,0.001000
30700,4.572913,0.011924,4.577345,0.009992,648.5,0.001000
30800,4.572701,0.011772,4.577507,0.010240,650.6,0.001000
30900,4.572606,0.012640,4.577065,0.009936,652.7,0.001000
31000,4.572911,0.011976,4.577610,0.010116,654.8,0.001000
31100,4.572495,0.012156,4.577010,0.010068,656.9,0.001000
31200,4.572556,0.012464,4.577037,0.010300,659.0,0.001000
31300,4.572701,0.011820,4.576830,0.010376,661.1,0.001000
31400,4.573065,0.011384,4.576652,0.010200,663.2,0.001000
31500,4.572555,0.012164,4.576598,0.010112,665.2,0.001000
31600,4.572846,0.011828,4.576866,0.010404,667.4,0.001000
31700,4.572898,0.012180,4.577106,0.010720,669.5,0.001000
31800,4.572985,0.012328,4.577017,0.010084,671.6,0.001000
31900,4.573068,0.011988,4.577549,0.010548,673.7,0.001000
32000,4.573124,0.012024,4.577305,0.010248,675.8,0.001000
32100,4.572823,0.012216,4.577467,0.010376,677.9,0.001000
32200,4.572959,0.012164,4.577097,0.010260,680.0,0.001000
32300,4.573108,0.012144,4.577133,0.010332,682.1,0.001000
32400,4.572570,0.012308,4.576953,0.010208,684.2,0.001000
32500,4.573463,0.012080,4.577153,0.010252,686.3,0.001000
32600,4.573013,0.011744,4.576525,0.010248,688.4,0.001000
32700,4.572748,0.012136,4.577053,0.010508,690.5,0.001000
32800,4.573125,0.011912,4.577595,0.010416,692.6,0.001000
32900,4.572628,0.012364,4.577385,0.009956,694.7,0.001000
33000,4.572476,0.012424,4.577101,0.010520,696.8,0.001000
33100,4.572902,0.012320,4.577129,0.010232,698.9,0.001000
33200,4.572584,0.012748,4.576998,0.010388,701.0,0.001000
33300,4.572450,0.012432,4.576958,0.010268,703.1,0.001000
33400,4.572745,0.012320,4.576778,0.010684,705.2,0.001000
33500,4.572852,0.012604,4.577463,0.010044,707.3,0.001000
33600,4.572652,0.012260,4.576800,0.010548,709.4,0.001000
33700,4.572518,0.012384,4.576933,0.009992,711.5,0.001000
33800,4.572451,0.011844,4.576860,0.010484,713.6,0.001000
33900,4.572738,0.012336,4.576487,0.010548,715.7,0.001000
34000,4.572618,0.012012,4.577093,0.010212,717.8,0.001000
34100,4.572663,0.012360,4.577409,0.010268,719.9,0.001000
34200,4.572343,0.012260,4.576984,0.010508,722.0,0.001000
34300,4.572867,0.011804,4.577418,0.010464,724.1,0.001000
34400,4.573400,0.012040,4.576879,0.010236,726.3,0.001000
34500,4.572854,0.011924,4.577034,0.010280,728.4,0.001000
34600,4.573076,0.011840,4.577004,0.010400,730.5,0.001000
34700,4.573126,0.011800,4.576738,0.010296,732.6,0.001000
34800,4.572610,0.012464,4.576944,0.010224,734.7,0.001000
34900,4.572703,0.011876,4.577216,0.010232,736.7,0.001000
35000,4.572516,0.011728,4.576861,0.010544,738.9,0.001000
35100,4.572868,0.012164,4.577888,0.010164,741.0,0.001000
35200,4.573102,0.011792,4.577067,0.010340,743.0,0.001000
35300,4.572451,0.012156,4.577016,0.010208,745.1,0.001000
35400,4.572493,0.012332,4.577093,0.010620,747.3,0.001000
35500,4.572917,0.012344,4.577571,0.010044,749.4,0.001000
35600,4.572810,0.012112,4.577432,0.010360,751.5,0.001000
35700,4.572711,0.012100,4.577457,0.010696,753.6,0.001000
35800,4.572721,0.012240,4.577630,0.010196,755.7,0.001000
35900,4.572930,0.012228,4.577055,0.010128,757.8,0.001000
36000,4.573046,0.012044,4.576981,0.010296,759.9,0.001000
36100,4.572895,0.011960,4.577321,0.009944,762.0,0.001000
36200,4.572741,0.012056,4.577240,0.010188,764.1,0.001000
36300,4.572784,0.012616,4.577085,0.010384,766.2,0.001000
36400,4.572848,0.012056,4.577013,0.010420,768.3,0.001000
36500,4.572857,0.012264,4.577522,0.010284,770.4,0.001000
36600,4.572921,0.012052,4.577349,0.010076,772.5,0.001000
36700,4.572741,0.011888,4.577411,0.010072,774.6,0.001000
36800,4.572795,0.012628,4.577195,0.010260,776.7,0.001000
36900,4.572612,0.012252,4.577206,0.010284,778.8,0.001000
37000,4.573200,0.012412,4.577419,0.010272,780.9,0.001000
37100,4.573678,0.012092,4.576911,0.010080,783.0,0.001000
37200,4.572950,0.012152,4.576630,0.010280,785.1,0.001000
37300,4.572657,0.012440,4.576973,0.010280,787.2,0.001000
37400,4.573291,0.011928,4.576903,0.010280,789.3,0.001000
37500,4.573211,0.011820,4.577487,0.010068,791.4,0.001000
37600,4.573199,0.012268,4.577852,0.010000,793.5,0.001000
37700,4.572856,0.012160,4.577054,0.010476,795.6,0.001000
37800,4.572850,0.011932,4.577244,0.010412,797.7,0.001000
37900,4.573094,0.011984,4.576814,0.010412,799.8,0.001000
38000,4.572699,0.012068,4.577076,0.010044,801.9,0.001000
38100,4.572554,0.012120,4.577421,0.010132,804.0,0.001000
38200,4.572591,0.012196,4.577390,0.010276,806.1,0.001000
38300,4.572549,0.012708,4.577421,0.010252,808.2,0.001000
38400,4.572841,0.012280,4.577396,0.009984,810.3,0.001000
38500,4.572505,0.012108,4.577515,0.010296,812.4,0.001000
38600,4.572652,0.012144,4.577051,0.010384,814.5,0.001000
38700,4.572662,0.012232,4.577208,0.010328,816.6,0.001000
38800,4.572578,0.012604,4.577139,0.010324,818.8,0.001000
38900,4.572940,0.011296,4.576968,0.010280,820.9,0.001000
39000,4.572503,0.012152,4.577468,0.009864,823.0,0.001000
39100,4.573108,0.011804,4.576991,0.010132,825.1,0.001000
39200,4.572621,0.012060,4.576703,0.010144,827.2,0.001000
39300,4.572605,0.012360,4.576614,0.010468,829.3,0.001000
39400,4.572651,0.012024,4.577109,0.010140,831.4,0.001000
39500,4.572985,0.012416,4.577081,0.010084,833.5,0.001000
39600,4.572955,0.012024,4.577160,0.009936,835.6,0.001000
39700,4.573147,0.012032,4.576055,0.010356,837.7,0.001000
39800,4.572853,0.012276,4.577074,0.010048,839.8,0.001000
39900,4.572506,0.012428,4.577027,0.009784,841.9,0.001000
40000,4.572784,0.012120,4.577382,0.010020,844.0,0.001000
40100,4.572424,0.012528,4.577109,0.009936,846.1,0.001000
40200,4.572690,0.012508,4.577083,0.010272,848.3,0.001000
40300,4.572720,0.012568,4.576879,0.010424,850.4,0.001000
40400,4.572849,0.011984,4.577068,0.010540,852.5,0.001000
40500,4.572620,0.012396,4.577086,0.010116,854.6,0.001000
40600,4.572594,0.012492,4.577418,0.010068,856.7,0.001000
40700,4.572740,0.011788,4.577118,0.010180,858.8,0.001000
40800,4.572439,0.012596,4.577128,0.010104,860.8,0.001000
40900,4.572470,0.012412,4.576941,0.010652,863.0,0.001000
41000,4.572596,0.012244,4.576731,0.010588,865.1,0.001000
41100,4.572766,0.011924,4.576704,0.010120,867.2,0.001000
41200,4.572543,0.012580,4.577308,0.010252,869.3,0.001000
41300,4.572566,0.012564,4.577745,0.009988,871.4,0.001000
41400,4.572699,0.012456,4.577591,0.010140,873.5,0.001000
41500,4.572775,0.011884,4.577285,0.010180,875.5,0.001000
41600,4.572552,0.012488,4.577489,0.009876,877.6,0.001000
41700,4.572544,0.012472,4.577499,0.010452,879.7,0.001000
41800,4.572688,0.012408,4.576965,0.010260,881.8,0.001000
41900,4.572916,0.012200,4.576939,0.010080,883.9,0.001000
42000,4.572400,0.012340,4.577287,0.010076,886.1,0.001000
42100,4.572984,0.012088,4.577253,0.010608,888.2,0.001000
42200,4.573161,0.012092,4.577243,0.010396,890.3,0.001000
42300,4.573282,0.012052,4.576608,0.010292,892.4,0.001000
42400,4.573053,0.012320,4.577005,0.009996,894.5,0.001000
42500,4.572842,0.011916,4.577087,0.010168,896.6,0.001000
42600,4.572671,0.012472,4.577375,0.010272,898.7,0.001000
42700,4.572464,0.012536,4.576820,0.010420,900.8,0.001000
42800,4.572486,0.012196,4.577174,0.010052,902.9,0.001000
42900,4.572524,0.012768,4.576862,0.010160,905.0,0.001000
43000,4.572808,0.012712,4.576662,0.010448,907.1,0.001000
43100,4.572875,0.012060,4.577106,0.010440,909.3,0.001000
43200,4.572928,0.011868,4.577148,0.010076,911.4,0.001000
43300,4.572682,0.011936,4.577204,0.010240,913.5,0.001000
43400,4.573116,0.011732,4.577085,0.010012,915.6,0.001000
43500,4.572674,0.012040,4.577289,0.010420,917.7,0.001000
43600,4.572640,0.012088,4.577395,0.009952,919.8,0.001000
43700,4.572930,0.011736,4.576901,0.010348,921.9,0.001000
43800,4.572946,0.012116,4.577065,0.010380,924.0,0.001000
43900,4.572793,0.011736,4.577315,0.009836,926.1,0.001000
44000,4.572745,0.012228,4.577200,0.010404,928.2,0.001000
44100,4.573085,0.011976,4.577081,0.010472,930.3,0.001000
44200,4.573030,0.011700,4.577153,0.010132,932.5,0.001000
44300,4.573223,0.011576,4.576265,0.010332,934.6,0.001000
44400,4.572906,0.011760,4.577249,0.010300,936.7,0.001000
44500,4.572888,0.012104,4.577198,0.010704,938.8,0.001000
44600,4.573204,0.011932,4.576246,0.010532,940.9,0.001000
44700,4.573135,0.012100,4.577297,0.010484,943.0,0.001000
44800,4.572530,0.012568,4.577214,0.010436,945.1,0.001000
44900,4.572811,0.011948,4.576580,0.010408,947.2,0.001000
45000,4.573047,0.011848,4.577331,0.010288,949.3,0.001000
45100,4.573229,0.011656,4.577306,0.010196,951.4,0.001000
45200,4.572809,0.011880,4.577178,0.010356,953.5,0.001000
45300,4.573064,0.011744,4.576717,0.010080,955.6,0.001000
45400,4.572815,0.011972,4.577071,0.010056,957.7,0.001000
45500,4.572900,0.011892,4.576838,0.010112,959.9,0.001000
45600,4.572834,0.012220,4.577644,0.010316,962.0,0.001000
45700,4.572929,0.011904,4.577096,0.009944,964.1,0.001000
45800,4.572578,0.012248,4.577545,0.010132,966.2,0.001000
45900,4.572672,0.012412,4.577501,0.010448,968.4,0.001000
46000,4.572661,0.012188,4.577334,0.010148,970.5,0.001000
46100,4.572920,0.011960,4.577342,0.010000,972.6,0.001000
46200,4.572853,0.012188,4.577120,0.010444,974.7,0.001000
46300,4.572662,0.012240,4.577385,0.009780,976.8,0.001000
46400,4.572545,0.012284,4.577496,0.010172,978.9,0.001000
46500,4.573063,0.012104,4.577577,0.009696,981.0,0.001000
46600,4.572937,0.012016,4.577397,0.009732,983.1,0.001000
46700,4.572653,0.012120,4.576920,0.010460,985.3,0.001000
46800,4.572592,0.012064,4.577223,0.010224,987.4,0.001000
46900,4.572623,0.012308,4.576979,0.010356,989.5,0.001000
47000,4.573070,0.012248,4.577388,0.010104,991.6,0.001000
47100,4.572552,0.012364,4.577066,0.010252,993.7,0.001000
47200,4.572682,0.012176,4.577424,0.010464,995.8,0.001000
47300,4.572455,0.012152,4.577182,0.010512,997.9,0.001000
47400,4.572731,0.012404,4.577146,0.010160,1000.0,0.001000
47500,4.572643,0.012064,4.576927,0.010504,1002.1,0.001000
47600,4.572992,0.012012,4.576882,0.009856,1004.3,0.001000
47700,4.572512,0.012328,4.577182,0.010488,1006.4,0.001000
47800,4.572668,0.012192,4.577017,0.010232,1008.5,0.001000
47900,4.573102,0.011844,4.577076,0.009944,1010.6,0.001000
48000,4.572723,0.012264,4.576917,0.010256,1012.7,0.001000
48100,4.572793,0.012180,4.577300,0.009888,1014.8,0.001000
48200,4.572551,0.012012,4.577121,0.010104,1016.9,0.001000
48300,4.572699,0.012428,4.576972,0.010468,1019.0,0.001000
48400,4.572751,0.012156,4.577030,0.010408,1021.1,0.001000
48500,4.572807,0.012136,4.577260,0.010464,1023.2,0.001000
48600,4.572648,0.012208,4.577073,0.009924,1025.3,0.001000
48700,4.572740,0.012180,4.577151,0.010216,1027.4,0.001000
48800,4.572779,0.012276,4.577281,0.010008,1029.5,0.001000
48900,4.572591,0.012424,4.577447,0.010392,1031.7,0.001000
49000,4.572267,0.012636,4.577473,0.010324,1033.8,0.001000
49100,4.572863,0.011808,4.577321,0.010184,1035.9,0.001000
49200,4.572756,0.011984,4.577178,0.010476,1038.0,0.001000
49300,4.572575,0.012648,4.577487,0.010132,1040.1,0.001000
49400,4.573044,0.012388,4.577300,0.010004,1042.2,0.001000
49500,4.573092,0.011372,4.577027,0.010404,1044.3,0.001000
49600,4.572651,0.012652,4.576973,0.010160,1046.4,0.001000
49700,4.572698,0.012380,4.577083,0.010340,1048.5,0.001000
49800,4.572610,0.012420,4.577014,0.010108,1050.6,0.001000
49900,4.572715,0.012196,4.577014,0.010420,1052.8,0.001000
50000,4.572732,0.012488,4.577356,0.010016,1054.9,0.001000
50100,4.573143,0.011780,4.577581,0.010544,1057.0,0.001000
50200,4.572500,0.012208,4.577746,0.010084,1059.1,0.001000
50300,4.572754,0.012124,4.577776,0.010060,1061.2,0.001000
50400,4.573090,0.012024,4.577239,0.010292,1063.3,0.001000
50500,4.572464,0.012196,4.577382,0.010028,1065.4,0.001000
50600,4.572582,0.012312,4.577415,0.010536,1067.5,0.001000
50700,4.572858,0.011980,4.577694,0.009752,1069.6,0.001000
50800,4.572694,0.011892,4.577796,0.010104,1071.7,0.001000
50900,4.572674,0.012492,4.577432,0.010080,1073.8,0.001000
51000,4.572666,0.011980,4.577255,0.010060,1075.9,0.001000
51100,4.572462,0.012104,4.577509,0.010280,1078.0,0.001000
51200,4.572457,0.012116,4.577467,0.010204,1080.1,0.001000
51300,4.572512,0.012228,4.577457,0.010416,1082.2,0.001000
51400,4.572875,0.012188,4.577305,0.010052,1084.3,0.001000
51500,4.572727,0.012248,4.577258,0.010256,1086.4,0.001000
51600,4.572459,0.012456,4.577677,0.010252,1088.5,0.001000
51700,4.572708,0.011912,4.577919,0.010280,1090.7,0.001000
51800,4.572583,0.012172,4.577649,0.009652,1092.8,0.001000
51900,4.572690,0.012624,4.577610,0.010224,1094.9,0.001000
52000,4.572995,0.012440,4.576669,0.010248,1097.0,0.001000
52100,4.572425,0.012436,4.577472,0.010032,1099.1,0.001000
52200,4.572787,0.011860,4.577148,0.010200,1101.2,0.001000
52300,4.572552,0.012108,4.576875,0.010012,1103.3,0.001000
52400,4.572687,0.011836,4.577353,0.009908,1105.4,0.001000
52500,4.572789,0.012196,4.576951,0.010076,1107.5,0.001000
52600,4.573413,0.011792,4.576882,0.009824,1109.6,0.001000
52700,4.572493,0.012236,4.576729,0.010300,1111.7,0.001000
52800,4.572696,0.012172,4.577363,0.010156,1113.8,0.001000
52900,4.572565,0.012376,4.577271,0.010364,1116.0,0.001000
53000,4.572476,0.012080,4.577240,0.010428,1118.2,0.001000
53100,4.572662,0.011980,4.576969,0.010316,1120.3,0.001000
53200,4.572534,0.011928,4.577017,0.010752,1122.4,0.001000
53300,4.572418,0.012620,4.577102,0.010456,1124.5,0.001000
53400,4.572458,0.012236,4.577120,0.010616,1126.6,0.001000
53500,4.572315,0.012692,4.577322,0.010244,1128.7,0.001000
53600,4.572614,0.012368,4.577847,0.010220,1130.8,0.001000
53700,4.572717,0.012172,4.577551,0.010304,1132.9,0.001000
53800,4.572392,0.012260,4.576991,0.010588,1135.0,0.001000
53900,4.572338,0.011936,4.577241,0.010244,1137.2,0.001000
54000,4.572496,0.012452,4.577404,0.009984,1139.3,0.001000
54100,4.572441,0.012212,4.577165,0.009920,1141.4,0.001000
54200,4.572841,0.011592,4.576722,0.009876,1143.5,0.001000
54300,4.572694,0.011916,4.577177,0.010148,1145.6,0.001000
54400,4.572547,0.012292,4.576660,0.009860,1147.7,0.001000
54500,4.572974,0.012620,4.577896,0.010328,1149.8,0.001000
54600,4.572529,0.012432,4.577559,0.010312,1151.9,0.001000
54700,4.573240,0.011936,4.577290,0.010124,1154.1,0.001000
54800,4.572645,0.012844,4.577067,0.010160,1156.2,0.001000
54900,4.572756,0.011952,4.577280,0.010212,1158.3,0.001000
55000,4.572685,0.011936,4.577273,0.010344,1160.4,0.001000
55100,4.572917,0.012304,4.577682,0.010716,1162.5,0.001000
55200,4.572785,0.012156,4.577215,0.010380,1164.6,0.001000
55300,4.572802,0.012032,4.577410,0.010304,1166.7,0.001000
55400,4.573047,0.012148,4.576845,0.009956,1168.9,0.001000
55500,4.572590,0.012244,4.577055,0.010252,1171.0,0.001000
55600,4.572666,0.012192,4.577274,0.010240,1173.0,0.001000
55700,4.572730,0.012616,4.577956,0.010268,1175.2,0.001000
55800,4.572765,0.012152,4.577800,0.010204,1177.3,0.001000
55900,4.572210,0.012268,4.577669,0.010332,1179.4,0.001000
56000,4.572606,0.012084,4.577891,0.010176,1181.5,0.001000
56100,4.572579,0.012608,4.577460,0.010108,1183.6,0.001000
56200,4.572484,0.012400,4.577456,0.010176,1185.7,0.001000
56300,4.572708,0.012000,4.577380,0.010304,1187.8,0.001000
56400,4.572876,0.012292,4.576984,0.010012,1189.9,0.001000
56500,4.572394,0.012244,4.576921,0.009924,1192.0,0.001000
56600,4.572446,0.012072,4.577318,0.010248,1194.1,0.001000
56700,4.572834,0.012304,4.576862,0.010268,1196.2,0.001000
56800,4.572948,0.011888,4.576691,0.010452,1198.3,0.001000
56900,4.572959,0.011868,4.576659,0.010056,1200.4,0.001000
57000,4.572992,0.012064,4.576908,0.010168,1202.5,0.001000
57100,4.572455,0.012244,4.576891,0.010072,1204.6,0.001000
57200,4.572580,0.011956,4.577565,0.010272,1206.7,0.001000
57300,4.572749,0.012156,4.577045,0.009920,1208.8,0.001000
57400,4.572771,0.012080,4.577365,0.010152,1210.9,0.001000
57500,4.572775,0.012032,4.577236,0.009996,1213.0,0.001000
57600,4.572832,0.012212,4.577350,0.010276,1215.1,0.001000
57700,4.572666,0.011792,4.576766,0.010228,1217.2,0.001000
57800,4.572959,0.011984,4.577106,0.010208,1219.3,0.001000
57900,4.572686,0.012292,4.576770,0.010460,1221.4,0.001000
58000,4.572739,0.011864,4.577221,0.010400,1223.5,0.001000
58100,4.573067,0.012020,4.577386,0.010160,1225.6,0.001000
58200,4.572979,0.012012,4.577092,0.010460,1227.8,0.001000
58300,4.572366,0.012288,4.576908,0.010252,1229.8,0.001000
58400,4.572705,0.012044,4.577152,0.009912,1232.0,0.001000
58500,4.572956,0.012280,4.576573,0.010256,1234.1,0.001000
58600,4.572897,0.012024,4.577384,0.010112,1236.2,0.001000
58700,4.572614,0.012392,4.577288,0.010028,1238.3,0.001000
58800,4.572517,0.011992,4.577317,0.010528,1240.4,0.001000
58900,4.572596,0.012072,4.577030,0.010540,1242.5,0.001000
59000,4.572738,0.012208,4.577426,0.010716,1244.6,0.001000
59100,4.572869,0.011912,4.577009,0.010504,1246.7,0.001000
59200,4.573279,0.011940,4.576962,0.010412,1248.8,0.001000
59300,4.572688,0.011996,4.577065,0.010424,1251.0,0.001000
59400,4.573288,0.011492,4.576875,0.010376,1253.1,0.001000
59500,4.572571,0.012392,4.577170,0.010212,1255.2,0.001000
59600,4.572816,0.012164,4.577041,0.010176,1257.3,0.001000
59700,4.572816,0.011780,4.577490,0.010364,1259.4,0.001000
59800,4.572752,0.012136,4.576663,0.010292,1261.5,0.001000
59900,4.572860,0.011956,4.576643,0.010344,1263.6,0.001000
60000,4.572783,0.011760,4.576211,0.010328,1265.7,0.001000
60100,4.572991,0.011832,4.576969,0.010344,1267.9,0.001000
60200,4.572591,0.012132,4.577261,0.010408,1270.0,0.001000
60300,4.572923,0.012084,4.576815,0.009840,1272.1,0.001000
60400,4.572772,0.012540,4.577114,0.010384,1274.2,0.001000
60500,4.572804,0.011984,4.577045,0.010076,1276.3,0.001000
60600,4.572744,0.011896,4.576984,0.010216,1278.4,0.001000
60700,4.572575,0.012208,4.576989,0.010076,1280.5,0.001000
60800,4.572491,0.012144,4.577116,0.009996,1282.6,0.001000
60900,4.572607,0.012208,4.577282,0.010264,1284.7,0.001000
61000,4.572457,0.012228,4.577081,0.010444,1286.8,0.001000
61100,4.572812,0.012380,4.576785,0.010212,1288.9,0.001000
61200,4.572969,0.011672,4.576565,0.010520,1291.0,0.001000
61300,4.572655,0.012212,4.577049,0.009800,1293.1,0.001000
61400,4.572674,0.012304,4.577271,0.010400,1295.2,0.001000
61500,4.572581,0.012208,4.577050,0.010152,1297.3,0.001000
61600,4.572676,0.012564,4.576805,0.010460,1299.4,0.001000
61700,4.572517,0.012508,4.577127,0.010368,1301.5,0.001000
61800,4.572865,0.011888,4.576817,0.010484,1303.6,0.001000
61900,4.572818,0.012372,4.576940,0.010496,1305.7,0.001000
62000,4.572680,0.012312,4.577039,0.010208,1307.8,0.001000
62100,4.572962,0.012052,4.576955,0.010552,1309.9,0.001000
62200,4.572687,0.011728,4.576982,0.010416,1312.0,0.001000
62300,4.572763,0.012356,4.577317,0.010284,1314.1,0.001000
62400,4.573066,0.011856,4.577175,0.010448,1316.2,0.001000
62500,4.572573,0.012204,4.577415,0.010120,1318.3,0.001000
62600,4.572813,0.012008,4.576985,0.009944,1320.4,0.001000
62700,4.572417,0.012448,4.577221,0.010152,1322.5,0.001000
62800,4.572495,0.012320,4.577063,0.010540,1324.6,0.001000
62900,4.572693,0.012448,4.576839,0.010144,1326.7,0.001000
63000,4.572528,0.012476,4.577279,0.009936,1328.8,0.001000
63100,4.573244,0.012264,4.577146,0.009888,1330.9,0.001000
63200,4.572581,0.012136,4.577374,0.010076,1333.0,0.001000
63300,4.572734,0.012500,4.577300,0.010444,1335.1,0.001000
63400,4.572624,0.012128,4.577058,0.010328,1337.2,0.001000
63500,4.572899,0.011868,4.577084,0.010224,1339.3,0.001000
63600,4.572952,0.011920,4.576888,0.010412,1341.4,0.001000
63700,4.572796,0.011984,4.576692,0.010272,1343.5,0.001000
63800,4.573324,0.011604,4.576701,0.009956,1345.6,0.001000
63900,4.573155,0.012168,4.576829,0.010244,1347.7,0.001000
64000,4.572576,0.012224,4.577107,0.009892,1349.8,0.001000
64100,4.572554,0.012116,4.577030,0.010072,1351.9,0.001000
64200,4.572682,0.012228,4.577346,0.010264,1354.0,0.001000
64300,4.572744,0.011768,4.577323,0.010160,1356.1,0.001000
64400,4.572843,0.012616,4.577172,0.010068,1358.2,0.001000
64500,4.572771,0.012204,4.577046,0.010068,1360.3,0.001000
64600,4.572586,0.012172,4.577025,0.010288,1362.4,0.001000
64700,4.572672,0.012280,4.577141,0.010124,1364.5,0.001000
64800,4.572810,0.012392,4.577501,0.010148,1366.6,0.001000
64900,4.572722,0.012124,4.577331,0.010080,1368.7,0.001000
65000,4.572765,0.012252,4.577333,0.010156,1370.9,0.001000
65100,4.572455,0.012324,4.577137,0.010196,1372.9,0.001000
65200,4.572707,0.012348,4.577150,0.010416,1375.0,0.001000
65300,4.572501,0.012312,4.577325,0.010120,1377.1,0.001000
65400,4.572481,0.012212,4.577315,0.010260,1379.2,0.001000
65500,4.572379,0.012264,4.577539,0.010248,1381.3,0.001000
65600,4.572555,0.011924,4.577606,0.010188,1383.4,0.001000
65700,4.572964,0.012316,4.577475,0.010232,1385.5,0.001000
65800,4.572872,0.011864,4.577306,0.009848,1387.6,0.001000
65900,4.572878,0.012008,4.577136,0.010144,1389.7,0.001000
66000,4.572817,0.012216,4.576819,0.010536,1391.8,0.001000
66100,4.572875,0.011992,4.577017,0.009904,1393.9,0.001000
66200,4.573041,0.011916,4.577289,0.010116,1396.0,0.001000
66300,4.572586,0.012664,4.577222,0.010264,1398.1,0.001000
66400,4.573131,0.011388,4.577281,0.010196,1400.2,0.001000
66500,4.572906,0.011828,4.577079,0.010464,1402.3,0.001000
66600,4.572898,0.012028,4.577184,0.010200,1404.4,0.001000
66700,4.572603,0.012332,4.577309,0.010180,1406.5,0.001000
66800,4.572836,0.012336,4.577057,0.010464,1408.6,0.001000
66900,4.573005,0.011968,4.576919,0.010416,1410.7,0.001000
67000,4.572762,0.011752,4.577194,0.010204,1412.8,0.001000
67100,4.572616,0.012320,4.577032,0.010312,1414.9,0.001000
67200,4.573318,0.011888,4.577533,0.010020,1417.1,0.001000
67300,4.572391,0.012596,4.577270,0.010064,1419.2,0.001000
67400,4.572762,0.012356,4.577196,0.009740,1421.3,0.001000
67500,4.573068,0.012296,4.577146,0.010004,1423.4,0.001000
67600,4.572939,0.012416,4.577259,0.009992,1425.5,0.001000
67700,4.572935,0.012076,4.577087,0.010172,1427.6,0.001000
67800,4.572715,0.011972,4.577047,0.010196,1429.7,0.001000
67900,4.572693,0.012244,4.576824,0.010232,1431.8,0.001000
68000,4.572799,0.012664,4.576891,0.010268,1433.9,0.001000
68100,4.573259,0.011660,4.577387,0.010120,1436.0,0.001000
68200,4.572874,0.012280,4.577583,0.009876,1438.1,0.001000
68300,4.572676,0.012428,4.577244,0.010300,1440.1,0.001000
68400,4.572968,0.012520,4.577073,0.010048,1442.2,0.001000
68500,4.572538,0.012368,4.576800,0.010280,1444.3,0.001000
68600,4.572976,0.012076,4.576897,0.010104,1446.5,0.001000
68700,4.572649,0.012348,4.577118,0.010444,1448.6,0.001000
68800,4.572400,0.012332,4.576944,0.010292,1450.7,0.001000
68900,4.572923,0.012332,4.577317,0.010180,1452.9,0.001000
69000,4.573205,0.011988,4.576992,0.010216,1455.0,0.001000
69100,4.572690,0.012312,4.576839,0.010536,1457.2,0.001000
69200,4.573085,0.012048,4.577332,0.010004,1459.3,0.001000
69300,4.573231,0.011748,4.577090,0.010364,1461.5,0.001000
69400,4.572641,0.011956,4.576893,0.010284,1463.6,0.001000
69500,4.572790,0.011980,4.577610,0.010052,1465.7,0.001000
69600,4.572358,0.012636,4.576563,0.010428,1467.8,0.001000
69700,4.572717,0.012100,4.576874,0.010520,1469.9,0.001000
69800,4.572896,0.012128,4.577325,0.010176,1471.9,0.001000
69900,4.572713,0.012336,4.576990,0.010340,1474.1,0.001000
70000,4.572772,0.012220,4.577127,0.010252,1476.2,0.001000
70100,4.572745,0.012160,4.577130,0.010400,1478.3,0.001000
70200,4.572893,0.011984,4.577250,0.010372,1480.4,0.001000
70300,4.572738,0.012128,4.577341,0.010072,1482.5,0.001000
70400,4.572885,0.012164,4.577101,0.010368,1484.6,0.001000
70500,4.572595,0.012264,4.577155,0.010200,1486.7,0.001000
70600,4.572883,0.011880,4.577558,0.009944,1488.8,0.001000
70700,4.572439,0.012104,4.577392,0.010576,1490.9,0.001000
70800,4.572627,0.012156,4.576867,0.010232,1493.0,0.001000
70900,4.572768,0.012148,4.576855,0.010604,1495.1,0.001000
71000,4.572557,0.011888,4.576987,0.010500,1497.2,0.001000
71100,4.572777,0.012012,4.577320,0.010464,1499.3,0.001000
71200,4.572412,0.012176,4.577309,0.010236,1501.4,0.001000
71300,4.572544,0.011912,4.576974,0.010676,1503.5,0.001000
71400,4.572439,0.012216,4.576978,0.010248,1505.6,0.001000
71500,4.572553,0.012368,4.577072,0.010724,1507.7,0.001000
71600,4.573083,0.012100,4.576766,0.010448,1509.8,0.001000
71700,4.572663,0.012460,4.577079,0.010032,1511.9,0.001000
71800,4.572632,0.012212,4.576731,0.010732,1514.1,0.001000
71900,4.572717,0.012212,4.576967,0.010464,1516.2,0.001000
72000,4.572790,0.012308,4.576929,0.010464,1518.3,0.001000
72100,4.572617,0.012696,4.577291,0.010484,1520.4,0.001000
72200,4.572795,0.012332,4.577375,0.010636,1522.5,0.001000
72300,4.572608,0.012180,4.577192,0.010316,1524.6,0.001000
72400,4.572739,0.011940,4.577309,0.010468,1526.7,0.001000
72500,4.572657,0.012160,4.577341,0.010228,1528.8,0.001000
72600,4.572708,0.012116,4.577392,0.010232,1530.9,0.001000
72700,4.572728,0.012376,4.576857,0.010476,1533.0,0.001000
72800,4.572741,0.012440,4.577671,0.010056,1535.1,0.001000
72900,4.572482,0.012620,4.577439,0.010456,1537.2,0.001000
73000,4.572833,0.011844,4.576955,0.010216,1539.4,0.001000
73100,4.572572,0.012024,4.576903,0.010228,1541.5,0.001000
73200,4.572897,0.012308,4.577185,0.009828,1543.6,0.001000
73300,4.572926,0.012324,4.576797,0.010416,1545.7,0.001000
73400,4.572745,0.012216,4.577203,0.010280,1547.8,0.001000
73500,4.572846,0.012096,4.576735,0.010096,1549.9,0.001000
73600,4.572646,0.012280,4.576799,0.009956,1552.0,0.001000
73700,4.572762,0.012232,4.577433,0.009956,1554.1,0.001000
73800,4.572948,0.012080,4.577269,0.010172,1556.2,0.001000
73900,4.572800,0.011884,4.576765,0.010176,1558.3,0.001000
74000,4.572650,0.012532,4.576691,0.010172,1560.4,0.001000
74100,4.573330,0.011460,4.576986,0.010008,1562.5,0.001000
74200,4.572761,0.012172,4.577425,0.010160,1564.6,0.001000
74300,4.572780,0.012240,4.577286,0.010300,1566.7,0.001000
74400,4.572832,0.012204,4.577342,0.010160,1568.9,0.001000
74500,4.572748,0.011972,4.576871,0.010168,1571.0,0.001000
74600,4.572698,0.012116,4.577354,0.010196,1573.1,0.001000
74700,4.572660,0.012100,4.577453,0.010180,1575.2,0.001000
74800,4.572756,0.012216,4.577457,0.010084,1577.3,0.001000
74900,4.572549,0.012112,4.577121,0.010152,1579.4,0.001000
75000,4.572638,0.012164,4.576974,0.010352,1581.5,0.001000
75100,4.572556,0.012044,4.577304,0.010328,1583.6,0.001000
75200,4.572880,0.011440,4.577089,0.009756,1585.7,0.001000
75300,4.572821,0.012376,4.577209,0.009944,1587.8,0.001000
75400,4.572983,0.011872,4.576929,0.010144,1589.9,0.001000
75500,4.572791,0.012120,4.576843,0.010316,1592.0,0.001000
75600,4.572760,0.012240,4.576892,0.010240,1594.1,0.001000
75700,4.573199,0.011672,4.576851,0.010192,1596.3,0.001000
75800,4.572775,0.012432,4.577738,0.010136,1598.4,0.001000
75900,4.572239,0.012136,4.577086,0.010028,1600.5,0.001000
76000,4.573041,0.011888,4.576780,0.010152,1602.6,0.001000
76100,4.572789,0.012212,4.577347,0.010364,1604.7,0.001000
76200,4.572781,0.011792,4.577515,0.010488,1606.8,0.001000
76300,4.572876,0.012048,4.577065,0.010348,1608.9,0.001000
76400,4.572450,0.011888,4.577250,0.010516,1611.0,0.001000
76500,4.572601,0.012292,4.577311,0.010368,1613.1,0.001000
76600,4.572751,0.012036,4.577034,0.010248,1615.2,0.001000
76700,4.572470,0.011960,4.577198,0.010064,1617.3,0.001000
76800,4.572597,0.012352,4.577163,0.010536,1619.4,0.001000
76900,4.572500,0.012036,4.576996,0.010284,1621.5,0.001000
77000,4.572505,0.012160,4.576764,0.010540,1623.7,0.001000
77100,4.572620,0.012128,4.576754,0.010472,1625.8,0.001000
77200,4.572830,0.012032,4.577172,0.010300,1627.9,0.001000
77300,4.572906,0.012068,4.577222,0.010216,1630.0,0.001000
77400,4.572635,0.011800,4.577099,0.010208,1632.1,0.001000
77500,4.572739,0.011844,4.576852,0.010548,1634.2,0.001000
77600,4.573145,0.011688,4.577260,0.010472,1636.3,0.001000
77700,4.572795,0.012268,4.576605,0.010020,1638.4,0.001000
77800,4.572854,0.011968,4.577107,0.010524,1640.5,0.001000
77900,4.573004,0.012020,4.577504,0.010536,1642.7,0.001000
78000,4.573247,0.011884,4.577078,0.010372,1644.8,0.001000
78100,4.572823,0.011976,4.577052,0.010452,1646.9,0.001000
78200,4.573222,0.011876,4.577213,0.010228,1649.0,0.001000
78300,4.572981,0.011652,4.577036,0.010128,1651.1,0.001000
78400,4.572796,0.012052,4.577240,0.010536,1653.2,0.001000
78500,4.572772,0.012112,4.577090,0.010148,1655.3,0.001000
78600,4.572543,0.012132,4.576945,0.010332,1657.4,0.001000
78700,4.573640,0.011696,4.577187,0.010540,1659.5,0.001000
78800,4.572731,0.012240,4.576971,0.009988,1661.6,0.001000
78900,4.572944,0.012196,4.577573,0.010288,1663.7,0.001000
79000,4.572814,0.012156,4.577145,0.010152,1665.8,0.001000
79100,4.572866,0.012020,4.577329,0.010604,1667.9,0.001000
79200,4.573084,0.011960,4.577100,0.010628,1670.1,0.001000
79300,4.572765,0.012524,4.577250,0.010328,1672.1,0.001000
79400,4.572954,0.012200,4.577246,0.010356,1674.3,0.001000
79500,4.572751,0.012064,4.577012,0.010124,1676.4,0.001000
79600,4.572850,0.012312,4.577297,0.010376,1678.5,0.001000
79700,4.572797,0.011924,4.576920,0.010272,1680.6,0.001000
79800,4.572678,0.012160,4.577187,0.010196,1682.7,0.001000
79900,4.572627,0.012328,4.576688,0.009928,1684.8,0.001000
80000,4.572694,0.012184,4.576718,0.010264,1686.9,0.001000
80100,4.572608,0.012604,4.576759,0.010408,1689.0,0.001000
80200,4.573032,0.011992,4.577333,0.009940,1691.1,0.001000
80300,4.572809,0.011880,4.577238,0.010532,1693.2,0.001000
80400,4.572659,0.012192,4.577229,0.010080,1695.3,0.001000
80500,4.573137,0.012352,4.576558,0.009956,1697.4,0.001000
80600,4.572852,0.011936,4.576916,0.010632,1699.5,0.001000
80700,4.573012,0.012016,4.576903,0.010304,1701.6,0.001000
80800,4.572695,0.012148,4.576867,0.010368,1703.7,0.001000
80900,4.572977,0.012608,4.577000,0.010096,1705.8,0.001000
81000,4.573133,0.012228,4.576746,0.010240,1708.0,0.001000
81100,4.572802,0.012052,4.576973,0.010340,1710.1,0.001000
81200,4.572821,0.011628,4.577281,0.010524,1712.2,0.001000
81300,4.572688,0.012232,4.577192,0.010572,1714.3,0.001000
81400,4.572815,0.012388,4.577284,0.010160,1716.4,0.001000
81500,4.572681,0.012236,4.576715,0.010348,1718.5,0.001000
81600,4.572548,0.012180,4.577029,0.010476,1720.6,0.001000
81700,4.573104,0.011788,4.577347,0.010372,1722.7,0.001000
81800,4.572713,0.012100,4.576916,0.010272,1724.8,0.001000
81900,4.573121,0.011384,4.577042,0.010296,1726.9,0.001000
82000,4.572569,0.012316,4.576953,0.010556,1729.0,0.001000
82100,4.572473,0.012668,4.577113,0.010296,1731.1,0.001000
82200,4.572943,0.012064,4.577242,0.010248,1733.2,0.001000
82300,4.572495,0.012028,4.576961,0.010192,1735.4,0.001000
82400,4.572691,0.011900,4.577509,0.010432,1737.5,0.001000
82500,4.573131,0.011912,4.577304,0.009924,1739.6,0.001000
82600,4.573094,0.011784,4.577376,0.010316,1741.7,0.001000
82700,4.572611,0.012192,4.577055,0.010504,1743.8,0.001000
82800,4.573311,0.012376,4.577607,0.010072,1745.9,0.001000
82900,4.572494,0.012036,4.577382,0.010220,1748.0,0.001000
83000,4.572439,0.011836,4.576986,0.010280,1750.2,0.001000
83100,4.572597,0.012164,4.577145,0.010160,1752.3,0.001000
83200,4.572481,0.012360,4.576762,0.010508,1754.4,0.001000
83300,4.572961,0.011756,4.577446,0.010520,1756.5,0.001000
83400,4.572599,0.011784,4.577190,0.010336,1758.7,0.001000
83500,4.572558,0.012100,4.577461,0.010260,1760.8,0.001000
83600,4.572719,0.012352,4.577250,0.010532,1762.9,0.001000
83700,4.573064,0.011780,4.577146,0.010288,1765.0,0.001000
83800,4.572662,0.011972,4.576876,0.010240,1767.1,0.001000
83900,4.572826,0.012268,4.577009,0.010756,1769.1,0.001000
84000,4.572689,0.012172,4.576893,0.010208,1771.3,0.001000
84100,4.572647,0.012152,4.576896,0.010712,1773.4,0.001000
84200,4.572627,0.012244,4.576504,0.010192,1775.5,0.001000
84300,4.572752,0.011884,4.576795,0.010440,1777.6,0.001000
84400,4.572300,0.012444,4.576998,0.010092,1779.7,0.001000
84500,4.572550,0.012328,4.577086,0.010392,1781.8,0.001000
84600,4.572749,0.012264,4.577241,0.010256,1783.9,0.001000
84700,4.572434,0.012248,4.577026,0.010180,1786.0,0.001000
84800,4.572612,0.011844,4.577264,0.010144,1788.1,0.001000
84900,4.572670,0.012008,4.576987,0.010420,1790.2,0.001000
85000,4.573024,0.011676,4.577614,0.010056,1792.3,0.001000
85100,4.572584,0.012376,4.577380,0.010152,1794.4,0.001000
85200,4.572698,0.011812,4.577352,0.010104,1796.6,0.001000
85300,4.572750,0.012004,4.577616,0.010204,1798.7,0.001000
85400,4.572924,0.012112,4.577658,0.010136,1800.8,0.001000
85500,4.572951,0.011844,4.577057,0.010172,1802.9,0.001000
85600,4.572810,0.012124,4.577336,0.010000,1805.0,0.001000
85700,4.572573,0.011860,4.576986,0.010352,1807.1,0.001000
85800,4.573020,0.011744,4.577334,0.010224,1809.2,0.001000
85900,4.572793,0.011864,4.577438,0.010308,1811.3,0.001000
86000,4.572623,0.011980,4.577287,0.010376,1813.4,0.001000
86100,4.572806,0.011952,4.577024,0.010348,1815.5,0.001000
86200,4.572597,0.012100,4.577260,0.009980,1817.6,0.001000
86300,4.572658,0.012284,4.577330,0.010132,1819.7,0.001000
86400,4.572976,0.012020,4.577628,0.010084,1821.8,0.001000
86500,4.573067,0.012148,4.576644,0.010320,1823.9,0.001000
86600,4.572796,0.012060,4.577016,0.010248,1826.0,0.001000
86700,4.572803,0.012020,4.576956,0.010076,1828.1,0.001000
86800,4.572619,0.012120,4.577254,0.009984,1830.2,0.001000
86900,4.572700,0.011712,4.576718,0.010172,1832.3,0.001000
87000,4.572853,0.011912,4.576543,0.010396,1834.4,0.001000
87100,4.572797,0.012180,4.576971,0.010044,1836.5,0.001000
87200,4.572703,0.012252,4.577435,0.010212,1838.6,0.001000
87300,4.572754,0.012164,4.576803,0.010388,1840.7,0.001000
87400,4.572876,0.011904,4.577112,0.009900,1842.8,0.001000
87500,4.572667,0.011588,4.577501,0.010176,1844.9,0.001000
87600,4.572692,0.012244,4.577355,0.010148,1847.0,0.001000
87700,4.572741,0.012276,4.576890,0.010420,1849.1,0.001000
87800,4.572688,0.012360,4.577097,0.010380,1851.2,0.001000
87900,4.572801,0.012268,4.577207,0.010188,1853.3,0.001000
88000,4.572797,0.012024,4.576988,0.010524,1855.4,0.001000
88100,4.572633,0.011792,4.577181,0.010376,1857.6,0.001000
88200,4.572926,0.011720,4.576697,0.010228,1859.7,0.001000
88300,4.572997,0.012052,4.576963,0.010024,1861.8,0.001000
88400,4.572974,0.012264,4.577052,0.009984,1863.9,0.001000
88500,4.572690,0.011808,4.577386,0.009996,1866.0,0.001000
88600,4.572772,0.011940,4.577044,0.010192,1868.1,0.001000
88700,4.573068,0.012180,4.577036,0.010204,1870.2,0.001000
88800,4.572575,0.012364,4.577364,0.010000,1872.3,0.001000
88900,4.572577,0.012236,4.577577,0.009976,1874.4,0.001000
89000,4.572731,0.012124,4.577071,0.010456,1876.5,0.001000
89100,4.572432,0.012260,4.577105,0.010468,1878.6,0.001000
89200,4.572720,0.012252,4.577239,0.010132,1880.8,0.001000
89300,4.572533,0.012484,4.577225,0.010184,1882.9,0.001000
89400,4.572313,0.012252,4.577403,0.010200,1885.0,0.001000
89500,4.572655,0.012224,4.577361,0.010328,1887.1,0.001000
89600,4.572686,0.012340,4.576811,0.010088,1889.2,0.001000
89700,4.572576,0.012316,4.576900,0.010464,1891.3,0.001000
89800,4.573557,0.011424,4.577155,0.010172,1893.4,0.001000
89900,4.572601,0.012152,4.577305,0.010292,1895.5,0.001000
90000,4.573072,0.012344,4.576512,0.010256,1897.6,0.001000
90100,4.572623,0.011972,4.577141,0.010448,1899.7,0.001000
90200,4.572744,0.012616,4.577632,0.010092,1901.8,0.001000
90300,4.572829,0.012044,4.577178,0.010312,1904.0,0.001000
90400,4.572645,0.012096,4.577487,0.010288,1906.1,0.001000
90500,4.572440,0.012308,4.576708,0.010200,1908.2,0.001000
90600,4.572821,0.012020,4.577017,0.010280,1910.3,0.001000
90700,4.572873,0.011920,4.576897,0.009788,1912.4,0.001000
90800,4.572961,0.012004,4.576870,0.010604,1914.5,0.001000
90900,4.572956,0.012300,4.577244,0.010440,1916.5,0.001000
91000,4.572792,0.012436,4.577173,0.010388,1918.6,0.001000
91100,4.572957,0.011948,4.576910,0.010340,1920.8,0.001000
91200,4.572557,0.012092,4.576776,0.010196,1922.9,0.001000
91300,4.573180,0.012048,4.577203,0.010064,1925.0,0.001000
91400,4.572611,0.011980,4.577124,0.009804,1927.1,0.001000
91500,4.572713,0.012220,4.576904,0.010092,1929.2,0.001000
91600,4.572694,0.011992,4.577289,0.010452,1931.3,0.001000
91700,4.572583,0.012304,4.577293,0.010148,1933.3,0.001000
91800,4.572539,0.012688,4.577059,0.010360,1935.4,0.001000
91900,4.572652,0.012248,4.577344,0.010460,1937.6,0.001000
92000,4.572667,0.011900,4.577331,0.010036,1939.7,0.001000
92100,4.573474,0.011616,4.577377,0.009816,1941.7,0.001000
92200,4.572647,0.012188,4.577168,0.010188,1943.8,0.001000
92300,4.572622,0.012040,4.576989,0.010048,1945.9,0.001000
92400,4.573058,0.011680,4.576655,0.009824,1948.0,0.001000
92500,4.572840,0.012284,4.577385,0.010172,1950.1,0.001000
92600,4.573176,0.012072,4.577428,0.010408,1952.2,0.001000
92700,4.572392,0.012616,4.577422,0.010360,1954.3,0.001000
92800,4.572704,0.012128,4.577565,0.010116,1956.5,0.001000
92900,4.572656,0.012224,4.577249,0.010344,1958.6,0.001000
93000,4.572811,0.012256,4.576921,0.010140,1960.7,0.001000
93100,4.572879,0.012056,4.577211,0.010316,1962.8,0.001000
93200,4.572737,0.011912,4.577086,0.010300,1964.9,0.001000
93300,4.572793,0.012084,4.576776,0.010024,1967.0,0.001000
93400,4.572434,0.012180,4.577337,0.010188,1969.1,0.001000
93500,4.572563,0.012428,4.576989,0.010220,1971.2,0.001000
93600,4.573092,0.011820,4.576695,0.009756,1973.3,0.001000
93700,4.572601,0.011828,4.577534,0.009988,1975.4,0.001000
93800,4.572416,0.012260,4.577342,0.010368,1977.5,0.001000
93900,4.572596,0.012404,4.577220,0.010136,1979.6,0.001000
94000,4.572834,0.012084,4.576896,0.010344,1981.7,0.001000
94100,4.572640,0.012228,4.577258,0.010216,1983.8,0.001000
94200,4.572797,0.011636,4.576836,0.010564,1985.9,0.001000
94300,4.572659,0.012228,4.576777,0.009992,1988.0,0.001000
94400,4.572709,0.012268,4.576733,0.010212,1990.1,0.001000
94500,4.573257,0.012108,4.577293,0.010052,1992.2,0.001000
94600,4.572889,0.011900,4.576813,0.010376,1994.3,0.001000
94700,4.572949,0.012244,4.577049,0.010384,1996.4,0.001000
94800,4.572743,0.012028,4.576746,0.010276,1998.5,0.001000
94900,4.572811,0.012088,4.577219,0.010360,2000.6,0.001000
95000,4.572802,0.012212,4.577099,0.010196,2002.7,0.001000
95100,4.572536,0.012088,4.577320,0.010228,2004.8,0.001000
95200,4.572769,0.012080,4.577662,0.010032,2007.0,0.001000
95300,4.572484,0.012212,4.577435,0.010232,2009.1,0.001000
95400,4.572450,0.012180,4.576882,0.010364,2011.2,0.001000
95500,4.572768,0.012108,4.577298,0.010280,2013.3,0.001000
95600,4.573173,0.011856,4.577055,0.010520,2015.4,0.001000
95700,4.572792,0.012032,4.577195,0.010384,2017.5,0.001000
95800,4.572370,0.012244,4.577250,0.010672,2019.6,0.001000
95900,4.572484,0.012072,4.577218,0.009856,2021.7,0.001000
96000,4.572817,0.011992,4.577360,0.010372,2023.8,0.001000
96100,4.572916,0.011820,4.577312,0.010244,2025.9,0.001000
96200,4.572917,0.012140,4.577418,0.010160,2028.0,0.001000
96300,4.572930,0.011976,4.577477,0.010356,2030.1,0.001000
96400,4.572750,0.011828,4.577425,0.010328,2032.2,0.001000
96500,4.572750,0.011900,4.577486,0.010304,2034.2,0.001000
96600,4.572822,0.012108,4.577651,0.009988,2036.3,0.001000
96700,4.572902,0.012196,4.577513,0.010336,2038.4,0.001000
96800,4.572574,0.012072,4.577266,0.010360,2040.5,0.001000
96900,4.572737,0.012128,4.577308,0.010012,2042.6,0.001000
97000,4.572548,0.012056,4.577138,0.010252,2044.7,0.001000
97100,4.573088,0.012028,4.577472,0.010468,2046.9,0.001000
97200,4.572638,0.012108,4.576741,0.010384,2049.0,0.001000
97300,4.572883,0.011792,4.576787,0.010580,2051.1,0.001000
97400,4.572834,0.012188,4.576488,0.009732,2053.2,0.001000
97500,4.572856,0.012064,4.576900,0.009756,2055.3,0.001000
97600,4.572560,0.011736,4.577085,0.010108,2057.4,0.001000
97700,4.572909,0.011980,4.577391,0.010104,2059.5,0.001000
97800,4.572525,0.011944,4.577298,0.010100,2061.6,0.001000
97900,4.572851,0.011820,4.577149,0.010152,2063.7,0.001000
98000,4.572541,0.012176,4.576870,0.010016,2065.8,0.001000
98100,4.572834,0.012008,4.577345,0.010180,2067.9,0.001000
98200,4.572688,0.012244,4.577117,0.010172,2070.0,0.001000
98300,4.573003,0.012292,4.577321,0.010144,2072.1,0.001000
98400,4.572645,0.012180,4.577222,0.010236,2074.2,0.001000
98500,4.572634,0.012172,4.577403,0.010164,2076.3,0.001000
98600,4.572663,0.012148,4.577067,0.009860,2078.4,0.001000
98700,4.573039,0.012120,4.577376,0.010092,2080.5,0.001000
98800,4.572823,0.012028,4.577379,0.009816,2082.6,0.001000
98900,4.572473,0.012544,4.577351,0.010160,2084.7,0.001000
99000,4.572886,0.011972,4.577146,0.010532,2086.8,0.001000
99100,4.572683,0.012408,4.576898,0.010248,2088.9,0.001000
99200,4.572854,0.012228,4.577246,0.010440,2091.0,0.001000
99300,4.572800,0.012032,4.576957,0.009976,2093.2,0.001000
99400,4.572482,0.012064,4.577171,0.010028,2095.3,0.001000
99500,4.572669,0.012348,4.577078,0.010044,2097.4,0.001000
99600,4.572753,0.012396,4.577953,0.010200,2099.5,0.001000
99700,4.572718,0.011916,4.577194,0.010232,2101.6,0.001000
99800,4.572819,0.012040,4.577241,0.010268,2103.7,0.001000
99900,4.572697,0.011964,4.577413,0.010020,2105.8,0.001000
100000,4.572982,0.012072,4.577231,0.010212,2107.8,0.001000
100100,4.572825,0.011916,4.577169,0.010216,2110.0,0.001000
100200,4.572724,0.012168,4.577365,0.010160,2112.1,0.001000
100300,4.572523,0.012380,4.577206,0.010296,2114.2,0.001000
100400,4.572560,0.012240,4.577431,0.010336,2116.3,0.001000
100500,4.572487,0.012256,4.577424,0.010368,2118.4,0.001000
100600,4.572671,0.012272,4.577239,0.010564,2120.5,0.001000
100700,4.572600,0.012312,4.577548,0.010100,2122.6,0.001000
100800,4.573318,0.012148,4.576837,0.010448,2124.7,0.001000
100900,4.572733,0.011936,4.577565,0.010304,2126.8,0.001000
101000,4.572431,0.012124,4.577953,0.009940,2128.9,0.001000
101100,4.572797,0.012272,4.577528,0.010028,2131.0,0.001000
101200,4.572394,0.012316,4.577391,0.010048,2133.1,0.001000
101300,4.572526,0.012368,4.577560,0.010196,2135.2,0.001000
101400,4.572681,0.012332,4.577240,0.010488,2137.3,0.001000
101500,4.572699,0.012104,4.577311,0.010232,2139.4,0.001000
101600,4.572793,0.012056,4.577285,0.010408,2141.5,0.001000
101700,4.572791,0.011892,4.577181,0.010396,2143.6,0.001000
101800,4.572706,0.012204,4.577287,0.010008,2145.7,0.001000
101900,4.573113,0.011360,4.576859,0.010060,2147.8,0.001000
102000,4.572656,0.012512,4.577098,0.010328,2149.9,0.001000
102100,4.572846,0.012320,4.576853,0.010248,2152.0,0.001000
102200,4.572714,0.011716,4.576970,0.010268,2154.1,0.001000
102300,4.572331,0.012204,4.577555,0.010140,2156.2,0.001000
102400,4.572958,0.012100,4.577285,0.010404,2158.3,0.001000
102500,4.572677,0.012316,4.576986,0.010408,2160.4,0.001000
102600,4.572594,0.012392,4.577263,0.010284,2162.5,0.001000
102700,4.572888,0.011644,4.577161,0.010328,2164.6,0.001000
102800,4.572391,0.012360,4.577328,0.009900,2166.7,0.001000
102900,4.572862,0.012536,4.577765,0.010016,2168.8,0.001000
103000,4.572653,0.012032,4.577380,0.009912,2170.9,0.001000
103100,4.572478,0.012216,4.577016,0.010052,2173.0,0.001000
103200,4.572602,0.012652,4.577515,0.010148,2175.1,0.001000
103300,4.572764,0.011996,4.576853,0.010244,2177.2,0.001000
103400,4.572532,0.012240,4.577537,0.009700,2179.3,0.001000
103500,4.572829,0.012044,4.576969,0.010376,2181.4,0.001000
103600,4.572614,0.012204,4.576820,0.009876,2183.5,0.001000
103700,4.572509,0.012356,4.577128,0.010360,2185.6,0.001000
103800,4.572455,0.012576,4.577227,0.009968,2187.7,0.001000
103900,4.572643,0.011988,4.577121,0.010124,2189.8,0.001000
104000,4.572647,0.012172,4.576900,0.010284,2191.9,0.001000
104100,4.572740,0.012296,4.576794,0.010304,2194.0,0.001000
104200,4.572666,0.011896,4.576864,0.010184,2196.1,0.001000
104300,4.572587,0.012216,4.577307,0.010168,2198.2,0.001000
104400,4.572802,0.012008,4.577006,0.010596,2200.3,0.001000
104500,4.572780,0.012276,4.577362,0.009980,2202.4,0.001000
104600,4.572740,0.012500,4.577349,0.010044,2204.5,0.001000
104700,4.572956,0.011924,4.577314,0.010248,2206.6,0.001000
104800,4.572685,0.012092,4.577126,0.010136,2208.7,0.001000
104900,4.572432,0.012524,4.576785,0.010132,2210.8,0.001000
105000,4.572578,0.011780,4.577365,0.010624,2212.9,0.001000
105100,4.572714,0.011772,4.577263,0.010488,2215.0,0.001000
105200,4.572657,0.012204,4.577126,0.009960,2217.1,0.001000
105300,4.572625,0.011796,4.577246,0.010388,2219.2,0.001000
105400,4.573009,0.011856,4.576810,0.010392,2221.3,0.001000
105500,4.573011,0.011888,4.577383,0.010356,2223.4,0.001000
105600,4.572657,0.011964,4.576984,0.010384,2225.5,0.001000
105700,4.572494,0.012176,4.576857,0.010328,2227.6,0.001000
105800,4.572761,0.012060,4.577225,0.010016,2229.7,0.001000
105900,4.572907,0.012336,4.577582,0.010048,2231.9,0.001000
106000,4.572756,0.012196,4.577072,0.010080,2233.9,0.001000
106100,4.572676,0.012248,4.577591,0.010020,2236.0,0.001000
106200,4.572646,0.012232,4.577423,0.009940,2238.2,0.001000
106300,4.572592,0.012260,4.577304,0.010464,2240.3,0.001000
106400,4.572804,0.012412,4.577865,0.010152,2242.3,0.001000
106500,4.572577,0.012200,4.577520,0.010108,2244.5,0.001000
106600,4.572502,0.012372,4.577526,0.009996,2246.6,0.001000
106700,4.572374,0.012368,4.577067,0.010120,2248.6,0.001000
106800,4.572501,0.012364,4.577377,0.009952,2250.8,0.001000
106900,4.572429,0.012564,4.577211,0.009760,2252.9,0.001000
107000,4.572518,0.012112,4.577442,0.009976,2255.0,0.001000
107100,4.572608,0.011940,4.577434,0.009860,2257.1,0.001000
107200,4.573254,0.012084,4.577336,0.010296,2259.2,0.001000
107300,4.572456,0.012552,4.577529,0.010248,2261.3,0.001000
107400,4.572583,0.012432,4.577566,0.010084,2263.3,0.001000
107500,4.572643,0.012088,4.577785,0.010380,2265.5,0.001000
107600,4.572721,0.012372,4.577101,0.010448,2267.6,0.001000
107700,4.572680,0.012140,4.577138,0.010000,2269.6,0.001000
107800,4.572831,0.012144,4.576878,0.010312,2271.8,0.001000
107900,4.572589,0.011992,4.577444,0.010488,2273.8,0.001000
108000,4.573088,0.012436,4.577610,0.010192,2275.9,0.001000
108100,4.572668,0.011968,4.577228,0.010192,2278.0,0.001000
108200,4.572858,0.012256,4.576869,0.010424,2280.1,0.001000
108300,4.572569,0.012340,4.577366,0.010468,2282.2,0.001000
108400,4.572832,0.012212,4.577280,0.010180,2284.3,0.001000
108500,4.572573,0.012772,4.577469,0.010300,2286.4,0.001000
108600,4.573255,0.012076,4.577209,0.010096,2288.5,0.001000
108700,4.572867,0.012064,4.576962,0.009980,2290.6,0.001000
108800,4.572966,0.012124,4.577042,0.010156,2292.7,0.001000
108900,4.572613,0.012488,4.577402,0.009980,2294.8,0.001000
109000,4.573288,0.012080,4.576899,0.010308,2296.9,0.001000
109100,4.572905,0.012104,4.576956,0.009976,2299.0,0.001000
109200,4.572739,0.012556,4.577100,0.010340,2301.1,0.001000
109300,4.573032,0.012244,4.577166,0.010276,2303.2,0.001000
109400,4.572976,0.011944,4.576898,0.010252,2305.3,0.001000
109500,4.572918,0.012192,4.577311,0.010100,2307.4,0.001000
109600,4.572818,0.012144,4.577288,0.010192,2309.5,0.001000
109700,4.572620,0.012096,4.577131,0.010308,2311.6,0.001000
109800,4.572717,0.011808,4.577179,0.009996,2313.7,0.001000
109900,4.572341,0.012376,4.577683,0.010220,2315.8,0.001000
110000,4.572632,0.011920,4.577256,0.010216,2317.9,0.001000
110100,4.573031,0.012000,4.578071,0.010304,2320.0,0.001000
110200,4.572985,0.011928,4.576993,0.010444,2322.1,0.001000
110300,4.572701,0.012448,4.577234,0.010288,2324.2,0.001000
110400,4.572501,0.012416,4.577148,0.010132,2326.3,0.001000
110500,4.572601,0.012424,4.577232,0.010044,2328.4,0.001000
110600,4.572589,0.012016,4.577184,0.010224,2330.5,0.001000
110700,4.573019,0.012424,4.577053,0.010444,2332.6,0.001000
110800,4.572393,0.012688,4.577076,0.010452,2334.7,0.001000
110900,4.572854,0.012612,4.577128,0.010140,2336.8,0.001000
111000,4.572587,0.012592,4.577328,0.010008,2338.9,0.001000
111100,4.572911,0.012340,4.576982,0.010248,2341.0,0.001000
111200,4.573219,0.012040,4.576910,0.010392,2343.1,0.001000
111300,4.572764,0.012260,4.577167,0.010308,2345.2,0.001000
111400,4.572611,0.012116,4.577620,0.010024,2347.3,0.001000
111500,4.572769,0.012168,4.577319,0.010152,2349.4,0.001000
111600,4.572489,0.012208,4.576664,0.010528,2351.5,0.001000
111700,4.572795,0.011944,4.576963,0.010304,2353.6,0.001000
111800,4.572638,0.011900,4.577472,0.009732,2355.7,0.001000
111900,4.572787,0.011936,4.577026,0.009904,2357.8,0.001000
112000,4.572652,0.012080,4.576940,0.010540,2359.9,0.001000
112100,4.572587,0.012372,4.577213,0.009864,2362.0,0.001000
112200,4.572777,0.012088,4.577624,0.010348,2364.1,0.001000
112300,4.572542,0.012144,4.577681,0.010192,2366.2,0.001000
112400,4.573071,0.012444,4.577501,0.009992,2368.3,0.001000
112500,4.572574,0.012244,4.576861,0.010012,2370.4,0.001000
112600,4.572708,0.012152,4.577037,0.010020,2372.6,0.001000
112700,4.573387,0.011800,4.577464,0.010176,2374.7,0.001000
112800,4.573164,0.012080,4.576983,0.010372,2376.8,0.001000
112900,4.572607,0.012148,4.577104,0.010096,2378.9,0.001000
113000,4.572714,0.012048,4.576660,0.010296,2381.0,0.001000
113100,4.572743,0.012272,4.577146,0.010372,2383.1,0.001000
113200,4.572678,0.012184,4.576662,0.010664,2385.2,0.001000
113300,4.572983,0.012020,4.576976,0.010332,2387.3,0.001000
113400,4.572703,0.012132,4.577125,0.010264,2389.4,0.001000
113500,4.572747,0.012076,4.576989,0.009936,2391.5,0.001000
113600,4.572499,0.011984,4.576869,0.010344,2393.6,0.001000
113700,4.572234,0.012472,4.577108,0.010340,2395.7,0.001000
113800,4.573204,0.011752,4.577409,0.009856,2397.8,0.001000
113900,4.573545,0.011456,4.577349,0.009876,2399.9,0.001000
114000,4.572774,0.011976,4.577217,0.009972,2402.0,0.001000
114100,4.572472,0.012664,4.576997,0.010088,2404.1,0.001000
114200,4.572937,0.012324,4.577043,0.010056,2406.2,0.001000
114300,4.573122,0.012032,4.577432,0.010332,2408.3,0.001000
114400,4.572759,0.012308,4.577350,0.010352,2410.4,0.001000
114500,4.573049,0.012136,4.577040,0.010268,2412.5,0.001000
114600,4.572961,0.012116,4.577235,0.010136,2414.6,0.001000
114700,4.572789,0.012144,4.577400,0.010192,2416.7,0.001000
114800,4.572811,0.012264,4.576900,0.010004,2418.8,0.001000
114900,4.572844,0.012148,4.577143,0.010060,2420.9,0.001000
115000,4.572694,0.012208,4.577391,0.009952,2423.0,0.001000
115100,4.572601,0.012504,4.577546,0.010356,2425.1,0.001000
115200,4.572955,0.011716,4.577242,0.010348,2427.2,0.001000
115300,4.572782,0.012244,4.577579,0.010244,2429.3,0.001000
115400,4.572728,0.012228,4.577316,0.010136,2431.4,0.001000
115500,4.572886,0.011992,4.577041,0.009972,2433.5,0.001000
115600,4.572982,0.012196,4.576842,0.010048,2435.6,0.001000
115700,4.572982,0.012068,4.577218,0.010064,2437.7,0.001000
115800,4.572965,0.012116,4.577004,0.010368,2439.8,0.001000
115900,4.572796,0.012288,4.577181,0.010128,2441.9,0.001000
116000,4.573028,0.012592,4.576732,0.010044,2444.0,0.001000
116100,4.572934,0.012304,4.577503,0.009952,2446.1,0.001000
116200,4.572845,0.011916,4.576667,0.010040,2448.2,0.001000
116300,4.572558,0.012212,4.577114,0.010136,2450.3,0.001000
116400,4.572612,0.012232,4.577016,0.010284,2452.4,0.001000
116500,4.572732,0.012204,4.577449,0.009968,2454.5,0.001000
116600,4.573347,0.012024,4.577294,0.010124,2456.6,0.001000
116700,4.573019,0.012052,4.577071,0.010084,2458.7,0.001000
116800,4.572753,0.012276,4.577372,0.010100,2460.8,0.001000
116900,4.572724,0.012216,4.576674,0.010064,2462.9,0.001000
117000,4.573244,0.012072,4.577392,0.010128,2465.0,0.001000
117100,4.572551,0.012560,4.576941,0.010052,2467.2,0.001000
117200,4.572889,0.012372,4.576846,0.010120,2469.3,0.001000
117300,4.573152,0.012140,4.576588,0.010368,2471.4,0.001000
117400,4.573121,0.012144,4.577233,0.010324,2473.5,0.001000
117500,4.573201,0.012300,4.577407,0.010300,2475.6,0.001000
117600,4.572850,0.012096,4.576925,0.010316,2477.7,0.001000
117700,4.572800,0.012560,4.577050,0.010096,2479.8,0.001000
117800,4.572744,0.011952,4.577060,0.010272,2481.9,0.001000
117900,4.573115,0.011936,4.577300,0.010364,2484.0,0.001000
118000,4.572727,0.012456,4.577140,0.010188,2486.1,0.001000
118100,4.572561,0.012376,4.577420,0.010168,2488.2,0.001000
118200,4.572607,0.012232,4.577203,0.010232,2490.3,0.001000
118300,4.572589,0.012244,4.577404,0.009952,2492.4,0.001000
118400,4.572743,0.011848,4.577593,0.010004,2494.5,0.001000
118500,4.572676,0.012532,4.577136,0.010092,2496.7,0.001000
118600,4.572648,0.012208,4.577054,0.010464,2498.8,0.001000
118700,4.572862,0.012432,4.576624,0.010556,2500.9,0.001000
118800,4.572550,0.012212,4.577283,0.009784,2503.0,0.001000
118900,4.572872,0.012124,4.577825,0.010108,2505.1,0.001000
119000,4.572540,0.011700,4.577308,0.010172,2507.2,0.001000
119100,4.572579,0.011900,4.577133,0.010684,2509.3,0.001000
119200,4.572396,0.012224,4.577446,0.010408,2511.4,0.001000
119300,4.572403,0.012004,4.576913,0.010488,2513.5,0.001000
119400,4.573014,0.011672,4.577062,0.010312,2515.6,0.001000
119500,4.572470,0.012320,4.576983,0.010144,2517.7,0.001000
119600,4.573203,0.012256,4.577137,0.010268,2519.8,0.001000
119700,4.572907,0.012592,4.577139,0.010172,2521.9,0.001000
119800,4.572612,0.012496,4.577108,0.010308,2524.0,0.001000
119900,4.572877,0.012140,4.577013,0.010368,2526.1,0.001000
120000,4.572589,0.012120,4.577144,0.010120,2528.2,0.001000
120100,4.572909,0.012072,4.577233,0.010016,2530.3,0.001000
120200,4.572715,0.012196,4.576918,0.010168,2532.4,0.001000
120300,4.572852,0.012148,4.577538,0.010396,2534.5,0.001000
120400,4.572933,0.011960,4.576675,0.010308,2536.6,0.001000
120500,4.572810,0.012188,4.576683,0.010612,2538.7,0.001000
120600,4.572772,0.012096,4.577146,0.010460,2540.8,0.001000
120700,4.573249,0.011380,4.576965,0.010416,2542.9,0.001000
120800,4.572635,0.012236,4.577331,0.010092,2544.9,0.001000
120900,4.572722,0.012528,4.577369,0.010236,2547.0,0.001000
121000,4.572845,0.011996,4.577143,0.010112,2549.1,0.001000
121100,4.572585,0.012648,4.577384,0.010204,2551.2,0.001000
121200,4.572659,0.012668,4.577347,0.010004,2553.3,0.001000
121300,4.573136,0.012132,4.576906,0.010292,2555.4,0.001000
121400,4.572853,0.012624,4.576928,0.010520,2557.5,0.001000
121500,4.572624,0.012556,4.577166,0.010248,2559.6,0.001000
121600,4.572841,0.012308,4.577116,0.009900,2561.7,0.001000
121700,4.572753,0.012292,4.576945,0.010556,2563.8,0.001000
121800,4.572700,0.012148,4.577111,0.010300,2565.9,0.001000
121900,4.572929,0.012060,4.577021,0.010684,2568.0,0.001000
122000,4.573263,0.011568,4.576665,0.010224,2570.1,0.001000
122100,4.572900,0.011836,4.577467,0.010016,2572.2,0.001000
122200,4.572714,0.012064,4.577175,0.010280,2574.3,0.001000
122300,4.572649,0.012124,4.577149,0.010084,2576.4,0.001000
122400,4.572937,0.012240,4.577048,0.010396,2578.5,0.001000
122500,4.572848,0.011880,4.576924,0.010348,2580.6,0.001000
122600,4.572975,0.012000,4.576785,0.010468,2582.7,0.001000
122700,4.572850,0.011728,4.576961,0.010352,2584.8,0.001000
122800,4.572567,0.012316,4.577138,0.010060,2586.9,0.001000
122900,4.572533,0.012412,4.577032,0.010128,2589.0,0.001000
123000,4.572568,0.012528,4.576769,0.010532,2591.1,0.001000
123100,4.572255,0.012808,4.577425,0.010140,2593.1,0.001000
123200,4.572357,0.012412,4.577551,0.010200,2595.3,0.001000
123300,4.572321,0.012184,4.577479,0.010312,2597.3,0.001000
123400,4.572404,0.012792,4.577048,0.009924,2599.5,0.001000
123500,4.572897,0.012252,4.576714,0.010316,2601.5,0.001000
123600,4.572628,0.012456,4.577203,0.010168,2603.6,0.001000
123700,4.572862,0.011948,4.576956,0.010532,2605.8,0.001000
123800,4.573167,0.011672,4.577233,0.010076,2607.9,0.001000
123900,4.572525,0.011836,4.577053,0.010596,2609.9,0.001000
124000,4.572690,0.012108,4.577287,0.010448,2612.0,0.001000
124100,4.572574,0.012308,4.577070,0.010684,2614.1,0.001000
124200,4.572397,0.012216,4.577064,0.010192,2616.3,0.001000
124300,4.572291,0.012308,4.577316,0.010504,2618.4,0.001000
124400,4.572793,0.012380,4.577068,0.010148,2620.5,0.001000
124500,4.572589,0.012168,4.577018,0.009836,2622.6,0.001000
124600,4.572824,0.012044,4.577408,0.009960,2624.7,0.001000
124700,4.572773,0.012100,4.576856,0.010296,2626.8,0.001000
124800,4.572782,0.012268,4.577116,0.009928,2628.9,0.001000
124900,4.572589,0.012356,4.577006,0.010508,2631.0,0.001000
125000,4.572486,0.012412,4.577249,0.010280,2633.1,0.001000
125100,4.572868,0.011692,4.576887,0.009980,2635.2,0.001000
125200,4.572869,0.012180,4.577144,0.010356,2637.3,0.001000
125300,4.572964,0.011948,4.577148,0.010392,2639.4,0.001000
125400,4.572653,0.012432,4.577162,0.010280,2641.5,0.001000
125500,4.572675,0.012168,4.577210,0.010432,2643.6,0.001000
125600,4.572696,0.012212,4.577240,0.010432,2645.7,0.001000
125700,4.572586,0.012276,4.576967,0.010220,2647.9,0.001000
125800,4.572775,0.012196,4.576880,0.010084,2650.0,0.001000
125900,4.572676,0.012208,4.577106,0.010408,2652.1,0.001000
126000,4.572402,0.012120,4.577119,0.010384,2654.2,0.001000
126100,4.572530,0.012404,4.577186,0.010388,2656.3,0.001000
126200,4.572781,0.012280,4.577655,0.009992,2658.4,0.001000
126300,4.572917,0.012228,4.577423,0.010072,2660.5,0.001000
126400,4.573059,0.011948,4.577261,0.010028,2662.6,0.001000
126500,4.573017,0.012320,4.577407,0.010316,2664.7,0.001000
126600,4.572667,0.012424,4.576846,0.010484,2666.8,0.001000
126700,4.572711,0.012364,4.577246,0.010196,2668.9,0.001000
126800,4.572663,0.012416,4.577124,0.010468,2671.0,0.001000
126900,4.573124,0.012196,4.576881,0.010516,2673.1,0.001000
127000,4.573239,0.011676,4.576978,0.010664,2675.2,0.001000
127100,4.572846,0.011972,4.577180,0.010060,2677.3,0.001000
127200,4.572775,0.012156,4.577355,0.010008,2679.4,0.001000
127300,4.572977,0.011932,4.576573,0.010476,2681.5,0.001000
127400,4.572691,0.012072,4.577078,0.010400,2683.6,0.001000
127500,4.572649,0.012280,4.577511,0.010364,2685.7,0.001000
127600,4.572505,0.012332,4.577065,0.010212,2687.8,0.001000
127700,4.572517,0.012064,4.577016,0.010568,2689.9,0.001000
127800,4.572727,0.012512,4.577072,0.010052,2692.0,0.001000
127900,4.573376,0.011628,4.576141,0.010352,2694.1,0.001000
128000,4.572773,0.011676,4.576858,0.010216,2696.2,0.001000
128100,4.573288,0.011840,4.577694,0.010160,2698.3,0.001000
128200,4.572709,0.012108,4.576863,0.009972,2700.4,0.001000
128300,4.572877,0.012124,4.577304,0.010240,2702.5,0.001000
128400,4.572707,0.012312,4.577144,0.010140,2704.6,0.001000
128500,4.572719,0.012236,4.577289,0.010276,2706.7,0.001000
128600,4.572854,0.012192,4.577601,0.009944,2708.8,0.001000
128700,4.572863,0.012536,4.577538,0.010216,2710.9,0.001000
128800,4.572572,0.012136,4.577480,0.010160,2713.0,0.001000
128900,4.572634,0.011980,4.577451,0.010232,2715.2,0.001000
129000,4.572696,0.012012,4.577497,0.010164,2717.3,0.001000
129100,4.573040,0.011940,4.577242,0.010032,2719.4,0.001000
129200,4.572867,0.012336,4.577177,0.010500,2721.5,0.001000
129300,4.572742,0.011944,4.576931,0.010068,2723.6,0.001000
129400,4.572630,0.012060,4.577534,0.010592,2725.7,0.001000
129500,4.572909,0.011788,4.577096,0.010332,2727.8,0.001000
129600,4.572643,0.011968,4.577246,0.010408,2729.9,0.001000
129700,4.572755,0.011988,4.577754,0.010068,2732.0,0.001000
129800,4.572835,0.012228,4.577472,0.010292,2734.1,0.001000
129900,4.572959,0.011664,4.577503,0.010076,2736.2,0.001000
130000,4.572899,0.011824,4.576932,0.010572,2738.3,0.001000
130100,4.572894,0.011920,4.577078,0.010448,2740.4,0.001000
130200,4.572934,0.011808,4.577159,0.010372,2742.5,0.001000
130300,4.572968,0.011824,4.576912,0.010392,2744.6,0.001000
130400,4.572628,0.011516,4.576909,0.010192,2746.7,0.001000
130500,4.572582,0.011740,4.577135,0.010136,2748.8,0.001000
130600,4.572868,0.011940,4.577190,0.009972,2750.9,0.001000
130700,4.572564,0.011856,4.577283,0.010100,2753.0,0.001000
130800,4.572915,0.011924,4.577165,0.010528,2755.1,0.001000
130900,4.572739,0.012144,4.576757,0.010476,2757.2,0.001000
131000,4.573149,0.011708,4.577503,0.010084,2759.3,0.001000
131100,4.572872,0.011944,4.577343,0.009848,2761.4,0.001000
131200,4.572882,0.012192,4.577392,0.010176,2763.5,0.001000
131300,4.572587,0.012220,4.577690,0.010144,2765.6,0.001000
131400,4.572758,0.012132,4.577179,0.009876,2767.7,0.001000
131500,4.572653,0.012180,4.577566,0.010464,2769.8,0.001000
131600,4.572783,0.012092,4.577660,0.009928,2771.9,0.001000
131700,4.572844,0.012096,4.577588,0.009912,2774.0,0.001000
131800,4.572667,0.012124,4.576658,0.010296,2776.1,0.001000
131900,4.572497,0.012244,4.577780,0.010208,2778.2,0.001000
132000,4.572896,0.012208,4.577332,0.010140,2780.3,0.001000
132100,4.573032,0.012004,4.576987,0.010396,2782.4,0.001000
132200,4.572765,0.012420,4.577249,0.009928,2784.5,0.001000
132300,4.572996,0.012436,4.577902,0.010168,2786.6,0.001000
132400,4.572700,0.012040,4.577265,0.010344,2788.8,0.001000
132500,4.572696,0.011976,4.576715,0.010500,2790.8,0.001000
132600,4.572665,0.012612,4.576916,0.010540,2792.9,0.001000
132700,4.572484,0.012416,4.576853,0.010220,2795.0,0.001000
132800,4.572728,0.012064,4.577028,0.010456,2797.1,0.001000
132900,4.572516,0.012280,4.576876,0.010184,2799.2,0.001000
133000,4.572710,0.012456,4.576780,0.010156,2801.3,0.001000
133100,4.573238,0.012240,4.577184,0.010236,2803.4,0.001000
133200,4.572424,0.012512,4.577588,0.010244,2805.5,0.001000
133300,4.573151,0.012180,4.577267,0.010388,2807.6,0.001000
133400,4.572621,0.012336,4.577262,0.010256,2809.7,0.001000
133500,4.573112,0.011796,4.577222,0.010184,2811.8,0.001000
133600,4.572867,0.012348,4.576982,0.010180,2813.9,0.001000
133700,4.572618,0.012032,4.576797,0.010040,2816.0,0.001000
133800,4.572515,0.012092,4.577424,0.010500,2818.1,0.001000
133900,4.572714,0.011876,4.577459,0.010080,2820.2,0.001000
134000,4.573112,0.012144,4.576896,0.010172,2822.3,0.001000
134100,4.572371,0.012352,4.577216,0.010776,2824.4,0.001000
134200,4.572745,0.012320,4.577364,0.010400,2826.5,0.001000
134300,4.572607,0.012548,4.577487,0.010460,2828.7,0.001000
134400,4.572631,0.012188,4.577417,0.010284,2830.8,0.001000
134500,4.572655,0.012160,4.577453,0.010524,2832.9,0.001000
134600,4.572570,0.012240,4.577337,0.010140,2835.0,0.001000
134700,4.572856,0.012120,4.577538,0.010300,2837.1,0.001000
134800,4.572616,0.012520,4.577609,0.010148,2839.2,0.001000
134900,4.572672,0.011980,4.577621,0.010384,2841.3,0.001000
135000,4.572680,0.012164,4.577509,0.010460,2843.4,0.001000
135100,4.573034,0.011644,4.577516,0.009940,2845.5,0.001000
135200,4.573007,0.012000,4.577005,0.010204,2847.6,0.001000
135300,4.572896,0.012004,4.577411,0.010292,2849.7,0.001000
135400,4.572725,0.012008,4.577124,0.009976,2851.8,0.001000
135500,4.573365,0.011948,4.577034,0.010572,2853.9,0.001000
135600,4.572920,0.011812,4.577182,0.010448,2856.0,0.001000
135700,4.572861,0.011936,4.577416,0.010268,2858.1,0.001000
135800,4.572620,0.011724,4.576914,0.010448,2860.2,0.001000
135900,4.573009,0.011952,4.576968,0.009964,2862.3,0.001000
136000,4.572723,0.011756,4.576998,0.010392,2864.4,0.001000
136100,4.572714,0.011976,4.576931,0.010244,2866.5,0.001000
136200,4.573451,0.011384,4.576778,0.010308,2868.6,0.001000
136300,4.572526,0.011876,4.577301,0.010220,2870.7,0.001000
136400,4.572687,0.012164,4.577382,0.009980,2872.8,0.001000
136500,4.572665,0.012496,4.576893,0.010336,2874.9,0.001000
136600,4.573001,0.012304,4.577118,0.010184,2877.0,0.001000
136700,4.572976,0.012084,4.576721,0.010504,2879.1,0.001000
136800,4.572746,0.012248,4.576834,0.010184,2881.2,0.001000
136900,4.572565,0.012724,4.576825,0.010160,2883.3,0.001000
137000,4.572686,0.012404,4.577182,0.010036,2885.4,0.001000
137100,4.572483,0.012428,4.577220,0.010044,2887.5,0.001000
137200,4.572746,0.012040,4.577273,0.010428,2889.6,0.001000
137300,4.572763,0.012248,4.576973,0.010304,2891.7,0.001000
137400,4.572681,0.012084,4.576862,0.010408,2893.8,0.001000
137500,4.572633,0.012200,4.577075,0.010336,2895.9,0.001000
137600,4.573094,0.012056,4.577402,0.009864,2898.0,0.001000
137700,4.572823,0.012304,4.577472,0.010140,2900.1,0.001000
137800,4.572445,0.012052,4.577565,0.010296,2902.2,0.001000
137900,4.572842,0.012232,4.577546,0.010012,2904.3,0.001000
138000,4.572718,0.011892,4.577460,0.010032,2906.4,0.001000
138100,4.573166,0.011916,4.577572,0.009984,2908.5,0.001000
138200,4.572841,0.012184,4.576893,0.010548,2910.6,0.001000
138300,4.572828,0.012176,4.577002,0.009904,2912.7,0.001000
138400,4.572933,0.012132,4.576869,0.010820,2914.8,0.001000
138500,4.572978,0.012436,4.577203,0.010068,2917.0,0.001000
138600,4.572979,0.012168,4.577097,0.010464,2919.0,0.001000
138700,4.572537,0.011884,4.577072,0.010368,2921.2,0.001000
138800,4.572577,0.011948,4.577363,0.010260,2923.3,0.001000
138900,4.573291,0.011676,4.576693,0.010228,2925.4,0.001000
139000,4.572742,0.012052,4.577384,0.009892,2927.5,0.001000
139100,4.572978,0.011992,4.577556,0.009980,2929.6,0.001000
139200,4.573133,0.011972,4.576981,0.009972,2931.7,0.001000
139300,4.572694,0.012264,4.577361,0.009908,2933.8,0.001000
139400,4.572569,0.012572,4.577257,0.010104,2935.9,0.001000
139500,4.572913,0.012188,4.577346,0.010148,2938.0,0.001000
139600,4.572877,0.012008,4.576945,0.010132,2940.1,0.001000
139700,4.572468,0.012312,4.577202,0.010304,2942.2,0.001000
139800,4.572958,0.011860,4.576975,0.010444,2944.3,0.001000
139900,4.572537,0.012532,4.577136,0.010108,2946.4,0.001000
140000,4.572578,0.012092,4.577098,0.009900,2948.5,0.001000
140100,4.572729,0.012232,4.576980,0.010280,2950.7,0.001000
140200,4.572392,0.012540,4.577292,0.010108,2952.8,0.001000
140300,4.572931,0.012644,4.576639,0.009820,2954.9,0.001000
140400,4.572884,0.011796,4.577408,0.010092,2957.0,0.001000
140500,4.573072,0.011896,4.577363,0.010272,2959.0,0.001000
140600,4.572483,0.011916,4.577347,0.010088,2961.1,0.001000
140700,4.572724,0.011836,4.577184,0.010180,2963.2,0.001000
140800,4.572928,0.011868,4.577236,0.010180,2965.3,0.001000
140900,4.572740,0.012476,4.577535,0.010140,2967.4,0.001000
141000,4.572770,0.012020,4.576692,0.010188,2969.5,0.001000
141100,4.572796,0.011900,4.577442,0.009996,2971.7,0.001000
141200,4.572661,0.012136,4.577427,0.010140,2973.8,0.001000
141300,4.572639,0.012136,4.577879,0.010220,2975.9,0.001000
141400,4.572653,0.012340,4.577086,0.010216,2978.0,0.001000
141500,4.572342,0.012128,4.577015,0.010628,2980.1,0.001000
141600,4.572569,0.012480,4.576907,0.009884,2982.2,0.001000
141700,4.572556,0.012564,4.577317,0.009740,2984.3,0.001000
141800,4.572674,0.012400,4.577109,0.009908,2986.4,0.001000
141900,4.573037,0.012004,4.577141,0.010236,2988.5,0.001000
142000,4.572539,0.012204,4.577096,0.010040,2990.6,0.001000
142100,4.572958,0.012180,4.576910,0.009988,2992.7,0.001000
142200,4.572511,0.012284,4.577390,0.010164,2994.8,0.001000
142300,4.572987,0.011836,4.577271,0.009884,2996.9,0.001000
142400,4.572431,0.012380,4.577291,0.009856,2999.0,0.001000
142500,4.573206,0.011848,4.577221,0.010292,3001.1,0.001000
142600,4.572865,0.011908,4.577040,0.010216,3003.2,0.001000
142700,4.572824,0.012244,4.576939,0.010348,3005.3,0.001000
142800,4.572486,0.012032,4.577326,0.009836,3007.4,0.001000
142900,4.573473,0.012072,4.577507,0.010372,3009.5,0.001000
143000,4.572697,0.012260,4.577002,0.010588,3011.6,0.001000
143100,4.572670,0.012112,4.577077,0.010044,3013.7,0.001000
143200,4.572843,0.011940,4.577279,0.010160,3015.8,0.001000
143300,4.573105,0.011524,4.577585,0.010564,3017.9,0.001000
143400,4.572840,0.011888,4.576635,0.010520,3020.0,0.001000
143500,4.572821,0.012088,4.576880,0.010388,3022.1,0.001000
143600,4.573103,0.011800,4.576799,0.009976,3024.2,0.001000
143700,4.572728,0.012132,4.577186,0.010412,3026.3,0.001000
143800,4.572753,0.012216,4.576928,0.010428,3028.4,0.001000
143900,4.572783,0.012304,4.577282,0.010432,3030.5,0.001000
144000,4.572914,0.012144,4.577527,0.009876,3032.6,0.001000
144100,4.572806,0.012444,4.577329,0.009860,3034.7,0.001000
144200,4.572981,0.012348,4.577134,0.009976,3036.8,0.001000
144300,4.572855,0.011880,4.577446,0.009512,3038.9,0.001000
144400,4.573123,0.012020,4.577426,0.010128,3041.0,0.001000
144500,4.572818,0.012140,4.577370,0.010208,3043.1,0.001000
144600,4.573142,0.011364,4.577501,0.010204,3045.2,0.001000
144700,4.572702,0.012024,4.577095,0.010284,3047.3,0.001000
144800,4.572974,0.011840,4.577278,0.010264,3049.4,0.001000
144900,4.572631,0.011864,4.577683,0.010256,3051.5,0.001000
145000,4.572905,0.012256,4.577209,0.010092,3053.6,0.001000
145100,4.572556,0.012444,4.577429,0.010660,3055.7,0.001000
145200,4.572622,0.012524,4.577049,0.010308,3057.8,0.001000
145300,4.572528,0.011888,4.577100,0.010404,3059.9,0.001000
145400,4.572388,0.012304,4.577229,0.010204,3062.0,0.001000
145500,4.572657,0.012284,4.576999,0.010160,3064.1,0.001000
145600,4.572692,0.011984,4.577167,0.010064,3066.2,0.001000
145700,4.572465,0.012556,4.577185,0.010072,3068.4,0.001000
145800,4.572462,0.011976,4.577383,0.009988,3070.5,0.001000
145900,4.573245,0.011740,4.576931,0.010376,3072.6,0.001000
146000,4.573138,0.012032,4.577443,0.010716,3074.7,0.001000
146100,4.572597,0.012152,4.577588,0.010192,3076.8,0.001000
146200,4.572466,0.011896,4.577563,0.009768,3078.9,0.001000
146300,4.572676,0.011920,4.577215,0.010044,3081.0,0.001000
146400,4.572975,0.012416,4.577522,0.009828,3083.1,0.001000
146500,4.572477,0.012644,4.577480,0.010044,3085.3,0.001000
146600,4.572976,0.011900,4.577176,0.010128,3087.3,0.001000
146700,4.572981,0.011660,4.577077,0.010296,3089.4,0.001000
146800,4.572793,0.011884,4.577526,0.010520,3091.5,0.001000
146900,4.572577,0.012220,4.577334,0.010088,3093.6,0.001000
147000,4.572596,0.012056,4.576996,0.010204,3095.7,0.001000
147100,4.572749,0.012116,4.576544,0.010280,3097.9,0.001000
147200,4.572834,0.012192,4.576910,0.010144,3100.0,0.001000
147300,4.572567,0.012012,4.576890,0.009992,3102.0,0.001000
147400,4.572755,0.011920,4.577069,0.009660,3104.1,0.001000
147500,4.573063,0.011964,4.577542,0.010192,3106.3,0.001000
147600,4.573172,0.011532,4.576730,0.010424,3108.3,0.001000
147700,4.572825,0.012056,4.576764,0.010244,3110.4,0.001000
147800,4.572617,0.011932,4.577083,0.010032,3112.5,0.001000
147900,4.572954,0.012352,4.577002,0.010584,3114.6,0.001000
148000,4.572811,0.011752,4.576622,0.010624,3116.8,0.001000
148100,4.572814,0.011768,4.576968,0.010164,3118.8,0.001000
148200,4.572894,0.012156,4.577010,0.010580,3120.9,0.001000
148300,4.572904,0.011692,4.577134,0.010484,3123.0,0.001000
148400,4.573098,0.011752,4.577038,0.010320,3125.1,0.001000
148500,4.572816,0.011952,4.576972,0.010156,3127.2,0.001000
148600,4.572556,0.012268,4.577189,0.010148,3129.3,0.001000
148700,4.572747,0.012124,4.576931,0.010240,3131.4,0.001000
148800,4.572816,0.012512,4.576674,0.009976,3133.6,0.001000
148900,4.572742,0.012196,4.577123,0.010352,3135.7,0.001000
149000,4.572791,0.011620,4.577222,0.010528,3137.8,0.001000
149100,4.573048,0.011928,4.577176,0.010144,3139.9,0.001000
149200,4.573089,0.011876,4.577406,0.010124,3142.0,0.001000
149300,4.572731,0.012060,4.577128,0.010036,3144.1,0.001000
149400,4.572835,0.011788,4.576743,0.010684,3146.2,0.001000
149500,4.572602,0.011976,4.577039,0.010288,3148.3,0.001000
149600,4.572796,0.012012,4.576952,0.010108,3150.4,0.001000
149700,4.573151,0.011908,4.576842,0.010196,3152.5,0.001000
149800,4.573082,0.011648,4.576930,0.010076,3154.6,0.001000
149900,4.572427,0.012368,4.577253,0.010172,3156.7,0.001000
150000,4.572494,0.012268,4.576824,0.009880,3158.8,0.001000
150100,4.572514,0.011980,4.576935,0.009964,3160.9,0.001000
150200,4.573102,0.012104,4.577192,0.010348,3163.0,0.001000
150300,4.572672,0.012272,4.576915,0.010076,3165.1,0.001000
150400,4.573030,0.011720,4.577190,0.010140,3167.2,0.001000
150500,4.572995,0.011820,4.577328,0.009944,3169.3,0.001000
150600,4.572709,0.011924,4.577288,0.010040,3171.4,0.001000
150700,4.572750,0.011804,4.577025,0.010292,3173.5,0.001000
150800,4.573264,0.011756,4.577408,0.009908,3175.6,0.001000
150900,4.572434,0.012344,4.577749,0.009924,3177.7,0.001000
151000,4.572540,0.012292,4.577123,0.010048,3179.8,0.001000
151100,4.572494,0.012296,4.577242,0.010108,3181.9,0.001000
151200,4.573042,0.012152,4.576933,0.010192,3184.0,0.001000
151300,4.572584,0.012092,4.576488,0.010348,3186.1,0.001000
151400,4.572637,0.012168,4.577158,0.010260,3188.2,0.001000
151500,4.572808,0.012248,4.576970,0.010140,3190.3,0.001000
151600,4.572402,0.012368,4.577231,0.010128,3192.4,0.001000
151700,4.573024,0.012184,4.576882,0.009772,3194.5,0.001000
151800,4.572906,0.012272,4.577487,0.009764,3196.6,0.001000
151900,4.572907,0.012372,4.577186,0.010240,3198.7,0.001000
152000,4.572581,0.011572,4.577449,0.009940,3200.8,0.001000
152100,4.573197,0.011732,4.576716,0.010048,3202.9,0.001000
152200,4.572445,0.011944,4.577326,0.009964,3205.0,0.001000
152300,4.572692,0.012276,4.577086,0.010448,3207.1,0.001000
152400,4.572787,0.012444,4.577232,0.009948,3209.2,0.001000
152500,4.572714,0.012408,4.577150,0.010380,3211.3,0.001000
152600,4.572571,0.012504,4.576959,0.010364,3213.4,0.001000
152700,4.572753,0.012556,4.577044,0.010348,3215.5,0.001000
152800,4.572935,0.012300,4.577091,0.010256,3217.6,0.001000
152900,4.572427,0.012216,4.577003,0.009972,3219.7,0.001000
153000,4.572679,0.012596,4.577013,0.010228,3221.8,0.001000
153100,4.572460,0.012288,4.577002,0.010092,3223.9,0.001000
153200,4.572940,0.012052,4.577175,0.010380,3226.0,0.001000
153300,4.573234,0.011780,4.577016,0.009904,3228.1,0.001000
153400,4.572641,0.012352,4.576869,0.010532,3230.2,0.001000
153500,4.573073,0.011808,4.577418,0.010296,3232.3,0.001000
153600,4.572742,0.012416,4.577250,0.010420,3234.4,0.001000
153700,4.572914,0.011992,4.576743,0.010476,3236.5,0.001000
153800,4.573037,0.012044,4.577263,0.010020,3238.6,0.001000
153900,4.572939,0.012360,4.577051,0.010080,3240.7,0.001000
154000,4.572704,0.012080,4.577013,0.010048,3242.8,0.001000
154100,4.572725,0.012148,4.577201,0.009940,3244.9,0.001000
154200,4.572855,0.011832,4.577242,0.010024,3247.0,0.001000
154300,4.573402,0.011892,4.577246,0.010120,3249.1,0.001000
154400,4.572609,0.012260,4.577426,0.009916,3251.2,0.001000
154500,4.572340,0.012240,4.577408,0.009736,3253.3,0.001000
154600,4.572406,0.012060,4.577522,0.009844,3255.4,0.001000
154700,4.572655,0.011744,4.577272,0.010024,3257.6,0.001000
154800,4.572656,0.012168,4.577489,0.010452,3259.7,0.001000
154900,4.572583,0.012568,4.577653,0.009980,3261.8,0.001000
155000,4.572824,0.011880,4.577246,0.010224,3263.9,0.001000
155100,4.572826,0.011888,4.577125,0.010472,3266.0,0.001000
155200,4.572432,0.012224,4.577006,0.010264,3268.1,0.001000
155300,4.572936,0.012100,4.576872,0.010432,3270.2,0.001000
155400,4.572659,0.011896,4.577404,0.010208,3272.2,0.001000
155500,4.572904,0.011652,4.576872,0.010128,3274.3,0.001000
155600,4.572450,0.012344,4.577327,0.010252,3276.5,0.001000
155700,4.572949,0.012144,4.576766,0.010380,3278.6,0.001000
155800,4.573158,0.012332,4.577097,0.010668,3280.7,0.001000
155900,4.573236,0.011532,4.576857,0.010056,3282.8,0.001000
156000,4.572783,0.012144,4.577063,0.010364,3284.9,0.001000
156100,4.572773,0.012056,4.577328,0.010308,3287.0,0.001000
156200,4.572454,0.012340,4.577258,0.010112,3289.1,0.001000
156300,4.572752,0.012048,4.576674,0.010460,3291.2,0.001000
156400,4.572482,0.012316,4.576914,0.010372,3293.3,0.001000
156500,4.572767,0.012412,4.577401,0.009968,3295.4,0.001000
156600,4.573045,0.012264,4.577285,0.010392,3297.5,0.001000
156700,4.572784,0.012440,4.577033,0.010300,3299.6,0.001000
156800,4.572796,0.012184,4.577320,0.010268,3301.7,0.001000
156900,4.572774,0.012416,4.576912,0.010024,3303.8,0.001000
157000,4.572755,0.012032,4.577378,0.010040,3305.9,0.001000
157100,4.572874,0.012260,4.576491,0.010076,3308.0,0.001000
157200,4.572535,0.012388,4.576883,0.010452,3310.1,0.001000
157300,4.573133,0.012140,4.577123,0.010212,3312.2,0.001000
157400,4.573168,0.011920,4.577033,0.010464,3314.3,0.001000
157500,4.572640,0.011896,4.577067,0.010212,3316.4,0.001000
157600,4.573072,0.011564,4.576965,0.010400,3318.5,0.001000
157700,4.572609,0.012272,4.576845,0.010132,3320.6,0.001000
157800,4.572761,0.011852,4.577259,0.010248,3322.7,0.001000
157900,4.573082,0.011664,4.576921,0.010080,3324.8,0.001000
158000,4.572675,0.012128,4.576521,0.010404,3326.9,0.001000
158100,4.572585,0.012256,4.577274,0.010092,3329.0,0.001000
158200,4.572929,0.012008,4.577257,0.010004,3331.1,0.001000
158300,4.572418,0.012100,4.577240,0.010348,3333.2,0.001000
158400,4.573491,0.011924,4.577165,0.010256,3335.4,0.001000
158500,4.572701,0.012080,4.577177,0.010184,3337.5,0.001000
158600,4.573069,0.012060,4.577380,0.009912,3339.6,0.001000
158700,4.573030,0.011656,4.576954,0.010140,3341.6,0.001000
158800,4.572787,0.012124,4.577545,0.010216,3343.7,0.001000
158900,4.572513,0.012248,4.577023,0.010492,3345.8,0.001000
159000,4.572806,0.011968,4.577407,0.010052,3347.9,0.001000
159100,4.572853,0.011992,4.577194,0.010516,3350.0,0.001000
159200,4.573063,0.011836,4.577472,0.010296,3352.1,0.001000
159300,4.572783,0.012236,4.577427,0.010416,3354.2,0.001000
159400,4.572669,0.011828,4.576921,0.010132,3356.3,0.001000
159500,4.573204,0.011908,4.577415,0.010340,3358.4,0.001000
159600,4.572845,0.011824,4.577159,0.010516,3360.5,0.001000
159700,4.573411,0.011620,4.577463,0.010544,3362.6,0.001000
159800,4.572783,0.011852,4.576550,0.010172,3364.7,0.001000
159900,4.572917,0.012248,4.577343,0.010164,3366.8,0.001000
160000,4.572573,0.012216,4.576879,0.010256,3368.9,0.001000
160100,4.572864,0.011952,4.577429,0.010048,3371.0,0.001000
160200,4.572641,0.012392,4.577073,0.010668,3373.1,0.001000
160300,4.572558,0.011936,4.577350,0.010324,3375.2,0.001000
160400,4.572949,0.012068,4.576956,0.010292,3377.3,0.001000
160500,4.572743,0.012348,4.576777,0.010324,3379.4,0.001000
160600,4.572811,0.012108,4.576911,0.010464,3381.5,0.001000
160700,4.573143,0.011892,4.577237,0.010212,3383.6,0.001000
160800,4.572724,0.012068,4.576509,0.010504,3385.7,0.001000
160900,4.573110,0.012208,4.576965,0.010092,3387.8,0.001000
161000,4.573194,0.011840,4.577285,0.010284,3389.9,0.001000
161100,4.573279,0.011904,4.576918,0.010412,3392.0,0.001000
161200,4.572958,0.011896,4.576945,0.010408,3394.1,0.001000
161300,4.573116,0.011616,4.576696,0.010408,3396.2,0.001000
161400,4.572813,0.012020,4.576881,0.010576,3398.3,0.001000
161500,4.572773,0.012132,4.576958,0.010124,3400.5,0.001000
161600,4.572781,0.011904,4.576947,0.010048,3402.5,0.001000
161700,4.572729,0.011880,4.577092,0.010044,3404.7,0.001000
161800,4.572948,0.011740,4.577400,0.010216,3406.8,0.001000
161900,4.573223,0.011540,4.577175,0.009868,3408.9,0.001000
162000,4.572696,0.011764,4.576767,0.010012,3411.0,0.001000
162100,4.572618,0.012312,4.576684,0.009928,3413.1,0.001000
162200,4.572961,0.011836,4.577401,0.009956,3415.2,0.001000
162300,4.572927,0.011944,4.576896,0.010164,3417.3,0.001000
162400,4.573196,0.011908,4.577076,0.010200,3419.4,0.001000
162500,4.573063,0.011924,4.576937,0.009916,3421.5,0.001000
162600,4.572910,0.012080,4.577384,0.010196,3423.6,0.001000
162700,4.572906,0.012116,4.577466,0.010172,3425.7,0.001000
162800,4.572883,0.012080,4.577348,0.010224,3427.8,0.001000
162900,4.572705,0.012112,4.577313,0.010212,3429.9,0.001000
163000,4.573280,0.011736,4.577043,0.010416,3432.0,0.001000
163100,4.572589,0.012256,4.577280,0.010496,3434.2,0.001000
163200,4.572834,0.012092,4.577251,0.010364,3436.3,0.001000
163300,4.572557,0.012352,4.577336,0.009948,3438.4,0.001000
163400,4.572759,0.011700,4.577362,0.010248,3440.5,0.001000
163500,4.572846,0.011880,4.577967,0.010164,3442.6,0.001000
163600,4.572640,0.012056,4.577233,0.010448,3444.7,0.001000
163700,4.572697,0.011812,4.577225,0.010240,3446.8,0.001000
163800,4.572703,0.011812,4.577240,0.010004,3448.9,0.001000
163900,4.572987,0.011876,4.577415,0.010200,3451.0,0.001000
164000,4.572627,0.012304,4.576855,0.010440,3453.1,0.001000
164100,4.572375,0.012140,4.577207,0.010396,3455.2,0.001000
164200,4.572507,0.012492,4.577023,0.010436,3457.3,0.001000
164300,4.572649,0.011968,4.577237,0.010124,3459.4,0.001000
164400,4.572871,0.012048,4.577426,0.010216,3461.5,0.001000
164500,4.573128,0.012188,4.577568,0.009916,3463.6,0.001000
164600,4.572857,0.012052,4.577153,0.009924,3465.7,0.001000
164700,4.572774,0.012244,4.577167,0.010252,3467.8,0.001000
164800,4.573008,0.012072,4.577007,0.010044,3469.9,0.001000
164900,4.572587,0.012076,4.577281,0.010176,3472.0,0.001000
165000,4.572996,0.012152,4.576581,0.010488,3474.1,0.001000
165100,4.572705,0.012252,4.576911,0.009908,3476.2,0.001000
165200,4.573249,0.011904,4.576923,0.010036,3478.3,0.001000
165300,4.572571,0.012084,4.577185,0.010132,3480.4,0.001000
165400,4.573354,0.012076,4.577642,0.010212,3482.5,0.001000
165500,4.572711,0.011956,4.577096,0.009968,3484.6,0.001000
165600,4.573054,0.011840,4.576408,0.010232,3486.7,0.001000
165700,4.572858,0.012136,4.576992,0.010472,3488.8,0.001000
165800,4.572704,0.012056,4.576812,0.010016,3490.9,0.001000
165900,4.572888,0.011980,4.576458,0.010240,3493.0,0.001000
166000,4.572659,0.012368,4.577193,0.010256,3495.1,0.001000
166100,4.572895,0.012000,4.577404,0.010052,3497.2,0.001000
166200,4.572752,0.012220,4.577015,0.010288,3499.3,0.001000
166300,4.572758,0.011988,4.577036,0.010044,3501.4,0.001000
166400,4.572749,0.012012,4.577107,0.009876,3503.5,0.001000
166500,4.572845,0.012280,4.576747,0.010452,3505.6,0.001000
166600,4.572540,0.012464,4.577314,0.010296,3507.7,0.001000
166700,4.572511,0.011756,4.577037,0.009996,3509.8,0.001000
166800,4.572585,0.012440,4.577027,0.010212,3511.8,0.001000
166900,4.572915,0.012600,4.577312,0.010132,3513.9,0.001000
167000,4.572814,0.011796,4.576798,0.009968,3516.1,0.001000
167100,4.572727,0.012364,4.577102,0.010320,3518.2,0.001000
167200,4.572748,0.012288,4.576893,0.010116,3520.3,0.001000
167300,4.572492,0.012532,4.576905,0.010108,3522.4,0.001000
167400,4.572731,0.011988,4.577369,0.010152,3524.5,0.001000
167500,4.572653,0.012232,4.577109,0.010048,3526.6,0.001000
167600,4.572341,0.012344,4.577204,0.009972,3528.7,0.001000
167700,4.572557,0.012144,4.577419,0.010380,3530.8,0.001000
167800,4.573036,0.012220,4.576962,0.010656,3532.9,0.001000
167900,4.572229,0.012340,4.577114,0.010524,3535.0,0.001000
168000,4.572397,0.012260,4.577316,0.010652,3537.1,0.001000
168100,4.572482,0.012328,4.577093,0.009948,3539.2,0.001000
168200,4.572649,0.012336,4.577364,0.010260,3541.3,0.001000
168300,4.573023,0.012200,4.577089,0.010388,3543.4,0.001000
168400,4.572800,0.011832,4.577081,0.009956,3545.5,0.001000
168500,4.572871,0.012008,4.577187,0.010228,3547.7,0.001000
168600,4.573227,0.011984,4.576707,0.010204,3549.8,0.001000
168700,4.572652,0.012588,4.576944,0.010520,3551.9,0.001000
168800,4.572978,0.011992,4.577629,0.010552,3554.0,0.001000
168900,4.573034,0.012116,4.577540,0.010200,3556.1,0.001000
169000,4.572556,0.012028,4.577252,0.010136,3558.2,0.001000
169100,4.572627,0.012376,4.576856,0.010252,3560.3,0.001000
169200,4.572476,0.012472,4.577100,0.010708,3562.4,0.001000
169300,4.572900,0.011624,4.577439,0.010060,3564.5,0.001000
169400,4.573083,0.012088,4.577545,0.010220,3566.6,0.001000
169500,4.572697,0.012332,4.577170,0.010168,3568.7,0.001000
169600,4.572667,0.012056,4.577439,0.010016,3570.8,0.001000
169700,4.572930,0.011908,4.577247,0.010452,3572.9,0.001000
169800,4.572716,0.012612,4.577263,0.010160,3575.0,0.001000
169900,4.572468,0.012520,4.577388,0.010056,3577.1,0.001000
170000,4.572534,0.012200,4.577184,0.010328,3579.2,0.001000
170100,4.572481,0.012728,4.577664,0.009548,3581.3,0.001000
170200,4.572821,0.011960,4.577139,0.010088,3583.4,0.001000
170300,4.572937,0.012372,4.577459,0.010292,3585.5,0.001000
170400,4.572515,0.012036,4.577312,0.010404,3587.6,0.001000
170500,4.572325,0.012400,4.577325,0.010048,3589.7,0.001000
170600,4.572543,0.012184,4.577578,0.009912,3591.8,0.001000
170700,4.572682,0.012204,4.576777,0.010084,3593.9,0.001000
170800,4.572652,0.011984,4.577122,0.010076,3596.0,0.001000
170900,4.573116,0.011880,4.576798,0.010120,3598.1,0.001000
171000,4.572691,0.011880,4.577090,0.010028,3600.2,0.001000
171100,4.573304,0.011564,4.577243,0.010468,3602.3,0.001000
171200,4.572740,0.012336,4.577335,0.009732,3604.4,0.001000
171300,4.572593,0.012500,4.577240,0.009888,3606.5,0.001000
171400,4.572344,0.012464,4.577332,0.010276,3608.6,0.001000
171500,4.572618,0.012056,4.577454,0.009748,3610.7,0.001000
171600,4.572540,0.012268,4.577207,0.010304,3612.8,0.001000
171700,4.572641,0.012268,4.577331,0.010412,3614.9,0.001000
171800,4.572982,0.011844,4.577175,0.010468,3617.0,0.001000
171900,4.572412,0.012380,4.577264,0.010640,3619.1,0.001000
172000,4.572520,0.011908,4.577393,0.009692,3621.2,0.001000
172100,4.572646,0.012004,4.577853,0.010204,3623.3,0.001000
172200,4.572301,0.012424,4.577389,0.010272,3625.4,0.001000
172300,4.572474,0.012252,4.577743,0.010148,3627.5,0.001000
172400,4.572441,0.012188,4.577522,0.010312,3629.7,0.001000
172500,4.572554,0.012252,4.577378,0.010240,3631.7,0.001000
172600,4.572621,0.011908,4.577101,0.010168,3633.8,0.001000
172700,4.572587,0.012296,4.577484,0.010256,3635.9,0.001000
172800,4.573925,0.011724,4.577634,0.010216,3638.0,0.001000
172900,4.572722,0.011976,4.576990,0.010360,3640.1,0.001000
173000,4.572730,0.012192,4.577068,0.010308,3642.2,0.001000
173100,4.572729,0.012212,4.576855,0.010012,3644.3,0.001000
173200,4.573396,0.011936,4.577509,0.010112,3646.5,0.001000
173300,4.572669,0.012044,4.577281,0.010416,3648.6,0.001000
173400,4.572867,0.012188,4.576637,0.010128,3650.7,0.001000
173500,4.572817,0.012112,4.577247,0.010116,3652.9,0.001000
173600,4.572644,0.012404,4.577588,0.010252,3655.0,0.001000
173700,4.572423,0.012064,4.577114,0.010180,3657.0,0.001000
173800,4.572450,0.012300,4.577342,0.010324,3659.1,0.001000
173900,4.572466,0.012368,4.577401,0.010148,3661.3,0.001000
174000,4.572600,0.012312,4.577342,0.010232,3663.4,0.001000
174100,4.573121,0.011220,4.577456,0.010232,3665.5,0.001000
174200,4.572956,0.011776,4.577448,0.010252,3667.6,0.001000
174300,4.572590,0.011872,4.577312,0.010256,3669.7,0.001000
174400,4.572504,0.012192,4.576949,0.010388,3671.8,0.001000
174500,4.572355,0.011964,4.577319,0.010424,3673.9,0.001000
174600,4.572520,0.012188,4.577689,0.010196,3676.0,0.001000
174700,4.572803,0.012080,4.577382,0.010404,3678.1,0.001000
174800,4.572458,0.012148,4.577613,0.010092,3680.2,0.001000
174900,4.572432,0.012484,4.577081,0.010724,3682.3,0.001000
175000,4.572458,0.012132,4.577428,0.010588,3684.4,0.001000
175100,4.572533,0.012324,4.577617,0.010308,3686.5,0.001000
175200,4.572568,0.012096,4.576963,0.010460,3688.6,0.001000
175300,4.572406,0.011932,4.576955,0.010032,3690.7,0.001000
175400,4.572403,0.012244,4.577590,0.010236,3692.8,0.001000
175500,4.572834,0.012136,4.578082,0.010300,3694.9,0.001000
175600,4.572457,0.012256,4.577184,0.010128,3697.0,0.001000
175700,4.572798,0.012200,4.577685,0.010164,3699.1,0.001000
175800,4.572548,0.012264,4.577143,0.010360,3701.2,0.001000
175900,4.572563,0.012144,4.577404,0.010356,3703.3,0.001000
176000,4.572602,0.012172,4.577491,0.010388,3705.4,0.001000
176100,4.572453,0.012488,4.577557,0.010092,3707.5,0.001000
176200,4.572659,0.012276,4.577441,0.010492,3709.6,0.001000
176300,4.572598,0.012300,4.577468,0.010136,3711.8,0.001000
176400,4.572403,0.012356,4.577507,0.010328,3713.9,0.001000
176500,4.572313,0.011968,4.577456,0.010160,3716.0,0.001000
176600,4.572490,0.011748,4.577109,0.010380,3718.1,0.001000
176700,4.572892,0.012280,4.577081,0.010468,3720.2,0.001000
176800,4.572540,0.012308,4.577002,0.010232,3722.3,0.001000
176900,4.572612,0.012224,4.577025,0.010272,3724.4,0.001000
177000,4.572716,0.012360,4.577268,0.010260,3726.5,0.001000
177100,4.572433,0.012428,4.576855,0.009940,3728.6,0.001000
177200,4.572978,0.011604,4.576876,0.010636,3730.7,0.001000
177300,4.572686,0.012484,4.577452,0.010608,3732.8,0.001000
177400,4.572593,0.012276,4.577269,0.010320,3734.9,0.001000
177500,4.572676,0.012052,4.577333,0.010040,3737.0,0.001000
177600,4.572351,0.011996,4.577236,0.010392,3739.1,0.001000
177700,4.572670,0.011968,4.577415,0.010548,3741.2,0.001000
177800,4.572463,0.012184,4.577470,0.010100,3743.3,0.001000
177900,4.572823,0.011948,4.577270,0.010300,3745.4,0.001000
178000,4.572715,0.011816,4.577727,0.010328,3747.5,0.001000
178100,4.573095,0.011932,4.576966,0.010212,3749.6,0.001000
178200,4.572960,0.012012,4.576873,0.010364,3751.7,0.001000
178300,4.572669,0.011892,4.577249,0.010108,3753.8,0.001000
178400,4.572591,0.011864,4.577047,0.009968,3755.9,0.001000
178500,4.572711,0.012104,4.577063,0.010268,3758.0,0.001000
178600,4.572430,0.012056,4.577185,0.010092,3760.1,0.001000
178700,4.572596,0.011620,4.577105,0.010092,3762.2,0.001000
178800,4.572464,0.012456,4.577064,0.009868,3764.3,0.001000
178900,4.572742,0.012484,4.577135,0.010580,3766.4,0.001000
179000,4.572508,0.012248,4.577372,0.010044,3768.5,0.001000
179100,4.572630,0.012128,4.577126,0.010032,3770.6,0.001000
179200,4.573015,0.011844,4.577396,0.010116,3772.7,0.001000
179300,4.572592,0.012096,4.577899,0.010120,3774.8,0.001000
179400,4.572773,0.012068,4.577149,0.010056,3776.9,0.001000
179500,4.572715,0.012060,4.577160,0.010328,3779.0,0.001000
179600,4.572566,0.012104,4.577514,0.009932,3781.1,0.001000
179700,4.572750,0.012260,4.577594,0.010276,3783.2,0.001000
179800,4.573218,0.011380,4.576881,0.010012,3785.3,0.001000
179900,4.572608,0.012236,4.577434,0.010032,3787.4,0.001000
180000,4.572893,0.012216,4.577150,0.010356,3789.5,0.001000
180100,4.572909,0.012328,4.577074,0.010348,3791.6,0.001000
180200,4.572447,0.012084,4.577292,0.010196,3793.7,0.001000
180300,4.572932,0.011612,4.577218,0.010432,3795.8,0.001000
180400,4.572911,0.012268,4.576772,0.010668,3797.9,0.001000
180500,4.572515,0.012368,4.577098,0.010364,3800.0,0.001000
180600,4.572612,0.012636,4.576756,0.010188,3802.1,0.001000
180700,4.572656,0.012260,4.577378,0.010200,3804.2,0.001000
180800,4.572537,0.012320,4.577305,0.010372,3806.3,0.001000
180900,4.572474,0.012140,4.577558,0.010316,3808.4,0.001000
181000,4.572703,0.011848,4.577249,0.010496,3810.5,0.001000
181100,4.572333,0.012260,4.577406,0.010416,3812.7,0.001000
181200,4.572649,0.012104,4.577288,0.010264,3814.8,0.001000
181300,4.572810,0.011928,4.577436,0.010212,3816.9,0.001000
181400,4.572582,0.012176,4.577630,0.010252,3818.9,0.001000
181500,4.572757,0.012124,4.577027,0.010280,3821.0,0.001000
181600,4.572608,0.012192,4.577129,0.010340,3823.2,0.001000
181700,4.573346,0.011868,4.577365,0.010448,3825.3,0.001000
181800,4.572874,0.012440,4.576823,0.010140,3827.3,0.001000
181900,4.572748,0.011980,4.576787,0.010336,3829.5,0.001000
182000,4.572375,0.012188,4.577309,0.010160,3831.6,0.001000
182100,4.572704,0.012252,4.576876,0.010216,3833.7,0.001000
182200,4.572529,0.012784,4.577318,0.010312,3835.8,0.001000
182300,4.572427,0.012200,4.577435,0.010252,3837.9,0.001000
182400,4.572688,0.012240,4.577384,0.010396,3840.0,0.001000
182500,4.572286,0.012212,4.577761,0.010096,3842.1,0.001000
182600,4.572435,0.012248,4.577340,0.010176,3844.2,0.001000
182700,4.572466,0.012128,4.577351,0.010124,3846.3,0.001000
182800,4.572605,0.012132,4.577031,0.010200,3848.4,0.001000
182900,4.572560,0.012140,4.577530,0.010008,3850.6,0.001000
183000,4.572686,0.012176,4.577702,0.010304,3852.7,0.001000
183100,4.572775,0.011948,4.577218,0.010068,3854.8,0.001000
183200,4.572670,0.012224,4.577273,0.010220,3856.9,0.001000
183300,4.572416,0.011924,4.576897,0.010204,3859.0,0.001000
183400,4.572480,0.012132,4.577560,0.010224,3861.1,0.001000
183500,4.572955,0.011996,4.577242,0.010308,3863.2,0.001000
183600,4.572711,0.012112,4.576591,0.010284,3865.3,0.001000
183700,4.572628,0.012120,4.577050,0.010084,3867.4,0.001000
183800,4.572682,0.012096,4.577546,0.010216,3869.5,0.001000
183900,4.572588,0.012044,4.577301,0.010152,3871.6,0.001000
184000,4.572996,0.011844,4.577344,0.010048,3873.7,0.001000
184100,4.572419,0.012144,4.577187,0.010180,9294.1,0.001000
184200,4.572527,0.012388,4.577452,0.009944,9296.8,0.001000
184300,4.572824,0.012016,4.576546,0.010032,9299.0,0.001000
184400,4.572451,0.012776,4.576951,0.010420,9301.0,0.001000
184500,4.572722,0.011656,4.577053,0.010084,9303.1,0.001000
184600,4.572662,0.012228,4.577330,0.010208,9305.3,0.001000
184700,4.572618,0.012400,4.577417,0.009968,9307.5,0.001000
184800,4.572714,0.012064,4.577206,0.010008,9309.5,0.001000
184900,4.572932,0.012248,4.577601,0.010056,9311.7,0.001000
185000,4.572756,0.012224,4.577264,0.010660,9313.8,0.001000
185100,4.572670,0.012388,4.576857,0.009936,9315.9,0.001000
185200,4.572462,0.012640,4.576901,0.010296,9318.0,0.001000
185300,4.572565,0.012320,4.577260,0.009908,9320.1,0.001000
185400,4.572906,0.011976,4.577165,0.010216,9322.2,0.001000
185500,4.572748,0.012088,4.577528,0.010180,9324.3,0.001000
185600,4.572909,0.011900,4.577066,0.010288,9326.4,0.001000
185700,4.572418,0.012492,4.577383,0.010320,9328.5,0.001000
185800,4.572646,0.012552,4.577513,0.010328,9330.6,0.001000
185900,4.572759,0.012236,4.577083,0.010332,9332.6,0.001000
186000,4.572845,0.012084,4.577416,0.009772,9334.7,0.001000
186100,4.572881,0.011800,4.577302,0.010240,9336.7,0.001000
186200,4.572677,0.012120,4.577006,0.010396,9338.8,0.001000
186300,4.572733,0.012284,4.577423,0.010572,9340.9,0.001000
186400,4.572721,0.012148,4.577199,0.009972,9342.9,0.001000
186500,4.573043,0.011580,4.576910,0.010296,9345.1,0.001000
186600,4.572518,0.012140,4.577506,0.010412,9347.2,0.001000
186700,4.573102,0.011724,4.577345,0.010300,9349.2,0.001000
186800,4.572444,0.012204,4.577197,0.009892,9351.3,0.001000
186900,4.572437,0.012252,4.577010,0.010516,9353.3,0.001000
187000,4.572395,0.012568,4.577272,0.010336,9355.4,0.001000
187100,4.572680,0.012292,4.576972,0.010412,9357.5,0.001000
187200,4.572824,0.012216,4.577556,0.010136,9359.6,0.001000
187300,4.572400,0.012244,4.576860,0.010552,9361.6,0.001000
187400,4.572448,0.012512,4.577083,0.010584,9363.7,0.001000
187500,4.572349,0.012452,4.577255,0.010532,9365.7,0.001000
187600,4.573047,0.012092,4.577582,0.010080,9367.7,0.001000
187700,4.572542,0.012052,4.577351,0.010424,9369.8,0.001000
187800,4.572896,0.011796,4.577594,0.010188,9371.8,0.001000
187900,4.572557,0.012460,4.577116,0.010400,9373.9,0.001000
188000,4.572344,0.012408,4.577489,0.010388,9376.0,0.001000
188100,4.572691,0.012268,4.577134,0.010412,9378.1,0.001000
188200,4.572206,0.012360,4.577535,0.010312,9380.1,0.001000
188300,4.572376,0.012328,4.577337,0.009940,9382.2,0.001000
188400,4.572641,0.012080,4.577031,0.010260,9384.3,0.001000
188500,4.573064,0.011884,4.577406,0.010156,9386.3,0.001000
188600,4.572848,0.012172,4.577521,0.010084,9388.4,0.001000
188700,4.572604,0.012076,4.577392,0.010364,9390.4,0.001000
188800,4.572979,0.012148,4.576908,0.010564,9392.4,0.001000
188900,4.572512,0.012664,4.577746,0.010716,9394.5,0.001000
189000,4.572523,0.012120,4.577221,0.009976,9396.6,0.001000
189100,4.572628,0.012172,4.577048,0.010388,9398.6,0.001000
189200,4.572563,0.012056,4.577504,0.009940,9400.7,0.001000
189300,4.572752,0.012116,4.577093,0.010180,9402.7,0.001000
189400,4.573016,0.012036,4.577374,0.009844,9404.8,0.001000
189500,4.572806,0.012544,4.577270,0.010060,9406.8,0.001000
189600,4.572553,0.012132,4.577387,0.010288,9408.9,0.001000
189700,4.572707,0.012560,4.577401,0.010120,9410.9,0.001000
189800,4.572338,0.012552,4.577409,0.009640,9413.0,0.001000
189900,4.572546,0.012544,4.577137,0.010328,9415.0,0.001000
190000,4.572580,0.012080,4.577336,0.010360,9417.2,0.001000
190100,4.572476,0.012224,4.576984,0.010460,9419.3,0.001000
190200,4.572800,0.011884,4.576765,0.010096,9421.4,0.001000
190300,4.572748,0.011916,4.577149,0.010312,9423.6,0.001000
190400,4.572681,0.012084,4.577303,0.010152,9425.7,0.001000
190500,4.572460,0.012376,4.577667,0.010188,9427.9,0.001000
190600,4.572589,0.012080,4.577515,0.010612,9430.0,0.001000
190700,4.572533,0.012160,4.577599,0.010496,9432.1,0.001000
190800,4.572451,0.012448,4.576918,0.010492,9434.2,0.001000
190900,4.572521,0.012144,4.576968,0.010296,9436.3,0.001000
191000,4.572594,0.012280,4.577715,0.010200,9438.5,0.001000
191100,4.572929,0.011976,4.577085,0.010384,9440.6,0.001000
191200,4.573038,0.012176,4.577284,0.010036,9442.8,0.001000
191300,4.572534,0.012480,4.576976,0.010140,9444.9,0.001000
191400,4.573027,0.012100,4.577027,0.010340,9447.1,0.001000
191500,4.572391,0.012708,4.576884,0.010164,9449.2,0.001000
191600,4.572424,0.012204,4.577040,0.010236,9451.3,0.001000
191700,4.572821,0.011932,4.577439,0.009932,9453.5,0.001000
191800,4.572352,0.012136,4.577303,0.010152,9455.6,0.001000
191900,4.572556,0.012052,4.576919,0.010072,9457.8,0.001000
192000,4.572257,0.012180,4.577191,0.009876,9459.9,0.001000
192100,4.572380,0.012048,4.577000,0.010224,9462.0,0.001000
192200,4.572363,0.012196,4.577641,0.010172,9464.1,0.001000
192300,4.572783,0.012132,4.577178,0.010416,9466.2,0.001000
192400,4.572423,0.012260,4.576477,0.010528,9468.2,0.001000
192500,4.572750,0.012448,4.577013,0.010020,9470.3,0.001000
192600,4.572355,0.012360,4.577435,0.010000,9472.5,0.001000
192700,4.572399,0.012096,4.577155,0.010328,9474.7,0.001000
192800,4.572692,0.011936,4.576875,0.010148,9476.8,0.001000
192900,4.572876,0.011784,4.577194,0.010144,9479.0,0.001000
193000,4.572769,0.012228,4.577761,0.010004,9481.1,0.001000
193100,4.572717,0.012376,4.577255,0.010324,9483.3,0.001000
193200,4.572915,0.011932,4.577389,0.010264,9485.4,0.001000
193300,4.572562,0.012236,4.577625,0.010444,9487.5,0.001000
193400,4.572618,0.012236,4.576869,0.010408,9489.8,0.001000
193500,4.572435,0.012092,4.577477,0.010068,9492.0,0.001000
193600,4.572801,0.012356,4.577590,0.010180,9494.1,0.001000
193700,4.572789,0.011576,4.577170,0.010148,9496.4,0.001000
193800,4.572401,0.012108,4.577109,0.010192,9498.6,0.001000
193900,4.572550,0.012328,4.577589,0.009876,9500.8,0.001000
194000,4.572699,0.012652,4.577750,0.010340,9503.0,0.001000
194100,4.572346,0.012088,4.577377,0.010364,9505.2,0.001000
194200,4.572711,0.012188,4.578114,0.010340,9507.4,0.001000
194300,4.572853,0.012004,4.577557,0.010340,9509.6,0.001000
194400,4.572670,0.012024,4.577394,0.009876,9511.8,0.001000
194500,4.572894,0.012468,4.577086,0.010324,9514.0,0.001000
194600,4.572478,0.012288,4.577723,0.010536,9516.1,0.001000
194700,4.573347,0.011868,4.577167,0.010408,9518.3,0.001000
194800,4.572691,0.012024,4.577213,0.010196,9520.4,0.001000
194900,4.572719,0.012200,4.577365,0.010020,9522.6,0.001000
195000,4.573016,0.012032,4.577936,0.010472,9524.7,0.001000
195100,4.572787,0.012236,4.577167,0.009964,9526.8,0.001000
195200,4.572755,0.012032,4.577498,0.010196,9529.0,0.001000
195300,4.572679,0.012340,4.577323,0.010260,9531.1,0.001000
195400,4.572961,0.011976,4.576773,0.010140,9533.3,0.001000
195500,4.572472,0.011836,4.577398,0.010216,9535.4,0.001000
195600,4.572697,0.012172,4.577052,0.010332,9537.6,0.001000
195700,4.572780,0.012360,4.577775,0.010012,9539.7,0.001000
195800,4.573276,0.011480,4.576888,0.009956,9541.9,0.001000
195900,4.572817,0.011892,4.576846,0.010112,9544.1,0.001000
196000,4.572752,0.012124,4.577229,0.010092,9546.2,0.001000
196100,4.572742,0.012252,4.576986,0.010352,9548.3,0.001000
196200,4.572651,0.012144,4.577036,0.010120,9550.5,0.001000
196300,4.572912,0.011796,4.577253,0.010296,9552.7,0.001000
196400,4.572651,0.012156,4.577487,0.010088,9554.9,0.001000
196500,4.572864,0.012108,4.577428,0.010040,9557.0,0.001000
196600,4.572627,0.011808,4.577075,0.010256,9559.2,0.001000
196700,4.572670,0.011848,4.576804,0.010520,9561.4,0.001000
196800,4.572825,0.011784,4.577407,0.010092,9563.5,0.001000
196900,4.572617,0.012448,4.577030,0.010644,9565.7,0.001000
197000,4.572934,0.011992,4.576810,0.010260,9567.9,0.001000
197100,4.572575,0.012552,4.577196,0.010464,9570.0,0.001000
197200,4.572791,0.011976,4.576731,0.010036,9572.2,0.001000
197300,4.572595,0.012172,4.577257,0.010216,9574.3,0.001000
197400,4.572596,0.011792,4.576955,0.010056,9576.4,0.001000
197500,4.572699,0.012376,4.576910,0.010008,9578.6,0.001000
197600,4.572873,0.012132,4.577175,0.009936,9580.7,0.001000
197700,4.572529,0.012380,4.576736,0.010232,9582.9,0.001000
197800,4.572793,0.011984,4.577175,0.010020,9585.0,0.001000
197900,4.572425,0.012236,4.577201,0.009940,9587.2,0.001000
198000,4.572682,0.012184,4.577874,0.009940,9589.3,0.001000
198100,4.572561,0.012240,4.577061,0.010004,9591.5,0.001000
198200,4.573008,0.012080,4.577204,0.010324,9593.6,0.001000
198300,4.572691,0.012092,4.577797,0.010248,9595.8,0.001000
198400,4.572859,0.011736,4.577285,0.010108,9597.9,0.001000
198500,4.573024,0.011744,4.577417,0.010312,9600.2,0.001000
198600,4.572821,0.011992,4.577579,0.010312,9602.4,0.001000
198700,4.572497,0.012540,4.577193,0.009964,9604.6,0.001000
198800,4.572731,0.011996,4.577537,0.010312,9606.8,0.001000
198900,4.572486,0.012108,4.577219,0.010156,9608.9,0.001000
199000,4.572415,0.012280,4.577303,0.009744,9611.1,0.001000
199100,4.572547,0.012044,4.577247,0.009956,9613.2,0.001000
199200,4.572561,0.011996,4.577055,0.010400,9615.4,0.001000
199300,4.572413,0.012192,4.577439,0.010184,9617.5,0.001000
199400,4.573033,0.011952,4.577455,0.010112,9619.7,0.001000
199500,4.572880,0.012344,4.577094,0.010272,9621.8,0.001000
199600,4.573234,0.011844,4.577572,0.010280,9624.0,0.001000
199700,4.572593,0.012384,4.577679,0.010216,9626.1,0.001000
199800,4.572614,0.012116,4.577463,0.010068,9628.4,0.001000
199900,4.572725,0.012020,4.577286,0.010084,9630.7,0.001000
200000,4.572885,0.012116,4.576974,0.010248,9632.8,0.001000
200100,4.572747,0.011988,4.576876,0.010200,9635.0,0.001000
200200,4.572750,0.012304,4.577661,0.010116,9637.1,0.001000
200300,4.572659,0.012236,4.577436,0.010284,9639.2,0.001000
200400,4.572740,0.011760,4.576799,0.010240,9641.4,0.001000
200500,4.572991,0.012380,4.577471,0.009916,9643.5,0.001000
200600,4.572769,0.011752,4.577508,0.010340,9645.7,0.001000
200700,4.572621,0.012076,4.577389,0.010232,9647.8,0.001000
200800,4.572489,0.012160,4.577414,0.009844,9650.0,0.001000
200900,4.572995,0.012276,4.577525,0.010012,9652.2,0.001000
201000,4.572849,0.012604,4.577190,0.010036,9654.4,0.001000
201100,4.572897,0.012156,4.576759,0.010216,9656.6,0.001000
201200,4.572475,0.012524,4.577320,0.009988,9658.7,0.001000
201300,4.572496,0.012456,4.577195,0.010496,9660.9,0.001000
201400,4.572669,0.012488,4.577786,0.010240,9663.1,0.001000
201500,4.572436,0.012272,4.577759,0.010252,9665.3,0.001000
201600,4.572464,0.012504,4.577367,0.010192,9667.6,0.001000
201700,4.572481,0.012224,4.577422,0.010064,9669.7,0.001000
201800,4.572684,0.012228,4.577299,0.010008,9672.0,0.001000
201900,4.572856,0.012128,4.577607,0.010504,9674.2,0.001000
202000,4.572310,0.012352,4.577463,0.010140,9676.3,0.001000
202100,4.572756,0.012200,4.577225,0.010228,9678.5,0.001000
202200,4.572605,0.012424,4.577299,0.009948,9680.6,0.001000
202300,4.572759,0.012020,4.577245,0.010012,9682.7,0.001000
202400,4.572918,0.012420,4.577915,0.010196,9684.8,0.001000
202500,4.572524,0.012328,4.577825,0.009960,9686.9,0.001000
202600,4.572332,0.012352,4.577272,0.010216,9689.0,0.001000
202700,4.572732,0.012524,4.577177,0.010304,9691.2,0.001000
202800,4.572476,0.012140,4.577529,0.009956,9693.3,0.001000
202900,4.572667,0.011936,4.577218,0.010256,9695.5,0.001000
203000,4.572648,0.012260,4.577761,0.009708,9697.7,0.001000
203100,4.572573,0.012316,4.577353,0.010108,9699.8,0.001000
203200,4.572501,0.012012,4.577362,0.009788,9701.9,0.001000
203300,4.572565,0.012236,4.577690,0.009952,9704.0,0.001000
203400,4.572379,0.012364,4.577404,0.010056,9706.1,0.001000
203500,4.572367,0.012404,4.578167,0.010024,9708.2,0.001000
203600,4.572729,0.012120,4.577653,0.009972,9710.3,0.001000
203700,4.572680,0.011784,4.577121,0.010396,9712.4,0.001000
203800,4.572666,0.012508,4.577208,0.009972,9714.5,0.001000
203900,4.572674,0.012436,4.577631,0.010372,9716.6,0.001000
204000,4.572860,0.011864,4.577521,0.010512,9718.7,0.001000
204100,4.572658,0.011964,4.577391,0.010108,9720.8,0.001000
204200,4.572673,0.012044,4.576980,0.010524,9722.9,0.001000
204300,4.572672,0.012108,4.577096,0.010332,9725.1,0.001000
204400,4.572661,0.012288,4.577724,0.010160,9727.2,0.001000
204500,4.572614,0.011916,4.577359,0.010340,9729.3,0.001000
204600,4.572568,0.012016,4.577868,0.010436,9731.4,0.001000
204700,4.572559,0.012368,4.577636,0.010100,9733.5,0.001000
204800,4.573258,0.012484,4.577024,0.010400,9735.6,0.001000
204900,4.572661,0.012072,4.577115,0.010100,9737.7,0.001000
205000,4.572731,0.012196,4.577711,0.010216,9739.8,0.001000
205100,4.572547,0.012272,4.577102,0.010204,9741.9,0.001000
205200,4.572375,0.012588,4.577706,0.010380,9744.1,0.001000
205300,4.573491,0.012024,4.577262,0.010380,9746.2,0.001000
205400,4.572533,0.012192,4.577519,0.010268,9748.3,0.001000
205500,4.573151,0.011552,4.576932,0.010304,9750.5,0.001000
205600,4.572831,0.012180,4.577352,0.010384,9752.6,0.001000
205700,4.572583,0.012352,4.577498,0.010180,9754.7,0.001000
205800,4.572817,0.012024,4.577352,0.010324,9756.8,0.001000
205900,4.573032,0.012096,4.577541,0.009944,9759.0,0.001000
206000,4.572843,0.011988,4.577367,0.010452,9761.1,0.001000
206100,4.572926,0.011996,4.577880,0.009912,9763.3,0.001000
206200,4.572957,0.011956,4.577145,0.010020,9765.4,0.001000
206300,4.573027,0.011968,4.577076,0.010268,9767.5,0.001000
206400,4.572693,0.012236,4.577531,0.010244,9769.7,0.001000
206500,4.573040,0.011916,4.576944,0.010260,9771.8,0.001000
206600,4.572869,0.012100,4.576794,0.010100,9773.9,0.001000
206700,4.572752,0.011756,4.577411,0.010088,9776.1,0.001000
206800,4.572834,0.012192,4.577346,0.010644,9778.2,0.001000
206900,4.572852,0.012016,4.577346,0.010020,9780.3,0.001000
207000,4.572878,0.011924,4.576845,0.010268,9782.4,0.001000
207100,4.572678,0.012120,4.577374,0.010360,9784.6,0.001000
207200,4.572842,0.012040,4.577338,0.010440,9786.7,0.001000
207300,4.572659,0.012088,4.576935,0.010212,9788.8,0.001000
207400,4.573047,0.012080,4.576575,0.010224,9790.9,0.001000
207500,4.572956,0.012052,4.577299,0.010200,9793.0,0.001000
207600,4.572381,0.012588,4.577059,0.010104,9795.1,0.001000
207700,4.572609,0.012148,4.577805,0.010088,9797.2,0.001000
207800,4.572588,0.012468,4.577470,0.009824,9799.4,0.001000
207900,4.572759,0.012384,4.577294,0.010124,9801.6,0.001000
208000,4.572696,0.012156,4.577148,0.010120,9803.7,0.001000
208100,4.572754,0.012424,4.577727,0.010240,9805.8,0.001000
208200,4.572836,0.012260,4.577110,0.010288,9808.0,0.001000
208300,4.572936,0.011660,4.577205,0.010308,9810.1,0.001000
208400,4.572489,0.012268,4.576973,0.010096,9812.2,0.001000
208500,4.572454,0.012184,4.577774,0.010228,9814.3,0.001000
208600,4.572565,0.012352,4.577897,0.010180,9816.4,0.001000
208700,4.572872,0.012208,4.577046,0.010712,9818.6,0.001000
208800,4.572858,0.012212,4.576440,0.010312,9820.7,0.001000
208900,4.572468,0.012240,4.577314,0.010440,9822.8,0.001000
209000,4.572515,0.012840,4.577251,0.010208,9824.9,0.001000
209100,4.572489,0.012356,4.577051,0.010676,9827.1,0.001000
209200,4.572374,0.012524,4.577382,0.010596,9829.2,0.001000
209300,4.572422,0.012232,4.577346,0.010520,9831.3,0.001000
209400,4.573081,0.012092,4.577715,0.010520,9833.5,0.001000
209500,4.572825,0.012236,4.577332,0.010620,9835.6,0.001000
209600,4.572217,0.012592,4.577425,0.010344,9837.7,0.001000
209700,4.572687,0.012260,4.576903,0.010040,9839.9,0.001000
209800,4.572614,0.012304,4.577208,0.010100,9842.0,0.001000
209900,4.572779,0.011740,4.577225,0.010464,9844.1,0.001000
210000,4.572456,0.012216,4.577328,0.009968,9846.3,0.001000
210100,4.572668,0.012504,4.576910,0.010328,9848.5,0.001000
210200,4.572688,0.012304,4.576986,0.010224,9850.6,0.001000
210300,4.572968,0.012064,4.576997,0.010020,9852.8,0.001000
210400,4.572603,0.012348,4.577184,0.010216,9854.9,0.001000
210500,4.572558,0.012276,4.577222,0.010148,9857.0,0.001000
210600,4.572565,0.012340,4.577122,0.010208,9859.2,0.001000
210700,4.572631,0.012132,4.576640,0.010660,9861.3,0.001000
210800,4.572787,0.012412,4.577832,0.010284,9863.4,0.001000
210900,4.572618,0.011960,4.577864,0.010252,9865.5,0.001000
211000,4.572721,0.012324,4.577197,0.010448,9867.6,0.001000
211100,4.572443,0.011776,4.577592,0.010488,9869.8,0.001000
211200,4.572559,0.012268,4.577706,0.010272,9872.0,0.001000
211300,4.572987,0.012184,4.577526,0.010200,9874.1,0.001000
211400,4.572375,0.012176,4.577218,0.009912,9876.3,0.001000
211500,4.572498,0.012132,4.577100,0.010304,9878.5,0.001000
211600,4.572742,0.012032,4.577332,0.010496,9880.7,0.001000
211700,4.572991,0.012156,4.577099,0.009856,9882.9,0.001000
211800,4.572693,0.012104,4.577298,0.010376,9885.0,0.001000
211900,4.572653,0.012332,4.577270,0.010256,9887.1,0.001000
212000,4.572636,0.012216,4.576598,0.010140,9889.2,0.001000
212100,4.572623,0.012436,4.576829,0.010264,9891.4,0.001000
212200,4.572938,0.012156,4.576861,0.010324,9893.5,0.001000
212300,4.572615,0.012452,4.577037,0.010424,9895.7,0.001000
212400,4.572753,0.012400,4.576943,0.010220,9897.8,0.001000
212500,4.572710,0.011952,4.577138,0.010136,9899.9,0.001000
212600,4.572424,0.012376,4.577252,0.010356,9902.0,0.001000
212700,4.572619,0.012332,4.577137,0.010224,9904.2,0.001000
212800,4.572886,0.012164,4.577398,0.010368,9906.3,0.001000
212900,4.573200,0.012244,4.577086,0.010072,9908.4,0.001000
213000,4.572689,0.012160,4.577502,0.010172,9910.6,0.001000
213100,4.572894,0.012244,4.577274,0.010304,9912.7,0.001000
213200,4.572874,0.011760,4.577064,0.010200,9914.8,0.001000
213300,4.572920,0.012344,4.577242,0.010116,9916.9,0.001000
213400,4.572821,0.012200,4.576915,0.010220,9919.1,0.001000
213500,4.572896,0.011900,4.577404,0.010808,9921.2,0.001000
213600,4.572755,0.011924,4.576788,0.010164,9923.4,0.001000
213700,4.572486,0.012184,4.577115,0.010592,9925.5,0.001000
213800,4.572716,0.012264,4.577223,0.010272,9927.6,0.001000
213900,4.572862,0.011552,4.577129,0.010272,9929.8,0.001000
214000,4.572357,0.012368,4.577188,0.010284,9931.9,0.001000
214100,4.573017,0.012404,4.577239,0.010176,9934.0,0.001000
214200,4.572836,0.012356,4.577603,0.010548,9936.1,0.001000
214300,4.572587,0.012172,4.577343,0.010264,9938.2,0.001000
214400,4.572351,0.012364,4.577278,0.010196,9940.3,0.001000
214500,4.572505,0.012188,4.577454,0.010032,9942.5,0.001000
214600,4.572378,0.012188,4.577394,0.010512,9944.6,0.001000
214700,4.572536,0.012176,4.577082,0.010036,9946.7,0.001000
214800,4.572867,0.012364,4.576766,0.009940,9948.9,0.001000
214900,4.572837,0.011924,4.577146,0.010012,9951.0,0.001000
215000,4.572528,0.012208,4.577031,0.010376,9953.1,0.001000
215100,4.572724,0.012120,4.577042,0.010284,9955.3,0.001000
215200,4.572764,0.011768,4.577172,0.010288,9957.4,0.001000
215300,4.572563,0.012192,4.576964,0.010300,9959.6,0.001000
215400,4.572607,0.011988,4.577403,0.010296,9961.7,0.001000
215500,4.572282,0.012472,4.577885,0.010064,9963.8,0.001000
215600,4.572259,0.012076,4.577658,0.010000,9966.0,0.001000
215700,4.572589,0.012092,4.577544,0.010432,9968.2,0.001000
215800,4.572322,0.012056,4.577385,0.010272,9970.3,0.001000
215900,4.572465,0.012376,4.576976,0.010176,9972.5,0.001000
216000,4.572871,0.012232,4.577328,0.010508,9974.6,0.001000
216100,4.572878,0.012020,4.577105,0.010500,9976.7,0.001000
216200,4.572463,0.012312,4.577238,0.010560,9978.8,0.001000
216300,4.573005,0.012040,4.577136,0.010540,9980.9,0.001000
216400,4.572521,0.012304,4.577041,0.010388,9983.0,0.001000
216500,4.572611,0.012272,4.577071,0.010388,9985.1,0.001000
216600,4.572674,0.012580,4.577262,0.010408,9987.2,0.001000
216700,4.572587,0.012668,4.576872,0.010480,9989.3,0.001000
216800,4.572807,0.012080,4.577077,0.010028,9991.5,0.001000
216900,4.572925,0.011984,4.577290,0.010204,9993.6,0.001000
217000,4.572999,0.012284,4.577031,0.009908,9995.7,0.001000
217100,4.572451,0.012792,4.577230,0.010136,9997.8,0.001000
217200,4.572425,0.012460,4.577436,0.010340,10000.0,0.001000
217300,4.572714,0.012364,4.577067,0.010708,10002.1,0.001000
217400,4.572618,0.012172,4.577428,0.010472,10004.2,0.001000
217500,4.572461,0.012296,4.577159,0.010120,10006.3,0.001000
217600,4.572493,0.012024,4.577677,0.010072,10008.4,0.001000
217700,4.572321,0.012236,4.577940,0.010004,10010.5,0.001000
217800,4.572644,0.012580,4.577554,0.010516,10012.7,0.001000
217900,4.572505,0.011888,4.577259,0.010180,10014.8,0.001000
218000,4.572591,0.012092,4.577866,0.010244,10016.9,0.001000
218100,4.572474,0.012232,4.577278,0.010360,10019.0,0.001000
218200,4.572724,0.012024,4.577189,0.010260,10021.2,0.001000
218300,4.572882,0.011824,4.577326,0.010292,10023.3,0.001000
218400,4.572515,0.012280,4.577537,0.010012,10025.4,0.001000
218500,4.572546,0.011900,4.577139,0.010128,10027.5,0.001000
218600,4.572869,0.011972,4.577395,0.010384,10029.7,0.001000
218700,4.572443,0.012096,4.577316,0.010132,10031.8,0.001000
218800,4.572925,0.011840,4.577893,0.010212,10033.9,0.001000
218900,4.573018,0.011880,4.577545,0.010080,10036.1,0.001000
219000,4.572720,0.012412,4.576733,0.010352,10038.2,0.001000
219100,4.573163,0.012148,4.577117,0.010652,10040.3,0.001000
219200,4.572717,0.012300,4.577271,0.009880,10042.4,0.001000
219300,4.572931,0.011920,4.577001,0.010208,10044.6,0.001000
219400,4.572675,0.012348,4.577654,0.010268,10046.7,0.001000
219500,4.572584,0.012044,4.577623,0.010196,10048.8,0.001000
219600,4.572507,0.012300,4.577211,0.010204,10050.9,0.001000
219700,4.572676,0.012088,4.577131,0.010268,10053.0,0.001000
219800,4.572614,0.012220,4.576986,0.010472,10055.1,0.001000
219900,4.572799,0.011852,4.577767,0.010136,10057.3,0.001000
220000,4.572536,0.012096,4.577095,0.010516,10059.4,0.001000
220100,4.573025,0.012056,4.576963,0.010108,10061.5,0.001000
220200,4.572779,0.012280,4.577281,0.010808,10063.6,0.001000
220300,4.573371,0.012076,4.576614,0.010088,10065.8,0.001000
220400,4.572717,0.011956,4.577013,0.010512,10067.9,0.001000
220500,4.572581,0.011964,4.577068,0.010632,10070.0,0.001000
220600,4.572482,0.011984,4.576890,0.010536,10072.1,0.001000
220700,4.573056,0.012076,4.576826,0.010644,10074.2,0.001000
220800,4.572668,0.012388,4.576999,0.010292,10076.3,0.001000
220900,4.572493,0.012468,4.576877,0.010460,10078.4,0.001000
221000,4.572546,0.012520,4.576775,0.010720,10080.6,0.001000
221100,4.572471,0.012232,4.577086,0.010364,10082.7,0.001000
221200,4.572649,0.012172,4.576672,0.010268,10084.8,0.001000
221300,4.572611,0.012384,4.577320,0.010256,10086.9,0.001000
221400,4.572356,0.012348,4.577030,0.010220,10089.1,0.001000
221500,4.572971,0.012044,4.577021,0.010476,10091.2,0.001000
221600,4.572971,0.012184,4.577255,0.010328,10093.3,0.001000
221700,4.572579,0.012324,4.576703,0.010216,10095.5,0.001000
221800,4.572508,0.012256,4.577543,0.010128,10097.6,0.001000
221900,4.572396,0.012340,4.577017,0.010308,10099.7,0.001000
222000,4.572554,0.011900,4.576814,0.010416,10101.8,0.001000
222100,4.572591,0.012552,4.577212,0.010236,10104.0,0.001000
222200,4.572745,0.012252,4.576993,0.010240,10106.1,0.001000
222300,4.573014,0.012096,4.577416,0.010004,10108.2,0.001000
222400,4.572484,0.012200,4.577237,0.010468,10110.3,0.001000
222500,4.573153,0.012036,4.577446,0.010212,10112.5,0.001000
222600,4.572746,0.012116,4.577211,0.010128,10114.6,0.001000
222700,4.572714,0.012492,4.577267,0.009924,10116.8,0.001000
222800,4.572682,0.012232,4.577182,0.010228,10118.9,0.001000
222900,4.572481,0.012072,4.577123,0.010100,10121.1,0.001000
223000,4.572808,0.012032,4.576819,0.010172,10123.2,0.001000
223100,4.572330,0.012428,4.577669,0.009908,10125.3,0.001000
223200,4.572861,0.012128,4.576715,0.010108,10127.4,0.001000
223300,4.572838,0.012428,4.577087,0.010180,10129.5,0.001000
223400,4.572502,0.012024,4.576744,0.010224,10131.7,0.001000
223500,4.572663,0.012208,4.576653,0.010712,10133.8,0.001000
223600,4.572616,0.012296,4.576922,0.010060,10135.9,0.001000
223700,4.573192,0.011980,4.577805,0.010408,10138.1,0.001000
223800,4.572935,0.012216,4.576846,0.010444,10140.2,0.001000
223900,4.572726,0.012348,4.577106,0.010004,10142.3,0.001000
224000,4.572643,0.012316,4.577071,0.010400,10144.4,0.001000
224100,4.572590,0.012484,4.576834,0.010196,10146.6,0.001000
224200,4.572429,0.012172,4.577095,0.010680,10148.8,0.001000
224300,4.572658,0.012408,4.576962,0.010352,10150.9,0.001000
224400,4.572857,0.012204,4.577261,0.010000,10152.9,0.001000
224500,4.572726,0.012072,4.577035,0.010240,10155.1,0.001000
224600,4.572369,0.011664,4.577219,0.010176,10157.2,0.001000
224700,4.572468,0.012068,4.577983,0.010116,10159.3,0.001000
224800,4.572461,0.011724,4.576995,0.010364,10161.4,0.001000
224900,4.572598,0.011992,4.577125,0.010340,10163.5,0.001000
225000,4.572506,0.012284,4.577081,0.010224,10165.7,0.001000
225100,4.572554,0.012008,4.577400,0.010228,10167.8,0.001000
225200,4.572743,0.012108,4.576847,0.010276,10169.9,0.001000
225300,4.572944,0.012080,4.577051,0.010428,10172.0,0.001000
225400,4.572815,0.012188,4.577099,0.009956,10174.1,0.001000
225500,4.572578,0.012276,4.577508,0.009956,10176.3,0.001000
225600,4.572366,0.012288,4.577213,0.009552,10178.4,0.001000
225700,4.572609,0.012628,4.577575,0.010624,10180.5,0.001000
225800,4.572973,0.012164,4.576783,0.010552,10182.6,0.001000
225900,4.572782,0.011980,4.577310,0.010236,10184.7,0.001000
226000,4.572821,0.012092,4.576561,0.009960,10186.8,0.001000
226100,4.572539,0.012376,4.577014,0.009948,10188.9,0.001000
226200,4.572664,0.012284,4.577399,0.010252,10191.1,0.001000
226300,4.572901,0.012024,4.577594,0.010228,10193.2,0.001000
226400,4.572392,0.012504,4.577233,0.010484,10195.4,0.001000
226500,4.573020,0.012020,4.576992,0.010336,10197.5,0.001000
226600,4.573358,0.012172,4.577179,0.010892,10199.6,0.001000
226700,4.572644,0.012560,4.577294,0.010412,10201.7,0.001000
226800,4.572378,0.012400,4.577222,0.010380,10203.8,0.001000
226900,4.572611,0.011896,4.576924,0.010152,10206.0,0.001000
227000,4.572671,0.011940,4.577454,0.009832,10208.2,0.001000
227100,4.573061,0.011952,4.576902,0.009852,10210.4,0.001000
227200,4.572429,0.012304,4.577310,0.010260,10212.5,0.001000
227300,4.572831,0.012252,4.577588,0.010284,10214.7,0.001000
227400,4.572471,0.012676,4.577240,0.010032,10216.8,0.001000
227500,4.572533,0.012512,4.577690,0.010292,10219.0,0.001000
227600,4.572845,0.011980,4.577332,0.010032,10221.1,0.001000
227700,4.572615,0.012788,4.577205,0.010324,10223.2,0.001000
227800,4.572759,0.012068,4.577862,0.009912,10225.4,0.001000
227900,4.572226,0.012652,4.577594,0.010372,10227.5,0.001000
228000,4.572333,0.012728,4.577294,0.010176,10229.6,0.001000
228100,4.573038,0.012204,4.577436,0.010296,10231.7,0.001000
228200,4.572727,0.012836,4.577013,0.010344,10233.8,0.001000
228300,4.572670,0.012664,4.577559,0.010564,10235.9,0.001000
228400,4.572320,0.012812,4.577503,0.010268,10238.0,0.001000
228500,4.572523,0.012492,4.576949,0.010460,10240.2,0.001000
228600,4.572375,0.012352,4.577293,0.010232,10242.3,0.001000
228700,4.572588,0.012548,4.577326,0.010328,10244.4,0.001000
228800,4.572708,0.011832,4.576943,0.010456,10246.6,0.001000
228900,4.572629,0.012148,4.577332,0.010040,10248.8,0.001000
229000,4.572686,0.012252,4.577696,0.010040,10251.0,0.001000
229100,4.572522,0.012472,4.577637,0.010204,10253.1,0.001000
229200,4.572666,0.012212,4.577314,0.010344,10255.2,0.001000
229300,4.572940,0.012236,4.577403,0.010080,10257.3,0.001000
229400,4.572446,0.012268,4.577221,0.010396,10259.5,0.001000
229500,4.572424,0.011792,4.577518,0.010092,10261.6,0.001000
229600,4.572402,0.012568,4.577765,0.010144,10263.7,0.001000
229700,4.573028,0.012296,4.577872,0.009880,10265.8,0.001000
229800,4.572799,0.012584,4.577529,0.010128,10268.1,0.001000
229900,4.572491,0.011888,4.577249,0.010036,10270.2,0.001000
230000,4.572638,0.012748,4.577588,0.009928,10272.4,0.001000
230100,4.572565,0.012428,4.577602,0.009856,10274.5,0.001000
230200,4.572567,0.012508,4.577335,0.009868,10276.6,0.001000
230300,4.572837,0.012036,4.577038,0.010136,10278.7,0.001000
230400,4.572355,0.012468,4.577108,0.010548,10280.8,0.001000
230500,4.572745,0.012432,4.577580,0.010184,10282.9,0.001000
230600,4.572890,0.012360,4.576993,0.010028,10285.0,0.001000
230700,4.572871,0.012436,4.577389,0.010100,10287.2,0.001000
230800,4.572589,0.012316,4.577045,0.010324,10289.3,0.001000
230900,4.572818,0.011928,4.577123,0.010220,10291.4,0.001000
231000,4.573009,0.011996,4.577326,0.010208,10293.5,0.001000
231100,4.572600,0.012032,4.577219,0.009928,10295.6,0.001000
231200,4.572822,0.012004,4.577095,0.010228,10297.8,0.001000
231300,4.572758,0.012112,4.576703,0.010408,10299.9,0.001000
231400,4.572756,0.012648,4.577513,0.010324,10302.0,0.001000
231500,4.572742,0.012192,4.577239,0.010084,10304.1,0.001000
231600,4.572680,0.011496,4.577260,0.010420,10306.2,0.001000
231700,4.572228,0.012164,4.577542,0.010164,10308.3,0.001000
231800,4.572595,0.012000,4.576952,0.010268,10310.4,0.001000
231900,4.572135,0.012468,4.577561,0.009992,10312.6,0.001000
232000,4.572872,0.012096,4.577364,0.010116,10314.7,0.001000
232100,4.572821,0.011828,4.577195,0.010476,10316.8,0.001000
232200,4.572516,0.012228,4.577237,0.010196,10318.9,0.001000
232300,4.572354,0.012052,4.577478,0.010532,10321.0,0.001000
232400,4.572680,0.012352,4.577374,0.010176,10323.1,0.001000
232500,4.572588,0.012532,4.577181,0.010460,10325.3,0.001000
232600,4.572722,0.012360,4.577389,0.010144,10327.4,0.001000
232700,4.572566,0.012156,4.577078,0.010460,10329.5,0.001000
232800,4.572702,0.012412,4.577581,0.010452,10331.7,0.001000
232900,4.572746,0.011996,4.577693,0.010032,10333.8,0.001000
233000,4.572869,0.012092,4.577007,0.010480,10335.9,0.001000
233100,4.572824,0.011996,4.577497,0.010188,10338.0,0.001000
233200,4.572722,0.012448,4.577021,0.010060,10340.2,0.001000
233300,4.572506,0.012268,4.577666,0.009912,10342.3,0.001000
233400,4.572794,0.012472,4.577454,0.010348,10344.4,0.001000
233500,4.572474,0.012300,4.576939,0.010212,10346.5,0.001000
233600,4.572373,0.012456,4.577325,0.010340,10348.6,0.001000
233700,4.572861,0.012232,4.576760,0.010536,10350.8,0.001000
233800,4.572921,0.012028,4.576845,0.010372,10352.9,0.001000
233900,4.573182,0.011744,4.577083,0.010132,10355.1,0.001000
234000,4.572567,0.012136,4.577296,0.010120,10357.2,0.001000
234100,4.572584,0.012028,4.576959,0.010300,10359.4,0.001000
234200,4.572931,0.012108,4.576942,0.010316,10361.5,0.001000
234300,4.572761,0.012324,4.576859,0.010400,10363.6,0.001000
234400,4.572712,0.012244,4.577001,0.010384,10365.7,0.001000
234500,4.572639,0.011992,4.576904,0.010112,10367.9,0.001000
234600,4.572748,0.012268,4.576706,0.010248,10370.0,0.001000
234700,4.572681,0.012332,4.577260,0.010416,10372.1,0.001000
234800,4.572834,0.012488,4.576840,0.010084,10374.2,0.001000
234900,4.572840,0.012280,4.576337,0.010532,10376.3,0.001000
235000,4.572533,0.012436,4.576829,0.010672,10378.4,0.001000
235100,4.572477,0.012264,4.577509,0.009748,10380.5,0.001000
235200,4.572761,0.012248,4.577007,0.009908,10382.7,0.001000
235300,4.572655,0.011896,4.577168,0.010368,10384.8,0.001000
235400,4.573027,0.012704,4.577659,0.010396,10387.0,0.001000
235500,4.572729,0.012064,4.577171,0.010168,10389.1,0.001000
235600,4.572814,0.011812,4.577394,0.010008,10391.2,0.001000
235700,4.572616,0.011992,4.577361,0.010132,10393.4,0.001000
235800,4.572728,0.012236,4.577397,0.010076,10395.5,0.001000
235900,4.573207,0.011964,4.576654,0.009636,10397.6,0.001000
236000,4.572606,0.012256,4.577211,0.010300,10399.7,0.001000
236100,4.572516,0.012152,4.576959,0.010404,10401.9,0.001000
236200,4.572389,0.012268,4.576631,0.010028,10404.0,0.001000
236300,4.572873,0.011680,4.577019,0.010528,10406.1,0.001000
236400,4.572872,0.011932,4.577420,0.010348,10408.3,0.001000
236500,4.572756,0.011920,4.577246,0.010200,10410.3,0.001000
236600,4.573007,0.011928,4.576843,0.010488,10412.5,0.001000
236700,4.572631,0.012204,4.577229,0.010540,10414.6,0.001000
236800,4.572607,0.012180,4.577450,0.010348,10416.8,0.001000
236900,4.572958,0.011696,4.577206,0.010412,10418.9,0.001000
237000,4.572917,0.012112,4.577459,0.010188,10421.1,0.001000
237100,4.572402,0.012128,4.577358,0.010288,10423.2,0.001000
237200,4.572835,0.011780,4.577225,0.010300,10425.3,0.001000
237300,4.572879,0.012228,4.577164,0.010632,10427.4,0.001000
237400,4.572867,0.011696,4.577007,0.010128,10429.5,0.001000
237500,4.572732,0.012352,4.577260,0.010148,10431.6,0.001000
237600,4.572426,0.012372,4.576949,0.010336,10433.8,0.001000
237700,4.572721,0.011520,4.576937,0.010528,10435.9,0.001000
237800,4.572915,0.011576,4.577392,0.010108,10438.0,0.001000
237900,4.573093,0.012172,4.576913,0.010192,10440.1,0.001000
238000,4.572775,0.012516,4.577042,0.009752,10442.2,0.001000
238100,4.573090,0.012344,4.577472,0.010368,10444.3,0.001000
238200,4.573099,0.012240,4.576345,0.010444,10446.4,0.001000
238300,4.572949,0.011716,4.576763,0.010088,10448.6,0.001000
238400,4.572760,0.012028,4.576944,0.009796,10450.7,0.001000
238500,4.572769,0.012288,4.576901,0.010456,10452.8,0.001000
238600,4.573317,0.011728,4.577005,0.010300,10455.0,0.001000
238700,4.572816,0.012048,4.577352,0.010056,10457.1,0.001000
238800,4.573048,0.012204,4.577546,0.010272,10459.1,0.001000
238900,4.572694,0.012228,4.576925,0.010692,10461.2,0.001000
239000,4.572957,0.012232,4.577243,0.010168,10463.3,0.001000
239100,4.573141,0.011904,4.577253,0.010048,10465.4,0.001000
239200,4.573042,0.012064,4.577218,0.010148,10467.5,0.001000
239300,4.572773,0.012000,4.577289,0.010620,10469.7,0.001000
239400,4.572667,0.012268,4.577613,0.010160,10471.8,0.001000
239500,4.573273,0.011872,4.576994,0.010528,10473.9,0.001000
239600,4.572844,0.012148,4.577217,0.010416,10476.0,0.001000
239700,4.572453,0.012072,4.577450,0.010056,10478.2,0.001000
239800,4.572509,0.012292,4.577077,0.010648,10480.3,0.001000
239900,4.572662,0.012072,4.577402,0.010096,10482.4,0.001000
240000,4.572794,0.012144,4.577020,0.010180,10484.5,0.001000
240100,4.572566,0.012176,4.577330,0.010036,10486.7,0.001000
240200,4.572621,0.012128,4.577092,0.010232,10488.8,0.001000
240300,4.572615,0.012448,4.577374,0.010516,10490.9,0.001000
240400,4.572767,0.012476,4.577173,0.010352,10493.0,0.001000
240500,4.573040,0.011608,4.577079,0.010440,10495.2,0.001000
240600,4.572589,0.011940,4.576934,0.010056,10497.3,0.001000
240700,4.573363,0.011736,4.577229,0.010416,10499.4,0.001000
240800,4.573188,0.011936,4.577366,0.009924,10501.5,0.001000
240900,4.573055,0.011684,4.577106,0.010444,10503.6,0.001000
241000,4.572579,0.012004,4.576986,0.010464,10505.7,0.001000
241100,4.572656,0.012008,4.576908,0.010496,10507.8,0.001000
241200,4.572468,0.012608,4.577542,0.010032,10510.0,0.001000
241300,4.572622,0.012516,4.577621,0.010072,10512.1,0.001000
241400,4.572450,0.012344,4.577019,0.010208,10514.2,0.001000
241500,4.572741,0.012336,4.577319,0.010120,10516.3,0.001000
241600,4.572524,0.012260,4.577750,0.010100,10518.5,0.001000
241700,4.572555,0.012168,4.577416,0.010480,10520.7,0.001000
241800,4.572802,0.012208,4.577445,0.010380,10522.9,0.001000
241900,4.572854,0.012052,4.577371,0.010352,10525.0,0.001000
242000,4.572761,0.012264,4.577263,0.010352,10527.3,0.001000
242100,4.572653,0.012064,4.577277,0.010424,10529.5,0.001000
242200,4.572632,0.012660,4.577271,0.010608,10531.8,0.001000
242300,4.572815,0.012112,4.577143,0.010212,10534.0,0.001000
242400,4.572846,0.012164,4.577087,0.010148,10536.3,0.001000
242500,4.572918,0.012312,4.577171,0.010288,10538.5,0.001000
242600,4.572761,0.012280,4.577020,0.010428,10540.6,0.001000
242700,4.572711,0.012452,4.577057,0.010516,10542.8,0.001000
242800,4.572679,0.012048,4.577218,0.010512,10545.0,0.001000
242900,4.572804,0.012160,4.577487,0.010384,10547.1,0.001000
243000,4.572565,0.012152,4.577487,0.010124,10549.3,0.001000
243100,4.572949,0.012056,4.577375,0.010420,10551.6,0.001000
243200,4.572648,0.011816,4.577432,0.010396,10553.8,0.001000
243300,4.572977,0.011908,4.576787,0.010344,10556.1,0.001000
243400,4.572976,0.012364,4.577412,0.010320,10558.4,0.001000
243500,4.572979,0.012412,4.576887,0.010380,10560.6,0.001000
243600,4.572754,0.011920,4.577525,0.010636,10562.9,0.001000
243700,4.572619,0.012072,4.577158,0.010388,10565.1,0.001000
243800,4.572837,0.012476,4.577450,0.010204,10567.2,0.001000
243900,4.572703,0.012268,4.577128,0.010472,10569.5,0.001000
244000,4.573113,0.011820,4.577009,0.010060,10571.7,0.001000
244100,4.572731,0.012036,4.576791,0.010748,10573.8,0.001000
244200,4.572842,0.012020,4.577156,0.010060,10576.0,0.001000
244300,4.572760,0.012180,4.577228,0.010012,10578.3,0.001000
244400,4.572935,0.011908,4.577143,0.010204,10580.5,0.001000
244500,4.572351,0.011980,4.577356,0.010296,10582.7,0.001000
244600,4.572723,0.011756,4.577360,0.010092,10584.9,0.001000
244700,4.572789,0.011996,4.577539,0.010364,10587.1,0.001000
244800,4.572796,0.012396,4.577719,0.010136,10589.3,0.001000
244900,4.572519,0.012284,4.577154,0.010732,10591.5,0.001000
245000,4.572594,0.012484,4.577646,0.010268,10593.8,0.001000
245100,4.572831,0.012120,4.577359,0.010396,10595.9,0.001000
245200,4.572699,0.012068,4.576807,0.010780,10598.0,0.001000
245300,4.572648,0.012368,4.576983,0.010152,10600.2,0.001000
245400,4.572732,0.012416,4.577157,0.010408,10602.4,0.001000
245500,4.572684,0.011984,4.577150,0.010576,10604.5,0.001000
245600,4.572829,0.012280,4.577630,0.010016,10606.7,0.001000
245700,4.572556,0.012424,4.577121,0.010348,10608.8,0.001000
245800,4.572867,0.012000,4.576907,0.009804,10610.9,0.001000
245900,4.572917,0.012032,4.576710,0.010152,10613.1,0.001000
246000,4.572871,0.012212,4.576691,0.010156,10615.2,0.001000
246100,4.572301,0.012444,4.577036,0.010048,10617.4,0.001000
246200,4.573055,0.011984,4.576986,0.010292,10619.6,0.001000
246300,4.572768,0.012004,4.577096,0.010120,10621.7,0.001000
246400,4.572998,0.012360,4.577411,0.010044,10623.8,0.001000
246500,4.573084,0.012348,4.577349,0.010124,10626.2,0.001000
246600,4.572803,0.012244,4.577181,0.010508,10628.4,0.001000
246700,4.572552,0.012056,4.577053,0.010508,10630.5,0.001000
246800,4.572648,0.012400,4.577011,0.010172,10632.8,0.001000
246900,4.572742,0.012060,4.577059,0.010292,10635.0,0.001000
247000,4.572772,0.012388,4.576725,0.010684,10637.2,0.001000
247100,4.572531,0.012244,4.576884,0.010296,10639.4,0.001000
247200,4.573557,0.011476,4.576653,0.010368,10641.6,0.001000
247300,4.572741,0.012036,4.577183,0.009872,10643.7,0.001000
247400,4.572807,0.012128,4.577577,0.010064,10645.9,0.001000
247500,4.572802,0.012140,4.577061,0.010380,10648.1,0.001000
247600,4.572666,0.011848,4.577130,0.010080,10650.2,0.001000
247700,4.572891,0.011828,4.577022,0.010116,10652.4,0.001000
247800,4.572614,0.012204,4.576846,0.009848,10654.7,0.001000
247900,4.572577,0.012180,4.576816,0.009944,10656.9,0.001000
248000,4.572933,0.011996,4.576495,0.010324,10659.1,0.001000
248100,4.572764,0.011912,4.576992,0.010100,10661.2,0.001000
248200,4.572585,0.011700,4.576965,0.010504,10663.4,0.001000
248300,4.572470,0.012060,4.577358,0.010436,10665.7,0.001000
248400,4.572540,0.011896,4.577377,0.010076,10667.9,0.001000
248500,4.572918,0.011896,4.577586,0.010208,10670.1,0.001000
248600,4.572980,0.011988,4.577221,0.009916,10672.3,0.001000
248700,4.572851,0.012132,4.577947,0.009912,10674.6,0.001000
248800,4.572670,0.012092,4.577423,0.010144,10676.8,0.001000
248900,4.572917,0.011796,4.577379,0.010600,10678.9,0.001000
249000,4.572359,0.012160,4.577243,0.010148,10681.1,0.001000
249100,4.572691,0.012140,4.576880,0.010136,10683.2,0.001000
249200,4.572516,0.012356,4.577136,0.010220,10685.4,0.001000
249300,4.572437,0.012108,4.577294,0.010480,10687.6,0.001000
249400,4.572639,0.012172,4.577088,0.010080,10689.7,0.001000
249500,4.572661,0.012224,4.577462,0.010120,10692.0,0.001000
249600,4.572817,0.012148,4.576829,0.010288,10694.2,0.001000
249700,4.572807,0.011868,4.577925,0.009788,10696.4,0.001000
249800,4.572554,0.011948,4.577221,0.010056,10698.7,0.001000
249900,4.572537,0.012124,4.577125,0.010204,10700.9,0.001000
250000,4.572277,0.011848,4.577362,0.010208,10703.1,0.001000
250100,4.572393,0.012352,4.577316,0.010308,10705.3,0.001000
250200,4.572931,0.012184,4.577613,0.010216,10707.5,0.001000
250300,4.573174,0.011896,4.576880,0.010212,10709.6,0.001000
250400,4.572748,0.011780,4.577089,0.010444,10711.9,0.001000
250500,4.572859,0.011768,4.577092,0.010496,10714.1,0.001000
250600,4.572708,0.012092,4.576831,0.010356,10716.4,0.001000
250700,4.572935,0.011896,4.577573,0.010220,10718.6,0.001000
250800,4.572486,0.012304,4.576971,0.010532,10720.9,0.001000
250900,4.572541,0.012276,4.577240,0.010180,10723.1,0.001000
251000,4.572560,0.012248,4.576887,0.010328,10725.3,0.001000
251100,4.572393,0.012200,4.577198,0.010076,10727.6,0.001000
251200,4.572782,0.011996,4.576880,0.010180,10729.8,0.001000
251300,4.572505,0.012052,4.577526,0.010116,10732.0,0.001000
251400,4.572460,0.012028,4.577425,0.010008,10734.3,0.001000
251500,4.572447,0.012312,4.577622,0.010384,10736.6,0.001000
251600,4.572843,0.012184,4.577608,0.010104,10738.8,0.001000
251700,4.573267,0.011816,4.577253,0.010328,10741.0,0.001000
251800,4.572301,0.012512,4.578004,0.010144,10743.2,0.001000
251900,4.572540,0.012660,4.577533,0.010180,10745.5,0.001000
252000,4.572706,0.012360,4.577733,0.009848,10747.7,0.001000
252100,4.573138,0.011960,4.577416,0.010080,10750.0,0.001000
252200,4.572759,0.012424,4.577566,0.010068,10752.3,0.001000
252300,4.572396,0.012700,4.576874,0.009836,10754.4,0.001000
252400,4.572794,0.012188,4.577141,0.009972,10756.5,0.001000
252500,4.572636,0.012184,4.576960,0.010264,10758.7,0.001000
252600,4.572840,0.011952,4.576900,0.010404,10760.8,0.001000
252700,4.572645,0.012080,4.577382,0.010708,10763.0,0.001000
252800,4.572763,0.012184,4.576998,0.010412,10765.2,0.001000
252900,4.572782,0.011732,4.577038,0.010108,10767.3,0.001000
253000,4.572767,0.011768,4.577744,0.010500,10769.5,0.001000
253100,4.573044,0.012084,4.576821,0.009996,10771.6,0.001000
253200,4.572384,0.012512,4.577357,0.010376,10773.9,0.001000
253300,4.572626,0.012596,4.577264,0.010348,10776.1,0.001000
253400,4.572589,0.012104,4.577299,0.010256,10778.4,0.001000
253500,4.572752,0.011600,4.577450,0.010160,10780.7,0.001000
253600,4.572453,0.012136,4.577586,0.010428,10782.9,0.001000
253700,4.572747,0.012140,4.577019,0.010440,10785.1,0.001000
253800,4.572605,0.012248,4.577705,0.010076,10787.3,0.001000
253900,4.572738,0.012644,4.577774,0.010020,10789.4,0.001000
254000,4.572330,0.012048,4.577454,0.010440,10791.7,0.001000
254100,4.572429,0.012116,4.577234,0.010476,10794.0,0.001000
254200,4.572280,0.012096,4.577548,0.010516,10796.2,0.001000
254300,4.572651,0.012056,4.577426,0.010352,10798.4,0.001000
254400,4.572349,0.012208,4.577257,0.010412,10800.7,0.001000
254500,4.572487,0.012592,4.577558,0.010468,10802.9,0.001000
254600,4.572899,0.012140,4.577163,0.010292,10805.1,0.001000
254700,4.572708,0.012268,4.576958,0.010400,10807.4,0.001000
254800,4.572859,0.012532,4.577154,0.010308,10809.5,0.001000
254900,4.573039,0.011680,4.577390,0.010252,10811.7,0.001000
255000,4.572687,0.011884,4.577494,0.010332,10813.8,0.001000
255100,4.572667,0.012456,4.577239,0.010036,10816.0,0.001000
255200,4.572591,0.011960,4.577209,0.009904,10818.2,0.001000
255300,4.573065,0.012032,4.576489,0.010160,10820.4,0.001000
255400,4.572863,0.011792,4.576832,0.010240,10822.6,0.001000
255500,4.572596,0.012060,4.576889,0.009984,10824.8,0.001000
255600,4.572483,0.012016,4.577435,0.010300,10827.0,0.001000
255700,4.572574,0.011952,4.577723,0.010608,10829.1,0.001000
255800,4.572701,0.012156,4.576958,0.010052,10831.3,0.001000
255900,4.572533,0.012060,4.577058,0.010168,10833.6,0.001000
256000,4.573250,0.011940,4.577148,0.010136,10835.8,0.001000
256100,4.572596,0.012236,4.577188,0.010328,10838.0,0.001000
256200,4.572650,0.011852,4.577076,0.010136,10840.2,0.001000
256300,4.572888,0.011712,4.577326,0.009900,10842.4,0.001000
256400,4.572290,0.012356,4.577116,0.010072,10844.6,0.001000
256500,4.573071,0.011760,4.577295,0.009740,10846.7,0.001000
256600,4.572746,0.011876,4.577156,0.010148,10848.9,0.001000
256700,4.572824,0.011960,4.577437,0.009840,10851.1,0.001000
256800,4.573114,0.012196,4.576912,0.010380,10853.3,0.001000
256900,4.573297,0.012096,4.577043,0.010072,10855.5,0.001000
257000,4.572708,0.011852,4.577434,0.010272,10857.7,0.001000
257100,4.573339,0.012020,4.577141,0.010412,10859.8,0.001000
257200,4.572571,0.012192,4.577314,0.010696,10862.0,0.001000
257300,4.572361,0.012416,4.577574,0.009984,10864.2,0.001000
257400,4.572395,0.012088,4.577485,0.010072,10866.3,0.001000
257500,4.573034,0.012308,4.577318,0.009984,10868.4,0.001000
257600,4.573128,0.011792,4.577274,0.010100,10870.5,0.001000
257700,4.572840,0.012196,4.577695,0.010260,10872.6,0.001000
257800,4.572793,0.012580,4.577330,0.010100,10874.8,0.001000
257900,4.572648,0.012148,4.577344,0.010200,10876.9,0.001000
258000,4.573521,0.011504,4.577618,0.009824,10879.0,0.001000
258100,4.572712,0.012300,4.577442,0.010232,10881.1,0.001000
258200,4.572504,0.012296,4.577344,0.009956,10883.3,0.001000
258300,4.572902,0.012400,4.577314,0.010176,10885.5,0.001000
258400,4.572569,0.012288,4.577115,0.010220,10887.6,0.001000
258500,4.572661,0.012272,4.576985,0.010204,10889.7,0.001000
258600,4.572800,0.012520,4.577229,0.009944,10891.8,0.001000
258700,4.572936,0.012244,4.577730,0.010184,10894.0,0.001000
258800,4.572853,0.012316,4.577248,0.010392,10896.1,0.001000
258900,4.572940,0.012024,4.577223,0.010056,10898.3,0.001000
259000,4.572628,0.012116,4.577290,0.009732,10900.4,0.001000
259100,4.572564,0.012304,4.576921,0.010384,10902.7,0.001000
259200,4.572470,0.012100,4.577170,0.010208,10904.8,0.001000
259300,4.572420,0.012456,4.577397,0.010220,10906.9,0.001000
259400,4.572793,0.012120,4.577524,0.010104,10909.0,0.001000
259500,4.572718,0.011952,4.577119,0.010092,10911.2,0.001000
259600,4.572969,0.011524,4.576996,0.010436,10913.3,0.001000
259700,4.572615,0.012316,4.577750,0.009976,10915.4,0.001000
259800,4.572803,0.011996,4.577324,0.010060,10917.6,0.001000
259900,4.572935,0.012376,4.577419,0.010484,10919.8,0.001000
260000,4.572624,0.012200,4.577149,0.010428,10921.9,0.001000
260100,4.572854,0.011832,4.576987,0.010200,10924.0,0.001000
260200,4.572838,0.012216,4.576976,0.010840,10926.1,0.001000
260300,4.572875,0.011924,4.576866,0.010284,10928.2,0.001000
260400,4.573217,0.012064,4.577226,0.010160,10930.3,0.001000
260500,4.572855,0.012204,4.577092,0.010364,10932.4,0.001000
260600,4.573043,0.012116,4.576780,0.010264,10934.5,0.001000
260700,4.573105,0.011664,4.577409,0.010468,10936.7,0.001000
260800,4.572756,0.011948,4.576875,0.010228,10938.8,0.001000
260900,4.572548,0.012092,4.577048,0.010344,10940.9,0.001000
261000,4.572629,0.011788,4.577416,0.010172,10943.1,0.001000
261100,4.572624,0.012084,4.577370,0.010432,10945.2,0.001000
261200,4.572495,0.012100,4.576722,0.010388,10947.3,0.001000
261300,4.573289,0.011796,4.577418,0.010184,10949.5,0.001000
261400,4.572512,0.011940,4.577138,0.010584,10951.6,0.001000
261500,4.572810,0.011804,4.577634,0.010072,10953.8,0.001000
261600,4.572468,0.012076,4.577369,0.010036,10955.9,0.001000
261700,4.572931,0.012144,4.577362,0.010380,10958.1,0.001000
261800,4.572240,0.012404,4.577339,0.010320,10960.2,0.001000
261900,4.572795,0.012068,4.577979,0.010492,10962.4,0.001000
262000,4.572649,0.012376,4.577285,0.010548,10964.5,0.001000
262100,4.572834,0.012408,4.576950,0.010460,10966.7,0.001000
262200,4.572384,0.012400,4.577260,0.010252,10968.8,0.001000
262300,4.572977,0.011856,4.577321,0.010396,10970.9,0.001000
262400,4.572779,0.012336,4.577552,0.010012,10973.1,0.001000
262500,4.572642,0.011916,4.576867,0.010364,10975.2,0.001000
262600,4.572748,0.011864,4.576961,0.010292,10977.4,0.001000
262700,4.572811,0.011952,4.576674,0.010420,10979.5,0.001000
262800,4.572593,0.012108,4.576935,0.010432,10981.7,0.001000
262900,4.572928,0.011920,4.577223,0.010484,10983.8,0.001000
263000,4.572935,0.012612,4.577140,0.010540,10985.9,0.001000
263100,4.572970,0.011888,4.576883,0.010440,10988.1,0.001000
263200,4.572762,0.012248,4.576911,0.010464,10990.2,0.001000
263300,4.573073,0.011992,4.576904,0.010376,10992.3,0.001000
263400,4.572872,0.012388,4.576818,0.010528,10994.4,0.001000
263500,4.573331,0.011732,4.576923,0.010344,10996.6,0.001000
263600,4.572828,0.012436,4.576816,0.010496,10998.7,0.001000
263700,4.572877,0.012032,4.576821,0.010344,11000.9,0.001000
263800,4.573112,0.011912,4.576917,0.010312,11003.0,0.001000
263900,4.572799,0.012308,4.576807,0.010264,11005.1,0.001000
264000,4.572948,0.012340,4.576716,0.010480,11007.3,0.001000
264100,4.573282,0.011880,4.577082,0.010288,11009.5,0.001000
264200,4.572553,0.012228,4.577182,0.010184,11011.7,0.001000
264300,4.572821,0.011816,4.576750,0.010280,11013.8,0.001000
264400,4.573135,0.012288,4.577342,0.010264,11015.9,0.001000
264500,4.572893,0.012240,4.577709,0.010268,11018.1,0.001000
264600,4.572504,0.012720,4.577186,0.010340,11020.2,0.001000
264700,4.572879,0.011960,4.576789,0.010184,11022.3,0.001000
264800,4.572728,0.012060,4.576887,0.010252,11024.4,0.001000
264900,4.572792,0.012352,4.576985,0.010268,11026.5,0.001000
265000,4.572810,0.012412,4.577627,0.010084,11028.7,0.001000
265100,4.573126,0.012036,4.577678,0.010448,11030.8,0.001000
265200,4.572680,0.012100,4.577179,0.010224,11032.9,0.001000
265300,4.572576,0.012128,4.577271,0.009992,11035.0,0.001000
265400,4.572493,0.012092,4.577287,0.010204,11037.2,0.001000
265500,4.572618,0.012180,4.577672,0.010300,11039.3,0.001000
265600,4.572531,0.012304,4.577406,0.010784,11041.4,0.001000
265700,4.572673,0.012036,4.577396,0.010236,11043.5,0.001000
265800,4.572940,0.011948,4.577725,0.010340,11045.6,0.001000
265900,4.572584,0.012400,4.577463,0.010428,11047.8,0.001000
266000,4.572888,0.012100,4.577304,0.010176,11050.0,0.001000
266100,4.572440,0.012108,4.577359,0.010228,11052.1,0.001000
266200,4.572775,0.011936,4.577479,0.010428,11054.3,0.001000
266300,4.572509,0.012296,4.577575,0.010428,11056.4,0.001000
266400,4.572792,0.011788,4.577071,0.010224,11058.6,0.001000
266500,4.572504,0.012116,4.577472,0.009972,11060.8,0.001000
266600,4.572589,0.012100,4.577018,0.009912,11062.9,0.001000
266700,4.572794,0.011972,4.577407,0.010172,11065.0,0.001000
266800,4.572611,0.012104,4.577600,0.010348,11067.1,0.001000
266900,4.573151,0.011428,4.577336,0.010088,11069.2,0.001000
267000,4.573174,0.012212,4.577346,0.010024,11071.4,0.001000
267100,4.572762,0.012380,4.577391,0.010460,11073.5,0.001000
267200,4.572787,0.012328,4.577433,0.010276,11075.7,0.001000
267300,4.572515,0.012196,4.577200,0.010596,11077.8,0.001000
267400,4.572743,0.011892,4.577748,0.010536,11079.9,0.001000
267500,4.572847,0.012300,4.577103,0.010500,11082.2,0.001000
267600,4.572967,0.012268,4.576729,0.010232,11084.3,0.001000
267700,4.572608,0.011920,4.577324,0.010232,11086.4,0.001000
267800,4.572484,0.012012,4.577696,0.010280,11088.6,0.001000
267900,4.572404,0.012300,4.577001,0.010140,11090.8,0.001000
268000,4.572467,0.012384,4.577145,0.010312,11092.9,0.001000
268100,4.572305,0.012588,4.577587,0.010364,11095.0,0.001000
268200,4.572512,0.012496,4.577515,0.010500,11097.2,0.001000
268300,4.572466,0.012352,4.577159,0.010468,11099.3,0.001000
268400,4.572451,0.012556,4.577062,0.010388,11101.4,0.001000
268500,4.572484,0.012588,4.577569,0.010216,11103.6,0.001000
268600,4.572869,0.012160,4.577746,0.010048,11105.7,0.001000
268700,4.572801,0.012200,4.577351,0.010308,11107.9,0.001000
268800,4.572534,0.012572,4.577402,0.010764,11110.0,0.001000
268900,4.572587,0.012732,4.577340,0.010368,11112.2,0.001000
269000,4.572944,0.012472,4.577538,0.009776,11114.3,0.001000
269100,4.572613,0.012520,4.577611,0.010268,11116.4,0.001000
269200,4.572816,0.012584,4.577106,0.010352,11118.6,0.001000
269300,4.572777,0.011852,4.576810,0.010008,11120.7,0.001000
269400,4.572882,0.011692,4.577092,0.010436,11122.8,0.001000
269500,4.572504,0.012492,4.577446,0.010332,11125.0,0.001000
269600,4.572943,0.012324,4.576894,0.010316,11127.1,0.001000
269700,4.573341,0.011860,4.576921,0.010100,11129.2,0.001000
269800,4.572557,0.012516,4.577025,0.010392,11131.3,0.001000
269900,4.572712,0.012400,4.577178,0.010232,11133.5,0.001000
270000,4.573018,0.011704,4.577106,0.010492,11135.7,0.001000
270100,4.573076,0.012124,4.577141,0.010284,11137.8,0.001000
270200,4.572987,0.012240,4.577250,0.010316,11139.9,0.001000
270300,4.572857,0.011872,4.577257,0.010100,11142.1,0.001000
270400,4.572854,0.011968,4.576826,0.009996,11144.2,0.001000
270500,4.573133,0.012164,4.577408,0.010076,11146.4,0.001000
270600,4.572583,0.012232,4.577371,0.010232,11148.5,0.001000
270700,4.572631,0.012096,4.577104,0.010396,11150.7,0.001000
270800,4.573125,0.012052,4.577023,0.010208,11152.8,0.001000
270900,4.572564,0.012516,4.577302,0.010512,11154.9,0.001000
271000,4.573034,0.011632,4.577277,0.010328,11157.1,0.001000
271100,4.572789,0.012048,4.576783,0.010164,11159.2,0.001000
271200,4.572817,0.012080,4.576707,0.010184,11161.4,0.001000
271300,4.573519,0.011904,4.577925,0.010376,11163.5,0.001000
271400,4.572612,0.012124,4.577407,0.010080,11165.6,0.001000
271500,4.572783,0.012252,4.576966,0.010480,11167.8,0.001000
271600,4.573213,0.011368,4.577418,0.009948,11169.9,0.001000
271700,4.573236,0.011648,4.577314,0.009964,11172.1,0.001000
271800,4.572671,0.012560,4.577475,0.010296,11174.2,0.001000
271900,4.572578,0.011700,4.577667,0.010280,11176.3,0.001000
272000,4.572565,0.011980,4.577252,0.010280,11178.5,0.001000
272100,4.573049,0.011972,4.576790,0.010052,11180.6,0.001000
272200,4.572526,0.012112,4.577102,0.009936,11182.7,0.001000
272300,4.572690,0.012048,4.577584,0.010024,11184.9,0.001000
272400,4.572733,0.012116,4.577270,0.009928,11187.0,0.001000
272500,4.572431,0.012080,4.577574,0.009960,11189.1,0.001000
272600,4.572838,0.012072,4.577267,0.010012,11191.3,0.001000
272700,4.572787,0.012244,4.576791,0.009928,11193.4,0.001000
272800,4.573990,0.011656,4.576946,0.010152,11195.5,0.001000
272900,4.572623,0.012248,4.576964,0.009848,11197.6,0.001000
273000,4.572517,0.012216,4.576949,0.010220,11199.8,0.001000
273100,4.572642,0.012480,4.577220,0.009920,11201.9,0.001000
273200,4.572783,0.011788,4.577425,0.009924,11204.1,0.001000
273300,4.572808,0.012144,4.577319,0.009980,11206.2,0.001000
273400,4.572894,0.012024,4.577464,0.010452,11208.4,0.001000
273500,4.572709,0.011596,4.577284,0.010256,11210.5,0.001000
273600,4.572393,0.012216,4.577156,0.010396,11212.6,0.001000
273700,4.572683,0.011976,4.577389,0.010832,11214.8,0.001000
273800,4.572799,0.012132,4.576844,0.010460,11216.9,0.001000
273900,4.572441,0.012280,4.577230,0.010756,11219.1,0.001000
274000,4.572508,0.012040,4.577262,0.009900,11221.2,0.001000
274100,4.572597,0.011632,4.577355,0.009960,11223.3,0.001000
274200,4.572328,0.012504,4.577478,0.010208,11225.4,0.001000
274300,4.572627,0.012376,4.577154,0.010132,11227.6,0.001000
274400,4.572802,0.012004,4.577408,0.009876,11229.7,0.001000
274500,4.572560,0.012552,4.577140,0.009972,11231.8,0.001000
274600,4.572561,0.012224,4.577390,0.010132,11234.0,0.001000
274700,4.572865,0.012612,4.576763,0.010396,11236.1,0.001000
274800,4.572573,0.012060,4.577171,0.010116,11238.3,0.001000
274900,4.572647,0.012340,4.576885,0.010236,11240.4,0.001000
275000,4.572669,0.012600,4.577094,0.010132,11242.5,0.001000
275100,4.573277,0.012028,4.577399,0.010276,11244.7,0.001000
275200,4.572388,0.012316,4.577387,0.010252,11246.8,0.001000
275300,4.572554,0.012048,4.577142,0.009956,11248.9,0.001000
275400,4.572944,0.011944,4.577192,0.010424,11251.1,0.001000
275500,4.572434,0.012264,4.577343,0.010408,11253.2,0.001000
275600,4.572616,0.012264,4.577177,0.010200,11255.3,0.001000
275700,4.572389,0.012104,4.577720,0.009936,11257.4,0.001000
275800,4.572220,0.012828,4.577449,0.010272,11259.6,0.001000
275900,4.572412,0.012496,4.577395,0.010340,11261.7,0.001000
276000,4.572687,0.012240,4.577478,0.009856,11263.9,0.001000
276100,4.572525,0.012456,4.577218,0.010188,11266.0,0.001000
276200,4.572647,0.012064,4.576599,0.010584,11268.1,0.001000
276300,4.572898,0.012024,4.577360,0.010260,11270.3,0.001000
276400,4.572821,0.012032,4.577108,0.010372,11272.4,0.001000
276500,4.572689,0.012280,4.577165,0.010312,11274.6,0.001000
276600,4.572784,0.012012,4.577265,0.010164,11276.7,0.001000
276700,4.572789,0.012068,4.576922,0.010096,11278.8,0.001000
276800,4.573134,0.012112,4.577679,0.010236,11281.1,0.001000
276900,4.572920,0.011736,4.577516,0.010184,11283.3,0.001000
277000,4.572557,0.012384,4.577259,0.010140,11285.5,0.001000
277100,4.572627,0.012120,4.577039,0.010212,11287.6,0.001000
277200,4.572812,0.012196,4.577368,0.010028,11289.7,0.001000
277300,4.572880,0.012136,4.576849,0.010292,11291.8,0.001000
277400,4.572507,0.012296,4.577538,0.010156,11293.9,0.001000
277500,4.572486,0.012568,4.577611,0.009984,11296.0,0.001000
277600,4.572890,0.011952,4.576857,0.010312,11298.2,0.001000
277700,4.572690,0.012156,4.577338,0.010224,11300.3,0.001000
277800,4.572709,0.011992,4.577612,0.010408,11302.4,0.001000
277900,4.572506,0.012124,4.577050,0.010360,11304.5,0.001000
278000,4.572831,0.011980,4.577001,0.010160,11306.6,0.001000
278100,4.572531,0.012528,4.577405,0.010412,11308.7,0.001000
278200,4.572505,0.012424,4.577479,0.010116,11310.8,0.001000
278300,4.572959,0.012008,4.577027,0.010432,11313.0,0.001000
278400,4.572427,0.012340,4.577341,0.010680,11315.1,0.001000
278500,4.572598,0.011900,4.577417,0.010388,11317.2,0.001000
278600,4.572713,0.012032,4.577875,0.010704,11319.3,0.001000
278700,4.572498,0.012100,4.577637,0.010604,11321.4,0.001000
278800,4.572710,0.011892,4.577278,0.010532,11323.5,0.001000
278900,4.572918,0.012332,4.576861,0.010540,11325.6,0.001000
279000,4.572563,0.012084,4.577313,0.010052,11327.7,0.001000
279100,4.573126,0.012116,4.577277,0.010260,11329.9,0.001000
279200,4.572802,0.011964,4.577025,0.010428,11332.0,0.001000
279300,4.572813,0.012112,4.576772,0.010588,11334.2,0.001000
279400,4.572816,0.011948,4.577222,0.010164,11336.4,0.001000
279500,4.572662,0.012196,4.577491,0.010284,11338.6,0.001000
279600,4.572371,0.012316,4.577536,0.010528,11340.7,0.001000
279700,4.572589,0.011876,4.577614,0.010192,11342.8,0.001000
279800,4.572426,0.011960,4.576941,0.010032,11345.0,0.001000
279900,4.572571,0.012492,4.577617,0.009884,11347.1,0.001000
280000,4.573184,0.012132,4.577602,0.010040,11349.3,0.001000
280100,4.572577,0.012300,4.577012,0.010328,11351.5,0.001000
280200,4.572556,0.012104,4.576840,0.009964,11353.6,0.001000
280300,4.572591,0.012088,4.577119,0.010052,11355.8,0.001000
280400,4.572535,0.012516,4.577147,0.010156,11357.9,0.001000
280500,4.572475,0.012140,4.577451,0.009816,11360.1,0.001000
280600,4.572792,0.012060,4.577433,0.010036,11362.2,0.001000
280700,4.572746,0.012472,4.577421,0.010284,11364.4,0.001000
280800,4.572850,0.012460,4.577404,0.010508,11366.5,0.001000
280900,4.572519,0.012464,4.577514,0.010064,11368.6,0.001000
281000,4.572701,0.012456,4.577178,0.010548,11370.8,0.001000
281100,4.572690,0.012176,4.577570,0.009972,11372.9,0.001000
281200,4.572487,0.011992,4.577505,0.010196,11375.1,0.001000
281300,4.572328,0.012124,4.577515,0.010288,11377.2,0.001000
281400,4.572543,0.012252,4.577645,0.010216,11379.3,0.001000
281500,4.572186,0.012616,4.577456,0.010424,11381.5,0.001000
281600,4.572480,0.012292,4.577583,0.010028,11383.6,0.001000
281700,4.572527,0.012620,4.577552,0.010212,11385.8,0.001000
281800,4.573021,0.011936,4.577480,0.009888,11387.9,0.001000
281900,4.572631,0.011888,4.577205,0.010068,11390.0,0.001000
282000,4.573070,0.012064,4.577371,0.010224,11392.2,0.001000
282100,4.572290,0.012024,4.577283,0.010320,11394.3,0.001000
282200,4.572658,0.012240,4.577306,0.010184,11396.5,0.001000
282300,4.572559,0.011732,4.577067,0.010012,11398.6,0.001000
282400,4.572940,0.012152,4.577378,0.009988,11400.8,0.001000
282500,4.572846,0.012116,4.576940,0.010220,11402.9,0.001000
282600,4.572679,0.012072,4.577341,0.010020,11405.1,0.001000
282700,4.573012,0.012168,4.577240,0.010280,11407.2,0.001000
282800,4.572670,0.012112,4.577705,0.010220,11409.4,0.001000
282900,4.573072,0.011768,4.576797,0.010224,11411.6,0.001000
283000,4.572740,0.011944,4.576912,0.010028,11413.7,0.001000
283100,4.573423,0.012032,4.576803,0.010472,11415.8,0.001000
283200,4.572765,0.012276,4.577100,0.010224,11418.0,0.001000
283300,4.572724,0.012640,4.577363,0.010108,11420.2,0.001000
283400,4.572628,0.012192,4.577269,0.010292,11422.3,0.001000
283500,4.572432,0.012132,4.577147,0.010212,11424.4,0.001000
283600,4.572735,0.012256,4.577066,0.010384,11426.6,0.001000
283700,4.572881,0.012152,4.577768,0.009928,11428.7,0.001000
283800,4.572844,0.011992,4.577582,0.010136,11430.8,0.001000
283900,4.572753,0.012028,4.576997,0.010304,11432.9,0.001000
284000,4.572985,0.012240,4.577296,0.010156,11435.1,0.001000
284100,4.572774,0.012184,4.577119,0.010152,11437.2,0.001000
284200,4.572606,0.012004,4.577364,0.009912,11439.4,0.001000
284300,4.572542,0.012168,4.577073,0.010256,11441.5,0.001000
284400,4.572648,0.011800,4.577064,0.009940,11443.7,0.001000
284500,4.572814,0.012160,4.577151,0.010172,11445.9,0.001000
284600,4.572874,0.011924,4.577156,0.009928,11448.0,0.001000
284700,4.572916,0.012188,4.576590,0.010104,11450.2,0.001000
284800,4.572701,0.012088,4.576763,0.009968,11452.3,0.001000
284900,4.572986,0.011984,4.576882,0.009844,11454.4,0.001000
285000,4.572596,0.011964,4.577224,0.010044,11456.6,0.001000
285100,4.573150,0.012124,4.576867,0.010300,11458.7,0.001000
285200,4.572802,0.012104,4.577154,0.009900,11460.9,0.001000
285300,4.573090,0.012068,4.577069,0.010392,11463.0,0.001000
285400,4.572907,0.011948,4.576953,0.010136,11465.2,0.001000
285500,4.572979,0.011756,4.577119,0.010160,11467.4,0.001000
285600,4.572612,0.012648,4.577188,0.010052,11469.5,0.001000
285700,4.572597,0.012452,4.577209,0.010116,11471.7,0.001000
285800,4.572465,0.012252,4.576752,0.010380,11473.9,0.001000
285900,4.573112,0.011992,4.577034,0.010280,11476.0,0.001000
286000,4.573225,0.011796,4.577385,0.010016,11478.2,0.001000
286100,4.572484,0.012280,4.577537,0.010040,11480.3,0.001000
286200,4.572455,0.012164,4.577640,0.010392,11482.5,0.001000
286300,4.572721,0.012316,4.577241,0.010168,11484.6,0.001000
286400,4.572851,0.012276,4.576597,0.010428,11486.8,0.001000
286500,4.572551,0.012244,4.577734,0.010300,11488.9,0.001000
286600,4.572371,0.012512,4.577723,0.010056,11491.1,0.001000
286700,4.572447,0.012120,4.577448,0.010064,11493.2,0.001000
286800,4.572565,0.011892,4.577282,0.010320,11495.3,0.001000
286900,4.572705,0.011984,4.576724,0.010496,11497.4,0.001000
287000,4.572796,0.011928,4.577320,0.010524,11499.6,0.001000
287100,4.572660,0.011948,4.577291,0.009872,11501.7,0.001000
287200,4.572888,0.012220,4.577260,0.010284,11503.9,0.001000
287300,4.572593,0.012344,4.577214,0.010224,11506.1,0.001000
287400,4.572960,0.011848,4.576852,0.010452,11508.3,0.001000
287500,4.572875,0.012032,4.577189,0.010192,11510.5,0.001000
287600,4.572666,0.011992,4.576774,0.010508,11512.7,0.001000
287700,4.572991,0.012372,4.576899,0.010580,11514.8,0.001000
287800,4.572400,0.012260,4.576700,0.010268,11516.9,0.001000
287900,4.573494,0.011432,4.577198,0.010328,11519.1,0.001000
288000,4.572614,0.012080,4.576702,0.010992,11521.2,0.001000
288100,4.572538,0.012168,4.577362,0.010724,11523.4,0.001000
288200,4.573186,0.012300,4.577483,0.010276,11525.5,0.001000
288300,4.572838,0.012128,4.577018,0.010308,11527.7,0.001000
288400,4.572899,0.011740,4.576604,0.010260,11530.0,0.001000
288500,4.573007,0.012008,4.577408,0.010456,11532.3,0.001000
288600,4.572670,0.011888,4.577299,0.010352,11534.4,0.001000
288700,4.572537,0.012280,4.577108,0.010480,11536.5,0.001000
288800,4.572832,0.012520,4.577776,0.010020,11538.7,0.001000
288900,4.572683,0.012056,4.577213,0.010324,11540.8,0.001000
289000,4.572731,0.012244,4.576899,0.010216,11543.0,0.001000
289100,4.572693,0.012008,4.576501,0.010328,11545.1,0.001000
289200,4.572683,0.011988,4.577127,0.010276,11547.3,0.001000
289300,4.572599,0.012164,4.577142,0.010200,11549.4,0.001000
289400,4.572893,0.011960,4.577062,0.010072,11551.5,0.001000
289500,4.572699,0.012188,4.576819,0.010160,11553.7,0.001000
289600,4.572734,0.011968,4.577031,0.010188,11555.8,0.001000
289700,4.572576,0.012484,4.576846,0.010044,11558.0,0.001000
289800,4.572639,0.012464,4.577056,0.010208,11560.1,0.001000
289900,4.572958,0.011976,4.577206,0.010000,11562.2,0.001000
290000,4.572754,0.012144,4.577050,0.010100,11564.4,0.001000
290100,4.572515,0.012136,4.577682,0.010176,11566.5,0.001000
290200,4.572391,0.012204,4.577254,0.010084,11568.6,0.001000
290300,4.572605,0.011924,4.577392,0.010076,11570.8,0.001000
290400,4.572153,0.012624,4.577147,0.010516,11572.9,0.001000
290500,4.572560,0.012400,4.577319,0.010348,11575.1,0.001000
290600,4.572847,0.011848,4.576735,0.010092,11577.2,0.001000
290700,4.572260,0.012684,4.577403,0.010156,11579.4,0.001000
290800,4.572793,0.012168,4.577376,0.010332,11581.5,0.001000
290900,4.572759,0.012368,4.576889,0.010220,11583.7,0.001000
291000,4.573020,0.012248,4.576925,0.010472,11585.8,0.001000
291100,4.572634,0.012204,4.577365,0.009964,11587.9,0.001000
291200,4.572563,0.012480,4.577316,0.010556,11590.1,0.001000
291300,4.572650,0.012176,4.577690,0.010128,11592.3,0.001000
291400,4.572297,0.012020,4.577349,0.010496,11594.4,0.001000
291500,4.572910,0.012020,4.577363,0.010200,11596.5,0.001000
291600,4.572570,0.012480,4.577627,0.010044,11598.7,0.001000
291700,4.572604,0.012336,4.577227,0.010024,11600.8,0.001000
291800,4.572867,0.012376,4.576849,0.009952,11602.9,0.001000
291900,4.572423,0.012564,4.577640,0.010236,11605.1,0.001000
292000,4.572497,0.012416,4.577353,0.010104,11607.2,0.001000
292100,4.572439,0.011944,4.577506,0.010056,11609.4,0.001000
292200,4.572941,0.012228,4.577272,0.010260,11611.6,0.001000
292300,4.572688,0.011984,4.577229,0.010408,11613.7,0.001000
292400,4.572390,0.012148,4.577009,0.010032,11616.0,0.001000
292500,4.572900,0.012076,4.577261,0.010172,11618.1,0.001000
292600,4.572977,0.012112,4.577315,0.010080,11620.3,0.001000
292700,4.572404,0.012204,4.577410,0.010148,11622.4,0.001000
292800,4.572805,0.011948,4.577317,0.009984,11624.6,0.001000
292900,4.572864,0.011920,4.576749,0.010420,11626.7,0.001000
293000,4.572635,0.011884,4.577397,0.010848,11628.8,0.001000
293100,4.572855,0.012456,4.577056,0.010684,11631.0,0.001000
293200,4.573185,0.012056,4.576561,0.010672,11633.1,0.001000
293300,4.572465,0.012572,4.577405,0.009988,11635.3,0.001000
293400,4.572954,0.011956,4.577220,0.010076,11637.4,0.001000
293500,4.573142,0.012308,4.577586,0.010560,11639.6,0.001000
293600,4.572720,0.012108,4.577322,0.010400,11641.7,0.001000
293700,4.572407,0.012008,4.576918,0.010112,11643.8,0.001000
293800,4.572857,0.012156,4.577112,0.010136,11646.0,0.001000
293900,4.572561,0.012572,4.577152,0.010144,11648.2,0.001000
294000,4.572198,0.012344,4.576989,0.010172,11650.4,0.001000
294100,4.572961,0.011932,4.577278,0.010068,11652.6,0.001000
294200,4.572529,0.012304,4.577165,0.010352,11654.8,0.001000
294300,4.572777,0.011920,4.577384,0.010336,11657.1,0.001000
294400,4.572857,0.011944,4.577052,0.010224,11659.3,0.001000
294500,4.572563,0.011616,4.577599,0.009960,11661.4,0.001000
294600,4.573491,0.011832,4.577709,0.010008,11663.5,0.001000
294700,4.573501,0.011612,4.577319,0.010208,11665.7,0.001000
294800,4.573110,0.011956,4.577293,0.010060,11667.8,0.001000
294900,4.572806,0.012764,4.576899,0.010288,11669.9,0.001000
295000,4.572785,0.012112,4.577428,0.010364,11672.1,0.001000
295100,4.572824,0.012460,4.576933,0.010808,11674.2,0.001000
295200,4.572972,0.011644,4.577149,0.010700,11676.4,0.001000
295300,4.572627,0.012376,4.577707,0.010416,11678.6,0.001000
295400,4.572596,0.012184,4.577370,0.010028,11680.7,0.001000
295500,4.572510,0.012692,4.577421,0.010260,11682.9,0.001000
295600,4.573005,0.011980,4.577387,0.010212,11685.0,0.001000
295700,4.572946,0.011612,4.576740,0.010308,11687.2,0.001000
295800,4.572752,0.012204,4.577290,0.010096,11689.3,0.001000
295900,4.572724,0.011880,4.576971,0.010036,11691.5,0.001000
296000,4.572927,0.011760,4.577406,0.010436,11693.6,0.001000
296100,4.573210,0.011632,4.577320,0.010448,11695.8,0.001000
296200,4.572762,0.012300,4.577237,0.010280,11698.0,0.001000
296300,4.572701,0.012220,4.576988,0.010444,11700.1,0.001000
296400,4.572683,0.012012,4.576868,0.010184,11702.3,0.001000
296500,4.573133,0.012084,4.577384,0.010128,11704.4,0.001000
296600,4.573012,0.011892,4.577312,0.010080,11706.6,0.001000
296700,4.572859,0.012152,4.576887,0.010368,11708.7,0.001000
296800,4.572935,0.012336,4.577238,0.010420,11710.9,0.001000
296900,4.572727,0.012396,4.577261,0.010240,11713.1,0.001000
297000,4.572764,0.012052,4.576788,0.010220,11715.2,0.001000
297100,4.572704,0.011776,4.577178,0.010036,11717.3,0.001000
297200,4.573115,0.011752,4.576697,0.010396,11719.5,0.001000
297300,4.572530,0.012468,4.577460,0.010252,11721.6,0.001000
297400,4.572406,0.011972,4.577220,0.010292,11723.8,0.001000
297500,4.572563,0.012156,4.577264,0.010304,11725.9,0.001000
297600,4.573103,0.011476,4.577091,0.010200,11728.1,0.001000
297700,4.572592,0.012192,4.577384,0.010316,11730.2,0.001000
297800,4.572256,0.012164,4.577357,0.010096,11732.4,0.001000
297900,4.572955,0.012188,4.577879,0.010240,11734.5,0.001000
298000,4.572383,0.012424,4.577354,0.010100,11736.7,0.001000
298100,4.572420,0.012524,4.577092,0.010252,11738.9,0.001000
298200,4.572787,0.012124,4.577407,0.010468,11741.0,0.001000
298300,4.572741,0.012028,4.577369,0.010108,11743.2,0.001000
298400,4.572416,0.012524,4.577589,0.010280,11745.4,0.001000
298500,4.572743,0.012144,4.577298,0.010448,11747.6,0.001000
298600,4.572818,0.011960,4.577628,0.009860,11749.7,0.001000
298700,4.572672,0.012336,4.577233,0.010312,11751.9,0.001000
298800,4.572594,0.012084,4.577085,0.010112,11754.1,0.001000
298900,4.573123,0.012168,4.577449,0.010120,11756.2,0.001000
299000,4.572535,0.012052,4.577100,0.010308,11758.4,0.001000
299100,4.572554,0.011968,4.577335,0.010212,11760.6,0.001000
299200,4.572502,0.012676,4.576826,0.010292,11762.7,0.001000
299300,4.572797,0.012120,4.577280,0.010020,11764.9,0.001000
299400,4.572957,0.012624,4.577299,0.010364,11767.1,0.001000
299500,4.572571,0.012468,4.577361,0.010260,11769.3,0.001000
299600,4.572760,0.012416,4.577037,0.010244,11771.4,0.001000
299700,4.572524,0.012464,4.577164,0.009820,11773.6,0.001000
299800,4.572453,0.012512,4.577191,0.009860,11775.7,0.001000
299900,4.572636,0.012408,4.577351,0.010444,11777.9,0.001000
